locality,street,rooms,area,price_total_zl,price_sqm_zl,owner_type,date_posted,photo_count,url,image_url
Warszawa Wola,ul. Jana Krysta 5,3,52,918000,17654,bez pośredników,,19,https://adresowo.pl/o/mieszkanie-warszawa-wola-ul-jana-krysta-3-pokojowe-r2b7u0,https://s2.adresowa.pl/oi/2d/14/3eb8ae_41ee_cover@2x-3-pokojowe-mieszkanie-warszawa-wola-ul-jana-krysta.webp
Warszawa Praga-Południe,ul. Liwiecka,3,65,1380000,21231,bez pośredników,,7,https://adresowo.pl/o/mieszkanie-warszawa-praga-poludnie-ul-liwiecka-3-pokojowe-l6z0t5,https://s2.adresowa.pl/oi/16/5d/3f4b8c_d854_cover@2x-3-pokojowe-mieszkanie-warszawa-praga-poludnie-ul-liwiecka.webp
Warszawa Wola,ul. Okopowa,2,46,720000,15652,bez pośredników,,5,https://adresowo.pl/o/mieszkanie-warszawa-wola-ul-okopowa-2-pokojowe-j4t6b8,https://s2.adresowa.pl/oi/76/38/3f4b54_377b_cover@2x-2-pokojowe-mieszkanie-warszawa-wola-ul-okopowa.webp
Warszawa Białołęka,ul. Ruskowy Bród,2,38,zapytaj,,bez pośredników,,+33 podobne oferty,https://adresowo.pl/o/mieszkanie-warszawa-bialoleka-ul-ruskowy-brod-2-pokojowe-z1q9e8,https://s2.adresowa.pl/development/672198/nowe-mieszkania-aroniowa-vita-2fe5_cover.jpg
Warszawa Śródmieście,ul. Złota 44,3,235,23000000,97872,Pośrednik,,10,https://adresowo.pl/o/mieszkanie-warszawa-srodmiescie-ul-zlota-3-pokojowe-f6a6o6,https://s2.adresowa.pl/oi/15/71/3f4b6e_c599_cover@2x-3-pokojowe-mieszkanie-warszawa-srodmiescie-ul-zlota.webp
Warszawa Białołęka,ul. Feliksa Pancera,3,63,881900,13998,Pośrednik,,9,https://adresowo.pl/o/mieszkanie-warszawa-bialoleka-ul-feliksa-pancera-3-pokojowe-w6s7w7,https://s2.adresowa.pl/oi/1c/18/3f4846_8010_cover@2x-3-pokojowe-mieszkanie-warszawa-bialoleka-ul-feliksa-pancera.webp
Warszawa Żoliborz,ul. Dymińska,3,49,1200000,24490,bez pośredników,,15,https://adresowo.pl/o/mieszkanie-warszawa-zoliborz-ul-dyminska-3-pokojowe-o7o8b5,https://s2.adresowa.pl/oi/21/66/3f4b38_cf00_cover@2x-3-pokojowe-mieszkanie-warszawa-zoliborz-ul-dyminska.webp
Warszawa Praga-Południe,ul. Jugosłowiańska,3,67,1455000,21716,bez pośredników,,20,https://adresowo.pl/o/mieszkanie-warszawa-praga-poludnie-ul-jugoslowianska-3-pokojowe-j9r1h8,https://s2.adresowa.pl/oi/4e/4b/3f4b00_423e_cover@2x-3-pokojowe-mieszkanie-warszawa-praga-poludnie-ul-jugoslowianska.webp
Warszawa Praga-Południe,ul. Podskarbińska,2,40,zapytaj,,bez pośredników,,+89 podobnych ofert,https://adresowo.pl/o/mieszkanie-warszawa-praga-poludnie-ul-podskarbinska-2-pokojowe-i4x6s6,https://s2.adresowa.pl/development/671216/nowe-mieszkania-aleje-praskie-951e_cover.jpg
Warszawa Mokotów,ul. Solankowa,2,41,689000,16805,Pośrednik,,8,https://adresowo.pl/o/mieszkanie-warszawa-mokotow-ul-solankowa-2-pokojowe-j7w4t4,https://s2.adresowa.pl/oi/3a/43/3f474a_d9d9_cover@2x-2-pokojowe-mieszkanie-warszawa-mokotow-ul-solankowa.webp
Warszawa Mokotów,ul. Gotarda,2,37,595000,16081,Pośrednik,,13,https://adresowo.pl/o/mieszkanie-warszawa-mokotow-ul-gotarda-2-pokojowe-o0t8i2,https://s2.adresowa.pl/oi/58/10/3f4748_af05_cover@2x-2-pokojowe-mieszkanie-warszawa-mokotow-ul-gotarda.webp
Warszawa Ursynów,ul. Hilarego Koprowskiego,3,80,1680000,21000,bez pośredników,,13,https://adresowo.pl/o/mieszkanie-warszawa-ursynow-ul-hilarego-koprowskiego-3-pokojowe-s8y4w5,https://s2.adresowa.pl/oi/69/10/3f4aca_c5fd_cover@2x-3-pokojowe-mieszkanie-warszawa-ursynow-ul-hilarego-koprowskiego.webp
Warszawa Targówek,ul. Aleksandra Gajkowicza,3,54,890000,16481,bez pośredników,,9,https://adresowo.pl/o/mieszkanie-warszawa-targowek-ul-aleksandra-gajkowicza-3-pokojowe-j0b3r0,https://s2.adresowa.pl/oi/75/6f/3f4ab8_8781_cover@2x-3-pokojowe-mieszkanie-warszawa-targowek-ul-aleksandra-gajkowicza.webp
Warszawa Praga-Północ,ul. Kijowska,2,46,zapytaj,,bez pośredników,,+34 podobne oferty,https://adresowo.pl/o/mieszkanie-warszawa-praga-polnoc-ul-kijowska-2-pokojowe-k0i7o8,https://s2.adresowa.pl/development/673100/nowe-mieszkania-kijowska-vita-ea74_cover.jpg
Warszawa Włochy,ul. Jutrzenki,3,58,920000,15862,Pośrednik,,11,https://adresowo.pl/o/mieszkanie-warszawa-wlochy-ul-jutrzenki-3-pokojowe-c8l8u1,https://s2.adresowa.pl/oi/73/29/3f4742_9db0_cover@2x-3-pokojowe-mieszkanie-warszawa-wlochy-ul-jutrzenki.webp
Warszawa Mokotów,ul. Marsylska,3,56,729000,13018,Pośrednik,,15,https://adresowo.pl/o/mieszkanie-warszawa-mokotow-ul-marsylska-3-pokojowe-d8v7u7,https://s2.adresowa.pl/oi/31/67/3f4738_edb8_cover@2x-3-pokojowe-mieszkanie-warszawa-mokotow-ul-marsylska.webp
Warszawa Śródmieście,ul. Topiel,2,37,820000,22162,bez pośredników,,4,https://adresowo.pl/o/mieszkanie-warszawa-srodmiescie-ul-topiel-2-pokojowe-o9w2x2,https://s2.adresowa.pl/oi/24/79/3f4a70_68cc_cover@2x-2-pokojowe-mieszkanie-warszawa-srodmiescie-ul-topiel.webp
Warszawa Praga-Północ,ul. Wileńska,2,40,649000,16225,bez pośredników,,7,https://adresowo.pl/o/mieszkanie-warszawa-praga-polnoc-ul-wilenska-2-pokojowe-o4f8c2,https://s2.adresowa.pl/oi/65/5c/3f4978_2ab0_cover@2x-2-pokojowe-mieszkanie-warszawa-praga-polnoc-ul-wilenska.webp
Warszawa Rembertów,ul. Stanisława Fiszera,2,37,zapytaj,,bez pośredników,,+4 podobne oferty,https://adresowo.pl/o/mieszkanie-warszawa-rembertow-ul-stanislawa-fiszera-2-pokojowe-i8j9n2,https://s2.adresowa.pl/development/672048/nowe-mieszkania-stacja-rembertow-15f7_cover.jpg
Warszawa Wola,ul. Jana Kazimierza,2,44,970640,22060,Pośrednik,,19,https://adresowo.pl/o/mieszkanie-warszawa-wola-ul-jana-kazimierza-2-pokojowe-q0u4i1,https://s2.adresowa.pl/oi/6d/4f/3f4716_ae0e_cover@2x-2-pokojowe-mieszkanie-warszawa-wola-ul-jana-kazimierza.webp
Warszawa Targówek,ul. Rembielińska 5,2,42,499000,11881,Pośrednik,,15,https://adresowo.pl/o/mieszkanie-warszawa-targowek-ul-rembielinska-2-pokojowe-a7q4s2,https://s2.adresowa.pl/oi/3d/43/3f45a2_78f6_cover@2x-2-pokojowe-mieszkanie-warszawa-targowek-ul-rembielinska.webp
Warszawa Ursus,ul. Walerego Sławka,3,45,599000,13311,bez pośredników,,11,https://adresowo.pl/o/mieszkanie-warszawa-ursus-ul-walerego-slawka-3-pokojowe-b8d2y4,https://s2.adresowa.pl/oi/26/21/3f4886_5849_cover@2x-3-pokojowe-mieszkanie-warszawa-ursus-ul-walerego-slawka.webp
Warszawa Skorosze,ul. Obrońców Helu 2,3,48,890000,18542,bez pośredników,,13,https://adresowo.pl/o/mieszkanie-warszawa-skorosze-ul-obroncow-helu-3-pokojowe-o8g1p1,https://s2.adresowa.pl/oi/6f/4e/3f4870_b933_cover@2x-3-pokojowe-mieszkanie-warszawa-skorosze-ul-obroncow-helu.webp
Warszawa Chrzanów,ul. Szeligowska,2,35,zapytaj,,bez pośredników,,+101 podobnych ofert,https://adresowo.pl/o/mieszkanie-warszawa-chrzanow-ul-szeligowska-2-pokojowe-g5i1t9,https://s2.adresowa.pl/development/671220/nowe-mieszkania-bemowo-vita-c525_cover.jpg
Warszawa Wilanów,ul. Adama Branickiego,2,49,1249000,25490,Pośrednik,,15,https://adresowo.pl/o/mieszkanie-warszawa-wilanow-ul-adama-branickiego-2-pokojowe-u7e1b0,https://s2.adresowa.pl/oi/44/4a/3f4516_dec2_cover@2x-2-pokojowe-mieszkanie-warszawa-wilanow-ul-adama-branickiego.webp
Warszawa Wola,ul. Śliska,1,27,599000,22185,Pośrednik,,8,https://adresowo.pl/o/mieszkanie-warszawa-wola-ul-sliska-1-pokoj-g4d1b4,https://s2.adresowa.pl/oi/3b/72/3f450c_3fab_cover@2x-1-pokojowe-mieszkanie-warszawa-wola-ul-sliska.webp
Warszawa Śródmieście,ul. Nowy Świat,3,94,2250000,23936,bez pośredników,,16,https://adresowo.pl/o/mieszkanie-warszawa-srodmiescie-ul-nowy-swiat-3-pokojowe-w9v4m6,https://s2.adresowa.pl/oi/56/54/3f46d8_4366_cover@2x-3-pokojowe-mieszkanie-warszawa-srodmiescie-ul-nowy-swiat.webp
Warszawa Zawady,ul. Bruzdowa,3,60,1220000,20333,bez pośredników,,3,https://adresowo.pl/o/mieszkanie-warszawa-zawady-ul-bruzdowa-3-pokojowe-a9n2h3,https://s2.adresowa.pl/oi/4a/36/3f4600_4955_cover@2x-3-pokojowe-mieszkanie-warszawa-zawady-ul-bruzdowa.webp
Warszawa Bemowo,ul. Podgrodzie,2,53,zapytaj,,bez pośredników,,+31 podobnych ofert,https://adresowo.pl/o/mieszkanie-warszawa-bemowo-ul-podgrodzie-2-pokojowe-b8d6m2,https://s2.adresowa.pl/development/671978/nowe-mieszkania-viva-cite-1628_cover.jpg
Warszawa Śródmieście,ul. Mariensztat,2,63,1670000,26508,Pośrednik,,8,https://adresowo.pl/o/mieszkanie-warszawa-srodmiescie-ul-mariensztat-2-pokojowe-h0s5n6,https://s2.adresowa.pl/oi/45/61/3f4504_4a3d_cover@2x-2-pokojowe-mieszkanie-warszawa-srodmiescie-ul-mariensztat.webp
Warszawa Targówek,ul. Nieszawska 5,3,53,675000,12736,Pośrednik,,9,https://adresowo.pl/o/mieszkanie-warszawa-targowek-ul-nieszawska-3-pokojowe-d5y2t0,https://s2.adresowa.pl/oi/12/6a/3f44ca_7db6_cover@2x-3-pokojowe-mieszkanie-warszawa-targowek-ul-nieszawska.webp
Warszawa Mokotów,ul. Racławicka,1,39,779000,19974,bez pośredników,,13,https://adresowo.pl/o/mieszkanie-warszawa-mokotow-ul-raclawicka-1-pokoj-q9z5f1,https://s2.adresowa.pl/oi/73/63/3f43dc_8c07_cover@2x-1-pokojowe-mieszkanie-warszawa-mokotow-ul-raclawicka.webp
Warszawa,Bielany,1,24,400000,16667,bez pośredników,,3,https://adresowo.pl/o/mieszkanie-warszawa-bielany-1-pokoj-24-m2-t1a6r5,https://s2.adresowa.pl/oi/49/2d/3f45de_bc87_cover@2x-1-pokojowe-mieszkanie-warszawa-bielany.webp
Warszawa Włochy,al. Krakowska,2,42,zapytaj,,bez pośredników,,+18 podobnych ofert,https://adresowo.pl/o/mieszkanie-warszawa-wlochy-al-krakowska-2-pokojowe-l0x9u2,https://s2.adresowa.pl/development/671222/nowe-mieszkania-krakowska-vita-7624_cover.jpg
Warszawa Praga-Północ,ul. Kępna,9,231,3690000,15974,Pośrednik,,12,https://adresowo.pl/o/mieszkanie-warszawa-praga-polnoc-ul-kepna-9-pokojowe-s2v6e4,https://s2.adresowa.pl/oi/16/68/3f44c8_50ed_cover@2x-9-pokojowe-mieszkanie-warszawa-praga-polnoc-ul-kepna.webp
Warszawa Targówek,ul. Zamkowa,3,55,935000,17000,Pośrednik,,19,https://adresowo.pl/o/mieszkanie-warszawa-targowek-ul-zamkowa-3-pokojowe-r2r0m2,https://s2.adresowa.pl/oi/4e/1e/3f446c_cfb5_cover@2x-3-pokojowe-mieszkanie-warszawa-targowek-ul-zamkowa.webp
Warszawa Praga-Południe,ul. Cichociemnych,3,75,1100000,14667,bez pośredników,,1,https://adresowo.pl/o/mieszkanie-warszawa-praga-poludnie-ul-cichociemnych-3-pokojowe-t3l8s4,https://s2.adresowa.pl/oi/40/22/3f45c6_7580_cover@2x-3-pokojowe-mieszkanie-warszawa-praga-poludnie-ul-cichociemnych.webp
Warszawa Białołęka,ul. Głębocka,2,38,zapytaj,,bez pośredników,,+42 podobne oferty,https://adresowo.pl/o/mieszkanie-warszawa-bialoleka-ul-glebocka-2-pokojowe-y8c8s4,https://s2.adresowa.pl/development/673554/nowe-mieszkania-glebocka-vita-d2cc_cover.jpg
Warszawa Ochota,al. Niepodległości 245,4,112,2149900,19196,Pośrednik,,13,https://adresowo.pl/o/mieszkanie-warszawa-ochota-al-niepodleglosci-4-pokojowe-i9h2p9,https://s2.adresowa.pl/oi/74/4b/3f438c_3970_cover@2x-4-pokojowe-mieszkanie-warszawa-ochota-al-niepodleglosci.webp
Warszawa Białołęka,ul. Kiersnowskiego,5,103,1249000,12126,Pośrednik,,19,https://adresowo.pl/o/mieszkanie-warszawa-bialoleka-ul-kiersnowskiego-5-pokojowe-n2o1b8,https://s2.adresowa.pl/oi/79/24/3f4104_2de9_cover@2x-5-pokojowe-mieszkanie-warszawa-bialoleka-ul-kiersnowskiego.webp
Warszawa Mokotów,ul. Cybernetyki 3C,2,54,1019900,18887,bez pośredników,,22,https://adresowo.pl/o/mieszkanie-warszawa-mokotow-ul-cybernetyki-2-pokojowe-a4t4c2,https://s2.adresowa.pl/oi/69/33/3ef910_5a08_cover@2x-2-pokojowe-mieszkanie-warszawa-mokotow-ul-cybernetyki.webp
Warszawa Praga-Południe,ul. Jana Nowaka-Jeziorańskiego,2,53,1105000,20849,bez pośredników,,7,https://adresowo.pl/o/mieszkanie-warszawa-praga-poludnie-ul-jana-nowaka-jezioranskiego-2-pokojowe-e8h4e8,https://s2.adresowa.pl/oi/75/52/3f456c_b59c_cover@2x-2-pokojowe-mieszkanie-warszawa-praga-poludnie-ul-jana-nowaka-jezioranskiego.webp
Warszawa Białołęka,ul. Leona Berensona,3,50,608829,12177,bez pośredników,,3,https://adresowo.pl/o/mieszkanie-warszawa-bialoleka-ul-leona-berensona-3-pokojowe-k0j3a0,https://s2.adresowa.pl/oi/77/2f/3f456a_f120_cover@2x-3-pokojowe-mieszkanie-warszawa-bialoleka-ul-leona-berensona.webp
Warszawa Bemowo,ul. Szeligowska,2,37,zapytaj,,bez pośredników,,+59 podobnych ofert,https://adresowo.pl/o/mieszkanie-warszawa-bemowo-ul-szeligowska-2-pokojowe-q9l9d6,https://s2.adresowa.pl/development/671976/nowe-mieszkania-m-bemowo-77b6_cover.jpg
Warszawa Praga-Północ,ul. Jagiellońska 50,1,23,459000,19957,Pośrednik,,12,https://adresowo.pl/o/mieszkanie-warszawa-praga-polnoc-ul-jagiellonska-1-pokoj-c9s7t0,https://s2.adresowa.pl/oi/51/44/3f40fe_a2fb_cover@2x-1-pokojowe-mieszkanie-warszawa-praga-polnoc-ul-jagiellonska.webp
Warszawa Włochy,ul. Jutrzenki 182,5,99,1649000,16657,Pośrednik,,20,https://adresowo.pl/o/mieszkanie-warszawa-wlochy-ul-jutrzenki-5-pokojowe-a5y5c1,https://s2.adresowa.pl/oi/30/76/3f402c_5eed_cover@2x-5-pokojowe-mieszkanie-warszawa-wlochy-ul-jutrzenki.webp
Warszawa Sadyba,ul. Korczyńska,2,32,769000,24031,bez pośredników,,19,https://adresowo.pl/o/mieszkanie-warszawa-sadyba-ul-korczynska-2-pokojowe-s6w9c6,https://s2.adresowa.pl/oi/4e/11/3f454c_42fa_cover@2x-2-pokojowe-mieszkanie-warszawa-sadyba-ul-korczynska.webp
Warszawa Ursus,ul. Przy Forcie,4,80,1450000,18125,bez pośredników,,20,https://adresowo.pl/o/mieszkanie-warszawa-ursus-ul-przy-forcie-4-pokojowe-w5r3a0,https://s2.adresowa.pl/oi/20/50/3f4548_88b3_cover@2x-4-pokojowe-mieszkanie-warszawa-ursus-ul-przy-forcie.webp
Warszawa Bemowo,ul. Sochaczewska,2,40,zapytaj,,bez pośredników,,+80 podobnych ofert,https://adresowo.pl/o/mieszkanie-warszawa-bemowo-ul-sochaczewska-2-pokojowe-n0u4g2,https://s2.adresowa.pl/development/672892/nowe-mieszkania-sochaczewska-vita-c27d_cover.jpg
Warszawa Wilanów,ul. Sarmacka,2,62,990000,15968,Pośrednik,,20,https://adresowo.pl/o/mieszkanie-warszawa-wilanow-ul-sarmacka-2-pokojowe-d9x4a5,https://s2.adresowa.pl/oi/61/72/3f4004_bb94_cover@2x-2-pokojowe-mieszkanie-warszawa-wilanow-ul-sarmacka.webp
Warszawa Praga-Południe,ul. Opinogórska,2,39,750000,19231,Pośrednik,,13,https://adresowo.pl/o/mieszkanie-warszawa-praga-poludnie-ul-opinogorska-2-pokojowe-f0d8k8,https://s2.adresowa.pl/oi/76/75/3f4000_492d_cover@2x-2-pokojowe-mieszkanie-warszawa-praga-poludnie-ul-opinogorska.webp
Warszawa,Żoliborz,5,135,3220000,23852,bez pośredników,,20,https://adresowo.pl/o/mieszkanie-warszawa-zoliborz-5-pokojowe-135-m2-h6e9w6,https://s2.adresowa.pl/oi/66/43/3f451c_3486_cover@2x-5-pokojowe-mieszkanie-warszawa-zoliborz.webp
Warszawa Służewiec,ul. Postępu,4,88,1760000,20000,bez pośredników,,20,https://adresowo.pl/o/mieszkanie-warszawa-sluzewiec-ul-postepu-4-pokojowe-c0e5l3,https://s2.adresowa.pl/oi/69/6c/3f44d0_f3e6_cover@2x-4-pokojowe-mieszkanie-warszawa-sluzewiec-ul-postepu.webp
Warszawa Włochy,ul. Trzcinowa,2,38,zapytaj,,bez pośredników,,+36 podobnych ofert,https://adresowo.pl/o/mieszkanie-warszawa-wlochy-ul-trzcinowa-2-pokojowe-c5l9f6,https://s2.adresowa.pl/development/671574/nowe-mieszkania-trzcinowa-vita-1475_cover.jpg
Warszawa Wilanów,ul. abp. Józefa Teodorowicza,3,86,3050000,35465,Pośrednik,,17,https://adresowo.pl/o/mieszkanie-warszawa-wilanow-ul-abp-jozefa-teodorowicza-3-pokojowe-k9j4j3,https://s2.adresowa.pl/oi/76/1a/3f3ffe_be98_cover@2x-3-pokojowe-mieszkanie-warszawa-wilanow-ul-abp-jozefa-teodorowicza.webp
Warszawa Praga-Północ,pl. gen. Józefa Hallera 5,1,20,460000,23000,Pośrednik,,14,https://adresowo.pl/o/mieszkanie-warszawa-praga-polnoc-pl-gen-jozefa-hallera-1-pokoj-o3v2v1,https://s2.adresowa.pl/oi/6b/70/3f3fee_bf0e_cover@2x-1-pokojowe-mieszkanie-warszawa-praga-polnoc-pl-gen-jozefa-hallera.webp
Warszawa Mokotów,ul. Bokserska,2,50,998750,19975,bez pośredników,,15,https://adresowo.pl/o/mieszkanie-warszawa-mokotow-ul-bokserska-2-pokojowe-f2h7p5,https://s2.adresowa.pl/oi/28/22/3f43a0_2e80_cover@2x-2-pokojowe-mieszkanie-warszawa-mokotow-ul-bokserska.webp
Warszawa Białołęka,ul. Gioacchino Rossiniego,2,39,599000,15359,bez pośredników,,18,https://adresowo.pl/o/mieszkanie-warszawa-bialoleka-ul-gioacchino-rossiniego-2-pokojowe-q7o6l5,https://s2.adresowa.pl/oi/2f/20/3f436c_3934_cover@2x-2-pokojowe-mieszkanie-warszawa-bialoleka-ul-gioacchino-rossiniego.webp
Warszawa Skorosze,ul. Świętej Rodziny,2,46,zapytaj,,bez pośredników,,+86 podobnych ofert,https://adresowo.pl/o/mieszkanie-warszawa-skorosze-ul-swietej-rodziny-2-pokojowe-a4g3z6,https://s2.adresowa.pl/development/673804/nowe-mieszkania-skorosze-vita-58e8_cover.jpg
Warszawa Wola,ul. Płocka,3,52,799999,15385,Pośrednik,,7,https://adresowo.pl/o/mieszkanie-warszawa-wola-ul-plocka-3-pokojowe-y0u8k6,https://s2.adresowa.pl/oi/62/73/3f3fe4_a0ba_cover@2x-3-pokojowe-mieszkanie-warszawa-wola-ul-plocka.webp
Warszawa Mokotów,ul. Powsińska,3,57,925000,16228,Pośrednik,,7,https://adresowo.pl/o/mieszkanie-warszawa-mokotow-ul-powsinska-3-pokojowe-e5x9f5,https://s2.adresowa.pl/oi/62/76/3f3ed2_ac6e_cover@2x-3-pokojowe-mieszkanie-warszawa-mokotow-ul-powsinska.webp
Warszawa Ochota,ul. Białobrzeska 62/64,2,34,745000,21912,bez pośredników,,19,https://adresowo.pl/o/mieszkanie-warszawa-ochota-ul-bialobrzeska-2-pokojowe-f2y2g5,https://s2.adresowa.pl/oi/3b/4b/3f4262_d164_cover@2x-2-pokojowe-mieszkanie-warszawa-ochota-ul-bialobrzeska.webp
Warszawa Białołęka,ul. Aluzyjna,2,56,830000,14821,bez pośredników,,8,https://adresowo.pl/o/mieszkanie-warszawa-bialoleka-ul-aluzyjna-2-pokojowe-j9e1r1,https://s2.adresowa.pl/oi/17/75/3f4260_b6a0_cover@2x-2-pokojowe-mieszkanie-warszawa-bialoleka-ul-aluzyjna.webp
Warszawa Białołęka,ul. Głębocka,3,63,zapytaj,,bez pośredników,,+23 podobne oferty,https://adresowo.pl/o/mieszkanie-warszawa-bialoleka-ul-glebocka-3-pokojowe-n9e9q3,https://s2.adresowa.pl/development/673554/nowe-mieszkania-glebocka-vita-d2cc_cover.jpg
Warszawa Wesoła,ul. Mazowiecka,3,57,795000,13947,Pośrednik,,8,https://adresowo.pl/o/mieszkanie-warszawa-wesola-ul-mazowiecka-3-pokojowe-x3u5h4,https://s2.adresowa.pl/oi/26/4a/3f3e66_ba68_cover@2x-3-pokojowe-mieszkanie-warszawa-wesola-ul-mazowiecka.webp
Warszawa,Bielany,2,38,550000,14474,Pośrednik,,18,https://adresowo.pl/o/mieszkanie-warszawa-bielany-2-pokojowe-38-m2-o4a7g8,https://s2.adresowa.pl/oi/4b/5b/3f3dce_2aa7_cover@2x-2-pokojowe-mieszkanie-warszawa-bielany.webp
Warszawa Ursus,ul. Dzieci Warszawy,3,42,569000,13548,bez pośredników,,8,https://adresowo.pl/o/mieszkanie-warszawa-ursus-ul-dzieci-warszawy-3-pokojowe-a9e4r2,https://s2.adresowa.pl/oi/14/16/3f425c_3220_cover@2x-3-pokojowe-mieszkanie-warszawa-ursus-ul-dzieci-warszawy.webp
Warszawa Białołęka,ul. Skarbka z Gór,2,46,775000,16848,bez pośredników,,11,https://adresowo.pl/o/mieszkanie-warszawa-bialoleka-ul-skarbka-z-gor-2-pokojowe-w0h6w5,https://s2.adresowa.pl/oi/7f/50/3f41b2_2f42_cover@2x-2-pokojowe-mieszkanie-warszawa-bialoleka-ul-skarbka-z-gor.webp
Warszawa Włochy,al. Krakowska,3,58,zapytaj,,bez pośredników,,+21 podobnych ofert,https://adresowo.pl/o/mieszkanie-warszawa-wlochy-al-krakowska-3-pokojowe-r8v5w3,https://s2.adresowa.pl/development/671222/nowe-mieszkania-krakowska-vita-7624_cover.jpg
Warszawa Wilanów,ul. Sarmacka,3,93,2285850,24579,Pośrednik,,16,https://adresowo.pl/o/mieszkanie-warszawa-wilanow-ul-sarmacka-3-pokojowe-h2p9n5,https://s2.adresowa.pl/oi/28/25/3f3dc4_640b_cover@2x-3-pokojowe-mieszkanie-warszawa-wilanow-ul-sarmacka.webp
Warszawa Białołęka,ul. Geodezyjna,2,53,724000,13660,Pośrednik,,11,https://adresowo.pl/o/mieszkanie-warszawa-bialoleka-ul-geodezyjna-2-pokojowe-e7t1m0,https://s2.adresowa.pl/oi/4e/58/3f3dba_fd90_cover@2x-2-pokojowe-mieszkanie-warszawa-bialoleka-ul-geodezyjna.webp
Warszawa Mokotów,ul. Jana Pawła Woronicza,3,74,1460000,19730,bez pośredników,,20,https://adresowo.pl/o/mieszkanie-warszawa-mokotow-ul-jana-pawla-woronicza-3-pokojowe-m5d7s2,https://s2.adresowa.pl/oi/69/62/3f4154_cf23_cover@2x-3-pokojowe-mieszkanie-warszawa-mokotow-ul-jana-pawla-woronicza.webp
Warszawa Wola,ul. Skierniewicka,4,65,1149000,17677,bez pośredników,,13,https://adresowo.pl/o/mieszkanie-warszawa-wola-ul-skierniewicka-4-pokojowe-l5w3u6,https://s2.adresowa.pl/oi/69/44/3f40dc_f1e0_cover@2x-4-pokojowe-mieszkanie-warszawa-wola-ul-skierniewicka.webp
Warszawa Praga-Południe,ul. Podskarbińska,3,66,zapytaj,,bez pośredników,,+64 podobne oferty,https://adresowo.pl/o/mieszkanie-warszawa-praga-poludnie-ul-podskarbinska-3-pokojowe-h4y6x7,https://s2.adresowa.pl/development/671216/nowe-mieszkania-aleje-praskie-951e_cover.jpg
Warszawa Śródmieście,ul. Bracka,2,40,1080000,27000,Pośrednik,,8,https://adresowo.pl/o/mieszkanie-warszawa-srodmiescie-ul-bracka-2-pokojowe-p8p0c2,https://s2.adresowa.pl/oi/19/10/3f3db4_446d_cover@2x-2-pokojowe-mieszkanie-warszawa-srodmiescie-ul-bracka.webp
Warszawa Marysin Wawerski,ul. Korkowa 33,1,26,480000,18462,Pośrednik,,15,https://adresowo.pl/o/mieszkanie-warszawa-marysin-wawerski-ul-korkowa-1-pokoj-a2t9d0,https://s2.adresowa.pl/oi/77/40/3f3b54_e0ab_cover@2x-1-pokojowe-mieszkanie-warszawa-marysin-wawerski-ul-korkowa.webp
Warszawa Ursus,ul. Aleksandra Prystora,2,39,650000,16667,bez pośredników,,9,https://adresowo.pl/o/mieszkanie-warszawa-ursus-ul-aleksandra-prystora-2-pokojowe-k7c8g6,https://s2.adresowa.pl/oi/2b/3b/3f40be_c586_cover@2x-2-pokojowe-mieszkanie-warszawa-ursus-ul-aleksandra-prystora.webp
Warszawa Targówek,ul. Rembielińska 4,2,38,590000,15526,bez pośredników,,28,https://adresowo.pl/o/mieszkanie-warszawa-targowek-ul-rembielinska-2-pokojowe-a2w5c5,https://s2.adresowa.pl/oi/4b/57/3f405a_b8fd_cover@2x-2-pokojowe-mieszkanie-warszawa-targowek-ul-rembielinska.webp
Warszawa Włochy,ul. Trzcinowa,3,70,zapytaj,,bez pośredników,,+58 podobnych ofert,https://adresowo.pl/o/mieszkanie-warszawa-wlochy-ul-trzcinowa-3-pokojowe-g8v0m7,https://s2.adresowa.pl/development/671574/nowe-mieszkania-trzcinowa-vita-1475_cover.jpg
Warszawa Włochy,ul. Komitetu Obrony Robotników,1,29,530000,18276,Pośrednik,,10,https://adresowo.pl/o/mieszkanie-warszawa-wlochy-ul-komitetu-obrony-robotnikow-1-pokoj-f6x8o9,https://s2.adresowa.pl/oi/47/36/3f3b3a_63d7_cover@2x-1-pokojowe-mieszkanie-warszawa-wlochy-ul-komitetu-obrony-robotnikow.webp
Warszawa Białołęka,ul. Leona Berensona,3,52,720000,13846,Pośrednik,,3,https://adresowo.pl/o/mieszkanie-warszawa-bialoleka-ul-leona-berensona-3-pokojowe-j6v0n7,https://s2.adresowa.pl/oi/77/21/3f3996_b423_cover@2x-3-pokojowe-mieszkanie-warszawa-bialoleka-ul-leona-berensona.webp
Warszawa Ursynów,ul. Edwarda Dembowskiego,2,30,599000,19967,bez pośredników,,9,https://adresowo.pl/o/mieszkanie-warszawa-ursynow-ul-edwarda-dembowskiego-2-pokojowe-h8h7v3,https://s2.adresowa.pl/oi/7c/73/3f4072_d922_cover@2x-2-pokojowe-mieszkanie-warszawa-ursynow-ul-edwarda-dembowskiego.webp
Warszawa Mokotów,ul. Fryderyka Joliot-Curie 17,2,51,833582,16345,bez pośredników,,6,https://adresowo.pl/o/mieszkanie-warszawa-mokotow-ul-fryderyka-joliot-curie-2-pokojowe-m8h1q8,https://s2.adresowa.pl/oi/65/36/3f4048_3065_cover@2x-2-pokojowe-mieszkanie-warszawa-mokotow-ul-fryderyka-joliot-curie.webp
Warszawa Rembertów,ul. Stanisława Fiszera,3,66,zapytaj,,bez pośredników,,+6 podobnych ofert,https://adresowo.pl/o/mieszkanie-warszawa-rembertow-ul-stanislawa-fiszera-3-pokojowe-p1i7z2,https://s2.adresowa.pl/development/672048/nowe-mieszkania-stacja-rembertow-15f7_cover.jpg
Warszawa Ochota,ul. Włodarzewska,2,33,748000,22667,Pośrednik,,15,https://adresowo.pl/o/mieszkanie-warszawa-ochota-ul-wlodarzewska-2-pokojowe-u4s1u0,https://s2.adresowa.pl/oi/3f/77/3f3992_9528_cover@2x-2-pokojowe-mieszkanie-warszawa-ochota-ul-wlodarzewska.webp
Warszawa Mokotów,ul. Bokserska 54,3,63,1399000,22206,Pośrednik,,19,https://adresowo.pl/o/mieszkanie-warszawa-mokotow-ul-bokserska-3-pokojowe-l6h1t7,https://s2.adresowa.pl/oi/3d/2e/3f397c_d8b9_cover@2x-3-pokojowe-mieszkanie-warszawa-mokotow-ul-bokserska.webp
Warszawa Bemowo,ul. Kopalniana,2,50,920000,18400,bez pośredników,,12,https://adresowo.pl/o/mieszkanie-warszawa-bemowo-ul-kopalniana-2-pokojowe-e2u2g0,https://s2.adresowa.pl/oi/54/4e/3f3fa6_a000_cover@2x-2-pokojowe-mieszkanie-warszawa-bemowo-ul-kopalniana.webp
Warszawa Śródmieście,ul. Górnośląska,2,36,869000,24139,bez pośredników,,14,https://adresowo.pl/o/mieszkanie-warszawa-srodmiescie-ul-gornoslaska-2-pokojowe-m0p6k5,https://s2.adresowa.pl/oi/23/51/3f3f16_34a4_cover@2x-2-pokojowe-mieszkanie-warszawa-srodmiescie-ul-gornoslaska.webp
Warszawa Praga-Północ,ul. Kijowska,3,71,zapytaj,,bez pośredników,,+20 podobnych ofert,https://adresowo.pl/o/mieszkanie-warszawa-praga-polnoc-ul-kijowska-3-pokojowe-m8q2v1,https://s2.adresowa.pl/development/673100/nowe-mieszkania-kijowska-vita-ea74_cover.jpg
Warszawa Bemowo,ul. Secemińska,3,60,850000,14167,Pośrednik,,8,https://adresowo.pl/o/mieszkanie-warszawa-bemowo-ul-seceminska-3-pokojowe-f5a9m1,https://s2.adresowa.pl/oi/42/44/3f3964_3ec4_cover@2x-3-pokojowe-mieszkanie-warszawa-bemowo-ul-seceminska.webp
Warszawa Bielany,ul. Williama Szekspira,1,27,449000,16630,Pośrednik,,6,https://adresowo.pl/o/mieszkanie-warszawa-bielany-ul-williama-szekspira-1-pokoj-p6m4t0,https://s2.adresowa.pl/oi/70/53/3f3962_b178_cover@2x-1-pokojowe-mieszkanie-warszawa-bielany-ul-williama-szekspira.webp
Warszawa Wola,ul. Syreny,2,38,980000,25789,bez pośredników,,11,https://adresowo.pl/o/mieszkanie-warszawa-wola-ul-syreny-2-pokojowe-u2q7y5,https://s2.adresowa.pl/oi/2b/74/3f3dc8_f161_cover@2x-2-pokojowe-mieszkanie-warszawa-wola-ul-syreny.webp
Warszawa Gocław,ul. Cichociemnych,2,40,720000,18000,bez pośredników,,13,https://adresowo.pl/o/mieszkanie-warszawa-goclaw-ul-cichociemnych-2-pokojowe-b2o9o2,https://s2.adresowa.pl/oi/2f/6d/3f3cb0_4937_cover@2x-2-pokojowe-mieszkanie-warszawa-goclaw-ul-cichociemnych.webp
Warszawa Bemowo,ul. Sochaczewska,3,57,zapytaj,,bez pośredników,,+30 podobnych ofert,https://adresowo.pl/o/mieszkanie-warszawa-bemowo-ul-sochaczewska-3-pokojowe-u8k4c0,https://s2.adresowa.pl/development/672892/nowe-mieszkania-sochaczewska-vita-c27d_cover.jpg
Warszawa Bemowo,ul. Szeligowska,3,62,1055000,17016,Pośrednik,,17,https://adresowo.pl/o/mieszkanie-warszawa-bemowo-ul-szeligowska-3-pokojowe-r3s1y0,https://s2.adresowa.pl/oi/22/7d/3f395e_61e3_cover@2x-3-pokojowe-mieszkanie-warszawa-bemowo-ul-szeligowska.webp
Warszawa Mokotów,ul. Bluszczańska,3,82,1730000,21098,Pośrednik,,6,https://adresowo.pl/o/mieszkanie-warszawa-mokotow-ul-bluszczanska-3-pokojowe-a2s4o2,https://s2.adresowa.pl/oi/3b/78/3f38ae_68c6_cover@2x-3-pokojowe-mieszkanie-warszawa-mokotow-ul-bluszczanska.webp
Warszawa Ochota,ul. Racławicka,2,37,650000,17568,bez pośredników,,10,https://adresowo.pl/o/mieszkanie-warszawa-ochota-ul-raclawicka-2-pokojowe-a8g3c5,https://s2.adresowa.pl/oi/36/5e/3f3c7e_6fd4_cover@2x-2-pokojowe-mieszkanie-warszawa-ochota-ul-raclawicka.webp
Warszawa Praga-Południe,ul. Świętosławska,2,43,825000,19186,bez pośredników,,11,https://adresowo.pl/o/mieszkanie-warszawa-praga-poludnie-ul-swietoslawska-2-pokojowe-c9r6q2,https://s2.adresowa.pl/oi/69/58/3f3c12_4e05_cover@2x-2-pokojowe-mieszkanie-warszawa-praga-poludnie-ul-swietoslawska.webp
Warszawa Białołęka,ul. Ruskowy Bród,3,63,zapytaj,,bez pośredników,,+19 podobnych ofert,https://adresowo.pl/o/mieszkanie-warszawa-bialoleka-ul-ruskowy-brod-3-pokojowe-v0g5d2,https://s2.adresowa.pl/development/672198/nowe-mieszkania-aroniowa-vita-2fe5_cover.jpg
Warszawa Bemowo,ul. Wrocławska,2,45,798000,17733,Pośrednik,,12,https://adresowo.pl/o/mieszkanie-warszawa-bemowo-ul-wroclawska-2-pokojowe-y9o0q4,https://s2.adresowa.pl/oi/11/77/3f37e2_56ec_cover@2x-2-pokojowe-mieszkanie-warszawa-bemowo-ul-wroclawska.webp
Warszawa Białołęka,ul. Krokwi,3,57,889000,15596,Pośrednik,,13,https://adresowo.pl/o/mieszkanie-warszawa-bialoleka-ul-krokwi-3-pokojowe-p0g0l6,https://s2.adresowa.pl/oi/20/60/3f376e_9169_cover@2x-3-pokojowe-mieszkanie-warszawa-bialoleka-ul-krokwi.webp
Warszawa Ursynów,ul. Związku Walki Młodych,3,62,915000,14758,bez pośredników,,12,https://adresowo.pl/o/mieszkanie-warszawa-ursynow-ul-zwiazku-walki-mlodych-3-pokojowe-c8f5y4,https://s2.adresowa.pl/oi/2f/3d/3f3be4_2d15_cover@2x-3-pokojowe-mieszkanie-warszawa-ursynow-ul-zwiazku-walki-mlodych.webp
Warszawa Bielany,ul. Skalbmierska,2,38,749000,19711,bez pośredników,,9,https://adresowo.pl/o/mieszkanie-warszawa-bielany-ul-skalbmierska-2-pokojowe-e3a7c3,https://s2.adresowa.pl/oi/41/68/3f3bcc_bce7_cover@2x-2-pokojowe-mieszkanie-warszawa-bielany-ul-skalbmierska.webp
Warszawa Bemowo,ul. Podgrodzie,3,64,zapytaj,,bez pośredników,,+22 podobne oferty,https://adresowo.pl/o/mieszkanie-warszawa-bemowo-ul-podgrodzie-3-pokojowe-a5j9a7,https://s2.adresowa.pl/development/671978/nowe-mieszkania-viva-cite-1628_cover.jpg
Warszawa Wilanów,al. Rzeczypospolitej,1,28,549000,19607,Pośrednik,,17,https://adresowo.pl/o/mieszkanie-warszawa-wilanow-al-rzeczypospolitej-1-pokoj-h4t0g9,https://s2.adresowa.pl/oi/21/73/3f3754_6158_cover@2x-1-pokojowe-mieszkanie-warszawa-wilanow-al-rzeczypospolitej.webp
Warszawa Śródmieście,ul. Grzybowska 6,2,38,700000,18421,Pośrednik,,17,https://adresowo.pl/o/mieszkanie-warszawa-srodmiescie-ul-grzybowska-2-pokojowe-z9u8u9,https://s2.adresowa.pl/oi/6e/4c/3f3430_82a4_cover@2x-2-pokojowe-mieszkanie-warszawa-srodmiescie-ul-grzybowska.webp
Warszawa Ochota,ul. Księcia Trojdena,2,38,640000,16842,bez pośredników,,13,https://adresowo.pl/o/mieszkanie-warszawa-ochota-ul-ksiecia-trojdena-2-pokojowe-r2f8b8,https://s2.adresowa.pl/oi/6e/7e/3f3b9a_96b1_cover@2x-2-pokojowe-mieszkanie-warszawa-ochota-ul-ksiecia-trojdena.webp
Warszawa Ursus,ul. Obrońców Helu,1,38,669000,17605,bez pośredników,,12,https://adresowo.pl/o/mieszkanie-warszawa-ursus-ul-obroncow-helu-1-pokoj-l0u4z2,https://s2.adresowa.pl/oi/18/5c/3f3b66_c62b_cover@2x-1-pokojowe-mieszkanie-warszawa-ursus-ul-obroncow-helu.webp
Warszawa Bemowo,ul. Szeligowska,3,54,zapytaj,,bez pośredników,,+10 podobnych ofert,https://adresowo.pl/o/mieszkanie-warszawa-bemowo-ul-szeligowska-3-pokojowe-z8e2y3,https://s2.adresowa.pl/development/671976/nowe-mieszkania-m-bemowo-77b6_cover.jpg
Warszawa Powiśle,ul. Okrąg,2,44,930000,21136,Pośrednik,,11,https://adresowo.pl/o/mieszkanie-warszawa-powisle-ul-okrag-2-pokojowe-g7x9v3,https://s2.adresowa.pl/oi/14/3c/3f3424_55c3_cover@2x-2-pokojowe-mieszkanie-warszawa-powisle-ul-okrag.webp
Warszawa Białołęka,ul. Mariana Wyrzykowskiego,2,49,761685,15545,Pośrednik,,14,https://adresowo.pl/o/mieszkanie-warszawa-bialoleka-ul-mariana-wyrzykowskiego-2-pokojowe-t5v3t8,https://s2.adresowa.pl/oi/26/2a/3f32ee_ed2d_cover@2x-2-pokojowe-mieszkanie-warszawa-bialoleka-ul-mariana-wyrzykowskiego.webp
Warszawa Targówek,ul. Poborzańska,2,42,649000,15452,bez pośredników,,7,https://adresowo.pl/o/mieszkanie-warszawa-targowek-ul-poborzanska-2-pokojowe-h0n2s0,https://s2.adresowa.pl/oi/70/6a/3f3ac8_782a_cover@2x-2-pokojowe-mieszkanie-warszawa-targowek-ul-poborzanska.webp
Warszawa,Ursus,2,44,620000,14091,bez pośredników,,13,https://adresowo.pl/o/mieszkanie-warszawa-ursus-2-pokojowe-44-m2-p9e8r7,https://s2.adresowa.pl/oi/20/39/3f3aa8_ebf8_cover@2x-2-pokojowe-mieszkanie-warszawa-ursus.webp
Warszawa Chrzanów,ul. Szeligowska,3,76,zapytaj,,bez pośredników,,+39 podobnych ofert,https://adresowo.pl/o/mieszkanie-warszawa-chrzanow-ul-szeligowska-3-pokojowe-w1v4b1,https://s2.adresowa.pl/development/671220/nowe-mieszkania-bemowo-vita-c525_cover.jpg
Warszawa Śródmieście,ul. gen. Władysława Andersa,2,36,670000,18611,Pośrednik,,8,https://adresowo.pl/o/mieszkanie-warszawa-srodmiescie-ul-gen-wladyslawa-andersa-2-pokojowe-l7f7w6,https://s2.adresowa.pl/oi/57/46/3f32e6_40f8_cover@2x-2-pokojowe-mieszkanie-warszawa-srodmiescie-ul-gen-wladyslawa-andersa.webp
Warszawa Ursus,ul. Ryżowa,3,81,1150000,14198,Pośrednik,,8,https://adresowo.pl/o/mieszkanie-warszawa-ursus-ul-ryzowa-3-pokojowe-p2m4i7,https://s2.adresowa.pl/oi/2e/30/3f3296_29ce_cover@2x-3-pokojowe-mieszkanie-warszawa-ursus-ul-ryzowa.webp
Warszawa Żoliborz,ul. Zygmunta Krasińskiego,2,39,700000,17949,bez pośredników,,16,https://adresowo.pl/o/mieszkanie-warszawa-zoliborz-ul-zygmunta-krasinskiego-2-pokojowe-f4h4b5,https://s2.adresowa.pl/oi/58/20/3f3a26_523c_cover@2x-2-pokojowe-mieszkanie-warszawa-zoliborz-ul-zygmunta-krasinskiego.webp
Warszawa Targówek,ul. Rembielińska,2,38,665000,17500,bez pośredników,,15,https://adresowo.pl/o/mieszkanie-warszawa-targowek-ul-rembielinska-2-pokojowe-z9g2t4,https://s2.adresowa.pl/oi/43/63/3f3a1e_f6b9_cover@2x-2-pokojowe-mieszkanie-warszawa-targowek-ul-rembielinska.webp
Warszawa Skorosze,ul. Świętej Rodziny,3,61,zapytaj,,bez pośredników,,+38 podobnych ofert,https://adresowo.pl/o/mieszkanie-warszawa-skorosze-ul-swietej-rodziny-3-pokojowe-y8d9i1,https://s2.adresowa.pl/development/673804/nowe-mieszkania-skorosze-vita-58e8_cover.jpg
Warszawa Mokotów,ul. Bluszczańska,2,43,790000,18372,Pośrednik,,20,https://adresowo.pl/o/mieszkanie-warszawa-mokotow-ul-bluszczanska-2-pokojowe-o5h6t4,https://s2.adresowa.pl/oi/76/6b/3f3278_9a45_cover@2x-2-pokojowe-mieszkanie-warszawa-mokotow-ul-bluszczanska.webp
Warszawa Ursus,ul. Herbu Oksza,2,48,795000,16562,Pośrednik,,6,https://adresowo.pl/o/mieszkanie-warszawa-ursus-ul-herbu-oksza-2-pokojowe-g2i6s8,https://s2.adresowa.pl/oi/35/74/3f30a2_92aa_cover@2x-2-pokojowe-mieszkanie-warszawa-ursus-ul-herbu-oksza.webp
Warszawa Ursus,ul. Skoroszewska 11,3,58,880000,15172,bez pośredników,,13,https://adresowo.pl/o/mieszkanie-warszawa-ursus-ul-skoroszewska-3-pokojowe-m2c5b3,https://s2.adresowa.pl/oi/25/2a/3f0bb2_e0ee_cover@2x-3-pokojowe-mieszkanie-warszawa-ursus-ul-skoroszewska.webp
Warszawa Bródno,ul. Toruńska,2,35,570000,16286,bez pośredników,,12,https://adresowo.pl/o/mieszkanie-warszawa-brodno-ul-torunska-2-pokojowe-f6r3a2,https://s2.adresowa.pl/oi/33/4e/3f38da_fac0_cover@2x-2-pokojowe-mieszkanie-warszawa-brodno-ul-torunska.webp
Warszawa Skorosze,ul. Świętej Rodziny,1,25,zapytaj,,bez pośredników,,+18 podobnych ofert,https://adresowo.pl/o/mieszkanie-warszawa-skorosze-ul-swietej-rodziny-1-pokoj-y6f5u8,https://s2.adresowa.pl/development/673804/nowe-mieszkania-skorosze-vita-58e8_cover.jpg
Warszawa,Praga,3,62,744000,12000,Pośrednik,,9,https://adresowo.pl/o/mieszkanie-warszawa-praga-3-pokojowe-62-m2-u6a2r4,https://s2.adresowa.pl/oi/4e/10/3f308c_4df2_cover@2x-3-pokojowe-mieszkanie-warszawa-praga.webp
Warszawa Praga-Południe,ul. Grochowska,3,56,1148000,20500,Pośrednik,,24,https://adresowo.pl/o/mieszkanie-warszawa-praga-poludnie-ul-grochowska-3-pokojowe-x2t4s2,https://s2.adresowa.pl/oi/2d/61/3f3082_9db0_cover@2x-3-pokojowe-mieszkanie-warszawa-praga-poludnie-ul-grochowska.webp
Warszawa Grochów,ul. Mińska,1,31,599000,19323,bez pośredników,,9,https://adresowo.pl/o/mieszkanie-warszawa-grochow-ul-minska-1-pokoj-u5x9k1,https://s2.adresowa.pl/oi/6b/65/3f38a6_c464_cover@2x-1-pokojowe-mieszkanie-warszawa-grochow-ul-minska.webp
Warszawa Bielany,ul. Słodowiec,2,36,700000,19444,bez pośredników,,6,https://adresowo.pl/o/mieszkanie-warszawa-bielany-ul-slodowiec-2-pokojowe-i2w2v3,https://s2.adresowa.pl/oi/3d/44/3f386c_f264_cover@2x-2-pokojowe-mieszkanie-warszawa-bielany-ul-slodowiec.webp
Warszawa Chrzanów,ul. Szeligowska,1,26,zapytaj,,bez pośredników,,+20 podobnych ofert,https://adresowo.pl/o/mieszkanie-warszawa-chrzanow-ul-szeligowska-1-pokoj-t2w8n0,https://s2.adresowa.pl/development/671220/nowe-mieszkania-bemowo-vita-c525_cover.jpg
Warszawa Ursus,ul. Kolorowa,3,52,737000,14173,Pośrednik,,7,https://adresowo.pl/o/mieszkanie-warszawa-ursus-ul-kolorowa-3-pokojowe-e5j5z9,https://s2.adresowa.pl/oi/53/2b/3f307c_4e1c_cover@2x-3-pokojowe-mieszkanie-warszawa-ursus-ul-kolorowa.webp
Warszawa Targówek,ul. Wacława Tokarza,3,60,730000,12167,Pośrednik,,12,https://adresowo.pl/o/mieszkanie-warszawa-targowek-ul-waclawa-tokarza-3-pokojowe-u4c9l9,https://s2.adresowa.pl/oi/39/50/3f3052_9f51_cover@2x-3-pokojowe-mieszkanie-warszawa-targowek-ul-waclawa-tokarza.webp
Warszawa Powiśle,ul. Tamka,1,36,1090000,30278,bez pośredników,,15,https://adresowo.pl/o/mieszkanie-warszawa-powisle-ul-tamka-1-pokoj-m8v0u7,https://s2.adresowa.pl/oi/4c/52/3f385e_9fc5_cover@2x-1-pokojowe-mieszkanie-warszawa-powisle-ul-tamka.webp
Warszawa Praga-Północ,ul. Tadeusza Korsaka,3,57,950000,16667,bez pośredników,,7,https://adresowo.pl/o/mieszkanie-warszawa-praga-polnoc-ul-tadeusza-korsaka-3-pokojowe-t3t5g0,https://s2.adresowa.pl/oi/1d/39/3f385a_7fe0_cover@2x-3-pokojowe-mieszkanie-warszawa-praga-polnoc-ul-tadeusza-korsaka.webp
Warszawa Praga-Północ,ul. Kijowska,1,39,zapytaj,,bez pośredników,,+19 podobnych ofert,https://adresowo.pl/o/mieszkanie-warszawa-praga-polnoc-ul-kijowska-1-pokoj-a4f9v0,https://s2.adresowa.pl/development/673100/nowe-mieszkania-kijowska-vita-ea74_cover.jpg
Warszawa Włochy,ul. Stawy,3,82,1395000,17012,Pośrednik,,14,https://adresowo.pl/o/mieszkanie-warszawa-wlochy-ul-stawy-3-pokojowe-w7k2e0,https://s2.adresowa.pl/oi/7a/2f/3f2f36_408c_cover@2x-3-pokojowe-mieszkanie-warszawa-wlochy-ul-stawy.webp
Warszawa Praga-Południe,ul. Żupnicza,3,52,888646,17089,Pośrednik,,2,https://adresowo.pl/o/mieszkanie-warszawa-praga-poludnie-ul-zupnicza-3-pokojowe-a7t3q2,https://s2.adresowa.pl/oi/7d/40/3f2f14_bf10_cover@2x-3-pokojowe-mieszkanie-warszawa-praga-poludnie-ul-zupnicza.webp
Warszawa Bemowo,ul. gen. Tadeusza Pełczyńskiego,3,46,780000,16957,bez pośredników,,8,https://adresowo.pl/o/mieszkanie-warszawa-bemowo-ul-gen-tadeusza-pelczynskiego-3-pokojowe-q0x4o5,https://s2.adresowa.pl/oi/34/1e/3f37ec_a802_cover@2x-3-pokojowe-mieszkanie-warszawa-bemowo-ul-gen-tadeusza-pelczynskiego.webp
Warszawa Bielany,ul. Wrzeciono,1,24,465000,19375,bez pośredników,,16,https://adresowo.pl/o/mieszkanie-warszawa-bielany-ul-wrzeciono-1-pokoj-d0g7v0,https://s2.adresowa.pl/oi/33/7e/3f375a_d555_cover@2x-1-pokojowe-mieszkanie-warszawa-bielany-ul-wrzeciono.webp
Warszawa Bemowo,ul. Sochaczewska,1,27,zapytaj,,bez pośredników,,+4 podobne oferty,https://adresowo.pl/o/mieszkanie-warszawa-bemowo-ul-sochaczewska-1-pokoj-r9f6t9,https://s2.adresowa.pl/development/672892/nowe-mieszkania-sochaczewska-vita-c27d_cover.jpg
Warszawa Praga-Południe,ul. Międzyborska,2,43,950000,22093,Pośrednik,,13,https://adresowo.pl/o/mieszkanie-warszawa-praga-poludnie-ul-miedzyborska-2-pokojowe-b7a8r2,https://s2.adresowa.pl/oi/4b/38/3f2f04_b221_cover@2x-2-pokojowe-mieszkanie-warszawa-praga-poludnie-ul-miedzyborska.webp
Warszawa Targówek,ul. Łojewska,3,47,725000,15426,Pośrednik,,3,https://adresowo.pl/o/mieszkanie-warszawa-targowek-ul-lojewska-3-pokojowe-f9e6l6,https://s2.adresowa.pl/oi/56/21/3f2e2c_7a0f_cover@2x-3-pokojowe-mieszkanie-warszawa-targowek-ul-lojewska.webp
Warszawa Praga-Północ,ul. Stefana Okrzei,3,57,1500000,26316,bez pośredników,,13,https://adresowo.pl/o/mieszkanie-warszawa-praga-polnoc-ul-stefana-okrzei-3-pokojowe-o8z4s4,https://s2.adresowa.pl/oi/35/33/3f35d0_4ccd_cover@2x-3-pokojowe-mieszkanie-warszawa-praga-polnoc-ul-stefana-okrzei.webp
Warszawa Żerań,ul. Marywilska,2,46,605000,13152,bez pośredników,,6,https://adresowo.pl/o/mieszkanie-warszawa-zeran-ul-marywilska-2-pokojowe-z2p4v3,https://s2.adresowa.pl/oi/21/1a/3f358e_c050_cover@2x-2-pokojowe-mieszkanie-warszawa-zeran-ul-marywilska.webp
Warszawa Włochy,ul. Trzcinowa,1,26,zapytaj,,bez pośredników,,+15 podobnych ofert,https://adresowo.pl/o/mieszkanie-warszawa-wlochy-ul-trzcinowa-1-pokoj-s5d2p8,https://s2.adresowa.pl/development/671574/nowe-mieszkania-trzcinowa-vita-1475_cover.jpg
Warszawa Praga-Północ,ul. Namysłowska,1,34,680000,20000,Pośrednik,,7,https://adresowo.pl/o/mieszkanie-warszawa-praga-polnoc-ul-namyslowska-1-pokoj-y2h2u1,https://s2.adresowa.pl/oi/77/5f/3f2e2e_e0c7_cover@2x-1-pokojowe-mieszkanie-warszawa-praga-polnoc-ul-namyslowska.webp
Warszawa Wola,ul. Kolejowa,1,35,1100000,31429,Pośrednik,,8,https://adresowo.pl/o/mieszkanie-warszawa-wola-ul-kolejowa-1-pokoj-u8o0a0,https://s2.adresowa.pl/oi/2c/2e/3f2e28_3d2c_cover@2x-1-pokojowe-mieszkanie-warszawa-wola-ul-kolejowa.webp
Warszawa Wawer,ul. Wacława Wojtyszki,3,57,749000,13140,bez pośredników,,1,https://adresowo.pl/o/mieszkanie-warszawa-wawer-ul-waclawa-wojtyszki-3-pokojowe-i0k6o2,https://s2.adresowa.pl/oi/6b/12/3f3542_4bd0_cover@2x-3-pokojowe-mieszkanie-warszawa-wawer-ul-waclawa-wojtyszki.webp
Warszawa Ochota,ul. Rokosowska,2,44,840000,19091,bez pośredników,,18,https://adresowo.pl/o/mieszkanie-warszawa-ochota-ul-rokosowska-2-pokojowe-z7j9f9,https://s2.adresowa.pl/oi/36/3e/3f3458_61a5_cover@2x-2-pokojowe-mieszkanie-warszawa-ochota-ul-rokosowska.webp
Warszawa Białołęka,ul. Głębocka,1,30,zapytaj,,bez pośredników,,+3 podobne oferty,https://adresowo.pl/o/mieszkanie-warszawa-bialoleka-ul-glebocka-1-pokoj-k5p2w2,https://s2.adresowa.pl/development/673554/nowe-mieszkania-glebocka-vita-d2cc_cover.jpg
Warszawa Ursynów,ul. Kłobucka,3,80,1690000,21125,Pośrednik,,20,https://adresowo.pl/o/mieszkanie-warszawa-ursynow-ul-klobucka-3-pokojowe-y1w9m7,https://s2.adresowa.pl/oi/40/7c/3f2e1c_3e1c_cover@2x-3-pokojowe-mieszkanie-warszawa-ursynow-ul-klobucka.webp
Warszawa Wola,ul. Płocka,3,52,936000,18000,Pośrednik,,15,https://adresowo.pl/o/mieszkanie-warszawa-wola-ul-plocka-3-pokojowe-v2o2j7,https://s2.adresowa.pl/oi/3d/21/3f2e18_d5e6_cover@2x-3-pokojowe-mieszkanie-warszawa-wola-ul-plocka.webp
Warszawa Muranów,ul. Nowolipki,2,47,1140000,24255,bez pośredników,,11,https://adresowo.pl/o/mieszkanie-warszawa-muranow-ul-nowolipki-2-pokojowe-y3y8l3,https://s2.adresowa.pl/oi/5f/24/3f3418_8d22_cover@2x-2-pokojowe-mieszkanie-warszawa-muranow-ul-nowolipki.webp
Warszawa Ursynów,ul. Na Uboczu,3,52,930000,17885,bez pośredników,,18,https://adresowo.pl/o/mieszkanie-warszawa-ursynow-ul-na-uboczu-3-pokojowe-i2o3e5,https://s2.adresowa.pl/oi/35/2b/3f3416_fe74_cover@2x-3-pokojowe-mieszkanie-warszawa-ursynow-ul-na-uboczu.webp
Warszawa Białołęka,ul. Ruskowy Bród,1,32,zapytaj,,bez pośredników,,+9 podobnych ofert,https://adresowo.pl/o/mieszkanie-warszawa-bialoleka-ul-ruskowy-brod-1-pokoj-k1q8z5,https://s2.adresowa.pl/development/672198/nowe-mieszkania-aroniowa-vita-2fe5_cover.jpg
Warszawa Ochota,ul. Szczęśliwicka,2,50,1450000,29000,Pośrednik,,11,https://adresowo.pl/o/mieszkanie-warszawa-ochota-ul-szczesliwicka-2-pokojowe-g1p0y5,https://s2.adresowa.pl/oi/18/38/3f2e0e_c353_cover@2x-2-pokojowe-mieszkanie-warszawa-ochota-ul-szczesliwicka.webp
Warszawa Targówek,ul. Szymona Askenazego,2,46,700000,15217,Pośrednik,,8,https://adresowo.pl/o/mieszkanie-warszawa-targowek-ul-szymona-askenazego-2-pokojowe-l7n7j1,https://s2.adresowa.pl/oi/2d/61/3f2e12_2ada_cover@2x-2-pokojowe-mieszkanie-warszawa-targowek-ul-szymona-askenazego.webp
Warszawa Śródmieście,ul. Wspólna,2,46,2000000,43478,bez pośredników,,14,https://adresowo.pl/o/mieszkanie-warszawa-srodmiescie-ul-wspolna-2-pokojowe-t6l6d2,https://s2.adresowa.pl/oi/67/6d/3f33fc_ff62_cover@2x-2-pokojowe-mieszkanie-warszawa-srodmiescie-ul-wspolna.webp
Warszawa Włochy,ul. Rakowska,2,33,670000,20303,bez pośredników,,22,https://adresowo.pl/o/mieszkanie-warszawa-wlochy-ul-rakowska-2-pokojowe-u1y3w6,https://s2.adresowa.pl/oi/26/29/3f31e2_e993_cover@2x-2-pokojowe-mieszkanie-warszawa-wlochy-ul-rakowska.webp
Warszawa Praga-Południe,ul. Podskarbińska,1,34,zapytaj,,bez pośredników,,+6 podobnych ofert,https://adresowo.pl/o/mieszkanie-warszawa-praga-poludnie-ul-podskarbinska-1-pokoj-t1b8t9,https://s2.adresowa.pl/development/671216/nowe-mieszkania-aleje-praskie-951e_cover.jpg
Warszawa Wola,ul. Młynarska,3,46,780000,16957,Pośrednik,,12,https://adresowo.pl/o/mieszkanie-warszawa-wola-ul-mlynarska-3-pokojowe-h6f4z9,https://s2.adresowa.pl/oi/19/5f/3f2e08_e29d_cover@2x-3-pokojowe-mieszkanie-warszawa-wola-ul-mlynarska.webp
Warszawa Praga-Południe,ul. Bliska,2,37,572400,15470,Pośrednik,,5,https://adresowo.pl/o/mieszkanie-warszawa-praga-poludnie-ul-bliska-2-pokojowe-t7k3w5,https://s2.adresowa.pl/oi/2e/6f/3f2df4_f1aa_cover@2x-2-pokojowe-mieszkanie-warszawa-praga-poludnie-ul-bliska.webp
Warszawa Wola,ul. Jana Krysta 5,3,52,918000,17654,bez pośredników,,19,https://adresowo.pl/o/mieszkanie-warszawa-wola-ul-jana-krysta-3-pokojowe-r2b7u0,https://s2.adresowa.pl/oi/2d/14/3eb8ae_41ee_cover@2x-3-pokojowe-mieszkanie-warszawa-wola-ul-jana-krysta.webp
Warszawa Ochota,ul. Geodetów,2,37,540000,14595,bez pośredników,,12,https://adresowo.pl/o/mieszkanie-warszawa-ochota-ul-geodetow-2-pokojowe-k2e9g1,https://s2.adresowa.pl/oi/59/32/3f33aa_543e_cover@2x-2-pokojowe-mieszkanie-warszawa-ochota-ul-geodetow.webp
Warszawa Wola,ul. Giełdowa,2,46,1360000,29565,bez pośredników,,19,https://adresowo.pl/o/mieszkanie-warszawa-wola-ul-gieldowa-2-pokojowe-m6v4h8,https://s2.adresowa.pl/oi/7a/2e/3f3236_30b7_cover@2x-2-pokojowe-mieszkanie-warszawa-wola-ul-gieldowa.webp
Warszawa Rembertów,ul. Stanisława Fiszera,1,28,zapytaj,,bez pośredników,,+1 podobna oferta,https://adresowo.pl/o/mieszkanie-warszawa-rembertow-ul-stanislawa-fiszera-1-pokoj-v2y0n0,https://s2.adresowa.pl/development/672048/nowe-mieszkania-stacja-rembertow-15f7_cover.jpg
Warszawa Targówek,ul. Myszkowska,3,62,820000,13226,Pośrednik,,5,https://adresowo.pl/o/mieszkanie-warszawa-targowek-ul-myszkowska-3-pokojowe-k8o5v7,https://s2.adresowa.pl/oi/46/1b/3f2db6_2c2a_cover@2x-3-pokojowe-mieszkanie-warszawa-targowek-ul-myszkowska.webp
Warszawa Ochota,ul. Włodarzewska 55,3,116,2400000,20690,Pośrednik,,20,https://adresowo.pl/o/mieszkanie-warszawa-ochota-ul-wlodarzewska-3-pokojowe-u1g3x9,https://s2.adresowa.pl/oi/53/37/3f2b68_867c_cover@2x-3-pokojowe-mieszkanie-warszawa-ochota-ul-wlodarzewska.webp
Warszawa Mokotów,ul. Bolesława Limanowskiego 8,3,47,740000,15745,bez pośredników,,16,https://adresowo.pl/o/mieszkanie-warszawa-mokotow-ul-boleslawa-limanowskiego-3-pokojowe-u2l7w1,https://s2.adresowa.pl/oi/2d/62/3f3224_c355_cover@2x-3-pokojowe-mieszkanie-warszawa-mokotow-ul-boleslawa-limanowskiego.webp
Warszawa Śródmieście,ul. Bonifraterska,2,44,899000,20432,bez pośredników,,7,https://adresowo.pl/o/mieszkanie-warszawa-srodmiescie-ul-bonifraterska-2-pokojowe-a8t8l4,https://s2.adresowa.pl/oi/71/31/3f31a8_7495_cover@2x-2-pokojowe-mieszkanie-warszawa-srodmiescie-ul-bonifraterska.webp
Warszawa Bemowo,ul. Podgrodzie,1,75,zapytaj,,bez pośredników,,+31 podobnych ofert,https://adresowo.pl/o/mieszkanie-warszawa-bemowo-ul-podgrodzie-1-pokoj-y5k3m4,https://s2.adresowa.pl/development/671978/nowe-mieszkania-viva-cite-1628_cover.jpg
Warszawa Śródmieście,ul. Złota 44,2,62,4200000,67742,Pośrednik,,9,https://adresowo.pl/o/mieszkanie-warszawa-srodmiescie-ul-zlota-2-pokojowe-e6c9y1,https://s2.adresowa.pl/oi/6b/30/3f2b56_5d3e_cover@2x-2-pokojowe-mieszkanie-warszawa-srodmiescie-ul-zlota.webp
Warszawa,ul. Bukowińska,3,98,1859000,18969,Pośrednik,,16,https://adresowo.pl/o/mieszkanie-warszawa-ul-bukowinska-3-pokojowe-a6a1n8,https://s2.adresowa.pl/oi/76/7f/3f2b42_f521_cover@2x-3-pokojowe-mieszkanie-warszawa-ul-bukowinska.webp
Warszawa,Białołęka,2,44,730000,16591,bez pośredników,,8,https://adresowo.pl/o/mieszkanie-warszawa-bialoleka-2-pokojowe-44-m2-t9k1z4,https://s2.adresowa.pl/oi/6c/4b/3f31cc_fd7a_cover@2x-2-pokojowe-mieszkanie-warszawa-bialoleka.webp
Warszawa,Wesoła,3,52,920000,17692,bez pośredników,,18,https://adresowo.pl/o/mieszkanie-warszawa-wesola-3-pokojowe-52-m2-g0z4t4,https://s2.adresowa.pl/oi/61/3b/3f319e_e5ff_cover@2x-3-pokojowe-mieszkanie-warszawa-wesola.webp
Warszawa Skorosze,ul. Świętej Rodziny,4,91,zapytaj,,bez pośredników,,+18 podobnych ofert,https://adresowo.pl/o/mieszkanie-warszawa-skorosze-ul-swietej-rodziny-4-pokojowe-q3m8e0,https://s2.adresowa.pl/development/673804/nowe-mieszkania-skorosze-vita-58e8_cover.jpg
Warszawa Ursynów,ul. Puławska,3,95,1580000,16632,Pośrednik,,39,https://adresowo.pl/o/mieszkanie-warszawa-ursynow-ul-pulawska-3-pokojowe-r5s0o3,https://s2.adresowa.pl/oi/3d/5c/3f2b34_7fe8_cover@2x-3-pokojowe-mieszkanie-warszawa-ursynow-ul-pulawska.webp
Warszawa Praga-Południe,ul. Żupnicza,4,63,1000000,15873,Pośrednik,,2,https://adresowo.pl/o/mieszkanie-warszawa-praga-poludnie-ul-zupnicza-4-pokojowe-u4k4r1,https://s2.adresowa.pl/oi/72/2c/3f2a6e_d015_cover@2x-4-pokojowe-mieszkanie-warszawa-praga-poludnie-ul-zupnicza.webp
Warszawa Białołęka,ul. Płochocińska,3,61,799000,13098,bez pośredników,,13,https://adresowo.pl/o/mieszkanie-warszawa-bialoleka-ul-plochocinska-3-pokojowe-t9d5n7,https://s2.adresowa.pl/oi/71/22/3f3196_a5e6_cover@2x-3-pokojowe-mieszkanie-warszawa-bialoleka-ul-plochocinska.webp
Warszawa,Mokotów,2,39,820000,21026,bez pośredników,,8,https://adresowo.pl/o/mieszkanie-warszawa-mokotow-2-pokojowe-39-m2-w7i7g8,https://s2.adresowa.pl/oi/56/13/3f30e2_461a_cover@2x-2-pokojowe-mieszkanie-warszawa-mokotow.webp
Warszawa Włochy,al. Krakowska,4,98,zapytaj,,bez pośredników,,+2 podobne oferty,https://adresowo.pl/o/mieszkanie-warszawa-wlochy-al-krakowska-4-pokojowe-a6v1z3,https://s2.adresowa.pl/development/671222/nowe-mieszkania-krakowska-vita-7624_cover.jpg
Warszawa Targówek,ul. Janinówka,2,45,630000,14000,Pośrednik,,5,https://adresowo.pl/o/mieszkanie-warszawa-targowek-ul-janinowka-2-pokojowe-u6i6s8,https://s2.adresowa.pl/oi/26/4e/3f2a08_e37f_cover@2x-2-pokojowe-mieszkanie-warszawa-targowek-ul-janinowka.webp
Warszawa Targówek,ul. Goławicka,3,66,790000,11970,Pośrednik,,10,https://adresowo.pl/o/mieszkanie-warszawa-targowek-ul-golawicka-3-pokojowe-c3j0p0,https://s2.adresowa.pl/oi/27/5e/3f2966_e103_cover@2x-3-pokojowe-mieszkanie-warszawa-targowek-ul-golawicka.webp
Warszawa Tarchomin,ul. Erazma z Zakroczymia,3,63,775000,12302,bez pośredników,,17,https://adresowo.pl/o/mieszkanie-warszawa-tarchomin-ul-erazma-z-zakroczymia-3-pokojowe-o7f6i4,https://s2.adresowa.pl/oi/7c/46/3f3050_f304_cover@2x-3-pokojowe-mieszkanie-warszawa-tarchomin-ul-erazma-z-zakroczymia.webp
Warszawa Bemowo,ul. Powstańców Śląskich,2,41,885000,21585,bez pośredników,,5,https://adresowo.pl/o/mieszkanie-warszawa-bemowo-ul-powstancow-slaskich-2-pokojowe-v7i0z3,https://s2.adresowa.pl/oi/40/33/3f2fd8_eaf0_cover@2x-2-pokojowe-mieszkanie-warszawa-bemowo-ul-powstancow-slaskich.webp
Warszawa Białołęka,ul. Głębocka,4,100,zapytaj,,bez pośredników,,+29 podobnych ofert,https://adresowo.pl/o/mieszkanie-warszawa-bialoleka-ul-glebocka-4-pokojowe-m3p5k7,https://s2.adresowa.pl/development/673554/nowe-mieszkania-glebocka-vita-d2cc_cover.jpg
Warszawa Wawer,ul. Celulozy,4,160,1649000,10306,Pośrednik,,16,https://adresowo.pl/o/mieszkanie-warszawa-wawer-ul-celulozy-4-pokojowe-z4r7g7,https://s2.adresowa.pl/oi/61/4e/3f2928_360a_cover@2x-4-pokojowe-mieszkanie-warszawa-wawer-ul-celulozy.webp
Warszawa Mokotów,ul. Wyględowska,1,38,710000,18684,Pośrednik,,12,https://adresowo.pl/o/mieszkanie-warszawa-mokotow-ul-wygledowska-1-pokoj-f9r5i5,https://s2.adresowa.pl/oi/59/5a/3f2902_89ab_cover@2x-1-pokojowe-mieszkanie-warszawa-mokotow-ul-wygledowska.webp
Warszawa Tarchomin,ul. Christa Botewa,2,55,790000,14364,bez pośredników,,13,https://adresowo.pl/o/mieszkanie-warszawa-tarchomin-ul-christa-botewa-2-pokojowe-p1b7q9,https://s2.adresowa.pl/oi/46/2b/3f2fb2_7bfe_cover@2x-2-pokojowe-mieszkanie-warszawa-tarchomin-ul-christa-botewa.webp
Warszawa Wola,ul. Chmielna,2,54,1640000,30370,bez pośredników,,8,https://adresowo.pl/o/mieszkanie-warszawa-wola-ul-chmielna-2-pokojowe-u0g4e4,https://s2.adresowa.pl/oi/13/43/3f2f92_6a4c_cover@2x-2-pokojowe-mieszkanie-warszawa-wola-ul-chmielna.webp
Warszawa Praga-Południe,ul. Podskarbińska,4,104,zapytaj,,bez pośredników,,+28 podobnych ofert,https://adresowo.pl/o/mieszkanie-warszawa-praga-poludnie-ul-podskarbinska-4-pokojowe-x6r1o6,https://s2.adresowa.pl/development/671216/nowe-mieszkania-aleje-praskie-951e_cover.jpg
Warszawa Praga,ul. Józefa Dwernickiego,2,34,620000,18235,Pośrednik,,5,https://adresowo.pl/o/mieszkanie-warszawa-praga-ul-jozefa-dwernickiego-2-pokojowe-f8s4k8,https://s2.adresowa.pl/oi/3b/19/3f28f8_8903_cover@2x-2-pokojowe-mieszkanie-warszawa-praga-ul-jozefa-dwernickiego.webp
Warszawa Sadyba,ul. Jana III Sobieskiego,3,46,720000,15652,Pośrednik,,17,https://adresowo.pl/o/mieszkanie-warszawa-sadyba-ul-jana-iii-sobieskiego-3-pokojowe-x8b3d7,https://s2.adresowa.pl/oi/13/10/3f2646_2da7_cover@2x-3-pokojowe-mieszkanie-warszawa-sadyba-ul-jana-iii-sobieskiego.webp
Warszawa Bródno,ul. Toruńska,2,37,605000,16351,bez pośredników,,10,https://adresowo.pl/o/mieszkanie-warszawa-brodno-ul-torunska-2-pokojowe-d6o4r7,https://s2.adresowa.pl/oi/4e/2a/3f2f68_43b9_cover@2x-2-pokojowe-mieszkanie-warszawa-brodno-ul-torunska.webp
Warszawa Wola,ul. Eustachego Tyszkiewicza,2,46,870000,18913,bez pośredników,,8,https://adresowo.pl/o/mieszkanie-warszawa-wola-ul-eustachego-tyszkiewicza-2-pokojowe-j0w6n6,https://s2.adresowa.pl/oi/64/3b/3f2ec2_846e_cover@2x-2-pokojowe-mieszkanie-warszawa-wola-ul-eustachego-tyszkiewicza.webp
Warszawa Włochy,ul. Trzcinowa,4,70,zapytaj,,bez pośredników,,+7 podobnych ofert,https://adresowo.pl/o/mieszkanie-warszawa-wlochy-ul-trzcinowa-4-pokojowe-t7v7u5,https://s2.adresowa.pl/development/671574/nowe-mieszkania-trzcinowa-vita-1475_cover.jpg
Warszawa Praga,ul. Wiatraczna,2,26,550000,21154,Pośrednik,,9,https://adresowo.pl/o/mieszkanie-warszawa-praga-ul-wiatraczna-2-pokojowe-p0c1n8,https://s2.adresowa.pl/oi/7c/10/3f255a_9ff6_cover@2x-2-pokojowe-mieszkanie-warszawa-praga-ul-wiatraczna.webp
Warszawa Praga-Południe,al. Jerzego Waszyngtona,1,33,555000,16818,Pośrednik,,4,https://adresowo.pl/o/mieszkanie-warszawa-praga-poludnie-al-jerzego-waszyngtona-1-pokoj-f1e1m0,https://s2.adresowa.pl/oi/2a/42/3f2554_3afd_cover@2x-1-pokojowe-mieszkanie-warszawa-praga-poludnie-al-jerzego-waszyngtona.webp
Warszawa,Włochy,2,27,539000,19963,bez pośredników,,8,https://adresowo.pl/o/mieszkanie-warszawa-wlochy-2-pokojowe-27-m2-v4k6j1,https://s2.adresowa.pl/oi/45/64/3f2e88_a918_cover@2x-2-pokojowe-mieszkanie-warszawa-wlochy.webp
Warszawa Śródmieście,al. Wyzwolenia,3,64,1885000,29453,bez pośredników,,7,https://adresowo.pl/o/mieszkanie-warszawa-srodmiescie-al-wyzwolenia-3-pokojowe-r2y3j3,https://s2.adresowa.pl/oi/5b/32/3f2dc4_2c52_cover@2x-3-pokojowe-mieszkanie-warszawa-srodmiescie-al-wyzwolenia.webp
Warszawa Praga-Północ,ul. Kijowska,4,75,zapytaj,,bez pośredników,,+5 podobnych ofert,https://adresowo.pl/o/mieszkanie-warszawa-praga-polnoc-ul-kijowska-4-pokojowe-w6d2y1,https://s2.adresowa.pl/development/673100/nowe-mieszkania-kijowska-vita-ea74_cover.jpg
Warszawa Praga,ul. Łukowska,3,60,899000,14983,Pośrednik,,18,https://adresowo.pl/o/mieszkanie-warszawa-praga-ul-lukowska-3-pokojowe-b9q4v6,https://s2.adresowa.pl/oi/3a/67/3f2544_a21a_cover@2x-3-pokojowe-mieszkanie-warszawa-praga-ul-lukowska.webp
Warszawa Wola,ul. Prosta,2,34,1247000,36676,Pośrednik,,9,https://adresowo.pl/o/mieszkanie-warszawa-wola-ul-prosta-2-pokojowe-c5j6q4,https://s2.adresowa.pl/oi/3a/5b/3f253e_8a87_cover@2x-2-pokojowe-mieszkanie-warszawa-wola-ul-prosta.webp
Warszawa Targówek,ul. Piotra Wysockiego,3,58,600000,10345,bez pośredników,,7,https://adresowo.pl/o/mieszkanie-warszawa-targowek-ul-piotra-wysockiego-3-pokojowe-l3i7g5,https://s2.adresowa.pl/oi/78/12/3f2d78_304d_cover@2x-3-pokojowe-mieszkanie-warszawa-targowek-ul-piotra-wysockiego.webp
Warszawa Ursus,ul. Elżbiety Rakuszanki,2,53,795000,15000,bez pośredników,,19,https://adresowo.pl/o/mieszkanie-warszawa-ursus-ul-elzbiety-rakuszanki-2-pokojowe-l2f6j1,https://s2.adresowa.pl/oi/5d/43/3f2d52_c9f7_cover@2x-2-pokojowe-mieszkanie-warszawa-ursus-ul-elzbiety-rakuszanki.webp
Warszawa Bemowo,ul. Podgrodzie,4,75,zapytaj,,bez pośredników,,+7 podobnych ofert,https://adresowo.pl/o/mieszkanie-warszawa-bemowo-ul-podgrodzie-4-pokojowe-w3g4v2,https://s2.adresowa.pl/development/671978/nowe-mieszkania-viva-cite-1628_cover.jpg
Warszawa Ursynów,ul. Kądziołeczki 43,3,69,1150000,16667,Pośrednik,,17,https://adresowo.pl/o/mieszkanie-warszawa-ursynow-ul-kadzioleczki-3-pokojowe-l8q3s3,https://s2.adresowa.pl/oi/4d/76/3f2530_d663_cover@2x-3-pokojowe-mieszkanie-warszawa-ursynow-ul-kadzioleczki.webp
Warszawa Bemowo,ul. Budy,4,88,2219000,25216,Pośrednik,,20,https://adresowo.pl/o/mieszkanie-warszawa-bemowo-ul-budy-4-pokojowe-m8d2i4,https://s2.adresowa.pl/oi/29/40/3f252c_47f9_cover@2x-4-pokojowe-mieszkanie-warszawa-bemowo-ul-budy.webp
Warszawa Okęcie,ul. Żwirki i Wigury,1,18,350000,19444,bez pośredników,,7,https://adresowo.pl/o/mieszkanie-warszawa-okecie-ul-zwirki-i-wigury-1-pokoj-p3f4m7,https://s2.adresowa.pl/oi/7e/3c/3f2d36_a2c4_cover@2x-1-pokojowe-mieszkanie-warszawa-okecie-ul-zwirki-i-wigury.webp
Warszawa Żoliborz,ul. Władysława Broniewskiego,1,29,579000,19966,bez pośredników,,8,https://adresowo.pl/o/mieszkanie-warszawa-zoliborz-ul-wladyslawa-broniewskiego-1-pokoj-v2b3f7,https://s2.adresowa.pl/oi/58/6b/3f2d2a_5261_cover@2x-1-pokojowe-mieszkanie-warszawa-zoliborz-ul-wladyslawa-broniewskiego.webp
Warszawa Bemowo,ul. Sochaczewska,4,86,zapytaj,,bez pośredników,,+17 podobnych ofert,https://adresowo.pl/o/mieszkanie-warszawa-bemowo-ul-sochaczewska-4-pokojowe-t9i7y1,https://s2.adresowa.pl/development/672892/nowe-mieszkania-sochaczewska-vita-c27d_cover.jpg
Warszawa Białołęka,ul. Myśliborska,3,57,820000,14386,Pośrednik,,11,https://adresowo.pl/o/mieszkanie-warszawa-bialoleka-ul-mysliborska-3-pokojowe-h3o9s3,https://s2.adresowa.pl/oi/7f/4f/3f22d0_2834_cover@2x-3-pokojowe-mieszkanie-warszawa-bialoleka-ul-mysliborska.webp
Warszawa Białołęka,ul. Kartograficzna,2,43,625000,14535,Pośrednik,,9,https://adresowo.pl/o/mieszkanie-warszawa-bialoleka-ul-kartograficzna-2-pokojowe-t5d9p1,https://s2.adresowa.pl/oi/61/46/3f21e4_84ce_cover@2x-2-pokojowe-mieszkanie-warszawa-bialoleka-ul-kartograficzna.webp
Warszawa Praga-Południe,ul. Jana Nowaka-Jeziorańskiego,2,42,860000,20476,bez pośredników,,20,https://adresowo.pl/o/mieszkanie-warszawa-praga-poludnie-ul-jana-nowaka-jezioranskiego-2-pokojowe-d5q6w3,https://s2.adresowa.pl/oi/7b/1c/3f2cea_ef7b_cover@2x-2-pokojowe-mieszkanie-warszawa-praga-poludnie-ul-jana-nowaka-jezioranskiego.webp
Warszawa Bemowo,ul. Kazimierza Wyki,3,61,797000,13066,bez pośredników,,8,https://adresowo.pl/o/mieszkanie-warszawa-bemowo-ul-kazimierza-wyki-3-pokojowe-a6c5s2,https://s2.adresowa.pl/oi/6f/59/3f27be_3d82_cover@2x-3-pokojowe-mieszkanie-warszawa-bemowo-ul-kazimierza-wyki.webp
Warszawa Chrzanów,ul. Szeligowska,4,75,zapytaj,,bez pośredników,,+5 podobnych ofert,https://adresowo.pl/o/mieszkanie-warszawa-chrzanow-ul-szeligowska-4-pokojowe-y1c5q4,https://s2.adresowa.pl/development/671220/nowe-mieszkania-bemowo-vita-c525_cover.jpg
Warszawa Targówek,ul. Krasiczyńska,2,46,629000,13674,Pośrednik,,3,https://adresowo.pl/o/mieszkanie-warszawa-targowek-ul-krasiczynska-2-pokojowe-f5d2t9,https://s2.adresowa.pl/oi/39/17/3f21e0_3a36_cover@2x-2-pokojowe-mieszkanie-warszawa-targowek-ul-krasiczynska.webp
Warszawa Bielany,ul. Władysława Smoleńskiego,3,57,950000,16667,Pośrednik,,13,https://adresowo.pl/o/mieszkanie-warszawa-bielany-ul-wladyslawa-smolenskiego-3-pokojowe-p6j2x6,https://s2.adresowa.pl/oi/7e/59/3f219a_298d_cover@2x-3-pokojowe-mieszkanie-warszawa-bielany-ul-wladyslawa-smolenskiego.webp
Warszawa Białołęka,ul. Krokwi,2,41,719000,17537,bez pośredników,,13,https://adresowo.pl/o/mieszkanie-warszawa-bialoleka-ul-krokwi-2-pokojowe-k2x3t7,https://s2.adresowa.pl/oi/4d/61/3f2cd0_f99d_cover@2x-2-pokojowe-mieszkanie-warszawa-bialoleka-ul-krokwi.webp
Warszawa Kamionek,ul. Groszowicka,2,55,1170000,21273,bez pośredników,,5,https://adresowo.pl/o/mieszkanie-warszawa-kamionek-ul-groszowicka-2-pokojowe-t3z9x6,https://s2.adresowa.pl/oi/43/4d/3f2c4c_9447_cover@2x-2-pokojowe-mieszkanie-warszawa-kamionek-ul-groszowicka.webp
Warszawa Bemowo,ul. Szeligowska,4,79,zapytaj,,bez pośredników,,+1 podobna oferta,https://adresowo.pl/o/mieszkanie-warszawa-bemowo-ul-szeligowska-4-pokojowe-o4h3b0,https://s2.adresowa.pl/development/671976/nowe-mieszkania-m-bemowo-77b6_cover.jpg
Warszawa Białołęka,ul. Strumykowa,2,45,660000,14667,Pośrednik,,13,https://adresowo.pl/o/mieszkanie-warszawa-bialoleka-ul-strumykowa-2-pokojowe-s3o0q2,https://s2.adresowa.pl/oi/59/7d/3f218e_463a_cover@2x-2-pokojowe-mieszkanie-warszawa-bialoleka-ul-strumykowa.webp
Warszawa Bemowo,ul. Batalionów Chłopskich,4,75,1280000,17067,Pośrednik,,6,https://adresowo.pl/o/mieszkanie-warszawa-bemowo-ul-batalionow-chlopskich-4-pokojowe-u3u5n0,https://s2.adresowa.pl/oi/1f/58/3f218a_8125_cover@2x-4-pokojowe-mieszkanie-warszawa-bemowo-ul-batalionow-chlopskich.webp
Warszawa Bemowo,ul. Lazurowa,1,28,609000,21750,bez pośredników,,12,https://adresowo.pl/o/mieszkanie-warszawa-bemowo-ul-lazurowa-1-pokoj-n2x7m0,https://s2.adresowa.pl/oi/73/56/3f2c04_34a9_cover@2x-1-pokojowe-mieszkanie-warszawa-bemowo-ul-lazurowa.webp
Warszawa Śródmieście,ul. Złota,2,60,1150000,19167,bez pośredników,,8,https://adresowo.pl/o/mieszkanie-warszawa-srodmiescie-ul-zlota-2-pokojowe-e4s7s4,https://s2.adresowa.pl/oi/7a/64/3f2b76_8548_cover@2x-2-pokojowe-mieszkanie-warszawa-srodmiescie-ul-zlota.webp
Warszawa Białołęka,ul. Ruskowy Bród,4,77,zapytaj,,bez pośredników,,+2 podobne oferty,https://adresowo.pl/o/mieszkanie-warszawa-bialoleka-ul-ruskowy-brod-4-pokojowe-j4n9z2,https://s2.adresowa.pl/development/672198/nowe-mieszkania-aroniowa-vita-2fe5_cover.jpg
Warszawa Wola,ul. Smocza,1,27,550000,20370,Pośrednik,,8,https://adresowo.pl/o/mieszkanie-warszawa-wola-ul-smocza-1-pokoj-y0w3r8,https://s2.adresowa.pl/oi/37/7b/3f2186_b304_cover@2x-1-pokojowe-mieszkanie-warszawa-wola-ul-smocza.webp
Warszawa Ursus,ul. Walerego Sławka,1,21,368000,17524,Pośrednik,,11,https://adresowo.pl/o/mieszkanie-warszawa-ursus-ul-walerego-slawka-1-pokoj-r9j6t2,https://s2.adresowa.pl/oi/14/76/3f20fc_5edb_cover@2x-1-pokojowe-mieszkanie-warszawa-ursus-ul-walerego-slawka.webp
Warszawa Kabaty,ul. Stefana Dembego,4,101,1670000,16535,bez pośredników,,20,https://adresowo.pl/o/mieszkanie-warszawa-kabaty-ul-stefana-dembego-4-pokojowe-h6d9y9,https://s2.adresowa.pl/oi/14/31/3f2af2_7880_cover@2x-4-pokojowe-mieszkanie-warszawa-kabaty-ul-stefana-dembego.webp
Warszawa Ochota,ul. Trzech Budrysów,2,38,759000,19974,bez pośredników,,17,https://adresowo.pl/o/mieszkanie-warszawa-ochota-ul-trzech-budrysow-2-pokojowe-s9e6p6,https://s2.adresowa.pl/oi/33/1b/3f2aea_8674_cover@2x-2-pokojowe-mieszkanie-warszawa-ochota-ul-trzech-budrysow.webp
Warszawa Praga-Południe,ul. Podskarbińska,5,121,zapytaj,,bez pośredników,,+4 podobne oferty,https://adresowo.pl/o/mieszkanie-warszawa-praga-poludnie-ul-podskarbinska-5-pokojowe-f6a9w4,https://s2.adresowa.pl/development/671216/nowe-mieszkania-aleje-praskie-951e_cover.jpg
Warszawa Mokotów,ul. Tenisowa,2,53,1184000,22340,Pośrednik,,15,https://adresowo.pl/o/mieszkanie-warszawa-mokotow-ul-tenisowa-2-pokojowe-t3s0w4,https://s2.adresowa.pl/oi/48/62/3f20ec_803e_cover@2x-2-pokojowe-mieszkanie-warszawa-mokotow-ul-tenisowa.webp
Warszawa Mokotów,ul. Boryszewska,2,31,499720,16120,Pośrednik,,14,https://adresowo.pl/o/mieszkanie-warszawa-mokotow-ul-boryszewska-2-pokojowe-b1o3c9,https://s2.adresowa.pl/oi/28/72/3f20c2_f6db_cover@2x-2-pokojowe-mieszkanie-warszawa-mokotow-ul-boryszewska.webp
Warszawa Wawer,ul. Ogórkowa,3,68,900000,13235,bez pośredników,,19,https://adresowo.pl/o/mieszkanie-warszawa-wawer-ul-ogorkowa-3-pokojowe-c8h5o2,https://s2.adresowa.pl/oi/49/68/3f2ae6_b5f2_cover@2x-3-pokojowe-mieszkanie-warszawa-wawer-ul-ogorkowa.webp
Warszawa Bemowo,ul. Górczewska,2,48,888000,18500,bez pośredników,,22,https://adresowo.pl/o/mieszkanie-warszawa-bemowo-ul-gorczewska-2-pokojowe-b7m6y7,https://s2.adresowa.pl/oi/39/48/3f2aa8_9c7c_cover@2x-2-pokojowe-mieszkanie-warszawa-bemowo-ul-gorczewska.webp
Warszawa Skorosze,ul. Świętej Rodziny,5,142,zapytaj,,bez pośredników,,+7 podobnych ofert,https://adresowo.pl/o/mieszkanie-warszawa-skorosze-ul-swietej-rodziny-5-pokojowe-x3x7m4,https://s2.adresowa.pl/development/673804/nowe-mieszkania-skorosze-vita-58e8_cover.jpg
Warszawa Ursus,ul. Edwarda Habicha,4,80,1397000,17462,Pośrednik,,20,https://adresowo.pl/o/mieszkanie-warszawa-ursus-ul-edwarda-habicha-4-pokojowe-s2g8i1,https://s2.adresowa.pl/oi/63/4a/3f1f12_f16e_cover@2x-4-pokojowe-mieszkanie-warszawa-ursus-ul-edwarda-habicha.webp
Warszawa Wola,ul. Żytnia,2,56,890000,15893,Pośrednik,,12,https://adresowo.pl/o/mieszkanie-warszawa-wola-ul-zytnia-2-pokojowe-y0b7v4,https://s2.adresowa.pl/oi/19/16/3f1e56_6636_cover@2x-2-pokojowe-mieszkanie-warszawa-wola-ul-zytnia.webp
Warszawa Mokotów,ul. Balladyny,2,43,850000,19767,bez pośredników,,1,https://adresowo.pl/o/mieszkanie-warszawa-mokotow-ul-balladyny-2-pokojowe-j3o7z5,https://s2.adresowa.pl/oi/2e/68/3f2a26_fbe4_cover@2x-2-pokojowe-mieszkanie-warszawa-mokotow-ul-balladyny.webp
Warszawa Żoliborz,ul. Włościańska,2,37,749000,20243,bez pośredników,,16,https://adresowo.pl/o/mieszkanie-warszawa-zoliborz-ul-wloscianska-2-pokojowe-w1y4y7,https://s2.adresowa.pl/oi/7b/3e/3f29c4_6bde_cover@2x-2-pokojowe-mieszkanie-warszawa-zoliborz-ul-wloscianska.webp
Warszawa Włochy,ul. Trzcinowa,5,113,zapytaj,,bez pośredników,,10,https://adresowo.pl/o/mieszkanie-warszawa-wlochy-ul-trzcinowa-5-pokojowe-y1g7u7,https://s2.adresowa.pl/development/671574/nowe-mieszkania-trzcinowa-vita-1475_cover.jpg
Warszawa Wola,ul. Studzienna,2,38,900000,23684,Pośrednik,,21,https://adresowo.pl/o/mieszkanie-warszawa-wola-ul-studzienna-2-pokojowe-n0h1z9,https://s2.adresowa.pl/oi/7c/6b/3f1c76_884e_cover@2x-2-pokojowe-mieszkanie-warszawa-wola-ul-studzienna.webp
Warszawa Bemowo,ul. Okrętowa,2,55,970000,17636,Pośrednik,,11,https://adresowo.pl/o/mieszkanie-warszawa-bemowo-ul-okretowa-2-pokojowe-i7n0l8,https://s2.adresowa.pl/oi/2d/37/3f1c6a_5220_cover@2x-2-pokojowe-mieszkanie-warszawa-bemowo-ul-okretowa.webp
Warszawa Bielany,ul. Jana Kasprowicza,1,27,495000,18333,bez pośredników,,15,https://adresowo.pl/o/mieszkanie-warszawa-bielany-ul-jana-kasprowicza-1-pokoj-n0h4i3,https://s2.adresowa.pl/oi/20/16/3f2906_72be_cover@2x-1-pokojowe-mieszkanie-warszawa-bielany-ul-jana-kasprowicza.webp
Warszawa Białołęka,ul. Głębocka,2,49,675000,13776,bez pośredników,,20,https://adresowo.pl/o/mieszkanie-warszawa-bialoleka-ul-glebocka-2-pokojowe-n2z7j6,https://s2.adresowa.pl/oi/28/3d/3f2990_e6fb_cover@2x-2-pokojowe-mieszkanie-warszawa-bialoleka-ul-glebocka.webp
Warszawa Rembertów,ul. Stanisława Fiszera,6,178,zapytaj,,bez pośredników,,3,https://adresowo.pl/o/mieszkanie-warszawa-rembertow-ul-stanislawa-fiszera-6-pokojowe-z6l6b2,https://s2.adresowa.pl/development/672048/nowe-mieszkania-stacja-rembertow-15f7_cover.jpg
Warszawa Białołęka,ul. Skarbka z Gór,2,54,680000,12593,Pośrednik,,8,https://adresowo.pl/o/mieszkanie-warszawa-bialoleka-ul-skarbka-z-gor-2-pokojowe-d1b5i8,https://s2.adresowa.pl/oi/42/45/3f1c64_e71d_cover@2x-2-pokojowe-mieszkanie-warszawa-bialoleka-ul-skarbka-z-gor.webp
Warszawa,Praga-Północ,2,56,859000,15339,Pośrednik,,13,https://adresowo.pl/o/mieszkanie-warszawa-praga-polnoc-2-pokojowe-56-m2-h0m5t7,https://s2.adresowa.pl/oi/71/62/3f1c46_5d8d_cover@2x-2-pokojowe-mieszkanie-warszawa-praga-polnoc.webp
Warszawa Śródmieście,ul. Polna,1,31,620000,20000,bez pośredników,,12,https://adresowo.pl/o/mieszkanie-warszawa-srodmiescie-ul-polna-1-pokoj-y4b6u8,https://s2.adresowa.pl/oi/3f/49/3f2984_b585_cover@2x-1-pokojowe-mieszkanie-warszawa-srodmiescie-ul-polna.webp
Warszawa Wola,ul. Magistracka,3,43,859000,19977,bez pośredników,,10,https://adresowo.pl/o/mieszkanie-warszawa-wola-ul-magistracka-3-pokojowe-t5b3f9,https://s2.adresowa.pl/oi/1f/15/3f2958_7184_cover@2x-3-pokojowe-mieszkanie-warszawa-wola-ul-magistracka.webp
Warszawa Białołęka,ul. Krokwi,2,50,820000,16400,bez pośredników,,11,https://adresowo.pl/o/mieszkanie-warszawa-bialoleka-ul-krokwi-2-pokojowe-f7q2u1,https://s2.adresowa.pl/oi/1b/71/3f2904_9223_cover@2x-2-pokojowe-mieszkanie-warszawa-bialoleka-ul-krokwi.webp
Warszawa Praga-Południe,ul. Meksykańska,2,50,790000,15800,Pośrednik,,6,https://adresowo.pl/o/mieszkanie-warszawa-praga-poludnie-ul-meksykanska-2-pokojowe-d9y9y8,https://s2.adresowa.pl/oi/4b/6d/3f1c32_c56b_cover@2x-2-pokojowe-mieszkanie-warszawa-praga-poludnie-ul-meksykanska.webp
Warszawa Wola,ul. Wolska,3,66,995000,15076,Pośrednik,,12,https://adresowo.pl/o/mieszkanie-warszawa-wola-ul-wolska-3-pokojowe-m6k4c6,https://s2.adresowa.pl/oi/42/2e/3f1c26_2c1f_cover@2x-3-pokojowe-mieszkanie-warszawa-wola-ul-wolska.webp
Warszawa Ursynów,ul. Wilhelma Konrada Roentgena,3,60,1450000,24167,bez pośredników,,19,https://adresowo.pl/o/mieszkanie-warszawa-ursynow-ul-wilhelma-konrada-roentgena-3-pokojowe-y2t6z2,https://s2.adresowa.pl/oi/31/70/3f28ea_4b3a_cover@2x-3-pokojowe-mieszkanie-warszawa-ursynow-ul-wilhelma-konrada-roentgena.webp
Warszawa Służew,ul. Blacharska 1,3,53,765000,14434,bez pośredników,,7,https://adresowo.pl/o/mieszkanie-warszawa-sluzew-ul-blacharska-3-pokojowe-z1v7z0,https://s2.adresowa.pl/oi/4d/5f/3f2866_d08a_cover@2x-3-pokojowe-mieszkanie-warszawa-sluzew-ul-blacharska.webp
Warszawa Targówek,ul. Prałatowska,4,69,1480000,21449,bez pośredników,,15,https://adresowo.pl/o/mieszkanie-warszawa-targowek-ul-pralatowska-4-pokojowe-g1q2u3,https://s2.adresowa.pl/oi/37/6a/3f27ca_40a3_cover@2x-4-pokojowe-mieszkanie-warszawa-targowek-ul-pralatowska.webp
Warszawa Ursynów,ul. Kabacki Dukt,1,33,650000,19697,Pośrednik,,8,https://adresowo.pl/o/mieszkanie-warszawa-ursynow-ul-kabacki-dukt-1-pokoj-o4s4l2,https://s2.adresowa.pl/oi/47/1f/3f1c22_848b_cover@2x-1-pokojowe-mieszkanie-warszawa-ursynow-ul-kabacki-dukt.webp
Warszawa Śródmieście,al. Jana Pawła II,1,30,799000,26633,Pośrednik,,13,https://adresowo.pl/o/mieszkanie-warszawa-srodmiescie-al-jana-pawla-ii-1-pokoj-q6g0u5,https://s2.adresowa.pl/oi/39/50/3f1c20_7fac_cover@2x-1-pokojowe-mieszkanie-warszawa-srodmiescie-al-jana-pawla-ii.webp
Warszawa,Bemowo,1,30,580000,19333,bez pośredników,,10,https://adresowo.pl/o/mieszkanie-warszawa-bemowo-1-pokoj-30-m2-s3n2u1,https://s2.adresowa.pl/oi/5d/52/3f2822_8982_cover@2x-1-pokojowe-mieszkanie-warszawa-bemowo.webp
Warszawa Rembertów,ul. Emilii Gierczak,3,65,849000,13062,bez pośredników,,7,https://adresowo.pl/o/mieszkanie-warszawa-rembertow-ul-emilii-gierczak-3-pokojowe-h5v1y3,https://s2.adresowa.pl/oi/38/43/3f27a6_7d35_cover@2x-3-pokojowe-mieszkanie-warszawa-rembertow-ul-emilii-gierczak.webp
Warszawa Śródmieście,al. Jana Pawła II,2,27,560000,20741,bez pośredników,,8,https://adresowo.pl/o/mieszkanie-warszawa-srodmiescie-al-jana-pawla-ii-2-pokojowe-e9b8j0,https://s2.adresowa.pl/oi/19/51/3f2766_77de_cover@2x-2-pokojowe-mieszkanie-warszawa-srodmiescie-al-jana-pawla-ii.webp
Warszawa Praga-Południe,ul. gen. Tadeusza Bora-Komorowskiego,3,56,1100000,19643,Pośrednik,,7,https://adresowo.pl/o/mieszkanie-warszawa-praga-poludnie-ul-gen-tadeusza-bora-komorowskiego-3-pokojowe-p8y6a8,https://s2.adresowa.pl/oi/3d/2d/3f1c1c_3a40_cover@2x-3-pokojowe-mieszkanie-warszawa-praga-poludnie-ul-gen-tadeusza-bora-komorowskiego.webp
Warszawa Ursynów,ul. Oskara Sosnowskiego,1,31,620000,20000,Pośrednik,,7,https://adresowo.pl/o/mieszkanie-warszawa-ursynow-ul-oskara-sosnowskiego-1-pokoj-t8m6l4,https://s2.adresowa.pl/oi/72/22/3f1c1a_e901_cover@2x-1-pokojowe-mieszkanie-warszawa-ursynow-ul-oskara-sosnowskiego.webp
Warszawa Włochy,ul. Przerwana,3,56,1250000,22321,bez pośredników,,8,https://adresowo.pl/o/mieszkanie-warszawa-wlochy-ul-przerwana-3-pokojowe-v0m3y2,https://s2.adresowa.pl/oi/1c/4c/3f2760_8269_cover@2x-3-pokojowe-mieszkanie-warszawa-wlochy-ul-przerwana.webp
Warszawa Ochota,ul. Adolfa Pawińskiego,3,56,1120000,20000,bez pośredników,,20,https://adresowo.pl/o/mieszkanie-warszawa-ochota-ul-adolfa-pawinskiego-3-pokojowe-s2s8x6,https://s2.adresowa.pl/oi/62/30/3f270a_bc3d_cover@2x-3-pokojowe-mieszkanie-warszawa-ochota-ul-adolfa-pawinskiego.webp
Warszawa Wola,ul. Karolkowa,1,29,999000,34448,bez pośredników,,16,https://adresowo.pl/o/mieszkanie-warszawa-wola-ul-karolkowa-1-pokoj-b0p2z0,https://s2.adresowa.pl/oi/62/1f/3f2628_4bb8_cover@2x-1-pokojowe-mieszkanie-warszawa-wola-ul-karolkowa.webp
Warszawa Praga-Południe,ul. Podskarbińska,2,35,520000,14857,Pośrednik,,10,https://adresowo.pl/o/mieszkanie-warszawa-praga-poludnie-ul-podskarbinska-2-pokojowe-x1d5p2,https://s2.adresowa.pl/oi/35/56/3f1b80_fe75_cover@2x-2-pokojowe-mieszkanie-warszawa-praga-poludnie-ul-podskarbinska.webp
Warszawa Wola,ul. Marcina Kasprzaka 31B,3,50,1090000,21800,Pośrednik,,17,https://adresowo.pl/o/mieszkanie-warszawa-wola-ul-marcina-kasprzaka-3-pokojowe-o1w2w3,https://s2.adresowa.pl/oi/56/6a/3f1b7e_5417_cover@2x-3-pokojowe-mieszkanie-warszawa-wola-ul-marcina-kasprzaka.webp
Warszawa Mokotów,ul. Stefana Batorego,2,31,365000,11774,bez pośredników,,7,https://adresowo.pl/o/mieszkanie-warszawa-mokotow-ul-stefana-batorego-2-pokojowe-b8i4w9,https://s2.adresowa.pl/oi/41/51/3f260c_5306_cover@2x-2-pokojowe-mieszkanie-warszawa-mokotow-ul-stefana-batorego.webp
Warszawa Wola,ul. Tadeusza Krępowieckiego,2,30,575000,19167,bez pośredników,,10,https://adresowo.pl/o/mieszkanie-warszawa-wola-ul-tadeusza-krepowieckiego-2-pokojowe-x1u9h5,https://s2.adresowa.pl/oi/58/3f/3f260a_a500_cover@2x-2-pokojowe-mieszkanie-warszawa-wola-ul-tadeusza-krepowieckiego.webp
Warszawa Ursynów,ul. Pieskowa Skała,3,62,1450000,23387,bez pośredników,,16,https://adresowo.pl/o/mieszkanie-warszawa-ursynow-ul-pieskowa-skala-3-pokojowe-l6h3p0,https://s2.adresowa.pl/oi/22/17/3f25de_2841_cover@2x-3-pokojowe-mieszkanie-warszawa-ursynow-ul-pieskowa-skala.webp
Warszawa Włochy,ul. Bakalarska,2,40,790000,19750,Pośrednik,,16,https://adresowo.pl/o/mieszkanie-warszawa-wlochy-ul-bakalarska-2-pokojowe-d5c0y9,https://s2.adresowa.pl/oi/38/3e/3f1b32_6765_cover@2x-2-pokojowe-mieszkanie-warszawa-wlochy-ul-bakalarska.webp
Warszawa Ursus,ul. Kolorowa,2,46,729000,15848,Pośrednik,,17,https://adresowo.pl/o/mieszkanie-warszawa-ursus-ul-kolorowa-2-pokojowe-t1q4n5,https://s2.adresowa.pl/oi/32/76/3f16de_b38f_cover@2x-2-pokojowe-mieszkanie-warszawa-ursus-ul-kolorowa.webp
Warszawa Białołęka,ul. Żeglugi Wiślanej,3,54,735000,13611,bez pośredników,,15,https://adresowo.pl/o/mieszkanie-warszawa-bialoleka-ul-zeglugi-wislanej-3-pokojowe-h6p3p5,https://s2.adresowa.pl/oi/18/5b/3f24f8_3bae_cover@2x-3-pokojowe-mieszkanie-warszawa-bialoleka-ul-zeglugi-wislanej.webp
Warszawa Żoliborz,ul. Juliusza Słowackiego,4,98,2450000,25000,bez pośredników,,5,https://adresowo.pl/o/mieszkanie-warszawa-zoliborz-ul-juliusza-slowackiego-4-pokojowe-a7w2q3,https://s2.adresowa.pl/oi/74/74/3f24b4_90ac_cover@2x-4-pokojowe-mieszkanie-warszawa-zoliborz-ul-juliusza-slowackiego.webp
Warszawa Praga-Południe,ul. Mińska,2,44,989000,22477,bez pośredników,,12,https://adresowo.pl/o/mieszkanie-warszawa-praga-poludnie-ul-minska-2-pokojowe-l8p5q4,https://s2.adresowa.pl/oi/11/3a/3f24a4_4490_cover@2x-2-pokojowe-mieszkanie-warszawa-praga-poludnie-ul-minska.webp
Warszawa Ursus,ul. Edwarda Habicha,2,47,840000,17872,Pośrednik,,13,https://adresowo.pl/o/mieszkanie-warszawa-ursus-ul-edwarda-habicha-2-pokojowe-u0u6i2,https://s2.adresowa.pl/oi/54/52/3f1650_3239_cover@2x-2-pokojowe-mieszkanie-warszawa-ursus-ul-edwarda-habicha.webp
Warszawa Białołęka,ul. Odkryta,2,43,530000,12326,Pośrednik,,10,https://adresowo.pl/o/mieszkanie-warszawa-bialoleka-ul-odkryta-2-pokojowe-o0u0f4,https://s2.adresowa.pl/oi/45/1d/3f15e0_b9a4_cover@2x-2-pokojowe-mieszkanie-warszawa-bialoleka-ul-odkryta.webp
Warszawa Wola,ul. Sienna,1,21,470000,22381,bez pośredników,,1,https://adresowo.pl/o/mieszkanie-warszawa-wola-ul-sienna-1-pokoj-w0d0o9,https://s2.adresowa.pl/oi/13/27/3f2466_8d78_cover@2x-1-pokojowe-mieszkanie-warszawa-wola-ul-sienna.webp
Warszawa Ochota,ul. Opaczewska 34,3,53,1060000,20000,bez pośredników,,17,https://adresowo.pl/o/mieszkanie-warszawa-ochota-ul-opaczewska-3-pokojowe-t9a4j7,https://s2.adresowa.pl/oi/35/21/3f2410_2d73_cover@2x-3-pokojowe-mieszkanie-warszawa-ochota-ul-opaczewska.webp
Warszawa Wilanów,ul. Herbu Janina,1,30,645000,21500,bez pośredników,,29,https://adresowo.pl/o/mieszkanie-warszawa-wilanow-ul-herbu-janina-1-pokoj-x1s3d0,https://s2.adresowa.pl/oi/68/26/3f23fc_ab69_cover@2x-1-pokojowe-mieszkanie-warszawa-wilanow-ul-herbu-janina.webp
Warszawa Ochota,ul. Aleje Jerozolimskie,1,27,495000,18333,Pośrednik,,6,https://adresowo.pl/o/mieszkanie-warszawa-ochota-ul-aleje-jerozolimskie-1-pokoj-f9t6l9,https://s2.adresowa.pl/oi/72/6f/3f15e2_e2a5_cover@2x-1-pokojowe-mieszkanie-warszawa-ochota-ul-aleje-jerozolimskie.webp
Warszawa Praga-Południe,ul. Żupnicza,1,36,895000,24861,Pośrednik,,11,https://adresowo.pl/o/mieszkanie-warszawa-praga-poludnie-ul-zupnicza-1-pokoj-u9u5y7,https://s2.adresowa.pl/oi/53/63/3f15dc_3914_cover@2x-1-pokojowe-mieszkanie-warszawa-praga-poludnie-ul-zupnicza.webp
Warszawa Wola,ul. Jana Krysta 5,3,52,918000,17654,bez pośredników,,19,https://adresowo.pl/o/mieszkanie-warszawa-wola-ul-jana-krysta-3-pokojowe-r2b7u0,https://s2.adresowa.pl/oi/2d/14/3eb8ae_41ee_cover@2x-3-pokojowe-mieszkanie-warszawa-wola-ul-jana-krysta.webp
Warszawa Mokotów,ul. Gotarda,2,41,720000,17561,bez pośredników,,9,https://adresowo.pl/o/mieszkanie-warszawa-mokotow-ul-gotarda-2-pokojowe-e3g6x5,https://s2.adresowa.pl/oi/68/59/3f23b4_7a75_cover@2x-2-pokojowe-mieszkanie-warszawa-mokotow-ul-gotarda.webp
Warszawa Sielce,ul. Iwicka,2,44,729000,16568,bez pośredników,,14,https://adresowo.pl/o/mieszkanie-warszawa-sielce-ul-iwicka-2-pokojowe-l6r6t5,https://s2.adresowa.pl/oi/37/6f/3f23ac_f959_cover@2x-2-pokojowe-mieszkanie-warszawa-sielce-ul-iwicka.webp
Warszawa Wola,ul. Obozowa,2,42,725000,17262,bez pośredników,,1,https://adresowo.pl/o/mieszkanie-warszawa-wola-ul-obozowa-2-pokojowe-m1o1y6,https://s2.adresowa.pl/oi/17/1f/3f2392_3d0f_cover@2x-2-pokojowe-mieszkanie-warszawa-wola-ul-obozowa.webp
Warszawa Śródmieście,ul. Czerniakowska,2,59,1630000,27627,Pośrednik,,17,https://adresowo.pl/o/mieszkanie-warszawa-srodmiescie-ul-czerniakowska-2-pokojowe-d4z7a4,https://s2.adresowa.pl/oi/70/60/3f15b0_4f6f_cover@2x-2-pokojowe-mieszkanie-warszawa-srodmiescie-ul-czerniakowska.webp
Warszawa Wawer,ul. Kościuszkowców,3,50,599000,11980,Pośrednik,,13,https://adresowo.pl/o/mieszkanie-warszawa-wawer-ul-kosciuszkowcow-3-pokojowe-z5q3e4,https://s2.adresowa.pl/oi/34/30/3f15ac_47e3_cover@2x-3-pokojowe-mieszkanie-warszawa-wawer-ul-kosciuszkowcow.webp
Warszawa Bemowo,ul. Ziębicka,4,88,1144000,13000,bez pośredników,,21,https://adresowo.pl/o/mieszkanie-warszawa-bemowo-ul-ziebicka-4-pokojowe-u8o9g9,https://s2.adresowa.pl/oi/21/15/3f237e_e29a_cover@2x-4-pokojowe-mieszkanie-warszawa-bemowo-ul-ziebicka.webp
Warszawa Praga-Południe,ul. gen. Romana Abrahama,1,42,690000,16429,bez pośredników,,12,https://adresowo.pl/o/mieszkanie-warszawa-praga-poludnie-ul-gen-romana-abrahama-1-pokoj-h7d6o9,https://s2.adresowa.pl/oi/2c/7b/3f2316_4ebd_cover@2x-1-pokojowe-mieszkanie-warszawa-praga-poludnie-ul-gen-romana-abrahama.webp
Warszawa Mokotów,ul. Bukietowa,1,28,650000,23214,bez pośredników,,26,https://adresowo.pl/o/mieszkanie-warszawa-mokotow-ul-bukietowa-1-pokoj-p2x0j2,https://s2.adresowa.pl/oi/25/62/3f22ea_be54_cover@2x-1-pokojowe-mieszkanie-warszawa-mokotow-ul-bukietowa.webp
Warszawa Wola,ul. Hipolita Wawelberga,2,62,930000,15000,Pośrednik,,17,https://adresowo.pl/o/mieszkanie-warszawa-wola-ul-hipolita-wawelberga-2-pokojowe-w7k9s7,https://s2.adresowa.pl/oi/71/5c/3f15aa_392a_cover@2x-2-pokojowe-mieszkanie-warszawa-wola-ul-hipolita-wawelberga.webp
Warszawa Żoliborz,ul. Władysława Broniewskiego,3,48,809000,16854,Pośrednik,,15,https://adresowo.pl/o/mieszkanie-warszawa-zoliborz-ul-wladyslawa-broniewskiego-3-pokojowe-z2s1b4,https://s2.adresowa.pl/oi/4a/62/3f159e_a21f_cover@2x-3-pokojowe-mieszkanie-warszawa-zoliborz-ul-wladyslawa-broniewskiego.webp
Warszawa Białołęka,ul. Głębocka,3,77,1130000,14675,bez pośredników,,16,https://adresowo.pl/o/mieszkanie-warszawa-bialoleka-ul-glebocka-3-pokojowe-v4d5e6,https://s2.adresowa.pl/oi/22/34/3f2296_3c79_cover@2x-3-pokojowe-mieszkanie-warszawa-bialoleka-ul-glebocka.webp
Warszawa Śródmieście,ul. Chmielna,2,52,975000,18750,bez pośredników,,11,https://adresowo.pl/o/mieszkanie-warszawa-srodmiescie-ul-chmielna-2-pokojowe-a2r5d6,https://s2.adresowa.pl/oi/37/1e/3f2270_6878_cover@2x-2-pokojowe-mieszkanie-warszawa-srodmiescie-ul-chmielna.webp
Warszawa Wola,ul. Goleszowska,2,36,940000,26111,bez pośredników,,15,https://adresowo.pl/o/mieszkanie-warszawa-wola-ul-goleszowska-2-pokojowe-o9y7n6,https://s2.adresowa.pl/oi/27/5c/3f2220_96d7_cover@2x-2-pokojowe-mieszkanie-warszawa-wola-ul-goleszowska.webp
Warszawa Ochota,ul. Grójecka 106,3,49,800000,16327,Pośrednik,,10,https://adresowo.pl/o/mieszkanie-warszawa-ochota-ul-grojecka-3-pokojowe-z2k0t9,https://s2.adresowa.pl/oi/7d/2a/3f156e_8b22_cover@2x-3-pokojowe-mieszkanie-warszawa-ochota-ul-grojecka.webp
Warszawa Wola,ul. Wolska,2,49,799000,16306,Pośrednik,,18,https://adresowo.pl/o/mieszkanie-warszawa-wola-ul-wolska-2-pokojowe-k5z1a5,https://s2.adresowa.pl/oi/3e/75/3f11d2_a7fc_cover@2x-2-pokojowe-mieszkanie-warszawa-wola-ul-wolska.webp
Warszawa Wawer,ul. Chorzowska,3,68,1400000,20588,bez pośredników,,6,https://adresowo.pl/o/mieszkanie-warszawa-wawer-ul-chorzowska-3-pokojowe-u0y5x1,https://s2.adresowa.pl/oi/59/5d/3f21ce_4966_cover@2x-3-pokojowe-mieszkanie-warszawa-wawer-ul-chorzowska.webp
Warszawa Wilanów,ul. Sarmacka,2,41,930000,22683,bez pośredników,,10,https://adresowo.pl/o/mieszkanie-warszawa-wilanow-ul-sarmacka-2-pokojowe-f1l6i8,https://s2.adresowa.pl/oi/38/67/3f21ca_be43_cover@2x-2-pokojowe-mieszkanie-warszawa-wilanow-ul-sarmacka.webp
Warszawa Ochota,ul. Grójecka,3,57,1450000,25439,bez pośredników,,9,https://adresowo.pl/o/mieszkanie-warszawa-ochota-ul-grojecka-3-pokojowe-h6g2d2,https://s2.adresowa.pl/oi/30/25/3f217a_b7ba_cover@2x-3-pokojowe-mieszkanie-warszawa-ochota-ul-grojecka.webp
Warszawa Nowodwory,ul. Odkryta,1,32,460000,14375,Pośrednik,,7,https://adresowo.pl/o/mieszkanie-warszawa-nowodwory-ul-odkryta-1-pokoj-k1k1q7,https://s2.adresowa.pl/oi/67/62/3f1160_29b8_cover@2x-1-pokojowe-mieszkanie-warszawa-nowodwory-ul-odkryta.webp
Warszawa Gocław,ul. Ostrobramska,3,61,849000,13918,Pośrednik,,18,https://adresowo.pl/o/mieszkanie-warszawa-goclaw-ul-ostrobramska-3-pokojowe-h7j9c3,https://s2.adresowa.pl/oi/6a/1f/3f1144_bded_cover@2x-3-pokojowe-mieszkanie-warszawa-goclaw-ul-ostrobramska.webp
Warszawa Kabaty,ul. Kazimierza Jeżewskiego,4,156,2690000,17244,bez pośredników,,11,https://adresowo.pl/o/mieszkanie-warszawa-kabaty-ul-kazimierza-jezewskiego-4-pokojowe-f7m3u3,https://s2.adresowa.pl/oi/47/1d/3f2034_4f33_cover@2x-4-pokojowe-mieszkanie-warszawa-kabaty-ul-kazimierza-jezewskiego.webp
Warszawa Ursus,ul. Herbu Oksza,2,37,690000,18649,bez pośredników,,13,https://adresowo.pl/o/mieszkanie-warszawa-ursus-ul-herbu-oksza-2-pokojowe-l3q5d7,https://s2.adresowa.pl/oi/39/57/3e9376_781d_cover@2x-2-pokojowe-mieszkanie-warszawa-ursus-ul-herbu-oksza.webp
Warszawa Bielany,ul. Szegedyńska,2,37,629000,17000,bez pośredników,,6,https://adresowo.pl/o/mieszkanie-warszawa-bielany-ul-szegedynska-2-pokojowe-o1y2w5,https://s2.adresowa.pl/oi/14/1e/3f2050_7191_cover@2x-2-pokojowe-mieszkanie-warszawa-bielany-ul-szegedynska.webp
Warszawa Ursus,ul. Tomcia Palucha,1,34,500000,14706,Pośrednik,,6,https://adresowo.pl/o/mieszkanie-warszawa-ursus-ul-tomcia-palucha-1-pokoj-i1l0c8,https://s2.adresowa.pl/oi/7e/67/3f1112_4940_cover@2x-1-pokojowe-mieszkanie-warszawa-ursus-ul-tomcia-palucha.webp
Warszawa Białołęka,ul. Nowodworska,2,39,540000,13846,Pośrednik,,11,https://adresowo.pl/o/mieszkanie-warszawa-bialoleka-ul-nowodworska-2-pokojowe-g7m2k3,https://s2.adresowa.pl/oi/6c/2b/3f108c_79e9_cover@2x-2-pokojowe-mieszkanie-warszawa-bialoleka-ul-nowodworska.webp
Warszawa Mokotów,ul. Bluszczańska,1,32,599000,18719,bez pośredników,,13,https://adresowo.pl/o/mieszkanie-warszawa-mokotow-ul-bluszczanska-1-pokoj-x5v3p6,https://s2.adresowa.pl/oi/7e/5c/3f2040_513a_cover@2x-1-pokojowe-mieszkanie-warszawa-mokotow-ul-bluszczanska.webp
Warszawa Wola,ul. Górczewska,2,38,819000,21553,bez pośredników,,8,https://adresowo.pl/o/mieszkanie-warszawa-wola-ul-gorczewska-2-pokojowe-w9z4o1,https://s2.adresowa.pl/oi/3e/21/3f203e_8ab9_cover@2x-2-pokojowe-mieszkanie-warszawa-wola-ul-gorczewska.webp
Warszawa Bielany,ul. Kwitnąca 11,2,52,620000,11923,bez pośredników,,1,https://adresowo.pl/o/mieszkanie-warszawa-bielany-ul-kwitnaca-2-pokojowe-o8p3o8,https://s2.adresowa.pl/oi/5f/15/3f2012_ebf6_cover@2x-2-pokojowe-mieszkanie-warszawa-bielany-ul-kwitnaca.webp
Warszawa Targówek,ul. Łabiszyńska,2,37,549000,14838,Pośrednik,,9,https://adresowo.pl/o/mieszkanie-warszawa-targowek-ul-labiszynska-2-pokojowe-a4r5y2,https://s2.adresowa.pl/oi/2b/4b/3f1082_80b0_cover@2x-2-pokojowe-mieszkanie-warszawa-targowek-ul-labiszynska.webp
Warszawa Mokotów,ul. Gandalfa,3,54,1470000,27222,Pośrednik,,17,https://adresowo.pl/o/mieszkanie-warszawa-mokotow-ul-gandalfa-3-pokojowe-e8k5j5,https://s2.adresowa.pl/oi/20/3a/3f106e_85c9_cover@2x-3-pokojowe-mieszkanie-warszawa-mokotow-ul-gandalfa.webp
Warszawa Włochy,ul. Aleje Jerozolimskie,1,23,387458,16846,bez pośredników,,10,https://adresowo.pl/o/mieszkanie-warszawa-wlochy-ul-aleje-jerozolimskie-1-pokoj-n1b0f8,https://s2.adresowa.pl/oi/1c/21/3f2010_b979_cover@2x-1-pokojowe-mieszkanie-warszawa-wlochy-ul-aleje-jerozolimskie.webp
Warszawa,ul. Piotra Wysockiego,2,41,669000,16317,bez pośredników,,12,https://adresowo.pl/o/mieszkanie-warszawa-ul-piotra-wysockiego-2-pokojowe-j5w4y2,https://s2.adresowa.pl/oi/6d/20/3f1f88_ecf9_cover@2x-2-pokojowe-mieszkanie-warszawa-ul-piotra-wysockiego.webp
Warszawa Żoliborz,ul. Ludwika Rydygiera,3,78,1790000,22949,bez pośredników,,12,https://adresowo.pl/o/mieszkanie-warszawa-zoliborz-ul-ludwika-rydygiera-3-pokojowe-h2h4h1,https://s2.adresowa.pl/oi/5a/23/3f0022_97e1_cover@2x-3-pokojowe-mieszkanie-warszawa-zoliborz-ul-ludwika-rydygiera.webp
Warszawa Ursynów,ul. Kłobucka,3,70,1155000,16500,Pośrednik,,19,https://adresowo.pl/o/mieszkanie-warszawa-ursynow-ul-klobucka-3-pokojowe-v4y5x3,https://s2.adresowa.pl/oi/30/17/3f1048_f3f5_cover@2x-3-pokojowe-mieszkanie-warszawa-ursynow-ul-klobucka.webp
Warszawa Ursus,ul. Aleje Jerozolimskie,5,125,1899000,15192,Pośrednik,,13,https://adresowo.pl/o/mieszkanie-warszawa-ursus-ul-aleje-jerozolimskie-5-pokojowe-j2c6x8,https://s2.adresowa.pl/oi/65/53/3f0de2_a68b_cover@2x-5-pokojowe-mieszkanie-warszawa-ursus-ul-aleje-jerozolimskie.webp
Warszawa,Muranów,1,18,425000,23611,bez pośredników,,14,https://adresowo.pl/o/mieszkanie-warszawa-muranow-1-pokoj-18-m2-d2j1g4,https://s2.adresowa.pl/oi/56/53/3f1f5a_52a2_cover@2x-1-pokojowe-mieszkanie-warszawa-muranow.webp
Warszawa Wola,ul. Mordechaja Anielewicza,3,48,680000,14167,bez pośredników,,8,https://adresowo.pl/o/mieszkanie-warszawa-wola-ul-mordechaja-anielewicza-3-pokojowe-o4k1c3,https://s2.adresowa.pl/oi/77/53/3f1e2e_c5c8_cover@2x-3-pokojowe-mieszkanie-warszawa-wola-ul-mordechaja-anielewicza.webp
Warszawa Żoliborz,ul. Zygmunta Krasińskiego,2,45,1070000,23778,bez pośredników,,6,https://adresowo.pl/o/mieszkanie-warszawa-zoliborz-ul-zygmunta-krasinskiego-2-pokojowe-f2t8t6,https://s2.adresowa.pl/oi/6f/11/3f1dfc_da49_cover@2x-2-pokojowe-mieszkanie-warszawa-zoliborz-ul-zygmunta-krasinskiego.webp
Warszawa Żoliborz,ul. Włościańska,2,37,730000,19730,Pośrednik,,8,https://adresowo.pl/o/mieszkanie-warszawa-zoliborz-ul-wloscianska-2-pokojowe-g5y9b0,https://s2.adresowa.pl/oi/72/7a/3f0de0_31fd_cover@2x-2-pokojowe-mieszkanie-warszawa-zoliborz-ul-wloscianska.webp
Warszawa Wilanów,ul. Syta,2,36,730000,20278,Pośrednik,,18,https://adresowo.pl/o/mieszkanie-warszawa-wilanow-ul-syta-2-pokojowe-l4v3z5,https://s2.adresowa.pl/oi/58/42/3f0dde_61a0_cover@2x-2-pokojowe-mieszkanie-warszawa-wilanow-ul-syta.webp
Warszawa Bródno,ul. Krasiczyńska,1,26,450000,17308,bez pośredników,,8,https://adresowo.pl/o/mieszkanie-warszawa-brodno-ul-krasiczynska-1-pokoj-q8p5m5,https://s2.adresowa.pl/oi/78/75/3f1df6_a41a_cover@2x-1-pokojowe-mieszkanie-warszawa-brodno-ul-krasiczynska.webp
Warszawa Stegny,ul. Portofino,1,31,500000,16129,bez pośredników,,4,https://adresowo.pl/o/mieszkanie-warszawa-stegny-ul-portofino-1-pokoj-i1w1r2,https://s2.adresowa.pl/oi/67/14/3f1de6_337c_cover@2x-1-pokojowe-mieszkanie-warszawa-stegny-ul-portofino.webp
Warszawa Śródmieście,al. Jana Pawła II,2,27,650000,24074,bez pośredników,,8,https://adresowo.pl/o/mieszkanie-warszawa-srodmiescie-al-jana-pawla-ii-2-pokojowe-j9z7z9,https://s2.adresowa.pl/oi/24/45/3f1d82_741b_cover@2x-2-pokojowe-mieszkanie-warszawa-srodmiescie-al-jana-pawla-ii.webp
Warszawa Praga,ul. Wołomińska,1,30,447000,14900,Pośrednik,,16,https://adresowo.pl/o/mieszkanie-warszawa-praga-ul-wolominska-1-pokoj-n5b5h4,https://s2.adresowa.pl/oi/76/73/3f0dba_671b_cover@2x-1-pokojowe-mieszkanie-warszawa-praga-ul-wolominska.webp
Warszawa Białołęka,ul. Myśliborska,3,46,810000,17609,Pośrednik,,15,https://adresowo.pl/o/mieszkanie-warszawa-bialoleka-ul-mysliborska-3-pokojowe-m7s7z2,https://s2.adresowa.pl/oi/43/1e/3f0d96_a0b3_cover@2x-3-pokojowe-mieszkanie-warszawa-bialoleka-ul-mysliborska.webp
Warszawa Ursus,ul. Aleksandra Prystora 3A,2,51,930000,18235,bez pośredników,,14,https://adresowo.pl/o/mieszkanie-warszawa-ursus-ul-aleksandra-prystora-2-pokojowe-p8n9f9,https://s2.adresowa.pl/oi/5d/4d/3f1d54_ef75_cover@2x-2-pokojowe-mieszkanie-warszawa-ursus-ul-aleksandra-prystora.webp
Warszawa Mokotów,ul. Sielecka,2,65,2882000,44338,bez pośredników,,9,https://adresowo.pl/o/mieszkanie-warszawa-mokotow-ul-sielecka-2-pokojowe-p7x9i1,https://s2.adresowa.pl/oi/20/55/3f1d40_ec43_cover@2x-2-pokojowe-mieszkanie-warszawa-mokotow-ul-sielecka.webp
Warszawa Wola,ul. Jana Olbrachta 23B,2,54,1100000,20370,bez pośredników,,9,https://adresowo.pl/o/mieszkanie-warszawa-wola-ul-jana-olbrachta-2-pokojowe-u1e1x6,https://s2.adresowa.pl/oi/77/70/3f1c44_647a_cover@2x-2-pokojowe-mieszkanie-warszawa-wola-ul-jana-olbrachta.webp
Warszawa Wilanów,ul. Sarmacka,2,49,1099000,22429,Pośrednik,,14,https://adresowo.pl/o/mieszkanie-warszawa-wilanow-ul-sarmacka-2-pokojowe-a2n3c8,https://s2.adresowa.pl/oi/69/62/3f0c76_e9da_cover@2x-2-pokojowe-mieszkanie-warszawa-wilanow-ul-sarmacka.webp
Warszawa Żoliborz,ul. ks. Teofila Boguckiego 3,1,28,600000,21429,Pośrednik,,12,https://adresowo.pl/o/mieszkanie-warszawa-zoliborz-ul-ks-teofila-boguckiego-1-pokoj-a2p4v3,https://s2.adresowa.pl/oi/6a/5d/3f0c58_a9d7_cover@2x-1-pokojowe-mieszkanie-warszawa-zoliborz-ul-ks-teofila-boguckiego.webp
Warszawa Ursynów,ul. Pieskowa Skała,3,76,1350000,17763,bez pośredników,,21,https://adresowo.pl/o/mieszkanie-warszawa-ursynow-ul-pieskowa-skala-3-pokojowe-v2d4p6,https://s2.adresowa.pl/oi/65/5c/3f1bd4_af83_cover@2x-3-pokojowe-mieszkanie-warszawa-ursynow-ul-pieskowa-skala.webp
Warszawa Mokotów,ul. Arbuzowa,3,59,1163000,19712,bez pośredników,,7,https://adresowo.pl/o/mieszkanie-warszawa-mokotow-ul-arbuzowa-3-pokojowe-g2l2t6,https://s2.adresowa.pl/oi/37/28/3f19b8_3f6d_cover@2x-3-pokojowe-mieszkanie-warszawa-mokotow-ul-arbuzowa.webp
Warszawa Mokotów,ul. Chrystiana Piotra Aignera,3,71,1735000,24437,bez pośredników,,19,https://adresowo.pl/o/mieszkanie-warszawa-mokotow-ul-chrystiana-piotra-aignera-3-pokojowe-a8t3h2,https://s2.adresowa.pl/oi/71/47/3f1b02_7413_cover@2x-3-pokojowe-mieszkanie-warszawa-mokotow-ul-chrystiana-piotra-aignera.webp
Warszawa Białołęka,ul. Płochocińska 199,3,46,650000,14130,Pośrednik,,17,https://adresowo.pl/o/mieszkanie-warszawa-bialoleka-ul-plochocinska-3-pokojowe-b8j1f3,https://s2.adresowa.pl/oi/21/37/3f0ab2_e8e1_cover@2x-3-pokojowe-mieszkanie-warszawa-bialoleka-ul-plochocinska.webp
Warszawa,Bródno,2,46,599000,13022,Pośrednik,,11,https://adresowo.pl/o/mieszkanie-warszawa-brodno-2-pokojowe-46-m2-h0v5c2,https://s2.adresowa.pl/oi/1a/3d/3f098e_c9da_cover@2x-2-pokojowe-mieszkanie-warszawa-brodno.webp
Warszawa Wilanów,ul. Bruzdowa,2,45,929000,20644,bez pośredników,,11,https://adresowo.pl/o/mieszkanie-warszawa-wilanow-ul-bruzdowa-2-pokojowe-z1i8s1,https://s2.adresowa.pl/oi/2e/4b/3f1a4e_6bac_cover@2x-2-pokojowe-mieszkanie-warszawa-wilanow-ul-bruzdowa.webp
Warszawa,Białołęka,2,43,580000,13488,bez pośredników,,8,https://adresowo.pl/o/mieszkanie-warszawa-bialoleka-2-pokojowe-43-m2-q3q7m1,https://s2.adresowa.pl/oi/25/70/3f1aa0_c5de_cover@2x-2-pokojowe-mieszkanie-warszawa-bialoleka.webp
Warszawa Włochy,ul. Stawy,2,39,669000,17154,bez pośredników,,13,https://adresowo.pl/o/mieszkanie-warszawa-wlochy-ul-stawy-2-pokojowe-l8z5l3,https://s2.adresowa.pl/oi/59/76/3f1a88_b339_cover@2x-2-pokojowe-mieszkanie-warszawa-wlochy-ul-stawy.webp
Warszawa Żoliborz,ul. Ludwika Rydygiera,2,51,1339000,26255,Pośrednik,,16,https://adresowo.pl/o/mieszkanie-warszawa-zoliborz-ul-ludwika-rydygiera-2-pokojowe-t7s6p8,https://s2.adresowa.pl/oi/37/77/3f096a_dfde_cover@2x-2-pokojowe-mieszkanie-warszawa-zoliborz-ul-ludwika-rydygiera.webp
Warszawa Ursynów,ul. Jana Żabińskiego,2,51,1010000,19804,Pośrednik,,15,https://adresowo.pl/o/mieszkanie-warszawa-ursynow-ul-jana-zabinskiego-2-pokojowe-w1i2a3,https://s2.adresowa.pl/oi/79/3b/3f0956_6973_cover@2x-2-pokojowe-mieszkanie-warszawa-ursynow-ul-jana-zabinskiego.webp
Warszawa Żoliborz,al. Wojska Polskiego,1,29,660000,22759,bez pośredników,,7,https://adresowo.pl/o/mieszkanie-warszawa-zoliborz-al-wojska-polskiego-1-pokoj-x0n4v5,https://s2.adresowa.pl/oi/59/6b/3f1a6a_76d3_cover@2x-1-pokojowe-mieszkanie-warszawa-zoliborz-al-wojska-polskiego.webp
Warszawa Odolany,ul. Jana Kazimierza,4,76,1950000,25658,bez pośredników,,17,https://adresowo.pl/o/mieszkanie-warszawa-odolany-ul-jana-kazimierza-4-pokojowe-e4h9h4,https://s2.adresowa.pl/oi/30/2b/3f19b4_cdde_cover@2x-4-pokojowe-mieszkanie-warszawa-odolany-ul-jana-kazimierza.webp
Warszawa Ursynów,ul. Stefana Szolc-Rogozińskiego,3,56,794000,14179,bez pośredników,,8,https://adresowo.pl/o/mieszkanie-warszawa-ursynow-ul-stefana-szolc-rogozinskiego-3-pokojowe-k4d1f9,https://s2.adresowa.pl/oi/72/67/3f181c_2c81_cover@2x-3-pokojowe-mieszkanie-warszawa-ursynow-ul-stefana-szolc-rogozinskiego.webp
Warszawa Wola,ul. Kolejowa,2,35,1010900,28883,Pośrednik,,17,https://adresowo.pl/o/mieszkanie-warszawa-wola-ul-kolejowa-2-pokojowe-u6n5h2,https://s2.adresowa.pl/oi/2e/48/3f0950_857f_cover@2x-2-pokojowe-mieszkanie-warszawa-wola-ul-kolejowa.webp
Warszawa Targówek,ul. Chodecka,2,38,649900,17103,Pośrednik,,8,https://adresowo.pl/o/mieszkanie-warszawa-targowek-ul-chodecka-2-pokojowe-p1c3q2,https://s2.adresowa.pl/oi/6c/76/3f094a_6c0f_cover@2x-2-pokojowe-mieszkanie-warszawa-targowek-ul-chodecka.webp
Warszawa Kamionek,ul. Żupnicza,3,60,1280000,21333,bez pośredników,,11,https://adresowo.pl/o/mieszkanie-warszawa-kamionek-ul-zupnicza-3-pokojowe-i8q6g6,https://s2.adresowa.pl/oi/46/64/3f1790_9f2f_cover@2x-3-pokojowe-mieszkanie-warszawa-kamionek-ul-zupnicza.webp
Warszawa Żoliborz,ul. Barszczewska,2,44,1290000,29318,bez pośredników,,19,https://adresowo.pl/o/mieszkanie-warszawa-zoliborz-ul-barszczewska-2-pokojowe-d8u6p4,https://s2.adresowa.pl/oi/7a/29/3f1768_a60c_cover@2x-2-pokojowe-mieszkanie-warszawa-zoliborz-ul-barszczewska.webp
Warszawa Bielany,ul. Literacka,2,57,995000,17456,bez pośredników,,19,https://adresowo.pl/o/mieszkanie-warszawa-bielany-ul-literacka-2-pokojowe-f6r9x5,https://s2.adresowa.pl/oi/36/5d/3f1766_5eed_cover@2x-2-pokojowe-mieszkanie-warszawa-bielany-ul-literacka.webp
Warszawa Białołęka,ul. Mikołaja Trąby,2,41,649999,15854,Pośrednik,,11,https://adresowo.pl/o/mieszkanie-warszawa-bialoleka-ul-mikolaja-traby-2-pokojowe-j7x7q9,https://s2.adresowa.pl/oi/5e/3a/3f092a_744e_cover@2x-2-pokojowe-mieszkanie-warszawa-bialoleka-ul-mikolaja-traby.webp
Warszawa Białołęka,ul. Marywilska,3,64,1279000,19984,Pośrednik,,14,https://adresowo.pl/o/mieszkanie-warszawa-bialoleka-ul-marywilska-3-pokojowe-y0t4z1,https://s2.adresowa.pl/oi/27/16/3f06fa_9bac_cover@2x-3-pokojowe-mieszkanie-warszawa-bialoleka-ul-marywilska.webp
Warszawa Mokotów,ul. Stefana Batorego,3,48,915000,19062,bez pośredników,,12,https://adresowo.pl/o/mieszkanie-warszawa-mokotow-ul-stefana-batorego-3-pokojowe-q3r1x9,https://s2.adresowa.pl/oi/17/34/3f14f6_ce93_cover@2x-3-pokojowe-mieszkanie-warszawa-mokotow-ul-stefana-batorego.webp
Warszawa,Wawer,3,75,1120000,14933,bez pośredników,,7,https://adresowo.pl/o/mieszkanie-warszawa-wawer-3-pokojowe-75-m2-v3b8x4,https://s2.adresowa.pl/oi/26/36/3f146e_6f62_cover@2x-3-pokojowe-mieszkanie-warszawa-wawer.webp
Warszawa Ursynów,ul. Małej Łąki,2,56,1053938,18820,bez pośredników,,19,https://adresowo.pl/o/mieszkanie-warszawa-ursynow-ul-malej-laki-2-pokojowe-v3m7s3,https://s2.adresowa.pl/oi/1d/3f/3f1450_e063_cover@2x-2-pokojowe-mieszkanie-warszawa-ursynow-ul-malej-laki.webp
Warszawa Bemowo,ul. Górczewska,3,62,1100000,17742,Pośrednik,,16,https://adresowo.pl/o/mieszkanie-warszawa-bemowo-ul-gorczewska-3-pokojowe-v2t2d9,https://s2.adresowa.pl/oi/46/29/3f06f6_da99_cover@2x-3-pokojowe-mieszkanie-warszawa-bemowo-ul-gorczewska.webp
Warszawa Wilanów,al. Rzeczypospolitej,3,69,1590000,23043,Pośrednik,,6,https://adresowo.pl/o/mieszkanie-warszawa-wilanow-al-rzeczypospolitej-3-pokojowe-c1z2l4,https://s2.adresowa.pl/oi/55/24/3f06f2_853d_cover@2x-3-pokojowe-mieszkanie-warszawa-wilanow-al-rzeczypospolitej.webp
Warszawa Praga-Południe,ul. Biskupia,3,67,1012500,15112,bez pośredników,,9,https://adresowo.pl/o/mieszkanie-warszawa-praga-poludnie-ul-biskupia-3-pokojowe-k2q8x6,https://s2.adresowa.pl/oi/75/2c/3f135a_b4d7_cover@2x-3-pokojowe-mieszkanie-warszawa-praga-poludnie-ul-biskupia.webp
Warszawa Wola,ul. Leszno,1,35,750000,21429,bez pośredników,,10,https://adresowo.pl/o/mieszkanie-warszawa-wola-ul-leszno-1-pokoj-h4x0l9,https://s2.adresowa.pl/oi/7c/61/3f131c_3e8b_cover@2x-1-pokojowe-mieszkanie-warszawa-wola-ul-leszno.webp
Warszawa Bemowo,ul. Obrońców Tobruku,2,34,749000,22029,bez pośredników,,11,https://adresowo.pl/o/mieszkanie-warszawa-bemowo-ul-obroncow-tobruku-2-pokojowe-i9h6w7,https://s2.adresowa.pl/oi/21/71/3f1306_ed27_cover@2x-2-pokojowe-mieszkanie-warszawa-bemowo-ul-obroncow-tobruku.webp
Warszawa Mokotów,ul. Aleksandra Gierymskiego,2,39,660000,16923,Pośrednik,,8,https://adresowo.pl/o/mieszkanie-warszawa-mokotow-ul-aleksandra-gierymskiego-2-pokojowe-f3c3e1,https://s2.adresowa.pl/oi/6b/1e/3f06f4_2a5a_cover@2x-2-pokojowe-mieszkanie-warszawa-mokotow-ul-aleksandra-gierymskiego.webp
Warszawa Wola,ul. Jana Kazimierza,2,35,850000,24286,Pośrednik,,4,https://adresowo.pl/o/mieszkanie-warszawa-wola-ul-jana-kazimierza-2-pokojowe-r6e6a3,https://s2.adresowa.pl/oi/1b/13/3f05d8_52a3_cover@2x-2-pokojowe-mieszkanie-warszawa-wola-ul-jana-kazimierza.webp
Warszawa Mokotów,ul. Powsińska,3,66,2300000,34848,bez pośredników,,9,https://adresowo.pl/o/mieszkanie-warszawa-mokotow-ul-powsinska-3-pokojowe-g4i5q5,https://s2.adresowa.pl/oi/32/24/3f12ca_5231_cover@2x-3-pokojowe-mieszkanie-warszawa-mokotow-ul-powsinska.webp
Warszawa Stegny,ul. Egejska,3,64,750000,11719,bez pośredników,,6,https://adresowo.pl/o/mieszkanie-warszawa-stegny-ul-egejska-3-pokojowe-k5j7h1,https://s2.adresowa.pl/oi/6d/70/3f11cc_7c8d_cover@2x-3-pokojowe-mieszkanie-warszawa-stegny-ul-egejska.webp
Warszawa Białołęka,ul. Kartograficzna,2,40,620000,15500,bez pośredników,,8,https://adresowo.pl/o/mieszkanie-warszawa-bialoleka-ul-kartograficzna-2-pokojowe-i8q6k0,https://s2.adresowa.pl/oi/5c/2e/3f1188_baa3_cover@2x-2-pokojowe-mieszkanie-warszawa-bialoleka-ul-kartograficzna.webp
Warszawa Targówek,ul. Żuromińska 1,2,38,469000,12342,Pośrednik,,13,https://adresowo.pl/o/mieszkanie-warszawa-targowek-ul-zurominska-2-pokojowe-q6g8p9,https://s2.adresowa.pl/oi/35/72/3f05b6_5f1b_cover@2x-2-pokojowe-mieszkanie-warszawa-targowek-ul-zurominska.webp
Warszawa Ochota,ul. Juliana Ursyna Niemcewicza 26,4,82,1500000,18293,Pośrednik,,20,https://adresowo.pl/o/mieszkanie-warszawa-ochota-ul-juliana-ursyna-niemcewicza-4-pokojowe-b9o9z2,https://s2.adresowa.pl/oi/31/14/3f02ba_5346_cover@2x-4-pokojowe-mieszkanie-warszawa-ochota-ul-juliana-ursyna-niemcewicza.webp
Warszawa Bemowo,ul. Górczewska,2,40,880000,22000,bez pośredników,,14,https://adresowo.pl/o/mieszkanie-warszawa-bemowo-ul-gorczewska-2-pokojowe-s3e6v1,https://s2.adresowa.pl/oi/7f/6a/3f0f60_dedf_cover@2x-2-pokojowe-mieszkanie-warszawa-bemowo-ul-gorczewska.webp
Warszawa Bródno,ul. Głębocka,3,55,1250000,22727,bez pośredników,,16,https://adresowo.pl/o/mieszkanie-warszawa-brodno-ul-glebocka-3-pokojowe-g1h9t7,https://s2.adresowa.pl/oi/41/75/3f0ffc_632c_cover@2x-3-pokojowe-mieszkanie-warszawa-brodno-ul-glebocka.webp
Warszawa Żoliborz,ul. Elbląska,3,47,800000,17021,bez pośredników,,13,https://adresowo.pl/o/mieszkanie-warszawa-zoliborz-ul-elblaska-3-pokojowe-v2m4p1,https://s2.adresowa.pl/oi/12/3c/3f0fee_82a7_cover@2x-3-pokojowe-mieszkanie-warszawa-zoliborz-ul-elblaska.webp
Warszawa Praga-Północ,ul. Targowa,3,69,1090000,15797,Pośrednik,,12,https://adresowo.pl/o/mieszkanie-warszawa-praga-polnoc-ul-targowa-3-pokojowe-c5t7h0,https://s2.adresowa.pl/oi/27/3f/3f027a_c2e2_cover@2x-3-pokojowe-mieszkanie-warszawa-praga-polnoc-ul-targowa.webp
Warszawa Mokotów,ul. Różana 8,4,107,2350000,21963,Pośrednik,,23,https://adresowo.pl/o/mieszkanie-warszawa-mokotow-ul-rozana-4-pokojowe-v7a4y3,https://s2.adresowa.pl/oi/6b/34/3f005a_a719_cover@2x-4-pokojowe-mieszkanie-warszawa-mokotow-ul-rozana.webp
Warszawa Sadyba,ul. Konstancińska,2,49,900000,18367,bez pośredników,,19,https://adresowo.pl/o/mieszkanie-warszawa-sadyba-ul-konstancinska-2-pokojowe-h2p3b6,https://s2.adresowa.pl/oi/55/50/3f0fe8_850c_cover@2x-2-pokojowe-mieszkanie-warszawa-sadyba-ul-konstancinska.webp
Warszawa Mokotów,ul. Etiudy Rewolucyjnej,2,38,526500,13855,bez pośredników,,2,https://adresowo.pl/o/mieszkanie-warszawa-mokotow-ul-etiudy-rewolucyjnej-2-pokojowe-z3f6w4,https://s2.adresowa.pl/oi/1b/52/3f0fe2_40a3_cover@2x-2-pokojowe-mieszkanie-warszawa-mokotow-ul-etiudy-rewolucyjnej.webp
Warszawa Mokotów,ul. Zygmunta Modzelewskiego,2,44,720000,16364,bez pośredników,,18,https://adresowo.pl/o/mieszkanie-warszawa-mokotow-ul-zygmunta-modzelewskiego-2-pokojowe-i9k5l4,https://s2.adresowa.pl/oi/61/72/3f0fbc_7fb7_cover@2x-2-pokojowe-mieszkanie-warszawa-mokotow-ul-zygmunta-modzelewskiego.webp
Warszawa Żoliborz,ul. Saperska,2,50,1449000,28980,Pośrednik,,12,https://adresowo.pl/o/mieszkanie-warszawa-zoliborz-ul-saperska-2-pokojowe-t2o3f4,https://s2.adresowa.pl/oi/47/17/3f0056_f47a_cover@2x-2-pokojowe-mieszkanie-warszawa-zoliborz-ul-saperska.webp
Warszawa Ursynów,ul. Jana Cybisa,4,63,849000,13476,Pośrednik,,20,https://adresowo.pl/o/mieszkanie-warszawa-ursynow-ul-jana-cybisa-4-pokojowe-q5m5i3,https://s2.adresowa.pl/oi/5c/25/3f004c_2ae7_cover@2x-4-pokojowe-mieszkanie-warszawa-ursynow-ul-jana-cybisa.webp
Warszawa Bródno,ul. Głębocka,4,84,1750000,20833,bez pośredników,,18,https://adresowo.pl/o/mieszkanie-warszawa-brodno-ul-glebocka-4-pokojowe-v1n6t2,https://s2.adresowa.pl/oi/24/28/3f0fb6_9ffe_cover@2x-4-pokojowe-mieszkanie-warszawa-brodno-ul-glebocka.webp
Warszawa,ul. Ostrobramska,3,60,1000000,16667,bez pośredników,,8,https://adresowo.pl/o/mieszkanie-warszawa-ul-ostrobramska-3-pokojowe-g4i2i4,https://s2.adresowa.pl/oi/38/13/3f0fa4_66e3_cover@2x-3-pokojowe-mieszkanie-warszawa-ul-ostrobramska.webp
Warszawa Targówek,ul. Łojewska,2,36,530000,14722,bez pośredników,,15,https://adresowo.pl/o/mieszkanie-warszawa-targowek-ul-lojewska-2-pokojowe-c0q2t1,https://s2.adresowa.pl/oi/3d/32/3f0fa0_32e8_cover@2x-2-pokojowe-mieszkanie-warszawa-targowek-ul-lojewska.webp
Warszawa Śródmieście,ul. Wąski Dunaj 12,1,51,1190000,23333,Pośrednik,,16,https://adresowo.pl/o/mieszkanie-warszawa-srodmiescie-ul-waski-dunaj-1-pokoj-m3w4s6,https://s2.adresowa.pl/oi/20/20/3efde4_cf80_cover@2x-1-pokojowe-mieszkanie-warszawa-srodmiescie-ul-waski-dunaj.webp
Warszawa Ursynów,ul. Stanisława Kulczyńskiego,2,56,830000,14821,Pośrednik,,5,https://adresowo.pl/o/mieszkanie-warszawa-ursynow-ul-stanislawa-kulczynskiego-2-pokojowe-e5z3v5,https://s2.adresowa.pl/oi/5b/4b/3efde0_f77c_cover@2x-2-pokojowe-mieszkanie-warszawa-ursynow-ul-stanislawa-kulczynskiego.webp
Warszawa,Gocław,3,56,1200000,21429,bez pośredników,,9,https://adresowo.pl/o/mieszkanie-warszawa-goclaw-3-pokojowe-56-m2-u9w8w8,https://s2.adresowa.pl/oi/59/70/3f0f7e_a33a_cover@2x-3-pokojowe-mieszkanie-warszawa-goclaw.webp
Warszawa Mokotów,ul. Zygmunta Modzelewskiego,4,80,2370560,29632,bez pośredników,,20,https://adresowo.pl/o/mieszkanie-warszawa-mokotow-ul-zygmunta-modzelewskiego-4-pokojowe-e1z4l2,https://s2.adresowa.pl/oi/5f/3a/3f0f6a_a541_cover@2x-4-pokojowe-mieszkanie-warszawa-mokotow-ul-zygmunta-modzelewskiego.webp
Warszawa Praga-Południe,ul. Jagiellońska,2,37,800000,21622,bez pośredników,,9,https://adresowo.pl/o/mieszkanie-warszawa-praga-poludnie-ul-jagiellonska-2-pokojowe-v9u2b9,https://s2.adresowa.pl/oi/41/13/3f0f3e_b8ce_cover@2x-2-pokojowe-mieszkanie-warszawa-praga-poludnie-ul-jagiellonska.webp
Warszawa Bemowo,ul. mjr. Henryka Sucharskiego 6,3,52,780000,15000,Pośrednik,,19,https://adresowo.pl/o/mieszkanie-warszawa-bemowo-ul-mjr-henryka-sucharskiego-3-pokojowe-b9j8p6,https://s2.adresowa.pl/oi/60/7b/3efd8e_8421_cover@2x-3-pokojowe-mieszkanie-warszawa-bemowo-ul-mjr-henryka-sucharskiego.webp
Warszawa Włochy,ul. Krańcowa,3,65,1130000,17385,Pośrednik,,18,https://adresowo.pl/o/mieszkanie-warszawa-wlochy-ul-krancowa-3-pokojowe-g7m5q3,https://s2.adresowa.pl/oi/1c/22/3efd80_6bb9_cover@2x-3-pokojowe-mieszkanie-warszawa-wlochy-ul-krancowa.webp
Warszawa Mokotów,ul. Bolesława Limanowskiego,3,46,843000,18326,bez pośredników,,7,https://adresowo.pl/o/mieszkanie-warszawa-mokotow-ul-boleslawa-limanowskiego-3-pokojowe-o3s5g4,https://s2.adresowa.pl/oi/59/56/3f04ca_ac2d_cover@2x-3-pokojowe-mieszkanie-warszawa-mokotow-ul-boleslawa-limanowskiego.webp
Warszawa Praga-Południe,ul. Dubieńska,1,15,315000,21000,bez pośredników,,9,https://adresowo.pl/o/mieszkanie-warszawa-praga-poludnie-ul-dubienska-1-pokoj-e3o6y4,https://s2.adresowa.pl/oi/5a/59/3f0f06_75b5_cover@2x-1-pokojowe-mieszkanie-warszawa-praga-poludnie-ul-dubienska.webp
Warszawa Gocław,ul. Szkoły Orląt,2,34,734800,21612,bez pośredników,,12,https://adresowo.pl/o/mieszkanie-warszawa-goclaw-ul-szkoly-orlat-2-pokojowe-e9g5u2,https://s2.adresowa.pl/oi/5f/27/3f0df4_8eed_cover@2x-2-pokojowe-mieszkanie-warszawa-goclaw-ul-szkoly-orlat.webp
Warszawa Mokotów,ul. Wałbrzyska,2,40,901000,22525,Pośrednik,,9,https://adresowo.pl/o/mieszkanie-warszawa-mokotow-ul-walbrzyska-2-pokojowe-s8q7a6,https://s2.adresowa.pl/oi/3a/29/3efd7a_6315_cover@2x-2-pokojowe-mieszkanie-warszawa-mokotow-ul-walbrzyska.webp
Warszawa Wilanów,ul. Augustówka 8,3,67,980000,14627,Pośrednik,,20,https://adresowo.pl/o/mieszkanie-warszawa-wilanow-ul-augustowka-3-pokojowe-n8w1v5,https://s2.adresowa.pl/oi/22/75/3efd70_3f05_cover@2x-3-pokojowe-mieszkanie-warszawa-wilanow-ul-augustowka.webp
Warszawa Śródmieście,ul. Aleje Jerozolimskie,4,91,2200000,24176,bez pośredników,,6,https://adresowo.pl/o/mieszkanie-warszawa-srodmiescie-ul-aleje-jerozolimskie-4-pokojowe-n5b8o7,https://s2.adresowa.pl/oi/27/15/3f0de4_9a79_cover@2x-4-pokojowe-mieszkanie-warszawa-srodmiescie-ul-aleje-jerozolimskie.webp
Warszawa Bemowo,ul. Waleriana Czumy,4,72,999000,13875,bez pośredników,,1,https://adresowo.pl/o/mieszkanie-warszawa-bemowo-ul-waleriana-czumy-4-pokojowe-z6b3l2,https://s2.adresowa.pl/oi/4e/36/3f0cd8_3913_cover@2x-4-pokojowe-mieszkanie-warszawa-bemowo-ul-waleriana-czumy.webp
Warszawa Ochota,ul. Nowowiejska 28,2,40,980000,24500,bez pośredników,,9,https://adresowo.pl/o/mieszkanie-warszawa-ochota-ul-nowowiejska-2-pokojowe-f7d5t0,https://s2.adresowa.pl/oi/1c/10/3f0be2_8b45_cover@2x-2-pokojowe-mieszkanie-warszawa-ochota-ul-nowowiejska.webp
Warszawa Ochota,ul. Złotego Smoka,4,90,1750000,19444,Pośrednik,,20,https://adresowo.pl/o/mieszkanie-warszawa-ochota-ul-zlotego-smoka-4-pokojowe-e9t4b2,https://s2.adresowa.pl/oi/39/37/3efce2_33e3_cover@2x-4-pokojowe-mieszkanie-warszawa-ochota-ul-zlotego-smoka.webp
Warszawa Ursus,ul. Skoroszewska,3,71,930000,13099,Pośrednik,,19,https://adresowo.pl/o/mieszkanie-warszawa-ursus-ul-skoroszewska-3-pokojowe-t6c7t9,https://s2.adresowa.pl/oi/36/6f/3efcdc_67ff_cover@2x-3-pokojowe-mieszkanie-warszawa-ursus-ul-skoroszewska.webp
Warszawa Włochy,"ul. Batalionu AK ""Włochy""",5,120,1490000,12417,bez pośredników,,20,https://adresowo.pl/o/mieszkanie-warszawa-wlochy-ul-batalionu-ak-wlochy-5-pokojowe-y4h3i7,https://s2.adresowa.pl/oi/57/64/3f0bde_f9b7_cover@2x-5-pokojowe-mieszkanie-warszawa-wlochy-ul-batalionu-ak-wlochy-.webp
Warszawa Mokotów,al. Wilanowska,3,56,910000,16250,bez pośredników,,11,https://adresowo.pl/o/mieszkanie-warszawa-mokotow-al-wilanowska-3-pokojowe-m3i4h9,https://s2.adresowa.pl/oi/7a/5f/3f0b5c_c999_cover@2x-3-pokojowe-mieszkanie-warszawa-mokotow-al-wilanowska.webp
Warszawa Bemowo,ul. Stanisława Ligonia,3,82,1220000,14878,bez pośredników,,21,https://adresowo.pl/o/mieszkanie-warszawa-bemowo-ul-stanislawa-ligonia-3-pokojowe-l0k1j4,https://s2.adresowa.pl/oi/59/26/3f09d2_c111_cover@2x-3-pokojowe-mieszkanie-warszawa-bemowo-ul-stanislawa-ligonia.webp
Warszawa Praga,ul. Łukowska,3,59,750000,12712,Pośrednik,,20,https://adresowo.pl/o/mieszkanie-warszawa-praga-ul-lukowska-3-pokojowe-d1v0o2,https://s2.adresowa.pl/oi/78/2f/3efcd8_9834_cover@2x-3-pokojowe-mieszkanie-warszawa-praga-ul-lukowska.webp
Warszawa Wola,ul. Jana Kazimierza,2,49,980000,20000,Pośrednik,,19,https://adresowo.pl/o/mieszkanie-warszawa-wola-ul-jana-kazimierza-2-pokojowe-p6w0w8,https://s2.adresowa.pl/oi/32/6b/3efcd6_4a44_cover@2x-2-pokojowe-mieszkanie-warszawa-wola-ul-jana-kazimierza.webp
Warszawa Wola,ul. Jana Krysta 5,3,52,918000,17654,bez pośredników,,19,https://adresowo.pl/o/mieszkanie-warszawa-wola-ul-jana-krysta-3-pokojowe-r2b7u0,https://s2.adresowa.pl/oi/2d/14/3eb8ae_41ee_cover@2x-3-pokojowe-mieszkanie-warszawa-wola-ul-jana-krysta.webp
Warszawa Ursus,ul. Ryżowa,2,32,640000,20000,bez pośredników,,12,https://adresowo.pl/o/mieszkanie-warszawa-ursus-ul-ryzowa-2-pokojowe-k7z0u0,https://s2.adresowa.pl/oi/3d/4a/3f0b18_2c46_cover@2x-2-pokojowe-mieszkanie-warszawa-ursus-ul-ryzowa.webp
Warszawa Bielany,ul. Lwa Tołstoja,4,82,1050000,12805,bez pośredników,,8,https://adresowo.pl/o/mieszkanie-warszawa-bielany-ul-lwa-tolstoja-4-pokojowe-m8o3l5,https://s2.adresowa.pl/oi/59/44/3f0ab4_e3f0_cover@2x-4-pokojowe-mieszkanie-warszawa-bielany-ul-lwa-tolstoja.webp
Warszawa Wola,ul. Zawiszy,2,43,930000,21628,bez pośredników,,7,https://adresowo.pl/o/mieszkanie-warszawa-wola-ul-zawiszy-2-pokojowe-h1i2w5,https://s2.adresowa.pl/oi/6c/39/3f0a94_b91c_cover@2x-2-pokojowe-mieszkanie-warszawa-wola-ul-zawiszy.webp
Warszawa Ochota,ul. Wiślicka,2,37,770000,20811,Pośrednik,,16,https://adresowo.pl/o/mieszkanie-warszawa-ochota-ul-wislicka-2-pokojowe-e9g4s1,https://s2.adresowa.pl/oi/2b/25/3efcd0_e73b_cover@2x-2-pokojowe-mieszkanie-warszawa-ochota-ul-wislicka.webp
Warszawa Ochota,ul. Grójecka,3,92,2100000,22826,Pośrednik,,20,https://adresowo.pl/o/mieszkanie-warszawa-ochota-ul-grojecka-3-pokojowe-e6g6r1,https://s2.adresowa.pl/oi/62/6f/3efcca_3825_cover@2x-3-pokojowe-mieszkanie-warszawa-ochota-ul-grojecka.webp
Warszawa Saska Kępa,ul. Peszteńska,2,37,770000,20811,bez pośredników,,11,https://adresowo.pl/o/mieszkanie-warszawa-saska-kepa-ul-pesztenska-2-pokojowe-h8f4f3,https://s2.adresowa.pl/oi/49/43/3f0922_ca56_cover@2x-2-pokojowe-mieszkanie-warszawa-saska-kepa-ul-pesztenska.webp
Warszawa Praga-Południe,ul. Michała Paca,2,36,679000,18861,bez pośredników,,13,https://adresowo.pl/o/mieszkanie-warszawa-praga-poludnie-ul-michala-paca-2-pokojowe-m1u3v1,https://s2.adresowa.pl/oi/38/22/3f08e4_3522_cover@2x-2-pokojowe-mieszkanie-warszawa-praga-poludnie-ul-michala-paca.webp
Warszawa Praga-Północ,ul. Targowa 83A,1,22,355000,16136,bez pośredników,,12,https://adresowo.pl/o/mieszkanie-warszawa-praga-polnoc-ul-targowa-1-pokoj-u7l4v4,https://s2.adresowa.pl/oi/56/22/3f08b4_6066_cover@2x-1-pokojowe-mieszkanie-warszawa-praga-polnoc-ul-targowa.webp
Warszawa Włochy,ul. Instalatorów,4,76,1500000,19737,Pośrednik,,20,https://adresowo.pl/o/mieszkanie-warszawa-wlochy-ul-instalatorow-4-pokojowe-t2v0b8,https://s2.adresowa.pl/oi/59/5c/3efcc6_cd5a_cover@2x-4-pokojowe-mieszkanie-warszawa-wlochy-ul-instalatorow.webp
Warszawa Wola,ul. Szlenkierów,5,145,2100000,14483,Pośrednik,,20,https://adresowo.pl/o/mieszkanie-warszawa-wola-ul-szlenkierow-5-pokojowe-j6h1n3,https://s2.adresowa.pl/oi/5d/3b/3efcc0_f446_cover@2x-5-pokojowe-mieszkanie-warszawa-wola-ul-szlenkierow.webp
Warszawa Wola,ul. Obozowa,1,25,620000,24800,bez pośredników,,18,https://adresowo.pl/o/mieszkanie-warszawa-wola-ul-obozowa-1-pokoj-b6t9t5,https://s2.adresowa.pl/oi/3c/20/3f08ba_73f5_cover@2x-1-pokojowe-mieszkanie-warszawa-wola-ul-obozowa.webp
Warszawa Wola,skwer ks. kard. Stefana Wyszyńskiego,2,37,749000,20243,bez pośredników,,9,https://adresowo.pl/o/mieszkanie-warszawa-wola-skwer-ks-kard-stefana-wyszynskiego-2-pokojowe-q6y8r0,https://s2.adresowa.pl/oi/72/12/3f085e_a247_cover@2x-2-pokojowe-mieszkanie-warszawa-wola-skwer-ks-kard-stefana-wyszynskiego.webp
Warszawa Bródno,ul. Żuromińska,2,38,500000,13158,bez pośredników,,8,https://adresowo.pl/o/mieszkanie-warszawa-brodno-ul-zurominska-2-pokojowe-l8w5l6,https://s2.adresowa.pl/oi/75/74/3f0860_4233_cover@2x-2-pokojowe-mieszkanie-warszawa-brodno-ul-zurominska.webp
Warszawa Wola,ul. Młynarska 35A,1,21,419000,19952,Pośrednik,,15,https://adresowo.pl/o/mieszkanie-warszawa-wola-ul-mlynarska-1-pokoj-n5h6d7,https://s2.adresowa.pl/oi/75/11/3efc5a_6cac_cover@2x-1-pokojowe-mieszkanie-warszawa-wola-ul-mlynarska.webp
Warszawa Ursus,ul. Henryka Pobożnego,3,50,757114,15142,Pośrednik,,9,https://adresowo.pl/o/mieszkanie-warszawa-ursus-ul-henryka-poboznego-3-pokojowe-x4s8v8,https://s2.adresowa.pl/oi/73/20/3efc48_3b00_cover@2x-3-pokojowe-mieszkanie-warszawa-ursus-ul-henryka-poboznego.webp
Warszawa Ursus,pl. 1905 Roku,3,61,955000,15656,bez pośredników,,24,https://adresowo.pl/o/mieszkanie-warszawa-ursus-pl-1905-roku-3-pokojowe-p1k6t3,https://s2.adresowa.pl/oi/15/5d/3f07f2_868c_cover@2x-3-pokojowe-mieszkanie-warszawa-ursus-pl-1905-roku.webp
Warszawa Ochota,ul. Włodarzewska,3,55,1120000,20364,bez pośredników,,13,https://adresowo.pl/o/mieszkanie-warszawa-ochota-ul-wlodarzewska-3-pokojowe-m0l5a7,https://s2.adresowa.pl/oi/31/71/3f07f4_9299_cover@2x-3-pokojowe-mieszkanie-warszawa-ochota-ul-wlodarzewska.webp
Warszawa Rakowiec,ul. Jutrzenki,2,36,750000,20833,bez pośredników,,7,https://adresowo.pl/o/mieszkanie-warszawa-rakowiec-ul-jutrzenki-2-pokojowe-o6a4m6,https://s2.adresowa.pl/oi/71/36/3f073a_399a_cover@2x-2-pokojowe-mieszkanie-warszawa-rakowiec-ul-jutrzenki.webp
Warszawa Ochota,ul. Grójecka 99,2,44,659000,14977,Pośrednik,,15,https://adresowo.pl/o/mieszkanie-warszawa-ochota-ul-grojecka-2-pokojowe-o4g7q2,https://s2.adresowa.pl/oi/11/22/3efc44_f5cf_cover@2x-2-pokojowe-mieszkanie-warszawa-ochota-ul-grojecka.webp
Warszawa Praga,ul. Chodakowska,4,67,999000,14910,Pośrednik,,5,https://adresowo.pl/o/mieszkanie-warszawa-praga-ul-chodakowska-4-pokojowe-k1i0l5,https://s2.adresowa.pl/oi/53/78/3efbf8_6099_cover@2x-4-pokojowe-mieszkanie-warszawa-praga-ul-chodakowska.webp
Warszawa Wola,ul. Płocka,2,60,1380000,23000,bez pośredników,,10,https://adresowo.pl/o/mieszkanie-warszawa-wola-ul-plocka-2-pokojowe-s0z8r9,https://s2.adresowa.pl/oi/1d/58/3f06e6_c7d0_cover@2x-2-pokojowe-mieszkanie-warszawa-wola-ul-plocka.webp
Warszawa Mirów,ul. Łucka,3,79,1620000,20506,bez pośredników,,15,https://adresowo.pl/o/mieszkanie-warszawa-mirow-ul-lucka-3-pokojowe-b5v8y6,https://s2.adresowa.pl/oi/17/1c/3f0672_7b87_cover@2x-3-pokojowe-mieszkanie-warszawa-mirow-ul-lucka.webp
Warszawa Białołęka,ul. Odkryta,2,49,650000,13265,bez pośredników,,20,https://adresowo.pl/o/mieszkanie-warszawa-bialoleka-ul-odkryta-2-pokojowe-y6i8v8,https://s2.adresowa.pl/oi/74/37/3f0620_f98f_cover@2x-2-pokojowe-mieszkanie-warszawa-bialoleka-ul-odkryta.webp
Warszawa Praga,ul. Chodakowska,2,48,815000,16979,Pośrednik,,5,https://adresowo.pl/o/mieszkanie-warszawa-praga-ul-chodakowska-2-pokojowe-g5e1l6,https://s2.adresowa.pl/oi/66/13/3efbf6_f35e_cover@2x-2-pokojowe-mieszkanie-warszawa-praga-ul-chodakowska.webp
Warszawa Targówek,ul. Goławicka 9,3,60,999000,16650,Pośrednik,,13,https://adresowo.pl/o/mieszkanie-warszawa-targowek-ul-golawicka-3-pokojowe-w7j3y0,https://s2.adresowa.pl/oi/24/59/3ef97e_d558_cover@2x-3-pokojowe-mieszkanie-warszawa-targowek-ul-golawicka.webp
Warszawa Wola,ul. Złota,2,54,1890000,35000,bez pośredników,,14,https://adresowo.pl/o/mieszkanie-warszawa-wola-ul-zlota-2-pokojowe-z2t3v9,https://s2.adresowa.pl/oi/45/14/3f060a_b4cc_cover@2x-2-pokojowe-mieszkanie-warszawa-wola-ul-zlota.webp
Warszawa Praga-Północ,ul. Środkowa,1,25,379000,15160,bez pośredników,,9,https://adresowo.pl/o/mieszkanie-warszawa-praga-polnoc-ul-srodkowa-1-pokoj-w0s9z6,https://s2.adresowa.pl/oi/59/2e/3f05da_e340_cover@2x-1-pokojowe-mieszkanie-warszawa-praga-polnoc-ul-srodkowa.webp
Warszawa Ursynów,ul. Eugeniusza Romera,3,59,1189000,20153,bez pośredników,,10,https://adresowo.pl/o/mieszkanie-warszawa-ursynow-ul-eugeniusza-romera-3-pokojowe-e7e6y7,https://s2.adresowa.pl/oi/22/7a/3f05b4_2b72_cover@2x-3-pokojowe-mieszkanie-warszawa-ursynow-ul-eugeniusza-romera.webp
Warszawa Wola,ul. Okopowa,2,43,849000,19744,Pośrednik,,11,https://adresowo.pl/o/mieszkanie-warszawa-wola-ul-okopowa-2-pokojowe-q3r9m5,https://s2.adresowa.pl/oi/24/4e/3ef88c_62e9_cover@2x-2-pokojowe-mieszkanie-warszawa-wola-ul-okopowa.webp
Warszawa Ursynów,ul. Puszczyka,4,84,1199000,14274,Pośrednik,,8,https://adresowo.pl/o/mieszkanie-warszawa-ursynow-ul-puszczyka-4-pokojowe-o1m1c4,https://s2.adresowa.pl/oi/55/44/3ef88a_3a8e_cover@2x-4-pokojowe-mieszkanie-warszawa-ursynow-ul-puszczyka.webp
Warszawa,Tarchomin,2,50,720000,14400,bez pośredników,,10,https://adresowo.pl/o/mieszkanie-warszawa-tarchomin-2-pokojowe-50-m2-t5n8w9,https://s2.adresowa.pl/oi/46/67/3f05d6_4924_cover@2x-2-pokojowe-mieszkanie-warszawa-tarchomin.webp
Warszawa Wola,ul. Obozowa,1,20,397000,19850,bez pośredników,,7,https://adresowo.pl/o/mieszkanie-warszawa-wola-ul-obozowa-1-pokoj-o5i1f2,https://s2.adresowa.pl/oi/10/1f/3f05ce_ec26_cover@2x-1-pokojowe-mieszkanie-warszawa-wola-ul-obozowa.webp
Warszawa Bemowo,ul. Rozłogi,2,35,580000,16571,bez pośredników,,13,https://adresowo.pl/o/mieszkanie-warszawa-bemowo-ul-rozlogi-2-pokojowe-a8u1z7,https://s2.adresowa.pl/oi/74/4f/3f05b0_67d5_cover@2x-2-pokojowe-mieszkanie-warszawa-bemowo-ul-rozlogi.webp
Warszawa Białołęka,ul. Pałuków,2,55,832500,15136,Pośrednik,,2,https://adresowo.pl/o/mieszkanie-warszawa-bialoleka-ul-palukow-2-pokojowe-i2n6t9,https://s2.adresowa.pl/oi/41/68/3ef812_64f1_cover@2x-2-pokojowe-mieszkanie-warszawa-bialoleka-ul-palukow.webp
Warszawa Praga-Południe,ul. Zagójska,2,34,649000,19088,Pośrednik,,10,https://adresowo.pl/o/mieszkanie-warszawa-praga-poludnie-ul-zagojska-2-pokojowe-n9i3h7,https://s2.adresowa.pl/oi/14/2f/3ef7a8_9d59_cover@2x-2-pokojowe-mieszkanie-warszawa-praga-poludnie-ul-zagojska.webp
Warszawa Mokotów,ul. Cieszyńska,3,47,849000,18064,bez pośredników,,9,https://adresowo.pl/o/mieszkanie-warszawa-mokotow-ul-cieszynska-3-pokojowe-y3j8i2,https://s2.adresowa.pl/oi/1b/49/3f058e_8745_cover@2x-3-pokojowe-mieszkanie-warszawa-mokotow-ul-cieszynska.webp
Warszawa Wola,"ul. Batalionu AK ""Parasol""",2,43,749499,17430,bez pośredników,,8,https://adresowo.pl/o/mieszkanie-warszawa-wola-ul-batalionu-ak-parasol-2-pokojowe-y7b2b7,https://s2.adresowa.pl/oi/15/66/3f0532_dd7d_cover@2x-2-pokojowe-mieszkanie-warszawa-wola-ul-batalionu-ak-parasol-.webp
Warszawa,Wesoła,3,70,1063000,15186,bez pośredników,,8,https://adresowo.pl/o/mieszkanie-warszawa-wesola-3-pokojowe-70-m2-o5q8e9,https://s2.adresowa.pl/oi/74/20/3f0474_c7cd_cover@2x-3-pokojowe-mieszkanie-warszawa-wesola.webp
Warszawa Bielany,ul. Lekka,1,28,650000,23214,Pośrednik,,5,https://adresowo.pl/o/mieszkanie-warszawa-bielany-ul-lekka-1-pokoj-a0s8z5,https://s2.adresowa.pl/oi/60/4a/3ef76e_4d48_cover@2x-1-pokojowe-mieszkanie-warszawa-bielany-ul-lekka.webp
Warszawa Mokotów,ul. Wołoska 3,1,30,730000,24333,Pośrednik,,6,https://adresowo.pl/o/mieszkanie-warszawa-mokotow-ul-woloska-1-pokoj-e5x6g7,https://s2.adresowa.pl/oi/1b/65/3ef766_799d_cover@2x-1-pokojowe-mieszkanie-warszawa-mokotow-ul-woloska.webp
Warszawa Tarchomin,ul. Odkryta,3,51,850000,16667,bez pośredników,,8,https://adresowo.pl/o/mieszkanie-warszawa-tarchomin-ul-odkryta-3-pokojowe-z6b7n6,https://s2.adresowa.pl/oi/57/58/3f0370_6470_cover@2x-3-pokojowe-mieszkanie-warszawa-tarchomin-ul-odkryta.webp
Warszawa Śródmieście,"al. ""Solidarności""",1,20,410000,20500,bez pośredników,,14,https://adresowo.pl/o/mieszkanie-warszawa-srodmiescie-al-solidarnosci-1-pokoj-p6p8n8,https://s2.adresowa.pl/oi/1d/13/3f0338_bd53_cover@2x-1-pokojowe-mieszkanie-warszawa-srodmiescie-al-solidarnosci-.webp
Warszawa Włochy,ul. Wschodu Słońca,4,100,2320000,23200,bez pośredników,,4,https://adresowo.pl/o/mieszkanie-warszawa-wlochy-ul-wschodu-slonca-4-pokojowe-n2c6d9,https://s2.adresowa.pl/oi/47/51/3f02b2_af82_cover@2x-4-pokojowe-mieszkanie-warszawa-wlochy-ul-wschodu-slonca.webp
Warszawa Białołęka,ul. Pawła Włodkowica 9,1,26,416000,16000,Pośrednik,,9,https://adresowo.pl/o/mieszkanie-warszawa-bialoleka-ul-pawla-wlodkowica-1-pokoj-n6g3d5,https://s2.adresowa.pl/oi/35/3c/3ef722_7c2c_cover@2x-1-pokojowe-mieszkanie-warszawa-bialoleka-ul-pawla-wlodkowica.webp
Warszawa Wawer,ul. Poezji,1,30,450000,15000,Pośrednik,,6,https://adresowo.pl/o/mieszkanie-warszawa-wawer-ul-poezji-1-pokoj-n3u6e5,https://s2.adresowa.pl/oi/6d/3b/3ef378_8ccd_cover@2x-1-pokojowe-mieszkanie-warszawa-wawer-ul-poezji.webp
Warszawa Ursus,ul. Piastowska,1,14,209000,14929,bez pośredników,,1,https://adresowo.pl/o/mieszkanie-warszawa-ursus-ul-piastowska-1-pokoj-w8c9k1,https://s2.adresowa.pl/oi/63/2d/3f02ac_f8ae_cover@2x-1-pokojowe-mieszkanie-warszawa-ursus-ul-piastowska.webp
Warszawa Włochy,ul. Orzechowa,2,42,920000,21905,bez pośredników,,16,https://adresowo.pl/o/mieszkanie-warszawa-wlochy-ul-orzechowa-2-pokojowe-d5g2b5,https://s2.adresowa.pl/oi/58/3f/3f0206_b5c3_cover@2x-2-pokojowe-mieszkanie-warszawa-wlochy-ul-orzechowa.webp
Warszawa Ochota,ul. Piotrkowska,2,34,590000,17353,bez pośredników,,15,https://adresowo.pl/o/mieszkanie-warszawa-ochota-ul-piotrkowska-2-pokojowe-d6e1k7,https://s2.adresowa.pl/oi/49/2c/3f01fc_efc8_cover@2x-2-pokojowe-mieszkanie-warszawa-ochota-ul-piotrkowska.webp
Warszawa Mokotów,ul. Jana Pawła Woronicza 31,3,83,2070000,24940,Pośrednik,,24,https://adresowo.pl/o/mieszkanie-warszawa-mokotow-ul-jana-pawla-woronicza-3-pokojowe-j2m2g1,https://s2.adresowa.pl/oi/2f/6f/3ef372_2c5c_cover@2x-3-pokojowe-mieszkanie-warszawa-mokotow-ul-jana-pawla-woronicza.webp
Warszawa Bielany,ul. Marii Dąbrowskiej,3,55,960000,17455,Pośrednik,,9,https://adresowo.pl/o/mieszkanie-warszawa-bielany-ul-marii-dabrowskiej-3-pokojowe-p2w2u5,https://s2.adresowa.pl/oi/6e/27/3ef36e_bd82_cover@2x-3-pokojowe-mieszkanie-warszawa-bielany-ul-marii-dabrowskiej.webp
Warszawa Mokotów,ul. Józefa Elsnera,2,51,1199000,23510,bez pośredników,,14,https://adresowo.pl/o/mieszkanie-warszawa-mokotow-ul-jozefa-elsnera-2-pokojowe-n5o8h4,https://s2.adresowa.pl/oi/2f/26/3f01fa_f7f1_cover@2x-2-pokojowe-mieszkanie-warszawa-mokotow-ul-jozefa-elsnera.webp
Warszawa Wawer,ul. Borowiecka,5,135,1790000,13259,bez pośredników,,23,https://adresowo.pl/o/mieszkanie-warszawa-wawer-ul-borowiecka-5-pokojowe-i3b4v1,https://s2.adresowa.pl/oi/7b/1e/3f01d2_72d1_cover@2x-5-pokojowe-mieszkanie-warszawa-wawer-ul-borowiecka.webp
Warszawa Praga-Północ,ul. Siedlecka 37A,2,48,819840,17080,bez pośredników,,11,https://adresowo.pl/o/mieszkanie-warszawa-praga-polnoc-ul-siedlecka-2-pokojowe-q5z5p0,https://s2.adresowa.pl/oi/48/27/3f0196_4e35_cover@2x-2-pokojowe-mieszkanie-warszawa-praga-polnoc-ul-siedlecka.webp
Warszawa Praga-Północ,ul. Targowa,1,25,580000,23200,Pośrednik,,8,https://adresowo.pl/o/mieszkanie-warszawa-praga-polnoc-ul-targowa-1-pokoj-m8c7z2,https://s2.adresowa.pl/oi/24/37/3ef360_837e_cover@2x-1-pokojowe-mieszkanie-warszawa-praga-polnoc-ul-targowa.webp
Warszawa Ochota,ul. Wiślicka,3,57,760000,13333,Pośrednik,,16,https://adresowo.pl/o/mieszkanie-warszawa-ochota-ul-wislicka-3-pokojowe-j4l4z9,https://s2.adresowa.pl/oi/5a/5b/3ef35e_b2de_cover@2x-3-pokojowe-mieszkanie-warszawa-ochota-ul-wislicka.webp
Warszawa Grochów,ul. Szaserów,1,23,365000,15870,bez pośredników,,13,https://adresowo.pl/o/mieszkanie-warszawa-grochow-ul-szaserow-1-pokoj-o2i1h7,https://s2.adresowa.pl/oi/56/29/3f0132_e958_cover@2x-1-pokojowe-mieszkanie-warszawa-grochow-ul-szaserow.webp
Warszawa Mokotów,ul. Korczyńska,2,38,659000,17342,bez pośredników,,8,https://adresowo.pl/o/mieszkanie-warszawa-mokotow-ul-korczynska-2-pokojowe-m6b8x1,https://s2.adresowa.pl/oi/61/15/3f001c_bb7c_cover@2x-2-pokojowe-mieszkanie-warszawa-mokotow-ul-korczynska.webp
Warszawa Stegny,ul. Kaukaska,2,42,700000,16667,bez pośredników,,14,https://adresowo.pl/o/mieszkanie-warszawa-stegny-ul-kaukaska-2-pokojowe-m8u9u8,https://s2.adresowa.pl/oi/3d/76/3eff50_e74c_cover@2x-2-pokojowe-mieszkanie-warszawa-stegny-ul-kaukaska.webp
Warszawa Włochy,ul. Naukowa,2,48,1200000,25000,Pośrednik,,12,https://adresowo.pl/o/mieszkanie-warszawa-wlochy-ul-naukowa-2-pokojowe-e3s6g1,https://s2.adresowa.pl/oi/26/1a/3ef356_aede_cover@2x-2-pokojowe-mieszkanie-warszawa-wlochy-ul-naukowa.webp
Warszawa Wola,ul. Żelazna,5,61,1569000,25721,Pośrednik,,11,https://adresowo.pl/o/mieszkanie-warszawa-wola-ul-zelazna-5-pokojowe-f6s6e6,https://s2.adresowa.pl/oi/7a/42/3ef350_de0b_cover@2x-5-pokojowe-mieszkanie-warszawa-wola-ul-zelazna.webp
Warszawa Kamionek,ul. Mińska,3,61,1550000,25410,bez pośredników,,8,https://adresowo.pl/o/mieszkanie-warszawa-kamionek-ul-minska-3-pokojowe-f1m4m9,https://s2.adresowa.pl/oi/42/23/3eff34_56ca_cover@2x-3-pokojowe-mieszkanie-warszawa-kamionek-ul-minska.webp
Warszawa Wilanów,ul. Goplańska,2,49,780000,15918,bez pośredników,,11,https://adresowo.pl/o/mieszkanie-warszawa-wilanow-ul-goplanska-2-pokojowe-i0f2c7,https://s2.adresowa.pl/oi/46/42/3efe4a_ee0c_cover@2x-2-pokojowe-mieszkanie-warszawa-wilanow-ul-goplanska.webp
Warszawa Rakowiec,ul. Władysława Okińskiego,2,37,629000,17000,bez pośredników,,11,https://adresowo.pl/o/mieszkanie-warszawa-rakowiec-ul-wladyslawa-okinskiego-2-pokojowe-y4i6g1,https://s2.adresowa.pl/oi/78/2e/3efdcc_d68f_cover@2x-2-pokojowe-mieszkanie-warszawa-rakowiec-ul-wladyslawa-okinskiego.webp
Warszawa,Rembertów,3,55,698040,12692,Pośrednik,,5,https://adresowo.pl/o/mieszkanie-warszawa-rembertow-3-pokojowe-55-m2-n9g8v0,https://s2.adresowa.pl/oi/4a/1f/3ef342_dd0f_cover@2x-3-pokojowe-mieszkanie-warszawa-rembertow.webp
Warszawa Białołęka,ul. Krzyżówki,2,45,739000,16422,Pośrednik,,10,https://adresowo.pl/o/mieszkanie-warszawa-bialoleka-ul-krzyzowki-2-pokojowe-c7i7y6,https://s2.adresowa.pl/oi/33/49/3ef230_7e75_cover@2x-2-pokojowe-mieszkanie-warszawa-bialoleka-ul-krzyzowki.webp
Warszawa Śródmieście,ul. Żelazna,2,40,1150000,28750,bez pośredników,,6,https://adresowo.pl/o/mieszkanie-warszawa-srodmiescie-ul-zelazna-2-pokojowe-l5m1v4,https://s2.adresowa.pl/oi/31/22/3efd44_ffb3_cover@2x-2-pokojowe-mieszkanie-warszawa-srodmiescie-ul-zelazna.webp
Warszawa Bemowo,ul. Rodła,3,64,947000,14797,bez pośredników,,35,https://adresowo.pl/o/mieszkanie-warszawa-bemowo-ul-rodla-3-pokojowe-d5n9n0,https://s2.adresowa.pl/oi/49/15/3ef488_4661_cover@2x-3-pokojowe-mieszkanie-warszawa-bemowo-ul-rodla.webp
Warszawa Bemowo,ul. Powstańców Śląskich,3,67,1339000,19985,bez pośredników,,20,https://adresowo.pl/o/mieszkanie-warszawa-bemowo-ul-powstancow-slaskich-3-pokojowe-y7j4f5,https://s2.adresowa.pl/oi/30/22/3efc76_774f_cover@2x-3-pokojowe-mieszkanie-warszawa-bemowo-ul-powstancow-slaskich.webp
Warszawa Mokotów,ul. Wincentego Rzymowskiego 47,2,35,570000,16286,Pośrednik,,7,https://adresowo.pl/o/mieszkanie-warszawa-mokotow-ul-wincentego-rzymowskiego-2-pokojowe-s4w9y6,https://s2.adresowa.pl/oi/2c/7f/3ef0b6_72d3_cover@2x-2-pokojowe-mieszkanie-warszawa-mokotow-ul-wincentego-rzymowskiego.webp
Warszawa Targówek,ul. Radzymińska,4,80,967000,12088,Pośrednik,,4,https://adresowo.pl/o/mieszkanie-warszawa-targowek-ul-radzyminska-4-pokojowe-b2s9z9,https://s2.adresowa.pl/oi/11/54/3ef08a_a1f7_cover@2x-4-pokojowe-mieszkanie-warszawa-targowek-ul-radzyminska.webp
Warszawa Praga-Południe,ul. Marii Rodziewiczówny,2,53,949000,17906,bez pośredników,,15,https://adresowo.pl/o/mieszkanie-warszawa-praga-poludnie-ul-marii-rodziewiczowny-2-pokojowe-c5l4h7,https://s2.adresowa.pl/oi/4a/19/3efbde_526a_cover@2x-2-pokojowe-mieszkanie-warszawa-praga-poludnie-ul-marii-rodziewiczowny.webp
Warszawa Wola,al. Jana Pawła II,2,58,1200000,20690,bez pośredników,,12,https://adresowo.pl/o/mieszkanie-warszawa-wola-al-jana-pawla-ii-2-pokojowe-u2k6c5,https://s2.adresowa.pl/oi/69/15/3efb94_5ab8_cover@2x-2-pokojowe-mieszkanie-warszawa-wola-al-jana-pawla-ii.webp
Warszawa Ochota,ul. Włodarzewska,1,25,590000,23600,bez pośredników,,11,https://adresowo.pl/o/mieszkanie-warszawa-ochota-ul-wlodarzewska-1-pokoj-k2t6v0,https://s2.adresowa.pl/oi/23/6a/3efb68_f62f_cover@2x-1-pokojowe-mieszkanie-warszawa-ochota-ul-wlodarzewska.webp
Warszawa Żoliborz,ul. Adama Mickiewicza,1,29,725000,25000,Pośrednik,,11,https://adresowo.pl/o/mieszkanie-warszawa-zoliborz-ul-adama-mickiewicza-1-pokoj-p1t6q7,https://s2.adresowa.pl/oi/73/21/3eedd6_5a5c_cover@2x-1-pokojowe-mieszkanie-warszawa-zoliborz-ul-adama-mickiewicza.webp
Warszawa Wola,ul. Obozowa,2,49,728000,14857,Pośrednik,,19,https://adresowo.pl/o/mieszkanie-warszawa-wola-ul-obozowa-2-pokojowe-j1h8g5,https://s2.adresowa.pl/oi/7d/4d/3eedc0_625d_cover@2x-2-pokojowe-mieszkanie-warszawa-wola-ul-obozowa.webp
Warszawa Rakowiec,ul. Sanocka,1,20,440000,22000,bez pośredników,,10,https://adresowo.pl/o/mieszkanie-warszawa-rakowiec-ul-sanocka-1-pokoj-m8w9m5,https://s2.adresowa.pl/oi/17/3d/3efa00_e1b2_cover@2x-1-pokojowe-mieszkanie-warszawa-rakowiec-ul-sanocka.webp
Warszawa Bemowo,ul. Widawska,3,64,815000,12734,bez pośredników,,8,https://adresowo.pl/o/mieszkanie-warszawa-bemowo-ul-widawska-3-pokojowe-u9e2x4,https://s2.adresowa.pl/oi/43/42/3ef9fc_414e_cover@2x-3-pokojowe-mieszkanie-warszawa-bemowo-ul-widawska.webp
Warszawa Włochy,ul. Wiktoryn,1,18,420000,23333,bez pośredników,,7,https://adresowo.pl/o/mieszkanie-warszawa-wlochy-ul-wiktoryn-1-pokoj-h7n8d6,https://s2.adresowa.pl/oi/12/69/3ef9c8_3f75_cover@2x-1-pokojowe-mieszkanie-warszawa-wlochy-ul-wiktoryn.webp
Warszawa Ursynów,ul. Związku Walki Młodych,4,60,779000,12983,Pośrednik,,8,https://adresowo.pl/o/mieszkanie-warszawa-ursynow-ul-zwiazku-walki-mlodych-4-pokojowe-n5a4j4,https://s2.adresowa.pl/oi/22/5a/3eedba_ee08_cover@2x-4-pokojowe-mieszkanie-warszawa-ursynow-ul-zwiazku-walki-mlodych.webp
Warszawa Śródmieście,ul. Nowy Świat,3,65,1499000,23062,Pośrednik,,3,https://adresowo.pl/o/mieszkanie-warszawa-srodmiescie-ul-nowy-swiat-3-pokojowe-j4k4c1,https://s2.adresowa.pl/oi/3f/7b/3eeccc_ef9a_cover@2x-3-pokojowe-mieszkanie-warszawa-srodmiescie-ul-nowy-swiat.webp
Warszawa Włochy,ul. Bratnia,3,56,1100000,19643,bez pośredników,,14,https://adresowo.pl/o/mieszkanie-warszawa-wlochy-ul-bratnia-3-pokojowe-q6y5d3,https://s2.adresowa.pl/oi/42/31/3ef9c6_8dce_cover@2x-3-pokojowe-mieszkanie-warszawa-wlochy-ul-bratnia.webp
Warszawa Białołęka,ul. Dionizosa,3,57,899999,15789,bez pośredników,,10,https://adresowo.pl/o/mieszkanie-warszawa-bialoleka-ul-dionizosa-3-pokojowe-w1g7j3,https://s2.adresowa.pl/oi/35/75/3ec5f0_f852_cover@2x-3-pokojowe-mieszkanie-warszawa-bialoleka-ul-dionizosa.webp
Warszawa Mokotów,ul. Cybernetyki 3C,2,54,1019900,18887,bez pośredników,,22,https://adresowo.pl/o/mieszkanie-warszawa-mokotow-ul-cybernetyki-2-pokojowe-a4t4c2,https://s2.adresowa.pl/oi/69/33/3ef910_5a08_cover@2x-2-pokojowe-mieszkanie-warszawa-mokotow-ul-cybernetyki.webp
Warszawa Wola,ul. Szarych Szeregów,1,34,585000,17206,Pośrednik,,5,https://adresowo.pl/o/mieszkanie-warszawa-wola-ul-szarych-szeregow-1-pokoj-p8b5u5,https://s2.adresowa.pl/oi/49/52/3eecba_cd1c_cover@2x-1-pokojowe-mieszkanie-warszawa-wola-ul-szarych-szeregow.webp
Warszawa Mokotów,ul. Cybernetyki,2,38,870000,22895,Pośrednik,,10,https://adresowo.pl/o/mieszkanie-warszawa-mokotow-ul-cybernetyki-2-pokojowe-r7v9l9,https://s2.adresowa.pl/oi/32/44/3eeca4_e303_cover@2x-2-pokojowe-mieszkanie-warszawa-mokotow-ul-cybernetyki.webp
Warszawa Bielany,ul. Antoniego Magiera,2,37,670000,18108,bez pośredników,,6,https://adresowo.pl/o/mieszkanie-warszawa-bielany-ul-antoniego-magiera-2-pokojowe-e1l7d9,https://s2.adresowa.pl/oi/7a/28/3ddb70_8e5b_cover@2x-2-pokojowe-mieszkanie-warszawa-bielany-ul-antoniego-magiera.webp
Warszawa,Białołęka,3,60,699000,11650,bez pośredników,,8,https://adresowo.pl/o/mieszkanie-warszawa-bialoleka-3-pokojowe-60-m2-j6u4k4,https://s2.adresowa.pl/oi/39/7e/3ef8a8_c768_cover@2x-3-pokojowe-mieszkanie-warszawa-bialoleka.webp
Warszawa Mokotów,ul. Stefana Batorego,3,53,1100000,20755,bez pośredników,,17,https://adresowo.pl/o/mieszkanie-warszawa-mokotow-ul-stefana-batorego-3-pokojowe-r4s0l3,https://s2.adresowa.pl/oi/42/7b/3ef86c_a23c_cover@2x-3-pokojowe-mieszkanie-warszawa-mokotow-ul-stefana-batorego.webp
Warszawa Śródmieście,rynek Starego Miasta,2,50,1400000,28000,Pośrednik,,7,https://adresowo.pl/o/mieszkanie-warszawa-srodmiescie-rynek-starego-miasta-2-pokojowe-h1x5g2,https://s2.adresowa.pl/oi/38/22/3eec92_6347_cover@2x-2-pokojowe-mieszkanie-warszawa-srodmiescie-rynek-starego-miasta.webp
Warszawa Rembertów,ul. Młodnicka,2,45,820000,18222,Pośrednik,,11,https://adresowo.pl/o/mieszkanie-warszawa-rembertow-ul-mlodnicka-2-pokojowe-d2c9v4,https://s2.adresowa.pl/oi/6d/5c/3eeb68_5584_cover@2x-2-pokojowe-mieszkanie-warszawa-rembertow-ul-mlodnicka.webp
Warszawa Kabaty,ul. Kazimierza Jeżewskiego,4,105,1990000,18952,bez pośredników,,20,https://adresowo.pl/o/mieszkanie-warszawa-kabaty-ul-kazimierza-jezewskiego-4-pokojowe-z2m9e6,https://s2.adresowa.pl/oi/2b/22/3ef7e6_28d7_cover@2x-4-pokojowe-mieszkanie-warszawa-kabaty-ul-kazimierza-jezewskiego.webp
Warszawa Żerań,ul. Myśliborska,2,39,699000,17923,bez pośredników,,19,https://adresowo.pl/o/mieszkanie-warszawa-zeran-ul-mysliborska-2-pokojowe-n6y2m0,https://s2.adresowa.pl/oi/6e/49/3ef788_6e6b_cover@2x-2-pokojowe-mieszkanie-warszawa-zeran-ul-mysliborska.webp
Warszawa Bielany,ul. Josepha Conrada,3,56,699000,12482,bez pośredników,,13,https://adresowo.pl/o/mieszkanie-warszawa-bielany-ul-josepha-conrada-3-pokojowe-w8w3d0,https://s2.adresowa.pl/oi/6c/48/3ef786_e3aa_cover@2x-3-pokojowe-mieszkanie-warszawa-bielany-ul-josepha-conrada.webp
Warszawa Targówek,ul. Montwiłłowska,2,43,699000,16256,Pośrednik,,15,https://adresowo.pl/o/mieszkanie-warszawa-targowek-ul-montwillowska-2-pokojowe-i0g7o5,https://s2.adresowa.pl/oi/5a/16/3eeb34_d009_cover@2x-2-pokojowe-mieszkanie-warszawa-targowek-ul-montwillowska.webp
Warszawa Mokotów,ul. Kostrzyńska 8B,3,60,1049145,17486,Pośrednik,,4,https://adresowo.pl/o/mieszkanie-warszawa-mokotow-ul-kostrzynska-3-pokojowe-d0f5c8,https://s2.adresowa.pl/oi/2d/7d/3eeae4_ab12_cover@2x-3-pokojowe-mieszkanie-warszawa-mokotow-ul-kostrzynska.webp
Warszawa Mokotów,ul. Mariana Smoluchowskiego,3,53,886500,16726,bez pośredników,,19,https://adresowo.pl/o/mieszkanie-warszawa-mokotow-ul-mariana-smoluchowskiego-3-pokojowe-i9k2c9,https://s2.adresowa.pl/oi/25/63/3ef772_4605_cover@2x-3-pokojowe-mieszkanie-warszawa-mokotow-ul-mariana-smoluchowskiego.webp
Warszawa Mokotów,ul. Konstruktorska,3,60,1300000,21667,bez pośredników,,15,https://adresowo.pl/o/mieszkanie-warszawa-mokotow-ul-konstruktorska-3-pokojowe-s4o7o2,https://s2.adresowa.pl/oi/47/33/3ef5d4_dc11_cover@2x-3-pokojowe-mieszkanie-warszawa-mokotow-ul-konstruktorska.webp
Warszawa Grochów,ul. Sulejkowska,3,77,998000,12961,bez pośredników,,11,https://adresowo.pl/o/mieszkanie-warszawa-grochow-ul-sulejkowska-3-pokojowe-v0g0f2,https://s2.adresowa.pl/oi/65/4c/3ef57a_8610_cover@2x-3-pokojowe-mieszkanie-warszawa-grochow-ul-sulejkowska.webp
Warszawa Bemowo,ul. Franciszka Kawy,3,85,1785000,21000,Pośrednik,,8,https://adresowo.pl/o/mieszkanie-warszawa-bemowo-ul-franciszka-kawy-3-pokojowe-s7s2x4,https://s2.adresowa.pl/oi/3c/2c/3ee76e_e396_cover@2x-3-pokojowe-mieszkanie-warszawa-bemowo-ul-franciszka-kawy.webp
Warszawa Praga-Południe,ul. Zagójska,2,33,580000,17576,Pośrednik,,17,https://adresowo.pl/o/mieszkanie-warszawa-praga-poludnie-ul-zagojska-2-pokojowe-o7l8u7,https://s2.adresowa.pl/oi/33/4f/3ee70a_8923_cover@2x-2-pokojowe-mieszkanie-warszawa-praga-poludnie-ul-zagojska.webp
Warszawa,Mokotów,4,48,779000,16229,bez pośredników,,6,https://adresowo.pl/o/mieszkanie-warszawa-mokotow-4-pokojowe-48-m2-q9w9o1,https://s2.adresowa.pl/oi/39/5d/3ef566_7b06_cover@2x-4-pokojowe-mieszkanie-warszawa-mokotow.webp
Warszawa Bielany,ul. Przy Agorze,2,37,720000,19459,bez pośredników,,11,https://adresowo.pl/o/mieszkanie-warszawa-bielany-ul-przy-agorze-2-pokojowe-r5a0f0,https://s2.adresowa.pl/oi/13/11/3ef548_938a_cover@2x-2-pokojowe-mieszkanie-warszawa-bielany-ul-przy-agorze.webp
Warszawa,Ursus,4,94,1150000,12234,bez pośredników,,8,https://adresowo.pl/o/mieszkanie-warszawa-ursus-4-pokojowe-94-m2-j0u8w3,https://s2.adresowa.pl/oi/7e/45/3ef49e_c1dd_cover@2x-4-pokojowe-mieszkanie-warszawa-ursus.webp
Warszawa Bemowo,ul. Szeligowska,2,39,790000,20256,Pośrednik,,8,https://adresowo.pl/o/mieszkanie-warszawa-bemowo-ul-szeligowska-2-pokojowe-g8z2p1,https://s2.adresowa.pl/oi/23/21/3ee706_40fe_cover@2x-2-pokojowe-mieszkanie-warszawa-bemowo-ul-szeligowska.webp
Warszawa Ochota,ul. Wacława Sierpińskiego,2,56,1200000,21429,Pośrednik,,8,https://adresowo.pl/o/mieszkanie-warszawa-ochota-ul-waclawa-sierpinskiego-2-pokojowe-s3x7q4,https://s2.adresowa.pl/oi/6f/31/3ee5de_7bf5_cover@2x-2-pokojowe-mieszkanie-warszawa-ochota-ul-waclawa-sierpinskiego.webp
Warszawa Ursus,ul. Posag 7 Panien,1,33,620000,18788,bez pośredników,,7,https://adresowo.pl/o/mieszkanie-warszawa-ursus-ul-posag-7-panien-1-pokoj-x6q3u4,https://s2.adresowa.pl/oi/5b/68/3ef3da_eb81_cover@2x-1-pokojowe-mieszkanie-warszawa-ursus-ul-posag-7-panien.webp
Warszawa Ursus,ul. Karola Taylora,2,42,849000,20214,bez pośredników,,13,https://adresowo.pl/o/mieszkanie-warszawa-ursus-ul-karola-taylora-2-pokojowe-d1k2z4,https://s2.adresowa.pl/oi/6c/1f/3eefcc_b613_cover@2x-2-pokojowe-mieszkanie-warszawa-ursus-ul-karola-taylora.webp
Warszawa Praga-Południe,ul. Kinowa,2,35,799000,22829,bez pośredników,,12,https://adresowo.pl/o/mieszkanie-warszawa-praga-poludnie-ul-kinowa-2-pokojowe-u6r3a3,https://s2.adresowa.pl/oi/5d/22/3ef208_d181_cover@2x-2-pokojowe-mieszkanie-warszawa-praga-poludnie-ul-kinowa.webp
Warszawa Mokotów,ul. Różana,1,32,720000,22500,Pośrednik,,3,https://adresowo.pl/o/mieszkanie-warszawa-mokotow-ul-rozana-1-pokoj-b9p2c7,https://s2.adresowa.pl/oi/45/3d/3ee598_9f24_cover@2x-1-pokojowe-mieszkanie-warszawa-mokotow-ul-rozana.webp
Warszawa Mokotów,ul. Cypryjska 2A,5,198,3400000,17172,Pośrednik,,20,https://adresowo.pl/o/mieszkanie-warszawa-mokotow-ul-cypryjska-5-pokojowe-f6d8l9,https://s2.adresowa.pl/oi/7b/36/3ee594_c7cf_cover@2x-5-pokojowe-mieszkanie-warszawa-mokotow-ul-cypryjska.webp
Warszawa Praga-Południe,ul. gen. Stanisława Skalskiego,2,45,935000,20778,bez pośredników,,10,https://adresowo.pl/o/mieszkanie-warszawa-praga-poludnie-ul-gen-stanislawa-skalskiego-2-pokojowe-y3w5n4,https://s2.adresowa.pl/oi/11/26/3ef1a2_6469_cover@2x-2-pokojowe-mieszkanie-warszawa-praga-poludnie-ul-gen-stanislawa-skalskiego.webp
Warszawa Śródmieście,ul. Pereca,2,39,730000,18718,bez pośredników,,9,https://adresowo.pl/o/mieszkanie-warszawa-srodmiescie-ul-pereca-2-pokojowe-a2x4b4,https://s2.adresowa.pl/oi/7b/1f/3ef094_7655_cover@2x-2-pokojowe-mieszkanie-warszawa-srodmiescie-ul-pereca.webp
Warszawa Wola,ul. Wolska,1,20,455000,22750,bez pośredników,,12,https://adresowo.pl/o/mieszkanie-warszawa-wola-ul-wolska-1-pokoj-k8e3z2,https://s2.adresowa.pl/oi/1b/7b/3ef18e_fc82_cover@2x-1-pokojowe-mieszkanie-warszawa-wola-ul-wolska.webp
Warszawa Bielany,ul. Stefana Żeromskiego,2,50,905000,18100,Pośrednik,,13,https://adresowo.pl/o/mieszkanie-warszawa-bielany-ul-stefana-zeromskiego-2-pokojowe-k0v3m4,https://s2.adresowa.pl/oi/26/55/3ee4f6_4b39_cover@2x-2-pokojowe-mieszkanie-warszawa-bielany-ul-stefana-zeromskiego.webp
Warszawa Bielany,ul. Jana Kasprowicza,2,47,1300000,27660,Pośrednik,,22,https://adresowo.pl/o/mieszkanie-warszawa-bielany-ul-jana-kasprowicza-2-pokojowe-k9v2c9,https://s2.adresowa.pl/oi/4f/73/3ee4f2_e72c_cover@2x-2-pokojowe-mieszkanie-warszawa-bielany-ul-jana-kasprowicza.webp
Warszawa Żoliborz,ul. ks. Teofila Boguckiego,1,28,580000,20714,bez pośredników,,8,https://adresowo.pl/o/mieszkanie-warszawa-zoliborz-ul-ks-teofila-boguckiego-1-pokoj-b5y2v3,https://s2.adresowa.pl/oi/16/58/3ef046_3e5e_cover@2x-1-pokojowe-mieszkanie-warszawa-zoliborz-ul-ks-teofila-boguckiego.webp
Warszawa Saska Kępa,ul. Brazylijska,2,47,989000,21043,bez pośredników,,14,https://adresowo.pl/o/mieszkanie-warszawa-saska-kepa-ul-brazylijska-2-pokojowe-t0l0w7,https://s2.adresowa.pl/oi/5e/55/3ef02c_91f3_cover@2x-2-pokojowe-mieszkanie-warszawa-saska-kepa-ul-brazylijska.webp
Warszawa Śródmieście,ul. Żurawia,2,43,1340000,31163,bez pośredników,,1,https://adresowo.pl/o/mieszkanie-warszawa-srodmiescie-ul-zurawia-2-pokojowe-y6a2y4,https://s2.adresowa.pl/oi/5a/1d/3eefca_ff88_cover@2x-2-pokojowe-mieszkanie-warszawa-srodmiescie-ul-zurawia.webp
Warszawa Ursus,ul. Posag 7 Panien,2,47,840000,17872,Pośrednik,,11,https://adresowo.pl/o/mieszkanie-warszawa-ursus-ul-posag-7-panien-2-pokojowe-b5c9c1,https://s2.adresowa.pl/oi/13/28/3ee4ee_5ac5_cover@2x-2-pokojowe-mieszkanie-warszawa-ursus-ul-posag-7-panien.webp
Warszawa Praga-Południe,ul. Floriana Znanieckiego 16A,4,85,1350000,15882,Pośrednik,,20,https://adresowo.pl/o/mieszkanie-warszawa-praga-poludnie-ul-floriana-znanieckiego-4-pokojowe-r3z7l4,https://s2.adresowa.pl/oi/11/3a/3ee4b4_fe8a_cover@2x-4-pokojowe-mieszkanie-warszawa-praga-poludnie-ul-floriana-znanieckiego.webp
Warszawa Mokotów,ul. Cybernetyki 3C,2,54,1019900,18887,bez pośredników,,22,https://adresowo.pl/o/mieszkanie-warszawa-mokotow-ul-cybernetyki-2-pokojowe-a4t4c2,https://s2.adresowa.pl/oi/69/33/3ef910_5a08_cover@2x-2-pokojowe-mieszkanie-warszawa-mokotow-ul-cybernetyki.webp
Warszawa Żoliborz,ul. Władysława Broniewskiego,2,38,714998,18816,bez pośredników,,10,https://adresowo.pl/o/mieszkanie-warszawa-zoliborz-ul-wladyslawa-broniewskiego-2-pokojowe-a2c3b2,https://s2.adresowa.pl/oi/7b/7d/3eefba_2af7_cover@2x-2-pokojowe-mieszkanie-warszawa-zoliborz-ul-wladyslawa-broniewskiego.webp
Warszawa Praga-Południe,ul. Władysława Umińskiego,2,46,750000,16304,bez pośredników,,7,https://adresowo.pl/o/mieszkanie-warszawa-praga-poludnie-ul-wladyslawa-uminskiego-2-pokojowe-z0j9j6,https://s2.adresowa.pl/oi/1e/7a/3eee52_5459_cover@2x-2-pokojowe-mieszkanie-warszawa-praga-poludnie-ul-wladyslawa-uminskiego.webp
Warszawa Ursus,ul. Górna Droga,2,58,825000,14224,bez pośredników,,7,https://adresowo.pl/o/mieszkanie-warszawa-ursus-ul-gorna-droga-2-pokojowe-y2d3y4,https://s2.adresowa.pl/oi/22/75/3eedf2_a8ef_cover@2x-2-pokojowe-mieszkanie-warszawa-ursus-ul-gorna-droga.webp
Warszawa Kabaty,ul. Jana Rosoła,1,41,655778,15995,Pośrednik,,10,https://adresowo.pl/o/mieszkanie-warszawa-kabaty-ul-jana-rosola-1-pokoj-g3k2f6,https://s2.adresowa.pl/oi/35/50/3ee4ac_499e_cover@2x-1-pokojowe-mieszkanie-warszawa-kabaty-ul-jana-rosola.webp
Warszawa,Ursynów,1,30,499000,16633,Pośrednik,,6,https://adresowo.pl/o/mieszkanie-warszawa-ursynow-1-pokoj-30-m2-g7w8s0,https://s2.adresowa.pl/oi/56/3b/3ee07a_d9a9_cover@2x-1-pokojowe-mieszkanie-warszawa-ursynow.webp
Warszawa Powiśle,ul. Okrąg,3,46,1149000,24978,bez pośredników,,1,https://adresowo.pl/o/mieszkanie-warszawa-powisle-ul-okrag-3-pokojowe-c6x3m0,https://s2.adresowa.pl/oi/23/5f/3eed3c_90e9_cover@2x-3-pokojowe-mieszkanie-warszawa-powisle-ul-okrag.webp
Warszawa Bemowo,ul. Jana Olbrachta,3,68,1190000,17500,bez pośredników,,20,https://adresowo.pl/o/mieszkanie-warszawa-bemowo-ul-jana-olbrachta-3-pokojowe-n5r1b8,https://s2.adresowa.pl/oi/2f/2e/3eebe4_8d2e_cover@2x-3-pokojowe-mieszkanie-warszawa-bemowo-ul-jana-olbrachta.webp
Warszawa Stara Miłosna,al. Jana Pawła II,4,84,950000,11310,bez pośredników,,11,https://adresowo.pl/o/mieszkanie-warszawa-stara-milosna-al-jana-pawla-ii-4-pokojowe-g4g5l9,https://s2.adresowa.pl/oi/66/7a/3eebc2_cd8b_cover@2x-4-pokojowe-mieszkanie-warszawa-stara-milosna-al-jana-pawla-ii.webp
Warszawa Wawer,ul. Pod Brzozami,3,71,995000,14014,Pośrednik,,17,https://adresowo.pl/o/mieszkanie-warszawa-wawer-ul-pod-brzozami-3-pokojowe-m4j9z7,https://s2.adresowa.pl/oi/2b/6c/3ee06c_dae8_cover@2x-3-pokojowe-mieszkanie-warszawa-wawer-ul-pod-brzozami.webp
Warszawa Ursynów,ul. Stanisława Kazury,3,56,950000,16964,Pośrednik,,16,https://adresowo.pl/o/mieszkanie-warszawa-ursynow-ul-stanislawa-kazury-3-pokojowe-h0d8u6,https://s2.adresowa.pl/oi/73/3b/3ee052_fbd2_cover@2x-3-pokojowe-mieszkanie-warszawa-ursynow-ul-stanislawa-kazury.webp
Warszawa Wola,ul. Pereca,2,40,797000,19925,bez pośredników,,16,https://adresowo.pl/o/mieszkanie-warszawa-wola-ul-pereca-2-pokojowe-u9o4d5,https://s2.adresowa.pl/oi/7e/27/3eebb4_9e20_cover@2x-2-pokojowe-mieszkanie-warszawa-wola-ul-pereca.webp
Warszawa Wola,ul. Krochmalna,2,29,953000,32862,bez pośredników,,17,https://adresowo.pl/o/mieszkanie-warszawa-wola-ul-krochmalna-2-pokojowe-y1p7z6,https://s2.adresowa.pl/oi/24/5f/3eebb2_fe65_cover@2x-2-pokojowe-mieszkanie-warszawa-wola-ul-krochmalna.webp
Warszawa Służew,ul. Bełdan,3,55,879270,15987,bez pośredników,,16,https://adresowo.pl/o/mieszkanie-warszawa-sluzew-ul-beldan-3-pokojowe-f6z4n3,https://s2.adresowa.pl/oi/49/53/3eeb58_2fbc_cover@2x-3-pokojowe-mieszkanie-warszawa-sluzew-ul-beldan.webp
Warszawa,ul. Piotra Wysockiego,1,27,389000,14407,Pośrednik,,11,https://adresowo.pl/o/mieszkanie-warszawa-ul-piotra-wysockiego-1-pokoj-z5m0r0,https://s2.adresowa.pl/oi/78/34/3ee04c_fb58_cover@2x-1-pokojowe-mieszkanie-warszawa-ul-piotra-wysockiego.webp
Warszawa Ursynów,ul. Cynamonowa,3,62,930000,15000,Pośrednik,,7,https://adresowo.pl/o/mieszkanie-warszawa-ursynow-ul-cynamonowa-3-pokojowe-g0o2s9,https://s2.adresowa.pl/oi/21/4c/3ee02c_5e47_cover@2x-3-pokojowe-mieszkanie-warszawa-ursynow-ul-cynamonowa.webp
Warszawa Wola,ul. Jana Kazimierza,2,54,1250000,23148,bez pośredników,,14,https://adresowo.pl/o/mieszkanie-warszawa-wola-ul-jana-kazimierza-2-pokojowe-p5r5d8,https://s2.adresowa.pl/oi/16/28/3eeb04_281c_cover@2x-2-pokojowe-mieszkanie-warszawa-wola-ul-jana-kazimierza.webp
Warszawa Ursus,ul. Górna Droga,2,44,570000,12955,bez pośredników,,18,https://adresowo.pl/o/mieszkanie-warszawa-ursus-ul-gorna-droga-2-pokojowe-y5p3w6,https://s2.adresowa.pl/oi/20/48/3eead6_37d2_cover@2x-2-pokojowe-mieszkanie-warszawa-ursus-ul-gorna-droga.webp
Warszawa Wawer,ul. Zorzy,2,36,680000,18889,bez pośredników,,15,https://adresowo.pl/o/mieszkanie-warszawa-wawer-ul-zorzy-2-pokojowe-v7i5e3,https://s2.adresowa.pl/oi/69/56/3eeab8_3e08_cover@2x-2-pokojowe-mieszkanie-warszawa-wawer-ul-zorzy.webp
Warszawa Białołęka,ul. Arcangela Corellego,1,28,455000,16250,Pośrednik,,7,https://adresowo.pl/o/mieszkanie-warszawa-bialoleka-ul-arcangela-corellego-1-pokoj-k0c7o3,https://s2.adresowa.pl/oi/3a/71/3edfba_ff47_cover@2x-1-pokojowe-mieszkanie-warszawa-bialoleka-ul-arcangela-corellego.webp
Warszawa Białołęka,ul. Hanki Ordonówny,3,55,840000,15273,Pośrednik,,6,https://adresowo.pl/o/mieszkanie-warszawa-bialoleka-ul-hanki-ordonowny-3-pokojowe-h3s1b5,https://s2.adresowa.pl/oi/6a/5a/3edc5e_6000_cover@2x-3-pokojowe-mieszkanie-warszawa-bialoleka-ul-hanki-ordonowny.webp
Warszawa Ochota,ul. Sąchocka,1,28,684000,24429,bez pośredników,,7,https://adresowo.pl/o/mieszkanie-warszawa-ochota-ul-sachocka-1-pokoj-q0f3d0,https://s2.adresowa.pl/oi/2c/2d/3eeaae_c2f4_cover@2x-1-pokojowe-mieszkanie-warszawa-ochota-ul-sachocka.webp
Warszawa Bielany,ul. Szegedyńska,3,48,660000,13750,bez pośredników,,7,https://adresowo.pl/o/mieszkanie-warszawa-bielany-ul-szegedynska-3-pokojowe-t2q9a1,https://s2.adresowa.pl/oi/33/39/3eea40_710f_cover@2x-3-pokojowe-mieszkanie-warszawa-bielany-ul-szegedynska.webp
Warszawa Mokotów,ul. Fryderyka Joliot-Curie,2,48,1200000,25000,bez pośredników,,8,https://adresowo.pl/o/mieszkanie-warszawa-mokotow-ul-fryderyka-joliot-curie-2-pokojowe-l5a7h9,https://s2.adresowa.pl/oi/15/52/3ee9f4_9044_cover@2x-2-pokojowe-mieszkanie-warszawa-mokotow-ul-fryderyka-joliot-curie.webp
Warszawa Włochy,ul. Budki Szczęśliwickie,2,42,1050000,25000,Pośrednik,,8,https://adresowo.pl/o/mieszkanie-warszawa-wlochy-ul-budki-szczesliwickie-2-pokojowe-c2n9t0,https://s2.adresowa.pl/oi/21/5b/3edc3c_9628_cover@2x-2-pokojowe-mieszkanie-warszawa-wlochy-ul-budki-szczesliwickie.webp
Warszawa Wola,ul. Jana Kazimierza,2,57,1080000,18947,Pośrednik,,7,https://adresowo.pl/o/mieszkanie-warszawa-wola-ul-jana-kazimierza-2-pokojowe-q2z9i5,https://s2.adresowa.pl/oi/36/2e/3edb1a_ce9e_cover@2x-2-pokojowe-mieszkanie-warszawa-wola-ul-jana-kazimierza.webp
Warszawa Żoliborz,ul. Zygmunta Krasińskiego,2,31,665000,21452,bez pośredników,,10,https://adresowo.pl/o/mieszkanie-warszawa-zoliborz-ul-zygmunta-krasinskiego-2-pokojowe-x4n5v8,https://s2.adresowa.pl/oi/17/13/3ee97e_c66d_cover@2x-2-pokojowe-mieszkanie-warszawa-zoliborz-ul-zygmunta-krasinskiego.webp
Warszawa Białołęka,ul. Mariana Hemara,4,83,1099000,13241,bez pośredników,,9,https://adresowo.pl/o/mieszkanie-warszawa-bialoleka-ul-mariana-hemara-4-pokojowe-u3w6h2,https://s2.adresowa.pl/oi/1a/76/3ee978_d031_cover@2x-4-pokojowe-mieszkanie-warszawa-bialoleka-ul-mariana-hemara.webp
Warszawa Białołęka Dworska,ul. Głębocka,2,47,750000,15957,bez pośredników,,8,https://adresowo.pl/o/mieszkanie-warszawa-bialoleka-dworska-ul-glebocka-2-pokojowe-b2f4x9,https://s2.adresowa.pl/oi/16/5c/3ee968_abf8_cover@2x-2-pokojowe-mieszkanie-warszawa-bialoleka-dworska-ul-glebocka.webp
Warszawa Włochy,ul. Przedpole,3,62,1022380,16490,Pośrednik,,15,https://adresowo.pl/o/mieszkanie-warszawa-wlochy-ul-przedpole-3-pokojowe-d1x7m1,https://s2.adresowa.pl/oi/4d/4e/3edb0e_779a_cover@2x-3-pokojowe-mieszkanie-warszawa-wlochy-ul-przedpole.webp
Warszawa Bemowo,ul. Rozłogi,3,86,1254250,14584,Pośrednik,,11,https://adresowo.pl/o/mieszkanie-warszawa-bemowo-ul-rozlogi-3-pokojowe-x3n0w7,https://s2.adresowa.pl/oi/66/20/3edb00_f3fd_cover@2x-3-pokojowe-mieszkanie-warszawa-bemowo-ul-rozlogi.webp
Warszawa Włochy,ul. ks. Juliana Chrościckiego,2,38,720000,18947,bez pośredników,,8,https://adresowo.pl/o/mieszkanie-warszawa-wlochy-ul-ks-juliana-chroscickiego-2-pokojowe-k6s7y3,https://s2.adresowa.pl/oi/5d/7c/3ee940_89f8_cover@2x-2-pokojowe-mieszkanie-warszawa-wlochy-ul-ks-juliana-chroscickiego.webp
Warszawa,Ursus,3,78,1620000,20769,bez pośredników,,8,https://adresowo.pl/o/mieszkanie-warszawa-ursus-3-pokojowe-78-m2-h0o4r1,https://s2.adresowa.pl/oi/7b/7f/3ee936_ced2_cover@2x-3-pokojowe-mieszkanie-warszawa-ursus.webp
Warszawa Białołęka,ul. Płochocińska,3,51,920000,18039,bez pośredników,,8,https://adresowo.pl/o/mieszkanie-warszawa-bialoleka-ul-plochocinska-3-pokojowe-m2d9p6,https://s2.adresowa.pl/oi/57/16/3ee92c_5a5d_cover@2x-3-pokojowe-mieszkanie-warszawa-bialoleka-ul-plochocinska.webp
Warszawa Wola,ul. Dzielna,1,20,519000,25950,Pośrednik,,7,https://adresowo.pl/o/mieszkanie-warszawa-wola-ul-dzielna-1-pokoj-r5q0e7,https://s2.adresowa.pl/oi/6f/6d/3edafa_f65b_cover@2x-1-pokojowe-mieszkanie-warszawa-wola-ul-dzielna.webp
Warszawa Gocław,ul. Władysława Umińskiego 26,3,56,695000,12411,Pośrednik,,24,https://adresowo.pl/o/mieszkanie-warszawa-goclaw-ul-wladyslawa-uminskiego-3-pokojowe-f1d2y5,https://s2.adresowa.pl/oi/74/2b/3edaea_b901_cover@2x-3-pokojowe-mieszkanie-warszawa-goclaw-ul-wladyslawa-uminskiego.webp
Warszawa Mokotów,ul. Egejska,3,57,1090000,19123,bez pośredników,,16,https://adresowo.pl/o/mieszkanie-warszawa-mokotow-ul-egejska-3-pokojowe-c3y7m9,https://s2.adresowa.pl/oi/10/28/3ee91e_494a_cover@2x-3-pokojowe-mieszkanie-warszawa-mokotow-ul-egejska.webp
Warszawa,Bemowo,3,50,800000,16000,bez pośredników,,8,https://adresowo.pl/o/mieszkanie-warszawa-bemowo-3-pokojowe-50-m2-d8a2k4,https://s2.adresowa.pl/oi/7e/5d/3ee824_b3b0_cover@2x-3-pokojowe-mieszkanie-warszawa-bemowo.webp
Warszawa Praga-Południe,al. Jerzego Waszyngtona,2,52,1260000,24231,bez pośredników,,14,https://adresowo.pl/o/mieszkanie-warszawa-praga-poludnie-al-jerzego-waszyngtona-2-pokojowe-r7n4r9,https://s2.adresowa.pl/oi/5c/54/3ee75e_e60e_cover@2x-2-pokojowe-mieszkanie-warszawa-praga-poludnie-al-jerzego-waszyngtona.webp
Warszawa Ursus,ul. Dzieci Warszawy,2,41,525000,12805,Pośrednik,,6,https://adresowo.pl/o/mieszkanie-warszawa-ursus-ul-dzieci-warszawy-2-pokojowe-v8z5k7,https://s2.adresowa.pl/oi/31/2f/3edac0_e5e7_cover@2x-2-pokojowe-mieszkanie-warszawa-ursus-ul-dzieci-warszawy.webp
Warszawa Śródmieście,"al. ""Solidarności""",1,17,449000,26412,Pośrednik,,14,https://adresowo.pl/o/mieszkanie-warszawa-srodmiescie-al-solidarnosci-1-pokoj-h7e0v1,https://s2.adresowa.pl/oi/72/43/3edaa2_de9d_cover@2x-1-pokojowe-mieszkanie-warszawa-srodmiescie-al-solidarnosci-.webp
Warszawa Bródno,ul. Ludwika Kondratowicza,3,65,850000,13077,bez pośredników,,15,https://adresowo.pl/o/mieszkanie-warszawa-brodno-ul-ludwika-kondratowicza-3-pokojowe-l1g5a5,https://s2.adresowa.pl/oi/18/33/3ee6e4_2b67_cover@2x-3-pokojowe-mieszkanie-warszawa-brodno-ul-ludwika-kondratowicza.webp
Warszawa Mokotów,ul. Antoniego Józefa Madalińskiego,1,28,549000,19607,bez pośredników,,11,https://adresowo.pl/o/mieszkanie-warszawa-mokotow-ul-antoniego-jozefa-madalinskiego-1-pokoj-z8z7e3,https://s2.adresowa.pl/oi/12/70/3ee614_f520_cover@2x-1-pokojowe-mieszkanie-warszawa-mokotow-ul-antoniego-jozefa-madalinskiego.webp
Warszawa Mokotów,ul. Bukowińska 22,1,33,735000,22273,bez pośredników,,15,https://adresowo.pl/o/mieszkanie-warszawa-mokotow-ul-bukowinska-1-pokoj-u8v2x9,https://s2.adresowa.pl/oi/7a/1c/3ee5d0_c6be_cover@2x-1-pokojowe-mieszkanie-warszawa-mokotow-ul-bukowinska.webp
Warszawa Targówek,ul. Myszkowska 2,3,60,879999,14667,Pośrednik,,19,https://adresowo.pl/o/mieszkanie-warszawa-targowek-ul-myszkowska-3-pokojowe-r7n8g6,https://s2.adresowa.pl/oi/4f/6f/3eda54_e130_cover@2x-3-pokojowe-mieszkanie-warszawa-targowek-ul-myszkowska.webp
Warszawa Praga-Południe,ul. Łukowska,3,64,950000,14844,Pośrednik,,20,https://adresowo.pl/o/mieszkanie-warszawa-praga-poludnie-ul-lukowska-3-pokojowe-j5m3b1,https://s2.adresowa.pl/oi/62/40/3eda3e_dce7_cover@2x-3-pokojowe-mieszkanie-warszawa-praga-poludnie-ul-lukowska.webp
Warszawa Żerań,ul. Marywilska,3,58,999999,17241,bez pośredników,,11,https://adresowo.pl/o/mieszkanie-warszawa-zeran-ul-marywilska-3-pokojowe-n9c6h9,https://s2.adresowa.pl/oi/4e/16/3ee50a_7ba9_cover@2x-3-pokojowe-mieszkanie-warszawa-zeran-ul-marywilska.webp
Warszawa Grochów,ul. Majdańska,2,50,789000,15780,bez pośredników,,9,https://adresowo.pl/o/mieszkanie-warszawa-grochow-ul-majdanska-2-pokojowe-m4d2z8,https://s2.adresowa.pl/oi/54/16/3ee4c2_a9c7_cover@2x-2-pokojowe-mieszkanie-warszawa-grochow-ul-majdanska.webp
Warszawa Białołęka,ul. Geodezyjna,3,66,1100000,16667,bez pośredników,,15,https://adresowo.pl/o/mieszkanie-warszawa-bialoleka-ul-geodezyjna-3-pokojowe-i9c7q0,https://s2.adresowa.pl/oi/7b/5b/3ee444_c247_cover@2x-3-pokojowe-mieszkanie-warszawa-bialoleka-ul-geodezyjna.webp
Warszawa Praga-Południe,al. Jerzego Waszyngtona 98,1,24,445000,18542,Pośrednik,,7,https://adresowo.pl/o/mieszkanie-warszawa-praga-poludnie-al-jerzego-waszyngtona-1-pokoj-a7r8q3,https://s2.adresowa.pl/oi/33/7c/3eda0e_c261_cover@2x-1-pokojowe-mieszkanie-warszawa-praga-poludnie-al-jerzego-waszyngtona.webp
Warszawa Śródmieście,al. 3 Maja,4,115,2599000,22600,Pośrednik,,23,https://adresowo.pl/o/mieszkanie-warszawa-srodmiescie-al-3-maja-4-pokojowe-t0o5t1,https://s2.adresowa.pl/oi/60/15/3ed9b8_29d4_cover@2x-4-pokojowe-mieszkanie-warszawa-srodmiescie-al-3-maja.webp
Warszawa Gocław,ul. gen. Romana Abrahama,2,46,815000,17717,bez pośredników,,18,https://adresowo.pl/o/mieszkanie-warszawa-goclaw-ul-gen-romana-abrahama-2-pokojowe-j2x4u2,https://s2.adresowa.pl/oi/56/75/3ee420_6455_cover@2x-2-pokojowe-mieszkanie-warszawa-goclaw-ul-gen-romana-abrahama.webp
Warszawa Wola,ul. Józefa Bellottiego,4,117,2450000,20940,bez pośredników,,15,https://adresowo.pl/o/mieszkanie-warszawa-wola-ul-jozefa-bellottiego-4-pokojowe-s1n7l5,https://s2.adresowa.pl/oi/1c/6d/3ee3ee_a6fb_cover@2x-4-pokojowe-mieszkanie-warszawa-wola-ul-jozefa-bellottiego.webp
Warszawa Mokotów,ul. Wołoska,1,36,660000,18333,bez pośredników,,10,https://adresowo.pl/o/mieszkanie-warszawa-mokotow-ul-woloska-1-pokoj-w6u3n3,https://s2.adresowa.pl/oi/4a/64/3ee34a_ea48_cover@2x-1-pokojowe-mieszkanie-warszawa-mokotow-ul-woloska.webp
Warszawa Białołęka,ul. Pasłęcka,1,33,520000,15758,Pośrednik,,13,https://adresowo.pl/o/mieszkanie-warszawa-bialoleka-ul-paslecka-1-pokoj-w0d9a7,https://s2.adresowa.pl/oi/6b/4e/3ed6f0_30d7_cover@2x-1-pokojowe-mieszkanie-warszawa-bialoleka-ul-paslecka.webp
Warszawa Bielany,ul. Hansa Christiana Andersena,2,43,600000,13953,Pośrednik,,9,https://adresowo.pl/o/mieszkanie-warszawa-bielany-ul-hansa-christiana-andersena-2-pokojowe-a3u9o7,https://s2.adresowa.pl/oi/27/1c/3ed6ee_2ebc_cover@2x-2-pokojowe-mieszkanie-warszawa-bielany-ul-hansa-christiana-andersena.webp
Warszawa Bielany,ul. Literacka,4,104,1599000,15375,bez pośredników,,1,https://adresowo.pl/o/mieszkanie-warszawa-bielany-ul-literacka-4-pokojowe-x0x4x4,https://s2.adresowa.pl/oi/2a/17/3ee30a_733e_cover@2x-4-pokojowe-mieszkanie-warszawa-bielany-ul-literacka.webp
Warszawa Ursus,ul. Orląt Lwowskich,2,48,675000,14062,bez pośredników,,20,https://adresowo.pl/o/mieszkanie-warszawa-ursus-ul-orlat-lwowskich-2-pokojowe-x5c6n3,https://s2.adresowa.pl/oi/37/7c/3ee290_4f64_cover@2x-2-pokojowe-mieszkanie-warszawa-ursus-ul-orlat-lwowskich.webp
Warszawa Mokotów,ul. Orzycka,1,28,545000,19464,bez pośredników,,8,https://adresowo.pl/o/mieszkanie-warszawa-mokotow-ul-orzycka-1-pokoj-t4s9z4,https://s2.adresowa.pl/oi/5b/24/3ee10c_bf0e_cover@2x-1-pokojowe-mieszkanie-warszawa-mokotow-ul-orzycka.webp
Warszawa Żoliborz,ul. Ludwika Rydygiera 6,3,70,1840000,26286,Pośrednik,,16,https://adresowo.pl/o/mieszkanie-warszawa-zoliborz-ul-ludwika-rydygiera-3-pokojowe-v0l9s9,https://s2.adresowa.pl/oi/27/71/3ed6ca_4771_cover@2x-3-pokojowe-mieszkanie-warszawa-zoliborz-ul-ludwika-rydygiera.webp
Warszawa,Ochota,2,36,635000,17639,Pośrednik,,15,https://adresowo.pl/o/mieszkanie-warszawa-ochota-2-pokojowe-36-m2-i1j7w4,https://s2.adresowa.pl/oi/58/68/3ed6b4_afd2_cover@2x-2-pokojowe-mieszkanie-warszawa-ochota.webp
Warszawa Białołęka,ul. Pawła Włodkowica,1,25,485000,19400,bez pośredników,,20,https://adresowo.pl/o/mieszkanie-warszawa-bialoleka-ul-pawla-wlodkowica-1-pokoj-m7k6b3,https://s2.adresowa.pl/oi/7a/7b/3ee070_e4c5_cover@2x-1-pokojowe-mieszkanie-warszawa-bialoleka-ul-pawla-wlodkowica.webp
Warszawa Mokotów,ul. Korczyńska,3,51,735000,14412,bez pośredników,,16,https://adresowo.pl/o/mieszkanie-warszawa-mokotow-ul-korczynska-3-pokojowe-l2u8x8,https://s2.adresowa.pl/oi/65/55/3edfca_fcc8_cover@2x-3-pokojowe-mieszkanie-warszawa-mokotow-ul-korczynska.webp
Warszawa Śródmieście,pl. Defilad,2,58,1670000,28793,bez pośredników,,4,https://adresowo.pl/o/mieszkanie-warszawa-srodmiescie-pl-defilad-2-pokojowe-f8b5g2,https://s2.adresowa.pl/oi/1b/6a/3edfc0_f118_cover@2x-2-pokojowe-mieszkanie-warszawa-srodmiescie-pl-defilad.webp
Warszawa Wola,ul. Ogrodowa,2,47,925000,19681,Pośrednik,,5,https://adresowo.pl/o/mieszkanie-warszawa-wola-ul-ogrodowa-2-pokojowe-n1s3y5,https://s2.adresowa.pl/oi/38/7e/3ed52e_ac56_cover@2x-2-pokojowe-mieszkanie-warszawa-wola-ul-ogrodowa.webp
Warszawa Ursynów,ul. Indiry Gandhi,2,56,1120000,20000,Pośrednik,,8,https://adresowo.pl/o/mieszkanie-warszawa-ursynow-ul-indiry-gandhi-2-pokojowe-d6u7y7,https://s2.adresowa.pl/oi/24/67/3ed528_372d_cover@2x-2-pokojowe-mieszkanie-warszawa-ursynow-ul-indiry-gandhi.webp
Warszawa Praga-Południe,ul. Tadeusza Rechniewskiego,1,45,650000,14444,bez pośredników,,13,https://adresowo.pl/o/mieszkanie-warszawa-praga-poludnie-ul-tadeusza-rechniewskiego-1-pokoj-d8a0t0,https://s2.adresowa.pl/oi/1e/2c/3edf90_c8b8_cover@2x-1-pokojowe-mieszkanie-warszawa-praga-poludnie-ul-tadeusza-rechniewskiego.webp
Warszawa Praga,ul. Kępna,3,75,1580000,21067,bez pośredników,,9,https://adresowo.pl/o/mieszkanie-warszawa-praga-ul-kepna-3-pokojowe-j9g2q6,https://s2.adresowa.pl/oi/32/10/3edf54_db62_cover@2x-3-pokojowe-mieszkanie-warszawa-praga-ul-kepna.webp
Warszawa Praga-Południe,ul. Łukowska,2,48,625000,13021,bez pośredników,,5,https://adresowo.pl/o/mieszkanie-warszawa-praga-poludnie-ul-lukowska-2-pokojowe-c3u6i2,https://s2.adresowa.pl/oi/25/7b/3edee8_318b_cover@2x-2-pokojowe-mieszkanie-warszawa-praga-poludnie-ul-lukowska.webp
Warszawa Mokotów,ul. Dolna,2,49,700000,14286,Pośrednik,,8,https://adresowo.pl/o/mieszkanie-warszawa-mokotow-ul-dolna-2-pokojowe-w8j3i9,https://s2.adresowa.pl/oi/32/22/3ed520_d39d_cover@2x-2-pokojowe-mieszkanie-warszawa-mokotow-ul-dolna.webp
Warszawa Żoliborz,ul. Szamocka,2,49,1568000,32000,Pośrednik,,15,https://adresowo.pl/o/mieszkanie-warszawa-zoliborz-ul-szamocka-2-pokojowe-g0c0h1,https://s2.adresowa.pl/oi/61/44/3ed51e_a1d5_cover@2x-2-pokojowe-mieszkanie-warszawa-zoliborz-ul-szamocka.webp
Warszawa Ursus,ul. Dzieci Warszawy,2,40,610000,15250,bez pośredników,,16,https://adresowo.pl/o/mieszkanie-warszawa-ursus-ul-dzieci-warszawy-2-pokojowe-f2l5b9,https://s2.adresowa.pl/oi/41/2d/3edeaa_885e_cover@2x-2-pokojowe-mieszkanie-warszawa-ursus-ul-dzieci-warszawy.webp
Warszawa Targówek,ul. Suwalska,1,31,449000,14484,bez pośredników,,19,https://adresowo.pl/o/mieszkanie-warszawa-targowek-ul-suwalska-1-pokoj-a2j8g9,https://s2.adresowa.pl/oi/15/74/3ede00_8057_cover@2x-1-pokojowe-mieszkanie-warszawa-targowek-ul-suwalska.webp
Warszawa Bielany,ul. Władysława Broniewskiego,2,41,615000,15000,bez pośredników,,1,https://adresowo.pl/o/mieszkanie-warszawa-bielany-ul-wladyslawa-broniewskiego-2-pokojowe-z3h6e9,https://s2.adresowa.pl/oi/43/45/3edde8_6220_cover@2x-2-pokojowe-mieszkanie-warszawa-bielany-ul-wladyslawa-broniewskiego.webp
Warszawa Ursus,ul. Starodęby,3,65,975000,15000,Pośrednik,,9,https://adresowo.pl/o/mieszkanie-warszawa-ursus-ul-starodeby-3-pokojowe-r9y2x1,https://s2.adresowa.pl/oi/50/65/3ed51a_f73d_cover@2x-3-pokojowe-mieszkanie-warszawa-ursus-ul-starodeby.webp
Warszawa Białołęka,ul. Konik Polny,2,28,430000,15357,Pośrednik,,2,https://adresowo.pl/o/mieszkanie-warszawa-bialoleka-ul-konik-polny-2-pokojowe-w1u9i3,https://s2.adresowa.pl/oi/3a/1a/3ed518_7356_cover@2x-2-pokojowe-mieszkanie-warszawa-bialoleka-ul-konik-polny.webp
Warszawa Ursus,ul. Józefa Chełmońskiego,2,46,699000,15196,bez pośredników,,8,https://adresowo.pl/o/mieszkanie-warszawa-ursus-ul-jozefa-chelmonskiego-2-pokojowe-k2n3f4,https://s2.adresowa.pl/oi/1e/27/3edd74_f87c_cover@2x-2-pokojowe-mieszkanie-warszawa-ursus-ul-jozefa-chelmonskiego.webp
Warszawa Praga-Południe,ul. Witolińska,2,45,580000,12889,bez pośredników,,5,https://adresowo.pl/o/mieszkanie-warszawa-praga-poludnie-ul-witolinska-2-pokojowe-n1g5w7,https://s2.adresowa.pl/oi/27/73/3edd60_4726_cover@2x-2-pokojowe-mieszkanie-warszawa-praga-poludnie-ul-witolinska.webp
Warszawa Praga-Południe,ul. Międzynarodowa,3,47,999000,21255,bez pośredników,,9,https://adresowo.pl/o/mieszkanie-warszawa-praga-poludnie-ul-miedzynarodowa-3-pokojowe-p8h0z2,https://s2.adresowa.pl/oi/2a/5c/3edcfc_8ee3_cover@2x-3-pokojowe-mieszkanie-warszawa-praga-poludnie-ul-miedzynarodowa.webp
Warszawa Targówek,ul. Żuromińska,1,27,450900,16700,Pośrednik,,8,https://adresowo.pl/o/mieszkanie-warszawa-targowek-ul-zurominska-1-pokoj-i8x6t7,https://s2.adresowa.pl/oi/46/50/3ed470_b5ab_cover@2x-1-pokojowe-mieszkanie-warszawa-targowek-ul-zurominska.webp
Warszawa Mokotów,ul. Stefana Batorego,3,48,1049000,21854,Pośrednik,,16,https://adresowo.pl/o/mieszkanie-warszawa-mokotow-ul-stefana-batorego-3-pokojowe-x3l4g5,https://s2.adresowa.pl/oi/2e/47/3ed43e_daa4_cover@2x-3-pokojowe-mieszkanie-warszawa-mokotow-ul-stefana-batorego.webp
Warszawa Kabaty,ul. Wąwozowa,3,68,1168000,17176,bez pośredników,,13,https://adresowo.pl/o/mieszkanie-warszawa-kabaty-ul-wawozowa-3-pokojowe-o4m1b1,https://s2.adresowa.pl/oi/38/52/3edc14_75e6_cover@2x-3-pokojowe-mieszkanie-warszawa-kabaty-ul-wawozowa.webp
Warszawa Bródno,ul. Wyszogrodzka,2,38,525000,13816,bez pośredników,,9,https://adresowo.pl/o/mieszkanie-warszawa-brodno-ul-wyszogrodzka-2-pokojowe-l2x2l7,https://s2.adresowa.pl/oi/4e/41/3edbec_be8b_cover@2x-2-pokojowe-mieszkanie-warszawa-brodno-ul-wyszogrodzka.webp
Warszawa Bielany,ul. Wrzeciono,4,38,650000,17105,bez pośredników,,9,https://adresowo.pl/o/mieszkanie-warszawa-bielany-ul-wrzeciono-4-pokojowe-j9x4z9,https://s2.adresowa.pl/oi/5a/30/3edb1c_2eac_cover@2x-4-pokojowe-mieszkanie-warszawa-bielany-ul-wrzeciono.webp
Warszawa Mokotów,ul. Pory 65,1,35,680000,19429,Pośrednik,,19,https://adresowo.pl/o/mieszkanie-warszawa-mokotow-ul-pory-1-pokoj-j6f2k9,https://s2.adresowa.pl/oi/72/15/3ed2e2_8ccc_cover@2x-1-pokojowe-mieszkanie-warszawa-mokotow-ul-pory.webp
Warszawa Żoliborz,ul. Gwiaździsta,2,45,789000,17533,Pośrednik,,17,https://adresowo.pl/o/mieszkanie-warszawa-zoliborz-ul-gwiazdzista-2-pokojowe-f2o0i1,https://s2.adresowa.pl/oi/50/53/3ecff0_b843_cover@2x-2-pokojowe-mieszkanie-warszawa-zoliborz-ul-gwiazdzista.webp
Warszawa Mokotów,ul. Fryderyka Joliot-Curie,2,34,620000,18235,bez pośredników,,10,https://adresowo.pl/o/mieszkanie-warszawa-mokotow-ul-fryderyka-joliot-curie-2-pokojowe-f7b9p8,https://s2.adresowa.pl/oi/3f/7f/3edaee_d76f_cover@2x-2-pokojowe-mieszkanie-warszawa-mokotow-ul-fryderyka-joliot-curie.webp
Warszawa Targówek,ul. Łodygowa,3,48,889000,18521,bez pośredników,,9,https://adresowo.pl/o/mieszkanie-warszawa-targowek-ul-lodygowa-3-pokojowe-p1l0h9,https://s2.adresowa.pl/oi/4d/4b/3eda7e_5d01_cover@2x-3-pokojowe-mieszkanie-warszawa-targowek-ul-lodygowa.webp
Warszawa Praga-Południe,ul. Żupnicza,2,37,725000,19595,bez pośredników,,5,https://adresowo.pl/o/mieszkanie-warszawa-praga-poludnie-ul-zupnicza-2-pokojowe-d5j6n4,https://s2.adresowa.pl/oi/72/3b/3eda5e_a024_cover@2x-2-pokojowe-mieszkanie-warszawa-praga-poludnie-ul-zupnicza.webp
Warszawa Praga-Południe,ul. gen. Tadeusza Bora-Komorowskiego,2,50,1035000,20700,Pośrednik,,8,https://adresowo.pl/o/mieszkanie-warszawa-praga-poludnie-ul-gen-tadeusza-bora-komorowskiego-2-pokojowe-e7j8z0,https://s2.adresowa.pl/oi/1b/71/3ecfb4_cc98_cover@2x-2-pokojowe-mieszkanie-warszawa-praga-poludnie-ul-gen-tadeusza-bora-komorowskiego.webp
Warszawa Wola,ul. Sokołowska,2,50,1089900,21798,Pośrednik,,17,https://adresowo.pl/o/mieszkanie-warszawa-wola-ul-sokolowska-2-pokojowe-s3g7l7,https://s2.adresowa.pl/oi/7a/45/3ecf88_413f_cover@2x-2-pokojowe-mieszkanie-warszawa-wola-ul-sokolowska.webp
Warszawa Ursus,ul. Posag 7 Panien,2,47,842000,17915,bez pośredników,,11,https://adresowo.pl/o/mieszkanie-warszawa-ursus-ul-posag-7-panien-2-pokojowe-e5f1s4,https://s2.adresowa.pl/oi/4d/36/3eda38_313e_cover@2x-2-pokojowe-mieszkanie-warszawa-ursus-ul-posag-7-panien.webp
Warszawa Bielany,ul. Skalbmierska,2,49,896000,18286,bez pośredników,,7,https://adresowo.pl/o/mieszkanie-warszawa-bielany-ul-skalbmierska-2-pokojowe-r5f8n0,https://s2.adresowa.pl/oi/17/38/3eda10_9b68_cover@2x-2-pokojowe-mieszkanie-warszawa-bielany-ul-skalbmierska.webp
Warszawa Wola,ul. Góralska,4,61,947000,15525,bez pośredników,,11,https://adresowo.pl/o/mieszkanie-warszawa-wola-ul-goralska-4-pokojowe-o8a4x7,https://s2.adresowa.pl/oi/6e/61/3ed958_7724_cover@2x-4-pokojowe-mieszkanie-warszawa-wola-ul-goralska.webp
Warszawa Praga-Południe,al. Stanów Zjednoczonych,2,38,539999,14210,Pośrednik,,13,https://adresowo.pl/o/mieszkanie-warszawa-praga-poludnie-al-stanow-zjednoczonych-2-pokojowe-t6m7f8,https://s2.adresowa.pl/oi/6b/66/3ecf4a_d138_cover@2x-2-pokojowe-mieszkanie-warszawa-praga-poludnie-al-stanow-zjednoczonych.webp
Warszawa Praga-Południe,al. Stanów Zjednoczonych,2,48,895000,18646,Pośrednik,,14,https://adresowo.pl/o/mieszkanie-warszawa-praga-poludnie-al-stanow-zjednoczonych-2-pokojowe-g9d4f1,https://s2.adresowa.pl/oi/24/54/3ecf44_6787_cover@2x-2-pokojowe-mieszkanie-warszawa-praga-poludnie-al-stanow-zjednoczonych.webp
Warszawa Wilanów,ul. Franciszka Klimczaka,2,52,1150000,22115,bez pośredników,,9,https://adresowo.pl/o/mieszkanie-warszawa-wilanow-ul-franciszka-klimczaka-2-pokojowe-m8m8r9,https://s2.adresowa.pl/oi/69/3f/3ed8fe_b2f4_cover@2x-2-pokojowe-mieszkanie-warszawa-wilanow-ul-franciszka-klimczaka.webp
Warszawa Ursus,ul. Zagłoby,4,62,775000,12500,bez pośredników,,20,https://adresowo.pl/o/mieszkanie-warszawa-ursus-ul-zagloby-4-pokojowe-u0s3i0,https://s2.adresowa.pl/oi/73/4a/3ed8f6_4e44_cover@2x-4-pokojowe-mieszkanie-warszawa-ursus-ul-zagloby.webp
Warszawa Praga-Północ,ul. Targowa,1,31,825000,26613,bez pośredników,,15,https://adresowo.pl/o/mieszkanie-warszawa-praga-polnoc-ul-targowa-1-pokoj-n4r1x6,https://s2.adresowa.pl/oi/6b/3c/3ed8e2_67f6_cover@2x-1-pokojowe-mieszkanie-warszawa-praga-polnoc-ul-targowa.webp
Warszawa,ul. Bracławska,2,50,720000,14400,Pośrednik,,20,https://adresowo.pl/o/mieszkanie-warszawa-ul-braclawska-2-pokojowe-w6j3h2,https://s2.adresowa.pl/oi/31/5e/3ecf38_9d59_cover@2x-2-pokojowe-mieszkanie-warszawa-ul-braclawska.webp
Warszawa Mokotów,ul. Domaniewska,2,41,990000,24146,Pośrednik,,22,https://adresowo.pl/o/mieszkanie-warszawa-mokotow-ul-domaniewska-2-pokojowe-p4l9n1,https://s2.adresowa.pl/oi/63/62/3ecc98_a351_cover@2x-2-pokojowe-mieszkanie-warszawa-mokotow-ul-domaniewska.webp
Warszawa Wilanów,al. Rzeczypospolitej,2,41,960000,23415,bez pośredników,,10,https://adresowo.pl/o/mieszkanie-warszawa-wilanow-al-rzeczypospolitej-2-pokojowe-b7e1u3,https://s2.adresowa.pl/oi/4a/79/3ed8b2_7185_cover@2x-2-pokojowe-mieszkanie-warszawa-wilanow-al-rzeczypospolitej.webp
Warszawa Młynów,ul. Syreny,3,66,980000,14848,bez pośredników,,14,https://adresowo.pl/o/mieszkanie-warszawa-mlynow-ul-syreny-3-pokojowe-p9p4l1,https://s2.adresowa.pl/oi/63/61/3ed88c_ec6e_cover@2x-3-pokojowe-mieszkanie-warszawa-mlynow-ul-syreny.webp
Warszawa Dolny Mokotów,ul. Jana III Sobieskiego,3,57,739000,12965,bez pośredników,,8,https://adresowo.pl/o/mieszkanie-warszawa-dolny-mokotow-ul-jana-iii-sobieskiego-3-pokojowe-a5n5h8,https://s2.adresowa.pl/oi/5f/25/3ed7d6_ae2f_cover@2x-3-pokojowe-mieszkanie-warszawa-dolny-mokotow-ul-jana-iii-sobieskiego.webp
Warszawa Mokotów,ul. Jurija Gagarina,2,37,735000,19865,Pośrednik,,7,https://adresowo.pl/o/mieszkanie-warszawa-mokotow-ul-jurija-gagarina-2-pokojowe-h2h2i0,https://s2.adresowa.pl/oi/63/63/3ecb4c_d679_cover@2x-2-pokojowe-mieszkanie-warszawa-mokotow-ul-jurija-gagarina.webp
Warszawa Targówek,ul. Tadeusza Korzona 111,3,62,1150000,18548,Pośrednik,,13,https://adresowo.pl/o/mieszkanie-warszawa-targowek-ul-tadeusza-korzona-3-pokojowe-h6s8n4,https://s2.adresowa.pl/oi/1c/5c/3ec8d4_5d56_cover@2x-3-pokojowe-mieszkanie-warszawa-targowek-ul-tadeusza-korzona.webp
Warszawa Mokotów,ul. Bartłomieja,2,48,729000,15188,bez pośredników,,18,https://adresowo.pl/o/mieszkanie-warszawa-mokotow-ul-bartlomieja-2-pokojowe-c1c0z0,https://s2.adresowa.pl/oi/25/40/3ed7be_b11e_cover@2x-2-pokojowe-mieszkanie-warszawa-mokotow-ul-bartlomieja.webp
Warszawa Ursynów,ul. Ernesta Malinowskiego,2,46,670000,14565,bez pośredników,,8,https://adresowo.pl/o/mieszkanie-warszawa-ursynow-ul-ernesta-malinowskiego-2-pokojowe-j0o0a7,https://s2.adresowa.pl/oi/34/3d/3ed79c_ba74_cover@2x-2-pokojowe-mieszkanie-warszawa-ursynow-ul-ernesta-malinowskiego.webp
Warszawa Praga-Północ,ul. Panieńska,3,88,1951400,22175,bez pośredników,,16,https://adresowo.pl/o/mieszkanie-warszawa-praga-polnoc-ul-panienska-3-pokojowe-e4k1g3,https://s2.adresowa.pl/oi/66/16/3ed6fc_3f64_cover@2x-3-pokojowe-mieszkanie-warszawa-praga-polnoc-ul-panienska.webp
Warszawa Ursus,ul. Rakietników,3,59,939000,15915,Pośrednik,,8,https://adresowo.pl/o/mieszkanie-warszawa-ursus-ul-rakietnikow-3-pokojowe-g9j4s1,https://s2.adresowa.pl/oi/3d/7b/3ec880_efef_cover@2x-3-pokojowe-mieszkanie-warszawa-ursus-ul-rakietnikow.webp
Warszawa Wola,ul. Księcia Janusza 44,3,49,810000,16531,Pośrednik,,10,https://adresowo.pl/o/mieszkanie-warszawa-wola-ul-ksiecia-janusza-3-pokojowe-c0x5a0,https://s2.adresowa.pl/oi/13/75/3ec85a_807a_cover@2x-3-pokojowe-mieszkanie-warszawa-wola-ul-ksiecia-janusza.webp
Warszawa Bemowo,ul. Powstańców Śląskich,2,49,1120000,22857,bez pośredników,,8,https://adresowo.pl/o/mieszkanie-warszawa-bemowo-ul-powstancow-slaskich-2-pokojowe-p3l7x0,https://s2.adresowa.pl/oi/64/2d/3ed6be_bdbc_cover@2x-2-pokojowe-mieszkanie-warszawa-bemowo-ul-powstancow-slaskich.webp
Warszawa Włochy,ul. Łopuszańska,2,37,795000,21486,bez pośredników,,12,https://adresowo.pl/o/mieszkanie-warszawa-wlochy-ul-lopuszanska-2-pokojowe-d4v8g4,https://s2.adresowa.pl/oi/20/21/3ed624_a515_cover@2x-2-pokojowe-mieszkanie-warszawa-wlochy-ul-lopuszanska.webp
Warszawa Bemowo,ul. Borowej Góry,2,42,710000,16905,bez pośredników,,8,https://adresowo.pl/o/mieszkanie-warszawa-bemowo-ul-borowej-gory-2-pokojowe-b0b2l1,https://s2.adresowa.pl/oi/2f/57/3ed60c_be91_cover@2x-2-pokojowe-mieszkanie-warszawa-bemowo-ul-borowej-gory.webp
Warszawa Wilanów,ul. Franciszka Klimczaka,2,62,1829000,29500,Pośrednik,,12,https://adresowo.pl/o/mieszkanie-warszawa-wilanow-ul-franciszka-klimczaka-2-pokojowe-b0o3r3,https://s2.adresowa.pl/oi/2d/44/3ec7ec_da6a_cover@2x-2-pokojowe-mieszkanie-warszawa-wilanow-ul-franciszka-klimczaka.webp
Warszawa Białołęka,ul. Geodezyjna,3,66,1100000,16667,Pośrednik,,15,https://adresowo.pl/o/mieszkanie-warszawa-bialoleka-ul-geodezyjna-3-pokojowe-y1e6u3,https://s2.adresowa.pl/oi/1a/63/3ec7e6_a55b_cover@2x-3-pokojowe-mieszkanie-warszawa-bialoleka-ul-geodezyjna.webp
Warszawa Młynów,ul. Karolkowa,3,67,1098000,16388,bez pośredników,,11,https://adresowo.pl/o/mieszkanie-warszawa-mlynow-ul-karolkowa-3-pokojowe-t2f1g6,https://s2.adresowa.pl/oi/5f/79/3ed58a_55df_cover@2x-3-pokojowe-mieszkanie-warszawa-mlynow-ul-karolkowa.webp
Warszawa Bemowo,ul. Lazurowa,3,51,799000,15667,bez pośredników,,4,https://adresowo.pl/o/mieszkanie-warszawa-bemowo-ul-lazurowa-3-pokojowe-l8p0a6,https://s2.adresowa.pl/oi/61/6b/3ed544_7b9c_cover@2x-3-pokojowe-mieszkanie-warszawa-bemowo-ul-lazurowa.webp
Warszawa Bemowo,ul. Cokołowa,3,50,769000,15380,bez pośredników,,9,https://adresowo.pl/o/mieszkanie-warszawa-bemowo-ul-cokolowa-3-pokojowe-f4j4q2,https://s2.adresowa.pl/oi/3b/1f/3ed50e_f97f_cover@2x-3-pokojowe-mieszkanie-warszawa-bemowo-ul-cokolowa.webp
Warszawa Mokotów,ul. Zaciszna,1,33,845000,25606,Pośrednik,,26,https://adresowo.pl/o/mieszkanie-warszawa-mokotow-ul-zaciszna-1-pokoj-r0p1e0,https://s2.adresowa.pl/oi/34/73/3ec79a_716e_cover@2x-1-pokojowe-mieszkanie-warszawa-mokotow-ul-zaciszna.webp
Warszawa Białołęka,ul. Myśliborska,4,88,1099000,12489,Pośrednik,,1,https://adresowo.pl/o/mieszkanie-warszawa-bialoleka-ul-mysliborska-4-pokojowe-s3s8f6,https://s2.adresowa.pl/oi/21/32/3ec4e4_8de6_cover@2x-4-pokojowe-mieszkanie-warszawa-bialoleka-ul-mysliborska.webp
Warszawa Wilanów,ul. Bruzdowa,3,83,1449000,17458,bez pośredników,,14,https://adresowo.pl/o/mieszkanie-warszawa-wilanow-ul-bruzdowa-3-pokojowe-q5d3o5,https://s2.adresowa.pl/oi/7d/3d/3eb44a_861a_cover@2x-3-pokojowe-mieszkanie-warszawa-wilanow-ul-bruzdowa.webp
Warszawa Białołęka,ul. Aluzyjna,2,41,739000,18024,bez pośredników,,11,https://adresowo.pl/o/mieszkanie-warszawa-bialoleka-ul-aluzyjna-2-pokojowe-h9d9s3,https://s2.adresowa.pl/oi/2e/52/3ed486_f874_cover@2x-2-pokojowe-mieszkanie-warszawa-bialoleka-ul-aluzyjna.webp
Warszawa,Praga-Północ,2,50,890000,17800,bez pośredników,,8,https://adresowo.pl/o/mieszkanie-warszawa-praga-polnoc-2-pokojowe-50-m2-k9l8q0,https://s2.adresowa.pl/oi/12/78/3ed3d0_a767_cover@2x-2-pokojowe-mieszkanie-warszawa-praga-polnoc.webp
Warszawa Żerań,ul. Marywilska,2,35,649000,18543,bez pośredników,,13,https://adresowo.pl/o/mieszkanie-warszawa-zeran-ul-marywilska-2-pokojowe-e6x9p4,https://s2.adresowa.pl/oi/1f/6e/3ed3b0_9dc9_cover@2x-2-pokojowe-mieszkanie-warszawa-zeran-ul-marywilska.webp
Warszawa Bemowo,ul. Górczewska,2,34,739000,21735,Pośrednik,,6,https://adresowo.pl/o/mieszkanie-warszawa-bemowo-ul-gorczewska-2-pokojowe-e6v9t7,https://s2.adresowa.pl/oi/1a/79/3ec4d2_d864_cover@2x-2-pokojowe-mieszkanie-warszawa-bemowo-ul-gorczewska.webp
Warszawa Praga-Południe,ul. Grochowska,2,41,1295000,31585,Pośrednik,,10,https://adresowo.pl/o/mieszkanie-warszawa-praga-poludnie-ul-grochowska-2-pokojowe-p6e8n1,https://s2.adresowa.pl/oi/75/6b/3ec4d0_8aed_cover@2x-2-pokojowe-mieszkanie-warszawa-praga-poludnie-ul-grochowska.webp
Warszawa Bielany,ul. Władysława Broniewskiego,2,41,710000,17317,bez pośredników,,14,https://adresowo.pl/o/mieszkanie-warszawa-bielany-ul-wladyslawa-broniewskiego-2-pokojowe-q4g9n1,https://s2.adresowa.pl/oi/56/1f/3ed2ee_fd5b_cover@2x-2-pokojowe-mieszkanie-warszawa-bielany-ul-wladyslawa-broniewskiego.webp
Warszawa Białołęka,ul. Aluzyjna,2,46,749000,16283,bez pośredników,,7,https://adresowo.pl/o/mieszkanie-warszawa-bialoleka-ul-aluzyjna-2-pokojowe-g8a9f8,https://s2.adresowa.pl/oi/68/6d/3ed2d0_9c17_cover@2x-2-pokojowe-mieszkanie-warszawa-bialoleka-ul-aluzyjna.webp
Warszawa Włochy,ul. Orzechowa,2,43,949900,22091,bez pośredników,,10,https://adresowo.pl/o/mieszkanie-warszawa-wlochy-ul-orzechowa-2-pokojowe-g0p0a8,https://s2.adresowa.pl/oi/30/2b/3ed2b0_384c_cover@2x-2-pokojowe-mieszkanie-warszawa-wlochy-ul-orzechowa.webp
Warszawa Śródmieście,ul. Wojciecha Górskiego 6,2,65,2200000,33846,Pośrednik,,20,https://adresowo.pl/o/mieszkanie-warszawa-srodmiescie-ul-wojciecha-gorskiego-2-pokojowe-d7d7j3,https://s2.adresowa.pl/oi/58/5d/3ec4aa_63d8_cover@2x-2-pokojowe-mieszkanie-warszawa-srodmiescie-ul-wojciecha-gorskiego.webp
Warszawa Wola,ul. Waliców,2,40,999000,24975,Pośrednik,,12,https://adresowo.pl/o/mieszkanie-warszawa-wola-ul-walicow-2-pokojowe-g0q4k0,https://s2.adresowa.pl/oi/79/53/3ec49a_97f3_cover@2x-2-pokojowe-mieszkanie-warszawa-wola-ul-walicow.webp
Warszawa Bielany,ul. Pasymska,5,226,4248750,18800,bez pośredników,,18,https://adresowo.pl/o/mieszkanie-warszawa-bielany-ul-pasymska-5-pokojowe-y1f8j2,https://s2.adresowa.pl/oi/6a/17/3ed23e_a132_cover@2x-5-pokojowe-mieszkanie-warszawa-bielany-ul-pasymska.webp
Warszawa Praga-Północ,ul. Stefana Okrzei,2,40,1099000,27475,bez pośredników,,18,https://adresowo.pl/o/mieszkanie-warszawa-praga-polnoc-ul-stefana-okrzei-2-pokojowe-a7t3a2,https://s2.adresowa.pl/oi/63/4f/3ed1d4_89ab_cover@2x-2-pokojowe-mieszkanie-warszawa-praga-polnoc-ul-stefana-okrzei.webp
Warszawa Żoliborz,ul. Zygmunta Krasińskiego,2,27,720000,26667,bez pośredników,,20,https://adresowo.pl/o/mieszkanie-warszawa-zoliborz-ul-zygmunta-krasinskiego-2-pokojowe-g1i3i9,https://s2.adresowa.pl/oi/12/3a/3ed0b0_7cb4_cover@2x-2-pokojowe-mieszkanie-warszawa-zoliborz-ul-zygmunta-krasinskiego.webp
Warszawa Żoliborz,ul. Stefana Czarnieckiego,3,68,3000000,44118,Pośrednik,,16,https://adresowo.pl/o/mieszkanie-warszawa-zoliborz-ul-stefana-czarnieckiego-3-pokojowe-z6t0k7,https://s2.adresowa.pl/oi/6c/5e/3ec498_745e_cover@2x-3-pokojowe-mieszkanie-warszawa-zoliborz-ul-stefana-czarnieckiego.webp
Warszawa Mokotów,ul. Jana Pawła Woronicza,2,34,799000,23500,Pośrednik,,12,https://adresowo.pl/o/mieszkanie-warszawa-mokotow-ul-jana-pawla-woronicza-2-pokojowe-v0j4e5,https://s2.adresowa.pl/oi/55/26/3ec3d8_473a_cover@2x-2-pokojowe-mieszkanie-warszawa-mokotow-ul-jana-pawla-woronicza.webp
Warszawa Żoliborz,ul. ks. Teofila Boguckiego,2,44,740000,16818,bez pośredników,,10,https://adresowo.pl/o/mieszkanie-warszawa-zoliborz-ul-ks-teofila-boguckiego-2-pokojowe-h9x6u5,https://s2.adresowa.pl/oi/31/36/3ed05a_8bca_cover@2x-2-pokojowe-mieszkanie-warszawa-zoliborz-ul-ks-teofila-boguckiego.webp
Warszawa Mokotów,ul. Ludwika Idzikowskiego,3,62,795000,12823,bez pośredników,,9,https://adresowo.pl/o/mieszkanie-warszawa-mokotow-ul-ludwika-idzikowskiego-3-pokojowe-f8k3a9,https://s2.adresowa.pl/oi/3c/78/3ecf72_76a4_cover@2x-3-pokojowe-mieszkanie-warszawa-mokotow-ul-ludwika-idzikowskiego.webp
Warszawa Mokotów,ul. Domaniewska,1,31,599000,19323,bez pośredników,,9,https://adresowo.pl/o/mieszkanie-warszawa-mokotow-ul-domaniewska-1-pokoj-p2p7c3,https://s2.adresowa.pl/oi/49/53/3ecf5e_d7a5_cover@2x-1-pokojowe-mieszkanie-warszawa-mokotow-ul-domaniewska.webp
Warszawa Praga-Południe,al. Stanów Zjednoczonych 72,3,65,950000,14615,Pośrednik,,22,https://adresowo.pl/o/mieszkanie-warszawa-praga-poludnie-al-stanow-zjednoczonych-3-pokojowe-i5w2p3,https://s2.adresowa.pl/oi/21/4c/3ec3d6_6969_cover@2x-3-pokojowe-mieszkanie-warszawa-praga-poludnie-al-stanow-zjednoczonych.webp
Warszawa Praga-Południe,ul. Ostrobramska,2,50,950000,19000,Pośrednik,,8,https://adresowo.pl/o/mieszkanie-warszawa-praga-poludnie-ul-ostrobramska-2-pokojowe-h5q3z2,https://s2.adresowa.pl/oi/43/4a/3ec0ae_313a_cover@2x-2-pokojowe-mieszkanie-warszawa-praga-poludnie-ul-ostrobramska.webp
Warszawa Mokotów,ul. Jurija Gagarina,3,61,1100000,18033,bez pośredników,,20,https://adresowo.pl/o/mieszkanie-warszawa-mokotow-ul-jurija-gagarina-3-pokojowe-k8g9s3,https://s2.adresowa.pl/oi/19/53/3ecf30_518c_cover@2x-3-pokojowe-mieszkanie-warszawa-mokotow-ul-jurija-gagarina.webp
Warszawa Śródmieście,ul. Nowogrodzka,3,67,1600000,23881,bez pośredników,,6,https://adresowo.pl/o/mieszkanie-warszawa-srodmiescie-ul-nowogrodzka-3-pokojowe-v2u6h9,https://s2.adresowa.pl/oi/23/59/3ecf2a_2d6f_cover@2x-3-pokojowe-mieszkanie-warszawa-srodmiescie-ul-nowogrodzka.webp
Warszawa Żoliborz,ul. Stanisława Dygata,3,63,1330000,21111,bez pośredników,,14,https://adresowo.pl/o/mieszkanie-warszawa-zoliborz-ul-stanislawa-dygata-3-pokojowe-u0b8e7,https://s2.adresowa.pl/oi/1a/52/3ecf28_8035_cover@2x-3-pokojowe-mieszkanie-warszawa-zoliborz-ul-stanislawa-dygata.webp
Warszawa Bielany,ul. Władysława Broniewskiego,2,41,710000,17317,Pośrednik,,14,https://adresowo.pl/o/mieszkanie-warszawa-bielany-ul-wladyslawa-broniewskiego-2-pokojowe-w2c4y8,https://s2.adresowa.pl/oi/15/1a/3ec0a6_899e_cover@2x-2-pokojowe-mieszkanie-warszawa-bielany-ul-wladyslawa-broniewskiego.webp
Warszawa Włochy,ul. Przerwana,2,41,749000,18268,Pośrednik,,6,https://adresowo.pl/o/mieszkanie-warszawa-wlochy-ul-przerwana-2-pokojowe-r0u8e0,https://s2.adresowa.pl/oi/43/51/3ec090_2d94_cover@2x-2-pokojowe-mieszkanie-warszawa-wlochy-ul-przerwana.webp
Warszawa Mokotów,ul. Wiartel,3,47,659000,14021,bez pośredników,,16,https://adresowo.pl/o/mieszkanie-warszawa-mokotow-ul-wiartel-3-pokojowe-s5h7c1,https://s2.adresowa.pl/oi/48/62/3ecedc_df0a_cover@2x-3-pokojowe-mieszkanie-warszawa-mokotow-ul-wiartel.webp
Warszawa Ursynów,ul. Nutki,2,49,750000,15306,bez pośredników,,9,https://adresowo.pl/o/mieszkanie-warszawa-ursynow-ul-nutki-2-pokojowe-x0b9e1,https://s2.adresowa.pl/oi/22/14/3ea184_a1ca_cover@2x-2-pokojowe-mieszkanie-warszawa-ursynow-ul-nutki.webp
Warszawa Wola,ul. Radziwie 7,2,52,939000,18058,bez pośredników,,10,https://adresowo.pl/o/mieszkanie-warszawa-wola-ul-radziwie-2-pokojowe-e6y1c0,https://s2.adresowa.pl/oi/1f/2f/3ecea0_6007_cover@2x-2-pokojowe-mieszkanie-warszawa-wola-ul-radziwie.webp
Warszawa Targówek,ul. Rembielińska 5,3,52,630000,12115,Pośrednik,,23,https://adresowo.pl/o/mieszkanie-warszawa-targowek-ul-rembielinska-3-pokojowe-o4k4d3,https://s2.adresowa.pl/oi/78/38/3ec096_5dad_cover@2x-3-pokojowe-mieszkanie-warszawa-targowek-ul-rembielinska.webp
Warszawa Ursynów,ul. Jurajska 4,2,48,899990,18750,Pośrednik,,13,https://adresowo.pl/o/mieszkanie-warszawa-ursynow-ul-jurajska-2-pokojowe-n7p8h7,https://s2.adresowa.pl/oi/12/63/3ec080_88c8_cover@2x-2-pokojowe-mieszkanie-warszawa-ursynow-ul-jurajska.webp
Warszawa Żoliborz,ul. Adama Mickiewicza,2,56,1100000,19643,bez pośredników,,17,https://adresowo.pl/o/mieszkanie-warszawa-zoliborz-ul-adama-mickiewicza-2-pokojowe-x6u0e0,https://s2.adresowa.pl/oi/55/75/3ece10_4124_cover@2x-2-pokojowe-mieszkanie-warszawa-zoliborz-ul-adama-mickiewicza.webp
Warszawa Praga-Południe,ul. Opinogórska,2,37,560000,15135,bez pośredników,,8,https://adresowo.pl/o/mieszkanie-warszawa-praga-poludnie-ul-opinogorska-2-pokojowe-w2m9w1,https://s2.adresowa.pl/oi/43/2e/3ecd4e_c622_cover@2x-2-pokojowe-mieszkanie-warszawa-praga-poludnie-ul-opinogorska.webp
Warszawa Mokotów,ul. Puławska,2,40,799000,19975,bez pośredników,,9,https://adresowo.pl/o/mieszkanie-warszawa-mokotow-ul-pulawska-2-pokojowe-n6w9w2,https://s2.adresowa.pl/oi/50/1f/3ecc88_2d25_cover@2x-2-pokojowe-mieszkanie-warszawa-mokotow-ul-pulawska.webp
Warszawa Praga,ul. Barwnicza,3,46,799000,17370,Pośrednik,,17,https://adresowo.pl/o/mieszkanie-warszawa-praga-ul-barwnicza-3-pokojowe-z5z4u0,https://s2.adresowa.pl/oi/1c/4e/3ec060_f91b_cover@2x-3-pokojowe-mieszkanie-warszawa-praga-ul-barwnicza.webp
Warszawa,ul. Postępu 12B,3,81,2340000,28889,Pośrednik,,22,https://adresowo.pl/o/mieszkanie-warszawa-ul-postepu-3-pokojowe-b0b3o1,https://s2.adresowa.pl/oi/49/24/3ec038_fbcb_cover@2x-3-pokojowe-mieszkanie-warszawa-ul-postepu.webp
Warszawa Wola,ul. ks. Jana Sitnika,3,52,899000,17288,bez pośredników,,11,https://adresowo.pl/o/mieszkanie-warszawa-wola-ul-ks-jana-sitnika-3-pokojowe-w3u6k5,https://s2.adresowa.pl/oi/47/50/3ecb3a_41a5_cover@2x-3-pokojowe-mieszkanie-warszawa-wola-ul-ks-jana-sitnika.webp
Warszawa,Włochy,2,37,620000,16757,bez pośredników,,17,https://adresowo.pl/o/mieszkanie-warszawa-wlochy-2-pokojowe-37-m2-k9f7h2,https://s2.adresowa.pl/oi/5f/24/3ecb2e_2a13_cover@2x-2-pokojowe-mieszkanie-warszawa-wlochy.webp
Warszawa Wola,ul. Jana Kazimierza 53,2,38,930000,24474,bez pośredników,,12,https://adresowo.pl/o/mieszkanie-warszawa-wola-ul-jana-kazimierza-2-pokojowe-s3d6w3,https://s2.adresowa.pl/oi/18/4f/3ecb28_59a8_cover@2x-2-pokojowe-mieszkanie-warszawa-wola-ul-jana-kazimierza.webp
Warszawa Białołęka,ul. Sprawna,2,50,850000,17000,Pośrednik,,8,https://adresowo.pl/o/mieszkanie-warszawa-bialoleka-ul-sprawna-2-pokojowe-i5b4t1,https://s2.adresowa.pl/oi/13/62/3ec02a_c6f0_cover@2x-2-pokojowe-mieszkanie-warszawa-bialoleka-ul-sprawna.webp
Warszawa Białołęka,ul. Daniszewska,2,36,599000,16639,Pośrednik,,12,https://adresowo.pl/o/mieszkanie-warszawa-bialoleka-ul-daniszewska-2-pokojowe-h5m7t4,https://s2.adresowa.pl/oi/6f/73/3ebf4c_7c5e_cover@2x-2-pokojowe-mieszkanie-warszawa-bialoleka-ul-daniszewska.webp
Warszawa Białołęka,ul. Głębocka,2,43,739000,17186,bez pośredników,,20,https://adresowo.pl/o/mieszkanie-warszawa-bialoleka-ul-glebocka-2-pokojowe-r8i7w0,https://s2.adresowa.pl/oi/1c/55/3eca0c_54b0_cover@2x-2-pokojowe-mieszkanie-warszawa-bialoleka-ul-glebocka.webp
Warszawa Białołęka,ul. Marywilska,3,64,989000,15453,bez pośredników,,8,https://adresowo.pl/o/mieszkanie-warszawa-bialoleka-ul-marywilska-3-pokojowe-j5b6a5,https://s2.adresowa.pl/oi/7f/57/3ec914_27de_cover@2x-3-pokojowe-mieszkanie-warszawa-bialoleka-ul-marywilska.webp
Warszawa Gocław,ul. gen. Tadeusza Bora-Komorowskiego,2,50,935000,18700,bez pośredników,,8,https://adresowo.pl/o/mieszkanie-warszawa-goclaw-ul-gen-tadeusza-bora-komorowskiego-2-pokojowe-f7n6r5,https://s2.adresowa.pl/oi/5f/16/3ec8d8_d39f_cover@2x-2-pokojowe-mieszkanie-warszawa-goclaw-ul-gen-tadeusza-bora-komorowskiego.webp
Warszawa Targówek,ul. Balkonowa,3,47,592000,12596,Pośrednik,,11,https://adresowo.pl/o/mieszkanie-warszawa-targowek-ul-balkonowa-3-pokojowe-o6a4i8,https://s2.adresowa.pl/oi/49/20/3ebf48_3ff4_cover@2x-3-pokojowe-mieszkanie-warszawa-targowek-ul-balkonowa.webp
Warszawa Ursus,ul. Ryżowa,3,63,1239000,19667,Pośrednik,,15,https://adresowo.pl/o/mieszkanie-warszawa-ursus-ul-ryzowa-3-pokojowe-b9n7q9,https://s2.adresowa.pl/oi/54/16/3ebe00_ca2a_cover@2x-3-pokojowe-mieszkanie-warszawa-ursus-ul-ryzowa.webp
Warszawa Białołęka,ul. Sieczna,3,53,825000,15566,bez pośredników,,18,https://adresowo.pl/o/mieszkanie-warszawa-bialoleka-ul-sieczna-3-pokojowe-p9i0i7,https://s2.adresowa.pl/oi/13/3f/3ec7d8_ed1a_cover@2x-3-pokojowe-mieszkanie-warszawa-bialoleka-ul-sieczna.webp
Warszawa Ochota,ul. Stanisława Skarżyńskiego,1,37,790000,21351,bez pośredników,,7,https://adresowo.pl/o/mieszkanie-warszawa-ochota-ul-stanislawa-skarzynskiego-1-pokoj-p0v0w2,https://s2.adresowa.pl/oi/5f/5c/3ec7c6_aee9_cover@2x-1-pokojowe-mieszkanie-warszawa-ochota-ul-stanislawa-skarzynskiego.webp
Warszawa Wawer,ul. VIII Poprzeczna,3,74,1300000,17568,bez pośredników,,20,https://adresowo.pl/o/mieszkanie-warszawa-wawer-ul-viii-poprzeczna-3-pokojowe-h3e1e2,https://s2.adresowa.pl/oi/38/2e/3ec7a0_53b2_cover@2x-3-pokojowe-mieszkanie-warszawa-wawer-ul-viii-poprzeczna.webp
Warszawa Praga-Południe,ul. Igańska,3,72,860000,11944,Pośrednik,,12,https://adresowo.pl/o/mieszkanie-warszawa-praga-poludnie-ul-iganska-3-pokojowe-v7o3o7,https://s2.adresowa.pl/oi/57/68/3ebdfa_8b33_cover@2x-3-pokojowe-mieszkanie-warszawa-praga-poludnie-ul-iganska.webp
Warszawa Wola,ul. Nowolipki,2,47,795000,16915,Pośrednik,,5,https://adresowo.pl/o/mieszkanie-warszawa-wola-ul-nowolipki-2-pokojowe-l8w7s7,https://s2.adresowa.pl/oi/19/6d/3ebdf0_93ef_cover@2x-2-pokojowe-mieszkanie-warszawa-wola-ul-nowolipki.webp
Warszawa Ursus,ul. Władysława Hermana,2,37,599000,16189,bez pośredników,,18,https://adresowo.pl/o/mieszkanie-warszawa-ursus-ul-wladyslawa-hermana-2-pokojowe-w6q6w1,https://s2.adresowa.pl/oi/7c/73/3ec594_3b4f_cover@2x-2-pokojowe-mieszkanie-warszawa-ursus-ul-wladyslawa-hermana.webp
Warszawa Bielany,ul. Kwitnąca,2,36,610000,16944,bez pośredników,,10,https://adresowo.pl/o/mieszkanie-warszawa-bielany-ul-kwitnaca-2-pokojowe-a7d7k3,https://s2.adresowa.pl/oi/4e/30/3ec55a_5a60_cover@2x-2-pokojowe-mieszkanie-warszawa-bielany-ul-kwitnaca.webp
Warszawa Ursus,ul. Dzieci Warszawy,2,52,850000,16346,bez pośredników,,7,https://adresowo.pl/o/mieszkanie-warszawa-ursus-ul-dzieci-warszawy-2-pokojowe-n1n4u7,https://s2.adresowa.pl/oi/15/73/3ec542_49d2_cover@2x-2-pokojowe-mieszkanie-warszawa-ursus-ul-dzieci-warszawy.webp
Warszawa Wawer,ul. Celulozy,3,75,1049000,13987,Pośrednik,,17,https://adresowo.pl/o/mieszkanie-warszawa-wawer-ul-celulozy-3-pokojowe-a9s5e8,https://s2.adresowa.pl/oi/60/6f/3ebde2_b5da_cover@2x-3-pokojowe-mieszkanie-warszawa-wawer-ul-celulozy.webp
Warszawa Białołęka,ul. Kartograficzna,3,46,720000,15652,Pośrednik,,2,https://adresowo.pl/o/mieszkanie-warszawa-bialoleka-ul-kartograficzna-3-pokojowe-a8g1e5,https://s2.adresowa.pl/oi/3b/75/3ebdac_ddca_cover@2x-3-pokojowe-mieszkanie-warszawa-bialoleka-ul-kartograficzna.webp
Warszawa Ochota,ul. Racławicka,1,36,740000,20556,bez pośredników,,9,https://adresowo.pl/o/mieszkanie-warszawa-ochota-ul-raclawicka-1-pokoj-n4g8b5,https://s2.adresowa.pl/oi/48/51/3ec518_9381_cover@2x-1-pokojowe-mieszkanie-warszawa-ochota-ul-raclawicka.webp
Warszawa Białołęka,ul. Książkowa,2,47,639000,13596,bez pośredników,,8,https://adresowo.pl/o/mieszkanie-warszawa-bialoleka-ul-ksiazkowa-2-pokojowe-l5k2q9,https://s2.adresowa.pl/oi/2d/42/3ec4e6_8bf6_cover@2x-2-pokojowe-mieszkanie-warszawa-bialoleka-ul-ksiazkowa.webp
Warszawa Raków,ul. Rakowska,2,47,949000,20191,bez pośredników,,10,https://adresowo.pl/o/mieszkanie-warszawa-rakow-ul-rakowska-2-pokojowe-i9h8m2,https://s2.adresowa.pl/oi/5c/78/3ec4e0_aebf_cover@2x-2-pokojowe-mieszkanie-warszawa-rakow-ul-rakowska.webp
Warszawa Wola,ul. Obozowa,2,29,510000,17586,Pośrednik,,8,https://adresowo.pl/o/mieszkanie-warszawa-wola-ul-obozowa-2-pokojowe-r3f5f2,https://s2.adresowa.pl/oi/11/3c/3ebd40_9ea5_cover@2x-2-pokojowe-mieszkanie-warszawa-wola-ul-obozowa.webp
Warszawa Targówek,ul. św. Hieronima,3,55,850000,15455,Pośrednik,,6,https://adresowo.pl/o/mieszkanie-warszawa-targowek-ul-sw-hieronima-3-pokojowe-d5f7a6,https://s2.adresowa.pl/oi/40/11/3ebd38_4033_cover@2x-3-pokojowe-mieszkanie-warszawa-targowek-ul-sw-hieronima.webp
Warszawa Gocław,ul. prof. Jerzego Bukowskiego 2,4,72,968000,13444,bez pośredników,,15,https://adresowo.pl/o/mieszkanie-warszawa-goclaw-ul-prof-jerzego-bukowskiego-4-pokojowe-s8v7p2,https://s2.adresowa.pl/oi/23/40/3ec48e_8231_cover@2x-4-pokojowe-mieszkanie-warszawa-goclaw-ul-prof-jerzego-bukowskiego.webp
Warszawa Białołęka,ul. Marii Callas,1,29,600000,20690,bez pośredników,,12,https://adresowo.pl/o/mieszkanie-warszawa-bialoleka-ul-marii-callas-1-pokoj-s9h7t9,https://s2.adresowa.pl/oi/7e/2b/3ec462_f53d_cover@2x-1-pokojowe-mieszkanie-warszawa-bialoleka-ul-marii-callas.webp
Warszawa Stara Miłosna,ul. Stokrotki,5,137,1485000,10839,bez pośredników,,20,https://adresowo.pl/o/mieszkanie-warszawa-stara-milosna-ul-stokrotki-5-pokojowe-b2m3a0,https://s2.adresowa.pl/oi/3c/7b/3ec392_ee17_cover@2x-5-pokojowe-mieszkanie-warszawa-stara-milosna-ul-stokrotki.webp
Warszawa,ul. Grodkowska,2,42,765000,18214,Pośrednik,,14,https://adresowo.pl/o/mieszkanie-warszawa-ul-grodkowska-2-pokojowe-q9u9s9,https://s2.adresowa.pl/oi/40/60/3ebd2a_52be_cover@2x-2-pokojowe-mieszkanie-warszawa-ul-grodkowska.webp
Warszawa,ul. Edwarda Gibalskiego 19,2,41,729000,17780,Pośrednik,,12,https://adresowo.pl/o/mieszkanie-warszawa-ul-edwarda-gibalskiego-2-pokojowe-q2v0r2,https://s2.adresowa.pl/oi/67/2a/3ebd26_60bf_cover@2x-2-pokojowe-mieszkanie-warszawa-ul-edwarda-gibalskiego.webp
Warszawa Żerań,ul. Marywilska,3,59,900000,15254,bez pośredników,,11,https://adresowo.pl/o/mieszkanie-warszawa-zeran-ul-marywilska-3-pokojowe-h0p9r2,https://s2.adresowa.pl/oi/7e/66/3ec2f4_c0df_cover@2x-3-pokojowe-mieszkanie-warszawa-zeran-ul-marywilska.webp
Warszawa Białołęka,ul. Skarbka z Gór 126,2,53,599000,11302,bez pośredników,,18,https://adresowo.pl/o/mieszkanie-warszawa-bialoleka-ul-skarbka-z-gor-2-pokojowe-m9l6u4,https://s2.adresowa.pl/oi/37/3b/3ec27e_8d47_cover@2x-2-pokojowe-mieszkanie-warszawa-bialoleka-ul-skarbka-z-gor.webp
Warszawa Targówek,ul. św. Wincentego,3,82,1269000,15476,bez pośredników,,18,https://adresowo.pl/o/mieszkanie-warszawa-targowek-ul-sw-wincentego-3-pokojowe-b3n1l9,https://s2.adresowa.pl/oi/71/43/3ec220_7576_cover@2x-3-pokojowe-mieszkanie-warszawa-targowek-ul-sw-wincentego.webp
Warszawa Śródmieście,ul. Pokorna 2,3,87,1999000,22977,Pośrednik,,39,https://adresowo.pl/o/mieszkanie-warszawa-srodmiescie-ul-pokorna-3-pokojowe-a5p7n8,https://s2.adresowa.pl/oi/4a/4f/3ebd14_52ab_cover@2x-3-pokojowe-mieszkanie-warszawa-srodmiescie-ul-pokorna.webp
Warszawa Praga,ul. Stalowa,2,40,1090000,27250,Pośrednik,,12,https://adresowo.pl/o/mieszkanie-warszawa-praga-ul-stalowa-2-pokojowe-i6k4e6,https://s2.adresowa.pl/oi/2e/19/3eb84a_d9ef_cover@2x-2-pokojowe-mieszkanie-warszawa-praga-ul-stalowa.webp
Warszawa Żoliborz,ul. Elbląska,2,41,669000,16317,bez pośredników,,15,https://adresowo.pl/o/mieszkanie-warszawa-zoliborz-ul-elblaska-2-pokojowe-c5t5r6,https://s2.adresowa.pl/oi/64/60/3ec054_36e0_cover@2x-2-pokojowe-mieszkanie-warszawa-zoliborz-ul-elblaska.webp
Warszawa Ochota,ul. Urbanistów,3,48,875000,18229,bez pośredników,,12,https://adresowo.pl/o/mieszkanie-warszawa-ochota-ul-urbanistow-3-pokojowe-s4x0k5,https://s2.adresowa.pl/oi/1d/3a/3ec042_66b8_cover@2x-3-pokojowe-mieszkanie-warszawa-ochota-ul-urbanistow.webp
Warszawa Ursynów,ul. Zamiany,4,46,660000,14348,bez pośredników,,14,https://adresowo.pl/o/mieszkanie-warszawa-ursynow-ul-zamiany-4-pokojowe-l3v1e7,https://s2.adresowa.pl/oi/6f/19/3ebfec_46d7_cover@2x-4-pokojowe-mieszkanie-warszawa-ursynow-ul-zamiany.webp
Warszawa Powiśle,ul. Koźmińska,2,38,749000,19711,Pośrednik,,12,https://adresowo.pl/o/mieszkanie-warszawa-powisle-ul-kozminska-2-pokojowe-c6p0o7,https://s2.adresowa.pl/oi/19/54/3eb66a_6e01_cover@2x-2-pokojowe-mieszkanie-warszawa-powisle-ul-kozminska.webp
Warszawa Bielany,ul. Josepha Conrada,4,73,830000,11370,Pośrednik,,7,https://adresowo.pl/o/mieszkanie-warszawa-bielany-ul-josepha-conrada-4-pokojowe-y9i3i2,https://s2.adresowa.pl/oi/57/1d/3eb64c_e10d_cover@2x-4-pokojowe-mieszkanie-warszawa-bielany-ul-josepha-conrada.webp
Warszawa Mokotów,ul. Bernardyńska,3,54,895000,16574,bez pośredników,,17,https://adresowo.pl/o/mieszkanie-warszawa-mokotow-ul-bernardynska-3-pokojowe-g3k3e1,https://s2.adresowa.pl/oi/4a/45/3ebfe2_4f33_cover@2x-3-pokojowe-mieszkanie-warszawa-mokotow-ul-bernardynska.webp
Warszawa Bemowo,ul. Siemiatycka,4,71,1100000,15493,bez pośredników,,23,https://adresowo.pl/o/mieszkanie-warszawa-bemowo-ul-siemiatycka-4-pokojowe-u1c9d1,https://s2.adresowa.pl/oi/4e/53/3ebfc8_5676_cover@2x-4-pokojowe-mieszkanie-warszawa-bemowo-ul-siemiatycka.webp
Warszawa Włochy,ul. Instalatorów,2,39,845000,21667,bez pośredników,,9,https://adresowo.pl/o/mieszkanie-warszawa-wlochy-ul-instalatorow-2-pokojowe-j7c1o3,https://s2.adresowa.pl/oi/64/2b/3ebee8_e998_cover@2x-2-pokojowe-mieszkanie-warszawa-wlochy-ul-instalatorow.webp
Warszawa Wola,ul. Pawia,1,19,462000,24316,Pośrednik,,4,https://adresowo.pl/o/mieszkanie-warszawa-wola-ul-pawia-1-pokoj-y2y4h3,https://s2.adresowa.pl/oi/2f/3e/3eb626_b689_cover@2x-1-pokojowe-mieszkanie-warszawa-wola-ul-pawia.webp
Warszawa Mariensztat,ul. Bednarska,1,24,640000,26667,Pośrednik,,18,https://adresowo.pl/o/mieszkanie-warszawa-mariensztat-ul-bednarska-1-pokoj-e4v4w9,https://s2.adresowa.pl/oi/3e/53/3eb35c_8dd4_cover@2x-1-pokojowe-mieszkanie-warszawa-mariensztat-ul-bednarska.webp
Warszawa Mokotów,ul. Olszewska,2,62,1440000,23226,bez pośredników,,10,https://adresowo.pl/o/mieszkanie-warszawa-mokotow-ul-olszewska-2-pokojowe-s2s7t7,https://s2.adresowa.pl/oi/27/1b/3ebeb6_63c8_cover@2x-2-pokojowe-mieszkanie-warszawa-mokotow-ul-olszewska.webp
Warszawa Wilanów,ul. Sarmacka,2,52,1417500,27260,bez pośredników,,14,https://adresowo.pl/o/mieszkanie-warszawa-wilanow-ul-sarmacka-2-pokojowe-h5t5o8,https://s2.adresowa.pl/oi/28/62/3ebd30_83be_cover@2x-2-pokojowe-mieszkanie-warszawa-wilanow-ul-sarmacka.webp
Warszawa Targówek,ul. Księcia Ziemowita,1,15,375000,25000,bez pośredników,,3,https://adresowo.pl/o/mieszkanie-warszawa-targowek-ul-ksiecia-ziemowita-1-pokoj-g4i8u3,https://s2.adresowa.pl/oi/1d/79/3ebcf2_9057_cover@2x-1-pokojowe-mieszkanie-warszawa-targowek-ul-ksiecia-ziemowita.webp
Warszawa Ursynów,ul. Na Uboczu 20,2,47,810000,17234,Pośrednik,,13,https://adresowo.pl/o/mieszkanie-warszawa-ursynow-ul-na-uboczu-2-pokojowe-v7i1e2,https://s2.adresowa.pl/oi/60/78/3eb27e_49fe_cover@2x-2-pokojowe-mieszkanie-warszawa-ursynow-ul-na-uboczu.webp
Warszawa Mokotów,al. Niepodległości,3,55,899000,16345,Pośrednik,,14,https://adresowo.pl/o/mieszkanie-warszawa-mokotow-al-niepodleglosci-3-pokojowe-e5c0b4,https://s2.adresowa.pl/oi/29/6e/3eb27c_45f3_cover@2x-3-pokojowe-mieszkanie-warszawa-mokotow-al-niepodleglosci.webp
Warszawa Wesoła,ul. Diamentowa,3,67,924000,13791,bez pośredników,,20,https://adresowo.pl/o/mieszkanie-warszawa-wesola-ul-diamentowa-3-pokojowe-p1f5w8,https://s2.adresowa.pl/oi/18/45/3ebc86_ca12_cover@2x-3-pokojowe-mieszkanie-warszawa-wesola-ul-diamentowa.webp
Warszawa Wola,ul. Okopowa,2,42,839000,19976,bez pośredników,,20,https://adresowo.pl/o/mieszkanie-warszawa-wola-ul-okopowa-2-pokojowe-m8h3p6,https://s2.adresowa.pl/oi/10/3e/3ebc7c_68f9_cover@2x-2-pokojowe-mieszkanie-warszawa-wola-ul-okopowa.webp
Warszawa Powiśle,ul. Solec,2,34,699000,20559,bez pośredników,,20,https://adresowo.pl/o/mieszkanie-warszawa-powisle-ul-solec-2-pokojowe-v5n1b1,https://s2.adresowa.pl/oi/31/74/3eba8e_c86a_cover@2x-2-pokojowe-mieszkanie-warszawa-powisle-ul-solec.webp
Warszawa Praga,ul. Kinowa 12,1,23,495000,21522,Pośrednik,,8,https://adresowo.pl/o/mieszkanie-warszawa-praga-ul-kinowa-1-pokoj-p4v4u9,https://s2.adresowa.pl/oi/72/66/3eb074_795d_cover@2x-1-pokojowe-mieszkanie-warszawa-praga-ul-kinowa.webp
Warszawa,Wawer,5,115,1720000,14957,Pośrednik,,16,https://adresowo.pl/o/mieszkanie-warszawa-wawer-5-pokojowe-115-m2-h5n8d5,https://s2.adresowa.pl/oi/2f/2b/3eb054_35fa_cover@2x-5-pokojowe-mieszkanie-warszawa-wawer.webp
Warszawa Wola,ul. Jana Krysta 5,3,52,918000,17654,bez pośredników,,19,https://adresowo.pl/o/mieszkanie-warszawa-wola-ul-jana-krysta-3-pokojowe-r2b7u0,https://s2.adresowa.pl/oi/2d/14/3eb8ae_41ee_cover@2x-3-pokojowe-mieszkanie-warszawa-wola-ul-jana-krysta.webp
Warszawa Żoliborz,ul. Elbląska,2,41,779999,19024,bez pośredników,,1,https://adresowo.pl/o/mieszkanie-warszawa-zoliborz-ul-elblaska-2-pokojowe-m3p6e1,https://s2.adresowa.pl/oi/10/5e/3eb82c_dd21_cover@2x-2-pokojowe-mieszkanie-warszawa-zoliborz-ul-elblaska.webp
Warszawa Wilanów,ul. Adama Branickiego,2,61,1420000,23279,bez pośredników,,13,https://adresowo.pl/o/mieszkanie-warszawa-wilanow-ul-adama-branickiego-2-pokojowe-h1q3o7,https://s2.adresowa.pl/oi/57/55/3eb724_8662_cover@2x-2-pokojowe-mieszkanie-warszawa-wilanow-ul-adama-branickiego.webp
Warszawa Praga-Południe,ul. Żupnicza 20,4,96,1849000,19260,Pośrednik,,13,https://adresowo.pl/o/mieszkanie-warszawa-praga-poludnie-ul-zupnicza-4-pokojowe-v4m5s6,https://s2.adresowa.pl/oi/61/3c/3eb050_466c_cover@2x-4-pokojowe-mieszkanie-warszawa-praga-poludnie-ul-zupnicza.webp
Warszawa Praga,ul. Aleksandra Kotsisa,3,56,997000,17804,Pośrednik,,17,https://adresowo.pl/o/mieszkanie-warszawa-praga-ul-aleksandra-kotsisa-3-pokojowe-w4j9e5,https://s2.adresowa.pl/oi/54/52/3eb046_a05f_cover@2x-3-pokojowe-mieszkanie-warszawa-praga-ul-aleksandra-kotsisa.webp
Warszawa Ursus,ul. Edwarda Habicha,3,58,957000,16500,bez pośredników,,20,https://adresowo.pl/o/mieszkanie-warszawa-ursus-ul-edwarda-habicha-3-pokojowe-x9n5t6,https://s2.adresowa.pl/oi/30/22/3eb756_2918_cover@2x-3-pokojowe-mieszkanie-warszawa-ursus-ul-edwarda-habicha.webp
Warszawa Ursus,ul. Silnikowa,3,74,1050000,14189,bez pośredników,,15,https://adresowo.pl/o/mieszkanie-warszawa-ursus-ul-silnikowa-3-pokojowe-d2s6j5,https://s2.adresowa.pl/oi/23/51/3eb68e_52e8_cover@2x-3-pokojowe-mieszkanie-warszawa-ursus-ul-silnikowa.webp
Warszawa Włochy,ul. Pola Karolińskie,2,46,833900,18128,bez pośredników,,20,https://adresowo.pl/o/mieszkanie-warszawa-wlochy-ul-pola-karolinskie-2-pokojowe-h9a6e5,https://s2.adresowa.pl/oi/2b/71/3eb652_9f1b_cover@2x-2-pokojowe-mieszkanie-warszawa-wlochy-ul-pola-karolinskie.webp
Warszawa Odolany,ul. Stańczyka 5,3,47,999000,21255,Pośrednik,,17,https://adresowo.pl/o/mieszkanie-warszawa-odolany-ul-stanczyka-3-pokojowe-t8u4f0,https://s2.adresowa.pl/oi/71/5b/3eaf4c_e6ed_cover@2x-3-pokojowe-mieszkanie-warszawa-odolany-ul-stanczyka.webp
Warszawa Wola,ul. Stańczyka,3,47,900000,19149,Pośrednik,,4,https://adresowo.pl/o/mieszkanie-warszawa-wola-ul-stanczyka-3-pokojowe-z1g6u4,https://s2.adresowa.pl/oi/2c/36/3eae9c_e8af_cover@2x-3-pokojowe-mieszkanie-warszawa-wola-ul-stanczyka.webp
Warszawa Bemowo,ul. gen. Ludomiła Rayskiego,3,51,1060000,20784,bez pośredników,,20,https://adresowo.pl/o/mieszkanie-warszawa-bemowo-ul-gen-ludomila-rayskiego-3-pokojowe-m9f5r2,https://s2.adresowa.pl/oi/10/4f/3eb632_922b_cover@2x-3-pokojowe-mieszkanie-warszawa-bemowo-ul-gen-ludomila-rayskiego.webp
Warszawa,Stara Miłosna,3,69,1090000,15797,bez pośredników,,8,https://adresowo.pl/o/mieszkanie-warszawa-stara-milosna-3-pokojowe-69-m2-q7m0m8,https://s2.adresowa.pl/oi/3c/2a/3eb5f2_d451_cover@2x-3-pokojowe-mieszkanie-warszawa-stara-milosna.webp
Warszawa Praga-Południe,ul. Osowska,2,36,649000,18028,bez pośredników,,16,https://adresowo.pl/o/mieszkanie-warszawa-praga-poludnie-ul-osowska-2-pokojowe-n4e9k2,https://s2.adresowa.pl/oi/4d/7c/3eb5d6_5447_cover@2x-2-pokojowe-mieszkanie-warszawa-praga-poludnie-ul-osowska.webp
Warszawa Żoliborz,ul. Adama Mickiewicza,2,47,740000,15745,Pośrednik,,19,https://adresowo.pl/o/mieszkanie-warszawa-zoliborz-ul-adama-mickiewicza-2-pokojowe-b8c3s2,https://s2.adresowa.pl/oi/31/2f/3eae84_c421_cover@2x-2-pokojowe-mieszkanie-warszawa-zoliborz-ul-adama-mickiewicza.webp
Warszawa,Mokotów,1,19,409409,21548,Pośrednik,,8,https://adresowo.pl/o/mieszkanie-warszawa-mokotow-1-pokoj-19-m2-m7h8f5,https://s2.adresowa.pl/oi/1f/14/3ead76_578b_cover@2x-1-pokojowe-mieszkanie-warszawa-mokotow.webp
Warszawa Ochota,ul. Grójecka,3,47,835000,17766,bez pośredników,,8,https://adresowo.pl/o/mieszkanie-warszawa-ochota-ul-grojecka-3-pokojowe-u7o8h4,https://s2.adresowa.pl/oi/45/71/3eb584_99e0_cover@2x-3-pokojowe-mieszkanie-warszawa-ochota-ul-grojecka.webp
Warszawa Praga-Południe,ul. Wiatraczna,1,26,550000,21154,bez pośredników,,7,https://adresowo.pl/o/mieszkanie-warszawa-praga-poludnie-ul-wiatraczna-1-pokoj-l8n9o0,https://s2.adresowa.pl/oi/51/6b/3eb54c_f1df_cover@2x-1-pokojowe-mieszkanie-warszawa-praga-poludnie-ul-wiatraczna.webp
Warszawa Włochy,al. Krakowska,1,29,599000,20655,bez pośredników,,10,https://adresowo.pl/o/mieszkanie-warszawa-wlochy-al-krakowska-1-pokoj-y4x8f6,https://s2.adresowa.pl/oi/54/67/3eb526_8f05_cover@2x-1-pokojowe-mieszkanie-warszawa-wlochy-al-krakowska.webp
Warszawa Białołęka,ul. Głębocka,3,52,699000,13442,Pośrednik,,19,https://adresowo.pl/o/mieszkanie-warszawa-bialoleka-ul-glebocka-3-pokojowe-u7f7t9,https://s2.adresowa.pl/oi/54/2e/3ead48_3666_cover@2x-3-pokojowe-mieszkanie-warszawa-bialoleka-ul-glebocka.webp
Warszawa Wesoła,al. Jana Pawła II,2,47,589000,12532,Pośrednik,,7,https://adresowo.pl/o/mieszkanie-warszawa-wesola-al-jana-pawla-ii-2-pokojowe-z0s0y8,https://s2.adresowa.pl/oi/4b/4c/3ead46_f40b_cover@2x-2-pokojowe-mieszkanie-warszawa-wesola-al-jana-pawla-ii.webp
Warszawa Żerań,ul. Marywilska,3,65,989000,15215,bez pośredników,,13,https://adresowo.pl/o/mieszkanie-warszawa-zeran-ul-marywilska-3-pokojowe-k2n7z5,https://s2.adresowa.pl/oi/63/46/3eb45e_d21d_cover@2x-3-pokojowe-mieszkanie-warszawa-zeran-ul-marywilska.webp
Warszawa Żoliborz,ul. Kaliny Jędrusik,2,49,1187000,24224,bez pośredników,,1,https://adresowo.pl/o/mieszkanie-warszawa-zoliborz-ul-kaliny-jedrusik-2-pokojowe-x4i4e9,https://s2.adresowa.pl/oi/4b/7f/3eb3ea_f8a0_cover@2x-2-pokojowe-mieszkanie-warszawa-zoliborz-ul-kaliny-jedrusik.webp
Warszawa Białołęka,ul. Józefa Mehoffera,3,61,835000,13689,bez pośredników,,10,https://adresowo.pl/o/mieszkanie-warszawa-bialoleka-ul-jozefa-mehoffera-3-pokojowe-p6f0u3,https://s2.adresowa.pl/oi/70/6d/3eb3e2_3829_cover@2x-3-pokojowe-mieszkanie-warszawa-bialoleka-ul-jozefa-mehoffera.webp
Warszawa Praga-Południe,ul. Grochowska,1,22,500495,22750,Pośrednik,,3,https://adresowo.pl/o/mieszkanie-warszawa-praga-poludnie-ul-grochowska-1-pokoj-u4s2o7,https://s2.adresowa.pl/oi/7a/77/3ead42_2ebd_cover@2x-1-pokojowe-mieszkanie-warszawa-praga-poludnie-ul-grochowska.webp
Warszawa Białołęka,ul. Aleksandra Kamińskiego,3,63,790000,12540,Pośrednik,,13,https://adresowo.pl/o/mieszkanie-warszawa-bialoleka-ul-aleksandra-kaminskiego-3-pokojowe-z0n4h9,https://s2.adresowa.pl/oi/2f/19/3ead3c_b07d_cover@2x-3-pokojowe-mieszkanie-warszawa-bialoleka-ul-aleksandra-kaminskiego.webp
Warszawa Mokotów,ul. Stefana Bryły,2,43,715000,16628,bez pośredników,,9,https://adresowo.pl/o/mieszkanie-warszawa-mokotow-ul-stefana-bryly-2-pokojowe-v9c8p5,https://s2.adresowa.pl/oi/79/29/3eb3d8_9ba3_cover@2x-2-pokojowe-mieszkanie-warszawa-mokotow-ul-stefana-bryly.webp
Warszawa Ursus,ul. Kolorowa,3,54,680000,12593,bez pośredników,,4,https://adresowo.pl/o/mieszkanie-warszawa-ursus-ul-kolorowa-3-pokojowe-t2o1n4,https://s2.adresowa.pl/oi/5c/4d/3eb37e_61dc_cover@2x-3-pokojowe-mieszkanie-warszawa-ursus-ul-kolorowa.webp
Warszawa Bemowo,ul. Szeligowska,3,69,1290000,18696,Pośrednik,,14,https://adresowo.pl/o/mieszkanie-warszawa-bemowo-ul-szeligowska-3-pokojowe-e4x1x7,https://s2.adresowa.pl/oi/14/57/3ead38_2e4b_cover@2x-3-pokojowe-mieszkanie-warszawa-bemowo-ul-szeligowska.webp
Warszawa Praga-Południe,ul. Grochowska,1,28,608166,21720,Pośrednik,,3,https://adresowo.pl/o/mieszkanie-warszawa-praga-poludnie-ul-grochowska-1-pokoj-h1e4h1,https://s2.adresowa.pl/oi/47/1a/3ead36_8d1c_cover@2x-1-pokojowe-mieszkanie-warszawa-praga-poludnie-ul-grochowska.webp
Warszawa Ochota,ul. Nowowiejska 28,2,40,980000,24500,bez pośredników,,9,https://adresowo.pl/o/mieszkanie-warszawa-ochota-ul-nowowiejska-2-pokojowe-f7d5t0,https://s2.adresowa.pl/oi/1c/10/3f0be2_8b45_cover@2x-2-pokojowe-mieszkanie-warszawa-ochota-ul-nowowiejska.webp
Warszawa Targówek,ul. Krasnobrodzka,3,63,975000,15476,bez pośredników,,10,https://adresowo.pl/o/mieszkanie-warszawa-targowek-ul-krasnobrodzka-3-pokojowe-a4t8m6,https://s2.adresowa.pl/oi/52/4f/3eb364_f5c0_cover@2x-3-pokojowe-mieszkanie-warszawa-targowek-ul-krasnobrodzka.webp
Warszawa Wierzbno,ul. Etiudy Rewolucyjnej,4,53,755000,14245,bez pośredników,,16,https://adresowo.pl/o/mieszkanie-warszawa-wierzbno-ul-etiudy-rewolucyjnej-4-pokojowe-k2d7s9,https://s2.adresowa.pl/oi/18/29/3eb336_8113_cover@2x-4-pokojowe-mieszkanie-warszawa-wierzbno-ul-etiudy-rewolucyjnej.webp
Warszawa Bielany,ul. Starej Baśni 8,2,47,650000,13830,bez pośredników,,9,https://adresowo.pl/o/mieszkanie-warszawa-bielany-ul-starej-basni-2-pokojowe-p3m8q8,https://s2.adresowa.pl/oi/39/7b/3eb2e2_f778_cover@2x-2-pokojowe-mieszkanie-warszawa-bielany-ul-starej-basni.webp
Warszawa Bielany,ul. Żółwia,2,56,950000,16964,Pośrednik,,12,https://adresowo.pl/o/mieszkanie-warszawa-bielany-ul-zolwia-2-pokojowe-f8m3k9,https://s2.adresowa.pl/oi/2a/52/3ead34_a8db_cover@2x-2-pokojowe-mieszkanie-warszawa-bielany-ul-zolwia.webp
Warszawa Śródmieście,ul. Ogrodowa,1,27,490000,18148,Pośrednik,,5,https://adresowo.pl/o/mieszkanie-warszawa-srodmiescie-ul-ogrodowa-1-pokoj-h5t3a4,https://s2.adresowa.pl/oi/7a/2d/3ead32_4e76_cover@2x-1-pokojowe-mieszkanie-warszawa-srodmiescie-ul-ogrodowa.webp
Warszawa Białołęka,ul. Książkowa,2,40,620000,15500,bez pośredników,,22,https://adresowo.pl/o/mieszkanie-warszawa-bialoleka-ul-ksiazkowa-2-pokojowe-q2b0c3,https://s2.adresowa.pl/oi/12/5e/3eb19c_7561_cover@2x-2-pokojowe-mieszkanie-warszawa-bialoleka-ul-ksiazkowa.webp
Warszawa Ursynów,ul. Alternatywy,3,73,1500000,20548,bez pośredników,,22,https://adresowo.pl/o/mieszkanie-warszawa-ursynow-ul-alternatywy-3-pokojowe-c4y3k2,https://s2.adresowa.pl/oi/31/15/3eb0cc_9f01_cover@2x-3-pokojowe-mieszkanie-warszawa-ursynow-ul-alternatywy.webp
Warszawa Żerań,ul. Krzyżówki,4,71,1250000,17606,bez pośredników,,19,https://adresowo.pl/o/mieszkanie-warszawa-zeran-ul-krzyzowki-4-pokojowe-k2w3r7,https://s2.adresowa.pl/oi/76/20/3eb00e_cfdd_cover@2x-4-pokojowe-mieszkanie-warszawa-zeran-ul-krzyzowki.webp
Warszawa Bielany,ul. Antoniego Magiera,2,46,750000,16304,Pośrednik,,14,https://adresowo.pl/o/mieszkanie-warszawa-bielany-ul-antoniego-magiera-2-pokojowe-f3g1s5,https://s2.adresowa.pl/oi/4d/51/3ead2e_d397_cover@2x-2-pokojowe-mieszkanie-warszawa-bielany-ul-antoniego-magiera.webp
Warszawa Praga,ul. Chodakowska,1,32,560000,17500,Pośrednik,,6,https://adresowo.pl/o/mieszkanie-warszawa-praga-ul-chodakowska-1-pokoj-j8w0n8,https://s2.adresowa.pl/oi/5c/2e/3eac16_3c0e_cover@2x-1-pokojowe-mieszkanie-warszawa-praga-ul-chodakowska.webp
Warszawa Mokotów,ul. Piaseczyńska,3,48,712000,14833,bez pośredników,,6,https://adresowo.pl/o/mieszkanie-warszawa-mokotow-ul-piaseczynska-3-pokojowe-h2c5t4,https://s2.adresowa.pl/oi/50/3e/3eb00c_b85d_cover@2x-3-pokojowe-mieszkanie-warszawa-mokotow-ul-piaseczynska.webp
Warszawa Wilanów,ul. Marcelego Handelsmana,3,79,1590000,20127,bez pośredników,,16,https://adresowo.pl/o/mieszkanie-warszawa-wilanow-ul-marcelego-handelsmana-3-pokojowe-v2f5u4,https://s2.adresowa.pl/oi/1a/44/3eaf72_5bc4_cover@2x-3-pokojowe-mieszkanie-warszawa-wilanow-ul-marcelego-handelsmana.webp
Warszawa Wawer,ul. Palmowa,2,46,780000,16957,bez pośredników,,15,https://adresowo.pl/o/mieszkanie-warszawa-wawer-ul-palmowa-2-pokojowe-u5z1b2,https://s2.adresowa.pl/oi/2e/2e/3eaf6a_6838_cover@2x-2-pokojowe-mieszkanie-warszawa-wawer-ul-palmowa.webp
Warszawa Białołęka,ul. Marii Callas,2,40,519000,12975,Pośrednik,,6,https://adresowo.pl/o/mieszkanie-warszawa-bialoleka-ul-marii-callas-2-pokojowe-i2v4g2,https://s2.adresowa.pl/oi/69/31/3eac0e_a0c6_cover@2x-2-pokojowe-mieszkanie-warszawa-bialoleka-ul-marii-callas.webp
Warszawa Białołęka,ul. Pawła Włodkowica,2,39,575000,14744,Pośrednik,,5,https://adresowo.pl/o/mieszkanie-warszawa-bialoleka-ul-pawla-wlodkowica-2-pokojowe-q5f8p6,https://s2.adresowa.pl/oi/34/34/3eabfa_7280_cover@2x-2-pokojowe-mieszkanie-warszawa-bialoleka-ul-pawla-wlodkowica.webp
Warszawa Mokotów,ul. Wiśniowa,3,48,1249000,26021,bez pośredników,,15,https://adresowo.pl/o/mieszkanie-warszawa-mokotow-ul-wisniowa-3-pokojowe-c4l3h2,https://s2.adresowa.pl/oi/1d/67/3eaef6_b8ab_cover@2x-3-pokojowe-mieszkanie-warszawa-mokotow-ul-wisniowa.webp
Warszawa Białołęka,ul. Olsztyńska,2,45,680000,15111,bez pośredników,,9,https://adresowo.pl/o/mieszkanie-warszawa-bialoleka-ul-olsztynska-2-pokojowe-x9s7u4,https://s2.adresowa.pl/oi/6f/56/3eaeae_873f_cover@2x-2-pokojowe-mieszkanie-warszawa-bialoleka-ul-olsztynska.webp
Warszawa Wawer,ul. Zwoleńska,2,52,880000,16923,bez pośredników,,11,https://adresowo.pl/o/mieszkanie-warszawa-wawer-ul-zwolenska-2-pokojowe-s6b1a9,https://s2.adresowa.pl/oi/63/24/3eae28_572a_cover@2x-2-pokojowe-mieszkanie-warszawa-wawer-ul-zwolenska.webp
Warszawa Białołęka,ul. Marywilska,3,65,839000,12908,Pośrednik,,7,https://adresowo.pl/o/mieszkanie-warszawa-bialoleka-ul-marywilska-3-pokojowe-k8d2v9,https://s2.adresowa.pl/oi/1f/5f/3eabf8_5b9a_cover@2x-3-pokojowe-mieszkanie-warszawa-bialoleka-ul-marywilska.webp
Warszawa Białołęka,ul. Marii Callas,3,65,725000,11154,Pośrednik,,6,https://adresowo.pl/o/mieszkanie-warszawa-bialoleka-ul-marii-callas-3-pokojowe-g7v5l3,https://s2.adresowa.pl/oi/5e/4a/3eabf2_c80b_cover@2x-3-pokojowe-mieszkanie-warszawa-bialoleka-ul-marii-callas.webp
Warszawa Białołęka,ul. Porajów,1,37,585000,15811,bez pośredników,,14,https://adresowo.pl/o/mieszkanie-warszawa-bialoleka-ul-porajow-1-pokoj-f7y5f6,https://s2.adresowa.pl/oi/11/6e/3eadba_6334_cover@2x-1-pokojowe-mieszkanie-warszawa-bialoleka-ul-porajow.webp
Warszawa Ursynów,ul. Wilhelma Konrada Roentgena,3,58,1490000,25690,bez pośredników,,8,https://adresowo.pl/o/mieszkanie-warszawa-ursynow-ul-wilhelma-konrada-roentgena-3-pokojowe-s3h5z0,https://s2.adresowa.pl/oi/62/15/3eada6_4660_cover@2x-3-pokojowe-mieszkanie-warszawa-ursynow-ul-wilhelma-konrada-roentgena.webp
Warszawa Śródmieście,ul. Wspólna,2,30,850000,28333,bez pośredników,,20,https://adresowo.pl/o/mieszkanie-warszawa-srodmiescie-ul-wspolna-2-pokojowe-l7c5v1,https://s2.adresowa.pl/oi/1b/38/3eada2_fdf2_cover@2x-2-pokojowe-mieszkanie-warszawa-srodmiescie-ul-wspolna.webp
Warszawa Białołęka,ul. Marii Callas,3,54,640000,11852,Pośrednik,,6,https://adresowo.pl/o/mieszkanie-warszawa-bialoleka-ul-marii-callas-3-pokojowe-s0s1f7,https://s2.adresowa.pl/oi/53/6b/3eabea_ccb8_cover@2x-3-pokojowe-mieszkanie-warszawa-bialoleka-ul-marii-callas.webp
Warszawa Mokotów,ul. Cieszyńska,3,57,820000,14386,Pośrednik,,7,https://adresowo.pl/o/mieszkanie-warszawa-mokotow-ul-cieszynska-3-pokojowe-m3v2r8,https://s2.adresowa.pl/oi/35/6b/3eabe0_a529_cover@2x-3-pokojowe-mieszkanie-warszawa-mokotow-ul-cieszynska.webp
Warszawa Mokotów,ul. Konstruktorska,2,43,1100000,25581,bez pośredników,,10,https://adresowo.pl/o/mieszkanie-warszawa-mokotow-ul-konstruktorska-2-pokojowe-d1f1m7,https://s2.adresowa.pl/oi/65/6e/3ead8c_7e6d_cover@2x-2-pokojowe-mieszkanie-warszawa-mokotow-ul-konstruktorska.webp
Warszawa Rakowiec,ul. Adolfa Pawińskiego,3,56,817800,14604,bez pośredników,,11,https://adresowo.pl/o/mieszkanie-warszawa-rakowiec-ul-adolfa-pawinskiego-3-pokojowe-w2b3i0,https://s2.adresowa.pl/oi/43/34/3ead14_6a7d_cover@2x-3-pokojowe-mieszkanie-warszawa-rakowiec-ul-adolfa-pawinskiego.webp
Warszawa Ursus,ul. Orląt Lwowskich,4,62,749000,12081,bez pośredników,,12,https://adresowo.pl/o/mieszkanie-warszawa-ursus-ul-orlat-lwowskich-4-pokojowe-f0o2s5,https://s2.adresowa.pl/oi/1a/57/3eabf6_fcf5_cover@2x-4-pokojowe-mieszkanie-warszawa-ursus-ul-orlat-lwowskich.webp
Warszawa Żoliborz,ul. Ludwika Rydygiera,2,187,3500000,18717,Pośrednik,,2,https://adresowo.pl/o/mieszkanie-warszawa-zoliborz-ul-ludwika-rydygiera-2-pokojowe-p0n7z3,https://s2.adresowa.pl/oi/7d/56/3eabde_8779_cover@2x-2-pokojowe-mieszkanie-warszawa-zoliborz-ul-ludwika-rydygiera.webp
Warszawa Bielany,ul. Władysława Stanisława Reymonta,3,51,679000,13314,Pośrednik,,15,https://adresowo.pl/o/mieszkanie-warszawa-bielany-ul-wladyslawa-stanislawa-reymonta-3-pokojowe-g5k6x1,https://s2.adresowa.pl/oi/3f/3b/3eabc6_90fe_cover@2x-3-pokojowe-mieszkanie-warszawa-bielany-ul-wladyslawa-stanislawa-reymonta.webp
Warszawa Wola,ul. Kolejowa,4,88,2994919,34033,bez pośredników,,20,https://adresowo.pl/o/mieszkanie-warszawa-wola-ul-kolejowa-4-pokojowe-v7b3p6,https://s2.adresowa.pl/oi/57/69/3ea91c_97db_cover@2x-4-pokojowe-mieszkanie-warszawa-wola-ul-kolejowa.webp
Warszawa Zawady,ul. Bruzdowa,3,79,1360000,17215,bez pośredników,,12,https://adresowo.pl/o/mieszkanie-warszawa-zawady-ul-bruzdowa-3-pokojowe-g8u2l4,https://s2.adresowa.pl/oi/62/5f/3ea90a_48eb_cover@2x-3-pokojowe-mieszkanie-warszawa-zawady-ul-bruzdowa.webp
Warszawa Muranów,al. Jana Pawła II,2,42,819000,19500,bez pośredników,,12,https://adresowo.pl/o/mieszkanie-warszawa-muranow-al-jana-pawla-ii-2-pokojowe-i7o1p4,https://s2.adresowa.pl/oi/44/7a/3ea904_6393_cover@2x-2-pokojowe-mieszkanie-warszawa-muranow-al-jana-pawla-ii.webp
Warszawa Praga,ul. Nasielska 23,3,56,990000,17679,Pośrednik,,15,https://adresowo.pl/o/mieszkanie-warszawa-praga-ul-nasielska-3-pokojowe-x8b5k9,https://s2.adresowa.pl/oi/5b/5b/3eaaf4_7ec4_cover@2x-3-pokojowe-mieszkanie-warszawa-praga-ul-nasielska.webp
Warszawa Włochy,ul. Rakowska,2,42,799000,19024,Pośrednik,,13,https://adresowo.pl/o/mieszkanie-warszawa-wlochy-ul-rakowska-2-pokojowe-o5d7c6,https://s2.adresowa.pl/oi/74/47/3eaae6_f456_cover@2x-2-pokojowe-mieszkanie-warszawa-wlochy-ul-rakowska.webp
Warszawa Wilanów,ul. Urodzajna,2,75,1700000,22667,bez pośredników,,10,https://adresowo.pl/o/mieszkanie-warszawa-wilanow-ul-urodzajna-2-pokojowe-d9o7a6,https://s2.adresowa.pl/oi/77/6c/3ea8f0_fa8a_cover@2x-2-pokojowe-mieszkanie-warszawa-wilanow-ul-urodzajna.webp
Warszawa Praga-Północ,ul. Kameralna,2,42,790000,18810,bez pośredników,,8,https://adresowo.pl/o/mieszkanie-warszawa-praga-polnoc-ul-kameralna-2-pokojowe-h3t5u8,https://s2.adresowa.pl/oi/43/6d/3ea8b8_cf3d_cover@2x-2-pokojowe-mieszkanie-warszawa-praga-polnoc-ul-kameralna.webp
Warszawa Rembertów,ul. Cyrulików 67,3,48,639000,13312,bez pośredników,,18,https://adresowo.pl/o/mieszkanie-warszawa-rembertow-ul-cyrulikow-3-pokojowe-s3k8n3,https://s2.adresowa.pl/oi/13/56/3ea870_86a1_cover@2x-3-pokojowe-mieszkanie-warszawa-rembertow-ul-cyrulikow.webp
Warszawa Bielany,ul. Jana Kochanowskiego,2,38,518000,13632,Pośrednik,,13,https://adresowo.pl/o/mieszkanie-warszawa-bielany-ul-jana-kochanowskiego-2-pokojowe-v6k1e2,https://s2.adresowa.pl/oi/76/45/3eaae2_f9b2_cover@2x-2-pokojowe-mieszkanie-warszawa-bielany-ul-jana-kochanowskiego.webp
Warszawa Praga-Północ,ul. Ząbkowska 14,2,47,899000,19128,Pośrednik,,14,https://adresowo.pl/o/mieszkanie-warszawa-praga-polnoc-ul-zabkowska-2-pokojowe-o1g5n5,https://s2.adresowa.pl/oi/54/38/3eaad4_3544_cover@2x-2-pokojowe-mieszkanie-warszawa-praga-polnoc-ul-zabkowska.webp
Warszawa Ursynów,ul. Rybitwy,2,50,950000,19000,bez pośredników,,17,https://adresowo.pl/o/mieszkanie-warszawa-ursynow-ul-rybitwy-2-pokojowe-o1o9a9,https://s2.adresowa.pl/oi/17/62/3ea7de_4f71_cover@2x-2-pokojowe-mieszkanie-warszawa-ursynow-ul-rybitwy.webp
Warszawa Żoliborz,ul. ks. Teofila Boguckiego,2,44,730000,16591,bez pośredników,,6,https://adresowo.pl/o/mieszkanie-warszawa-zoliborz-ul-ks-teofila-boguckiego-2-pokojowe-r7j1v7,https://s2.adresowa.pl/oi/3b/45/3ea798_2c09_cover@2x-2-pokojowe-mieszkanie-warszawa-zoliborz-ul-ks-teofila-boguckiego.webp
Warszawa,Włochy,3,52,1030000,19808,bez pośredników,,8,https://adresowo.pl/o/mieszkanie-warszawa-wlochy-3-pokojowe-52-m2-a7x5y7,https://s2.adresowa.pl/oi/20/6b/3ea746_93f7_cover@2x-3-pokojowe-mieszkanie-warszawa-wlochy.webp
Warszawa Wola,ul. Juliana Konstantego Ordona,3,54,978000,18111,Pośrednik,,4,https://adresowo.pl/o/mieszkanie-warszawa-wola-ul-juliana-konstantego-ordona-3-pokojowe-u3c2r5,https://s2.adresowa.pl/oi/1a/5d/3eaa9c_f4f5_cover@2x-3-pokojowe-mieszkanie-warszawa-wola-ul-juliana-konstantego-ordona.webp
Warszawa Ursynów,ul. Stanisława Herbsta,1,32,589000,18406,Pośrednik,,11,https://adresowo.pl/o/mieszkanie-warszawa-ursynow-ul-stanislawa-herbsta-1-pokoj-z1q8p6,https://s2.adresowa.pl/oi/24/66/3eaa4c_b63f_cover@2x-1-pokojowe-mieszkanie-warszawa-ursynow-ul-stanislawa-herbsta.webp
Warszawa Wola,ul. Żelazna,1,19,469000,24684,bez pośredników,,10,https://adresowo.pl/o/mieszkanie-warszawa-wola-ul-zelazna-1-pokoj-j0g1f6,https://s2.adresowa.pl/oi/7c/25/3ea418_7bc3_cover@2x-1-pokojowe-mieszkanie-warszawa-wola-ul-zelazna.webp
Warszawa Mokotów,ul. Stępińska,2,44,975000,22159,bez pośredników,,13,https://adresowo.pl/o/mieszkanie-warszawa-mokotow-ul-stepinska-2-pokojowe-z8f0b4,https://s2.adresowa.pl/oi/59/42/3ea1b2_d414_cover@2x-2-pokojowe-mieszkanie-warszawa-mokotow-ul-stepinska.webp
Warszawa Wola,ul. Obozowa,3,50,1099000,21980,bez pośredników,,9,https://adresowo.pl/o/mieszkanie-warszawa-wola-ul-obozowa-3-pokojowe-n7c1x8,https://s2.adresowa.pl/oi/2f/35/3ea096_d76a_cover@2x-3-pokojowe-mieszkanie-warszawa-wola-ul-obozowa.webp
Warszawa,ul. Bluszczańska,3,60,1159000,19317,Pośrednik,,19,https://adresowo.pl/o/mieszkanie-warszawa-ul-bluszczanska-3-pokojowe-m4i5d9,https://s2.adresowa.pl/oi/19/6f/3eaa40_536c_cover@2x-3-pokojowe-mieszkanie-warszawa-ul-bluszczanska.webp
Warszawa Praga,ul. Ostrobramska,2,32,711400,22231,Pośrednik,,3,https://adresowo.pl/o/mieszkanie-warszawa-praga-ul-ostrobramska-2-pokojowe-d3u4x6,https://s2.adresowa.pl/oi/71/1b/3eaa2e_fffc_cover@2x-2-pokojowe-mieszkanie-warszawa-praga-ul-ostrobramska.webp
Warszawa Mirów,ul. Ogrodowa,1,32,699000,21844,bez pośredników,,10,https://adresowo.pl/o/mieszkanie-warszawa-mirow-ul-ogrodowa-1-pokoj-q3v2y8,https://s2.adresowa.pl/oi/66/62/3ea06c_3ab3_cover@2x-1-pokojowe-mieszkanie-warszawa-mirow-ul-ogrodowa.webp
Warszawa Bródno,ul. Chodecka,3,38,599000,15763,bez pośredników,,13,https://adresowo.pl/o/mieszkanie-warszawa-brodno-ul-chodecka-3-pokojowe-c5k3h0,https://s2.adresowa.pl/oi/79/7a/3ea02c_9973_cover@2x-3-pokojowe-mieszkanie-warszawa-brodno-ul-chodecka.webp
Warszawa Ursynów,ul. Melchiora Wańkowicza,3,87,1550000,17816,bez pośredników,,11,https://adresowo.pl/o/mieszkanie-warszawa-ursynow-ul-melchiora-wankowicza-3-pokojowe-g8k5m1,https://s2.adresowa.pl/oi/6a/57/3e9fc4_8a3d_cover@2x-3-pokojowe-mieszkanie-warszawa-ursynow-ul-melchiora-wankowicza.webp
Warszawa Wola,ul. Kolejowa,2,58,1850000,31897,Pośrednik,,21,https://adresowo.pl/o/mieszkanie-warszawa-wola-ul-kolejowa-2-pokojowe-k9b6q8,https://s2.adresowa.pl/oi/5b/76/3ea618_aad5_cover@2x-2-pokojowe-mieszkanie-warszawa-wola-ul-kolejowa.webp
Warszawa Saska Kępa,ul. Afrykańska 7,3,58,820000,14138,Pośrednik,,15,https://adresowo.pl/o/mieszkanie-warszawa-saska-kepa-ul-afrykanska-3-pokojowe-e3k0h4,https://s2.adresowa.pl/oi/64/27/3ea59a_782d_cover@2x-3-pokojowe-mieszkanie-warszawa-saska-kepa-ul-afrykanska.webp
Warszawa Tarchomin,ul. Feliksa Pancera,1,32,470000,14688,bez pośredników,,9,https://adresowo.pl/o/mieszkanie-warszawa-tarchomin-ul-feliksa-pancera-1-pokoj-m2u5s9,https://s2.adresowa.pl/oi/4f/61/3e9fa8_c1e8_cover@2x-1-pokojowe-mieszkanie-warszawa-tarchomin-ul-feliksa-pancera.webp
Warszawa Targówek,ul. Samarytanka,3,69,1290000,18696,bez pośredników,,1,https://adresowo.pl/o/mieszkanie-warszawa-targowek-ul-samarytanka-3-pokojowe-r8m5y1,https://s2.adresowa.pl/oi/7d/7d/3e9f1a_3f31_cover@2x-3-pokojowe-mieszkanie-warszawa-targowek-ul-samarytanka.webp
Warszawa Targówek,ul. Ludwika Kondratowicza,2,47,940000,20000,bez pośredników,,9,https://adresowo.pl/o/mieszkanie-warszawa-targowek-ul-ludwika-kondratowicza-2-pokojowe-b3p8h6,https://s2.adresowa.pl/oi/45/59/3e9ee6_60d4_cover@2x-2-pokojowe-mieszkanie-warszawa-targowek-ul-ludwika-kondratowicza.webp
Warszawa Śródmieście,ul. Grzybowska 30,2,27,675000,25000,Pośrednik,,7,https://adresowo.pl/o/mieszkanie-warszawa-srodmiescie-ul-grzybowska-2-pokojowe-e2k0e7,https://s2.adresowa.pl/oi/14/5f/3ea58a_6077_cover@2x-2-pokojowe-mieszkanie-warszawa-srodmiescie-ul-grzybowska.webp
Warszawa Ursus,ul. Wiosny Ludów,2,37,699000,18892,Pośrednik,,4,https://adresowo.pl/o/mieszkanie-warszawa-ursus-ul-wiosny-ludow-2-pokojowe-k5u1o1,https://s2.adresowa.pl/oi/7f/53/3ea586_4cc1_cover@2x-2-pokojowe-mieszkanie-warszawa-ursus-ul-wiosny-ludow.webp
Warszawa Ursus,ul. Quo Vadis,2,37,690000,18649,bez pośredników,,9,https://adresowo.pl/o/mieszkanie-warszawa-ursus-ul-quo-vadis-2-pokojowe-b9g5h8,https://s2.adresowa.pl/oi/68/26/3e9e60_89bd_cover@2x-2-pokojowe-mieszkanie-warszawa-ursus-ul-quo-vadis.webp
Warszawa Mokotów,ul. Huculska,4,64,815000,12734,bez pośredników,,8,https://adresowo.pl/o/mieszkanie-warszawa-mokotow-ul-huculska-4-pokojowe-u7d8y3,https://s2.adresowa.pl/oi/77/48/3e9e4c_ea1f_cover@2x-4-pokojowe-mieszkanie-warszawa-mokotow-ul-huculska.webp
Warszawa Wola,ul. Jana Olbrachta,3,66,1590000,24091,bez pośredników,,17,https://adresowo.pl/o/mieszkanie-warszawa-wola-ul-jana-olbrachta-3-pokojowe-l3t7l5,https://s2.adresowa.pl/oi/5b/6f/3e9e06_4537_cover@2x-3-pokojowe-mieszkanie-warszawa-wola-ul-jana-olbrachta.webp
Warszawa Śródmieście,ul. Grzybowska,2,48,1149000,23938,Pośrednik,,14,https://adresowo.pl/o/mieszkanie-warszawa-srodmiescie-ul-grzybowska-2-pokojowe-d4o9k0,https://s2.adresowa.pl/oi/5f/5b/3ea580_3077_cover@2x-2-pokojowe-mieszkanie-warszawa-srodmiescie-ul-grzybowska.webp
Warszawa Śródmieście,ul. Aleje Jerozolimskie 113,1,21,570000,27143,Pośrednik,,10,https://adresowo.pl/o/mieszkanie-warszawa-srodmiescie-ul-aleje-jerozolimskie-1-pokoj-d1j0b9,https://s2.adresowa.pl/oi/43/36/3ea57c_9d54_cover@2x-1-pokojowe-mieszkanie-warszawa-srodmiescie-ul-aleje-jerozolimskie.webp
Warszawa Ochota,ul. Karola Bohdanowicza,2,42,694000,16524,bez pośredników,,18,https://adresowo.pl/o/mieszkanie-warszawa-ochota-ul-karola-bohdanowicza-2-pokojowe-v7s5c1,https://s2.adresowa.pl/oi/5d/5e/3e9cce_d0ff_cover@2x-2-pokojowe-mieszkanie-warszawa-ochota-ul-karola-bohdanowicza.webp
Warszawa Włochy,ul. Aleje Jerozolimskie,1,26,400000,15385,bez pośredników,,10,https://adresowo.pl/o/mieszkanie-warszawa-wlochy-ul-aleje-jerozolimskie-1-pokoj-q7i0o8,https://s2.adresowa.pl/oi/71/48/3e9c8a_7135_cover@2x-1-pokojowe-mieszkanie-warszawa-wlochy-ul-aleje-jerozolimskie.webp
Warszawa Ursynów,al. Komisji Edukacji Narodowej,1,32,579000,18094,bez pośredników,,7,https://adresowo.pl/o/mieszkanie-warszawa-ursynow-al-komisji-edukacji-narodowej-1-pokoj-v2i7n6,https://s2.adresowa.pl/oi/75/51/3e9c7c_3b27_cover@2x-1-pokojowe-mieszkanie-warszawa-ursynow-al-komisji-edukacji-narodowej.webp
Warszawa Wola,ul. Gumińska,4,93,1471770,15825,Pośrednik,,6,https://adresowo.pl/o/mieszkanie-warszawa-wola-ul-guminska-4-pokojowe-l2z6q1,https://s2.adresowa.pl/oi/1b/4e/3ea570_92de_cover@2x-4-pokojowe-mieszkanie-warszawa-wola-ul-guminska.webp
Warszawa Mokotów,ul. Bokserska,1,25,524097,20964,Pośrednik,,5,https://adresowo.pl/o/mieszkanie-warszawa-mokotow-ul-bokserska-1-pokoj-y5u1g1,https://s2.adresowa.pl/oi/50/22/3ea576_53ef_cover@2x-1-pokojowe-mieszkanie-warszawa-mokotow-ul-bokserska.webp
Warszawa Gocław,ul. Tadeusza Rechniewskiego,2,46,729000,15848,bez pośredników,,7,https://adresowo.pl/o/mieszkanie-warszawa-goclaw-ul-tadeusza-rechniewskiego-2-pokojowe-n0k2r0,https://s2.adresowa.pl/oi/66/73/3e9c66_75a9_cover@2x-2-pokojowe-mieszkanie-warszawa-goclaw-ul-tadeusza-rechniewskiego.webp
Warszawa Białołęka,ul. Ceramiczna,1,36,607200,16867,bez pośredników,,1,https://adresowo.pl/o/mieszkanie-warszawa-bialoleka-ul-ceramiczna-1-pokoj-q9p0p5,https://s2.adresowa.pl/oi/60/1b/3e9b94_710c_cover@2x-1-pokojowe-mieszkanie-warszawa-bialoleka-ul-ceramiczna.webp
Warszawa Wola,"ul. Batalionu AK ""Zośka""",3,45,720000,16000,bez pośredników,,9,https://adresowo.pl/o/mieszkanie-warszawa-wola-ul-batalionu-ak-zoska-3-pokojowe-k1g9z4,https://s2.adresowa.pl/oi/67/48/3e9aa6_6373_cover@2x-3-pokojowe-mieszkanie-warszawa-wola-ul-batalionu-ak-zoska-.webp
Warszawa Wola,ul. Gumińska,3,77,1467667,19061,Pośrednik,,6,https://adresowo.pl/o/mieszkanie-warszawa-wola-ul-guminska-3-pokojowe-i4m8m2,https://s2.adresowa.pl/oi/77/51/3ea56e_3cc7_cover@2x-3-pokojowe-mieszkanie-warszawa-wola-ul-guminska.webp
Warszawa Wilanów,ul. Sarmacka,2,39,764166,19594,Pośrednik,,8,https://adresowo.pl/o/mieszkanie-warszawa-wilanow-ul-sarmacka-2-pokojowe-y3h1w5,https://s2.adresowa.pl/oi/67/15/3ea402_fe2b_cover@2x-2-pokojowe-mieszkanie-warszawa-wilanow-ul-sarmacka.webp
Warszawa Ochota,ul. Grójecka,3,93,1569000,16871,bez pośredników,,16,https://adresowo.pl/o/mieszkanie-warszawa-ochota-ul-grojecka-3-pokojowe-a7w7h5,https://s2.adresowa.pl/oi/6b/53/3e9a64_e005_cover@2x-3-pokojowe-mieszkanie-warszawa-ochota-ul-grojecka.webp
Warszawa Międzylesie,ul. Czeladnicza,2,46,699000,15196,bez pośredników,,9,https://adresowo.pl/o/mieszkanie-warszawa-miedzylesie-ul-czeladnicza-2-pokojowe-d7v8y4,https://s2.adresowa.pl/oi/77/47/3e9a3e_6cb6_cover@2x-2-pokojowe-mieszkanie-warszawa-miedzylesie-ul-czeladnicza.webp
Warszawa Bemowo,ul. Szeligowska,2,37,zapytaj,,bez pośredników,,10,https://adresowo.pl/o/mieszkanie-warszawa-bemowo-ul-szeligowska-2-pokojowe-z8i7v9,https://s2.adresowa.pl/oi/1a/54/3e999e_372d_cover@2x-2-pokojowe-mieszkanie-warszawa-bemowo-ul-szeligowska.webp
Warszawa Mokotów,ul. Bokserska,5,85,1325482,15594,Pośrednik,,6,https://adresowo.pl/o/mieszkanie-warszawa-mokotow-ul-bokserska-5-pokojowe-d1g5k3,https://s2.adresowa.pl/oi/44/4e/3ea3fe_66e5_cover@2x-5-pokojowe-mieszkanie-warszawa-mokotow-ul-bokserska.webp
Warszawa Mokotów,ul. Antoniewska,4,77,1004640,13047,Pośrednik,,6,https://adresowo.pl/o/mieszkanie-warszawa-mokotow-ul-antoniewska-4-pokojowe-r8g6q2,https://s2.adresowa.pl/oi/21/1e/3ea3fc_b508_cover@2x-4-pokojowe-mieszkanie-warszawa-mokotow-ul-antoniewska.webp
Warszawa Śródmieście,ul. Śliska,2,34,820000,24118,bez pośredników,,8,https://adresowo.pl/o/mieszkanie-warszawa-srodmiescie-ul-sliska-2-pokojowe-g5s3t6,https://s2.adresowa.pl/oi/1f/30/3e9986_87d6_cover@2x-2-pokojowe-mieszkanie-warszawa-srodmiescie-ul-sliska.webp
Warszawa Włochy,ul. Urwana,2,40,809500,20238,bez pośredników,,16,https://adresowo.pl/o/mieszkanie-warszawa-wlochy-ul-urwana-2-pokojowe-f2q5s3,https://s2.adresowa.pl/oi/6f/19/3e9978_a642_cover@2x-2-pokojowe-mieszkanie-warszawa-wlochy-ul-urwana.webp
Warszawa Tarchomin,ul. Józefa Mehoffera,3,70,1162000,16600,bez pośredników,,19,https://adresowo.pl/o/mieszkanie-warszawa-tarchomin-ul-jozefa-mehoffera-3-pokojowe-c1y4m7,https://s2.adresowa.pl/oi/51/3e/3e9870_bdb0_cover@2x-3-pokojowe-mieszkanie-warszawa-tarchomin-ul-jozefa-mehoffera.webp
Warszawa Praga,pl. gen. Józefa Hallera,2,37,579000,15649,Pośrednik,,9,https://adresowo.pl/o/mieszkanie-warszawa-praga-pl-gen-jozefa-hallera-2-pokojowe-y7k4c9,https://s2.adresowa.pl/oi/27/58/3ea338_8543_cover@2x-2-pokojowe-mieszkanie-warszawa-praga-pl-gen-jozefa-hallera.webp
Warszawa Praga-Południe,ul. Jana Nowaka-Jeziorańskiego,3,57,1165000,20439,Pośrednik,,8,https://adresowo.pl/o/mieszkanie-warszawa-praga-poludnie-ul-jana-nowaka-jezioranskiego-3-pokojowe-r6g9q9,https://s2.adresowa.pl/oi/3b/7f/3ea332_84cc_cover@2x-3-pokojowe-mieszkanie-warszawa-praga-poludnie-ul-jana-nowaka-jezioranskiego.webp
Warszawa Ursynów,ul. Pawła Edmunda Strzeleckiego,2,45,895000,19889,bez pośredników,,8,https://adresowo.pl/o/mieszkanie-warszawa-ursynow-ul-pawla-edmunda-strzeleckiego-2-pokojowe-i9y4x4,https://s2.adresowa.pl/oi/5a/77/3e9816_301d_cover@2x-2-pokojowe-mieszkanie-warszawa-ursynow-ul-pawla-edmunda-strzeleckiego.webp
Warszawa Praga-Południe,ul. Fundamentowa,3,59,925000,15678,bez pośredników,,19,https://adresowo.pl/o/mieszkanie-warszawa-praga-poludnie-ul-fundamentowa-3-pokojowe-a0y3l6,https://s2.adresowa.pl/oi/35/19/3e97d2_ebd5_cover@2x-3-pokojowe-mieszkanie-warszawa-praga-poludnie-ul-fundamentowa.webp
Warszawa Saska Kępa,ul. Egipska,3,46,740000,16087,bez pośredników,,8,https://adresowo.pl/o/mieszkanie-warszawa-saska-kepa-ul-egipska-3-pokojowe-e1b1t0,https://s2.adresowa.pl/oi/16/53/3e97d0_6de3_cover@2x-3-pokojowe-mieszkanie-warszawa-saska-kepa-ul-egipska.webp
Warszawa Wola,ul. Nowolipie 21,3,59,925000,15678,Pośrednik,,17,https://adresowo.pl/o/mieszkanie-warszawa-wola-ul-nowolipie-3-pokojowe-h4z5m6,https://s2.adresowa.pl/oi/4c/14/3ea334_815e_cover@2x-3-pokojowe-mieszkanie-warszawa-wola-ul-nowolipie.webp
Warszawa Ochota,ul. Grójecka,4,148,2870000,19392,Pośrednik,,20,https://adresowo.pl/o/mieszkanie-warszawa-ochota-ul-grojecka-4-pokojowe-l0o8o7,https://s2.adresowa.pl/oi/25/76/3ea324_fbfa_cover@2x-4-pokojowe-mieszkanie-warszawa-ochota-ul-grojecka.webp
Warszawa Mokotów,ul. Jana Piekałkiewicza,3,61,845000,13852,bez pośredników,,8,https://adresowo.pl/o/mieszkanie-warszawa-mokotow-ul-jana-piekalkiewicza-3-pokojowe-r9k2t6,https://s2.adresowa.pl/oi/12/78/3e971c_4120_cover@2x-3-pokojowe-mieszkanie-warszawa-mokotow-ul-jana-piekalkiewicza.webp
Warszawa Ursynów,ul. Edwarda Dembowskiego,2,43,799000,18581,bez pośredników,,1,https://adresowo.pl/o/mieszkanie-warszawa-ursynow-ul-edwarda-dembowskiego-2-pokojowe-d9a9m1,https://s2.adresowa.pl/oi/1c/35/3e9640_5f2a_cover@2x-2-pokojowe-mieszkanie-warszawa-ursynow-ul-edwarda-dembowskiego.webp
Warszawa Mokotów,ul. Łużycka,3,57,930000,16316,bez pośredników,,8,https://adresowo.pl/o/mieszkanie-warszawa-mokotow-ul-luzycka-3-pokojowe-a4b0m3,https://s2.adresowa.pl/oi/58/61/3e9628_5798_cover@2x-3-pokojowe-mieszkanie-warszawa-mokotow-ul-luzycka.webp
Warszawa Bielany,ul. Jerzego Bajana,3,50,1090000,21800,Pośrednik,,2,https://adresowo.pl/o/mieszkanie-warszawa-bielany-ul-jerzego-bajana-3-pokojowe-b0t0k4,https://s2.adresowa.pl/oi/39/7d/3ea316_5648_cover@2x-3-pokojowe-mieszkanie-warszawa-bielany-ul-jerzego-bajana.webp
Warszawa Ursus,ul. Wiosny Ludów,1,28,599000,21393,Pośrednik,,14,https://adresowo.pl/o/mieszkanie-warszawa-ursus-ul-wiosny-ludow-1-pokoj-j8z5h3,https://s2.adresowa.pl/oi/4e/56/3ea30c_ed91_cover@2x-1-pokojowe-mieszkanie-warszawa-ursus-ul-wiosny-ludow.webp
Warszawa Henryków,ul. Duninów,3,50,858000,17160,bez pośredników,,7,https://adresowo.pl/o/mieszkanie-warszawa-henrykow-ul-duninow-3-pokojowe-l3a7e3,https://s2.adresowa.pl/oi/4a/42/3e95ce_b3b2_cover@2x-3-pokojowe-mieszkanie-warszawa-henrykow-ul-duninow.webp
Warszawa Śródmieście,ul. Stawki,2,51,1050000,20588,bez pośredników,,6,https://adresowo.pl/o/mieszkanie-warszawa-srodmiescie-ul-stawki-2-pokojowe-m3x7g4,https://s2.adresowa.pl/oi/14/74/3e9508_79f8_cover@2x-2-pokojowe-mieszkanie-warszawa-srodmiescie-ul-stawki.webp
Warszawa Mokotów,ul. Zwierzyniecka,3,57,795000,13947,bez pośredników,,10,https://adresowo.pl/o/mieszkanie-warszawa-mokotow-ul-zwierzyniecka-3-pokojowe-b6p6g1,https://s2.adresowa.pl/oi/2b/42/3e9438_7855_cover@2x-3-pokojowe-mieszkanie-warszawa-mokotow-ul-zwierzyniecka.webp
Warszawa Włochy,ul. Mineralna,1,28,365000,13036,Pośrednik,,12,https://adresowo.pl/o/mieszkanie-warszawa-wlochy-ul-mineralna-1-pokoj-z9w3a5,https://s2.adresowa.pl/oi/5c/30/3ea272_7704_cover@2x-1-pokojowe-mieszkanie-warszawa-wlochy-ul-mineralna.webp
Warszawa Tarchomin,ul. Oczary,2,47,699000,14872,Pośrednik,,17,https://adresowo.pl/o/mieszkanie-warszawa-tarchomin-ul-oczary-2-pokojowe-z2f3m1,https://s2.adresowa.pl/oi/33/55/3ea26a_2771_cover@2x-2-pokojowe-mieszkanie-warszawa-tarchomin-ul-oczary.webp
Warszawa Bemowo,ul. Górczewska,2,47,1279000,27213,bez pośredników,,20,https://adresowo.pl/o/mieszkanie-warszawa-bemowo-ul-gorczewska-2-pokojowe-e8o9v1,https://s2.adresowa.pl/oi/17/29/3e943c_84bd_cover@2x-2-pokojowe-mieszkanie-warszawa-bemowo-ul-gorczewska.webp
Warszawa Skorosze,ul. Józefa Chełmońskiego,2,39,675000,17308,bez pośredników,,6,https://adresowo.pl/o/mieszkanie-warszawa-skorosze-ul-jozefa-chelmonskiego-2-pokojowe-q3w1j4,https://s2.adresowa.pl/oi/41/2f/3e9430_8f95_cover@2x-2-pokojowe-mieszkanie-warszawa-skorosze-ul-jozefa-chelmonskiego.webp
Warszawa Praga-Południe,ul. Bliska,2,38,649000,17079,bez pośredników,,11,https://adresowo.pl/o/mieszkanie-warszawa-praga-poludnie-ul-bliska-2-pokojowe-h3s7d9,https://s2.adresowa.pl/oi/66/5e/3e9404_4324_cover@2x-2-pokojowe-mieszkanie-warszawa-praga-poludnie-ul-bliska.webp
Warszawa Śródmieście,ul. Stawki 2A,2,47,1290000,27447,Pośrednik,,26,https://adresowo.pl/o/mieszkanie-warszawa-srodmiescie-ul-stawki-2-pokojowe-i7v4c9,https://s2.adresowa.pl/oi/21/66/3ea25a_a72f_cover@2x-2-pokojowe-mieszkanie-warszawa-srodmiescie-ul-stawki.webp
Warszawa Mokotów,ul. Wiktorska 76,2,43,770000,17907,Pośrednik,,14,https://adresowo.pl/o/mieszkanie-warszawa-mokotow-ul-wiktorska-2-pokojowe-w1h5i1,https://s2.adresowa.pl/oi/34/65/3ea254_d407_cover@2x-2-pokojowe-mieszkanie-warszawa-mokotow-ul-wiktorska.webp
Warszawa Wola,ul. Jana Długosza,3,53,980000,18491,bez pośredników,,10,https://adresowo.pl/o/mieszkanie-warszawa-wola-ul-jana-dlugosza-3-pokojowe-s3p1r1,https://s2.adresowa.pl/oi/74/33/3e93e6_afff_cover@2x-3-pokojowe-mieszkanie-warszawa-wola-ul-jana-dlugosza.webp
Warszawa Bielany,ul. Szegedyńska,4,48,815000,16979,bez pośredników,,15,https://adresowo.pl/o/mieszkanie-warszawa-bielany-ul-szegedynska-4-pokojowe-y2v9i5,https://s2.adresowa.pl/oi/54/5c/3e93cc_5b14_cover@2x-4-pokojowe-mieszkanie-warszawa-bielany-ul-szegedynska.webp
Warszawa Mokotów,ul. Wołoska,4,86,1894000,22023,bez pośredników,,15,https://adresowo.pl/o/mieszkanie-warszawa-mokotow-ul-woloska-4-pokojowe-c8e7i9,https://s2.adresowa.pl/oi/79/18/3e93c6_a23d_cover@2x-4-pokojowe-mieszkanie-warszawa-mokotow-ul-woloska.webp
Warszawa Praga-Północ,ul. Kępna,2,56,950000,16964,Pośrednik,,13,https://adresowo.pl/o/mieszkanie-warszawa-praga-polnoc-ul-kepna-2-pokojowe-g8b4h9,https://s2.adresowa.pl/oi/55/76/3ea250_924d_cover@2x-2-pokojowe-mieszkanie-warszawa-praga-polnoc-ul-kepna.webp
Warszawa Wola,ul. Sokołowska,4,64,990000,15469,Pośrednik,,8,https://adresowo.pl/o/mieszkanie-warszawa-wola-ul-sokolowska-4-pokojowe-d9p9k1,https://s2.adresowa.pl/oi/21/61/3ea22e_95b4_cover@2x-4-pokojowe-mieszkanie-warszawa-wola-ul-sokolowska.webp
Warszawa Wola,ul. Astronomów 5,3,54,815000,15093,bez pośredników,,16,https://adresowo.pl/o/mieszkanie-warszawa-wola-ul-astronomow-3-pokojowe-k1z0t4,https://s2.adresowa.pl/oi/19/73/3e9382_ecce_cover@2x-3-pokojowe-mieszkanie-warszawa-wola-ul-astronomow.webp
Warszawa Praga-Południe,ul. Poligonowa,3,64,1250000,19531,bez pośredników,,9,https://adresowo.pl/o/mieszkanie-warszawa-praga-poludnie-ul-poligonowa-3-pokojowe-a9q0i3,https://s2.adresowa.pl/oi/53/3a/3e934a_48f9_cover@2x-3-pokojowe-mieszkanie-warszawa-praga-poludnie-ul-poligonowa.webp
Warszawa Wola,ul. Płocka,2,47,719000,15298,bez pośredników,,6,https://adresowo.pl/o/mieszkanie-warszawa-wola-ul-plocka-2-pokojowe-i5n0j1,https://s2.adresowa.pl/oi/37/13/3e928a_f73c_cover@2x-2-pokojowe-mieszkanie-warszawa-wola-ul-plocka.webp
Warszawa Żoliborz,ul. Sybilli 11,2,52,999900,19229,Pośrednik,,19,https://adresowo.pl/o/mieszkanie-warszawa-zoliborz-ul-sybilli-2-pokojowe-b2h5j2,https://s2.adresowa.pl/oi/2a/6d/3ea18c_4ee3_cover@2x-2-pokojowe-mieszkanie-warszawa-zoliborz-ul-sybilli.webp
Warszawa Wola,ul. Grzybowska 61,2,44,1219000,27705,Pośrednik,,11,https://adresowo.pl/o/mieszkanie-warszawa-wola-ul-grzybowska-2-pokojowe-k2s1o0,https://s2.adresowa.pl/oi/51/2a/3e9cee_f5d9_cover@2x-2-pokojowe-mieszkanie-warszawa-wola-ul-grzybowska.webp
Warszawa Białołęka,ul. Daniszewska,1,30,529000,17633,bez pośredników,,19,https://adresowo.pl/o/mieszkanie-warszawa-bialoleka-ul-daniszewska-1-pokoj-g2p9r6,https://s2.adresowa.pl/oi/4c/20/3e91b2_ba99_cover@2x-1-pokojowe-mieszkanie-warszawa-bialoleka-ul-daniszewska.webp
Warszawa Ursynów,ul. Meander,3,62,1089000,17565,bez pośredników,,10,https://adresowo.pl/o/mieszkanie-warszawa-ursynow-ul-meander-3-pokojowe-x3d3e2,https://s2.adresowa.pl/oi/45/75/3e9078_2e67_cover@2x-3-pokojowe-mieszkanie-warszawa-ursynow-ul-meander.webp
Warszawa Wilanów,ul. Zdrowa,2,41,980000,23902,bez pośredników,,4,https://adresowo.pl/o/mieszkanie-warszawa-wilanow-ul-zdrowa-2-pokojowe-x6d6d0,https://s2.adresowa.pl/oi/36/2c/3e8fa4_f7d9_cover@2x-2-pokojowe-mieszkanie-warszawa-wilanow-ul-zdrowa.webp
Warszawa Mokotów,ul. Portofino,2,31,495000,15968,Pośrednik,,13,https://adresowo.pl/o/mieszkanie-warszawa-mokotow-ul-portofino-2-pokojowe-j1y3i1,https://s2.adresowa.pl/oi/4d/79/3e9cec_767c_cover@2x-2-pokojowe-mieszkanie-warszawa-mokotow-ul-portofino.webp
Warszawa Wola,ul. Grzybowska 61,2,64,1834690,28667,Pośrednik,,6,https://adresowo.pl/o/mieszkanie-warszawa-wola-ul-grzybowska-2-pokojowe-n1y0j8,https://s2.adresowa.pl/oi/7e/70/3e9cd0_4429_cover@2x-2-pokojowe-mieszkanie-warszawa-wola-ul-grzybowska.webp
Warszawa Ochota,ul. Nowowiejska 28,2,40,980000,24500,bez pośredników,,9,https://adresowo.pl/o/mieszkanie-warszawa-ochota-ul-nowowiejska-2-pokojowe-f7d5t0,https://s2.adresowa.pl/oi/1c/10/3f0be2_8b45_cover@2x-2-pokojowe-mieszkanie-warszawa-ochota-ul-nowowiejska.webp
Warszawa Ursynów,ul. Wąwozowa,5,92,1790000,19457,bez pośredników,,14,https://adresowo.pl/o/mieszkanie-warszawa-ursynow-ul-wawozowa-5-pokojowe-e9j7a0,https://s2.adresowa.pl/oi/67/6e/3e8f84_b2e1_cover@2x-5-pokojowe-mieszkanie-warszawa-ursynow-ul-wawozowa.webp
Warszawa Mokotów,ul. Jana III Sobieskiego,4,170,2750000,16176,bez pośredników,,20,https://adresowo.pl/o/mieszkanie-warszawa-mokotow-ul-jana-iii-sobieskiego-4-pokojowe-h6y8y9,https://s2.adresowa.pl/oi/23/59/3e8e20_583a_cover@2x-4-pokojowe-mieszkanie-warszawa-mokotow-ul-jana-iii-sobieskiego.webp
Warszawa Białołęka,ul. Strumykowa,3,66,949000,14379,bez pośredników,,16,https://adresowo.pl/o/mieszkanie-warszawa-bialoleka-ul-strumykowa-3-pokojowe-p2m5i1,https://s2.adresowa.pl/oi/7d/6d/3e8b72_df2b_cover@2x-3-pokojowe-mieszkanie-warszawa-bialoleka-ul-strumykowa.webp
Warszawa Wola,ul. Kolejowa,2,41,990000,24146,Pośrednik,,4,https://adresowo.pl/o/mieszkanie-warszawa-wola-ul-kolejowa-2-pokojowe-v7q9n8,https://s2.adresowa.pl/oi/6c/2f/3e9cbc_e3ec_cover@2x-2-pokojowe-mieszkanie-warszawa-wola-ul-kolejowa.webp
Warszawa Białołęka,ul. Dionizosa,2,35,547000,15629,Pośrednik,,3,https://adresowo.pl/o/mieszkanie-warszawa-bialoleka-ul-dionizosa-2-pokojowe-b0j8m9,https://s2.adresowa.pl/oi/38/55/3e9cb6_5789_cover@2x-2-pokojowe-mieszkanie-warszawa-bialoleka-ul-dionizosa.webp
Warszawa Bemowo,ul. Chrzanowska,3,74,1350000,18243,bez pośredników,,14,https://adresowo.pl/o/mieszkanie-warszawa-bemowo-ul-chrzanowska-3-pokojowe-n8x7h7,https://s2.adresowa.pl/oi/28/7b/3e4af4_3ace_cover@2x-3-pokojowe-mieszkanie-warszawa-bemowo-ul-chrzanowska.webp
Warszawa Śródmieście,ul. Sienna,3,71,2500000,35211,bez pośredników,,12,https://adresowo.pl/o/mieszkanie-warszawa-srodmiescie-ul-sienna-3-pokojowe-p5b1o6,https://s2.adresowa.pl/oi/37/2e/3e8bfe_8681_cover@2x-3-pokojowe-mieszkanie-warszawa-srodmiescie-ul-sienna.webp
Warszawa Włochy,ul. Naukowa,2,31,575000,18548,bez pośredników,,9,https://adresowo.pl/o/mieszkanie-warszawa-wlochy-ul-naukowa-2-pokojowe-c3o9e5,https://s2.adresowa.pl/oi/75/2a/3e8b12_6372_cover@2x-2-pokojowe-mieszkanie-warszawa-wlochy-ul-naukowa.webp
Warszawa Żoliborz,ul. Władysława Broniewskiego 15,3,47,720000,15319,Pośrednik,,19,https://adresowo.pl/o/mieszkanie-warszawa-zoliborz-ul-wladyslawa-broniewskiego-3-pokojowe-y1c6d1,https://s2.adresowa.pl/oi/39/4e/3e9cac_706f_cover@2x-3-pokojowe-mieszkanie-warszawa-zoliborz-ul-wladyslawa-broniewskiego.webp
Warszawa Ursynów,al. Komisji Edukacji Narodowej,2,57,990000,17368,Pośrednik,,1,https://adresowo.pl/o/mieszkanie-warszawa-ursynow-al-komisji-edukacji-narodowej-2-pokojowe-t7z8k1,https://s2.adresowa.pl/oi/42/25/3e9c94_af9f_cover@2x-2-pokojowe-mieszkanie-warszawa-ursynow-al-komisji-edukacji-narodowej.webp
Warszawa Żoliborz,pl. Inwalidów,1,30,745000,24833,bez pośredników,,14,https://adresowo.pl/o/mieszkanie-warszawa-zoliborz-pl-inwalidow-1-pokoj-f2m3t8,https://s2.adresowa.pl/oi/4d/1a/3e8a72_b4e0_cover@2x-1-pokojowe-mieszkanie-warszawa-zoliborz-pl-inwalidow.webp
Warszawa Praga-Południe,ul. Międzynarodowa,2,38,759000,19974,bez pośredników,,12,https://adresowo.pl/o/mieszkanie-warszawa-praga-poludnie-ul-miedzynarodowa-2-pokojowe-r6w7w1,https://s2.adresowa.pl/oi/16/66/3e88b6_f0df_cover@2x-2-pokojowe-mieszkanie-warszawa-praga-poludnie-ul-miedzynarodowa.webp
Warszawa,Praga-Północ,3,72,1400000,19444,bez pośredników,,8,https://adresowo.pl/o/mieszkanie-warszawa-praga-polnoc-3-pokojowe-72-m2-v7u4x5,https://s2.adresowa.pl/oi/56/10/3e8872_d058_cover@2x-3-pokojowe-mieszkanie-warszawa-praga-polnoc.webp
Warszawa Ursynów,ul. Stefana Szolc-Rogozińskiego,4,56,799000,14268,Pośrednik,,11,https://adresowo.pl/o/mieszkanie-warszawa-ursynow-ul-stefana-szolc-rogozinskiego-4-pokojowe-x6w1q5,https://s2.adresowa.pl/oi/52/77/3e9b76_ff03_cover@2x-4-pokojowe-mieszkanie-warszawa-ursynow-ul-stefana-szolc-rogozinskiego.webp
Warszawa Białołęka,ul. Topolowa,3,86,1350000,15698,Pośrednik,,20,https://adresowo.pl/o/mieszkanie-warszawa-bialoleka-ul-topolowa-3-pokojowe-q0n8b0,https://s2.adresowa.pl/oi/22/71/3e9b2a_85b2_cover@2x-3-pokojowe-mieszkanie-warszawa-bialoleka-ul-topolowa.webp
Warszawa,Białołęka,3,45,740000,16444,bez pośredników,,15,https://adresowo.pl/o/mieszkanie-warszawa-bialoleka-3-pokojowe-45-m2-x4r7i6,https://s2.adresowa.pl/oi/4b/2c/3e866a_49cb_cover@2x-3-pokojowe-mieszkanie-warszawa-bialoleka.webp
Warszawa Wilanów,ul. Adama Branickiego,4,73,1490000,20411,bez pośredników,,8,https://adresowo.pl/o/mieszkanie-warszawa-wilanow-ul-adama-branickiego-4-pokojowe-q7n3d9,https://s2.adresowa.pl/oi/4b/21/3e85e2_36ef_cover@2x-4-pokojowe-mieszkanie-warszawa-wilanow-ul-adama-branickiego.webp
Warszawa Bródno,ul. Suwalska,3,47,601000,12787,bez pośredników,,4,https://adresowo.pl/o/mieszkanie-warszawa-brodno-ul-suwalska-3-pokojowe-i8v3h8,https://s2.adresowa.pl/oi/5c/76/3e8216_e606_cover@2x-3-pokojowe-mieszkanie-warszawa-brodno-ul-suwalska.webp
Warszawa,,2,36,599000,16639,Pośrednik,,5,https://adresowo.pl/o/mieszkanie-warszawa-2-pokojowe-36-m2-u3l9y2,https://s2.adresowa.pl/oi/57/41/3e9a86_b402_cover@2x-2-pokojowe-mieszkanie-warszawa.webp
Warszawa Białołęka,ul. Ciechanowska,6,110,957000,8700,Pośrednik,,17,https://adresowo.pl/o/mieszkanie-warszawa-bialoleka-ul-ciechanowska-6-pokojowe-s0j0n4,https://s2.adresowa.pl/oi/47/6c/3e9a80_e3cf_cover@2x-6-pokojowe-mieszkanie-warszawa-bialoleka-ul-ciechanowska.webp
Warszawa,Targówek,2,44,735000,16705,bez pośredników,,7,https://adresowo.pl/o/mieszkanie-warszawa-targowek-2-pokojowe-44-m2-g1p2p7,https://s2.adresowa.pl/oi/4e/56/3e81ee_7a51_cover@2x-2-pokojowe-mieszkanie-warszawa-targowek.webp
Warszawa Bródno,ul. Goworowska,1,30,499999,16667,bez pośredników,,20,https://adresowo.pl/o/mieszkanie-warszawa-brodno-ul-goworowska-1-pokoj-m1j3t5,https://s2.adresowa.pl/oi/2b/2d/3e8198_bd93_cover@2x-1-pokojowe-mieszkanie-warszawa-brodno-ul-goworowska.webp
Warszawa Praga-Północ,ul. Jagiellońska,1,25,530000,21200,bez pośredników,,15,https://adresowo.pl/o/mieszkanie-warszawa-praga-polnoc-ul-jagiellonska-1-pokoj-g3q2z9,https://s2.adresowa.pl/oi/46/71/3e8150_cec7_cover@2x-1-pokojowe-mieszkanie-warszawa-praga-polnoc-ul-jagiellonska.webp
Warszawa Śródmieście,al. Armii Ludowej 6,2,51,920000,18039,Pośrednik,,16,https://adresowo.pl/o/mieszkanie-warszawa-srodmiescie-al-armii-ludowej-2-pokojowe-e8x6v1,https://s2.adresowa.pl/oi/49/3d/3e9a2c_ccaa_cover@2x-2-pokojowe-mieszkanie-warszawa-srodmiescie-al-armii-ludowej.webp
Warszawa Gocław,ul. Orlego Lotu,3,63,799000,12683,Pośrednik,,9,https://adresowo.pl/o/mieszkanie-warszawa-goclaw-ul-orlego-lotu-3-pokojowe-d2j4f6,https://s2.adresowa.pl/oi/46/50/3e993c_6bcb_cover@2x-3-pokojowe-mieszkanie-warszawa-goclaw-ul-orlego-lotu.webp
Warszawa Żoliborz,ul. Władysława Broniewskiego,3,57,780000,13684,bez pośredników,,7,https://adresowo.pl/o/mieszkanie-warszawa-zoliborz-ul-wladyslawa-broniewskiego-3-pokojowe-d2g2j0,https://s2.adresowa.pl/oi/11/74/3e8108_cba6_cover@2x-3-pokojowe-mieszkanie-warszawa-zoliborz-ul-wladyslawa-broniewskiego.webp
Warszawa Wola,ul. Burakowska,2,40,965000,24125,bez pośredników,,15,https://adresowo.pl/o/mieszkanie-warszawa-wola-ul-burakowska-2-pokojowe-l3m4g1,https://s2.adresowa.pl/oi/31/3c/3e7f92_8bbf_cover@2x-2-pokojowe-mieszkanie-warszawa-wola-ul-burakowska.webp
Warszawa Ochota,ul. Barska,2,40,700000,17500,bez pośredników,,10,https://adresowo.pl/o/mieszkanie-warszawa-ochota-ul-barska-2-pokojowe-t2o7m6,https://s2.adresowa.pl/oi/56/77/3e7ee2_8169_cover@2x-2-pokojowe-mieszkanie-warszawa-ochota-ul-barska.webp
Warszawa Wola,"al. ""Solidarności"" 129",5,66,1200000,18182,Pośrednik,,9,https://adresowo.pl/o/mieszkanie-warszawa-wola-al-solidarnosci-5-pokojowe-f8a0w2,https://s2.adresowa.pl/oi/78/6f/3e9930_5c1f_cover@2x-5-pokojowe-mieszkanie-warszawa-wola-al-solidarnosci-.webp
Warszawa Mokotów,al. Niepodległości,2,52,1099000,21135,Pośrednik,,16,https://adresowo.pl/o/mieszkanie-warszawa-mokotow-al-niepodleglosci-2-pokojowe-q9t0k1,https://s2.adresowa.pl/oi/3a/2c/3e9914_56ae_cover@2x-2-pokojowe-mieszkanie-warszawa-mokotow-al-niepodleglosci.webp
Warszawa Białołęka,ul. Przejezdna,2,47,700000,14894,bez pośredników,,11,https://adresowo.pl/o/mieszkanie-warszawa-bialoleka-ul-przejezdna-2-pokojowe-g4e0o7,https://s2.adresowa.pl/oi/13/76/3e7e9a_5765_cover@2x-2-pokojowe-mieszkanie-warszawa-bialoleka-ul-przejezdna.webp
Warszawa Ursynów,ul. Edwarda Dembowskiego,3,65,999000,15369,bez pośredników,,15,https://adresowo.pl/o/mieszkanie-warszawa-ursynow-ul-edwarda-dembowskiego-3-pokojowe-w0f3i0,https://s2.adresowa.pl/oi/5d/65/3e7cb6_ea36_cover@2x-3-pokojowe-mieszkanie-warszawa-ursynow-ul-edwarda-dembowskiego.webp
Warszawa Śródmieście,ul. Fabryczna,2,38,695000,18289,bez pośredników,,19,https://adresowo.pl/o/mieszkanie-warszawa-srodmiescie-ul-fabryczna-2-pokojowe-z4p4b4,https://s2.adresowa.pl/oi/3c/43/3e7dd4_bdeb_cover@2x-2-pokojowe-mieszkanie-warszawa-srodmiescie-ul-fabryczna.webp
Warszawa Śródmieście,ul. Senatorska,2,36,849000,23583,Pośrednik,,11,https://adresowo.pl/o/mieszkanie-warszawa-srodmiescie-ul-senatorska-2-pokojowe-g9i1f8,https://s2.adresowa.pl/oi/6d/52/3e964a_9ceb_cover@2x-2-pokojowe-mieszkanie-warszawa-srodmiescie-ul-senatorska.webp
Warszawa Bemowo,ul. Edmunda Jana Osmańczyka,2,45,730000,16222,Pośrednik,,6,https://adresowo.pl/o/mieszkanie-warszawa-bemowo-ul-edmunda-jana-osmanczyka-2-pokojowe-m5y8t5,https://s2.adresowa.pl/oi/46/1c/3e952c_9923_cover@2x-2-pokojowe-mieszkanie-warszawa-bemowo-ul-edmunda-jana-osmanczyka.webp
Warszawa Mokotów,ul. Obrzeżna,2,44,932000,21182,bez pośredników,,17,https://adresowo.pl/o/mieszkanie-warszawa-mokotow-ul-obrzezna-2-pokojowe-i3a3a0,https://s2.adresowa.pl/oi/68/41/3e7b9c_5b43_cover@2x-2-pokojowe-mieszkanie-warszawa-mokotow-ul-obrzezna.webp
Warszawa Praga-Południe,ul. Garwolińska,3,40,670000,16750,bez pośredników,,15,https://adresowo.pl/o/mieszkanie-warszawa-praga-poludnie-ul-garwolinska-3-pokojowe-m0k3l2,https://s2.adresowa.pl/oi/50/5c/3e7b72_2ae4_cover@2x-3-pokojowe-mieszkanie-warszawa-praga-poludnie-ul-garwolinska.webp
Warszawa,Służewiec,3,62,1364000,22000,bez pośredników,,8,https://adresowo.pl/o/mieszkanie-warszawa-sluzewiec-3-pokojowe-62-m2-c3o7c8,https://s2.adresowa.pl/oi/21/6e/3e7aae_ea18_cover@2x-3-pokojowe-mieszkanie-warszawa-sluzewiec.webp
Warszawa Wola,ul. Jana Kazimierza 66,2,43,929000,21605,Pośrednik,,14,https://adresowo.pl/o/mieszkanie-warszawa-wola-ul-jana-kazimierza-2-pokojowe-e4z9q0,https://s2.adresowa.pl/oi/55/22/3e94fc_8959_cover@2x-2-pokojowe-mieszkanie-warszawa-wola-ul-jana-kazimierza.webp
Warszawa Marymont,ul. Klaudyny,3,54,780000,14444,Pośrednik,,1,https://adresowo.pl/o/mieszkanie-warszawa-marymont-ul-klaudyny-3-pokojowe-k0b4k7,https://s2.adresowa.pl/oi/3c/5c/3e94f0_29d4_cover@2x-3-pokojowe-mieszkanie-warszawa-marymont-ul-klaudyny.webp
Warszawa Mokotów,ul. Bernardyńska,2,38,729000,19184,bez pośredników,,16,https://adresowo.pl/o/mieszkanie-warszawa-mokotow-ul-bernardynska-2-pokojowe-h3b5j8,https://s2.adresowa.pl/oi/10/71/3e7a20_3ab8_cover@2x-2-pokojowe-mieszkanie-warszawa-mokotow-ul-bernardynska.webp
Warszawa Kabaty,ul. Wąwozowa,2,60,1250000,20833,bez pośredników,,15,https://adresowo.pl/o/mieszkanie-warszawa-kabaty-ul-wawozowa-2-pokojowe-k3k8e6,https://s2.adresowa.pl/oi/24/13/3e79d2_fb0b_cover@2x-2-pokojowe-mieszkanie-warszawa-kabaty-ul-wawozowa.webp
Warszawa Mokotów,ul. Jadźwingów,3,46,799000,17370,bez pośredników,,7,https://adresowo.pl/o/mieszkanie-warszawa-mokotow-ul-jadzwingow-3-pokojowe-c8x0h6,https://s2.adresowa.pl/oi/27/62/3e79c4_a06e_cover@2x-3-pokojowe-mieszkanie-warszawa-mokotow-ul-jadzwingow.webp
Warszawa,Wola,3,60,890000,14833,Pośrednik,,1,https://adresowo.pl/o/mieszkanie-warszawa-wola-3-pokojowe-60-m2-j2m8e6,https://s2.adresowa.pl/oi/3f/5a/3e94e8_9c4d_cover@2x-3-pokojowe-mieszkanie-warszawa-wola.webp
Warszawa Ursus,ul. Tomcia Palucha,2,50,798000,15960,Pośrednik,,17,https://adresowo.pl/o/mieszkanie-warszawa-ursus-ul-tomcia-palucha-2-pokojowe-m4u4i0,https://s2.adresowa.pl/oi/6f/23/3e94d0_5971_cover@2x-2-pokojowe-mieszkanie-warszawa-ursus-ul-tomcia-palucha.webp
Warszawa Bielany,ul. Przy Agorze,2,50,759000,15180,bez pośredników,,8,https://adresowo.pl/o/mieszkanie-warszawa-bielany-ul-przy-agorze-2-pokojowe-a1i4b1,https://s2.adresowa.pl/oi/33/1b/3e7994_53a5_cover@2x-2-pokojowe-mieszkanie-warszawa-bielany-ul-przy-agorze.webp
Warszawa Wola,ul. Jana Kazimierza,2,45,969000,21533,bez pośredników,,1,https://adresowo.pl/o/mieszkanie-warszawa-wola-ul-jana-kazimierza-2-pokojowe-f5a9q5,https://s2.adresowa.pl/oi/23/28/3e7974_41ea_cover@2x-2-pokojowe-mieszkanie-warszawa-wola-ul-jana-kazimierza.webp
Warszawa Mokotów,al. gen. Władysława Sikorskiego,2,47,940000,20000,bez pośredników,,6,https://adresowo.pl/o/mieszkanie-warszawa-mokotow-al-gen-wladyslawa-sikorskiego-2-pokojowe-d2q5s6,https://s2.adresowa.pl/oi/39/60/3e78ae_be14_cover@2x-2-pokojowe-mieszkanie-warszawa-mokotow-al-gen-wladyslawa-sikorskiego.webp
Warszawa Bemowo,ul. mjr. Henryka Sucharskiego,2,29,499000,17207,Pośrednik,,1,https://adresowo.pl/o/mieszkanie-warszawa-bemowo-ul-mjr-henryka-sucharskiego-2-pokojowe-g4r3b3,https://s2.adresowa.pl/oi/1c/57/3e94c8_dd5a_cover@2x-2-pokojowe-mieszkanie-warszawa-bemowo-ul-mjr-henryka-sucharskiego.webp
Warszawa Wola,ul. Grabowska 3,3,59,1183000,20051,Pośrednik,,12,https://adresowo.pl/o/mieszkanie-warszawa-wola-ul-grabowska-3-pokojowe-k8s0a0,https://s2.adresowa.pl/oi/38/4d/3e94ae_338c_cover@2x-3-pokojowe-mieszkanie-warszawa-wola-ul-grabowska.webp
Warszawa,Falenica,2,50,900000,18000,bez pośredników,,10,https://adresowo.pl/o/mieszkanie-warszawa-falenica-2-pokojowe-50-m2-b5u0k1,https://s2.adresowa.pl/oi/7b/78/3e7500_88d1_cover@2x-2-pokojowe-mieszkanie-warszawa-falenica.webp
Warszawa Bielany,ul. Literacka,3,65,1100000,16923,bez pośredników,,8,https://adresowo.pl/o/mieszkanie-warszawa-bielany-ul-literacka-3-pokojowe-w7r8n7,https://s2.adresowa.pl/oi/1b/79/3e7424_99bd_cover@2x-3-pokojowe-mieszkanie-warszawa-bielany-ul-literacka.webp
Warszawa Ursynów,ul. Villardczyków,3,57,985000,17281,bez pośredników,,10,https://adresowo.pl/o/mieszkanie-warszawa-ursynow-ul-villardczykow-3-pokojowe-h6o4x8,https://s2.adresowa.pl/oi/43/61/3e73ba_6e86_cover@2x-3-pokojowe-mieszkanie-warszawa-ursynow-ul-villardczykow.webp
Warszawa Czyste,ul. Marcina Kasprzaka 24A,4,93,2400000,25806,Pośrednik,,12,https://adresowo.pl/o/mieszkanie-warszawa-czyste-ul-marcina-kasprzaka-4-pokojowe-m3z3h3,https://s2.adresowa.pl/oi/56/1c/3e90aa_52dc_cover@2x-4-pokojowe-mieszkanie-warszawa-czyste-ul-marcina-kasprzaka.webp
Warszawa Praga-Północ,ul. 11 Listopada,2,31,630000,20323,Pośrednik,,15,https://adresowo.pl/o/mieszkanie-warszawa-praga-polnoc-ul-11-listopada-2-pokojowe-k4h4o2,https://s2.adresowa.pl/oi/4b/12/3e9068_b939_cover@2x-2-pokojowe-mieszkanie-warszawa-praga-polnoc-ul-11-listopada.webp
Warszawa Żoliborz,ul. Zygmunta Hübnera,2,39,1050000,26923,bez pośredników,,8,https://adresowo.pl/o/mieszkanie-warszawa-zoliborz-ul-zygmunta-hubnera-2-pokojowe-g5i9g6,https://s2.adresowa.pl/oi/76/57/3e7332_35e9_cover@2x-2-pokojowe-mieszkanie-warszawa-zoliborz-ul-zygmunta-hubnera.webp
Warszawa Mokotów,ul. Wołoska,2,38,790000,20789,bez pośredników,,19,https://adresowo.pl/o/mieszkanie-warszawa-mokotow-ul-woloska-2-pokojowe-x3j2d9,https://s2.adresowa.pl/oi/59/46/3e7194_4092_cover@2x-2-pokojowe-mieszkanie-warszawa-mokotow-ul-woloska.webp
Warszawa Sielce,ul. Czerniakowska,1,27,525000,19444,bez pośredników,,13,https://adresowo.pl/o/mieszkanie-warszawa-sielce-ul-czerniakowska-1-pokoj-k3j6a5,https://s2.adresowa.pl/oi/1c/11/3e7168_6a4c_cover@2x-1-pokojowe-mieszkanie-warszawa-sielce-ul-czerniakowska.webp
Warszawa,Praga-Południe,2,44,890000,20227,Pośrednik,,9,https://adresowo.pl/o/mieszkanie-warszawa-praga-poludnie-2-pokojowe-44-m2-y4r0v3,https://s2.adresowa.pl/oi/7e/16/3e9064_b63a_cover@2x-2-pokojowe-mieszkanie-warszawa-praga-poludnie.webp
Warszawa Śródmieście,ul. Aleje Jerozolimskie,3,61,1585000,25984,Pośrednik,,23,https://adresowo.pl/o/mieszkanie-warszawa-srodmiescie-ul-aleje-jerozolimskie-3-pokojowe-d4g9r0,https://s2.adresowa.pl/oi/6c/2a/3e9044_f7c6_cover@2x-3-pokojowe-mieszkanie-warszawa-srodmiescie-ul-aleje-jerozolimskie.webp
Warszawa Białołęka,ul. Arcangela Corellego,2,48,660000,13750,bez pośredników,,18,https://adresowo.pl/o/mieszkanie-warszawa-bialoleka-ul-arcangela-corellego-2-pokojowe-x5p4f4,https://s2.adresowa.pl/oi/2d/37/3e70e4_c8cc_cover@2x-2-pokojowe-mieszkanie-warszawa-bialoleka-ul-arcangela-corellego.webp
Warszawa Wola,ul. Płocka,3,37,730000,19730,bez pośredników,,14,https://adresowo.pl/o/mieszkanie-warszawa-wola-ul-plocka-3-pokojowe-b6x4d8,https://s2.adresowa.pl/oi/10/5b/3e7044_aad4_cover@2x-3-pokojowe-mieszkanie-warszawa-wola-ul-plocka.webp
Warszawa Mokotów,ul. Mahatmy Gandhiego,1,24,500000,20833,bez pośredników,,7,https://adresowo.pl/o/mieszkanie-warszawa-mokotow-ul-mahatmy-gandhiego-1-pokoj-b0j8r3,https://s2.adresowa.pl/oi/75/11/3e6fd6_e594_cover@2x-1-pokojowe-mieszkanie-warszawa-mokotow-ul-mahatmy-gandhiego.webp
Warszawa Bielany,ul. Jana Kochanowskiego,4,66,935000,14167,Pośrednik,,15,https://adresowo.pl/o/mieszkanie-warszawa-bielany-ul-jana-kochanowskiego-4-pokojowe-o3i6c4,https://s2.adresowa.pl/oi/35/28/3e903a_3872_cover@2x-4-pokojowe-mieszkanie-warszawa-bielany-ul-jana-kochanowskiego.webp
Warszawa Praga,ul. Łukowska,2,48,629000,13104,Pośrednik,,19,https://adresowo.pl/o/mieszkanie-warszawa-praga-ul-lukowska-2-pokojowe-v1o4q5,https://s2.adresowa.pl/oi/55/1f/3e901c_7ad2_cover@2x-2-pokojowe-mieszkanie-warszawa-praga-ul-lukowska.webp
Warszawa Mokotów,ul. Mariana Smoluchowskiego,1,31,690000,22258,bez pośredników,,7,https://adresowo.pl/o/mieszkanie-warszawa-mokotow-ul-mariana-smoluchowskiego-1-pokoj-k1n5f0,https://s2.adresowa.pl/oi/35/4d/3e6f42_2ff9_cover@2x-1-pokojowe-mieszkanie-warszawa-mokotow-ul-mariana-smoluchowskiego.webp
Warszawa Mokotów,ul. Wincentego Rzymowskiego,3,82,1380000,16829,bez pośredników,,11,https://adresowo.pl/o/mieszkanie-warszawa-mokotow-ul-wincentego-rzymowskiego-3-pokojowe-e2a7c5,https://s2.adresowa.pl/oi/34/50/3e6f28_8681_cover@2x-3-pokojowe-mieszkanie-warszawa-mokotow-ul-wincentego-rzymowskiego.webp
Warszawa Wawer,ul. Południowa,3,70,899000,12843,bez pośredników,,15,https://adresowo.pl/o/mieszkanie-warszawa-wawer-ul-poludniowa-3-pokojowe-u3x7i9,https://s2.adresowa.pl/oi/13/10/3e6ebc_7441_cover@2x-3-pokojowe-mieszkanie-warszawa-wawer-ul-poludniowa.webp
Warszawa Mokotów,ul. Wiktorska,2,50,950000,19000,Pośrednik,,12,https://adresowo.pl/o/mieszkanie-warszawa-mokotow-ul-wiktorska-2-pokojowe-m9j8c9,https://s2.adresowa.pl/oi/5b/58/3e901a_bda3_cover@2x-2-pokojowe-mieszkanie-warszawa-mokotow-ul-wiktorska.webp
Warszawa Bielany,ul. Bolesława Podczaszyńskiego,1,41,720000,17561,Pośrednik,,12,https://adresowo.pl/o/mieszkanie-warszawa-bielany-ul-boleslawa-podczaszynskiego-1-pokoj-q0v6e1,https://s2.adresowa.pl/oi/69/5d/3e900a_aba5_cover@2x-1-pokojowe-mieszkanie-warszawa-bielany-ul-boleslawa-podczaszynskiego.webp
Warszawa Białołęka,ul. Tajemna,3,69,1160000,16812,bez pośredników,,15,https://adresowo.pl/o/mieszkanie-warszawa-bialoleka-ul-tajemna-3-pokojowe-u8a7b5,https://s2.adresowa.pl/oi/49/17/3e6dfe_ca9c_cover@2x-3-pokojowe-mieszkanie-warszawa-bialoleka-ul-tajemna.webp
Warszawa Gocław,ul. Franciszka Żymirskiego,2,37,690000,18649,bez pośredników,,11,https://adresowo.pl/o/mieszkanie-warszawa-goclaw-ul-franciszka-zymirskiego-2-pokojowe-e7i8s6,https://s2.adresowa.pl/oi/3f/76/3e6d56_b5ab_cover@2x-2-pokojowe-mieszkanie-warszawa-goclaw-ul-franciszka-zymirskiego.webp
Warszawa Żoliborz,ul. ks. Jerzego Popiełuszki,2,56,1250000,22321,bez pośredników,,1,https://adresowo.pl/o/mieszkanie-warszawa-zoliborz-ul-ks-jerzego-popieluszki-2-pokojowe-s2c2y6,https://s2.adresowa.pl/oi/12/7a/3e6ce2_a885_cover@2x-2-pokojowe-mieszkanie-warszawa-zoliborz-ul-ks-jerzego-popieluszki.webp
Warszawa Bielany,ul. Bolesława Podczaszyńskiego,1,26,471600,18138,Pośrednik,,11,https://adresowo.pl/o/mieszkanie-warszawa-bielany-ul-boleslawa-podczaszynskiego-1-pokoj-w1g1d5,https://s2.adresowa.pl/oi/38/2e/3e9008_ede8_cover@2x-1-pokojowe-mieszkanie-warszawa-bielany-ul-boleslawa-podczaszynskiego.webp
Warszawa Ochota,ul. Opaczewska,3,54,1090000,20185,Pośrednik,,14,https://adresowo.pl/o/mieszkanie-warszawa-ochota-ul-opaczewska-3-pokojowe-r0w4z9,https://s2.adresowa.pl/oi/15/16/3e9002_8061_cover@2x-3-pokojowe-mieszkanie-warszawa-ochota-ul-opaczewska.webp
Warszawa Białołęka,ul. Światowida,2,49,799000,16306,bez pośredników,,14,https://adresowo.pl/o/mieszkanie-warszawa-bialoleka-ul-swiatowida-2-pokojowe-u9w3d7,https://s2.adresowa.pl/oi/17/4a/3e6c72_88de_cover@2x-2-pokojowe-mieszkanie-warszawa-bialoleka-ul-swiatowida.webp
Warszawa Ochota,ul. Szczęśliwicka,1,23,590000,25652,bez pośredników,,8,https://adresowo.pl/o/mieszkanie-warszawa-ochota-ul-szczesliwicka-1-pokoj-g4f9h5,https://s2.adresowa.pl/oi/4f/6b/3e6a72_3e2c_cover@2x-1-pokojowe-mieszkanie-warszawa-ochota-ul-szczesliwicka.webp
Warszawa Rembertów,ul. Emilii Gierczak,2,49,597000,12184,bez pośredników,,7,https://adresowo.pl/o/mieszkanie-warszawa-rembertow-ul-emilii-gierczak-2-pokojowe-z7e1l8,https://s2.adresowa.pl/oi/7e/7c/3e6a22_9822_cover@2x-2-pokojowe-mieszkanie-warszawa-rembertow-ul-emilii-gierczak.webp
Warszawa Śródmieście,ul. Lipowa,1,23,610000,26522,Pośrednik,,4,https://adresowo.pl/o/mieszkanie-warszawa-srodmiescie-ul-lipowa-1-pokoj-p2j3t0,https://s2.adresowa.pl/oi/72/20/3e8ed4_83e3_cover@2x-1-pokojowe-mieszkanie-warszawa-srodmiescie-ul-lipowa.webp
Warszawa Włochy,ul. Przedpole,3,75,1100000,14667,Pośrednik,,18,https://adresowo.pl/o/mieszkanie-warszawa-wlochy-ul-przedpole-3-pokojowe-g3u5d8,https://s2.adresowa.pl/oi/1d/7b/3e8eb4_98e4_cover@2x-3-pokojowe-mieszkanie-warszawa-wlochy-ul-przedpole.webp
Warszawa Bródno,ul. Bazyliańska,2,36,609000,16917,bez pośredników,,15,https://adresowo.pl/o/mieszkanie-warszawa-brodno-ul-bazylianska-2-pokojowe-u1p7b9,https://s2.adresowa.pl/oi/39/4a/3e68ce_7458_cover@2x-2-pokojowe-mieszkanie-warszawa-brodno-ul-bazylianska.webp
Warszawa Białołęka,ul. Kiersnowskiego,3,125,1050000,8400,bez pośredników,,3,https://adresowo.pl/o/mieszkanie-warszawa-bialoleka-ul-kiersnowskiego-3-pokojowe-z7e6v5,https://s2.adresowa.pl/oi/24/22/3e6868_751d_cover@2x-3-pokojowe-mieszkanie-warszawa-bialoleka-ul-kiersnowskiego.webp
Warszawa Wola,ul. Mroczna,2,45,890000,19778,bez pośredników,,16,https://adresowo.pl/o/mieszkanie-warszawa-wola-ul-mroczna-2-pokojowe-n4d6o7,https://s2.adresowa.pl/oi/6d/5b/3e67e8_a328_cover@2x-2-pokojowe-mieszkanie-warszawa-wola-ul-mroczna.webp
Warszawa Śródmieście,ul. Górnośląska,2,37,650000,17568,Pośrednik,,19,https://adresowo.pl/o/mieszkanie-warszawa-srodmiescie-ul-gornoslaska-2-pokojowe-o0n4w7,https://s2.adresowa.pl/oi/20/7c/3e8d82_8070_cover@2x-2-pokojowe-mieszkanie-warszawa-srodmiescie-ul-gornoslaska.webp
Warszawa Śródmieście,ul. Piękna,2,50,1799000,35980,Pośrednik,,20,https://adresowo.pl/o/mieszkanie-warszawa-srodmiescie-ul-piekna-2-pokojowe-s4c1v9,https://s2.adresowa.pl/oi/67/78/3e8d20_fdd2_cover@2x-2-pokojowe-mieszkanie-warszawa-srodmiescie-ul-piekna.webp
Warszawa Bemowo,ul. Lazurowa,2,47,670000,14255,bez pośredników,,10,https://adresowo.pl/o/mieszkanie-warszawa-bemowo-ul-lazurowa-2-pokojowe-j7v3w3,https://s2.adresowa.pl/oi/10/15/3e65ce_3de8_cover@2x-2-pokojowe-mieszkanie-warszawa-bemowo-ul-lazurowa.webp
Warszawa Ursus,ul. Walerego Sławka,2,36,559000,15528,bez pośredników,,9,https://adresowo.pl/o/mieszkanie-warszawa-ursus-ul-walerego-slawka-2-pokojowe-y0p3u5,https://s2.adresowa.pl/oi/1f/53/3e65b8_57fe_cover@2x-2-pokojowe-mieszkanie-warszawa-ursus-ul-walerego-slawka.webp
Warszawa Wola,al. Prymasa Tysiąclecia,4,67,999999,14925,bez pośredników,,11,https://adresowo.pl/o/mieszkanie-warszawa-wola-al-prymasa-tysiaclecia-4-pokojowe-p7v0s1,https://s2.adresowa.pl/oi/4e/4d/3e6568_5cf6_cover@2x-4-pokojowe-mieszkanie-warszawa-wola-al-prymasa-tysiaclecia.webp
Warszawa Wawer,ul. Kaszmirowa,4,82,1146500,13982,Pośrednik,,22,https://adresowo.pl/o/mieszkanie-warszawa-wawer-ul-kaszmirowa-4-pokojowe-i2v8n9,https://s2.adresowa.pl/oi/74/3f/3e89e4_4818_cover@2x-4-pokojowe-mieszkanie-warszawa-wawer-ul-kaszmirowa.webp
Warszawa Mokotów,al. Wilanowska,3,77,1887725,24516,Pośrednik,,20,https://adresowo.pl/o/mieszkanie-warszawa-mokotow-al-wilanowska-3-pokojowe-u7i7b4,https://s2.adresowa.pl/oi/1e/43/3e8844_450f_cover@2x-3-pokojowe-mieszkanie-warszawa-mokotow-al-wilanowska.webp
Warszawa Białołęka,ul. Marywilska,3,57,860000,15088,bez pośredników,,12,https://adresowo.pl/o/mieszkanie-warszawa-bialoleka-ul-marywilska-3-pokojowe-y7f0r3,https://s2.adresowa.pl/oi/78/57/3e64da_f66f_cover@2x-3-pokojowe-mieszkanie-warszawa-bialoleka-ul-marywilska.webp
Warszawa Rembertów,ul. Michała Okurzałego,2,48,550000,11458,bez pośredników,,9,https://adresowo.pl/o/mieszkanie-warszawa-rembertow-ul-michala-okurzalego-2-pokojowe-v3e5e2,https://s2.adresowa.pl/oi/72/28/3e630a_5a07_cover@2x-2-pokojowe-mieszkanie-warszawa-rembertow-ul-michala-okurzalego.webp
Warszawa Bielany,ul. Wrzeciono,4,47,899000,19128,bez pośredników,,13,https://adresowo.pl/o/mieszkanie-warszawa-bielany-ul-wrzeciono-4-pokojowe-c7t6l4,https://s2.adresowa.pl/oi/7d/25/3e6290_b680_cover@2x-4-pokojowe-mieszkanie-warszawa-bielany-ul-wrzeciono.webp
Warszawa Wola,ul. Okopowa,2,50,920000,18400,Pośrednik,,7,https://adresowo.pl/o/mieszkanie-warszawa-wola-ul-okopowa-2-pokojowe-l9j4c6,https://s2.adresowa.pl/oi/34/4a/3e8840_6d1b_cover@2x-2-pokojowe-mieszkanie-warszawa-wola-ul-okopowa.webp
Warszawa Białołęka,ul. Marii Callas,3,57,625000,10965,Pośrednik,,5,https://adresowo.pl/o/mieszkanie-warszawa-bialoleka-ul-marii-callas-3-pokojowe-e4f2f8,https://s2.adresowa.pl/oi/76/28/3e87e2_8258_cover@2x-3-pokojowe-mieszkanie-warszawa-bialoleka-ul-marii-callas.webp
Warszawa Bielany,ul. Wojciecha Bogusławskiego,6,70,1239000,17700,bez pośredników,,16,https://adresowo.pl/o/mieszkanie-warszawa-bielany-ul-wojciecha-boguslawskiego-6-pokojowe-e0r3g8,https://s2.adresowa.pl/oi/42/1d/3e628c_be90_cover@2x-6-pokojowe-mieszkanie-warszawa-bielany-ul-wojciecha-boguslawskiego.webp
Warszawa Wola,ul. Karolkowa,2,45,695000,15444,bez pośredników,,1,https://adresowo.pl/o/mieszkanie-warszawa-wola-ul-karolkowa-2-pokojowe-a0y3x6,https://s2.adresowa.pl/oi/1c/2a/3e60a6_a735_cover@2x-2-pokojowe-mieszkanie-warszawa-wola-ul-karolkowa.webp
Warszawa Gocławek,ul. Koprzywiańska,4,77,1386000,18000,bez pośredników,,15,https://adresowo.pl/o/mieszkanie-warszawa-goclawek-ul-koprzywianska-4-pokojowe-z4e3v3,https://s2.adresowa.pl/oi/3f/2a/3e5eec_9629_cover@2x-4-pokojowe-mieszkanie-warszawa-goclawek-ul-koprzywianska.webp
Warszawa Białołęka,ul. Marii Callas,2,46,580000,12609,Pośrednik,,6,https://adresowo.pl/o/mieszkanie-warszawa-bialoleka-ul-marii-callas-2-pokojowe-s6y1t6,https://s2.adresowa.pl/oi/3b/62/3e87de_3138_cover@2x-2-pokojowe-mieszkanie-warszawa-bialoleka-ul-marii-callas.webp
Warszawa Białołęka,ul. Marii Callas,2,40,540000,13500,Pośrednik,,5,https://adresowo.pl/o/mieszkanie-warszawa-bialoleka-ul-marii-callas-2-pokojowe-c6t4h9,https://s2.adresowa.pl/oi/7e/18/3e87dc_c710_cover@2x-2-pokojowe-mieszkanie-warszawa-bialoleka-ul-marii-callas.webp
Warszawa Ursynów,ul. Czerniakowska,4,64,860000,13438,bez pośredników,,7,https://adresowo.pl/o/mieszkanie-warszawa-ursynow-ul-czerniakowska-4-pokojowe-g2r5d0,https://s2.adresowa.pl/oi/53/4d/3e5e96_f0ea_cover@2x-4-pokojowe-mieszkanie-warszawa-ursynow-ul-czerniakowska.webp
Warszawa Wola,ul. Mordechaja Anielewicza,1,26,560000,21538,bez pośredników,,10,https://adresowo.pl/o/mieszkanie-warszawa-wola-ul-mordechaja-anielewicza-1-pokoj-u5f0n8,https://s2.adresowa.pl/oi/23/29/3e5c62_9775_cover@2x-1-pokojowe-mieszkanie-warszawa-wola-ul-mordechaja-anielewicza.webp
Warszawa Gocław,ul. Międzyborska,3,66,1320000,20000,bez pośredników,,3,https://adresowo.pl/o/mieszkanie-warszawa-goclaw-ul-miedzyborska-3-pokojowe-t1v6k9,https://s2.adresowa.pl/oi/70/47/3e5c42_dc2d_cover@2x-3-pokojowe-mieszkanie-warszawa-goclaw-ul-miedzyborska.webp
Warszawa Białołęka,ul. Marii Callas,4,71,750000,10563,Pośrednik,,6,https://adresowo.pl/o/mieszkanie-warszawa-bialoleka-ul-marii-callas-4-pokojowe-d9u4z9,https://s2.adresowa.pl/oi/7c/3d/3e87da_cc1a_cover@2x-4-pokojowe-mieszkanie-warszawa-bialoleka-ul-marii-callas.webp
Warszawa Białołęka,ul. Marii Callas,2,35,455000,13000,Pośrednik,,5,https://adresowo.pl/o/mieszkanie-warszawa-bialoleka-ul-marii-callas-2-pokojowe-s6e9i8,https://s2.adresowa.pl/oi/51/33/3e87d4_2a25_cover@2x-2-pokojowe-mieszkanie-warszawa-bialoleka-ul-marii-callas.webp
Warszawa Wola,ul. Jana Kazimierza,3,66,1497000,22682,bez pośredników,,13,https://adresowo.pl/o/mieszkanie-warszawa-wola-ul-jana-kazimierza-3-pokojowe-f8b3h0,https://s2.adresowa.pl/oi/5d/4a/3e5ba6_a3a7_cover@2x-3-pokojowe-mieszkanie-warszawa-wola-ul-jana-kazimierza.webp
Warszawa Ursus,ul. Skoroszewska,2,56,780000,13929,bez pośredników,,8,https://adresowo.pl/o/mieszkanie-warszawa-ursus-ul-skoroszewska-2-pokojowe-e6t2z4,https://s2.adresowa.pl/oi/61/29/3e5b98_b254_cover@2x-2-pokojowe-mieszkanie-warszawa-ursus-ul-skoroszewska.webp
Warszawa Włochy,ul. ks. Juliana Chrościckiego,2,47,859000,18277,bez pośredników,,20,https://adresowo.pl/o/mieszkanie-warszawa-wlochy-ul-ks-juliana-chroscickiego-2-pokojowe-c4e4e1,https://s2.adresowa.pl/oi/76/25/3e5b96_3a70_cover@2x-2-pokojowe-mieszkanie-warszawa-wlochy-ul-ks-juliana-chroscickiego.webp
Warszawa Białołęka,ul. Pawła Włodkowica 9,3,52,649000,12481,Pośrednik,,5,https://adresowo.pl/o/mieszkanie-warszawa-bialoleka-ul-pawla-wlodkowica-3-pokojowe-o6u7x6,https://s2.adresowa.pl/oi/12/64/3e87d2_c1b6_cover@2x-3-pokojowe-mieszkanie-warszawa-bialoleka-ul-pawla-wlodkowica.webp
Warszawa Białołęka,ul. Talarowa,1,25,449000,17960,Pośrednik,,9,https://adresowo.pl/o/mieszkanie-warszawa-bialoleka-ul-talarowa-1-pokoj-l3r6h0,https://s2.adresowa.pl/oi/12/4d/3e87ac_da16_cover@2x-1-pokojowe-mieszkanie-warszawa-bialoleka-ul-talarowa.webp
Warszawa Białołęka,ul. Głębocka,2,46,759000,16500,bez pośredników,,13,https://adresowo.pl/o/mieszkanie-warszawa-bialoleka-ul-glebocka-2-pokojowe-z1a1w9,https://s2.adresowa.pl/oi/24/6d/3e5b86_cf8c_cover@2x-2-pokojowe-mieszkanie-warszawa-bialoleka-ul-glebocka.webp
Warszawa Nowe Włochy,ul. ks. Juliana Chrościckiego,3,74,1290000,17432,bez pośredników,,20,https://adresowo.pl/o/mieszkanie-warszawa-nowe-wlochy-ul-ks-juliana-chroscickiego-3-pokojowe-f7v7v0,https://s2.adresowa.pl/oi/4e/67/3e5b82_b512_cover@2x-3-pokojowe-mieszkanie-warszawa-nowe-wlochy-ul-ks-juliana-chroscickiego.webp
Warszawa Żerań,ul. Jana Kowalczyka,1,35,595000,17000,bez pośredników,,9,https://adresowo.pl/o/mieszkanie-warszawa-zeran-ul-jana-kowalczyka-1-pokoj-a2g9h2,https://s2.adresowa.pl/oi/63/19/3e5a2a_df9f_cover@2x-1-pokojowe-mieszkanie-warszawa-zeran-ul-jana-kowalczyka.webp
Warszawa Wola,ul. Jana Długosza,2,50,849000,16980,Pośrednik,,9,https://adresowo.pl/o/mieszkanie-warszawa-wola-ul-jana-dlugosza-2-pokojowe-d8z5g7,https://s2.adresowa.pl/oi/54/6a/3e86be_c888_cover@2x-2-pokojowe-mieszkanie-warszawa-wola-ul-jana-dlugosza.webp
Warszawa Białołęka,ul. Pawła Włodkowica 9,2,42,575000,13690,Pośrednik,,6,https://adresowo.pl/o/mieszkanie-warszawa-bialoleka-ul-pawla-wlodkowica-2-pokojowe-u8f7w5,https://s2.adresowa.pl/oi/69/1f/3e8338_b4e1_cover@2x-2-pokojowe-mieszkanie-warszawa-bialoleka-ul-pawla-wlodkowica.webp
Warszawa Muranów,ul. Stawki,2,51,1050000,20588,bez pośredników,,5,https://adresowo.pl/o/mieszkanie-warszawa-muranow-ul-stawki-2-pokojowe-w9i3a3,https://s2.adresowa.pl/oi/30/7e/3e56a8_c48a_cover@2x-2-pokojowe-mieszkanie-warszawa-muranow-ul-stawki.webp
Warszawa Bielany,ul. Przy Agorze,1,34,560000,16471,bez pośredników,,6,https://adresowo.pl/o/mieszkanie-warszawa-bielany-ul-przy-agorze-1-pokoj-b7q2g2,https://s2.adresowa.pl/oi/7c/70/3e545a_75c7_cover@2x-1-pokojowe-mieszkanie-warszawa-bielany-ul-przy-agorze.webp
Warszawa Praga-Południe,ul. Rębkowska,2,36,579000,16083,bez pośredników,,11,https://adresowo.pl/o/mieszkanie-warszawa-praga-poludnie-ul-rebkowska-2-pokojowe-i6h3d5,https://s2.adresowa.pl/oi/10/73/3e53f8_991e_cover@2x-2-pokojowe-mieszkanie-warszawa-praga-poludnie-ul-rebkowska.webp
Warszawa Wola,ul. Marcina Kasprzaka,3,58,1330000,22931,Pośrednik,,4,https://adresowo.pl/o/mieszkanie-warszawa-wola-ul-marcina-kasprzaka-3-pokojowe-h0g9g9,https://s2.adresowa.pl/oi/1d/12/3e80b6_864c_cover@2x-3-pokojowe-mieszkanie-warszawa-wola-ul-marcina-kasprzaka.webp
Warszawa Mokotów,ul. Antoniewska,2,39,655000,16795,Pośrednik,,4,https://adresowo.pl/o/mieszkanie-warszawa-mokotow-ul-antoniewska-2-pokojowe-s1k5g4,https://s2.adresowa.pl/oi/45/44/3e80b0_55e2_cover@2x-2-pokojowe-mieszkanie-warszawa-mokotow-ul-antoniewska.webp
Warszawa Ursus,ul. Aleksandra Prystora 3A,2,51,930000,18235,bez pośredników,,14,https://adresowo.pl/o/mieszkanie-warszawa-ursus-ul-aleksandra-prystora-2-pokojowe-p8n9f9,https://s2.adresowa.pl/oi/5d/4d/3f1d54_ef75_cover@2x-2-pokojowe-mieszkanie-warszawa-ursus-ul-aleksandra-prystora.webp
Warszawa Gocław,ul. Władysława Umińskiego,2,44,750000,17045,bez pośredników,,12,https://adresowo.pl/o/mieszkanie-warszawa-goclaw-ul-wladyslawa-uminskiego-2-pokojowe-a1q5u9,https://s2.adresowa.pl/oi/19/2f/3e53c6_4b10_cover@2x-2-pokojowe-mieszkanie-warszawa-goclaw-ul-wladyslawa-uminskiego.webp
Warszawa Białołęka,ul. Aluzyjna,2,44,580000,13182,bez pośredników,,8,https://adresowo.pl/o/mieszkanie-warszawa-bialoleka-ul-aluzyjna-2-pokojowe-u1n1j5,https://s2.adresowa.pl/oi/22/23/3e530a_6e38_cover@2x-2-pokojowe-mieszkanie-warszawa-bialoleka-ul-aluzyjna.webp
Warszawa Włochy,ul. Jutrzenki,3,60,950000,15833,bez pośredników,,15,https://adresowo.pl/o/mieszkanie-warszawa-wlochy-ul-jutrzenki-3-pokojowe-y3x9f6,https://s2.adresowa.pl/oi/34/48/3e51d6_58ef_cover@2x-3-pokojowe-mieszkanie-warszawa-wlochy-ul-jutrzenki.webp
Warszawa Wesoła,ul. Wspólna 2J,3,55,849000,15436,Pośrednik,,16,https://adresowo.pl/o/mieszkanie-warszawa-wesola-ul-wspolna-3-pokojowe-q0o8x7,https://s2.adresowa.pl/oi/66/45/3e8004_c4fe_cover@2x-3-pokojowe-mieszkanie-warszawa-wesola-ul-wspolna.webp
Warszawa Ursus,ul. Starodęby,2,51,839000,16451,Pośrednik,,16,https://adresowo.pl/o/mieszkanie-warszawa-ursus-ul-starodeby-2-pokojowe-q8h5r2,https://s2.adresowa.pl/oi/72/61/3e7c70_2fab_cover@2x-2-pokojowe-mieszkanie-warszawa-ursus-ul-starodeby.webp
Warszawa Mokotów,ul. Stanisława Kierbedzia,4,70,1659000,23700,bez pośredników,,17,https://adresowo.pl/o/mieszkanie-warszawa-mokotow-ul-stanislawa-kierbedzia-4-pokojowe-o3x2y2,https://s2.adresowa.pl/oi/42/38/3e5062_ffee_cover@2x-4-pokojowe-mieszkanie-warszawa-mokotow-ul-stanislawa-kierbedzia.webp
Warszawa Śródmieście,ul. Pańska,3,46,899000,19543,bez pośredników,,19,https://adresowo.pl/o/mieszkanie-warszawa-srodmiescie-ul-panska-3-pokojowe-i0p0r5,https://s2.adresowa.pl/oi/2e/4f/3e4f9e_cdad_cover@2x-3-pokojowe-mieszkanie-warszawa-srodmiescie-ul-panska.webp
Warszawa Bemowo,ul. Zenona Klemensiewicza,3,64,975000,15234,bez pośredników,,12,https://adresowo.pl/o/mieszkanie-warszawa-bemowo-ul-zenona-klemensiewicza-3-pokojowe-v0m1o5,https://s2.adresowa.pl/oi/77/68/3e4eea_9200_cover@2x-3-pokojowe-mieszkanie-warszawa-bemowo-ul-zenona-klemensiewicza.webp
Warszawa Ursus,ul. Warszawska,3,49,650000,13265,Pośrednik,,8,https://adresowo.pl/o/mieszkanie-warszawa-ursus-ul-warszawska-3-pokojowe-r5f3z9,https://s2.adresowa.pl/oi/46/4b/3e7c0e_f22c_cover@2x-3-pokojowe-mieszkanie-warszawa-ursus-ul-warszawska.webp
Warszawa Ursynów,al. Komisji Edukacji Narodowej,2,53,1112000,20981,Pośrednik,,17,https://adresowo.pl/o/mieszkanie-warszawa-ursynow-al-komisji-edukacji-narodowej-2-pokojowe-d8g9a9,https://s2.adresowa.pl/oi/54/35/3e78e6_51f4_cover@2x-2-pokojowe-mieszkanie-warszawa-ursynow-al-komisji-edukacji-narodowej.webp
Warszawa Ursynów,ul. Nowoursynowska,3,84,1470000,17500,bez pośredników,,8,https://adresowo.pl/o/mieszkanie-warszawa-ursynow-ul-nowoursynowska-3-pokojowe-c5t2l9,https://s2.adresowa.pl/oi/4b/35/3e4ee6_c2aa_cover@2x-3-pokojowe-mieszkanie-warszawa-ursynow-ul-nowoursynowska.webp
Warszawa Ursynów,ul. Alternatywy,2,49,888000,18122,bez pośredników,,20,https://adresowo.pl/o/mieszkanie-warszawa-ursynow-ul-alternatywy-2-pokojowe-x0h3s0,https://s2.adresowa.pl/oi/5f/1f/3e4ee2_b454_cover@2x-2-pokojowe-mieszkanie-warszawa-ursynow-ul-alternatywy.webp
Warszawa Bródno,ul. Władysława Syrokomli,2,42,699000,16643,bez pośredników,,8,https://adresowo.pl/o/mieszkanie-warszawa-brodno-ul-wladyslawa-syrokomli-2-pokojowe-n8o9i8,https://s2.adresowa.pl/oi/2d/56/3e4ec0_ed18_cover@2x-2-pokojowe-mieszkanie-warszawa-brodno-ul-wladyslawa-syrokomli.webp
Warszawa Ursynów,ul. Mandarynki,2,51,795000,15588,Pośrednik,,13,https://adresowo.pl/o/mieszkanie-warszawa-ursynow-ul-mandarynki-2-pokojowe-f2j9m5,https://s2.adresowa.pl/oi/67/2f/3e78d8_c514_cover@2x-2-pokojowe-mieszkanie-warszawa-ursynow-ul-mandarynki.webp
Warszawa Białołęka,ul. Odkryta,2,44,570000,12955,Pośrednik,,11,https://adresowo.pl/o/mieszkanie-warszawa-bialoleka-ul-odkryta-2-pokojowe-n1h7j2,https://s2.adresowa.pl/oi/29/41/3e78c4_d929_cover@2x-2-pokojowe-mieszkanie-warszawa-bialoleka-ul-odkryta.webp
Warszawa Wola,ul. Jana Olbrachta,3,53,980000,18491,bez pośredników,,11,https://adresowo.pl/o/mieszkanie-warszawa-wola-ul-jana-olbrachta-3-pokojowe-e9s5f9,https://s2.adresowa.pl/oi/4b/15/3e4ed4_780f_cover@2x-3-pokojowe-mieszkanie-warszawa-wola-ul-jana-olbrachta.webp
Warszawa Białołęka,ul. Myśliborska,1,31,570000,18387,bez pośredników,,20,https://adresowo.pl/o/mieszkanie-warszawa-bialoleka-ul-mysliborska-1-pokoj-q8l3q2,https://s2.adresowa.pl/oi/3c/49/3e4e96_7f79_cover@2x-1-pokojowe-mieszkanie-warszawa-bialoleka-ul-mysliborska.webp
Warszawa Mokotów,ul. Bukietowa,2,39,729000,18692,bez pośredników,,12,https://adresowo.pl/o/mieszkanie-warszawa-mokotow-ul-bukietowa-2-pokojowe-n7z0z8,https://s2.adresowa.pl/oi/7a/60/3e4dea_394e_cover@2x-2-pokojowe-mieszkanie-warszawa-mokotow-ul-bukietowa.webp
Warszawa Mokotów,ul. Antoniewska,2,39,599000,15359,Pośrednik,,14,https://adresowo.pl/o/mieszkanie-warszawa-mokotow-ul-antoniewska-2-pokojowe-q8c8a1,https://s2.adresowa.pl/oi/39/75/3e78be_c521_cover@2x-2-pokojowe-mieszkanie-warszawa-mokotow-ul-antoniewska.webp
Warszawa Bemowo,ul. mjr. Henryka Sucharskiego,3,52,735000,14135,Pośrednik,,12,https://adresowo.pl/o/mieszkanie-warszawa-bemowo-ul-mjr-henryka-sucharskiego-3-pokojowe-f4w5a5,https://s2.adresowa.pl/oi/56/74/3e7746_7399_cover@2x-3-pokojowe-mieszkanie-warszawa-bemowo-ul-mjr-henryka-sucharskiego.webp
Warszawa Bródno,ul. Wacława Tokarza,2,46,645000,14022,bez pośredników,,7,https://adresowo.pl/o/mieszkanie-warszawa-brodno-ul-waclawa-tokarza-2-pokojowe-p1n2m0,https://s2.adresowa.pl/oi/42/12/3d89b6_6872_cover@2x-2-pokojowe-mieszkanie-warszawa-brodno-ul-waclawa-tokarza.webp
Warszawa Odolany,ul. Marcina Kasprzaka,3,57,1150000,20175,bez pośredników,,14,https://adresowo.pl/o/mieszkanie-warszawa-odolany-ul-marcina-kasprzaka-3-pokojowe-w6o2v8,https://s2.adresowa.pl/oi/27/19/3e4c28_db7e_cover@2x-3-pokojowe-mieszkanie-warszawa-odolany-ul-marcina-kasprzaka.webp
Warszawa Włochy,ul. 1 Sierpnia,3,54,735000,13611,bez pośredników,,8,https://adresowo.pl/o/mieszkanie-warszawa-wlochy-ul-1-sierpnia-3-pokojowe-t2k3s7,https://s2.adresowa.pl/oi/74/50/3e4c74_8157_cover@2x-3-pokojowe-mieszkanie-warszawa-wlochy-ul-1-sierpnia.webp
Warszawa Śródmieście,ul. Czerniakowska 157,3,46,749500,16293,Pośrednik,,19,https://adresowo.pl/o/mieszkanie-warszawa-srodmiescie-ul-czerniakowska-3-pokojowe-l9u0h4,https://s2.adresowa.pl/oi/7e/2f/3e7710_4b4c_cover@2x-3-pokojowe-mieszkanie-warszawa-srodmiescie-ul-czerniakowska.webp
Warszawa,Targówek,2,43,580000,13488,Pośrednik,,10,https://adresowo.pl/o/mieszkanie-warszawa-targowek-2-pokojowe-43-m2-x7r9c2,https://s2.adresowa.pl/oi/15/4c/3e71e2_f830_cover@2x-2-pokojowe-mieszkanie-warszawa-targowek.webp
Warszawa Praga-Południe,ul. Rozłucka,1,21,435000,20714,bez pośredników,,6,https://adresowo.pl/o/mieszkanie-warszawa-praga-poludnie-ul-rozlucka-1-pokoj-k6m2x5,https://s2.adresowa.pl/oi/7f/5d/3e4c2a_4261_cover@2x-1-pokojowe-mieszkanie-warszawa-praga-poludnie-ul-rozlucka.webp
Warszawa Stara Miłosna,ul. Jeździecka,2,49,749999,15306,bez pośredników,,6,https://adresowo.pl/o/mieszkanie-warszawa-stara-milosna-ul-jezdziecka-2-pokojowe-t7q2t8,https://s2.adresowa.pl/oi/53/29/3e4a58_a65b_cover@2x-2-pokojowe-mieszkanie-warszawa-stara-milosna-ul-jezdziecka.webp
Warszawa Bielany,ul. Marymoncka 149,3,54,686000,12704,bez pośredników,,19,https://adresowo.pl/o/mieszkanie-warszawa-bielany-ul-marymoncka-3-pokojowe-z5b2p6,https://s2.adresowa.pl/oi/13/62/3e49d6_a060_cover@2x-3-pokojowe-mieszkanie-warszawa-bielany-ul-marymoncka.webp
Warszawa Mokotów,ul. Komputerowa,2,33,745000,22576,Pośrednik,,13,https://adresowo.pl/o/mieszkanie-warszawa-mokotow-ul-komputerowa-2-pokojowe-k0h9f6,https://s2.adresowa.pl/oi/52/1b/3e71c0_9b3e_cover@2x-2-pokojowe-mieszkanie-warszawa-mokotow-ul-komputerowa.webp
Warszawa Bemowo,ul. Lazurowa,1,28,619000,22107,Pośrednik,,12,https://adresowo.pl/o/mieszkanie-warszawa-bemowo-ul-lazurowa-1-pokoj-i1y2c8,https://s2.adresowa.pl/oi/14/5d/3e6f86_6f43_cover@2x-1-pokojowe-mieszkanie-warszawa-bemowo-ul-lazurowa.webp
Warszawa Włochy,ul. Naukowa,2,53,850000,16038,bez pośredników,,15,https://adresowo.pl/o/mieszkanie-warszawa-wlochy-ul-naukowa-2-pokojowe-z7x6s0,https://s2.adresowa.pl/oi/71/22/3e4786_6f86_cover@2x-2-pokojowe-mieszkanie-warszawa-wlochy-ul-naukowa.webp
Warszawa Białołęka,ul. Aluzyjna,2,44,615000,13977,bez pośredników,,4,https://adresowo.pl/o/mieszkanie-warszawa-bialoleka-ul-aluzyjna-2-pokojowe-b8c7i5,https://s2.adresowa.pl/oi/1a/4e/3e4700_79ae_cover@2x-2-pokojowe-mieszkanie-warszawa-bialoleka-ul-aluzyjna.webp
Warszawa Bielany,ul. Josepha Conrada,3,54,900000,16667,bez pośredników,,7,https://adresowo.pl/o/mieszkanie-warszawa-bielany-ul-josepha-conrada-3-pokojowe-e4n3z3,https://s2.adresowa.pl/oi/43/79/3e46f0_dd17_cover@2x-3-pokojowe-mieszkanie-warszawa-bielany-ul-josepha-conrada.webp
Warszawa,ul. Nugat,4,70,899000,12843,Pośrednik,,11,https://adresowo.pl/o/mieszkanie-warszawa-ul-nugat-4-pokojowe-d8b3b9,https://s2.adresowa.pl/oi/3b/40/3e6d8e_5d74_cover@2x-4-pokojowe-mieszkanie-warszawa-ul-nugat.webp
Warszawa Żoliborz,al. Wojska Polskiego 37,2,46,1120000,24348,Pośrednik,,14,https://adresowo.pl/o/mieszkanie-warszawa-zoliborz-al-wojska-polskiego-2-pokojowe-l2b0i3,https://s2.adresowa.pl/oi/11/58/3e6828_7bb6_cover@2x-2-pokojowe-mieszkanie-warszawa-zoliborz-al-wojska-polskiego.webp
Warszawa Białołęka,ul. Kartograficzna,3,56,729999,13036,bez pośredników,,10,https://adresowo.pl/o/mieszkanie-warszawa-bialoleka-ul-kartograficzna-3-pokojowe-u1o3t1,https://s2.adresowa.pl/oi/61/3b/3e46ae_fd78_cover@2x-3-pokojowe-mieszkanie-warszawa-bialoleka-ul-kartograficzna.webp
Warszawa Saska Kępa,ul. Brazylijska,2,38,749000,19711,bez pośredników,,13,https://adresowo.pl/o/mieszkanie-warszawa-saska-kepa-ul-brazylijska-2-pokojowe-x9h9n9,https://s2.adresowa.pl/oi/67/6e/3e466e_fb03_cover@2x-2-pokojowe-mieszkanie-warszawa-saska-kepa-ul-brazylijska.webp
Warszawa Włochy,ul. Budki Szczęśliwickie,2,45,875500,19456,bez pośredników,,8,https://adresowo.pl/o/mieszkanie-warszawa-wlochy-ul-budki-szczesliwickie-2-pokojowe-a9p4k1,https://s2.adresowa.pl/oi/69/2f/3e4520_d082_cover@2x-2-pokojowe-mieszkanie-warszawa-wlochy-ul-budki-szczesliwickie.webp
Warszawa Wola,ul. Kolejowa 45B,1,41,1235000,30122,Pośrednik,,13,https://adresowo.pl/o/mieszkanie-warszawa-wola-ul-kolejowa-1-pokoj-e3u2y5,https://s2.adresowa.pl/oi/14/26/3e5a78_9bb5_cover@2x-1-pokojowe-mieszkanie-warszawa-wola-ul-kolejowa.webp
Warszawa Mokotów,ul. Iwicka,1,30,600000,20000,Pośrednik,,10,https://adresowo.pl/o/mieszkanie-warszawa-mokotow-ul-iwicka-1-pokoj-q7l1j9,https://s2.adresowa.pl/oi/74/72/3e5a34_b2fe_cover@2x-1-pokojowe-mieszkanie-warszawa-mokotow-ul-iwicka.webp
Warszawa Wawer,ul. Zwoleńska,2,59,900000,15254,bez pośredników,,8,https://adresowo.pl/o/mieszkanie-warszawa-wawer-ul-zwolenska-2-pokojowe-b4k9o9,https://s2.adresowa.pl/oi/59/29/3e44e0_d691_cover@2x-2-pokojowe-mieszkanie-warszawa-wawer-ul-zwolenska.webp
Warszawa Żoliborz,ul. Ludwika Rydygiera,3,72,1999000,27764,bez pośredników,,13,https://adresowo.pl/o/mieszkanie-warszawa-zoliborz-ul-ludwika-rydygiera-3-pokojowe-t9j0l4,https://s2.adresowa.pl/oi/41/43/3e43aa_98de_cover@2x-3-pokojowe-mieszkanie-warszawa-zoliborz-ul-ludwika-rydygiera.webp
Warszawa Targówek,ul. Olgierda,3,58,810000,13966,bez pośredników,,12,https://adresowo.pl/o/mieszkanie-warszawa-targowek-ul-olgierda-3-pokojowe-l4e2v1,https://s2.adresowa.pl/oi/2c/7f/3e434a_8ac4_cover@2x-3-pokojowe-mieszkanie-warszawa-targowek-ul-olgierda.webp
Warszawa Bielany,ul. Gwiaździsta,1,32,470000,14688,Pośrednik,,7,https://adresowo.pl/o/mieszkanie-warszawa-bielany-ul-gwiazdzista-1-pokoj-f5j3n7,https://s2.adresowa.pl/oi/2a/72/3e549c_ef6c_cover@2x-1-pokojowe-mieszkanie-warszawa-bielany-ul-gwiazdzista.webp
Warszawa Śródmieście,ul. Hoża 55,2,54,1779000,32944,Pośrednik,,16,https://adresowo.pl/o/mieszkanie-warszawa-srodmiescie-ul-hoza-2-pokojowe-g1n7h3,https://s2.adresowa.pl/oi/18/71/3e5484_4fc8_cover@2x-2-pokojowe-mieszkanie-warszawa-srodmiescie-ul-hoza.webp
Warszawa Śródmieście,ul. Ogrodowa,3,48,740000,15417,bez pośredników,,4,https://adresowo.pl/o/mieszkanie-warszawa-srodmiescie-ul-ogrodowa-3-pokojowe-v5l1f4,https://s2.adresowa.pl/oi/23/4d/3e41ee_803e_cover@2x-3-pokojowe-mieszkanie-warszawa-srodmiescie-ul-ogrodowa.webp
Warszawa Bemowo,ul. Rozłogi,3,58,839000,14466,bez pośredników,,8,https://adresowo.pl/o/mieszkanie-warszawa-bemowo-ul-rozlogi-3-pokojowe-r6h6u5,https://s2.adresowa.pl/oi/7f/70/3e4122_b7fa_cover@2x-3-pokojowe-mieszkanie-warszawa-bemowo-ul-rozlogi.webp
Warszawa Nowe Miasto,ul. Zakroczymska,3,46,1248000,27130,bez pośredników,,14,https://adresowo.pl/o/mieszkanie-warszawa-nowe-miasto-ul-zakroczymska-3-pokojowe-k9h3l0,https://s2.adresowa.pl/oi/5e/40/3e40ce_4e55_cover@2x-3-pokojowe-mieszkanie-warszawa-nowe-miasto-ul-zakroczymska.webp
Warszawa Praga-Północ,ul. Łochowska,1,26,505000,19423,Pośrednik,,5,https://adresowo.pl/o/mieszkanie-warszawa-praga-polnoc-ul-lochowska-1-pokoj-x2g4u5,https://s2.adresowa.pl/oi/65/5b/3e547c_f298_cover@2x-1-pokojowe-mieszkanie-warszawa-praga-polnoc-ul-lochowska.webp
Warszawa Włochy,ul. Wiktoryn,1,28,589050,21038,Pośrednik,,13,https://adresowo.pl/o/mieszkanie-warszawa-wlochy-ul-wiktoryn-1-pokoj-i2v8q8,https://s2.adresowa.pl/oi/32/3b/3e5458_881c_cover@2x-1-pokojowe-mieszkanie-warszawa-wlochy-ul-wiktoryn.webp
Warszawa Wilanów,al. Rzeczypospolitej,1,32,772000,24125,bez pośredników,,1,https://adresowo.pl/o/mieszkanie-warszawa-wilanow-al-rzeczypospolitej-1-pokoj-v7x8u7,https://s2.adresowa.pl/oi/37/59/3e40e0_e2ea_cover@2x-1-pokojowe-mieszkanie-warszawa-wilanow-al-rzeczypospolitej.webp
Warszawa Targówek,ul. Aleksandra Gajkowicza,3,54,799000,14796,bez pośredników,,18,https://adresowo.pl/o/mieszkanie-warszawa-targowek-ul-aleksandra-gajkowicza-3-pokojowe-t5q8o1,https://s2.adresowa.pl/oi/39/34/3e4098_f4a5_cover@2x-3-pokojowe-mieszkanie-warszawa-targowek-ul-aleksandra-gajkowicza.webp
Warszawa Mokotów,ul. Puławska,3,45,730000,16222,bez pośredników,,1,https://adresowo.pl/o/mieszkanie-warszawa-mokotow-ul-pulawska-3-pokojowe-x5j1b9,https://s2.adresowa.pl/oi/6b/2d/3e4048_9f4c_cover@2x-3-pokojowe-mieszkanie-warszawa-mokotow-ul-pulawska.webp
Warszawa,Białołęka,2,34,477854,14055,Pośrednik,,8,https://adresowo.pl/o/mieszkanie-warszawa-bialoleka-2-pokojowe-34-m2-x4p9s6,https://s2.adresowa.pl/oi/73/61/3e5348_eca8_cover@2x-2-pokojowe-mieszkanie-warszawa-bialoleka.webp
Warszawa,Targówek,4,74,1043124,14096,Pośrednik,,18,https://adresowo.pl/o/mieszkanie-warszawa-targowek-4-pokojowe-74-m2-m0v1g0,https://s2.adresowa.pl/oi/70/7e/3e5336_9cf1_cover@2x-4-pokojowe-mieszkanie-warszawa-targowek.webp
Warszawa Bemowo,ul. Powstańców Śląskich,3,68,1258000,18500,bez pośredników,,8,https://adresowo.pl/o/mieszkanie-warszawa-bemowo-ul-powstancow-slaskich-3-pokojowe-g3j0y1,https://s2.adresowa.pl/oi/73/32/3e3fda_7dbb_cover@2x-3-pokojowe-mieszkanie-warszawa-bemowo-ul-powstancow-slaskich.webp
Warszawa Włochy,ul. Płomyka,3,92,1932000,21000,bez pośredników,,20,https://adresowo.pl/o/mieszkanie-warszawa-wlochy-ul-plomyka-3-pokojowe-y9s5v9,https://s2.adresowa.pl/oi/29/59/3e3f7c_c9f8_cover@2x-3-pokojowe-mieszkanie-warszawa-wlochy-ul-plomyka.webp
Warszawa Wawer,ul. Klimontowska,2,49,860000,17551,bez pośredników,,17,https://adresowo.pl/o/mieszkanie-warszawa-wawer-ul-klimontowska-2-pokojowe-f9o6d4,https://s2.adresowa.pl/oi/7a/10/3e3f32_d423_cover@2x-2-pokojowe-mieszkanie-warszawa-wawer-ul-klimontowska.webp
Warszawa,Wola,1,29,1089289,37562,Pośrednik,,11,https://adresowo.pl/o/mieszkanie-warszawa-wola-1-pokoj-29-m2-d6h2q4,https://s2.adresowa.pl/oi/2a/2c/3e5330_a86b_cover@2x-1-pokojowe-mieszkanie-warszawa-wola.webp
Warszawa Ursynów,ul. Witolda Małcużyńskiego,3,63,1030000,16349,Pośrednik,,12,https://adresowo.pl/o/mieszkanie-warszawa-ursynow-ul-witolda-malcuzynskiego-3-pokojowe-s3k2e7,https://s2.adresowa.pl/oi/32/20/3e52a6_52a6_cover@2x-3-pokojowe-mieszkanie-warszawa-ursynow-ul-witolda-malcuzynskiego.webp
Warszawa Gocław,ul. Eugeniusza Kwiatkowskiego,4,98,2150000,21939,bez pośredników,,12,https://adresowo.pl/o/mieszkanie-warszawa-goclaw-ul-eugeniusza-kwiatkowskiego-4-pokojowe-e9n7m2,https://s2.adresowa.pl/oi/3d/77/3e3eea_3c97_cover@2x-4-pokojowe-mieszkanie-warszawa-goclaw-ul-eugeniusza-kwiatkowskiego.webp
Warszawa Ursus,ul. Elżbiety Rakuszanki,2,54,850000,15741,bez pośredników,,8,https://adresowo.pl/o/mieszkanie-warszawa-ursus-ul-elzbiety-rakuszanki-2-pokojowe-w3y7n7,https://s2.adresowa.pl/oi/2b/3f/3e3ed0_2bd9_cover@2x-2-pokojowe-mieszkanie-warszawa-ursus-ul-elzbiety-rakuszanki.webp
Warszawa Wola,ul. Żelazna,2,38,690000,18158,bez pośredników,,5,https://adresowo.pl/o/mieszkanie-warszawa-wola-ul-zelazna-2-pokojowe-a7v7a3,https://s2.adresowa.pl/oi/4d/1d/3e3e84_b942_cover@2x-2-pokojowe-mieszkanie-warszawa-wola-ul-zelazna.webp
Warszawa Ursynów,ul. Kłobucka,4,72,1194930,16596,Pośrednik,,3,https://adresowo.pl/o/mieszkanie-warszawa-ursynow-ul-klobucka-4-pokojowe-g8r6d2,https://s2.adresowa.pl/oi/7f/6e/3e5296_c448_cover@2x-4-pokojowe-mieszkanie-warszawa-ursynow-ul-klobucka.webp
Warszawa Muranów,ul. Mordechaja Anielewicza 4,2,33,699000,21182,Pośrednik,,10,https://adresowo.pl/o/mieszkanie-warszawa-muranow-ul-mordechaja-anielewicza-2-pokojowe-g2t2w4,https://s2.adresowa.pl/oi/72/48/3e5278_9d7b_cover@2x-2-pokojowe-mieszkanie-warszawa-muranow-ul-mordechaja-anielewicza.webp
Warszawa Marymont,ul. Marymoncka,2,38,717777,18889,bez pośredników,,11,https://adresowo.pl/o/mieszkanie-warszawa-marymont-ul-marymoncka-2-pokojowe-b4g2t8,https://s2.adresowa.pl/oi/24/62/3e3e50_9c21_cover@2x-2-pokojowe-mieszkanie-warszawa-marymont-ul-marymoncka.webp
Warszawa,Białołęka,3,88,967900,10999,bez pośredników,,20,https://adresowo.pl/o/mieszkanie-warszawa-bialoleka-3-pokojowe-88-m2-f6e2x9,https://s2.adresowa.pl/oi/31/1c/3e3d66_9f0d_cover@2x-3-pokojowe-mieszkanie-warszawa-bialoleka.webp
Warszawa Wola,ul. Chłodna,2,38,670000,17632,bez pośredników,,18,https://adresowo.pl/o/mieszkanie-warszawa-wola-ul-chlodna-2-pokojowe-a8j7u0,https://s2.adresowa.pl/oi/5b/50/3e3d22_e7ef_cover@2x-2-pokojowe-mieszkanie-warszawa-wola-ul-chlodna.webp
Warszawa Bielany,ul. Osikowa,2,45,729000,16200,Pośrednik,,7,https://adresowo.pl/o/mieszkanie-warszawa-bielany-ul-osikowa-2-pokojowe-t1b7l1,https://s2.adresowa.pl/oi/5f/57/3e5076_3efe_cover@2x-2-pokojowe-mieszkanie-warszawa-bielany-ul-osikowa.webp
Warszawa Praga-Północ,ul. Jagiellońska 6,3,79,1390000,17595,Pośrednik,,19,https://adresowo.pl/o/mieszkanie-warszawa-praga-polnoc-ul-jagiellonska-3-pokojowe-s3e3r6,https://s2.adresowa.pl/oi/2a/2d/3e5002_b513_cover@2x-3-pokojowe-mieszkanie-warszawa-praga-polnoc-ul-jagiellonska.webp
Warszawa Targówek,ul. Wyszogrodzka,3,48,615000,12812,bez pośredników,,20,https://adresowo.pl/o/mieszkanie-warszawa-targowek-ul-wyszogrodzka-3-pokojowe-c3m6r6,https://s2.adresowa.pl/oi/64/33/3e3d10_b625_cover@2x-3-pokojowe-mieszkanie-warszawa-targowek-ul-wyszogrodzka.webp
Warszawa Praga-Północ,ul. Targowa,2,40,zapytaj,,bez pośredników,,15,https://adresowo.pl/o/mieszkanie-warszawa-praga-polnoc-ul-targowa-2-pokojowe-y2w4i2,https://s2.adresowa.pl/oi/46/75/3e3cb0_b851_cover@2x-2-pokojowe-mieszkanie-warszawa-praga-polnoc-ul-targowa.webp
Warszawa Białołęka,ul. Trakt Nadwiślański,2,33,740000,22424,bez pośredników,,19,https://adresowo.pl/o/mieszkanie-warszawa-bialoleka-ul-trakt-nadwislanski-2-pokojowe-a2o3d6,https://s2.adresowa.pl/oi/39/49/3e3c20_fb0d_cover@2x-2-pokojowe-mieszkanie-warszawa-bialoleka-ul-trakt-nadwislanski.webp
Warszawa Mokotów,ul. Pejzażowa,2,46,949000,20630,Pośrednik,,13,https://adresowo.pl/o/mieszkanie-warszawa-mokotow-ul-pejzazowa-2-pokojowe-i3r7y3,https://s2.adresowa.pl/oi/53/4d/3e4dc6_dcbd_cover@2x-2-pokojowe-mieszkanie-warszawa-mokotow-ul-pejzazowa.webp
Warszawa Ochota,ul. Dorotowska 2,3,60,999900,16665,Pośrednik,,15,https://adresowo.pl/o/mieszkanie-warszawa-ochota-ul-dorotowska-3-pokojowe-r9e6h2,https://s2.adresowa.pl/oi/3b/32/3e4d0c_ff95_cover@2x-3-pokojowe-mieszkanie-warszawa-ochota-ul-dorotowska.webp
Warszawa Bielany,ul. Rudzka,3,62,1595000,25726,bez pośredników,,14,https://adresowo.pl/o/mieszkanie-warszawa-bielany-ul-rudzka-3-pokojowe-u3n9c2,https://s2.adresowa.pl/oi/2e/69/3e3c12_e50d_cover@2x-3-pokojowe-mieszkanie-warszawa-bielany-ul-rudzka.webp
Warszawa Mokotów,ul. Krymska,5,64,864000,13500,bez pośredników,,19,https://adresowo.pl/o/mieszkanie-warszawa-mokotow-ul-krymska-5-pokojowe-t4n4r9,https://s2.adresowa.pl/oi/48/51/3e3b04_62f8_cover@2x-5-pokojowe-mieszkanie-warszawa-mokotow-ul-krymska.webp
Warszawa Białołęka,ul. Myśliborska,2,47,800000,17021,bez pośredników,,19,https://adresowo.pl/o/mieszkanie-warszawa-bialoleka-ul-mysliborska-2-pokojowe-t9d5f0,https://s2.adresowa.pl/oi/10/1a/3e39a8_3bd4_cover@2x-2-pokojowe-mieszkanie-warszawa-bialoleka-ul-mysliborska.webp
Warszawa Mokotów,ul. Bełdan,3,46,786000,17087,Pośrednik,,17,https://adresowo.pl/o/mieszkanie-warszawa-mokotow-ul-beldan-3-pokojowe-d3b9y1,https://s2.adresowa.pl/oi/63/10/3e4c38_443e_cover@2x-3-pokojowe-mieszkanie-warszawa-mokotow-ul-beldan.webp
Warszawa Rembertów,ul. Wspólna,3,58,860000,14828,Pośrednik,,7,https://adresowo.pl/o/mieszkanie-warszawa-rembertow-ul-wspolna-3-pokojowe-q2k8e5,https://s2.adresowa.pl/oi/67/36/3e4baa_52a3_cover@2x-3-pokojowe-mieszkanie-warszawa-rembertow-ul-wspolna.webp
Warszawa Ursus,ul. Silnikowa,2,44,940000,21364,bez pośredników,,11,https://adresowo.pl/o/mieszkanie-warszawa-ursus-ul-silnikowa-2-pokojowe-r9x4y0,https://s2.adresowa.pl/oi/72/6d/3e3914_bd30_cover@2x-2-pokojowe-mieszkanie-warszawa-ursus-ul-silnikowa.webp
Warszawa Rembertów,ul. Admiralska,3,50,739000,14780,bez pośredników,,8,https://adresowo.pl/o/mieszkanie-warszawa-rembertow-ul-admiralska-3-pokojowe-u1a9i7,https://s2.adresowa.pl/oi/35/2f/3e38dc_3440_cover@2x-3-pokojowe-mieszkanie-warszawa-rembertow-ul-admiralska.webp
Warszawa Bemowo,ul. Obrońców Tobruku,1,36,639000,17750,bez pośredników,,14,https://adresowo.pl/o/mieszkanie-warszawa-bemowo-ul-obroncow-tobruku-1-pokoj-b4v7l6,https://s2.adresowa.pl/oi/49/7b/3e38d0_ff2b_cover@2x-1-pokojowe-mieszkanie-warszawa-bemowo-ul-obroncow-tobruku.webp
Warszawa Wola,ul. Fort Wola,4,81,2400000,29630,Pośrednik,,13,https://adresowo.pl/o/mieszkanie-warszawa-wola-ul-fort-wola-4-pokojowe-c7z4v3,https://s2.adresowa.pl/oi/32/6b/3e4bae_cbde_cover@2x-4-pokojowe-mieszkanie-warszawa-wola-ul-fort-wola.webp
Warszawa Włochy,ul. Zbąszyńska 7,3,56,968704,17298,Pośrednik,,13,https://adresowo.pl/o/mieszkanie-warszawa-wlochy-ul-zbaszynska-3-pokojowe-o7x0o6,https://s2.adresowa.pl/oi/38/57/3e4a9e_79a4_cover@2x-3-pokojowe-mieszkanie-warszawa-wlochy-ul-zbaszynska.webp
Warszawa Ursynów,ul. Kazimierza Jeżewskiego,2,36,740000,20556,bez pośredników,,10,https://adresowo.pl/o/mieszkanie-warszawa-ursynow-ul-kazimierza-jezewskiego-2-pokojowe-f2j8m0,https://s2.adresowa.pl/oi/28/40/3e38c4_881d_cover@2x-2-pokojowe-mieszkanie-warszawa-ursynow-ul-kazimierza-jezewskiego.webp
Warszawa Tarchomin,ul. Ceramiczna,2,51,850000,16667,bez pośredników,,9,https://adresowo.pl/o/mieszkanie-warszawa-tarchomin-ul-ceramiczna-2-pokojowe-h9b9v8,https://s2.adresowa.pl/oi/36/35/3e06bc_e7ab_cover@2x-2-pokojowe-mieszkanie-warszawa-tarchomin-ul-ceramiczna.webp
Warszawa Mokotów,ul. Jarosława Dąbrowskiego,3,51,1189000,23314,bez pośredników,,14,https://adresowo.pl/o/mieszkanie-warszawa-mokotow-ul-jaroslawa-dabrowskiego-3-pokojowe-g9b5y1,https://s2.adresowa.pl/oi/31/20/3e3862_4c06_cover@2x-3-pokojowe-mieszkanie-warszawa-mokotow-ul-jaroslawa-dabrowskiego.webp
Warszawa Ursus,ul. Stanisława Bodycha 122,4,97,1128564,11635,Pośrednik,,11,https://adresowo.pl/o/mieszkanie-warszawa-ursus-ul-stanislawa-bodycha-4-pokojowe-n2e6s8,https://s2.adresowa.pl/oi/39/5e/3e4a9c_86f0_cover@2x-4-pokojowe-mieszkanie-warszawa-ursus-ul-stanislawa-bodycha.webp
Warszawa Wola,ul. Leszno,2,46,739000,16065,Pośrednik,,10,https://adresowo.pl/o/mieszkanie-warszawa-wola-ul-leszno-2-pokojowe-d6y1i5,https://s2.adresowa.pl/oi/3a/3a/3e4a46_e153_cover@2x-2-pokojowe-mieszkanie-warszawa-wola-ul-leszno.webp
Warszawa Praga-Południe,ul. Władysława Umińskiego,5,96,1290000,13438,bez pośredników,,21,https://adresowo.pl/o/mieszkanie-warszawa-praga-poludnie-ul-wladyslawa-uminskiego-5-pokojowe-y4x0u0,https://s2.adresowa.pl/oi/6e/46/3e3786_8a8d_cover@2x-5-pokojowe-mieszkanie-warszawa-praga-poludnie-ul-wladyslawa-uminskiego.webp
Warszawa Praga-Południe,ul. Łukowska,2,47,720000,15319,bez pośredników,,9,https://adresowo.pl/o/mieszkanie-warszawa-praga-poludnie-ul-lukowska-2-pokojowe-f6p8f7,https://s2.adresowa.pl/oi/23/30/3e2bdc_7af4_cover@2x-2-pokojowe-mieszkanie-warszawa-praga-poludnie-ul-lukowska.webp
Warszawa Włochy,ul. 1 Sierpnia,3,61,835000,13689,bez pośredników,,14,https://adresowo.pl/o/mieszkanie-warszawa-wlochy-ul-1-sierpnia-3-pokojowe-e3a4z8,https://s2.adresowa.pl/oi/59/41/3e35e2_3d27_cover@2x-3-pokojowe-mieszkanie-warszawa-wlochy-ul-1-sierpnia.webp
Warszawa Mokotów,ul. Etiudy Rewolucyjnej 15,4,56,799000,14268,Pośrednik,,13,https://adresowo.pl/o/mieszkanie-warszawa-mokotow-ul-etiudy-rewolucyjnej-4-pokojowe-a6y8z5,https://s2.adresowa.pl/oi/3a/19/3e4a30_3682_cover@2x-4-pokojowe-mieszkanie-warszawa-mokotow-ul-etiudy-rewolucyjnej.webp
Warszawa Praga-Południe,ul. Łukowska,2,48,640000,13333,Pośrednik,,12,https://adresowo.pl/o/mieszkanie-warszawa-praga-poludnie-ul-lukowska-2-pokojowe-z3p3v0,https://s2.adresowa.pl/oi/16/33/3e4a1c_5ba2_cover@2x-2-pokojowe-mieszkanie-warszawa-praga-poludnie-ul-lukowska.webp
Warszawa Praga-Południe,ul. Szaserów,3,48,699000,14562,bez pośredników,,10,https://adresowo.pl/o/mieszkanie-warszawa-praga-poludnie-ul-szaserow-3-pokojowe-j5d0y4,https://s2.adresowa.pl/oi/43/4b/3e35c8_d9a4_cover@2x-3-pokojowe-mieszkanie-warszawa-praga-poludnie-ul-szaserow.webp
Warszawa Bródno,ul. Piotra Wysockiego,3,53,609000,11491,bez pośredników,,9,https://adresowo.pl/o/mieszkanie-warszawa-brodno-ul-piotra-wysockiego-3-pokojowe-q5k6l9,https://s2.adresowa.pl/oi/3c/6b/3e3458_6b5d_cover@2x-3-pokojowe-mieszkanie-warszawa-brodno-ul-piotra-wysockiego.webp
Warszawa Mokotów,ul. Jana III Sobieskiego,1,23,489000,21261,bez pośredników,,7,https://adresowo.pl/o/mieszkanie-warszawa-mokotow-ul-jana-iii-sobieskiego-1-pokoj-z2d7p5,https://s2.adresowa.pl/oi/3d/2f/3e3342_ba51_cover@2x-1-pokojowe-mieszkanie-warszawa-mokotow-ul-jana-iii-sobieskiego.webp
Warszawa Wola,ul. Grzybowska,3,49,1029000,21000,Pośrednik,,15,https://adresowo.pl/o/mieszkanie-warszawa-wola-ul-grzybowska-3-pokojowe-l9f4f2,https://s2.adresowa.pl/oi/6b/71/3e4a18_8fd0_cover@2x-3-pokojowe-mieszkanie-warszawa-wola-ul-grzybowska.webp
Warszawa Ursus,ul. Stanisława Bodycha 122,5,114,1371600,12032,Pośrednik,,11,https://adresowo.pl/o/mieszkanie-warszawa-ursus-ul-stanislawa-bodycha-5-pokojowe-v4b3u2,https://s2.adresowa.pl/oi/38/2d/3e49ee_e8ed_cover@2x-5-pokojowe-mieszkanie-warszawa-ursus-ul-stanislawa-bodycha.webp
Warszawa Ursynów,ul. Hilarego Koprowskiego,3,55,885000,16091,bez pośredników,,14,https://adresowo.pl/o/mieszkanie-warszawa-ursynow-ul-hilarego-koprowskiego-3-pokojowe-o3f9o0,https://s2.adresowa.pl/oi/69/6a/3e3096_f66c_cover@2x-3-pokojowe-mieszkanie-warszawa-ursynow-ul-hilarego-koprowskiego.webp
Warszawa,Ursus,3,45,650000,14444,bez pośredników,,8,https://adresowo.pl/o/mieszkanie-warszawa-ursus-3-pokojowe-45-m2-b2s3s0,https://s2.adresowa.pl/oi/39/19/3e3022_db63_cover@2x-3-pokojowe-mieszkanie-warszawa-ursus.webp
Warszawa Ochota,ul. Grójecka,1,36,740050,20557,bez pośredników,,11,https://adresowo.pl/o/mieszkanie-warszawa-ochota-ul-grojecka-1-pokoj-v5s6c4,https://s2.adresowa.pl/oi/13/3a/3e2f64_5914_cover@2x-1-pokojowe-mieszkanie-warszawa-ochota-ul-grojecka.webp
Warszawa Mokotów,ul. Bluszczańska,2,55,1059000,19255,Pośrednik,,14,https://adresowo.pl/o/mieszkanie-warszawa-mokotow-ul-bluszczanska-2-pokojowe-q8h4p6,https://s2.adresowa.pl/oi/28/3b/3e4968_633b_cover@2x-2-pokojowe-mieszkanie-warszawa-mokotow-ul-bluszczanska.webp
Warszawa Muranów,ul. Niska 12,3,53,900000,16981,Pośrednik,,14,https://adresowo.pl/o/mieszkanie-warszawa-muranow-ul-niska-3-pokojowe-f3l4p8,https://s2.adresowa.pl/oi/20/6b/3e4818_bdfb_cover@2x-3-pokojowe-mieszkanie-warszawa-muranow-ul-niska.webp
Warszawa,Wola,2,50,820000,16400,bez pośredników,,8,https://adresowo.pl/o/mieszkanie-warszawa-wola-2-pokojowe-50-m2-p1r4o2,https://s2.adresowa.pl/oi/2a/45/3e2f3e_5932_cover@2x-2-pokojowe-mieszkanie-warszawa-wola.webp
Warszawa Wola,ul. Krochmalna,1,33,970000,29394,bez pośredników,,9,https://adresowo.pl/o/mieszkanie-warszawa-wola-ul-krochmalna-1-pokoj-x5o9m1,https://s2.adresowa.pl/oi/50/40/3e2e56_a501_cover@2x-1-pokojowe-mieszkanie-warszawa-wola-ul-krochmalna.webp
Warszawa Wola,ul. Kolejowa,2,46,1209000,26283,bez pośredników,,18,https://adresowo.pl/o/mieszkanie-warszawa-wola-ul-kolejowa-2-pokojowe-i0x9s9,https://s2.adresowa.pl/oi/75/60/3e2d48_7490_cover@2x-2-pokojowe-mieszkanie-warszawa-wola-ul-kolejowa.webp
Warszawa Wola,"al. ""Solidarności""",2,38,1026000,27000,Pośrednik,,18,https://adresowo.pl/o/mieszkanie-warszawa-wola-al-solidarnosci-2-pokojowe-g7e8b4,https://s2.adresowa.pl/oi/68/48/3e47a2_899e_cover@2x-2-pokojowe-mieszkanie-warszawa-wola-al-solidarnosci-.webp
Warszawa Śródmieście,al. Jana Pawła II,2,140,3260000,23286,Pośrednik,,20,https://adresowo.pl/o/mieszkanie-warszawa-srodmiescie-al-jana-pawla-ii-2-pokojowe-v6x3v5,https://s2.adresowa.pl/oi/71/7f/3e4792_9877_cover@2x-2-pokojowe-mieszkanie-warszawa-srodmiescie-al-jana-pawla-ii.webp
Warszawa Wola,al. Jana Pawła II,3,47,899000,19128,bez pośredników,,10,https://adresowo.pl/o/mieszkanie-warszawa-wola-al-jana-pawla-ii-3-pokojowe-x9u4x0,https://s2.adresowa.pl/oi/5c/25/3e2d76_4b23_cover@2x-3-pokojowe-mieszkanie-warszawa-wola-al-jana-pawla-ii.webp
Warszawa Ursynów,ul. Edwarda Warchałowskiego,3,70,950000,13571,bez pośredników,,15,https://adresowo.pl/o/mieszkanie-warszawa-ursynow-ul-edwarda-warchalowskiego-3-pokojowe-w2j1s2,https://s2.adresowa.pl/oi/37/4d/3da8e8_299b_cover@2x-3-pokojowe-mieszkanie-warszawa-ursynow-ul-edwarda-warchalowskiego.webp
Warszawa Bielany,ul. Tomasza Nocznickiego,3,58,1197200,20641,bez pośredników,,11,https://adresowo.pl/o/mieszkanie-warszawa-bielany-ul-tomasza-nocznickiego-3-pokojowe-t6u4n2,https://s2.adresowa.pl/oi/7e/4e/3e2bc8_5374_cover@2x-3-pokojowe-mieszkanie-warszawa-bielany-ul-tomasza-nocznickiego.webp
Warszawa Bemowo,ul. Wrocławska 21A,4,113,1400000,12389,Pośrednik,,20,https://adresowo.pl/o/mieszkanie-warszawa-bemowo-ul-wroclawska-4-pokojowe-t7m4d9,https://s2.adresowa.pl/oi/1a/52/3e4788_87fe_cover@2x-4-pokojowe-mieszkanie-warszawa-bemowo-ul-wroclawska.webp
Warszawa Bródno,ul. Krasiczyńska 2,2,48,629000,13104,Pośrednik,,7,https://adresowo.pl/o/mieszkanie-warszawa-brodno-ul-krasiczynska-2-pokojowe-m8u6g4,https://s2.adresowa.pl/oi/45/51/3e4216_7958_cover@2x-2-pokojowe-mieszkanie-warszawa-brodno-ul-krasiczynska.webp
Warszawa Ursynów,ul. Pieskowa Skała,3,63,1160000,18413,bez pośredników,,8,https://adresowo.pl/o/mieszkanie-warszawa-ursynow-ul-pieskowa-skala-3-pokojowe-j4r4t0,https://s2.adresowa.pl/oi/50/69/3e2abc_93c6_cover@2x-3-pokojowe-mieszkanie-warszawa-ursynow-ul-pieskowa-skala.webp
Warszawa,Grochów,2,37,615000,16622,bez pośredników,,8,https://adresowo.pl/o/mieszkanie-warszawa-grochow-2-pokojowe-37-m2-o1c9b3,https://s2.adresowa.pl/oi/39/1e/3e2828_a545_cover@2x-2-pokojowe-mieszkanie-warszawa-grochow.webp
Warszawa Rembertów,ul. Kramarska,2,49,600000,12245,bez pośredników,,7,https://adresowo.pl/o/mieszkanie-warszawa-rembertow-ul-kramarska-2-pokojowe-c4n5x9,https://s2.adresowa.pl/oi/75/1a/3e27b0_2b7a_cover@2x-2-pokojowe-mieszkanie-warszawa-rembertow-ul-kramarska.webp
Warszawa Ursynów,ul. rtm. Witolda Pileckiego,1,18,373200,20733,Pośrednik,,11,https://adresowo.pl/o/mieszkanie-warszawa-ursynow-ul-rtm-witolda-pileckiego-1-pokoj-t1u8e4,https://s2.adresowa.pl/oi/6d/33/3e4198_d4a7_cover@2x-1-pokojowe-mieszkanie-warszawa-ursynow-ul-rtm-witolda-pileckiego.webp
Warszawa Ursynów,ul. rtm. Witolda Pileckiego,2,35,576938,16484,Pośrednik,,9,https://adresowo.pl/o/mieszkanie-warszawa-ursynow-ul-rtm-witolda-pileckiego-2-pokojowe-t1k9y6,https://s2.adresowa.pl/oi/13/4b/3e4028_b265_cover@2x-2-pokojowe-mieszkanie-warszawa-ursynow-ul-rtm-witolda-pileckiego.webp
Warszawa Wilanów,ul. Herbu Janina,1,30,645000,21500,bez pośredników,,29,https://adresowo.pl/o/mieszkanie-warszawa-wilanow-ul-herbu-janina-1-pokoj-x1s3d0,https://s2.adresowa.pl/oi/68/26/3f23fc_ab69_cover@2x-1-pokojowe-mieszkanie-warszawa-wilanow-ul-herbu-janina.webp
Warszawa Bielany,ul. Władysława Broniewskiego,2,41,650000,15854,bez pośredników,,11,https://adresowo.pl/o/mieszkanie-warszawa-bielany-ul-wladyslawa-broniewskiego-2-pokojowe-y4p1t8,https://s2.adresowa.pl/oi/20/45/3e2534_eeed_cover@2x-2-pokojowe-mieszkanie-warszawa-bielany-ul-wladyslawa-broniewskiego.webp
Warszawa Młynów,ul. Eustachego Tyszkiewicza,2,38,790000,20789,bez pośredników,,8,https://adresowo.pl/o/mieszkanie-warszawa-mlynow-ul-eustachego-tyszkiewicza-2-pokojowe-l0q0k4,https://s2.adresowa.pl/oi/40/7c/3e247a_7648_cover@2x-2-pokojowe-mieszkanie-warszawa-mlynow-ul-eustachego-tyszkiewicza.webp
Warszawa Mokotów,ul. Etiudy Rewolucyjnej,3,48,650000,13542,bez pośredników,,8,https://adresowo.pl/o/mieszkanie-warszawa-mokotow-ul-etiudy-rewolucyjnej-3-pokojowe-e1t1y4,https://s2.adresowa.pl/oi/39/4d/3e23da_a644_cover@2x-3-pokojowe-mieszkanie-warszawa-mokotow-ul-etiudy-rewolucyjnej.webp
Warszawa Ursynów,ul. rtm. Witolda Pileckiego,2,35,565854,16167,Pośrednik,,11,https://adresowo.pl/o/mieszkanie-warszawa-ursynow-ul-rtm-witolda-pileckiego-2-pokojowe-r4e4m2,https://s2.adresowa.pl/oi/38/34/3e4024_a1f6_cover@2x-2-pokojowe-mieszkanie-warszawa-ursynow-ul-rtm-witolda-pileckiego.webp
Warszawa Ochota,ul. Sąchocka,3,65,975000,15000,Pośrednik,,9,https://adresowo.pl/o/mieszkanie-warszawa-ochota-ul-sachocka-3-pokojowe-y4x4e0,https://s2.adresowa.pl/oi/6d/29/3e3ef0_84c4_cover@2x-3-pokojowe-mieszkanie-warszawa-ochota-ul-sachocka.webp
Warszawa Wilanów,ul. Sarmacka,2,68,1280000,18824,bez pośredników,,15,https://adresowo.pl/o/mieszkanie-warszawa-wilanow-ul-sarmacka-2-pokojowe-d4j0o8,https://s2.adresowa.pl/oi/1f/29/3e21f6_ffc7_cover@2x-2-pokojowe-mieszkanie-warszawa-wilanow-ul-sarmacka.webp
Warszawa Śródmieście,ul. Wilcza,3,62,1970000,31774,bez pośredników,,1,https://adresowo.pl/o/mieszkanie-warszawa-srodmiescie-ul-wilcza-3-pokojowe-w2n2i3,https://s2.adresowa.pl/oi/74/7d/3e218c_b65f_cover@2x-3-pokojowe-mieszkanie-warszawa-srodmiescie-ul-wilcza.webp
Warszawa Targówek,ul. Mokra,5,64,870000,13594,bez pośredników,,8,https://adresowo.pl/o/mieszkanie-warszawa-targowek-ul-mokra-5-pokojowe-l4e8w6,https://s2.adresowa.pl/oi/3a/1d/3e2188_ba79_cover@2x-5-pokojowe-mieszkanie-warszawa-targowek-ul-mokra.webp
Warszawa Bielany,ul. Dantego Alighieri,3,63,1070000,16984,Pośrednik,,10,https://adresowo.pl/o/mieszkanie-warszawa-bielany-ul-dantego-alighieri-3-pokojowe-c2r2n1,https://s2.adresowa.pl/oi/19/11/3e3e4a_4503_cover@2x-3-pokojowe-mieszkanie-warszawa-bielany-ul-dantego-alighieri.webp
Warszawa Bemowo,ul. Obrońców Tobruku,2,47,779000,16574,Pośrednik,,11,https://adresowo.pl/o/mieszkanie-warszawa-bemowo-ul-obroncow-tobruku-2-pokojowe-g3k6a3,https://s2.adresowa.pl/oi/6b/5a/3e3abc_f3bd_cover@2x-2-pokojowe-mieszkanie-warszawa-bemowo-ul-obroncow-tobruku.webp
Warszawa Żoliborz,ul. Gwiaździsta,2,59,1185000,20085,bez pośredników,,12,https://adresowo.pl/o/mieszkanie-warszawa-zoliborz-ul-gwiazdzista-2-pokojowe-a9i1u4,https://s2.adresowa.pl/oi/37/14/3e2058_90ef_cover@2x-2-pokojowe-mieszkanie-warszawa-zoliborz-ul-gwiazdzista.webp
Warszawa Mokotów,ul. Studencka,2,55,780000,14182,bez pośredników,,10,https://adresowo.pl/o/mieszkanie-warszawa-mokotow-ul-studencka-2-pokojowe-e6m5m3,https://s2.adresowa.pl/oi/30/1b/3e1ff6_ddd1_cover@2x-2-pokojowe-mieszkanie-warszawa-mokotow-ul-studencka.webp
Warszawa Wawer,ul. Kościuszkowców,2,37,457000,12351,bez pośredników,,9,https://adresowo.pl/o/mieszkanie-warszawa-wawer-ul-kosciuszkowcow-2-pokojowe-a7t1s8,https://s2.adresowa.pl/oi/2c/7a/3d7cd2_a156_cover@2x-2-pokojowe-mieszkanie-warszawa-wawer-ul-kosciuszkowcow.webp
Warszawa Mokotów,ul. Stanisława Kierbedzia,1,37,899900,24322,Pośrednik,,14,https://adresowo.pl/o/mieszkanie-warszawa-mokotow-ul-stanislawa-kierbedzia-1-pokoj-w1e8m5,https://s2.adresowa.pl/oi/70/6d/3e3a42_9d93_cover@2x-1-pokojowe-mieszkanie-warszawa-mokotow-ul-stanislawa-kierbedzia.webp
Warszawa Mokotów,ul. Stanisława Kierbedzia,1,35,915000,26143,Pośrednik,,36,https://adresowo.pl/o/mieszkanie-warszawa-mokotow-ul-stanislawa-kierbedzia-1-pokoj-u3s9y9,https://s2.adresowa.pl/oi/49/73/3e3a3a_963b_cover@2x-1-pokojowe-mieszkanie-warszawa-mokotow-ul-stanislawa-kierbedzia.webp
Warszawa,Wilanów,3,74,1650000,22297,bez pośredników,,3,https://adresowo.pl/o/mieszkanie-warszawa-wilanow-3-pokojowe-74-m2-a3u6b6,https://s2.adresowa.pl/oi/22/64/3e1dfa_da3d_cover@2x-3-pokojowe-mieszkanie-warszawa-wilanow.webp
Warszawa Wilanów,ul. Augustówka,1,30,539000,17967,bez pośredników,,8,https://adresowo.pl/o/mieszkanie-warszawa-wilanow-ul-augustowka-1-pokoj-i1r1o8,https://s2.adresowa.pl/oi/12/59/3e1d6c_9702_cover@2x-1-pokojowe-mieszkanie-warszawa-wilanow-ul-augustowka.webp
Warszawa Śródmieście,ul. Foksal,1,35,949000,27114,bez pośredników,,11,https://adresowo.pl/o/mieszkanie-warszawa-srodmiescie-ul-foksal-1-pokoj-b1b2v4,https://s2.adresowa.pl/oi/17/62/3e1ce8_e959_cover@2x-1-pokojowe-mieszkanie-warszawa-srodmiescie-ul-foksal.webp
Warszawa Mokotów,ul. Stanisława Kierbedzia,2,37,889000,24027,Pośrednik,,22,https://adresowo.pl/o/mieszkanie-warszawa-mokotow-ul-stanislawa-kierbedzia-2-pokojowe-z4p1d2,https://s2.adresowa.pl/oi/2d/35/3e3a2c_3a36_cover@2x-2-pokojowe-mieszkanie-warszawa-mokotow-ul-stanislawa-kierbedzia.webp
Warszawa Bemowo,ul. Górczewska 200,3,61,979000,16049,Pośrednik,,26,https://adresowo.pl/o/mieszkanie-warszawa-bemowo-ul-gorczewska-3-pokojowe-j4x1b4,https://s2.adresowa.pl/oi/10/45/3e3a26_2dee_cover@2x-3-pokojowe-mieszkanie-warszawa-bemowo-ul-gorczewska.webp
Warszawa Augustów,ul. Antoniewska,2,41,819000,19976,bez pośredników,,9,https://adresowo.pl/o/mieszkanie-warszawa-augustow-ul-antoniewska-2-pokojowe-z8m8j7,https://s2.adresowa.pl/oi/64/2b/3e1c5c_a21c_cover@2x-2-pokojowe-mieszkanie-warszawa-augustow-ul-antoniewska.webp
Warszawa Śródmieście,ul. Pereca,3,48,780000,16250,bez pośredników,,11,https://adresowo.pl/o/mieszkanie-warszawa-srodmiescie-ul-pereca-3-pokojowe-c9g1r0,https://s2.adresowa.pl/oi/29/5c/3e1b96_6677_cover@2x-3-pokojowe-mieszkanie-warszawa-srodmiescie-ul-pereca.webp
Warszawa Białołęka,ul. Krzyżówki,2,46,880000,19130,bez pośredników,,18,https://adresowo.pl/o/mieszkanie-warszawa-bialoleka-ul-krzyzowki-2-pokojowe-v9k5u1,https://s2.adresowa.pl/oi/2d/3a/3e1b88_7759_cover@2x-2-pokojowe-mieszkanie-warszawa-bialoleka-ul-krzyzowki.webp
Warszawa Mokotów,ul. Stanisława Kierbedzia,2,33,807000,24455,Pośrednik,,23,https://adresowo.pl/o/mieszkanie-warszawa-mokotow-ul-stanislawa-kierbedzia-2-pokojowe-m1j0u6,https://s2.adresowa.pl/oi/59/52/3e39f8_393f_cover@2x-2-pokojowe-mieszkanie-warszawa-mokotow-ul-stanislawa-kierbedzia.webp
Warszawa Mokotów,ul. Stanisława Kierbedzia,1,34,823000,24206,Pośrednik,,22,https://adresowo.pl/o/mieszkanie-warszawa-mokotow-ul-stanislawa-kierbedzia-1-pokoj-h6e9h6,https://s2.adresowa.pl/oi/5e/35/3e39f4_62a5_cover@2x-1-pokojowe-mieszkanie-warszawa-mokotow-ul-stanislawa-kierbedzia.webp
Warszawa Białołęka,ul. Marii Callas,2,48,620000,12917,bez pośredników,,1,https://adresowo.pl/o/mieszkanie-warszawa-bialoleka-ul-marii-callas-2-pokojowe-v2p5p9,https://s2.adresowa.pl/oi/67/43/3e1b20_78a5_cover@2x-2-pokojowe-mieszkanie-warszawa-bialoleka-ul-marii-callas.webp
Warszawa Mirów,ul. Wronia,3,85,2469000,29047,bez pośredników,,21,https://adresowo.pl/o/mieszkanie-warszawa-mirow-ul-wronia-3-pokojowe-q2d9i8,https://s2.adresowa.pl/oi/72/36/3e1aec_7bb8_cover@2x-3-pokojowe-mieszkanie-warszawa-mirow-ul-wronia.webp
Warszawa Ursus,ul. Edwarda Habicha,2,38,740000,19474,bez pośredników,,19,https://adresowo.pl/o/mieszkanie-warszawa-ursus-ul-edwarda-habicha-2-pokojowe-d1u0s2,https://s2.adresowa.pl/oi/22/10/3e1a90_ff7a_cover@2x-2-pokojowe-mieszkanie-warszawa-ursus-ul-edwarda-habicha.webp
Warszawa,ul. Puławska 11,3,72,1099000,15264,Pośrednik,,17,https://adresowo.pl/o/mieszkanie-warszawa-ul-pulawska-3-pokojowe-s6l8v6,https://s2.adresowa.pl/oi/1a/36/3e3740_323c_cover@2x-3-pokojowe-mieszkanie-warszawa-ul-pulawska.webp
Warszawa Mokotów,ul. Powsińska,2,38,650000,17105,Pośrednik,,19,https://adresowo.pl/o/mieszkanie-warszawa-mokotow-ul-powsinska-2-pokojowe-y1b6g0,https://s2.adresowa.pl/oi/7e/1e/3e355a_eb98_cover@2x-2-pokojowe-mieszkanie-warszawa-mokotow-ul-powsinska.webp
Warszawa Mokotów,ul. Batumi,2,42,680000,16190,bez pośredników,,9,https://adresowo.pl/o/mieszkanie-warszawa-mokotow-ul-batumi-2-pokojowe-s9t3s6,https://s2.adresowa.pl/oi/28/6c/3e18a0_de46_cover@2x-2-pokojowe-mieszkanie-warszawa-mokotow-ul-batumi.webp
Warszawa Wawer,ul. Mieczysława Pożaryskiego,3,64,1350000,21094,bez pośredników,,5,https://adresowo.pl/o/mieszkanie-warszawa-wawer-ul-mieczyslawa-pozaryskiego-3-pokojowe-m1a0m1,https://s2.adresowa.pl/oi/57/46/3e186c_e85f_cover@2x-3-pokojowe-mieszkanie-warszawa-wawer-ul-mieczyslawa-pozaryskiego.webp
Warszawa Mokotów,ul. Konstruktorska,2,36,830000,23056,bez pośredników,,12,https://adresowo.pl/o/mieszkanie-warszawa-mokotow-ul-konstruktorska-2-pokojowe-h7r1p2,https://s2.adresowa.pl/oi/60/33/3e180e_bb1f_cover@2x-2-pokojowe-mieszkanie-warszawa-mokotow-ul-konstruktorska.webp
Warszawa Ursynów,ul. Puławska,3,91,1399000,15374,Pośrednik,,29,https://adresowo.pl/o/mieszkanie-warszawa-ursynow-ul-pulawska-3-pokojowe-z7o1x9,https://s2.adresowa.pl/oi/7a/62/3e3558_401a_cover@2x-3-pokojowe-mieszkanie-warszawa-ursynow-ul-pulawska.webp
Warszawa Mokotów,"ul. Fabryki ""Tewa"" 7",4,105,3800000,36190,Pośrednik,,21,https://adresowo.pl/o/mieszkanie-warszawa-mokotow-ul-fabryki-tewa-4-pokojowe-g2h3k1,https://s2.adresowa.pl/oi/51/1f/3e352e_3079_cover@2x-4-pokojowe-mieszkanie-warszawa-mokotow-ul-fabryki-tewa-.webp
Warszawa,Śródmieście,3,46,950000,20652,bez pośredników,,17,https://adresowo.pl/o/mieszkanie-warszawa-srodmiescie-3-pokojowe-46-m2-l3u4m9,https://s2.adresowa.pl/oi/23/68/3e17ce_e2c0_cover@2x-3-pokojowe-mieszkanie-warszawa-srodmiescie.webp
Warszawa Śródmieście,ul. Hoża,2,43,1060000,24651,bez pośredników,,1,https://adresowo.pl/o/mieszkanie-warszawa-srodmiescie-ul-hoza-2-pokojowe-t3c9o9,https://s2.adresowa.pl/oi/47/20/3e17c0_7c9e_cover@2x-2-pokojowe-mieszkanie-warszawa-srodmiescie-ul-hoza.webp
Warszawa Białołęka,ul. Szlachecka,3,51,830000,16275,bez pośredników,,20,https://adresowo.pl/o/mieszkanie-warszawa-bialoleka-ul-szlachecka-3-pokojowe-z9r5t4,https://s2.adresowa.pl/oi/57/4a/3e16f0_b968_cover@2x-3-pokojowe-mieszkanie-warszawa-bialoleka-ul-szlachecka.webp
Warszawa Praga-Południe,ul. Ostrobramska,2,60,1050000,17500,Pośrednik,,19,https://adresowo.pl/o/mieszkanie-warszawa-praga-poludnie-ul-ostrobramska-2-pokojowe-t0z0o4,https://s2.adresowa.pl/oi/5e/23/3e351c_8302_cover@2x-2-pokojowe-mieszkanie-warszawa-praga-poludnie-ul-ostrobramska.webp
Warszawa Praga-Południe,ul. Przeworska,3,57,1100000,19298,Pośrednik,,17,https://adresowo.pl/o/mieszkanie-warszawa-praga-poludnie-ul-przeworska-3-pokojowe-h4t7q8,https://s2.adresowa.pl/oi/6d/49/3e351a_6914_cover@2x-3-pokojowe-mieszkanie-warszawa-praga-poludnie-ul-przeworska.webp
Warszawa Ursynów,"ul. Mariana Sengera ""Cichego""",3,59,1150000,19492,bez pośredników,,12,https://adresowo.pl/o/mieszkanie-warszawa-ursynow-ul-mariana-sengera-cichego-3-pokojowe-d6p3u2,https://s2.adresowa.pl/oi/11/70/3e16e8_33dd_cover@2x-3-pokojowe-mieszkanie-warszawa-ursynow-ul-mariana-sengera-cichego-.webp
Warszawa Mokotów,ul. Bobrowiecka 3,3,92,1840000,20000,bez pośredników,,19,https://adresowo.pl/o/mieszkanie-warszawa-mokotow-ul-bobrowiecka-3-pokojowe-p2a6l7,https://s2.adresowa.pl/oi/50/12/3e166e_3132_cover@2x-3-pokojowe-mieszkanie-warszawa-mokotow-ul-bobrowiecka.webp
Warszawa Śródmieście,ul. Puławska 11,1,26,515000,19808,bez pośredników,,15,https://adresowo.pl/o/mieszkanie-warszawa-srodmiescie-ul-pulawska-1-pokoj-l8w6s7,https://s2.adresowa.pl/oi/5b/1b/3e1652_676b_cover@2x-1-pokojowe-mieszkanie-warszawa-srodmiescie-ul-pulawska.webp
Warszawa,ul. Stefana Batorego,3,48,769000,16021,Pośrednik,,20,https://adresowo.pl/o/mieszkanie-warszawa-ul-stefana-batorego-3-pokojowe-m5p0d6,https://s2.adresowa.pl/oi/62/66/3e3512_31c8_cover@2x-3-pokojowe-mieszkanie-warszawa-ul-stefana-batorego.webp
Warszawa Ochota,ul. Mołdawska,2,62,950000,15323,Pośrednik,,14,https://adresowo.pl/o/mieszkanie-warszawa-ochota-ul-moldawska-2-pokojowe-j2j8g7,https://s2.adresowa.pl/oi/7f/74/3e3506_b1d5_cover@2x-2-pokojowe-mieszkanie-warszawa-ochota-ul-moldawska.webp
Warszawa Praga-Północ,ul. Siedlecka,2,50,719000,14380,bez pośredników,,5,https://adresowo.pl/o/mieszkanie-warszawa-praga-polnoc-ul-siedlecka-2-pokojowe-z4m1m0,https://s2.adresowa.pl/oi/38/4e/3e1582_9e4c_cover@2x-2-pokojowe-mieszkanie-warszawa-praga-polnoc-ul-siedlecka.webp
Warszawa Bielany,ul. Wrzeciono,1,27,495000,18333,bez pośredników,,16,https://adresowo.pl/o/mieszkanie-warszawa-bielany-ul-wrzeciono-1-pokoj-p7t1l4,https://s2.adresowa.pl/oi/2e/7b/3e12ea_5dda_cover@2x-1-pokojowe-mieszkanie-warszawa-bielany-ul-wrzeciono.webp
Warszawa Mokotów,ul. Bartycka,2,47,795000,16915,bez pośredników,,9,https://adresowo.pl/o/mieszkanie-warszawa-mokotow-ul-bartycka-2-pokojowe-z3u5s4,https://s2.adresowa.pl/oi/21/76/3e11de_b557_cover@2x-2-pokojowe-mieszkanie-warszawa-mokotow-ul-bartycka.webp
Warszawa Włochy,al. Dwudziestolatków,3,47,687700,14632,Pośrednik,,15,https://adresowo.pl/o/mieszkanie-warszawa-wlochy-al-dwudziestolatkow-3-pokojowe-v6r7w4,https://s2.adresowa.pl/oi/6e/43/3e3504_5521_cover@2x-3-pokojowe-mieszkanie-warszawa-wlochy-al-dwudziestolatkow.webp
Warszawa Wola,ul. Pustola 30B,2,38,660000,17368,Pośrednik,,11,https://adresowo.pl/o/mieszkanie-warszawa-wola-ul-pustola-2-pokojowe-n8s8f2,https://s2.adresowa.pl/oi/32/14/3e338a_d9d5_cover@2x-2-pokojowe-mieszkanie-warszawa-wola-ul-pustola.webp
Warszawa Mokotów,ul. Bolesława Limanowskiego,5,99,1420000,14343,bez pośredników,,19,https://adresowo.pl/o/mieszkanie-warszawa-mokotow-ul-boleslawa-limanowskiego-5-pokojowe-c4g2n0,https://s2.adresowa.pl/oi/57/70/3e0fa8_2adf_cover@2x-5-pokojowe-mieszkanie-warszawa-mokotow-ul-boleslawa-limanowskiego.webp
Warszawa Wawer,ul. Korkowa,3,60,997000,16617,bez pośredników,,15,https://adresowo.pl/o/mieszkanie-warszawa-wawer-ul-korkowa-3-pokojowe-y5e2y2,https://s2.adresowa.pl/oi/37/5c/3e0efc_e1fe_cover@2x-3-pokojowe-mieszkanie-warszawa-wawer-ul-korkowa.webp
Warszawa Ochota,ul. Bitwy Warszawskiej 1920 r.,2,34,790000,23235,bez pośredników,,13,https://adresowo.pl/o/mieszkanie-warszawa-ochota-ul-bitwy-warszawskiej-1920-r-2-pokojowe-k1g1p0,https://s2.adresowa.pl/oi/73/6d/3e0ee4_7ff9_cover@2x-2-pokojowe-mieszkanie-warszawa-ochota-ul-bitwy-warszawskiej-1920-r-.webp
Warszawa Włochy,ul. Zbąszyńska,3,56,968704,17298,Pośrednik,,9,https://adresowo.pl/o/mieszkanie-warszawa-wlochy-ul-zbaszynska-3-pokojowe-t4r1b1,https://s2.adresowa.pl/oi/2e/6f/3e3386_2e5e_cover@2x-3-pokojowe-mieszkanie-warszawa-wlochy-ul-zbaszynska.webp
Warszawa Mokotów,ul. Rajska,4,118,2250000,19068,Pośrednik,,22,https://adresowo.pl/o/mieszkanie-warszawa-mokotow-ul-rajska-4-pokojowe-w0h5p3,https://s2.adresowa.pl/oi/66/1d/3e3382_fa52_cover@2x-4-pokojowe-mieszkanie-warszawa-mokotow-ul-rajska.webp
Warszawa,Rembertów,4,89,1649000,18528,bez pośredników,,20,https://adresowo.pl/o/mieszkanie-warszawa-rembertow-4-pokojowe-89-m2-o2y7r3,https://s2.adresowa.pl/oi/49/65/3e0ec8_7f3c_cover@2x-4-pokojowe-mieszkanie-warszawa-rembertow.webp
Warszawa Praga-Północ,ul. Stanisława Witkiewicza,1,34,500000,14706,bez pośredników,,8,https://adresowo.pl/o/mieszkanie-warszawa-praga-polnoc-ul-stanislawa-witkiewicza-1-pokoj-u0p6j3,https://s2.adresowa.pl/oi/11/3c/3e0bec_c97a_cover@2x-1-pokojowe-mieszkanie-warszawa-praga-polnoc-ul-stanislawa-witkiewicza.webp
Warszawa Białołęka,ul. Mochtyńska,2,40,570000,14250,bez pośredników,,9,https://adresowo.pl/o/mieszkanie-warszawa-bialoleka-ul-mochtynska-2-pokojowe-t9l0v8,https://s2.adresowa.pl/oi/17/5e/3e0b38_eff2_cover@2x-2-pokojowe-mieszkanie-warszawa-bialoleka-ul-mochtynska.webp
Warszawa Śródmieście,ul. Śniadeckich,1,46,990000,21522,Pośrednik,,6,https://adresowo.pl/o/mieszkanie-warszawa-srodmiescie-ul-sniadeckich-1-pokoj-h5m6u7,https://s2.adresowa.pl/oi/5e/6b/3e3362_cc55_cover@2x-1-pokojowe-mieszkanie-warszawa-srodmiescie-ul-sniadeckich.webp
Warszawa Żoliborz,ul. Jasnodworska 10,3,47,690000,14681,Pośrednik,,25,https://adresowo.pl/o/mieszkanie-warszawa-zoliborz-ul-jasnodworska-3-pokojowe-r9t6n0,https://s2.adresowa.pl/oi/22/43/3e3214_c7c8_cover@2x-3-pokojowe-mieszkanie-warszawa-zoliborz-ul-jasnodworska.webp
Warszawa Praga-Północ,ul. Stefana Starzyńskiego,2,46,800000,17391,bez pośredników,,6,https://adresowo.pl/o/mieszkanie-warszawa-praga-polnoc-ul-stefana-starzynskiego-2-pokojowe-k0v9j9,https://s2.adresowa.pl/oi/37/1b/3e0a38_35f4_cover@2x-2-pokojowe-mieszkanie-warszawa-praga-polnoc-ul-stefana-starzynskiego.webp
Warszawa Białołęka,ul. Aleksandra Fleminga,4,70,1200000,17143,bez pośredników,,8,https://adresowo.pl/o/mieszkanie-warszawa-bialoleka-ul-aleksandra-fleminga-4-pokojowe-n2l5a7,https://s2.adresowa.pl/oi/5a/71/3e0928_5b1a_cover@2x-4-pokojowe-mieszkanie-warszawa-bialoleka-ul-aleksandra-fleminga.webp
Warszawa Bielany,ul. Starej Baśni,3,56,798900,14266,bez pośredników,,15,https://adresowo.pl/o/mieszkanie-warszawa-bielany-ul-starej-basni-3-pokojowe-a0t2o3,https://s2.adresowa.pl/oi/58/5c/3e0894_7862_cover@2x-3-pokojowe-mieszkanie-warszawa-bielany-ul-starej-basni.webp
Warszawa Bemowo,ul. Jana Olbrachta,4,87,1200000,13793,Pośrednik,,20,https://adresowo.pl/o/mieszkanie-warszawa-bemowo-ul-jana-olbrachta-4-pokojowe-r7k4l2,https://s2.adresowa.pl/oi/33/3b/3e30d2_aeaf_cover@2x-4-pokojowe-mieszkanie-warszawa-bemowo-ul-jana-olbrachta.webp
Warszawa Śródmieście,ul. Wspólna,2,48,1199000,24979,Pośrednik,,19,https://adresowo.pl/o/mieszkanie-warszawa-srodmiescie-ul-wspolna-2-pokojowe-q5x6e8,https://s2.adresowa.pl/oi/3b/76/3e2f12_a326_cover@2x-2-pokojowe-mieszkanie-warszawa-srodmiescie-ul-wspolna.webp
Warszawa Gocław,ul. Władysława Umińskiego,3,63,899000,14270,bez pośredników,,15,https://adresowo.pl/o/mieszkanie-warszawa-goclaw-ul-wladyslawa-uminskiego-3-pokojowe-o6z6j6,https://s2.adresowa.pl/oi/4e/52/3e087c_2b10_cover@2x-3-pokojowe-mieszkanie-warszawa-goclaw-ul-wladyslawa-uminskiego.webp
Warszawa Targówek,ul. św. Hieronima,3,46,689000,14978,bez pośredników,,9,https://adresowo.pl/o/mieszkanie-warszawa-targowek-ul-sw-hieronima-3-pokojowe-k3s3h9,https://s2.adresowa.pl/oi/7f/55/3e085c_96b6_cover@2x-3-pokojowe-mieszkanie-warszawa-targowek-ul-sw-hieronima.webp
Warszawa Rembertów,"al. gen. Antoniego Chruściela ""Montera""",2,45,690000,15333,bez pośredników,,13,https://adresowo.pl/o/mieszkanie-warszawa-rembertow-al-gen-antoniego-chrusciela-montera-2-pokojowe-d8f2s2,https://s2.adresowa.pl/oi/1d/7b/3e07e2_d876_cover@2x-2-pokojowe-mieszkanie-warszawa-rembertow-al-gen-antoniego-chrusciela-montera-.webp
Warszawa Włochy,al. Krakowska,3,54,770000,14259,Pośrednik,,6,https://adresowo.pl/o/mieszkanie-warszawa-wlochy-al-krakowska-3-pokojowe-q5w9z8,https://s2.adresowa.pl/oi/69/48/3e2ee4_893f_cover@2x-3-pokojowe-mieszkanie-warszawa-wlochy-al-krakowska.webp
Warszawa Śródmieście,ul. Tamka,3,71,2078430,29274,Pośrednik,,15,https://adresowo.pl/o/mieszkanie-warszawa-srodmiescie-ul-tamka-3-pokojowe-k2i6u2,https://s2.adresowa.pl/oi/77/54/3e2d96_e4ba_cover@2x-3-pokojowe-mieszkanie-warszawa-srodmiescie-ul-tamka.webp
Warszawa Praga-Północ,ul. Aleksandra Kotsisa,2,46,855000,18587,bez pośredników,,10,https://adresowo.pl/o/mieszkanie-warszawa-praga-polnoc-ul-aleksandra-kotsisa-2-pokojowe-n9n5p6,https://s2.adresowa.pl/oi/6a/79/3e07ce_ab88_cover@2x-2-pokojowe-mieszkanie-warszawa-praga-polnoc-ul-aleksandra-kotsisa.webp
Warszawa Ursus,ul. Henryka Brodatego,3,49,885000,18061,bez pośredników,,21,https://adresowo.pl/o/mieszkanie-warszawa-ursus-ul-henryka-brodatego-3-pokojowe-g2q0g7,https://s2.adresowa.pl/oi/6b/2c/3e0792_b7d8_cover@2x-3-pokojowe-mieszkanie-warszawa-ursus-ul-henryka-brodatego.webp
Warszawa Białołęka,ul. Aluzyjna,2,49,590000,12041,bez pośredników,,20,https://adresowo.pl/o/mieszkanie-warszawa-bialoleka-ul-aluzyjna-2-pokojowe-d9y3e0,https://s2.adresowa.pl/oi/22/10/3e0690_437b_cover@2x-2-pokojowe-mieszkanie-warszawa-bialoleka-ul-aluzyjna.webp
Warszawa Białołęka,ul. Józefa Mehoffera,3,65,858000,13200,Pośrednik,,14,https://adresowo.pl/o/mieszkanie-warszawa-bialoleka-ul-jozefa-mehoffera-3-pokojowe-s0b5j5,https://s2.adresowa.pl/oi/6f/6b/3e2d70_f639_cover@2x-3-pokojowe-mieszkanie-warszawa-bialoleka-ul-jozefa-mehoffera.webp
Warszawa Targówek,ul. Michała Kleofasa Ogińskiego,3,53,612000,11547,Pośrednik,,20,https://adresowo.pl/o/mieszkanie-warszawa-targowek-ul-michala-kleofasa-oginskiego-3-pokojowe-j9n3a1,https://s2.adresowa.pl/oi/68/78/3e2d6e_4713_cover@2x-3-pokojowe-mieszkanie-warszawa-targowek-ul-michala-kleofasa-oginskiego.webp
Warszawa Stegny,ul. Jałtańska,1,32,490000,15312,bez pośredników,,10,https://adresowo.pl/o/mieszkanie-warszawa-stegny-ul-jaltanska-1-pokoj-k0n6u1,https://s2.adresowa.pl/oi/19/44/3e05b6_b73b_cover@2x-1-pokojowe-mieszkanie-warszawa-stegny-ul-jaltanska.webp
Warszawa Służew,ul. Jadźwingów,2,42,669000,15929,bez pośredników,,20,https://adresowo.pl/o/mieszkanie-warszawa-sluzew-ul-jadzwingow-2-pokojowe-n2a0l6,https://s2.adresowa.pl/oi/4a/69/3e0524_c7ef_cover@2x-2-pokojowe-mieszkanie-warszawa-sluzew-ul-jadzwingow.webp
Warszawa Mokotów,ul. Sewastopolska,2,42,605000,14405,bez pośredników,,11,https://adresowo.pl/o/mieszkanie-warszawa-mokotow-ul-sewastopolska-2-pokojowe-j6t3r0,https://s2.adresowa.pl/oi/2f/21/3e0234_d1a2_cover@2x-2-pokojowe-mieszkanie-warszawa-mokotow-ul-sewastopolska.webp
Warszawa Ochota,ul. Pandy,2,52,1020000,19615,Pośrednik,,17,https://adresowo.pl/o/mieszkanie-warszawa-ochota-ul-pandy-2-pokojowe-e3a8a6,https://s2.adresowa.pl/oi/58/4f/3e28e0_800e_cover@2x-2-pokojowe-mieszkanie-warszawa-ochota-ul-pandy.webp
Warszawa Bemowo,ul. Wieśniacza,3,66,999000,15136,Pośrednik,,7,https://adresowo.pl/o/mieszkanie-warszawa-bemowo-ul-wiesniacza-3-pokojowe-p8v9a9,https://s2.adresowa.pl/oi/2c/2b/3e259a_c868_cover@2x-3-pokojowe-mieszkanie-warszawa-bemowo-ul-wiesniacza.webp
Warszawa Targówek,ul. Malborska,2,46,799000,17370,bez pośredników,,12,https://adresowo.pl/o/mieszkanie-warszawa-targowek-ul-malborska-2-pokojowe-w8j4i6,https://s2.adresowa.pl/oi/74/39/3d4408_a100_cover@2x-2-pokojowe-mieszkanie-warszawa-targowek-ul-malborska.webp
Warszawa Bródno,ul. Rembielińska,2,38,590000,15526,bez pośredników,,11,https://adresowo.pl/o/mieszkanie-warszawa-brodno-ul-rembielinska-2-pokojowe-c8s2s7,https://s2.adresowa.pl/oi/15/53/3e009a_3227_cover@2x-2-pokojowe-mieszkanie-warszawa-brodno-ul-rembielinska.webp
Warszawa Bemowo,ul. Borowej Góry,2,42,665000,15833,bez pośredników,,8,https://adresowo.pl/o/mieszkanie-warszawa-bemowo-ul-borowej-gory-2-pokojowe-y9j7m5,https://s2.adresowa.pl/oi/1e/41/3dff30_7ad3_cover@2x-2-pokojowe-mieszkanie-warszawa-bemowo-ul-borowej-gory.webp
Warszawa Ursus,ul. Zagłoby,3,59,890000,15085,Pośrednik,,3,https://adresowo.pl/o/mieszkanie-warszawa-ursus-ul-zagloby-3-pokojowe-g5y3v8,https://s2.adresowa.pl/oi/75/46/3e2344_45be_cover@2x-3-pokojowe-mieszkanie-warszawa-ursus-ul-zagloby.webp
Warszawa Mokotów,ul. Dzikich Jabłoni,2,40,1050000,26250,Pośrednik,,17,https://adresowo.pl/o/mieszkanie-warszawa-mokotow-ul-dzikich-jabloni-2-pokojowe-d3x6l1,https://s2.adresowa.pl/oi/72/44/3e20f6_a592_cover@2x-2-pokojowe-mieszkanie-warszawa-mokotow-ul-dzikich-jabloni.webp
Warszawa Żerań,ul. Krzyżówki,3,69,1200000,17391,bez pośredników,,18,https://adresowo.pl/o/mieszkanie-warszawa-zeran-ul-krzyzowki-3-pokojowe-m6h0v1,https://s2.adresowa.pl/oi/65/59/3dff0c_9a03_cover@2x-3-pokojowe-mieszkanie-warszawa-zeran-ul-krzyzowki.webp
Warszawa Bemowo,ul. Lazurowa,4,82,1180000,14390,bez pośredników,,25,https://adresowo.pl/o/mieszkanie-warszawa-bemowo-ul-lazurowa-4-pokojowe-h8p5a2,https://s2.adresowa.pl/oi/6e/78/3dfef0_f462_cover@2x-4-pokojowe-mieszkanie-warszawa-bemowo-ul-lazurowa.webp
Warszawa Śródmieście,ul. Królewska,2,36,740000,20556,bez pośredników,,20,https://adresowo.pl/o/mieszkanie-warszawa-srodmiescie-ul-krolewska-2-pokojowe-y7h4r0,https://s2.adresowa.pl/oi/4a/3b/3dfe9e_e3d0_cover@2x-2-pokojowe-mieszkanie-warszawa-srodmiescie-ul-krolewska.webp
Warszawa Wola,ul. Rabsztyńska,4,109,1479000,13569,Pośrednik,,20,https://adresowo.pl/o/mieszkanie-warszawa-wola-ul-rabsztynska-4-pokojowe-e9k1d1,https://s2.adresowa.pl/oi/12/51/3e1bce_5348_cover@2x-4-pokojowe-mieszkanie-warszawa-wola-ul-rabsztynska.webp
Warszawa Wola,ul. Kolejowa,3,65,1476000,22708,Pośrednik,,5,https://adresowo.pl/o/mieszkanie-warszawa-wola-ul-kolejowa-3-pokojowe-w5d3s3,https://s2.adresowa.pl/oi/58/74/3e1abc_db49_cover@2x-3-pokojowe-mieszkanie-warszawa-wola-ul-kolejowa.webp
Warszawa Mokotów,ul. Chełmska,3,51,1150000,22549,bez pośredników,,12,https://adresowo.pl/o/mieszkanie-warszawa-mokotow-ul-chelmska-3-pokojowe-x3k7e7,https://s2.adresowa.pl/oi/54/25/3dfe6e_49b1_cover@2x-3-pokojowe-mieszkanie-warszawa-mokotow-ul-chelmska.webp
Warszawa Kabaty,al. Komisji Edukacji Narodowej,1,37,780000,21081,bez pośredników,,1,https://adresowo.pl/o/mieszkanie-warszawa-kabaty-al-komisji-edukacji-narodowej-1-pokoj-m8g0r0,https://s2.adresowa.pl/oi/1f/1d/3dfdda_ab7a_cover@2x-1-pokojowe-mieszkanie-warszawa-kabaty-al-komisji-edukacji-narodowej.webp
Warszawa Wola,ul. Górczewska,1,34,966000,28412,bez pośredników,,4,https://adresowo.pl/o/mieszkanie-warszawa-wola-ul-gorczewska-1-pokoj-v5h4s7,https://s2.adresowa.pl/oi/3e/6f/3dfa4c_c826_cover@2x-1-pokojowe-mieszkanie-warszawa-wola-ul-gorczewska.webp
Warszawa Śródmieście,ul. Marszałkowska,2,66,1650000,25000,Pośrednik,,8,https://adresowo.pl/o/mieszkanie-warszawa-srodmiescie-ul-marszalkowska-2-pokojowe-l3c2r3,https://s2.adresowa.pl/oi/12/1d/3e1aac_7d55_cover@2x-2-pokojowe-mieszkanie-warszawa-srodmiescie-ul-marszalkowska.webp
Warszawa Targówek,ul. Chodecka,2,37,540000,14595,Pośrednik,,5,https://adresowo.pl/o/mieszkanie-warszawa-targowek-ul-chodecka-2-pokojowe-f3e4h6,https://s2.adresowa.pl/oi/14/15/3e194c_f549_cover@2x-2-pokojowe-mieszkanie-warszawa-targowek-ul-chodecka.webp
Warszawa Nowodwory,ul. Światowida,2,53,730000,13774,bez pośredników,,30,https://adresowo.pl/o/mieszkanie-warszawa-nowodwory-ul-swiatowida-2-pokojowe-h1u2e4,https://s2.adresowa.pl/oi/2b/3f/3dfcbe_c519_cover@2x-2-pokojowe-mieszkanie-warszawa-nowodwory-ul-swiatowida.webp
Warszawa Praga-Północ,ul. Ząbkowska,2,31,805797,25993,bez pośredników,,14,https://adresowo.pl/o/mieszkanie-warszawa-praga-polnoc-ul-zabkowska-2-pokojowe-z7k2v4,https://s2.adresowa.pl/oi/71/65/3dfb40_bf10_cover@2x-2-pokojowe-mieszkanie-warszawa-praga-polnoc-ul-zabkowska.webp
Warszawa Ursus,ul. Zygmunta Markerta,3,69,1150000,16667,bez pośredników,,8,https://adresowo.pl/o/mieszkanie-warszawa-ursus-ul-zygmunta-markerta-3-pokojowe-r5q5j1,https://s2.adresowa.pl/oi/26/6f/3dfa72_edc3_cover@2x-3-pokojowe-mieszkanie-warszawa-ursus-ul-zygmunta-markerta.webp
Warszawa Wilanów,ul. Franciszka Klimczaka,3,67,1340000,20000,Pośrednik,,21,https://adresowo.pl/o/mieszkanie-warszawa-wilanow-ul-franciszka-klimczaka-3-pokojowe-j2g9l1,https://s2.adresowa.pl/oi/5c/5e/3e1826_b908_cover@2x-3-pokojowe-mieszkanie-warszawa-wilanow-ul-franciszka-klimczaka.webp
Warszawa,ul. Kryształowa,2,45,788900,17531,Pośrednik,,13,https://adresowo.pl/o/mieszkanie-warszawa-ul-krysztalowa-2-pokojowe-x8m1n5,https://s2.adresowa.pl/oi/5e/14/3e1804_32fb_cover@2x-2-pokojowe-mieszkanie-warszawa-ul-krysztalowa.webp
Warszawa,Sadyba,3,47,680000,14468,bez pośredników,,19,https://adresowo.pl/o/mieszkanie-warszawa-sadyba-3-pokojowe-47-m2-a3z3f6,https://s2.adresowa.pl/oi/12/67/3dfa18_88b3_cover@2x-3-pokojowe-mieszkanie-warszawa-sadyba.webp
Warszawa Wola,ul. Armatnia,2,37,550000,14865,bez pośredników,,7,https://adresowo.pl/o/mieszkanie-warszawa-wola-ul-armatnia-2-pokojowe-s7m7u1,https://s2.adresowa.pl/oi/3b/51/3df7ae_f56b_cover@2x-2-pokojowe-mieszkanie-warszawa-wola-ul-armatnia.webp
Warszawa Dolny Mokotów,ul. Bluszczańska,2,42,899000,21405,bez pośredników,,1,https://adresowo.pl/o/mieszkanie-warszawa-dolny-mokotow-ul-bluszczanska-2-pokojowe-r6j4w8,https://s2.adresowa.pl/oi/64/5a/3df674_e8a9_cover@2x-2-pokojowe-mieszkanie-warszawa-dolny-mokotow-ul-bluszczanska.webp
Warszawa Ursus,ul. Walerego Sławka,2,35,550000,15714,Pośrednik,,8,https://adresowo.pl/o/mieszkanie-warszawa-ursus-ul-walerego-slawka-2-pokojowe-v3f7q0,https://s2.adresowa.pl/oi/5e/54/3e1546_f038_cover@2x-2-pokojowe-mieszkanie-warszawa-ursus-ul-walerego-slawka.webp
Warszawa Praga-Południe,ul. Grenadierów,2,78,1990000,25513,Pośrednik,,11,https://adresowo.pl/o/mieszkanie-warszawa-praga-poludnie-ul-grenadierow-2-pokojowe-o3o4a6,https://s2.adresowa.pl/oi/33/4e/3e148c_a031_cover@2x-2-pokojowe-mieszkanie-warszawa-praga-poludnie-ul-grenadierow.webp
Warszawa,Praga-Południe,3,68,890000,13088,bez pośredników,,9,https://adresowo.pl/o/mieszkanie-warszawa-praga-poludnie-3-pokojowe-68-m2-d8y6k9,https://s2.adresowa.pl/oi/13/77/3df664_29c4_cover@2x-3-pokojowe-mieszkanie-warszawa-praga-poludnie.webp
Warszawa Gocław,ul. gen. Leopolda Okulickiego,2,51,779000,15275,bez pośredników,,8,https://adresowo.pl/o/mieszkanie-warszawa-goclaw-ul-gen-leopolda-okulickiego-2-pokojowe-r7e6x5,https://s2.adresowa.pl/oi/22/6d/3df3d0_55e0_cover@2x-2-pokojowe-mieszkanie-warszawa-goclaw-ul-gen-leopolda-okulickiego.webp
Warszawa Praga-Południe,ul. Jana Nowaka-Jeziorańskiego,2,56,1200000,21429,bez pośredników,,12,https://adresowo.pl/o/mieszkanie-warszawa-praga-poludnie-ul-jana-nowaka-jezioranskiego-2-pokojowe-f1r7f6,https://s2.adresowa.pl/oi/25/6c/3df390_d2b8_cover@2x-2-pokojowe-mieszkanie-warszawa-praga-poludnie-ul-jana-nowaka-jezioranskiego.webp
Warszawa Mokotów,ul. Cypryjska 2A,5,196,3790000,19337,Pośrednik,,20,https://adresowo.pl/o/mieszkanie-warszawa-mokotow-ul-cypryjska-5-pokojowe-c7x2d4,https://s2.adresowa.pl/oi/6d/11/3e13dc_37cf_cover@2x-5-pokojowe-mieszkanie-warszawa-mokotow-ul-cypryjska.webp
Warszawa Włochy,ul. Aleje Jerozolimskie,5,125,2125000,17000,Pośrednik,,18,https://adresowo.pl/o/mieszkanie-warszawa-wlochy-ul-aleje-jerozolimskie-5-pokojowe-b2h7v1,https://s2.adresowa.pl/oi/16/7d/3e1108_8043_cover@2x-5-pokojowe-mieszkanie-warszawa-wlochy-ul-aleje-jerozolimskie.webp
Warszawa Bródno,ul. Warszawski Świt,2,42,780000,18571,bez pośredników,,19,https://adresowo.pl/o/mieszkanie-warszawa-brodno-ul-warszawski-swit-2-pokojowe-m3q7y5,https://s2.adresowa.pl/oi/31/37/3df306_617e_cover@2x-2-pokojowe-mieszkanie-warszawa-brodno-ul-warszawski-swit.webp
Warszawa Praga-Południe,ul. Stalowa,2,40,1150000,28750,bez pośredników,,10,https://adresowo.pl/o/mieszkanie-warszawa-praga-poludnie-ul-stalowa-2-pokojowe-m1b5e9,https://s2.adresowa.pl/oi/74/43/3df2bc_9453_cover@2x-2-pokojowe-mieszkanie-warszawa-praga-poludnie-ul-stalowa.webp
Warszawa,Białołęka,2,51,937000,18373,bez pośredników,,8,https://adresowo.pl/o/mieszkanie-warszawa-bialoleka-2-pokojowe-51-m2-v3s9s3,https://s2.adresowa.pl/oi/52/5a/3df220_96ba_cover@2x-2-pokojowe-mieszkanie-warszawa-bialoleka.webp
Warszawa Mokotów,ul. Wita Stwosza,1,38,851400,22405,Pośrednik,,7,https://adresowo.pl/o/mieszkanie-warszawa-mokotow-ul-wita-stwosza-1-pokoj-s6c3d8,https://s2.adresowa.pl/oi/1d/45/3e1104_e80b_cover@2x-1-pokojowe-mieszkanie-warszawa-mokotow-ul-wita-stwosza.webp
Warszawa Wesoła,ul. Dworkowa,3,81,1093500,13500,Pośrednik,,17,https://adresowo.pl/o/mieszkanie-warszawa-wesola-ul-dworkowa-3-pokojowe-a3g8s2,https://s2.adresowa.pl/oi/73/14/3e1100_5ea8_cover@2x-3-pokojowe-mieszkanie-warszawa-wesola-ul-dworkowa.webp
Warszawa Żoliborz,ul. Sady Żoliborskie,2,52,1035000,19904,bez pośredników,,5,https://adresowo.pl/o/mieszkanie-warszawa-zoliborz-ul-sady-zoliborskie-2-pokojowe-e9u0b4,https://s2.adresowa.pl/oi/7d/2c/3daa3e_2c1b_cover@2x-2-pokojowe-mieszkanie-warszawa-zoliborz-ul-sady-zoliborskie.webp
Warszawa Żoliborz,ul. Adama Mickiewicza,3,57,1050000,18421,bez pośredników,,15,https://adresowo.pl/o/mieszkanie-warszawa-zoliborz-ul-adama-mickiewicza-3-pokojowe-m5q0v9,https://s2.adresowa.pl/oi/4f/1a/3deb54_8af4_cover@2x-3-pokojowe-mieszkanie-warszawa-zoliborz-ul-adama-mickiewicza.webp
Warszawa Saska Kępa,ul. Kubańska,2,37,740000,20000,bez pośredników,,7,https://adresowo.pl/o/mieszkanie-warszawa-saska-kepa-ul-kubanska-2-pokojowe-t8u7g7,https://s2.adresowa.pl/oi/37/3e/3deb9c_6a1c_cover@2x-2-pokojowe-mieszkanie-warszawa-saska-kepa-ul-kubanska.webp
Warszawa Białołęka,ul. Aluzyjna,2,50,590000,11800,Pośrednik,,8,https://adresowo.pl/o/mieszkanie-warszawa-bialoleka-ul-aluzyjna-2-pokojowe-v2n7e1,https://s2.adresowa.pl/oi/1e/6f/3e10a2_a9ea_cover@2x-2-pokojowe-mieszkanie-warszawa-bialoleka-ul-aluzyjna.webp
Warszawa Praga-Południe,ul. Argentyńska,2,60,1497000,24950,Pośrednik,,20,https://adresowo.pl/o/mieszkanie-warszawa-praga-poludnie-ul-argentynska-2-pokojowe-o4a8c7,https://s2.adresowa.pl/oi/7a/51/3e1092_fae9_cover@2x-2-pokojowe-mieszkanie-warszawa-praga-poludnie-ul-argentynska.webp
