locality,street,rooms,area,price_total_zl,price_sqm_zl,owner_type,date_posted,photo_count,url,image_url
Wrocław Krzyki,ul. Powstańców Śląskich 52,1,38,489999,12895,bez pośredników,,61,https://adresowo.pl/o/mieszkanie-wroclaw-krzyki-ul-powstancow-slaskich-1-pokoj-k5c4g3,https://s2.adresowa.pl/oi/48/16/3fafa2_5e9f_cover@2x-1-pokojowe-mieszkanie-wroclaw-krzyki-ul-powstancow-slaskich.webp
Wrocław Fabryczna,ul. Kozanowska,3,63,749000,11889,bez pośredników,,13,https://adresowo.pl/o/mieszkanie-wroclaw-fabryczna-ul-kozanowska-3-pokojowe-a3j6y1,https://s2.adresowa.pl/oi/40/23/40be86_d47a_cover@2x-3-pokojowe-mieszkanie-wroclaw-fabryczna-ul-kozanowska.webp
Wrocław Zakrzów,ul. Stoczniowa,3,52,754000,14500,bez pośredników,,17,https://adresowo.pl/o/mieszkanie-wroclaw-zakrzow-ul-stoczniowa-3-pokojowe-k9i9c8,https://s2.adresowa.pl/oi/58/72/40bdea_c3d8_cover@2x-3-pokojowe-mieszkanie-wroclaw-zakrzow-ul-stoczniowa.webp
Wrocław Stabłowice,ul. Łomnicka,2,43,539970,12557,bez pośredników,,+16 podobnych ofert,https://adresowo.pl/o/mieszkanie-wroclaw-stablowice-ul-lomnicka-2-pokojowe-h3s1i1,https://s2.adresowa.pl/development/673384/nowe-mieszkania-vista-eco-budynek-a-c0cb_cover.jpg
Wrocław Nowy Dwór,ul. Rogowska,2,48,549000,11438,Pośrednik,,9,https://adresowo.pl/o/mieszkanie-wroclaw-nowy-dwor-ul-rogowska-2-pokojowe-s9e5k9,https://s2.adresowa.pl/oi/68/1b/40bede_d7ab_cover@2x-2-pokojowe-mieszkanie-wroclaw-nowy-dwor-ul-rogowska.webp
Wrocław Śródmieście,ul. Norberta Barlickiego,2,53,599000,11302,Pośrednik,,18,https://adresowo.pl/o/mieszkanie-wroclaw-srodmiescie-ul-norberta-barlickiego-2-pokojowe-k4o1e2,https://s2.adresowa.pl/oi/65/4a/40bc9c_f85e_cover@2x-2-pokojowe-mieszkanie-wroclaw-srodmiescie-ul-norberta-barlickiego.webp
Wrocław Lipa Piotrowska,ul. Korzenna,2,46,615000,13370,bez pośredników,,10,https://adresowo.pl/o/mieszkanie-wroclaw-lipa-piotrowska-ul-korzenna-2-pokojowe-y0c8l3,https://s2.adresowa.pl/oi/74/54/40bdd8_2e99_cover@2x-2-pokojowe-mieszkanie-wroclaw-lipa-piotrowska-ul-korzenna.webp
Wrocław Krzyki,ul. Stanisława Drabika,3,62,700000,11290,bez pośredników,,8,https://adresowo.pl/o/mieszkanie-wroclaw-krzyki-ul-stanislawa-drabika-3-pokojowe-m3y3i0,https://s2.adresowa.pl/oi/78/55/40bb34_b4c3_cover@2x-3-pokojowe-mieszkanie-wroclaw-krzyki-ul-stanislawa-drabika.webp
Wrocław Stabłowice,ul. Łomnicka,3,50,578450,11569,bez pośredników,,+22 podobne oferty,https://adresowo.pl/o/mieszkanie-wroclaw-stablowice-ul-lomnicka-3-pokojowe-c1d7v6,https://s2.adresowa.pl/development/673384/nowe-mieszkania-vista-eco-budynek-a-c0cb_cover.jpg
Wrocław Fabryczna,al. gen. Józefa Hallera,2,49,590000,12041,Pośrednik,,10,https://adresowo.pl/o/mieszkanie-wroclaw-fabryczna-al-gen-jozefa-hallera-2-pokojowe-o7g7d7,https://s2.adresowa.pl/oi/48/5d/40bc92_8000_cover@2x-2-pokojowe-mieszkanie-wroclaw-fabryczna-al-gen-jozefa-hallera.webp
Wrocław Szczepin,ul. Głogowska,2,39,485000,12436,Pośrednik,,9,https://adresowo.pl/o/mieszkanie-wroclaw-szczepin-ul-glogowska-2-pokojowe-y3k5m0,https://s2.adresowa.pl/oi/5f/67/40bc8a_d4a4_cover@2x-2-pokojowe-mieszkanie-wroclaw-szczepin-ul-glogowska.webp
Wrocław Szczepin,ul. Poznańska 31,4,63,699000,11095,bez pośredników,,26,https://adresowo.pl/o/mieszkanie-wroclaw-szczepin-ul-poznanska-4-pokojowe-f2m8u4,https://s2.adresowa.pl/oi/39/78/40baf8_9306_cover@2x-4-pokojowe-mieszkanie-wroclaw-szczepin-ul-poznanska.webp
Wrocław Krzyki,al. gen. Józefa Hallera,1,34,529000,15559,bez pośredników,,14,https://adresowo.pl/o/mieszkanie-wroclaw-krzyki-al-gen-jozefa-hallera-1-pokoj-e6p4n4,https://s2.adresowa.pl/oi/3d/6b/40badc_a9e9_cover@2x-1-pokojowe-mieszkanie-wroclaw-krzyki-al-gen-jozefa-hallera.webp
Wrocław Stabłowice,ul. Łomnicka,1,32,433356,13542,bez pośredników,,+3 podobne oferty,https://adresowo.pl/o/mieszkanie-wroclaw-stablowice-ul-lomnicka-1-pokoj-v2q5h4,https://s2.adresowa.pl/development/673384/nowe-mieszkania-vista-eco-budynek-a-c0cb_cover.jpg
Wrocław Żerniki,ul. Strachowicka 13,2,35,539000,15400,Pośrednik,,10,https://adresowo.pl/o/mieszkanie-wroclaw-zerniki-ul-strachowicka-2-pokojowe-n4b8g1,https://s2.adresowa.pl/oi/34/4d/40bbe0_cbc3_cover@2x-2-pokojowe-mieszkanie-wroclaw-zerniki-ul-strachowicka.webp
Wrocław,Szczepin,2,44,799000,18159,Pośrednik,,3,https://adresowo.pl/o/mieszkanie-wroclaw-szczepin-2-pokojowe-44-m2-j2g8j4,https://s2.adresowa.pl/oi/46/3d/40bbc6_be05_cover@2x-2-pokojowe-mieszkanie-wroclaw-szczepin.webp
Wrocław Śródmieście,ul. Mikołaja Reja,2,62,770000,12419,bez pośredników,,17,https://adresowo.pl/o/mieszkanie-wroclaw-srodmiescie-ul-mikolaja-reja-2-pokojowe-j6m3j4,https://s2.adresowa.pl/oi/6c/20/40b8e4_d433_cover@2x-2-pokojowe-mieszkanie-wroclaw-srodmiescie-ul-mikolaja-reja.webp
Wrocław Fabryczna,ul. Lwowska,2,65,785000,12077,bez pośredników,,6,https://adresowo.pl/o/mieszkanie-wroclaw-fabryczna-ul-lwowska-2-pokojowe-c3d1c2,https://s2.adresowa.pl/oi/2c/66/40b8da_2dff_cover@2x-2-pokojowe-mieszkanie-wroclaw-fabryczna-ul-lwowska.webp
Wrocław Stabłowice,ul. Łomnicka,4,69,825860,11969,bez pośredników,,+3 podobne oferty,https://adresowo.pl/o/mieszkanie-wroclaw-stablowice-ul-lomnicka-4-pokojowe-k1l3w1,https://s2.adresowa.pl/development/673384/nowe-mieszkania-vista-eco-budynek-a-c0cb_cover.jpg
Wrocław Karłowice,ul. Macedońska,2,51,675000,13235,Pośrednik,,19,https://adresowo.pl/o/mieszkanie-wroclaw-karlowice-ul-macedonska-2-pokojowe-u2m4w8,https://s2.adresowa.pl/oi/52/4f/40bbb0_d7e3_cover@2x-2-pokojowe-mieszkanie-wroclaw-karlowice-ul-macedonska.webp
Wrocław,ul. Zatorska 61,3,65,799000,12292,Pośrednik,,20,https://adresowo.pl/o/mieszkanie-wroclaw-ul-zatorska-3-pokojowe-i3o3n8,https://s2.adresowa.pl/oi/4e/7f/40bba8_5da7_cover@2x-3-pokojowe-mieszkanie-wroclaw-ul-zatorska.webp
Wrocław Stare Miasto,ul. Kazimierza Jagiellończyka,3,43,600000,13953,bez pośredników,,3,https://adresowo.pl/o/mieszkanie-wroclaw-stare-miasto-ul-kazimierza-jagiellonczyka-3-pokojowe-z8x4f2,https://s2.adresowa.pl/oi/44/16/40b886_7985_cover@2x-3-pokojowe-mieszkanie-wroclaw-stare-miasto-ul-kazimierza-jagiellonczyka.webp
Wrocław Szczepin,ul. Litomska,3,49,729000,14878,bez pośredników,,15,https://adresowo.pl/o/mieszkanie-wroclaw-szczepin-ul-litomska-3-pokojowe-b8z1f5,https://s2.adresowa.pl/oi/35/2a/40b6e2_ae7f_cover@2x-3-pokojowe-mieszkanie-wroclaw-szczepin-ul-litomska.webp
Wrocław Żerniki,ul. Tadeusza Brzozy,2,38,zapytaj,,bez pośredników,,+94 podobne oferty,https://adresowo.pl/o/mieszkanie-wroclaw-zerniki-ul-tadeusza-brzozy-2-pokojowe-o9z7e6,https://s2.adresowa.pl/development/671228/nowe-mieszkania-wuwa-vita-3cce_cover.jpg
Wrocław Gaj,ul. Śliczna,2,42,549000,13071,Pośrednik,,12,https://adresowo.pl/o/mieszkanie-wroclaw-gaj-ul-sliczna-2-pokojowe-f4g1u9,https://s2.adresowa.pl/oi/52/66/40bb9c_a5a3_cover@2x-2-pokojowe-mieszkanie-wroclaw-gaj-ul-sliczna.webp
Wrocław,Szczepin,2,32,599000,18719,Pośrednik,,3,https://adresowo.pl/o/mieszkanie-wroclaw-szczepin-2-pokojowe-32-m2-q5b8f4,https://s2.adresowa.pl/oi/61/4d/40bb98_e18a_cover@2x-2-pokojowe-mieszkanie-wroclaw-szczepin.webp
Wrocław Śródmieście,ul. Szczytnicka,1,28,462000,16500,bez pośredników,,13,https://adresowo.pl/o/mieszkanie-wroclaw-srodmiescie-ul-szczytnicka-1-pokoj-r1x7s5,https://s2.adresowa.pl/oi/5e/37/40b5f4_c8af_cover@2x-1-pokojowe-mieszkanie-wroclaw-srodmiescie-ul-szczytnicka.webp
Wrocław Fabryczna,ul. Inżynierska,1,26,360000,13846,bez pośredników,,6,https://adresowo.pl/o/mieszkanie-wroclaw-fabryczna-ul-inzynierska-1-pokoj-l7o3z6,https://s2.adresowa.pl/oi/3e/4d/40b500_3af1_cover@2x-1-pokojowe-mieszkanie-wroclaw-fabryczna-ul-inzynierska.webp
Wrocław Złotniki,ul. Podhalańska,2,41,zapytaj,,bez pośredników,,+54 podobne oferty,https://adresowo.pl/o/mieszkanie-wroclaw-zlotniki-ul-podhalanska-2-pokojowe-f9o3w9,https://s2.adresowa.pl/development/672394/nowe-mieszkania-podhalanska-vita-89e3_cover.jpg
Wrocław Psie Pole,ul. Kominiarska,3,65,968000,14892,Pośrednik,,17,https://adresowo.pl/o/mieszkanie-wroclaw-psie-pole-ul-kominiarska-3-pokojowe-l1w2t2,https://s2.adresowa.pl/oi/39/6c/40bb90_d8c8_cover@2x-3-pokojowe-mieszkanie-wroclaw-psie-pole-ul-kominiarska.webp
Wrocław,ul. Torfowa,3,34,499000,14676,Pośrednik,,20,https://adresowo.pl/o/mieszkanie-wroclaw-ul-torfowa-3-pokojowe-b5x4c6,https://s2.adresowa.pl/oi/2e/57/40ba70_ea22_cover@2x-3-pokojowe-mieszkanie-wroclaw-ul-torfowa.webp
Wrocław Śródmieście,ul. Jedności Narodowej,2,37,540000,14595,bez pośredników,,17,https://adresowo.pl/o/mieszkanie-wroclaw-srodmiescie-ul-jednosci-narodowej-2-pokojowe-y0g9i6,https://s2.adresowa.pl/oi/27/76/40b1a8_b229_cover@2x-2-pokojowe-mieszkanie-wroclaw-srodmiescie-ul-jednosci-narodowej.webp
Wrocław Krzyki,ul. Nyska,3,40,639000,15975,bez pośredników,,11,https://adresowo.pl/o/mieszkanie-wroclaw-krzyki-ul-nyska-3-pokojowe-h6r6s1,https://s2.adresowa.pl/oi/62/7f/40b1a2_3772_cover@2x-3-pokojowe-mieszkanie-wroclaw-krzyki-ul-nyska.webp
Wrocław Pilczyce,ul. Pilczycka,2,38,zapytaj,,bez pośredników,,+74 podobne oferty,https://adresowo.pl/o/mieszkanie-wroclaw-pilczyce-ul-pilczycka-2-pokojowe-b1p2x3,https://s2.adresowa.pl/development/673044/nowe-mieszkania-pilczycka-vita-a532_cover.jpg
Wrocław Stare Miasto,ul. Rybacka,3,63,1499000,23794,Pośrednik,,10,https://adresowo.pl/o/mieszkanie-wroclaw-stare-miasto-ul-rybacka-3-pokojowe-b8n2g9,https://s2.adresowa.pl/oi/73/50/40ba62_8f02_cover@2x-3-pokojowe-mieszkanie-wroclaw-stare-miasto-ul-rybacka.webp
Wrocław,Szczepin,2,49,648999,13245,Pośrednik,,9,https://adresowo.pl/o/mieszkanie-wroclaw-szczepin-2-pokojowe-49-m2-w9h1g4,https://s2.adresowa.pl/oi/4e/77/40ba5a_e1f1_cover@2x-2-pokojowe-mieszkanie-wroclaw-szczepin.webp
Wrocław Psie Pole,ul. Rafała Wojaczka,3,55,850000,15455,bez pośredników,,8,https://adresowo.pl/o/mieszkanie-wroclaw-psie-pole-ul-rafala-wojaczka-3-pokojowe-h4u3z3,https://s2.adresowa.pl/oi/70/19/40b156_aba1_cover@2x-3-pokojowe-mieszkanie-wroclaw-psie-pole-ul-rafala-wojaczka.webp
Wrocław Krzyki,ul. Międzyleska,2,36,zapytaj,,bez pośredników,,+85 podobnych ofert,https://adresowo.pl/o/mieszkanie-wroclaw-krzyki-ul-miedzyleska-2-pokojowe-a1p5c9,https://s2.adresowa.pl/development/671806/nowe-mieszkania-przy-parku-vita-ecd7_cover.jpg
Wrocław,Szczepin,1,30,569000,18967,Pośrednik,,9,https://adresowo.pl/o/mieszkanie-wroclaw-szczepin-1-pokoj-30-m2-s4b3c3,https://s2.adresowa.pl/oi/3e/3e/40ba58_bd07_cover@2x-1-pokojowe-mieszkanie-wroclaw-szczepin.webp
Wrocław,Szczepin,1,30,618999,20633,Pośrednik,,9,https://adresowo.pl/o/mieszkanie-wroclaw-szczepin-1-pokoj-30-m2-z6y3y5,https://s2.adresowa.pl/oi/62/43/40ba36_9689_cover@2x-1-pokojowe-mieszkanie-wroclaw-szczepin.webp
Wrocław Fabryczna,ul. Buczacka,3,75,765000,10200,bez pośredników,,12,https://adresowo.pl/o/mieszkanie-wroclaw-fabryczna-ul-buczacka-3-pokojowe-u9y2j9,https://s2.adresowa.pl/oi/69/74/3eb1c4_9b92_cover@2x-3-pokojowe-mieszkanie-wroclaw-fabryczna-ul-buczacka.webp
Wrocław Złotniki,ul. Podhalańska,2,36,590000,16389,bez pośredników,,14,https://adresowo.pl/o/mieszkanie-wroclaw-zlotniki-ul-podhalanska-2-pokojowe-p1h4n0,https://s2.adresowa.pl/oi/73/65/40b142_8644_cover@2x-2-pokojowe-mieszkanie-wroclaw-zlotniki-ul-podhalanska.webp
Wrocław Śródmieście,ul. Henryka Probusa,2,58,797500,13750,bez pośredników,,14,https://adresowo.pl/o/mieszkanie-wroclaw-srodmiescie-ul-henryka-probusa-2-pokojowe-v6a4d8,https://s2.adresowa.pl/oi/27/5d/40afdc_535f_cover@2x-2-pokojowe-mieszkanie-wroclaw-srodmiescie-ul-henryka-probusa.webp
Wrocław Ołtaszyn,ul. Orawska,2,37,zapytaj,,bez pośredników,,+14 podobnych ofert,https://adresowo.pl/o/mieszkanie-wroclaw-oltaszyn-ul-orawska-2-pokojowe-b4n2m3,https://s2.adresowa.pl/development/671232/nowe-mieszkania-orawska-vita-1235_cover.jpg
Wrocław Nowy Dwór,ul. Rogowska,2,48,547000,11396,Pośrednik,,8,https://adresowo.pl/o/mieszkanie-wroclaw-nowy-dwor-ul-rogowska-2-pokojowe-f5s4d7,https://s2.adresowa.pl/oi/6c/57/40b88c_5eeb_cover@2x-2-pokojowe-mieszkanie-wroclaw-nowy-dwor-ul-rogowska.webp
Wrocław Maślice,ul. Węgliniecka,2,39,619000,15872,Pośrednik,,10,https://adresowo.pl/o/mieszkanie-wroclaw-maslice-ul-wegliniecka-2-pokojowe-w7o8v6,https://s2.adresowa.pl/oi/5f/24/40b4a6_aea7_cover@2x-2-pokojowe-mieszkanie-wroclaw-maslice-ul-wegliniecka.webp
Wrocław Śródmieście,ul. Henryka Sienkiewicza,3,74,1047000,14149,bez pośredników,,21,https://adresowo.pl/o/mieszkanie-wroclaw-srodmiescie-ul-henryka-sienkiewicza-3-pokojowe-y5d0g8,https://s2.adresowa.pl/oi/69/76/40af76_6073_cover@2x-3-pokojowe-mieszkanie-wroclaw-srodmiescie-ul-henryka-sienkiewicza.webp
Wrocław Stare Miasto,ul. Malarska,2,60,1390000,23167,bez pośredników,,4,https://adresowo.pl/o/mieszkanie-wroclaw-stare-miasto-ul-malarska-2-pokojowe-e9o4v7,https://s2.adresowa.pl/oi/52/3b/40af68_4154_cover@2x-2-pokojowe-mieszkanie-wroclaw-stare-miasto-ul-malarska.webp
Wrocław Tarnogaj,ul. Piękna,2,42,zapytaj,,bez pośredników,,+23 podobne oferty,https://adresowo.pl/o/mieszkanie-wroclaw-tarnogaj-ul-piekna-2-pokojowe-i2v8x4,https://s2.adresowa.pl/development/671658/nowe-mieszkania-piekna-vita-647d_cover.jpg
Wrocław,ul. Ameriga Vespucciego,3,57,879000,15421,Pośrednik,,8,https://adresowo.pl/o/mieszkanie-wroclaw-ul-ameriga-vespucciego-3-pokojowe-d3c5d8,https://s2.adresowa.pl/oi/35/40/40b3d4_29d1_cover@2x-3-pokojowe-mieszkanie-wroclaw-ul-ameriga-vespucciego.webp
Wrocław,ul. Trawowa,3,91,899000,9879,Pośrednik,,12,https://adresowo.pl/o/mieszkanie-wroclaw-ul-trawowa-3-pokojowe-w9s1a4,https://s2.adresowa.pl/oi/41/54/40b3d2_2ff3_cover@2x-3-pokojowe-mieszkanie-wroclaw-ul-trawowa.webp
Wrocław Gaj,ul. Orzechowa,3,62,625000,10081,bez pośredników,,13,https://adresowo.pl/o/mieszkanie-wroclaw-gaj-ul-orzechowa-3-pokojowe-r4t1j0,https://s2.adresowa.pl/oi/5c/16/40aefc_9220_cover@2x-3-pokojowe-mieszkanie-wroclaw-gaj-ul-orzechowa.webp
Wrocław Śródmieście,ul. kard. Stefana Wyszyńskiego,2,34,429000,12618,bez pośredników,,12,https://adresowo.pl/o/mieszkanie-wroclaw-srodmiescie-ul-kard-stefana-wyszynskiego-2-pokojowe-w9o9t0,https://s2.adresowa.pl/oi/1c/78/40ae1c_913d_cover@2x-2-pokojowe-mieszkanie-wroclaw-srodmiescie-ul-kard-stefana-wyszynskiego.webp
Wrocław Popowice,ul. Legnicka,2,45,zapytaj,,bez pośredników,,+6 podobnych ofert,https://adresowo.pl/o/mieszkanie-wroclaw-popowice-ul-legnicka-2-pokojowe-v1i1k0,https://s2.adresowa.pl/development/671236/nowe-mieszkania-legnicka-vita-d2a6_cover.jpg
Wrocław,ul. Długa,3,46,590000,12826,Pośrednik,,12,https://adresowo.pl/o/mieszkanie-wroclaw-ul-dluga-3-pokojowe-l2q3l9,https://s2.adresowa.pl/oi/18/73/40b3ba_b17c_cover@2x-3-pokojowe-mieszkanie-wroclaw-ul-dluga.webp
Wrocław Krzyki,ul. Hubska,2,51,740000,14510,Pośrednik,,14,https://adresowo.pl/o/mieszkanie-wroclaw-krzyki-ul-hubska-2-pokojowe-k2z0y8,https://s2.adresowa.pl/oi/40/52/40b3a8_7670_cover@2x-2-pokojowe-mieszkanie-wroclaw-krzyki-ul-hubska.webp
Wrocław Krzyki,ul. Gajowa,3,46,615000,13370,bez pośredników,,21,https://adresowo.pl/o/mieszkanie-wroclaw-krzyki-ul-gajowa-3-pokojowe-p2u6s3,https://s2.adresowa.pl/oi/4c/7e/40abbc_7bcf_cover@2x-3-pokojowe-mieszkanie-wroclaw-krzyki-ul-gajowa.webp
Wrocław Krzyki,ul. gen. Józefa Haukego-Bosaka,6,139,1300000,9353,bez pośredników,,10,https://adresowo.pl/o/mieszkanie-wroclaw-krzyki-ul-gen-jozefa-haukego-bosaka-6-pokojowe-b6y4d8,https://s2.adresowa.pl/oi/7b/64/40aba6_b5a2_cover@2x-6-pokojowe-mieszkanie-wroclaw-krzyki-ul-gen-jozefa-haukego-bosaka.webp
Wrocław Żerniki,ul. Tadeusza Brzozy,3,50,zapytaj,,bez pośredników,,+57 podobnych ofert,https://adresowo.pl/o/mieszkanie-wroclaw-zerniki-ul-tadeusza-brzozy-3-pokojowe-l1a9u6,https://s2.adresowa.pl/development/671228/nowe-mieszkania-wuwa-vita-3cce_cover.jpg
Wrocław Grabiszyn,ul. Wróbla,2,51,659000,12922,Pośrednik,,12,https://adresowo.pl/o/mieszkanie-wroclaw-grabiszyn-ul-wrobla-2-pokojowe-v9o8m5,https://s2.adresowa.pl/oi/78/1f/40afca_d1de_cover@2x-2-pokojowe-mieszkanie-wroclaw-grabiszyn-ul-wrobla.webp
Wrocław Krzyki,ul. Buforowa,3,66,799000,12106,Pośrednik,,14,https://adresowo.pl/o/mieszkanie-wroclaw-krzyki-ul-buforowa-3-pokojowe-u2b2v5,https://s2.adresowa.pl/oi/2b/67/40ac64_b924_cover@2x-3-pokojowe-mieszkanie-wroclaw-krzyki-ul-buforowa.webp
Wrocław,Stare Miasto,2,38,430000,11316,bez pośredników,,8,https://adresowo.pl/o/mieszkanie-wroclaw-stare-miasto-2-pokojowe-38-m2-y6h3v1,https://s2.adresowa.pl/oi/65/19/40ab92_671c_cover@2x-2-pokojowe-mieszkanie-wroclaw-stare-miasto.webp
Wrocław,Krzyki,2,36,490000,13611,bez pośredników,,10,https://adresowo.pl/o/mieszkanie-wroclaw-krzyki-2-pokojowe-36-m2-k0w4v9,https://s2.adresowa.pl/oi/60/55/40ab36_9b4a_cover@2x-2-pokojowe-mieszkanie-wroclaw-krzyki.webp
Wrocław Krzyki,ul. Międzyleska,3,58,zapytaj,,bez pośredników,,+54 podobne oferty,https://adresowo.pl/o/mieszkanie-wroclaw-krzyki-ul-miedzyleska-3-pokojowe-m8b9s0,https://s2.adresowa.pl/development/671806/nowe-mieszkania-przy-parku-vita-ecd7_cover.jpg
Wrocław Psie Pole,ul. Grudziądzka 73,2,50,615000,12300,Pośrednik,,22,https://adresowo.pl/o/mieszkanie-wroclaw-psie-pole-ul-grudziadzka-2-pokojowe-w7z2g4,https://s2.adresowa.pl/oi/6c/5a/40a518_6a14_cover@2x-2-pokojowe-mieszkanie-wroclaw-psie-pole-ul-grudziadzka.webp
Wrocław Stare Miasto,ul. Krawiecka,2,59,1030000,17458,Pośrednik,,16,https://adresowo.pl/o/mieszkanie-wroclaw-stare-miasto-ul-krawiecka-2-pokojowe-y2q9t0,https://s2.adresowa.pl/oi/1e/56/40a200_9c1e_cover@2x-2-pokojowe-mieszkanie-wroclaw-stare-miasto-ul-krawiecka.webp
Wrocław Psie Pole,ul. Zatorska,3,50,620000,12400,bez pośredników,,21,https://adresowo.pl/o/mieszkanie-wroclaw-psie-pole-ul-zatorska-3-pokojowe-y3c2c3,https://s2.adresowa.pl/oi/19/71/40ab0a_b20c_cover@2x-3-pokojowe-mieszkanie-wroclaw-psie-pole-ul-zatorska.webp
Wrocław Śródmieście,ul. Pomorska,1,38,620000,16316,bez pośredników,,8,https://adresowo.pl/o/mieszkanie-wroclaw-srodmiescie-ul-pomorska-1-pokoj-c1x4x3,https://s2.adresowa.pl/oi/49/4e/40aad8_8e50_cover@2x-1-pokojowe-mieszkanie-wroclaw-srodmiescie-ul-pomorska.webp
Wrocław Złotniki,ul. Podhalańska,3,59,zapytaj,,bez pośredników,,+69 podobnych ofert,https://adresowo.pl/o/mieszkanie-wroclaw-zlotniki-ul-podhalanska-3-pokojowe-w1h6f1,https://s2.adresowa.pl/development/672394/nowe-mieszkania-podhalanska-vita-89e3_cover.jpg
Wrocław,ul. Asfaltowa,2,41,620000,15122,Pośrednik,,20,https://adresowo.pl/o/mieszkanie-wroclaw-ul-asfaltowa-2-pokojowe-v6i6c8,https://s2.adresowa.pl/oi/7c/45/40a194_f96a_cover@2x-2-pokojowe-mieszkanie-wroclaw-ul-asfaltowa.webp
Wrocław,ul. Pawia,1,55,670000,12182,Pośrednik,,20,https://adresowo.pl/o/mieszkanie-wroclaw-ul-pawia-1-pokoj-r3b2b2,https://s2.adresowa.pl/oi/2e/2b/40a190_c037_cover@2x-1-pokojowe-mieszkanie-wroclaw-ul-pawia.webp
Wrocław Śródmieście,ul. Kazimierza Jagiellończyka,3,59,739000,12525,bez pośredników,,10,https://adresowo.pl/o/mieszkanie-wroclaw-srodmiescie-ul-kazimierza-jagiellonczyka-3-pokojowe-l1t1r3,https://s2.adresowa.pl/oi/54/53/40aad0_f4f9_cover@2x-3-pokojowe-mieszkanie-wroclaw-srodmiescie-ul-kazimierza-jagiellonczyka.webp
Wrocław Muchobór Wielki,ul. Marka Hłaski,3,66,799000,12106,bez pośredników,,13,https://adresowo.pl/o/mieszkanie-wroclaw-muchobor-wielki-ul-marka-hlaski-3-pokojowe-t8b0c9,https://s2.adresowa.pl/oi/46/26/40aa8c_d75f_cover@2x-3-pokojowe-mieszkanie-wroclaw-muchobor-wielki-ul-marka-hlaski.webp
Wrocław Pilczyce,ul. Pilczycka,3,60,zapytaj,,bez pośredników,,+48 podobnych ofert,https://adresowo.pl/o/mieszkanie-wroclaw-pilczyce-ul-pilczycka-3-pokojowe-y6w8o0,https://s2.adresowa.pl/development/673044/nowe-mieszkania-pilczycka-vita-a532_cover.jpg
Wrocław Maślice,ul. Ruczajowa,3,72,935000,12986,Pośrednik,,20,https://adresowo.pl/o/mieszkanie-wroclaw-maslice-ul-ruczajowa-3-pokojowe-y9l7r2,https://s2.adresowa.pl/oi/38/48/40a164_c36e_cover@2x-3-pokojowe-mieszkanie-wroclaw-maslice-ul-ruczajowa.webp
Wrocław Złotniki,ul. Podhalańska,3,60,899000,14983,Pośrednik,,20,https://adresowo.pl/o/mieszkanie-wroclaw-zlotniki-ul-podhalanska-3-pokojowe-r9r6d8,https://s2.adresowa.pl/oi/14/5b/40a156_e759_cover@2x-3-pokojowe-mieszkanie-wroclaw-zlotniki-ul-podhalanska.webp
Wrocław Nowy Dwór,ul. Rogowska,6,82,870000,10610,bez pośredników,,8,https://adresowo.pl/o/mieszkanie-wroclaw-nowy-dwor-ul-rogowska-6-pokojowe-r7n1z2,https://s2.adresowa.pl/oi/62/3b/40aa5c_386f_cover@2x-6-pokojowe-mieszkanie-wroclaw-nowy-dwor-ul-rogowska.webp
Wrocław Gaj,ul. Krynicka,4,61,770000,12623,bez pośredników,,18,https://adresowo.pl/o/mieszkanie-wroclaw-gaj-ul-krynicka-4-pokojowe-u2y2t0,https://s2.adresowa.pl/oi/58/3b/40aa54_38ba_cover@2x-4-pokojowe-mieszkanie-wroclaw-gaj-ul-krynicka.webp
Wrocław Popowice,ul. Legnicka,3,60,zapytaj,,bez pośredników,,+20 podobnych ofert,https://adresowo.pl/o/mieszkanie-wroclaw-popowice-ul-legnicka-3-pokojowe-r1v5f4,https://s2.adresowa.pl/development/671236/nowe-mieszkania-legnicka-vita-d2a6_cover.jpg
Wrocław Wojszyce,ul. Pawia,4,73,876000,12000,Pośrednik,,20,https://adresowo.pl/o/mieszkanie-wroclaw-wojszyce-ul-pawia-4-pokojowe-z3c2i1,https://s2.adresowa.pl/oi/29/27/40a154_442f_cover@2x-4-pokojowe-mieszkanie-wroclaw-wojszyce-ul-pawia.webp
Wrocław Partynice,ul. Jeździecka,2,34,529000,15559,Pośrednik,,19,https://adresowo.pl/o/mieszkanie-wroclaw-partynice-ul-jezdziecka-2-pokojowe-s4o1w4,https://s2.adresowa.pl/oi/57/1a/40a152_ca11_cover@2x-2-pokojowe-mieszkanie-wroclaw-partynice-ul-jezdziecka.webp
Wrocław Plac Grunwaldzki,pl. Grunwaldzki,2,36,655000,18194,bez pośredników,,5,https://adresowo.pl/o/mieszkanie-wroclaw-plac-grunwaldzki-pl-grunwaldzki-2-pokojowe-e5i3y6,https://s2.adresowa.pl/oi/55/26/40aa44_a4f1_cover@2x-2-pokojowe-mieszkanie-wroclaw-plac-grunwaldzki-pl-grunwaldzki.webp
Wrocław Wojszyce,ul. Jarosława Iwaszkiewicza,3,56,899000,16054,bez pośredników,,8,https://adresowo.pl/o/mieszkanie-wroclaw-wojszyce-ul-jaroslawa-iwaszkiewicza-3-pokojowe-i6j6j1,https://s2.adresowa.pl/oi/48/56/40aa16_b6a9_cover@2x-3-pokojowe-mieszkanie-wroclaw-wojszyce-ul-jaroslawa-iwaszkiewicza.webp
Wrocław Ołtaszyn,ul. Orawska,3,61,zapytaj,,bez pośredników,,+7 podobnych ofert,https://adresowo.pl/o/mieszkanie-wroclaw-oltaszyn-ul-orawska-3-pokojowe-h8z0w6,https://s2.adresowa.pl/development/671232/nowe-mieszkania-orawska-vita-1235_cover.jpg
Wrocław Psie Pole,ul. Litewska 8,4,72,849000,11792,Pośrednik,,20,https://adresowo.pl/o/mieszkanie-wroclaw-psie-pole-ul-litewska-4-pokojowe-r2z0p9,https://s2.adresowa.pl/oi/73/10/40a13c_7463_cover@2x-4-pokojowe-mieszkanie-wroclaw-psie-pole-ul-litewska.webp
Wrocław,ul. Blizanowicka,2,36,540000,15000,Pośrednik,,20,https://adresowo.pl/o/mieszkanie-wroclaw-ul-blizanowicka-2-pokojowe-o6r4a4,https://s2.adresowa.pl/oi/7c/29/40a132_7041_cover@2x-2-pokojowe-mieszkanie-wroclaw-ul-blizanowicka.webp
Wrocław Stare Miasto,ul. Zdrowa,1,25,385000,15400,bez pośredników,,8,https://adresowo.pl/o/mieszkanie-wroclaw-stare-miasto-ul-zdrowa-1-pokoj-p0e4c8,https://s2.adresowa.pl/oi/7a/21/40a9d2_577a_cover@2x-1-pokojowe-mieszkanie-wroclaw-stare-miasto-ul-zdrowa.webp
Wrocław Fabryczna,ul. Stalowa,3,65,815000,12538,bez pośredników,,18,https://adresowo.pl/o/mieszkanie-wroclaw-fabryczna-ul-stalowa-3-pokojowe-v0d3z3,https://s2.adresowa.pl/oi/1c/2b/40a88a_d5dc_cover@2x-3-pokojowe-mieszkanie-wroclaw-fabryczna-ul-stalowa.webp
Wrocław Tarnogaj,ul. Piękna,3,68,zapytaj,,bez pośredników,,+1 podobna oferta,https://adresowo.pl/o/mieszkanie-wroclaw-tarnogaj-ul-piekna-3-pokojowe-i1z3e2,https://s2.adresowa.pl/development/671658/nowe-mieszkania-piekna-vita-647d_cover.jpg
Wrocław Śródmieście,ul. Henryka Pobożnego,4,78,549000,7038,Pośrednik,,20,https://adresowo.pl/o/mieszkanie-wroclaw-srodmiescie-ul-henryka-poboznego-4-pokojowe-m8i2s5,https://s2.adresowa.pl/oi/73/57/40a11e_4b2e_cover@2x-4-pokojowe-mieszkanie-wroclaw-srodmiescie-ul-henryka-poboznego.webp
Wrocław Stare Miasto,ul. ks. Piotra Skargi,1,33,495000,15000,Pośrednik,,14,https://adresowo.pl/o/mieszkanie-wroclaw-stare-miasto-ul-ks-piotra-skargi-1-pokoj-b1z3s8,https://s2.adresowa.pl/oi/7a/32/409b36_8dc5_cover@2x-1-pokojowe-mieszkanie-wroclaw-stare-miasto-ul-ks-piotra-skargi.webp
Wrocław,Stare Miasto,1,27,430000,15926,bez pośredników,,4,https://adresowo.pl/o/mieszkanie-wroclaw-stare-miasto-1-pokoj-27-m2-s7l8z8,https://s2.adresowa.pl/oi/54/58/40a87e_a9f0_cover@2x-1-pokojowe-mieszkanie-wroclaw-stare-miasto.webp
Wrocław Psie Pole,ul. Inflancka,3,50,500000,10000,bez pośredników,,8,https://adresowo.pl/o/mieszkanie-wroclaw-psie-pole-ul-inflancka-3-pokojowe-a1i1w7,https://s2.adresowa.pl/oi/6f/2a/40a86a_885b_cover@2x-3-pokojowe-mieszkanie-wroclaw-psie-pole-ul-inflancka.webp
Wrocław Pilczyce,ul. Pilczycka,1,29,zapytaj,,bez pośredników,,+25 podobnych ofert,https://adresowo.pl/o/mieszkanie-wroclaw-pilczyce-ul-pilczycka-1-pokoj-w2e3y6,https://s2.adresowa.pl/development/673044/nowe-mieszkania-pilczycka-vita-a532_cover.jpg
Wrocław,ul. gen. Antoniego Madalińskiego 39,3,56,925000,16518,Pośrednik,,20,https://adresowo.pl/o/mieszkanie-wroclaw-ul-gen-antoniego-madalinskiego-3-pokojowe-z6v0a4,https://s2.adresowa.pl/oi/61/21/40942a_57bd_cover@2x-3-pokojowe-mieszkanie-wroclaw-ul-gen-antoniego-madalinskiego.webp
Wrocław,ul. Ołtaszyńska,3,62,835000,13468,Pośrednik,,16,https://adresowo.pl/o/mieszkanie-wroclaw-ul-oltaszynska-3-pokojowe-h1h9v1,https://s2.adresowa.pl/oi/7d/52/409418_2bcd_cover@2x-3-pokojowe-mieszkanie-wroclaw-ul-oltaszynska.webp
Wrocław Maślice,ul. Maślicka,3,58,820000,14138,bez pośredników,,19,https://adresowo.pl/o/mieszkanie-wroclaw-maslice-ul-maslicka-3-pokojowe-b0q2g2,https://s2.adresowa.pl/oi/46/19/40a868_c0ce_cover@2x-3-pokojowe-mieszkanie-wroclaw-maslice-ul-maslicka.webp
Wrocław,Ołbin,3,111,1250000,11261,bez pośredników,,6,https://adresowo.pl/o/mieszkanie-wroclaw-olbin-3-pokojowe-111-m2-g6b1w3,https://s2.adresowa.pl/oi/3c/40/40a7c8_bcaa_cover@2x-3-pokojowe-mieszkanie-wroclaw-olbin.webp
Wrocław Żerniki,ul. Tadeusza Brzozy,1,30,zapytaj,,bez pośredników,,+13 podobnych ofert,https://adresowo.pl/o/mieszkanie-wroclaw-zerniki-ul-tadeusza-brzozy-1-pokoj-w9g1p2,https://s2.adresowa.pl/development/671228/nowe-mieszkania-wuwa-vita-3cce_cover.jpg
Wrocław,ul. Gajowa,4,110,1190000,10818,Pośrednik,,20,https://adresowo.pl/o/mieszkanie-wroclaw-ul-gajowa-4-pokojowe-i1l3d8,https://s2.adresowa.pl/oi/2b/20/409346_33da_cover@2x-4-pokojowe-mieszkanie-wroclaw-ul-gajowa.webp
Wrocław Fabryczna,ul. Wojrowicka,2,48,639000,13312,Pośrednik,,9,https://adresowo.pl/o/mieszkanie-wroclaw-fabryczna-ul-wojrowicka-2-pokojowe-t7f2l6,https://s2.adresowa.pl/oi/53/66/4092e2_97f7_cover@2x-2-pokojowe-mieszkanie-wroclaw-fabryczna-ul-wojrowicka.webp
Wrocław Fabryczna,ul. Inżynierska,3,47,600000,12766,bez pośredników,,16,https://adresowo.pl/o/mieszkanie-wroclaw-fabryczna-ul-inzynierska-3-pokojowe-y5b7i4,https://s2.adresowa.pl/oi/43/58/40a780_94d4_cover@2x-3-pokojowe-mieszkanie-wroclaw-fabryczna-ul-inzynierska.webp
Wrocław Ołbin,ul. Jedności Narodowej,3,81,870000,10741,bez pośredników,,12,https://adresowo.pl/o/mieszkanie-wroclaw-olbin-ul-jednosci-narodowej-3-pokojowe-a5l0l4,https://s2.adresowa.pl/oi/45/19/40a67e_c01a_cover@2x-3-pokojowe-mieszkanie-wroclaw-olbin-ul-jednosci-narodowej.webp
Wrocław Złotniki,ul. Podhalańska,1,31,zapytaj,,bez pośredników,,+7 podobnych ofert,https://adresowo.pl/o/mieszkanie-wroclaw-zlotniki-ul-podhalanska-1-pokoj-l4v6l3,https://s2.adresowa.pl/development/672394/nowe-mieszkania-podhalanska-vita-89e3_cover.jpg
Wrocław Jagodno,ul. Antonia Vivaldiego 14,2,52,599000,11519,Pośrednik,,17,https://adresowo.pl/o/mieszkanie-wroclaw-jagodno-ul-antonia-vivaldiego-2-pokojowe-s6l6b8,https://s2.adresowa.pl/oi/50/69/4092d6_9c80_cover@2x-2-pokojowe-mieszkanie-wroclaw-jagodno-ul-antonia-vivaldiego.webp
Wrocław Fabryczna,ul. Gajowicka 145,2,59,719000,12186,Pośrednik,,14,https://adresowo.pl/o/mieszkanie-wroclaw-fabryczna-ul-gajowicka-2-pokojowe-u7k3o5,https://s2.adresowa.pl/oi/27/23/4092d2_e588_cover@2x-2-pokojowe-mieszkanie-wroclaw-fabryczna-ul-gajowicka.webp
Wrocław Stare Miasto,rynek Rynek,2,43,729000,16953,bez pośredników,,10,https://adresowo.pl/o/mieszkanie-wroclaw-stare-miasto-rynek-rynek-2-pokojowe-b1l4z0,https://s2.adresowa.pl/oi/6c/5b/40a5a2_ae94_cover@2x-2-pokojowe-mieszkanie-wroclaw-stare-miasto-rynek-rynek.webp
Wrocław Śródmieście,ul. Zakładowa,1,31,499000,16097,bez pośredników,,8,https://adresowo.pl/o/mieszkanie-wroclaw-srodmiescie-ul-zakladowa-1-pokoj-l1g7u1,https://s2.adresowa.pl/oi/36/1a/40a512_7e31_cover@2x-1-pokojowe-mieszkanie-wroclaw-srodmiescie-ul-zakladowa.webp
Wrocław Krzyki,ul. Międzyleska,1,29,zapytaj,,bez pośredników,,+12 podobnych ofert,https://adresowo.pl/o/mieszkanie-wroclaw-krzyki-ul-miedzyleska-1-pokoj-o5h1k1,https://s2.adresowa.pl/development/671806/nowe-mieszkania-przy-parku-vita-ecd7_cover.jpg
Wrocław Krzyki,ul. Komandorska 118,2,38,569000,14974,Pośrednik,,19,https://adresowo.pl/o/mieszkanie-wroclaw-krzyki-ul-komandorska-2-pokojowe-b5h9b2,https://s2.adresowa.pl/oi/7b/68/4092d0_46d3_cover@2x-2-pokojowe-mieszkanie-wroclaw-krzyki-ul-komandorska.webp
Wrocław Huby,ul. Przestrzenna 14,3,65,689000,10600,Pośrednik,,15,https://adresowo.pl/o/mieszkanie-wroclaw-huby-ul-przestrzenna-3-pokojowe-b7h0s7,https://s2.adresowa.pl/oi/5f/1e/4092cc_b929_cover@2x-3-pokojowe-mieszkanie-wroclaw-huby-ul-przestrzenna.webp
Wrocław Stare Miasto,ul. Legnicka,2,39,605000,15513,bez pośredników,,12,https://adresowo.pl/o/mieszkanie-wroclaw-stare-miasto-ul-legnicka-2-pokojowe-i9o2i8,https://s2.adresowa.pl/oi/2d/59/40a4d4_d190_cover@2x-2-pokojowe-mieszkanie-wroclaw-stare-miasto-ul-legnicka.webp
Wrocław Stare Miasto,ul. gen. Władysława Sikorskiego,2,45,1349000,29978,bez pośredników,,15,https://adresowo.pl/o/mieszkanie-wroclaw-stare-miasto-ul-gen-wladyslawa-sikorskiego-2-pokojowe-w6s6p9,https://s2.adresowa.pl/oi/27/31/40a1c6_c8b8_cover@2x-2-pokojowe-mieszkanie-wroclaw-stare-miasto-ul-gen-wladyslawa-sikorskiego.webp
Wrocław Ołtaszyn,ul. Orawska,1,28,zapytaj,,bez pośredników,,12,https://adresowo.pl/o/mieszkanie-wroclaw-oltaszyn-ul-orawska-1-pokoj-r4b9p9,https://s2.adresowa.pl/development/671232/nowe-mieszkania-orawska-vita-1235_cover.jpg
Wrocław Ołtaszyn,ul. Agrestowa 141,3,53,745000,14057,Pośrednik,,17,https://adresowo.pl/o/mieszkanie-wroclaw-oltaszyn-ul-agrestowa-3-pokojowe-g7k7i7,https://s2.adresowa.pl/oi/2a/17/4092ca_bf11_cover@2x-3-pokojowe-mieszkanie-wroclaw-oltaszyn-ul-agrestowa.webp
Wrocław Fabryczna,ul. Legnicka,1,23,474000,20609,Pośrednik,,14,https://adresowo.pl/o/mieszkanie-wroclaw-fabryczna-ul-legnicka-1-pokoj-z9i0c5,https://s2.adresowa.pl/oi/63/7f/408ffc_664a_cover@2x-1-pokojowe-mieszkanie-wroclaw-fabryczna-ul-legnicka.webp
Wrocław Śródmieście,ul. Szczytnicka,2,67,989000,14761,bez pośredników,,8,https://adresowo.pl/o/mieszkanie-wroclaw-srodmiescie-ul-szczytnicka-2-pokojowe-l0s8t9,https://s2.adresowa.pl/oi/7f/56/40a006_9bc3_cover@2x-2-pokojowe-mieszkanie-wroclaw-srodmiescie-ul-szczytnicka.webp
Wrocław Stabłowice,ul. Stabłowicka,3,54,739000,13685,bez pośredników,,15,https://adresowo.pl/o/mieszkanie-wroclaw-stablowice-ul-stablowicka-3-pokojowe-j2z6s0,https://s2.adresowa.pl/oi/54/2c/409fa6_ce75_cover@2x-3-pokojowe-mieszkanie-wroclaw-stablowice-ul-stablowicka.webp
Wrocław Złotniki,ul. Podhalańska,4,77,zapytaj,,bez pośredników,,+28 podobnych ofert,https://adresowo.pl/o/mieszkanie-wroclaw-zlotniki-ul-podhalanska-4-pokojowe-g9y1t0,https://s2.adresowa.pl/development/672394/nowe-mieszkania-podhalanska-vita-89e3_cover.jpg
Wrocław,ul. Złotnicka 4B,2,56,695999,12429,Pośrednik,,18,https://adresowo.pl/o/mieszkanie-wroclaw-ul-zlotnicka-2-pokojowe-x4a0h6,https://s2.adresowa.pl/oi/2a/41/408f50_4bd5_cover@2x-2-pokojowe-mieszkanie-wroclaw-ul-zlotnicka.webp
Wrocław Maślice,ul. Kozia,2,44,600000,13636,Pośrednik,,14,https://adresowo.pl/o/mieszkanie-wroclaw-maslice-ul-kozia-2-pokojowe-l2v5y7,https://s2.adresowa.pl/oi/16/61/408b58_3838_cover@2x-2-pokojowe-mieszkanie-wroclaw-maslice-ul-kozia.webp
Wrocław Psie Pole,ul. Miłostowska,2,48,608000,12667,bez pośredników,,9,https://adresowo.pl/o/mieszkanie-wroclaw-psie-pole-ul-milostowska-2-pokojowe-q9q9y5,https://s2.adresowa.pl/oi/51/18/409f5e_e16c_cover@2x-2-pokojowe-mieszkanie-wroclaw-psie-pole-ul-milostowska.webp
Wrocław Stabłowice,ul. Jodłowicka,3,57,780000,13684,bez pośredników,,16,https://adresowo.pl/o/mieszkanie-wroclaw-stablowice-ul-jodlowicka-3-pokojowe-v6h5j1,https://s2.adresowa.pl/oi/23/6d/409f14_5e39_cover@2x-3-pokojowe-mieszkanie-wroclaw-stablowice-ul-jodlowicka.webp
Wrocław Ołtaszyn,ul. Orawska,4,71,zapytaj,,bez pośredników,,+16 podobnych ofert,https://adresowo.pl/o/mieszkanie-wroclaw-oltaszyn-ul-orawska-4-pokojowe-s1e3z6,https://s2.adresowa.pl/development/671232/nowe-mieszkania-orawska-vita-1235_cover.jpg
Wrocław,Ołtaszyn,2,44,649000,14750,Pośrednik,,11,https://adresowo.pl/o/mieszkanie-wroclaw-oltaszyn-2-pokojowe-44-m2-p0l2a6,https://s2.adresowa.pl/oi/73/59/4085c2_8625_cover@2x-2-pokojowe-mieszkanie-wroclaw-oltaszyn.webp
Wrocław Pilczyce,ul. Papiernicza,3,59,630000,10678,Pośrednik,,10,https://adresowo.pl/o/mieszkanie-wroclaw-pilczyce-ul-papiernicza-3-pokojowe-e1o8r2,https://s2.adresowa.pl/oi/34/34/4083ce_9132_cover@2x-3-pokojowe-mieszkanie-wroclaw-pilczyce-ul-papiernicza.webp
Wrocław Fabryczna,ul. Krępicka,3,70,760900,10870,bez pośredników,,12,https://adresowo.pl/o/mieszkanie-wroclaw-fabryczna-ul-krepicka-3-pokojowe-h8i4k8,https://s2.adresowa.pl/oi/21/1e/409e7c_8fe3_cover@2x-3-pokojowe-mieszkanie-wroclaw-fabryczna-ul-krepicka.webp
Wrocław Fabryczna,ul. Strzegomska,2,52,615000,11827,bez pośredników,,12,https://adresowo.pl/o/mieszkanie-wroclaw-fabryczna-ul-strzegomska-2-pokojowe-g5s8w2,https://s2.adresowa.pl/oi/1b/5e/409d30_7d20_cover@2x-2-pokojowe-mieszkanie-wroclaw-fabryczna-ul-strzegomska.webp
Wrocław Popowice,ul. Legnicka,4,85,zapytaj,,bez pośredników,,+42 podobne oferty,https://adresowo.pl/o/mieszkanie-wroclaw-popowice-ul-legnicka-4-pokojowe-c9p4w9,https://s2.adresowa.pl/development/671236/nowe-mieszkania-legnicka-vita-d2a6_cover.jpg
Wrocław,ul. Poświęcka,3,65,859500,13223,Pośrednik,,19,https://adresowo.pl/o/mieszkanie-wroclaw-ul-poswiecka-3-pokojowe-e6n4o9,https://s2.adresowa.pl/oi/22/26/4081ba_2ca6_cover@2x-3-pokojowe-mieszkanie-wroclaw-ul-poswiecka.webp
Wrocław Grabiszyn,ul. Grabiszyńska 94,1,26,359000,13808,Pośrednik,,12,https://adresowo.pl/o/mieszkanie-wroclaw-grabiszyn-ul-grabiszynska-1-pokoj-a4n2p2,https://s2.adresowa.pl/oi/73/5e/407f8a_b66a_cover@2x-1-pokojowe-mieszkanie-wroclaw-grabiszyn-ul-grabiszynska.webp
Wrocław Fabryczna,ul. Popowicka,3,62,799000,12887,bez pośredników,,11,https://adresowo.pl/o/mieszkanie-wroclaw-fabryczna-ul-popowicka-3-pokojowe-i9z8h6,https://s2.adresowa.pl/oi/4b/5a/409cde_96fc_cover@2x-3-pokojowe-mieszkanie-wroclaw-fabryczna-ul-popowicka.webp
Wrocław Śródmieście,ul. Barycka,3,65,869000,13369,bez pośredników,,14,https://adresowo.pl/o/mieszkanie-wroclaw-srodmiescie-ul-barycka-3-pokojowe-q1n0o6,https://s2.adresowa.pl/oi/2b/6d/409c76_473b_cover@2x-3-pokojowe-mieszkanie-wroclaw-srodmiescie-ul-barycka.webp
Wrocław Tarnogaj,ul. Piękna,4,91,zapytaj,,bez pośredników,,+1 podobna oferta,https://adresowo.pl/o/mieszkanie-wroclaw-tarnogaj-ul-piekna-4-pokojowe-h1q4t3,https://s2.adresowa.pl/development/671658/nowe-mieszkania-piekna-vita-647d_cover.jpg
Wrocław Krzyki,ul. Nyska,2,39,799000,20487,Pośrednik,,19,https://adresowo.pl/o/mieszkanie-wroclaw-krzyki-ul-nyska-2-pokojowe-a4t1x8,https://s2.adresowa.pl/oi/5c/61/407f56_68d7_cover@2x-2-pokojowe-mieszkanie-wroclaw-krzyki-ul-nyska.webp
Wrocław Oporów,ul. Kamila Stefki,4,94,1199000,12755,Pośrednik,,13,https://adresowo.pl/o/mieszkanie-wroclaw-oporow-ul-kamila-stefki-4-pokojowe-m8y0c6,https://s2.adresowa.pl/oi/13/3f/407d50_9547_cover@2x-4-pokojowe-mieszkanie-wroclaw-oporow-ul-kamila-stefki.webp
Wrocław Fabryczna,ul. Racławicka,1,31,559000,18032,bez pośredników,,16,https://adresowo.pl/o/mieszkanie-wroclaw-fabryczna-ul-raclawicka-1-pokoj-z2d9g3,https://s2.adresowa.pl/oi/13/38/409ada_3175_cover@2x-1-pokojowe-mieszkanie-wroclaw-fabryczna-ul-raclawicka.webp
Wrocław Stare Miasto,ul. ks. Wincentego Kraińskiego,2,33,550000,16667,bez pośredników,,13,https://adresowo.pl/o/mieszkanie-wroclaw-stare-miasto-ul-ks-wincentego-krainskiego-2-pokojowe-o2o0t0,https://s2.adresowa.pl/oi/26/47/4098ee_661c_cover@2x-2-pokojowe-mieszkanie-wroclaw-stare-miasto-ul-ks-wincentego-krainskiego.webp
Wrocław Krzyki,ul. Międzyleska,4,75,zapytaj,,bez pośredników,,+27 podobnych ofert,https://adresowo.pl/o/mieszkanie-wroclaw-krzyki-ul-miedzyleska-4-pokojowe-k4q6l7,https://s2.adresowa.pl/development/671806/nowe-mieszkania-przy-parku-vita-ecd7_cover.jpg
Wrocław Sołtysowice,al. Poprzeczna,3,56,520000,9286,Pośrednik,,9,https://adresowo.pl/o/mieszkanie-wroclaw-soltysowice-al-poprzeczna-3-pokojowe-z7a7e9,https://s2.adresowa.pl/oi/71/74/407d48_498c_cover@2x-3-pokojowe-mieszkanie-wroclaw-soltysowice-al-poprzeczna.webp
Wrocław Fabryczna,ul. Szkocka,2,54,550000,10185,Pośrednik,,15,https://adresowo.pl/o/mieszkanie-wroclaw-fabryczna-ul-szkocka-2-pokojowe-f4q7v2,https://s2.adresowa.pl/oi/18/6f/407a00_4aaa_cover@2x-2-pokojowe-mieszkanie-wroclaw-fabryczna-ul-szkocka.webp
Wrocław Śródmieście,ul. Bolesława Krzywoustego,5,115,1650000,14348,bez pośredników,,8,https://adresowo.pl/o/mieszkanie-wroclaw-srodmiescie-ul-boleslawa-krzywoustego-5-pokojowe-t2g9d7,https://s2.adresowa.pl/oi/7c/46/40989a_56fb_cover@2x-5-pokojowe-mieszkanie-wroclaw-srodmiescie-ul-boleslawa-krzywoustego.webp
Wrocław Krzyki,pl. Zgody,3,81,785000,9691,bez pośredników,,20,https://adresowo.pl/o/mieszkanie-wroclaw-krzyki-pl-zgody-3-pokojowe-d0r6v2,https://s2.adresowa.pl/oi/15/26/4097fe_7cd7_cover@2x-3-pokojowe-mieszkanie-wroclaw-krzyki-pl-zgody.webp
Wrocław Pilczyce,ul. Pilczycka,4,71,zapytaj,,bez pośredników,,+15 podobnych ofert,https://adresowo.pl/o/mieszkanie-wroclaw-pilczyce-ul-pilczycka-4-pokojowe-t4k0w9,https://s2.adresowa.pl/development/673044/nowe-mieszkania-pilczycka-vita-a532_cover.jpg
Wrocław Śródmieście,ul. Stacha Świstackiego,1,21,420000,20000,Pośrednik,,9,https://adresowo.pl/o/mieszkanie-wroclaw-srodmiescie-ul-stacha-swistackiego-1-pokoj-v3v5v4,https://s2.adresowa.pl/oi/5a/3b/407750_7fc8_cover@2x-1-pokojowe-mieszkanie-wroclaw-srodmiescie-ul-stacha-swistackiego.webp
Wrocław,Krzyki,2,42,469000,11167,Pośrednik,,17,https://adresowo.pl/o/mieszkanie-wroclaw-krzyki-2-pokojowe-42-m2-z2p0d5,https://s2.adresowa.pl/oi/6e/76/40758c_b645_cover@2x-2-pokojowe-mieszkanie-wroclaw-krzyki.webp
Wrocław Gajowice,ul. Icchaka Lejba Pereca,1,34,475000,13971,bez pośredników,,11,https://adresowo.pl/o/mieszkanie-wroclaw-gajowice-ul-icchaka-lejba-pereca-1-pokoj-m7k7v4,https://s2.adresowa.pl/oi/43/63/4097cc_cb66_cover@2x-1-pokojowe-mieszkanie-wroclaw-gajowice-ul-icchaka-lejba-pereca.webp
Wrocław Klecina,ul. Kabaczkowa,2,39,595000,15256,bez pośredników,,11,https://adresowo.pl/o/mieszkanie-wroclaw-klecina-ul-kabaczkowa-2-pokojowe-h5r3g6,https://s2.adresowa.pl/oi/19/64/409746_f4c3_cover@2x-2-pokojowe-mieszkanie-wroclaw-klecina-ul-kabaczkowa.webp
Wrocław Żerniki,ul. Tadeusza Brzozy,4,78,zapytaj,,bez pośredników,,+7 podobnych ofert,https://adresowo.pl/o/mieszkanie-wroclaw-zerniki-ul-tadeusza-brzozy-4-pokojowe-e8p9v1,https://s2.adresowa.pl/development/671228/nowe-mieszkania-wuwa-vita-3cce_cover.jpg
Wrocław Stare Miasto,ul. Ruska,2,55,1050000,19091,Pośrednik,,8,https://adresowo.pl/o/mieszkanie-wroclaw-stare-miasto-ul-ruska-2-pokojowe-g4o1h7,https://s2.adresowa.pl/oi/23/15/407432_838c_cover@2x-2-pokojowe-mieszkanie-wroclaw-stare-miasto-ul-ruska.webp
Wrocław,Kozanów,2,35,499000,14257,Pośrednik,,19,https://adresowo.pl/o/mieszkanie-wroclaw-kozanow-2-pokojowe-35-m2-u8i1f1,https://s2.adresowa.pl/oi/7a/72/407414_ccd7_cover@2x-2-pokojowe-mieszkanie-wroclaw-kozanow.webp
Wrocław Żerniki,ul. Przednia,2,42,530000,12619,bez pośredników,,6,https://adresowo.pl/o/mieszkanie-wroclaw-zerniki-ul-przednia-2-pokojowe-o0g4s7,https://s2.adresowa.pl/oi/18/2c/4096c6_eb19_cover@2x-2-pokojowe-mieszkanie-wroclaw-zerniki-ul-przednia.webp
Wrocław Maślice,ul. Zawidowska,3,83,1150000,13855,bez pośredników,,29,https://adresowo.pl/o/mieszkanie-wroclaw-maslice-ul-zawidowska-3-pokojowe-m2v5h7,https://s2.adresowa.pl/oi/21/4f/4093e8_e2c0_cover@2x-3-pokojowe-mieszkanie-wroclaw-maslice-ul-zawidowska.webp
Wrocław Popowice,ul. Legnicka,5,123,zapytaj,,bez pośredników,,+1 podobna oferta,https://adresowo.pl/o/mieszkanie-wroclaw-popowice-ul-legnicka-5-pokojowe-p7v4o8,https://s2.adresowa.pl/development/671236/nowe-mieszkania-legnicka-vita-d2a6_cover.jpg
Wrocław Śródmieście,ul. Kluczborska,5,75,1150000,15333,Pośrednik,,15,https://adresowo.pl/o/mieszkanie-wroclaw-srodmiescie-ul-kluczborska-5-pokojowe-i3n6i7,https://s2.adresowa.pl/oi/58/70/406bda_ce18_cover@2x-5-pokojowe-mieszkanie-wroclaw-srodmiescie-ul-kluczborska.webp
Wrocław Stabłowice,ul. Arbuzowa,3,53,759000,14321,Pośrednik,,20,https://adresowo.pl/o/mieszkanie-wroclaw-stablowice-ul-arbuzowa-3-pokojowe-g6c9d5,https://s2.adresowa.pl/oi/1a/1e/4069a0_db12_cover@2x-3-pokojowe-mieszkanie-wroclaw-stablowice-ul-arbuzowa.webp
Wrocław Gądów Mały,bulw. Ikara,1,33,434500,13167,bez pośredników,,11,https://adresowo.pl/o/mieszkanie-wroclaw-gadow-maly-bulw-ikara-1-pokoj-w9n4o3,https://s2.adresowa.pl/oi/68/34/40919c_fa6b_cover@2x-1-pokojowe-mieszkanie-wroclaw-gadow-maly-bulw-ikara.webp
Wrocław Śródmieście,ul. Franklina Delano Roosevelta,3,75,750000,10000,bez pośredników,,21,https://adresowo.pl/o/mieszkanie-wroclaw-srodmiescie-ul-franklina-delano-roosevelta-3-pokojowe-z4j8n7,https://s2.adresowa.pl/oi/26/5a/409120_6b50_cover@2x-3-pokojowe-mieszkanie-wroclaw-srodmiescie-ul-franklina-delano-roosevelta.webp
Wrocław Nowy Dwór,ul. Wojrowicka,3,60,900000,15000,bez pośredników,,10,https://adresowo.pl/o/mieszkanie-wroclaw-nowy-dwor-ul-wojrowicka-3-pokojowe-p3y8z1,https://s2.adresowa.pl/oi/2e/66/408dc8_322c_cover@2x-3-pokojowe-mieszkanie-wroclaw-nowy-dwor-ul-wojrowicka.webp
Wrocław Zakrzów,ul. Staropolska,2,63,665700,10567,Pośrednik,,10,https://adresowo.pl/o/mieszkanie-wroclaw-zakrzow-ul-staropolska-2-pokojowe-o8t9h4,https://s2.adresowa.pl/oi/66/61/406676_64c6_cover@2x-2-pokojowe-mieszkanie-wroclaw-zakrzow-ul-staropolska.webp
Wrocław,Partynice,2,35,529000,15114,Pośrednik,,8,https://adresowo.pl/o/mieszkanie-wroclaw-partynice-2-pokojowe-35-m2-u3k6y0,https://s2.adresowa.pl/oi/64/21/406352_ab30_cover@2x-2-pokojowe-mieszkanie-wroclaw-partynice.webp
Wrocław Stare Miasto,ul. Zachodnia,2,39,499000,12795,bez pośredników,,11,https://adresowo.pl/o/mieszkanie-wroclaw-stare-miasto-ul-zachodnia-2-pokojowe-z5c0y9,https://s2.adresowa.pl/oi/79/1e/402808_b3bb_cover@2x-2-pokojowe-mieszkanie-wroclaw-stare-miasto-ul-zachodnia.webp
Wrocław Lipa Piotrowska,ul. Waniliowa,2,44,580000,13182,bez pośredników,,7,https://adresowo.pl/o/mieszkanie-wroclaw-lipa-piotrowska-ul-waniliowa-2-pokojowe-y0o0f8,https://s2.adresowa.pl/oi/2c/45/408db6_ed9d_cover@2x-2-pokojowe-mieszkanie-wroclaw-lipa-piotrowska-ul-waniliowa.webp
Wrocław Jagodno,ul. Antonia Vivaldiego,2,48,679000,14146,bez pośredników,,16,https://adresowo.pl/o/mieszkanie-wroclaw-jagodno-ul-antonia-vivaldiego-2-pokojowe-r1e3k5,https://s2.adresowa.pl/oi/5a/30/408d4c_97c7_cover@2x-2-pokojowe-mieszkanie-wroclaw-jagodno-ul-antonia-vivaldiego.webp
Wrocław Stare Miasto,ul. Krupnicza,3,74,959000,12959,bez pośredników,,18,https://adresowo.pl/o/mieszkanie-wroclaw-stare-miasto-ul-krupnicza-3-pokojowe-y7x4d2,https://s2.adresowa.pl/oi/1e/67/408c9e_f565_cover@2x-3-pokojowe-mieszkanie-wroclaw-stare-miasto-ul-krupnicza.webp
Wrocław,Psie Pole,2,46,639000,13891,Pośrednik,,13,https://adresowo.pl/o/mieszkanie-wroclaw-psie-pole-2-pokojowe-46-m2-v6g6l5,https://s2.adresowa.pl/oi/13/27/405f6c_cb11_cover@2x-2-pokojowe-mieszkanie-wroclaw-psie-pole.webp
Wrocław,ul. Legnicka,2,58,1069000,18431,Pośrednik,,19,https://adresowo.pl/o/mieszkanie-wroclaw-ul-legnicka-2-pokojowe-i9a3p7,https://s2.adresowa.pl/oi/18/3c/405cae_b401_cover@2x-2-pokojowe-mieszkanie-wroclaw-ul-legnicka.webp
Wrocław Krzyki,ul. Partynicka,3,56,779000,13911,bez pośredników,,14,https://adresowo.pl/o/mieszkanie-wroclaw-krzyki-ul-partynicka-3-pokojowe-r5j5p6,https://s2.adresowa.pl/oi/76/62/408c70_b131_cover@2x-3-pokojowe-mieszkanie-wroclaw-krzyki-ul-partynicka.webp
Wrocław Jagodno,ul. Edmunda Kajdasza,4,83,1320000,15904,bez pośredników,,15,https://adresowo.pl/o/mieszkanie-wroclaw-jagodno-ul-edmunda-kajdasza-4-pokojowe-y2f4d7,https://s2.adresowa.pl/oi/4a/18/408af4_6bb9_cover@2x-4-pokojowe-mieszkanie-wroclaw-jagodno-ul-edmunda-kajdasza.webp
Wrocław Stare Miasto,ul. Widok,2,47,665000,14149,bez pośredników,,13,https://adresowo.pl/o/mieszkanie-wroclaw-stare-miasto-ul-widok-2-pokojowe-l6b7i1,https://s2.adresowa.pl/oi/4c/65/4089dc_3b95_cover@2x-2-pokojowe-mieszkanie-wroclaw-stare-miasto-ul-widok.webp
Wrocław Polanowice,ul. Henryka Michała Kamieńskiego,2,39,599000,15359,Pośrednik,,20,https://adresowo.pl/o/mieszkanie-wroclaw-polanowice-ul-henryka-michala-kamienskiego-2-pokojowe-o8p9n7,https://s2.adresowa.pl/oi/13/14/40570a_9829_cover@2x-2-pokojowe-mieszkanie-wroclaw-polanowice-ul-henryka-michala-kamienskiego.webp
Wrocław Sołtysowice,ul. Rafała Wojaczka,3,51,745000,14608,Pośrednik,,16,https://adresowo.pl/o/mieszkanie-wroclaw-soltysowice-ul-rafala-wojaczka-3-pokojowe-h9k2e3,https://s2.adresowa.pl/oi/53/65/4052ca_9cd8_cover@2x-3-pokojowe-mieszkanie-wroclaw-soltysowice-ul-rafala-wojaczka.webp
Wrocław Jagodno,ul. Stanisława Drabika,2,39,679000,17410,bez pośredników,,14,https://adresowo.pl/o/mieszkanie-wroclaw-jagodno-ul-stanislawa-drabika-2-pokojowe-n9l8v5,https://s2.adresowa.pl/oi/64/45/40877c_831c_cover@2x-2-pokojowe-mieszkanie-wroclaw-jagodno-ul-stanislawa-drabika.webp
Wrocław Jagodno,ul. Konduktorska,2,45,680000,15111,bez pośredników,,11,https://adresowo.pl/o/mieszkanie-wroclaw-jagodno-ul-konduktorska-2-pokojowe-x6j6r1,https://s2.adresowa.pl/oi/73/52/4085a4_5160_cover@2x-2-pokojowe-mieszkanie-wroclaw-jagodno-ul-konduktorska.webp
Wrocław Muchobór Wielki,ul. Melchiora Wańkowicza,4,74,875000,11824,bez pośredników,,20,https://adresowo.pl/o/mieszkanie-wroclaw-muchobor-wielki-ul-melchiora-wankowicza-4-pokojowe-r2w7a7,https://s2.adresowa.pl/oi/1a/37/4084ea_8372_cover@2x-4-pokojowe-mieszkanie-wroclaw-muchobor-wielki-ul-melchiora-wankowicza.webp
Wrocław,Śródmieście,2,50,480000,9600,Pośrednik,,11,https://adresowo.pl/o/mieszkanie-wroclaw-srodmiescie-2-pokojowe-50-m2-r9q4u0,https://s2.adresowa.pl/oi/74/2f/40524a_e1be_cover@2x-2-pokojowe-mieszkanie-wroclaw-srodmiescie.webp
Wrocław Śródmieście,ul. Norberta Barlickiego,4,92,1099000,11946,Pośrednik,,15,https://adresowo.pl/o/mieszkanie-wroclaw-srodmiescie-ul-norberta-barlickiego-4-pokojowe-i9b1q1,https://s2.adresowa.pl/oi/58/7c/405236_5263_cover@2x-4-pokojowe-mieszkanie-wroclaw-srodmiescie-ul-norberta-barlickiego.webp
Wrocław Śródmieście,ul. Świętokrzyska,1,34,680000,20000,bez pośredników,,15,https://adresowo.pl/o/mieszkanie-wroclaw-srodmiescie-ul-swietokrzyska-1-pokoj-k6n3n2,https://s2.adresowa.pl/oi/43/22/40845a_d88e_cover@2x-1-pokojowe-mieszkanie-wroclaw-srodmiescie-ul-swietokrzyska.webp
Wrocław Kleczków,ul. Zakładowa,2,42,689000,16405,bez pośredników,,9,https://adresowo.pl/o/mieszkanie-wroclaw-kleczkow-ul-zakladowa-2-pokojowe-a4f9x9,https://s2.adresowa.pl/oi/1a/33/4082d6_8ef7_cover@2x-2-pokojowe-mieszkanie-wroclaw-kleczkow-ul-zakladowa.webp
Wrocław Gajowice,ul. Kwaśna,1,35,549000,15686,bez pośredników,,10,https://adresowo.pl/o/mieszkanie-wroclaw-gajowice-ul-kwasna-1-pokoj-t0b8k3,https://s2.adresowa.pl/oi/78/75/4080c4_5adf_cover@2x-1-pokojowe-mieszkanie-wroclaw-gajowice-ul-kwasna.webp
Wrocław,ul. Rogowska,2,59,595000,10085,Pośrednik,,6,https://adresowo.pl/o/mieszkanie-wroclaw-ul-rogowska-2-pokojowe-d0l0v5,https://s2.adresowa.pl/oi/5d/78/404eb2_4da0_cover@2x-2-pokojowe-mieszkanie-wroclaw-ul-rogowska.webp
Wrocław Psie Pole,ul. Poleska,1,27,364500,13500,Pośrednik,,13,https://adresowo.pl/o/mieszkanie-wroclaw-psie-pole-ul-poleska-1-pokoj-g6n6v7,https://s2.adresowa.pl/oi/47/5a/404e34_7667_cover@2x-1-pokojowe-mieszkanie-wroclaw-psie-pole-ul-poleska.webp
Wrocław Stare Miasto,ul. Hugona Kołłątaja,2,50,620000,12400,bez pośredników,,13,https://adresowo.pl/o/mieszkanie-wroclaw-stare-miasto-ul-hugona-kollataja-2-pokojowe-g6g3h8,https://s2.adresowa.pl/oi/5f/44/408014_8bee_cover@2x-2-pokojowe-mieszkanie-wroclaw-stare-miasto-ul-hugona-kollataja.webp
Wrocław Krzyki,ul. Działkowa,1,29,540000,18621,bez pośredników,,8,https://adresowo.pl/o/mieszkanie-wroclaw-krzyki-ul-dzialkowa-1-pokoj-b1v4p8,https://s2.adresowa.pl/oi/48/16/40800c_6fe4_cover@2x-1-pokojowe-mieszkanie-wroclaw-krzyki-ul-dzialkowa.webp
Wrocław Zakrzów,ul. Zatorska,3,55,700000,12727,bez pośredników,,11,https://adresowo.pl/o/mieszkanie-wroclaw-zakrzow-ul-zatorska-3-pokojowe-y7h5s6,https://s2.adresowa.pl/oi/62/70/407e60_5ae2_cover@2x-3-pokojowe-mieszkanie-wroclaw-zakrzow-ul-zatorska.webp
Wrocław,ul. św. Jerzego,2,48,460000,9583,Pośrednik,,7,https://adresowo.pl/o/mieszkanie-wroclaw-ul-sw-jerzego-2-pokojowe-i1j7z2,https://s2.adresowa.pl/oi/61/21/4048bc_b164_cover@2x-2-pokojowe-mieszkanie-wroclaw-ul-sw-jerzego.webp
Wrocław Kozanów,ul. Dokerska,2,37,478000,12919,Pośrednik,,11,https://adresowo.pl/o/mieszkanie-wroclaw-kozanow-ul-dokerska-2-pokojowe-w4t0o3,https://s2.adresowa.pl/oi/39/15/4045b0_ffa7_cover@2x-2-pokojowe-mieszkanie-wroclaw-kozanow-ul-dokerska.webp
Wrocław Jagodno,ul. Buforowa,3,50,725000,14500,bez pośredników,,1,https://adresowo.pl/o/mieszkanie-wroclaw-jagodno-ul-buforowa-3-pokojowe-d8g1u1,https://s2.adresowa.pl/oi/36/60/407d9c_49ae_cover@2x-3-pokojowe-mieszkanie-wroclaw-jagodno-ul-buforowa.webp
Wrocław Krzyki,ul. Nyska,1,25,579000,23160,bez pośredników,,15,https://adresowo.pl/o/mieszkanie-wroclaw-krzyki-ul-nyska-1-pokoj-u1z3s0,https://s2.adresowa.pl/oi/31/5a/407c2e_df56_cover@2x-1-pokojowe-mieszkanie-wroclaw-krzyki-ul-nyska.webp
Wrocław Fabryczna,ul. Lwowska,2,38,520000,13684,bez pośredników,,8,https://adresowo.pl/o/mieszkanie-wroclaw-fabryczna-ul-lwowska-2-pokojowe-x4s3x4,https://s2.adresowa.pl/oi/67/70/407c2c_cb56_cover@2x-2-pokojowe-mieszkanie-wroclaw-fabryczna-ul-lwowska.webp
Wrocław Psie Pole,al. Jana Kasprowicza,3,61,799000,13098,Pośrednik,,14,https://adresowo.pl/o/mieszkanie-wroclaw-psie-pole-al-jana-kasprowicza-3-pokojowe-f9l1b8,https://s2.adresowa.pl/oi/47/34/40455e_6ee2_cover@2x-3-pokojowe-mieszkanie-wroclaw-psie-pole-al-jana-kasprowicza.webp
Wrocław Krzyki,ul. Grabiszyńska,2,38,559000,14711,Pośrednik,,4,https://adresowo.pl/o/mieszkanie-wroclaw-krzyki-ul-grabiszynska-2-pokojowe-l3f7d9,https://s2.adresowa.pl/oi/6e/5b/40453c_77fa_cover@2x-2-pokojowe-mieszkanie-wroclaw-krzyki-ul-grabiszynska.webp
Wrocław Śródmieście,ul. Ładna,2,42,599000,14262,bez pośredników,,10,https://adresowo.pl/o/mieszkanie-wroclaw-srodmiescie-ul-ladna-2-pokojowe-i4k2v5,https://s2.adresowa.pl/oi/5c/76/407c0e_fa17_cover@2x-2-pokojowe-mieszkanie-wroclaw-srodmiescie-ul-ladna.webp
Wrocław,Jagodno,2,49,759000,15490,bez pośredników,,8,https://adresowo.pl/o/mieszkanie-wroclaw-jagodno-2-pokojowe-49-m2-w5u5j6,https://s2.adresowa.pl/oi/53/25/407bac_5ecb_cover@2x-2-pokojowe-mieszkanie-wroclaw-jagodno.webp
Wrocław Maślice,ul. Królewiecka,2,48,699000,14562,bez pośredników,,1,https://adresowo.pl/o/mieszkanie-wroclaw-maslice-ul-krolewiecka-2-pokojowe-u8u5g5,https://s2.adresowa.pl/oi/38/7f/40781c_f891_cover@2x-2-pokojowe-mieszkanie-wroclaw-maslice-ul-krolewiecka.webp
Wrocław Huby,ul. Gliniana,2,47,619998,13191,Pośrednik,,20,https://adresowo.pl/o/mieszkanie-wroclaw-huby-ul-gliniana-2-pokojowe-r5f4n3,https://s2.adresowa.pl/oi/79/28/40452e_4a51_cover@2x-2-pokojowe-mieszkanie-wroclaw-huby-ul-gliniana.webp
Wrocław Krzyki,ul. Wesoła,2,54,520000,9630,Pośrednik,,12,https://adresowo.pl/o/mieszkanie-wroclaw-krzyki-ul-wesola-2-pokojowe-e4s7h8,https://s2.adresowa.pl/oi/4a/21/403f98_cae4_cover@2x-2-pokojowe-mieszkanie-wroclaw-krzyki-ul-wesola.webp
Wrocław Gaj,ul. Radkowska,1,29,495000,17069,bez pośredników,,16,https://adresowo.pl/o/mieszkanie-wroclaw-gaj-ul-radkowska-1-pokoj-u7u4b0,https://s2.adresowa.pl/oi/3f/2d/407970_bc55_cover@2x-1-pokojowe-mieszkanie-wroclaw-gaj-ul-radkowska.webp
Wrocław Stare Miasto,ul. Uniwersytecka,1,33,590000,17879,bez pośredników,,12,https://adresowo.pl/o/mieszkanie-wroclaw-stare-miasto-ul-uniwersytecka-1-pokoj-f2u7f3,https://s2.adresowa.pl/oi/56/67/407800_f47a_cover@2x-1-pokojowe-mieszkanie-wroclaw-stare-miasto-ul-uniwersytecka.webp
Wrocław Śródmieście,ul. Aleksandra Hercena,2,45,599000,13311,bez pośredników,,12,https://adresowo.pl/o/mieszkanie-wroclaw-srodmiescie-ul-aleksandra-hercena-2-pokojowe-p6j0h5,https://s2.adresowa.pl/oi/52/71/407774_42a4_cover@2x-2-pokojowe-mieszkanie-wroclaw-srodmiescie-ul-aleksandra-hercena.webp
Wrocław Fabryczna,ul. Blacharska,3,72,1060000,14722,Pośrednik,,15,https://adresowo.pl/o/mieszkanie-wroclaw-fabryczna-ul-blacharska-3-pokojowe-h1e4j1,https://s2.adresowa.pl/oi/7c/26/403f92_ef31_cover@2x-3-pokojowe-mieszkanie-wroclaw-fabryczna-ul-blacharska.webp
Wrocław Grabiszyn,ul. Krucza,2,47,530000,11277,Pośrednik,,5,https://adresowo.pl/o/mieszkanie-wroclaw-grabiszyn-ul-krucza-2-pokojowe-f6j1v6,https://s2.adresowa.pl/oi/3d/6c/403896_27ec_cover@2x-2-pokojowe-mieszkanie-wroclaw-grabiszyn-ul-krucza.webp
Wrocław Szczepin,ul. Legnicka,2,44,599999,13636,bez pośredników,,8,https://adresowo.pl/o/mieszkanie-wroclaw-szczepin-ul-legnicka-2-pokojowe-c8x1j5,https://s2.adresowa.pl/oi/1e/26/4076a8_8998_cover@2x-2-pokojowe-mieszkanie-wroclaw-szczepin-ul-legnicka.webp
Wrocław Krzyki,ul. Sztabowa,3,84,979000,11655,bez pośredników,,18,https://adresowo.pl/o/mieszkanie-wroclaw-krzyki-ul-sztabowa-3-pokojowe-q3z6e4,https://s2.adresowa.pl/oi/35/19/407686_4067_cover@2x-3-pokojowe-mieszkanie-wroclaw-krzyki-ul-sztabowa.webp
Wrocław Maślice,ul. Królewiecka,2,48,625000,13021,bez pośredników,,8,https://adresowo.pl/o/mieszkanie-wroclaw-maslice-ul-krolewiecka-2-pokojowe-o5l1b4,https://s2.adresowa.pl/oi/12/5a/4075e0_7f70_cover@2x-2-pokojowe-mieszkanie-wroclaw-maslice-ul-krolewiecka.webp
Wrocław Strachocin,ul. Włościańska,2,34,469000,13794,Pośrednik,,12,https://adresowo.pl/o/mieszkanie-wroclaw-strachocin-ul-wloscianska-2-pokojowe-v7b1a9,https://s2.adresowa.pl/oi/1a/74/40388a_3e28_cover@2x-2-pokojowe-mieszkanie-wroclaw-strachocin-ul-wloscianska.webp
Wrocław Krzyki,ul. Szczęśliwa,3,70,664950,9499,Pośrednik,,13,https://adresowo.pl/o/mieszkanie-wroclaw-krzyki-ul-szczesliwa-3-pokojowe-u9n2z0,https://s2.adresowa.pl/oi/61/5e/40331c_c127_cover@2x-3-pokojowe-mieszkanie-wroclaw-krzyki-ul-szczesliwa.webp
Wrocław Stare Miasto,ul. gen. Władysława Sikorskiego,2,42,934784,22257,bez pośredników,,8,https://adresowo.pl/o/mieszkanie-wroclaw-stare-miasto-ul-gen-wladyslawa-sikorskiego-2-pokojowe-i9i5a4,https://s2.adresowa.pl/oi/44/4b/407468_a730_cover@2x-2-pokojowe-mieszkanie-wroclaw-stare-miasto-ul-gen-wladyslawa-sikorskiego.webp
Wrocław Psie Pole,ul. Gorlicka,1,32,459000,14344,bez pośredników,,13,https://adresowo.pl/o/mieszkanie-wroclaw-psie-pole-ul-gorlicka-1-pokoj-i1b3j9,https://s2.adresowa.pl/oi/60/67/40742e_7849_cover@2x-1-pokojowe-mieszkanie-wroclaw-psie-pole-ul-gorlicka.webp
Wrocław Osobowice,ul. Witkowska,2,52,710000,13654,bez pośredników,,14,https://adresowo.pl/o/mieszkanie-wroclaw-osobowice-ul-witkowska-2-pokojowe-h7a7c6,https://s2.adresowa.pl/oi/68/6b/4072ea_f805_cover@2x-2-pokojowe-mieszkanie-wroclaw-osobowice-ul-witkowska.webp
Wrocław Księże Małe,ul. Chorzowska,2,43,499000,11605,Pośrednik,,13,https://adresowo.pl/o/mieszkanie-wroclaw-ksieze-male-ul-chorzowska-2-pokojowe-r1t7t8,https://s2.adresowa.pl/oi/3f/2d/403300_8c92_cover@2x-2-pokojowe-mieszkanie-wroclaw-ksieze-male-ul-chorzowska.webp
Wrocław Sępolno,ul. Zygmunta Sierakowskiego 10,3,50,1050000,21000,Pośrednik,,13,https://adresowo.pl/o/mieszkanie-wroclaw-sepolno-ul-zygmunta-sierakowskiego-3-pokojowe-i0i7j6,https://s2.adresowa.pl/oi/4a/5e/402ae8_e062_cover@2x-3-pokojowe-mieszkanie-wroclaw-sepolno-ul-zygmunta-sierakowskiego.webp
Wrocław Krzyki,ul. Tadeusza Zielińskiego,2,45,649000,14422,bez pośredników,,10,https://adresowo.pl/o/mieszkanie-wroclaw-krzyki-ul-tadeusza-zielinskiego-2-pokojowe-e4c4v1,https://s2.adresowa.pl/oi/53/4b/407176_dbb9_cover@2x-2-pokojowe-mieszkanie-wroclaw-krzyki-ul-tadeusza-zielinskiego.webp
Wrocław,Krzyki,1,30,510000,17000,bez pośredników,,6,https://adresowo.pl/o/mieszkanie-wroclaw-krzyki-1-pokoj-30-m2-l3z6g4,https://s2.adresowa.pl/oi/6b/12/4070e0_a69b_cover@2x-1-pokojowe-mieszkanie-wroclaw-krzyki.webp
Wrocław Śródmieście,ul. Jedności Narodowej 189,2,56,625000,11161,bez pośredników,,20,https://adresowo.pl/o/mieszkanie-wroclaw-srodmiescie-ul-jednosci-narodowej-2-pokojowe-s5t0v6,https://s2.adresowa.pl/oi/45/59/4070ac_5359_cover@2x-2-pokojowe-mieszkanie-wroclaw-srodmiescie-ul-jednosci-narodowej.webp
Wrocław Fabryczna,ul. Ludwika Solskiego,1,31,549000,17710,Pośrednik,,32,https://adresowo.pl/o/mieszkanie-wroclaw-fabryczna-ul-ludwika-solskiego-1-pokoj-o0m7e1,https://s2.adresowa.pl/oi/56/74/402ad0_90d6_cover@2x-1-pokojowe-mieszkanie-wroclaw-fabryczna-ul-ludwika-solskiego.webp
Wrocław,ul. Paulińska 16,1,23,305000,13261,Pośrednik,,18,https://adresowo.pl/o/mieszkanie-wroclaw-ul-paulinska-1-pokoj-c7m2c5,https://s2.adresowa.pl/oi/30/37/4028ce_7e88_cover@2x-1-pokojowe-mieszkanie-wroclaw-ul-paulinska.webp
Wrocław Krzyki,ul. Wiktora Brossa,1,33,649000,19667,bez pośredników,,22,https://adresowo.pl/o/mieszkanie-wroclaw-krzyki-ul-wiktora-brossa-1-pokoj-e1s8a2,https://s2.adresowa.pl/oi/1b/4d/406f14_984a_cover@2x-1-pokojowe-mieszkanie-wroclaw-krzyki-ul-wiktora-brossa.webp
Wrocław Stare Miasto,pl. Jana Pawła II,2,43,1115000,25930,bez pośredników,,29,https://adresowo.pl/o/mieszkanie-wroclaw-stare-miasto-pl-jana-pawla-ii-2-pokojowe-q3o7i1,https://s2.adresowa.pl/oi/20/42/406e3e_c314_cover@2x-2-pokojowe-mieszkanie-wroclaw-stare-miasto-pl-jana-pawla-ii.webp
Wrocław Stare Miasto,ul. Podwale,2,47,790000,16809,bez pośredników,,8,https://adresowo.pl/o/mieszkanie-wroclaw-stare-miasto-ul-podwale-2-pokojowe-v1b3y4,https://s2.adresowa.pl/oi/40/40/406df6_5d8c_cover@2x-2-pokojowe-mieszkanie-wroclaw-stare-miasto-ul-podwale.webp
Wrocław Krzyki,ul. Piławska,2,31,490000,15806,Pośrednik,,15,https://adresowo.pl/o/mieszkanie-wroclaw-krzyki-ul-pilawska-2-pokojowe-p0u5f5,https://s2.adresowa.pl/oi/76/22/4028a2_a8c8_cover@2x-2-pokojowe-mieszkanie-wroclaw-krzyki-ul-pilawska.webp
Wrocław,al. Wiśniowa,3,65,877244,13496,Pośrednik,,13,https://adresowo.pl/o/mieszkanie-wroclaw-al-wisniowa-3-pokojowe-n8s8w1,https://s2.adresowa.pl/oi/7f/55/401a30_e152_cover@2x-3-pokojowe-mieszkanie-wroclaw-al-wisniowa.webp
Wrocław Fabryczna,ul. Żelazna,3,45,620000,13778,bez pośredników,,4,https://adresowo.pl/o/mieszkanie-wroclaw-fabryczna-ul-zelazna-3-pokojowe-x8c6s7,https://s2.adresowa.pl/oi/3b/13/406da6_b3ba_cover@2x-3-pokojowe-mieszkanie-wroclaw-fabryczna-ul-zelazna.webp
Wrocław Stare Miasto,ul. Hugona Kołłątaja,2,80,989000,12362,bez pośredników,,19,https://adresowo.pl/o/mieszkanie-wroclaw-stare-miasto-ul-hugona-kollataja-2-pokojowe-z4h2a2,https://s2.adresowa.pl/oi/7c/72/406b3c_7481_cover@2x-2-pokojowe-mieszkanie-wroclaw-stare-miasto-ul-hugona-kollataja.webp
Wrocław Krzyki,al. gen. Józefa Hallera,2,53,565000,10660,bez pośredników,,8,https://adresowo.pl/o/mieszkanie-wroclaw-krzyki-al-gen-jozefa-hallera-2-pokojowe-y7r0w1,https://s2.adresowa.pl/oi/4f/2c/4069b0_f24f_cover@2x-2-pokojowe-mieszkanie-wroclaw-krzyki-al-gen-jozefa-hallera.webp
Wrocław Maślice,ul. Maślicka,4,65,990000,15231,Pośrednik,,20,https://adresowo.pl/o/mieszkanie-wroclaw-maslice-ul-maslicka-4-pokojowe-l7w2w2,https://s2.adresowa.pl/oi/51/1f/401a14_cee1_cover@2x-4-pokojowe-mieszkanie-wroclaw-maslice-ul-maslicka.webp
Wrocław Swojczyce,ul. Ameriga Vespucciego,4,74,1695000,22905,Pośrednik,,16,https://adresowo.pl/o/mieszkanie-wroclaw-swojczyce-ul-ameriga-vespucciego-4-pokojowe-w4u4s0,https://s2.adresowa.pl/oi/6e/2f/401838_a1ba_cover@2x-4-pokojowe-mieszkanie-wroclaw-swojczyce-ul-ameriga-vespucciego.webp
Wrocław Jagodno,ul. Stanisława Drabika,3,71,906000,12761,bez pośredników,,13,https://adresowo.pl/o/mieszkanie-wroclaw-jagodno-ul-stanislawa-drabika-3-pokojowe-k8d1d2,https://s2.adresowa.pl/oi/31/29/40694c_e7e5_cover@2x-3-pokojowe-mieszkanie-wroclaw-jagodno-ul-stanislawa-drabika.webp
Wrocław Psie Pole,ul. Henryka Michała Kamieńskiego,1,27,390000,14444,bez pośredników,,6,https://adresowo.pl/o/mieszkanie-wroclaw-psie-pole-ul-henryka-michala-kamienskiego-1-pokoj-q8g3d3,https://s2.adresowa.pl/oi/37/5c/4068d8_7ad4_cover@2x-1-pokojowe-mieszkanie-wroclaw-psie-pole-ul-henryka-michala-kamienskiego.webp
Wrocław Pawłowice,ul. Pawłowicka,3,56,590000,10536,bez pośredników,,7,https://adresowo.pl/o/mieszkanie-wroclaw-pawlowice-ul-pawlowicka-3-pokojowe-q6s4j9,https://s2.adresowa.pl/oi/32/2d/4067c6_b9f7_cover@2x-3-pokojowe-mieszkanie-wroclaw-pawlowice-ul-pawlowicka.webp
Wrocław Sołtysowice,ul. Sołtysowicka,2,36,580000,16111,Pośrednik,,8,https://adresowo.pl/o/mieszkanie-wroclaw-soltysowice-ul-soltysowicka-2-pokojowe-f8j2i4,https://s2.adresowa.pl/oi/6f/3d/40170e_8c09_cover@2x-2-pokojowe-mieszkanie-wroclaw-soltysowice-ul-soltysowicka.webp
Wrocław Stare Miasto,ul. Kolejowa 54,1,27,399000,14778,Pośrednik,,14,https://adresowo.pl/o/mieszkanie-wroclaw-stare-miasto-ul-kolejowa-1-pokoj-q1h0o4,https://s2.adresowa.pl/oi/2c/57/401700_85b5_cover@2x-1-pokojowe-mieszkanie-wroclaw-stare-miasto-ul-kolejowa.webp
Wrocław Zakrzów,ul. Zofii Gumińskiej,2,46,705000,15326,bez pośredników,,15,https://adresowo.pl/o/mieszkanie-wroclaw-zakrzow-ul-zofii-guminskiej-2-pokojowe-n8i4b9,https://s2.adresowa.pl/oi/29/5f/406786_f678_cover@2x-2-pokojowe-mieszkanie-wroclaw-zakrzow-ul-zofii-guminskiej.webp
Wrocław Śródmieście,ul. kard. Stefana Wyszyńskiego,2,38,469999,12368,bez pośredników,,10,https://adresowo.pl/o/mieszkanie-wroclaw-srodmiescie-ul-kard-stefana-wyszynskiego-2-pokojowe-u8r6q6,https://s2.adresowa.pl/oi/2b/60/40677e_2f92_cover@2x-2-pokojowe-mieszkanie-wroclaw-srodmiescie-ul-kard-stefana-wyszynskiego.webp
Wrocław Maślice,ul. Maślicka,2,47,790000,16809,bez pośredników,,10,https://adresowo.pl/o/mieszkanie-wroclaw-maslice-ul-maslicka-2-pokojowe-k8u4w6,https://s2.adresowa.pl/oi/19/49/4066aa_3e5e_cover@2x-2-pokojowe-mieszkanie-wroclaw-maslice-ul-maslicka.webp
Wrocław Fabryczna,ul. Dolnobrzeska,3,75,829001,11053,Pośrednik,,19,https://adresowo.pl/o/mieszkanie-wroclaw-fabryczna-ul-dolnobrzeska-3-pokojowe-n6l0r6,https://s2.adresowa.pl/oi/7e/62/401448_3a42_cover@2x-3-pokojowe-mieszkanie-wroclaw-fabryczna-ul-dolnobrzeska.webp
Wrocław Fabryczna,ul. Kozanowska,3,61,629000,10311,Pośrednik,,13,https://adresowo.pl/o/mieszkanie-wroclaw-fabryczna-ul-kozanowska-3-pokojowe-e6k1k2,https://s2.adresowa.pl/oi/7c/75/40134a_d704_cover@2x-3-pokojowe-mieszkanie-wroclaw-fabryczna-ul-kozanowska.webp
Wrocław Fabryczna,ul. Wejherowska,3,54,590000,10926,bez pośredników,,9,https://adresowo.pl/o/mieszkanie-wroclaw-fabryczna-ul-wejherowska-3-pokojowe-s2l3p5,https://s2.adresowa.pl/oi/16/59/406670_849e_cover@2x-3-pokojowe-mieszkanie-wroclaw-fabryczna-ul-wejherowska.webp
Wrocław Krzyki,ul. Tadeusza Zielińskiego,2,49,729000,14878,bez pośredników,,10,https://adresowo.pl/o/mieszkanie-wroclaw-krzyki-ul-tadeusza-zielinskiego-2-pokojowe-g8t2e5,https://s2.adresowa.pl/oi/7b/36/406638_3517_cover@2x-2-pokojowe-mieszkanie-wroclaw-krzyki-ul-tadeusza-zielinskiego.webp
Wrocław Śródmieście,ul. kard. Stefana Wyszyńskiego,2,47,699000,14872,bez pośredników,,10,https://adresowo.pl/o/mieszkanie-wroclaw-srodmiescie-ul-kard-stefana-wyszynskiego-2-pokojowe-h1n3s3,https://s2.adresowa.pl/oi/64/70/4065ac_d950_cover@2x-2-pokojowe-mieszkanie-wroclaw-srodmiescie-ul-kard-stefana-wyszynskiego.webp
Wrocław Psie Pole,ul. Obornicka 87B,4,71,1209000,17028,Pośrednik,,22,https://adresowo.pl/o/mieszkanie-wroclaw-psie-pole-ul-obornicka-4-pokojowe-q5l8y3,https://s2.adresowa.pl/oi/2b/47/4010e6_5f83_cover@2x-4-pokojowe-mieszkanie-wroclaw-psie-pole-ul-obornicka.webp
Wrocław Borek,ul. Oficerska,4,64,889901,13905,Pośrednik,,18,https://adresowo.pl/o/mieszkanie-wroclaw-borek-ul-oficerska-4-pokojowe-m8j0v6,https://s2.adresowa.pl/oi/59/2f/4010a6_af3f_cover@2x-4-pokojowe-mieszkanie-wroclaw-borek-ul-oficerska.webp
Wrocław Stare Miasto,ul. Trzebnicka,2,45,469000,10422,bez pośredników,,8,https://adresowo.pl/o/mieszkanie-wroclaw-stare-miasto-ul-trzebnicka-2-pokojowe-j4q9m0,https://s2.adresowa.pl/oi/6a/79/4063fc_66d1_cover@2x-2-pokojowe-mieszkanie-wroclaw-stare-miasto-ul-trzebnicka.webp
Wrocław Śródmieście,ul. Henryka Brodatego 6,3,82,724000,8829,bez pośredników,,11,https://adresowo.pl/o/mieszkanie-wroclaw-srodmiescie-ul-henryka-brodatego-3-pokojowe-k8y6x4,https://s2.adresowa.pl/oi/58/3a/4063d6_d228_cover@2x-3-pokojowe-mieszkanie-wroclaw-srodmiescie-ul-henryka-brodatego.webp
Wrocław Wojnów,ul. Perkusyjna,2,37,439000,11865,bez pośredników,,3,https://adresowo.pl/o/mieszkanie-wroclaw-wojnow-ul-perkusyjna-2-pokojowe-j4h7m1,https://s2.adresowa.pl/oi/2b/59/4063d8_9fe2_cover@2x-2-pokojowe-mieszkanie-wroclaw-wojnow-ul-perkusyjna.webp
Wrocław Wojnów,ul. Gitarowa,4,85,799000,9400,Pośrednik,,11,https://adresowo.pl/o/mieszkanie-wroclaw-wojnow-ul-gitarowa-4-pokojowe-v6y5o9,https://s2.adresowa.pl/oi/32/52/400d2c_c409_cover@2x-4-pokojowe-mieszkanie-wroclaw-wojnow-ul-gitarowa.webp
Wrocław Pilczyce,ul. Pilczycka,2,37,369998,10000,Pośrednik,,7,https://adresowo.pl/o/mieszkanie-wroclaw-pilczyce-ul-pilczycka-2-pokojowe-y0n8t1,https://s2.adresowa.pl/oi/79/72/400d00_d494_cover@2x-2-pokojowe-mieszkanie-wroclaw-pilczyce-ul-pilczycka.webp
Wrocław Szczepin,ul. Litomska,4,71,950000,13380,bez pośredników,,9,https://adresowo.pl/o/mieszkanie-wroclaw-szczepin-ul-litomska-4-pokojowe-e9n4h7,https://s2.adresowa.pl/oi/74/49/406138_288a_cover@2x-4-pokojowe-mieszkanie-wroclaw-szczepin-ul-litomska.webp
Wrocław,Psie Pole,2,48,770000,16042,bez pośredników,,7,https://adresowo.pl/o/mieszkanie-wroclaw-psie-pole-2-pokojowe-48-m2-g8j1y5,https://s2.adresowa.pl/oi/5a/4a/406036_c6eb_cover@2x-2-pokojowe-mieszkanie-wroclaw-psie-pole.webp
Wrocław Krzyki,ul. Stanisława Małachowskiego,3,61,560000,9180,bez pośredników,,10,https://adresowo.pl/o/mieszkanie-wroclaw-krzyki-ul-stanislawa-malachowskiego-3-pokojowe-n5q8o5,https://s2.adresowa.pl/oi/5a/5a/405ef0_ecd4_cover@2x-3-pokojowe-mieszkanie-wroclaw-krzyki-ul-stanislawa-malachowskiego.webp
Wrocław Krzyki,al. gen. Józefa Hallera,2,39,979000,25103,Pośrednik,,14,https://adresowo.pl/o/mieszkanie-wroclaw-krzyki-al-gen-jozefa-hallera-2-pokojowe-l7u2m5,https://s2.adresowa.pl/oi/38/38/400340_d570_cover@2x-2-pokojowe-mieszkanie-wroclaw-krzyki-al-gen-jozefa-hallera.webp
Wrocław Tarnogaj,ul. Tarnogajska,2,57,656640,11520,Pośrednik,,18,https://adresowo.pl/o/mieszkanie-wroclaw-tarnogaj-ul-tarnogajska-2-pokojowe-m4i0c5,https://s2.adresowa.pl/oi/33/33/400316_b7c4_cover@2x-2-pokojowe-mieszkanie-wroclaw-tarnogaj-ul-tarnogajska.webp
Wrocław Krzyki,ul. Wincentego Stysia,2,50,620000,12400,bez pośredników,,13,https://adresowo.pl/o/mieszkanie-wroclaw-krzyki-ul-wincentego-stysia-2-pokojowe-o9c2s8,https://s2.adresowa.pl/oi/54/7a/405cc4_e84c_cover@2x-2-pokojowe-mieszkanie-wroclaw-krzyki-ul-wincentego-stysia.webp
Wrocław Muchobór Wielki,ul. Mińska,3,57,785000,13772,bez pośredników,,8,https://adresowo.pl/o/mieszkanie-wroclaw-muchobor-wielki-ul-minska-3-pokojowe-n5o5h5,https://s2.adresowa.pl/oi/34/3c/4055b2_b964_cover@2x-3-pokojowe-mieszkanie-wroclaw-muchobor-wielki-ul-minska.webp
Wrocław Oporów,ul. Honoriusza Balzaka,2,43,674900,15695,bez pośredników,,6,https://adresowo.pl/o/mieszkanie-wroclaw-oporow-ul-honoriusza-balzaka-2-pokojowe-g0b7w5,https://s2.adresowa.pl/oi/3f/3e/405580_871e_cover@2x-2-pokojowe-mieszkanie-wroclaw-oporow-ul-honoriusza-balzaka.webp
Wrocław Śródmieście,ul. Ładna,2,45,599000,13311,Pośrednik,,6,https://adresowo.pl/o/mieszkanie-wroclaw-srodmiescie-ul-ladna-2-pokojowe-z6x2l6,https://s2.adresowa.pl/oi/3c/10/3ffd1c_648d_cover@2x-2-pokojowe-mieszkanie-wroclaw-srodmiescie-ul-ladna.webp
Wrocław Śródmieście,ul. Wygodna,3,53,649000,12245,Pośrednik,,13,https://adresowo.pl/o/mieszkanie-wroclaw-srodmiescie-ul-wygodna-3-pokojowe-o2s8g9,https://s2.adresowa.pl/oi/67/38/3ffd06_9d8f_cover@2x-3-pokojowe-mieszkanie-wroclaw-srodmiescie-ul-wygodna.webp
Wrocław Popowice,ul. Popowicka,2,32,449999,14062,bez pośredników,,23,https://adresowo.pl/o/mieszkanie-wroclaw-popowice-ul-popowicka-2-pokojowe-y2e3s3,https://s2.adresowa.pl/oi/18/52/4054bc_fae8_cover@2x-2-pokojowe-mieszkanie-wroclaw-popowice-ul-popowicka.webp
Wrocław Borek,ul. Sokola,2,50,780000,15600,bez pośredników,,13,https://adresowo.pl/o/mieszkanie-wroclaw-borek-ul-sokola-2-pokojowe-t4u3m6,https://s2.adresowa.pl/oi/5e/35/405030_701f_cover@2x-2-pokojowe-mieszkanie-wroclaw-borek-ul-sokola.webp
Wrocław Śródmieście,ul. Tadeusza Kościuszki,2,46,649000,14109,bez pośredników,,14,https://adresowo.pl/o/mieszkanie-wroclaw-srodmiescie-ul-tadeusza-kosciuszki-2-pokojowe-d3q9k5,https://s2.adresowa.pl/oi/50/39/404e14_a120_cover@2x-2-pokojowe-mieszkanie-wroclaw-srodmiescie-ul-tadeusza-kosciuszki.webp
Wrocław,,2,34,485000,14265,Pośrednik,,5,https://adresowo.pl/o/mieszkanie-wroclaw-2-pokojowe-34-m2-q3r4x6,https://s2.adresowa.pl/oi/43/70/3ffa24_8510_cover@2x-2-pokojowe-mieszkanie-wroclaw.webp
Wrocław Złotniki,ul. Złotnicka,2,35,519000,14829,Pośrednik,,11,https://adresowo.pl/o/mieszkanie-wroclaw-zlotniki-ul-zlotnicka-2-pokojowe-c7j4p5,https://s2.adresowa.pl/oi/39/1e/3ff46c_b796_cover@2x-2-pokojowe-mieszkanie-wroclaw-zlotniki-ul-zlotnicka.webp
Wrocław Śródmieście,ul. Ignacego Daszyńskiego,1,30,449000,14967,bez pośredników,,18,https://adresowo.pl/o/mieszkanie-wroclaw-srodmiescie-ul-ignacego-daszynskiego-1-pokoj-f3s3v4,https://s2.adresowa.pl/oi/11/52/404dd2_bda1_cover@2x-1-pokojowe-mieszkanie-wroclaw-srodmiescie-ul-ignacego-daszynskiego.webp
Wrocław,Śródmieście,2,56,615000,10982,bez pośredników,,8,https://adresowo.pl/o/mieszkanie-wroclaw-srodmiescie-2-pokojowe-56-m2-q6c4g1,https://s2.adresowa.pl/oi/3d/50/404c6c_294e_cover@2x-2-pokojowe-mieszkanie-wroclaw-srodmiescie.webp
Wrocław Stare Miasto,ul. Prosta,2,37,520000,14054,bez pośredników,,10,https://adresowo.pl/o/mieszkanie-wroclaw-stare-miasto-ul-prosta-2-pokojowe-z4p0v8,https://s2.adresowa.pl/oi/2e/7b/404c28_d5f9_cover@2x-2-pokojowe-mieszkanie-wroclaw-stare-miasto-ul-prosta.webp
Wrocław Fabryczna,ul. Stefana Drzewieckiego,4,73,789000,10808,Pośrednik,,13,https://adresowo.pl/o/mieszkanie-wroclaw-fabryczna-ul-stefana-drzewieckiego-4-pokojowe-q5r3t5,https://s2.adresowa.pl/oi/56/15/3ff448_7953_cover@2x-4-pokojowe-mieszkanie-wroclaw-fabryczna-ul-stefana-drzewieckiego.webp
Wrocław Muchobór Wielki,ul. Żwirki i Wigury,2,49,758000,15469,Pośrednik,,29,https://adresowo.pl/o/mieszkanie-wroclaw-muchobor-wielki-ul-zwirki-i-wigury-2-pokojowe-g4s4v5,https://s2.adresowa.pl/oi/43/29/3fea22_2761_cover@2x-2-pokojowe-mieszkanie-wroclaw-muchobor-wielki-ul-zwirki-i-wigury.webp
Wrocław Kleczków,ul. Kleczkowska,3,55,849000,15436,bez pośredników,,14,https://adresowo.pl/o/mieszkanie-wroclaw-kleczkow-ul-kleczkowska-3-pokojowe-y8d9z7,https://s2.adresowa.pl/oi/40/5a/404bac_5703_cover@2x-3-pokojowe-mieszkanie-wroclaw-kleczkow-ul-kleczkowska.webp
Wrocław Krzyki,ul. gen. Stefana Grota-Roweckiego,3,80,1085000,13562,bez pośredników,,20,https://adresowo.pl/o/mieszkanie-wroclaw-krzyki-ul-gen-stefana-grota-roweckiego-3-pokojowe-z8x5h1,https://s2.adresowa.pl/oi/77/20/404b5e_d0a6_cover@2x-3-pokojowe-mieszkanie-wroclaw-krzyki-ul-gen-stefana-grota-roweckiego.webp
Wrocław Śródmieście,ul. Romana Dmowskiego,2,45,799000,17756,bez pośredników,,10,https://adresowo.pl/o/mieszkanie-wroclaw-srodmiescie-ul-romana-dmowskiego-2-pokojowe-w4m5x2,https://s2.adresowa.pl/oi/48/63/404ab2_b905_cover@2x-2-pokojowe-mieszkanie-wroclaw-srodmiescie-ul-romana-dmowskiego.webp
Wrocław Stare Miasto,ul. Zaporoska,3,61,680000,11148,Pośrednik,,13,https://adresowo.pl/o/mieszkanie-wroclaw-stare-miasto-ul-zaporoska-3-pokojowe-u3w6x9,https://s2.adresowa.pl/oi/22/68/3fe9f6_af06_cover@2x-3-pokojowe-mieszkanie-wroclaw-stare-miasto-ul-zaporoska.webp
Wrocław Stare Miasto,ul. gen. Władysława Sikorskiego,2,45,1260000,28000,Pośrednik,,16,https://adresowo.pl/o/mieszkanie-wroclaw-stare-miasto-ul-gen-wladyslawa-sikorskiego-2-pokojowe-o8k3c0,https://s2.adresowa.pl/oi/40/1d/3fe718_b5c2_cover@2x-2-pokojowe-mieszkanie-wroclaw-stare-miasto-ul-gen-wladyslawa-sikorskiego.webp
Wrocław Popowice,ul. Niedźwiedzia,3,50,565000,11300,bez pośredników,,8,https://adresowo.pl/o/mieszkanie-wroclaw-popowice-ul-niedzwiedzia-3-pokojowe-e8c8r2,https://s2.adresowa.pl/oi/67/39/404aac_a425_cover@2x-3-pokojowe-mieszkanie-wroclaw-popowice-ul-niedzwiedzia.webp
Wrocław Krzyki,ul. Świeradowska,2,54,650000,12037,bez pośredników,,13,https://adresowo.pl/o/mieszkanie-wroclaw-krzyki-ul-swieradowska-2-pokojowe-k9v4y5,https://s2.adresowa.pl/oi/34/4b/404a6c_408d_cover@2x-2-pokojowe-mieszkanie-wroclaw-krzyki-ul-swieradowska.webp
Wrocław Krzyki,ul. Wilcza,1,26,419000,16115,bez pośredników,,21,https://adresowo.pl/o/mieszkanie-wroclaw-krzyki-ul-wilcza-1-pokoj-s8n8y8,https://s2.adresowa.pl/oi/78/17/404a60_6178_cover@2x-1-pokojowe-mieszkanie-wroclaw-krzyki-ul-wilcza.webp
Wrocław Stare Miasto,ul. Kotlarska,3,53,737000,13906,Pośrednik,,19,https://adresowo.pl/o/mieszkanie-wroclaw-stare-miasto-ul-kotlarska-3-pokojowe-b0r5n1,https://s2.adresowa.pl/oi/5b/65/3fdb90_aadb_cover@2x-3-pokojowe-mieszkanie-wroclaw-stare-miasto-ul-kotlarska.webp
Wrocław,Stare Miasto,2,48,639000,13312,Pośrednik,,15,https://adresowo.pl/o/mieszkanie-wroclaw-stare-miasto-2-pokojowe-48-m2-s6n4p8,https://s2.adresowa.pl/oi/31/43/3fd8c8_784f_cover@2x-2-pokojowe-mieszkanie-wroclaw-stare-miasto.webp
Wrocław Brochów,ul. Syryjska,2,42,660000,15714,bez pośredników,,9,https://adresowo.pl/o/mieszkanie-wroclaw-brochow-ul-syryjska-2-pokojowe-r6j8g8,https://s2.adresowa.pl/oi/66/60/404960_3f3b_cover@2x-2-pokojowe-mieszkanie-wroclaw-brochow-ul-syryjska.webp
Wrocław Krzyki,ul. Stanisława Drabika,3,60,920000,15333,bez pośredników,,19,https://adresowo.pl/o/mieszkanie-wroclaw-krzyki-ul-stanislawa-drabika-3-pokojowe-x3k1j4,https://s2.adresowa.pl/oi/2c/40/404942_c62a_cover@2x-3-pokojowe-mieszkanie-wroclaw-krzyki-ul-stanislawa-drabika.webp
Wrocław Psie Pole,ul. Waniliowa,2,41,650000,15854,bez pośredników,,15,https://adresowo.pl/o/mieszkanie-wroclaw-psie-pole-ul-waniliowa-2-pokojowe-i9c1n2,https://s2.adresowa.pl/oi/51/57/4048fa_f144_cover@2x-2-pokojowe-mieszkanie-wroclaw-psie-pole-ul-waniliowa.webp
Wrocław,ul. Tymiankowa,4,94,871463,9271,Pośrednik,,5,https://adresowo.pl/o/mieszkanie-wroclaw-ul-tymiankowa-4-pokojowe-u2o8l9,https://s2.adresowa.pl/oi/4e/5f/3fd6aa_d400_cover@2x-4-pokojowe-mieszkanie-wroclaw-ul-tymiankowa.webp
Wrocław Krzyki,ul. Powstańców Śląskich,3,61,800000,13115,Pośrednik,,46,https://adresowo.pl/o/mieszkanie-wroclaw-krzyki-ul-powstancow-slaskich-3-pokojowe-o7v4v4,https://s2.adresowa.pl/oi/50/28/3fd0bc_cd07_cover@2x-3-pokojowe-mieszkanie-wroclaw-krzyki-ul-powstancow-slaskich.webp
Wrocław Krzyki,ul. Gajowa,3,46,615000,13370,bez pośredników,,21,https://adresowo.pl/o/mieszkanie-wroclaw-krzyki-ul-gajowa-3-pokojowe-p2u6s3,https://s2.adresowa.pl/oi/4c/7e/40abbc_7bcf_cover@2x-3-pokojowe-mieszkanie-wroclaw-krzyki-ul-gajowa.webp
Wrocław Swojczyce,ul. Chałupnicza,2,32,525000,16406,bez pośredników,,9,https://adresowo.pl/o/mieszkanie-wroclaw-swojczyce-ul-chalupnicza-2-pokojowe-g2m5j8,https://s2.adresowa.pl/oi/21/44/40484a_6a80_cover@2x-2-pokojowe-mieszkanie-wroclaw-swojczyce-ul-chalupnicza.webp
Wrocław Śródmieście,ul. Ludwika Rydygiera,3,60,779000,12983,bez pośredników,,10,https://adresowo.pl/o/mieszkanie-wroclaw-srodmiescie-ul-ludwika-rydygiera-3-pokojowe-y7e4d5,https://s2.adresowa.pl/oi/5e/30/40479a_6e9d_cover@2x-3-pokojowe-mieszkanie-wroclaw-srodmiescie-ul-ludwika-rydygiera.webp
Wrocław Ołbin,ul. kard. Stefana Wyszyńskiego,2,46,664000,14435,bez pośredników,,20,https://adresowo.pl/o/mieszkanie-wroclaw-olbin-ul-kard-stefana-wyszynskiego-2-pokojowe-x2a5x6,https://s2.adresowa.pl/oi/33/43/404714_3531_cover@2x-2-pokojowe-mieszkanie-wroclaw-olbin-ul-kard-stefana-wyszynskiego.webp
Wrocław,Gądów Mały,9,185,1205100,6514,Pośrednik,,9,https://adresowo.pl/o/mieszkanie-wroclaw-gadow-maly-9-pokojowe-185-m2-i4m8p0,https://s2.adresowa.pl/oi/5e/1d/3fd01e_8a66_cover@2x-9-pokojowe-mieszkanie-wroclaw-gadow-maly.webp
Wrocław Krzyki,ul. Drukarska,2,38,515000,13553,Pośrednik,,9,https://adresowo.pl/o/mieszkanie-wroclaw-krzyki-ul-drukarska-2-pokojowe-r6w5s1,https://s2.adresowa.pl/oi/2d/34/3fcc70_c2d5_cover@2x-2-pokojowe-mieszkanie-wroclaw-krzyki-ul-drukarska.webp
Wrocław Stare Miasto,ul. Lwowska,2,37,459000,12405,bez pośredników,,8,https://adresowo.pl/o/mieszkanie-wroclaw-stare-miasto-ul-lwowska-2-pokojowe-l7y1a6,https://s2.adresowa.pl/oi/11/70/404706_bfe8_cover@2x-2-pokojowe-mieszkanie-wroclaw-stare-miasto-ul-lwowska.webp
Wrocław Krzyki,ul. Antonia Vivaldiego,2,55,659999,12000,bez pośredników,,19,https://adresowo.pl/o/mieszkanie-wroclaw-krzyki-ul-antonia-vivaldiego-2-pokojowe-s5h3s9,https://s2.adresowa.pl/oi/2d/60/4046c6_3077_cover@2x-2-pokojowe-mieszkanie-wroclaw-krzyki-ul-antonia-vivaldiego.webp
Wrocław Śródmieście,ul. Benedykta Polaka,3,58,1299000,22397,bez pośredników,,18,https://adresowo.pl/o/mieszkanie-wroclaw-srodmiescie-ul-benedykta-polaka-3-pokojowe-z4d6s2,https://s2.adresowa.pl/oi/51/13/404540_e235_cover@2x-3-pokojowe-mieszkanie-wroclaw-srodmiescie-ul-benedykta-polaka.webp
Wrocław Poświętne,ul. Poświęcka,3,70,799000,11414,Pośrednik,,10,https://adresowo.pl/o/mieszkanie-wroclaw-poswietne-ul-poswiecka-3-pokojowe-u0y1o4,https://s2.adresowa.pl/oi/15/6e/3fc3ac_6b35_cover@2x-3-pokojowe-mieszkanie-wroclaw-poswietne-ul-poswiecka.webp
Wrocław,ul. Łaciarska,2,45,649000,14422,Pośrednik,,21,https://adresowo.pl/o/mieszkanie-wroclaw-ul-laciarska-2-pokojowe-r1l5y0,https://s2.adresowa.pl/oi/2c/39/3fc15c_8253_cover@2x-2-pokojowe-mieszkanie-wroclaw-ul-laciarska.webp
Wrocław Fabryczna,ul. Stalowowolska,3,65,670000,10308,bez pośredników,,8,https://adresowo.pl/o/mieszkanie-wroclaw-fabryczna-ul-stalowowolska-3-pokojowe-l2q9m7,https://s2.adresowa.pl/oi/68/71/40452c_3fd3_cover@2x-3-pokojowe-mieszkanie-wroclaw-fabryczna-ul-stalowowolska.webp
Wrocław Ołbin,ul. Mikołaja Reja,4,79,849000,10747,bez pośredników,,10,https://adresowo.pl/o/mieszkanie-wroclaw-olbin-ul-mikolaja-reja-4-pokojowe-f0j3m1,https://s2.adresowa.pl/oi/7e/2f/4044fe_b973_cover@2x-4-pokojowe-mieszkanie-wroclaw-olbin-ul-mikolaja-reja.webp
Wrocław Fabryczna,ul. Ruczajowa,3,58,935000,16121,bez pośredników,,20,https://adresowo.pl/o/mieszkanie-wroclaw-fabryczna-ul-ruczajowa-3-pokojowe-a4t7y1,https://s2.adresowa.pl/oi/71/60/4044b0_ae99_cover@2x-3-pokojowe-mieszkanie-wroclaw-fabryczna-ul-ruczajowa.webp
Wrocław Gaj,ul. Strońska,4,73,809000,11082,Pośrednik,,22,https://adresowo.pl/o/mieszkanie-wroclaw-gaj-ul-stronska-4-pokojowe-r3x4u9,https://s2.adresowa.pl/oi/39/3d/3fbd5a_f6e5_cover@2x-4-pokojowe-mieszkanie-wroclaw-gaj-ul-stronska.webp
Wrocław,Stare Miasto,2,39,500000,12821,Pośrednik,,11,https://adresowo.pl/o/mieszkanie-wroclaw-stare-miasto-2-pokojowe-39-m2-r5s8q0,https://s2.adresowa.pl/oi/7f/7e/3fbb6a_ec33_cover@2x-2-pokojowe-mieszkanie-wroclaw-stare-miasto.webp
Wrocław Księże Wielkie,ul. Siemianowicka,3,58,840000,14483,bez pośredników,,14,https://adresowo.pl/o/mieszkanie-wroclaw-ksieze-wielkie-ul-siemianowicka-3-pokojowe-n8v5x8,https://s2.adresowa.pl/oi/1a/15/4044a2_94d9_cover@2x-3-pokojowe-mieszkanie-wroclaw-ksieze-wielkie-ul-siemianowicka.webp
Wrocław Śródmieście,ul. Nowowiejska,2,42,669000,15929,bez pośredników,,10,https://adresowo.pl/o/mieszkanie-wroclaw-srodmiescie-ul-nowowiejska-2-pokojowe-r6q7c8,https://s2.adresowa.pl/oi/6f/4f/40434c_cca1_cover@2x-2-pokojowe-mieszkanie-wroclaw-srodmiescie-ul-nowowiejska.webp
Wrocław Muchobór Wielki,ul. Jurija Gagarina,2,37,580000,15676,bez pośredników,,7,https://adresowo.pl/o/mieszkanie-wroclaw-muchobor-wielki-ul-jurija-gagarina-2-pokojowe-y9v2m7,https://s2.adresowa.pl/oi/16/44/404008_7273_cover@2x-2-pokojowe-mieszkanie-wroclaw-muchobor-wielki-ul-jurija-gagarina.webp
Wrocław Księże Wielkie,ul. Opolska,2,36,530000,14722,Pośrednik,,13,https://adresowo.pl/o/mieszkanie-wroclaw-ksieze-wielkie-ul-opolska-2-pokojowe-p7y5r5,https://s2.adresowa.pl/oi/64/21/3fb5bc_691a_cover@2x-2-pokojowe-mieszkanie-wroclaw-ksieze-wielkie-ul-opolska.webp
Wrocław Psie Pole,ul. Zaułek Rogoziński 11B,2,49,629000,12837,Pośrednik,,11,https://adresowo.pl/o/mieszkanie-wroclaw-psie-pole-ul-zaulek-rogozinski-2-pokojowe-b5t3b1,https://s2.adresowa.pl/oi/4b/73/3fb598_99be_cover@2x-2-pokojowe-mieszkanie-wroclaw-psie-pole-ul-zaulek-rogozinski.webp
Wrocław Krzyki,ul. Stanisława Drabika,3,63,1188000,18857,bez pośredników,,23,https://adresowo.pl/o/mieszkanie-wroclaw-krzyki-ul-stanislawa-drabika-3-pokojowe-r3j9h7,https://s2.adresowa.pl/oi/37/75/403f6c_64b5_cover@2x-3-pokojowe-mieszkanie-wroclaw-krzyki-ul-stanislawa-drabika.webp
Wrocław Fabryczna,ul. Jodłowicka,3,59,845000,14322,bez pośredników,,11,https://adresowo.pl/o/mieszkanie-wroclaw-fabryczna-ul-jodlowicka-3-pokojowe-s7s5b8,https://s2.adresowa.pl/oi/6f/4d/403e82_5634_cover@2x-3-pokojowe-mieszkanie-wroclaw-fabryczna-ul-jodlowicka.webp
Wrocław Zacisze,ul. ks. Emila Szramka,3,93,1750000,18817,bez pośredników,,18,https://adresowo.pl/o/mieszkanie-wroclaw-zacisze-ul-ks-emila-szramka-3-pokojowe-k2a1k9,https://s2.adresowa.pl/oi/2d/16/403d4a_a3d5_cover@2x-3-pokojowe-mieszkanie-wroclaw-zacisze-ul-ks-emila-szramka.webp
Wrocław Żerniki,ul. Rumiankowa,20,631,5000000,7924,Pośrednik,,8,https://adresowo.pl/o/mieszkanie-wroclaw-zerniki-ul-rumiankowa-20-pokojowe-g6k9y1,https://s2.adresowa.pl/oi/14/41/3fb544_a61e_cover@2x-20-pokojowe-mieszkanie-wroclaw-zerniki-ul-rumiankowa.webp
Wrocław Śródmieście,ul. Franklina Delano Roosevelta 30,2,50,564000,11280,Pośrednik,,14,https://adresowo.pl/o/mieszkanie-wroclaw-srodmiescie-ul-franklina-delano-roosevelta-2-pokojowe-i6k5l1,https://s2.adresowa.pl/oi/63/6e/3fb48a_9901_cover@2x-2-pokojowe-mieszkanie-wroclaw-srodmiescie-ul-franklina-delano-roosevelta.webp
Wrocław Krzyki,ul. Powstańców Śląskich,2,46,639000,13891,bez pośredników,,11,https://adresowo.pl/o/mieszkanie-wroclaw-krzyki-ul-powstancow-slaskich-2-pokojowe-o9f8x1,https://s2.adresowa.pl/oi/5d/14/403e20_a15c_cover@2x-2-pokojowe-mieszkanie-wroclaw-krzyki-ul-powstancow-slaskich.webp
Wrocław Psie Pole,ul. Ludwika Kubali,3,56,718900,12838,bez pośredników,,20,https://adresowo.pl/o/mieszkanie-wroclaw-psie-pole-ul-ludwika-kubali-3-pokojowe-h1d9d0,https://s2.adresowa.pl/oi/68/4d/403ddc_b058_cover@2x-3-pokojowe-mieszkanie-wroclaw-psie-pole-ul-ludwika-kubali.webp
Wrocław Huby,ul. Ciepła,5,80,939000,11738,bez pośredników,,18,https://adresowo.pl/o/mieszkanie-wroclaw-huby-ul-ciepla-5-pokojowe-r4m1c6,https://s2.adresowa.pl/oi/53/6d/403d80_84ca_cover@2x-5-pokojowe-mieszkanie-wroclaw-huby-ul-ciepla.webp
Wrocław Ołtaszyn,ul. Łubinowa,3,76,959982,12631,Pośrednik,,16,https://adresowo.pl/o/mieszkanie-wroclaw-oltaszyn-ul-lubinowa-3-pokojowe-f0u5f2,https://s2.adresowa.pl/oi/66/79/3fa7a6_7a71_cover@2x-3-pokojowe-mieszkanie-wroclaw-oltaszyn-ul-lubinowa.webp
Wrocław Krzyki,ul. Szczęśliwa,2,67,620000,9254,Pośrednik,,9,https://adresowo.pl/o/mieszkanie-wroclaw-krzyki-ul-szczesliwa-2-pokojowe-m5q6v8,https://s2.adresowa.pl/oi/30/15/3f9d48_d822_cover@2x-2-pokojowe-mieszkanie-wroclaw-krzyki-ul-szczesliwa.webp
Wrocław Stare Miasto,ul. Kurkowa,3,64,739000,11547,bez pośredników,,8,https://adresowo.pl/o/mieszkanie-wroclaw-stare-miasto-ul-kurkowa-3-pokojowe-z3q7k3,https://s2.adresowa.pl/oi/3c/76/403d66_e39c_cover@2x-3-pokojowe-mieszkanie-wroclaw-stare-miasto-ul-kurkowa.webp
Wrocław Stare Miasto,ul. Krawiecka,1,22,404500,18386,bez pośredników,,14,https://adresowo.pl/o/mieszkanie-wroclaw-stare-miasto-ul-krawiecka-1-pokoj-f8r3a9,https://s2.adresowa.pl/oi/54/61/403c90_79a4_cover@2x-1-pokojowe-mieszkanie-wroclaw-stare-miasto-ul-krawiecka.webp
Wrocław Stare Miasto,ul. Komuny Paryskiej,1,34,478000,14059,bez pośredników,,6,https://adresowo.pl/o/mieszkanie-wroclaw-stare-miasto-ul-komuny-paryskiej-1-pokoj-q3b3l4,https://s2.adresowa.pl/oi/75/32/403c36_ea07_cover@2x-1-pokojowe-mieszkanie-wroclaw-stare-miasto-ul-komuny-paryskiej.webp
Wrocław,Szczepin,2,25,375000,15000,Pośrednik,,5,https://adresowo.pl/o/mieszkanie-wroclaw-szczepin-2-pokojowe-25-m2-d0p5m7,https://s2.adresowa.pl/oi/68/10/3f9d14_dc94_cover@2x-2-pokojowe-mieszkanie-wroclaw-szczepin.webp
Wrocław Stare Miasto,ul. Legnicka,3,58,779000,13431,Pośrednik,,4,https://adresowo.pl/o/mieszkanie-wroclaw-stare-miasto-ul-legnicka-3-pokojowe-q2l5t3,https://s2.adresowa.pl/oi/73/16/3f9a8e_8a17_cover@2x-3-pokojowe-mieszkanie-wroclaw-stare-miasto-ul-legnicka.webp
Wrocław Psie Pole,ul. Żmudzka,2,42,537000,12786,bez pośredników,,9,https://adresowo.pl/o/mieszkanie-wroclaw-psie-pole-ul-zmudzka-2-pokojowe-y0r9v4,https://s2.adresowa.pl/oi/47/53/403ad4_6ad4_cover@2x-2-pokojowe-mieszkanie-wroclaw-psie-pole-ul-zmudzka.webp
Wrocław Swojczyce,ul. Ameriga Vespucciego,3,60,1150000,19167,bez pośredników,,11,https://adresowo.pl/o/mieszkanie-wroclaw-swojczyce-ul-ameriga-vespucciego-3-pokojowe-s0e4h6,https://s2.adresowa.pl/oi/67/5a/403946_a465_cover@2x-3-pokojowe-mieszkanie-wroclaw-swojczyce-ul-ameriga-vespucciego.webp
Wrocław Stare Miasto,ul. Głogowska,1,27,440000,16296,bez pośredników,,18,https://adresowo.pl/o/mieszkanie-wroclaw-stare-miasto-ul-glogowska-1-pokoj-s9p0a9,https://s2.adresowa.pl/oi/2f/68/40345c_da4a_cover@2x-1-pokojowe-mieszkanie-wroclaw-stare-miasto-ul-glogowska.webp
Wrocław Klecina,ul. Kobierzycka,2,49,645000,13163,Pośrednik,,15,https://adresowo.pl/o/mieszkanie-wroclaw-klecina-ul-kobierzycka-2-pokojowe-u3k5n4,https://s2.adresowa.pl/oi/43/12/3f9364_b5f8_cover@2x-2-pokojowe-mieszkanie-wroclaw-klecina-ul-kobierzycka.webp
Wrocław,Maślice,3,51,649000,12725,Pośrednik,,8,https://adresowo.pl/o/mieszkanie-wroclaw-maslice-3-pokojowe-51-m2-o5l4e1,https://s2.adresowa.pl/oi/28/16/3f8bee_8ebf_cover@2x-3-pokojowe-mieszkanie-wroclaw-maslice.webp
Wrocław Klecina,ul. Kobierzycka,2,40,499000,12475,bez pośredników,,7,https://adresowo.pl/o/mieszkanie-wroclaw-klecina-ul-kobierzycka-2-pokojowe-z6r5t7,https://s2.adresowa.pl/oi/3e/2e/4033da_dfd7_cover@2x-2-pokojowe-mieszkanie-wroclaw-klecina-ul-kobierzycka.webp
Wrocław,Krzyki,3,53,769000,14509,bez pośredników,,8,https://adresowo.pl/o/mieszkanie-wroclaw-krzyki-3-pokojowe-53-m2-k8p4m4,https://s2.adresowa.pl/oi/42/7c/4032cc_6869_cover@2x-3-pokojowe-mieszkanie-wroclaw-krzyki.webp
Wrocław Stare Miasto,ul. Ścinawska,1,25,420000,16800,bez pośredników,,9,https://adresowo.pl/o/mieszkanie-wroclaw-stare-miasto-ul-scinawska-1-pokoj-o0t2f9,https://s2.adresowa.pl/oi/12/58/40326c_51bb_cover@2x-1-pokojowe-mieszkanie-wroclaw-stare-miasto-ul-scinawska.webp
Wrocław Jagodno,ul. Stanisława Drabika,2,36,599000,16639,Pośrednik,,45,https://adresowo.pl/o/mieszkanie-wroclaw-jagodno-ul-stanislawa-drabika-2-pokojowe-x2a3d0,https://s2.adresowa.pl/oi/43/4c/3f8be6_3423_cover@2x-2-pokojowe-mieszkanie-wroclaw-jagodno-ul-stanislawa-drabika.webp
Wrocław Krzyki,ul. gen. Antoniego Madalińskiego,2,40,745000,18625,Pośrednik,,7,https://adresowo.pl/o/mieszkanie-wroclaw-krzyki-ul-gen-antoniego-madalinskiego-2-pokojowe-r1d0q9,https://s2.adresowa.pl/oi/6e/1e/3f8ae8_8669_cover@2x-2-pokojowe-mieszkanie-wroclaw-krzyki-ul-gen-antoniego-madalinskiego.webp
Wrocław Muchobór Wielki,ul. Stanisława Kunickiego,3,60,888888,14815,bez pośredników,,10,https://adresowo.pl/o/mieszkanie-wroclaw-muchobor-wielki-ul-stanislawa-kunickiego-3-pokojowe-x1a7f0,https://s2.adresowa.pl/oi/26/43/4031d8_867e_cover@2x-3-pokojowe-mieszkanie-wroclaw-muchobor-wielki-ul-stanislawa-kunickiego.webp
Wrocław Krzyki,ul. Tadeusza Kościuszki,2,48,875000,18229,bez pośredników,,17,https://adresowo.pl/o/mieszkanie-wroclaw-krzyki-ul-tadeusza-kosciuszki-2-pokojowe-o1n6r5,https://s2.adresowa.pl/oi/50/22/402ee0_e048_cover@2x-2-pokojowe-mieszkanie-wroclaw-krzyki-ul-tadeusza-kosciuszki.webp
Wrocław Psie Pole,ul. Antoniego Słonimskiego,2,29,630000,21724,bez pośredników,,11,https://adresowo.pl/o/mieszkanie-wroclaw-psie-pole-ul-antoniego-slonimskiego-2-pokojowe-q0d4o4,https://s2.adresowa.pl/oi/3d/2b/402e06_ccea_cover@2x-2-pokojowe-mieszkanie-wroclaw-psie-pole-ul-antoniego-slonimskiego.webp
Wrocław Kuźniki,ul. Sarbinowska,2,36,379699,10547,Pośrednik,,13,https://adresowo.pl/o/mieszkanie-wroclaw-kuzniki-ul-sarbinowska-2-pokojowe-y3b6p7,https://s2.adresowa.pl/oi/36/1d/3f8144_8e73_cover@2x-2-pokojowe-mieszkanie-wroclaw-kuzniki-ul-sarbinowska.webp
Wrocław Fabryczna,ul. Icchaka Lejba Pereca,2,51,650000,12745,Pośrednik,,13,https://adresowo.pl/o/mieszkanie-wroclaw-fabryczna-ul-icchaka-lejba-pereca-2-pokojowe-o1v9g5,https://s2.adresowa.pl/oi/66/52/3f7b94_d74d_cover@2x-2-pokojowe-mieszkanie-wroclaw-fabryczna-ul-icchaka-lejba-pereca.webp
Wrocław Ołbin,ul. Henryka Sienkiewicza,2,66,835000,12652,bez pośredników,,7,https://adresowo.pl/o/mieszkanie-wroclaw-olbin-ul-henryka-sienkiewicza-2-pokojowe-s2l2m8,https://s2.adresowa.pl/oi/49/57/402d16_fd00_cover@2x-2-pokojowe-mieszkanie-wroclaw-olbin-ul-henryka-sienkiewicza.webp
Wrocław Stare Miasto,ul. Inżynierska,2,41,640000,15610,bez pośredników,,8,https://adresowo.pl/o/mieszkanie-wroclaw-stare-miasto-ul-inzynierska-2-pokojowe-g7w4k2,https://s2.adresowa.pl/oi/29/1e/402d02_43a1_cover@2x-2-pokojowe-mieszkanie-wroclaw-stare-miasto-ul-inzynierska.webp
Wrocław Śródmieście,ul. Mikołaja Sępa-Szarzyńskiego,2,52,750000,14423,bez pośredników,,11,https://adresowo.pl/o/mieszkanie-wroclaw-srodmiescie-ul-mikolaja-sepa-szarzynskiego-2-pokojowe-c2p4h1,https://s2.adresowa.pl/oi/67/41/402cee_3743_cover@2x-2-pokojowe-mieszkanie-wroclaw-srodmiescie-ul-mikolaja-sepa-szarzynskiego.webp
Wrocław,ul. gen. Romualda Traugutta 66,3,75,650000,8667,Pośrednik,,19,https://adresowo.pl/o/mieszkanie-wroclaw-ul-gen-romualda-traugutta-3-pokojowe-x4l6o4,https://s2.adresowa.pl/oi/73/70/3f7780_ced4_cover@2x-3-pokojowe-mieszkanie-wroclaw-ul-gen-romualda-traugutta.webp
Wrocław,Brochów,4,75,949000,12653,Pośrednik,,18,https://adresowo.pl/o/mieszkanie-wroclaw-brochow-4-pokojowe-75-m2-o8z4r3,https://s2.adresowa.pl/oi/51/44/3f7500_a0ba_cover@2x-4-pokojowe-mieszkanie-wroclaw-brochow.webp
Wrocław Sołtysowice,ul. Sołtysowicka,1,17,310000,18235,bez pośredników,,8,https://adresowo.pl/o/mieszkanie-wroclaw-soltysowice-ul-soltysowicka-1-pokoj-r5y9b4,https://s2.adresowa.pl/oi/2f/18/402c2e_c55d_cover@2x-1-pokojowe-mieszkanie-wroclaw-soltysowice-ul-soltysowicka.webp
Wrocław,Stare Miasto,1,47,749000,15936,bez pośredników,,7,https://adresowo.pl/o/mieszkanie-wroclaw-stare-miasto-1-pokoj-47-m2-q0h3h8,https://s2.adresowa.pl/oi/6a/3c/402aea_aec7_cover@2x-1-pokojowe-mieszkanie-wroclaw-stare-miasto.webp
Wrocław Ołtaszyn,ul. Marcelego Nenckiego,3,50,799000,15980,bez pośredników,,21,https://adresowo.pl/o/mieszkanie-wroclaw-oltaszyn-ul-marcelego-nenckiego-3-pokojowe-s8u7n0,https://s2.adresowa.pl/oi/50/38/402a04_3463_cover@2x-3-pokojowe-mieszkanie-wroclaw-oltaszyn-ul-marcelego-nenckiego.webp
Wrocław Krzyki,ul. Wambierzycka,2,48,685000,14271,Pośrednik,,20,https://adresowo.pl/o/mieszkanie-wroclaw-krzyki-ul-wambierzycka-2-pokojowe-f7x8t5,https://s2.adresowa.pl/oi/35/58/3f7114_a1a8_cover@2x-2-pokojowe-mieszkanie-wroclaw-krzyki-ul-wambierzycka.webp
Wrocław Szczepin,ul. gen. Władysława Sikorskiego,4,130,2810265,21617,Pośrednik,,15,https://adresowo.pl/o/mieszkanie-wroclaw-szczepin-ul-gen-wladyslawa-sikorskiego-4-pokojowe-h4t3o8,https://s2.adresowa.pl/oi/1a/59/3f70ee_64ae_cover@2x-4-pokojowe-mieszkanie-wroclaw-szczepin-ul-gen-wladyslawa-sikorskiego.webp
Wrocław Stare Miasto,ul. Zachodnia,2,39,499000,12795,bez pośredników,,11,https://adresowo.pl/o/mieszkanie-wroclaw-stare-miasto-ul-zachodnia-2-pokojowe-z5c0y9,https://s2.adresowa.pl/oi/79/1e/402808_b3bb_cover@2x-2-pokojowe-mieszkanie-wroclaw-stare-miasto-ul-zachodnia.webp
Wrocław Śródmieście,ul. Stanisława Dubois,2,37,567000,15324,bez pośredników,,10,https://adresowo.pl/o/mieszkanie-wroclaw-srodmiescie-ul-stanislawa-dubois-2-pokojowe-a0k1t0,https://s2.adresowa.pl/oi/46/29/4029c0_60c7_cover@2x-2-pokojowe-mieszkanie-wroclaw-srodmiescie-ul-stanislawa-dubois.webp
Wrocław Muchobór Wielki,ul. Jurija Gagarina,3,67,920000,13731,bez pośredników,,21,https://adresowo.pl/o/mieszkanie-wroclaw-muchobor-wielki-ul-jurija-gagarina-3-pokojowe-l3b3s1,https://s2.adresowa.pl/oi/44/48/402772_8d24_cover@2x-3-pokojowe-mieszkanie-wroclaw-muchobor-wielki-ul-jurija-gagarina.webp
Wrocław,ul. Norberta Barlickiego,2,60,648999,10817,Pośrednik,,10,https://adresowo.pl/o/mieszkanie-wroclaw-ul-norberta-barlickiego-2-pokojowe-v7u6y6,https://s2.adresowa.pl/oi/1c/3a/3f70da_7f87_cover@2x-2-pokojowe-mieszkanie-wroclaw-ul-norberta-barlickiego.webp
Wrocław,Krzyki,4,135,2069000,15326,Pośrednik,,24,https://adresowo.pl/o/mieszkanie-wroclaw-krzyki-4-pokojowe-135-m2-e7n3i4,https://s2.adresowa.pl/oi/68/6c/3f6d94_9e44_cover@2x-4-pokojowe-mieszkanie-wroclaw-krzyki.webp
Wrocław Muchobór Wielki,ul. Marka Hłaski,3,67,799000,11925,bez pośredników,,20,https://adresowo.pl/o/mieszkanie-wroclaw-muchobor-wielki-ul-marka-hlaski-3-pokojowe-v2x3g6,https://s2.adresowa.pl/oi/44/4b/402740_e6c9_cover@2x-3-pokojowe-mieszkanie-wroclaw-muchobor-wielki-ul-marka-hlaski.webp
Wrocław,Krzyki,1,29,419000,14448,bez pośredników,,9,https://adresowo.pl/o/mieszkanie-wroclaw-krzyki-1-pokoj-29-m2-g2l1t3,https://s2.adresowa.pl/oi/57/6c/402608_965c_cover@2x-1-pokojowe-mieszkanie-wroclaw-krzyki.webp
Wrocław Fabryczna,ul. Niedźwiedzia,3,64,700000,10938,bez pośredników,,11,https://adresowo.pl/o/mieszkanie-wroclaw-fabryczna-ul-niedzwiedzia-3-pokojowe-k9i9i8,https://s2.adresowa.pl/oi/69/46/4025fa_d419_cover@2x-3-pokojowe-mieszkanie-wroclaw-fabryczna-ul-niedzwiedzia.webp
Wrocław Krzyki,ul. Życzliwa,3,56,789000,14089,Pośrednik,,13,https://adresowo.pl/o/mieszkanie-wroclaw-krzyki-ul-zyczliwa-3-pokojowe-m8p6e0,https://s2.adresowa.pl/oi/42/78/3f6d64_ac40_cover@2x-3-pokojowe-mieszkanie-wroclaw-krzyki-ul-zyczliwa.webp
Wrocław Śródmieście,ul. Śrutowa,4,106,2200000,20755,Pośrednik,,33,https://adresowo.pl/o/mieszkanie-wroclaw-srodmiescie-ul-srutowa-4-pokojowe-k6v6j0,https://s2.adresowa.pl/oi/4a/54/3f5fb4_66a5_cover@2x-4-pokojowe-mieszkanie-wroclaw-srodmiescie-ul-srutowa.webp
Wrocław Fabryczna,al. Pracy,1,29,389000,13414,bez pośredników,,7,https://adresowo.pl/o/mieszkanie-wroclaw-fabryczna-al-pracy-1-pokoj-y6g2j4,https://s2.adresowa.pl/oi/15/60/4025e2_8a0a_cover@2x-1-pokojowe-mieszkanie-wroclaw-fabryczna-al-pracy.webp
Wrocław Fabryczna,pl. Srebrny,2,36,500000,13889,bez pośredników,,9,https://adresowo.pl/o/mieszkanie-wroclaw-fabryczna-pl-srebrny-2-pokojowe-e0h3v7,https://s2.adresowa.pl/oi/2a/38/4025d6_a78a_cover@2x-2-pokojowe-mieszkanie-wroclaw-fabryczna-pl-srebrny.webp
Wrocław Stare Miasto,ul. Tęczowa,2,48,816000,17000,bez pośredników,,18,https://adresowo.pl/o/mieszkanie-wroclaw-stare-miasto-ul-teczowa-2-pokojowe-n7i3n2,https://s2.adresowa.pl/oi/41/30/40254e_dc40_cover@2x-2-pokojowe-mieszkanie-wroclaw-stare-miasto-ul-teczowa.webp
Wrocław Śródmieście,ul. Legnicka,4,79,1175253,14877,Pośrednik,,6,https://adresowo.pl/o/mieszkanie-wroclaw-srodmiescie-ul-legnicka-4-pokojowe-x3r3g0,https://s2.adresowa.pl/oi/22/65/3f5bd8_d5b2_cover@2x-4-pokojowe-mieszkanie-wroclaw-srodmiescie-ul-legnicka.webp
Wrocław Fabryczna,ul. Skwierzyńska,3,56,619000,11054,Pośrednik,,50,https://adresowo.pl/o/mieszkanie-wroclaw-fabryczna-ul-skwierzynska-3-pokojowe-v9r7r5,https://s2.adresowa.pl/oi/39/2a/3f5750_88dc_cover@2x-3-pokojowe-mieszkanie-wroclaw-fabryczna-ul-skwierzynska.webp
Wrocław Krzyki,ul. Tomaszowska,1,17,355000,20882,bez pośredników,,6,https://adresowo.pl/o/mieszkanie-wroclaw-krzyki-ul-tomaszowska-1-pokoj-p2m9q8,https://s2.adresowa.pl/oi/54/6f/402520_b7b8_cover@2x-1-pokojowe-mieszkanie-wroclaw-krzyki-ul-tomaszowska.webp
Wrocław Maślice,ul. Zawidowska,4,70,959000,13700,bez pośredników,,12,https://adresowo.pl/o/mieszkanie-wroclaw-maslice-ul-zawidowska-4-pokojowe-y7r8n9,https://s2.adresowa.pl/oi/61/57/4024dc_3c7e_cover@2x-4-pokojowe-mieszkanie-wroclaw-maslice-ul-zawidowska.webp
Wrocław Huby,ul. Przestrzenna,1,24,449000,18708,bez pośredników,,1,https://adresowo.pl/o/mieszkanie-wroclaw-huby-ul-przestrzenna-1-pokoj-v3w8k3,https://s2.adresowa.pl/oi/7f/30/402346_8238_cover@2x-1-pokojowe-mieszkanie-wroclaw-huby-ul-przestrzenna.webp
Wrocław,,3,52,599000,11519,Pośrednik,,8,https://adresowo.pl/o/mieszkanie-wroclaw-3-pokojowe-52-m2-y9k3l1,https://s2.adresowa.pl/oi/43/49/3f53de_63d7_cover@2x-3-pokojowe-mieszkanie-wroclaw.webp
Wrocław Jagodno,ul. Edmunda Kajdasza,4,92,1056775,11487,Pośrednik,,13,https://adresowo.pl/o/mieszkanie-wroclaw-jagodno-ul-edmunda-kajdasza-4-pokojowe-r6q8q5,https://s2.adresowa.pl/oi/6e/5f/3f519c_67b6_cover@2x-4-pokojowe-mieszkanie-wroclaw-jagodno-ul-edmunda-kajdasza.webp
Wrocław Leśnica,ul. Alojzego Majchra,3,54,600000,11111,bez pośredników,,10,https://adresowo.pl/o/mieszkanie-wroclaw-lesnica-ul-alojzego-majchra-3-pokojowe-m0c5z6,https://s2.adresowa.pl/oi/64/2b/4021da_42dd_cover@2x-3-pokojowe-mieszkanie-wroclaw-lesnica-ul-alojzego-majchra.webp
Wrocław Krzyki,ul. Szarugi,3,71,990000,13944,bez pośredników,,12,https://adresowo.pl/o/mieszkanie-wroclaw-krzyki-ul-szarugi-3-pokojowe-k3s6d0,https://s2.adresowa.pl/oi/24/14/401ebc_29db_cover@2x-3-pokojowe-mieszkanie-wroclaw-krzyki-ul-szarugi.webp
Wrocław Stare Miasto,ul. Stefana Czarnieckiego,3,49,639000,13041,bez pośredników,,8,https://adresowo.pl/o/mieszkanie-wroclaw-stare-miasto-ul-stefana-czarnieckiego-3-pokojowe-i7e5y4,https://s2.adresowa.pl/oi/3f/33/401c22_ac1e_cover@2x-3-pokojowe-mieszkanie-wroclaw-stare-miasto-ul-stefana-czarnieckiego.webp
Wrocław Gądów Mały,ul. Legnicka,1,33,519000,15727,Pośrednik,,12,https://adresowo.pl/o/mieszkanie-wroclaw-gadow-maly-ul-legnicka-1-pokoj-a6o8i3,https://s2.adresowa.pl/oi/29/2b/3f4b86_9b9c_cover@2x-1-pokojowe-mieszkanie-wroclaw-gadow-maly-ul-legnicka.webp
Wrocław Stare Miasto,ul. Księcia Witolda,3,115,7000000,60870,Pośrednik,,16,https://adresowo.pl/o/mieszkanie-wroclaw-stare-miasto-ul-ksiecia-witolda-3-pokojowe-c8d9r1,https://s2.adresowa.pl/oi/69/7a/3f3fe6_c5ec_cover@2x-3-pokojowe-mieszkanie-wroclaw-stare-miasto-ul-ksiecia-witolda.webp
Wrocław Psie Pole,ul. Grudziądzka,3,50,525000,10500,bez pośredników,,19,https://adresowo.pl/o/mieszkanie-wroclaw-psie-pole-ul-grudziadzka-3-pokojowe-e7g2f5,https://s2.adresowa.pl/oi/51/77/401bc0_a881_cover@2x-3-pokojowe-mieszkanie-wroclaw-psie-pole-ul-grudziadzka.webp
Wrocław Krzyki,ul. Braterska,2,50,795000,15900,bez pośredników,,17,https://adresowo.pl/o/mieszkanie-wroclaw-krzyki-ul-braterska-2-pokojowe-z7i8l3,https://s2.adresowa.pl/oi/5a/28/401ba2_9642_cover@2x-2-pokojowe-mieszkanie-wroclaw-krzyki-ul-braterska.webp
Wrocław Krzyki,ul. Walońska,3,64,1499000,23422,bez pośredników,,11,https://adresowo.pl/o/mieszkanie-wroclaw-krzyki-ul-walonska-3-pokojowe-v7s2v0,https://s2.adresowa.pl/oi/2b/47/401b84_2a4b_cover@2x-3-pokojowe-mieszkanie-wroclaw-krzyki-ul-walonska.webp
Wrocław Stare Miasto,ul. Łąkowa,2,53,583000,11000,Pośrednik,,18,https://adresowo.pl/o/mieszkanie-wroclaw-stare-miasto-ul-lakowa-2-pokojowe-j7u8f8,https://s2.adresowa.pl/oi/79/43/3f3dd0_3c2e_cover@2x-2-pokojowe-mieszkanie-wroclaw-stare-miasto-ul-lakowa.webp
Wrocław Krzyki,ul. Pigwowa,2,46,899000,19543,Pośrednik,,28,https://adresowo.pl/o/mieszkanie-wroclaw-krzyki-ul-pigwowa-2-pokojowe-n5q1g2,https://s2.adresowa.pl/oi/53/23/3f38b0_ba54_cover@2x-2-pokojowe-mieszkanie-wroclaw-krzyki-ul-pigwowa.webp
Wrocław Stare Miasto,ul. Tadeusza Rejtana 5,2,68,690000,10147,bez pośredników,,9,https://adresowo.pl/o/mieszkanie-wroclaw-stare-miasto-ul-tadeusza-rejtana-2-pokojowe-l5o5s8,https://s2.adresowa.pl/oi/3d/64/40180e_817b_cover@2x-2-pokojowe-mieszkanie-wroclaw-stare-miasto-ul-tadeusza-rejtana.webp
Wrocław Stare Miasto,ul. Żytnia,1,27,380000,14074,bez pośredników,,4,https://adresowo.pl/o/mieszkanie-wroclaw-stare-miasto-ul-zytnia-1-pokoj-a0h6z1,https://s2.adresowa.pl/oi/61/56/4013c4_6005_cover@2x-1-pokojowe-mieszkanie-wroclaw-stare-miasto-ul-zytnia.webp
Wrocław Psie Pole,ul. Kiełczowska,2,47,499000,10617,bez pośredników,,8,https://adresowo.pl/o/mieszkanie-wroclaw-psie-pole-ul-kielczowska-2-pokojowe-y0h5f5,https://s2.adresowa.pl/oi/2e/74/4011f2_6a1f_cover@2x-2-pokojowe-mieszkanie-wroclaw-psie-pole-ul-kielczowska.webp
Wrocław Fabryczna,ul. Mińska,3,59,739997,12542,Pośrednik,,15,https://adresowo.pl/o/mieszkanie-wroclaw-fabryczna-ul-minska-3-pokojowe-u5p5q9,https://s2.adresowa.pl/oi/61/77/3f2556_44ab_cover@2x-3-pokojowe-mieszkanie-wroclaw-fabryczna-ul-minska.webp
Wrocław Śródmieście,ul. Henryka Sienkiewicza,2,44,619000,14068,Pośrednik,,13,https://adresowo.pl/o/mieszkanie-wroclaw-srodmiescie-ul-henryka-sienkiewicza-2-pokojowe-q0l8g4,https://s2.adresowa.pl/oi/64/1b/3f2538_c864_cover@2x-2-pokojowe-mieszkanie-wroclaw-srodmiescie-ul-henryka-sienkiewicza.webp
Wrocław Gaj,ul. Krynicka,2,35,569000,16257,bez pośredników,,13,https://adresowo.pl/o/mieszkanie-wroclaw-gaj-ul-krynicka-2-pokojowe-p1j4h1,https://s2.adresowa.pl/oi/33/43/40109e_9da0_cover@2x-2-pokojowe-mieszkanie-wroclaw-gaj-ul-krynicka.webp
Wrocław Krzyki,ul. ks. Czesława Klimasa,2,42,760000,18095,bez pośredników,,9,https://adresowo.pl/o/mieszkanie-wroclaw-krzyki-ul-ks-czeslawa-klimasa-2-pokojowe-y1u1c4,https://s2.adresowa.pl/oi/65/4c/400d18_af62_cover@2x-2-pokojowe-mieszkanie-wroclaw-krzyki-ul-ks-czeslawa-klimasa.webp
Wrocław Różanka,ul. Bezpieczna,3,55,605000,11000,bez pośredników,,20,https://adresowo.pl/o/mieszkanie-wroclaw-rozanka-ul-bezpieczna-3-pokojowe-w8o1z3,https://s2.adresowa.pl/oi/4a/5f/400c94_be06_cover@2x-3-pokojowe-mieszkanie-wroclaw-rozanka-ul-bezpieczna.webp
Wrocław,Karłowice,3,52,749000,14404,Pośrednik,,17,https://adresowo.pl/o/mieszkanie-wroclaw-karlowice-3-pokojowe-52-m2-x3l8u1,https://s2.adresowa.pl/oi/29/7a/3f232a_3895_cover@2x-3-pokojowe-mieszkanie-wroclaw-karlowice.webp
Wrocław Stare Miasto,ul. Długa,2,46,849000,18457,Pośrednik,,17,https://adresowo.pl/o/mieszkanie-wroclaw-stare-miasto-ul-dluga-2-pokojowe-o7u7z9,https://s2.adresowa.pl/oi/48/1c/3f21dc_7ee5_cover@2x-2-pokojowe-mieszkanie-wroclaw-stare-miasto-ul-dluga.webp
Wrocław Krzyki,ul. Pułtuska,4,76,869000,11434,bez pośredników,,14,https://adresowo.pl/o/mieszkanie-wroclaw-krzyki-ul-pultuska-4-pokojowe-n6a9n1,https://s2.adresowa.pl/oi/5d/4e/400c38_9881_cover@2x-4-pokojowe-mieszkanie-wroclaw-krzyki-ul-pultuska.webp
Wrocław,Stare Miasto,2,35,710000,20286,bez pośredników,,7,https://adresowo.pl/o/mieszkanie-wroclaw-stare-miasto-2-pokojowe-35-m2-b6d3b5,https://s2.adresowa.pl/oi/1a/4d/400c16_4696_cover@2x-2-pokojowe-mieszkanie-wroclaw-stare-miasto.webp
Wrocław Fabryczna,ul. Legnicka,4,64,695000,10859,bez pośredników,,20,https://adresowo.pl/o/mieszkanie-wroclaw-fabryczna-ul-legnicka-4-pokojowe-d5p3l3,https://s2.adresowa.pl/oi/60/12/400c0c_5640_cover@2x-4-pokojowe-mieszkanie-wroclaw-fabryczna-ul-legnicka.webp
Wrocław Stare Miasto,ul. Mennicza,4,78,1150000,14744,Pośrednik,,25,https://adresowo.pl/o/mieszkanie-wroclaw-stare-miasto-ul-mennicza-4-pokojowe-n9p2k7,https://s2.adresowa.pl/oi/50/6c/3f210e_e2ed_cover@2x-4-pokojowe-mieszkanie-wroclaw-stare-miasto-ul-mennicza.webp
Wrocław,,2,40,550000,13750,Pośrednik,,12,https://adresowo.pl/o/mieszkanie-wroclaw-2-pokojowe-40-m2-p3p4a0,https://s2.adresowa.pl/oi/34/76/3f20d4_53cf_cover@2x-2-pokojowe-mieszkanie-wroclaw.webp
Wrocław Krzyki,ul. Edmunda Kajdasza,2,46,700000,15217,bez pośredników,,17,https://adresowo.pl/o/mieszkanie-wroclaw-krzyki-ul-edmunda-kajdasza-2-pokojowe-u5b9w9,https://s2.adresowa.pl/oi/13/63/400b76_4c71_cover@2x-2-pokojowe-mieszkanie-wroclaw-krzyki-ul-edmunda-kajdasza.webp
Wrocław Stare Miasto,pl. Legionów,2,39,799000,20487,bez pośredników,,6,https://adresowo.pl/o/mieszkanie-wroclaw-stare-miasto-pl-legionow-2-pokojowe-z6x9i7,https://s2.adresowa.pl/oi/5b/20/400b48_d80e_cover@2x-2-pokojowe-mieszkanie-wroclaw-stare-miasto-pl-legionow.webp
Wrocław Śródmieście,ul. Stefana Jaracza,3,69,1150000,16667,bez pośredników,,8,https://adresowo.pl/o/mieszkanie-wroclaw-srodmiescie-ul-stefana-jaracza-3-pokojowe-c1p6h2,https://s2.adresowa.pl/oi/5d/2f/400b3e_d856_cover@2x-3-pokojowe-mieszkanie-wroclaw-srodmiescie-ul-stefana-jaracza.webp
Wrocław Fabryczna,ul. Porajowska,3,59,790000,13390,Pośrednik,,15,https://adresowo.pl/o/mieszkanie-wroclaw-fabryczna-ul-porajowska-3-pokojowe-n1y6p6,https://s2.adresowa.pl/oi/7e/1c/3f1c28_6390_cover@2x-3-pokojowe-mieszkanie-wroclaw-fabryczna-ul-porajowska.webp
Wrocław Gaj,ul. Pirenejska,3,64,830000,12969,Pośrednik,,13,https://adresowo.pl/o/mieszkanie-wroclaw-gaj-ul-pirenejska-3-pokojowe-u0t4p1,https://s2.adresowa.pl/oi/14/64/3f174c_9e3f_cover@2x-3-pokojowe-mieszkanie-wroclaw-gaj-ul-pirenejska.webp
Wrocław Psie Pole,ul. Ramiszowska,2,46,739000,16065,bez pośredników,,15,https://adresowo.pl/o/mieszkanie-wroclaw-psie-pole-ul-ramiszowska-2-pokojowe-n5a4k6,https://s2.adresowa.pl/oi/4f/5d/400a0a_65fa_cover@2x-2-pokojowe-mieszkanie-wroclaw-psie-pole-ul-ramiszowska.webp
Wrocław Krzyki,ul. Rodzinna,2,49,720000,14694,bez pośredników,,11,https://adresowo.pl/o/mieszkanie-wroclaw-krzyki-ul-rodzinna-2-pokojowe-b3d2j4,https://s2.adresowa.pl/oi/24/34/40086c_2c9e_cover@2x-2-pokojowe-mieszkanie-wroclaw-krzyki-ul-rodzinna.webp
Wrocław Gądów Mały,ul. Ludwika Idzikowskiego,3,61,744200,12200,bez pośredników,,14,https://adresowo.pl/o/mieszkanie-wroclaw-gadow-maly-ul-ludwika-idzikowskiego-3-pokojowe-l9l7a3,https://s2.adresowa.pl/oi/62/62/4006d0_4e2e_cover@2x-3-pokojowe-mieszkanie-wroclaw-gadow-maly-ul-ludwika-idzikowskiego.webp
Wrocław Krzyki,al. Armii Krajowej,2,36,499000,13861,Pośrednik,,4,https://adresowo.pl/o/mieszkanie-wroclaw-krzyki-al-armii-krajowej-2-pokojowe-s4g1m3,https://s2.adresowa.pl/oi/40/1f/3f16e8_cf71_cover@2x-2-pokojowe-mieszkanie-wroclaw-krzyki-al-armii-krajowej.webp
Wrocław Stare Miasto,ul. Odrzańska,3,76,1499000,19724,Pośrednik,,15,https://adresowo.pl/o/mieszkanie-wroclaw-stare-miasto-ul-odrzanska-3-pokojowe-x8g6h0,https://s2.adresowa.pl/oi/4e/2e/3f116a_74ed_cover@2x-3-pokojowe-mieszkanie-wroclaw-stare-miasto-ul-odrzanska.webp
Wrocław Stare Miasto,ul. Kuźnicza,2,36,640000,17778,bez pośredników,,4,https://adresowo.pl/o/mieszkanie-wroclaw-stare-miasto-ul-kuznicza-2-pokojowe-w7k6j3,https://s2.adresowa.pl/oi/2a/24/400644_4282_cover@2x-2-pokojowe-mieszkanie-wroclaw-stare-miasto-ul-kuznicza.webp
Wrocław,Stare Miasto,1,31,620000,20000,bez pośredników,,8,https://adresowo.pl/o/mieszkanie-wroclaw-stare-miasto-1-pokoj-31-m2-m2k2l0,https://s2.adresowa.pl/oi/42/69/40052a_c246_cover@2x-1-pokojowe-mieszkanie-wroclaw-stare-miasto.webp
Wrocław Stare Miasto,ul. Ptasia,1,30,599000,19967,bez pośredników,,8,https://adresowo.pl/o/mieszkanie-wroclaw-stare-miasto-ul-ptasia-1-pokoj-r3j4y9,https://s2.adresowa.pl/oi/7d/51/400522_ea24_cover@2x-1-pokojowe-mieszkanie-wroclaw-stare-miasto-ul-ptasia.webp
Wrocław,Szczepin,1,32,568999,17781,Pośrednik,,9,https://adresowo.pl/o/mieszkanie-wroclaw-szczepin-1-pokoj-32-m2-l7t9k7,https://s2.adresowa.pl/oi/4b/21/3f0b60_9697_cover@2x-1-pokojowe-mieszkanie-wroclaw-szczepin.webp
Wrocław Śródmieście,ul. Michała Bałuckiego,4,82,1090000,13293,Pośrednik,,15,https://adresowo.pl/o/mieszkanie-wroclaw-srodmiescie-ul-michala-baluckiego-4-pokojowe-o3e4z5,https://s2.adresowa.pl/oi/42/5e/35b098_b26f_cover@2x-4-pokojowe-mieszkanie-wroclaw-srodmiescie-ul-michala-baluckiego.webp
Wrocław Krzyki,ul. Powstańców Śląskich 52,1,38,489999,12895,bez pośredników,,61,https://adresowo.pl/o/mieszkanie-wroclaw-krzyki-ul-powstancow-slaskich-1-pokoj-k5c4g3,https://s2.adresowa.pl/oi/48/16/3fafa2_5e9f_cover@2x-1-pokojowe-mieszkanie-wroclaw-krzyki-ul-powstancow-slaskich.webp
Wrocław Śródmieście,ul. Władysława Łokietka,2,86,1089000,12663,bez pośredników,,13,https://adresowo.pl/o/mieszkanie-wroclaw-srodmiescie-ul-wladyslawa-lokietka-2-pokojowe-l2s1u2,https://s2.adresowa.pl/oi/17/2d/40034e_455d_cover@2x-2-pokojowe-mieszkanie-wroclaw-srodmiescie-ul-wladyslawa-lokietka.webp
Wrocław Psie Pole,ul. Grodzieńska,3,61,900000,14754,bez pośredników,,19,https://adresowo.pl/o/mieszkanie-wroclaw-psie-pole-ul-grodzienska-3-pokojowe-z3v9e5,https://s2.adresowa.pl/oi/7e/32/40027c_b4b9_cover@2x-3-pokojowe-mieszkanie-wroclaw-psie-pole-ul-grodzienska.webp
Wrocław Stare Miasto,ul. Sądowa,3,56,665000,11875,bez pośredników,,17,https://adresowo.pl/o/mieszkanie-wroclaw-stare-miasto-ul-sadowa-3-pokojowe-f0n7l4,https://s2.adresowa.pl/oi/6d/47/40028e_e727_cover@2x-3-pokojowe-mieszkanie-wroclaw-stare-miasto-ul-sadowa.webp
Wrocław,Stare Miasto,1,26,479000,18423,Pośrednik,,9,https://adresowo.pl/o/mieszkanie-wroclaw-stare-miasto-1-pokoj-26-m2-e5l0x3,https://s2.adresowa.pl/oi/59/2d/3f066a_4ceb_cover@2x-1-pokojowe-mieszkanie-wroclaw-stare-miasto.webp
Wrocław Krzyki,ul. Komandorska,1,26,425000,16346,Pośrednik,,7,https://adresowo.pl/o/mieszkanie-wroclaw-krzyki-ul-komandorska-1-pokoj-m0x3j1,https://s2.adresowa.pl/oi/6d/54/3f02b4_9d26_cover@2x-1-pokojowe-mieszkanie-wroclaw-krzyki-ul-komandorska.webp
Wrocław Polanowice,ul. Hugona Kowarzyka,2,44,630000,14318,bez pośredników,,19,https://adresowo.pl/o/mieszkanie-wroclaw-polanowice-ul-hugona-kowarzyka-2-pokojowe-j5w6l1,https://s2.adresowa.pl/oi/41/26/400252_6575_cover@2x-2-pokojowe-mieszkanie-wroclaw-polanowice-ul-hugona-kowarzyka.webp
Wrocław Oporów,ul. Ibn Siny Awicenny,4,67,1195000,17836,bez pośredników,,20,https://adresowo.pl/o/mieszkanie-wroclaw-oporow-ul-ibn-siny-awicenny-4-pokojowe-g1p1n0,https://s2.adresowa.pl/oi/18/62/400070_629b_cover@2x-4-pokojowe-mieszkanie-wroclaw-oporow-ul-ibn-siny-awicenny.webp
Wrocław Ołtaszyn,ul. Łubinowa,3,75,940000,12533,bez pośredników,,21,https://adresowo.pl/o/mieszkanie-wroclaw-oltaszyn-ul-lubinowa-3-pokojowe-l6i4t6,https://s2.adresowa.pl/oi/44/57/3ffe54_c48a_cover@2x-3-pokojowe-mieszkanie-wroclaw-oltaszyn-ul-lubinowa.webp
Wrocław Śródmieście,pl. Grunwaldzki,2,65,729000,11215,Pośrednik,,8,https://adresowo.pl/o/mieszkanie-wroclaw-srodmiescie-pl-grunwaldzki-2-pokojowe-i3a8r5,https://s2.adresowa.pl/oi/58/2f/3efecc_66b1_cover@2x-2-pokojowe-mieszkanie-wroclaw-srodmiescie-pl-grunwaldzki.webp
Wrocław,Krzyki,2,51,660000,12941,Pośrednik,,8,https://adresowo.pl/o/mieszkanie-wroclaw-krzyki-2-pokojowe-51-m2-x5i5m4,https://s2.adresowa.pl/oi/14/35/3efdee_8c2c_cover@2x-2-pokojowe-mieszkanie-wroclaw-krzyki.webp
Wrocław Stare Miasto,ul. Legnicka,2,47,610000,12979,bez pośredników,,7,https://adresowo.pl/o/mieszkanie-wroclaw-stare-miasto-ul-legnicka-2-pokojowe-t9h7q8,https://s2.adresowa.pl/oi/52/5e/3ffd86_375f_cover@2x-2-pokojowe-mieszkanie-wroclaw-stare-miasto-ul-legnicka.webp
Wrocław Śródmieście,ul. Alfreda Nobla,2,46,550000,11957,bez pośredników,,8,https://adresowo.pl/o/mieszkanie-wroclaw-srodmiescie-ul-alfreda-nobla-2-pokojowe-p6t9v4,https://s2.adresowa.pl/oi/5d/53/3ffd40_9114_cover@2x-2-pokojowe-mieszkanie-wroclaw-srodmiescie-ul-alfreda-nobla.webp
Wrocław Fabryczna,ul. Marka Hłaski,2,50,610000,12200,bez pośredników,,11,https://adresowo.pl/o/mieszkanie-wroclaw-fabryczna-ul-marka-hlaski-2-pokojowe-z9y4w5,https://s2.adresowa.pl/oi/2b/2b/3ff9ee_d4bf_cover@2x-2-pokojowe-mieszkanie-wroclaw-fabryczna-ul-marka-hlaski.webp
Wrocław,ul. Świętokrzyska,3,72,774998,10764,Pośrednik,,13,https://adresowo.pl/o/mieszkanie-wroclaw-ul-swietokrzyska-3-pokojowe-p7o9m3,https://s2.adresowa.pl/oi/3a/75/3ef382_2fa3_cover@2x-3-pokojowe-mieszkanie-wroclaw-ul-swietokrzyska.webp
Wrocław Psie Pole,ul. Macedońska,3,63,849000,13476,Pośrednik,,13,https://adresowo.pl/o/mieszkanie-wroclaw-psie-pole-ul-macedonska-3-pokojowe-v9f4g5,https://s2.adresowa.pl/oi/73/11/3eeaf0_87e5_cover@2x-3-pokojowe-mieszkanie-wroclaw-psie-pole-ul-macedonska.webp
Wrocław Kozanów,ul. Dokerska,3,61,680000,11148,bez pośredników,,11,https://adresowo.pl/o/mieszkanie-wroclaw-kozanow-ul-dokerska-3-pokojowe-c3d0s8,https://s2.adresowa.pl/oi/16/1e/3ff7ca_e50f_cover@2x-3-pokojowe-mieszkanie-wroclaw-kozanow-ul-dokerska.webp
Wrocław Różanka,ul. Bezpieczna,4,78,870000,11154,bez pośredników,,7,https://adresowo.pl/o/mieszkanie-wroclaw-rozanka-ul-bezpieczna-4-pokojowe-s5s7d8,https://s2.adresowa.pl/oi/3f/7f/3ff560_6161_cover@2x-4-pokojowe-mieszkanie-wroclaw-rozanka-ul-bezpieczna.webp
Wrocław Nowy Dwór,ul. Zemska,3,63,750000,11905,bez pośredników,,18,https://adresowo.pl/o/mieszkanie-wroclaw-nowy-dwor-ul-zemska-3-pokojowe-s7i0u3,https://s2.adresowa.pl/oi/69/7a/3ff532_9ff1_cover@2x-3-pokojowe-mieszkanie-wroclaw-nowy-dwor-ul-zemska.webp
Wrocław Fabryczna,ul. Legnicka,3,93,1190000,12796,Pośrednik,,16,https://adresowo.pl/o/mieszkanie-wroclaw-fabryczna-ul-legnicka-3-pokojowe-v2x1l8,https://s2.adresowa.pl/oi/74/59/3ee776_ca10_cover@2x-3-pokojowe-mieszkanie-wroclaw-fabryczna-ul-legnicka.webp
Wrocław,ul. Pabianicka,3,62,1150083,18550,Pośrednik,,7,https://adresowo.pl/o/mieszkanie-wroclaw-ul-pabianicka-3-pokojowe-j8v9b8,https://s2.adresowa.pl/oi/14/53/3ee6ec_3edd_cover@2x-3-pokojowe-mieszkanie-wroclaw-ul-pabianicka.webp
Wrocław Plac Grunwaldzki,ul. Henryka Sienkiewicza,3,71,900000,12676,bez pośredników,,8,https://adresowo.pl/o/mieszkanie-wroclaw-plac-grunwaldzki-ul-henryka-sienkiewicza-3-pokojowe-q3x6q7,https://s2.adresowa.pl/oi/79/41/3ff29c_3cbf_cover@2x-3-pokojowe-mieszkanie-wroclaw-plac-grunwaldzki-ul-henryka-sienkiewicza.webp
Wrocław Stare Miasto,ul. Wincentego Stysia,2,59,830000,14068,bez pośredników,,8,https://adresowo.pl/o/mieszkanie-wroclaw-stare-miasto-ul-wincentego-stysia-2-pokojowe-w5k3i3,https://s2.adresowa.pl/oi/20/26/3feea0_f652_cover@2x-2-pokojowe-mieszkanie-wroclaw-stare-miasto-ul-wincentego-stysia.webp
Wrocław Brochów,ul. Semaforowa,4,113,1320000,11681,bez pośredników,,8,https://adresowo.pl/o/mieszkanie-wroclaw-brochow-ul-semaforowa-4-pokojowe-d9z2b3,https://s2.adresowa.pl/oi/60/18/3fec9e_d659_cover@2x-4-pokojowe-mieszkanie-wroclaw-brochow-ul-semaforowa.webp
Wrocław,Stare Miasto,3,61,750000,12295,Pośrednik,,19,https://adresowo.pl/o/mieszkanie-wroclaw-stare-miasto-3-pokojowe-61-m2-i3l8z4,https://s2.adresowa.pl/oi/45/74/3ee592_e1a4_cover@2x-3-pokojowe-mieszkanie-wroclaw-stare-miasto.webp
Wrocław Tarnogaj,ul. Jesionowa,3,106,1880000,17736,Pośrednik,,19,https://adresowo.pl/o/mieszkanie-wroclaw-tarnogaj-ul-jesionowa-3-pokojowe-p8c6i3,https://s2.adresowa.pl/oi/3e/58/3ee0e8_3228_cover@2x-3-pokojowe-mieszkanie-wroclaw-tarnogaj-ul-jesionowa.webp
Wrocław Stare Miasto,ul. Długa,5,120,1295000,10792,bez pośredników,,19,https://adresowo.pl/o/mieszkanie-wroclaw-stare-miasto-ul-dluga-5-pokojowe-e5e7o7,https://s2.adresowa.pl/oi/12/7c/3fe9d2_5845_cover@2x-5-pokojowe-mieszkanie-wroclaw-stare-miasto-ul-dluga.webp
Wrocław Karłowice,ul. Stanisława Przybyszewskiego,3,62,682000,11000,bez pośredników,,9,https://adresowo.pl/o/mieszkanie-wroclaw-karlowice-ul-stanislawa-przybyszewskiego-3-pokojowe-q7a8a3,https://s2.adresowa.pl/oi/2b/32/3fe8a2_eb71_cover@2x-3-pokojowe-mieszkanie-wroclaw-karlowice-ul-stanislawa-przybyszewskiego.webp
Wrocław Krzyki,ul. Powstańców Śląskich,2,52,600000,11538,bez pośredników,,7,https://adresowo.pl/o/mieszkanie-wroclaw-krzyki-ul-powstancow-slaskich-2-pokojowe-d2p7n2,https://s2.adresowa.pl/oi/4e/39/3fe71a_2cba_cover@2x-2-pokojowe-mieszkanie-wroclaw-krzyki-ul-powstancow-slaskich.webp
Wrocław Krzyki,ul. Zygmunta Krasińskiego,6,167,1349000,8078,Pośrednik,,15,https://adresowo.pl/o/mieszkanie-wroclaw-krzyki-ul-zygmunta-krasinskiego-6-pokojowe-j2o7l1,https://s2.adresowa.pl/oi/33/4b/3ee056_bdaa_cover@2x-6-pokojowe-mieszkanie-wroclaw-krzyki-ul-zygmunta-krasinskiego.webp
Wrocław,,4,80,1049000,13112,Pośrednik,,15,https://adresowo.pl/o/mieszkanie-wroclaw-4-pokojowe-80-m2-r4b8d2,https://s2.adresowa.pl/oi/24/1f/3ed63e_38f4_cover@2x-4-pokojowe-mieszkanie-wroclaw.webp
Wrocław Sołtysowice,ul. Sołtysowicka,2,44,709000,16114,bez pośredników,,17,https://adresowo.pl/o/mieszkanie-wroclaw-soltysowice-ul-soltysowicka-2-pokojowe-f4k4w4,https://s2.adresowa.pl/oi/38/75/3fe588_6eb8_cover@2x-2-pokojowe-mieszkanie-wroclaw-soltysowice-ul-soltysowicka.webp
Wrocław Fabryczna,ul. Żelazna,2,43,640000,14884,bez pośredników,,20,https://adresowo.pl/o/mieszkanie-wroclaw-fabryczna-ul-zelazna-2-pokojowe-v8p7q4,https://s2.adresowa.pl/oi/2d/35/3fe3ca_efc3_cover@2x-2-pokojowe-mieszkanie-wroclaw-fabryczna-ul-zelazna.webp
Wrocław Fabryczna,ul. Mielecka,2,41,500000,12195,bez pośredników,,5,https://adresowo.pl/o/mieszkanie-wroclaw-fabryczna-ul-mielecka-2-pokojowe-l9n0c9,https://s2.adresowa.pl/oi/27/71/3fe2b2_327e_cover@2x-2-pokojowe-mieszkanie-wroclaw-fabryczna-ul-mielecka.webp
Wrocław Fabryczna,ul. Rędzińska,4,74,1100000,14865,Pośrednik,,15,https://adresowo.pl/o/mieszkanie-wroclaw-fabryczna-ul-redzinska-4-pokojowe-x8n4q8,https://s2.adresowa.pl/oi/4c/53/3ecf74_2808_cover@2x-4-pokojowe-mieszkanie-wroclaw-fabryczna-ul-redzinska.webp
Wrocław,Gaj,2,39,731918,18767,Pośrednik,,8,https://adresowo.pl/o/mieszkanie-wroclaw-gaj-2-pokojowe-39-m2-t3i1o3,https://s2.adresowa.pl/oi/39/18/3ec82e_ca28_cover@2x-2-pokojowe-mieszkanie-wroclaw-gaj.webp
Wrocław Krzyki,ul. Beaty Artemskiej,2,42,699000,16643,bez pośredników,,20,https://adresowo.pl/o/mieszkanie-wroclaw-krzyki-ul-beaty-artemskiej-2-pokojowe-s0c9k0,https://s2.adresowa.pl/oi/5d/72/3fd4dc_9abf_cover@2x-2-pokojowe-mieszkanie-wroclaw-krzyki-ul-beaty-artemskiej.webp
Wrocław Krzyki,ul. Ślężna,3,60,1250000,20833,bez pośredników,,21,https://adresowo.pl/o/mieszkanie-wroclaw-krzyki-ul-slezna-3-pokojowe-t5q0d0,https://s2.adresowa.pl/oi/34/63/3fd310_9e49_cover@2x-3-pokojowe-mieszkanie-wroclaw-krzyki-ul-slezna.webp
Wrocław Śródmieście,ul. Juliana Ursyna Niemcewicza,2,32,689000,21531,bez pośredników,,8,https://adresowo.pl/o/mieszkanie-wroclaw-srodmiescie-ul-juliana-ursyna-niemcewicza-2-pokojowe-v9a9q4,https://s2.adresowa.pl/oi/74/6e/3fcf1c_6325_cover@2x-2-pokojowe-mieszkanie-wroclaw-srodmiescie-ul-juliana-ursyna-niemcewicza.webp
Wrocław,ul. gen. Antoniego Madalińskiego 71,2,72,1135000,15764,Pośrednik,,18,https://adresowo.pl/o/mieszkanie-wroclaw-ul-gen-antoniego-madalinskiego-2-pokojowe-e7t7x4,https://s2.adresowa.pl/oi/43/24/3ebd1e_cec0_cover@2x-2-pokojowe-mieszkanie-wroclaw-ul-gen-antoniego-madalinskiego.webp
Wrocław Ołbin,ul. Stefana Żeromskiego,3,83,915000,11024,Pośrednik,,11,https://adresowo.pl/o/mieszkanie-wroclaw-olbin-ul-stefana-zeromskiego-3-pokojowe-j4k4h4,https://s2.adresowa.pl/oi/6f/68/3eb77a_3ac3_cover@2x-3-pokojowe-mieszkanie-wroclaw-olbin-ul-stefana-zeromskiego.webp
Wrocław Stare Miasto,pl. Nowy Targ,4,53,780000,14717,bez pośredników,,8,https://adresowo.pl/o/mieszkanie-wroclaw-stare-miasto-pl-nowy-targ-4-pokojowe-h5a8m1,https://s2.adresowa.pl/oi/73/14/3fcb6e_d4b0_cover@2x-4-pokojowe-mieszkanie-wroclaw-stare-miasto-pl-nowy-targ.webp
Wrocław,Fabryczna,2,54,550000,10185,bez pośredników,,8,https://adresowo.pl/o/mieszkanie-wroclaw-fabryczna-2-pokojowe-54-m2-m4t2o4,https://s2.adresowa.pl/oi/7a/72/3fca1e_3bb6_cover@2x-2-pokojowe-mieszkanie-wroclaw-fabryczna.webp
Wrocław Swojczyce,ul. Marca Polo,2,43,879000,20442,bez pośredników,,18,https://adresowo.pl/o/mieszkanie-wroclaw-swojczyce-ul-marca-polo-2-pokojowe-t0b7y5,https://s2.adresowa.pl/oi/7b/18/3fc7c2_9db1_cover@2x-2-pokojowe-mieszkanie-wroclaw-swojczyce-ul-marca-polo.webp
Wrocław,,2,42,629999,15000,Pośrednik,,10,https://adresowo.pl/o/mieszkanie-wroclaw-2-pokojowe-42-m2-q7c9n2,https://s2.adresowa.pl/oi/59/23/3eaeb6_8da3_cover@2x-2-pokojowe-mieszkanie-wroclaw.webp
Wrocław,Huby,3,102,1260000,12353,Pośrednik,,20,https://adresowo.pl/o/mieszkanie-wroclaw-huby-3-pokojowe-102-m2-k0t3p0,https://s2.adresowa.pl/oi/5b/1e/3ea35a_8f4f_cover@2x-3-pokojowe-mieszkanie-wroclaw-huby.webp
Wrocław Krzyki,ul. Krucza,2,45,475000,10556,bez pośredników,,11,https://adresowo.pl/o/mieszkanie-wroclaw-krzyki-ul-krucza-2-pokojowe-m7e6g8,https://s2.adresowa.pl/oi/40/7e/3fc626_6a9a_cover@2x-2-pokojowe-mieszkanie-wroclaw-krzyki-ul-krucza.webp
Wrocław Psie Pole,ul. Chorwacka,3,57,650000,11404,bez pośredników,,15,https://adresowo.pl/o/mieszkanie-wroclaw-psie-pole-ul-chorwacka-3-pokojowe-v9o5k1,https://s2.adresowa.pl/oi/5a/72/3fc3a8_f463_cover@2x-3-pokojowe-mieszkanie-wroclaw-psie-pole-ul-chorwacka.webp
Wrocław Fabryczna,ul. Dokerska,3,47,699000,14872,bez pośredników,,19,https://adresowo.pl/o/mieszkanie-wroclaw-fabryczna-ul-dokerska-3-pokojowe-k7u3m4,https://s2.adresowa.pl/oi/7d/7b/3fc35c_38ee_cover@2x-3-pokojowe-mieszkanie-wroclaw-fabryczna-ul-dokerska.webp
Wrocław Śródmieście,ul. Stawowa 7,2,45,500000,11111,Pośrednik,,12,https://adresowo.pl/o/mieszkanie-wroclaw-srodmiescie-ul-stawowa-2-pokojowe-n0y0j7,https://s2.adresowa.pl/oi/38/2d/3ea15e_47b8_cover@2x-2-pokojowe-mieszkanie-wroclaw-srodmiescie-ul-stawowa.webp
Wrocław Partynice,ul. Partynicka,3,72,799000,11097,Pośrednik,,30,https://adresowo.pl/o/mieszkanie-wroclaw-partynice-ul-partynicka-3-pokojowe-d0j8l4,https://s2.adresowa.pl/oi/10/50/3ea024_f1bf_cover@2x-3-pokojowe-mieszkanie-wroclaw-partynice-ul-partynicka.webp
Wrocław,Popowice,2,43,872000,20279,bez pośredników,,8,https://adresowo.pl/o/mieszkanie-wroclaw-popowice-2-pokojowe-43-m2-g1e7j3,https://s2.adresowa.pl/oi/1e/30/3fbd1a_30c6_cover@2x-2-pokojowe-mieszkanie-wroclaw-popowice.webp
Wrocław Krzyki,ul. Zaporoska,1,18,369000,20500,bez pośredników,,8,https://adresowo.pl/o/mieszkanie-wroclaw-krzyki-ul-zaporoska-1-pokoj-h9s7t2,https://s2.adresowa.pl/oi/49/51/3fbb0e_5e16_cover@2x-1-pokojowe-mieszkanie-wroclaw-krzyki-ul-zaporoska.webp
Wrocław Szczepin,ul. Bolesławiecka,2,49,639000,13041,bez pośredników,,4,https://adresowo.pl/o/mieszkanie-wroclaw-szczepin-ul-boleslawiecka-2-pokojowe-b3n8o6,https://s2.adresowa.pl/oi/63/17/3fb820_b18b_cover@2x-2-pokojowe-mieszkanie-wroclaw-szczepin-ul-boleslawiecka.webp
Wrocław Różanka,ul. Żmigrodzka,4,72,699000,9708,Pośrednik,,37,https://adresowo.pl/o/mieszkanie-wroclaw-rozanka-ul-zmigrodzka-4-pokojowe-n8t3h6,https://s2.adresowa.pl/oi/6d/59/3ea020_be99_cover@2x-4-pokojowe-mieszkanie-wroclaw-rozanka-ul-zmigrodzka.webp
Wrocław Klecina,ul. Siostrzana 4,3,118,1380000,11695,Pośrednik,,50,https://adresowo.pl/o/mieszkanie-wroclaw-klecina-ul-siostrzana-3-pokojowe-k3v9d6,https://s2.adresowa.pl/oi/39/6d/3e9dd4_37b4_cover@2x-3-pokojowe-mieszkanie-wroclaw-klecina-ul-siostrzana.webp
Wrocław Maślice,ul. Reszelska,3,61,669000,10967,bez pośredników,,10,https://adresowo.pl/o/mieszkanie-wroclaw-maslice-ul-reszelska-3-pokojowe-v3v4b3,https://s2.adresowa.pl/oi/10/41/3fb650_9892_cover@2x-3-pokojowe-mieszkanie-wroclaw-maslice-ul-reszelska.webp
Wrocław Krzyki,ul. Róży Wiatrów,3,76,929000,12224,bez pośredników,,8,https://adresowo.pl/o/mieszkanie-wroclaw-krzyki-ul-rozy-wiatrow-3-pokojowe-t5v2w6,https://s2.adresowa.pl/oi/43/3d/3fb43c_b584_cover@2x-3-pokojowe-mieszkanie-wroclaw-krzyki-ul-rozy-wiatrow.webp
Wrocław Gądów Mały,ul. Fabryczna,3,48,705900,14706,bez pośredników,,10,https://adresowo.pl/o/mieszkanie-wroclaw-gadow-maly-ul-fabryczna-3-pokojowe-w3i6r6,https://s2.adresowa.pl/oi/62/45/3fb2e0_fd4e_cover@2x-3-pokojowe-mieszkanie-wroclaw-gadow-maly-ul-fabryczna.webp
Wrocław Śródmieście,Pomorska okolice/możliwość 3 pokoi!,2,64,595000,9297,Pośrednik,,12,https://adresowo.pl/o/mieszkanie-wroclaw-srodmiescie-pomorska-okolice-mozliwosc-3-pokoi-2-pokojowe-q7q9e2,https://s2.adresowa.pl/oi/55/28/3e9cf8_6579_cover@2x-2-pokojowe-mieszkanie-wroclaw-srodmiescie-pomorska-okolice-mozliwosc-3-pokoi-.webp
Wrocław,Nowy Dwór,3,53,620000,11698,Pośrednik,,11,https://adresowo.pl/o/mieszkanie-wroclaw-nowy-dwor-3-pokojowe-53-m2-y6i9d5,https://s2.adresowa.pl/oi/6a/3f/3e7b92_ea9f_cover@2x-3-pokojowe-mieszkanie-wroclaw-nowy-dwor.webp
Wrocław,Śródmieście,1,26,520000,20000,bez pośredników,,7,https://adresowo.pl/o/mieszkanie-wroclaw-srodmiescie-1-pokoj-26-m2-x2g7u6,https://s2.adresowa.pl/oi/1a/66/3fb2b6_e7dc_cover@2x-1-pokojowe-mieszkanie-wroclaw-srodmiescie.webp
Wrocław Klecina,ul. Dożynkowa,3,47,685000,14574,bez pośredników,,20,https://adresowo.pl/o/mieszkanie-wroclaw-klecina-ul-dozynkowa-3-pokojowe-x5x2t4,https://s2.adresowa.pl/oi/47/64/3fb18c_cb48_cover@2x-3-pokojowe-mieszkanie-wroclaw-klecina-ul-dozynkowa.webp
Wrocław Krzyki,ul. Gajowicka,1,36,504000,14000,bez pośredników,,4,https://adresowo.pl/o/mieszkanie-wroclaw-krzyki-ul-gajowicka-1-pokoj-a5p5j9,https://s2.adresowa.pl/oi/1e/2a/3faf1a_fbe0_cover@2x-1-pokojowe-mieszkanie-wroclaw-krzyki-ul-gajowicka.webp
Wrocław Fabryczna,ul. Zdrowa,2,50,499000,9980,Pośrednik,,15,https://adresowo.pl/o/mieszkanie-wroclaw-fabryczna-ul-zdrowa-2-pokojowe-p5a1c5,https://s2.adresowa.pl/oi/54/67/3e71e6_603c_cover@2x-2-pokojowe-mieszkanie-wroclaw-fabryczna-ul-zdrowa.webp
Wrocław Lipa Piotrowska,ul. Anyżowa,2,37,499000,13486,Pośrednik,,13,https://adresowo.pl/o/mieszkanie-wroclaw-lipa-piotrowska-ul-anyzowa-2-pokojowe-x9c0g3,https://s2.adresowa.pl/oi/25/7f/3e6f9a_9117_cover@2x-2-pokojowe-mieszkanie-wroclaw-lipa-piotrowska-ul-anyzowa.webp
Wrocław Psie Pole,ul. Rafała Wojaczka,2,38,595000,15658,bez pośredników,,9,https://adresowo.pl/o/mieszkanie-wroclaw-psie-pole-ul-rafala-wojaczka-2-pokojowe-t2z5g4,https://s2.adresowa.pl/oi/41/67/3fa86a_a725_cover@2x-2-pokojowe-mieszkanie-wroclaw-psie-pole-ul-rafala-wojaczka.webp
Wrocław Psie Pole,ul. Zatorska,2,54,640000,11852,bez pośredników,,12,https://adresowo.pl/o/mieszkanie-wroclaw-psie-pole-ul-zatorska-2-pokojowe-q4q1r4,https://s2.adresowa.pl/oi/13/69/3fa71a_e352_cover@2x-2-pokojowe-mieszkanie-wroclaw-psie-pole-ul-zatorska.webp
Wrocław Ołtaszyn,ul. Agrestowa,3,48,699000,14562,bez pośredników,,13,https://adresowo.pl/o/mieszkanie-wroclaw-oltaszyn-ul-agrestowa-3-pokojowe-b0g2h9,https://s2.adresowa.pl/oi/21/52/3fa680_4c40_cover@2x-3-pokojowe-mieszkanie-wroclaw-oltaszyn-ul-agrestowa.webp
Wrocław Śródmieście,ul. Długa,2,79,1710000,21646,Pośrednik,,15,https://adresowo.pl/o/mieszkanie-wroclaw-srodmiescie-ul-dluga-2-pokojowe-w5j2s2,https://s2.adresowa.pl/oi/2b/7e/3e6d3c_62a2_cover@2x-2-pokojowe-mieszkanie-wroclaw-srodmiescie-ul-dluga.webp
Wrocław Grabiszyn,ul. Gajowicka 78,1,24,449000,18708,Pośrednik,,13,https://adresowo.pl/o/mieszkanie-wroclaw-grabiszyn-ul-gajowicka-1-pokoj-a5s9b6,https://s2.adresowa.pl/oi/62/22/3e6a64_f120_cover@2x-1-pokojowe-mieszkanie-wroclaw-grabiszyn-ul-gajowicka.webp
Wrocław Swojczyce,ul. Vasco da Gamy,3,62,999999,16129,bez pośredników,,17,https://adresowo.pl/o/mieszkanie-wroclaw-swojczyce-ul-vasco-da-gamy-3-pokojowe-g8z6w7,https://s2.adresowa.pl/oi/46/3b/3fa3ae_fa06_cover@2x-3-pokojowe-mieszkanie-wroclaw-swojczyce-ul-vasco-da-gamy.webp
Wrocław Śródmieście,wyb. Ludwika Pasteura,1,13,280000,21538,bez pośredników,,11,https://adresowo.pl/o/mieszkanie-wroclaw-srodmiescie-wyb-ludwika-pasteura-1-pokoj-y7d5x3,https://s2.adresowa.pl/oi/1b/57/3fa23a_7937_cover@2x-1-pokojowe-mieszkanie-wroclaw-srodmiescie-wyb-ludwika-pasteura.webp
Wrocław,Ołtaszyn,2,52,729000,14019,bez pośredników,,10,https://adresowo.pl/o/mieszkanie-wroclaw-oltaszyn-2-pokojowe-52-m2-i0x8d2,https://s2.adresowa.pl/oi/73/38/3fa1ee_ce43_cover@2x-2-pokojowe-mieszkanie-wroclaw-oltaszyn.webp
Wrocław Krzyki,ul. Piękna,3,70,1045000,14929,Pośrednik,,16,https://adresowo.pl/o/mieszkanie-wroclaw-krzyki-ul-piekna-3-pokojowe-w1e5y1,https://s2.adresowa.pl/oi/45/49/3e63f6_4a65_cover@2x-3-pokojowe-mieszkanie-wroclaw-krzyki-ul-piekna.webp
Wrocław Psie Pole,ul. Bierutowska,1,27,349000,12926,Pośrednik,,16,https://adresowo.pl/o/mieszkanie-wroclaw-psie-pole-ul-bierutowska-1-pokoj-g8k6a6,https://s2.adresowa.pl/oi/70/4d/3e63e0_35ea_cover@2x-1-pokojowe-mieszkanie-wroclaw-psie-pole-ul-bierutowska.webp
Wrocław Krzyki,ul. Śliczna,4,86,1200000,13953,bez pośredników,,19,https://adresowo.pl/o/mieszkanie-wroclaw-krzyki-ul-sliczna-4-pokojowe-g7d4y4,https://s2.adresowa.pl/oi/33/45/3f9d10_a0db_cover@2x-4-pokojowe-mieszkanie-wroclaw-krzyki-ul-sliczna.webp
Wrocław Biskupin,ul. Jana Stanisławskiego,3,56,846600,15118,bez pośredników,,8,https://adresowo.pl/o/mieszkanie-wroclaw-biskupin-ul-jana-stanislawskiego-3-pokojowe-l3l1c1,https://s2.adresowa.pl/oi/38/4f/3f9854_c80a_cover@2x-3-pokojowe-mieszkanie-wroclaw-biskupin-ul-jana-stanislawskiego.webp
Wrocław Złotniki,ul. Kościańska,2,37,535000,14459,bez pośredników,,9,https://adresowo.pl/o/mieszkanie-wroclaw-zlotniki-ul-koscianska-2-pokojowe-j7f2m0,https://s2.adresowa.pl/oi/2c/21/3f97c0_9c98_cover@2x-2-pokojowe-mieszkanie-wroclaw-zlotniki-ul-koscianska.webp
Wrocław Gajowice,ul. Jemiołowa,3,71,650000,9155,Pośrednik,,20,https://adresowo.pl/o/mieszkanie-wroclaw-gajowice-ul-jemiolowa-3-pokojowe-x1r6t7,https://s2.adresowa.pl/oi/21/6b/3e63de_e61b_cover@2x-3-pokojowe-mieszkanie-wroclaw-gajowice-ul-jemiolowa.webp
Wrocław Śródmieście,ul. Trzebnicka,4,87,889000,10218,Pośrednik,,26,https://adresowo.pl/o/mieszkanie-wroclaw-srodmiescie-ul-trzebnicka-4-pokojowe-u9i3w9,https://s2.adresowa.pl/oi/44/1f/3e63da_545e_cover@2x-4-pokojowe-mieszkanie-wroclaw-srodmiescie-ul-trzebnicka.webp
Wrocław Szczepin,ul. Młodych Techników,1,25,390000,15600,bez pośredników,,8,https://adresowo.pl/o/mieszkanie-wroclaw-szczepin-ul-mlodych-technikow-1-pokoj-j0p4x7,https://s2.adresowa.pl/oi/1a/78/3f96ba_82a6_cover@2x-1-pokojowe-mieszkanie-wroclaw-szczepin-ul-mlodych-technikow.webp
Wrocław Śródmieście,ul. Ludwika Rydygiera,2,51,590000,11569,bez pośredników,,12,https://adresowo.pl/o/mieszkanie-wroclaw-srodmiescie-ul-ludwika-rydygiera-2-pokojowe-l8a3q9,https://s2.adresowa.pl/oi/67/62/3f8f90_e260_cover@2x-2-pokojowe-mieszkanie-wroclaw-srodmiescie-ul-ludwika-rydygiera.webp
Wrocław Gajowice,ul. Lwowska,3,85,1200000,14118,bez pośredników,,30,https://adresowo.pl/o/mieszkanie-wroclaw-gajowice-ul-lwowska-3-pokojowe-s0c0j3,https://s2.adresowa.pl/oi/69/7a/3f7862_fd67_cover@2x-3-pokojowe-mieszkanie-wroclaw-gajowice-ul-lwowska.webp
Wrocław,Krzyki,3,92,859000,9337,Pośrednik,,16,https://adresowo.pl/o/mieszkanie-wroclaw-krzyki-3-pokojowe-92-m2-s3m7w9,https://s2.adresowa.pl/oi/62/44/3e63d8_e7d3_cover@2x-3-pokojowe-mieszkanie-wroclaw-krzyki.webp
Wrocław Krzyki,ul. Ślężna,2,43,550000,12791,Pośrednik,,11,https://adresowo.pl/o/mieszkanie-wroclaw-krzyki-ul-slezna-2-pokojowe-u3r8n2,https://s2.adresowa.pl/oi/2d/75/3e50ba_95a2_cover@2x-2-pokojowe-mieszkanie-wroclaw-krzyki-ul-slezna.webp
Wrocław Psie Pole,ul. Litewska,3,60,749000,12483,bez pośredników,,10,https://adresowo.pl/o/mieszkanie-wroclaw-psie-pole-ul-litewska-3-pokojowe-o5w7g8,https://s2.adresowa.pl/oi/63/75/3f8c04_5d85_cover@2x-3-pokojowe-mieszkanie-wroclaw-psie-pole-ul-litewska.webp
Wrocław Stare Miasto,ul. Icchaka Lejba Pereca,2,51,620000,12157,bez pośredników,,8,https://adresowo.pl/o/mieszkanie-wroclaw-stare-miasto-ul-icchaka-lejba-pereca-2-pokojowe-o3l3q4,https://s2.adresowa.pl/oi/6c/50/3f8b6c_9c82_cover@2x-2-pokojowe-mieszkanie-wroclaw-stare-miasto-ul-icchaka-lejba-pereca.webp
Wrocław Grabiszyn,ul. Nasturcjowa,2,50,685000,13700,bez pośredników,,16,https://adresowo.pl/o/mieszkanie-wroclaw-grabiszyn-ul-nasturcjowa-2-pokojowe-n0v1h2,https://s2.adresowa.pl/oi/77/63/3f8a34_dbd9_cover@2x-2-pokojowe-mieszkanie-wroclaw-grabiszyn-ul-nasturcjowa.webp
Wrocław Muchobór Wielki,ul. Jurija Gagarina 27,3,72,889000,12347,Pośrednik,,19,https://adresowo.pl/o/mieszkanie-wroclaw-muchobor-wielki-ul-jurija-gagarina-3-pokojowe-j4m5g5,https://s2.adresowa.pl/oi/2b/68/3e4dfa_6172_cover@2x-3-pokojowe-mieszkanie-wroclaw-muchobor-wielki-ul-jurija-gagarina.webp
Wrocław Tarnogaj,ul. Nyska,3,81,749000,9247,Pośrednik,,14,https://adresowo.pl/o/mieszkanie-wroclaw-tarnogaj-ul-nyska-3-pokojowe-l0e3w5,https://s2.adresowa.pl/oi/76/6b/3e42ea_3a1f_cover@2x-3-pokojowe-mieszkanie-wroclaw-tarnogaj-ul-nyska.webp
Wrocław Szczepin,ul. Inowrocławska,3,46,640000,13913,bez pośredników,,9,https://adresowo.pl/o/mieszkanie-wroclaw-szczepin-ul-inowroclawska-3-pokojowe-t6v1n0,https://s2.adresowa.pl/oi/3f/52/3f88ac_f341_cover@2x-3-pokojowe-mieszkanie-wroclaw-szczepin-ul-inowroclawska.webp
Wrocław Śródmieście,ul. Henryka Sienkiewicza,2,59,669650,11350,bez pośredników,,9,https://adresowo.pl/o/mieszkanie-wroclaw-srodmiescie-ul-henryka-sienkiewicza-2-pokojowe-h5o4v3,https://s2.adresowa.pl/oi/28/21/3f88aa_8ff0_cover@2x-2-pokojowe-mieszkanie-wroclaw-srodmiescie-ul-henryka-sienkiewicza.webp
Wrocław Stabłowice,ul. Rodzynkowa,3,63,859000,13635,bez pośredników,,21,https://adresowo.pl/o/mieszkanie-wroclaw-stablowice-ul-rodzynkowa-3-pokojowe-d3a4a8,https://s2.adresowa.pl/oi/17/60/3f7e02_8bb3_cover@2x-3-pokojowe-mieszkanie-wroclaw-stablowice-ul-rodzynkowa.webp
Wrocław Śródmieście,ul. Szewska,2,35,683500,19529,Pośrednik,,15,https://adresowo.pl/o/mieszkanie-wroclaw-srodmiescie-ul-szewska-2-pokojowe-f1s6s1,https://s2.adresowa.pl/oi/54/62/3e3b00_2e66_cover@2x-2-pokojowe-mieszkanie-wroclaw-srodmiescie-ul-szewska.webp
Wrocław Stare Miasto,ul. Podwale,1,25,599000,23960,Pośrednik,,15,https://adresowo.pl/o/mieszkanie-wroclaw-stare-miasto-ul-podwale-1-pokoj-k4t9r8,https://s2.adresowa.pl/oi/1f/5c/3e2c1a_f273_cover@2x-1-pokojowe-mieszkanie-wroclaw-stare-miasto-ul-podwale.webp
Wrocław Fabryczna,ul. Józefa Wąsowicza,1,42,549000,13071,bez pośredników,,19,https://adresowo.pl/o/mieszkanie-wroclaw-fabryczna-ul-jozefa-wasowicza-1-pokoj-u7l7a1,https://s2.adresowa.pl/oi/53/1f/3f8590_ccda_cover@2x-1-pokojowe-mieszkanie-wroclaw-fabryczna-ul-jozefa-wasowicza.webp
Wrocław Kuźniki,ul. Hermanowska,3,50,799000,15980,bez pośredników,,20,https://adresowo.pl/o/mieszkanie-wroclaw-kuzniki-ul-hermanowska-3-pokojowe-q2n2g2,https://s2.adresowa.pl/oi/72/32/3f83c6_596a_cover@2x-3-pokojowe-mieszkanie-wroclaw-kuzniki-ul-hermanowska.webp
Wrocław Psie Pole,ul. Kleczkowska,2,47,780000,16596,bez pośredników,,18,https://adresowo.pl/o/mieszkanie-wroclaw-psie-pole-ul-kleczkowska-2-pokojowe-l1f4v9,https://s2.adresowa.pl/oi/54/33/3f7ee6_c670_cover@2x-2-pokojowe-mieszkanie-wroclaw-psie-pole-ul-kleczkowska.webp
Wrocław Krzyki,ul. ks. Czesława Klimasa,3,58,829000,14293,Pośrednik,,15,https://adresowo.pl/o/mieszkanie-wroclaw-krzyki-ul-ks-czeslawa-klimasa-3-pokojowe-l5e4y9,https://s2.adresowa.pl/oi/75/30/3e1ab2_6190_cover@2x-3-pokojowe-mieszkanie-wroclaw-krzyki-ul-ks-czeslawa-klimasa.webp
Wrocław Fabryczna,ul. Lutyńska,4,60,449000,7483,Pośrednik,,15,https://adresowo.pl/o/mieszkanie-wroclaw-fabryczna-ul-lutynska-4-pokojowe-h7r5r3,https://s2.adresowa.pl/oi/52/6f/3e10a8_5063_cover@2x-4-pokojowe-mieszkanie-wroclaw-fabryczna-ul-lutynska.webp
Wrocław Ołbin,ul. Ksawerego Liskego,2,72,1299000,18042,bez pośredników,,8,https://adresowo.pl/o/mieszkanie-wroclaw-olbin-ul-ksawerego-liskego-2-pokojowe-q9m2c9,https://s2.adresowa.pl/oi/39/5e/3f7dba_46f5_cover@2x-2-pokojowe-mieszkanie-wroclaw-olbin-ul-ksawerego-liskego.webp
Wrocław Fabryczna,ul. Legnicka,3,47,zapytaj,,bez pośredników,,16,https://adresowo.pl/o/mieszkanie-wroclaw-fabryczna-ul-legnicka-3-pokojowe-n9x2g1,https://s2.adresowa.pl/oi/7f/69/3f7a24_4ddd_cover@2x-3-pokojowe-mieszkanie-wroclaw-fabryczna-ul-legnicka.webp
Wrocław Stare Miasto,ul. Joachima Lelewela,1,25,439000,17560,bez pośredników,,8,https://adresowo.pl/o/mieszkanie-wroclaw-stare-miasto-ul-joachima-lelewela-1-pokoj-e5s5p5,https://s2.adresowa.pl/oi/6d/29/3f792c_8723_cover@2x-1-pokojowe-mieszkanie-wroclaw-stare-miasto-ul-joachima-lelewela.webp
Wrocław,Krzyki,4,91,1450124,15935,Pośrednik,,9,https://adresowo.pl/o/mieszkanie-wroclaw-krzyki-4-pokojowe-91-m2-m5h5n0,https://s2.adresowa.pl/oi/7b/58/3e0fde_465b_cover@2x-4-pokojowe-mieszkanie-wroclaw-krzyki.webp
Wrocław Brochów,ul. Topolowa,1,41,549000,13390,Pośrednik,,14,https://adresowo.pl/o/mieszkanie-wroclaw-brochow-ul-topolowa-1-pokoj-s5r0s6,https://s2.adresowa.pl/oi/2b/2b/3e0396_510b_cover@2x-1-pokojowe-mieszkanie-wroclaw-brochow-ul-topolowa.webp
Wrocław Muchobór Wielki,ul. Roślinna,3,86,1100000,12791,bez pośredników,,8,https://adresowo.pl/o/mieszkanie-wroclaw-muchobor-wielki-ul-roslinna-3-pokojowe-x1b3x7,https://s2.adresowa.pl/oi/6a/5f/3f7800_6688_cover@2x-3-pokojowe-mieszkanie-wroclaw-muchobor-wielki-ul-roslinna.webp
Wrocław Grabiszyn,al. gen. Józefa Hallera,2,54,989000,18315,bez pośredników,,17,https://adresowo.pl/o/mieszkanie-wroclaw-grabiszyn-al-gen-jozefa-hallera-2-pokojowe-w6e3r1,https://s2.adresowa.pl/oi/40/1e/3f7774_8d80_cover@2x-2-pokojowe-mieszkanie-wroclaw-grabiszyn-al-gen-jozefa-hallera.webp
Wrocław Śródmieście,ul. Ignacego Daszyńskiego,1,19,300000,15789,bez pośredników,,7,https://adresowo.pl/o/mieszkanie-wroclaw-srodmiescie-ul-ignacego-daszynskiego-1-pokoj-l9j9y8,https://s2.adresowa.pl/oi/65/7b/3f76dc_ff91_cover@2x-1-pokojowe-mieszkanie-wroclaw-srodmiescie-ul-ignacego-daszynskiego.webp
Wrocław Śródmieście,ul. Mariana Smoluchowskiego,5,112,1389000,12402,Pośrednik,,15,https://adresowo.pl/o/mieszkanie-wroclaw-srodmiescie-ul-mariana-smoluchowskiego-5-pokojowe-j7m3z0,https://s2.adresowa.pl/oi/61/5a/3e02f6_2906_cover@2x-5-pokojowe-mieszkanie-wroclaw-srodmiescie-ul-mariana-smoluchowskiego.webp
Wrocław,,3,62,718999,11597,Pośrednik,,16,https://adresowo.pl/o/mieszkanie-wroclaw-3-pokojowe-62-m2-m8x4n5,https://s2.adresowa.pl/oi/1d/41/3dfd0e_3ba3_cover@2x-3-pokojowe-mieszkanie-wroclaw.webp
Wrocław Fabryczna,ul. Kłodnicka 37,2,41,550000,13415,bez pośredników,,7,https://adresowo.pl/o/mieszkanie-wroclaw-fabryczna-ul-klodnicka-2-pokojowe-e1a4e3,https://s2.adresowa.pl/oi/39/43/3f7210_86bd_cover@2x-2-pokojowe-mieszkanie-wroclaw-fabryczna-ul-klodnicka.webp
Wrocław Różanka,ul. Władysława Broniewskiego,4,80,890000,11125,bez pośredników,,8,https://adresowo.pl/o/mieszkanie-wroclaw-rozanka-ul-wladyslawa-broniewskiego-4-pokojowe-u6n8s2,https://s2.adresowa.pl/oi/27/54/3f7378_ed7d_cover@2x-4-pokojowe-mieszkanie-wroclaw-rozanka-ul-wladyslawa-broniewskiego.webp
Wrocław Kleczków,ul. Trzebnicka,2,46,399000,8674,bez pośredników,,1,https://adresowo.pl/o/mieszkanie-wroclaw-kleczkow-ul-trzebnicka-2-pokojowe-v0x0s4,https://s2.adresowa.pl/oi/5e/49/3f72e0_edbb_cover@2x-2-pokojowe-mieszkanie-wroclaw-kleczkow-ul-trzebnicka.webp
Wrocław Krzyki,ul. Zwycięska,2,55,679999,12364,Pośrednik,,10,https://adresowo.pl/o/mieszkanie-wroclaw-krzyki-ul-zwycieska-2-pokojowe-t3w8q2,https://s2.adresowa.pl/oi/41/27/3df724_db5f_cover@2x-2-pokojowe-mieszkanie-wroclaw-krzyki-ul-zwycieska.webp
Wrocław Krzyki,ul. Tadeusza Kościuszki,1,46,480000,10435,Pośrednik,,15,https://adresowo.pl/o/mieszkanie-wroclaw-krzyki-ul-tadeusza-kosciuszki-1-pokoj-i8x3j7,https://s2.adresowa.pl/oi/64/70/3dea8c_ff2a_cover@2x-1-pokojowe-mieszkanie-wroclaw-krzyki-ul-tadeusza-kosciuszki.webp
Wrocław Psie Pole,ul. Oleska,3,48,539994,11250,bez pośredników,,22,https://adresowo.pl/o/mieszkanie-wroclaw-psie-pole-ul-oleska-3-pokojowe-o3o8x3,https://s2.adresowa.pl/oi/45/77/3f6f44_ae7b_cover@2x-3-pokojowe-mieszkanie-wroclaw-psie-pole-ul-oleska.webp
Wrocław Stare Miasto,ul. Ludwika Rydygiera,2,68,670000,9853,bez pośredników,,1,https://adresowo.pl/o/mieszkanie-wroclaw-stare-miasto-ul-ludwika-rydygiera-2-pokojowe-f3c5x5,https://s2.adresowa.pl/oi/3c/42/3f6a9e_95a7_cover@2x-2-pokojowe-mieszkanie-wroclaw-stare-miasto-ul-ludwika-rydygiera.webp
Wrocław Południe,ul. Gwiaździsta,4,83,1499000,18060,Pośrednik,,15,https://adresowo.pl/o/mieszkanie-wroclaw-poludnie-ul-gwiazdzista-4-pokojowe-g0n4l4,https://s2.adresowa.pl/oi/48/6c/3de978_4912_cover@2x-4-pokojowe-mieszkanie-wroclaw-poludnie-ul-gwiazdzista.webp
Wrocław Stare Miasto,pl. Jana Pawła II,2,41,929000,22659,Pośrednik,,15,https://adresowo.pl/o/mieszkanie-wroclaw-stare-miasto-pl-jana-pawla-ii-2-pokojowe-s2w7q5,https://s2.adresowa.pl/oi/1e/6d/3dd558_4bec_cover@2x-2-pokojowe-mieszkanie-wroclaw-stare-miasto-pl-jana-pawla-ii.webp
Wrocław Huby,ul. Przestrzenna,2,40,500000,12500,bez pośredników,,17,https://adresowo.pl/o/mieszkanie-wroclaw-huby-ul-przestrzenna-2-pokojowe-f5d2f1,https://s2.adresowa.pl/oi/20/2d/3f2fba_c24a_cover@2x-2-pokojowe-mieszkanie-wroclaw-huby-ul-przestrzenna.webp
Wrocław Lipa Piotrowska,ul. Waniliowa,2,39,580000,14872,bez pośredników,,13,https://adresowo.pl/o/mieszkanie-wroclaw-lipa-piotrowska-ul-waniliowa-2-pokojowe-m3n9o0,https://s2.adresowa.pl/oi/65/24/3f6684_76b1_cover@2x-2-pokojowe-mieszkanie-wroclaw-lipa-piotrowska-ul-waniliowa.webp
Wrocław Śródmieście,ul. Czysta,1,42,479000,11405,bez pośredników,,8,https://adresowo.pl/o/mieszkanie-wroclaw-srodmiescie-ul-czysta-1-pokoj-b4u1s9,https://s2.adresowa.pl/oi/36/63/3f6372_dc29_cover@2x-1-pokojowe-mieszkanie-wroclaw-srodmiescie-ul-czysta.webp
Wrocław Psie Pole,ul. Władysława Reymonta,2,45,741297,16473,bez pośredników,,10,https://adresowo.pl/o/mieszkanie-wroclaw-psie-pole-ul-wladyslawa-reymonta-2-pokojowe-p3x4o9,https://s2.adresowa.pl/oi/30/54/3f6346_f482_cover@2x-2-pokojowe-mieszkanie-wroclaw-psie-pole-ul-wladyslawa-reymonta.webp
Wrocław,Ołtaszyn,5,120,1275000,10625,Pośrednik,,13,https://adresowo.pl/o/mieszkanie-wroclaw-oltaszyn-5-pokojowe-120-m2-d8x1z1,https://s2.adresowa.pl/oi/2d/23/3dd3f2_8d5a_cover@2x-5-pokojowe-mieszkanie-wroclaw-oltaszyn.webp
Wrocław,Lipa Piotrowska,4,96,856000,8917,Pośrednik,,6,https://adresowo.pl/o/mieszkanie-wroclaw-lipa-piotrowska-4-pokojowe-96-m2-e3u9y1,https://s2.adresowa.pl/oi/51/2f/3dd3ee_e7bc_cover@2x-4-pokojowe-mieszkanie-wroclaw-lipa-piotrowska.webp
Wrocław Krzyki,ul. Pułtuska,4,72,781525,10855,bez pośredników,,8,https://adresowo.pl/o/mieszkanie-wroclaw-krzyki-ul-pultuska-4-pokojowe-d1g1h9,https://s2.adresowa.pl/oi/20/65/3f606c_de61_cover@2x-4-pokojowe-mieszkanie-wroclaw-krzyki-ul-pultuska.webp
Wrocław,ul. Antonia Vivaldiego,3,62,835000,13468,bez pośredników,,8,https://adresowo.pl/o/mieszkanie-wroclaw-ul-antonia-vivaldiego-3-pokojowe-e9b9j4,https://s2.adresowa.pl/oi/2e/2f/3f601e_3335_cover@2x-3-pokojowe-mieszkanie-wroclaw-ul-antonia-vivaldiego.webp
Wrocław Krzyki,ul. ks. Czesława Klimasa,2,44,730000,16591,bez pośredników,,8,https://adresowo.pl/o/mieszkanie-wroclaw-krzyki-ul-ks-czeslawa-klimasa-2-pokojowe-f5x8k2,https://s2.adresowa.pl/oi/31/1d/3f5ec2_a967_cover@2x-2-pokojowe-mieszkanie-wroclaw-krzyki-ul-ks-czeslawa-klimasa.webp
Wrocław,Fabryczna,2,39,518000,13282,Pośrednik,,8,https://adresowo.pl/o/mieszkanie-wroclaw-fabryczna-2-pokojowe-39-m2-i0x8i0,https://s2.adresowa.pl/oi/72/2d/3dd3ea_9abf_cover@2x-2-pokojowe-mieszkanie-wroclaw-fabryczna.webp
Wrocław,Lipa Piotrowska,4,86,846000,9837,Pośrednik,,9,https://adresowo.pl/o/mieszkanie-wroclaw-lipa-piotrowska-4-pokojowe-86-m2-m7a2j9,https://s2.adresowa.pl/oi/1e/1e/3dd3c4_851c_cover@2x-4-pokojowe-mieszkanie-wroclaw-lipa-piotrowska.webp
Wrocław Krzyki,ul. Skarbowców,3,85,1050000,12353,bez pośredników,,8,https://adresowo.pl/o/mieszkanie-wroclaw-krzyki-ul-skarbowcow-3-pokojowe-k0n0o0,https://s2.adresowa.pl/oi/56/5c/3f5d58_f0ce_cover@2x-3-pokojowe-mieszkanie-wroclaw-krzyki-ul-skarbowcow.webp
Wrocław Stare Miasto,ul. Psie Budy,1,22,422000,19182,bez pośredników,,18,https://adresowo.pl/o/mieszkanie-wroclaw-stare-miasto-ul-psie-budy-1-pokoj-m3c1d2,https://s2.adresowa.pl/oi/1a/5a/3f5c2a_b62c_cover@2x-1-pokojowe-mieszkanie-wroclaw-stare-miasto-ul-psie-budy.webp
Wrocław Śródmieście,ul. Wojciecha Cybulskiego,1,20,299000,14950,bez pośredników,,8,https://adresowo.pl/o/mieszkanie-wroclaw-srodmiescie-ul-wojciecha-cybulskiego-1-pokoj-m7t8p3,https://s2.adresowa.pl/oi/5f/26/3f5af4_3329_cover@2x-1-pokojowe-mieszkanie-wroclaw-srodmiescie-ul-wojciecha-cybulskiego.webp
Wrocław,Tarnogaj,2,41,577000,14073,Pośrednik,,7,https://adresowo.pl/o/mieszkanie-wroclaw-tarnogaj-2-pokojowe-41-m2-w7s4a8,https://s2.adresowa.pl/oi/3f/59/3dd36c_9812_cover@2x-2-pokojowe-mieszkanie-wroclaw-tarnogaj.webp
Wrocław,Fabryczna,3,61,696400,11416,Pośrednik,,7,https://adresowo.pl/o/mieszkanie-wroclaw-fabryczna-3-pokojowe-61-m2-i4k7w0,https://s2.adresowa.pl/oi/4c/7f/3dd2c4_ce72_cover@2x-3-pokojowe-mieszkanie-wroclaw-fabryczna.webp
Wrocław Psie Pole,ul. Pęgowska,2,32,270000,8438,bez pośredników,,8,https://adresowo.pl/o/mieszkanie-wroclaw-psie-pole-ul-pegowska-2-pokojowe-c2l6y7,https://s2.adresowa.pl/oi/4b/67/3f5452_ca94_cover@2x-2-pokojowe-mieszkanie-wroclaw-psie-pole-ul-pegowska.webp
Wrocław Sołtysowice,ul. Przejazdowa,2,63,699999,11111,bez pośredników,,38,https://adresowo.pl/o/mieszkanie-wroclaw-soltysowice-ul-przejazdowa-2-pokojowe-b6l6k0,https://s2.adresowa.pl/oi/2b/69/3f517e_44f1_cover@2x-2-pokojowe-mieszkanie-wroclaw-soltysowice-ul-przejazdowa.webp
Wrocław Stare Miasto,ul. Krawiecka,4,130,1500000,11538,bez pośredników,,16,https://adresowo.pl/o/mieszkanie-wroclaw-stare-miasto-ul-krawiecka-4-pokojowe-m0r5o0,https://s2.adresowa.pl/oi/5a/79/3f4dac_555e_cover@2x-4-pokojowe-mieszkanie-wroclaw-stare-miasto-ul-krawiecka.webp
Wrocław Śródmieście,ul. ks. Konstantego Damrota,3,61,749000,12279,Pośrednik,,16,https://adresowo.pl/o/mieszkanie-wroclaw-srodmiescie-ul-ks-konstantego-damrota-3-pokojowe-n4b2m7,https://s2.adresowa.pl/oi/27/6f/3dcd88_5c60_cover@2x-3-pokojowe-mieszkanie-wroclaw-srodmiescie-ul-ks-konstantego-damrota.webp
Wrocław Sołtysowice,ul. Sołtysowicka,1,17,289000,17000,Pośrednik,,14,https://adresowo.pl/o/mieszkanie-wroclaw-soltysowice-ul-soltysowicka-1-pokoj-a2b6z9,https://s2.adresowa.pl/oi/14/22/3dacaa_ab67_cover@2x-1-pokojowe-mieszkanie-wroclaw-soltysowice-ul-soltysowicka.webp
Wrocław Śródmieście,ul. kard. Stefana Wyszyńskiego,2,47,520000,11064,bez pośredników,,5,https://adresowo.pl/o/mieszkanie-wroclaw-srodmiescie-ul-kard-stefana-wyszynskiego-2-pokojowe-h0i9h7,https://s2.adresowa.pl/oi/7c/36/3f4d8c_77e5_cover@2x-2-pokojowe-mieszkanie-wroclaw-srodmiescie-ul-kard-stefana-wyszynskiego.webp
Wrocław Marszowice,ul. Józefa Wąsowicza,4,82,1100000,13415,bez pośredników,,1,https://adresowo.pl/o/mieszkanie-wroclaw-marszowice-ul-jozefa-wasowicza-4-pokojowe-p9m0c6,https://s2.adresowa.pl/oi/34/18/3f4d08_af67_cover@2x-4-pokojowe-mieszkanie-wroclaw-marszowice-ul-jozefa-wasowicza.webp
Wrocław Pilczyce,ul. Metalowców,3,64,750000,11719,bez pośredników,,6,https://adresowo.pl/o/mieszkanie-wroclaw-pilczyce-ul-metalowcow-3-pokojowe-l6e7k2,https://s2.adresowa.pl/oi/14/72/3f4c96_b3bf_cover@2x-3-pokojowe-mieszkanie-wroclaw-pilczyce-ul-metalowcow.webp
Wrocław Krzyki,ul. gen. Kazimierza Pułaskiego,2,45,949000,21089,Pośrednik,,14,https://adresowo.pl/o/mieszkanie-wroclaw-krzyki-ul-gen-kazimierza-pulaskiego-2-pokojowe-z3p5y2,https://s2.adresowa.pl/oi/6f/49/3daa5e_be9d_cover@2x-2-pokojowe-mieszkanie-wroclaw-krzyki-ul-gen-kazimierza-pulaskiego.webp
Wrocław Partynice,ul. Jeździecka,2,37,587140,15869,Pośrednik,,9,https://adresowo.pl/o/mieszkanie-wroclaw-partynice-ul-jezdziecka-2-pokojowe-h1u0a5,https://s2.adresowa.pl/oi/12/72/3da9a8_eb04_cover@2x-2-pokojowe-mieszkanie-wroclaw-partynice-ul-jezdziecka.webp
Wrocław Psie Pole,ul. Litewska,4,72,860000,11944,bez pośredników,,18,https://adresowo.pl/o/mieszkanie-wroclaw-psie-pole-ul-litewska-4-pokojowe-z7l5p5,https://s2.adresowa.pl/oi/69/6c/3f4be0_7c3f_cover@2x-4-pokojowe-mieszkanie-wroclaw-psie-pole-ul-litewska.webp
Wrocław Stare Miasto,ul. Romana Dmowskiego,4,80,1500000,18750,bez pośredników,,15,https://adresowo.pl/o/mieszkanie-wroclaw-stare-miasto-ul-romana-dmowskiego-4-pokojowe-x7u7c0,https://s2.adresowa.pl/oi/16/3b/3f4a8e_c93c_cover@2x-4-pokojowe-mieszkanie-wroclaw-stare-miasto-ul-romana-dmowskiego.webp
Wrocław Psie Pole,ul. Mulicka,3,48,539000,11229,bez pośredników,,7,https://adresowo.pl/o/mieszkanie-wroclaw-psie-pole-ul-mulicka-3-pokojowe-r3b4j8,https://s2.adresowa.pl/oi/34/31/3f3f9a_dba3_cover@2x-3-pokojowe-mieszkanie-wroclaw-psie-pole-ul-mulicka.webp
Wrocław,ul. Stawowa,2,33,649468,19681,Pośrednik,,10,https://adresowo.pl/o/mieszkanie-wroclaw-ul-stawowa-2-pokojowe-s5s3m4,https://s2.adresowa.pl/oi/3f/18/3da950_5e79_cover@2x-2-pokojowe-mieszkanie-wroclaw-ul-stawowa.webp
Wrocław,ul. Stawowa,1,25,463422,18537,Pośrednik,,9,https://adresowo.pl/o/mieszkanie-wroclaw-ul-stawowa-1-pokoj-b8e8u4,https://s2.adresowa.pl/oi/47/1f/3da8ae_563e_cover@2x-1-pokojowe-mieszkanie-wroclaw-ul-stawowa.webp
Wrocław Gajowice,ul. Wróbla,4,72,799000,11097,bez pośredników,,8,https://adresowo.pl/o/mieszkanie-wroclaw-gajowice-ul-wrobla-4-pokojowe-y9l2n4,https://s2.adresowa.pl/oi/72/6c/3f4576_bd1e_cover@2x-4-pokojowe-mieszkanie-wroclaw-gajowice-ul-wrobla.webp
Wrocław Grabiszyn,ul. Fabryczna,2,61,770000,12623,bez pośredników,,5,https://adresowo.pl/o/mieszkanie-wroclaw-grabiszyn-ul-fabryczna-2-pokojowe-y0k2t7,https://s2.adresowa.pl/oi/59/3a/3f4220_8737_cover@2x-2-pokojowe-mieszkanie-wroclaw-grabiszyn-ul-fabryczna.webp
Wrocław Gaj,ul. Jerzego Kukuczki,2,46,640000,13913,bez pośredników,,9,https://adresowo.pl/o/mieszkanie-wroclaw-gaj-ul-jerzego-kukuczki-2-pokojowe-k1f9y3,https://s2.adresowa.pl/oi/4b/20/3f40e0_9546_cover@2x-2-pokojowe-mieszkanie-wroclaw-gaj-ul-jerzego-kukuczki.webp
Wrocław Śródmieście,ul. Stacha Świstackiego,4,75,789900,10532,Pośrednik,,14,https://adresowo.pl/o/mieszkanie-wroclaw-srodmiescie-ul-stacha-swistackiego-4-pokojowe-r3s6g7,https://s2.adresowa.pl/oi/14/51/3da254_5aec_cover@2x-4-pokojowe-mieszkanie-wroclaw-srodmiescie-ul-stacha-swistackiego.webp
Wrocław,Ołtaszyn,4,120,1275000,10625,Pośrednik,,9,https://adresowo.pl/o/mieszkanie-wroclaw-oltaszyn-4-pokojowe-120-m2-e6c4c8,https://s2.adresowa.pl/oi/34/1c/3da180_28d8_cover@2x-4-pokojowe-mieszkanie-wroclaw-oltaszyn.webp
Wrocław Zakrzów,ul. Zatorska,1,32,435000,13594,bez pośredników,,5,https://adresowo.pl/o/mieszkanie-wroclaw-zakrzow-ul-zatorska-1-pokoj-f2o8v6,https://s2.adresowa.pl/oi/2f/78/3f3fa2_4078_cover@2x-1-pokojowe-mieszkanie-wroclaw-zakrzow-ul-zatorska.webp
Wrocław Szczepin,ul. Zachodnia,2,48,585000,12188,bez pośredników,,18,https://adresowo.pl/o/mieszkanie-wroclaw-szczepin-ul-zachodnia-2-pokojowe-n4z0i5,https://s2.adresowa.pl/oi/37/3a/3f3c06_a02c_cover@2x-2-pokojowe-mieszkanie-wroclaw-szczepin-ul-zachodnia.webp
Wrocław Klecina,ul. Cukrowa,2,50,659000,13180,bez pośredników,,7,https://adresowo.pl/o/mieszkanie-wroclaw-klecina-ul-cukrowa-2-pokojowe-p0c3j4,https://s2.adresowa.pl/oi/10/25/3f39b0_fba5_cover@2x-2-pokojowe-mieszkanie-wroclaw-klecina-ul-cukrowa.webp
Wrocław,Gaj,2,34,645711,18992,Pośrednik,,5,https://adresowo.pl/o/mieszkanie-wroclaw-gaj-2-pokojowe-34-m2-s9y8w1,https://s2.adresowa.pl/oi/43/47/3da148_c827_cover@2x-2-pokojowe-mieszkanie-wroclaw-gaj.webp
Wrocław,Fabryczna,3,69,774999,11232,Pośrednik,,16,https://adresowo.pl/o/mieszkanie-wroclaw-fabryczna-3-pokojowe-69-m2-q6p1h0,https://s2.adresowa.pl/oi/71/28/3da004_5804_cover@2x-3-pokojowe-mieszkanie-wroclaw-fabryczna.webp
Wrocław Gajowice,ul. Jemiołowa,3,66,925000,14015,bez pośredników,,15,https://adresowo.pl/o/mieszkanie-wroclaw-gajowice-ul-jemiolowa-3-pokojowe-b0d5y4,https://s2.adresowa.pl/oi/31/72/3f389c_61ba_cover@2x-3-pokojowe-mieszkanie-wroclaw-gajowice-ul-jemiolowa.webp
Wrocław Ołtaszyn,ul. Obrońców Poczty Gdańskiej,2,57,890000,15614,bez pośredników,,26,https://adresowo.pl/o/mieszkanie-wroclaw-oltaszyn-ul-obroncow-poczty-gdanskiej-2-pokojowe-e2u3h4,https://s2.adresowa.pl/oi/76/12/3f341c_503e_cover@2x-2-pokojowe-mieszkanie-wroclaw-oltaszyn-ul-obroncow-poczty-gdanskiej.webp
Wrocław Gajowice,ul. Stalowowolska,2,50,535000,10700,bez pośredników,,19,https://adresowo.pl/o/mieszkanie-wroclaw-gajowice-ul-stalowowolska-2-pokojowe-g7z2y6,https://s2.adresowa.pl/oi/41/3a/3f3254_eadf_cover@2x-2-pokojowe-mieszkanie-wroclaw-gajowice-ul-stalowowolska.webp
Wrocław Krzyki,pl. Powstańców Śląskich,3,88,1242000,14114,Pośrednik,,24,https://adresowo.pl/o/mieszkanie-wroclaw-krzyki-pl-powstancow-slaskich-3-pokojowe-t4j5m2,https://s2.adresowa.pl/oi/57/69/3d9d4c_689a_cover@2x-3-pokojowe-mieszkanie-wroclaw-krzyki-pl-powstancow-slaskich.webp
Wrocław,Stare Miasto,3,121,5500000,45455,Pośrednik,,15,https://adresowo.pl/o/mieszkanie-wroclaw-stare-miasto-3-pokojowe-121-m2-s3v2t4,https://s2.adresowa.pl/oi/11/6a/3d91aa_76ca_cover@2x-3-pokojowe-mieszkanie-wroclaw-stare-miasto.webp
Wrocław Psie Pole,ul. Władysława Reymonta,4,71,759206,10693,bez pośredników,,12,https://adresowo.pl/o/mieszkanie-wroclaw-psie-pole-ul-wladyslawa-reymonta-4-pokojowe-w6e4y3,https://s2.adresowa.pl/oi/7b/64/3f30c6_b7e4_cover@2x-4-pokojowe-mieszkanie-wroclaw-psie-pole-ul-wladyslawa-reymonta.webp
Wrocław Krzyki,ul. gen. Antoniego Madalińskiego,3,64,1350000,21094,bez pośredników,,20,https://adresowo.pl/o/mieszkanie-wroclaw-krzyki-ul-gen-antoniego-madalinskiego-3-pokojowe-v2n6y8,https://s2.adresowa.pl/oi/42/4e/3f30ac_904c_cover@2x-3-pokojowe-mieszkanie-wroclaw-krzyki-ul-gen-antoniego-madalinskiego.webp
Wrocław Krzyki,ul. Wolbromska,2,83,1349000,16253,bez pośredników,,13,https://adresowo.pl/o/mieszkanie-wroclaw-krzyki-ul-wolbromska-2-pokojowe-w3o9h7,https://s2.adresowa.pl/oi/1f/17/3f2d1e_e63d_cover@2x-2-pokojowe-mieszkanie-wroclaw-krzyki-ul-wolbromska.webp
Wrocław Stare Miasto,Most Młyński,3,100,1159000,11590,Pośrednik,,21,https://adresowo.pl/o/mieszkanie-wroclaw-stare-miasto-most-mlynski-3-pokojowe-y9s7v4,https://s2.adresowa.pl/oi/20/40/3d8cc2_2beb_cover@2x-3-pokojowe-mieszkanie-wroclaw-stare-miasto-most-mlynski.webp
Wrocław Psie Pole,ul. Tymiankowa,3,60,649000,10817,Pośrednik,,15,https://adresowo.pl/o/mieszkanie-wroclaw-psie-pole-ul-tymiankowa-3-pokojowe-x9q3z2,https://s2.adresowa.pl/oi/4a/6c/3d7be0_8955_cover@2x-3-pokojowe-mieszkanie-wroclaw-psie-pole-ul-tymiankowa.webp
Wrocław Wojnów,ul. Ubocze,2,54,700000,12963,bez pośredników,,18,https://adresowo.pl/o/mieszkanie-wroclaw-wojnow-ul-ubocze-2-pokojowe-q4q5y5,https://s2.adresowa.pl/oi/45/48/3f2bcc_d5f1_cover@2x-2-pokojowe-mieszkanie-wroclaw-wojnow-ul-ubocze.webp
Wrocław Kuźniki,ul. Sarbinowska,3,55,570000,10364,bez pośredników,,21,https://adresowo.pl/o/mieszkanie-wroclaw-kuzniki-ul-sarbinowska-3-pokojowe-r0f8m9,https://s2.adresowa.pl/oi/7a/22/3f2630_2739_cover@2x-3-pokojowe-mieszkanie-wroclaw-kuzniki-ul-sarbinowska.webp
Wrocław Śródmieście,ul. Benedyktyńska,1,29,530000,18276,bez pośredników,,12,https://adresowo.pl/o/mieszkanie-wroclaw-srodmiescie-ul-benedyktynska-1-pokoj-m5w3p0,https://s2.adresowa.pl/oi/1b/27/3f1470_9ea0_cover@2x-1-pokojowe-mieszkanie-wroclaw-srodmiescie-ul-benedyktynska.webp
Wrocław Krzyki,ul. Edmunda Kajdasza,4,65,850000,13077,Pośrednik,,15,https://adresowo.pl/o/mieszkanie-wroclaw-krzyki-ul-edmunda-kajdasza-4-pokojowe-q8h2x5,https://s2.adresowa.pl/oi/36/12/3d7bda_79aa_cover@2x-4-pokojowe-mieszkanie-wroclaw-krzyki-ul-edmunda-kajdasza.webp
Wrocław,,3,67,1233596,18412,Pośrednik,,1,https://adresowo.pl/o/mieszkanie-wroclaw-3-pokojowe-67-m2-j6l9e6,https://s2.adresowa.pl/oi/76/21/3d7bc2_aecc_cover@2x-3-pokojowe-mieszkanie-wroclaw.webp
Wrocław Psie Pole,ul. Władysława Reymonta,2,36,560000,15556,bez pośredników,,14,https://adresowo.pl/o/mieszkanie-wroclaw-psie-pole-ul-wladyslawa-reymonta-2-pokojowe-b1l3g3,https://s2.adresowa.pl/oi/1c/23/3f1318_51ee_cover@2x-2-pokojowe-mieszkanie-wroclaw-psie-pole-ul-wladyslawa-reymonta.webp
Wrocław Maślice,ul. Augustowska,3,51,870000,17059,bez pośredników,,12,https://adresowo.pl/o/mieszkanie-wroclaw-maslice-ul-augustowska-3-pokojowe-i1b0f9,https://s2.adresowa.pl/oi/4d/41/3f126c_9c40_cover@2x-3-pokojowe-mieszkanie-wroclaw-maslice-ul-augustowska.webp
Wrocław Maślice,ul. Ruczajowa,3,51,800000,15686,bez pośredników,,13,https://adresowo.pl/o/mieszkanie-wroclaw-maslice-ul-ruczajowa-3-pokojowe-w5i6q1,https://s2.adresowa.pl/oi/76/69/3f1236_f4b5_cover@2x-3-pokojowe-mieszkanie-wroclaw-maslice-ul-ruczajowa.webp
Wrocław Krzyki,ul. gen. Romualda Traugutta 103,1,15,299999,20000,Pośrednik,,6,https://adresowo.pl/o/mieszkanie-wroclaw-krzyki-ul-gen-romualda-traugutta-1-pokoj-m6q7o4,https://s2.adresowa.pl/oi/25/55/3d7894_dada_cover@2x-1-pokojowe-mieszkanie-wroclaw-krzyki-ul-gen-romualda-traugutta.webp
Wrocław Krzyki,ul. Wielka,1,41,499000,12171,Pośrednik,,7,https://adresowo.pl/o/mieszkanie-wroclaw-krzyki-ul-wielka-1-pokoj-y4g5z8,https://s2.adresowa.pl/oi/4a/2c/3d709c_f0cb_cover@2x-1-pokojowe-mieszkanie-wroclaw-krzyki-ul-wielka.webp
Wrocław Maślice,ul. Zawidowska,4,67,960000,14328,bez pośredników,,4,https://adresowo.pl/o/mieszkanie-wroclaw-maslice-ul-zawidowska-4-pokojowe-d3w5w9,https://s2.adresowa.pl/oi/32/22/3f11c8_83f8_cover@2x-4-pokojowe-mieszkanie-wroclaw-maslice-ul-zawidowska.webp
Wrocław Fabryczna,ul. Bystrzycka,5,82,930000,11341,bez pośredników,,10,https://adresowo.pl/o/mieszkanie-wroclaw-fabryczna-ul-bystrzycka-5-pokojowe-o1x1i3,https://s2.adresowa.pl/oi/5e/20/3f07de_4e99_cover@2x-5-pokojowe-mieszkanie-wroclaw-fabryczna-ul-bystrzycka.webp
Wrocław Klecina,ul. Życzliwa,3,57,829000,14544,bez pośredników,,13,https://adresowo.pl/o/mieszkanie-wroclaw-klecina-ul-zyczliwa-3-pokojowe-f3t0e3,https://s2.adresowa.pl/oi/3d/29/3f05e6_d767_cover@2x-3-pokojowe-mieszkanie-wroclaw-klecina-ul-zyczliwa.webp
Wrocław Stare Miasto,ul. Podwale 82,3,83,2010000,24217,Pośrednik,,10,https://adresowo.pl/o/mieszkanie-wroclaw-stare-miasto-ul-podwale-3-pokojowe-e7o9a8,https://s2.adresowa.pl/oi/6a/6f/3d7098_4422_cover@2x-3-pokojowe-mieszkanie-wroclaw-stare-miasto-ul-podwale.webp
Wrocław Psie Pole,ul. Bierutowska,1,26,379000,14577,Pośrednik,,5,https://adresowo.pl/o/mieszkanie-wroclaw-psie-pole-ul-bierutowska-1-pokoj-f9v4s6,https://s2.adresowa.pl/oi/66/5f/3d708e_8db8_cover@2x-1-pokojowe-mieszkanie-wroclaw-psie-pole-ul-bierutowska.webp
Wrocław Gądów Mały,ul. Na Ostatnim Groszu,3,53,649000,12245,bez pośredników,,12,https://adresowo.pl/o/mieszkanie-wroclaw-gadow-maly-ul-na-ostatnim-groszu-3-pokojowe-p8k4z9,https://s2.adresowa.pl/oi/55/38/3f02b6_3655_cover@2x-3-pokojowe-mieszkanie-wroclaw-gadow-maly-ul-na-ostatnim-groszu.webp
Wrocław Psie Pole,ul. Sołtysowicka,1,17,289000,17000,bez pośredników,,8,https://adresowo.pl/o/mieszkanie-wroclaw-psie-pole-ul-soltysowicka-1-pokoj-z3v8m4,https://s2.adresowa.pl/oi/6a/43/3f017c_3d46_cover@2x-1-pokojowe-mieszkanie-wroclaw-psie-pole-ul-soltysowicka.webp
Wrocław Złotniki,ul. Kamiennogórska,3,104,820000,7885,bez pośredników,,10,https://adresowo.pl/o/mieszkanie-wroclaw-zlotniki-ul-kamiennogorska-3-pokojowe-l5u8y4,https://s2.adresowa.pl/oi/2b/5a/3effb2_d4ab_cover@2x-3-pokojowe-mieszkanie-wroclaw-zlotniki-ul-kamiennogorska.webp
Wrocław Krzyki,ul. Gwiaździsta,4,225,5997000,26653,Pośrednik,,15,https://adresowo.pl/o/mieszkanie-wroclaw-krzyki-ul-gwiazdzista-4-pokojowe-z8j5n6,https://s2.adresowa.pl/oi/30/4a/3d708a_eb2f_cover@2x-4-pokojowe-mieszkanie-wroclaw-krzyki-ul-gwiazdzista.webp
Wrocław Stare Miasto,ul. Podwale 82,1,28,690000,24643,Pośrednik,,14,https://adresowo.pl/o/mieszkanie-wroclaw-stare-miasto-ul-podwale-1-pokoj-i1r6d8,https://s2.adresowa.pl/oi/3e/5e/3d7088_e4da_cover@2x-1-pokojowe-mieszkanie-wroclaw-stare-miasto-ul-podwale.webp
Wrocław Krzyki,ul. Drukarska,3,58,799000,13776,bez pośredników,,1,https://adresowo.pl/o/mieszkanie-wroclaw-krzyki-ul-drukarska-3-pokojowe-v3b3l8,https://s2.adresowa.pl/oi/25/20/3ef92a_8a87_cover@2x-3-pokojowe-mieszkanie-wroclaw-krzyki-ul-drukarska.webp
Wrocław,Psie Pole,2,56,725000,12946,bez pośredników,,13,https://adresowo.pl/o/mieszkanie-wroclaw-psie-pole-2-pokojowe-56-m2-m4d1n2,https://s2.adresowa.pl/oi/61/39/3eee36_d04d_cover@2x-2-pokojowe-mieszkanie-wroclaw-psie-pole.webp
Wrocław Złotniki,ul. Opoczyńska,3,53,763000,14396,bez pośredników,,19,https://adresowo.pl/o/mieszkanie-wroclaw-zlotniki-ul-opoczynska-3-pokojowe-d2l9e1,https://s2.adresowa.pl/oi/32/3a/3eedb8_4d95_cover@2x-3-pokojowe-mieszkanie-wroclaw-zlotniki-ul-opoczynska.webp
Wrocław Stare Miasto,ul. gen. Romualda Traugutta 70,2,44,747000,16977,Pośrednik,,4,https://adresowo.pl/o/mieszkanie-wroclaw-stare-miasto-ul-gen-romualda-traugutta-2-pokojowe-k8e2i0,https://s2.adresowa.pl/oi/6d/1e/3d707c_69dd_cover@2x-2-pokojowe-mieszkanie-wroclaw-stare-miasto-ul-gen-romualda-traugutta.webp
Wrocław,ul. Bierutowska,2,52,739000,14212,Pośrednik,,5,https://adresowo.pl/o/mieszkanie-wroclaw-ul-bierutowska-2-pokojowe-k7b2c7,https://s2.adresowa.pl/oi/4e/5d/3d706c_a5a4_cover@2x-2-pokojowe-mieszkanie-wroclaw-ul-bierutowska.webp
Wrocław Fabryczna,ul. Kolista,3,62,715000,11532,bez pośredników,,7,https://adresowo.pl/o/mieszkanie-wroclaw-fabryczna-ul-kolista-3-pokojowe-t8z9b9,https://s2.adresowa.pl/oi/7d/5a/3eecbc_bb87_cover@2x-3-pokojowe-mieszkanie-wroclaw-fabryczna-ul-kolista.webp
Wrocław Psie Pole,ul. Litewska,4,72,745000,10347,bez pośredników,,20,https://adresowo.pl/o/mieszkanie-wroclaw-psie-pole-ul-litewska-4-pokojowe-x9i4o5,https://s2.adresowa.pl/oi/38/5f/3eea50_2b25_cover@2x-4-pokojowe-mieszkanie-wroclaw-psie-pole-ul-litewska.webp
Wrocław Muchobór Mały,ul. Hiszpańska,3,62,699000,11274,bez pośredników,,13,https://adresowo.pl/o/mieszkanie-wroclaw-muchobor-maly-ul-hiszpanska-3-pokojowe-o8q6v3,https://s2.adresowa.pl/oi/5f/1a/3ee9ee_711c_cover@2x-3-pokojowe-mieszkanie-wroclaw-muchobor-maly-ul-hiszpanska.webp
Wrocław Krzyki,ul. Koreańska,3,108,947000,8769,Pośrednik,,14,https://adresowo.pl/o/mieszkanie-wroclaw-krzyki-ul-koreanska-3-pokojowe-h4k2u1,https://s2.adresowa.pl/oi/48/27/3d705e_6b1d_cover@2x-3-pokojowe-mieszkanie-wroclaw-krzyki-ul-koreanska.webp
Wrocław Stare Miasto,ul. Trzemeska,2,33,710000,21515,Pośrednik,,13,https://adresowo.pl/o/mieszkanie-wroclaw-stare-miasto-ul-trzemeska-2-pokojowe-a1i9c0,https://s2.adresowa.pl/oi/53/1c/3d6a02_4df3_cover@2x-2-pokojowe-mieszkanie-wroclaw-stare-miasto-ul-trzemeska.webp
Wrocław,Stare Miasto,1,40,690000,17250,bez pośredników,,5,https://adresowo.pl/o/mieszkanie-wroclaw-stare-miasto-1-pokoj-40-m2-m4s9m5,https://s2.adresowa.pl/oi/70/79/3ee924_ccb3_cover@2x-1-pokojowe-mieszkanie-wroclaw-stare-miasto.webp
Wrocław Jagodno,ul. Edmunda Kajdasza,3,63,897000,14238,bez pośredników,,8,https://adresowo.pl/o/mieszkanie-wroclaw-jagodno-ul-edmunda-kajdasza-3-pokojowe-o1z2m2,https://s2.adresowa.pl/oi/4c/61/3edaa6_966d_cover@2x-3-pokojowe-mieszkanie-wroclaw-jagodno-ul-edmunda-kajdasza.webp
Wrocław Stare Miasto,ul. Iwana Pawłowa,2,51,759000,14882,bez pośredników,,10,https://adresowo.pl/o/mieszkanie-wroclaw-stare-miasto-ul-iwana-pawlowa-2-pokojowe-k7p7w5,https://s2.adresowa.pl/oi/60/21/3ed1c4_697c_cover@2x-2-pokojowe-mieszkanie-wroclaw-stare-miasto-ul-iwana-pawlowa.webp
Wrocław,Psie Pole,2,43,548990,12767,Pośrednik,,11,https://adresowo.pl/o/mieszkanie-wroclaw-psie-pole-2-pokojowe-43-m2-c6g8y3,https://s2.adresowa.pl/oi/66/58/3d6896_3287_cover@2x-2-pokojowe-mieszkanie-wroclaw-psie-pole.webp
Wrocław,ul. Księcia Witolda,2,70,994999,14214,Pośrednik,,16,https://adresowo.pl/o/mieszkanie-wroclaw-ul-ksiecia-witolda-2-pokojowe-r8j9w8,https://s2.adresowa.pl/oi/68/5a/3d6880_8652_cover@2x-2-pokojowe-mieszkanie-wroclaw-ul-ksiecia-witolda.webp
Wrocław Jagodno,ul. Adama Kopycińskiego,2,45,690000,15333,bez pośredników,,14,https://adresowo.pl/o/mieszkanie-wroclaw-jagodno-ul-adama-kopycinskiego-2-pokojowe-y9v8l0,https://s2.adresowa.pl/oi/66/3d/3ed068_ae16_cover@2x-2-pokojowe-mieszkanie-wroclaw-jagodno-ul-adama-kopycinskiego.webp
Wrocław Psie Pole,ul. Zakładowa,1,32,549000,17156,bez pośredników,,7,https://adresowo.pl/o/mieszkanie-wroclaw-psie-pole-ul-zakladowa-1-pokoj-v1o0t1,https://s2.adresowa.pl/oi/45/6a/3ece3c_6125_cover@2x-1-pokojowe-mieszkanie-wroclaw-psie-pole-ul-zakladowa.webp
Wrocław Śródmieście,ul. Sądowa,3,69,785000,11377,bez pośredników,,17,https://adresowo.pl/o/mieszkanie-wroclaw-srodmiescie-ul-sadowa-3-pokojowe-y9a7j2,https://s2.adresowa.pl/oi/53/28/3ecdc4_31e9_cover@2x-3-pokojowe-mieszkanie-wroclaw-srodmiescie-ul-sadowa.webp
Wrocław Ołtaszyn,ul. Obrońców Poczty Gdańskiej,3,50,690000,13800,Pośrednik,,19,https://adresowo.pl/o/mieszkanie-wroclaw-oltaszyn-ul-obroncow-poczty-gdanskiej-3-pokojowe-w2a9r5,https://s2.adresowa.pl/oi/12/4f/3d685e_9e00_cover@2x-3-pokojowe-mieszkanie-wroclaw-oltaszyn-ul-obroncow-poczty-gdanskiej.webp
Wrocław Huby,ul. Gliniana,2,47,544998,11596,Pośrednik,,26,https://adresowo.pl/o/mieszkanie-wroclaw-huby-ul-gliniana-2-pokojowe-b7s5s6,https://s2.adresowa.pl/oi/5f/32/3d6852_d7c6_cover@2x-2-pokojowe-mieszkanie-wroclaw-huby-ul-gliniana.webp
Wrocław Tarnogaj,ul. Międzyleska,2,43,720000,16744,bez pośredników,,7,https://adresowo.pl/o/mieszkanie-wroclaw-tarnogaj-ul-miedzyleska-2-pokojowe-g2b3i6,https://s2.adresowa.pl/oi/16/49/3ecbb8_ebbf_cover@2x-2-pokojowe-mieszkanie-wroclaw-tarnogaj-ul-miedzyleska.webp
Wrocław Krzyki,ul. św. Jerzego,4,76,899000,11829,bez pośredników,,13,https://adresowo.pl/o/mieszkanie-wroclaw-krzyki-ul-sw-jerzego-4-pokojowe-q9a8x9,https://s2.adresowa.pl/oi/45/31/3ec85c_f9c0_cover@2x-4-pokojowe-mieszkanie-wroclaw-krzyki-ul-sw-jerzego.webp
Wrocław Kleczków,ul. Rędzińska,3,58,790000,13621,bez pośredników,,15,https://adresowo.pl/o/mieszkanie-wroclaw-kleczkow-ul-redzinska-3-pokojowe-q1c8m9,https://s2.adresowa.pl/oi/7c/66/3ec7d0_5f5d_cover@2x-3-pokojowe-mieszkanie-wroclaw-kleczkow-ul-redzinska.webp
Wrocław,ul. Krzycka,2,57,738999,12965,Pośrednik,,14,https://adresowo.pl/o/mieszkanie-wroclaw-ul-krzycka-2-pokojowe-y7n9y0,https://s2.adresowa.pl/oi/75/6d/3d684c_560a_cover@2x-2-pokojowe-mieszkanie-wroclaw-ul-krzycka.webp
Wrocław,Stare Miasto,2,53,598998,11302,Pośrednik,,14,https://adresowo.pl/o/mieszkanie-wroclaw-stare-miasto-2-pokojowe-53-m2-w0r2c4,https://s2.adresowa.pl/oi/5b/60/3d6848_bcda_cover@2x-2-pokojowe-mieszkanie-wroclaw-stare-miasto.webp
Wrocław Psie Pole,ul. Henryka Michała Kamieńskiego,2,50,699000,13980,bez pośredników,,12,https://adresowo.pl/o/mieszkanie-wroclaw-psie-pole-ul-henryka-michala-kamienskiego-2-pokojowe-z6r4h8,https://s2.adresowa.pl/oi/68/5e/3ec76e_e619_cover@2x-2-pokojowe-mieszkanie-wroclaw-psie-pole-ul-henryka-michala-kamienskiego.webp
Wrocław Muchobór Wielki,ul. Przedświt,2,54,729000,13500,bez pośredników,,9,https://adresowo.pl/o/mieszkanie-wroclaw-muchobor-wielki-ul-przedswit-2-pokojowe-l8c9t5,https://s2.adresowa.pl/oi/20/6c/3ec238_a8b3_cover@2x-2-pokojowe-mieszkanie-wroclaw-muchobor-wielki-ul-przedswit.webp
Wrocław Śródmieście,ul. Marii Curie-Skłodowskiej,3,80,1280000,16000,bez pośredników,,14,https://adresowo.pl/o/mieszkanie-wroclaw-srodmiescie-ul-marii-curie-sklodowskiej-3-pokojowe-b1z9n7,https://s2.adresowa.pl/oi/14/33/3ec228_f20c_cover@2x-3-pokojowe-mieszkanie-wroclaw-srodmiescie-ul-marii-curie-sklodowskiej.webp
Wrocław Muchobór Wielki,ul. Rakietowa,3,75,818501,10913,Pośrednik,,27,https://adresowo.pl/o/mieszkanie-wroclaw-muchobor-wielki-ul-rakietowa-3-pokojowe-n5m5b4,https://s2.adresowa.pl/oi/1d/6a/3d6844_8719_cover@2x-3-pokojowe-mieszkanie-wroclaw-muchobor-wielki-ul-rakietowa.webp
Wrocław Krzyki,ul. Drukarska,2,41,499000,12171,Pośrednik,,21,https://adresowo.pl/o/mieszkanie-wroclaw-krzyki-ul-drukarska-2-pokojowe-o5o5d8,https://s2.adresowa.pl/oi/38/30/3d6814_dc56_cover@2x-2-pokojowe-mieszkanie-wroclaw-krzyki-ul-drukarska.webp
Wrocław Śródmieście,ul. Henryka Sienkiewicza,3,71,870000,12254,bez pośredników,,16,https://adresowo.pl/o/mieszkanie-wroclaw-srodmiescie-ul-henryka-sienkiewicza-3-pokojowe-n6t0z0,https://s2.adresowa.pl/oi/47/28/3ec216_2777_cover@2x-3-pokojowe-mieszkanie-wroclaw-srodmiescie-ul-henryka-sienkiewicza.webp
Wrocław,Stare Miasto,2,38,1050000,27632,bez pośredników,,9,https://adresowo.pl/o/mieszkanie-wroclaw-stare-miasto-2-pokojowe-38-m2-f4k4x3,https://s2.adresowa.pl/oi/4b/3d/3ec106_fb2e_cover@2x-2-pokojowe-mieszkanie-wroclaw-stare-miasto.webp
Wrocław Wojszyce,ul. Pawia,3,54,695000,12870,bez pośredników,,20,https://adresowo.pl/o/mieszkanie-wroclaw-wojszyce-ul-pawia-3-pokojowe-s7o7f6,https://s2.adresowa.pl/oi/7f/47/3ebfd8_996e_cover@2x-3-pokojowe-mieszkanie-wroclaw-wojszyce-ul-pawia.webp
Wrocław Śródmieście,pl. Jana Pawła II,3,49,689000,14061,Pośrednik,,19,https://adresowo.pl/o/mieszkanie-wroclaw-srodmiescie-pl-jana-pawla-ii-3-pokojowe-e9t9n5,https://s2.adresowa.pl/oi/79/38/3d6812_c543_cover@2x-3-pokojowe-mieszkanie-wroclaw-srodmiescie-pl-jana-pawla-ii.webp
Wrocław Gądów Mały,ul. Balonowa 16,3,77,938990,12195,Pośrednik,,16,https://adresowo.pl/o/mieszkanie-wroclaw-gadow-maly-ul-balonowa-3-pokojowe-h8x0l0,https://s2.adresowa.pl/oi/69/10/3d67f4_9578_cover@2x-3-pokojowe-mieszkanie-wroclaw-gadow-maly-ul-balonowa.webp
Wrocław Gądów Mały,ul. Na Ostatnim Groszu,1,25,395000,15800,bez pośredników,,8,https://adresowo.pl/o/mieszkanie-wroclaw-gadow-maly-ul-na-ostatnim-groszu-1-pokoj-a3g7k8,https://s2.adresowa.pl/oi/2d/14/3ebdc2_7a25_cover@2x-1-pokojowe-mieszkanie-wroclaw-gadow-maly-ul-na-ostatnim-groszu.webp
Wrocław Poświętne,ul. Henryka Michała Kamieńskiego,3,69,895000,12971,bez pośredników,,16,https://adresowo.pl/o/mieszkanie-wroclaw-poswietne-ul-henryka-michala-kamienskiego-3-pokojowe-g7k1r5,https://s2.adresowa.pl/oi/18/3b/3eb5a6_564f_cover@2x-3-pokojowe-mieszkanie-wroclaw-poswietne-ul-henryka-michala-kamienskiego.webp
Wrocław Fabryczna,ul. Buczacka,3,75,765000,10200,bez pośredników,,12,https://adresowo.pl/o/mieszkanie-wroclaw-fabryczna-ul-buczacka-3-pokojowe-u9y2j9,https://s2.adresowa.pl/oi/69/74/3eb1c4_9b92_cover@2x-3-pokojowe-mieszkanie-wroclaw-fabryczna-ul-buczacka.webp
Wrocław Śródmieście,ul. Szewska,1,33,494000,14970,Pośrednik,,19,https://adresowo.pl/o/mieszkanie-wroclaw-srodmiescie-ul-szewska-1-pokoj-j7b9b9,https://s2.adresowa.pl/oi/24/7e/3d67e8_6c5d_cover@2x-1-pokojowe-mieszkanie-wroclaw-srodmiescie-ul-szewska.webp
Wrocław,Jagodno,3,65,790000,12154,Pośrednik,,17,https://adresowo.pl/o/mieszkanie-wroclaw-jagodno-3-pokojowe-65-m2-d7g8r6,https://s2.adresowa.pl/oi/19/4f/3d6040_e963_cover@2x-3-pokojowe-mieszkanie-wroclaw-jagodno.webp
Wrocław Stare Miasto,ul. Zachodnia,2,49,588000,12000,bez pośredników,,18,https://adresowo.pl/o/mieszkanie-wroclaw-stare-miasto-ul-zachodnia-2-pokojowe-z4x9w0,https://s2.adresowa.pl/oi/7f/3d/3eae9a_2c6b_cover@2x-2-pokojowe-mieszkanie-wroclaw-stare-miasto-ul-zachodnia.webp
Wrocław Krzyki,ul. Antonia Vivaldiego,2,54,648000,12000,bez pośredników,,6,https://adresowo.pl/o/mieszkanie-wroclaw-krzyki-ul-antonia-vivaldiego-2-pokojowe-p5b6u6,https://s2.adresowa.pl/oi/1d/71/3ea950_a6c1_cover@2x-2-pokojowe-mieszkanie-wroclaw-krzyki-ul-antonia-vivaldiego.webp
Wrocław Stare Miasto,ul. Oławska,4,68,1670000,24559,bez pośredników,,19,https://adresowo.pl/o/mieszkanie-wroclaw-stare-miasto-ul-olawska-4-pokojowe-u8m2g5,https://s2.adresowa.pl/oi/2f/57/3ea8d6_7c0e_cover@2x-4-pokojowe-mieszkanie-wroclaw-stare-miasto-ul-olawska.webp
Wrocław Południe,ul. Wincentego Stysia 37,3,71,850000,11972,Pośrednik,,16,https://adresowo.pl/o/mieszkanie-wroclaw-poludnie-ul-wincentego-stysia-3-pokojowe-b6o6m4,https://s2.adresowa.pl/oi/19/6f/3d5f3a_5d3c_cover@2x-3-pokojowe-mieszkanie-wroclaw-poludnie-ul-wincentego-stysia.webp
Wrocław,ul. Komuny Paryskiej,3,65,699990,10769,Pośrednik,,15,https://adresowo.pl/o/mieszkanie-wroclaw-ul-komuny-paryskiej-3-pokojowe-a2c0r8,https://s2.adresowa.pl/oi/13/25/3d5940_4ce8_cover@2x-3-pokojowe-mieszkanie-wroclaw-ul-komuny-paryskiej.webp
Wrocław Leśnica,ul. Dolnobrzeska,3,83,315000,3795,bez pośredników,,18,https://adresowo.pl/o/mieszkanie-wroclaw-lesnica-ul-dolnobrzeska-3-pokojowe-w3i0r9,https://s2.adresowa.pl/oi/44/47/3ea8a2_7643_cover@2x-3-pokojowe-mieszkanie-wroclaw-lesnica-ul-dolnobrzeska.webp
Wrocław,Psie Pole,2,55,760000,13818,bez pośredników,,5,https://adresowo.pl/o/mieszkanie-wroclaw-psie-pole-2-pokojowe-55-m2-c0k0o3,https://s2.adresowa.pl/oi/5f/20/3ea7e2_7ff2_cover@2x-2-pokojowe-mieszkanie-wroclaw-psie-pole.webp
Wrocław,Śródmieście,1,26,355000,13654,Pośrednik,,6,https://adresowo.pl/o/mieszkanie-wroclaw-srodmiescie-1-pokoj-26-m2-t8u9l3,https://s2.adresowa.pl/oi/1c/76/3d4a10_403f_cover@2x-1-pokojowe-mieszkanie-wroclaw-srodmiescie.webp
Wrocław Klecina,ul. Marchewkowa,3,53,734900,13866,Pośrednik,,21,https://adresowo.pl/o/mieszkanie-wroclaw-klecina-ul-marchewkowa-3-pokojowe-j0a5q1,https://s2.adresowa.pl/oi/65/45/3d2ec2_a185_cover@2x-3-pokojowe-mieszkanie-wroclaw-klecina-ul-marchewkowa.webp
Wrocław Krzyki,ul. Powstańców Śląskich 52,1,38,489999,12895,bez pośredników,,61,https://adresowo.pl/o/mieszkanie-wroclaw-krzyki-ul-powstancow-slaskich-1-pokoj-k5c4g3,https://s2.adresowa.pl/oi/48/16/3fafa2_5e9f_cover@2x-1-pokojowe-mieszkanie-wroclaw-krzyki-ul-powstancow-slaskich.webp
Wrocław Stare Miasto,ul. Kaszubska,1,28,498000,17786,bez pośredników,,8,https://adresowo.pl/o/mieszkanie-wroclaw-stare-miasto-ul-kaszubska-1-pokoj-l6r7m8,https://s2.adresowa.pl/oi/52/31/3ea7a8_a303_cover@2x-1-pokojowe-mieszkanie-wroclaw-stare-miasto-ul-kaszubska.webp
Wrocław Ołbin,ul. Stefana Żeromskiego,3,54,567000,10500,bez pośredników,,7,https://adresowo.pl/o/mieszkanie-wroclaw-olbin-ul-stefana-zeromskiego-3-pokojowe-c9l9w3,https://s2.adresowa.pl/oi/24/15/3ea2f2_b1de_cover@2x-3-pokojowe-mieszkanie-wroclaw-olbin-ul-stefana-zeromskiego.webp
Wrocław Szczepin,ul. Młodych Techników,2,41,589000,14366,bez pośredników,,13,https://adresowo.pl/o/mieszkanie-wroclaw-szczepin-ul-mlodych-technikow-2-pokojowe-t7d6h7,https://s2.adresowa.pl/oi/58/5b/3ea186_b1eb_cover@2x-2-pokojowe-mieszkanie-wroclaw-szczepin-ul-mlodych-technikow.webp
Wrocław,Psie Pole,2,47,550000,11702,Pośrednik,,15,https://adresowo.pl/o/mieszkanie-wroclaw-psie-pole-2-pokojowe-47-m2-m5l0o6,https://s2.adresowa.pl/oi/7b/69/3d2276_7928_cover@2x-2-pokojowe-mieszkanie-wroclaw-psie-pole.webp
Wrocław Krzyki,ul. gen. Antoniego Madalińskiego,1,21,398000,18952,Pośrednik,,8,https://adresowo.pl/o/mieszkanie-wroclaw-krzyki-ul-gen-antoniego-madalinskiego-1-pokoj-i2r4b9,https://s2.adresowa.pl/oi/78/7a/3d1348_d582_cover@2x-1-pokojowe-mieszkanie-wroclaw-krzyki-ul-gen-antoniego-madalinskiego.webp
Wrocław,ul. Wałbrzyska,3,69,870000,12609,bez pośredników,,5,https://adresowo.pl/o/mieszkanie-wroclaw-ul-walbrzyska-3-pokojowe-g5w4k7,https://s2.adresowa.pl/oi/7f/1d/3ea080_8392_cover@2x-3-pokojowe-mieszkanie-wroclaw-ul-walbrzyska.webp
Wrocław Śródmieście,pl. Grunwaldzki,2,47,799000,17000,bez pośredników,,7,https://adresowo.pl/o/mieszkanie-wroclaw-srodmiescie-pl-grunwaldzki-2-pokojowe-z6f3l8,https://s2.adresowa.pl/oi/1b/46/3e9efe_d0b4_cover@2x-2-pokojowe-mieszkanie-wroclaw-srodmiescie-pl-grunwaldzki.webp
Wrocław,ul. Hugona Kołłątaja,2,45,575000,12778,bez pośredników,,4,https://adresowo.pl/o/mieszkanie-wroclaw-ul-hugona-kollataja-2-pokojowe-d0a8c9,https://s2.adresowa.pl/oi/2f/2e/3e9e96_e5d4_cover@2x-2-pokojowe-mieszkanie-wroclaw-ul-hugona-kollataja.webp
Wrocław Krzyki,ul. Swobodna,2,37,489000,13216,Pośrednik,,5,https://adresowo.pl/o/mieszkanie-wroclaw-krzyki-ul-swobodna-2-pokojowe-u2w7t2,https://s2.adresowa.pl/oi/6f/44/3cf9cc_ba5a_cover@2x-2-pokojowe-mieszkanie-wroclaw-krzyki-ul-swobodna.webp
Wrocław,ul. Kurkowa,2,36,519990,14444,Pośrednik,,15,https://adresowo.pl/o/mieszkanie-wroclaw-ul-kurkowa-2-pokojowe-e3v9q3,https://s2.adresowa.pl/oi/74/27/3cedb0_8fa3_cover@2x-2-pokojowe-mieszkanie-wroclaw-ul-kurkowa.webp
Wrocław Partynice,ul. Kawalerzystów,3,65,879000,13523,bez pośredników,,16,https://adresowo.pl/o/mieszkanie-wroclaw-partynice-ul-kawalerzystow-3-pokojowe-n8b5n1,https://s2.adresowa.pl/oi/1c/5c/3e8692_978e_cover@2x-3-pokojowe-mieszkanie-wroclaw-partynice-ul-kawalerzystow.webp
Wrocław Gądów Mały,ul. Kwiska,4,63,850000,13492,bez pośredników,,7,https://adresowo.pl/o/mieszkanie-wroclaw-gadow-maly-ul-kwiska-4-pokojowe-v5q7z0,https://s2.adresowa.pl/oi/63/30/3e7120_95ba_cover@2x-4-pokojowe-mieszkanie-wroclaw-gadow-maly-ul-kwiska.webp
Wrocław,Leśnica,3,66,749000,11348,bez pośredników,,8,https://adresowo.pl/o/mieszkanie-wroclaw-lesnica-3-pokojowe-66-m2-f0z2t6,https://s2.adresowa.pl/oi/57/57/3e688e_d20c_cover@2x-3-pokojowe-mieszkanie-wroclaw-lesnica.webp
Wrocław Partynice,ul. gen. Stanisława Maczka,4,94,1550000,16489,Pośrednik,,18,https://adresowo.pl/o/mieszkanie-wroclaw-partynice-ul-gen-stanislawa-maczka-4-pokojowe-v0z2c6,https://s2.adresowa.pl/oi/1b/5f/3ce892_3574_cover@2x-4-pokojowe-mieszkanie-wroclaw-partynice-ul-gen-stanislawa-maczka.webp
Wrocław Stare Miasto,ul. Krawiecka,2,56,970000,17321,Pośrednik,,28,https://adresowo.pl/o/mieszkanie-wroclaw-stare-miasto-ul-krawiecka-2-pokojowe-c2p2f2,https://s2.adresowa.pl/oi/18/20/3cd552_86d3_cover@2x-2-pokojowe-mieszkanie-wroclaw-stare-miasto-ul-krawiecka.webp
Wrocław Stare Miasto,pl. Muzealny,3,64,1090000,17031,bez pośredników,,11,https://adresowo.pl/o/mieszkanie-wroclaw-stare-miasto-pl-muzealny-3-pokojowe-p1l8x6,https://s2.adresowa.pl/oi/71/3a/3e6748_d0dc_cover@2x-3-pokojowe-mieszkanie-wroclaw-stare-miasto-pl-muzealny.webp
Wrocław Fabryczna,ul. Mielecka,2,45,650000,14444,bez pośredników,,8,https://adresowo.pl/o/mieszkanie-wroclaw-fabryczna-ul-mielecka-2-pokojowe-n6p5r3,https://s2.adresowa.pl/oi/38/1b/3e6680_359a_cover@2x-2-pokojowe-mieszkanie-wroclaw-fabryczna-ul-mielecka.webp
Wrocław Krzyki,ul. gen. Antoniego Madalińskiego,3,65,1420000,21846,bez pośredników,,18,https://adresowo.pl/o/mieszkanie-wroclaw-krzyki-ul-gen-antoniego-madalinskiego-3-pokojowe-l9d6s4,https://s2.adresowa.pl/oi/50/6a/3e6300_8bc4_cover@2x-3-pokojowe-mieszkanie-wroclaw-krzyki-ul-gen-antoniego-madalinskiego.webp
Wrocław,ul. Szybka 9,2,41,879000,21439,Pośrednik,,11,https://adresowo.pl/o/mieszkanie-wroclaw-ul-szybka-2-pokojowe-w2n7e0,https://s2.adresowa.pl/oi/6b/17/3cc928_28f3_cover@2x-2-pokojowe-mieszkanie-wroclaw-ul-szybka.webp
Wrocław,ul. Słowiańska,1,32,374000,11688,Pośrednik,,12,https://adresowo.pl/o/mieszkanie-wroclaw-ul-slowianska-1-pokoj-i0f7m1,https://s2.adresowa.pl/oi/20/23/3cb656_2e31_cover@2x-1-pokojowe-mieszkanie-wroclaw-ul-slowianska.webp
Wrocław,Fabryczna,2,61,680000,11148,bez pośredników,,8,https://adresowo.pl/o/mieszkanie-wroclaw-fabryczna-2-pokojowe-61-m2-v2z8h5,https://s2.adresowa.pl/oi/2c/5f/3e5c34_db5a_cover@2x-2-pokojowe-mieszkanie-wroclaw-fabryczna.webp
Wrocław Krzyki,ul. Sudecka,2,40,1050000,26250,bez pośredników,,9,https://adresowo.pl/o/mieszkanie-wroclaw-krzyki-ul-sudecka-2-pokojowe-q3e4u8,https://s2.adresowa.pl/oi/14/46/3e550e_b6ea_cover@2x-2-pokojowe-mieszkanie-wroclaw-krzyki-ul-sudecka.webp
Wrocław Stare Miasto,ul. Piwna,2,33,577000,17485,bez pośredników,,5,https://adresowo.pl/o/mieszkanie-wroclaw-stare-miasto-ul-piwna-2-pokojowe-c2a6g1,https://s2.adresowa.pl/oi/1d/7d/3e4bba_96b7_cover@2x-2-pokojowe-mieszkanie-wroclaw-stare-miasto-ul-piwna.webp
Wrocław Krzyki,ul. Komuny Paryskiej 30,4,80,898000,11225,Pośrednik,,22,https://adresowo.pl/o/mieszkanie-wroclaw-krzyki-ul-komuny-paryskiej-4-pokojowe-w4o4g6,https://s2.adresowa.pl/oi/33/40/3cb00a_c1a8_cover@2x-4-pokojowe-mieszkanie-wroclaw-krzyki-ul-komuny-paryskiej.webp
Wrocław Grabiszyn,ul. Blacharska,2,56,850000,15179,Pośrednik,,20,https://adresowo.pl/o/mieszkanie-wroclaw-grabiszyn-ul-blacharska-2-pokojowe-i6t1z7,https://s2.adresowa.pl/oi/12/18/3c91cc_5683_cover@2x-2-pokojowe-mieszkanie-wroclaw-grabiszyn-ul-blacharska.webp
Wrocław,Psie Pole,2,35,480000,13714,bez pośredników,,8,https://adresowo.pl/o/mieszkanie-wroclaw-psie-pole-2-pokojowe-35-m2-x6x3t2,https://s2.adresowa.pl/oi/2f/15/3e4b9c_ec2e_cover@2x-2-pokojowe-mieszkanie-wroclaw-psie-pole.webp
Wrocław Stare Miasto,ul. Joachima Lelewela,2,35,637000,18200,bez pośredników,,3,https://adresowo.pl/o/mieszkanie-wroclaw-stare-miasto-ul-joachima-lelewela-2-pokojowe-c3a1a6,https://s2.adresowa.pl/oi/7d/64/3e4b92_a0f3_cover@2x-2-pokojowe-mieszkanie-wroclaw-stare-miasto-ul-joachima-lelewela.webp
Wrocław Muchobór Wielki,ul. Leopolda Tyrmanda,1,24,405000,16875,bez pośredników,,10,https://adresowo.pl/o/mieszkanie-wroclaw-muchobor-wielki-ul-leopolda-tyrmanda-1-pokoj-h9e9p5,https://s2.adresowa.pl/oi/5a/6f/3e4b1e_d747_cover@2x-1-pokojowe-mieszkanie-wroclaw-muchobor-wielki-ul-leopolda-tyrmanda.webp
Wrocław Wojszyce,ul. Oboźna,3,61,698000,11443,Pośrednik,,15,https://adresowo.pl/o/mieszkanie-wroclaw-wojszyce-ul-obozna-3-pokojowe-n1a4k2,https://s2.adresowa.pl/oi/3c/72/3c86fe_6dc1_cover@2x-3-pokojowe-mieszkanie-wroclaw-wojszyce-ul-obozna.webp
Wrocław Śródmieście,ul. Słowiańska,4,63,640000,10159,Pośrednik,,15,https://adresowo.pl/o/mieszkanie-wroclaw-srodmiescie-ul-slowianska-4-pokojowe-a0h3n9,https://s2.adresowa.pl/oi/2e/33/3c6a60_618e_cover@2x-4-pokojowe-mieszkanie-wroclaw-srodmiescie-ul-slowianska.webp
Wrocław Krzyki,ul. gen. Kazimierza Pułaskiego,3,75,1000000,13333,bez pośredników,,19,https://adresowo.pl/o/mieszkanie-wroclaw-krzyki-ul-gen-kazimierza-pulaskiego-3-pokojowe-s0g3b1,https://s2.adresowa.pl/oi/61/7d/3e4874_ae16_cover@2x-3-pokojowe-mieszkanie-wroclaw-krzyki-ul-gen-kazimierza-pulaskiego.webp
Wrocław Szczepin,ul. Przedmiejska,1,24,510000,21250,bez pośredników,,8,https://adresowo.pl/o/mieszkanie-wroclaw-szczepin-ul-przedmiejska-1-pokoj-a0i8b2,https://s2.adresowa.pl/oi/3a/20/3e4624_4898_cover@2x-1-pokojowe-mieszkanie-wroclaw-szczepin-ul-przedmiejska.webp
Wrocław Śródmieście,ul. św. Antoniego,5,160,2370000,14812,bez pośredników,,19,https://adresowo.pl/o/mieszkanie-wroclaw-srodmiescie-ul-sw-antoniego-5-pokojowe-k6l5f5,https://s2.adresowa.pl/oi/3a/56/3e4084_8e3e_cover@2x-5-pokojowe-mieszkanie-wroclaw-srodmiescie-ul-sw-antoniego.webp
Wrocław Różanka,ul. Obornicka 77,2,49,610000,12449,Pośrednik,,17,https://adresowo.pl/o/mieszkanie-wroclaw-rozanka-ul-obornicka-2-pokojowe-f0i9t1,https://s2.adresowa.pl/oi/7d/24/3c69a6_67f5_cover@2x-2-pokojowe-mieszkanie-wroclaw-rozanka-ul-obornicka.webp
Wrocław Stare Miasto,ul. św. Antoniego,4,95,1490000,15684,Pośrednik,,15,https://adresowo.pl/o/mieszkanie-wroclaw-stare-miasto-ul-sw-antoniego-4-pokojowe-s5z9q5,https://s2.adresowa.pl/oi/22/78/3c56c4_b8c8_cover@2x-4-pokojowe-mieszkanie-wroclaw-stare-miasto-ul-sw-antoniego.webp
Wrocław,Gaj,3,63,678000,10762,bez pośredników,,1,https://adresowo.pl/o/mieszkanie-wroclaw-gaj-3-pokojowe-63-m2-e2f2x6,https://s2.adresowa.pl/oi/38/6d/3e407e_f7fd_cover@2x-3-pokojowe-mieszkanie-wroclaw-gaj.webp
Wrocław Tarnogaj,ul. Piękna,4,76,1130000,14868,bez pośredników,,4,https://adresowo.pl/o/mieszkanie-wroclaw-tarnogaj-ul-piekna-4-pokojowe-n4q3d5,https://s2.adresowa.pl/oi/73/74/3e3b9c_35b2_cover@2x-4-pokojowe-mieszkanie-wroclaw-tarnogaj-ul-piekna.webp
Wrocław Śródmieście,pl. Stanisława Staszica,3,53,610000,11509,bez pośredników,,8,https://adresowo.pl/o/mieszkanie-wroclaw-srodmiescie-pl-stanislawa-staszica-3-pokojowe-b1z1l6,https://s2.adresowa.pl/oi/1d/6d/3e38d8_f028_cover@2x-3-pokojowe-mieszkanie-wroclaw-srodmiescie-pl-stanislawa-staszica.webp
Wrocław Krzyki,ul. Cukrowa,3,77,863000,11208,Pośrednik,,18,https://adresowo.pl/o/mieszkanie-wroclaw-krzyki-ul-cukrowa-3-pokojowe-b4o2y2,https://s2.adresowa.pl/oi/60/38/3c4524_a724_cover@2x-3-pokojowe-mieszkanie-wroclaw-krzyki-ul-cukrowa.webp
Wrocław,ul. Kościańska,2,55,715000,13000,Pośrednik,,16,https://adresowo.pl/o/mieszkanie-wroclaw-ul-koscianska-2-pokojowe-l3s0n7,https://s2.adresowa.pl/oi/74/79/3c2996_5880_cover@2x-2-pokojowe-mieszkanie-wroclaw-ul-koscianska.webp
Wrocław Krzyki,ul. Kamienna,3,55,749000,13618,bez pośredników,,12,https://adresowo.pl/o/mieszkanie-wroclaw-krzyki-ul-kamienna-3-pokojowe-j9v3u6,https://s2.adresowa.pl/oi/75/64/3e38d2_f357_cover@2x-3-pokojowe-mieszkanie-wroclaw-krzyki-ul-kamienna.webp
Wrocław Maślice,ul. Potokowa,3,62,885000,14274,bez pośredników,,13,https://adresowo.pl/o/mieszkanie-wroclaw-maslice-ul-potokowa-3-pokojowe-s7q9v8,https://s2.adresowa.pl/oi/36/68/3e37d2_ee39_cover@2x-3-pokojowe-mieszkanie-wroclaw-maslice-ul-potokowa.webp
Wrocław Krzyki,ul. Komandorska,2,38,515000,13553,bez pośredników,,14,https://adresowo.pl/o/mieszkanie-wroclaw-krzyki-ul-komandorska-2-pokojowe-m5u3c3,https://s2.adresowa.pl/oi/6a/2b/3e3722_5e22_cover@2x-2-pokojowe-mieszkanie-wroclaw-krzyki-ul-komandorska.webp
Wrocław,Huby,3,55,1172704,21322,Pośrednik,,18,https://adresowo.pl/o/mieszkanie-wroclaw-huby-3-pokojowe-55-m2-g5l9o5,https://s2.adresowa.pl/oi/65/7d/3c105a_b5c8_cover@2x-3-pokojowe-mieszkanie-wroclaw-huby.webp
Wrocław Krzyki,ul. Komandorska,3,63,849000,13476,Pośrednik,,16,https://adresowo.pl/o/mieszkanie-wroclaw-krzyki-ul-komandorska-3-pokojowe-v4w5q5,https://s2.adresowa.pl/oi/19/70/3c0eda_d0ce_cover@2x-3-pokojowe-mieszkanie-wroclaw-krzyki-ul-komandorska.webp
Wrocław Krzyki,ul. Krakowska,4,80,1099999,13750,bez pośredników,,5,https://adresowo.pl/o/mieszkanie-wroclaw-krzyki-ul-krakowska-4-pokojowe-w9a1d3,https://s2.adresowa.pl/oi/57/52/3e3436_ebc9_cover@2x-4-pokojowe-mieszkanie-wroclaw-krzyki-ul-krakowska.webp
Wrocław,Krzyki,4,68,1020000,15000,bez pośredników,,13,https://adresowo.pl/o/mieszkanie-wroclaw-krzyki-4-pokojowe-68-m2-w6h1s1,https://s2.adresowa.pl/oi/5c/2a/3e2248_3fee_cover@2x-4-pokojowe-mieszkanie-wroclaw-krzyki.webp
Wrocław Krzyki,ul. Wincentego Stysia,3,58,610000,10517,bez pośredników,,12,https://adresowo.pl/o/mieszkanie-wroclaw-krzyki-ul-wincentego-stysia-3-pokojowe-o8l4t1,https://s2.adresowa.pl/oi/67/4e/3e1a10_ca44_cover@2x-3-pokojowe-mieszkanie-wroclaw-krzyki-ul-wincentego-stysia.webp
Wrocław Stare Miasto,ul. Hugona Kołłątaja 23,2,57,849849,14910,Pośrednik,,15,https://adresowo.pl/o/mieszkanie-wroclaw-stare-miasto-ul-hugona-kollataja-2-pokojowe-l6v6h5,https://s2.adresowa.pl/oi/2a/23/3bf01a_bde5_cover@2x-2-pokojowe-mieszkanie-wroclaw-stare-miasto-ul-hugona-kollataja.webp
Wrocław Krzyki,ul. Braterska,2,37,619000,16730,Pośrednik,,11,https://adresowo.pl/o/mieszkanie-wroclaw-krzyki-ul-braterska-2-pokojowe-g9e6w7,https://s2.adresowa.pl/oi/5f/1c/3bdd7a_e879_cover@2x-2-pokojowe-mieszkanie-wroclaw-krzyki-ul-braterska.webp
Wrocław Psie Pole,ul. Sołtysowicka,3,60,800000,13333,bez pośredników,,8,https://adresowo.pl/o/mieszkanie-wroclaw-psie-pole-ul-soltysowicka-3-pokojowe-p8p4u1,https://s2.adresowa.pl/oi/7c/46/3e1898_f3ba_cover@2x-3-pokojowe-mieszkanie-wroclaw-psie-pole-ul-soltysowicka.webp
Wrocław Grabiszyn,ul. Aleksandra Ostrowskiego,2,48,700000,14583,bez pośredników,,14,https://adresowo.pl/o/mieszkanie-wroclaw-grabiszyn-ul-aleksandra-ostrowskiego-2-pokojowe-l9v8e3,https://s2.adresowa.pl/oi/7a/56/3e1770_cbcc_cover@2x-2-pokojowe-mieszkanie-wroclaw-grabiszyn-ul-aleksandra-ostrowskiego.webp
Wrocław Ołtaszyn,ul. Obrońców Poczty Gdańskiej,3,86,1100000,12791,bez pośredników,,11,https://adresowo.pl/o/mieszkanie-wroclaw-oltaszyn-ul-obroncow-poczty-gdanskiej-3-pokojowe-d7a0u3,https://s2.adresowa.pl/oi/1a/64/3e1474_a4fa_cover@2x-3-pokojowe-mieszkanie-wroclaw-oltaszyn-ul-obroncow-poczty-gdanskiej.webp
Wrocław Śródmieście,ul. Księcia Witolda,3,101,1500000,14851,Pośrednik,,15,https://adresowo.pl/o/mieszkanie-wroclaw-srodmiescie-ul-ksiecia-witolda-3-pokojowe-r0g5l7,https://s2.adresowa.pl/oi/33/78/3bb258_cc82_cover@2x-3-pokojowe-mieszkanie-wroclaw-srodmiescie-ul-ksiecia-witolda.webp
Wrocław Śródmieście,ul. Władysława Łokietka,5,106,890000,8396,Pośrednik,,21,https://adresowo.pl/o/mieszkanie-wroclaw-srodmiescie-ul-wladyslawa-lokietka-5-pokojowe-o3p7p5,https://s2.adresowa.pl/oi/4e/4d/3ba66c_8108_cover@2x-5-pokojowe-mieszkanie-wroclaw-srodmiescie-ul-wladyslawa-lokietka.webp
Wrocław Śródmieście,ul. Świdnicka,3,51,689000,13510,bez pośredników,,5,https://adresowo.pl/o/mieszkanie-wroclaw-srodmiescie-ul-swidnicka-3-pokojowe-q8r0d3,https://s2.adresowa.pl/oi/26/29/3e0f6c_8b8c_cover@2x-3-pokojowe-mieszkanie-wroclaw-srodmiescie-ul-swidnicka.webp
Wrocław Krzyki,ul. gen. Józefa Haukego-Bosaka,2,53,509000,9604,bez pośredników,,11,https://adresowo.pl/o/mieszkanie-wroclaw-krzyki-ul-gen-jozefa-haukego-bosaka-2-pokojowe-t8h8t0,https://s2.adresowa.pl/oi/51/7f/3e04bc_70b6_cover@2x-2-pokojowe-mieszkanie-wroclaw-krzyki-ul-gen-jozefa-haukego-bosaka.webp
Wrocław Kleczków,ul. Lucjana Siemieńskiego,2,53,580000,10943,bez pośredników,,6,https://adresowo.pl/o/mieszkanie-wroclaw-kleczkow-ul-lucjana-siemienskiego-2-pokojowe-w0s5j2,https://s2.adresowa.pl/oi/25/44/3e0032_caf0_cover@2x-2-pokojowe-mieszkanie-wroclaw-kleczkow-ul-lucjana-siemienskiego.webp
Wrocław,Osobowice,3,55,559000,10164,Pośrednik,,12,https://adresowo.pl/o/mieszkanie-wroclaw-osobowice-3-pokojowe-55-m2-y9j1e1,https://s2.adresowa.pl/oi/2a/49/3b8e36_671a_cover@2x-3-pokojowe-mieszkanie-wroclaw-osobowice.webp
Wrocław,ul. gen. Antoniego Madalińskiego,2,51,885000,17353,Pośrednik,,7,https://adresowo.pl/o/mieszkanie-wroclaw-ul-gen-antoniego-madalinskiego-2-pokojowe-d7e6c4,https://s2.adresowa.pl/oi/39/45/3b835a_2bdd_cover@2x-2-pokojowe-mieszkanie-wroclaw-ul-gen-antoniego-madalinskiego.webp
Wrocław Plac Grunwaldzki,ul. Henryka Sienkiewicza,4,50,620000,12400,bez pośredników,,6,https://adresowo.pl/o/mieszkanie-wroclaw-plac-grunwaldzki-ul-henryka-sienkiewicza-4-pokojowe-n6k2f5,https://s2.adresowa.pl/oi/11/7d/3dfe14_cdcd_cover@2x-4-pokojowe-mieszkanie-wroclaw-plac-grunwaldzki-ul-henryka-sienkiewicza.webp
Wrocław,Muchobór Wielki,3,59,800000,13559,bez pośredników,,9,https://adresowo.pl/o/mieszkanie-wroclaw-muchobor-wielki-3-pokojowe-59-m2-n1y6j7,https://s2.adresowa.pl/oi/29/39/3df99e_a3e8_cover@2x-3-pokojowe-mieszkanie-wroclaw-muchobor-wielki.webp
Wrocław Muchobór Wielki,ul. Stanisława Kunickiego,2,35,619000,17686,bez pośredników,,12,https://adresowo.pl/o/mieszkanie-wroclaw-muchobor-wielki-ul-stanislawa-kunickiego-2-pokojowe-i9y8s3,https://s2.adresowa.pl/oi/26/68/3df964_9f52_cover@2x-2-pokojowe-mieszkanie-wroclaw-muchobor-wielki-ul-stanislawa-kunickiego.webp
Wrocław Muchobór Wielki,ul. Żwirki i Wigury,3,73,887000,12151,Pośrednik,,18,https://adresowo.pl/o/mieszkanie-wroclaw-muchobor-wielki-ul-zwirki-i-wigury-3-pokojowe-u1i7t7,https://s2.adresowa.pl/oi/7b/67/3b7306_f7cc_cover@2x-3-pokojowe-mieszkanie-wroclaw-muchobor-wielki-ul-zwirki-i-wigury.webp
Wrocław Stare Miasto,ul. Oławska,1,25,530000,21200,Pośrednik,,3,https://adresowo.pl/o/mieszkanie-wroclaw-stare-miasto-ul-olawska-1-pokoj-n7x7i3,https://s2.adresowa.pl/oi/1c/70/3b72d4_b898_cover@2x-1-pokojowe-mieszkanie-wroclaw-stare-miasto-ul-olawska.webp
Wrocław Śródmieście,ul. Łęczycka,2,56,650000,11607,bez pośredników,,8,https://adresowo.pl/o/mieszkanie-wroclaw-srodmiescie-ul-leczycka-2-pokojowe-o9p9a6,https://s2.adresowa.pl/oi/23/5d/3de756_b9b2_cover@2x-2-pokojowe-mieszkanie-wroclaw-srodmiescie-ul-leczycka.webp
Wrocław Krzyki,pl. Ludwika Hirszfelda,3,54,599000,11093,bez pośredników,,8,https://adresowo.pl/o/mieszkanie-wroclaw-krzyki-pl-ludwika-hirszfelda-3-pokojowe-n0x1d5,https://s2.adresowa.pl/oi/2b/13/3dd2a2_4f71_cover@2x-3-pokojowe-mieszkanie-wroclaw-krzyki-pl-ludwika-hirszfelda.webp
Wrocław Muchobór Mały,ul. Strzegomska,3,61,629000,10311,bez pośredników,,13,https://adresowo.pl/o/mieszkanie-wroclaw-muchobor-maly-ul-strzegomska-3-pokojowe-c6i0b6,https://s2.adresowa.pl/oi/25/21/3dd298_a789_cover@2x-3-pokojowe-mieszkanie-wroclaw-muchobor-maly-ul-strzegomska.webp
Wrocław,ul. Powstańców Śląskich,2,53,679000,12811,Pośrednik,,15,https://adresowo.pl/o/mieszkanie-wroclaw-ul-powstancow-slaskich-2-pokojowe-o0u9a3,https://s2.adresowa.pl/oi/24/20/3b6456_5501_cover@2x-2-pokojowe-mieszkanie-wroclaw-ul-powstancow-slaskich.webp
Wrocław Stare Miasto,ul. Żytnia,2,35,520000,14857,Pośrednik,,13,https://adresowo.pl/o/mieszkanie-wroclaw-stare-miasto-ul-zytnia-2-pokojowe-u2v0g0,https://s2.adresowa.pl/oi/74/1d/3b4cba_6317_cover@2x-2-pokojowe-mieszkanie-wroclaw-stare-miasto-ul-zytnia.webp
Wrocław Ołbin,ul. Wygodna,2,63,619000,9825,bez pośredników,,12,https://adresowo.pl/o/mieszkanie-wroclaw-olbin-ul-wygodna-2-pokojowe-j8j7k7,https://s2.adresowa.pl/oi/66/47/3dd284_a800_cover@2x-2-pokojowe-mieszkanie-wroclaw-olbin-ul-wygodna.webp
Wrocław Stabłowice,ul. Jodłowicka,4,69,839000,12159,bez pośredników,,11,https://adresowo.pl/o/mieszkanie-wroclaw-stablowice-ul-jodlowicka-4-pokojowe-y3x1l5,https://s2.adresowa.pl/oi/51/1f/3dd182_aad7_cover@2x-4-pokojowe-mieszkanie-wroclaw-stablowice-ul-jodlowicka.webp
Wrocław Nowy Dwór,ul. Budziszyńska,2,53,764000,14415,bez pośredników,,20,https://adresowo.pl/o/mieszkanie-wroclaw-nowy-dwor-ul-budziszynska-2-pokojowe-c9g1a9,https://s2.adresowa.pl/oi/3b/69/3dc852_8098_cover@2x-2-pokojowe-mieszkanie-wroclaw-nowy-dwor-ul-budziszynska.webp
Wrocław Krzyki,ul. Żytnia,2,57,599000,10509,Pośrednik,,10,https://adresowo.pl/o/mieszkanie-wroclaw-krzyki-ul-zytnia-2-pokojowe-n3k8b8,https://s2.adresowa.pl/oi/18/36/3b4a48_8bd6_cover@2x-2-pokojowe-mieszkanie-wroclaw-krzyki-ul-zytnia.webp
Wrocław Huby,ul. Łódzka,3,82,690000,8415,Pośrednik,,17,https://adresowo.pl/o/mieszkanie-wroclaw-huby-ul-lodzka-3-pokojowe-h0w9s9,https://s2.adresowa.pl/oi/75/20/326136_fd26_cover@2x-3-pokojowe-mieszkanie-wroclaw-huby-ul-lodzka.webp
Wrocław Śródmieście,ul. Stefana Żeromskiego,2,54,649000,12019,bez pośredników,,13,https://adresowo.pl/o/mieszkanie-wroclaw-srodmiescie-ul-stefana-zeromskiego-2-pokojowe-i3r7l8,https://s2.adresowa.pl/oi/14/3e/3dc2ca_5288_cover@2x-2-pokojowe-mieszkanie-wroclaw-srodmiescie-ul-stefana-zeromskiego.webp
Wrocław Krzyki,ul. Widna,3,52,577000,11096,bez pośredników,,8,https://adresowo.pl/o/mieszkanie-wroclaw-krzyki-ul-widna-3-pokojowe-h4a7z3,https://s2.adresowa.pl/oi/5a/36/3db5e4_5ab9_cover@2x-3-pokojowe-mieszkanie-wroclaw-krzyki-ul-widna.webp
Wrocław Fabryczna,ul. Na Ostatnim Groszu,3,53,600000,11321,bez pośredników,,8,https://adresowo.pl/o/mieszkanie-wroclaw-fabryczna-ul-na-ostatnim-groszu-3-pokojowe-p8g0d3,https://s2.adresowa.pl/oi/56/5f/3db766_d103_cover@2x-3-pokojowe-mieszkanie-wroclaw-fabryczna-ul-na-ostatnim-groszu.webp
Wrocław Krzyki,ul. Wandy,2,41,589000,14366,Pośrednik,,11,https://adresowo.pl/o/mieszkanie-wroclaw-krzyki-ul-wandy-2-pokojowe-x8m5y0,https://s2.adresowa.pl/oi/32/63/3b10ec_9504_cover@2x-2-pokojowe-mieszkanie-wroclaw-krzyki-ul-wandy.webp
Wrocław Różanka,ul. Młynarska,2,36,659000,18306,Pośrednik,,15,https://adresowo.pl/o/mieszkanie-wroclaw-rozanka-ul-mlynarska-2-pokojowe-t5h7j3,https://s2.adresowa.pl/oi/29/16/3b0c80_6f74_cover@2x-2-pokojowe-mieszkanie-wroclaw-rozanka-ul-mlynarska.webp
Wrocław Fabryczna,ul. Włókniarzy,2,47,699000,14872,bez pośredników,,22,https://adresowo.pl/o/mieszkanie-wroclaw-fabryczna-ul-wlokniarzy-2-pokojowe-o0f3w2,https://s2.adresowa.pl/oi/42/1f/3db4f6_bcab_cover@2x-2-pokojowe-mieszkanie-wroclaw-fabryczna-ul-wlokniarzy.webp
Wrocław Krzyki,ul. Mglista,2,45,717350,15941,bez pośredników,,18,https://adresowo.pl/o/mieszkanie-wroclaw-krzyki-ul-mglista-2-pokojowe-w6n6u0,https://s2.adresowa.pl/oi/61/3b/3dace2_6d47_cover@2x-2-pokojowe-mieszkanie-wroclaw-krzyki-ul-mglista.webp
Wrocław Śródmieście,ul. Bolesława Chrobrego,4,92,789000,8576,bez pośredników,,4,https://adresowo.pl/o/mieszkanie-wroclaw-srodmiescie-ul-boleslawa-chrobrego-4-pokojowe-y4j8c6,https://s2.adresowa.pl/oi/19/4d/3dac28_f714_cover@2x-4-pokojowe-mieszkanie-wroclaw-srodmiescie-ul-boleslawa-chrobrego.webp
Wrocław,ul. św. Mikołaja,2,62,777000,12532,Pośrednik,,13,https://adresowo.pl/o/mieszkanie-wroclaw-ul-sw-mikolaja-2-pokojowe-e4z4x5,https://s2.adresowa.pl/oi/5d/7d/3b0b96_5cab_cover@2x-2-pokojowe-mieszkanie-wroclaw-ul-sw-mikolaja.webp
Wrocław,Stare Miasto,3,80,1442520,18032,Pośrednik,,13,https://adresowo.pl/o/mieszkanie-wroclaw-stare-miasto-3-pokojowe-80-m2-y6m5v1,https://s2.adresowa.pl/oi/28/35/3b0b86_b709_cover@2x-3-pokojowe-mieszkanie-wroclaw-stare-miasto.webp
Wrocław Fabryczna,ul. Pilczycka,2,37,370000,10000,bez pośredników,,5,https://adresowo.pl/o/mieszkanie-wroclaw-fabryczna-ul-pilczycka-2-pokojowe-p1n6e0,https://s2.adresowa.pl/oi/4b/1b/3d9eea_ab22_cover@2x-2-pokojowe-mieszkanie-wroclaw-fabryczna-ul-pilczycka.webp
Wrocław Stare Miasto,ul. Krawiecka,2,66,989000,14985,bez pośredników,,12,https://adresowo.pl/o/mieszkanie-wroclaw-stare-miasto-ul-krawiecka-2-pokojowe-d4l6g0,https://s2.adresowa.pl/oi/35/6d/3d9d12_f8e0_cover@2x-2-pokojowe-mieszkanie-wroclaw-stare-miasto-ul-krawiecka.webp
Wrocław Stare Miasto,pl. Ludwika Hirszfelda,3,62,699000,11274,bez pośredników,,12,https://adresowo.pl/o/mieszkanie-wroclaw-stare-miasto-pl-ludwika-hirszfelda-3-pokojowe-t4m4l6,https://s2.adresowa.pl/oi/28/7b/3d9c62_52e2_cover@2x-3-pokojowe-mieszkanie-wroclaw-stare-miasto-pl-ludwika-hirszfelda.webp
Wrocław Stare Miasto,ul. Pszenna,3,64,674000,10531,Pośrednik,,22,https://adresowo.pl/o/mieszkanie-wroclaw-stare-miasto-ul-pszenna-3-pokojowe-p4q0z4,https://s2.adresowa.pl/oi/26/7e/3af7a8_a674_cover@2x-3-pokojowe-mieszkanie-wroclaw-stare-miasto-ul-pszenna.webp
Wrocław Fabryczna,ul. Dziadoszańska,4,85,1050000,12353,Pośrednik,,15,https://adresowo.pl/o/mieszkanie-wroclaw-fabryczna-ul-dziadoszanska-4-pokojowe-y6j1o0,https://s2.adresowa.pl/oi/7b/7f/3ac988_ff65_cover@2x-4-pokojowe-mieszkanie-wroclaw-fabryczna-ul-dziadoszanska.webp
Wrocław Śródmieście,ul. Powstańców Śląskich,3,57,739000,12965,bez pośredników,,15,https://adresowo.pl/o/mieszkanie-wroclaw-srodmiescie-ul-powstancow-slaskich-3-pokojowe-y3r3q9,https://s2.adresowa.pl/oi/1e/72/3d9956_7f5c_cover@2x-3-pokojowe-mieszkanie-wroclaw-srodmiescie-ul-powstancow-slaskich.webp
Wrocław Biskupin,ul. Karola Olszewskiego,3,56,890000,15893,bez pośredników,,19,https://adresowo.pl/o/mieszkanie-wroclaw-biskupin-ul-karola-olszewskiego-3-pokojowe-y1j4o5,https://s2.adresowa.pl/oi/3a/24/3d9728_7072_cover@2x-3-pokojowe-mieszkanie-wroclaw-biskupin-ul-karola-olszewskiego.webp
Wrocław,Sępolno,3,59,999999,16949,bez pośredników,,10,https://adresowo.pl/o/mieszkanie-wroclaw-sepolno-3-pokojowe-59-m2-l7a3z1,https://s2.adresowa.pl/oi/41/33/3d8f54_f44e_cover@2x-3-pokojowe-mieszkanie-wroclaw-sepolno.webp
Wrocław,ul. Tadeusza Kościuszki,3,57,899000,15772,Pośrednik,,17,https://adresowo.pl/o/mieszkanie-wroclaw-ul-tadeusza-kosciuszki-3-pokojowe-y1o2j9,https://s2.adresowa.pl/oi/66/3d/3aaf6e_f3d9_cover@2x-3-pokojowe-mieszkanie-wroclaw-ul-tadeusza-kosciuszki.webp
Wrocław Złotniki,ul. Małopolska,2,45,569000,12644,Pośrednik,,25,https://adresowo.pl/o/mieszkanie-wroclaw-zlotniki-ul-malopolska-2-pokojowe-d7v4h1,https://s2.adresowa.pl/oi/2c/6e/3a93e4_ed26_cover@2x-2-pokojowe-mieszkanie-wroclaw-zlotniki-ul-malopolska.webp
Wrocław Krzyki,ul. Łódzka,3,82,790000,9634,bez pośredników,,5,https://adresowo.pl/o/mieszkanie-wroclaw-krzyki-ul-lodzka-3-pokojowe-r6c1l3,https://s2.adresowa.pl/oi/2e/43/3d7396_4034_cover@2x-3-pokojowe-mieszkanie-wroclaw-krzyki-ul-lodzka.webp
Wrocław,Śródmieście,2,53,599000,11302,bez pośredników,,20,https://adresowo.pl/o/mieszkanie-wroclaw-srodmiescie-2-pokojowe-53-m2-j7z7v6,https://s2.adresowa.pl/oi/59/21/3d808a_7714_cover@2x-2-pokojowe-mieszkanie-wroclaw-srodmiescie.webp
Wrocław Maślice,ul. Rędzińska,2,26,399000,15346,bez pośredników,,7,https://adresowo.pl/o/mieszkanie-wroclaw-maslice-ul-redzinska-2-pokojowe-m6f0n2,https://s2.adresowa.pl/oi/27/34/3d7a26_8ed6_cover@2x-2-pokojowe-mieszkanie-wroclaw-maslice-ul-redzinska.webp
Wrocław Gaj,ul. Orzechowa,4,78,810000,10385,Pośrednik,,25,https://adresowo.pl/o/mieszkanie-wroclaw-gaj-ul-orzechowa-4-pokojowe-x6d1r6,https://s2.adresowa.pl/oi/5d/4b/3a5cf8_7fcb_cover@2x-4-pokojowe-mieszkanie-wroclaw-gaj-ul-orzechowa.webp
Wrocław Krzyki,ul. Nyska,3,56,670000,11964,Pośrednik,,13,https://adresowo.pl/o/mieszkanie-wroclaw-krzyki-ul-nyska-3-pokojowe-h9f1y1,https://s2.adresowa.pl/oi/48/3f/3a352c_8371_cover@2x-3-pokojowe-mieszkanie-wroclaw-krzyki-ul-nyska.webp
Wrocław,Psie Pole,3,70,770000,11000,bez pośredników,,6,https://adresowo.pl/o/mieszkanie-wroclaw-psie-pole-3-pokojowe-70-m2-s7r3t7,https://s2.adresowa.pl/oi/61/52/3d6d56_60fe_cover@2x-3-pokojowe-mieszkanie-wroclaw-psie-pole.webp
Wrocław Krzyki,ul. Jerzego Kukuczki,4,89,1219000,13697,bez pośredników,,17,https://adresowo.pl/o/mieszkanie-wroclaw-krzyki-ul-jerzego-kukuczki-4-pokojowe-o0h5f9,https://s2.adresowa.pl/oi/3f/11/3d6ada_7157_cover@2x-4-pokojowe-mieszkanie-wroclaw-krzyki-ul-jerzego-kukuczki.webp
Wrocław Psie Pole,ul. Litewska,1,27,449000,16630,bez pośredników,,8,https://adresowo.pl/o/mieszkanie-wroclaw-psie-pole-ul-litewska-1-pokoj-g5l0n8,https://s2.adresowa.pl/oi/52/11/3d652e_d45d_cover@2x-1-pokojowe-mieszkanie-wroclaw-psie-pole-ul-litewska.webp
Wrocław Stare Miasto,ul. Pawła Włodkowica,2,57,797000,13982,Pośrednik,,13,https://adresowo.pl/o/mieszkanie-wroclaw-stare-miasto-ul-pawla-wlodkowica-2-pokojowe-w2i7m3,https://s2.adresowa.pl/oi/47/55/3a218c_a8dc_cover@2x-2-pokojowe-mieszkanie-wroclaw-stare-miasto-ul-pawla-wlodkowica.webp
Wrocław Krzyki,al. gen. Józefa Hallera,2,37,695000,18784,Pośrednik,,6,https://adresowo.pl/o/mieszkanie-wroclaw-krzyki-al-gen-jozefa-hallera-2-pokojowe-k5m4d7,https://s2.adresowa.pl/oi/41/3a/3a04a2_3bfd_cover@2x-2-pokojowe-mieszkanie-wroclaw-krzyki-al-gen-jozefa-hallera.webp
Wrocław Psie Pole,ul. Stoczniowa,3,53,789000,14887,bez pośredników,,8,https://adresowo.pl/o/mieszkanie-wroclaw-psie-pole-ul-stoczniowa-3-pokojowe-h5y8j8,https://s2.adresowa.pl/oi/13/4b/3d5c2e_d56b_cover@2x-3-pokojowe-mieszkanie-wroclaw-psie-pole-ul-stoczniowa.webp
Wrocław Krzyki,ul. Zaporoska,3,47,570000,12128,bez pośredników,,8,https://adresowo.pl/o/mieszkanie-wroclaw-krzyki-ul-zaporoska-3-pokojowe-j9d9u7,https://s2.adresowa.pl/oi/31/2a/3d5b4a_a808_cover@2x-3-pokojowe-mieszkanie-wroclaw-krzyki-ul-zaporoska.webp
Wrocław Stare Miasto,ul. Legnicka,4,115,2150000,18696,bez pośredników,,8,https://adresowo.pl/o/mieszkanie-wroclaw-stare-miasto-ul-legnicka-4-pokojowe-y0y7y9,https://s2.adresowa.pl/oi/5c/5a/3d5a6a_ca48_cover@2x-4-pokojowe-mieszkanie-wroclaw-stare-miasto-ul-legnicka.webp
Wrocław Stare Miasto,ul. Długa,3,70,1290000,18429,Pośrednik,,11,https://adresowo.pl/o/mieszkanie-wroclaw-stare-miasto-ul-dluga-3-pokojowe-g8g1t2,https://s2.adresowa.pl/oi/4a/45/3a0486_9c74_cover@2x-3-pokojowe-mieszkanie-wroclaw-stare-miasto-ul-dluga.webp
Wrocław,Ołbin,3,69,990000,14348,Pośrednik,,6,https://adresowo.pl/o/mieszkanie-wroclaw-olbin-3-pokojowe-69-m2-e7m2b9,https://s2.adresowa.pl/oi/7e/4c/39ffd8_4fc8_cover@2x-3-pokojowe-mieszkanie-wroclaw-olbin.webp
Wrocław Śródmieście,ul. Jedności Narodowej,1,34,640000,18824,bez pośredników,,14,https://adresowo.pl/o/mieszkanie-wroclaw-srodmiescie-ul-jednosci-narodowej-1-pokoj-f6x2x4,https://s2.adresowa.pl/oi/1f/54/3d5986_fc7f_cover@2x-1-pokojowe-mieszkanie-wroclaw-srodmiescie-ul-jednosci-narodowej.webp
Wrocław Stare Miasto,pl. Jana Pawła II,2,40,780000,19500,bez pośredników,,15,https://adresowo.pl/o/mieszkanie-wroclaw-stare-miasto-pl-jana-pawla-ii-2-pokojowe-f1j8q7,https://s2.adresowa.pl/oi/5a/4e/3d48cc_39f8_cover@2x-2-pokojowe-mieszkanie-wroclaw-stare-miasto-pl-jana-pawla-ii.webp
Wrocław,Żerniki,3,76,833000,10961,bez pośredników,,1,https://adresowo.pl/o/mieszkanie-wroclaw-zerniki-3-pokojowe-76-m2-s4l8o2,https://s2.adresowa.pl/oi/5b/18/3d4596_e6ce_cover@2x-3-pokojowe-mieszkanie-wroclaw-zerniki.webp
Wrocław Krzyki,ul. Ułańska,3,73,1050000,14384,Pośrednik,,22,https://adresowo.pl/o/mieszkanie-wroclaw-krzyki-ul-ulanska-3-pokojowe-g0a4f3,https://s2.adresowa.pl/oi/50/6e/39e11c_c137_cover@2x-3-pokojowe-mieszkanie-wroclaw-krzyki-ul-ulanska.webp
Wrocław Stare Miasto,ul. Ofiar Oświęcimskich,4,91,1180000,12967,Pośrednik,,24,https://adresowo.pl/o/mieszkanie-wroclaw-stare-miasto-ul-ofiar-oswiecimskich-4-pokojowe-k7h6w7,https://s2.adresowa.pl/oi/71/67/397e56_a3b5_cover@2x-4-pokojowe-mieszkanie-wroclaw-stare-miasto-ul-ofiar-oswiecimskich.webp
Wrocław Krzyki,ul. gen. Ignacego Prądzyńskiego,2,51,850000,16667,bez pośredników,,10,https://adresowo.pl/o/mieszkanie-wroclaw-krzyki-ul-gen-ignacego-pradzynskiego-2-pokojowe-l9l2x4,https://s2.adresowa.pl/oi/11/75/3d4004_52db_cover@2x-2-pokojowe-mieszkanie-wroclaw-krzyki-ul-gen-ignacego-pradzynskiego.webp
Wrocław Krzyki,ul. Powstańców Śląskich,3,61,820000,13443,bez pośredników,,8,https://adresowo.pl/o/mieszkanie-wroclaw-krzyki-ul-powstancow-slaskich-3-pokojowe-p7w6l3,https://s2.adresowa.pl/oi/2d/10/3d3c74_ab23_cover@2x-3-pokojowe-mieszkanie-wroclaw-krzyki-ul-powstancow-slaskich.webp
Wrocław,,3,56,966000,17250,bez pośredników,,20,https://adresowo.pl/o/mieszkanie-wroclaw-3-pokojowe-56-m2-n6n8j9,https://s2.adresowa.pl/oi/50/77/3d398e_b61a_cover@2x-3-pokojowe-mieszkanie-wroclaw.webp
Wrocław Ołbin,ul. Artura Młodnickiego,3,61,840000,13770,Pośrednik,,21,https://adresowo.pl/o/mieszkanie-wroclaw-olbin-ul-artura-mlodnickiego-3-pokojowe-a8p0x3,https://s2.adresowa.pl/oi/2b/1f/3977e0_4589_cover@2x-3-pokojowe-mieszkanie-wroclaw-olbin-ul-artura-mlodnickiego.webp
Wrocław Sołtysowice,ul. Rafała Wojaczka,2,38,599000,15763,Pośrednik,,20,https://adresowo.pl/o/mieszkanie-wroclaw-soltysowice-ul-rafala-wojaczka-2-pokojowe-y9f0z5,https://s2.adresowa.pl/oi/6c/76/3941ca_d3b8_cover@2x-2-pokojowe-mieszkanie-wroclaw-soltysowice-ul-rafala-wojaczka.webp
Wrocław Krzyki,ul. Powstańców Śląskich 52,1,38,489999,12895,bez pośredników,,61,https://adresowo.pl/o/mieszkanie-wroclaw-krzyki-ul-powstancow-slaskich-1-pokoj-k5c4g3,https://s2.adresowa.pl/oi/48/16/3fafa2_5e9f_cover@2x-1-pokojowe-mieszkanie-wroclaw-krzyki-ul-powstancow-slaskich.webp
Wrocław Krzyki,ul. Powstańców Śląskich,5,84,1350000,16071,bez pośredników,,20,https://adresowo.pl/o/mieszkanie-wroclaw-krzyki-ul-powstancow-slaskich-5-pokojowe-p3o5u5,https://s2.adresowa.pl/oi/7c/7f/3d34e8_c7e6_cover@2x-5-pokojowe-mieszkanie-wroclaw-krzyki-ul-powstancow-slaskich.webp
Wrocław Psie Pole,ul. Antoniego Słonimskiego,1,24,480000,20000,bez pośredników,,20,https://adresowo.pl/o/mieszkanie-wroclaw-psie-pole-ul-antoniego-slonimskiego-1-pokoj-u7s9h1,https://s2.adresowa.pl/oi/1b/27/3d34d4_7612_cover@2x-1-pokojowe-mieszkanie-wroclaw-psie-pole-ul-antoniego-slonimskiego.webp
Wrocław,Karłowice,3,100,1200000,12000,bez pośredników,,4,https://adresowo.pl/o/mieszkanie-wroclaw-karlowice-3-pokojowe-100-m2-d4p1p7,https://s2.adresowa.pl/oi/1f/78/3d150e_eb09_cover@2x-3-pokojowe-mieszkanie-wroclaw-karlowice.webp
Wrocław Różanka,ul. Bezpieczna,4,80,879000,10988,Pośrednik,,27,https://adresowo.pl/o/mieszkanie-wroclaw-rozanka-ul-bezpieczna-4-pokojowe-p5u3r1,https://s2.adresowa.pl/oi/19/3b/393c26_3815_cover@2x-4-pokojowe-mieszkanie-wroclaw-rozanka-ul-bezpieczna.webp
Wrocław Szczepin,ul. Stefana Czarnieckiego,3,57,635000,11140,Pośrednik,,13,https://adresowo.pl/o/mieszkanie-wroclaw-szczepin-ul-stefana-czarnieckiego-3-pokojowe-f3t4d4,https://s2.adresowa.pl/oi/2b/5c/3931be_3d07_cover@2x-3-pokojowe-mieszkanie-wroclaw-szczepin-ul-stefana-czarnieckiego.webp
Wrocław Psie Pole,ul. Rychtalska,2,50,779000,15580,bez pośredników,,12,https://adresowo.pl/o/mieszkanie-wroclaw-psie-pole-ul-rychtalska-2-pokojowe-m5m0o4,https://s2.adresowa.pl/oi/78/68/3d0858_a4ad_cover@2x-2-pokojowe-mieszkanie-wroclaw-psie-pole-ul-rychtalska.webp
Wrocław Śródmieście,ul. Ładna,3,71,860000,12113,bez pośredników,,20,https://adresowo.pl/o/mieszkanie-wroclaw-srodmiescie-ul-ladna-3-pokojowe-c2r5d4,https://s2.adresowa.pl/oi/20/75/3d03c8_f068_cover@2x-3-pokojowe-mieszkanie-wroclaw-srodmiescie-ul-ladna.webp
Wrocław Krzyki,ul. Wilcza,1,26,349000,13423,bez pośredników,,10,https://adresowo.pl/o/mieszkanie-wroclaw-krzyki-ul-wilcza-1-pokoj-d0d8a6,https://s2.adresowa.pl/oi/5d/35/3d023c_2b51_cover@2x-1-pokojowe-mieszkanie-wroclaw-krzyki-ul-wilcza.webp
Wrocław Sołtysowice,ul. Rafała Wojaczka,2,38,579000,15237,Pośrednik,,19,https://adresowo.pl/o/mieszkanie-wroclaw-soltysowice-ul-rafala-wojaczka-2-pokojowe-a9y3t9,https://s2.adresowa.pl/oi/3c/27/39100c_28d8_cover@2x-2-pokojowe-mieszkanie-wroclaw-soltysowice-ul-rafala-wojaczka.webp
Wrocław Fabryczna,ul. Strzegomska,4,70,669900,9570,Pośrednik,,22,https://adresowo.pl/o/mieszkanie-wroclaw-fabryczna-ul-strzegomska-4-pokojowe-d4v8y2,https://s2.adresowa.pl/oi/57/3b/38df90_8c80_cover@2x-4-pokojowe-mieszkanie-wroclaw-fabryczna-ul-strzegomska.webp
Wrocław Krzyki,ul. Stacha Świstackiego,3,46,589000,12804,bez pośredników,,16,https://adresowo.pl/o/mieszkanie-wroclaw-krzyki-ul-stacha-swistackiego-3-pokojowe-d7k1a9,https://s2.adresowa.pl/oi/77/2f/3cf870_4a5c_cover@2x-3-pokojowe-mieszkanie-wroclaw-krzyki-ul-stacha-swistackiego.webp
Wrocław Krzyki,ul. Tadeusza Kościuszki,4,83,1300000,15663,bez pośredników,,20,https://adresowo.pl/o/mieszkanie-wroclaw-krzyki-ul-tadeusza-kosciuszki-4-pokojowe-p1m2g1,https://s2.adresowa.pl/oi/5f/32/3cf56c_fbcb_cover@2x-4-pokojowe-mieszkanie-wroclaw-krzyki-ul-tadeusza-kosciuszki.webp
Wrocław Śródmieście,ul. Jedności Narodowej,3,62,830000,13387,bez pośredników,,8,https://adresowo.pl/o/mieszkanie-wroclaw-srodmiescie-ul-jednosci-narodowej-3-pokojowe-h8q1b0,https://s2.adresowa.pl/oi/3f/28/3ce7de_7e99_cover@2x-3-pokojowe-mieszkanie-wroclaw-srodmiescie-ul-jednosci-narodowej.webp
Wrocław Lipa Piotrowska,ul. Bazyliowa,4,79,799990,10126,Pośrednik,,15,https://adresowo.pl/o/mieszkanie-wroclaw-lipa-piotrowska-ul-bazyliowa-4-pokojowe-c5a6w4,https://s2.adresowa.pl/oi/45/10/38d870_fb06_cover@2x-4-pokojowe-mieszkanie-wroclaw-lipa-piotrowska-ul-bazyliowa.webp
Wrocław Grabiszyn,pl. Icchaka Lejba Pereca,4,85,598000,7035,Pośrednik,,21,https://adresowo.pl/o/mieszkanie-wroclaw-grabiszyn-pl-icchaka-lejba-pereca-4-pokojowe-t2f7n6,https://s2.adresowa.pl/oi/58/4b/3896a8_67e6_cover@2x-4-pokojowe-mieszkanie-wroclaw-grabiszyn-pl-icchaka-lejba-pereca.webp
Wrocław Karłowice,ul. Sportowa,3,52,575000,11058,bez pośredników,,15,https://adresowo.pl/o/mieszkanie-wroclaw-karlowice-ul-sportowa-3-pokojowe-l2e1b1,https://s2.adresowa.pl/oi/52/23/3ce5f2_9ee8_cover@2x-3-pokojowe-mieszkanie-wroclaw-karlowice-ul-sportowa.webp
Wrocław Śródmieście,ul. gen. Ignacego Prądzyńskiego,3,70,645000,9214,bez pośredników,,19,https://adresowo.pl/o/mieszkanie-wroclaw-srodmiescie-ul-gen-ignacego-pradzynskiego-3-pokojowe-z5k1f1,https://s2.adresowa.pl/oi/33/24/3ce17a_fa3b_cover@2x-3-pokojowe-mieszkanie-wroclaw-srodmiescie-ul-gen-ignacego-pradzynskiego.webp
Wrocław Stare Miasto,pl. Jana Pawła II,2,59,950000,16102,bez pośredników,,13,https://adresowo.pl/o/mieszkanie-wroclaw-stare-miasto-pl-jana-pawla-ii-2-pokojowe-a4b1m0,https://s2.adresowa.pl/oi/31/6a/3cdc14_93b8_cover@2x-2-pokojowe-mieszkanie-wroclaw-stare-miasto-pl-jana-pawla-ii.webp
Wrocław Psie Pole,ul. Jugosłowiańska,3,54,610000,11296,Pośrednik,,14,https://adresowo.pl/o/mieszkanie-wroclaw-psie-pole-ul-jugoslowianska-3-pokojowe-r6y2y1,https://s2.adresowa.pl/oi/6c/1b/3891de_88e0_cover@2x-3-pokojowe-mieszkanie-wroclaw-psie-pole-ul-jugoslowianska.webp
Wrocław,,2,52,699000,13442,Pośrednik,,13,https://adresowo.pl/o/mieszkanie-wroclaw-2-pokojowe-52-m2-g5e2k0,https://s2.adresowa.pl/oi/12/27/3890ba_b7ec_cover@2x-2-pokojowe-mieszkanie-wroclaw.webp
Wrocław Muchobór Mały,ul. Strzegomska,2,33,460000,13939,bez pośredników,,13,https://adresowo.pl/o/mieszkanie-wroclaw-muchobor-maly-ul-strzegomska-2-pokojowe-v9e9f4,https://s2.adresowa.pl/oi/65/26/3cdbac_2e72_cover@2x-2-pokojowe-mieszkanie-wroclaw-muchobor-maly-ul-strzegomska.webp
Wrocław Brochów,ul. Boiskowa,1,44,699000,15886,bez pośredników,,18,https://adresowo.pl/o/mieszkanie-wroclaw-brochow-ul-boiskowa-1-pokoj-s7e0k8,https://s2.adresowa.pl/oi/54/4a/3cd2ac_b1dd_cover@2x-1-pokojowe-mieszkanie-wroclaw-brochow-ul-boiskowa.webp
Wrocław Śródmieście,pl. Grunwaldzki,3,58,749000,12914,bez pośredników,,8,https://adresowo.pl/o/mieszkanie-wroclaw-srodmiescie-pl-grunwaldzki-3-pokojowe-r7t3n3,https://s2.adresowa.pl/oi/42/1e/3ccc1c_544e_cover@2x-3-pokojowe-mieszkanie-wroclaw-srodmiescie-pl-grunwaldzki.webp
Wrocław Krzyki,ul. gen. Stefana Grota-Roweckiego,3,61,880000,14426,Pośrednik,,16,https://adresowo.pl/o/mieszkanie-wroclaw-krzyki-ul-gen-stefana-grota-roweckiego-3-pokojowe-b6h1q7,https://s2.adresowa.pl/oi/30/33/385b26_9eb9_cover@2x-3-pokojowe-mieszkanie-wroclaw-krzyki-ul-gen-stefana-grota-roweckiego.webp
Wrocław Krzyki,ul. Rybnicka,5,118,2700000,22881,Pośrednik,,23,https://adresowo.pl/o/mieszkanie-wroclaw-krzyki-ul-rybnicka-5-pokojowe-e2q3v7,https://s2.adresowa.pl/oi/2c/69/3842be_c7aa_cover@2x-5-pokojowe-mieszkanie-wroclaw-krzyki-ul-rybnicka.webp
Wrocław Swojczyce,ul. Vasco da Gamy,2,42,769900,18331,bez pośredników,,23,https://adresowo.pl/o/mieszkanie-wroclaw-swojczyce-ul-vasco-da-gamy-2-pokojowe-s8f0d3,https://s2.adresowa.pl/oi/33/50/3cc52a_9d6f_cover@2x-2-pokojowe-mieszkanie-wroclaw-swojczyce-ul-vasco-da-gamy.webp
Wrocław,Stabłowice,1,35,289000,8257,bez pośredników,,6,https://adresowo.pl/o/mieszkanie-wroclaw-stablowice-1-pokoj-35-m2-y0k2w0,https://s2.adresowa.pl/oi/49/6d/3cb926_e628_cover@2x-1-pokojowe-mieszkanie-wroclaw-stablowice.webp
Wrocław Śródmieście,ul. Henryka Sienkiewicza,3,60,750100,12502,bez pośredników,,11,https://adresowo.pl/o/mieszkanie-wroclaw-srodmiescie-ul-henryka-sienkiewicza-3-pokojowe-g4n3r4,https://s2.adresowa.pl/oi/4b/2d/3ca344_5dea_cover@2x-3-pokojowe-mieszkanie-wroclaw-srodmiescie-ul-henryka-sienkiewicza.webp
Wrocław Śródmieście,ul. gen. Władysława Sikorskiego,4,73,1990000,27260,Pośrednik,,14,https://adresowo.pl/o/mieszkanie-wroclaw-srodmiescie-ul-gen-wladyslawa-sikorskiego-4-pokojowe-c5h6b2,https://s2.adresowa.pl/oi/2b/77/38428a_ab75_cover@2x-4-pokojowe-mieszkanie-wroclaw-srodmiescie-ul-gen-wladyslawa-sikorskiego.webp
Wrocław Śródmieście,pl. św. Macieja,2,62,765000,12339,Pośrednik,,15,https://adresowo.pl/o/mieszkanie-wroclaw-srodmiescie-pl-sw-macieja-2-pokojowe-j3y5x7,https://s2.adresowa.pl/oi/63/6f/37d61c_be32_cover@2x-2-pokojowe-mieszkanie-wroclaw-srodmiescie-pl-sw-macieja.webp
Wrocław,Partynice,3,51,675000,13235,bez pośredników,,11,https://adresowo.pl/o/mieszkanie-wroclaw-partynice-3-pokojowe-51-m2-a3q7t8,https://s2.adresowa.pl/oi/68/3b/3c99aa_83db_cover@2x-3-pokojowe-mieszkanie-wroclaw-partynice.webp
Wrocław Fabryczna,ul. Żwirki i Wigury,2,54,675000,12500,bez pośredników,,15,https://adresowo.pl/o/mieszkanie-wroclaw-fabryczna-ul-zwirki-i-wigury-2-pokojowe-b3e7l1,https://s2.adresowa.pl/oi/43/72/3c977c_bb03_cover@2x-2-pokojowe-mieszkanie-wroclaw-fabryczna-ul-zwirki-i-wigury.webp
Wrocław Śródmieście,ul. Henryka Sienkiewicza,3,66,1249000,18924,bez pośredników,,20,https://adresowo.pl/o/mieszkanie-wroclaw-srodmiescie-ul-henryka-sienkiewicza-3-pokojowe-p8w8q4,https://s2.adresowa.pl/oi/1f/32/3c72ec_b14c_cover@2x-3-pokojowe-mieszkanie-wroclaw-srodmiescie-ul-henryka-sienkiewicza.webp
Wrocław Stare Miasto,ul. Andrzeja Frycza-Modrzewskiego,3,54,849000,15722,Pośrednik,,21,https://adresowo.pl/o/mieszkanie-wroclaw-stare-miasto-ul-andrzeja-frycza-modrzewskiego-3-pokojowe-u1x4u0,https://s2.adresowa.pl/oi/38/50/37a442_6067_cover@2x-3-pokojowe-mieszkanie-wroclaw-stare-miasto-ul-andrzeja-frycza-modrzewskiego.webp
Wrocław,,2,46,450000,9783,Pośrednik,,9,https://adresowo.pl/o/mieszkanie-wroclaw-2-pokojowe-46-m2-u4y8a4,https://s2.adresowa.pl/oi/13/71/3791fc_fc40_cover@2x-2-pokojowe-mieszkanie-wroclaw.webp
Wrocław Śródmieście,ul. gen. Józefa Bema,4,90,1100000,12222,bez pośredników,,8,https://adresowo.pl/o/mieszkanie-wroclaw-srodmiescie-ul-gen-jozefa-bema-4-pokojowe-g0e4j8,https://s2.adresowa.pl/oi/19/66/3c5f82_f326_cover@2x-4-pokojowe-mieszkanie-wroclaw-srodmiescie-ul-gen-jozefa-bema.webp
Wrocław Krzyki,ul. gen. Ignacego Prądzyńskiego,3,65,990000,15231,bez pośredników,,13,https://adresowo.pl/o/mieszkanie-wroclaw-krzyki-ul-gen-ignacego-pradzynskiego-3-pokojowe-v6i9e1,https://s2.adresowa.pl/oi/21/58/3c5bca_34d6_cover@2x-3-pokojowe-mieszkanie-wroclaw-krzyki-ul-gen-ignacego-pradzynskiego.webp
Wrocław Krzyki,ul. Braterska,2,40,530000,13250,bez pośredników,,8,https://adresowo.pl/o/mieszkanie-wroclaw-krzyki-ul-braterska-2-pokojowe-t1p3n7,https://s2.adresowa.pl/oi/51/33/3c5a0e_e501_cover@2x-2-pokojowe-mieszkanie-wroclaw-krzyki-ul-braterska.webp
Wrocław Śródmieście,ul. św. Wincentego,2,66,498000,7545,Pośrednik,,20,https://adresowo.pl/o/mieszkanie-wroclaw-srodmiescie-ul-sw-wincentego-2-pokojowe-w3a8w8,https://s2.adresowa.pl/oi/48/38/377b18_5cbe_cover@2x-2-pokojowe-mieszkanie-wroclaw-srodmiescie-ul-sw-wincentego.webp
Wrocław,Szczepin,3,63,598000,9492,Pośrednik,,17,https://adresowo.pl/o/mieszkanie-wroclaw-szczepin-3-pokojowe-63-m2-l6g4c2,https://s2.adresowa.pl/oi/52/36/37551c_7c66_cover@2x-3-pokojowe-mieszkanie-wroclaw-szczepin.webp
Wrocław Stare Miasto,ul. Staromłyńska,2,47,1180000,25106,bez pośredników,,15,https://adresowo.pl/o/mieszkanie-wroclaw-stare-miasto-ul-staromlynska-2-pokojowe-n6v9i3,https://s2.adresowa.pl/oi/55/57/3c5136_9cbd_cover@2x-2-pokojowe-mieszkanie-wroclaw-stare-miasto-ul-staromlynska.webp
Wrocław Śródmieście,ul. Nowowiejska,1,35,425000,12143,bez pośredników,,7,https://adresowo.pl/o/mieszkanie-wroclaw-srodmiescie-ul-nowowiejska-1-pokoj-z5y8j4,https://s2.adresowa.pl/oi/7c/35/3c3c4c_ce14_cover@2x-1-pokojowe-mieszkanie-wroclaw-srodmiescie-ul-nowowiejska.webp
Wrocław Krzyki,ul. Aleksandra Hercena,3,73,895000,12260,bez pośredników,,20,https://adresowo.pl/o/mieszkanie-wroclaw-krzyki-ul-aleksandra-hercena-3-pokojowe-m2t1w3,https://s2.adresowa.pl/oi/52/3d/3c19e8_6be0_cover@2x-3-pokojowe-mieszkanie-wroclaw-krzyki-ul-aleksandra-hercena.webp
Wrocław Stare Miasto,ul. Tadeusza Zielińskiego,2,39,525000,13462,Pośrednik,,10,https://adresowo.pl/o/mieszkanie-wroclaw-stare-miasto-ul-tadeusza-zielinskiego-2-pokojowe-l1n8r4,https://s2.adresowa.pl/oi/5b/34/36af04_b452_cover@2x-2-pokojowe-mieszkanie-wroclaw-stare-miasto-ul-tadeusza-zielinskiego.webp
Wrocław,ul. Romana Dmowskiego,2,44,730000,16591,Pośrednik,,14,https://adresowo.pl/o/mieszkanie-wroclaw-ul-romana-dmowskiego-2-pokojowe-k2r8o6,https://s2.adresowa.pl/oi/22/2d/360d58_2759_cover@2x-2-pokojowe-mieszkanie-wroclaw-ul-romana-dmowskiego.webp
Wrocław Śródmieście,ul. Pomorska,2,41,530000,12927,bez pośredników,,8,https://adresowo.pl/o/mieszkanie-wroclaw-srodmiescie-ul-pomorska-2-pokojowe-l5j3b6,https://s2.adresowa.pl/oi/1a/1c/3c13ec_6c77_cover@2x-2-pokojowe-mieszkanie-wroclaw-srodmiescie-ul-pomorska.webp
Wrocław Biskupin,ul. Marcellego Bacciarellego,3,60,750000,12500,bez pośredników,,8,https://adresowo.pl/o/mieszkanie-wroclaw-biskupin-ul-marcellego-bacciarellego-3-pokojowe-x7v0t1,https://s2.adresowa.pl/oi/25/66/3c1332_c131_cover@2x-3-pokojowe-mieszkanie-wroclaw-biskupin-ul-marcellego-bacciarellego.webp
Wrocław Psie Pole,ul. Rafała Wojaczka,3,63,900000,14286,bez pośredników,,8,https://adresowo.pl/o/mieszkanie-wroclaw-psie-pole-ul-rafala-wojaczka-3-pokojowe-l7b5o8,https://s2.adresowa.pl/oi/40/4f/3bfa8a_3ace_cover@2x-3-pokojowe-mieszkanie-wroclaw-psie-pole-ul-rafala-wojaczka.webp
Wrocław Karłowice,ul. Wacława Potockiego,4,94,1190000,12660,Pośrednik,,27,https://adresowo.pl/o/mieszkanie-wroclaw-karlowice-ul-waclawa-potockiego-4-pokojowe-g2h1g0,https://s2.adresowa.pl/oi/61/3b/35be7c_6f29_cover@2x-4-pokojowe-mieszkanie-wroclaw-karlowice-ul-waclawa-potockiego.webp
Wrocław Kuźniki,ul. Pucka,3,67,760000,11343,Pośrednik,,13,https://adresowo.pl/o/mieszkanie-wroclaw-kuzniki-ul-pucka-3-pokojowe-r8h2c3,https://s2.adresowa.pl/oi/37/1c/348ea0_e0a0_cover@2x-3-pokojowe-mieszkanie-wroclaw-kuzniki-ul-pucka.webp
Wrocław Maślice,ul. Królewiecka,4,80,1080270,13503,bez pośredników,,15,https://adresowo.pl/o/mieszkanie-wroclaw-maslice-ul-krolewiecka-4-pokojowe-e2j4z8,https://s2.adresowa.pl/oi/14/2f/3bf11c_c23b_cover@2x-4-pokojowe-mieszkanie-wroclaw-maslice-ul-krolewiecka.webp
Wrocław Śródmieście,ul. Marca Polo,2,47,907000,19298,bez pośredników,,8,https://adresowo.pl/o/mieszkanie-wroclaw-srodmiescie-ul-marca-polo-2-pokojowe-v0x1k4,https://s2.adresowa.pl/oi/23/37/3be8e2_6d66_cover@2x-2-pokojowe-mieszkanie-wroclaw-srodmiescie-ul-marca-polo.webp
Wrocław Śródmieście,ul. Księcia Witolda,1,25,695000,27800,bez pośredników,,13,https://adresowo.pl/o/mieszkanie-wroclaw-srodmiescie-ul-ksiecia-witolda-1-pokoj-h3t0o1,https://s2.adresowa.pl/oi/5e/10/3be5b4_7fee_cover@2x-1-pokojowe-mieszkanie-wroclaw-srodmiescie-ul-ksiecia-witolda.webp
Wrocław Krzyki,ul. Kryształowa,3,68,1199000,17632,Pośrednik,,15,https://adresowo.pl/o/mieszkanie-wroclaw-krzyki-ul-krysztalowa-3-pokojowe-z8i6g5,https://s2.adresowa.pl/oi/33/1a/345af0_293a_cover@2x-3-pokojowe-mieszkanie-wroclaw-krzyki-ul-krysztalowa.webp
Wrocław Śródmieście,ul. Trzebnicka,4,101,1149000,11376,Pośrednik,,11,https://adresowo.pl/o/mieszkanie-wroclaw-srodmiescie-ul-trzebnicka-4-pokojowe-l6w5l8,https://s2.adresowa.pl/oi/51/3f/33540c_e848_cover@2x-4-pokojowe-mieszkanie-wroclaw-srodmiescie-ul-trzebnicka.webp
Wrocław Fabryczna,ul. Trawowa,2,55,730000,13273,bez pośredników,,12,https://adresowo.pl/o/mieszkanie-wroclaw-fabryczna-ul-trawowa-2-pokojowe-r9x0j3,https://s2.adresowa.pl/oi/73/19/3bdaea_4581_cover@2x-2-pokojowe-mieszkanie-wroclaw-fabryczna-ul-trawowa.webp
Wrocław Swojczyce,ul. Chałupnicza,3,79,1499000,18975,bez pośredników,,12,https://adresowo.pl/o/mieszkanie-wroclaw-swojczyce-ul-chalupnicza-3-pokojowe-s5f5j3,https://s2.adresowa.pl/oi/17/3c/3bda1c_c5ae_cover@2x-3-pokojowe-mieszkanie-wroclaw-swojczyce-ul-chalupnicza.webp
Wrocław Sępolno,ul. Marcina Kasprzaka,2,60,670000,11167,bez pośredników,,22,https://adresowo.pl/o/mieszkanie-wroclaw-sepolno-ul-marcina-kasprzaka-2-pokojowe-z0e4t6,https://s2.adresowa.pl/oi/29/4c/3b41f4_99f5_cover@2x-2-pokojowe-mieszkanie-wroclaw-sepolno-ul-marcina-kasprzaka.webp
Wrocław,Kozanów,3,66,749000,11348,Pośrednik,,10,https://adresowo.pl/o/mieszkanie-wroclaw-kozanow-3-pokojowe-66-m2-y6k2g6,https://s2.adresowa.pl/oi/65/4e/334076_7067_cover@2x-3-pokojowe-mieszkanie-wroclaw-kozanow.webp
Wrocław Stare Miasto,ul. Kolejowa,2,61,742920,12179,Pośrednik,,11,https://adresowo.pl/o/mieszkanie-wroclaw-stare-miasto-ul-kolejowa-2-pokojowe-w4c4j3,https://s2.adresowa.pl/oi/17/14/32e48a_cdf1_cover@2x-2-pokojowe-mieszkanie-wroclaw-stare-miasto-ul-kolejowa.webp
Wrocław Stare Miasto,ul. Oławska,1,28,520000,18571,bez pośredników,,1,https://adresowo.pl/o/mieszkanie-wroclaw-stare-miasto-ul-olawska-1-pokoj-v1q8t7,https://s2.adresowa.pl/oi/5e/33/3bbc2e_c1a9_cover@2x-1-pokojowe-mieszkanie-wroclaw-stare-miasto-ul-olawska.webp
Wrocław Zakrzów,ul. Zatorska,2,59,705000,11949,bez pośredników,,8,https://adresowo.pl/o/mieszkanie-wroclaw-zakrzow-ul-zatorska-2-pokojowe-l7b8e1,https://s2.adresowa.pl/oi/21/32/3bbcd2_b3b9_cover@2x-2-pokojowe-mieszkanie-wroclaw-zakrzow-ul-zatorska.webp
Wrocław Śródmieście,ul. Jedności Narodowej,5,80,990000,12375,bez pośredników,,9,https://adresowo.pl/o/mieszkanie-wroclaw-srodmiescie-ul-jednosci-narodowej-5-pokojowe-u2s0e8,https://s2.adresowa.pl/oi/75/5a/3b1c88_ccff_cover@2x-5-pokojowe-mieszkanie-wroclaw-srodmiescie-ul-jednosci-narodowej.webp
Wrocław Fabryczna,ul. Balonowa,2,47,565000,12021,Pośrednik,,16,https://adresowo.pl/o/mieszkanie-wroclaw-fabryczna-ul-balonowa-2-pokojowe-k4f4z3,https://s2.adresowa.pl/oi/11/6e/30b522_e819_cover@2x-2-pokojowe-mieszkanie-wroclaw-fabryczna-ul-balonowa.webp
Wrocław Stare Miasto,rynek Ratusz,2,43,850000,19767,Pośrednik,,15,https://adresowo.pl/o/mieszkanie-wroclaw-stare-miasto-rynek-ratusz-2-pokojowe-b4s7c4,https://s2.adresowa.pl/oi/43/3e/2fee86_814b_cover@2x-2-pokojowe-mieszkanie-wroclaw-stare-miasto-rynek-ratusz.webp
Wrocław Śródmieście,ul. Pomorska,4,113,1149000,10168,bez pośredników,,7,https://adresowo.pl/o/mieszkanie-wroclaw-srodmiescie-ul-pomorska-4-pokojowe-g4p6a2,https://s2.adresowa.pl/oi/75/30/3b8274_4efb_cover@2x-4-pokojowe-mieszkanie-wroclaw-srodmiescie-ul-pomorska.webp
Wrocław,Śródmieście,2,52,635000,12212,bez pośredników,,4,https://adresowo.pl/o/mieszkanie-wroclaw-srodmiescie-2-pokojowe-52-m2-c6z7k0,https://s2.adresowa.pl/oi/28/19/3b7bde_660c_cover@2x-2-pokojowe-mieszkanie-wroclaw-srodmiescie.webp
Wrocław Stare Miasto,ul. Poznańska,2,48,580000,12083,bez pośredników,,7,https://adresowo.pl/o/mieszkanie-wroclaw-stare-miasto-ul-poznanska-2-pokojowe-l1s5h8,https://s2.adresowa.pl/oi/5e/5c/3b5afc_3c18_cover@2x-2-pokojowe-mieszkanie-wroclaw-stare-miasto-ul-poznanska.webp
Wrocław Popowice,ul. Legnicka,1,39,650000,16667,bez pośredników,,12,https://adresowo.pl/o/mieszkanie-wroclaw-popowice-ul-legnicka-1-pokoj-e9b7n3,https://s2.adresowa.pl/oi/36/7e/3b54fc_a79f_cover@2x-1-pokojowe-mieszkanie-wroclaw-popowice-ul-legnicka.webp
Wrocław Krzyki,pl. Powstańców Śląskich,3,51,669000,13118,Pośrednik,,15,https://adresowo.pl/o/mieszkanie-wroclaw-krzyki-pl-powstancow-slaskich-3-pokojowe-j4x4w6,https://s2.adresowa.pl/oi/33/70/2cfcde_6088_cover@2x-3-pokojowe-mieszkanie-wroclaw-krzyki-pl-powstancow-slaskich.webp
Wrocław,Leśnica,3,67,599000,8940,bez pośredników,,3,https://adresowo.pl/o/mieszkanie-wroclaw-lesnica-3-pokojowe-67-m2-k3j0e5,https://s2.adresowa.pl/oi/5b/3b/3b3d52_f959_cover@2x-3-pokojowe-mieszkanie-wroclaw-lesnica.webp
Wrocław Wojszyce,ul. Granitowa,4,92,1430000,15543,bez pośredników,,18,https://adresowo.pl/o/mieszkanie-wroclaw-wojszyce-ul-granitowa-4-pokojowe-k3p4u6,https://s2.adresowa.pl/oi/42/44/3b3c5c_6553_cover@2x-4-pokojowe-mieszkanie-wroclaw-wojszyce-ul-granitowa.webp
Wrocław Kozanów,ul. Dzielna,3,47,699000,14872,bez pośredników,,8,https://adresowo.pl/o/mieszkanie-wroclaw-kozanow-ul-dzielna-3-pokojowe-f4z3i2,https://s2.adresowa.pl/oi/51/45/3b38e6_fd3a_cover@2x-3-pokojowe-mieszkanie-wroclaw-kozanow-ul-dzielna.webp
Wrocław Krzyki,ul. gen. Józefa Haukego-Bosaka,1,37,609000,16459,bez pośredników,,14,https://adresowo.pl/o/mieszkanie-wroclaw-krzyki-ul-gen-jozefa-haukego-bosaka-1-pokoj-i7a8c5,https://s2.adresowa.pl/oi/7f/23/3b36ac_4c92_cover@2x-1-pokojowe-mieszkanie-wroclaw-krzyki-ul-gen-jozefa-haukego-bosaka.webp
Wrocław Psie Pole,ul. Kaparowa,4,66,780000,11818,bez pośredników,,8,https://adresowo.pl/o/mieszkanie-wroclaw-psie-pole-ul-kaparowa-4-pokojowe-g4v1o6,https://s2.adresowa.pl/oi/5c/3c/3b1626_917a_cover@2x-4-pokojowe-mieszkanie-wroclaw-psie-pole-ul-kaparowa.webp
Wrocław Sołtysowice,ul. Rafała Wojaczka,2,36,579000,16083,bez pośredników,,12,https://adresowo.pl/o/mieszkanie-wroclaw-soltysowice-ul-rafala-wojaczka-2-pokojowe-w8g3s5,https://s2.adresowa.pl/oi/24/46/3b0638_93b9_cover@2x-2-pokojowe-mieszkanie-wroclaw-soltysowice-ul-rafala-wojaczka.webp
Wrocław Krzyki,al. Dębowa,3,56,769000,13732,bez pośredników,,10,https://adresowo.pl/o/mieszkanie-wroclaw-krzyki-al-debowa-3-pokojowe-k9v7e9,https://s2.adresowa.pl/oi/3f/68/3afb54_cf18_cover@2x-3-pokojowe-mieszkanie-wroclaw-krzyki-al-debowa.webp
Wrocław Krzyki,ul. Czysta,1,45,430000,9556,bez pośredników,,7,https://adresowo.pl/o/mieszkanie-wroclaw-krzyki-ul-czysta-1-pokoj-q3t9y6,https://s2.adresowa.pl/oi/21/68/3af90a_32cd_cover@2x-1-pokojowe-mieszkanie-wroclaw-krzyki-ul-czysta.webp
Wrocław Śródmieście,ul. Henryka Pobożnego,2,46,865000,18804,bez pośredników,,5,https://adresowo.pl/o/mieszkanie-wroclaw-srodmiescie-ul-henryka-poboznego-2-pokojowe-q9i9k0,https://s2.adresowa.pl/oi/36/51/3ae976_5e9e_cover@2x-2-pokojowe-mieszkanie-wroclaw-srodmiescie-ul-henryka-poboznego.webp
Wrocław Ołtaszyn,ul. Motylkowa,5,98,1080000,11020,bez pośredników,,12,https://adresowo.pl/o/mieszkanie-wroclaw-oltaszyn-ul-motylkowa-5-pokojowe-s8n4j3,https://s2.adresowa.pl/oi/60/47/3ad336_81e3_cover@2x-5-pokojowe-mieszkanie-wroclaw-oltaszyn-ul-motylkowa.webp
Wrocław Śródmieście,ul. Balonowa,3,77,985000,12792,bez pośredników,,5,https://adresowo.pl/o/mieszkanie-wroclaw-srodmiescie-ul-balonowa-3-pokojowe-h2n1z1,https://s2.adresowa.pl/oi/46/47/3aadba_a4fe_cover@2x-3-pokojowe-mieszkanie-wroclaw-srodmiescie-ul-balonowa.webp
Wrocław Stare Miasto,ul. Odrzańska,1,30,620000,20667,bez pośredników,,8,https://adresowo.pl/o/mieszkanie-wroclaw-stare-miasto-ul-odrzanska-1-pokoj-f6g0a4,https://s2.adresowa.pl/oi/5b/2b/3a9fa8_3aab_cover@2x-1-pokojowe-mieszkanie-wroclaw-stare-miasto-ul-odrzanska.webp
Wrocław Fabryczna,ul. Strzegomska,3,64,629000,9828,bez pośredników,,7,https://adresowo.pl/o/mieszkanie-wroclaw-fabryczna-ul-strzegomska-3-pokojowe-y4v5v5,https://s2.adresowa.pl/oi/66/64/3a7e2a_3678_cover@2x-3-pokojowe-mieszkanie-wroclaw-fabryczna-ul-strzegomska.webp
Wrocław Krzyki,ul. Wapienna,3,90,846000,9400,bez pośredników,,20,https://adresowo.pl/o/mieszkanie-wroclaw-krzyki-ul-wapienna-3-pokojowe-y6d4c8,https://s2.adresowa.pl/oi/4a/25/3a7c5c_9650_cover@2x-3-pokojowe-mieszkanie-wroclaw-krzyki-ul-wapienna.webp
Wrocław,Krzyki,2,80,1249000,15612,bez pośredników,,8,https://adresowo.pl/o/mieszkanie-wroclaw-krzyki-2-pokojowe-80-m2-s7j9c5,https://s2.adresowa.pl/oi/62/22/3a4b5e_5bbb_cover@2x-2-pokojowe-mieszkanie-wroclaw-krzyki.webp
Wrocław Psie Pole,ul. Bierutowska,2,32,261996,8187,bez pośredników,,11,https://adresowo.pl/o/mieszkanie-wroclaw-psie-pole-ul-bierutowska-2-pokojowe-n3t7k4,https://s2.adresowa.pl/oi/27/28/3a0252_b703_cover@2x-2-pokojowe-mieszkanie-wroclaw-psie-pole-ul-bierutowska.webp
Wrocław Psie Pole,ul. Bierutowska,1,18,255000,14167,bez pośredników,,4,https://adresowo.pl/o/mieszkanie-wroclaw-psie-pole-ul-bierutowska-1-pokoj-u3q1b2,https://s2.adresowa.pl/oi/2f/41/39f364_53a2_cover@2x-1-pokojowe-mieszkanie-wroclaw-psie-pole-ul-bierutowska.webp
Wrocław Ołtaszyn,ul. Obrońców Poczty Gdańskiej,3,79,990000,12532,bez pośredników,,9,https://adresowo.pl/o/mieszkanie-wroclaw-oltaszyn-ul-obroncow-poczty-gdanskiej-3-pokojowe-t1n2n9,https://s2.adresowa.pl/oi/6a/62/39e026_f7a0_cover@2x-3-pokojowe-mieszkanie-wroclaw-oltaszyn-ul-obroncow-poczty-gdanskiej.webp
Wrocław Stabłowice,ul. Łomnicka,3,56,731000,13054,bez pośredników,,15,https://adresowo.pl/o/mieszkanie-wroclaw-stablowice-ul-lomnicka-3-pokojowe-v1d6j4,https://s2.adresowa.pl/oi/29/20/39d4fe_288e_cover@2x-3-pokojowe-mieszkanie-wroclaw-stablowice-ul-lomnicka.webp
Wrocław Stare Miasto,pl. Jana Pawła II 13,2,64,1280000,20000,bez pośredników,,16,https://adresowo.pl/o/mieszkanie-wroclaw-stare-miasto-pl-jana-pawla-ii-2-pokojowe-g9h9x4,https://s2.adresowa.pl/oi/65/14/39c9d6_dc16_cover@2x-2-pokojowe-mieszkanie-wroclaw-stare-miasto-pl-jana-pawla-ii.webp
Wrocław Tarnogaj,ul. Nyska,3,89,740000,8315,bez pośredników,,6,https://adresowo.pl/o/mieszkanie-wroclaw-tarnogaj-ul-nyska-3-pokojowe-c6e5t9,https://s2.adresowa.pl/oi/7a/1a/39c12a_d0e0_cover@2x-3-pokojowe-mieszkanie-wroclaw-tarnogaj-ul-nyska.webp
Wrocław Krzyki,ul. Krynicka,4,70,750000,10714,bez pośredników,,10,https://adresowo.pl/o/mieszkanie-wroclaw-krzyki-ul-krynicka-4-pokojowe-e8u2r3,https://s2.adresowa.pl/oi/77/5d/39a17e_2842_cover@2x-4-pokojowe-mieszkanie-wroclaw-krzyki-ul-krynicka.webp
Wrocław,al. gen. Józefa Hallera,3,76,840000,11053,bez pośredników,,15,https://adresowo.pl/o/mieszkanie-wroclaw-al-gen-jozefa-hallera-3-pokojowe-v8w5f8,https://s2.adresowa.pl/oi/2d/53/399620_cfed_cover@2x-3-pokojowe-mieszkanie-wroclaw-al-gen-jozefa-hallera.webp
Wrocław Stabłowice,ul. Wełniana,4,65,1199000,18446,bez pośredników,,12,https://adresowo.pl/o/mieszkanie-wroclaw-stablowice-ul-welniana-4-pokojowe-g2n8r8,https://s2.adresowa.pl/oi/10/58/398f6a_a2b9_cover@2x-4-pokojowe-mieszkanie-wroclaw-stablowice-ul-welniana.webp
Wrocław Zgorzelisko,ul. Poleska,2,52,649999,12500,bez pośredników,,8,https://adresowo.pl/o/mieszkanie-wroclaw-zgorzelisko-ul-poleska-2-pokojowe-z4v0o9,https://s2.adresowa.pl/oi/76/3c/398e98_d3e2_cover@2x-2-pokojowe-mieszkanie-wroclaw-zgorzelisko-ul-poleska.webp
Wrocław Kuźniki,ul. Hermanowska,2,43,510000,11860,bez pośredników,,19,https://adresowo.pl/o/mieszkanie-wroclaw-kuzniki-ul-hermanowska-2-pokojowe-p4i2t0,https://s2.adresowa.pl/oi/66/5e/396310_5316_cover@2x-2-pokojowe-mieszkanie-wroclaw-kuzniki-ul-hermanowska.webp
Wrocław Fabryczna,ul. Bystrzycka,5,82,870000,10610,bez pośredników,,12,https://adresowo.pl/o/mieszkanie-wroclaw-fabryczna-ul-bystrzycka-5-pokojowe-f0r0p7,https://s2.adresowa.pl/oi/2a/74/3950e8_4a12_cover@2x-5-pokojowe-mieszkanie-wroclaw-fabryczna-ul-bystrzycka.webp
Wrocław Fabryczna,ul. Władysława Zarembowicza,1,32,440000,13750,bez pośredników,,17,https://adresowo.pl/o/mieszkanie-wroclaw-fabryczna-ul-wladyslawa-zarembowicza-1-pokoj-f4o4w6,https://s2.adresowa.pl/oi/77/16/394d1a_5596_cover@2x-1-pokojowe-mieszkanie-wroclaw-fabryczna-ul-wladyslawa-zarembowicza.webp
Wrocław Wojszyce,ul. Kazimiery Iłłakowiczówny,3,102,899000,8814,bez pośredników,,14,https://adresowo.pl/o/mieszkanie-wroclaw-wojszyce-ul-kazimiery-illakowiczowny-3-pokojowe-z6i2p5,https://s2.adresowa.pl/oi/6c/5d/3940f2_3d04_cover@2x-3-pokojowe-mieszkanie-wroclaw-wojszyce-ul-kazimiery-illakowiczowny.webp
Wrocław Fabryczna,al. Architektów,2,43,790000,18372,bez pośredników,,7,https://adresowo.pl/o/mieszkanie-wroclaw-fabryczna-al-architektow-2-pokojowe-u6p2g4,https://s2.adresowa.pl/oi/1d/77/393e36_95a7_cover@2x-2-pokojowe-mieszkanie-wroclaw-fabryczna-al-architektow.webp
Wrocław,Śródmieście,5,64,700000,10938,bez pośredników,,7,https://adresowo.pl/o/mieszkanie-wroclaw-srodmiescie-5-pokojowe-64-m2-x4a9i5,https://s2.adresowa.pl/oi/71/2e/3913b4_dbe4_cover@2x-5-pokojowe-mieszkanie-wroclaw-srodmiescie.webp
Wrocław Fabryczna,ul. Icchaka Lejba Pereca,2,51,559000,10961,bez pośredników,,14,https://adresowo.pl/o/mieszkanie-wroclaw-fabryczna-ul-icchaka-lejba-pereca-2-pokojowe-o9z2q8,https://s2.adresowa.pl/oi/6d/41/38c270_673b_cover@2x-2-pokojowe-mieszkanie-wroclaw-fabryczna-ul-icchaka-lejba-pereca.webp
Wrocław Nowy Dwór,ul. Budziszyńska,3,64,674000,10531,bez pośredników,,1,https://adresowo.pl/o/mieszkanie-wroclaw-nowy-dwor-ul-budziszynska-3-pokojowe-n0u8i7,https://s2.adresowa.pl/oi/76/17/38bc12_4e32_cover@2x-3-pokojowe-mieszkanie-wroclaw-nowy-dwor-ul-budziszynska.webp
Wrocław Stare Miasto,ul. Grabiszyńska,1,25,439000,17560,bez pośredników,,20,https://adresowo.pl/o/mieszkanie-wroclaw-stare-miasto-ul-grabiszynska-1-pokoj-q5e5y3,https://s2.adresowa.pl/oi/6d/3f/389dea_71c4_cover@2x-1-pokojowe-mieszkanie-wroclaw-stare-miasto-ul-grabiszynska.webp
Wrocław Psie Pole,ul. Mulicka,1,35,469000,13400,bez pośredników,,8,https://adresowo.pl/o/mieszkanie-wroclaw-psie-pole-ul-mulicka-1-pokoj-t5c0n6,https://s2.adresowa.pl/oi/1b/5d/388c00_bb41_cover@2x-1-pokojowe-mieszkanie-wroclaw-psie-pole-ul-mulicka.webp
Wrocław Śródmieście,ul. Jedności Narodowej,3,57,799000,14018,bez pośredników,,4,https://adresowo.pl/o/mieszkanie-wroclaw-srodmiescie-ul-jednosci-narodowej-3-pokojowe-q2m5f5,https://s2.adresowa.pl/oi/5d/29/387ed4_f61a_cover@2x-3-pokojowe-mieszkanie-wroclaw-srodmiescie-ul-jednosci-narodowej.webp
Wrocław Fabryczna,ul. Graniczna,3,74,1100000,14865,bez pośredników,,15,https://adresowo.pl/o/mieszkanie-wroclaw-fabryczna-ul-graniczna-3-pokojowe-z1r2f8,https://s2.adresowa.pl/oi/3c/66/3857c6_c831_cover@2x-3-pokojowe-mieszkanie-wroclaw-fabryczna-ul-graniczna.webp
Wrocław Szczepin,ul. Długa,2,43,899000,20907,bez pośredników,,19,https://adresowo.pl/o/mieszkanie-wroclaw-szczepin-ul-dluga-2-pokojowe-t2i1h1,https://s2.adresowa.pl/oi/4f/35/385730_85ca_cover@2x-2-pokojowe-mieszkanie-wroclaw-szczepin-ul-dluga.webp
Wrocław,ul. Franciszka Hynka,3,64,628000,9812,Pośrednik,,8,https://adresowo.pl/o/mieszkanie-wroclaw-ul-franciszka-hynka-3-pokojowe-s5v8r9,https://s2.adresowa.pl/oi/4b/52/385620_bbcc_cover@2x-3-pokojowe-mieszkanie-wroclaw-ul-franciszka-hynka.webp
Wrocław Krzyki,ul. Gajowicka,2,33,420000,12727,bez pośredników,,26,https://adresowo.pl/o/mieszkanie-wroclaw-krzyki-ul-gajowicka-2-pokojowe-w5f3c7,https://s2.adresowa.pl/oi/1a/7c/380c30_fb19_cover@2x-2-pokojowe-mieszkanie-wroclaw-krzyki-ul-gajowicka.webp
Wrocław Stabłowice,ul. Łomnicka,2,51,675000,13235,bez pośredników,,10,https://adresowo.pl/o/mieszkanie-wroclaw-stablowice-ul-lomnicka-2-pokojowe-a0e9u2,https://s2.adresowa.pl/oi/22/70/37fb46_8c81_cover@2x-2-pokojowe-mieszkanie-wroclaw-stablowice-ul-lomnicka.webp
Wrocław Krzyki,ul. Wróbla,3,48,550000,11458,bez pośredników,,8,https://adresowo.pl/o/mieszkanie-wroclaw-krzyki-ul-wrobla-3-pokojowe-j8j0r3,https://s2.adresowa.pl/oi/55/31/37c4a2_71d7_cover@2x-3-pokojowe-mieszkanie-wroclaw-krzyki-ul-wrobla.webp
Wrocław Krzyki,ul. Hubska,1,38,589000,15500,bez pośredników,,17,https://adresowo.pl/o/mieszkanie-wroclaw-krzyki-ul-hubska-1-pokoj-w2r0f1,https://s2.adresowa.pl/oi/70/27/379342_a611_cover@2x-1-pokojowe-mieszkanie-wroclaw-krzyki-ul-hubska.webp
Wrocław Śródmieście,ul. Komuny Paryskiej,3,82,849000,10354,bez pośredników,,9,https://adresowo.pl/o/mieszkanie-wroclaw-srodmiescie-ul-komuny-paryskiej-3-pokojowe-m7f5d2,https://s2.adresowa.pl/oi/6d/47/377e6c_290e_cover@2x-3-pokojowe-mieszkanie-wroclaw-srodmiescie-ul-komuny-paryskiej.webp
Wrocław Śródmieście,ul. gen. Władysława Sikorskiego,1,27,1299999,48148,bez pośredników,,12,https://adresowo.pl/o/mieszkanie-wroclaw-srodmiescie-ul-gen-wladyslawa-sikorskiego-1-pokoj-p5f0z1,https://s2.adresowa.pl/oi/74/42/377baa_48e7_cover@2x-1-pokojowe-mieszkanie-wroclaw-srodmiescie-ul-gen-wladyslawa-sikorskiego.webp
Wrocław,pl. Tadeusza Kościuszki,3,66,935000,14167,bez pośredników,,8,https://adresowo.pl/o/mieszkanie-wroclaw-pl-tadeusza-kosciuszki-3-pokojowe-l2n4g6,https://s2.adresowa.pl/oi/7d/48/374046_d265_cover@2x-3-pokojowe-mieszkanie-wroclaw-pl-tadeusza-kosciuszki.webp
Wrocław Krzyki,al. Armii Krajowej,2,52,750000,14423,bez pośredników,,8,https://adresowo.pl/o/mieszkanie-wroclaw-krzyki-al-armii-krajowej-2-pokojowe-y0n2v7,https://s2.adresowa.pl/oi/5b/74/36f864_eb7f_cover@2x-2-pokojowe-mieszkanie-wroclaw-krzyki-al-armii-krajowej.webp
Wrocław Krzyki,ul. Zaporoska,4,66,790000,11970,bez pośredników,,20,https://adresowo.pl/o/mieszkanie-wroclaw-krzyki-ul-zaporoska-4-pokojowe-i5k7j0,https://s2.adresowa.pl/oi/13/27/36e6f2_c6a1_cover@2x-4-pokojowe-mieszkanie-wroclaw-krzyki-ul-zaporoska.webp
Wrocław Psie Pole,al. Poprzeczna,3,57,599000,10509,bez pośredników,,16,https://adresowo.pl/o/mieszkanie-wroclaw-psie-pole-al-poprzeczna-3-pokojowe-m4c6o8,https://s2.adresowa.pl/oi/58/40/36a236_f686_cover@2x-3-pokojowe-mieszkanie-wroclaw-psie-pole-al-poprzeczna.webp
Wrocław Sołtysowice,ul. Sołtysowicka,1,19,300000,15789,bez pośredników,,7,https://adresowo.pl/o/mieszkanie-wroclaw-soltysowice-ul-soltysowicka-1-pokoj-y1m3q7,https://s2.adresowa.pl/oi/33/4c/36a0d6_b196_cover@2x-1-pokojowe-mieszkanie-wroclaw-soltysowice-ul-soltysowicka.webp
Wrocław Fabryczna,ul. Buczacka,3,75,765000,10200,bez pośredników,,12,https://adresowo.pl/o/mieszkanie-wroclaw-fabryczna-ul-buczacka-3-pokojowe-u9y2j9,https://s2.adresowa.pl/oi/69/74/3eb1c4_9b92_cover@2x-3-pokojowe-mieszkanie-wroclaw-fabryczna-ul-buczacka.webp
Wrocław Śródmieście,ul. Benedyktyńska,3,64,790000,12344,bez pośredników,,15,https://adresowo.pl/o/mieszkanie-wroclaw-srodmiescie-ul-benedyktynska-3-pokojowe-z0n7e7,https://s2.adresowa.pl/oi/55/7c/3668c4_df3d_cover@2x-3-pokojowe-mieszkanie-wroclaw-srodmiescie-ul-benedyktynska.webp
Wrocław Stare Miasto,ul. gen. Karola Kniaziewicza,3,46,580000,12609,bez pośredników,,8,https://adresowo.pl/o/mieszkanie-wroclaw-stare-miasto-ul-gen-karola-kniaziewicza-3-pokojowe-e4i4a8,https://s2.adresowa.pl/oi/12/52/3661ae_8c94_cover@2x-3-pokojowe-mieszkanie-wroclaw-stare-miasto-ul-gen-karola-kniaziewicza.webp
Wrocław Śródmieście,ul. Cypriana Kamila Norwida,3,100,1190000,11900,bez pośredników,,8,https://adresowo.pl/o/mieszkanie-wroclaw-srodmiescie-ul-cypriana-kamila-norwida-3-pokojowe-h2l3c7,https://s2.adresowa.pl/oi/60/28/361470_a369_cover@2x-3-pokojowe-mieszkanie-wroclaw-srodmiescie-ul-cypriana-kamila-norwida.webp
Wrocław,Śródmieście,4,85,1313000,15447,bez pośredników,,18,https://adresowo.pl/o/mieszkanie-wroclaw-srodmiescie-4-pokojowe-85-m2-t4q0w8,https://s2.adresowa.pl/oi/71/12/35fbca_cd2e_cover@2x-4-pokojowe-mieszkanie-wroclaw-srodmiescie.webp
Wrocław Muchobór Wielki,ul. Graniczna,3,59,885000,15000,bez pośredników,,11,https://adresowo.pl/o/mieszkanie-wroclaw-muchobor-wielki-ul-graniczna-3-pokojowe-q4h2a2,https://s2.adresowa.pl/oi/5e/13/35f8ee_6300_cover@2x-3-pokojowe-mieszkanie-wroclaw-muchobor-wielki-ul-graniczna.webp
Wrocław,Stare Miasto,2,37,699000,18892,bez pośredników,,8,https://adresowo.pl/o/mieszkanie-wroclaw-stare-miasto-2-pokojowe-37-m2-n7v8z9,https://s2.adresowa.pl/oi/78/14/35c28c_de21_cover@2x-2-pokojowe-mieszkanie-wroclaw-stare-miasto.webp
Wrocław Swojczyce,ul. Marca Polo,2,53,970000,18302,bez pośredników,,14,https://adresowo.pl/o/mieszkanie-wroclaw-swojczyce-ul-marca-polo-2-pokojowe-s5h9x1,https://s2.adresowa.pl/oi/15/6c/35bc80_6ebf_cover@2x-2-pokojowe-mieszkanie-wroclaw-swojczyce-ul-marca-polo.webp
Wrocław Śródmieście,ul. Jedności Narodowej,3,78,931000,11936,bez pośredników,,10,https://adresowo.pl/o/mieszkanie-wroclaw-srodmiescie-ul-jednosci-narodowej-3-pokojowe-l9x1q6,https://s2.adresowa.pl/oi/38/34/358960_2bbd_cover@2x-3-pokojowe-mieszkanie-wroclaw-srodmiescie-ul-jednosci-narodowej.webp
Wrocław,Psie Pole,1,24,298000,12417,bez pośredników,,6,https://adresowo.pl/o/mieszkanie-wroclaw-psie-pole-1-pokoj-24-m2-g1h2l4,https://s2.adresowa.pl/oi/76/24/358850_f73e_cover@2x-1-pokojowe-mieszkanie-wroclaw-psie-pole.webp
Wrocław Śródmieście,ul. Marcina Kasprzaka,3,71,850000,11972,bez pośredników,,8,https://adresowo.pl/o/mieszkanie-wroclaw-srodmiescie-ul-marcina-kasprzaka-3-pokojowe-d0o2b6,https://s2.adresowa.pl/oi/67/6e/3579aa_ba6d_cover@2x-3-pokojowe-mieszkanie-wroclaw-srodmiescie-ul-marcina-kasprzaka.webp
Wrocław Śródmieście,ul. Joachima Lelewela,2,38,659000,17342,bez pośredników,,4,https://adresowo.pl/o/mieszkanie-wroclaw-srodmiescie-ul-joachima-lelewela-2-pokojowe-l4u3i4,https://s2.adresowa.pl/oi/7f/60/356d62_82cd_cover@2x-2-pokojowe-mieszkanie-wroclaw-srodmiescie-ul-joachima-lelewela.webp
Wrocław Śródmieście,ul. gen. Romualda Traugutta,3,96,930000,9688,bez pośredników,,8,https://adresowo.pl/o/mieszkanie-wroclaw-srodmiescie-ul-gen-romualda-traugutta-3-pokojowe-s2k5y3,https://s2.adresowa.pl/oi/4c/7d/34fe48_b546_cover@2x-3-pokojowe-mieszkanie-wroclaw-srodmiescie-ul-gen-romualda-traugutta.webp
Wrocław Stare Miasto,pl. Nowy Targ,3,42,777000,18500,bez pośredników,,16,https://adresowo.pl/o/mieszkanie-wroclaw-stare-miasto-pl-nowy-targ-3-pokojowe-k5d1v9,https://s2.adresowa.pl/oi/73/40/34ab62_d486_cover@2x-3-pokojowe-mieszkanie-wroclaw-stare-miasto-pl-nowy-targ.webp
Wrocław Zakrzów,ul. Zatorska,2,56,700000,12500,bez pośredników,,8,https://adresowo.pl/o/mieszkanie-wroclaw-zakrzow-ul-zatorska-2-pokojowe-o1d2l6,https://s2.adresowa.pl/oi/70/26/3491a0_73db_cover@2x-2-pokojowe-mieszkanie-wroclaw-zakrzow-ul-zatorska.webp
Wrocław Gajowice,ul. Icchaka Lejba Pereca,2,54,750000,13889,bez pośredników,,6,https://adresowo.pl/o/mieszkanie-wroclaw-gajowice-ul-icchaka-lejba-pereca-2-pokojowe-y9q4t4,https://s2.adresowa.pl/oi/27/71/3429a0_3159_cover@2x-2-pokojowe-mieszkanie-wroclaw-gajowice-ul-icchaka-lejba-pereca.webp
Wrocław Krzyki,ul. Rudolfa Weigla,2,42,660000,15714,bez pośredników,,12,https://adresowo.pl/o/mieszkanie-wroclaw-krzyki-ul-rudolfa-weigla-2-pokojowe-h2v6c1,https://s2.adresowa.pl/oi/60/1a/3405f0_f1df_cover@2x-2-pokojowe-mieszkanie-wroclaw-krzyki-ul-rudolfa-weigla.webp
Wrocław Księże Małe,ul. Chorzowska,3,50,589999,11800,bez pośredników,,9,https://adresowo.pl/o/mieszkanie-wroclaw-ksieze-male-ul-chorzowska-3-pokojowe-f0r9o5,https://s2.adresowa.pl/oi/2b/23/33f6ec_a8d8_cover@2x-3-pokojowe-mieszkanie-wroclaw-ksieze-male-ul-chorzowska.webp
Wrocław Fabryczna,ul. Szybowcowa,2,49,598000,12204,bez pośredników,,10,https://adresowo.pl/o/mieszkanie-wroclaw-fabryczna-ul-szybowcowa-2-pokojowe-c1c7j2,https://s2.adresowa.pl/oi/39/69/33e8f8_d348_cover@2x-2-pokojowe-mieszkanie-wroclaw-fabryczna-ul-szybowcowa.webp
Wrocław Stare Miasto,ul. Oławska,2,36,700000,19444,bez pośredników,,6,https://adresowo.pl/o/mieszkanie-wroclaw-stare-miasto-ul-olawska-2-pokojowe-h2i1t6,https://s2.adresowa.pl/oi/25/47/3383f8_626c_cover@2x-2-pokojowe-mieszkanie-wroclaw-stare-miasto-ul-olawska.webp
Wrocław Śródmieście,ul. Mikołaja Reja,2,59,650000,11017,bez pośredników,,8,https://adresowo.pl/o/mieszkanie-wroclaw-srodmiescie-ul-mikolaja-reja-2-pokojowe-m5g8c4,https://s2.adresowa.pl/oi/38/43/32f87e_ae0a_cover@2x-2-pokojowe-mieszkanie-wroclaw-srodmiescie-ul-mikolaja-reja.webp
Wrocław Huby,ul. Gajowa,4,74,835000,11284,bez pośredników,,22,https://adresowo.pl/o/mieszkanie-wroclaw-huby-ul-gajowa-4-pokojowe-b9f7m4,https://s2.adresowa.pl/oi/73/43/32bcdc_ac12_cover@2x-4-pokojowe-mieszkanie-wroclaw-huby-ul-gajowa.webp
Wrocław Psie Pole,ul. Królowej Marysieńki,6,84,829000,9869,bez pośredników,,10,https://adresowo.pl/o/mieszkanie-wroclaw-psie-pole-ul-krolowej-marysienki-6-pokojowe-x9h8d4,https://s2.adresowa.pl/oi/3d/3d/32b516_336f_cover@2x-6-pokojowe-mieszkanie-wroclaw-psie-pole-ul-krolowej-marysienki.webp
Wrocław Muchobór Wielki,ul. Rakietowa,2,50,615000,12300,bez pośredników,,8,https://adresowo.pl/o/mieszkanie-wroclaw-muchobor-wielki-ul-rakietowa-2-pokojowe-r3f6z0,https://s2.adresowa.pl/oi/23/61/326e52_d5cc_cover@2x-2-pokojowe-mieszkanie-wroclaw-muchobor-wielki-ul-rakietowa.webp
Wrocław Fabryczna,ul. Sarbinowska,2,35,585000,16714,bez pośredników,,23,https://adresowo.pl/o/mieszkanie-wroclaw-fabryczna-ul-sarbinowska-2-pokojowe-t0v1v3,https://s2.adresowa.pl/oi/78/2c/322984_a470_cover@2x-2-pokojowe-mieszkanie-wroclaw-fabryczna-ul-sarbinowska.webp
Wrocław Fabryczna,ul. Stefana Drzewieckiego,3,66,725000,10985,bez pośredników,,20,https://adresowo.pl/o/mieszkanie-wroclaw-fabryczna-ul-stefana-drzewieckiego-3-pokojowe-y2s0n1,https://s2.adresowa.pl/oi/42/3c/322244_f891_cover@2x-3-pokojowe-mieszkanie-wroclaw-fabryczna-ul-stefana-drzewieckiego.webp
Wrocław Krzyki,ul. Tadeusza Zielińskiego,3,50,620000,12400,bez pośredników,,16,https://adresowo.pl/o/mieszkanie-wroclaw-krzyki-ul-tadeusza-zielinskiego-3-pokojowe-f2p4m4,https://s2.adresowa.pl/oi/59/4a/31dcc2_a71a_cover@2x-3-pokojowe-mieszkanie-wroclaw-krzyki-ul-tadeusza-zielinskiego.webp
Wrocław Śródmieście,ul. Księcia Witolda,1,25,630000,25200,bez pośredników,,18,https://adresowo.pl/o/mieszkanie-wroclaw-srodmiescie-ul-ksiecia-witolda-1-pokoj-d9n2l2,https://s2.adresowa.pl/oi/6a/4b/3143f4_8a4a_cover@2x-1-pokojowe-mieszkanie-wroclaw-srodmiescie-ul-ksiecia-witolda.webp
Wrocław Szczepin,ul. gen. Władysława Sikorskiego,2,29,800000,27586,bez pośredników,,15,https://adresowo.pl/o/mieszkanie-wroclaw-szczepin-ul-gen-wladyslawa-sikorskiego-2-pokojowe-t9p0f1,https://s2.adresowa.pl/oi/49/56/312e16_6554_cover@2x-2-pokojowe-mieszkanie-wroclaw-szczepin-ul-gen-wladyslawa-sikorskiego.webp
Wrocław Psie Pole,ul. Kowieńska,3,90,981763,10908,bez pośredników,,18,https://adresowo.pl/o/mieszkanie-wroclaw-psie-pole-ul-kowienska-3-pokojowe-r4n8e8,https://s2.adresowa.pl/oi/7e/72/31276e_daa1_cover@2x-3-pokojowe-mieszkanie-wroclaw-psie-pole-ul-kowienska.webp
Wrocław Krzyki,ul. Gajowa,6,134,1299000,9694,bez pośredników,,4,https://adresowo.pl/o/mieszkanie-wroclaw-krzyki-ul-gajowa-6-pokojowe-h3l0p0,https://s2.adresowa.pl/oi/4c/73/305bc0_a05e_cover@2x-6-pokojowe-mieszkanie-wroclaw-krzyki-ul-gajowa.webp
Wrocław Fabryczna,bulw. Dedala,2,40,770000,19250,bez pośredników,,11,https://adresowo.pl/o/mieszkanie-wroclaw-fabryczna-bulw-dedala-2-pokojowe-f8x8r3,https://s2.adresowa.pl/oi/37/7d/2ec7c4_f98b_cover@2x-2-pokojowe-mieszkanie-wroclaw-fabryczna-bulw-dedala.webp
Wrocław Stare Miasto,ul. Krawiecka,1,34,595000,17500,bez pośredników,,20,https://adresowo.pl/o/mieszkanie-wroclaw-stare-miasto-ul-krawiecka-1-pokoj-d8d6n3,https://s2.adresowa.pl/oi/78/64/2eb6de_869b_cover@2x-1-pokojowe-mieszkanie-wroclaw-stare-miasto-ul-krawiecka.webp
Wrocław Śródmieście,ul. Śrutowa,2,75,2290000,30533,bez pośredników,,20,https://adresowo.pl/o/mieszkanie-wroclaw-srodmiescie-ul-srutowa-2-pokojowe-u2z2e3,https://s2.adresowa.pl/oi/7d/54/2d885a_fdbf_cover@2x-2-pokojowe-mieszkanie-wroclaw-srodmiescie-ul-srutowa.webp
Wrocław Jagodno,ul. Igora Strawińskiego,2,40,560000,14000,bez pośredników,,8,https://adresowo.pl/o/mieszkanie-wroclaw-jagodno-ul-igora-strawinskiego-2-pokojowe-q6t8j4,https://s2.adresowa.pl/oi/73/33/2d1144_5e9f_cover@2x-2-pokojowe-mieszkanie-wroclaw-jagodno-ul-igora-strawinskiego.webp
Wrocław Krzyki,ul. Tadeusza Zielińskiego,1,27,399000,14778,bez pośredników,,14,https://adresowo.pl/o/mieszkanie-wroclaw-krzyki-ul-tadeusza-zielinskiego-1-pokoj-a0j3x6,https://s2.adresowa.pl/oi/31/33/2d0bb6_4d88_cover@2x-1-pokojowe-mieszkanie-wroclaw-krzyki-ul-tadeusza-zielinskiego.webp
Wrocław Muchobór Mały,ul. Melchiora Wańkowicza,2,50,780000,15600,bez pośredników,,13,https://adresowo.pl/o/mieszkanie-wroclaw-muchobor-maly-ul-melchiora-wankowicza-2-pokojowe-g5f2d5,https://s2.adresowa.pl/oi/22/79/2cafc6_9169_cover@2x-2-pokojowe-mieszkanie-wroclaw-muchobor-maly-ul-melchiora-wankowicza.webp
Wrocław Kozanów,ul. Mieczysława Orłowicza,1,17,257700,15159,bez pośredników,,6,https://adresowo.pl/o/mieszkanie-wroclaw-kozanow-ul-mieczyslawa-orlowicza-1-pokoj-b2x6t8,https://s2.adresowa.pl/oi/33/74/2c3894_6202_cover@2x-1-pokojowe-mieszkanie-wroclaw-kozanow-ul-mieczyslawa-orlowicza.webp
Wrocław Fabryczna,ul. Skrzydlata,3,85,1160000,13647,bez pośredników,,7,https://adresowo.pl/o/mieszkanie-wroclaw-fabryczna-ul-skrzydlata-3-pokojowe-l5x2q9,https://s2.adresowa.pl/oi/5e/13/29cfde_c057_cover@2x-3-pokojowe-mieszkanie-wroclaw-fabryczna-ul-skrzydlata.webp
Wrocław Stare Miasto,ul. Romana Dmowskiego,2,62,1290000,20806,bez pośredników,,11,https://adresowo.pl/o/mieszkanie-wroclaw-stare-miasto-ul-romana-dmowskiego-2-pokojowe-a8z1h0,https://s2.adresowa.pl/oi/6c/55/2995c6_d299_cover@2x-2-pokojowe-mieszkanie-wroclaw-stare-miasto-ul-romana-dmowskiego.webp
Wrocław Stare Miasto,ul. gen. Władysława Sikorskiego,3,52,1140000,21923,bez pośredników,,11,https://adresowo.pl/o/mieszkanie-wroclaw-stare-miasto-ul-gen-wladyslawa-sikorskiego-3-pokojowe-h5j6z6,https://s2.adresowa.pl/oi/75/56/2995a6_e0a4_cover@2x-3-pokojowe-mieszkanie-wroclaw-stare-miasto-ul-gen-wladyslawa-sikorskiego.webp
Wrocław Kleczków,ul. Kleczkowska,4,80,1660000,20750,bez pośredników,,12,https://adresowo.pl/o/mieszkanie-wroclaw-kleczkow-ul-kleczkowska-4-pokojowe-l0p9s7,https://s2.adresowa.pl/oi/2b/1a/29954e_f97c_cover@2x-4-pokojowe-mieszkanie-wroclaw-kleczkow-ul-kleczkowska.webp
Wrocław Kleczków,ul. Kleczkowska,2,55,1050000,19091,bez pośredników,,6,https://adresowo.pl/o/mieszkanie-wroclaw-kleczkow-ul-kleczkowska-2-pokojowe-a3n3u8,https://s2.adresowa.pl/oi/77/24/299534_c40a_cover@2x-2-pokojowe-mieszkanie-wroclaw-kleczkow-ul-kleczkowska.webp
Wrocław Kleczków,ul. Kleczkowska,2,39,740000,18974,bez pośredników,,11,https://adresowo.pl/o/mieszkanie-wroclaw-kleczkow-ul-kleczkowska-2-pokojowe-j9q1k2,https://s2.adresowa.pl/oi/69/7d/29950c_a20d_cover@2x-2-pokojowe-mieszkanie-wroclaw-kleczkow-ul-kleczkowska.webp
Wrocław Kleczków,ul. Kleczkowska,2,38,699000,18395,bez pośredników,,7,https://adresowo.pl/o/mieszkanie-wroclaw-kleczkow-ul-kleczkowska-2-pokojowe-t3k9u9,https://s2.adresowa.pl/oi/48/36/2994f2_7c27_cover@2x-2-pokojowe-mieszkanie-wroclaw-kleczkow-ul-kleczkowska.webp
Wrocław Stare Miasto,ul. św. Mikołaja,1,28,470000,16786,bez pośredników,,1,https://adresowo.pl/o/mieszkanie-wroclaw-stare-miasto-ul-sw-mikolaja-1-pokoj-h1c3c8,https://s2.adresowa.pl/oi/6d/1e/25a620_9824_cover@2x-1-pokojowe-mieszkanie-wroclaw-stare-miasto-ul-sw-mikolaja.webp
Wrocław Krzyki,ul. Łączności,3,63,860000,13651,bez pośredników,,11,https://adresowo.pl/o/mieszkanie-wroclaw-krzyki-ul-lacznosci-3-pokojowe-z2m1o5,https://s2.adresowa.pl/oi/76/46/207a94_5c00_cover@2x-3-pokojowe-mieszkanie-wroclaw-krzyki-ul-lacznosci.webp
Wrocław Stare Miasto,ul. Widok,3,75,749000,9987,bez pośredników,,17,https://adresowo.pl/o/mieszkanie-wroclaw-stare-miasto-ul-widok-3-pokojowe-c8j2n9,https://s2.adresowa.pl/oi/19/7c/1d00a8_4bf0_cover@2x-3-pokojowe-mieszkanie-wroclaw-stare-miasto-ul-widok.webp
Wrocław Gądów Mały,ul. Stefana Drzewieckiego,2,48,519000,10812,bez pośredników,,2,https://adresowo.pl/o/mieszkanie-wroclaw-gadow-maly-ul-stefana-drzewieckiego-2-pokojowe-k9b9p8,https://s2.adresowa.pl/oi/54/48/19aec1_5cf9_cover@2x-2-pokojowe-mieszkanie-wroclaw-gadow-maly-ul-stefana-drzewieckiego.webp
Wrocław Gądów Mały,ul. Stefana Drzewieckiego,1,56,750000,13393,bez pośredników,,23,https://adresowo.pl/o/mieszkanie-wroclaw-gadow-maly-ul-stefana-drzewieckiego-1-pokoj-y7q3o2,https://s2.adresowa.pl/oi/27/78/13f71d_9fe3_cover@2x-1-pokojowe-mieszkanie-wroclaw-gadow-maly-ul-stefana-drzewieckiego.webp
