locality,street,rooms,area,price_total_zl,price_sqm_zl,owner_type,date_posted,photo_count,url,image_url,city_district,full_address,floor,year_built,building_type,price_per_sqm_detailed,description_text,has_basement,has_parking,kitchen_type,window_type,ownership_type,equipment,latitude,longitude
Katowice Dolina Trzech Stawów,ul. Graniczna,1,31,379500,12242.0,bez pośredników,,15,https://adresowo.pl/o/mieszkanie-katowice-dolina-trzech-stawow-ul-graniczna-1-pokoj-o8n7b6,https://s2.adresowa.pl/oi/7f/6b/3ee47e_9000_cover@2x-1-pokojowe-mieszkanie-katowice-dolina-trzech-stawow-ul-graniczna.webp,Katowice Dolina Trzech Stawów,Graniczna,1,1980.0,blok,,"Na sprzedaż komfortowa kawalerka, świeżo po remoncie, z wydzieloną przestrzenią pod garderobę w najlepszej lokalizacji w Katowicach - osiedlu Paderewskiego. Idealne dla inwestora pod wynajem, dla studenta lub seniora. INFORMACJE O MIESZKANIU: Powierzchnia: 31 m2. Piętro: 1/11. Funkcjonalny układ: pokój dzienny z półotwartą kuchnią, łazienka, osobna garderoba, przedpokój. Balkon z widokiem na zielony skwer oraz parking. Zachodnia ekspozycja mieszkania - ciepłe i słoneczne wnętrze. Ogrzewanie miejskie. Ciepła woda z bojlera elektrycznego (brak gazu w mieszkaniu). Niski czynsz: około 500 zł miesięcznie przy jednej osobie. Przynależna piwnica - około 2 m2. STAN PRAWNY: Forma własności: Spółdzielcze własnościowe prawo do lokalu. Księga wieczysta: bez jakichkolwiek podejrzanych wpisów - atut, który powoduje, że w przyszłości łatwiej będzie sprzedać mieszkanie klientowi kredytowemu. STANDARD MIESZKANIA: Mieszkanie świeżo po gruntownym remoncie, który odbył się w marcu 2026. Wymieniona cała instalacja elektryczna oraz wod-kan. Zlikwidowana Instalacja gazowa - wodę podgrzewa nowoczesny bojler akumulacyjny. Na ścianach gładzie oraz farba w neutralnym, białym kolorze. Na podłodze w pokoju dziennym drewniana deska barlinecka, która nadaje wnętrzu wyjątkowego, przytulnego klimatu. Na podłogach w pozostałych pomieszczeniach stylowe płytki gresowe. Kuchnia w zabudowie z nowym sprzętem AGD. Szafki łazienkowe na wymiar - montaż w maju 2026. Okna PCV. INFORMACJE O BUDYNKU: Blok 11-piętrowy z 1980 r. po termomodernizacji. Domofon z wejściem na kod oraz brelok. Zamykany korytarz na piętrze z czterema mieszkaniami. Zadbana klatka. Dwie windy. Parking dla mieszkańców pod blokiem (dwie karty parkingowe). Budynek sprawnie zarządzany przez SM Paderewskiego. LOKALIZACJA: Osiedle Paderewskiego - jedna z najlepszych dzielnic do życia w Katowicach, zarówno dla rodzin z dziećmi, seniorów, singli, jak i studentów. Bliskość terenów rekreacyjnych w dosłownie 3 minuty: Dolina 3 Stawów - miejsce idealne na piknik czy grilla, ścieżki spacerowe, rowerowe, skatepark, rolkostrada, dużo wydarzeń sportowych oraz kulturalnych. Świetna lokalizacja dla studentów - w promieniu 1 km Uniwersytet Śląski, Uniwersytet Ekonomiczny, Politechnika Śląska, Akademia Muzyczna. W promieniu 500 metrów liczne sklepy osiedlowe, duże centrum handlowe oraz dyskonty (Lidl, Biedronka), piekarnie, apteki, szkoły, przedszkola, punkty usługowe m.in.: poradnie medyczne, salony beauty, siłownie, gabinety fizjoterapii, punkty gastronomiczne, biblioteki, warsztaty - wszystko dosłownie kilka minut od domu. Bliska odległość od centrum miasta oraz dworca PKP - 15-20 minut spacerem. Świetny dojazd na autostradę A4 oraz DK 86. Cena ofertowa: 379 500 zł Sprzedaż bezpośrednia - bez prowizji oraz innych dodatkowych kosztów generowanych przez biura nieruchomości. W przypadku szczegółowych pytań proszę o kontakt telefoniczny codziennie w godzinach od 8 do 22. Jeśli nie odbieram, na pewno oddzwonię. Zapraszam na prezentację.",tak,,aneks,plastikowe,spółdzielcze własnościowe,,50.247838,19.036078
Katowice Śródmieście,ul. Uniwersytecka,2,47,360000,7660.0,bez pośredników,,7,https://adresowo.pl/o/mieszkanie-katowice-srodmiescie-ul-uniwersytecka-2-pokojowe-d9e9g8,https://s2.adresowa.pl/oi/20/3b/3f2188_3bff_cover@2x-2-pokojowe-mieszkanie-katowice-srodmiescie-ul-uniwersytecka.webp,Katowice Śródmieście,Uniwersytecka,6,1978.0,blok,,"Sprzedam mieszkanie bezpośrednio. 47m2, dwa pokoju, balkon. Przynależna piwnica. Parking pod budynkiem ze szlabanem otwieranym na pilota. Do remontu. Zapraszam do kontaktu.",tak,tak,osobna,,spółdzielcze własnościowe,,50.262634,19.028505
Katowice os. Tysiąclecia,ul. Tysiąclecia,2,37,319000,8622.0,bez pośredników,,11,https://adresowo.pl/o/mieszkanie-katowice-os-tysiaclecia-ul-tysiaclecia-2-pokojowe-b2p6d2,https://s2.adresowa.pl/oi/6e/48/3f1da8_2f56_cover@2x-2-pokojowe-mieszkanie-katowice-os-tysiaclecia-ul-tysiaclecia.webp,Katowice os. Tysiąclecia,Tysiąclecia,12,1970.0,blok,,"Masz dość ofert ""z widokiem na sąsiada""? To mieszkanie ma prawdziwą panoramę - z 12. piętra patrzysz na zieleń, niskie dachy i odległą sylwetkę miasta, a do tego masz balkon, na którym da się odetchnąć. Słońce wpada tu szerokim oknem przez dużą część dnia, ale nie smaży przez popołudniami. To 2-pokojowe mieszkanie o pow. 37,5 m² na poszukiwanym Osiedlu Tysiąclecia - jednej z najbardziej zielonych i dobrze skomunikowanych części Katowic, tuż obok Parku Śląskiego. Układ (funkcjonalny, bez zmarnowanego metra): * 2 oddzielne pokoje z dużymi oknami, wydzielona, przeszklona kuchnia (jasna, a jednocześnie osobna), * łazienka z WC, * przedpokój, * dodatkowe pomieszczenie gospodarcze - idealne na garderobę, spiżarnię lub schowek (rzecz, której w ""dwójkach"" zwykle brakuje), * balkon. Stan: mieszkanie jest używalne od zaraz (sprawna kuchnia z kuchenką gazową, łazienka czekająca na wymianę brodzika), a jednocześnie czeka na Twoją własną aranżację. Najważniejsze i najdroższe już za Tobą, instalacje były wymieniane w ostatnich latach. Podłogi (panele) i ściany w pokojach są na chodzie; z czasem własnym rytmem odświeżysz wnętrza oraz urządzisz po swojemu kuchnię i łazienkę. Możesz wprowadzić się i remontować etapami, bez wynajmu na czas prac. Co wyróżnia to mieszkanie: * widok i nasłonecznienie - wysokie piętro, panorama, dużo światła, * balkon + winda w budynku, * niski metraż = niższe koszty utrzymania i łatwa odsprzedaż/najem, * świetna lokalizacja: tramwaj i autobus pod blokiem, szybki dojazd do centrum, DTŚ i A4; w pobliżu sklepy, szkoły, przychodnie, Park Śląski, AWF, Stadion Śląski, dodatkowe pomieszczenie do zaadaptowania (garderoba/schowek). Sprzedaję bezpośrednio - bez prowizji i bez pośredników. Chętnie pokażę mieszkanie i odpowiem na pytania. Zapraszam na prezentację - najlepiej przy dobrym świetle, żeby zobaczyć ten widok na żywo.",tak,,osobna,plastikowe,spółdzielcze własnościowe,,50.264892,19.023782
Katowice Śródmieście,ul. Warszawska 67,2,47,499000,10617.0,Pośrednik,,9,https://adresowo.pl/o/mieszkanie-katowice-srodmiescie-ul-warszawska-2-pokojowe-n9r7e1,https://s2.adresowa.pl/oi/1d/6e/3f254c_6f21_cover@2x-2-pokojowe-mieszkanie-katowice-srodmiescie-ul-warszawska.webp,Katowice Śródmieście,Warszawska 67,1,,kamienica,,"Wyjątkowy loft z antresolą | wysokie sufity| oryginalna cegła | belki | po generalnym remoncie | Parking I Warszawska 67 Szukasz mieszkania z charakterem, które łączy klimat zabytkowej kamienicy z nowoczesnym wykończeniem? Ta nieruchomość to prawdziwy loft, który zachwyca przestrzenią, światłem i niepowtarzalnym stylem. Na sprzedaż wyjątkowe, 2-pokojowe mieszkanie z antresolą, zlokalizowane w pięknie odrestaurowanej kamienicy przy ul. Warszawskiej 67 w Katowicach. Już od wejścia uwagę przyciągają oryginalna cegła, zachowane drewniane belki stropowe oraz imponująca wysokość pomieszczeń aż 4 metry, dzięki czemu wnętrze jest niezwykle przestronne i pełne naturalnego światła. Antresola doskonale sprawdza się jako komfortowa sypialnia lub dodatkowa przestrzeń do relaksu, nadając mieszkaniu prawdziwy loftowy charakter. NAJWAŻNIEJSZE ATUTY NIERUCHOMOŚCI: - mieszkanie po generalnym remoncie, - wymienione wszystkie instalacje, -nowa kuchnia wykonana na wymiar przez stolarza, -pełne wyposażenie oraz nowy sprzęt AGD, - gotowe do zamieszkania bez żadnych nakładów finansowych, PONADTO: - cicha ekspozycja od strony zadbanego wewnętrznego dziedzińca, - prywatny parking dla mieszkańców za zamykaną bramą. LOKALIZACJA: Ulica Warszawska to jedna z najbardziej cenionych lokalizacji w centrum Katowic. W bezpośrednim sąsiedztwie znajdują się restauracje, kawiarnie, sklepy, komunikacja miejska, uczelnie oraz dworce PKP i autobusowy. To miejsce idealne zarówno do zamieszkania, jak i jako inwestycja pod wynajem. BUDYNEK: Odrestaurowana kamienica łączy historyczny charakter z komfortem nowoczesnego budownictwa, oferując mieszkańcom wyjątkowy klimat. DLA KOGO? To mieszkanie będzie doskonałym wyborem dla osób ceniących design, przestrzeń i klimat loftowych wnętrz, a także dla inwestorów poszukujących atrakcyjnej nieruchomości w ścisłym centrum Katowic. Jeżeli marzysz o wyjątkowym lofcie w zabytkowej kamienicy, gotowym do zamieszkania od zaraz zapraszam do kontaktu i umówienia prezentacji. Finansujesz mieszkanie kredytem? Nasz doradca kredytowy pomoże Ci w przejściu przez proces uzyskania kredytu i dobierze korzystną ofertę. Treść niniejszego ogłoszenia nie stanowi oferty handlowej w rozumieniu Kodeksu Cywilnego.",,tak,,plastikowe,własność,,50.25831,19.029
Katowice Koszutka,ul. Michała Grażyńskiego 13,2,41,330000,8049.0,Pośrednik,,15,https://adresowo.pl/o/mieszkanie-katowice-koszutka-ul-michala-grazynskiego-2-pokojowe-x5a5o7,https://s2.adresowa.pl/oi/21/17/3f1df4_402d_cover@2x-2-pokojowe-mieszkanie-katowice-koszutka-ul-michala-grazynskiego.webp,Katowice Koszutka,Michała Grażyńskiego 13,6,1989.0,blok,,"Mieszkanie z balkonem i pięknym widokiem – 41 m², Katowice Koszutka Na sprzedaż mieszkanie o powierzchni 41 m², położone na szóstym piętrze zadbanego i estetycznego budynku w doskonale skomunikowanej części Katowic – na Koszutce. To propozycja dla osób, które szukają nieruchomości z dużym potencjałem i chcą urządzić wnętrze dokładnie według własnego pomysłu. Mieszkanie wymaga generalnego remontu, co daje pełną swobodę w zaplanowaniu nowego układu, stylistyki oraz funkcjonalności pomieszczeń. Dużym atutem nieruchomości jest balkon oraz piękny, otwarty widok z szóstego piętra. Zachodnia ekspozycja okien zapewnia dużo naturalnego światła, szczególnie w godzinach popołudniowych i wieczornych. W mieszkaniu zamontowano nowe, solidne drzwi wejściowe marki Delta Okna oraz drzwi wewnętrzne mają około dziesięciu lat. Pozostałe elementy wyposażenia i wykończenia należy potraktować jako przeznaczone do remontu lub wymiany. Najważniejsze atuty: – powierzchnia około 42 m², – szóste piętro, – balkon, – piękny i rozległy widok, – jasne wnętrza i zachodnia ekspozycja okien, – nowe drzwi wejściowe Delta, – możliwość stworzenia mieszkania według własnej koncepcji, – zadbany i dobrze prezentujący się budynek, – świetna lokalizacja na Koszutce. Lokalizacja zapewnia bardzo wygodne połączenie z centrum Katowic oraz pozostałymi dzielnicami miasta. W bliskiej odległości znajdują się przystanki ramwajowe i autobusowe, a także stacja kolejowa. To doskonałe miejsce zarówno dla osób poruszających się komunikacją miejską, jak i samochodem. Członkowie spółdzielni mają możliwość parkowania samochodów w sąsiedztwie budynku. Dodatkowym rozwiązaniem jest możliwość korzystania z katowickiej karty mieszkańca, uprawniającej do preferencyjnego parkowania w strefie Koszutka – zgodnie z aktualnymi zasadami miasta. Mieszkanie sprawdzi się jako pierwsza nieruchomość, lokal dla pary, inwestycja pod wynajem lub projekt remontowy z dużym potencjałem wzrostu wartości. Mieszkanie do generalnego remontu – gotowe na nową historię i aranżację dopasowaną do przyszłego właściciela. Wysprzątane bez mebli gotowe do wejscia.",,,osobna,plastikowe,spółdzielcze własnościowe,,50.266063,19.019554
Katowice Piotrowice,ul. Żurawia,3,54,365000,6759.0,bez pośredników,,7,https://adresowo.pl/o/mieszkanie-katowice-piotrowice-ul-zurawia-3-pokojowe-c0c2b2,https://s2.adresowa.pl/oi/41/17/3f1da2_eb57_cover@2x-3-pokojowe-mieszkanie-katowice-piotrowice-ul-zurawia.webp,Katowice Piotrowice,Żurawia,4,1980.0,blok,,"Sprzedam 3pokojowe mieszkanie na Osiedlu Żurawia , mogę zostawić meble, w dobrym stanie, zapraszam do kontaktu",tak,,osobna,plastikowe,spółdzielcze własnościowe,,50.20915,18.967243
Katowice Muchowiec,ul. Francuska,2,45,575000,12778.0,bez pośredników,,19,https://adresowo.pl/o/mieszkanie-katowice-muchowiec-ul-francuska-2-pokojowe-m4w9d8,https://s2.adresowa.pl/oi/73/3f/3f19a8_3777_cover@2x-2-pokojowe-mieszkanie-katowice-muchowiec-ul-francuska.webp,Katowice Muchowiec,Francuska,4,2019.0,apartamentowiec,,"Na sprzedaż komfortowe, w pełni wykończone mieszkanie o powierzchni 44,3 m², położone na IV piętrze nowoczesnego budynku z 2019 roku na prestiżowym osiedlu ATAL Francuska Park w Katowicach. Mieszkanie składa się z: - salonu z aneksem kuchennym - sypialni - łazienki - przedpokoju - dużego balkonu Lokal jest gotowy do zamieszkania - sprzedawany z wyposażeniem, obejmującym meble oraz sprzęt AGD. Dodatkowe atuty: - klimatyzacja - komórka lokatorska ok. 3 m² na tym samym piętrze - szerokie miejsce postojowe w garażu podziemnym, blisko windy - nowoczesne, zamknięte osiedle - świetna lokalizacja - blisko centrum oraz Doliny Trzech Stawów Cena mieszkania: 575 000 zł Miejsce postojowe: 45 000 zł Komórka lokatorska: 10 000 zł",tak,tak,aneks,plastikowe,własność,Wyposażenie: klimatyzacja,50.244122,19.024609
Katowice Koszutka,ul. ks. Piotra Ściegiennego,3,46,365000,7935.0,Pośrednik,,7,https://adresowo.pl/o/mieszkanie-katowice-koszutka-ul-ks-piotra-sciegiennego-3-pokojowe-j3k2p0,https://s2.adresowa.pl/oi/79/5b/3f10fc_5e4f_cover@2x-3-pokojowe-mieszkanie-katowice-koszutka-ul-ks-piotra-sciegiennego.webp,Katowice Koszutka,ks. Piotra Ściegiennego,2,,blok,,"Katowice Koszutka / Dąb osiedle Ducha ul. Ściegiennego / Błękitna - 3 pokoje / 46m2 obok SCC WE SPEAK ENGLISH IDEALNA LOKALIZACJA!!! BLISKO SCC!!! Mamy przyjemność przedstawić Państwu 3 pokojowe mieszkanie zlokalizowane na osiedlu Ducha w Katowicach. Mieszkanie o powierzchni 46 m2, znajduje się na 2 piętrze w 4 piętrowym bloku po termomdernizacji. MIESZKANIE SKŁADA SIĘ Z: - trzech pokoi (w tym jeden przechodni) - widnej kuchni - przedpokoju - łazienki z wc DODATKOWO Do mieszkania przynależy piwnica SZCZEGÓŁY OFERTY - Mieszkanie z założoną Księgą Wieczystą - Możliwość zakupu na kredyt - Lokal do remontu, daje spore możliwości aranżacji - Na podłogach wykładziny/linoleum - Wymienione piony wodno-kanalizacyjne oraz instalacja CO (instalacja miedziana, nowe kaloryfery) - Centralne Ogrzewanie - Ciepła woda z piecyka gazowego - Łazienka po generalnym remoncie - Okna PCV - Czysta klatka schodowa, domofon - Budynek po termomodernizacji - Czynsz: 750 zł z zaliczkami na CO, wodę, fundusz remontowy/1 os - Zarządca HGSM LOKALIZACJA: Mieszkanie położone wręcz idealnie na mapie miasta. Kameralne ,spokojne i bardzo zielone osiedle zapewnia bardzo szybki dojazd do sąsiadującego centrum Katowic. Bezpośrednie sąsiedztwo Silesia City Center, dostęp do DTŚ tj. na Drogowej Trasy Średnicowej, A4 oraz 25 minut na lotnisko w Pyrzowicach. Spokojna i Zielona okolica niska zabudowa mieszkaniowa wokół. Możliwość parkowania samochodu przy budynku. Skontaktuj się z nami i umów się na bezpłatną prezentację mieszkania. Pamiętaj, że ceny nieruchomości w większości przypadków podlegają negocjacji. Na stronie internetowej naszego biura znajdą Państwo również oferty, które nie są publikowane na portalach. Zapraszamy do kontaktu. Treść niniejszego ogłoszenia nie stanowi oferty handlowej w rozumieniu Kodeksu Cywilnego.",,,,,własność,Wyposażenie: internet,50.27234,19.00885
Katowice,ul. Juliusza Słowackiego,2,40,444000,11100.0,Pośrednik,,7,https://adresowo.pl/o/mieszkanie-katowice-ul-juliusza-slowackiego-2-pokojowe-a5g7m3,https://s2.adresowa.pl/oi/6d/16/3efbd4_2a90_cover@2x-2-pokojowe-mieszkanie-katowice-ul-juliusza-slowackiego.webp,Katowice ,Juliusza Słowackiego,1,,kamienica,,"Na sprzedaż piękne, jasne mieszkanie po remoncie generalnym. Wykończone w wysokim standardzie pod klucz w top lokalizacji - w samym Centrum Katowic. INFORMACJE OGÓLNE: Mieszkanie dwupokojowe po remoncie generalnym. Nieruchomość zapropojektowana przez architekta z dbałością o szczegóły. Wykończone materiałami najwyższej jakości. W tym między innymi: - Nowoczesna i funkcjonalna kuchnia w kolorze kkaszmirowym robiona na zamówienie - Klimatyczne wnętrza - Wysoki potencjał najmu - Unikalny charakter - Pełne wyposażenie: meble oraz sprzęt AGD - Odsłonięta oryginalna cegła, która dodaje wnętrzu charakteru MIESZKANIE GOTOWE DO ZAMIESZKANIA LUB POD WYNAJEM. UKŁAD: Mieszkanie składa się z dwóch pokoi - salonu z jadalnią od strony ul. Słowackiego, sypialni z widokiem na urokliwe podwórko oraz osobnej kuchni i łazienki z prysznicem. BUDYNEK: Jedna z najbardziej klimatycznych lokalizacji w centrum Katowic. Historyczna kamienica z początku XX wieku, wyróżniająca się elegancką architekturą i charakterystycznymi zielonymi oknami. To idealne miejsce dla osób ceniących miejski styl życia, architekturę z duszą oraz nieruchomości o ponadczasowym charakterze. To idealne połączenie zabytkowego klimatu z doskonałą lokalizacją. PRESTIŻOWA LOKALIZACJA: Mieszkanie znajduje się przy ul. Słowackiego- w samym sercu Katowic. W zasięgu kilku minut spacerem znajdują się: -Rynek -Dworzec PKP -Galeria Katowicka oraz liczne restauracje, kawiarnie, sklepy spożywcze i punkty usługowe. Ponadto lokalizacja ta jest doskonale skomunikowana. Blisko znajdują się przystanki tramwajowe, autobusowe a także dworzec PKP oraz PKS. Ponadto kilka minut od mieszkania znajduje się wyjazd na: -autostradę A4 -DTŚ To jedna z najbardziej pożądanych lokalizacji w Katowicach idealna zarówno do zamieszkania, jak i pod inwestycję na wynajem. SZUKASZ MIESZKANIA POD WYNAJEM? Doradzimy Ci w kwestii zakupu odpowiedniej nieruchomości i pomożemy w zarządzaniu najmem. KUPUJESZ MIESZKANIE NA KREDYT?. Nasz doradca kredytowy pomoże Ci w znalezieniu najlepszej oferty kredytu. Dopasowanej do Twoich potrzeb. Po więcej informacji zapraszam do kontaktu Tel. [numer] Treść niniejszego ogłoszenia nie stanowi oferty handlowej w rozumieniu Kodeksu Cywilnego.",,,,,własność,,50.261472,19.016581
Katowice Piotrowice,ul. Marcina Radockiego,2,37,324900,8781.0,bez pośredników,,6,https://adresowo.pl/o/mieszkanie-katowice-piotrowice-ul-marcina-radockiego-2-pokojowe-v0t4k8,https://s2.adresowa.pl/oi/3b/29/3f1984_a9ca_cover@2x-2-pokojowe-mieszkanie-katowice-piotrowice-ul-marcina-radockiego.webp,Katowice Piotrowice,Marcina Radockiego,parter,,blok,,"Ogłoszenie Prywatne. Oferuję na sprzedaż 2-pokojowe mieszkanie własnościowe. Mieszczące się w Katowicach-Piotrowicach na osiedlu Odrodzenia, ul. Radockiego. Mieszkanie jasne, ciche, okna wychodzą na tereny zielone. Kuchnia wyposażona jest w sprzęt AGD, w tym zmywarkę i piekarnik. W łazience znajduje się wanna. To idealne miejsce dla osób, które szukają komfortu w miejskim otoczeniu. Mieszkanie sprzedawane jest ze wszystkimi meblami oraz dużym AGD, takim jak: Lodówka, Pralka, Kuchenka Gazowa, itp. itd. Mieszkanie posiada duży balkon. Do mieszkania przynależy piwnica oraz dodatkowo komórka lokatorska na półpiętrze. Blok po termoizolacji. W tym roku przewidziana winda z poziomu -1, do której będzie się wchodzić z poziomu chodnika. Czynsz miesięczny ok 650 zł z wszystkimi zaliczkami. Mieszkanie nadaje się do natychmiastowego zamieszkania, odświeżenia lub remontu, w zależności od poczucia estetyki kupujących!!! Mieszkanie jest świetnie skomunikowane. Szkoła podstawowa, apteka, przychodnia, sklepy, markety typu Biedronka - wszystko w ciągu 5 min spacerem. Zielona, spokojna okolica. Zapraszam i pozdrawiam. Marcin",tak,,,,,"Wyposażenie: kuchenka, lodówka, piekarnik, pralka, zmywarkę",50.205609,18.98707
Katowice,Bogucice,4,75,600000,8000.0,bez pośredników,,8,https://adresowo.pl/o/mieszkanie-katowice-bogucice-4-pokojowe-75-m2-u2c7t9,https://s2.adresowa.pl/oi/6a/40/3f1878_bbd9_cover@2x-4-pokojowe-mieszkanie-katowice-bogucice.webp,Katowice Bogucice,,parter,,blok,,"Oferuję na sprzedaż przestronne, widne i ciche mieszkanie o powierzchni 75 m², 4 pokoje. Znajduje się na tzw. wysokim parterze bloku 4-piętrowego na bardzo spokojnym os. Kukuczki w dzielnicy Bogucice w Katowicach. Mieszkanie jest umeblowane i gotowe do zamieszkania, a stan lokalu dobry. Blok jest po termomodernizacji i remoncie balkonów. Mieszkanie jest jasne, ale dzięki położeniu w bezpośredniej bliskości miniparku nie jest wystawione na ekspozycję słoneczną, dzięki czemu nie nagrzewa się nadmiernie w letnie dni. Jednocześnie od strony południowej zapewnia widok na zieleń, a od północnej na plac zabaw. W pobliżu szkoła, przedszkole, sklepy (m.in. Lidl). 3 min od przystanków autobusowych. Odległość od Uniwersytetu Ekonomicznego i Śląskiego ok 15 min, centrum 20 min na piechotę. Osiedle jest świetnie skomunikowane - 1 min do al. Roździeńskiego, co zapewnia błyskawiczny wylot na główne arterie komunikacyjne miasta. To idealne miejsce dla rodzin i osób ceniących spokój przy jednoczesnej bliskości miejskiego życia. Zapraszam do kontaktu, aby umówić się na prezentację mieszkania.",,,,,,,50.26881,19.039073
Katowice Załęże,ul. Jana Wyplera,4,56,324000,5786.0,Pośrednik,,7,https://adresowo.pl/o/mieszkanie-katowice-zaleze-ul-jana-wyplera-4-pokojowe-e0g7g4,https://s2.adresowa.pl/oi/12/5f/3efbd0_5ab2_cover@2x-4-pokojowe-mieszkanie-katowice-zaleze-ul-jana-wyplera.webp,Katowice Załęże,Jana Wyplera,1,,kamienica,,"Na sprzedaż w pełni funkcjonujący gotowiec inwestycyjny w Katowicach dzielnica Załęże, ul. Wyplera. Mieszkanie działa w modelu najmu na 4 niezależne pokoje ze strefą wspólną. Nieruchomość sprzedawana jest razem z najemcami, dzięki czemu nowy właściciel przejmuje działający biznes generujący przychód od pierwszego dnia po zakupie. Najważniejsze informacje: gotowiec inwestycyjny mieszkanie po remoncie z pełnym wyposażeniem mieszkanie inwestycyjne 4 niezależne pokoje mieszkanie wynajęte sprzedaż z najemcami ROI: 10% kamienica świetna lokalizacja inwestycyjna Aktualny podział najmu: Każdy z pokoi jest obecnie wynajęty za 700zł x 4 pokoje = 2800zł Dlaczego ta inwestycja? Kupujesz nieruchomość, która już pracuje i zarabia. Bez remontów, bez organizowania najmu, bez szukania lokatorów i bez dodatkowych kosztów na start. To gotowy produkt inwestycyjny zarówno dla początkującego inwestora, jak i osoby rozbudowującej portfel nieruchomości. Lokalizacja: Ogromnym atutem nieruchomości jest lokalizacja, która zapewnia bardzo duże zainteresowanie najemców. W pobliżu: centrum Katowic szybki wyjazd na A4 Silesia City Center Park Śląski komunikacja miejska uczelnie, sklepy i punkty usługowe Lokalizacja idealna pod wynajem dla: studentów młodych osób pracujących pracowników korporacyjnych osób pracujących w centrum Katowic Zapraszam do kontaktu i na prezentację Tel. [numer] Treść niniejszego ogłoszenia nie stanowi oferty handlowej w rozumieniu Kodeksu Cywilnego.",,,,,własność,,50.267132,18.981616
Katowice Bogucice,ul. Katowicka,2,33,139000,4212.0,Pośrednik,,3,https://adresowo.pl/o/mieszkanie-katowice-bogucice-ul-katowicka-2-pokojowe-h0u1l2,https://s2.adresowa.pl/oi/39/65/3efbc2_9411_cover@2x-2-pokojowe-mieszkanie-katowice-bogucice-ul-katowicka.webp,Katowice Bogucice,Katowicka,3,,kamienica,,"Na sprzedaż: mieszkanie w kamienicy przy ul. Nowej w Katowicach- Bogucicach. Jest to idealna propozycja inwestycyjna zarówno pod wynajem, jak i dalszą odsprzedaż. UKŁAD MIESZKANIA: -dwóch pokoi -kuchni -łazienki -przedpokoju STAN MIESZKANIA: Lokal wymaga remontu, jednak dzięki atrakcyjnej cenie stanowi świetną bazę pod inwestycję. LOKALIZACJA: Ogromnym atutem nieruchomości jest lokalizacja: szybki dojazd do centrum Katowic, dobra komunikacja miejska oraz bliskość uczelni, sklepów i punktów usługowych sprawiają, że mieszkanie doskonale sprawdzi się pod wynajem dla studentów lub młodych osób prpracujących. POTENCJAŁ INWESTYCYJNY: Układ mieszkania pozwala zarówno na wynajem całego lokalu, jak i wynajem na pokoje, co daje możliwość uzyskania atrakcyjnej stopy zwrotu z inwestycji. To również bardzo dobra opcja dla inwestora szukającego mieszkania do remontu i dalszą sprzedaż z zyskiem. Świetna lokalizacja, funkcjonalny układ i duży potencjał inwestycyjny sprawiają, że jest to oferta warta uwagi. Po więcej informacji zapraszam do kontaktu: Tel. [numer] Treść niniejszego ogłoszenia nie stanowi oferty handlowej w rozumieniu Kodeksu Cywilnego.",,,,,własność,,50.26881,19.039073
Katowice Giszowiec,ul. Miła,3,60,490000,8167.0,bez pośredników,,8,https://adresowo.pl/o/mieszkanie-katowice-giszowiec-ul-mila-3-pokojowe-u4a8n6,https://s2.adresowa.pl/oi/74/26/3f17da_390c_cover@2x-3-pokojowe-mieszkanie-katowice-giszowiec-ul-mila.webp,Katowice Giszowiec,Miła,4,,blok,,"3 pokoje | 60,75 m² | Balkon | Giszowiec | Katowice | Miła Na sprzedaż przestronne mieszkanie o powierzchni 60,75 m², położone na 4. piętrze w 4-piętrowym, ocieplonym bloku w zielonej dzielnicy Katowice - Giszowiec (ul. Miła). Układ mieszkania: 3 niezależne pokoje oddzielna kuchnia łazienka osobne WC przedpokój duży balkon Do mieszkania przynależy piwnica, a w budynku dostępna jest suszarnia dla mieszkańców. Atuty nieruchomości: ogrzewanie miejskie blok po termomodernizacji plastikowe okna funkcjonalny układ 3 pokoi duży balkon spokojna, zielona okolica bardzo dobra infrastruktura Lokalizacja - Giszowiec W bezpośrednim sąsiedztwie: szkoły i przedszkola sklepy i punkty usługowe przystanki komunikacji miejskiej tereny zielone i rekreacyjne Dzielnica bardzo dobrze skomunikowana z centrum Katowic oraz głównymi trasami wylotowymi. Dodatkowe informacje: mieszkanie z dużym potencjałem aranżacyjnym idealne dla rodziny lub pod inwestycję Zapraszam do kontaktu i umówienia prezentacji. Sprzedaż prywatna bez pośredników.",tak,,osobna,,,,50.224959,19.072405
Katowice os. Witosa,ul. Norberta Barlickiego,3,49,488000,9959.0,bez pośredników,,11,https://adresowo.pl/o/mieszkanie-katowice-os-witosa-ul-norberta-barlickiego-3-pokojowe-t8j6q0,https://s2.adresowa.pl/oi/74/31/3f149a_d20d_cover@2x-3-pokojowe-mieszkanie-katowice-os-witosa-ul-norberta-barlickiego.webp,Katowice os. Witosa,Norberta Barlickiego,4,1980.0,blok,,"SPRZEDAŻ BEZPOŚREDNIA - bez prowizji dla Kupujących! Bardzo przestronne mieszkanie położone przy ulicy Norberta Barlickiego 19A w Katowicach. Parking pod budynkiem. Blok po termomodernizacji. Bardzo dobra lokalizacja. --- Mieszkanie po generalnym remoncie, który obejmuje: - wymianę instalacji elektrycznej oraz wod-kan, - wymianę stolarki drzwiowej (nowe drzwi zewnętrzne i wewnętrzne), - położenie paneli w pokojach i salonie oraz płytek w przedpokoju i aneksie kuchennym, - pełny remont łazienki (nowe płytki, armatura, sanitariaty), - montaż oświetlenia oraz nastrojowego oświetlenia LED, - montaż sufitu podwieszanego, - w cenie również pełna zabudowa kuchenna (bez AGD). --- Mieszkanie jest obecnie w trakcie prac remontowo - wykończeniowych. Wizualizacje przedstawiają wygląd mieszkania po zakończeniu prac. Możliwość umówienia się i prezentacji mieszkania na obecnym etapie, w tym również możliwość wykończenia według własnych preferencji. --- Mieszkanie składa się z: - przestronnej strefy dziennej wraz z aneksem kuchennym, - sypialni wraz z szafą na wymiar, - dodatkowego pokoju (dla dziecka lub jako gabinet, biuro), - łazienki z umywalką, kabiną z prysznicem oraz miejscem na pralkę, - oddzielnego wc, - przedpokoju z szafą w zabudowie. Powierzchnia mieszkania: 49 m2 + piwnica + balkon. Okna PVC skierowane na południe. Mieszkanie jest bardzo dobrze doświetlone. W oknach zasłony zaciemniające. Drzwi zewnętrzne antywłamaniowe. --- Ogrzewanie miejskie. Mieszkanie bez obciążeń. Założona księga wieczysta. Wejście do klatki schodowej zabezpieczone domofonem. Duży parking przy budynku. Bardzo dobra lokalizacja. W pobliżu również szkoła, przedszkole, żłobek. Blisko markety spożywcze, piekarnia, apteka. --- Atuty: - bardzo dobra lokalizacja, - funkcjonalny układ mieszkania - 3 przestronne pokoje, - sypialnia wraz z szafą w zabudowie, - zabudowy meblowe przygotowane na wymiar przez stolarza, - wszystkie instalacje wymienione na nowe (elektryczna, wodna, kanalizacja), - nowe drzwi zewnętrzne oraz wewnętrzne, - nowe parapety, - nowe podłogi, - sufit podwieszany wraz z wnękami LED przy zasłonach, - wysoka jakość wykończenia, - mieszkanie jest wolne od wad prawnych czy zadłużeń, - pod adresem nieruchomości nikt nie jest zameldowany. Wydanie mieszkania może nastąpić w dzień zakupu. --- Sprzedaż bezpośrednia od właściciela, bez prowizji. Zapraszam do kontaktu oraz do obejrzenia. Kontakt w godzinach 8-20, poniedziałek-niedziela.",tak,,aneks,plastikowe,własność,Wyposażenie: pralkę,50.257659,18.967545
Katowice Piotrowice,ul. Północna 27,3,45,439000,9756.0,Pośrednik,,13,https://adresowo.pl/o/mieszkanie-katowice-piotrowice-ul-polnocna-3-pokojowe-o2c0l2,https://s2.adresowa.pl/oi/2e/14/3ef846_b6c7_cover@2x-3-pokojowe-mieszkanie-katowice-piotrowice-ul-polnocna.webp,Katowice Piotrowice,Północna 27,4,,blok,,"3 pokoje po generalnym remoncie | 45,45 m² | balkon | wszystko nowe Na sprzedaż 3-pokojowe mieszkanie o powierzchni 45,45 m², położone na 4. piętrze. Mieszkanie przeszło generalny remont i jest gotowe do wprowadzenia od zaraz - wszystko jest nowe i nie wymaga żadnych dodatkowych nakładów finansowych. To idealna propozycja dla osób, które szukają funkcjonalnego mieszkania w nowoczesnym standardzie i chcą uniknąć kosztownych remontów. Najważniejsze atuty: - generalny remont wykonany od podstaw - nowe instalacje - brak instalacji gazowej - mieszkanie w pełni bezpieczne i nowoczesne - funkcjonalny układ 3 pokoi - balkon - nowa zabudowa kuchenna - pojemne szafy w przedpokoju - jasne i bardzo dobrze doświetlone wnętrza - gotowe do zamieszkania od zaraz Mieszkanie zostało urządzone w ponadczasowej, neutralnej kolorystyce. Jasne ściany, drewnopodobne elementy i nowoczesne wykończenie tworzą przytulną przestrzeń, którą łatwo dopasować do własnego stylu. W skład mieszkania wchodzą: salon dwie niezależne sypialnie kuchnia łazienka przedpokój z zabudowanymi szafami balkon Generalny remont objął m.in.: wymianę instalacji nowe podłogi nowe drzwi nową zabudowę kuchenną nowe oświetlenie odświeżenie i wykończenie całego mieszkania w jednolitym standardzie. Mieszkanie jest gotowe do zamieszkania od pierwszego dnia - wystarczy wnieść swoje meble i się wprowadzić. Lokalizacja: Katowice, ul. Północna 27 Cena: 439 000 zł Zapraszam do kontaktu i umówienia prezentacji. Pośrednik odpowiedzialny zawodowo za wykonanie umowy pośrednictwa: Karolina Niedźwiedzka (licencja nr: 6910)",,,,plastikowe,,,50.21262,18.978456
Katowice Ligota,ul. Warmińska,3,59,395000,6695.0,Pośrednik,,14,https://adresowo.pl/o/mieszkanie-katowice-ligota-ul-warminska-3-pokojowe-z7y7l3,https://s2.adresowa.pl/oi/42/1d/3ef38c_eb32_cover@2x-3-pokojowe-mieszkanie-katowice-ligota-ul-warminska.webp,Katowice Ligota,Warmińska,parter,1980.0,blok,,"Przestronne 3 pokojowe mieszkanie z balkonem | Katowice Ligota-Panewniki | ul. Warmińska ZADZWOŃ: [numer] Pamiętaj, że współpracując z PAFIN Group – biurem nieruchomości działającym na terenie Śląska i Zagłębia, otrzymujesz pełną obsługę. Pomoc w finansowaniu zakupu: KUPIMY TWOJE dotychczasowe MIESZKANIE LUB DOM ZA GOTÓWKĘ, możliwa ZAMIANA, lub pomożemy w uzyskaniu KORZYSTNEGO KREDYTU (na zakup i remont). Wesprzemy Cię w uzyskaniu ATRAKCYJNEJ CENY zakupu, a następnie zapewnimy pełną obsługę notarialną wraz z weryfikacją nieruchomości. INFORMACJE I DANE TECHNICZNE (KW) Powierzchnia całkowita: 59,25 m2 Piwnica: tak Piętro: parter Czynsz (SM): 1 292 zł Opłaty w czynszu: eksploatacja, zimna woda+ścieki, śmieci, ogrzewanie, fundusz remontowy, Opłaty wg liczników: prąd, woda, gaz Woda ciepła: gazowy podgrzewacz, Ogrzewanie: CO miejskie Dostępne media: prąd , woda, internet, gaz Na sprzedaż 3 pokoje, które urządzisz według swoich oczekiwań ! Przestronny układ pomieszczeń i stan techniczny, który daje Ci swobodę działania. Możliwość połączenia pokoju z kuchnią i wydzielenia dodatkowej sypialni lub biura. Do mieszkania przynależy również piwnica oraz balkon ! Dodatkowa możliwość zakupu GARAŻU na parkingu przed blokiem ! To idealna propozycja dla par, osób pracujących zdalnie lub inwestorów. Nie przegap tej okazji – umów się na prezentację już dziś! DOSKONAŁA LOKALIZACJA, z której wszędzie będziesz miał blisko. Mieszkanie znajduje się w jednej z najbardziej atrakcyjnych dzielnic Katowic – Ligota-Panewniki ul. Warmińska. To miejsce łączy w sobie wygodę miejskiego życia z bliskością natury, oferując wiele korzyści dla przyszłych mieszkańców: Świetna komunikacja – szybki dojazd do centrum Katowic i innych miast aglomeracji dzięki bliskości DK88, DK86 i A4 oraz przystanków komunikacji miejskiej oraz pociągu. Bliskość terenów zielonych – w pobliżu znajdują się Lasy Panewnickie, Park Zadole oraz ścieżki rowerowe, które sprzyjają aktywnemu spędzaniu czasu na świeżym powietrzu. Pełna infrastruktura – w okolicy znajdują się sklepy, restauracje, szkoły, przedszkola oraz przychodnie, co zapewnia wygodę codziennego życia. Spokojna i bezpieczna okolica – doskonała dla rodzin z dziećmi oraz osób ceniących ciszę i komfort mieszkania z dala od miejskiego zgiełku. Odległość w linii prostej 500 m - ŚUM - Śląski Uniwersytet Medyczny oraz Uniwersyteckie Centrum Kliniczne ! Nieruchomość, które dopasujesz do własnych potrzeb a lokalizacja sprawia, że jest to wygodne miejsce do życia. MASZ PYTANIA? Skontaktuj się z nami tak, jak Ci wygodnie: Tomasz Adamczyk",tak,,osobna,plastikowe,własność,Wyposażenie: internet,50.222477,18.960456
Katowice Ligota,ul. Władysława Orkana 25C,1,40,379000,9475.0,bez pośredników,,6,https://adresowo.pl/o/mieszkanie-katowice-ligota-ul-wladyslawa-orkana-1-pokoj-q2b3s4,https://s2.adresowa.pl/oi/22/60/3f0fac_a2d9_cover@2x-1-pokojowe-mieszkanie-katowice-ligota-ul-wladyslawa-orkana.webp,Katowice Ligota,Władysława Orkana 25C,3,2012.0,apartamentowiec,,"Zapraszam do zapoznania się z niezwykle atrakcyjną ofertą sprzedaży mieszkania na zamkniętym, strzeżonym osiedlu Ligota Park w Katowicach. Osiedle znajduje się w najatrakcyjniejszej dzielnicy Katowic - Brynowie. Lokalizacja inwestycji jest niezwykle popularna ze względu na bliskość do całej potrzebnej do życia infrastruktury: sklepów, przychodni lekarskich, aptek, szkół, przedszkoli, terenów rekreacyjnych i spacerowych (za granicami osiedla znajduje się basen miejski, spacerkiem w przeciągu 8 minut można dostać się zarówno do lasu, jak i do Parku Kościuszki). Osiedle stanowi kompleks 8 niskich budynków o atrakcyjnej architekturze. Na terenie inwestycji jest kilka placów zabaw dla dzieci, ładnie utrzymana zieleń. Przedmiotem oferty jest bardzo przytulne, wykończone i wyposażone mieszkanie, które składa się z dużego pokoju dziennego, z którego wychodzi się na wygodny balkon, otwartej kuchni, łazienki i dużego przedpokoju. Lokal nadaje się do zamieszkania po odświeżeniu. Okna mieszkania wychodzą na stronę południową z widokiem na basen i drzewa. Cena wynosi 379000 zł. plus 45000 zł. za miejsce garażowe. Dostępne od zaraz.",,tak,aneks,plastikowe,własność,,50.229674,18.985111
Katowice Piotrowice,ul. Bażantów,2,51,730000,14314.0,bez pośredników,,15,https://adresowo.pl/o/mieszkanie-katowice-piotrowice-ul-bazantow-2-pokojowe-v2b0a3,https://s2.adresowa.pl/oi/2c/4f/3f0f4e_cf85_cover@2x-2-pokojowe-mieszkanie-katowice-piotrowice-ul-bazantow.webp,Katowice Piotrowice,Bażantów,parter,2018.0,apartamentowiec,,"Na sprzedaż wyjątkowe mieszkanie o powierzchni 51,3 m², położone na parterze w niskim bloku na nowoczesnym, ogrodzonym i monitorowanym osiedlu ""Bażantowo"" w Katowicach-Piotrowicach. Piotrowice to jedna z najbardziej zielonych i spokojnych dzielnic Katowic. To idealna propozycja dla osób ceniących komfort, bezpieczeństwo, pełną infrastrukturę oraz bezpośredni kontakt z naturą. 🏡Opis mieszkania: * Salon z aneksem kuchennym – przestronny, ustawny, ok. 6 × 5 m i wyjściem na taras. * Sypialnia – przytulna, z miejscem na duże łóżko i szafę. * Łazienka – w pełni wyposażona. W cenie pozostają meble kuchenne oraz sprzęt AGD, co pozwala na natychmiastowe zamieszkanie. 🌿Taras i ogród Ogromnym atutem nieruchomości jest duży, narożny i zadbany ogród o powierzchni ok. 210 m², zapewniający przestrzeń do wypoczynku. Na terenie ogrodu znajdują się: * zadaszony taras – 9 m², idealny na relaks, *domek narzędziowy – 6 m², świetny na przechowywanie sprzętu, rowerów czy mebli ogrodowych Bezpośrednie wyjście z salonu na taras sprawia, że ogród staje się naturalnym przedłużeniem mieszkania. 📍 Idealna Lokalizacja - pełna infrastruktura i natura. * zielona i spokojna dzielnica Katowic – Piotrowice, tuż przy wejściu do kompleksu leśnego Rezerwatu Przyrody Ochojec, * liczne ścieżki spacerowe i rowerowe, prowadzące przez las aż do samego centrum Katowic, * osiedle ogrodzone, monitorowane, z ogromnym bezpłatnym parkingiem, *wszystko pod ręką: -sklepy, apteki, restauracje, przychodnie, żłobki, przedszkola, szkoła, dom seniora, - centrum sportowe ""Bażantowo Sport"" z basenem, saunami, siłownią, kręglami, kortami i squashem + hotel. * Komunikacja: -przystanki autobusowe w pobliżu, -szybki dostęp do stacji PKP - wygodny dojazd do centrum Katowic oraz miast ościennych. 💰 Koszty *Cena: 735 000 zł (do negocjacji), * Opłata do wspólnoty: 721 zł (w tym CO, woda ciepła i zimna, kanalizacja, śmieci, części wspólne) Brak gazu = bezpiecznie Dodatkowo płatny tylko prąd oraz internet z TV. ✔️Stan prawny: *mieszkanie posiada wyodrębnioną księgę wieczystą- pełna własność, *w cenie zawarty jest udział w częściach wspólnych gruntu i budynku. Dla Kogo? Dla par, singli, rodzin, osób pracujących z domu, miłośników natury i wszystkich, którzy marzą o mieszkaniu z ogrodem, ale nie chcą wyprowadzać się poza miasto.",,,aneks,plastikowe,własność,"Wyposażenie: internet, tv",50.198339,18.991098
Katowice Bogucice,ul. Podhalańska 20,3,61,385000,6311.0,Pośrednik,,13,https://adresowo.pl/o/mieszkanie-katowice-bogucice-ul-podhalanska-3-pokojowe-y4f2h1,https://s2.adresowa.pl/oi/6e/20/3ef17c_9ca5_cover@2x-3-pokojowe-mieszkanie-katowice-bogucice-ul-podhalanska.webp,Katowice Bogucice,Podhalańska 20,1,,blok,,"3-pokojowe mieszkanie z dużym balkonem | 61,14 m² | Katowice - Bogucice, ul. Podhalańska 20 Na sprzedaż mieszkanie 3 pokojowe o powierzchni 61,14 m² , położone na 1. piętrze wieżowca z windą przy ul. Podhalańskiej 20 w Katowicach - Bogucicach. Nieruchomość stanowi doskonałą propozycję dla osób poszukujących mieszkania do własnej aranżacji. Lokal wymaga kapitalnego remontu, co daje przyszłemu właścicielowi pełną swobodę w zaprojektowaniu wnętrza zgodnie z własnymi potrzebami i aktualnymi trendami. Układ pomieszczeń: salon z wyjściem na duży balkon, dwa niezależne pokoje, oddzielna kuchnia z oknem, łazienka, osobne WC, przestronny przedpokój z wnęką idealną pod zabudowę szafy. Dużym atutem mieszkania jest funkcjonalny rozkład pomieszczeń oraz możliwość otwarcia kuchni na salon, co pozwala stworzyć nowoczesną, otwartą strefę dzienną. Dodatkowe informacje: powierzchnia mieszkania: 61,14 m², piwnica o powierzchni 2,41 m², komórka lokatorska, ogrzewanie miejskie, ciepła woda z sieci miejskiej, pełna własność z księgą wieczystą. Atuty nieruchomości: 1 piętro, wieżowiec wyposażony w windę, duży balkon, ustawne i dobrze doświetlone pomieszczenia, możliwość własnej aranżacji wnętrza, funkcjonalny układ z oddzielną kuchnią lub możliwością jej otwarcia na salon, dodatkowa przestrzeń do przechowywania w postaci piwnicy i komórki lokatorskiej. Lokalizacja Bogucice to jedna z najlepiej skomunikowanych dzielnic Katowic. W najbliższej okolicy znajdują się sklepy, szkoły, przedszkola, punkty usługowe oraz przystanki komunikacji miejskiej. Lokalizacja zapewnia szybki dojazd do centrum Katowic, Strefy Kultury, uczelni wyższych oraz głównych arterii komunikacyjnych aglomeracji. To oferta dla osób, które szukają przestronnego mieszkania z potencjałem aranżacyjnym w dobrze rozwiniętej części miasta. W celu uzyskania dodatkowych informacji oraz umówienia prezentacji zapraszam do kontaktu. Cena: 385.000,00zł Julia Nawrat tel. [numer] Pośrednik odpowiedzialny zawodowo za wykonanie umowy pośrednictwa: Elżbieta Minkina-Kwaśny (licencja nr: 1406)",tak,,,drewniane,własność,,50.269973,19.046201
Katowice,os. Tysiąclecia,2,37,339000,9162.0,Pośrednik,,10,https://adresowo.pl/o/mieszkanie-katowice-os-tysiaclecia-2-pokojowe-37-m2-j2o6o0,https://s2.adresowa.pl/oi/35/11/3eec04_925f_cover@2x-2-pokojowe-mieszkanie-katowice-os-tysiaclecia.webp,Katowice os. Tysiąclecia,,4,1980.0,blok,,"Oferuję na sprzedaż mieszkanie dwupokojowe o powierzchni 37 m². Znajduje się na czwartym piętrze w bloku z 1968 roku. Nieruchomość jest w stanie do zamieszkania. Łazienka czysta ale przyda się remont. Do mieszkania przynależy duża komórka lokatorska znajdująca się na półpiętrze budynku. Okna szczelne z mikrowentylacją , niedawno wymieniane. Mieszkanie sąsiaduje z suszarnią która pozostaje do dyspozycji lokatorów piętra. Dodatkowo w bloku na parterze znajduje się wózkownia. Ogrzewanie miejskie (kaloryfery z podzielnikami) Parking pod budynkiem jest zabezpieczony szlabanem . Do mieszkania przynależy karta na wjazd . Czyli do dyspozycji 2 pokoje kuchnia balkon pomieszczenie użytkowe miejsce parkingowe winda łazienka z WC przedpokój W tej chwili na wyposażeniu znajdują się: meble pralka lodówka kuchenka piekarnik Budynek w zarządzie Spółdzielni Piast. Czynsz wynosi 490 PLN. Duża komórka na tym samym piętrze dodatkowo płatna 40,-PLN Osiedle świetnie skomunikowane zarówno dla zmotoryzowanych (w pobliżu wyjazd na A4 i na trasę DTS) jak i dla korzystających z komunikacji miejskiej (do dyspozycji autobus i tramwaj). Lokalizacja osiedla tuż obok Parku Śląskiego jest doskonała dla ludzi preferujących spacery i aktywny wypoczynek. Oferta na wyłączność. Mieszkanie dostępne do obejrzenia w dogodnym dla Ciebie terminie - również w weekendy. Zadzwoń lub napisz, żeby umówić się na wizytę. Oferujemy pomoc przy wyborze korzystnej oferty kredytów hipotecznych oraz obsługę kredytową i notarialną. Niniejsza propozycja nie jest ofertą handlową w myśl art. 66 kodeksu cywilnego lecz ma wyłącznie charakter informacyjny. Pośrednik odpowiedzialny zawodowo za wykonanie umowy pośrednictwa: Mariusz Wichary (licencja nr: 5190) Pośrednik odpowiedzialny zawodowo za wykonanie umowy pośrednictwa: Mariusz Wichary (licencja nr: 5190)",,tak,aneks,plastikowe,spółdzielcze własnościowe,"Wyposażenie: kuchenka, lodówka, piekarnik, pralka",50.280899,18.967661
Katowice Piotrowice,ul. Marcina Radockiego,2,37,430000,11622.0,bez pośredników,,4,https://adresowo.pl/o/mieszkanie-katowice-piotrowice-ul-marcina-radockiego-2-pokojowe-q9s8o4,https://s2.adresowa.pl/oi/36/67/3f0f34_9451_cover@2x-2-pokojowe-mieszkanie-katowice-piotrowice-ul-marcina-radockiego.webp,Katowice Piotrowice,Marcina Radockiego,2,1985.0,blok,,"Mieszkanie jest po generalnym remoncie podczas którego zostały: - wymienione instalacje wod-kan oraz elektryczna, - w cenie na wymiar od stolarza aneks kuchenny wyposażony w kuchenkę gazową, lodówkę i piekarnik, - w cenie wykończona i wyposażona łazienka. Układ pomieszczeń: - 2 pokoje (duży salon z dużą zabudowaną szafą od stolarza i drugi mniejszy pokój), - przedpokój, - łazienka z WC. Dodatkowe informacje: mieszkanie dostępne od zaraz, ogrzewanie miejskie Czynsz: ok. 650 zł Lokalizacja: - bezproblemowe parkowanie samochodu - przed budynkiem oraz za nim, znajduje się spora liczba ogólnodostępnych, bezpłatnych miejsc parkingowych, a także możliwość parkowania wzdłuż bloku - budynek po termomodernizacji - osiedle objęte monitoringiem To idealne miejsce do życia dla rodzin - cicho, wygodnie i blisko wszystkiego, co potrzebne na co dzień. W bezpośrednim otoczeniu znajdują się tereny spacerowe, place zabaw, sklepy, szkoły oraz pełna infrastruktura usługowa, a szybki dojazd do centrum miasta i tras wylotowych stanowi duży atut. Jestem osobą prywatną i jestem dostępna w godzinach: 12:00 - 00:00. Więcej info pod nr: sześćset dziewięćdziesiąt dwa sto czterdzieści dwa dziewięćset trzynaście. Biurom nieruchomości dziękuję.",tak,,aneks,plastikowe,spółdzielcze własnościowe,"Wyposażenie: kuchenkę, lodówkę, piekarnik",50.205609,18.98707
Katowice Bogucice,ul. ks. Franciszka Ścigały,3,57,509000,8930.0,bez pośredników,,10,https://adresowo.pl/o/mieszkanie-katowice-bogucice-ul-ks-franciszka-scigaly-3-pokojowe-n2o0p3,https://s2.adresowa.pl/oi/4f/3e/3f0e58_bcbf_cover@2x-3-pokojowe-mieszkanie-katowice-bogucice-ul-ks-franciszka-scigaly.webp,Katowice Bogucice,ks. Franciszka Ścigały,parter,1970.0,blok,,"Na sprzedaż przestronne i funkcjonalne mieszkanie o powierzchni 65 m² (57,9 m² + ok. 8 m² piwnicy), położone na parterze zadbanego, czteropiętrowego bloku po termomodernizacji. To idealna propozycja dla rodzin, par oraz osób szukających atrakcyjnej inwestycji pod wynajem w jednej z najbardziej pożądanych lokalizacji Katowic. Mieszkanie jest dwustronne, bardzo jasne i gotowe do zamieszkania. Przemyślany układ pomieszczeń zapewnia komfort codziennego życia oraz wiele możliwości aranżacyjnych. W skład mieszkania wchodzą: - przestronny salon, idealny do wspólnego wypoczynku, - dwa ustawne pokoje, - oddzielna, wygodna kuchnia, - łazienka, - osobne WC, - duży przedpokój w kształcie litery ""L"". Dodatkowym atutem jest balkon z przyjemnym widokiem na osiedle oraz duża piwnica, która zapewnia dodatkową przestrzeń do przechowywania. Ogrzewanie miejskie gwarantuje komfort i wygodę przez cały rok. Budynek przeszedł termomodernizację, dzięki czemu mieszkanie jest ciepłe i ekonomiczne w utrzymaniu. Klatka schodowa została wyremontowana - jest czysta, zadbana i estetyczna. Pod blokiem znajdują się ogólnodostępne miejsca parkingowe. Nieruchomość posiada pełną własność z księgą wieczystą, bez żadnych obciążeń. Lokalizacja to ogromny atut tej nieruchomości. Z okien kuchni rozciąga się widok na osiedle, co daje poczucie przestrzeni i komfortu. W zaledwie 5 minut pieszo można dojść do szkoły, a spokojna okolica pozwala cieszyć się codziennym życiem w przyjaznym otoczeniu. Osiedle jest wyjątkowo przyjazne rodzinom i właścicielom zwierząt - w pobliżu znajduje się park z wybiegiem dla psów, plac zabaw oraz tereny rekreacyjne idealne na spacery i aktywny wypoczynek. Mieszkanie daje możliwość odświeżenia lub własnej aranżacji, dzięki czemu nowy właściciel może stworzyć wnętrze dopasowane do swojego stylu i potrzeb. To miejsce z dużym potencjałem, w którym można urządzić wymarzoną przestrzeń do życia.",tak,,osobna,,własność,,50.263455,19.040727
Katowice,Śródmieście,2,64,560000,8750.0,bez pośredników,,8,https://adresowo.pl/o/mieszkanie-katowice-srodmiescie-2-pokojowe-64-m2-v8g1g1,https://s2.adresowa.pl/oi/1d/65/3f0cce_f911_cover@2x-2-pokojowe-mieszkanie-katowice-srodmiescie.webp,Katowice Śródmieście,,4,,kamienica,,"Mieszkanie położone w ścisłym centrum Katowic, naprzeciwko Galerii Katowickiej oraz obok dworca PKP. Znajduje się na 4. piętrze modernistycznej kamienicy projektu Tadeusza Michejdy. Szeroka klatka schodowa wyposażona jest w dwie windy. W 2020 roku przeprowadzono generalny remont, w ramach którego w mieszkaniu wymieniono m.in.: instalację elektryczną, wycyklinowano podłogę, wymieniono okna (system 3-uszczelkowy) oraz skuto stare tynki i położono nowe. Przygotowano również instalację wodną pod montaż nowej kuchni w salonie. Remont był robiony ""pod siebie"". Wykończenia wymaga pomieszczenie pomyślane jako ""pralnia"" (przygotowana jest już instalacja wodno-kanalizacyjna) oraz spiżarnia. W mieszkaniu zainstalowana jest klimatyzacja. Możliwość parkowania w podwórzu, do mieszkania przynależy piwnica. Czynsz - razem z funduszem remontowym, wodą i śmieciami (przy jednej osobie) - wynosi 550 zł.",tak,,,,,Wyposażenie: klimatyzacja,50.11814,18.974203
Katowice Brynów,ul. Rzepakowa,3,63,689000,10937.0,Pośrednik,,5,https://adresowo.pl/o/mieszkanie-katowice-brynow-ul-rzepakowa-3-pokojowe-b6e4h7,https://s2.adresowa.pl/oi/38/65/3eec00_a7b2_cover@2x-3-pokojowe-mieszkanie-katowice-brynow-ul-rzepakowa.webp,Katowice Brynów,Rzepakowa,7,2018.0,apartamentowiec,,"Oferuję do sprzedania apartament zlokalizowany przy ul. Rzepakowej . Jest to inwestycja Nowy Brynów. Mieszkanie usytuowane na 7 ostatnim piętrze budynku posiada 2 sypialnie , salon z dużym oknem i wyjściem na taras .Salon jest połączony z kuchnią w zabudowie. Łazienka razem z WC. Czynsz miesięczny wynosi obecnie 700,-PLN Mieszkanie wykonano w wysokim standardzie i zostanie odświeżone dla potencjalnego nabywcy. Możliwość dokupienia miejsca parkingowego w cenie 65.000,- PLN Zainteresowanym Klientom pomagamy w załatwieniu formalności związanych z kredytem na wybraną nieruchomość. POLECAM I ZAPRASZAM NA PREZENTACJĘ. Chętnie udzielę dodatkowych informacji na temat prezentowanej nieruchomości Poszukujemy dla swoich Klientów: mieszkań, domów, działek i nieruchomości komercyjnych do zakupu i wynajmu. ​Niniejsza propozycja nie jest ofertą handlową w myśl art. 66 kodeksu cywilnego lecz ma wyłącznie charakter informacyjny. Pośrednik odpowiedzialny zawodowo za wykonanie umowy pośrednictwa: Mariusz Wichary (licencja nr: 5190) Pośrednik odpowiedzialny zawodowo za wykonanie umowy pośrednictwa: Mariusz Wichary (licencja nr: 5190)",,tak,,plastikowe,własność,,50.223752,18.994585
Katowice Śródmieście,ul. Uniwersytecka,2,38,379000,9974.0,Pośrednik,,8,https://adresowo.pl/o/mieszkanie-katowice-srodmiescie-ul-uniwersytecka-2-pokojowe-b4s8i3,https://s2.adresowa.pl/oi/38/58/3edc56_3b8a_cover@2x-2-pokojowe-mieszkanie-katowice-srodmiescie-ul-uniwersytecka.webp,Katowice Śródmieście,Uniwersytecka,13,,blok,,"Katowice Śródmieście ul. Uniwersytecka - 2 pokoje / 38m2 / OBOK UNIWERSYTETU ŚLĄSKIEGO Idealna lokalizacja!!! Prezentujemy Państwu 2 pokojowe mieszkanie, zlokalizowane w samym centrum Katowic przy ulicy Uniwersyteckiej. Nieruchomość o powierzchni 38 m2 znajduje się na 13 piętrze w 13 piętrowym bloku po termomodernizacji. W SKŁAD MIESZKANIA WCHODZĄ: - dwa niezależne pokoje - półotwarta kuchnia - łazienka z wc - przedpokój + balkon francuski Do mieszkania przynależy piwnica. SZCZEGÓŁY OFERTY - Możliwość zakupu na kredyt - Mieszkanie w pełni umeblowane i wyposażone, nie wymaga większych nakładów finansowych - Duży potencjał inwestycyjny ze względu na dwa niezależne pokoje oraz lokalizację (do tej pory z powodzeniem wynajmowane) - Czynsz ok. 700 zł z zaliczką na CO, wodę, śmieci przy zamieszkujących 2 osobach - Ogrzewanie miejskie - okna PCV o wystawie pd-zach (pokoje) i zach (kuchnia) - Ciepła woda z piecyka gazowego - 3 windy - Dwa zamykane parkingi dla mieszkańców - Budynkiem zarządza Katowicka Spółdzielnia Mieszkaniowa LOKALIZACJA Mieszkanie położone idealnie pod względem inwestycyjnym, zapewnia łatwy i szybki dostęp do sklepów, uczelni, urzędów, atrakcji miasta. Ścisłe centrum obok Uniwersytetu Śląskiego, Spodka oraz NOSPR. KREDYT Niezależni doradcy kredytowi, z którymi współpracujemy pomagają we wszelkich formalnościach związanych z uzyskaniem kredytu na zakup nieruchomości. Bezpłatna konsultacja, sprawdzenie zdolności, przedstawienie najkorzystniejszych opcji spośród ofert różnych banków. Przeprowadzimy cały proces realizacji kredytu i zakupu nieruchomości. Zapraszamy do kontaktu! Treść niniejszego ogłoszenia nie stanowi oferty handlowej w rozumieniu Kodeksu Cywilnego.",,,,,własność,,50.26249,19.02752
Katowice Brynów,ul. Ligocka,2,44,360000,8182.0,bez pośredników,,8,https://adresowo.pl/o/mieszkanie-katowice-brynow-ul-ligocka-2-pokojowe-p7j2t2,https://s2.adresowa.pl/oi/7b/3a/3f0c5c_dbdf_cover@2x-2-pokojowe-mieszkanie-katowice-brynow-ul-ligocka.webp,Katowice Brynów,Ligocka,10,,blok,,"Sprzedam mieszkanie w Katowicach, w dzielnicy Brynów, przy ulicy Ligockiej. Metraż mieszkania ok 44m2. Piętro 10. Winda. Zamykany korytarz w części mieszkalnej. Spokojna okolica. Sprzedaż bezpośrednia od osoby prywatnej. W razie zainteresowania proszę o kontakt.",,,,,,,50.236923,18.984066
Katowice os. Witosa,ul. Władysława Grabskiego,2,48,449000,9354.0,bez pośredników,,7,https://adresowo.pl/o/mieszkanie-katowice-os-witosa-ul-wladyslawa-grabskiego-2-pokojowe-b8v4y4,https://s2.adresowa.pl/oi/2e/63/3f06d6_af1a_cover@2x-2-pokojowe-mieszkanie-katowice-os-witosa-ul-wladyslawa-grabskiego.webp,Katowice os. Witosa,Władysława Grabskiego,parter,1980.0,blok,,"Na sprzedaż środkowe mieszkanie z balkonem, znajdujące się na wysokim parterze w 10-piętrowym bloku z windą, o powierzchni 48,65 m2. Mieszkanie znajduje się na Osiedlu Witosa przy ul. Grabskiego 29, tuż przy lesie i kładkach spacerowych. Do centrum dojedziemy samochodem w 10 minut, autobusem w 15, ponieważ osiedle znajduje się pomiędzy DTŚ a A4. W skład mieszkania wchodzą następujące pomieszczenia: - salon - sypialnia - kuchnia - łazienka - korytarz - pralnia/schowek (przerobione z WC) - balkon (wyjście z salonu) Do mieszkania przynależy również piwnica. Okna skierowane są na południe. Całe mieszkanie przeszło generalny remont w 2023 roku (wylewki, wymiana grzejników, gładzie, kartongipsy, podłogi, drzwi, łazienka, kuchnia, instalacja elektryczna i całe wyposażenie). W promieniu 400 metrów znajdują się 3 przystanki autobusowe, kilka sklepów, paczkomaty, kościół, dom kultury, przedszkole, szkoła podstawowa, szkoła ponadpodstawowa, piekarnie oraz wiele innych lokali usługowych. Okolica jest bardzo cicha, nie ma problemu z parkingiem pod blokiem, który jest bezpłatny. Ogrzewanie miejskie i ciepła woda z sieci. Mieszkanie własnościowe.",tak,,,,,,50.261779,18.966177
Katowice,Bogucice,3,52,520000,10000.0,bez pośredników,,1,https://adresowo.pl/o/mieszkanie-katowice-bogucice-3-pokojowe-52-m2-f1i5j3,https://s2.adresowa.pl/oi/56/59/3f0388_fdf1_cover@2x-3-pokojowe-mieszkanie-katowice-bogucice.webp,Katowice Bogucice,,2,,blok,,"Na sprzedaż mieszkanie własnościowe 52 m², II piętro/IV, po generalnym remoncie (2021). Lokal nie był wynajmowany, zadbany i gotowy do zamieszkania. Salon (meble IKEA), funkcjonalna kuchnia z zabudową IKEA oraz sprzętem AGD (płyta indukcyjna, piekarnik, lodówka), nowoczesna łazienka (walk-in, pralka). Atut - balkon z widokiem na prestiżową dzielnicę NOHO, co zapewnia wyjątkowy charakter lokalizacji oraz komfort codziennego życia. Mieszkanie idealne zarówno do zamieszkania, jak i jako inwestycja. Zapraszam do kontaktu i umówienia się na prezentację.",,,,,,"Wyposażenie: lodówka, piekarnik, pralka",50.26881,19.039073
Katowice Załęże,ul. Gliwicka,1,36,145000,4028.0,Pośrednik,,3,https://adresowo.pl/o/mieszkanie-katowice-zaleze-ul-gliwicka-1-pokoj-g8s9e5,https://s2.adresowa.pl/oi/56/40/3e906e_f97e_cover@2x-1-pokojowe-mieszkanie-katowice-zaleze-ul-gliwicka.webp,Katowice Załęże,Gliwicka,1,,kamienica,,"Do sprzedania duża kawalerka z możliwością podzielenia na dwa pokoje. Mieszkanie znajduje się w doskonałej lokalizacji- kilka minut samochodem od Centrum Katowic, wjazdu na autostradę A4 a także Parku Śląskiego. Mieszkanie idealnie sprawdzi się jako inwestycja pod wynajem lub do sprzedaży po remoncie. Nieruchomość znajduje się od strony cichego , zadbanego podwórka UKŁAD: Mieszkanie składa się z: - łazienki z oknem - kuchni - dużego pokoju Mieszkanie w stanie do remontu. Pełna własność. Zapraszam do kontaktu telefonicznego: Tel. [numer] Treść niniejszego ogłoszenia nie stanowi oferty handlowej w rozumieniu Kodeksu Cywilnego. Treść niniejszego ogłoszenia nie stanowi oferty handlowej w rozumieniu Kodeksu Cywilnego.",,,,,własność,,50.268234,18.984056
Katowice Koszutka,al. Wojciecha Korfantego 133,4,133,700000,5263.0,Pośrednik,,20,https://adresowo.pl/o/mieszkanie-katowice-koszutka-al-wojciecha-korfantego-4-pokojowe-t2k6r1,https://s2.adresowa.pl/oi/5a/69/3e9006_5b17_cover@2x-4-pokojowe-mieszkanie-katowice-koszutka-al-wojciecha-korfantego.webp,Katowice Koszutka,Wojciecha Korfantego 133,parter,,kamienica,,"Na sprzedaż przestronne mieszkanie - Aleja Korfantego, Katowice Na sprzedaż wyjątkowe, komfortowe mieszkanie o powierzchni 133,5 m², położone w doskonałej lokalizacji - przy Alei Korfantego 133 w Katowicach. Idealne dla rodziny, która ceni przestrzeń, wygodę i nowoczesne rozwiązania. Układ pomieszczeń: • Przestronny salon z aneksem kuchennym - serce domu, idealne miejsce do wspólnego spędzania czasu i spotkań z rodziną oraz przyjaciółmi. • 3 komfortowe sypialnie - zapewniające prywatność i komfort każdemu domownikowi. • Pralnia - funkcjonalne pomieszczenie ułatwiające codzienne obowiązki. • Pomieszczenie gospodarcze - dodatkowa przestrzeń do przechowywania. Lokalizacja: Mieszkanie znajduje się w jednej z najlepiej skomunikowanych części Katowic. W pobliżu znajdują się: • przystanki komunikacji miejskiej (autobus, tramwaj, metro do centrum w kilka minut), • sklepy, restauracje, punkty usługowe, • szkoły i przedszkola, • tereny zielone i rekreacyjne. Atuty nieruchomości: • duży metraż i funkcjonalny rozkład pomieszczeń, • jasne, dobrze doświetlone wnętrza, • piękny budynek z cegły, • możliwość aranżacji według własnych potrzeb. Cena: 700 000 PLN (Cena ostateczna - bez możliwości negocjacji) Zapraszam do kontaktu i umówienia się na prezentację! To mieszkanie łączy w sobie przestrzeń, komfort i doskonałą lokalizację - idealne miejsce do życia w sercu Katowic. ⸻ Jako podmiot pośredniczący pobieramy wynagrodzenie w formie prowizji.",,,,,własność,,50.279733,19.021695
Katowice Bogucice,ul. Karoliny,2,44,599000,13614.0,bez pośredników,,8,https://adresowo.pl/o/mieszkanie-katowice-bogucice-ul-karoliny-2-pokojowe-r6w4g3,https://s2.adresowa.pl/oi/5b/44/3f02ee_4347_cover@2x-2-pokojowe-mieszkanie-katowice-bogucice-ul-karoliny.webp,Katowice Bogucice,Karoliny,2,2018.0,blok,,"Na sprzedaż atrakcyjne, nowocześnie urządzone mieszkanie o powierzchni 44,84m². Położone na 2. piętrze w budynku z 2018 roku z windą w dzielnicy Bogucice w Katowicach przy ulicy Karoliny. Układ mieszkania: przestronny salon z aneksem kuchennym, komfortowa sypialnia, łazienka, balkon. Ekspozycja północno-wschodnia. Monitoring osiedla oraz klatki schodowej. Mieszkanie zostało wykończone w nowoczesnym stylu i jest gotowe do zamieszkania od zaraz, bez konieczności ponoszenia dodatkowych nakładów finansowych. Lokalizacja: Katowice - Bogucice, około 30 minut spacerem do centrum Katowic, blisko przystanki autobusowe, szpital, przedszkole i szkoła, pełna infrastruktura handlowo-usługowa w najbliższym otoczeniu. Mieszkanie idealnie sprawdzi się dla pary, singla, małej rodziny lub jako inwestycja pod wynajem. Zapraszam do kontaktu i umówienia się na prezentację. Sprzedaż bezpośrednia. Biurom nieruchomości i pośrednikom dziękuję - proszę nie kontaktować się w sprawie nawiązania współpracy.",,,aneks,plastikowe,własność,,50.271557,19.040236
Katowice Ligota,ul. Gdańska,3,56,440000,7857.0,bez pośredników,,11,https://adresowo.pl/o/mieszkanie-katowice-ligota-ul-gdanska-3-pokojowe-l1t9z4,https://s2.adresowa.pl/oi/63/59/3f01b6_ba45_cover@2x-3-pokojowe-mieszkanie-katowice-ligota-ul-gdanska.webp,Katowice Ligota,Gdańska,3,1978.0,blok,,"Na sprzedaż funkcjonalne i gotowe do zamieszkania mieszkanie o powierzchni 56 m², położone na osiedlu Zadole w Katowicach. Mieszkanie składa się z przestronnego salonu połączonego z nowoczesną kuchnią, dwóch niezależnych pokoi, łazienki, przedpokoju oraz balkonu. Mieszkanie posiada ekspozycję wschodnią, dzięki czemu jest przyjemnie nasłonecznione od rana. Atuty nieruchomości: ✓ 56 m² powierzchni użytkowej ✓ 3 pokoje (salon połączony z kuchnią + 2 niezależne pokoje) ✓ balkon ✓ piwnica ✓ winda ✓ wózkownia / rowerownia znajdująca się tuż obok mieszkania ✓ nowoczesna zabudowa kuchenna i funkcjonalne szafy ✓ mieszkanie gotowe do zamieszkania Lokalizacja Zadole to jedna z najbardziej lubianych części południowych Katowic, łącząca dużą ilość zieleni z doskonałą komunikacją. W pobliżu znajdują się: • Park Zadole • Basen Zadole • przystanki autobusowe • stacje PKP Katowice Ligota oraz Katowice Piotrowice • centra handlowe Libero oraz Fabryka Park • sklepy, szkoły, przedszkola i punkty usługowe Dodatkowe informacje Osiedle jest obecnie w trakcie termomodernizacji budynków, co wpłynie na efektywność energetyczną nieruchomości. Dodatkowo istnieje możliwość korzystania z pobliskiego parkingu z opcją wykupu miejsca postojowego. Oferta prywatna – sprzedaż bezpośrednio od właścicieli. Niniejsza oferta nie stanowi oferty handlowej w rozumieniu Kodeksu Cywilnego. Zapraszam do kontaktu.",tak,,osobna,plastikowe,spółdzielcze własnościowe,,50.218158,18.973738
Katowice,ul. Zabrska 15,1,27,554000,20519.0,Pośrednik,,5,https://adresowo.pl/o/mieszkanie-katowice-ul-zabrska-1-pokoj-b4j9q7,https://s2.adresowa.pl/oi/65/23/3e8a1e_3ba3_cover@2x-1-pokojowe-mieszkanie-katowice-ul-zabrska.webp,Katowice ,Zabrska 15,15,2025.0,apartamentowiec,,"Na sprzedaż wyjątkowy apartament typu studio o powierzchni 27,72 m², położony na 15. piętrze prestiżowej inwestycji Global Apartments przy ul. Zabrskiej 15 w samym centrum Katowic. To idealna propozycja dla osób ceniących nowoczesny styl życia, wysoki standard wykończenia oraz doskonałą lokalizację. Apartament został urządzony z dbałością o każdy detal, z wykorzystaniem materiałów i sprzętów wysokiej klasy, tworząc elegancką i komfortową przestrzeń gotową do zamieszkania lub dalszego wynajmu inwestycyjnego. Najważniejsze atuty nieruchomości: • powierzchnia 27,72 m² • 15. piętro z pięknym widokiem na panoramę Katowice • balkon • wysoki standard wykończenia • nowoczesna i funkcjonalna aranżacja wnętrza • wysokiej klasy sprzęt AGD i wyposażenie • apartament gotowy do zamieszkania • doskonała inwestycja pod wynajem krótko- i długoterminowy • cena: 554 000 zł Global Apartments to jedna z najbardziej prestiżowych inwestycji mieszkaniowych w Katowicach. Budynek wyróżnia się nowoczesną architekturą, eleganckimi częściami wspólnymi oraz wysokim komfortem życia. Do dyspozycji mieszkańców pozostają m.in. reprezentacyjne lobby z recepcją, monitoring, ochrona, nowoczesne windy oraz parking podziemny. Lokalizacja w ścisłym centrum miasta zapewnia szybki dostęp do restauracji, kawiarni, galerii handlowych, centrów biznesowych oraz komunikacji miejskiej. To doskonałe miejsce zarówno do życia, jak i jako pewna inwestycja w jednej z najbardziej pożądanych lokalizacji w Katowicach. Apartament sprzedawany jest w stanie gotowym do zamieszkania — bez konieczności ponoszenia dodatkowych nakładów finansowych. Możliwość zakupu miejsca postojowego - 50 000 zł Wynagrodzenie dla biura ustalane jest indywidualnie. BRAK PCC ! Zapraszam do kontaktu oraz umówienia prezentacji. Pośrednik odpowiedzialny zawodowo za wykonanie umowy pośrednictwa: Karolina Niedźwiedzka (licencja nr: 6910)",,,,,,,50.262926,19.012773
Katowice,ul. Zabrska 15,3,51,1022000,20039.0,Pośrednik,,10,https://adresowo.pl/o/mieszkanie-katowice-ul-zabrska-3-pokojowe-g5l8v2,https://s2.adresowa.pl/oi/7b/63/3e89e6_d0e9_cover@2x-3-pokojowe-mieszkanie-katowice-ul-zabrska.webp,Katowice ,Zabrska 15,16,2025.0,apartamentowiec,,"Na sprzedaż wyjątkowy apartament o powierzchni 51,12 m², położony na 16. piętrze prestiżowej inwestycji Global Apartments przy ul. Zabrskiej 15 w samym sercu Katowic. To propozycja dla osób, które cenią nowoczesny design, wysoki standard wykończenia oraz spektakularny widok na panoramę miasta. Apartament został urządzony z dbałością o każdy detal — wykorzystano materiały i sprzęty wysokiej klasy, tworząc elegancką i komfortową przestrzeń do życia. Najważniejsze atuty nieruchomości: • 51,12 m² funkcjonalnie zaprojektowanej przestrzeni • 16. piętro z imponującym widokiem na Katowice • balkon z panoramą miasta • wysoki standard wykończenia • wysokiej klasy sprzęt AGD i wyposażenie • miejsce postojowe w garażu podziemnym • komórka lokatorska • nowoczesny apartamentowiec premium Global Apartments to jedna z najbardziej rozpoznawalnych i pożądanych inwestycji mieszkaniowych w centrum Katowic. Budynek wyróżnia się nowoczesną architekturą, eleganckimi częściami wspólnymi oraz komfortem codziennego życia. Do dyspozycji mieszkańców pozostają m.in. reprezentacyjne lobby z recepcją, monitoring, ochrona, nowoczesne windy oraz parking podziemny. Lokalizacja zapewnia doskonałą komunikację i dostęp do pełnej infrastruktury miejskiej — w bezpośrednim sąsiedztwie znajdują się restauracje, kawiarnie, sklepy, centra biznesowe, obiekty kulturalne oraz tereny rekreacyjne. To idealne miejsce zarówno do zamieszkania, jak i jako inwestycja premium w dynamicznie rozwijającym się centrum Katowic. Apartament gotowy do zamieszkania bez dodatkowych nakładów finansowych. Miejsce postojowe i komórka lokatorska dodatkowo płatne: Miejsce postojowe 50 000 zł Komórka lokatorska 20 000 zł Wynagrodzenie dla biura ustalane indywidulanie. BRAK PCC Zapraszam do kontaktu i umówienia prezentacji. Pośrednik odpowiedzialny zawodowo za wykonanie umowy pośrednictwa: Karolina Niedźwiedzka (licencja nr: 6910)",,tak,,,własność,,50.262926,19.012708
Katowice Ligota,ul. Koszalińska,1,33,339000,10273.0,bez pośredników,,6,https://adresowo.pl/o/mieszkanie-katowice-ligota-ul-koszalinska-1-pokoj-i8v3r1,https://s2.adresowa.pl/oi/20/26/3f0052_eea3_cover@2x-1-pokojowe-mieszkanie-katowice-ligota-ul-koszalinska.webp,Katowice Ligota,Koszalińska,2,1960.0,kamienica,,"Witam, sprzedam kawalerkę 33 m2 na Ligocie. Mieszkanie po remoncie, usytuowane na drugim piętrzę. Zlokalizowane w bliskiej odległości Katowickiego Parku Leśnego, Basenu Zadole, ŚUM-u. Blisko do Biedronki, Auchan, kościoła, przychodni, apteka, bar mleczny (Pierogarnia) tuż pod domem. Niedaleko do dworca PKP. Bezpośredni autobus do centrum Katowic. Mieszkanie składa się ; - duży jasny umeblowany pokój, - kuchnia z oknem, wyposażona w lodówkę, płytę indukcyjną, okap, zmywarkę, mikrofalówkę - łazienka z kabiną prysznicową, pralka - funkcjonalny przedpokój. Ogrzewanie gazowe oraz ciepła woda z dwufunkcyjnego pieca gazowego ( serwis pieca lipiec 2025). Niski czynsz 320 zł. ( w zależności od zużycia wody) Dla osób kupujących swoje pierwsze mieszkanie, a także dla inwestorów poszukujących nieruchomości pod wynajem. Zapraszam do umówienia się na spotkanie.",tak,,aneks,plastikowe,własność,"Wyposażenie: lodówkę, pralka, zmywarkę",50.223754,18.971967
Katowice Załęże,ul. Juliusza Zarębskiego,2,46,335000,7283.0,bez pośredników,,8,https://adresowo.pl/o/mieszkanie-katowice-zaleze-ul-juliusza-zarebskiego-2-pokojowe-y7z5t2,https://s2.adresowa.pl/oi/54/25/3efea8_9c1b_cover@2x-2-pokojowe-mieszkanie-katowice-zaleze-ul-juliusza-zarebskiego.webp,Katowice Załęże,Juliusza Zarębskiego,2,1900.0,kamienica,,"Bezpośrednio od właściciela mieszkanie przy ul. Zarębskiego o powierzchni 46,53 m2 znajduje się na parterze i składa się z: Kuchni Salonu Sypialni Oraz łazienki z toaletą i prysznicem walk-in. Kamienica przeszła generalny remont w 2014 roku - wymienione zostały wszystkie instalacje, wyremontowano mieszkania i części wspólne, a familok, poza odnowioną elewacją, zyskał częściowe ocieplenie. Mieszkanie jest umeblowane - w kuchni, poza zabudową kuchenną, lodówka, mikrofalówka , czajnik, zmywarka i kuchenka elektryczna z piekarnikiem, w salonie stoł z krzesłami, kanapa, szafa oraz biurko i krzesło, w sypialni łóżko z materacem, szafa, komoda i szafka nocna. W łazience jest pralka DANE TECHNICZNE: - woda oraz ogrzewanie z sieci miejskiej rozliczane w czynszu, - domofon LOKALIZACJA: Niecałe 2 km od centrum Katowic, 1,8 km od Galerii Katowickiej. Przystanek tramwajowy i autobusowy: ok. 200 metrów oraz ok 1 km do stacji kolejowej Załęże).Ok 1,5 km do Parku Śląskiego. Koszty: Czynsz do wspólnoty 933,14 zł (zawiera zaliczkę na wodę i centralne ogrzewanie na 2 osoby) + prąd osobno.",,,,,własność,"Wyposażenie: kuchenka, lodówka, mikrofalówka, piekarnik, pralka, zmywarka",50.262583,18.997452
Katowice,Nikiszowiec,3,68,698000,10265.0,bez pośredników,,8,https://adresowo.pl/o/mieszkanie-katowice-nikiszowiec-3-pokojowe-68-m2-v4n7s9,https://s2.adresowa.pl/oi/24/2d/3efd4a_c4c6_cover@2x-3-pokojowe-mieszkanie-katowice-nikiszowiec.webp,Katowice Nikiszowiec,,1,,kamienica,,"Na sprzedaż wyjątkowe mieszkanie o powierzchni 68,27 m², zlokalizowane na pierwszym piętrze zabytkowej kamienicy. To propozycja dla osób ceniących połączenie historycznego charakteru budynku z nowoczesnym standardem wykończenia. Pierwsze piętro to najbardziej komfortowa kondygnacja - bez chłodu od piwnicy i bez nagrzewania od poddasza. Dodatkowym atutem są liczne miejsca parkingowe dostępne w bezpośrednim sąsiedztwie budynku. Doskonała inwestycja na przyszłość Nikiszowiec od lat należy do najbardziej rozpoznawalnych i najchętniej odwiedzanych dzielnic regionu. Ogromne zainteresowanie turystów oraz osób poszukujących mieszkań na wynajem sprawia, że nieruchomość stanowi atrakcyjną lokatę kapitału i może generować stabilne przychody z najmu krótko- lub długoterminowego. Dodatkowym atutem jest realizowana obecnie jedna z największych inwestycji w okolicy - rewitalizacja zabytkowych terenów pokopalnianych. Powstają tam nowoczesne przestrzenie biurowe, centra biznesowe oraz HUB nowych technologii i IT, co przyciągnie kolejnych mieszkańców, specjalistów i przedsiębiorców. Rozwój tej części Katowic wpływa na rosnącą atrakcyjność lokalizacji i stwarza realne perspektywy dalszego wzrostu wartości nieruchomości w najbliższych latach. To propozycja nie tylko dla osób szukających wyjątkowego miejsca do życia, ale również dla inwestorów, którzy chcą ulokować kapitał w jednej z najbardziej perspektywicznych lokalizacji na Śląsku. Najważniejsze atuty nieruchomości - Kapitalny remont wykonany od podstaw - Wymienione wszystkie instalacje: elektryczna, wodna, kanalizacyjna oraz centralnego ogrzewania - Dodatkowa instalacja siłowa 380V - Ogrzewanie miejskie - Niezależny audyt elektryczny po wykonaniu instalacji - Alarm zwiększający bezpieczeństwo mieszkańców - Brak instalacji gazowej - Piwnica o powierzchni aż 25 m² - Mieszkanie sprzedawane z pełnym wyposażeniem - Świadectwo charakterystyki energetycznej ważne do 2033 roku Rozkład pomieszczeń Mieszkanie składa się z: przestronnego salonu z aneksem kuchennym, sypialni, drugiego pokoju (gabinet / pokój dziecięcy / dodatkowa sypialnia), łazienki, przedpokoju. Funkcjonalny nowoczesny układ sprawia, że nieruchomość idealnie sprawdzi się zarówno dla rodziny, pary, jak i osób pracujących zdalnie. Wysoki standard wykończenia Podczas remontu zastosowano wyłącznie wysokiej jakości materiały i rozwiązania podnoszące komfort codziennego użytkowania. Podłogi wykonano z litego dębu na nowych legarach, dodatkowo wyciszonych i wzmocnionych płytami OSB oraz wełną mineralną. Ściany zostały oczyszczone z tynków, odsłonięto oryginalną cegłę, wymieniono spoiny i zabezpieczono powierzchnie przed osypywaniem. W jednym z pokoi zachowano oryginalną drewnianą podłogę oraz odrestaurowane ponad 100-letnie drzwi, co stanowi prawdziwą gratkę dla miłośników kamienic i niepowtarzalnych wnętrz. Dodatkowo w pokojach rozprowadzono instalacje telewizyjne oraz komputerowe, a przewody anten satelitarnych wyprowadzono na dach. Pełne wyposażenie w cenie Sypialnia: duża szafa; łóżko dwuosobowe z materacem; toaletka. Salon z jadalnią: stół z krzesłami; komoda; regał. Kuchnia: Nowoczesna zabudowa meblowa (IKEA) o długości 3 m z wyspą 2 m wyposażona w: lodówko-zamrażarkę; zmywarkę; płytę indukcyjną; piekarnik; okap Łazienka: kabina prysznicowa; toaleta; szafka z umywalką; szafka z lustrami; pralko-suszarka. Przedpokój: szafa; lustro. Dodatkowy pokój: pojemna szafa wys. 2,36 m; regał; łóżko Dodatkowe informacje Do mieszkania przynależy duża piwnica o powierzchni 25 m² oraz wydzielona część strychu. Zadbana klatka zamykana na domofon. Jeżeli szukasz mieszkania po generalnym remoncie o wysokim standardzie w klimatycznej kamienicy i z zachowanymi oryginalnymi elementami architektury - ta oferta jest dla Ciebie. Mieszkanie dostępne od zaraz. Zapraszam do kontaktu oraz na prezentację nieruchomości. Powyższa oferta ma charakter informacyjny i nie stanowi oferty handlowej w rozumieniu art. 66 §1 Kodeksu Cywilnego.",tak,,aneks,,,"Wyposażenie: piekarnik, suszarka, zmywarkę",50.247739,19.071173
Katowice Panewniki,ul. Bałtycka,3,55,649000,11800.0,Pośrednik,,21,https://adresowo.pl/o/mieszkanie-katowice-panewniki-ul-baltycka-3-pokojowe-o0b9m1,https://s2.adresowa.pl/oi/65/71/3e67ac_67d8_cover@2x-3-pokojowe-mieszkanie-katowice-panewniki-ul-baltycka.webp,Katowice Panewniki,Bałtycka,2,2019.0,apartamentowiec,,"EASTATE ma przyjemność zaprezentować komfortowe, nowoczesne mieszkanie z dużym tarasem w zielonych Katowickich Panewnikach. LOKALIZACJA: Ulica Bałtycka w dzielnicy Panewniki to spokojna, zielona okolica z niską zabudową i szybkim dostępem do lasów oraz infrastruktury miejskiej. Daje to poczucie prywatności bez rezygnowania z wygody życia w mieście. Warto tu mieszkać, ponieważ łączy ciszę i bezpieczeństwo z dobrą komunikacją, bliskością uczelni, sklepów oraz terenów rekreacyjnych sprzyjających codziennemu odpoczynkowi. MIESZKANIE: Oferowany lokal to komfortowe, w pełni urządzone mieszkanie o powierzchni 56 m², zaprojektowane z myślą o wygodzie i funkcjonalności. Lokal składa się z trzech ustawnych pokoi, przestronnego holu oraz dużej łazienki. Serce mieszkania stanowi jasny salon połączony z widną kuchnią zapewniającą poczucie przestrzeni. Do mieszkania przynależy zarówno balkon, jak i duży taras - idealne miejsca do relaksu i spędzania czasu na świeżym powietrzu. Nieruchomość została wykończona w wysokim standardzie, z dbałością o detale. Jest w pełni umeblowana i wyposażona w sprzęt AGD oraz funkcjonalne meble, co pozwala na natychmiastowe wprowadzenie się bez dodatkowych nakładów finansowych. Ogromnym atutem jest możliwość dokupienia miejsca w hali garażowej pod budynkiem. BUDYNEK: Budynek to kameralny, dwupiętrowy apartamentowiec z 2019 roku, wybudowany przez renomowanego dewelopera Dombud, cieszącego się bardzo dobrą opinią na rynku nieruchomości. Inwestycja wyróżnia się nowoczesną architekturą oraz wysoką jakością wykonania części wspólnych. Niewielka liczba kondygnacji zapewnia mieszkańcom większą prywatność i komfort życia. Obiekt posiada własną kotłownię gazową, co przekłada się na efektywne ogrzewanie oraz stosunkowo niskie koszty eksploatacyjne. Mieszkanie zlokalizowane jest na drugim, ostatnim piętrze budynku, który wyposażony jest w windę, co znacząco podnosi wygodę codziennego użytkowania. FINANSE: Cena - 649 000 PLN Miesięczne opłaty z wodą i ogrzewaniem 750 PLN Opcjonalne miejsce w hali garażowej - 50 000 PLN W Eastate Agency wspieramy klientów w sprzedaży, wynajmie i poszukiwaniach nieruchomości - zarówno na rynku wtórnym, pierwotnym, jak i komercyjnym. Pomagamy także w wyborze nieruchomości inwestycyjnych - pod wynajem lub długoterminowe lokowanie kapitału. Zajmujemy się również zarządzaniem najmem, a klientom finansującym zakup kredytem umożliwiamy bezpłatny kontakt z doradcą kredytowym.",,,aneks,plastikowe,własność,,50.223173,18.941328
Katowice Janów,ul. Zamkowa,3,45,309000,6867.0,Pośrednik,,13,https://adresowo.pl/o/mieszkanie-katowice-janow-ul-zamkowa-3-pokojowe-e5c5q2,https://s2.adresowa.pl/oi/45/15/3e64a0_a14c_cover@2x-3-pokojowe-mieszkanie-katowice-janow-ul-zamkowa.webp,Katowice Janów,Zamkowa,1,1975.0,blok,,"Przytulne i funkcjonalne 3-pokojowe mieszkanie na spokojnym Janowie w Katowicach Mieszkanie: - Powierzchnia i układ: 45,46 m² obejmujące aż 3 pokoje z czego jeden z balkonem (co czyni układ niezwykle praktycznym dla par lub rodzin) oraz zamykaną kuchnię z oknem - Położenie: 1. wysokie piętro w 4-piętrowym bloku - Stan nieruchomości: Do zamieszkania lub odświeżenia - w zależności od własnych preferencji. - Instalacje: Założona nowa instalacja elektryczna (w miedzi) oraz wymienione piony wod-kan - Media: Woda ciepła i ogrzewanie z sieci miejskiej (C.O.), gaz doprowadzony do kuchenki. - Dodatkowo: Do mieszkania przynależy piwnica. Mieszkańcy mają również dostęp do zamykanej wózkowni. Budynek: - Mieszkanie mieści się w zadbanym bloku, który przeszedł termomodernizację oraz remont balkonów. Lokalizacja - Katowice, Janów-Nikiszowiec: - Okolica: Spokojna i zielona dzielnica z unikalnym klimatem. 15 minut spacerem do Parku Bolina - Dla zmotoryzowanych: Ogólnodostępne miejsca parkingowe pod blokiem oraz szybki dojazd do centrum Katowic - ok 15 minut - Komunikacja miejska: W odległości do 10 minut spacerem znajduje się kilkanaście przystanków autobusowych Opłaty: - Czynsz: 1212 zł/ 1 os. - kwota ta zawiera opłaty eksploatacyjne ok 560 zł + zaliczki na C.O., wodę zimną i jej podgrzanie + gospodarowanie odpadami + dobrowolne ubezpieczenie mieszkania. Dodatkowe informacje: - Stan prawny: Mieszkanie spółdzielczo własnościowe z możliwością założenia księgi wieczystej oraz późniejszego przekształcenia w pełną własność. Jeśli chcesz zobaczyć ten lokal na żywo lub masz dodatkowe pytania - zapraszam do kontaktu!",tak,,osobna,plastikowe,,,50.241752,19.092633
Katowice Śródmieście,al. Walentego Roździeńskiego,3,59,523600,8875.0,bez pośredników,,20,https://adresowo.pl/o/mieszkanie-katowice-srodmiescie-al-walentego-rozdzienskiego-3-pokojowe-j7n7e9,https://s2.adresowa.pl/oi/2d/53/3efa2a_3909_cover@2x-3-pokojowe-mieszkanie-katowice-srodmiescie-al-walentego-rozdzienskiego.webp,Katowice Śródmieście,Walentego Roździeńskiego,6,1980.0,blok,,"Na sprzedaż mieszkanie o powierzchni 59,50 m², położone na 6. piętrze jednej z najbardziej rozpoznawalnych lokalizacji w Katowicach - Osiedlu Gwiazdy. Lokal znajduje się w pierwszej Gwiazdzie, najbliżej Wydziału Prawa i Administracji Uniwersytetu Śląskiego. Układ mieszkania: - salon z wyjściem na balkon, - dwa dodatkowe pokoje - osobna, widna kuchnia, - łazienka, - osobne WC, - przestronny przedpokój. Do mieszkania przynależy komórka lokatorska o powierzchni 3,30 m² znajdująca się na tym samym piętrze. Atuty nieruchomości: ✓ słoneczny balkon z ekspozycją południową, ✓ funkcjonalny układ pomieszczeń, ✓ osobna kuchnia, ✓ łazienka i toaleta po remoncie wykonanym w 2020 roku, ✓ komórka lokatorska na piętrze, ✓ doskonała lokalizacja zarówno do zamieszkania, jak i pod inwestycję. Mieszkanie wymaga remontu lub odświeżenia, co daje możliwość aranżacji wnętrza według własnych potrzeb i gustu. Lokalizacja Osiedle Gwiazdy to jedno z najlepiej skomunikowanych miejsc w Katowicach. W bezpośrednim sąsiedztwie znajdują się uczelnie wyższe, biurowce, sklepy, punkty usługowe, tereny rekreacyjne oraz przystanki komunikacji miejskiej. Do centrum miasta można dojść spacerem w kilka minut. Nieruchomość stanowi doskonałą propozycję zarówno dla rodziny, jak i inwestora poszukującego mieszkania pod wynajem dla studentów lub pracowników. Zapraszam do kontaktu i umówienia prezentacji.",tak,,osobna,plastikowe,własność,,50.260999,19.036285
Katowice,Bogucice,4,69,875000,12681.0,bez pośredników,,14,https://adresowo.pl/o/mieszkanie-katowice-bogucice-4-pokojowe-69-m2-j7s0r8,https://s2.adresowa.pl/oi/55/60/3ef9fe_8c49_cover@2x-4-pokojowe-mieszkanie-katowice-bogucice.webp,Katowice Bogucice,,2,2021.0,blok,,"Witam, Oferuję mieszkanie - pełna własność, pierwszy właściciel, sprzedaż bez pośredników. Lokal posiada dwa pokoje dla dzieci, jedną sypialnię 20m2, salon z kuchnią oraz balkonem, miejsce garażowe podziemne. Czynsz - 1000 zł z zaliczkami. Zamieszkiwane od 5 lat. Standardowe wyposażenie - szafy, kuchnia z wyposażeniem, balkon ze stolikiem…. Zainteresowanych proszę o kontakt telefoniczny. Pozdrawiam, Mariusz M.",,tak,aneks,plastikowe,własność,,50.26881,19.039073
Katowice Szopienice,ul. Pogodna,2,35,260000,7429.0,bez pośredników,,20,https://adresowo.pl/o/mieszkanie-katowice-szopienice-ul-pogodna-2-pokojowe-j2r9d7,https://s2.adresowa.pl/oi/7b/71/3ef986_5a36_cover@2x-2-pokojowe-mieszkanie-katowice-szopienice-ul-pogodna.webp,Katowice Szopienice,Pogodna,parter,,blok,,"Na sprzedaż mieszkanie dwupokojowe na parterze w czteropiętrowym bloku, w świetnej lokalizacji. Mieszkanie 35 m², dwupokojowe - sypialnia (12 m²), duży, przechodni pokój (15 m²), oddzielna kuchnia, łazienka i przedpokój. Do mieszkania należy piwnica. Mieszkanie po remoncie generalnym w 2013 roku - wymienione wszystkie instalacje, podwieszane sufity, nowe wylewki i tynki. Obecnie wymaga odświeżenia. W mieszkaniu zostają działające sprzęty AGD (nowa zmywarka, mała lodówka w zabudowie, płyta gazowa, piekarnik elektryczny, mała pralka) oraz widoczne na zdjęciach meble (łóżko szer. 160 cm, wysoka, pojemna szafa, zabudowane wnęki, dwa regały oraz zabudowa kuchni). Osiedle znajduje się w świetnej lokalizacji - na granicy Burowca i Dąbrówki Małej. W pobliżu sklepy spożywcze (Pod Ręką, Biedronka, mały sklep warzywny - ok 400 m), Centrum Handlowe Dąbrówka Mała (ok. 1 km), Ikea (ok. 1 km), basen Burowiec i studio jogi (750 m ), a ponadto apteka, przychodnia, przedszkole, szkoła, poczta, dom kultury, biblioteka publiczna - wszystko w granicach dziesięcio-piętnastominutowego spaceru. Obok bloku przebiega ścieżka rowerowa. Świetne połączenie komunikacją miejską z centrum Katowic (przystanek ok. 300 m, dojazd do centrum zajmuje ok. 10 min), z Sosnowcem i Będzinem (przystanek obok bloku), a także Siemianowicami Śl. i Mysłowicami oraz sąsiednimi dzielnicami Katowic. Pełna własność, wspólnota mieszkaniowa, czynsz 730 zł zawiera zaliczkę na ogrzewanie (centralne, miejskie), zimną wodę, wywóz śmieci, fundusz remontowy. Cena 260 000 zł do niewielkiej negocjacji.",tak,,osobna,plastikowe,własność,"Wyposażenie: lodówka, piekarnik, pralka, zmywarka",50.273206,19.071246
Katowice Józefowiec,ul. Feliksa Nowowiejskiego,3,50,345000,6900.0,Pośrednik,,20,https://adresowo.pl/o/mieszkanie-katowice-jozefowiec-ul-feliksa-nowowiejskiego-3-pokojowe-h1n6r6,https://s2.adresowa.pl/oi/46/1d/3e3a54_4960_cover@2x-3-pokojowe-mieszkanie-katowice-jozefowiec-ul-feliksa-nowowiejskiego.webp,Katowice Józefowiec,Feliksa Nowowiejskiego,3,1972.0,blok,,"Ważne: - Kupujący nie ponosi jakichkolwiek kosztów obsługi LAB Home, nie płaci prowizji! - Mieszkanie o krok od Parku Śląskiego. Przeznaczone do generalnego remontu z pełną swobodą aranżacji. IMPRESJA Wychodzisz na balkon z kubkiem gorącej kawy, a twoim zaspanym oczom powoli ukazuje się spory fragment katowickiej panoramy. Bezchmurne niebo sprawia, że gdzieś na horyzoncie dostrzegasz także delikatny, niemal nierzeczywisty zarys Beskidów. Taki widok nie zdarza się codziennie i nie o każdej porze roku, lecz ty go masz dość często na wyciągnięcie ręki. Wystarczy, że otworzysz drzwi balkonowe. Chociaż mieszkanie w katowickim Józefowcu przeznaczone jest do generalnego remontu, trudno odmówić mu możliwości. W końcu każde arcydzieło na początku było jedynie pustą kartką papieru. Czyż nie można powiedzieć tego samego o mieszkaniach? To, co dziś wydaje się surowe i niedokończone, z odpowiednią wizją i zaangażowaniem może stać się miejscem, które włożoną w nie pracę i energię odda z nawiązką. Nie można narzekać także na sąsiadów. Jednym z nich jest bowiem sam Park Śląski. Chodzą pogłoski, że gościnności ma aż nadto. Potrafi przyjąć zarówno tych, którzy szukają wyciszenia, jak i tych pragnących spędzić dzień aktywnie. I choć jest tak blisko, za każdym razem daje poczucie, jakby było się gdzieś dalej. Trochę poza miastem, na szybkich wakacjach, na które nie trzeba niecierpliwie wyczekiwać do lata. Mówią, że kiedy rzucisz się w te zielone, sąsiedzkie objęcia, na chwilę ponownie zmieniasz się w zaledwie kilkuletniego człowieka poszukującego przygód wśród labiryntu zarośli i dopatrującego się znaczenia w każdym skrawku ziemi. Nie pozostaje więc nic, jak tylko dopić resztkę kawy, rzucić ostatnie spojrzenie na rozciągającą się panoramę i udać się na spotkanie z sąsiadem. Zazwyczaj jeździsz do niego rowerem, ale dziś postanawiasz pobiec. Niech się trochę zaskoczy. ATUTY Słoneczne i jasne wnętrze dzięki narożnemu położeniu mieszkania Pełna swoboda aranżacji - możliwość stworzenia przytulnej i osobliwej przystani wedle własnych potrzeb Usytuowanie budynku skutecznie odgradzające od ulicznego hałasu Bezpieczne i zielone osiedle gwarantujące poczucie odprężenia i swobody Otoczenie przyjazne rodzinie - place zabaw, szkoła i przedszkole w zasięgu krótkiego spaceru (bez konieczności przechodzenia przez ruchliwe ulice) Zakupy i podstawowe usługi „po drodze” do domu (sklepy spożywcze, apteka, piekarnie) Jedno z największych zielonych serc regionu, Park Śląski w odległości spaceru - stały dostęp do tras biegowych, malowniczych przestrzeni i wydarzeń kulturowych W Parku i na osiedlu doskonała przestrzeń na pielęgnację sportowego ducha: jogging, jazdę na rowerze i rolkach Tuż przy bloku tereny przyjazne psiakom, które ucieszą nie tylko czworonożnych przyjaciół, ale pomogą zacieśnić więzy z ich właścicielami Niskie koszty zużycia mediów, co pozytywnie przekłada się na koszty utrzymania Rozłożenie opłat w czasie bez nieprzyjemnych zaskoczeń finansowych podczas zimy Duża piwnica - niezbędna przestrzeń do przechowywania np. roweru, sprzętu sezonowego i innych mniej lub bardziej potrzebnych szpargałów Dogodny dostęp do komunikacji miejskiej i dojazd do centrum w zaledwie 12 minut LOKALIZACJA Mieszkanie znajduje się w zielonej i bezpiecznej dzielnicy Katowic - Józefowcu . Wszelkie troski i potrzeby życia codziennego zaspokoić można tuż po wyjściu z klatki. Mimo życia z dala od zgiełku centrum, dojazd do niego zajmuje jedynie ok. 12 minut. Jako że nie samymi Katowicami człowiek żyje, w każdej chwili możemy wybrać się do okolicznych lub dalej usytuowanych miejscowości : - Na chorzowskim rynku znajdziemy się w ok. 10 minut przejeżdżając ok. 5 kilometrów; - Na rynek w Gliwicach dojedziemy w ok. 27 minut pokonując 27 kilometrów; - Na rynek w Sosnowcu dotrzemy w ok. 18 minut przejeżdżając ok. 13 kilometrów; - W Tarnowskich Górach znajdziemy się w ok. 35 minut po przejechaniu 28 kilometrów; - Odetchnąć w Beskidach, np. w Ustroniu możemy już po 1 godzinie i 25 minutach oraz 80 kilometrach jazdy; - Gdybyśmy jednak zechcieli wyruszyć nieco lub wyraźnie dalej, na lotnisko w Pyrzowicach dojedziemy w ok. 35 minut (ok. 25 kilometrów). W promieniu 5-10 spacerem znajdziemy wszystko, czego codzienności pilnie potrzeba : • Do sklepów i piekarni trafimy niemalże od razu po wyjściu z klatki. Najbliższa Żabka znajduje się tuż pod blokiem, a zaledwie minutę dalej stoi Livio. Świeże pieczywo nabędziemy w okolicznych piekarniach (Kłosie lub Ziarenku) w ok. 5 minut. Po większe zakupy można wybrać się do Lidla: taki spacer zajmie ok. 10 minut. • W bliskiej odległości znajdują się także punkty gastronomiczne. Zaledwie 5 min dzieli nas od Jugo Grill, serwującego grillowane posiłki. Wystarczy także 10 minut spaceru (albo ok. 3 minuty jazdy), by usiąść przy obiedzie w Barze Kardamon albo Restauracji Tramontana. • W okolicy usytuowane są trzy apteki, a najbliższa z nich (DOZ) zlokalizowana jest zaledwie 300 m dalej (3 min spacerem). Tuż obok niej znajduje się wielospecjalistyczne centrum medyczne holsäMED. Oferuje zarówno poradnie NFZ, jak i możliwość wizyt prywatnych. • Szkoła Podstawowa nr 19 im. Wojciecha Korfantego znajduje się 450 m od domu (6 minut spacerem). W okolicy znajdziemy też przedszkola, z czego droga do najbliższego (Przedszkole nr 73 im. Misia Uszatka) zajmie nam ok. 600 m (2 min jazdy, tudzież 9 min spacerem). • Jeśli jednak czegoś zabraknie, z pewnością znajdzie się to w Silesia City Center (ok. 1,4 km i 4 min jazdy samochodem) - jednym z najlepiej wyposażonych centrów handlowych w regionie. Zrobimy tu zarówno codzienne zakupy spożywcze w Carrefourze, jak i kompleksowe zakupy odzieżowe, sportowe czy sezonowe - od ubrań i obuwia, przez sprzęt sportowy (m.in. Decathlon), po elektronikę, akcesoria domowe czy wyposażenie wnętrz. Na miejscu możemy przebierać w szerokiej ofercie gastronomicznej (restauracje sieciowe i kawiarnie), a także wybrać się do kina Helios. • W pobliżu znajduje się mnóstwo miejsc rekreacyjnych i wypoczynkowych. W Parku Wełnowieckim znaleźć można m.in. plac zabaw, wielofunkcyjne boisko czy wybieg dla psów. To także świetne miejsce do aktywności fizycznych. Dojście do parku zajmuje ok. 20 minut, a jazda ok. 6. Uroków Parku Śląskiego nie da się zamknąć jednak w kilku zdaniach - oferuje wachlarz atrakcji i każdy z pewnością znajdzie coś dla siebie . Żeby dotrzeć granicy parku wystarczy 15 minut spaceru albo 6 minut biegu. Najlepszy sąsiad w okolicy przygotował niemałe atrakcje w swoich nie-takich-znowu-skromnych progach: • Na Górze Parkowej przycupnęło Planetarium Śląskie , w którym można trafić na zapierające dech w piersiach pokazy, ciekawe ekspozycje, a nawet doświadczyć symulacji lotu w kosmos. • Koniecznie trzeba złożyć wizytę (równie gościnnej co reszta parku) Elce . Elka życzliwie zawiezie przybyłych od Stadionu Śląskiego do Wesołego Miasteczka, tudzież od Wesołego Miasteczka do Planetarium Śląskiego. To najdłuższa kolej nizinna w Europie, umożliwiająca podziwianie malowniczej panoramy parku z lotu ptaka. • Największe wydarzenia sportowe i muzyczne odbywają się na Stadionie Śląskim , ochrzczonym niegdyś mianem „kotła czarownic”. Poza koncertami i zawodami czarownice zezwalają również na organizację różnych targów i konferencji. • Sympatycy Kraju Kwitnącej Wiśni z pewnością znajdą swój raj na ziemi w Ogrodzie Japońskim . Czeka tam wodospad z przeszklonym tarasem i wiśniowy sad. Równie baśniowo jest w Rosarium , gdzie tysiące róż w sezonie tworzą barwny i pachnący obrazek. • W upalne dni ochłody warto poszukać na Kąpielisku Fala . To perfekcyjny kompleks dla rodzin, w którym każdy znajdzie coś dla siebie. Fala oferuje aż 5 basenów z podgrzewaną wodą, generator fal, więżę skokową oraz wodny plac zabaw dla dzieci. • W sercu Parku Śląskiego znajdziemy plenerową Galerię Rzeźby Śląskiej oraz Restaurację Łania , której receptury oparte są na kuchni staropolskiej i myśliwskiej. • Na przysłowiowe leżenie plackiem najlepsze są Pola Marsowe . Poza oddaniem się rozrywce w postaci nicnierobienia, można urządzić tam piknik, opalać się albo przeczytać w końcu od lat odkładaną na później książkę. Na Polach Marsowych odbywają się także imprezy sezonowe i wydarzenia muzyczne. • Najmłodszych szczególnie zadowoli Śląski Ogród Zoologiczny skrywający kotlinę dinozaurów z kilkunastoma betonowymi modelami prehistorycznych gadów. Wśród mieszkańców ogrodu wyróżnić można ukochane przez dzieci pingwiny, lemury, pandy czy akwarium z rybami. • Na terenie parku znajdują się także znakomite trasy dla biegaczy i rowerzystów. Wygląda na to, że pogłoski nie mijają się z prawdą i Park Śląski jest w istocie przemiłym sąsiadem. Nie trzeba zawracać sobie głowy kolejnością korzystania z wszelkich jego dobroci, jako że - całe szczęście - zawsze jest u siebie, gotowy otworzyć przed gośćmi drzwi. UKŁAD POMIESZCZEŃ Mieszkanie - 50,7 m² Balkon - 3,6 m² Piwnica - 8,5 m² Pomieszczenia i ich ułożenie: - przedpokój prowadzący do wszystkich innych pomieszczeń, - pokój 1 - duży, salon z balkonem skierowanym na południowy wschód i dodatkowym oknem na prostopadłej ścianie - 16,5 m², - pokój 2 - z oknem na północny zachód - 9,5 m², - pokój 3 - z oknem na północny zachód - 6,1 m², - kuchnia - z oknem na północny zachód - 4,5 m², - łazienka z wanną - 3,1 m², - WC. Mieszkanie trzypokojowe z oddzielną kuchnią, położone na trzecim piętrze w budynku pięciokondygnacyjnym. Posiada balkon z widokiem na spory fragment panoramy Katowic (w okresie od późnej jesieni do wczesnej wiosny), a także przynależną piwnicę o dużej powierzchni. Wejście do klatki zabezpieczone jest domofonem. Zarządcą budynku jest Katowicka Spółdzielnia Mieszkaniowa. UŻYTE MATERIAŁY I WYPOSAŻENIE Budynek wzniesiony w technologii płyty żelbetowej w 1972 roku. W roku 2015 został poddany kompletnej termomodernizacji oraz remontowi klatki schodowej, która posada obecnie estetyczny wygląd. Ściany zewnętrzne ocieplono styropianem o grubości ok. 14 cm i wykończono tynkiem akrylowym, a dach dodatkowo zaizolowano warstwą styropianu o grubości ok. 15 cm, co przekłada się na efektywność energetyczną budynku. Mieszkanie wymaga gruntownego remontu, co łatwo umożliwia całkowite dopasowanie go do swoich potrzeb. Drzwi wejściowe wyposażono w zamek Gerda. W mieszkaniu znajdują się okna dwuszybowe w drewnianej oprawie, natomiast w kuchni - okna plastikowe. Instalację wodną utrzymano w dobrym stanie i gotowa jest do dalszego użytkowania, instalacja gazowa funkcjonuje również bez zastrzeżeń i wraz z innymi jest poddawana regularnym przeglądom. Należy jednak poważnie rozważyć wymianę instalacji elektrycznej. W łazience znajduje się przepływowy piecyk gazowy Junkers. Ogrzewanie realizowane jest z sieci miejskiej i rozprowadzane za pomocą grzejników wyposażonych w zawory termostatyczne. System jest opomiarowany, dzięki czemu rozliczenie odbywa się na podstawie rzeczywistego zużycia, dając realny wpływ na wysokość rachunków. Czynsz wynosi 712 zł W kwocie tej mieszczą się - opłaty za CO, wodę i ścieki oraz śmieci (35,20 zł / 1 os.) Zużycie prądu i gazu Średnie zużycie obecne tych mediów na przykładzie analogicznych mieszkań 4 sąsiadów z 2, 3 i 4 lokatorami wynosi: - prąd - ok. 215 zł średnio miesięcznie, - gaz - ok. 235 zł średnio miesięcznie. STANDARDOWE I DODATKOWE WSPARCIE Dbamy o komfort na każdym etapie procesu sprzedaży i bezpieczeństwo transakcji dla każdej ze stron. Pomagamy w dopełnieniu formalności wiążących się ze zbyciem lub nabyciem nieruchomości. Ułatwiamy otrzymanie kredytu na nieruchomość. Nasi partnerzy potrafią zaskoczyć skutecznością w pozyskaniu finansowania na dom! *** Jeśli marzy Ci się zaadoptowanie pustego mieszkania i tchnięcie życia w jego skromne progi, być może odnalazłeś właśnie towarzysza na lata. Wymaga czasu, zaangażowania i odrobiny wyobraźni (jak na samotne ściany przystało) - ale w zamian daje coś znacznie trwalszego niż gotowe rozwiązania. Satysfakcję z miejsca stworzonego po swojemu. Takiego, które z czasem zaczyna pracować na Ciebie. A kiedy już wypełnisz tę przestrzeń własnym rytmem, zostanie jeszcze jedno: sąsiedztwo. Zielone, rozległe i zawsze otwarte. Park Śląski nie musi się przedstawiać - wystarczy przecież, że wyjdziesz z domu. Coś nam mówi, że to wszystko naprawdę już na Ciebie czeka. Dariusz Borowiak ----- LAB Home Skuteczne i kreatywne pośrednictwo w obrocie nieruchomościami",,,,plastikowe,własność,,50.279567,19.010634
Katowice,Nikiszowiec,4,77,689000,8948.0,Pośrednik,,4,https://adresowo.pl/o/mieszkanie-katowice-nikiszowiec-4-pokojowe-77-m2-n9m9v9,https://s2.adresowa.pl/oi/48/12/3e3532_6f3e_cover@2x-4-pokojowe-mieszkanie-katowice-nikiszowiec.webp,Katowice Nikiszowiec,,parter,2025.0,apartamentowiec,,"Tylko w naszym biurze !!! NOTUS !!! Komfortowe mieszkanie w zielonej i spokojnej okolicy dzielnicy Katowic Nikiszowiec .To idealna propozycja dla osób ceniących komfort, bliskość natury oraz doskonałą komunikację z centrum miasta. Powierzchnia: 77 m² | II piętro | balkon I 4 pokoje Mieszkanie składa się z: Salon z aneksem: 24.06 m2 Pokój: 9.70 m2 Pokój: 12.95 m2 Pokój: 9.39 m2 Łazienka: 4.41 m2 Przedpokój: 15.11 m2 WC: 1.85 m2 Balkon: 10.12 m2 Układ mieszkania został zaprojektowany z myślą o maksymalnej funkcjonalności i wygodzie codziennego życia. Duże przeszklenia zapewniają doskonałe doświetlenie wnętrz, a widok na zielone otoczenie sprzyja relaksowi. Osiedle oferuje liczne udogodnienia, takie jak zielone strefy relaksu, plac zabaw, infrastruktura rowerowa oraz garaże podziemne i miejsca parkingowe. W parterach budynków znajdują się lokale usługowe, które umożliwiają szybki dostęp do codziennych potrzeb. Lokalizacja łączy ciszę i bliskość terenów zielonych z bardzo dobrą komunikacją — do centrum Katowic można dotrzeć w około 12 minut, a w pobliżu znajdują się główne trasy wylotowe (A4, DK86, DTŚ).Mieszkanie doskonale sprawdzi się zarówno jako mieszkanie dla singla, pary lub rodziny, jak i jako inwestycja pod wynajem. Cena sprzedaży: 689 000 zł. - podana cena obejmuje stan deweloperski i jest ceną brutto, - Kupujący nie płaci podatku PCC przy zakupie. W przypadku dodatkowych pytań zapraszamy do kontaktu telefonicznego [numer]. Zadzwoń i umów się na prezentację – takie oferty szybko znikają z rynku! Przedstawiona oferta cenowa ma wyłącznie charakter informacyjny i nie stanowi oferty handlowej w rozumieniu art. 66 § 1 kodeksu cywilnego. Wizualizacja została przygotowana wyłącznie na potrzeby oferty i ma charakter poglądowy. Notus Finanse S.A.",,tak,aneks,plastikowe,,,50.241651,19.067107
Katowice Szopienice,ul. Wiosenna,2,62,399000,6435.0,bez pośredników,,8,https://adresowo.pl/o/mieszkanie-katowice-szopienice-ul-wiosenna-2-pokojowe-m9f2l7,https://s2.adresowa.pl/oi/43/5a/3ef78c_3ac6_cover@2x-2-pokojowe-mieszkanie-katowice-szopienice-ul-wiosenna.webp,Katowice Szopienice,Wiosenna,1,,kamienica,,"Szukasz spokojnego miejsca wśród zieleni .... ? Sprzedam lokal mieszkalny (dwu - pokojowy) w Katowicach przy ul. Wiosennej 2, położony na pierwszym piętrze w małej kamienicy. Wejście do budynku zabezpieczone domofonem. Klatka schodowa bardzo zadbana. Mieszkanie w doskonałym punkcie komunikacyjnym! 1 min od Alei Roździeńskiego (trasa S86). Wszędzie blisko! W pobliżu markety, sklepy, apteki, przystanek autobusowy - wszystko, czego potrzebujesz. Mieszkanie do własnej aranżacji. Do dyspozycji mamy 62,40 m2: - dwa ustawne pokoje, - duża kuchnia z oknem, - łazienka z wanną oraz małym oknem (ciepła woda z bojlera), - zabudowany balkon. Ogrzewanie na tą chwilę elektryczne. Mieszkanie jasne, ciepłe i słoneczne. Zapraszam na prezentację!",,,,plastikowe,własność,,50.273833,19.073991
Katowice Brynów,ul. gen. Kazimierza Pułaskiego,2,56,799000,14268.0,bez pośredników,,15,https://adresowo.pl/o/mieszkanie-katowice-brynow-ul-gen-kazimierza-pulaskiego-2-pokojowe-f8l1m6,https://s2.adresowa.pl/oi/51/60/3ef560_895e_cover@2x-2-pokojowe-mieszkanie-katowice-brynow-ul-gen-kazimierza-pulaskiego.webp,Katowice Brynów,gen. Kazimierza Pułaskiego,1,2018.0,blok,,"56 m² | Balkon 11 m² | 1 piętro | Katowice, ul. Pułaskiego Sprzedaż bezpośrednia, kupujący nie płaci prowizji! Agentom z góry dziękuję!!!! Na sprzedaż mieszkanie o powierzchni 56 m², położone na 1. piętrze budynku z 2018 roku przy ul. Pułaskiego w Katowicach. Układ mieszkania: - salon z aneksem kuchennym - ok. 30 m² - sypialnia - ok. 17 m² - łazienka - ok. 5 m² - przedpokój - ok. 3 m² - balkon - ok. 11 m² Mieszkanie jest w pełni wykończone i gotowe do zamieszkania. Informacje o nieruchomości: - powierzchnia: 56 m² - piętro: 1 z 8 - rok budowy: 2018 - winda - balkon 11 m² - pełna własność Lokalizacja: Jednym z największych atutów mieszkania jest jego położenie. Osiedle znajduje się w bezpośrednim sąsiedztwie Doliny Trzech Stawów, a jednocześnie zaledwie kilka minut od ścisłego centrum Katowic. W najbliższej okolicy dostępna jest pełna infrastruktura potrzebna do codziennego życia - sklepy, restauracje, placówki medyczne, szkoły, przedszkola oraz uczelnie wyższe. W niedużej odległości znajdują się również Centrum Handlowe 3 Stawy, Galeria Katowicka oraz katowicki Rynek. Lokalizacja zapewnia bardzo dobrą komunikację zarówno z centrum miasta, jak i pozostałymi częściami aglomeracji. Szybki dojazd do autostrady A4 oraz DTŚ pozwala sprawnie przemieszczać się po całym regionie. W pobliżu znajdują się również przystanki komunikacji miejskiej, co ułatwia codzienne dojazdy bez konieczności korzystania z samochodu. To miejsce łączy wygodę życia w mieście z dostępem do terenów rekreacyjnych i zieleni, oferując jednocześnie szybki dostęp do najważniejszych punktów Katowic. Dodatkowe informacje: Do mieszkania przynależy miejsce postojowe w garażu podziemnym z odrębną księgą wieczystą - płatne dodatkowo. Zapraszam do kontaktu oraz umówienia prezentacji.",,tak,aneks,plastikowe,własność,,50.248504,19.040467
Katowice Śródmieście,ul. Henryka Dąbrowskiego,2,47,349000,7426.0,bez pośredników,,13,https://adresowo.pl/o/mieszkanie-katowice-srodmiescie-ul-henryka-dabrowskiego-2-pokojowe-i0n2w4,https://s2.adresowa.pl/oi/55/3c/3ef3fa_53f0_cover@2x-2-pokojowe-mieszkanie-katowice-srodmiescie-ul-henryka-dabrowskiego.webp,Katowice Śródmieście,Henryka Dąbrowskiego,4,,kamienica,,"Oferuję mieszkanie na sprzedaż o powierzchni 47,94 m², usytuowane na 4. piętrze w kamienicy, w atrakcyjnej lokalizacji w Śródmieściu Katowic. Nieruchomość jest w dobrym stanie i gotowa do zamieszkania bez dodatkowych nakładów finansowych. W mieszkaniu znajdują się meble oraz sprzęty AGD i RTV: pralka, zmywarka, lodówka, kuchenka, piekarnik oraz telewizor. Dodatkowym atutem jest klimatyzacja, zapewniająca komfort przez cały rok. Do dyspozycji właściciela pozostaje również miejsce parkingowe. Ogrzewanie elektryczne gwarantuje wygodę w chłodniejsze dni. Mieszkanie posiada dostęp do internetu i telewizji kablowej. Niski czynsz administracyjny wynosi jedynie 450 PLN miesięcznie. Bezpieczeństwo mieszkańców zapewnia domofon lub wideofon. Drewniane okna nadają wnętrzu wyjątkowy, przytulny charakter. Mieszkanie będzie dostępne od 31 maja 2026 roku. To nie tylko komfortowe miejsce do życia, ale również doskonała lokata kapitału. Dzięki lokalizacji w centrum miasta nieruchomość stanowi idealną inwestycję pod wynajem zarówno długoterminowy, jak i krótkoterminowy, oferując atrakcyjny potencjał generowania stałych dochodów. Zainwestuj w komfortowe mieszkanie w Śródmieściu Katowic. Skontaktuj się, aby umówić się na prezentację!",,tak,,drewniane,własność,"Wyposażenie: internet, klimatyzacja, kuchenka, lodówka, piekarnik, pralka, telewizor, tv, zmywarka",50.255009,19.023964
Katowice Śródmieście,ul. Mikołowska,3,55,385000,7000.0,Pośrednik,,8,https://adresowo.pl/o/mieszkanie-katowice-srodmiescie-ul-mikolowska-3-pokojowe-h4n3m1,https://s2.adresowa.pl/oi/15/2a/3e1aa8_c34a_cover@2x-3-pokojowe-mieszkanie-katowice-srodmiescie-ul-mikolowska.webp,Katowice Śródmieście,Mikołowska,3,1973.0,blok,,"Katowice Centrum ul. Mikołowska / Strzelecka - 3 pokoje // 55m + balkon // Park Kościuszki // AWF ŚWIETNA LOKALIZACJA!!! IDEALNE POD WYNAJEM !!! Mamy przyjemność zaprezentować Państwu ofertę 3 pokojowego mieszkania z balkonem w centrum Katowic. Znajduje się ono na 3 piętrze w 8 piętrowym bloku z windą przy ulicy Mikołowskiej / Strzeleckiej. MIESZKANIE SKŁADA SIĘ Z: - 3 pokoi (w tym jeden przechodni) - przedpokoju - kuchni - łazienki z wc + balkonu DODATKOWO piwnica SZCZEGÓŁY OFERTY - Mieszkanie bardzo jasne i ustawne dające spore możliwości aranżacyjne - Salon z wyjściem na balkon, dwie sypialnie, widna kuchnia oraz łazienka z wc - Mieszkanie wymaga remontu - Okna PCV - Ekspozycja okienna zachód - północ - Ogrzewanie miejskie - Wymienione piony wodno-kanalizacyjne - czynsz: 800zł z zaliczkami min. na CO i wodę LOKALIZACJA: 10 minut pieszo od Akademii Wychowania Fizycznego, 3 przystanki autobusem do dworca PKP i Galerii Katowickiej oraz centrum miasta. Tuż pod blokiem przystanek autobusowy. W najbliższej okolicy liczne sklepy, apteka, przychodnia itp. Po drugiej stronie ulicy park Kościuszki. Skontaktuj się z nami i umów się na bezpłatną prezentację mieszkania. Pamiętaj, że ceny nieruchomości w większości przypadków podlegają negocjacji. Treść niniejszego ogłoszenia nie stanowi oferty handlowej w rozumieniu Kodeksu Cywilnego.",,,,,własność,,50.25194,19.00793
Katowice,ul. Karoliny,2,31,381000,12290.0,Pośrednik,,4,https://adresowo.pl/o/mieszkanie-katowice-ul-karoliny-2-pokojowe-q3i1x4,https://s2.adresowa.pl/oi/42/1f/3ddd92_a8fe_cover@2x-2-pokojowe-mieszkanie-katowice-ul-karoliny.webp,Katowice ,Karoliny,4,2028.0,apartamentowiec,,"Nowoczesne mieszkanie w rozwijającej się części Katowic – idealne połączenie miasta, spokoju i inwestycyjnego potencjału. Na sprzedaż mieszkanie zlokalizowane w Katowicach – w inwestycji, która wyróżnia się nie tylko nowoczesnym podejściem do budownictwa, ale przede wszystkim lokalizacją z ogromnym potencjałem na przyszłość. To miejsce, które dziś daje wygodę życia w mieście, a jutro może tylko zyskiwać na wartości. To jedna z tych dzielnic Katowic, które przechodzą realną transformację – łączą industrialny charakter z nową, świeżą zabudową i coraz lepszą infrastrukturą. W efekcie powstaje przestrzeń idealna zarówno do życia, jak i pod inwestycję. Dużym atutem jest bliskość terenów zielonych oraz przestrzeni otwartych – dzięki temu możesz odpocząć od miejskiego tempa, nie rezygnując z jego zalet. Dostępne są również inne oferty niepublikowane w sieci. To propozycja dla osób, które: - chcą kupić mieszkanie w dobrej cenie na start - szukają inwestycji z potencjałem wzrostu wartości - chcą mieszkać blisko centrum, ale nie w jego ścisłym zgiełku UDOGODNIENIA INWESTYCJI: - windy w budynkach - miejsca postojowe - zagospodarowane części wspólne - tereny zielone na osiedlu - plac zabaw - infrastruktura dla rowerów - Smart Home - pakiet antysmogowy (filtry powietrza) LOKALIZACJA: - szybki dojazd do centrum Katowic (kilka minut) - bardzo dobra komunikacja miejska - łatwy dostęp do głównych tras (DTŚ, A4) - sklepy, usługi i punkty handlowe w pobliżu Edukacja: - szybki dojazd do uczelni (Uniwersytet Śląski, Akademia Ekonomiczna) - szkoły i przedszkola w okolicy OTOCZENIE I REKREACJA: - tereny zielone i przestrzenie spacerowe w pobliżu - spokojniejsza część miasta z dostępem do natury - ścieżki rowerowe i miejsca do aktywności - idealne miejsce do życia dla osób ceniących balans STANDARD I JAKOŚĆ: - nowoczesna architektura - wysoki standard części wspólnych - duże przeszklenia – dobre doświetlenie - przemyślany, funkcjonalny układ - jakość wykonania dopasowana do aktualnych standardów Lokalizacja zapewnia ciszę, prywatność oraz wygodny dostęp do infrastruktury miejskiej. Mieszkanie dostępne od zaraz. *Treść niniejszego ogłoszenia nie stanowi oferty handlowej w rozumieniu Kodeksu Cywilnego. Filip Masłowski",,tak,aneks,,,,50.271557,19.040236
Katowice Dąb,ul. Bukowa,1,36,260000,7222.0,bez pośredników,,5,https://adresowo.pl/o/mieszkanie-katowice-dab-ul-bukowa-1-pokoj-z0g2q2,https://s2.adresowa.pl/oi/1f/37/3ef3c6_702e_cover@2x-1-pokojowe-mieszkanie-katowice-dab-ul-bukowa.webp,Katowice Dąb,Bukowa,1,1940.0,blok,,"Sprzedam przestronne mieszkanie 1 - pokojowe w kameralnym budynku z cegły. Mieszkanie jest ciepłe i słoneczne- usytuowane wschód- południe. Stan techniczny: okna pcv, nowa instalacja elektryczna, nowe drzwi wejściowe, nowa instalacja centralnego ogrzewania z sieci. Kuchnia do samodzielnego zabudowania, łazienka do remontu.Ciepła woda z bojlera elektrycznego. Mieszkanie położone jest blisko Parku Śląskiego i Wesołego Miasteczka - bardzo dobry dojazd zarówno do Centrum miasta jak i do sąsiednich miast- blisko DTŚ-ka i autostrada A4, Serdecznie polecam!",tak,tak,osobna,plastikowe,własność,,50.278792,19.00311
Katowice,Śródmieście,2,45,565000,12556.0,bez pośredników,,8,https://adresowo.pl/o/mieszkanie-katowice-srodmiescie-2-pokojowe-45-m2-h1p0t0,https://s2.adresowa.pl/oi/7e/1c/3ef1e2_e136_cover@2x-2-pokojowe-mieszkanie-katowice-srodmiescie.webp,Katowice Śródmieście,,3,2021.0,kamienica,,"Oferuję na sprzedaż komfortowe 2-pokojowe mieszkanie o powierzchni 45 m². Mieszkanie znajduje się na trzecim piętrze kamienicy, która została wybudowana od podstaw i oddana do użytkowania w 2021 r. z piękną, zabytkową elewacją. W budynku znajduje się winda, rowerownia, pralnia. Wnętrze mieszkania jest umeblowane (meble KLER), a meble kuchenne i szafa wykonane na wymiar i wykończone w wysokiej jakości. W salonie znajduje się klimatyzacja. W łazience znajduje się nowoczesna armatura (kabina prysznicowa) i płytki w odcieniach szarości. Mieszkanie posiada duży balkon o wielkości ok. 6 m², wykończony płytkami. Oferowane mieszkanie to okazja dla osób szukających komfortowego mieszkania w urbanistycznym otoczeniu, gdzie wszędzie jest blisko (przystanki komunikacji miejskiej, dworzec PKP, restauracje, obiekty kultury, Park Śląski). Zapraszam do kontaktu, by umówić się na prezentację!",,,,,,Wyposażenie: klimatyzacja,50.11814,18.974203
Katowice Śródmieście,ul. Wita Stwosza,1,18,225000,12500.0,bez pośredników,,4,https://adresowo.pl/o/mieszkanie-katowice-srodmiescie-ul-wita-stwosza-1-pokoj-t6k7j3,https://s2.adresowa.pl/oi/1a/3a/3eefa4_8938_cover@2x-1-pokojowe-mieszkanie-katowice-srodmiescie-ul-wita-stwosza.webp,Katowice Śródmieście,Wita Stwosza,1,1974.0,blok,,"Oferuję na sprzedaż mieszkanie o powierzchni 18,18 m² w Śródmieściu Katowic. Mieszkanie znajduje się na 1. piętrze w trzykondygnacyjnym bloku. Jest w dobrym stanie technicznym, wyposażone w meble, pralkę, lodówkę oraz kuchenkę. Ogrzewanie miejskie. Czynsz wynosi ok. 300 PLN. Zapraszam do zapoznania się z ofertą kawalerki położonej w Katowicach przy ulicy Wita Stwosza. Idealna opcja dla singla lub pary, a także pod inwestycję. Cisza przedmieścia tuż obok centrum. Zapraszam do kontaktu w celu umówienia prezentacji.",,,,,,"Wyposażenie: kuchenkę, lodówkę, pralkę",50.248607,19.017247
Katowice,ul. Cisowa,2,37,415000,11216.0,Pośrednik,,4,https://adresowo.pl/o/mieszkanie-katowice-ul-cisowa-2-pokojowe-g2u1v2,https://s2.adresowa.pl/oi/63/44/3ddd70_2974_cover@2x-2-pokojowe-mieszkanie-katowice-ul-cisowa.webp,Katowice ,Cisowa,4,2026.0,apartamentowiec,,"Komfort życia w mieście, szybki dojazd i przestrzeń do odpoczynku po pracy. Na sprzedaż nowoczesne, 2-pokojowe mieszkanie o powierzchni 37 m², zlokalizowane w Katowicach — w dynamicznie rozwijającej się części miasta, która łączy miejski styl życia z codzienną wygodą. Oferta w cenie promocyjnej – idealna zarówno do zamieszkania, jak i pod inwestycję To miejsce, w którym wszystko masz pod ręką — pracę, rozrywkę, komunikację i przestrzeń do życia. Mieszkanie położone jest na 4 piętrze w budynku z windą, co zapewnia komfort i dobrą ekspozycję. Balkon stanowi idealne miejsce na poranną kawę lub wieczorny relaks — z dala od miejskiego zgiełku, ale w jego centrum. UDOGODNIENIA INWESTYCJI: - budynek wyposażony w windy - miejsca postojowe naziemne i podziemne - uporządkowane części wspólne - strefy zieleni i przestrzeń do relaksu - plac zabaw - infrastruktura dla rowerów - możliwość instalacji systemu smart home - pakiet antysmogowy (filtry powietrza) To jedna z tych lokalizacji, które realnie ułatwiają życie: - szybki dojazd do centrum Katowic – kilka minut - bardzo dobry dostęp do komunikacji miejskiej - wygodny wyjazd na główne trasy (DTŚ, A4) - pełna infrastruktura w pobliżu – sklepy, restauracje, usługi Edukacja: - blisko uczelni wyższych (Uniwersytet Śląski, Politechnika Śląska – szybki dojazd) - szkoły i przedszkola w okolicy OTOCZENIE I REKREACJA: - tereny zielone i miejsca spacerowe w pobliżu - szybki dostęp do parków i stref rekreacyjnych - ścieżki rowerowe i infrastruktura sportowa - idealne połączenie życia miejskiego i przestrzeni do odpoczynku To miejsce daje balans — możesz żyć dynamicznie, ale odpoczywać wtedy, kiedy tego potrzebujesz. Mieszkanie dostępne od zaraz. *Treść niniejszego ogłoszenia nie stanowi oferty handlowej w rozumieniu Kodeksu Cywilnego. Filip Masłowski",,tak,,plastikowe,,,50.277419,19.024134
Katowice,al. Wojciecha Korfantego,2,41,500000,12195.0,Pośrednik,,3,https://adresowo.pl/o/mieszkanie-katowice-al-wojciecha-korfantego-2-pokojowe-f6q5o4,https://s2.adresowa.pl/oi/70/65/3ddd5e_c1a1_cover@2x-2-pokojowe-mieszkanie-katowice-al-wojciecha-korfantego.webp,Katowice ,Wojciecha Korfantego,3,2026.0,apartamentowiec,,"Mieszkanie usytuowane w nowej inwestycji w Katowicach, na którą składają się 2 ogrodzone budynki. Dla mieszkańców dostępne będą strefy rekreacyjne, a nawet siłownia zewnętrzna na dachu jednego z budynków co może być świetnym rozwiązaniem dla osób aktywnych fizycznie. Parametry mieszkania: - powierzchnia: 41.84 m² - liczba pokoi: 2 - piętro: 3 - cena: 500 000 zł - cena za m²: 11 950 zł - ogrzewanie: miejskie - winda: tak - monitoring: tak - stan: deweloperski Dodatkowym atutem inwestycji będą nowoczesne rozwiązania takie jak:- system Smart Home - wygoda i oszczędność, sterowanie z poziomu aplikacji w telefonie - pakiet antysmogowy - energooszczędne technologie Lokalizacja: Spokojna okolica, zielone tereny, ale z szybkim dojazdem do centrum zarówno autem, jak i tramwajem. Jeśli masz pytania, zapraszam do kontaktu, w tej inwestycji są również inne mieszkania, które mogą spełnić Twoje oczekiwania! W tej inwestycji dostępne są również inne lokale o powierzchniach od 37 m² do 74 m² - chętnie przedstawię więcej propozycji. Współpraca ze mną nie wiąże się z dodatkowym kosztem. Dodatkowo, jeśli potrzebują Państwo porady odnośnie kredytu to nasi eksperci finansowi pomogą wybrać najkorzystniejsza opcje. Kontakt: Kinga Fiszebrandt tel. [numer] NOTUS Finanse S.A. występuje w charakterze pośrednika w obrocie nieruchomościami. Przedstawiona oferta cenowa ma wyłącznie charakter informacyjny i nie stanowi oferty handlowej w rozumieniu art. 66 § 1 kodeksu cywilnego. Notus Finanse S.A.",,,aneks,plastikowe,własność,,50.2779,19.021306
Katowice Piotrowice,ul. Pijarska,2,48,615000,12812.0,bez pośredników,,18,https://adresowo.pl/o/mieszkanie-katowice-piotrowice-ul-pijarska-2-pokojowe-z5y0i0,https://s2.adresowa.pl/oi/13/6d/3eef1c_e8e3_cover@2x-2-pokojowe-mieszkanie-katowice-piotrowice-ul-pijarska.webp,Katowice Piotrowice,Pijarska,parter,2024.0,blok,,"Sprzedam bezpośrednio nowoczesne, dwupokojowe mieszkanie urządzone w wysokim standardzie. Lokum znajduje się w nowym budynku (oddanym do użytkowania w 2024 r.) przy ulicy Pijarskiej, na prestiżowym i bezpiecznym osiedlu Bażantowo w Katowicach. Usytuowane jest na wysokim parterze w trzypiętrowym bloku z windą (nikt nie będzie zaglądał do mieszkania). Powierzchnia mieszkania to 48 m2. Funkcjonalny układ pomieszczeń (jasny i bardzo ustawny dzięki dużym przeszkleniom): - Przestronny salon z aneksem kuchennym - Przytulna sypialnia - Nowoczesna łazienka z WC - Przedpokój Dodatkowym atutem jest zadbane otoczenie zielone, miejsca parkingowe oraz nowocześnie wykończona i regularnie sprzątana klatka schodowa. Wyposażenie i udogodnienia: Mieszkanie jest całkowicie umeblowane oraz wyposażone w niezbędne sprzęty: zmywarkę, piekarnik, płytę indukcyjną, okap, lodówkę oraz pralkę i telewizor. Dodatkowo w mieszkaniu zainstalowana jest klimatyzacja z funkcją grzania i chłodzenia oraz elektryczne rolety zewnętrzne antywłamaniowe. W budynku dostępny jest szybki światłowodowy Internet oraz TV kablowa. Parking i rowerownia: Do mieszkania przynależy jedno miejsce parkingowe za zamykaną bramą wjazdową oraz miejsce w rowerowni w garażu podziemnym. Stan prawny i koszty: - Czysta sytuacja prawna: Uporządkowana księga wieczysta, brak jakichkolwiek obciążeń czy hipoteki. Nieruchomość bez problemu kwalifikuje się do zakupu na kredyt hipoteczny. - Niskie koszty: Czynsz wynosi zaledwie ok. 650 zł (w tym zaliczka na ogrzewanie, wodę). - Dostępność: Możliwość zamieszkania OD ZARAZ! Finanse: - Cena mieszkania (z pełnym wyposażeniem, prywatnym miejscem postojowym oraz miejscem w rowerowni): 615 000 zł (Podana cena jest do rozsądnej negocjacji) Lokalizacja (mieszkanie jest bardzo dobrze skomunikowane): - W pobliżu piekarnia oraz sklepy - Lidl, Netto, Carrefour - 300 m do przedszkola | 900 m do żłobka | 1 km do szkoły podstawowej - 750 m do przychodni Signum (internista, pediatra, specjaliści) - W okolicy liczne punkty medyczne oraz usługowe (restauracje, pralnia, kwiaciarnia, apteka itp.) - 450 m do Centrum Sportowego Bażantowo (siłownia, basen, tenis, fitness, sauny) - 600 m do przystanku autobusowego | 4 km do Centrum przesiadkowego Brynów Sprzedaż bez pośredników - oszczędzasz na prowizji! Zapraszam serdecznie na oględziny.",,,aneks,plastikowe,własność,"Wyposażenie: internet, klimatyzacja, lodówkę, piekarnik, pralkę, telewizor, tv, zmywarkę",50.19791,18.987112
Katowice,Zawodzie,3,56,490000,8750.0,bez pośredników,,8,https://adresowo.pl/o/mieszkanie-katowice-zawodzie-3-pokojowe-56-m2-u9y0a8,https://s2.adresowa.pl/oi/56/31/3eec26_7077_cover@2x-3-pokojowe-mieszkanie-katowice-zawodzie.webp,Katowice Zawodzie,,13,,blok,,"Sprzedam mieszkanie w świetnej lokalizacji, jakim są Katowice - Zawodzie - Osiedle Gwiazdy. Mieszkanie o powierzchni 53,1 m², plus komórka 3,4m² naprzeciwko, balkon, winda, 13. piętro. Mieszkanie jest w pełni wyposażone i gotowe do wprowadzenia się. Czynsz w wysokości 1000 zł/msc. Dostępność do uzgodnienia z nowym właścicielem. Lokalizacja oferuje łatwy dostęp do szkół, przedszkoli i uczelni, takich jak Uniwersytet Ekonomiczny czy Zespół Szkół Gastronomicznych. W pobliżu znajdziesz liczne sklepy, supermarkety i centra handlowe, np. Rawa Park. Dla miłośników aktywności dostępne są parki, place zabaw oraz baseny. Dobrze rozwinięta infrastruktura komunikacyjna obejmuje przystanki autobusowe i tramwajowe, a także stację kolejową ""Katowice Zawodzie"". Ogrzewanie miejskie zapewnia komfort przez cały rok. Jeśli chcesz zamieszkać w spokojnej, dobrze skomunikowanej okolicy, ta oferta jest dla Ciebie.",,,,,,,50.256878,19.06164
Katowice Śródmieście,ul. Henryka Dąbrowskiego,3,102,780000,7647.0,bez pośredników,,8,https://adresowo.pl/o/mieszkanie-katowice-srodmiescie-ul-henryka-dabrowskiego-3-pokojowe-x6r9u2,https://s2.adresowa.pl/oi/73/11/3eea9e_e590_cover@2x-3-pokojowe-mieszkanie-katowice-srodmiescie-ul-henryka-dabrowskiego.webp,Katowice Śródmieście,Henryka Dąbrowskiego,2,,kamienica,,"Oferujemy na sprzedaż wyjątkowe, 102 m² mieszkanie położone w samym sercu Katowic, na ul. Henryka Dąbrowskiego. Znajduje się ono w bliskiej odległości od Rynku (400m) oraz popularnych ulic Dworcowej i Mariackiej (300m). Jest to idealna propozycja dla osób szukających wygodnego, nowoczesnego lokum w centrum miasta. Mieszkanie jest usytuowane na 2. piętrze w kamienicy. Składa się z: • 3 przestronnych pokoi, • kuchni, • łazienki, • dodatkowego pomieszczenia gospodarczego na półpiętrze, • piwnicy. Mieszkanie przeszło gruntowny remont, podczas którego wymieniono całą instalację elektryczną oraz wodno-kanalizacyjną. Gwarantuje to nowoczesność i bezpieczeństwo użytkowania. Remont przeprowadzony został z dbałością o każdy szczegół. Mieszkanie zostało odpowiednio zmodernizowane w nowoczesnym stylu. Usunięto stary tynk, a ściany, sufity oraz podłogi zostały wypełnione wełną mineralną, co poprawia izolację akustyczną i termiczną. Na ścianach położono płyty k-g, co daje możliwość łatwej aranżacji wnętrz oraz zwiększa estetykę pomieszczeń. Dzięki tym pracom mieszkanie zyskało nowoczesny charakter oraz lepszą efektywność energetyczną, co przekłada się na komfort codziennego użytkowania. Wysoki standard, eleganckie wykończenia oraz funkcjonalne rozmieszczenie pomieszczeń sprawiają, że jest to idealne miejsce do życia. Dodatkowo, w mieszkaniu znajduje się kominek, który wprowadza wyjątkowy, przytulny klimat, a w chłodniejsze dni ogrzewa całe mieszkanie. Mieszkanie jest wyposażone w centralne ogrzewanie na prąd. Mieszkanie sprzedawane jest w pełni wykończone, wraz ze wszystkimi stałymi elementami, takimi jak zabudowy kuchenne, szafy wnękowe, sprzęt AGD, oświetlenie oraz inne elementy stałej zabudowy. Dzięki temu mieszkanie jest gotowe do natychmiastowego zamieszkania. Oprócz przestronnego mieszkania, do nieruchomości przynależą również piwnica o powierzchni 24,14 m² oraz komórka na półpiętrze o powierzchni 1,66 m². Te dodatkowe przestrzenie są idealnym miejscem do przechowywania rzeczy, co zwiększa komfort codziennego życia. Kamienica, w której znajduje się mieszkanie, jest obsługiwana przez wspólnotę mieszkaniową, co zapewnia odpowiednią dbałość o utrzymanie części wspólnych budynku oraz podejmowanie decyzji dotyczących jego zarządzania. Wspólnota mieszkaniowa regularnie zajmuje się sprawami porządkowymi, remontami czy utrzymaniem budynku, co daje poczucie komfortu i bezpieczeństwa dla wszystkich mieszkańców. Lokalizacja to kolejny atut - bliskość do centrum handlowego Galeria oraz do wszelkich punktów usługowych, sklepów, a także atrakcji turystycznych zapewnia wygodę codziennego życia. Doskonała lokalizacja, w najbliższym sąsiedztwie Dworzec PKP oraz dworzec autobusowy, przystanki komunikacji miejskiej. Bardzo dobry dojazd do DTŚ, autostrady A4. Dogodne połączenie z miastami ościennymi: Chorzów, Bytom, Siemianowice, Sosnowiec. Ogłoszenie prywatne, bez prowizji i pośredników. Zapraszam do kontaktu i umówienia się na prezentację mieszkania.",tak,,,,,,50.255009,19.023964
Katowice,Bogucice,1,26,335000,12885.0,Pośrednik,,2,https://adresowo.pl/o/mieszkanie-katowice-bogucice-1-pokoj-26-m2-e4j8m4,https://s2.adresowa.pl/oi/7d/5e/3ddcf6_aba3_cover@2x-1-pokojowe-mieszkanie-katowice-bogucice.webp,Katowice Bogucice,,parter,,apartamentowiec,,"TYLKO U NAS W BIURZE NOTUS !!! Na sprzedaż kawalerka z ogródkiem. Idealna pod inwestycję lub do zamieszkania. Najważniejsze atuty:- funkcjonalny układ pomieszczeń - ogródek – dodatkowa przestrzeń - wysoki potencjał inwestycyjny - cichobieżna winda w budynku - mieszkanie na parterze - CO miejskie - Niski czynsz Lokalizacja: zapewnia szybki dostęp do centrum, uczelni, pracy i rozrywki. W pobliżu pełna infrastruktura: sklepy, komunikacja miejska, tereny zielone. Cena sprzedaż: 395 000,00 zł. Stan deweloperski. Brak PCC. W przypadku dodatkowych pytań zapraszamy do kontaktu telefonicznego Skontaktuj się. Przedstawiona oferta cenowa ma wyłącznie charakter informacyjny i nie stanowi oferty handlowej w rozumieniu art. 66 § 1 kodeksu cywilnego. Zadzwoń i umów się na prezentację! Notus Finanse S.A.",,,,,,,50.26881,19.039073
Katowice,ul. Bolesława Chrobrego 31,2,50,419000,8380.0,Pośrednik,,21,https://adresowo.pl/o/mieszkanie-katowice-ul-boleslawa-chrobrego-2-pokojowe-s4y6d9,https://s2.adresowa.pl/oi/59/53/3dc6ea_7ee1_cover@2x-2-pokojowe-mieszkanie-katowice-ul-boleslawa-chrobrego.webp,Katowice ,Bolesława Chrobrego 31,3,1980.0,blok,,"TYLKO U NAS ! W NASZYM BIURZE ! Na sprzedaż 2-pokojowe mieszkanie o powierzchni 50,5 m², zlokalizowane na 3. piętrze przy ul. Chrobrego 31 w Katowicach. Nieruchomość z dużym potencjałem aranżacyjnym – idealna zarówno dla inwestora, jak i osób szukających mieszkania do własnej adaptacji. Najważniejsze informacje: ✔ powierzchnia: 50,5 m² ✔ piętro: 3 ✔ 2 niezależne pokoje ✔ oddzielna kuchnia ✔ łazienka ✔ spiżarnia / garderoba ✔ balkon z widokiem na Park Śląski ✔ piwnica ✔ dostęp do suszarni na piętrze ✔ możliwość parkowania za szlabanem Stan mieszkania: Lokal do remontu – daje pełną swobodę aranżacji i możliwość podniesienia wartości nieruchomości. Atuty mieszkania: - * funkcjonalny, ustawny układ pomieszczeń - * balkon z widokiem na zieleń (Park Śląski) - * dobre doświetlenie wnętrz - * spokojne sąsiedztwo Lokalizacja – duży atut nieruchomości: Mieszkanie położone jest w zielonej i dobrze skomunikowanej części Katowic, tuż przy Parku Śląskim – jednym z największych parków miejskich w Europie. W najbliższej okolicy: ✔ tereny rekreacyjne, ścieżki rowerowe, miejsca spacerowe ✔ sklepy, punkty usługowe ✔ szkoły i przedszkola ✔ przystanki komunikacji miejskiej ✔ szybki dojazd do centrum Katowic oraz miast ościennych Stan prawny: spółdzielcze właśnościowe prawo z KW Dostępność: od zaraz Klucze w biurze – szybkie prezentacje To idealne miejsce dla osób ceniących równowagę między naturą a miejskim stylem życia. Zapraszam do kontaktu i na prezentację Agnieszka Maier",,,,plastikowe,,,50.28333,18.972793
Katowice Giszowiec,ul. Mysłowicka,2,25,269000,10760.0,bez pośredników,,5,https://adresowo.pl/o/mieszkanie-katowice-giszowiec-ul-myslowicka-2-pokojowe-f3z8y5,https://s2.adresowa.pl/oi/46/29/3ee688_b300_cover@2x-2-pokojowe-mieszkanie-katowice-giszowiec-ul-myslowicka.webp,Katowice Giszowiec,Mysłowicka,3,1970.0,blok,,"Na sprzedaż funkcjonalne, świeżo wyremontowane mieszkanie o powierzchni 25,3 m², położone w dzielnicy Giszowiec. Idealne jako mieszkanie na start, inwestycja pod wynajem lub dla singla/pary. Mieszkanie jest bardzo dobrze rozplanowane i składa się z: salonu z aneksem kuchennym, oddzielnego pokoju – idealnego na sypialnię lub gabinet do pracy, łazienki. Do mieszkania przynależy piwnica o powierzchni 2,53 m². Sprzedaż bezpośrednio od właściciela. Zapraszam do kontaktu. Proszę pośredników nieruchomości o niekontaktowanie się w sprawie tego ogłoszenia.",tak,,,,własność,,50.225835,19.058763
Katowice Giszowiec,ul. Karliczka,2,48,374000,7792.0,bez pośredników,,12,https://adresowo.pl/o/mieszkanie-katowice-giszowiec-ul-karliczka-2-pokojowe-a2h9e5,https://s2.adresowa.pl/oi/63/28/3ee55a_cefd_cover@2x-2-pokojowe-mieszkanie-katowice-giszowiec-ul-karliczka.webp,Katowice Giszowiec,Karliczka,1,,blok,,"Na sprzedaż komfortowe mieszkanie w Giszowcu o powierzchni 48,24 m². Znajduje się na 1. piętrze w 2-piętrowym bloku. Mieszkanie jest do zamieszkania i oferuje pełne wyposażenie: meble, zmywarkę, lodówkę, kuchenkę i piekarnik. Do dyspozycji masz także balkon oraz piwnicę. Lokalizacja jest bardzo atrakcyjna. W bliskiej odległości znajdziesz: - Przedszkola i szkoły podstawowe - Park Giszowiecki - Restauracje i kawiarnie, takie jak ""Pizzeria Sycyliana"" i ""Pli Pla Plo"" - Przychodnie i apteki - Przystanki autobusowe W okolicy są liczne sklepy, w tym supermarkety i centra handlowe. Mieszkanie jest idealne dla pary lub małej rodziny. Nie czekaj! Zainwestuj w swoje nowe miejsce już dziś!",tak,tak,,plastikowe,własność,"Wyposażenie: kuchenkę, lodówkę, piekarnik, zmywarkę",50.226108,19.065154
Katowice Śródmieście,ul. Wiertnicza,4,86,879000,10221.0,bez pośredników,,15,https://adresowo.pl/o/mieszkanie-katowice-srodmiescie-ul-wiertnicza-4-pokojowe-z3o2t7,https://s2.adresowa.pl/oi/3d/25/3ee550_4e8e_cover@2x-4-pokojowe-mieszkanie-katowice-srodmiescie-ul-wiertnicza.webp,Katowice Śródmieście,Wiertnicza,3,2022.0,blok,,"Mieszkanie zlokalizowane w Katowicach przy ul. Wiertniczej 24A. Apartamentowiec wybudowany w 2022 roku, mieszkanie znajduje się na 3 piętrze. Doskonale skomunikowane osiedle z szybkim dostępem do centrum miasta. W pobliżu znajdują się sklepy, park, uczelnia, szkoły, przedszkole oraz przystanki komunikacji miejskiej, co czyni to miejsce wygodnym do codziennego życia. Budynek znajduje się zaledwie 500m od wyjazdu na S86, co zapewnia szybką komunikację do centrum Katowic, jak i miast ościennych. Mieszkanie o powierzchni 86 m2 składa się z 3 oddzielnych pokoi, salonu z kuchnią, przedpokoju, łazienki z wanną, WC oraz przestronnego balkonu (8,1 m2). W budynku znajduje się rowerownia. Mieszkanie było zamieszkane tylko przez półtorej roku. W mieszkaniu została wykonana na zamówienie piękna kuchnia z wyposażeniem, garderoba oraz zabudowa w sypialni. Do mieszkania można dokupić miejsce parkingowe w podziemnym garażu. Piotr",,tak,,,,,50.27264,19.054677
Katowice Śródmieście,ul. Królowej Jadwigi,3,102,695000,6814.0,Pośrednik,,15,https://adresowo.pl/o/mieszkanie-katowice-srodmiescie-ul-krolowej-jadwigi-3-pokojowe-w5e7a8,https://s2.adresowa.pl/oi/46/41/3dbd28_fb05_cover@2x-3-pokojowe-mieszkanie-katowice-srodmiescie-ul-krolowej-jadwigi.webp,Katowice Śródmieście,Królowej Jadwigi,parter,1943.0,kamienica,,"Doskonała lokalizacja--Katowice Śródmieście przy ulicy Królowej Jadwigi polecamy do sprzedaży mieszkanie znajdujące się w zadbanej i odnowionej kamienicy. Lokal pełna własność usytuowany na parterze budynku. Kamienica z 1943 roku jest po remoncie--nowa elewacja, dach z 2021 roku, monitoring, ogrodzone podwórko z miejscami parkingowymi -plac kostka, wjazd zabezpieczony bramą sterowaną elektronicznie. Wejście do klatki schodowej od podwórka oraz z ulicy. Wejścia zabezpieczone domofonem. Lokal o powierzchni 102,2m składa się z trzech niezależnych pokoi, bardzo dużej kuchni ze spiżarką, łazienki z wc z oknem, oraz przestronnego przedpokoju. Do lokalu przynależy duża piwnica. Mieszkanie w stanie technicznym do odnowienia lub remontu. Nowe okna PCV, wymienione piony wod-kan. Brak siły w mieszkaniu. Ogrzewanie z miejskiej sieci ciepłowniczej. Budynek pod zarządem wspólnoty mieszkaniowej. Zarządca KOTRAK. Czynsz w lokalu 1300 zł z opłatą na fundusz remontowy oraz ogrzewanie( 714 zł ). Lokal pełna własność jest bez jakichkolwiek zadłużeń dostępny w terminie dogodnym dla klienta kupującego. Lokalizacja w Śródmieściu Katowic gwarantuje bliskość do licznych atrakcji. W okolicy znajdziesz: kina: ""Kinoteatr Rialto"", ""Multikino"" restauracje: ""Zielnik"", ""Pan Sushi"" szkoły: VIII Liceum Ogólnokształcące, Uniwersytet Śląski parki: Plac Świętego Jana Pawła II, Skwer Prymasowski przystanki komunikacji miejskiej, co ułatwia poruszanie się po mieście. Nie przegap tej okazji! Umów się na prezentację już dziś! Więcej informacji pod numerem tel. [numer] Dorota Siudy biuro nieruchomości S.J.Mobil ul. Wróblewskiego 19 41-106 Siemianowice Śl.",tak,tak,osobna,plastikowe,własność,,50.253211,19.021499
Katowice Piotrowice,ul. Marcina Radockiego,4,86,672000,7814.0,Pośrednik,,24,https://adresowo.pl/o/mieszkanie-katowice-piotrowice-ul-marcina-radockiego-4-pokojowe-v7z5m4,https://s2.adresowa.pl/oi/2e/4b/3db714_e9b0_cover@2x-4-pokojowe-mieszkanie-katowice-piotrowice-ul-marcina-radockiego.webp,Katowice Piotrowice,Marcina Radockiego,1,1990.0,blok,,"Duże i ładne 4-pokojowe mieszkanie w Katowicach w dzielnicy Piotrowice - Ochojec. - okazja na swoje własne duże ""M""! Na sprzedaż 4-pokojowe mieszkanie o powierzchni 86,41 m², zlokalizowane w Katowicach na spokojnym i uwielbianym osiedlu Odrodzenia Radockiego. Lokal usytuowany jest na 1. piętrze w 10 piętrowym budynku. Nieruchomość wyróżnia się funkcjonalnym układem pomieszczeń, dużą przestrzenią do zagospodarowania , dzięki czemu wnętrza są przyjemne w codziennym użytkowaniu. Mieszkanie daje duże możliwości aranżacyjne – co pozwala urządzić je według własnego gustu. Co ważne, lokal dostępny od zaraz. W skład mieszkania wchodzą: - cztery niezależne, ustawne pokoje w tym salon z dwoma balkonami! - oddzielna, widna, duża kuchnia z zabudową i bogatym sprzętem AGD! - duża łazienka wyposażona w wannę oraz prysznic - osobne WC - spory przedpokój z gotową zabudową Do lokalu przynależy również piwnica. Budynek jest bardzo zadbany – klatka schodowa czysta, zabezpieczona domofonem. Dodatkowym komfortem jest kameralna liczba mieszkań przy nieruchomości - zaledwie 2 mieszkania z dodatkowymi drzwiami co daje nam dodatkową przestrzeń, komfort i bezpieczeństwo. Świetna lokalizacja łącząca spokój, dużą ilość zieleni i wygodę codziennego życia. W bezpośrednim otoczeniu znajdują się tereny spacerowe, place zabaw, sklepy, szkoły oraz pełna infrastruktura usługowa, a szybki dojazd do centrum miasta i tras wylotowych stanowi duży atut. To idealne miejsce dla osób szukających komfortowego mieszkania w zielonej, dobrze skomunikowanej części miasta. Dodatkowe informacje: - mieszkanie dostępne od zaraz - ogrzewanie miejskie - czynsz na rozsądnym poziomie - ok. 800zł - bezproblemowe parkowanie samochodu - przed budynkiem oraz za nim, znajduje się spora liczba ogólnodostępnych, bezpłatnych miejsc parkingowych, a także możliwość parkowania wzdłuż bloku. - budynek po termomodernizacji - osiedle objęte monitoringiem To idealne miejsce do życia dla rodzin – cicho, wygodnie i blisko wszystkiego, co potrzebne na co dzień. ZAPRASZAM NA PREZENTACJĘ Chętnie pokażę Ci inwestycję i odpowiem na wszystkie pytania. Twój Agent – Piotr Remer",tak,,osobna,plastikowe,własność,,50.204822,18.984197
Katowice Koszutka,ul. Misjonarzy Oblatów MN,3,66,519000,7864.0,bez pośredników,,11,https://adresowo.pl/o/mieszkanie-katowice-koszutka-ul-misjonarzy-oblatow-mn-3-pokojowe-d3c3v7,https://s2.adresowa.pl/oi/37/35/3ee53a_5623_cover@2x-3-pokojowe-mieszkanie-katowice-koszutka-ul-misjonarzy-oblatow-mn.webp,Katowice Koszutka,Misjonarzy Oblatów MN,1,1950.0,kamienica,,"Na sprzedaż mieszkanie o powierzchni 66 m², położone na Koszutce przy ul. Misjonarzy Oblatów (bez pośredników). Mieszkanie składa się z: - 3 pokoi, - kuchni, - 2 łazienek, - przedpokoju. Do mieszkania przynależy komórka lokatorska. Budynek pochodzi z początku lat 50. Ogrzewanie z sieci miejskiej. W mieszkaniu wymieniono większość okien na PCV. Jedno okno w dużym pokoju pozostało drewniane. Mieszkanie jest do generalnego remontu. Do wykonania są m.in. wymiana instalacji elektrycznej i wodno-kanalizacyjnej, remont łazienek i kuchni, odnowienie lub wymiana podłóg, ścian oraz stolarki wewnętrznej - zakres prac zależy od oczekiwanego standardu. Mieszkanie nie posiada balkonu. Dostępne od zaraz. Osoby zainteresowane zapraszam do kontaktu i obejrzenia mieszkania.",tak,,,,własność,,50.270916,19.022007
Katowice Koszutka,ul. Katowicka,3,47,350000,7447.0,bez pośredników,,9,https://adresowo.pl/o/mieszkanie-katowice-koszutka-ul-katowicka-3-pokojowe-o1h4q5,https://s2.adresowa.pl/oi/30/11/3ee3be_f181_cover@2x-3-pokojowe-mieszkanie-katowice-koszutka-ul-katowicka.webp,Katowice Koszutka,Katowicka,15,,blok,,"We speak English. / Wir sprechen Deutsch. Na sprzedaż urządzone, ciepłe i bardzo słoneczne 3-pokojowe mieszkanie na 15 piętrze, z pięknym widokiem na panoramę miasta, położone w Katowicach Koszutce przy ul. Katowickiej 65 (skrzyżowanie Al. Korfantego i ul. Katowickiej, 300m od Spodka). Mieszkanie składa się z trzech pokoi, widnej kuchni z oknem, przedpokoju oraz łazienki. Jest w pełni umeblowane i wyposażone w sprzęt RTV i AGD: pralka, zmywarka, płyta gazowa, piekarnik, lodówka, telewizor itp. W sypialni znajdują się dwie zabudowane szafy oraz łóżko na wymiar z bardzo dużym schowkiem. W cenie mieszkania pozostaje całe widoczne na zdjęciach wyposażenie! Do mieszkania przynależy piwnica. Blok po termoizolacji wraz z nową elewacją. 3 windy. Możliwość bezpłatnego parkowania przy bloku lub na podstawie Karty Mieszkańca wzdłuż ulicy. W godzinach nocnych budynek zabezpieczony przez pracownika ochrony. Dzięki położeniu na 15 piętrze, mieszkanie jest bardzo ciche i ciepłe, a dzięki ekspozycji na stronę zachodnią możemy cieszyć się słońcem przez cały dzień. Z mieszkania mamy piękny widok na Stadion Śląski lub z drugiej strony na Rynek w Katowicach. W najbliższym sąsiedztwie znajdują się sklepy, kina, targ, banki, szkoły, przedszkole, kościół, hala sportowo - koncertowa Spodek, Międzynarodowe Centrum Kongresowe, Muzeum Śląskie, NOSPR, park Alojzego Budnioka i zielone skwerki. 15 minut zajmie nam dojście na katowicki Rynek, czy na ulicę Mariacką. Niewątpliwym atutem mieszkania jest odległość do przystanków tramwajowego (50m) oraz autobusowego (100m). Oferta bezpośrednio od właściciela - bez prowizji. Pośrednicy - mile widziani tylko z Klientami.",tak,,,,,"Wyposażenie: lodówka, piekarnik, pralka, telewizor, tv, zmywarka",50.269991,19.025193
Katowice os. Witosa,ul. Wincentego Witosa,2,30,259000,8633.0,bez pośredników,,8,https://adresowo.pl/o/mieszkanie-katowice-os-witosa-ul-wincentego-witosa-2-pokojowe-o5s7y1,https://s2.adresowa.pl/oi/65/3f/3eda2e_dcdc_cover@2x-2-pokojowe-mieszkanie-katowice-os-witosa-ul-wincentego-witosa.webp,Katowice os. Witosa,Wincentego Witosa,8,,blok,,"Szukasz idealnego mieszkania na start lub pewnego gotowca inwestycyjnego w Katowicach? Ta oferta jest dla Ciebie! Na sprzedaż kompaktowe, niezwykle funkcjonalne 2-pokojowe mieszkanie o powierzchni 31 m², zlokalizowane przy ul. Witosa w Katowicach. Lokal usytuowany jest na 8. piętrze, co gwarantuje nie tylko ciszę i spokój od miejskiego zgiełku, ale przede wszystkim przepiękny, panoramiczny widok na okolicę. Dlaczego warto wybrać to mieszkanie? * Maksymalnie wykorzystana przestrzeń: Na 31 m² znajdują się 2 ustawne pokoje, osobna kuchnia oraz łazienka - zobacz rzut. * Wyjątkowe 8. piętro: Codzienna kawa z pięknym widokiem na panoramę Katowic - w bloku znajduje się oczywiście sprawna, nowoczesna winda. * Doskonała lokalizacja (Os. Witosa): Zielona, spokojna okolica z pełnym zapleczem handlowo-usługowym (sklepy, dyskonty, siłownie). * Komunikacja na 5+: Błyskawiczny dojazd do centrum Katowic (autobusy, bliskość linii tramwajowej) oraz idealny, bezpośredni wylot na autostradę A4 - kluczowy aspekt dla osób pracujących na terenie Aglomeracji. Dla kogo? * Dla Inwestora: Mieszkania 2-pokojowe w tej lokalizacji wynajmują się błyskawicznie. Wysoka stopa zwrotu (ROI) i stały popyt na najem. * Na start: Idealne, przytulne M2 dla singla lub pary, którzy chcą mieszkać blisko centrum, ale w spokojniejszej okolicy. Stan prawny uregulowany, mieszkanie gotowe do transakcji. Osiedle Witosa to jedna z najbardziej cenionych lokalizacji w Katowicach - zapewnia komfort codziennego życia, dużo zieleni oraz doskonałe połączenie z centrum miasta i autostradą A4. Umów się na prezentację mieszkania - przekonaj się na własne oczy, jak wyjątkowy widok rozpościera się z okien tego mieszkania!",,,osobna,,,,50.261347,18.971231
Katowice,al. Wojciecha Korfantego,2,40,480000,12000.0,Pośrednik,,5,https://adresowo.pl/o/mieszkanie-katowice-al-wojciecha-korfantego-2-pokojowe-a1l1j2,https://s2.adresowa.pl/oi/6c/5a/3db19c_b4fa_cover@2x-2-pokojowe-mieszkanie-katowice-al-wojciecha-korfantego.webp,Katowice ,Wojciecha Korfantego,parter,2026.0,apartamentowiec,,"Jeśli szukasz miejsca, które łączy komfort życia z dobrą lokalizacją, ta oferta może być właśnie dla Ciebie. 2-pokojowe mieszkanie usytuowane na parterze nowoczesnego budynku, z dostępem do własnego ogródka może być Twoje! Dużym atutem są zastosowane nowoczesne rozwiązania, takie jak system Smart Home, który pozwala wygodnie zarządzać mieszkaniem, czy pakiet antysmogowy wpływający na jakość powietrza wewnątrz. Całość została zaprojektowana z myślą o codziennym komforcie i oszczędności. Osiedle wyróżnia się nowoczesną architekturą oraz dodatkowymi udogodnieniami dla mieszkańców, takimi jak przestrzenie rekreacyjne w postaci zewnętrznej siłowni. Istnieje również możliwość zakupu miejsca postojowego oraz komórki lokatorskiej. Lokalizacja inwestycji to kolejny mocny punkt – szybki dojazd do centrum Katowic, dostęp do komunikacji miejskiej oraz bliskość terenów zielonych, takich jak Park Śląski czy Park Wełnowiecki, sprawiają, że jest to miejsce bardzo wygodne do życia. Jesteś zainteresowany innym metrażem mieszkań? Nie ma problemu, w tej inwestycji dostępne są również inne lokale o powierzchniach od 37 m² do 74 m² chętnie przedstawię więcej informacji. W razie pytań zapraszam do kontaktu, współpraca ze mną nie wiąże się z dodatkowym kosztem. Dodatkowo, jeśli potrzebują Państwo porady odnośnie kredytu to nasi eksperci finansowi pomogą wybrać najkorzystniejsza opcje. Kontakt: Kinga Fiszebrandt tel. [numer] Fotografie przedstawione w ofercie stanowią wizualizacje autorstwa firmy Quality Investment, która chętnie pomoże Ci wykończyć mieszkanie według Twoich potrzeb. NOTUS Finanse S.A. występuje w charakterze pośrednika w obrocie nieruchomościami. Przedstawiona oferta cenowa ma wyłącznie charakter informacyjny i nie stanowi oferty handlowej w rozumieniu art. 66 § 1 kodeksu cywilnego. Notus Finanse S.A.",,,aneks,plastikowe,własność,,50.2779,19.021306
Katowice,al. Wojciecha Korfantego,3,51,555000,10882.0,Pośrednik,,4,https://adresowo.pl/o/mieszkanie-katowice-al-wojciecha-korfantego-3-pokojowe-n5t5j9,https://s2.adresowa.pl/oi/77/26/3db192_640d_cover@2x-3-pokojowe-mieszkanie-katowice-al-wojciecha-korfantego.webp,Katowice ,Wojciecha Korfantego,parter,2026.0,apartamentowiec,,"Na sprzedaż nowoczesne, świetnie zaprojektowane mieszkanie 3-pokojowe, położone w Katowicach, zwolnione z podatku PCC oraz z prowizji. Na tej inwestycji wszystko ma swoje miejsce: jasny salon będzie idealny na codzienne życie i spotkania z przyjaciółmi, dwa ustawne pokoje idealnie na sypialnie, biuro albo pokój dla dziecka oraz przestronna łazienka i wygodny przedpokój z miejscem na szafy, a gdy potrzebujesz odpoczynku, możesz skorzystać z własnego ogródka i napić się swobodnie kawy. Nieruchomość oferowana jest w stanie deweloperskim, co daje pełną swobodę w zakresie wykończenia i urządzenia mieszkania według własnej koncepcji. Decydując się na mieszkanie w tej inwestycji, dodatkowym atutem będą nowoczesne rozwiązania takie jak:- system Smart Home – wygoda i oszczędność, sterowanie z poziomu aplikacji w telefonie - pakiet antysmogowy – lepsze powietrze każdego dnia - energooszczędne technologie Lokalizacja: Spokojna okolica, zielone tereny, ale z szybkim dojazdem do centrum zarówno autem, jak i tramwajem. Dodatkowe atuty:- nowoczesne ogrodzone osiedle - strefy rekreacyjne, przestrzeń dla mieszkańców, siłownia zewnętrzna na terenie - możliwość dokupienia miejsca postojowego i komórki lokatorskiej W tej inwestycji dostępne są również inne lokale o powierzchniach od 37 m² do 74 m² — chętnie przedstawię więcej propozycji. W razie pytań zapraszam do kontaktu, współpraca ze mną nie wiąże się z dodatkowym kosztem. Dodatkowo, jeśli potrzebują Państwo porady odnośnie kredytu to nasi eksperci finansowi pomogą wybrać najkorzystniejsza opcje. Kontakt: Kinga Fiszebrandt tel. [numer] Zdjęcia przedstawione w ofercie stanowią wizualizacje wykonaną przez współpracująca z nami firmę Quality Investment. NOTUS Finanse S.A. występuje w charakterze pośrednika w obrocie nieruchomościami. Przedstawiona oferta cenowa ma wyłącznie charakter informacyjny i nie stanowi oferty handlowej w rozumieniu art. 66 § 1 kodeksu cywilnego. Notus Finanse S.A.",,,aneks,plastikowe,własność,,50.2779,19.021306
Katowice Bogucice,ul. Olimpijska,3,73,1500000,20548.0,bez pośredników,,8,https://adresowo.pl/o/mieszkanie-katowice-bogucice-ul-olimpijska-3-pokojowe-e3u6h9,https://s2.adresowa.pl/oi/4d/2e/3ed814_aaea_cover@2x-3-pokojowe-mieszkanie-katowice-bogucice-ul-olimpijska.webp,Katowice Bogucice,Olimpijska,22,,apartamentowiec,,"OSTATNIE DOSTĘPNE WYJĄTKOWE MIESZKANIE Z PANORAMICZNYM WIDOKIEM ATAL Olimpijska, Katowice, ul. Olimpijska | 22. piętro Odstąpię wyjątkowe mieszkanie w stanie deweloperskim, położone w jednej z najbardziej prestiżowych inwestycji w Katowicach - ATAL Olimpijska. To propozycja dla osób, które cenią komfort, nowoczesną architekturę i spektakularne widoki. Z mieszkania rozpościera się panoramiczny widok m.in. na Spodek oraz panoramę miasta. Lokalizacja: Katowice, ul. Olimpijska 22. piętro Parametry nieruchomości: Powierzchnia: 74,82 m² Stan: deweloperski Wysoka kondygnacja zapewniająca piękne widoki, dużą ilość światła i wyjątkowe poczucie przestrzeni. Dodatkowe atuty: Miejsce parkingowe w garażu podziemnym Komórka lokatorska Taras widokowy dostępny na ostatnim piętrze budynku To mieszkanie dla osób, które oczekują czegoś więcej niż standardowa nieruchomość - tutaj widok staje się częścią codziennego życia.",tak,tak,,,,,50.265365,19.028386
Katowice Brynów,ul. Nasypowa,2,53,620000,11698.0,bez pośredników,,8,https://adresowo.pl/o/mieszkanie-katowice-brynow-ul-nasypowa-2-pokojowe-d5d4v1,https://s2.adresowa.pl/oi/16/33/3ed802_eb43_cover@2x-2-pokojowe-mieszkanie-katowice-brynow-ul-nasypowa.webp,Katowice Brynów,Nasypowa,2,2018.0,apartamentowiec,,"POŚREDNIKOM DZIĘKUJĘ - sprzedaż bezpośrednio od właścicielki, bez prowizji. Na sprzedaż komfortowe, jasne i w pełni wyposażone mieszkanie o powierzchni 53 m², położone na 2. piętrze nowoczesnego budynku z 2018 roku, na kameralnym, zamkniętym osiedlu w Katowicach - Brynów, przy ulicy Nasypowej. Mieszkanie jest gotowe do wprowadzenia od zaraz i nie wymaga dodatkowych nakładów. Zostało urządzone z myślą o własnym komforcie, z wykorzystaniem dobrej jakości materiałów, zabudów stolarskich na wymiar oraz praktycznych rozwiązań do codziennego życia. To idealna propozycja dla pary, singla, osoby pracującej w Katowicach lub jako gotowa inwestycja pod wynajem. Najważniejsze atuty: * 53 m² funkcjonalnej przestrzeni * balkon * 2. piętro * budynek z 2018 roku * winda * ekspozycja wschodnio-południowa * mieszkanie w pełni wyposażone * meble i zabudowy wykonane na wymiar * zamknięte, kameralne osiedle * monitoring * dostępne od zaraz * możliwość zakupu miejsca postojowego w garażu podziemnym. Układ i wyposażenie: Mieszkanie jest bardzo dobrze zaplanowane i składa się z przestrzeni dziennej, sypialni, łazienki, przedpokoju oraz balkonu. Kuchnia: W pełni wyposażona kuchnia z meblami na wymiar oraz sprzętem AGD: - płyta indukcyjna - piekarnik - zmywarka - lodówko-zamrażarka Salon z częścią jadalnianą: Jasna, wygodna przestrzeń dzienna z miejscem do odpoczynku i spotkań: - kanapa - stolik kawowy - duży stół z krzesłami - telewizor Samsung - wyjście na balkon Sypialnia: Ustawna sypialnia z dużą szafą w zabudowie, zapewniającą dużo miejsca do przechowywania. Przedpokój: Praktyczny przedpokój z pojemną szafą w zabudowie. Łazienka: Łazienka wyposażona zarówno w wannę, jak i prysznic. W cenie pozostaje również pralka i suszarka Samsung. Budynek i osiedle: Mieszkanie znajduje się w nowoczesnym, 4-kondygnacyjnym budynku z windą. Osiedle jest kameralne - składa się jedynie z dwóch budynków i otoczone jest niską zabudową. Na terenie osiedla znajdują się: - winda - rowerownia - monitoring - zamykany teren ze szlabanami - miejsca postojowe przed budynkiem dla mieszkańców Dodatkowo istnieje możliwość zakupu miejsca postojowego w garażu podziemnym w cenie 40 000 zł. Opłaty: Opłaty administracyjne wynoszą około 750 zł miesięcznie i obejmują m.in.: - ogrzewanie - wodę - śmieci - utrzymanie części wspólnych Lokalizacja - Katowice, Brynów: Brynów to jedna z wygodniejszych i dobrze skomunikowanych dzielnic Katowic. Lokalizacja łączy szybki dostęp do centrum z bliskością terenów zielonych i pełnej infrastruktury. W pobliżu znajdują się: - Park Kościuszki - Galeria Libero - Stokrotka, Aldi - McDonald’s, Susharnia - szkoła podstawowa - OBI - stacja BP - przystanki komunikacji miejskiej - centrum przesiadkowe Brynów Dodatkowym atutem jest szybki dojazd do centrum Katowic oraz miast ościennych dzięki bliskości tras A4, DTŚ i A1. Informacje dodatkowe: Mieszkanie sprzedaję z wyposażeniem widocznym na zdjęciach. Zdjęcia są aktualne i przedstawiają rzeczywisty stan mieszkania. Mieszkanie dostępne od zaraz. Sprzedaż bezpośrednia - pośrednikom dziękuję. Treść ogłoszenia nie stanowi oferty handlowej w rozumieniu Kodeksu Cywilnego.",,tak,,,,"Wyposażenie: piekarnik, pralka, suszarka, telewizor, zmywarka",50.228005,18.990314
Katowice Koszutka,ul. Klonowa,5,153,2190000,14314.0,bez pośredników,,10,https://adresowo.pl/o/mieszkanie-katowice-koszutka-ul-klonowa-5-pokojowe-j7m9z7,https://s2.adresowa.pl/oi/3c/2d/3ed3c4_ed46_cover@2x-5-pokojowe-mieszkanie-katowice-koszutka-ul-klonowa.webp,Katowice Koszutka,Klonowa,1,1930.0,,,"Dwupoziomowy apartament o powierzchni ok. 153 m² (I piętro + poddasze użytkowe) w kameralnej, dwulokalowej willi przy cichej, willowej ul. Klonowej na Koszutce - kilka minut od ścisłego centrum Katowic. Wnętrze wykończone ""pod klucz"" w bardzo wysokim standardzie: drewniana podłoga z jodły francuskiej, włoskie płytki, sprzęt Siemens, zabudowa kuchenna na okuciach Blum, klimatyzacja, ogrzewanie podłogowe i niezależny gazowy piec c.o. Do lokalu należy garaż wolnostojący oraz udział w zadbanej działce (ogród). Mieszkanie zajmuje dwa poziomy. Na I piętrze sercem układu jest przestronny, doświetlony salon (ok. 42 m²), a obok trzy wygodne pokoje, oddzielna kuchnia, duża łazienka oraz osobne WC. Poddasze użytkowe tworzy niezależną, kameralną strefę - dwa pokoje, aneks/kuchnia i łazienka - idealną na sypialnię z garderobą, pokój gościnny, gabinet do pracy zdalnej lub przestrzeń dla nastolatka. Taki rozkład daje rzadką elastyczność: część dzienną i prywatną można w pełni rozdzielić. Całość została gruntownie wyremontowana z dbałością o detal i jakość materiałów. Na podłogach naturalne drewno (jodła francuska) i włoskie płytki ceramiczne. W kuchni sprzęt AGD Siemens (piekarnik parowy, płyta indukcyjna) i meble na systemach okuć Blum. Wewnętrzne drzwi Fizia, ściany malowane farbami Flügger. Komfort termiczny zapewniają ogrzewanie podłogowe na I piętrze, estetyczne grzejniki na poddaszu oraz klimatyzacja na obu poziomach. Instalacja elektryczna jest nowa, a ogrzewanie w pełni niezależne - własny gazowy kocioł c.o. obsługujący wyłącznie ten lokal (osobne rozliczenie mediów). Budynek to solidna, murowana z cegły pełnej willa ze stropami żelbetowymi, mieszcząca tylko dwa samodzielne lokale. Górne mieszkanie ma własną księgę wieczystą i udział w nieruchomości wspólnej oraz w działce (ok. 505 m² ogrodu do wspólnego korzystania według ustalonego podziału). Do mieszkania przynależy garaż wolnostojący oraz miejsce postojowe na posesji. Wejście prowadzi wspólną klatką schodową, dzieloną wyłącznie z właścicielem lokalu na parterze - kameralnie, jak w prywatnej rezydencji dwurodzinnej. Lokalizacja łączy prestiż i wygodę: Koszutka to spokojna, zielona dzielnica willowa w bezpośrednim sąsiedztwie centrum, z bardzo dobrą komunikacją, blisko terenów rekreacyjnych, szkół, sklepów i usług. To propozycja dla osób, które szukają gotowego, zaprojektowanego z gustem domu na własność - bez kompromisów wykończeniowych i bez anonimowości nowego apartamentowca.",,,osobna,,własność,"Wyposażenie: klimatyzacja, piekarnik",50.272066,19.028864
Katowice,ul. Armii Krajowej,2,39,489000,12538.0,Pośrednik,,3,https://adresowo.pl/o/mieszkanie-katowice-ul-armii-krajowej-2-pokojowe-c5b9k8,https://s2.adresowa.pl/oi/7a/6f/3db11a_7965_cover@2x-2-pokojowe-mieszkanie-katowice-ul-armii-krajowej.webp,Katowice ,Armii Krajowej,4,,apartamentowiec,,"TYLKO U NAS !!! W NASZYM BIURZE !!!! Na sprzedaż: jasne i funkcjonalne mieszkanie z balkonem – Katowice, ul. Armii Krajowej. Szukasz komfortowego mieszkania w spokojnej, a jednocześnie świetnie skomunikowanej części Katowice? Ta oferta może być dokładnie tym, czego potrzebujesz – zarówno do zamieszkania, jak i jako pewna inwestycja pod wynajem. Najważniejsze informacje: - Powierzchnia: 38,5 m² - Piętro: 4 (ostatnie) - Cena: 489 000 zł - Stan prawny: pełna własność - Dostępność: od zaraz - Klucze w biurze – szybkie prezentacje Funkcjonalny układ: - ustawna sypialnia – idealna dla pary lub najemcy - salon z aneksem kuchennym i wyjściem na balkon - łazienka z WC - duży balkon z widokiem na zieleń Mieszkanie jest jasne, dobrze doświetlone i daje duże możliwości aranżacyjne. Dodatkowym atutem jest świetlik w kuchni. Standard i udogodnienia: - zadbany blok - czysta klatka schodowa zabezpieczona domofonem - kameralne osiedle ze szlabanem - liczne miejsca postojowe dla mieszkańców Koszty: - niski czynsz - dodatkowo: tylko prąd Największe atuty: - ostatnie piętro – cisza i brak sąsiadów nad głową - świetny układ – maksymalne wykorzystanie przestrzeni - dużo światła dziennego - idealne pod inwestycję – duży popyt na wynajem w tej okolicy - spokojna okolica z zielenią Lokalizacja:Ulica Armii Krajowej to jedna z bardziej komfortowych lokalizacji do życia w Katowicach. W pobliżu znajdziesz: - sklepy i markety - przystanki komunikacji miejskiej - szkoły i usługi - tereny rekreacyjne Agnieszka Maier",tak,,,,,,50.198484,18.977377
Katowice,ul. ks. Piotra Skargi,2,43,572000,13302.0,Pośrednik,,4,https://adresowo.pl/o/mieszkanie-katowice-ul-ks-piotra-skargi-2-pokojowe-m3r3y3,https://s2.adresowa.pl/oi/32/2a/3da9b8_7585_cover@2x-2-pokojowe-mieszkanie-katowice-ul-ks-piotra-skargi.webp,Katowice ,ks. Piotra Skargi,1,2026.0,apartamentowiec,,"Interesuje Cię mieszkanie w ścisłym centrum Katowic? Szybki dojazd do wielu części miasta? Odezwij się, to mieszkanie może być właśnie tworzone dla Ciebie. Jeżeli jednak ten metraż Ci nie odpowiada to mamy rozwiązanie, ponieważ posiadamy mieszkania rozpoczynające się od od 28 m² do 126 m², dzięki czemu możemy znaleźć to czego szukasz! Podejmując współprace ze mną nie ponosisz żadnych dodatkowych kosztów, ponieważ nie występuje Podatek PCC oraz Prowizja dla pośrednika. Ważne informacje: - Cena: 572 000 zł - Cena za m²: ok. 13 000 zł - Powierzchnia: 43 m² - Liczba pokoi: 2 - Duży balkon Budynek i udogodnienia: - nowoczesna inwestycja w centrum miasta - winda w budynku - komórka lokatorska - klub mieszkańca W pobliżu: - sklepy, centrum handlowe - restauracje - przystanki komunikacji miejskiej - szybki dojazd do głównych dróg Zdjęcia przedstawione w ofercie to wizualizacje, które zostały wykonane przez współpracującą z nami firmę Quality Investment. Kontakt: Kinga Fiszebrandt - [numer] NOTUS Finanse S.A. występuje w charakterze pośrednika w obrocie nieruchomościami. Przedstawiona oferta cenowa ma wyłącznie charakter informacyjny i nie stanowi oferty handlowej w rozumieniu art. 66 § 1 kodeksu cywilnego. Notus Finanse S.A.",,tak,aneks,plastikowe,,,50.261594,19.019169
Katowice Muchowiec,ul. Francuska,4,76,1100000,14474.0,bez pośredników,,17,https://adresowo.pl/o/mieszkanie-katowice-muchowiec-ul-francuska-4-pokojowe-a1m3t5,https://s2.adresowa.pl/oi/1a/69/3ed314_b6f9_cover@2x-4-pokojowe-mieszkanie-katowice-muchowiec-ul-francuska.webp,Katowice Muchowiec,Francuska,4,2016.0,blok,,"Na sprzedaż przestronne, funkcjonalne 4-pokojowe mieszkanie o powierzchni ok. 76,7 m², położone w Katowicach przy ul. Francuskiej 92A, na osiedlu ATAL / Francuska Park - Muchowiec. Mieszkanie znajduje się na 4. piętrze w 8-piętrowym budynku. Lokal ma bardzo praktyczny układ: przestronny salon z aneksem kuchennym, trzy niezależne pokoje, łazienkę, przedpokój, praktyczny schowek oraz duży balkon o powierzchni ok. 7 m². Balkon wychodzi na wewnętrzną część osiedla, z komfortowym odstępem od kolejnej zabudowy. Okna mieszkania wychodzą na dwie strony świata: południe i północ, co zapewnia dobre doświetlenie mieszkania w ciągu dnia. Kuchnia jest w bardzo dobrym stanie i została wyposażona w wysokiej klasy sprzęt AGD, w tym urządzenia Bosch oraz lodówkę Samsung. W łazience znajduje się pralka i suszarka Samsung w zabudowie. W mieszkaniu znajdują się również dwie szafy na wymiar firmy Komandor, drewniane/bambusowe żaluzje 50 mm oraz doprowadzony światłowód. Do mieszkania przynależy rodzinne miejsce garażowe typu tandem, pozwalające zaparkować dwa samochody jeden za drugim. Jesteśmy pierwszymi właścicielami mieszkania. Lokal ma pełną własność oraz księgę wieczystą. Mieszkanie jest dostępne od ręki. Układ mieszkania: - salon z aneksem kuchennym: ok. 26,9 m², - pokój 1: ok. 11,18 m², - pokój 2: ok. 12,36 m², - pokój 3: ok. 10,05 m², - łazienka: ok. 5,39 m², - schowek: ok. 1,87 m² - pierwotnie zaprojektowany jako mała łazienka / WC, - przedpokój: ok. 8,97 m², - balkon: ok. 7,08 m². Najważniejsze atuty: - 4 pokoje - salon z aneksem kuchennym + 3 niezależne pokoje, - funkcjonalny układ mieszkania, - balkon ok. 7 m² od strony wewnętrznej części osiedla, - ekspozycja południe / północ, - 4. piętro z 8, - praktyczny schowek w miejscu pierwotnie przewidzianej małej łazienki / WC, - pełna własność i księga wieczysta, - mieszkanie dostępne od ręki, - rodzinne miejsce garażowe typu tandem na dwa auta, - kuchnia w bardzo dobrym stanie ze sprzętem AGD Bosch i lodówką Samsung, - pralka i suszarka Samsung w zabudowie łazienkowej, - dwie szafy na wymiar firmy Komandor, - drewniane/bambusowe żaluzje 50 mm, - światłowód doprowadzony do mieszkania, - pierwsze ręce - sprzedaż bezpośrednio od właścicieli. Opłaty: Czynsz administracyjny wynosi ok. 1300 zł i obejmuje m.in. ogrzewanie oraz wodę. Prąd i internet płatne osobno.",,tak,aneks,plastikowe,własność,"Wyposażenie: internet, lodówkę, pralka, suszarka",50.242132,19.028253
Katowice Załęska Hałda,ul. Filarowa,2,52,430000,8269.0,bez pośredników,,8,https://adresowo.pl/o/mieszkanie-katowice-zaleska-halda-ul-filarowa-2-pokojowe-z0g7a7,https://s2.adresowa.pl/oi/14/5c/3ed2da_4e66_cover@2x-2-pokojowe-mieszkanie-katowice-zaleska-halda-ul-filarowa.webp,Katowice Załęska Hałda,Filarowa,parter,1998.0,blok,,"Przytulne i ciche mieszkanie 52 m² z wyposażeniem – Katowice, Stara Ligota Na sprzedaż mieszkanie własnościowe położone w atrakcyjnej lokalizacji, na parterze dwupiętrowego, podpiwniczonego budynku. Lokal o powierzchni 51,51 m² składa się z przestronnego salonu z otwartą, w pełni wyposażoną kuchnią oraz sypialni. Dodatkowym atutem jest piwnica o powierzchni 8,59 m². Mieszkanie jest w pełni umeblowane i wyposażone we wszystkie niezbędne urządzenia AGD, dzięki czemu jest gotowe do zamieszkania bez dodatkowych nakładów finansowych. Budynek posiada ogrodzone podwórko z dostępnymi miejscami parkingowymi dla mieszkańców. Stan prawny nieruchomości jest uregulowany – mieszkanie nie jest obciążone, a księga wieczysta dostępna jest do wglądu. W najbliższej okolicy znajduje się pełna infrastruktura miejska: sklepy, szkoły, przystanki komunikacji miejskiej oraz punkty usługowe. Jednocześnie mieszkanie usytuowane jest przy cichej, mało uczęszczanej ulicy, co zapewnia komfort i spokój na co dzień. Dodatkowe opłaty: czynsz: 400 zł miesięcznie, media według zużycia. Osoby zainteresowane zapraszam do kontaktu pod numerem telefonu: [numer].",tak,,osobna,plastikowe,własność,,50.235083,18.980172
Katowice Koszutka,ul. Michała Grażyńskiego,2,37,325000,8784.0,bez pośredników,,8,https://adresowo.pl/o/mieszkanie-katowice-koszutka-ul-michala-grazynskiego-2-pokojowe-y5p0r9,https://s2.adresowa.pl/oi/5e/4e/3ed2ce_59b5_cover@2x-2-pokojowe-mieszkanie-katowice-koszutka-ul-michala-grazynskiego.webp,Katowice Koszutka,Michała Grażyńskiego,4,,blok,,"Oferuję na sprzedaż słoneczne mieszkanie, znajdujące się w cichej okolicy, w dzielnicy Koszutka. Lokal znajduje się na 4. piętrze w budynku po termomodernizacji. Mieszkanie składa się z 2 niezależnych pokoi, oddzielnej kuchni, przedpokoju oraz łazienki z toaletą. Mieszkanie zostało odświeżone: - wymienione drzwi wejściowe, - na ścianach gładź gipsowa, - na podłogach nowe panele, - kuchnia oraz mniejszy pokój przygotowane pod montaż nowych mebli. Czynsz wynosi 825 zł, ale ze względu na niedawną termomodernizację budynku, spodziewane są zwroty za ogrzewanie. Mieszkanie posiada księgę wieczystą.",,,osobna,,własność,,50.268804,19.017993
Katowice,ul. Ignacego Paderewskiego,2,38,446200,11742.0,Pośrednik,,4,https://adresowo.pl/o/mieszkanie-katowice-ul-ignacego-paderewskiego-2-pokojowe-g5o1o7,https://s2.adresowa.pl/oi/5d/16/3da9ac_5da7_cover@2x-2-pokojowe-mieszkanie-katowice-ul-ignacego-paderewskiego.webp,Katowice ,Ignacego Paderewskiego,1,2026.0,apartamentowiec,,"Mieszkanie 2-pokojowe z Balkonem w Katowicach, w jednej z najlepszych lokalizacji - blisko centrum, uczelni oraz terenów rekreacyjnych. Inwestycja znajduje się w bezpośrednim sąsiedztwie Doliny Trzech Stawów - jednego z najchętniej wybieranych miejsc do spacerów, biegania i rekreacji. Dodatkowym atutem jest bardzo dobry dojazd do centrum oraz bliskość komunikacji miejskiej i uczelni. Dostępne są mieszkania o powierzchniach od 25 do 82 m², w układach od 1 do 4 pokoi. Ceny rozpoczynają się od 378 000 zł, a ceny za m² już od 11 500 zł. Ważne informacje: - Wysoki standard deweloperski - Bardzo duże przeszklenia i szerokie balkony - Miejsca postojowe w garażu do każdego mieszkania - Stacja ładowania samochodów elektrycznych - Rowerownia i myjka dla psów - Klub mieszkańca ze strefą coworkingową To inwestycja, która świetnie sprawdzi się zarówno dla osób szukających idealnego miejsca do życia, jak i dla inwestorów. Mieszkania w tej lokalizacji cieszą się dużym zainteresowaniem najemców, co przekłada się na stabilny wynajem. Brak prowizji oraz brak podatku PCC. Zadzwoń lub napisz — umówimy prezentację i sprawdzimy, które mieszkanie będzie najlepiej pasować do Państwa oczekiwań. Współpraca ze mną to: - brak kosztów - profesjonalne doradztwo - wiele ofert dostępnych w jednym miejscu - jestem dostępny dla Państwa na każdym etapie transakcji - nasi eksperci finansowi mogą od razu dobrać Państwu najkorzystniejszy kredyt NOTUS Finanse S.A. występuje w charakterze pośrednika w obrocie nieruchomościami. Przedstawiona oferta cenowa ma wyłącznie charakter informacyjny i nie stanowi oferty handlowej w rozumieniu art. 66¹ kodeksu cywilnego. Notus Finanse S.A.",,tak,aneks,plastikowe,własność,,50.25302,19.039001
Katowice,ul. Leopolda,4,205,3794000,18507.0,Pośrednik,,8,https://adresowo.pl/o/mieszkanie-katowice-ul-leopolda-4-pokojowe-s8i2t7,https://s2.adresowa.pl/oi/53/2a/3da9a6_4297_cover@2x-4-pokojowe-mieszkanie-katowice-ul-leopolda.webp,Katowice ,Leopolda,9,2027.0,blok,,"LOFT W CHMURACH - czyli miasto u stóp. Na sprzedaż unikatowy, trzypiętowy loft o powierzchni 205 m2, znajdujący się na samym szczycie budynku, z panoramicznym widokiem na miasto. Przestrzeń z imponującym prześwitem, trzema poziomami i tarasami na każdym piętrze, oferuje wyjątkowe połączenie światła i nowoczesnej architektury. Ta nieruchomość, to wyjątkowe połączenie tętniącego życiem miasta z odprężającą i ożywczą zielenią parku, który stanowi esencję i jest sercem całego projektu. Mieszkania o zróżnicowanych metrażach od 41,94 m², lokale 2,3,4 i nawet 5 pokojowe oraz przestronne apartamenty o powierzchni nawet do ok. 200 m². Każdy lokal będzie posiadać balkon/loggię lub taras jako prywatną zieloną przestrzeń do relaksu i wypoczynku. Stanowi przy tym niezwykle atrakcyjne wizualnie rozwiązanie architektoniczne z wysuwającą się na pierwszy plan zieloną elewacją, kolorową i odpowiednio zaprojektowaną kompozycją roślin, a także winnicą znajdującą się na dachu. Atuty inwestycji:- strefa wypoczynkowa, park w centrum inwestycji - stojaki zewnętrzne na rowery - stanowiska naprawcze dla rowerów - zielony taras na dachu - miejsce do ładowania pojazdów elektrycznych - balkony/loggie, tarasy, ogródki - miejsca postojowe i garaż podziemny - komórki lokatorskie Lokalizacja:- 2 min przystanek autobusowy - 7 min supermarket, IKEA - 12 – 14 min szkoła podstawowa, przedszkole - 6 min ośrodek zdrowia - 6 min centrum sportowe i fitness - 18 min Park Śląski, Legendia - 7 min centrum - Rynek - 9 min Silesia City Center - 15 min Dworzec PKP Katowice Posiadam również oferty mieszkań nieopublikowanych w sieci. Dopasujemy ofertę do Twoich potrzeb. Filip Masłowski",,,aneks,plastikowe,,,50.271862,19.045119
Katowice os. Witosa,ul. Wincentego Witosa,3,61,488000,8000.0,bez pośredników,,12,https://adresowo.pl/o/mieszkanie-katowice-os-witosa-ul-wincentego-witosa-3-pokojowe-n5e9f1,https://s2.adresowa.pl/oi/1f/15/3ed1b6_c2b7_cover@2x-3-pokojowe-mieszkanie-katowice-os-witosa-ul-wincentego-witosa.webp,Katowice os. Witosa,Wincentego Witosa,parter,1979.0,blok,,"Sprzedam bez pośredników mieszkanie na osiedlu Witosa. 3 pokoje 60,02 m2, na parterze. Doskonała lokalizacja w centrum osiedla, ale bez uciążliwego hałasu. Cena 488.000tyś. do negocjacji",tak,,osobna,plastikowe,własność,,50.2608,18.971334
Katowice Bogucice,ul. Przedwiośnie,2,45,255000,5667.0,bez pośredników,,8,https://adresowo.pl/o/mieszkanie-katowice-bogucice-ul-przedwiosnie-2-pokojowe-w5a7d9,https://s2.adresowa.pl/oi/60/71/3ec90a_cc96_cover@2x-2-pokojowe-mieszkanie-katowice-bogucice-ul-przedwiosnie.webp,Katowice Bogucice,Przedwiośnie,4,,blok,,"Sprzedam mieszkanie w Katowicach, na ulicy Przedwiośnie. Zielona okolica, bardzo blisko do przystanku autobusowego. Na osiedlu znajduje się piekarnia, sklepy spożywcze. W pobliżu sklep Ikea, Castorama, McDonald. Blisko do centrum Katowic, jak i do Sosnowca, czy Mysłowic. Mieszkanie ma ok. 45m2 + balkon, znajduje się na 4 piętrze. 2 pokoje przechodnie, w tym jeden z balkonem + kuchnia. W bloku dostępny gaz, prąd, internet. Mieszkanie wymaga remontu. Blok odnowiony, nie posiada windy. Przed budynkiem miejsca parkingowe dla mieszkańców bloku. Do mieszkania przynależy piwnica. Biurom nieruchomości dziękuję.",tak,,,,,Wyposażenie: internet,50.272351,19.072129
Katowice Giszowiec,ul. Wojciecha,2,42,380000,9048.0,bez pośredników,,10,https://adresowo.pl/o/mieszkanie-katowice-giszowiec-ul-wojciecha-2-pokojowe-h3h4o1,https://s2.adresowa.pl/oi/31/45/3ec334_79e4_cover@2x-2-pokojowe-mieszkanie-katowice-giszowiec-ul-wojciecha.webp,Katowice Giszowiec,Wojciecha,parter,,blok,,"Sprzedam 2 pokojowe mieszkanie po remoncie o powierzchni 43 m2, usytuowane na parterze w Katowicach Giszowcu przy ul. Wojciecha. Mieszkanie składa się z: 2 pokoi, kuchni, przedpokoju, łazienki z WC. Ogrzewanie z sieci, ciepła woda z piecyka gazowego. Dodatkowo do mieszkania przynależy piwnica. Wejście do klatki zabezpieczone jest domofonem, posiada odrębny podjazd dla wózków - rampa. Okolica, w której zlokalizowane jest mieszkanie, jest spokojną, zalesioną okolicą, w pobliżu której znajdują się sklepy, apteka, targowisko, kościoły, przedszkola, place zabaw, szkoły podstawowe, piękny park. Giszowiec posiada szybki dojazd do centrum Katowic, do drogi Warszawa-Bielsko, a także autostrady A4. Ostatnie 2 zdjęcia posiadają możliwość własnego zaaranżowania przedstawionego mieszkania. Podany czynsz zawiera zaliczki na wodę, CO. Cena: 380 000 zł. bez pośredników.",tak,,osobna,plastikowe,własność,,50.22183,19.062632
Katowice,Nikiszowiec,1,32,339000,10594.0,Pośrednik,,3,https://adresowo.pl/o/mieszkanie-katowice-nikiszowiec-1-pokoj-32-m2-s1w4g0,https://s2.adresowa.pl/oi/68/22/3da9a0_8d2b_cover@2x-1-pokojowe-mieszkanie-katowice-nikiszowiec.webp,Katowice Nikiszowiec,,3,2025.0,apartamentowiec,,"KAWALERKA w zielonej i spokojnej okolicy dzielnicy Katowic Nikiszowiec .To idealna propozycja dla osób ceniących komfort, bliskość natury oraz doskonałą komunikację z centrum miasta. Powierzchnia: 32 m² | III piętro | balkon przedpokój – 6,37 m² Łazienka – 4, 23 m² Salon z aneksem kuchennym – 21,37 m² Układ mieszkania został zaprojektowany z myślą o maksymalnej funkcjonalności i wygodzie codziennego życia. Duże przeszklenia zapewniają doskonałe doświetlenie wnętrz, a widok na zielone otoczenie sprzyja relaksowi. Osiedle oferuje liczne udogodnienia, takie jak zielone strefy relaksu, plac zabaw, infrastruktura rowerowa oraz garaże podziemne i miejsca parkingowe. W parterach budynków znajdują się lokale usługowe, które umożliwiają szybki dostęp do codziennych potrzeb. Lokalizacja łączy ciszę i bliskość terenów zielonych z bardzo dobrą komunikacją — do centrum Katowic można dotrzeć w około 12 minut, a w pobliżu znajdują się główne trasy wylotowe (A4, DK86, DTŚ). Mieszkanie doskonale sprawdzi się zarówno jako mieszkanie dla singla, pary jak i jako inwestycja pod wynajem. - Podana cena obejmuje stan deweloperski i jest ceną brutto, - Kupujący nie płaci podatku PCC przy zakupie. Cena sprzedaży: 339 000 zł. W przypadku dodatkowych pytań zapraszamy do kontaktu telefonicznego [numer]. Przedstawiona oferta cenowa ma wyłącznie charakter informacyjny i nie stanowi oferty handlowej w rozumieniu art. 66 § 1 kodeksu cywilnego. Notus Finanse S.A.",tak,tak,aneks,plastikowe,,,50.24317,19.08331
Katowice,ul. Przemysłowa,1,27,420000,15556.0,Pośrednik,,2,https://adresowo.pl/o/mieszkanie-katowice-ul-przemyslowa-1-pokoj-w6v6g5,https://s2.adresowa.pl/oi/75/7b/3da994_ae8a_cover@2x-1-pokojowe-mieszkanie-katowice-ul-przemyslowa.webp,Katowice ,Przemysłowa,1,2025.0,apartamentowiec,,"TYLKO U NAS W BIURZE NOTUS Na sprzedaż kawalerka z balkonem w Katowicach. Idealna pod inwestycję lub do zamieszkania. Najważniejsze atuty: - ekspozycja światła – zachód - funkcjonalny układ pomieszczeń - balkon – dodatkowa przestrzeń - do własnej aranżacji - wysoki potencjał inwestycyjny - cichobieżna winda w budynku - mieszkanie na 1 piętrze - CO miejskie - Niski czynsz Lokalizacja: blisko osiedla Paderewskiego oraz Śródmieścia, co zapewnia szybki dostęp do centrum, uczelni, pracy i rozrywki. W pobliżu pełna infrastruktura: sklepy, komunikacja miejska, tereny zielone. Cena sprzedaż: 420 000,00 zł W przypadku dodatkowych pytań zapraszamy do kontaktu telefonicznego [numer]. Przedstawiona oferta cenowa ma wyłącznie charakter informacyjny i nie stanowi oferty handlowej w rozumieniu art. 66 § 1 kodeksu cywilnego. Zadzwoń i umów się na prezentację! Notus Finanse S.A.",,,,plastikowe,,,50.254345,19.032643
Katowice Piotrowice,ul. Malinowa,2,50,395000,7900.0,bez pośredników,,8,https://adresowo.pl/o/mieszkanie-katowice-piotrowice-ul-malinowa-2-pokojowe-d9v9r0,https://s2.adresowa.pl/oi/2f/6d/3ec298_8aec_cover@2x-2-pokojowe-mieszkanie-katowice-piotrowice-ul-malinowa.webp,Katowice Piotrowice,Malinowa,1,1960.0,blok,,"Na sprzedaż ustawne, trzystronne mieszkanie w Katowicach, w dzielnicy Piotrowice, przy ulicy Malinowej. Mieszkanie: Składa się z salonu, sypialni, kuchni, łazienki oraz przedpokoju. Okna wychodzą na południe, zachód i północ. Do mieszkania przynależy balkon oraz piwnica (około 12 m²). Obok budynku mieszkańcy urządzili ogródki, z których jeden jest do dyspozycji właściciela. Stan mieszkania: Do remontu. Okna PCV, instalacja grzewcza wykonana w miedzi. Budynek: Lokal znajduje się na 1 piętrze jednopiętrowego budynku wielorodzinnego z lat 60. W budynku znajduje się tylko 6 lokali. Wokół budynku dostępny jest teren, na którym swobodnie można zaparkować samochód. Dostępne media: Prąd, woda, internet, TV kablowa oraz naziemna. Ogrzewanie i ciepła woda pochodzą z dwufunkcyjnego pieca gazowego. Opłaty do spółdzielni: około 730 zł. Lokalizacja: Spokojne osiedle domków jednorodzinnych i niskich bloków, na pograniczu Piotrowic i Ligoty, niedaleko parku Zadole, w bezpośrednim sąsiedztwie Ośrodka Sportowego MOSiR przy ul. Asnyka. Las znajduje się w odległości 150 m, park Zadole – 250 m, basen MOSiR – 500 m. Niedaleko stacja PKP Piotrowice, przystanki autobusowe, \""Biedronka\"" oraz Centrum Handlowe „Fabryka Park”. Dodatkowym atutem jest duży, murowany garaż z prądem i kanałem, który nowy właściciel będzie mógł dokupić na preferencyjnych warunkach. Mieszkanie z ogromnym potencjałem w wyjątkowej i zielonej okolicy, zapraszam do kontaktu.",tak,tak,,plastikowe,,"Wyposażenie: internet, tv",50.214714,18.967517
Katowice Brynów,ul. Władysława Orkana,2,54,555000,10278.0,bez pośredników,,10,https://adresowo.pl/o/mieszkanie-katowice-brynow-ul-wladyslawa-orkana-2-pokojowe-x1l7z5,https://s2.adresowa.pl/oi/34/19/3ec17a_9487_cover@2x-2-pokojowe-mieszkanie-katowice-brynow-ul-wladyslawa-orkana.webp,Katowice Brynów,Władysława Orkana,3,2010.0,blok,,"Na sprzedaż, bezpośrednio od właściciela, komfortowe mieszkanie o powierzchni 54,14 m², położone na 3. piętrze budynku z windą, na cenionym osiedlu Ligota Park w Katowicach - Brynowie. Mieszkanie składa się z: - przestronnego salonu z aneksem kuchennym, - ustawnej sypialni, - łazienki, - przedpokoju. Dodatkowym atutem jest balkon o powierzchni 6,39 m², stanowiący idealne miejsce do wypoczynku. Dzięki południowej ekspozycji okien, mieszkanie jest jasne i doskonale doświetlone przez cały dzień. Lokal znajduje się na 3. piętrze budynku z 2010 roku, wyposażonego w windę. Do mieszkania przynależy komórka lokatorska o powierzchni 1,88 m². Istnieje możliwość zakupu miejsca postojowego w garażu podziemnym w cenie 50 000 zł. Najważniejsze atuty nieruchomości: - 54,14 m² powierzchni mieszkalnej, - balkon 6,39 m², - komórka lokatorska 1,88 m², - funkcjonalny układ: sypialnia oraz salon z aneksem kuchennym, - południowa ekspozycja okien, - 3 piętro, - budynek z windą, - miejsce postojowe w garażu podziemnym, - spokojne i ciche otoczenie, - zamknięte, monitorowane osiedle z ochroną, - zadbane części wspólne i tereny zielone, - bardzo dobra komunikacja z centrum Katowic oraz głównymi trasami aglomeracji, - sprzedaż bezpośrednio od właściciela. W przedpokoju znajduje się obszerna zabudowa, wykonana na wymiar, oferująca wyjątkowo dużo miejsca do przechowywania ubrań, sprzętu gospodarstwa domowego i innych rzeczy codziennego użytku. Lokalizacja mieszkania: Osiedle Ligota Park należy do najbardziej rozpoznawalnych i cenionych inwestycji mieszkaniowych w Katowicach. Mieszkańcy doceniają wysoki poziom bezpieczeństwa, estetykę osiedla oraz dogodną lokalizację. Brynów to dzielnica, oferująca doskonałe połączenie spokojnego miejsca do życia z szybkim dostępem do centrum miasta, autostrady A4, komunikacji miejskiej, sklepów, punktów usługowych oraz terenów rekreacyjnych. Mieszkanie będzie doskonałym wyborem zarówno dla singla, pary, jak i inwestora, poszukującego nieruchomości w atrakcyjnej lokalizacji. Zapraszam do kontaktu i umówienia prezentacji.",tak,tak,aneks,,własność,,50.22961,18.988011
Katowice Zawodzie,al. Walentego Roździeńskiego,2,59,549000,9305.0,bez pośredników,,16,https://adresowo.pl/o/mieszkanie-katowice-zawodzie-al-walentego-rozdzienskiego-2-pokojowe-q4h4f0,https://s2.adresowa.pl/oi/21/3a/3ec13c_cf53_cover@2x-2-pokojowe-mieszkanie-katowice-zawodzie-al-walentego-rozdzienskiego.webp,Katowice Zawodzie,Walentego Roździeńskiego,12,,blok,,"Mamy przyjemność zaprezentować 2-pokojowe mieszkanie o powierzchni 60 m², położone w dzielnicy Zawodzie (oś. Gwiazdy). Nieruchomość znajduje się na 12. piętrze, co w połączeniu z południowozachodnią ekspozycją gwarantuje piękną panoramę miasta i maksymalną ilość naturalnego światła przez cały dzień. Nieważne, jak ponura jest pogoda - tutaj zawsze jest jasno i przyjemnie! PRZEMYŚLANY I KLASYCZNY UKŁAD POMIESZCZEŃ Mieszkanie charakteryzuje się pełnym, niezależnym rozkładem, co zapewnia dużą prywatność i komfort mieszkańcom: - Duży, ustawny pokój dzienny (salon), który bez problemu można podzielić na dwa osobne pokoje - Drugi, mniejszy pokój - Osobna, jasna kuchnia: - Osobna łazienka - osobna toaleta - Garderoba - Duży, przestronny korytarz LOKALIZACJA (WSZĘDZIE BLISKO!) Położenie budynku to absolutny hit logistyczny - idealny zarówno do codziennego życia, jak i pod wynajem: - Uniwersytet Ekonomiczny (UE): Zaledwie 3 minuty pieszo! Koniec z porannym pośpiechem i staniem w korkach. - Uniwersytet Śląski (UŚ): Około 10 minut spacerem. - Komunikacja miejska: Tylko 3 minuty do najbliższego przystanku autobusowego oraz 3 minuty do przystanku tramwajowego - Codzienne zakupy: Bezpośrednio pod blokiem znajduje się sklep spożywczy - idealna sprawa na szybkie zakupy Bezpieczeństwo i prywatność na najwyższym poziomie: To mieszkanie oferuje wyjątkowy standard ochrony i spokoju, co jest ogromnym atutem w miejskiej lokalizacji: - Całodobowa ochrona (24/7): W budynku funkcjonuje profesjonalna ochrona, która dba o bezpieczeństwo i porządek na terenie obiektu przez całą dobę. - Zamykany korytarz lokatorski (dodatkowe drzwi na piętrze): Piętro jest dodatkowo zabezpieczone. Zanim dotrze się do właściwego mieszkania, przechodzi się przez zamykane drzwi działowe na korytarzu, do których klucze mają wyłącznie mieszkańcy danego piętra. - Drzwi antywłamaniowe: Wejście do samego lokalu zabezpieczają solidne drzwi o podwyższonej odporności na włamanie, gwarantując pełen komfort i ciszę. SPRZEDAŻ BEZ POŚREDNIKÓW !",,,osobna,plastikowe,własność,,50.270233,19.06107
Katowice,ul. gen. Zygmunta Waltera Jankego,2,41,431000,10512.0,Pośrednik,,4,https://adresowo.pl/o/mieszkanie-katowice-ul-gen-zygmunta-waltera-jankego-2-pokojowe-j7d1u5,https://s2.adresowa.pl/oi/6b/16/3da970_f495_cover@2x-2-pokojowe-mieszkanie-katowice-ul-gen-zygmunta-waltera-jankego.webp,Katowice ,gen. Zygmunta Waltera Jankego,2,2027.0,apartamentowiec,,"Nowoczesne mieszkania w zielonej i spokojnej części Katowic Zamieszkaj w miejscu, które łączy komfort życia w mieście z bliskością natury. Kameralna zabudowa, dużo zieleni oraz spokojne otoczenie tworzą idealne warunki zarówno do życia, jak i odpoczynku po pracy. To propozycja dla osób ceniących równowagę między wygodą a prywatnością. Dostępne są również lokale nieprezentowane w sieci. Atuty inwestycji: - Kameralne osiedle o nowoczesnej architekturze - Funkcjonalne układy mieszkań o zróżnicowanych metrażach - Duże przeszklenia zapewniające dobre doświetlenie wnętrz - Wysoki standard części wspólnych - Strefa dla mieszkańców (relaks / praca) - Siłownia i przestrzeń fitness - Sala zabaw dla dzieci oraz plac zabaw - Lokale usługowe na terenie osiedla - Garaż podziemny oraz miejsca naziemne - Monitoring i podwyższony standard bezpieczeństwa - Możliwość instalacji ładowarek do samochodów elektrycznych - Pełna dostępność (windy, brak barier architektonicznych) Lokalizacja i otoczenie: - Spokojna, zielona dzielnica - Bliskość terenów leśnych i rekreacyjnych - Idealne miejsce dla osób aktywnych oraz rodzin - Kameralne sąsiedztwo, z dala od miejskiego zgiełku Komunikacja i infrastruktura: - Szybki dojazd do centrum miasta - Dobry dostęp do głównych dróg - Rozwinięta infrastruktura w pobliżu (sklepy, szkoły, usługi) - Wygodne połączenie z innymi częściami miasta Filip Masłowski",,,,,,,50.208376,18.973749
Katowice,ul. gen. Zygmunta Waltera Jankego,1,29,314000,10828.0,Pośrednik,,4,https://adresowo.pl/o/mieszkanie-katowice-ul-gen-zygmunta-waltera-jankego-1-pokoj-r8f9b9,https://s2.adresowa.pl/oi/62/40/3da968_e60b_cover@2x-1-pokojowe-mieszkanie-katowice-ul-gen-zygmunta-waltera-jankego.webp,Katowice ,gen. Zygmunta Waltera Jankego,1,2027.0,apartamentowiec,,"Nowoczesne mieszkania w zielonej i spokojnej części Katowic Zamieszkaj w miejscu, które łączy komfort życia w mieście z bliskością natury. Kameralna zabudowa, dużo zieleni oraz spokojne otoczenie tworzą idealne warunki zarówno do życia, jak i odpoczynku po pracy. To propozycja dla osób ceniących równowagę między wygodą a prywatnością. Dostępne są również lokale nieprezentowane w sieci. Atuty inwestycji: - Kameralne osiedle o nowoczesnej architekturze - Funkcjonalne układy mieszkań o zróżnicowanych metrażach - Duże przeszklenia zapewniające dobre doświetlenie wnętrz - Wysoki standard części wspólnych - Strefa dla mieszkańców (relaks / praca) - Siłownia i przestrzeń fitness - Sala zabaw dla dzieci oraz plac zabaw - Lokale usługowe na terenie osiedla - Garaż podziemny oraz miejsca naziemne - Monitoring i podwyższony standard bezpieczeństwa - Możliwość instalacji ładowarek do samochodów elektrycznych - Pełna dostępność (windy, brak barier architektonicznych) Lokalizacja i otoczenie: - Spokojna, zielona dzielnica - Bliskość terenów leśnych i rekreacyjnych - Idealne miejsce dla osób aktywnych oraz rodzin - Kameralne sąsiedztwo, z dala od miejskiego zgiełku Komunikacja i infrastruktura: - Szybki dojazd do centrum miasta - Dobry dostęp do głównych dróg - Rozwinięta infrastruktura w pobliżu (sklepy, szkoły, usługi) - Wygodne połączenie z innymi częściami miasta Filip Masłowski",,,aneks,plastikowe,,,50.208376,18.973749
Katowice Nikiszowiec,ul. Antoniego Czechowa,3,70,500000,7143.0,bez pośredników,,18,https://adresowo.pl/o/mieszkanie-katowice-nikiszowiec-ul-antoniego-czechowa-3-pokojowe-c8x4t6,https://s2.adresowa.pl/oi/52/22/3ebf0a_3527_cover@2x-3-pokojowe-mieszkanie-katowice-nikiszowiec-ul-antoniego-czechowa.webp,Katowice Nikiszowiec,Antoniego Czechowa,parter,1918.0,kamienica,,"Na sprzedaż przestronne mieszkanie o powierzchni 70,12 m², położone w jednej z najbardziej wyjątkowych i rozpoznawalnych dzielnic Katowic - Nikiszowcu. Lokal znajduje się w zabytkowej kamienicy, której niepowtarzalny charakter od lat przyciąga mieszkańców, inwestorów oraz miłośników śląskiej architektury. Najważniejsze atuty nieruchomości: - powierzchnia: 70,12 m², - funkcjonalny układ obejmujący 3 pokoje, kuchnię, łazienkę i przedpokój, - mieszkanie do generalnego remontu, co daje możliwość aranżacji wnętrza według własnych potrzeb i gustu, - lokal idealny zarówno do zamieszkania, jak i pod działalność gospodarczą lub lokal użytkowy, - położenie w zabytkowej kamienicy o niepowtarzalnym klimacie. Lokalizacja, która zyskuje na wartości. Nikiszowiec to jedna z najbardziej charakterystycznych dzielnic Katowic, ceniona za swoją historię, architekturę oraz wyjątkową atmosferę. W bezpośrednim sąsiedztwie znajdują się: - Szkoła Podstawowa nr 53, - liczne sklepy i punkty usługowe, - klimatyczne kawiarnie i restauracje, - zabytkowy Kościół św. Anny, - renomowana restauracja Śląska Prohibicja, wyróżniona przez przewodnik Michelin. Osiedle jest bardzo dobrze skomunikowane z centrum Katowic oraz pozostałymi częściami aglomeracji, co zapewnia wygodę zarówno mieszkańcom, jak i przyszłym klientom w przypadku prowadzenia działalności. Świetna inwestycja na przyszłość. Dzielnica przechodzi obecnie dynamiczny rozwój. Powstający hub gamingowo-technologiczny oraz realizowane inwestycje miejskie zwiększają atrakcyjność okolicy i stwarzają realne perspektywy wzrostu wartości nieruchomości w najbliższych latach. To oferta dla osób, które szukają mieszkania z charakterem, chcą stworzyć wyjątkowe miejsce do życia lub poszukują nieruchomości o dużym potencjale inwestycyjnym. Zapraszam do kontaktu i obejrzenia mieszkania na żywo. Proszę o kontakt telefoniczny po godzinie 17:00. Ogłoszenie prywatne, pośrednikom dziękuję.",,,osobna,plastikowe,własność,,50.241804,19.081042
Katowice Piotrowice,ul. Bażantów,2,41,565000,13780.0,bez pośredników,,11,https://adresowo.pl/o/mieszkanie-katowice-piotrowice-ul-bazantow-2-pokojowe-h9r8v0,https://s2.adresowa.pl/oi/13/14/3ebd9e_9e0b_cover@2x-2-pokojowe-mieszkanie-katowice-piotrowice-ul-bazantow.webp,Katowice Piotrowice,Bażantów,parter,,blok,,"Szukasz miejsca, w którym zamieszkasz od zaraz? Zapraszam do zakupu pięknego mieszkania zlokalizowanego w sercu spokojnej i cenionej okolicy – na osiedlu Bażantów. To nieruchomość, która łączy w sobie gotowość do wprowadzenia z ogromnym potencjałem do własnej aranżacji. Dlaczego to mieszkanie jest dla Ciebie!! Kuchnia – serce domu: Miesiąc temu wykonaliśmy na indywidualne zamówienie przepiękną kuchnię w zabudowie. Wyposażyliśmy ją w sprzęt AGD najwyższej jakości: * Nowoczesny piekarnik z funkcją gotowania na parze oraz funkcją air fryer. * Powyżej piekarnika znajduje się duża mikrofalówka, która bez problemu pomieści obszerny, duży talerz. * Zmywarkę (45 cm), na której panelu znajdują się jeszcze fabryczne folie zabezpieczające. Świeżość i standard: Dwa miesiące temu przeprowadziliśmy całkowity remont – w salonie, kuchni oraz sypialni położyliśmy świeże, spójne kafelki. Wszystkie te pomieszczenia są świeżo odmalowane i posiadają nowo zainstalowane oświetlenie. Łazienka: Łazienka jest w pełni wykafelkowana, natomiast jej charakter pozwala nowym właścicielom na przeprowadzenie odświeżenia według własnego gustu. Przedpokój: Na wyposażeniu znajduje się nowo zakupiona, funkcjonalna szafa na wymiar z wygodnym siedziskiem, co znacznie podnosi komfort przechowywania. Potencjał aranżacyjny wnętrz: Mieszkanie jest gotowe do wprowadzenia „od już”. Kuchnia jest w pełni wykończona, natomiast pozostałe pomieszczenia (salon, sypialnia) pozostają do Twojej własnej aranżacji i umeblowania – dzięki czemu urządzisz je dokładnie tak, jak lubisz. Ogród – Twój prywatny azyl: Mieszkanie posiada własny ogródek, z którego wychodzisz wprost na las. Brak zabudowy przed oknami gwarantuje spokój i niezakłócony widok na zieleń. * Pół roku temu wybudowaliśmy funkcjonalny domek narzędziowy, który bez problemu pomieści wszystkie meble ogrodowe i narzędzia, co pozwoli zachować przestrzeń w idealnym porządku. * Wzdłuż ogrodzenia zasadzone są tuje, przy których wysypano estetyczne, białe kamyczki. * Przy balkonie znajduje się taras wyłożony kamieniem. Reszta ogrodu to przestrzeń o ogromnym potencjale – oferuje duże pole manewru, niezależnie od tego, czy planujesz założyć trawę, wytyczyć ścieżki, czy stworzyć strefę zabaw dla dzieci. Wygoda i bezpieczeństwo: Osiedle jest ogrodzone, wjazd zabezpieczony bramą na pilota. Do dyspozycji mieszkańców jest prywatny parking. Infrastruktura: * Zaledwie 10 metrów od budynku znajduje się bezpieczny, zamknięty plac zabaw dla maluchów. * W promieniu 200 metrów czeka na Ciebie psi park oraz duży plac zabaw z tyrolką oraz siłownia pod chmurką. * Pełna infrastruktura handlowa w bliskim sąsiedztwie. * Zaledwie kilka dni temu było kompleksowe malowanie klatki schodowej, co sprawia, że budynek prezentuje się bardzo zadbanie. Informacje techniczne: Precyzyjne wymiary każdego z pomieszczeń znajdą Państwo na załączonym rzucie nieruchomości. Aktywny wypoczynek w zasięgu ręki: Osiedle znajduje się w bezpośrednim sąsiedztwie prestiżowego kompleksu \\\""Bażantowo\\",,,,,,"Wyposażenie: mikrofalówka, piekarnik, zmywarkę",50.199701,18.991242
Katowice,Śródmieście,2,54,542000,10037.0,bez pośredników,,8,https://adresowo.pl/o/mieszkanie-katowice-srodmiescie-2-pokojowe-54-m2-g3h1t0,https://s2.adresowa.pl/oi/39/12/3ebc34_3026_cover@2x-2-pokojowe-mieszkanie-katowice-srodmiescie.webp,Katowice Śródmieście,,parter,,blok,,"Oferuję na sprzedaż mieszkanie obok Politechniki Śląskiej, które jest po generalnym remoncie i nie wymaga dodatkowego nakładu finansowego. Jest gotowe do zamieszkania z pełnym wyposażeniem. Mieszkanie mieści się na parterze dwupiętrowego budynku mieszkalnego. Wyposażone jest w rolety antywłamaniowe oraz alarm. Dwustronne, bardzo przytulne i jasne - idealne dla rodziny, osób starszych, studentów lub celów inwestycyjnych. Do mieszkania przynależna jest piwnica oraz balkon loggia. Miejsca parkingowe otoczone są bramą zamykaną na pilota. Blok posiada domofon oraz zamknięty parking, co zapewnia pełne bezpieczeństwo i prywatność mieszkańców. Czynsz na osobę to 1000 PLN, w którym zawarta jest opłata za zimną wodę, ogrzewanie, fundusz remontowy, eksploatacja i utrzymanie nieruchomości, wywóz śmieci. Ciepła woda ogrzewana jest przez Junkers, który jest regularnie czyszczony i serwisowany. W pobliżu znajdują się sklepy, apteka, przychodnia, szkoła, przedszkole, żłobek, kościół, szpital, Biblioteka Śląska. Dla celów rekreacyjno-wypoczynkowych Dolina Trzech Stawów oddalona jest zaledwie spacerkiem 10 minut od lokalu mieszkalnego. Doskonale skomunikowane osiedle, bezpośrednie połączenie z każdą częścią miasta. Zapraszam Państwa, którzy są zainteresowani kupnem, do kontaktu.",tak,,,,,,50.11814,18.974203
Katowice,ul. Sokolska,4,104,1500000,14423.0,Pośrednik,,4,https://adresowo.pl/o/mieszkanie-katowice-ul-sokolska-4-pokojowe-w0r4a6,https://s2.adresowa.pl/oi/5a/3c/3da946_5590_cover@2x-4-pokojowe-mieszkanie-katowice-ul-sokolska.webp,Katowice ,Sokolska,17,2026.0,apartamentowiec,,"Mieszkania w nowoczesnym, wyróżniającym się budynku w samym centrum Katowic - trzy kaskadowe budynki, z tym wyjątkowym mieszkaniem w najwyższym z budynków. Lokalizacja zapewnia wygodny dostęp do usług, restauracji i całego miasta. Brak prowizji oraz brak podatku PCC. Ważne informacje: - Dostępne metraże do 126 m² (5 pokoi) - Garaż podziemny - Dostępne komórki lokatorskie - Duże balkony - Lokalizacja w samym centrum Katowic Wykonawcą inwestycji jest profesjonalny i renomowany deweloper działający wiele lat na rynku oferujący nowoczesne mieszkania w atrakcyjnych lokalizacjach, wyróżniający się dobrą jakością. Nadal dostępny jest szeroki wybór mieszkań Zadzwoń lub napisz - umówimy prezentację i dopasujemy mieszkanie do Państwa potrzeb. Współpraca ze mną to: - brak kosztów - profesjonalne doradztwo - wiele ofert dostępnych w jednym miejscu - jestem dostępny dla Państwa na każdym etapie transakcji - nasi eksperci finansowi mogą od razu dobrać Państwu najkorzystniejszy kredyt Zdjęcia to wizualizacja, gotowych projektów przygotowanych przez firmę Quality Investment zajmującą się wykończeniem mieszkań. NOTUS Finanse S.A. występuje w charakterze pośrednika w obrocie nieruchomościami. Przedstawiona oferta cenowa ma wyłącznie charakter informacyjny i nie stanowi oferty handlowej w rozumieniu art. 66 1 kodeksu cywilnego. Notus Finanse S.A.",,tak,aneks,plastikowe,własność,,50.265275,19.018708
Katowice Śródmieście,ul. Gliwicka,2,32,405000,12656.0,Pośrednik,,4,https://adresowo.pl/o/mieszkanie-katowice-srodmiescie-ul-gliwicka-2-pokojowe-n2u6a6,https://s2.adresowa.pl/oi/3e/40/3da942_7f2a_cover@2x-2-pokojowe-mieszkanie-katowice-srodmiescie-ul-gliwicka.webp,Katowice Śródmieście,Gliwicka,3,2026.0,apartamentowiec,,"Mieszkanie z potencjałem do wynajęcia. Inwestycja w centrum miasta. Przedstawiam ofertę funkcjonalnego mieszkania, zlokalizowanego w ścisłym centrum - Katowice na wyciągnięcie ręki. Największym atutem mieszkania jest układ, który umożliwia wydzielenie dwóch niezależnych pokoi, co czyni je ciekawą propozycją inwestycyjną. Ponad 200 nowoczesnych apartamentów, zaprojektowanych w duchu minimalistycznej elegancji. Jasne barwy i drewniane akcenty tworzą przytulne, harmonijne wnętrza. Ponadczasowa bryła, duże przeszklenia oraz przestronne tarasy i balkony wypełnią mieszkania naturalnym światłem i otworzą je na panoramę Katowic. Apartamenty zlokalizowane są w doskonale skomunikowanej części miasta, tuż przy nowoczesnych centrach biznesowych, oferując idealną równowagę między miejską dynamiką, a codziennym komfortem. Dodatkowym atutem inwestycji będzie nowoczesna siłownia dostępna dla mieszkańców, która umożliwi aktywny tryb życia bez konieczności opuszczania budynku. Dostępne lokale w różnych metrażach niepublikowanych na stronach. Atuty inwestycji: - Lokalizacja przy kultowym Spodku, doskonała komunikacja, - Bogata infrastruktura w najbliższym sąsiedztwie, - Balkony, tarasy, wysokie okna - Nowoczesna, kameralna siłownia dostępna wyłącznie dla mieszkańców inwestycji - dwa poziomy parkingowe Dlaczego warto? - potencjał inwestycyjny - rosnący popyt na mieszkania w centrum miasta. - blisko kluczowych punktów miasta. - stały wzrost liczby eventów tematycznych w Katowicach. - wielofunkcyjny potencjał lokalu To nie tylko piękne apartamenty, ale także wyjątkowa infrastruktura zaprojektowana z myślą o Twoim komforcie. Zapraszam do kontaktu -przygotuję ofertę na miarę Twoich oczekiwań. Filip Masłowski",,,,plastikowe,,,50.26737,18.98591
Katowice Dąb,ul. Johna Baildona,2,52,629000,12096.0,bez pośredników,,21,https://adresowo.pl/o/mieszkanie-katowice-dab-ul-johna-baildona-2-pokojowe-n5j0c7,https://s2.adresowa.pl/oi/11/1d/3eb3a2_e4b0_cover@2x-2-pokojowe-mieszkanie-katowice-dab-ul-johna-baildona.webp,Katowice Dąb,Johna Baildona,5,2014.0,apartamentowiec,,"Witam Bez pośredników Dane techniczne: Mieszkanie własność księga wieczysta Opłaty mieszkaniowe 800 PLN Mieszkanie 52,39 mkw Salon z aneksem 24mkw Sypialnia 14mkw Łazienka 5 mkw korytarz 10 mkw Teren ogrodzony Parking jest wspólny dla mieszkańców Ochrona monitoring. Jest Ogrzewanie, miejskie całoroczne gdy jest potrzeba. Silesia 3min drogi Park Śląski 5 minut drogi Przychodnia 3min Centrum 20 min pieszo Wszystkie ciągi komunikacyjne, tramwaje autobusy w pobliżu. W okolicy biurowce i bloki . W mieszkaniu zostają meble i sprzęty. Bardzo dobry stan techniczny. Płytki hiszpańskie, podłoga deska Barlinecka dębowa naturalne drzewo. Łazienka wanna. Mieszkanie przestronne o podwyższonym standardzie budowlanym.",,,aneks,plastikowe,własność,,50.270686,19.00084
Katowice Dąbrówka Mała,ul. Strzelców Bytomskich,3,60,440000,7333.0,bez pośredników,,13,https://adresowo.pl/o/mieszkanie-katowice-dabrowka-mala-ul-strzelcow-bytomskich-3-pokojowe-a5p9u6,https://s2.adresowa.pl/oi/28/20/3eb000_7bac_cover@2x-3-pokojowe-mieszkanie-katowice-dabrowka-mala-ul-strzelcow-bytomskich.webp,Katowice Dąbrówka Mała,Strzelców Bytomskich,2,1980.0,blok,,"Salon z balkonem, kuchnia w zabudowie ze sprzętem AGD, przedpokój z zabudowaną dużą szafą, sypialnia z szafą (lustra). Pokój dzienny bardzo ustawny, łazienka z kabiną prysznicową, osobno WC. Funkcjonalny układ mieszkania. Własnościowe spółdzielcze prawo lokalu. Ogrzewanie centralne i ciepła woda z sieci, gaz ryczałt. Blok po termomodernizacji, osiedle monitorowane, parking dla mieszkańców (szlaban). Cicha, spokojna okolica z infrastrukturą społeczną, handlową. Dzielnica Dąbrówka Mała. Kameralne Osiedle. Blisko do Centr. Handl. Carrefour, Castorama, Ikea, Agata. W pobliżu Szkoła, Przedszkole.",tak,,osobna,,spółdzielcze własnościowe,,50.278589,19.06761
Katowice,ul. Sokolska,4,76,819300,10780.0,Pośrednik,,4,https://adresowo.pl/o/mieszkanie-katowice-ul-sokolska-4-pokojowe-j6l2e1,https://s2.adresowa.pl/oi/25/48/3da938_f25a_cover@2x-4-pokojowe-mieszkanie-katowice-ul-sokolska.webp,Katowice ,Sokolska,5,2026.0,apartamentowiec,,"Mieszkania w nowoczesnym, wyróżniającym się budynku w samym centrum Katowic - trzy kaskadowe budynki z usługowym parterem i funkcjonalnymi układami mieszkań. Oferta obejmuje szeroki wybór metraży, od kompaktowych kawalerek po przestronne apartamenty dla rodzin. Lokalizacja zapewnia wygodny dostęp do usług, restauracji i komunikacji miejskiej. Brak prowizji oraz brak podatku PCC. Ceny od 435 201 zł za mieszkanie lub nawet od 10 800 zł/m². Ważne informacje: - Dostępne metraże: 28 - 126 m² (od 1 do 5 pokoi) - Garaż podziemny - Dostępne komórki lokatorskie - Balkon -Lokalizacja w samym centrum Katowic Wykonawcą inwestycji jest profesjonalny i renomowany deweloper działający wiele lat na rynku oferujący nowoczesne mieszkania w atrakcyjnych lokalizacjach, wyróżniający się dobrą relacją jakości do ceny. Nadal dostępny jest szeroki wybór mieszkań Zadzwoń lub napisz - umówimy prezentację i dopasujemy mieszkanie do Państwa potrzeb. Współpraca ze mną to: - brak kosztów - profesjonalne doradztwo - wiele ofert dostępnych w jednym miejscu - jestem dostępny dla Państwa na każdym etapie transakcji - nasi eksperci finansowi mogą od razu dobrać Państwu najkorzystniejszy kredyt NOTUS Finanse S.A. występuje w charakterze pośrednika w obrocie nieruchomościami. Przedstawiona oferta cenowa ma wyłącznie charakter informacyjny i nie stanowi oferty handlowej w rozumieniu art. 66 1 kodeksu cywilnego. Notus Finanse S.A.",,tak,aneks,plastikowe,własność,,50.265275,19.018708
Katowice,ul. Karoliny,2,38,375000,9868.0,Pośrednik,,5,https://adresowo.pl/o/mieszkanie-katowice-ul-karoliny-2-pokojowe-h7g2v9,https://s2.adresowa.pl/oi/21/7c/3da92a_5b75_cover@2x-2-pokojowe-mieszkanie-katowice-ul-karoliny.webp,Katowice ,Karoliny,parter,2028.0,apartamentowiec,,"Komfortowe, jasne i przewiewne mieszkania. Zielona okolica - szybki dojazd do centrum. Przedstawiam nowoczesne mieszkanie w dynamicznie rozwijającej się części miasta – zaledwie kilka minut od ścisłego centrum, a jednocześnie w otoczeniu zieleni i terenów spacerowych. Lokal położony na nowym, estetycznym osiedlu z pełną infrastrukturą w pobliżu: sklepy, punkty usługowe, przystanki komunikacji miejskiej. Funkcjonalny układ pomieszczeń zapewnia komfort codziennego życia – jasny salon z aneksem kuchennym, ustawna sypialnia oraz łazienka w nowoczesnym standardzie. Idealna propozycja zarówno do zamieszkania, jak i pod inwestycję – świetna lokalizacja, szybki dojazd do centrum oraz spokojne, zielone otoczenie. Dostępne są również lokale nieprezentowane w sieci. Atuty inwestycji: - dwustronna ekspozycja w wybranych lokalach, - miejski węzeł cieplny, - jasne wnętrza dzięki wysokim oknom portfenetrowym - otynkowana łazienka i instalacja wod.-kan. poprowadzona podtynkowo, - nawet 2 balkony do mieszkania, - wysoki standard wykończenia części wspólnych, - dodatkowa izolacja termiczno-akustyczna mieszkań (płyta eurothane), - samoobsługowa stacja naprawy rowerów, - plac zabaw, - lokale usługowe na terenie inwestycji,. Informacje techniczne: - opcja smart home, - pakiet antysmogowy. - komórki lokatorskie i boksy garażowe, - rowerownie i wózkownie, stojaki rowerowe, - miejsca postojowe naziemne i w halach garażowych, - stacja ładowania aut elektrycznych, To nie tylko piękne apartamenty, ale także wyjątkowa infrastruktura zaprojektowana z myślą o Twoim komforcie. Zapraszam do kontaktu -przygotuję ofertę na miarę Twoich oczekiwań. Filip Masłowski",,,,plastikowe,,,50.271557,19.040236
Katowice Śródmieście,ul. ks. bp. Arkadiusza Lisieckiego,2,47,490000,10426.0,bez pośredników,,6,https://adresowo.pl/o/mieszkanie-katowice-srodmiescie-ul-ks-bp-arkadiusza-lisieckiego-2-pokojowe-m0v0a1,https://s2.adresowa.pl/oi/3f/31/3eac08_36f7_cover@2x-2-pokojowe-mieszkanie-katowice-srodmiescie-ul-ks-bp-arkadiusza-lisieckiego.webp,Katowice Śródmieście,ks. bp. Arkadiusza Lisieckiego,1,1970.0,blok,,"Na sprzedaż wyjątkowe mieszkanie po generalnym remoncie w samym sercu Katowic – Śródmieście, w pobliżu AWF, UE, dworca kolejowego. Przy przystanku autobusowym, blisko szkoła. Mieszkanie o powierzchni 47,70 m² znajduje się na I piętrze czteropiętrowego niskiego bloku, składa się z: salonu, sypialni, dużej kuchni z oknem, łazienki, dużego korytarza. Dodatkowym atutem jest balkon oraz piwnica (3,59m2). Lokal jest w pełni umeblowany (w tym kuchnia meble na wymiar, w przedpokoju duża szafa na wymiar) i wyposażony w sprzęty AGD (lodówka duża w zabudowie, zmywarka, piekarnik, pralka) – wszystko nowe i gotowe do zamieszkania bez żadnych dodatkowych nakładów finansowych, bez pośredników. Mieszkanie przeszło generalny remont, obejmujący również wymianę wszystkich instalacji, nie jest zadłużone, bez żadnych obciążeń. Zapraszam do kontaktu codziennie, w dni robocze po godzinie 18:00 tel [numer]",tak,,osobna,,własność,"Wyposażenie: lodówka, piekarnik, pralka, zmywarka",50.271156,18.933165
Katowice Śródmieście,ul. Francuska,1,29,329000,11345.0,bez pośredników,,13,https://adresowo.pl/o/mieszkanie-katowice-srodmiescie-ul-francuska-1-pokoj-n8e5k2,https://s2.adresowa.pl/oi/62/48/3ea952_b668_cover@2x-1-pokojowe-mieszkanie-katowice-srodmiescie-ul-francuska.webp,Katowice Śródmieście,Francuska,3,1920.0,kamienica,,"Mam na sprzedaż fantastyczny lokal w centrum Katowic, na skrzyżowaniu ulicy Mariackiej i Francuskiej. Lokal o powierzchni 41 m^2 po podłodze (29 m^2 użytkowej powierzchni) jest położony na poddaszu, na 3. piętrze. Generalny remont lokalu został przeprowadzony w 2025 roku. Wymieniono instalację wodną, kanalizacyjną, elektryczną i gazową. Lokal jest ogrzewany gazowo i wyposażony w klimatyzację z funkcją grzania. Dodatkowe wyposażenie i udogodnienia: - Ogrzewanie i woda: piec dwufunkcyjny gazowy (oraz klimatyzacja z funkcją grzania). - Klimatyzacja. - Łazienka wyposażona w prysznic i wannę (zabudowana, zdjęcie nieaktualne). - Kuchnia wyposażona w piekarnik, płytę indukcyjną, pralkę i lodówkę. Meble robione na wymiar, z wyspą na środku. - Duży pokój połączony z kuchnią, w pełni wyposażony (rozkładana kanapa, stół z krzesłami, duża szafa). - 3 okna połaciowe, dźwiękoszczelne. - Wysokiej jakości ocieplenie. - Wszystkie instalacje są nowe. Klatka schodowa ma w najbliższym czasie przejść gruntowny remont, wraz z wymianą domofonów i odnowieniem bramy głównej. Remont na pewno zwiększy wartość lokalu. Lokal jest idealny na wynajem. Obecnie zamieszkiwany jest przez najemcę z umową do początku września. Najemczyni jest chętna do dalszego najmu na kolejny rok (młoda dziewczyna, bardzo dobry kontakt, super osoba). Sprzedaję lokal, aby nadpłacić swoją hipotekę. Cena: 329 000 zł (do lekkiej negocjacji).",,,aneks,drewniane,własność,"Wyposażenie: klimatyzacja, lodówkę, piekarnik, pralkę",50.257612,19.02853
Katowice,Zawodzie,2,46,457000,9935.0,bez pośredników,,8,https://adresowo.pl/o/mieszkanie-katowice-zawodzie-2-pokojowe-46-m2-n8k4g7,https://s2.adresowa.pl/oi/43/3a/3ea7e0_b048_cover@2x-2-pokojowe-mieszkanie-katowice-zawodzie.webp,Katowice Zawodzie,,8,,blok,,"Sprzedam przytulne i funkcjonalne dwupokojowe mieszkanie o powierzchni 46 m², położone w Katowicach w dzielnicy Zawodzie - doskonała lokalizacja. Lokalizacja: • W pobliżu: Biedronka, piekarnia, apteka, sklepy spożywcze i punkty usługowe, plac zabaw. • Bardzo blisko centrum przesiadkowego w Katowicach-Zawodziu - świetne połączenia autobusowe, tramwajowe i kolejowe. • Szybki dojazd do centrum Katowic i innych miast aglomeracji. • Blisko uczelni: Uniwersytet Śląski, Uniwersytet Ekonomiczny, Politechnika Śląska, Akademia Muzyczna. Opis mieszkania: • Powierzchnia: 46 m². • Pomieszczenia: salon, sypialnia, kuchnia, łazienka, osobne WC, przedpokój. • Jasne, zadbane wnętrza w spokojnym otoczeniu. Mieszkanie na 8 piętrze z balkonem, w 10 piętrowym bloku z windą. Do mieszkania przynależy piwnica oraz komórka na pół piętrze. Mieszkanie idealne dla osób ceniących wygodę, dobrą komunikację i bliskość centrum Katowic. Agencjom nieruchomości i pośrednikom dziękuję za kontakt.",tak,,,,,,50.256878,19.06164
Katowice,ul. Karoliny,3,46,586000,12739.0,Pośrednik,,5,https://adresowo.pl/o/mieszkanie-katowice-ul-karoliny-3-pokojowe-v8b4o0,https://s2.adresowa.pl/oi/3d/6c/3da922_2da4_cover@2x-3-pokojowe-mieszkanie-katowice-ul-karoliny.webp,Katowice ,Karoliny,parter,2028.0,apartamentowiec,,"Komfortowe, jasne i przewiewne mieszkania. Zielona okolica - szybki dojazd do centrum. Przedstawiam nowoczesne mieszkanie w dynamicznie rozwijającej się części miasta – zaledwie kilka minut od ścisłego centrum, a jednocześnie w otoczeniu zieleni i terenów spacerowych. Lokal położony na nowym, estetycznym osiedlu z pełną infrastrukturą w pobliżu: sklepy, punkty usługowe, przystanki komunikacji miejskiej. Funkcjonalny układ pomieszczeń zapewnia komfort codziennego życia – jasny salon z aneksem kuchennym, ustawna sypialnia oraz łazienka w nowoczesnym standardzie. Idealna propozycja zarówno do zamieszkania, jak i pod inwestycję – świetna lokalizacja, szybki dojazd do centrum oraz spokojne, zielone otoczenie. Dostępne są również lokale nieprezentowane w sieci. Atuty inwestycji: - dwustronna ekspozycja w wybranych lokalach, - miejski węzeł cieplny, - jasne wnętrza dzięki wysokim oknom portfenetrowym - otynkowana łazienka i instalacja wod.-kan. poprowadzona podtynkowo, - nawet 2 balkony do mieszkania, - wysoki standard wykończenia części wspólnych, - dodatkowa izolacja termiczno-akustyczna mieszkań (płyta eurothane), - samoobsługowa stacja naprawy rowerów, - plac zabaw, - lokale usługowe na terenie inwestycji,. Informacje techniczne: - opcja smart home, - pakiet antysmogowy. - komórki lokatorskie i boksy garażowe, - rowerownie i wózkownie, stojaki rowerowe, - miejsca postojowe naziemne i w halach garażowych, - stacja ładowania aut elektrycznych, To nie tylko piękne apartamenty, ale także wyjątkowa infrastruktura zaprojektowana z myślą o Twoim komforcie. Zapraszam do kontaktu -przygotuję ofertę na miarę Twoich oczekiwań. Filip Masłowski",,tak,aneks,plastikowe,,,50.271557,19.040236
Katowice,ul. Władysława Orkana,2,64,590000,9219.0,Pośrednik,,5,https://adresowo.pl/o/mieszkanie-katowice-ul-wladyslawa-orkana-2-pokojowe-k5u8y5,https://s2.adresowa.pl/oi/78/3f/3da918_df85_cover@2x-2-pokojowe-mieszkanie-katowice-ul-wladyslawa-orkana.webp,Katowice ,Władysława Orkana,2,2012.0,apartamentowiec,,"Mieszkanie dla osób szukających spokoju, bezpieczeństwa i jakości w jednej z najlepszych dzielnic Katowic. Na sprzedaż komfortowe i przestronne mieszkanie o powierzchni 64 m², położone na 2. piętrze nowoczesnego budynku na prestiżowym, zamkniętym i strzeżonym osiedlu Ligota Park w Katowicach. To propozycja dla osób, które cenią ciszę, zieleń, bezpieczeństwo oraz wysoki standard wykończenia, a jednocześnie chcą pozostać w doskonałej komunikacji z centrum miasta. Idealne zarówno do zamieszkania, oraz jako bezpieczna inwestycja. Najważniejsze informacje: - Powierzchnia: 64,03 m² - Liczba pokoi: 2 - Piętro: 2/4 - Rok budowy: 2012 - Balkon: 4,83 m² – ekspozycja południowo-zachodnia, widok na zielone ogródki poza osiedlem (bez sąsiednich okien) - Pomieszczenie gospodarcze zaadaptowane na funkcjonalną garderobę - garaż podziemny - miejsce naziemne - Klimatyzacja z funkcją grzania - Ogrzewanie miejskie – wliczone w czynsz Wykończenie i wyposażenie: - Mieszkanie wykończone w wysokim standardzie, z dbałością o detale i jakość materiałów. - Istnieje możliwość zakupu z pełnym umeblowaniem – bez dodatkowych kosztów, zgodnie z preferencjami kupującego. Budynek i osiedle: - winda - osiedle zamknięte, monitorowane i strzeżone 24/7 - kameralne i ciche miejsce w otoczeniu zieleni - nieopodal Parku Kościuszki - bezpośrednie sąsiedztwo Akademii Śląskiej oraz basenu przy ul. Rolnej - znakomicie skomunikowane z centrum miasta (tramwaje/autobusy) Cena i opłaty: - Cena: 599 000 zł - 2 miejsca parkingowe – 50.000zł ( możliwość dalszej odsprzedaży podziemnego m.p. – osobna księga) Mieszkanie dostępne od zaraz. *Treść niniejszego ogłoszenia nie stanowi oferty handlowej w rozumieniu Kodeksu Cywilnego. Filip Masłowski",,,aneks,plastikowe,własność,Wyposażenie: klimatyzacja,50.22961,18.988011
Katowice Kostuchna,ul. Bażantów,3,49,649000,13245.0,bez pośredników,,12,https://adresowo.pl/o/mieszkanie-katowice-kostuchna-ul-bazantow-3-pokojowe-e1f7c5,https://s2.adresowa.pl/oi/7a/2a/3ea634_29c9_cover@2x-3-pokojowe-mieszkanie-katowice-kostuchna-ul-bazantow.webp,Katowice Kostuchna,Bażantów,parter,2014.0,blok,,"Na sprzedaż: mieszkanie 49,98 m² z dużym ogródkiem - parter, spokojna okolica. Mieszkanie mieści się na zamkniętym, monitorowanym osiedlu z dużym parkingiem dla mieszkańców. Teren ogrodzony, brama elektryczna oraz furtka z domofonem. Szukasz komfortowego mieszkania w zielonej okolicy? Ta oferta jest dla Ciebie! Oferujemy funkcjonalne mieszkanie o powierzchni 49,98 m², położone na parterze budynku oddanego do użytku w 2014 roku, z przestronnym ogródkiem na długości wszystkich okien. Ogród jest duży i osłonięty tujami, co gwarantuje prywatność, a znajdujący się na nim komplet wypoczynkowy to idealne miejsce na relaks, zabawę z dziećmi czy spotkania przy kawie. Układ mieszkania: Pokój 1 - 11,27 m² Pokój 2 - 9,46 m² Salon z aneksem kuchennym - 19,65 m² Przedpokój - 5,48 m² Łazienka - 4,12 m² Stan i Wyposażenie: Mieszkanie wymaga częściowego odmalowania, poza tym w pełni nadaje się do wejścia. Wnętrze jest sprzedawane bez mebli wolnostojących - w cenie pozostają jedynie zabudowy i szafy wykonane na wymiar. Dodatkowo nowym właścicielom zostawiamy: Sprzęt AGD: pralkę, suszarkę do prania, zmywarkę, piekarnik oraz płytę elektryczną, lodówkę. klimatyczny biokominek. Przestrzeń do przechowywania: W mieszkaniu nie ma piwnicy ani komórki lokatorskiej, jednak do dyspozycji mieszkańców, poza blokiem, znajduje się zamykana przestrzeń - doskonałe i bezpieczne miejsce do trzymania np. rowerów. Dodatkowo miejsce na parterze przy schodach na przechowanie rowerów czy wózków. Atuty lokalizacji: Bezpośrednie sąsiedztwo lasu - idealne na spacery i aktywność na świeżym powietrzu. W pobliżu: plac zabaw, wodny plac zabaw, wybieg dla psów. Bliskość udogodnień: Przystanek autobusowy - 260 m Piekarnia całodobowa - 290 m (osiedlowa - 90 m) Żabka - 220 m Biedronka z pawilonami usługowymi - 240 m Szkoła / przedszkole - 750 m Przychodnia - 750 m Bażantowo Sport - 700 m Opłaty: Koszty utrzymania nieruchomości wspólnej - 140 zł Fundusz remontowy - 75 zł Wywóz odpadów komunalnych, zaliczkowo woda i C.O. Zapraszam do kontaktu. Oferta bezpośrednio od właściciela. Na wiadomości i telefony odpowiem po godz. 16:00. Treść niniejszego ogłoszenia nie stanowi oferty handlowej w rozumieniu Kodeksu Cywilnego, lecz ma charakter informacyjny.",tak,,aneks,plastikowe,własność,"Wyposażenie: lodówkę, piekarnik, pralkę, suszarkę, zmywarkę",50.198801,18.984622
Katowice Ligota,ul. Władysława Orkana,2,45,499000,11089.0,bez pośredników,,12,https://adresowo.pl/o/mieszkanie-katowice-ligota-ul-wladyslawa-orkana-2-pokojowe-f5d2r1,https://s2.adresowa.pl/oi/54/6a/3e9dc8_3777_cover@2x-2-pokojowe-mieszkanie-katowice-ligota-ul-wladyslawa-orkana.webp,Katowice Ligota,Władysława Orkana,parter,2008.0,blok,,"Sprzedam bezpośrednio, bez prowizji, ładne i zadbane 2-pokojowe mieszkanie na osiedlu Ligota Park przy ul. Orkana w Katowicach. Mieszkanie na parterze z przynależnym ogródkiem. Mieszkanie składa się z salonu wraz z aneksem kuchennum, sypialni, łazienki i korytarza. Przestronne i funkcjonalne. Wykończone i wyposażone, także w meble w zabudowie i sprzęty. Dogodna lokalizacja, w pobliżu pełna infrastruktura, sklepy, szkoły, dobra komunikacja. Osiedle Ligota Park jest zamykane i strzeżone. Mieszkanie ma powierzchnię 45,09 m2, do mieszkania przynależy komórka lokatorska o powierzchni 2,09 m2. Całkowita powierzchnia: 47,18 m2. Cena za mieszkanie wraz z komórką: 499.000 zł. Dodatkowo, do mieszkania przynależy miejsce w garażu podziemnym w cenie 50.000 zł. Cena za mieszkanie, komórkę lokatorską oraz miejsce w garażu: 549.000 zł - sprzedaż tylko w całości. Pośrednikom i agencjom dziękuję.",tak,,aneks,,własność,,50.22961,18.988011
Katowice Panewniki,ul. Kijowska,2,55,469000,8527.0,bez pośredników,,12,https://adresowo.pl/o/mieszkanie-katowice-panewniki-ul-kijowska-2-pokojowe-o3v0o7,https://s2.adresowa.pl/oi/73/4b/3e9bf0_dfa2_cover@2x-2-pokojowe-mieszkanie-katowice-panewniki-ul-kijowska.webp,Katowice Panewniki,Kijowska,10,1980.0,blok,,"Bezpośrednio!!! Przestronne 55 m² – Katowice Panewniki ​Oferta bezpośrednio od właściciela – kupujący NIE PŁACI prowizji dla pośredników! Oszczędzasz od 14 000 zł do nawet 23 500 zł, które tradycyjne agencje pobierają przy transakcji. ​Na sprzedaż wyjątkowo komfortowe, przytulne i przestrronne mieszkanie o powierzchni 55 m², zlokalizowane w najbardziej zielonej części Katowic – Panewnikach. ​Mieszkanie gwarantuje pełną prywatność – brak efektu „okno w okno” z sąsiadami. Okna salonu i kuchni wychodzą na zachód, oferując niesamowity, przepiękny widok na zieleń oraz zachody słońca. Z kolei okna sypialni skierowane są na północ, co zapewnia doskonałe warunki do odpoczynku i optymalną temperaturę. Mieszkanie jest bardzo ciepłe i słoneczne. ​Cena: 469 000 zł Czynsz: ok. 750 zł (w tym stałe ogrzewanie) + media (prąd/woda) według zużycia ​GŁÓWNY ATUT: OGRZEWANIE RYCZAŁTOWE! ​Brak podzielników ciepła na grzejnikach! Ogrzewanie rozliczane jest ryczałtowo – płacisz stałą kwotę i grzejesz tyle, ile potrzebujesz, bez obaw o gigantyczne dopłaty po sezonie grzewczym. To ogromna rzadkość i komfort finansowy. ​LOKALIZACJA – WSZYSTKO W ZASIĘGU 100 METRÓW: ​To idealne miejsce do życia, gdzie absolutnie wszystko, co potrzebne na co dzień, znajduje się w obrębie zaledwie 100 metrów od bloku: ​Edukacja: Szkoła oraz przedszkole (bezpieczna droga dla dziecka). ​Zakupy: Sklep Biedronka na wyciągnięcie ręki. ​Zdrowie: Przychodnia lekarska oraz przychodnia weterynaryjna dla czworonogów. ​Komunikacja: Przystanek autobusowy znajduje się prawie pod samym blokiem, co gwarantuje świetne połączenie z resztą Katowic. ​Natura: Bliskość lasów panewnickich i ścieżek rowerowych przy jednoczesnym szybkim dojeździe do autostrady A4. ​STAN TECHNICZNY I WYPOSAŻENIE: ​Mieszkanie bez nakładów finansowych: W 2018 roku przeszło generalny remont zaraz po zakupie. ​Świeżo odświeżone: W zeszłym roku (2025 r.) wszystkie ściany zostały profesjonalnie odmalowane. ​Pełne wyposażenie: Mieszkanie jest sprzedawane z pełnym umeblowaniem i sprzętem – gotowe do zamieszkania od zaraz. ​PRZESTRZEŃ DO PRZECHOWYWANIA I PARKING: ​Do mieszkania przynależy niespotykana na rynku ilość dodatkowej przestrzeni (wszystko w cenie!): ​Balkon – idealny na poranną kawę z widokiem na zieleń. ​Pojemna piwnica. ​Prywatna komórka lokatorska na tym samym piętrze. ​Dodatkowa komórka na strychu. ​Parking: Pod blokiem znajduje się przestronny parking, zawsze bez problemu znajdziesz wolne miejsce. ​STAN PRAWNY: ​Pełna własność z Księgą Wieczystą. ​Mieszkanie czyste prawnie: brak jakichkolwiek obciążeń, zadłużeń czy kredytu hipotecznego. Gwarancja szybkiej i bezpiecznej transakcji. ​Mieszkanie sprzedawane bezpośrednio przez właściciela. Biurom nieruchomości i pośrednikom dziękuję – proszę nie dzwonić. ​Zapraszam do kontaktu i na prezentację!",tak,,osobna,plastikowe,własność,,50.234916,18.96338
Katowice Śródmieście,ul. ks. Piotra Skargi,3,51,599000,11745.0,Pośrednik,,4,https://adresowo.pl/o/mieszkanie-katowice-srodmiescie-ul-ks-piotra-skargi-3-pokojowe-y8r9i0,https://s2.adresowa.pl/oi/22/5b/3da8e4_82d7_cover@2x-3-pokojowe-mieszkanie-katowice-srodmiescie-ul-ks-piotra-skargi.webp,Katowice Śródmieście,ks. Piotra Skargi,3,2026.0,apartamentowiec,,"Na sprzedaż funkcjonalne i komfortowe mieszkanie 3 - pokojowe o powierzchni 51 m², położone w nowoczesnym budynku w ścisłym centrum Katowic. W inwestycji dostępne są również inne mieszkania o metrażach od 28 m² do 126 m², dzięki czemu każdy znajdzie coś dopasowanego do swoich potrzeb. To idealna propozycja zarówno dla osób szukających mieszkania dla siebie, jak i dla inwestorów pod wynajem - świetna lokalizacja gwarantuje wysoką atrakcyjność nieruchomości. Ważne informacje: - Cena: 599 000 zł - Cena za m2: 11 745 zł - Powierzchnia: 51 m² - Liczba pokoi: 3 - Duży balkon Budynek i udogodnienia: - nowoczesna inwestycja w centrum miasta - winda w budynku - komórka lokatorska - klub mieszkańca W pobliżu: - sklepy, centrum handlowe - restauracje - przystanki komunikacji miejskiej - szybki dojazd do głównych dróg Zapraszam do kontaktu, chętnie pomogę, a dodatkowo przy współpracy ze mną nie mają Państwo dodatkowych kosztów: BRAK PROWIZJI oraz PODATKU PCC! Jeżeli potrzebują Państwo porady od eksperta finansowego to nasi doradcy chętnie dobiorą najkorzystniejszą ofertę. Kontakt: Kinga Fiszebrandt - [numer] Przedstawione w ofercie zdjęcia stanowią wizualizacje, wykonaną przez firmę Quality Investment NOTUS Finanse S.A. występuje w charakterze pośrednika w obrocie nieruchomościami. Przedstawiona oferta cenowa ma wyłącznie charakter informacyjny i nie stanowi oferty handlowej w rozumieniu art. 66 § 1 kodeksu cywilnego. Notus Finanse S.A.",,tak,aneks,plastikowe,,,50.261594,19.019169
Katowice Śródmieście,ul. Przemysłowa,2,38,699000,18395.0,bez pośredników,,9,https://adresowo.pl/o/mieszkanie-katowice-srodmiescie-ul-przemyslowa-2-pokojowe-a4q5g0,https://s2.adresowa.pl/oi/12/4d/3e9a5e_fcb5_cover@2x-2-pokojowe-mieszkanie-katowice-srodmiescie-ul-przemyslowa.webp,Katowice Śródmieście,Przemysłowa,2,2025.0,apartamentowiec,,"Na sprzedaż wyjątkowy 2-pokojowy apartament o powierzchni 38,8 m², z balkonem 4,5 m², położony w prestiżowej inwestycji Belg Apartamenty (I etap) w Katowicach. To propozycja dla osób, które cenią wysoką jakość, dopracowany design i swój czas. Mieszkanie jest w pełni wykończone, wyposażone i gotowe do zamieszkania od zaraz - bez remontu, bez oczekiwania na realizację zabudów meblowych i bez dodatkowych kosztów. Apartament został zaprojektowany przez architekta wnętrz z wyjątkową dbałością o funkcjonalność, proporcje przestrzeni oraz scenariusze oświetlenia. Każdy element został starannie przemyślany - od układu zabudów stolarskich, przez dobór materiałów wykończeniowych, aż po detale podkreślające elegancki charakter wnętrza. Naturalne dekory drewna, powierzchnie inspirowane kamieniem, czarne akcenty oraz subtelne oświetlenie liniowe tworzą spójną, ponadczasową przestrzeń o wyraźnie premium charakterze. Najważniejsze atuty: - Belg Apartamenty - prestiżowa inwestycja, I etap - powierzchnia mieszkania 38,8 m² - balkon 4,5 m² - klimatyzacja - nowy, nigdy niezamieszkany apartament - projekt wnętrza wykonany przez architekta - meble wykonane na wymiar przez stolarza - wysokiej klasy sprzęt AGD Samsung i Bosch - liczne zabudowy zapewniające dużą ilość miejsca do przechowywania - nowoczesna łazienka z prysznicem walk-in - gotowe do zamieszkania od zaraz - sprzedaż bez prowizji Układ mieszkania: - salon z aneksem kuchennym i wyjściem na balkon - sypialnia z pojemną zabudową - łazienka z prysznicem walk-in - przedpokój z zabudową stolarską - balkon o powierzchni 4,5 m² Wyposażenie i standard: Wnętrze zostało wyposażone w wykonane na wymiar meble stolarskie, dzięki którym każdy metr mieszkania został funkcjonalnie wykorzystany. Zabudowa obejmuje: - pełną zabudowę kuchenną z wyspą, - pojemną szafę w sypialni, - zabudowę w przedpokoju, - meble łazienkowe wykonane na wymiar. Kuchnia wyposażona została w wysokiej klasy sprzęt AGD marek Samsung i Bosch. Zastosowane materiały wykończeniowe oraz starannie zaprojektowane oświetlenie nadają wnętrzu elegancki i ponadczasowy charakter. Dodatkowym atutem jest klimatyzacja zapewniająca komfort użytkowania przez cały rok. Lokalizacja: Belg Apartamenty to jedna z najbardziej rozpoznawalnych i cenionych inwestycji mieszkaniowych w Katowicach. Nowoczesna architektura, wysoki standard części wspólnych oraz doskonała komunikacja sprawiają, że jest to miejsce chętnie wybierane zarówno do zamieszkania, jak i jako lokata kapitału. W pobliżu znajdują się sklepy, restauracje, punkty usługowe, tereny rekreacyjne oraz przystanki komunikacji miejskiej. Lokalizacja zapewnia szybki dojazd do centrum Katowic oraz głównych tras aglomeracji. Jeżeli szukasz nowego apartamentu, który wyróżnia się jakością wykonania, przemyślanym projektem i gotowością do zamieszkania od pierwszego dnia, ta oferta spełni Twoje oczekiwania. Do mieszkania istnieje możliwość zakupu miejsca postojowego w garażu podziemnym oraz komórki lokatorskiej. Zapraszam do kontaktu i umówienia prezentacji.",tak,tak,aneks,,własność,Wyposażenie: klimatyzacja,50.254145,19.03164
Katowice Giszowiec,ul. Kolista,2,50,479000,9580.0,bez pośredników,,8,https://adresowo.pl/o/mieszkanie-katowice-giszowiec-ul-kolista-2-pokojowe-a4r7h6,https://s2.adresowa.pl/oi/54/66/3e9a44_8246_cover@2x-2-pokojowe-mieszkanie-katowice-giszowiec-ul-kolista.webp,Katowice Giszowiec,Kolista,4,,blok,,"Na sprzedaż przytulne mieszkanie o powierzchni 50 m² (4-te piętro) położone przy ul. Kolistej w katowickim Giszowcu. Układ mieszkania: - Kuchnia (z możliwością otwarcia na salon) - Dwa pokoje - Łazienka - Osobna toaleta - Duży, przestronny balkon - Piwnica - Miejskie ogrzewanie, ciepła woda z sieci Wyposażenie mieszkania do uzgodnienia. Lokalizacja i okolica: W pobliżu znajdują się sklepy, szkoły, przedszkola, żłobek, przychodnie lekarskie, komunikacja miejska oraz tereny rekreacyjne charakterystyczne dla dzielnicy Giszowiec (piękny, zielony park, rybaczówka). Lokalizacja zapewnia również szybki wyjazd na DK86, A4, DK81, DK79. Oferta bezpośrednio od właściciela. Kontakt telefoniczny: tydzień roboczy od godz. 16:00, weekend od 10:00 do 20:00.",tak,,,,,,50.227194,19.059177
Katowice Wełnowiec,ul. Bytkowska 103C,1,30,380000,12667.0,bez pośredników,,9,https://adresowo.pl/o/mieszkanie-katowice-welnowiec-ul-bytkowska-1-pokoj-i4g4c0,https://s2.adresowa.pl/oi/42/5e/3e8fa6_f792_cover@2x-1-pokojowe-mieszkanie-katowice-welnowiec-ul-bytkowska.webp,Katowice Wełnowiec,Bytkowska 103C,parter,2019.0,apartamentowiec,,"Do sprzedaży kawalerka o powierzchni 31 m2 z tarasem, położona na parterze, 5-piętrowego nowoczesnego budynku oddanego do użytkowania w 2020 roku. Nieruchomość znajduje się w Katowicach na ulicy Bytkowskiej 103, w bezpośrednim sąsiedztwie jednej z najbardziej zielonych miejsc w aglomeracji, Parku Śląskiego. W pobliżu znajdują się sklepy, punkty usługowe oraz przystanki komunikacji miejskiej. Funkcjonalna przestrzeń typu open space z aneksem kuchennym, salon z wyjściem na taras.. Aneks kuchenny z zabudową i sprzętem AGD: płyta indukcyjna, piekarnik, zmywarka, okap, lodówka w zabudowie oraz półwysep. Łazienka z prysznicem i pralką. Przed budynkiem ogólnodostępne miejsca parkingowe za szlabanem. Czynsz administracyjny wynosi ok. 400 zł, zawiera zaliczkę za wodę, centralne ogrzewanie oraz opłatę za śmieci.",,,aneks,plastikowe,własność,"Wyposażenie: lodówka, piekarnik, zmywarka",50.291641,19.008296
Katowice Śródmieście,ul. Gliwicka,2,30,400000,13333.0,Pośrednik,,4,https://adresowo.pl/o/mieszkanie-katowice-srodmiescie-ul-gliwicka-2-pokojowe-i4x0r7,https://s2.adresowa.pl/oi/1a/56/3da8aa_4b0c_cover@2x-2-pokojowe-mieszkanie-katowice-srodmiescie-ul-gliwicka.webp,Katowice Śródmieście,Gliwicka,5,2026.0,apartamentowiec,,"Mieszkanie z potencjałem do wynajęcia. Inwestycja w centrum miasta. Przedstawiam ofertę funkcjonalnego mieszkania, zlokalizowanego w ścisłym centrum - Katowice na wyciągnięcie ręki. Największym atutem mieszkania jest układ, który umożliwia wydzielenie dwóch niezależnych pokoi, co czyni je ciekawą propozycją inwestycyjną. Ponad 200 nowoczesnych apartamentów, zaprojektowanych w duchu minimalistycznej elegancji. Jasne barwy i drewniane akcenty tworzą przytulne, harmonijne wnętrza. Ponadczasowa bryła, duże przeszklenia oraz przestronne tarasy i balkony wypełnią mieszkania naturalnym światłem i otworzą je na panoramę Katowic. Apartamenty zlokalizowane są w doskonale skomunikowanej części miasta, tuż przy nowoczesnych centrach biznesowych, oferując idealną równowagę między miejską dynamiką, a codziennym komfortem. Dodatkowym atutem inwestycji będzie nowoczesna siłownia dostępna dla mieszkańców, która umożliwi aktywny tryb życia bez konieczności opuszczania budynku. Dostępne lokale w różnych metrażach niepublikowanych na stronach. Atuty inwestycji: - Lokalizacja przy kultowym Spodku, doskonała komunikacja, - Bogata infrastruktura w najbliższym sąsiedztwie, - Balkony, tarasy, wysokie okna - Nowoczesna, kameralna siłownia dostępna wyłącznie dla mieszkańców inwestycji - dwa poziomy parkingowe Dlaczego warto? - potencjał inwestycyjny - rosnący popyt na mieszkania w centrum miasta. - blisko kluczowych punktów miasta. - stały wzrost liczby eventów tematycznych w Katowicach. - wielofunkcyjny potencjał lokalu To nie tylko piękne apartamenty, ale także wyjątkowa infrastruktura zaprojektowana z myślą o Twoim komforcie. Zapraszam do kontaktu -przygotuję ofertę na miarę Twoich oczekiwań. Filip Masłowski",,,aneks,,,,50.26737,18.98591
Katowice,ul. Ignacego Paderewskiego,3,50,591600,11832.0,Pośrednik,,5,https://adresowo.pl/o/mieszkanie-katowice-ul-ignacego-paderewskiego-3-pokojowe-h9b3m8,https://s2.adresowa.pl/oi/32/65/3da8a2_b453_cover@2x-3-pokojowe-mieszkanie-katowice-ul-ignacego-paderewskiego.webp,Katowice ,Ignacego Paderewskiego,1,2026.0,apartamentowiec,,"Mieszkanie 3-pokojowe z Balkonem w Katowicach, w jednej z najlepszych lokalizacji - blisko centrum, uczelni oraz terenów rekreacyjnych. Inwestycja znajduje się w bezpośrednim sąsiedztwie Doliny Trzech Stawów - jednego z najchętniej wybieranych miejsc do spacerów, biegania i rekreacji. Dodatkowym atutem jest bardzo dobry dojazd do centrum oraz bliskość komunikacji miejskiej i uczelni. Dostępne są mieszkania o powierzchniach od 25 do 82 m², w układach od 1 do 4 pokoi. Ceny rozpoczynają się od 378 000 zł, a ceny za m² już od 11 500 zł. Ważne informacje: - Wysoki standard deweloperski - Bardzo duże przeszklenia i szerokie balkony - Miejsca postojowe w garażu do każdego mieszkania - Stacja ładowania samochodów elektrycznych - Rowerownia i myjka dla psów - Klub mieszkańca ze strefą coworkingową To inwestycja, która świetnie sprawdzi się zarówno dla osób szukających idealnego miejsca do życia, jak i dla inwestorów. Mieszkania w tej lokalizacji cieszą się dużym zainteresowaniem najemców, co przekłada się na stabilny wynajem. Brak prowizji oraz brak podatku PCC. Zadzwoń lub napisz - umówimy prezentację i sprawdzimy, które mieszkanie będzie najlepiej pasować do Państwa oczekiwań. Współpraca ze mną to: - brak kosztów - profesjonalne doradztwo - wiele ofert dostępnych w jednym miejscu - jestem dostępny dla Państwa na każdym etapie transakcji - nasi eksperci finansowi mogą od razu dobrać Państwu najkorzystniejszy kredyt Zdjęcie to wizualizacja - realizację zapewniają współpracujące z nami firmy remontowe. NOTUS Finanse S.A. występuje w charakterze pośrednika w obrocie nieruchomościami. Przedstawiona oferta cenowa ma wyłącznie charakter informacyjny i nie stanowi oferty handlowej w rozumieniu art. 66¹ kodeksu cywilnego. Notus Finanse S.A.",,tak,aneks,plastikowe,własność,,50.25302,19.039001
Katowice Giszowiec,ul. Miła,3,61,465000,7623.0,bez pośredników,,16,https://adresowo.pl/o/mieszkanie-katowice-giszowiec-ul-mila-3-pokojowe-i7y7v8,https://s2.adresowa.pl/oi/5d/5a/3e8874_dcb3_cover@2x-3-pokojowe-mieszkanie-katowice-giszowiec-ul-mila.webp,Katowice Giszowiec,Miła,2,1980.0,blok,,"Przestronne mieszkanie 3 pokojowe zlokalizowane w budynku cztero kondygnacyjnym na drugim piętrze. Duży przedpokój, łazienka, osobne WC, duży balkon,domofon, osobna piwnica. Mieszkanie jest kompletnie umeblowane, w sypialni nowoczesne, białe meble z podświetleniem ledowym. Meble w salonie nieco starsze, stylowe z drewna. Szafki kuchenne dolne i gorne, zmywarka, kuchenka gazowa, wyciag, nowa ,duża lodówka marki LG jeszcze na gwarancji. W przedpokoju duża szafa wnekowa typu ""Komandor"" Mieszkanie znajduje się w bardzo atrakcyjnej, zielonej i spokojnej dzielnicy Katowic często nazywana ""Płucami Katowic"" Super lokalizacja, blisko szkoła ,przedszkole, plac zabaw, komunikacja miejska ,sklepy typu ""Biedronka"" ,""Zabka"". Lokal ten nie wymaga remontu, aczkolwiek małego odświeżenia. Mili i pomocni sąsiedzi. Zapraszam do kontaktu i prezentacji.",tak,,osobna,drewniane,własność,"Wyposażenie: kuchenka, lodówka, zmywarka",50.225151,19.072598
Katowice Śródmieście,ul. Adama Mickiewicza,3,54,924000,17111.0,bez pośredników,,7,https://adresowo.pl/o/mieszkanie-katowice-srodmiescie-ul-adama-mickiewicza-3-pokojowe-i6f8g9,https://s2.adresowa.pl/oi/2f/1a/3e8d7c_8462_cover@2x-3-pokojowe-mieszkanie-katowice-srodmiescie-ul-adama-mickiewicza.webp,Katowice Śródmieście,Adama Mickiewicza,21,2024.0,apartamentowiec,,"Przestronne mieszkanie na sprzedaż o powierzchni 54,69 m², usytuowane na wysokim piętrze w 26-piętrowym apartamentowcu. Mieszkanie posiada 3 pokoje, idealne do aranżacji według własnych potrzeb. Wnętrze wyposażone jest w: - klimatyzację, - windę, - domofon/wideofon, - monitoring/ochronę, - pomieszczenie użytkowe, - komórkę lokatorską - garaż/miejsce parkingowe. - ogrzewanie podłogowe. Mieszkając tutaj, masz również dostęp do mediów, takich jak internet i telewizja kablowa. Czynsz administracyjny wynosi tylko 7 PLN/m2. To doskonała propozycja dla osób szukających komfortu i bezpieczeństwa w centrum miasta. Dodatkowo płatna: Cena miejsca postojowego: 59 000 zł Cena komórki lokatorskiej: 29 000 zł Nie zwlekaj, skontaktuj się i umów na prezentację mieszkania! Oferta wystawiona grzecznościowo.",tak,tak,,,własność,Wyposażenie: internet,50.262141,19.016169
Katowice,Burowiec,2,46,380000,8261.0,bez pośredników,,8,https://adresowo.pl/o/mieszkanie-katowice-burowiec-2-pokojowe-46-m2-j7y5z0,https://s2.adresowa.pl/oi/74/7a/3e8b70_7493_cover@2x-2-pokojowe-mieszkanie-katowice-burowiec.webp,Katowice Burowiec,,2,,blok,,"Przestronne dwupokojowe mieszkanie w Katowicach, dzielnica Burowiec. Na sprzedaż trafia wyjątkowo ustawne mieszkanie dwupokojowe o powierzchni 45,67 m², zlokalizowane w zielonej i świetnie skomunikowanej części Katowic. Mieszkanie znajduje się w bloku na drugim piętrze, co zapewnia idealny kompromis pomiędzy wygodą a prywatnością. Co znajdziesz w środku? Mieszkanie ma bardzo funkcjonalny układ pomieszczeń, w skład którego wchodzą: * Salon/pokój 18 m² - przestronne, z wejściem na balkon, idealne do wypoczynku. * Sypialnia/pokój 10 m² - ustawna i przytulna. * Kuchnia około 9 m² - oddzielna, z dużym potencjałem aranżacyjnym. * Przedpokój 6 m² - łączący wygodnie całą przestrzeń. * Łazienka 2,6 m². Do mieszkania przynależy również piwnica - jest to idealne miejsce na rower lub przetwory. Świetna lokalizacja - infrastruktura, wszystko, czego potrzebujesz na co dzień, masz dosłownie na wyciągnięcie ręki. Dla rodziny i aktywnych: blisko przedszkole, szkoły, sklepy oraz miejski basen (idealne miejsce na relaks po pracy). Komunikacja - bardzo dobra, bezpośrednie połączenia autobusowe, blisko przystanki, błyskawiczny dojazd zarówno w stronę centrum, jak i do Sosnowca. Szczegóły finansowe: Cena: 380 000 zł. Czynsz około 720 zł, naliczany za dwie osoby. Zapraszam do kontaktu i na prezentację. Mieszkanie z ogromnym potencjałem, idealne dla pary, singla lub jako inwestycja pod wynajem.",tak,,,,,,50.274352,19.075914
Katowice,ul. Śląska,3,68,845000,12426.0,Pośrednik,,6,https://adresowo.pl/o/mieszkanie-katowice-ul-slaska-3-pokojowe-z9x5c8,https://s2.adresowa.pl/oi/3a/61/3da894_8d79_cover@2x-3-pokojowe-mieszkanie-katowice-ul-slaska.webp,Katowice ,Śląska,parter,2026.0,apartamentowiec,,"Apartamentowiec w zielonym sercu aglomeracji. Prezentowana oferta obejmuje apartamenty w nowoczesnym, kameralnym osiedlu zlokalizowanym w bezpośrednim sąsiedztwie rozległych kompleksów leśnych. Projekt urzeka błyskotliwym designem, bogactwem zastosowanych rozwiązań technologicznych oraz użyciem wysokiej klasy materiałów wykończeniowych. Dla miłośników przestrzeni zaprojektowaliśmy mieszkania parterowe z ogrodem lub na wyższych kondygnacjach z przestronnymi balkonami. Dla najbardziej wymagających powstaną apartamenty widokowe na najwyższej kondygnacji budynków, wyposażone w duże tarasy. Dostępne są również lokale nieprezentowane w sieci - lokale od 26 do 114 m2. Atuty inwestycji: - wysokość apartamentówWysokie, przestronne wnętrza: apartamenty o wysokości 2,8 m a na ostatnim piętrze 3 metry. - Aluminiowa stolarka okienna. 3-szybowe okna. - Ogrzewanie podłogowe - możliwość montażu systemu sterowania regulacją temperatury. - Przygotowana i gotowa instalacja do montażu klimatyzacji w każdym z mieszkań. - Wentylacja mechaniczna nawiewno-wywiewna z odzyskiem ciepła z powietrza wywiewanego o sprawności do 80% - ładowarki pojazdów - tarasyTwój balkon -Twoja oaza. - recepcja Informacje techniczne: - teren zamknięty - garaż podziemny - miejsca postojowe - komórki lokatorskie - monitoring - wózkownie i rowerownie - paczkomat To nie tylko piękne apartamenty, ale także wyjątkowa infrastruktura zaprojektowana z myślą o Twoim komforcie. Zapraszam do kontaktu -przygotuję ofertę na miarę Twoich oczekiwań. Filip Masłowski",,,aneks,,,,50.216368,18.956531
Katowice Śródmieście,ul. Sokolska,2,41,456000,11122.0,Pośrednik,,4,https://adresowo.pl/o/mieszkanie-katowice-srodmiescie-ul-sokolska-2-pokojowe-d9n5m0,https://s2.adresowa.pl/oi/65/64/3da892_82eb_cover@2x-2-pokojowe-mieszkanie-katowice-srodmiescie-ul-sokolska.webp,Katowice Śródmieście,Sokolska,9,2026.0,apartamentowiec,,"Mieszkania w nowoczesnym, wyróżniającym się budynku w samym centrum Katowic - trzy kaskadowe budynki z usługowym parterem i funkcjonalnymi układami mieszkań. Oferta obejmuje szeroki wybór metraży, od kompaktowych kawalerek po przestronne apartamenty dla rodzin. Lokalizacja zapewnia wygodny dostęp do usług, restauracji i komunikacji miejskiej. Brak prowizji oraz brak podatku PCC. Układ od dewelopera to tylko propozycja, w tym dokładnie mieszkaniu można z łatwością wydzielić drugi pokój. Ważne informacje: - Dostępne metraże: 27 - 126 m² (od 1 do 5 pokoi) - Garaż podziemny - ogródki z widokiem na park - Dostępne komórki lokatorskie - Duży balkon - Lokalizacja w samym centrum Katowic Wykonawcą inwestycji jest profesjonalny i renomowany deweloper działający wiele lat na rynku oferujący nowoczesne mieszkania w atrakcyjnych lokalizacjach, wyróżniający się dobrą relacją jakości do ceny. Nadal dostępny jest szeroki wybór mieszkań Zadzwoń lub napisz - umówimy prezentację i dopasujemy mieszkanie do Państwa potrzeb. Współpraca ze mną to: - brak kosztów - profesjonalne doradztwo - wiele ofert dostępnych w jednym miejscu - jestem dostępny dla Państwa na każdym etapie transakcji - nasi eksperci finansowi mogą od razu dobrać Państwu najkorzystniejszy kredyt Zdjęcia to wizualizacja, gotowych projektów przygotowanych przez firmę Quality Investment zajmującą się wykończeniem mieszkań. NOTUS Finanse S.A. występuje w charakterze pośrednika w obrocie nieruchomościami. Przedstawiona oferta cenowa ma wyłącznie charakter informacyjny i nie stanowi oferty handlowej w rozumieniu art. 66 1 kodeksu cywilnego. Notus Finanse S.A.",,tak,aneks,plastikowe,własność,,50.265275,19.018708
Katowice,Śródmieście,2,41,350000,8537.0,bez pośredników,,6,https://adresowo.pl/o/mieszkanie-katowice-srodmiescie-2-pokojowe-41-m2-l3r7k5,https://s2.adresowa.pl/oi/19/2d/3e8b42_6565_cover@2x-2-pokojowe-mieszkanie-katowice-srodmiescie.webp,Katowice Śródmieście,,1,,blok,,"Oferuję na sprzedaż 2-pokojowe mieszkanie inwestycyjne o powierzchni 41 m². Znajduje się na pierwszym piętrze w bloku. Mieszkanie wynajęte, możliwa zapłata czynszu za wynajem za rok z góry. Mieszkanie jest umeblowane, słoneczne i jasne, składa się z salonu z aneksem kuchennym, sypialni, przedpokoju z zabudowaną szafą i łazienki. Całość prezentuje się schludnie i estetycznie. Mieszkanie znajduje się w Śródmieściu Katowic, blisko urzędów, uczelni i instytucji, a także szkół i przedszkoli. Nieopodal Dolina 3 Stawów. Jeśli szukasz komfortowego mieszkania, które od pierwszych chwil będzie zarabiać dla Ciebie, nie zwlekaj, skontaktuj się ze mną już dziś! Możliwość kupna miejsca parkingowego na parkingu przy budynku.",,,aneks,,,,50.11814,18.974203
Katowice Piotrowice,ul. gen. Zygmunta Waltera Jankego,2,42,341000,8119.0,bez pośredników,,13,https://adresowo.pl/o/mieszkanie-katowice-piotrowice-ul-gen-zygmunta-waltera-jankego-2-pokojowe-k6i1u3,https://s2.adresowa.pl/oi/75/72/3e8b32_81da_cover@2x-2-pokojowe-mieszkanie-katowice-piotrowice-ul-gen-zygmunta-waltera-jankego.webp,Katowice Piotrowice,gen. Zygmunta Waltera Jankego,3,1977.0,blok,,"Dzień dobry, Oferuję do sprzedaży bezpośrednio od właściciela, bez pośredników, słoneczne mieszkanie w spokojnej okolicy Katowic - Piotrowice. Mieszkanie znajduje się w pobliżu przystanku komunikacyjnego, sklepów, domu kultury i piekarni, niedaleko Libero. Spokojna okolica z dobrą komunikacją z centrum Katowic, Ligotą i Ochojcem. Dobry dojazd na UM, do szpitala w Ochojcu, Szpitala kolejowego itp. Blisko tereny rekreacyjne : Straganiec liczne trasy rowerowe Mieszkanie ma założoną księgę wieczystą brak obciążeń i wpisów Forma własności: -odrębna własność z KW Powierzchnia: 42,70 m² Dodatkowo👉👉 balkon + piwnica Atuty👇👇👇 -dwa niezależne pokoje, -osobna łazienka i ubikacja -osobna kuchnia - jasne ustawie pokoje - do wszystkich pomieszczeń wejście z przedpokoju - duża liczba miejsc parkingowych dla mieszkańców pod blokiem - niskie koszty utrzymania opłaty ok 520 zł z zaliczka na co do Spółdzielni Mieszkanie usytuowane jest na trzecim piętrze czteropiętrowego bloku, środkowe, blok nie ma windy. Mieszkanie pomalowane w 2026 roku. Pojemna, zabudowana szafa znajduje się w przedpokoju i druga szafa w pokoju. Mieszkanie jest wyposażone w instalację: - gaz z sieci, - centralne ogrzewanie miejskie, - instalację TV kablowej i światłowód Orange. Mieszkanie posiada aktualne świadectwo energetyczne. 👉Dostępne natychmiast👈👈👈 👉Sprzedaż bezpośrednio od właściciela, więc nie ma kosztów pośrednika. 👉Mieszkanie nadaje się pod inwestycje - było wynajmowane przez 5 ostatnich lat. Zapraszam.",tak,,osobna,plastikowe,własność,Wyposażenie: tv,50.209538,18.982157
Katowice,Zadole,2,42,365000,8690.0,bez pośredników,,10,https://adresowo.pl/o/mieszkanie-katowice-zadole-2-pokojowe-42-m2-c2l2f3,https://s2.adresowa.pl/oi/30/36/3e8aca_a970_cover@2x-2-pokojowe-mieszkanie-katowice-zadole.webp,Katowice Zadole,,6,1977.0,blok,,"Sprzedam 2-pokojowe mieszkanie 42,7 m² w Katowicach Ligocie- Osiedle Zadole. Osiedle Zadole to jedna z najbardziej zielonych części Katowic, ceniona za spokojny charakter oraz bardzo dobrą infrastrukturę. Mieszkanie jest blisko Śląskiego Uniwersytetu Medycznego, położone na szóstym piętrze w dziesięciopiętrowym bloku z dwoma windami. Na korytarzu dodatkowe drzwi oddzielające cztery mieszkania (miejsce na przechowywanie wózków i rowerów), zadbana klatka schodowa. Budynek w najbliższym czasie (wg informacji uzyskanych ze spółdzielni mieszkaniowej) będzie poddany termomodernizacji. Mieszkanie przeszło kompleksowy remont wraz z wymianą instalacji wodno-kanalizacyjnej, montażem sufitów podwieszanych w przedpokoju i łazience, ukryciem rur gazowych i wodnych, wymianą wszystkich drzwi, położeniem gładzi, płytek i paneli. Lokal jest gotowy do zamieszkania bez nakładów finansowych. Wszystkie pomieszczenia zostały pomalowane w maju 2026 roku. Mieszkanie jest idealną propozycją zarówno dla rodziny, jak i na wynajem, szczególnie ze względu na bliskość Śląskiego Uniwersytetu Medycznego. Układ mieszkania: dwa niezależne pokoje, kuchnia, łazienka z prysznicem, przedpokój, balkon, piwnica. Standard i wyposażenie: kuchnia (szafki wiszące i stojące, kuchenka gazowa, piekarnik elektryczny, lodówka podblatowa, nowe oświetlenie LED), pokój (regał z szafami, narożnik, dwie komody, stolik kawowy), sypialnia (duża szafa, łóżko, stoliki nocne, półki na książki), łazienka (kabina prysznicowa z deszczownicą, podwieszana toaleta, pralka, umywalka z szafką, podświetlane lustro, oświetlenie sufitowe LED), przedpokój (duża i pojemna szafa). Całe wyposażenie w cenie mieszkania. Media: ogrzewanie miejskie, ciepła woda z piecyka gazowego Junkers. Koszty utrzymania: Czynsz administracyjny wynosi obecnie około 900 zł miesięcznie i obejmuje: - centralne ogrzewanie, - wywóz śmieci, - zaliczkę na zimną wodę, - fundusz remontowy, - konserwację domofonu, - podatek. W pobliżu: Śląski Uniwersytet Medyczny, żłobek, przedszkola, szkoła podstawowa i liceum ogólnokształcące, dworzec PKP Katowice Ligota, centrum handlowe Auchan, sklepy, kościół, przystanek autobusowy oraz stacja rowerów miejskich, opieka medyczna (w niedalekiej odległości znajdują się liczne szpitale, przychodnie oraz centra medyczne). W najbliższej okolicy znajdują się również: park i basen Zadole, Centrum Przesiadkowe Ligota, centrum handlowe Libero. Stan prawny: Mieszkanie spółdzielcze, własnościowe bez księgi wieczystej. Zapraszam do obejrzenia mieszkania. Biurom nieruchomości oraz audytorom energetycznym uprzejmie dziękuję za oferty i współpracę.",tak,,osobna,,,"Wyposażenie: kuchenka, lodówka, piekarnik, pralka",50.218803,18.976768
Katowice,ul. Śląska,2,27,337000,12481.0,Pośrednik,,4,https://adresowo.pl/o/mieszkanie-katowice-ul-slaska-2-pokojowe-d3x2f0,https://s2.adresowa.pl/oi/50/67/3da890_eae2_cover@2x-2-pokojowe-mieszkanie-katowice-ul-slaska.webp,Katowice ,Śląska,1,2026.0,apartamentowiec,,"Apartamentowiec w zielonym sercu aglomeracji. Prezentowana oferta obejmuje apartamenty w nowoczesnym, kameralnym osiedlu zlokalizowanym w bezpośrednim sąsiedztwie rozległych kompleksów leśnych. Projekt urzeka błyskotliwym designem, bogactwem zastosowanych rozwiązań technologicznych oraz użyciem wysokiej klasy materiałów wykończeniowych. Dla miłośników przestrzeni zaprojektowaliśmy mieszkania parterowe z ogrodem lub na wyższych kondygnacjach z przestronnymi balkonami. Dla najbardziej wymagających powstaną apartamenty widokowe na najwyższej kondygnacji budynków, wyposażone w duże tarasy. Dostępne są również lokale nieprezentowane w sieci - lokale od 26 do 114 m2. Atuty inwestycji: - wysokość apartamentówWysokie, przestronne wnętrza: apartamenty o wysokości 2,8 m a na ostatnim piętrze 3 metry. - Aluminiowa stolarka okienna. 3-szybowe okna. - Ogrzewanie podłogowe - możliwość montażu systemu sterowania regulacją temperatury. - Przygotowana i gotowa instalacja do montażu klimatyzacji w każdym z mieszkań. - Wentylacja mechaniczna nawiewno-wywiewna z odzyskiem ciepła z powietrza wywiewanego o sprawności do 80% - ładowarki pojazdów - tarasyTwój balkon -Twoja oaza. - recepcja Informacje techniczne: - teren zamknięty - garaż podziemny - miejsca postojowe - komórki lokatorskie - monitoring - wózkownie i rowerownie - paczkomat To nie tylko piękne apartamenty, ale także wyjątkowa infrastruktura zaprojektowana z myślą o Twoim komforcie. Zapraszam do kontaktu -przygotuję ofertę na miarę Twoich oczekiwań. Filip Masłowski",,,,,,,50.216368,18.956531
Katowice,ul. Śląska,3,96,1446000,15062.0,Pośrednik,,5,https://adresowo.pl/o/mieszkanie-katowice-ul-slaska-3-pokojowe-s2u8e1,https://s2.adresowa.pl/oi/4d/7d/3da88c_d227_cover@2x-3-pokojowe-mieszkanie-katowice-ul-slaska.webp,Katowice ,Śląska,4,2026.0,apartamentowiec,,"Apartamentowiec w zielonym sercu aglomeracji. Prezentowana oferta obejmuje apartamenty w nowoczesnym, kameralnym osiedlu zlokalizowanym w bezpośrednim sąsiedztwie rozległych kompleksów leśnych. Projekt urzeka błyskotliwym designem, bogactwem zastosowanych rozwiązań technologicznych oraz użyciem wysokiej klasy materiałów wykończeniowych. Dla miłośników przestrzeni zaprojektowaliśmy mieszkania parterowe z ogrodem lub na wyższych kondygnacjach z przestronnymi balkonami. Dla najbardziej wymagających powstaną apartamenty widokowe na najwyższej kondygnacji budynków, wyposażone w duże tarasy. Dostępne są również lokale nieprezentowane w sieci - lokale od 26 do 114 m2. Atuty inwestycji: - wysokość apartamentówWysokie, przestronne wnętrza: apartamenty o wysokości 2,8 m a na ostatnim piętrze 3 metry. - Aluminiowa stolarka okienna. 3-szybowe okna. - Ogrzewanie podłogowe - możliwość montażu systemu sterowania regulacją temperatury. - Przygotowana i gotowa instalacja do montażu klimatyzacji w każdym z mieszkań. - Wentylacja mechaniczna nawiewno-wywiewna z odzyskiem ciepła z powietrza wywiewanego o sprawności do 80% - ładowarki pojazdów - tarasyTwój balkon -Twoja oaza. - recepcja Informacje techniczne: - teren zamknięty - garaż podziemny - miejsca postojowe - komórki lokatorskie - monitoring - wózkownie i rowerownie - paczkomat To nie tylko piękne apartamenty, ale także wyjątkowa infrastruktura zaprojektowana z myślą o Twoim komforcie. Zapraszam do kontaktu -przygotuję ofertę na miarę Twoich oczekiwań. Filip Masłowski",,,aneks,,,,50.216368,18.956531
Katowice os. Tysiąclecia,ul. Piastów,1,27,312000,11556.0,bez pośredników,,9,https://adresowo.pl/o/mieszkanie-katowice-os-tysiaclecia-ul-piastow-1-pokoj-p9i1w4,https://s2.adresowa.pl/oi/13/10/3e89fe_94ea_cover@2x-1-pokojowe-mieszkanie-katowice-os-tysiaclecia-ul-piastow.webp,Katowice os. Tysiąclecia,Piastów,4,1968.0,blok,,"Oferuję na sprzedaż jednopokojowe mieszkanie o powierzchni 28 m² z dużym balkonem od wschodniej strony. Mieszkanie jest całkowicie wyremontowane (łącznie z wymianą instalacji elektrycznej i wod-kan) i znajduje się na czwartym piętrze w 13-piętrowym bloku. Mieszkanie sprzedawane jest z pełnym wyposażeniem. Łazienka również w nowoczesnym stylu z nową kabiną prysznicową. Mieszkanie nie wymaga wkładu finansowego. Idealne pod wynajem lub jako pierwsze mieszkanie. Lokalizacja to Osiedle Tysiąclecia w Katowicach, co zapewnia bliskość do wielu atrakcji. W okolicy znajdują się parki, kawiarnie oraz restauracje. Komunikacja jest dobrze rozwinięta, a przystanki autobusowe są w zasięgu kilku minut spacerem. W pobliżu są także szkoły oraz centra handlowe.",,,,plastikowe,własność,,50.273988,18.980822
Katowice Śródmieście,ul. Uniwersytecka,2,37,420000,11351.0,bez pośredników,,16,https://adresowo.pl/o/mieszkanie-katowice-srodmiescie-ul-uniwersytecka-2-pokojowe-h7g0e0,https://s2.adresowa.pl/oi/3f/1e/3e88e8_763b_cover@2x-2-pokojowe-mieszkanie-katowice-srodmiescie-ul-uniwersytecka.webp,Katowice Śródmieście,Uniwersytecka,5,1980.0,blok,,"Mieszkanie znajduje się w super lokalizacji, wszędzie blisko, do tego dwa parkingi ze szlabanem do dyspozycji dla lokatorów. bardzo dobrze ulokowane, zielono, centrum rozrywki, centrum uniwersytetu, kilka biurowców, centrum Katowic, spodek. Blok po kapitalnym remoncie, łącznie z termoizolacją, Młode windy, osobowe i jedna towarowa. przydzielona piwnica. Dwa pokoje, kuchnia, łazienka z centralnym korytarzem, do tego mamy widną kuchnię, nie na każdym piętrze jest i piwnicę. zdjęcia umieszczone z przed 3 lat jak wystawiałem na wynajem, cały czas na wynajmie, bardzo chodliwe, nigdy nie miałem z tym problemu, dostępne w 30 od podpisania umowy wstępnej, czas na załatwienie Certyfikatu i umówieniu Notariusza. Czynsz podany jako stałe obciążenia dla spółdzielni, dochodzą opłaty zależne od zużycia, za odpady, zimną wodę i ścieki, Centralne ogrzewanie. Rok budowy pobrany z innych podobnych ogłoszeń. jeśli jest inny proszę o poprawienie mnie. Możliwość negocjacji ceny, To mieszkanie jest świetną ofertą na własne potrzeby lub jako inwestycja.",tak,,osobna,drewniane,własność,,50.262334,19.029785
Katowice Bogucice,ul. Wincentego Wajdy,2,49,419000,8551.0,bez pośredników,,12,https://adresowo.pl/o/mieszkanie-katowice-bogucice-ul-wincentego-wajdy-2-pokojowe-c6k3f2,https://s2.adresowa.pl/oi/58/7b/3e8482_cf96_cover@2x-2-pokojowe-mieszkanie-katowice-bogucice-ul-wincentego-wajdy.webp,Katowice Bogucice,Wincentego Wajdy,10,1981.0,blok,,"Na sprzedaż wyjątkowe mieszkanie z widokiem - Katowice, ul. Wajdy (49 m², 2 pokoje) Gdyby nie fakt, że potrzebujemy większej przestrzeni, nie planowalibyśmy się stąd wyprowadzać. To mieszkanie ma świetną lokalizację, widok na panoramę miasta i super sąsiadów :) Najważniejsze informacje: - Powierzchnia: 49 m² - Piętro: 10/10 - Ekspozycja: zachodnia (WSW) - piękne zachody słońca przez cały rok - Ogrzewanie i ciepła woda: miejskie - Budynek: po termomodernizacji - Do mieszkania przynależy piwnica - Duży parking dla mieszkańców pod blokiem - Możliwość zamieszkania od razu po zakupie - Wyposażenie mieszkania w cenie Układ mieszkania: - jasny, przestronny salon z wyjściem na balkon - sypialnia - osobna kuchnia - łazienka + oddzielna toaleta - funkcjonalny przedpokój Rozkład mieszkania świetnie sprawdza się także przy pracy zdalnej - pozwala na komfortową pracę dwóch osób lub stworzenie osobnego pokoju dla dziecka z większym odseparowaniem od części dziennej. Co wyróżnia to mieszkanie? - Widok - panorama miasta, dużo zieleni i spektakularne zachody słońca - Wysokie piętro - większe odcięcie od hałasu miasta - Świetni sąsiedzi i spokojna atmosfera - Sprawny zarządca i bezproblemowa wspólnota - szybkie reakcje na potrzeby mieszkańców - Zielone, rozwijające się osiedle - okolica stale się zmienia i zyskuje na wartości - W pobliżu powstają nowe inwestycje i główne punkty miasta m.in. Spodek, Międzynarodowe Centrum Kongresowe, Muzeum Śląskie, NOSPR, Centrum Himalaizmu. Przechowywanie i dodatkowe udogodnienia: - Bardzo duża ilość miejsca do przechowywania - Możliwość wynajmu komórki lokatorskiej od wspólnoty - Bliskość sklepów budowlanych - wygodne przy remontach lub drobnych pracach Lokalizacja - wszystko pod ręką: Pieszo: - Park Bogucki - 6 min - Park Wełnowiecki - 11 min - Spodek / Strefa Kultury - 12 min - Rynek - 18 min - Dworzec PKP / uczelnie - ok. 14-17 min W najbliższej okolicy: - Sklepy na wyciągnięcie ręki: Aldi, Żabka, lokalny warzywniak - szkoły, przedszkola, place zabaw - park dla psów - dużo terenów zielonych i spacerowych Samochodem: - szybki dojazd do S86, DTŚ i A4 - Galeria Katowicka, Silesia City Center, IKEA - kilkanaście minut Cena: Na podstawie aktualnych transakcji w tej okolicy 419 000 zł stanowi atrakcyjny punkt wyjścia do rozmów. Podsumowanie: To idealne mieszkanie dla osób, które chcą mieszkać blisko centrum, ale cenią sobie zieleń i komfort codziennego życia. Sprawdzi się zarówno dla pary, rodziny, jak i inwestycyjnie. Zapraszam do kontaktu i umówienia się na prezentację - to miejsce naprawdę warto zobaczyć na żywo!",tak,,osobna,plastikowe,własność,,50.270691,19.035231
Katowice,Nikiszowiec,2,46,506952,11021.0,Pośrednik,,3,https://adresowo.pl/o/mieszkanie-katowice-nikiszowiec-2-pokojowe-46-m2-o9n6r6,https://s2.adresowa.pl/oi/5f/33/3da888_8eef_cover@2x-2-pokojowe-mieszkanie-katowice-nikiszowiec.webp,Katowice Nikiszowiec,,5,2025.0,apartamentowiec,,"Tylko w naszym biurze !!! NOTUS !!! Komfortowe mieszkanie w zielonej i spokojnej okolicy dzielnicy Katowic Nikiszowiec .To idealna propozycja dla osób ceniących komfort, bliskość natury oraz doskonałą komunikację z centrum miasta. Powierzchnia: 47 m² | Vpiętro | balkon I Mieszkanie składa się z:' Korytarz – 5,19 m² Łazienka – 4,56m² Salon z aneksem kuchennym – 23,47 m² Pokój – 13,72 m² Układ mieszkania został zaprojektowany z myślą o maksymalnej funkcjonalności i wygodzie codziennego życia. Duże przeszklenia zapewniają doskonałe doświetlenie wnętrz, a widok na zielone otoczenie sprzyja relaksowi. Osiedle oferuje liczne udogodnienia, takie jak zielone strefy relaksu, plac zabaw, infrastruktura rowerowa oraz garaże podziemne i miejsca parkingowe. W parterach budynków znajdują się lokale usługowe, które umożliwiają szybki dostęp do codziennych potrzeb. Lokalizacja łączy ciszę i bliskość terenów zielonych z bardzo dobrą komunikacją — do centrum Katowic można dotrzeć w około 12 minut, a w pobliżu znajdują się główne trasy wylotowe (A4, DK86, DTŚ).Mieszkanie doskonale sprawdzi się zarówno jako mieszkanie dla singla, pary lub rodziny, jak i jako inwestycja pod wynajem. Cena sprzedaży: 507 00 zł. - podana cena obejmuje stan deweloperski i jest ceną brutto, - Kupujący nie płaci podatku PCC przy zakupie. W przypadku dodatkowych pytań zapraszamy do kontaktu telefonicznego [numer]. Zadzwoń i umów się na prezentację – takie oferty szybko znikają z rynku! Przedstawiona oferta cenowa ma wyłącznie charakter informacyjny i nie stanowi oferty handlowej w rozumieniu art. 66 § 1 kodeksu cywilnego. Wizualizacja została przygotowana wyłącznie na potrzeby oferty i ma charakter poglądowy. Notus Finanse S.A.",,tak,aneks,plastikowe,,,50.24317,19.08331
Katowice,Nikiszowiec,2,46,480000,10435.0,Pośrednik,,2,https://adresowo.pl/o/mieszkanie-katowice-nikiszowiec-2-pokojowe-46-m2-v3m4d6,https://s2.adresowa.pl/oi/57/63/3da880_bf5b_cover@2x-2-pokojowe-mieszkanie-katowice-nikiszowiec.webp,Katowice Nikiszowiec,,3,,apartamentowiec,,"Komfortowe mieszkanie w zielonej i spokojnej okolicy dzielnicy Katowic Nikiszowiec . To idealna propozycja dla osób ceniących komfort, bliskość natury oraz doskonałą komunikację z centrum miasta. Powierzchnia: 46 m² | III piętro | balkon Mieszkanie składa się z: - Przedpokój – 7,90 m² - Łazienka – 8,26 m² - Salon z aneksem kuchennym – 20,39 m² - Pokój - 10,19 m2 Osiedle oferuje liczne udogodnienia, takie jak zielone strefy relaksu, plac zabaw, infrastruktura rowerowa oraz garaże podziemne i miejsca parkingowe. Lokalizacja łączy ciszę i bliskość terenów zielonych z bardzo dobrą komunikacją — do centrum Katowic można dotrzeć w około 12 minut, a w pobliżu znajdują się główne trasy wylotowe (A4, DK86, DTŚ).Mieszkanie doskonale sprawdzi się zarówno jako mieszkanie dla singla, pary lub rodziny, jak i jako inwestycja pod wynajem. Cena sprzedaży: 480 000,00 zł. - podana cena obejmuje stan deweloperski i jest ceną brutto, - Kupujący nie płaci podatku PCC przy zakupie. W przypadku dodatkowych pytań zapraszamy do kontaktu telefonicznego [numer]. Przedstawiona oferta cenowa ma wyłącznie charakter informacyjny i nie stanowi oferty handlowej w rozumieniu art. 66 § 1 kodeksu cywilnego. Notus Finanse S.A.",,tak,aneks,plastikowe,,,50.24317,19.08331
Katowice Śródmieście,ul. ks. Piotra Skargi,1,29,421238,14525.0,bez pośredników,,1,https://adresowo.pl/o/mieszkanie-katowice-srodmiescie-ul-ks-piotra-skargi-1-pokoj-b8a3z9,https://s2.adresowa.pl/oi/1a/3f/3e83fc_3871_cover@2x-1-pokojowe-mieszkanie-katowice-srodmiescie-ul-ks-piotra-skargi.webp,Katowice Śródmieście,ks. Piotra Skargi,8,2026.0,apartamentowiec,,"Przedmiotem sprzedaży jest mieszkanie o powierzchni 29,10 m2 w nowoczesnym kompleksie budynków mieszkalnych MIKATO w budynku A na 8. piętrze. Mieszkanie składa się z pokoju dziennego z aneksem kuchennym do którego przylega loggia, łazienki i przedpokoju plus komórka lokatorska o powierzchni 3,17 m2. Cesja umowy deweloperskiej. Łączna wartość nieruchomości zgodnie z umową deweloperską wynosi 421 238,15 zł. Z naszej strony oczekujemy zwrotu dotychczas wpłaconych środków w wysokości 84 247,63 zł. Pozostała cześć ceny będzie regulowana przez kupującego zgodnie z harmonogramem płatności dewelopera. Ostatnia transza do 30.10.2026 r. Termin zakończenia budowy 30.10.2026 r. Sprzedaż bezpośrednio od osoby prywatnej. Pośrednikom i biurom nieruchomości dziękujemy.",tak,,aneks,,własność,,50.261594,19.019169
Katowice Śródmieście,ul. Sokolska,1,32,499000,15594.0,bez pośredników,,8,https://adresowo.pl/o/mieszkanie-katowice-srodmiescie-ul-sokolska-1-pokoj-y7y2w0,https://s2.adresowa.pl/oi/7a/65/3e8380_3e65_cover@2x-1-pokojowe-mieszkanie-katowice-srodmiescie-ul-sokolska.webp,Katowice Śródmieście,Sokolska,5,,apartamentowiec,,"Na sprzedaż wyjątkowy apartament w prestiżowej inwestycji SOKOLSKA TOWERS w samym sercu Katowic. Mieszkanie zlokalizowane jest w ścisłym centrum miasta, w jednej z najbardziej pożądanych inwestycji premium. Doskonała lokalizacja zapewnia szybki dostęp do najważniejszych punktów Katowic - zaledwie kilka minut spacerem do Rynku, Spodka oraz Dworca PKP. Atuty nieruchomości: • prestiżowy apartamentowiec Sokolska Towers • dostęp dla mieszkańców do prywatnej siłowni oraz sauny • nowoczesny standard budynku i części wspólnych • świetna komunikacja i infrastruktura miejska • blisko restauracji, sklepów, biurowców oraz terenów rekreacyjnych • idealne zarówno do zamieszkania, jak i jako inwestycja pod wynajem Lokal został zaprojektowany z dbałością o komfort i funkcjonalność. To doskonała propozycja dla osób ceniących miejski styl życia oraz wysoki standard. Zapraszam do kontaktu i umówienia prezentacji mieszkania.",,,,,,,50.265275,19.018708
Katowice Kostuchna,ul. Bażantów,2,42,567000,13500.0,bez pośredników,,18,https://adresowo.pl/o/mieszkanie-katowice-kostuchna-ul-bazantow-2-pokojowe-f2c2k6,https://s2.adresowa.pl/oi/3b/28/3e7f4c_c111_cover@2x-2-pokojowe-mieszkanie-katowice-kostuchna-ul-bazantow.webp,Katowice Kostuchna,Bażantów,3,2017.0,blok,,"Oferuję na sprzedaż komfortowe, w pełni wyposażone mieszkanie z balkonem w prestiżowej dzielnicy Katowic. Mieszkanie o powierzchni 42,93 m2, gotowe do natychmiastowego zamieszkania. W cenie 1,5 miejsca parkingowego na zamkniętym terenie osiedla. Aneks kuchenny wykonany z mebli na wymiar. Wyposażenie: - zmywarka - piekarnik - płyta indukcyjna - lodówka w zabudowie - wyciąg Łazienka z kabiną prysznicową (deszczownica), pralka w wyposażeniu. Dodatkowo internet i TV, piloty do bram wjazdowych. Lokalizacja: Mieszkanie znajduje się tuż obok terenów leśnych, ścieżek rowerowych i miejsc spacerowych. Bardzo dobry dojazd do centrum Katowic. Okolica spokojna, około 5 minut od centrum handlowego z obiektami gastronomicznymi i sportowymi. Place zabaw i przedszkole w najbliższej okolicy. Ogłoszenie prywatne, bez pośredników.",,tak,aneks,plastikowe,własność,"Wyposażenie: internet, lodówka, piekarnik, pralka, tv, zmywarka",50.198801,18.984622
Katowice,Nikiszowiec,4,70,665000,9500.0,Pośrednik,,4,https://adresowo.pl/o/mieszkanie-katowice-nikiszowiec-4-pokojowe-70-m2-x2h7q7,https://s2.adresowa.pl/oi/79/26/3da7ec_858a_cover@2x-4-pokojowe-mieszkanie-katowice-nikiszowiec.webp,Katowice Nikiszowiec,,parter,2025.0,apartamentowiec,,"Tylko u nas w biurze NOTUS ! Komfortowe mieszkanie w zielonej i spokojnej okolicy dzielnicy Katowic Nikiszowiec .To idealna propozycja dla osób ceniących komfort, bliskość natury oraz doskonałą komunikację z centrum miasta. Powierzchnia: 70 m² | parter | ogródek Mieszkanie składa się z: - Korytarz – 8,74 m² - Łazienka – 5,94 m² - Salon z aneksem kuchennym – 22,31 m² - Pokój – 11,87 m² - Pokój– 9,12 m² - Pokój– 10,24 m² Układ mieszkania - został zaprojektowany z myślą o maksymalnej funkcjonalności i wygodzie codziennego życia. - duże przeszklenia zapewniają doskonałe doświetlenie wnętrz, a widok na zielone otoczenie sprzyja relaksowi. Osiedle oferuje liczne udogodnienia, takie jak zielone strefy relaksu, plac zabaw, infrastruktura rowerowa oraz garaże podziemne i miejsca parkingowe. Lokalizacja łączy ciszę i bliskość terenów zielonych z bardzo dobrą komunikacją — do centrum Katowic można dotrzeć w około 12 minut, a w pobliżu znajdują się główne trasy wylotowe (A4, DK86, DTŚ).Mieszkanie doskonale sprawdzi się zarówno jako mieszkanie dla singla, pary lub rodziny, jak i jako inwestycja pod wynajem. Cena sprzedaży: 665 000 zł. - podana cena obejmuje stan deweloperski i jest ceną brutto, - Kupujący nie płaci podatku PCC przy zakupie. W przypadku dodatkowych pytań zapraszamy do kontaktu telefonicznego [numer]. Przedstawiona oferta cenowa ma wyłącznie charakter informacyjny i nie stanowi oferty handlowej w rozumieniu art. 66 § 1 kodeksu cywilnego. Notus Finanse S.A.",,tak,aneks,plastikowe,,,50.24317,19.08331
Katowice Śródmieście,ul. ks. Piotra Skargi,1,28,399900,14282.0,Pośrednik,,3,https://adresowo.pl/o/mieszkanie-katowice-srodmiescie-ul-ks-piotra-skargi-1-pokoj-m5m1j9,https://s2.adresowa.pl/oi/65/4e/3da78a_2ace_cover@2x-1-pokojowe-mieszkanie-katowice-srodmiescie-ul-ks-piotra-skargi.webp,Katowice Śródmieście,ks. Piotra Skargi,9,2027.0,apartamentowiec,,"BEZ PODATKU PCC I BEZ PROWIZJI DLA BIURA ! OFERTA SPRZEDAŻY APARTAMENTÓW – NOWOCZESNY SUPERBUDYNEK W MIEŚCIE Zapraszam do zapoznania się z ofertą wyjątkowych mieszkań w nowoczesnym, wielofunkcyjnym kompleksie, który łączy odważną architekturę, komfort codziennego życia oraz prestiżową, miejską lokalizację. To propozycja dla osób ceniących wygodę, design i pełną infrastrukturę w zasięgu ręki. O INWESTYCJI - Nowoczesny superbudynek składający się z trzech kaskadowych tarasowców - 16 kondygnacji - Otwarty, miejski parter z lokalami usługowymi - Ciekawa, nowoczesna architektura wyróżniająca się na tle okolicy - Przemyślane części wspólne i wysoki standard wykończenia Kaskadowa forma budynku zapewnia większą prywatność, atrakcyjne widoki oraz przestronne balkony i tarasy. DOSTĘPNE APARTAMENTY - ZADZWOŃ, DOBIERZEMY IDEALNIE SKROJONE MIESZKANIE DLA CIEBIE - Metraże od 27,81 m² do 125,91 m² - Układy od 1 do 5 pokoi - Wygodne, funkcjonalne rozkłady - Przestronne balkony lub tarasy - Duże przeszklenia gwarantujące doskonałe doświetlenie wnętrz Szeroka oferta metraży pozwala dopasować mieszkanie zarówno dla singli, par, rodzin, jak i inwestorów. STREFY DLA MIESZKAŃCÓW - Komfortowe strefy relaksacyjne - Klub mieszkańca – idealne miejsce do pracy zdalnej, spotkań i integracji - Starannie zaprojektowane przestrzenie wspólne sprzyjające budowaniu sąsiedzkiej społeczności To inwestycja, która oferuje coś więcej niż mieszkanie – tworzy przestrzeń do życia. LOKALIZACJA - Łatwe i szybkie połączenie z centrum miasta - Przystanki komunikacji publicznej bezpośrednio przy inwestycji - Rozwinięta infrastruktura handlowo-usługowa w najbliższym otoczeniu - Lokale usługowe na parterze budynku Doskonała lokalizacja sprawia, że to idealne miejsce zarówno do zamieszkania, jak i pod wynajem. DLACZEGO WARTO? - Nowoczesna, prestiżowa architektura - Bogata infrastruktura w budynku - Wysoki potencjał inwestycyjny - Komfort życia w centrum miejskich wydarzeń Zapraszam do kontaktu w celu uzyskania szczegółowych informacji o dostępnych apartamentach, rzutach oraz aktualnym cenniku. Możliwość wykończenia mieszkania pod klucz. Załączone wizualizacje są autorstwa Quality Investment. Aneta Barcicka",,tak,,plastikowe,własność,,50.261594,19.019169
Katowice,Piotrowice,4,105,760000,7238.0,bez pośredników,,8,https://adresowo.pl/o/mieszkanie-katowice-piotrowice-4-pokojowe-105-m2-m5d9z7,https://s2.adresowa.pl/oi/4b/75/3e7c04_3862_cover@2x-4-pokojowe-mieszkanie-katowice-piotrowice.webp,Katowice Piotrowice,,1,,kamienica,,"Na sprzedaż mieszkanie 105 metrów kwadratowych, ogród 450 metrów kwadratowych i garaż 25 metrów kwadratowych. Mieszkanie dwupoziomowe, kuchnia, cztery pokoje i dwie łazienki. Mieszkanie po generalnym remoncie. Więcej informacji udzielę telefonicznie.",,tak,,,,,50.205564,18.968699
Katowice Muchowiec,ul. gen. Władysława Sikorskiego,2,47,570000,12128.0,bez pośredników,,8,https://adresowo.pl/o/mieszkanie-katowice-muchowiec-ul-gen-wladyslawa-sikorskiego-2-pokojowe-x8u2j6,https://s2.adresowa.pl/oi/3b/5e/3e7bb4_b7fe_cover@2x-2-pokojowe-mieszkanie-katowice-muchowiec-ul-gen-wladyslawa-sikorskiego.webp,Katowice Muchowiec,gen. Władysława Sikorskiego,1,2026.0,blok,,"Na sprzedaż cesja praw z umowy deweloperskiej do wyjątkowego mieszkania 2-pokojowego w inwestycji INSPIRE Dolina Trzech Stawów, realizowanej przez OKAM. Mieszkanie znajduje się na 1. piętrze budynku E i posiada bardzo funkcjonalny układ 2 pokoi o powierzchni 47,97 m2 oraz balkon 4,68 m2. W skład nieruchomości wchodzą: - mieszkanie 47,97 m2 - balkon 4,68 m2 - miejsce postojowe w garażu podziemnym - komórka lokatorska 2,5 m2 Ceny poszczególnych elementów: - mieszkanie: 570 000 PLN - miejsce postojowe w garażu podziemnym: 42 000 PLN - komórka lokatorska: 10 000 PLN Cena za całość: 622 000 PLN. Najważniejsze informacje o mieszkaniu: - 1. piętro - wschodnia ekspozycja salonu - wentylacja mechaniczna - możliwość montażu klimatyzacji - ogrzewanie miejskie - nowoczesne budownictwo - bardzo dobry układ rodzinny - miejsce parkingowe w hali garażowej - komórka lokatorska Inwestycja realizowana przez renomowanego OKAM. Planowany termin zakończenia inwestycji: wrzesień 2026 roku. Forma sprzedaży: Cesja praw z umowy deweloperskiej. Idealna opcja dla osób, które chcą wejść w inwestycję jeszcze przed oddaniem budynku. Sprzedaż bezpośrednio od osoby prywatnej. Bez pośredników. Pośrednikom i biurom nieruchomości dziękuję, nie jestem zainteresowany. O inwestycji: INSPIRE DOLINA Trzech Stawów: INSPIRE to idealne miejsce dla aktywnych mieszkańców. Topowa lokalizacja i bliskość centrum miasta (2 km do katowickiego Rynku) łączy się z niezwykle zieloną okolicą Doliny Trzech Stawów, która sprzyja rekreacji. Najważniejsze atuty inwestycji: - Reprezentacyjna recepcja (bud. A) - Strefa mieszkańca (sala spotkań, bilard, przestrzeń dla dzieci) - Sala fitness, sauna - Darmowa wypożyczalnia rowerów - Punkty do zasilania pojazdów elektrycznych - Wózkarnia/rowerownia - Serwis rowerowy - Automat paczkowy - Panele fotowoltaiczne Lokalizacja: Inwestycja znajduje się przy ul. Sikorskiego w Katowicach, bezpośrednio przy Dolinie Trzech Stawów. Bardzo dobra komunikacja: - szybki dojazd do centrum Katowic (2km) - blisko trasy S86, DTŚ oraz autostrady A4 - dogodny dojazd zarówno samochodem, jak i komunikacją miejską. Wszystko w zasięgu ręki: - Usługi - Restauracje - Kultura i rozrywka - Edukacja - Sport i rekreacja - Ścieżka rowerowa - Rolkostrada - Przystanek autobusowy - Przystanek tramwajowy",tak,tak,,plastikowe,,,50.252394,19.037553
Katowice Bogucice,ul. Olimpijska,3,67,1121188,16734.0,bez pośredników,,12,https://adresowo.pl/o/mieszkanie-katowice-bogucice-ul-olimpijska-3-pokojowe-g6t3b3,https://s2.adresowa.pl/oi/39/66/3e79ce_c126_cover@2x-3-pokojowe-mieszkanie-katowice-bogucice-ul-olimpijska.webp,Katowice Bogucice,Olimpijska,29,2026.0,apartamentowiec,,"Wyjątkowe mieszkanie na 29. piętrze prestiżowej inwestycji Atal Olimpijska. To niepowtarzalna oferta dla osób poszukujących nieruchomości z panoramicznym widokiem i ponadstandardowym doświetleniem wnętrz. Lokal wyróżnia się tym, że jest jednym z zaledwie 5 mieszkań w całej inwestycji, w których zastosowano okna na pełną szerokość mieszkania, co zapewnia spektakularną ilość naturalnego światła oraz wyjątkowe widoki na panoramę miasta. Sprzedaż odbywa się na podstawie cesji umowy deweloperskiej, dzięki czemu kupujący nie płaci podatku PCC 2%, co stanowi realną oszczędność przy zakupie nieruchomości. Dodatkowo do mieszkania dostępne są: • komórka lokatorska - 16 800 zł • miejsce parkingowe - 50 000 zł Zakup komórki lokatorskiej oraz miejsca parkingowego dodatkowo płatny. To idealna propozycja zarówno do zamieszkania, jak i jako inwestycja premium.",tak,tak,,,własność,,50.265365,19.028386
Katowice,ul. Graniczna,4,82,1434945,17499.0,Pośrednik,,5,https://adresowo.pl/o/mieszkanie-katowice-ul-graniczna-4-pokojowe-c5j5z3,https://s2.adresowa.pl/oi/18/41/3da756_cb4c_cover@2x-4-pokojowe-mieszkanie-katowice-ul-graniczna.webp,Katowice ,Graniczna,7,2023.0,apartamentowiec,,"Apartamenty z widokiem na trzy stawy. Rekreacja oraz relaks w zasięgu wzroku. Na sprzedaż wyjątkowe mieszkanie o powierzchni 84 m² położone na 7. piętrze nowoczesnego osiedla powstającego w bezpośrednim sąsiedztwie Dolina Trzech Stawów . To prestiżowa lokalizacja, w której natura spotyka się z miastem, a komfort życia wchodzi na zupełnie nowy poziom. Inwestycja obejmuje 6 kameralnych budynków z szeroką ofertą mieszkań — a ten lokal to jedna z najlepszych propozycji w całym projekcie. Duży metraż, wysokość, piękne światło i panorama z okien sprawiają, że to przestrzeń dla osób, które oczekują więcej niż standard. Atuty mieszkania: - 84 m² — idealne dla pary, rodziny lub pod inwestycję premium - 7. piętro — wysoki komfort prywatności i świetne doświetlenie - Możliwość aranżacji z przestronną strefą dzienną - Widok na Dolinę Trzech Stawów – jeden z najmocniejszych punktów oferty - Nowoczesny, ponadczasowy standard inwestycji Wyróżnia nas standard: - wodne ogrzewanie podłogowe, doprowadzone z sieci miejskiej - wysokość pomieszczeń – 2,75 m – dzięki czemu lokale są widne i przestronne - klatki schodowe to nowoczesny, a jednocześnie ponadczasowy design zaprojektowany przez wiodącą na Śląsku pracownię, współpracującą z najlepszymi deweloperami w całej Polsce. Posiadam również oferty mieszkań nieopublikowanych w sieci. Dopasujemy ofertę do Twoich potrzeb. Filip Masłowski",,tak,,,,,50.252652,19.033983
Katowice,ul. Leopolda,4,84,840000,10000.0,Pośrednik,,5,https://adresowo.pl/o/mieszkanie-katowice-ul-leopolda-4-pokojowe-c5b8z9,https://s2.adresowa.pl/oi/2f/6c/3da752_da67_cover@2x-4-pokojowe-mieszkanie-katowice-ul-leopolda.webp,Katowice ,Leopolda,1,2027.0,apartamentowiec,,"Nowoczesne mieszkania w otoczeniu zieleni. Unikatowa i nowatorska propozycja wśród katowickich inwestycji mieszkaniowych, oferująca znacznie więcej niż komfortowe apartamenty. To wyjątkowe połączenie tętniącego życiem miasta z odprężającą i ożywczą zielenią parku, który stanowi esencję i jest sercem całego projektu. Wyróżniająca się, innowacyjna koncepcja wielorodzinnego budynku. Atuty inwestycji:- strefa wypoczynkowa, park w centrum inwestycji - stojaki zewnętrzne na rowery - stanowiska naprawcze dla rowerów - zielony taras na dachu - miejsce do ładowania pojazdów elektrycznych - balkony/loggie, tarasy, ogródki - miejsca postojowe i garaż podziemny - komórki lokatorskie Lokalizacja:- 2 min przystanek autobusowy - 7 min supermarket, IKEA - 12 – 14 min szkoła podstawowa, przedszkole - 6 min ośrodek zdrowia - 6 min centrum sportowe i fitness - 18 min Park Śląski, Legendia - 7 min centrum - Rynek - 9 min Silesia City Center - 15 min Dworzec PKP Katowice Posiadam również oferty mieszkań nieopublikowanych w sieci. Dopasujemy ofertę do Twoich potrzeb. Filip Masłowski",,tak,,,,,50.271862,19.045119
Katowice os. Tysiąclecia,ul. Tysiąclecia,1,27,260000,9630.0,bez pośredników,,14,https://adresowo.pl/o/mieszkanie-katowice-os-tysiaclecia-ul-tysiaclecia-1-pokoj-u1v0o8,https://s2.adresowa.pl/oi/5f/78/3e7496_ea12_cover@2x-1-pokojowe-mieszkanie-katowice-os-tysiaclecia-ul-tysiaclecia.webp,Katowice os. Tysiąclecia,Tysiąclecia,6,1978.0,blok,,"Oferuję na sprzedaż kawalerkę o powierzchni 27,4 m² zlokalizowaną na 6 piętrze przy ul. Tysiąclecia 19 w Katowicach. Do mieszkania przynależą piwnica i balkon. Lokal składa się z przedpokoju, łazienki, oddzielnej kuchni z możliwością przerobienia na aneks oraz przestronnego salonu z wyjściem na balkon. Mieszkanie sprzedawane jest bez mebli, przeznaczone do kapitalnego remontu - idealne dla osób szukających nieruchomości do własnej aranżacji lub pod inwestycję. Ogromnym atutem jest lokalizacja na popularnym Osiedlu Tysiąclecia - tuż obok Parku Śląskiego, jednego z największych parków miejskich w Europie, oferującego tereny spacerowe, rowerowe, rekreacyjne oraz liczne atrakcje. Osiedle jest bardzo dobrze skomunikowane - szybki dojazd do centrum Katowic (ok. 4-5 km), w pobliżu DTŚ oraz ul. Chorzowskiej. W okolicy znajdują się przystanki autobusowe i tramwajowe zapewniające wygodne połączenie z centrum miasta i miastami ościennymi. W razie zainteresowania zapraszam wyłącznie do kontaktu telefonicznego. ZAPRASZAM DO WSPÓŁPRACY AGENTÓW Z ZAINTERESOWANYMI KLIENTAMI.",tak,,osobna,plastikowe,własność,,50.277082,18.980107
Katowice Dąb,ul. Johna Baildona,4,144,2118000,14708.0,bez pośredników,,20,https://adresowo.pl/o/mieszkanie-katowice-dab-ul-johna-baildona-4-pokojowe-v9a9j8,https://s2.adresowa.pl/oi/13/64/3e746a_46b7_cover@2x-4-pokojowe-mieszkanie-katowice-dab-ul-johna-baildona.webp,Katowice Dąb,Johna Baildona,7,2011.0,blok,,"[TOP PREMIUM] Architektoniczny unikat 144 m² | Naturalne drewno i cegła Nelissen | Dębowe Tarasy - Cena: 2 118 000 zł - Powierzchnia użytkowa: 144,45 m² - Liczba pokoi: 4 (przestronny salon z aneksem kuchennym + 3 sypialnie) - Piętro: 7. piętro (przepiękna panorama i doskonałe doświetlenie) - Lokalizacja: Katowice, ul. Johna Baildona (Osiedle Dębowe Tarasy) - Dostępność: Wolne od zaraz (Termin sprzedaży: ASAP) - W cenie nieruchomości: 2 komórki lokatorskie (5,75 m²) oraz 2 miejsca w garażu podziemnym (poziom -1) - Stan prawny: Pełna własność jednej osoby z Księgą Wieczystą. Brak hipoteki Prestiżowy adres i unikalny projekt architektoniczny. Z przyjemnością prezentujemy wyjątkową nieruchomość dla najbardziej wymagających klientów - monumentalny, 4-pokojowy apartament o powierzchni aż 144,45 m², położony na 7. piętrze flagowej katowickiej inwestycji ""Dębowe Tarasy"". Wnętrze zostało w całości zaprojektowane oraz urządzone pod nadzorem renomowanego architekta. Nie ma tu miejsca na kompromisy - każdy detal został przemyślany tak, aby łączyć ponadczasową estetykę z najwyższą funkcjonalnością. Po odświeżeniu apartament jest w pełni gotowy do wprowadzenia się. Materiały najwyższej próby (Klasa Premium). W wykończeniu wnętrz zastosowano wyłącznie szlachetne, naturalne i starannie selekcjonowane materiały: - Naturalne podłogi: Wykonane z wysokiej klasy naturalnego drewna, w tym niezwykle trwałego i ekskluzywnego drewna tekowego. - Unikalny design: Filary w salonie zostały wyłożone oryginalną, ręcznie formowaną cegłą Nelissen, co nadaje wnętrzu wyjątkowy, loftowo-elegancki charakter. - Włoska ceramika: W strefach sanitarnych i kuchennych położono wielkoformatowe płytki włoskie klasy premium. - Pokój kąpielowy: W łazience znajduje się wolnostojąca, luksusowa wanna ceramiczna oraz specjalnie zaprojektowana, podtynkowa deszczownica tworząca prywatną strefę SPA. Sprawdzona jakość i wyjątkowy komfort termiczny. Apartament został oddany do użytku w 2011 roku w najlepszej, pierwszej fazie inwestycji. - Brak wad ukrytych: Budynek przeszedł już naturalny proces osiadania, a lokal został perfekcyjnie sprawdzony w toku wieloletniej eksploatacji - konstrukcja nie wykazuje absolutnie żadnych wad. - Cisza i ciepło: Dzięki doskonałej izolacji termicznej i akustycznej apartament jest bardzo ciepły zimą (co przekłada się na niskie koszty utrzymania) oraz wyjątkowo cichy. Zapewnia to pełną prywatność i wysoki komfort akustyczny na 7. piętrze. Przemyślany układ pomieszczeń i wyposażenie w cenie. - Strefa dzienna: Imponujący salon płynnie połączony z kuchnią. W cenie zawarte są meble kuchenne robione na wymiar wraz z pełnym wyposażeniem AGD. - Elastyczność: Pozostałe meble mogą na życzenie kupującego pozostać w apartamencie lub zostać usunięte przez właściciela. - Pokoje i zaplecze: 3 ustawne sypialnie, duża łazienka, osobne WC oraz niezwykle praktyczne pomieszczenie gospodarcze wewnątrz lokalu. Dwa balkony oraz pełne zaplecze na poziomie -1. Niezaprzeczalnym atutem są dwa niezależne balkony: wschodnio-północny (8,41 m²) - idealny na poranną kawę, oraz południowy (5,73 m²) - doskonały do popołudniowego odpoczynku. W cenie nieruchomości uwzględniono także dwie komórki lokatorskie (łącznie 5,75 m²) oraz dwa szerokie miejsca w garażu podziemnym. Elitarne osiedle i bezkonkurencyjna lokalizacja. Osiedle Dębowe Tarasy to teren zamknięty, monitorowany i chroniony całodobowo (24/7). Na jego obszarze znajdują się piękne, tereny zielone (uzyskanie takiego efektu roślinności na nowych osiedlach zajmuje minimum 16 lat), place zabaw dla dzieci, miejsca do spacerowania z pupilami oraz ścieżki do uprawiania nordic walking. Położenie gwarantuje bezpośrednie sąsiedztwo centrum handlowego Silesia City Center (butiki, restauracje, kino) oraz bliskość Parku Śląskiego (tereny rekreacyjne, Zoo). Szybki dojazd do Drogowej Trasy Średnicowej (DTŚ) oraz autostrady A4 pozwala dotrzeć do ścisłego centrum Katowic w zaledwie 3 minuty. Kontakt i warunki sprzedaży. Nieruchomość jest wolna i gotowa do transakcji od zaraz. Prezentacja apartamentu odbywa się wyłącznie po wcześniejszym telefonicznym lub mailowym umówieniu wizyty. Ogłoszenie bezpośrednie od właściciela. Agencjom nieruchomości zdecydowanie dziękuję - prosimy nie dzwonić z ofertami współpracy.",tak,tak,aneks,plastikowe,własność,,50.270686,19.00084
Katowice Wełnowiec,ul. Tomasza Kotlarza,3,49,337000,6878.0,bez pośredników,,18,https://adresowo.pl/o/mieszkanie-katowice-welnowiec-ul-tomasza-kotlarza-3-pokojowe-s0z9l5,https://s2.adresowa.pl/oi/2f/15/3e30b6_e9d3_cover@2x-3-pokojowe-mieszkanie-katowice-welnowiec-ul-tomasza-kotlarza.webp,Katowice Wełnowiec,Tomasza Kotlarza,3,1972.0,blok,,"Na sprzedaż mieszkanie o powierzchni 49.5 m² położone w Katowicach – Wełnowiec-Józefowiec, na 3 piętrze w bloku po termomodernizacji. Mieszkanie posiada dużo dobrych cech: - ustawny metraż, funkcjonalny układ pomieszczeń, na podłodze parkiet, centralne ogrzewanie, gaz - spokojna, cicha okolica (w najbliższym otoczeniu: szkoła, przedszkole, przychodnia, sklepy, apteka, punkty usługowe, tereny zielone), - atrakcyjna lokalizacja (1 km/12 min. pieszo od SCC, 500m do Parku Śląskiego), - dobra komunikacja, - szybki dojazd do centrum Katowic, - do lokalu należy piwnica o powierzchni 2,83 m² - mieszkanie jest jasne i dobrze oświetlone (ekspozycja okien: na dwie strony świata pn/wsch i pd/zach). Czynsz: 700 zł (w tym woda i CO) Lokal wymaga kompleksowego remontu, co daje możliwość aranżacji według własnych potrzeb, ewentualnie przygotowania mieszkania pod inwestycję / wynajem. Mieszkanie sprzedaję samodzielnie, gdyby to jednak się zmieniło informuję że mam już wybranego agenta nieruchomości.",tak,,osobna,plastikowe,własność,,50.279594,19.007671
Katowice Józefowiec,ul. Józefowska,3,62,479000,7726.0,Pośrednik,,19,https://adresowo.pl/o/mieszkanie-katowice-jozefowiec-ul-jozefowska-3-pokojowe-n3q0o2,https://s2.adresowa.pl/oi/20/50/3d9dc2_2927_cover@2x-3-pokojowe-mieszkanie-katowice-jozefowiec-ul-jozefowska.webp,Katowice Józefowiec,Józefowska,6,,blok,,"OFERTA NA WYYŁĄCZNOŚĆ Oferujemy Państwu na sprzedaż przestronne i atrakcyjne mieszkanie usytuowane w Katowicach przy ulicy Józefowskiej na 6 piętrze w budynku z windą. W sąsiedztwie znajduje się plac zabaw dla dzieci w otoczeniu zieleni oraz duży parking ogólnodostępny. Bliskość szkół, przedszkoli oraz żłobków stanowi dodatkowy atut. Mieszkanie o powierzchni 62,8 m2 składa się 3 pokoi, widnej i przestronnej kuchni, osobnej łazienki, wc, dużego salonu oraz dwóch mniejszych przejściowych pokoi tj.: gabinetu i sypialni piętrze w budynku z windą. Mieszkanie posiada balkon, a jego ekspozycja okien to wschód i zachód, zapewniając doskonałe doświetlenie. W budynku jest ogrzewanie miejskie, wszystkie media są opomiarowane, a ciepła woda pochodzi z piecyka gazowego. Rodzaj prawa : spółdzielcze własnościowe prawo z księgą wieczystą Czynsz: 1.100,00 PLN (w tym zaliczki na c.o., wodę, wywóz nieczystości) Cena: 479.000,00 PLN do negocjacji Internet światłowodowy to dodatkowy atut. Lokal wymaga odświeżenia, jednak nie jest konieczny gruntowny remont. W cenie mogą pozostać niektóre meble np. szafy, zabudowa kuchenna wraz ze sprzętem AGD, w tym pralka, lodówka, zmywarka i mikrofalówka. To idealna propozycja dla osób ceniących komfort i dogodną lokalizację. Zapraszam do kontaktu i na prezentację! Przedstawione na naszych stronach oferty nie stanowią oferty w rozumieniu Kodeksu Cywilnego. EXCLUSIVE OFFER We are pleased to offer for sale a spacious and attractive flat situated in Katowice on Józefowska Street, on the 6th floor of a building with a lift. There is a children’s playground surrounded by greenery and a large public car park in the vicinity. The proximity of schools, nurseries and crèches is an added bonus. The 62.8 m² flat comprises 3 rooms, a bright and spacious kitchen, a separate bathroom, a toilet, a large living room and two smaller connecting rooms, namely a study and a bedroom, on the 6th floor of a building with a lift. The flat has a balcony, and its windows face east and west, ensuring excellent natural light. The building has district heating, all utilities are metered, and hot water is supplied by a gas boiler. Type of title: cooperative ownership with a land and mortgage register Rent: PLN 1,100.00 (including advance payments for central heating, water and waste collection) Price: PLN 479,000.00 (negotiable) Fibre-optic internet is an added bonus. The property needs freshening up, but a full refurbishment is not necessary. Some furniture may be included in the price, e.g. wardrobes, fitted kitchen units including appliances such as a washing machine, fridge, dishwasher and microwave. This is an ideal proposition for those who value comfort and a convenient location. Please feel free to contact me for a viewing! The offers presented on our website do not constitute an offer within the meaning of the Civil Code. ::LINK DO STRONY [www]/oferta.aspx?id=[numer] ::KONTAKT DO AGENTA Obsługa biura [numer] [email]",,,osobna,plastikowe,,"Wyposażenie: internet, lodówka, mikrofalówka, pralka, zmywarka",50.283059,19.014605
Katowice Bogucice,ul. ks. Franciszka Ścigały,3,65,529000,8138.0,Pośrednik,,26,https://adresowo.pl/o/mieszkanie-katowice-bogucice-ul-ks-franciszka-scigaly-3-pokojowe-e5r1f1,https://s2.adresowa.pl/oi/14/56/3d943e_4a94_cover@2x-3-pokojowe-mieszkanie-katowice-bogucice-ul-ks-franciszka-scigaly.webp,Katowice Bogucice,ks. Franciszka Ścigały,2,1975.0,blok,,"3-pokojowe mieszkanie po generalnym remoncie - Katowice, ul. Ścigały Na sprzedaż funkcjonalne i w pełni wyremontowane mieszkanie o powierzchni 58 m² , zlokalizowane w Katowicach przy ul. Ścigały. Układ pomieszczeń: przestronny salon 2 niezależne pokoje oddzielna kuchnia przedpokój łazienka osobne WC balkon Dodatkowo do mieszkania przynależy piwnica o powierzchni 5 m² . Standard i wyposażenie: Mieszkanie znajduje się na 2 piętrze i przeszło generalny remont . Wszystko jest nowe i gotowe dla nowego Właściciela. Atuty nieruchomości: gotowe do wprowadzenia - bez dodatkowych nakładów finansowych funkcjonalny, niezależny układ pomieszczeń balkon spokojna i dobrze skomunikowana lokalizacja blisko Centrum Katowic. piwnica jako dodatkowa przestrzeń do przechowywania Lokalizacja: Mieszkanie znajduje się w dogodnej części Katowic - w pobliżu sklepy, szkoły, przystanki komunikacji miejskiej oraz szybki dojazd do centrum. Cena: 529 000 zł Zapraszam do kontaktu i umówienia się na prezentację! Pośrednik odpowiedzialny zawodowo za wykonanie umowy pośrednictwa: Karolina Niedźwiedzka (licencja nr: 6910)",tak,,,plastikowe,,,50.266699,19.037776
Katowice,Śródmieście,2,60,530000,8833.0,bez pośredników,,8,https://adresowo.pl/o/mieszkanie-katowice-srodmiescie-2-pokojowe-60-m2-l5n2q4,https://s2.adresowa.pl/oi/21/74/3e7412_b422_cover@2x-2-pokojowe-mieszkanie-katowice-srodmiescie.webp,Katowice Śródmieście,,parter,,kamienica,,"Na sprzedaz jasne mieszkanie na wysokim parterze w zadbanej kamienicy w scislym centrum ( naprzeciwko Ministerstwa Przemyslu). Lokal jest wstanie zamieszkania/odswiezenia ( wymaga kosmetycznego pomalowania drzwi wewnetrznych ,naprawy kontaktu ,dzwonka, szafy) co zostalo juz uwzglednione w cenie. Duza kuchnia z oknem, duza lazienka z wanna i oknem co zapewnia oswietlenie i wentylacje. Ogrzewanie miejskie - odpowietrzone mocne kaloryfery. Kamienica w doskonalym stanie-domofon-monitoring, W mieszkaniu zamontowano nowoczesne podwojne okna plastikowe oraz solidne drzwi wejsciowe ( Master56k.prod.Delta). Szybki internet, tel.kablowa. Przestronny pokoj dzienny-2 okna, przed oknami ogrodzony pas zieleni, co zapewnia prywatnosc i dystans od chodnika. Piwnica jest niewykupiona , ale nalezy do mieszkania.",tak,,,plastikowe,,Wyposażenie: internet,50.11814,18.974203
Katowice Załęska Hałda,ul. Ligocka,3,48,495000,10312.0,bez pośredników,,9,https://adresowo.pl/o/mieszkanie-katowice-zaleska-halda-ul-ligocka-3-pokojowe-w6u0m2,https://s2.adresowa.pl/oi/6b/42/3e6f80_ce8c_cover@2x-3-pokojowe-mieszkanie-katowice-zaleska-halda-ul-ligocka.webp,Katowice Załęska Hałda,Ligocka,parter,,blok,,"Sprzedam mieszkanie na parterze o powierzchni 48,05 m², gotowe do zamieszkania. Mieszkanie przeszło kapitalny remont, obejmujący wymianę ścian działowych, wszystkich instalacji, stolarki okiennej oraz stolarki drzwiowej. Podczas prac remontowych zostały użyte materiały z górnej półki. Wykończenie mieszkania zostało zrealizowane z dbałością o ergonomię. Mieszkanie jest w pełni wyposażone w meble oraz sprzęty AGD, w tym pralkę, zmywarkę i lodówkę. Kuchnia została wykonana na wymiar z dbałością o zagospodarowanie każdego wolnego miejsca. W sypialni znajduje się obszerna szafa w zabudowie z drzwiami przesuwnymi, rozwiązująca problem przechowywania wszelakich rzeczy. Dodatkowe atuty to: - piwnica - oddzielna kuchnia - ogrzewanie miejskie - drzwi antywłamaniowe - domofon Mieszkanie znajduje się w doskonałej lokalizacji, śródmieście w zasięgu ręki - idealny punkt komunikacyjny. A sama okolica jest bardzo cicha i spokojna. W pobliżu znajduje się pełna infrastruktura, a także piękny Park Kościuszki. Mieszkanie znajduje się w bloku z żelbetu, wykonanego metodą ślizgową (monolit). Czynsz wynosi około 900 PLN. Zachęcam do kontaktu, aby umówić się na obejrzenie mieszkania!",tak,,osobna,,,"Wyposażenie: lodówkę, pralkę, zmywarkę",50.236923,18.984066
Katowice Dąb,ul. Akacjowa,3,51,529900,10390.0,bez pośredników,,13,https://adresowo.pl/o/mieszkanie-katowice-dab-ul-akacjowa-3-pokojowe-y3v7a5,https://s2.adresowa.pl/oi/14/13/3e6e86_7e8b_cover@2x-3-pokojowe-mieszkanie-katowice-dab-ul-akacjowa.webp,Katowice Dąb,Akacjowa,3,,blok,,"Wysoki standard! Mieszkanie gotowe do wprowadzenia lub pod wynajem. SPRZEDAŻ BEZPOŚREDNIA - bez prowizji dla Kupujących! Katowice ul. Akacjowa 2 Generalny remont obejmował między innymi: - wymianę instalacji elektrycznej, - wymianę instalacji wodno-kanalizacyjnej, - wymianę stolarki drzwiowej (nowe drzwi zewnętrzne antywyważeniowe i wewnętrzne) - pełny remont łazienki (nowe płytki, armatura, sanitariaty), - w cenie również pełna zabudowa kuchenna (bez AGD). Mieszkanie składa się z: - przestronnego salonu z aneksem kuchennym, jadalnią oraz balkonem, - ustawnej sypialni, - pokoju dla dziecka / biura / innego pokoju do własnej aranżacji, - łazienki z WC, - przedpokoju. Powierzchnia mieszkania: 54,2 mkw - (3,2mkw) piwnica + balkon (nie wliczony w pow. mieszkania) Informacje dodatkowe: - Druga lina zabudowy od Parku Śląskiego - mieszkanie dwustronne okna PVC skierowane na południowy wschód, południowy zachód - ogrzewanie miejskie, - miejsce parkingowe przy budynku, - mieszkanie bez obciążeń, - wejście do klatki schodowej zabezpieczone domofonem, - niski, kameralny blok, - budynek po termomodernizacji, - zadbana klatka schodowa. Czynsz 377 zł + centralne ogrzewanie + śmieci + woda Komunikacja: - Dzielnica jest dobrze skomunikowana węzłami drogowymi zapewniającymi szybki transport do głównych arterii drogowych, a sprawna komunikacja miejska zapewnia szybki dostęp do centrum Katowic. - 300m - Przystanek autobusowy, - 450m - Przystanek tramwajowy, Lokalizacja: - Mieszkanie znajduje się zaledwie 150 metrów od Parku Śląskiego , w pobliżu również szkoła, przedszkole, żłobek. Blisko markety spożywcze, piekarnia, apteka, - Centrum handlowe Silesia - 3 min samochodem. - Spodek – 5 min samochodem Sprzedaż bezpośrednia od właściciela, bez prowizji. Zapraszam do kontaktu oraz do obejrzenia mieszkania. Kontakt w godzinach 8-20, poniedziałek-niedziela.",tak,tak,osobna,plastikowe,,,50.273045,18.995187
Katowice Śródmieście,ul. Krzywa,2,37,389000,10514.0,Pośrednik,,8,https://adresowo.pl/o/mieszkanie-katowice-srodmiescie-ul-krzywa-2-pokojowe-u6y9a3,https://s2.adresowa.pl/oi/59/48/3d9436_a84b_cover@2x-2-pokojowe-mieszkanie-katowice-srodmiescie-ul-krzywa.webp,Katowice Śródmieście,Krzywa,parter,,kamienica,,"Do sprzedania Mieszkanie zlokalizowane w Zrewitalizowanej Kamienicy w ścisłym śródmieściu Katowic w świetnej Kultowej Lokalizacji przy ul. Krzywej! Nieruchomość w stanie po generalnym remonciei w wysokim standardzie, gotowa pod wynajem lub do zamieszkania Cena obejmuję mieszkanie z pełnym widocznym na zdjęciach umeblowaniem i wyposażeniem AGD , w tym indukcja, zmywarka itp. Mieszkanie składa się z: - salonu z aneksem kuchennym oraz jadalnią - osobnej sypialni - łazienki - przestronnego korytarza z pojemną szafą Minuta pieszo do dworca! Ul. Krzywa to wyjątkowa, kultowa wręcz brukowana uliczka zlokalizowana przy samym Dworcu oraz Placu Andrzeja! Bardzo urokliwa, ustronna oraz cicha uliczka, która jednakowo znajduje się w Ścisłym Śródmieściu Katowic. Świetna lokalizacja inwestycyjna nadająca się idealnie pod najem Długo oraz Krótko-Terminowy typu Booking, Airbnb itp. Na ulicy znajdują się miejsca takie jak : Nowo otwarta Winiarnia oferująca włoskie produkty, ekskluzywny zakład krawiecki itp. W najbliższej odległości również wszelkie inne niezbętne punkty usługowe. Mieszkanie w zrewitalizowanej Kamienicy: -Nowa Klatka schodowa, -Nowe piony Wodno-Kanalizacyjne -Nowa instalacja elektryczna z licznikiem 3-fazowym na każde mieszkanie -Nowa kotłownia wraz z rozprowadzeniem nowej instalacji miejskiego ogrzewania -Nowe Pokrycie Dachu, -Nowe okna, -Parking, Piwnice, Komórki) Remont mieszkań obejmował: - nowa instalacja elektryczna/hydrauliczna w całym mieszkaniu - ogrzewanie Miejskie! - ścianki działowe - gładzie na ścianach - malowanie - okna plastikowe - nowe drzwi wejściowe antywłamaniowe - drzwi wewnętrzne -panele / salon -kuchnia na wymiar z pełnym wyposażeniem AGD - łazienka -płytki kuchnia/łazienka - Zabudowa oraz wszystkie meble i sprzęty są zawarte w cenie mieszkania. -Możliwość zakupu mieszkania bez wyposażenia (łóżko szafki szafy sofa stolik itd) Dodatkowo możliwość dokupienia na własność: -Piwnicy -Komórki lokatorskiej W razie pytań proszę o kontakt telefoniczny: [numer] Treść niniejszego ogłoszenia nie stanowi oferty handlowej w rozumieniu Kodeksu Cywilnego.",,tak,,plastikowe,własność,Wyposażenie: zmywarka,50.25535,19.0162
Katowice Zawodzie,al. Walentego Roździeńskiego,3,60,499000,8317.0,Pośrednik,,8,https://adresowo.pl/o/mieszkanie-katowice-zawodzie-al-walentego-rozdzienskiego-3-pokojowe-c2k5t2,https://s2.adresowa.pl/oi/41/19/3d8bb0_e51f_cover@2x-3-pokojowe-mieszkanie-katowice-zawodzie-al-walentego-rozdzienskiego.webp,Katowice Zawodzie,Walentego Roździeńskiego,17,1973.0,blok,,"Katowice Centrum al. Roździeńskiego OSIEDLE GWIAZDY - 3 pokoje // 60m2 + Balkon WE SPEAK ENGLISH CENA DO NEGOCJACJI! TOP LOKALIZACJA ! Prezentujemy Państwu bardzo jasne i przestronne 3 pokojowe mieszkanie położone na katowickim osiedlu Gwiazdy. Mieszkanie ma powierzchnię 60 m2 i znajduje się na 17 piętrze w 24 piętrowym bloku. MIESZKANIE SKŁADA SIĘ Z: - 3 pokoje - duża kuchnia z oknem - duży przedpokój - łazienka - wc - komórka/pomieszczenie gospodarcze (w mieszkaniu) + balkon SZCZEGÓŁY OFERTY - Mieszkanie z założoną Księgą Wieczystą - Możliwość zakupu na kredyt - Mieszkanie bardzo jasne i przestronne - Lokal do odświeżenia - Wyposażone w meble, pralkę, lodówkę, kuchenkę i piekarnik - Na podłodze deska barlinecka/kafelki - Czynsz: ok 1000 zł z zaliczkami min. na CO, wodę, śmieci/ 2 osoby Media i udogodnienia: - ciepła woda z piecyka gazowego - ogrzewanie centralne miejskie z opomiarowaniem - instalacja elektryczna miedziana, wodna plastikowa, wymienione piony wodno-kanalizacyjne - okna PCV - nowe windy - budynek w bardzo dobrym stanie technicznym po termomodernizacji - klatka schodowa czysta i zadbana - miejsca parkingowe na parkingu zamykanym szlabanem UWAGA: Dla wszystkich naszych klientów którzy zdecydują się na zakup nieruchomości mamy prezent w postaci karty rabatowej do salonów firmy Bel-Pol LOKALIZACJA: Mieszkanie zlokalizowane jest na osiedlu Gwiazdy tuż przy Uniwersytecie Ekonomicznym. W najbliższej okolicy znajduje się Uniwersytet Śląski i Politechnika Śląska. Osiedle znajduje się przy drodze DTŚ (jest oddzielone ekranami), przy wyjeździe na autostradę A4. Dojazd do katowickiego rynku zajmuje tramwajem ok. 4/5 minut. Bardzo dużo miejsc parkingowych. Pełna infrastruktura usługowa: sklepy wielobranżowe, supermarkety, liceum, szkoła podstawowa, pawilon usługowy, boiska przy szkole, komisariat policji. Nie czekaj, zainwestuj w swoje przyszłe miejsce na ziemi już dziś! Zadzwoń i umów się na prezentację mieszkania, aby przekonać się o jego atutach na własne oczy. To oferta, która nie może umknąć Twojej uwadze! MOGĄ PAŃSTWO LICZYĆ NA: - bezpłatną konsultacje z niezależnym doradcą kredytowym; - bezpieczeństwo transakcji; - pomoc w załatwieniu formalności i skompletowaniu dokumentów niezbędnych do transakcji; - współpracę z najlepszymi notariuszami. Nasza firma specjalizuje się w kompleksowej obsłudze zarówno Polaków jak i obcokrajowców. Jesteśmy z Państwem na każdym etapie procesu zakupu, sprzedaży czy wynajmu nieruchomości począwszy od wyboru oferty i jej prezentacji po finalizację transakcji i przekazanie nieruchomości nowym właścicielom. KREDYT Niezależni doradcy kredytowi, z którymi współpracujemy pomagają we wszelkich formalnościach związanych z uzyskaniem kredytu na zakup nieruchomości. Bezpłatna konsultacja, sprawdzenie zdolności, przedstawienie najkorzystniejszych opcji spośród ofert różnych banków. Przeprowadzimy cały proces realizacji kredytu i zakupu nieruchomości. Zapraszamy na prezentację! Treść niniejszego ogłoszenia nie stanowi oferty handlowej w rozumieniu Kodeksu Cywilnego.",,,,,własność,"Wyposażenie: kuchenkę, lodówkę, piekarnik, pralkę",50.26953,19.0595
Katowice Kokociniec,ul. Szafirowa,2,56,549000,9804.0,bez pośredników,,12,https://adresowo.pl/o/mieszkanie-katowice-kokociniec-ul-szafirowa-2-pokojowe-r8d9v6,https://s2.adresowa.pl/oi/20/15/3e60ac_2a63_cover@2x-2-pokojowe-mieszkanie-katowice-kokociniec-ul-szafirowa.webp,Katowice Kokociniec,Szafirowa,parter,1987.0,blok,,"Mieszkanie z prywatnym wejściem i ogródkiem - jak mały dom! Na sprzedaż wyjątkowe 2-pokojowe mieszkanie w Katowicach przy ul. Szafirowej, które łączy w sobie zalety mieszkania i domu. Największym atutem nieruchomości jest niezależne, prywatne wejście bezpośrednio z zewnątrz, dzięki czemu nie korzystasz z klatki schodowej i zyskujesz pełną prywatność. Do mieszkania przynależy również ogródek o powierzchni ok. 45 m2 z tarasem, idealny do wypoczynku, spotkań z rodziną, a także dla dzieci lub zwierząt. Układ mieszkania (49,7 m2 + piwnica 6,9 m2) salon ok. 18 m2 (z wyjściem na ogród - możliwość wydzielenia dodatkowego pokoju) sypialnia ok. 12 m2 oddzielna kuchnia ok. 9 m2 łazienka z WC ok. 4 m2 przedpokój ok. 4 m2 wiatrołap ok. 3 m2 taras ok. 5 m2 Dodatkowe atuty: - spokojna, zielona okolica - budynek po modernizacji - ogrzewanie miejskie - miejsca parkingowe przy budynku Idealne dla osób ceniących prywatność rodzin z dziećmi właścicieli zwierząt osób pracujących z domu pod działalność (gabinet, biuro) Cicha i zielona okolica z szybkim dostępem do centrum Katowic oraz pełnej infrastruktury miejskiej. Dodatkowe informacje czynsz administracyjny ok. 1200 zł wszystkie media miejskie Treść niniejszego ogłoszenia nie stanowi oferty handlowej w rozumieniu Kodeksu Cywilnego.",tak,,osobna,plastikowe,własność,,50.234176,18.953374
Katowice os. Witosa,ul. Piotra Bardowskiego,3,73,575000,7877.0,bez pośredników,,7,https://adresowo.pl/o/mieszkanie-katowice-os-witosa-ul-piotra-bardowskiego-3-pokojowe-k6n6h3,https://s2.adresowa.pl/oi/40/5e/3e6036_576c_cover@2x-3-pokojowe-mieszkanie-katowice-os-witosa-ul-piotra-bardowskiego.webp,Katowice os. Witosa,Piotra Bardowskiego,4,1982.0,blok,,"Na sprzedaż przestronne i funkcjonalne mieszkanie o powierzchni 73 m², położone na 4. ostatnim piętrze niskiego, ocieplonego i świeżo odmalowanego bloku. Lokal idealny dla rodziny z dziećmi lub osób szukających mieszkania z możliwością wydzielenia dodatkowego pokoju. Najważniejsze atuty mieszkania: - 73 m² funkcjonalnej przestrzeni - 3 pokoje z możliwością łatwego wydzielenia 4. pokoju - duża, widna (2 duże okna) kuchnia połączona obecnie z jednym z pokoi - przestronny salon ok. 19 m² - duży balkon o szerokości ok. 6 metrów - ostatnie piętro - większa prywatność i brak sąsiadów nad głową - niski blok po termomodernizacji - nowa elewacja i odświeżona klatka - parking bezpośrednio pod klatką, brak problemów z parkowaniem - duża piwnica Układ pomieszczeń: - salon ok. 19 m² - pokój ok. 12 m² - pokój ok. 7,8 m² - duża kuchnia z jadalnią ok. 18 m² - łazienka z wysokim brodzikiem - przedpokój z pojemnymi szafami w zabudowie Kuchnia została otwarta na dodatkowy pokój, dzięki czemu obecnie tworzy dużą i jasną przestrzeń dzienną. Układ mieszkania pozwala jednak bez większych problemów przywrócić osobny pokój i uzyskać mieszkanie 4‑pokojowe. Wyposażenie i standard: Mieszkanie jest zadbane i gotowe do zamieszkania. W cenie pozostają meble kuchenne, zabudowa przedpokoju (m.in. szafy komandor, pojemny pawlacz) oraz wyposażenie AGD: - nowa lodówka - zmywarka Bosch - piekarnik - płyta elektryczna Dodatkowo: - nowe okna - wymienione kaloryfery - drewniane podłogi w pokojach - liczne miejsca do przechowywania - praktyczna łazienka z wysokim brodzikiem, idealnym również do kąpieli dzieci Lokalizacja: Mieszkanie znajduje się na Osiedlu Witosa w Katowicach - spokojnej i zielonej części miasta, cenionej szczególnie przez rodziny. Najważniejsze atuty lokalizacji: - przedszkole i szkoła praktycznie pod blokiem - dużo zieleni wokół budynku - place zabaw w niedalekiej odległości - parking bezpośrednio pod klatką - spokojna okolica z pełną infrastrukturą (sklepy do wyboru, przychodnie, siłownia etc) - wszystko w zasięgu krótkiego spaceru - brak możliwości zabudowy bezpośrednio przed oknami - bardzo dobra komunikacja - szybki dojazd autobusem do centrum Katowic w ok. 10 minut - w pobliżu znajdują się DTŚ oraz autostrada A4, co ułatwia wyjazd w różne części aglomeracji - bliskość Lasów Panewnickich - idealnych na spacery, rower i odpoczynek na świeżym powietrzu - do Parku Śląskiego dojedziemy rowerem w 10 minut Mieszkanie jest dwustronne (na przestrzał), dzięki czemu jest bardzo dobrze doświetlone przez cały dzień. - salon i duży pokój od strony południowej - kuchnia od strony północnej Duży balkon został wyremontowany podczas termomodernizacji budynku. Blok jest ocieplony, świeżo odmalowany oraz wyposażony w domofon. Mieszkanie posiada status spółdzielczego własnościowego prawa do lokalu z własną księgą wieczystą. Mieszkanie łączy funkcjonalny układ, dużą ilość naturalnego światła oraz możliwość dalszej aranżacji według własnych potrzeb. Zapraszamy do kontaktu i obejrzenia mieszkania na żywo. Sprzedaż bezpośrednio przez właściciela. Biura nieruchomości prosimy o niekontaktowanie się w sprawie pośrednictwa sprzedaży.",tak,,osobna,plastikowe,,"Wyposażenie: lodówka, piekarnik, zmywarka",50.261369,18.973182
Katowice Ochojec,ul. Stanisława Łętowskiego,2,49,339000,6918.0,Pośrednik,,13,https://adresowo.pl/o/mieszkanie-katowice-ochojec-ul-stanislawa-letowskiego-2-pokojowe-h5f7w9,https://s2.adresowa.pl/oi/55/4d/3d84c4_a261_cover@2x-2-pokojowe-mieszkanie-katowice-ochojec-ul-stanislawa-letowskiego.webp,Katowice Ochojec,Stanisława Łętowskiego,3,1968.0,blok,,"KATOWICE Piotrowice / Ochojec ul. Łętowskiego / Radockiego - 49m2 - 2 POKOJE + 2 BALKONY + PIWNICA WE SPEAK ENGLISH Cena do negocjacji Możliwość zakupu na kredyt Na sprzedaż mieszkanie o powierzchni 49 m, zlokalizowane w Katowicach Piotrowice-Ochojec przy ulicy Łętowskiego / Radockiego, w spokojnej i dobrze skomunikowanej części miasta. Nieruchomość znajduje się na 3 piętrze w kameralnym, 3-piętrowym budynku, co zapewnia ciszę i prywatność. W SKŁAD MIESZKANIA WCHODZĄ: - przestronny salon z wyjściem na balkon - oddzielna sypialnia z wyjściem na drugi balkon - oddzielna kuchnia - łazienka z wc - przedpokój DODATKOWO: - do mieszkania przynależy piwnica, - bardzo dużym atutem nieruchomości są również aż dwa balkony, co jest rzadkością w tego typu mieszkaniach i znacząco podnosi komfort mieszkania oraz jego atrakcyjność Mieszkanie idealne pod inwestycję lub do własnej aranżacji, co zapewnia okazje dla osób, które chcą urządzić przestrzeń według własnego gustu lub pod inwestycję (wynajem). STANDARD: - Możliwość zakupu na kredyt - Kuchnia w pełni wyposażona - 3 piętro w niskim, 3-piętrowym bloku - Duże okna PCV - Ogrzewanie i ciepła woda z sieci miejskiej - Klatka schodowa czysta i zadbana - Wejście do bloku zabezpieczone domofonem - Miejsca parkingowe dla mieszkańców przed blokiem Lokalizacja klasy premium: Mieszkanie położone jest w jednej z najbardziej cenionych dzielnic południowych Katowic Piotrowice-Ochojec. To lokalizacja idealna dla osób, które chcą połączyć spokój i bliskość natury z wygodnym dostępem do miasta (las 800m). Ulica Radockiego jest dobrze skomunikowana z innymi częściami miasta, a także z autostradą A4, co ułatwia dojazd do centrum Katowic (ok. 7 km) oraz innych miast w regionie. Na osiedlu jest pełna infrastruktura, żłobek, przedszkole, szkoła podstawowa, przychodnia, apteka, piekarnia, sklepy (Stokrotka 200m), punkty gastronomiczne oraz centrum handlowo-usługowe Manhattan. MOGĄ PAŃSTWO LICZYĆ NA: - bezpłatną konsultację z niezależnym doradcą kredytowym; - bezpieczeństwo transakcji; - pomoc w załatwieniu formalności i skompletowaniu dokumentów niezbędnych do transakcji; - współpracę z najlepszymi notariuszami. Skontaktuj się z nami i umów się na bezpłatną prezentację mieszkania. Pamiętaj, że ceny nieruchomości w większości przypadków podlegają negocjacji. KREDYT Niezależni doradcy kredytowi, z którymi współpracujemy pomagają we wszelkich formalnościach związanych z uzyskaniem kredytu na zakup nieruchomości. Bezpłatna konsultacja, sprawdzenie zdolności, przedstawienie najkorzystniejszych opcji spośród ofert różnych banków. Przeprowadzimy cały proces realizacji kredytu i zakupu nieruchomości. Zapraszamy do kontaktu. Treść niniejszego ogłoszenia nie stanowi oferty handlowej w rozumieniu Kodeksu Cywilnego.",,,,,własność,,50.20369,18.98824
Katowice Janów,ul. Zamkowa,3,52,388000,7462.0,Pośrednik,,7,https://adresowo.pl/o/mieszkanie-katowice-janow-ul-zamkowa-3-pokojowe-d4j0l7,https://s2.adresowa.pl/oi/28/38/3d6d84_7881_cover@2x-3-pokojowe-mieszkanie-katowice-janow-ul-zamkowa.webp,Katowice Janów,Zamkowa,4,,kamienica,,"3 pokoje gotowe do zamieszkania! Janów-Nikiszowiec | Katowice ul. Zamkowa | rozkładowe | z balkonem | ustawne | klimatyczne | 2 sypialnie i salon z kuchnią | ZADZWOŃ: [numer] Pamiętaj, że współpracując z PAFIN Group – biurem nieruchomości działającym na terenie Śląska i Zagłębia, otrzymujesz pełną obsługę. Pomożemy w finansowaniu zakupu: KUPIMY TWOJE dotychczasowe MIESZKANIE LUB DOM ZA GOTÓWKĘ, możliwa ZAMIANA, lub pomożemy w uzyskaniu KORZYSTNEGO KREDYTU (na zakup i remont). INFORMACJE I DANE TECHNICZNE (KW): Powierzchnia całkowita: 52,67 m2 ( w tym 7,21 m2 piwnica) Piętro: 4 Czynsz (SM): 890 zł Opłaty w czynszu: CO, administracja, eksploatacja, wywóz nieczystości, zaliczka na wodę ciepłą i zimną Opłaty wg liczników: prąd, woda, podzielniki ciepła Woda ciepła: wodociąg miejski Ogrzewanie: CO miejskie Dostępne media: prąd , woda, internet, TV kablowa Okna: PCV Na sprzedaż rozkładowe 3 pokoje z balkonem ! Przestronne mieszkanie zlokalizowane jest na zadbanym osiedlu przy ul. Zamkowej. Budynek jest w dobrym stanie technicznym po termomodernizacji. Wyremontowana klatka schodowa została odpowiednio zabezpieczona domofonem. Mieszkanie posiada łazienkę wraz z toaletą oraz 2 niezależne sypialnie. Do mieszkania przynależy również piwnica. Nie przegap tej okazji umów się na prezentację już dziś! WYGODNY UKŁAD, który daje Ci pełną funkcjonalność. Centralnym punktem mieszkania jest słoneczny salon z balkonem, który z powodzeniem spełnia funkcję miejsca do wypoczynku. Dobrze zorganizowana kuchnia sprawi, że pomieścisz w niej wszystkie najważniejsze elementy, dodatkowo zyskując przestrzeń do gotowania. Mieszkanie posiada także ustawną sypialnię, która z powodzeniem pomieści szafę i łóżko typu king-size oraz biurko. Dodatkowy pokój zagospodarujesz wedle uznania na biuro, dodatkową sypialnię lub pokój dziecka. Przedpokój zyskał na funkcjonalności dzięki garderobie na płaszcze. Nieruchomość, które da Tobie i Twoim bliskim komfort życia, a lokalizacja zaoszczędzi cenny czas STAN TECHNICZNY, dzięki któremu zaoszczędzisz na remoncie. Nieruchomość jest zadbana i wymaga jedynie odświeżenia. Właściciele przeprowadzili remont łazienki. Kuchnia jest wyposażona w niezbędne sprzęty. Zostały wymienione instalacje w tym elektryczne i wodno kanalizacyjne. DOSKONAŁA LOKALIZACJA, z której wszędzie będziesz miał blisko. Nieruchomość zlokalizowana jest w dzielnicy Janów-Nikiszowiec przy ul. Zamkowej, dzięki czemu otrzymujesz szybkie połączenia z całą aglomeracją. W otoczeniu znajdują się na również przystanki komunikacji miejskiej, sklepy, restauracje, oraz liczne punkty usługowe. Mieszkanie, które dzięki lokalizacji oraz rozkładowi sprawdzi się jako inwestycja lub wygodne miejsce do życia. MASZ PYTANIA? Skontaktuj się tak, jak Ci wygodnie: Tomasz Adamczyk",tak,,,plastikowe,,"Wyposażenie: internet, tv",50.241207,19.090381
Katowice,Ligota,2,52,739000,14212.0,bez pośredników,,12,https://adresowo.pl/o/mieszkanie-katowice-ligota-2-pokojowe-52-m2-j0i5l5,https://s2.adresowa.pl/oi/4f/10/3e5bd4_e4f5_cover@2x-2-pokojowe-mieszkanie-katowice-ligota.webp,Katowice Ligota,,1,,apartamentowiec,,"Mieszkanie znajduje się w atrakcyjnej części Katowic - w sąsiedztwie osiedli mieszkaniowych, sklepów, szkół, przystanków komunikacji miejskiej oraz terenów rekreacyjnych. Doskonałe połączenie z centrum miasta oraz szybki dojazd do autostrady A4. Powierzchnia mieszkania to 52,97 m2, położone na 1. piętrze nowoczesnego, niskiego apartamentowca. Do mieszkania przynależy również komórka lokatorska o powierzchni 2,61 m2. Cena komórki - 20 tys. złotych. Budynek kameralny, bezpieczny: teren posesji jest ogrodzony. W budynku znajduje się portiernia. Sam lokal składa się z 2 pokoi - sypialnia oraz salon z aneksem kuchennym. Układ mieszkania funkcjonalny. W hali garażowej dostępne 1,5 miejsca parkingowego, co sprawia, że miejsce jest szerokie i nie ma problemu z zaparkowaniem większego samochodu. Cena miejsca w hali garażowej - 40 tys. złotych. Cena nieruchomości wraz z komórką lokatorską i miejscem w hali garażowej - 799 000,00 zł. Jeśli mieliby Państwo jakieś pytania, zapraszam do kontaktu. Oferta jest prywatna, nie jestem zainteresowana współpracą z biurami nieruchomości.",tak,tak,aneks,,,,50.22265,18.974942
Katowice,Panewniki,3,65,695000,10692.0,bez pośredników,,5,https://adresowo.pl/o/mieszkanie-katowice-panewniki-3-pokojowe-65-m2-w5l8g2,https://s2.adresowa.pl/oi/4d/67/3e5a70_ec73_cover@2x-3-pokojowe-mieszkanie-katowice-panewniki.webp,Katowice Panewniki,,parter,2014.0,apartamentowiec,,"Prezentuję Państwu komfortowe 3-pokojowe mieszkanie na sprzedaż, położone w Katowicach (Panewniki). Mieszkanie zlokalizowane na parterze, na całkowitą powierzchnię 65 mkw składają się: - salon z aneksem kuchennym; - dwie sypialnie; - łazienka; oraz - taras (15 mkw). Do ceny mieszkania należy doliczyć miejsce na parkingu podziemnym oraz komórkę lokatorską - 35 000 zł. Mieszkanie usytuowane jest w budynku z 2014 r., znajduje się na osiedlu zamkniętym z całodobową ochroną. Okolica bardzo spokojna, naokoło lasy, w których jest idealna infrastruktura rowerowa. Bardzo blisko znajduje się przystanek autobusowy, a także dosyć szybko można dojechać samochodem do centrum Katowic, Mikołowa. Szkoła podstawowa oraz przedszkole oddalone od mieszkania ok. 2 km. W mieszkaniu zamontowano rolety zewnętrzne, taras jest ogrodzony i zagospodarowany. W pokojach znajdują się zabudowane szafy, które stanowią integralną część mieszkania, podobnie w przedpokoju. W łazience znajduje się piec dwufunkcyjny, który stanowi źródło ogrzewania. Czynsz miesięczny ok. 800 zł (wraz z funduszem remontowym, zaliczką na wodę oraz wynagrodzeniem za ochronę). Na terenie osiedla znajdują się dodatkowe ogólnodostępne miejsca parkingowe, natomiast w klatce (na poziomie komórek lokatorskich) znajdują się miejsca wydzielone na wózki dziecięce lub rowery. Sprzedaż bez pośredników.",tak,tak,aneks,,,,50.225971,18.952727
Katowice Ligota,ul. Gdańska,3,56,415000,7411.0,bez pośredników,,10,https://adresowo.pl/o/mieszkanie-katowice-ligota-ul-gdanska-3-pokojowe-o8n2j1,https://s2.adresowa.pl/oi/19/14/3e5a1c_9e38_cover@2x-3-pokojowe-mieszkanie-katowice-ligota-ul-gdanska.webp,Katowice Ligota,Gdańska,parter,1982.0,blok,,"Oferuję na sprzedaż mieszkanie o powierzchni 56 m², znajdujące się na parterze w bloku z 1982 roku. Nieruchomość jest w pełni umeblowana i gotowa do zamieszkania. W skład wyposażenia wchodzą: - pralka - lodówka - kuchenka - meble. Oprócz tego mieszkanie posiada balkon na tereny zielone oraz piwnicę. Ogrzewanie jest miejskie, co zapewnia komfort w zimne dni. Zabezpieczenia w budynku obejmują domofon oraz wideofon, co zwiększa bezpieczeństwo mieszkańców. Czynsz wynosi 1250 PLN. To idealna oferta dla osób szukających wygodnego miejsca do zamieszkania w Katowicach. Nie zwlekaj, skontaktuj się ze mną, by umówić się na prezentację!",tak,,osobna,,własność,"Wyposażenie: kuchenka, lodówka, pralka",50.218566,18.974222
Katowice Ochojec,ul. Marcina Radockiego,3,75,650000,8667.0,Pośrednik,,12,https://adresowo.pl/o/mieszkanie-katowice-ochojec-ul-marcina-radockiego-3-pokojowe-e4e1a6,https://s2.adresowa.pl/oi/12/18/3d6d7a_3f11_cover@2x-3-pokojowe-mieszkanie-katowice-ochojec-ul-marcina-radockiego.webp,Katowice Ochojec,Marcina Radockiego,3,1980.0,blok,,"Przestronne 3 pokoje (możliwe 4) z balkonem gotowe do zamieszkania | Katowice ul. Radockiego ZADZWOŃ: [numer] Pamiętaj, że współpracując z PAFIN Group biurem nieruchomości działającym na terenie Śląska i Zagłębia, otrzymujesz pełną obsługę. Pomoc w finansowaniu zakupu: KUPIMY TWOJE dotychczasowe MIESZKANIE LUB DOM ZA GOTÓWKĘ, możliwa ZAMIANA, lub pomożemy w uzyskaniu KORZYSTNEGO KREDYTU (na zakup i remont). Wesprzemy Cię w uzyskaniu ATRAKCYJNEJ CENY zakupu, a następnie zapewnimy pełną obsługę notarialną wraz z weryfikacją nieruchomości. INFORMACJE I DANE TECHNICZNE (KW): - Powierzchnia: 75,18 m² - Liczba pokoi: 3 (osobna kuchnia i możliwość wydzielenia 4 pokoju) - Piętro: 3 / winda w budynku z parteru - Balkon: TAK - Piwnica: TAK - Czynsz: 1139 zł (w tym: fundusz remontowy, eksploatacja, CO, zimna woda + ścieki, ciepła woda, śmieci) - Media wg liczników: prąd, gaz, woda - Woda ciepła: wodociąg miejski - Ogrzewanie: miejskie - Okna: PCV - Dostępne media: prąd, woda, gaz, internet Na sprzedaż przestronne 3 pokoje gotowe do zamieszkania ! (możliwość wydzielenia 4 pokoju) Przestronny układ pomieszczeń i stan techniczny, z którego będziesz zadowolony. Nieruchomość przeszła gruntowny remont z dbałością o detale, uwzględniający między innymi wymianę instalacji wodno-kanalizacyjnej, wymianę drzwi wejściowych. Nieruchomość znajduje się na zadbanym, osiedlu w spokojnej okolicy. Mieszkanie posiada także ustawny balkon wprost z salonu. Oddzielna toaleta dodaje komfortu domownikom. Do mieszkania przynależy również piwnica. To idealna propozycja dla par, osób pracujących zdalnie lub inwestorów. Nie przegap tej okazji – umów się na prezentację już dziś! DOSKONAŁA LOKALIZACJA, z której wszędzie będziesz miał blisko. Świetnie skomunikowana dzielnica Katowic (Piotrowice - Ochojec) W najbliższej okolicy znajdują się sklepy, apteki, piekarnie, punkty usługowe, siłownie oraz pełna infrastruktura edukacyjna – szkoły i przedszkola dostępne pieszo. Zaledwie kilka minut dzieli Cię od głównych arterii komunikacyjnych i DK86 i autostrady A4. W pobliżu dostępne są przystanki komunikacji miejskiej oraz szybki dojazd koleją do Dworca PKP Katowice. Dla miłośników zieleni – parki, ścieżki spacerowe i rekreacyjne oraz Park Zadole, Rezerwat przyrody Ochojec, lasy piotrowickie i Dolina Trzech Stawów w niedalekiej odległości. Nieruchomość, które wykorzystasz wedle własnych potrzeb, a lokalizacja sprawia, że jest to wygodne miejsce do życia. STAN TECHNICZNY, który daje Ci komfort i bezpieczeństwo. Właściciele zadbali o idealny stan techniczny nie wymagający dodatkowych nakładów finansowych. Funkcjonalność szaf wykonanych na wymiar w zabudowie ułatwia przechowywanie rzeczy i podejmowanie gości. Salon posiada bezpośrednie wyjście na słoneczny balkon. Na podłodze znajdują się estetyczne i praktyczne płytki oraz panele. Układ pomieszczeń daje możliwość wydzielenia dodatkowego 4 pokoju z salonu, z którego także jest oddzielne wyjście na balkon. W budynku świeżo zamontowana nowa winda umożliwiająca bezpośrednie wejście z poziomu 0 ! Zadzwoń i umów się na prezentację – to może być Twój nowy adres! MASZ PYTANIA? Skontaktuj się z nami tak, jak Ci wygodnie: Tomasz Adamczyk",tak,,,,,Wyposażenie: internet,50.205609,18.98707
Katowice Piotrowice,ul. Tadeusza Kościuszki,1,30,285000,9500.0,Pośrednik,,7,https://adresowo.pl/o/mieszkanie-katowice-piotrowice-ul-tadeusza-kosciuszki-1-pokoj-a5i2z2,https://s2.adresowa.pl/oi/65/60/3ce5ce_73f2_cover@2x-1-pokojowe-mieszkanie-katowice-piotrowice-ul-tadeusza-kosciuszki.webp,Katowice Piotrowice,Tadeusza Kościuszki,1,1981.0,blok,,"Katowice Piotrowice ul. Kościuszki / Żurawia - kawalerka // 30 m2 + Balkon WE SPEAK ENGLISH Cena do negocjacji! Idealne jako inwestycja. Możliwość zakupu na kredyt. Oferujemy na sprzedaż przestronną kawalerkę z balkonem zlokalizowaną przy ul. Kościuszki / Żurawia z dobrym dojazdem do centrum Katowic. Nieruchomość o powierzchni 30m znajduje się na 1 piętrze w 4-piętrowym bloku, po termomodernizacji. Doskonała Lokalizacja - dla osób ceniących sobie wygodę, osiedle z pełną infrastrukturą, komunikacją i dostępem do kompleksowych usług. W SKŁAD MIESZKANIA WCHODZĄ: - przestronny salon z wyjściem na balkon - otwarta kuchnia - łazienka z wc - przedpokój DODATKOWO: Do mieszkania przynależy duża piwnica (ok. 8 m2). SZCZEGÓŁY OFERTY: - Mieszkanie do wejścia w pełni umeblowane i wyposażone - Możliwość zakupu na kredyt - Mieszkanie z założoną Księgą Wieczystą - Ciepłe i słoneczne o dużym potencjale inwestycyjnym w bardzo dobrej lokalizacji. - Na ścianach gładzie, w przedpokoju korek - Na podłogach panele - Duży, wykafelkowany balkon - Ogrzewanie z sieci miejskiej. - Instalacje wodna po wymianie - Instalacja elektryczna wymieniona w kuchni i łazience - łazienka świeżo po remoncie - Wyposażona kuchnia w zabudowie - Woda ciepła z piecyka gazowego. - Okna PCV. - Blok po termomodernizacji. - Parking monitorowany dla mieszkańców przed blokiem, zabezpieczony szlabanem - W przedpokoju szafa w zabudowie. - Niski czynsz: 400zł - Wejście do bloku zabezpieczone domofonem. Dodatkowym atutem mieszkania jest: - Termomodernizacja budynku - blok, w którym znajduje się mieszkanie, przeszedł termomodernizację, co oznacza poprawę efektywności energetycznej, zmniejszenie kosztów ogrzewania oraz poprawę komfortu mieszkania. Nowa elewacja i lepsza izolacja termiczna to również atuty estetyczne. Lokalizacja: Ulica Żurawia znajduje się w południowej części Katowic, około 7 km od centrum miasta. W bezpośrednim sąsiedztwie zjazd na trasę DK81, oraz ulicę Tadeusza Kościuszki - świetne połączenie z centrum Katowic jak i miastami ościennymi. Kameralne osiedle niskich bloków w otoczeniu zabudowy jednorodzinnej. Na osiedlu jest pełna infrastruktura. W sąsiedztwie znajdują się tereny zielone, a także punkty handlowe, usługowe, przychodnie, przedszkola, szkoły oraz przystanki autobusowe, stacja PKP, centrum handlowe. Zakup mieszkania na ulicy Żurawia w Katowicach to świetna decyzja zarówno dla osób szukających komfortowego miejsca do życia, jak i dla inwestorów, którzy liczą na przyszły wzrost wartości nieruchomości. Skontaktuj się z nami i umów się na bezpłatną prezentację mieszkania. Pamiętaj, że ceny nieruchomości w większości przypadków podlegają negocjacji. Posiadamy bazę mieszkań, których nie publikujemy w internecie, jeśli chcesz poznać naszą pełną ofertę, zadzwoń. Nie czekaj, zainwestuj w swoje przyszłe miejsce na ziemi już dziś! Zadzwoń i umów się na prezentację mieszkania, aby przekonać się o jego atutach na własne oczy. To oferta, która nie może umknąć Twojej uwadze! MOGĄ PAŃSTWO LICZYĆ NA: - bezpłatną konsultację z niezależnym doradcą kredytowym; - bezpieczeństwo transakcji; - pomoc w załatwieniu formalności i skompletowaniu dokumentów niezbędnych do transakcji; - współpracę z najlepszymi notariuszami. Nasza firma specjalizuje się w kompleksowej obsłudze zarówno Polaków jak i obcokrajowców. Jesteśmy z Państwem na każdym etapie procesu zakupu, sprzedaży czy wynajmu nieruchomości począwszy od wyboru oferty i jej prezentacji po finalizację transakcji i przekazanie nieruchomości nowym właścicielom. KREDYT Niezależni doradcy kredytowi, z którymi współpracujemy pomagają we wszelkich formalnościach związanych z uzyskaniem kredytu na zakup nieruchomości. Bezpłatna konsultacja, sprawdzenie zdolności, przedstawienie najkorzystniejszych opcji spośród ofert różnych banków. Przeprowadzimy cały proces realizacji kredytu i zakupu nieruchomości. Zapraszamy do kontaktu w celu umówienia się na prezentację. Treść niniejszego ogłoszenia nie stanowi oferty handlowej w rozumieniu Kodeksu Cywilnego.",,,,,własność,,50.20992,18.96712
Katowice Załęska Hałda,ul. Wincentego Pola,3,41,379000,9244.0,bez pośredników,,12,https://adresowo.pl/o/mieszkanie-katowice-zaleska-halda-ul-wincentego-pola-3-pokojowe-p4i6g1,https://s2.adresowa.pl/oi/7f/47/3e5932_bf48_cover@2x-3-pokojowe-mieszkanie-katowice-zaleska-halda-ul-wincentego-pola.webp,Katowice Załęska Hałda,Wincentego Pola,1,2015.0,kamienica,,"= BEZPOŚREDNIO - bez prowizji dla kupującego = Bardzo dobra lokalizacja, położone bezpośrednio przy Parku Kościuszki (ul. W.Pola). Bardzo dobry dojazd do centrum miasta, Autostrady A4. W pobliżu przystanki autobusowe, pełna infrastruktura handlowo-usługowa: markety spożywcze, żłobki, przedszkola, szkoła, przychodnie. Niski ocieplony, trzypiętrowy budynek - kamienica po rewitalizacji w 2015 r. (generalny remont części wspólnych, instalacji, termomodernizacja, wymiana okien - do stanu deweloperskiego). Parking bezpośrednio przy budynku, poza strefą płatnego parkowania. --- Mieszkanie wykończone - do zamieszkania: - nowe instalacje elektryczna oraz wod-kan. - panele w pokojach i salonie. - w pełni wyposażona łazienka. --- Mieszkanie składa się z: - przestronnego salonu z aneksem kuchennym i balkonem francuskim. - sypialni z pojemnymi szafami w zabudowie. - gabinetu/biura. - łazienki z wc, kabiną z prysznicową oraz pralką. Powierzchnia mieszkania: 41,5 m2 + piwnica/ rzut przybliżony. Okna PCV skierowane na południowy wschód. Mieszkanie ciepłe i dobrze doświetlone. Ogrzewanie i ciepła woda - miejskie. Mieszkanie bez obciążeń hipotecznych. Wysokość miesięcznych opłat przy 2 osobach - około 800,00 zł (w tym na rzecz Wspólnoty). --- Atuty: - położenie przy terenach spacerowych, a zarazem blisko Centrum miasta. - doskonały rozkład - pojemne szafy w zabudowie. - nowe instalacje (elektryczna, wodna, kanalizacja). - niskie koszty eksploatacji (mieszkanie ciepłe, dobrze doświetlone). --- Bezpośrednio od właściciela, bez prowizji. Możliwość nabycia na inwestycje - dochód z wynajmu 2100,00 zł miesięcznie (zysk ok. 6,64% rocznie). Obecnie wynajęte - możliwość przejęcia najmu lub wypowiedzenia najmu z okresem 1 miesięcznym.",tak,,aneks,plastikowe,własność,,50.244421,18.990722
Katowice Śródmieście,ul. Władysława Stanisława Reymonta,3,74,740000,10000.0,bez pośredników,,12,https://adresowo.pl/o/mieszkanie-katowice-srodmiescie-ul-wladyslawa-stanislawa-reymonta-3-pokojowe-g9e9d2,https://s2.adresowa.pl/oi/53/4d/3e589e_35ee_cover@2x-3-pokojowe-mieszkanie-katowice-srodmiescie-ul-wladyslawa-stanislawa-reymonta.webp,Katowice Śródmieście,Władysława Stanisława Reymonta,2,1960.0,kamienica,,"Oferuję na sprzedaż (bez pośredników)atrakcyjne trzypokojowe mieszkanie z miejscem parkingowym, zlokalizowane w Śródmieściu Katowic przy ul. Reymonta. Lokalizacja w cichej i spokojnej okolicy. Nieruchomość jest usytuowana na 2 piętrze w niskiej 3-piętrowej kamienicy. Dodatkowo miejsce parkingowe za szlabanem. Mieszkanie o powierzchni 74,13 m² składa się z trzech pokoi, kuchni, dużej łazienki, przedpokoju oraz dwóch balkonów. W pokojach gładzie, wszystkie pomieszczenia świeżo pomalowane. Na podłogach parkiet, okna z PCV wystawka wschód, południe, zachód. Do mieszkania przynależy piwnica. Mieszkanie jest w pełni umeblowane. W kuchni nowa chłodziarko-zamrażarka, płyta elektryczna, nowa zmywarka oraz okap. W łazience kabina prysznicowa, pralka oraz piec gazowy. Ogrzewanie z sieci miejskiej, ciepła woda – junkers gazowy. Czynsz około 1100 zł. dodatkowo opłaty za prąd i gaz według zużycia. Stan prawny: mieszkanie własnościowe z księgą wieczystą Doskonała komunikacja z centrum miasta oraz dostęp do pełnej infrastruktury: sklepów, punktów usługowych, dwie szkoły, przedszkole, restauracje itp. W pobliżu przystanki komunikacji miejskiej. Mieszkanie nie wymaga nakładów finansowych i jest gotowe do wprowadzenia. ATUTY NIERUCHOMOŚCI: 1. Lokalizacja blisko centrum 2. Miejsce parkingowe za szlabanem 3. Cicha i spokojna okolica CENA: 740 000 PLN Zapraszamy na prezentację mieszkania. Telefon do kontaktu [numer]",tak,tak,osobna,plastikowe,własność,"Wyposażenie: pralka, zmywarka",50.251021,19.025622
Katowice Brynów,ul. Cyranek,4,118,1580000,13390.0,bez pośredników,,20,https://adresowo.pl/o/mieszkanie-katowice-brynow-ul-cyranek-4-pokojowe-o8y5g5,https://s2.adresowa.pl/oi/3e/71/3e51bc_60c8_cover@2x-4-pokojowe-mieszkanie-katowice-brynow-ul-cyranek.webp,Katowice Brynów,Cyranek,parter,1998.0,apartamentowiec,,"Sprzedam 4 pokojowe mieszkanie o powierzchni 118,23 m2; przy ul. Cyranek w Katowicach Brynów; w prestiżowej dzielnicy - PTASIE OSIEDLE; tuż przy wejściu do lasu na Muchowcu i Katowickiego Parku Leśnego. Mieszkanie zaprojektowane ze smakiem, przestronne, słoneczne; w skład którego wchodzą: - przestronny salon z kuchnią w formie aneksu kuchennego - 3 sypialnie - łazienka z wc - toaleta - hol - piwnica - garaż Mieszkanie usytuowane na wysokim parterze, wygodne wejście z klatki schodowej; z salonu wyjście na przydomowy ogródek - o powierzchni 48,20 m2, gdzie roztacza się piękny widok na zieloną przestrzeń. Najlepsza lokalizacja w Katowicach: kameralna, cicha i zielona okolica szybki dostęp do centrum Katowic; samochodem 10 min.; tramwajem lub autobusem 10 min. wygodne połączenia z głównymi trasami wyjazdowymi Informacje techniczne: Ogrzewanie: miejskie Ciepła woda: wodociągi miejskie Z uwagi na wspaniałe położenie i rozkład mieszkania; lokal może być również adoptowany na cele biznesowe.",tak,tak,osobna,plastikowe,,,50.234514,19.01006
Katowice,ul. Władysława Orkana,3,58,469000,8086.0,Pośrednik,,17,https://adresowo.pl/o/mieszkanie-katowice-ul-wladyslawa-orkana-3-pokojowe-e6r5z1,https://s2.adresowa.pl/oi/6e/75/3ccc1e_35c2_cover@2x-3-pokojowe-mieszkanie-katowice-ul-wladyslawa-orkana.webp,Katowice ,Władysława Orkana,4,,blok,,"3 Niezależne Pokoje na Brynowie - ul. Orkana! Szukasz mieszkania, które urządzisz dokładnie tak, jak chcesz? A może planujesz inwestycję pod wynajem w lokalizacji, która nigdy nie traci na wartości? Mamy przyjemność zaprezentować przestronne, 3-pokojowe mieszkanie o powierzchni 58,7 m² , położone w poszukiwanej dzielnicy Katowic przy ul. Orkana . Najważniejsze atuty nieruchomości: Funkcjonalny układ: 3 całkowicie niezależne pokoje, co czyni ofertę idealną dla rodziny lub pod wynajem na pokoje. Oddzielna kuchnia: Jasna, z oknem, dająca duże możliwości aranżacyjne. Podwójny przedpokój: Dwa przedpokoje zapewniają dodatkową prywatność i ogromną przestrzeń do przechowywania (aktualnie zabudowane szafami). Piętro i budynek: 4. piętro w niskim, zadbanym bloku - cisza, spokój i brak sąsiadów „nad głową”. Lokalizacja: ulica Orkana, doskonałe skomunikowanie z centrum Katowic oraz pełna infrastruktura (sklepy, szkoły, uczelnie) w zasięgu ręki. Stan techniczny: Mieszkanie jest do odnowienia / własnej aranżacji . To czyste i zadbane wnętrze, w którym zachowano wiele elementów o klasycznym charakterze (jak np. stylowe szafy w przedpokoju czy boazeria w holu wejściowym), które można ciekawie wkomponować w nowoczesny projekt typu vintage/modern retro . W załączeniu zdjęcia możliwych aranżacji pomieszczeń Rozkład pomieszczeń: Salon: Przestronny, z dużym oknem wpuszczającym mnóstwo naturalnego światła oraz z balkonem z widokiem na zieleń okolicy Sypialnia 1: Ustawna, idealna na główną sypialnię. Sypialnia 2: Doskonała jako pokój dziecięcy lub gabinet. Kuchnia: Oddzielna i widna. Łazienka: Z wanną, z potencjałem na nowoczesny pokój kąpielowy. Dwa przedpokoje: Gwarantujące doskonałą komunikację wewnątrz mieszkania. Cena: 469.000,- PLN To mieszkanie które czeka na nowego właściciela. Nie przegap okazji - nieruchomości przy ul. Orkana znikają z rynku błyskawicznie! Zapraszam na prezentację! Oferta biura nieruchomości.",,,,plastikowe,,,50.22961,18.988011
Katowice Ligota,ul. Ligocka,5,105,1240558,11815.0,Pośrednik,,14,https://adresowo.pl/o/mieszkanie-katowice-ligota-ul-ligocka-5-pokojowe-v8k7m8,https://s2.adresowa.pl/oi/44/4e/3cc922_3624_cover@2x-5-pokojowe-mieszkanie-katowice-ligota-ul-ligocka.webp,Katowice Ligota,Ligocka,3,2026.0,apartamentowiec,,"Penthouse | 105,40 m² | Nowoczesne osiedle pełne zieleni BEZ PROWIZJI!! Na sprzedaż wyjątkowy, 5-pokojowy apartament o powierzchni 105,40 m², położony w nowoczesnej, kameralnej inwestycji. To doskonała propozycja dla rodzin lub osób, które cenią komfort, przestrzeń i spokojne otoczenie, a jednocześnie chcą mieszkać blisko miasta. Mieszkanie wyróżnia się funkcjonalnym układem - przestronny salon z aneksem kuchennym tworzy jasną strefę dzienną z dużymi przeszkleniami, które zapewniają mnóstwo naturalnego światła. Ustawna sypialnia, 3 pokoje i komfortowa łazienka. Dopełnieniem jest taras od południowej - słonecznej strony z pięknym widokiem! Duże okna, przemyślany rozkład pomieszczeń oraz staranne wykończenie nadają wnętrzom przytulny, nowoczesny charakter. Atuty inwestycji: nowoczesna architektura i wysoki standard wykonania, cichobieżne windy i miejsca postojowe w garażu podziemnym, zielone patio, strefa relaksu i plac zabaw dla dzieci, pełna infrastruktura - sklepy, szkoły, przedszkola w pobliżu, szybki dojazd do centrum i innych części miasta. Możliwość wyboru miejsca postojowego w cenie 41 000 zł To idealne miejsce dla tych, którzy szukają nowego mieszkania w spokojnej, zielonej okolicy, ale z łatwym dostępem do wszystkiego, co potrzebne na co dzień. Zamieszkaj wygodnie — w przestrzeni, która łączy nowoczesność, funkcjonalność i estetykę.",,tak,,,,,50.236923,18.984066
Katowice Brynów,ul. Ceglana,4,87,1125000,12931.0,bez pośredników,,27,https://adresowo.pl/o/mieszkanie-katowice-brynow-ul-ceglana-4-pokojowe-f9o8k5,https://s2.adresowa.pl/oi/13/2d/3e4f0a_7ba7_cover@2x-4-pokojowe-mieszkanie-katowice-brynow-ul-ceglana.webp,Katowice Brynów,Ceglana,1,2021.0,apartamentowiec,,"Ten 4-pokojowy apartament został zaprojektowany od podstaw jako kompletna, dopracowana przestrzeń inspirowana naturalnymi materiałami, spokojem i ponadczasowym designem. To wnętrze, które bardziej przypomina butikowy apartament z południa Europy lub kameralny resort premium niż klasyczne mieszkanie w nowym budownictwie. Na blisko 87 m² powstała spójna przestrzeń pełna światła, struktur i szlachetnych detali. Sercem apartamentu jest przestronny salon połączony z kuchnią i częścią jadalnianą, tworzący elegancką, ale bardzo komfortową strefę życia codziennego. Apartament oferuje dodatkowo 3 niezależne pokoje, osobną garderobę połączoną z pralnią oraz ogromną ilość zabudowy i miejsc do przechowywania — pojemne szafy znajdują się praktycznie w każdym pomieszczeniu. We wnętrzu wykorzystano m.in. hiszpańskie płytki marki Peronda inspirowane słoneczną Andaluzją, dzięki którym apartament zyskuje ciepły, butikowy klimat przywołujący atmosferę południa Europy. Całość uzupełniają autorskie meble kolonialne oraz dekoracje wykonywane na zamówienie przez rzemieślników z wyspy Bali, sprowadzane bezpośrednio do tego projektu. Wyjątkowego klimatu wnętrzu nadaje również naturalna, zrewitalizowana cegła pochodząca ze starych śląskich kamienic — materiał z historią, którego nie da się zastąpić współczesną imitacją. Dopracowano również przestrzenie zewnętrzne – apartament posiada kameralny taras oraz dodatkowy balkon wykończone podestami premium: naturalnym teakiem oraz wysokiej jakości kompozytem. W części dziennej znajduje się ekskluzywny zestaw wypoczynkowy wykonany z wodoodpornej tkaniny o strukturze przypominającej aksamit, wykończony eleganckimi bokami z wikliny. Kuchnia wyposażona została w sprzęt AGD marek Gorenje, Ardo oraz IKEA. Całość znajduje się na 1 piętrze nowoczesnego budynku przy ul. Ceglanej w Katowicach — zaledwie kilkadziesiąt metrów od Parku Kościuszki, w bezpośrednim sąsiedztwie basenu Brynów oraz restauracji Patio. To jedna z najbardziej komfortowych lokalizacji do życia w Katowicach — zielona, spokojna i jednocześnie doskonale skomunikowana. Apartament sprzedawany jest kompletnie wyposażony — wszystkie elementy widoczne na zdjęciach pozostają w cenie nieruchomości, dzięki czemu jest to gotowa, kompletna przestrzeń do zamieszkania bez potrzeby ponoszenia dodatkowych kosztów. Dodatkowym atutem nieruchomości jest prywatny system parkowania w garażu podziemnym umożliwiający parkowanie 2 samochodów. Zakup miejsca postojowego z systemem platformowym jest w cenie 55000.",,tak,aneks,plastikowe,własność,,50.245101,19.011958
Katowice Murcki,ul. Roberta Mruczka,2,40,299000,7475.0,bez pośredników,,14,https://adresowo.pl/o/mieszkanie-katowice-murcki-ul-roberta-mruczka-2-pokojowe-j3i9b8,https://s2.adresowa.pl/oi/61/6c/3e474c_d83b_cover@2x-2-pokojowe-mieszkanie-katowice-murcki-ul-roberta-mruczka.webp,Katowice Murcki,Roberta Mruczka,1,1906.0,kamienica,,"Na sprzedaż mam przytulne i bardzo funkcjonalne mieszkanie o powierzchni 40 m², które zostało zaprojektowane z myślą o maksymalnym wykorzystaniu przestrzeni i komforcie codziennego życia. Sercem mieszkania jest salon połączony z otwartą, nowoczesną kuchnią w zabudowie. Kuchnia jest w pełni wyposażona- znajduje się w niej lodówka, zmywarka, piekarnik oraz płyta indukcyjna. Dużym atutem jest sprytnie ukryta pralka, zabudowana i zamykana, dzięki czemu nie zaburza estetyki wnętrza. Łazienka została niedawno wyremontowana i prezentuje się świeżo oraz nowocześnie, oferując wygodę i funkcjonalność- w łazience również istnieje możliwość podłączenia pralki jak i suszarki znajdującej się na zdjęciu. W mieszkaniu znajdują się również dwie duże szafy w zabudowie, które zapewniają dużo miejsca do przechowywania. W głównym pokoju zastosowano bardzo praktyczne rozwiązanie- półkotapczan z rozkładanym łóżkiem o wymiarach 160x200 cm. Po jego bokach znajdują się liczne szafki i szuflady, co dodatkowo zwiększa przestrzeń do przechowywania i pozwala utrzymać porządek. Dodatkowy, mniejszy pokój może pełnić funkcję sypialni lub- jak w obecnym układzie- pokoju dziecięcego. Znajduje się w nim duża szafa oraz pawlacz (dwie górne szafki), co czyni go bardzo praktycznym. Mieszkanie jest komfortowe przez cały rok dzięki centralnemu ogrzewaniu miejskiemu, a także dodatkowemu ogrzewaniu podłogowemu. W cieplejsze dni komfort zapewnia klimatyzacja. Dużym plusem lokalizacji jest łatwość parkowania- zawsze dostępne miejsce postojowe to ogromna wygoda dla mieszkańców. Mieszkanie znajduje się przy ul. Mruczka, w spokojnej okolicy, niedaleko piekarni Kłos, rynku, sklepów co zapewnia łatwy dostęp do codziennych zakupów. Całość tworzy idealne miejsce dla singla, pary lub rodziny z dzieckiem- funkcjonalne, nowoczesne i dobrze zorganizowane. Najważniejsze informacje: - Mieszkanie jest własnościowe z dużą piwnicą ok. 10m². - Brak zadłużenia. - Powierzchnia mieszkania: 40 m². - Ogrzewanie miejskie. - Dodatkowo elektryczne ogrzewanie podłogowe. - Ciepła woda miejska. - Mieszkanie gotowe do zamieszkania. - Bardzo dobry stan techniczny. - Budynek po termomodernizacji. - Mieszkanie podlega pod małą wspólnotę mieszkaniową. Remonty i wyposażenie: - Wyremontowana łazienka. - Wymienione panele w całym mieszkaniu. - Lokal zadbany i dobrze utrzymany. - Świetna lokalizacja- w pobliżu sklepy, piekarnia, przystanki oraz dużo terenów zielonych i spacerowych. Cena: 299 tysięcy.",tak,tak,,plastikowe,własność,"Wyposażenie: klimatyzacja, lodówka, piekarnik, pralka, zmywarka",50.197775,19.038238
Katowice Zawodzie,ul. Piotra Niedurnego,2,43,329000,7651.0,bez pośredników,,5,https://adresowo.pl/o/mieszkanie-katowice-zawodzie-ul-piotra-niedurnego-2-pokojowe-n0i9u6,https://s2.adresowa.pl/oi/7a/76/3e463c_83f5_cover@2x-2-pokojowe-mieszkanie-katowice-zawodzie-ul-piotra-niedurnego.webp,Katowice Zawodzie,Piotra Niedurnego,1,1960.0,kamienica,,"Sprzedaż wyremontowanego mieszkania — cena : 329 000 zł. Na sprzedaż oferuję świeżo wyremontowane mieszkanie o powierzchni 43,3 m², położone w Katowicach-Zawodziu, przy ul. Niedurnego 4a. Lokal znajduje się na I piętrze zadbanej kamienicy. Mieszkanie przeszło kapitalny remont i jest gotowe do zamieszkania lub dalszego wynajmu bez dodatkowych nakładów. Wymienione/odnowione zostały instalacje i wykończenie, wykonano nową łazienkę, nową kuchnię oraz zabudowę kuchenną IKEA. Dodatkowa izolacja sufitu. Mieszkanie jest umeblowane i przygotowane do użytkowania. Układ mieszkania: salon z aneksem kuchennym, osobna duża sypialnia, łazienka, przedpokój, piwnica. Salon z aneksem stanowi część dzienną i komunikacyjną — z niego przechodzi się do sypialni. Układ bardzo dobrze sprawdzi się dla pary, singla albo jako mieszkanie inwestycyjne pod wynajem. Najważniejsze atuty: po generalnym remoncie, nowa kuchnia IKEA, centralne ogrzewanie z sieci/spółdzielni, ciepła woda z sieci/spółdzielni — bez piecyka gazowego, I piętro, miejsce parkingowe na zamkniętym dziedzińcu, piwnica, kamienica odnowiona z zewnątrz, spokojna lokalizacja z dobrym dojazdem do centrum Katowic. Koszty użytkowania są przewidywalne: opłaty administracyjne wynoszą obecnie około 850 zł miesięcznie i obejmują m.in. koszty centralnego ogrzewania oraz opłaty wspólnotowe/spółdzielcze. Woda oraz prąd rozliczane są według zużycia. Mieszkanie nadaje się zarówno do zamieszkania od razu, jak i jako gotowy lokal inwestycyjny pod wynajem. Cena: 349 000 zł Tel. [numer] Sprzedaż bezpośrednia. Ogłoszenie nie stanowi sensu stricto oferty w rozumieniu polskiego prawa, ale jest raczej zaproszeniem do negocjacji.",tak,,aneks,plastikowe,własność,,50.258558,19.052495
Katowice Ligota,ul. Ligocka,5,101,1194655,11828.0,Pośrednik,,16,https://adresowo.pl/o/mieszkanie-katowice-ligota-ul-ligocka-5-pokojowe-x5r9e3,https://s2.adresowa.pl/oi/11/7e/3cc924_9326_cover@2x-5-pokojowe-mieszkanie-katowice-ligota-ul-ligocka.webp,Katowice Ligota,Ligocka,3,2026.0,apartamentowiec,,"Penthouse | 101,50 m² | Nowoczesne osiedle pełne zieleni BEZ PROWIZJI!! Na sprzedaż wyjątkowy, 5-pokojowy apartament o powierzchni 101,50 m², położony w nowoczesnej, kameralnej inwestycji. To doskonała propozycja dla rodzin lub osób, które cenią komfort, przestrzeń i spokojne otoczenie, a jednocześnie chcą mieszkać blisko miasta. Mieszkanie wyróżnia się funkcjonalnym układem - przestronny salon z aneksem kuchennym tworzy jasną strefę dzienną z dużymi przeszkleniami, które zapewniają mnóstwo naturalnego światła. Ustawna sypialnia, 3 pokoje i komfortowa łazienka. Dopełnieniem jest taras od południowej - słonecznej strony z pięknym widokiem! Duże okna, przemyślany rozkład pomieszczeń oraz staranne wykończenie nadają wnętrzom przytulny, nowoczesny charakter. Atuty inwestycji: nowoczesna architektura i wysoki standard wykonania, cichobieżne windy i miejsca postojowe w garażu podziemnym, zielone patio, strefa relaksu i plac zabaw dla dzieci, pełna infrastruktura - sklepy, szkoły, przedszkola w pobliżu, szybki dojazd do centrum i innych części miasta. Możliwość wyboru miejsca postojowego w cenie 41 000 zł To idealne miejsce dla tych, którzy szukają nowego mieszkania w spokojnej, zielonej okolicy, ale z łatwym dostępem do wszystkiego, co potrzebne na co dzień. Zamieszkaj wygodnie — w przestrzeni, która łączy nowoczesność, funkcjonalność i estetykę.",,tak,,,,,50.236484,18.980289
Katowice Załęże,ul. Wincentego Janasa,1,29,294000,10138.0,Pośrednik,,15,https://adresowo.pl/o/mieszkanie-katowice-zaleze-ul-wincentego-janasa-1-pokoj-z1k2o4,https://s2.adresowa.pl/oi/5d/6a/3cc34a_3f3a_cover@2x-1-pokojowe-mieszkanie-katowice-zaleze-ul-wincentego-janasa.webp,Katowice Załęże,Wincentego Janasa,1,,blok,,"WYGODNA Z WYSOKIM STANDARDEM KAWALERKA W ŚWIETNEJ LOKALIZACJI - KATOWICE ZAŁĘŻE 1. piętro | 29,5 m² | Na sprzedaż oferuję 1-pokojowe mieszkanie położone w bardzo zadbanej kamienicy na ul. Janasa w Katowicach. Nieruchomość nowoczesna i funkcjonalna o powierzchni 29,5 m², położona na 1 piętrze w budynku po modernizacji wykonanej w 2019 roku. Mieszkanie jest wynajęte (1300 zł + opłaty) – idealna propozycja inwestycyjna (ROI ok. 5%) ale nie tylko. MIESZKANIE: Mieszkanie znajduje się na 1. piętrze i ma 29,5 m² powierzchni użytkowej. Składa się z: - przedpokoju - łazienki - dużego salonu - kuchni otwartej na salon Do mieszkania należy również część wspólna - tzw. rowerownia oraz pralnia. – są to bardzo zadbane i funkcjonalne pomieszczenia w piwnicy. STANDARD I WYPOSAŻENIE: - mieszkanie w pełni umeblowane, - ogrzewanie miejskie, - sprzęt AGD - budynek po generalnym remoncie w 2019 roku - nowe instalacje, okna. - darmowe miejsca parkingowe wzdłuż ulicy. ŚWIETNA LOKALIZACJA: Położenie mieszkania to jeden z jego największych atutów: - 2 km od ścisłego centrum Katowic - 2 km od Silesia City Center oraz - 1,2 km od Face2Face Business Campus - 1 km do szkół i przedszkoli - blisko sklepów spożywczych - blisko przychodni i punktów usługowych - Bardzo dobre połączenie komunikacyjne z całym miastem i miastami ościennymi. To idealne miejsce do życia dla rodzin, singli, jak i osób starszych – cicho, wygodnie i blisko wszystkiego, co potrzebne na co dzień. ZAPRASZAM NA PREZENTACJĘ Chętnie pokażę Ci inwestycję i odpowiem na wszystkie pytania. Twój Agent – Piotr Remer",,,aneks,plastikowe,własność,,50.263789,18.997338
Katowice Bogucice,ul. Olimpijska,2,72,1350000,18750.0,bez pośredników,,20,https://adresowo.pl/o/mieszkanie-katowice-bogucice-ul-olimpijska-2-pokojowe-x8l6s9,https://s2.adresowa.pl/oi/60/3f/3e39d0_4ce4_cover@2x-2-pokojowe-mieszkanie-katowice-bogucice-ul-olimpijska.webp,Katowice Bogucice,Olimpijska,30,2026.0,apartamentowiec,,"Na sprzedaż mieszkanie o całkowitej powierzchni 73 m² w Katowicach, przy ulicy Olimpijskiej, w dzielnicy Bogucice - CENTRUM. Inwestycja: ATAL Olimpijska. Mieszkanie jest przestronne, dwustronne (płd./zach.), o powierzchni prawie 73 m², położone na 30. piętrze w 35-piętrowym apartamentowcu z 2026 roku. Zamieszkaj w tej prestiżowej lokalizacji, wśród nowoczesnej architektury i wielu udogodnień, oraz poczuj luksus, komfort i prestiż na co dzień. Widok z 30. piętra naprawdę zapiera dech w piersiach! Opis mieszkania: - Salon wraz z dwoma dużymi oknami i aneksem kuchennym (43 m²) - tworzy dużą, otwartą przestrzeń. - Pokój duży, idealny na gabinet, pokój dziecięcy lub sypialnię (15 m²). - Łazienka wraz z WC i miejscem na wannę lub prysznic (7 m²). - Ustawny przedpokój z możliwą zabudową na wymiar (8 m²). - Mieszkanie słoneczne, z możliwością ciekawej aranżacji. - Ogrzewanie miejskie nawiewowe, które umożliwia chłodzenie (klimatyzacja) oraz grzanie, co daje komfort w apartamencie przez cały rok. Budynek i otoczenie: Budynek nowy, ocieplony, wysokoenergetyczny, oddany przez developera w 2026 r., zabezpieczony domofonem wraz z 4 windami. Posiada reprezentacyjne lobby i całodobową ochronę na parterze. Parking pod budynkiem i w garażu podziemnym. Na 36. piętrze znajduje się piękny i w pełni zaaranżowany taras widokowy (widoczny na zdjęciach), z którego mogą korzystać wszyscy mieszkańcy budynku. Lokalizacja: - Mieszkanie znajduje się w świetnie skomunikowanej dzielnicy Bogucice, jest to samo Centrum Katowic, w okolicy kultowego Spodka, Ronda Gen. J. Ziętka, Międzynarodowego Centrum Kongresowego, NOSPR - w pobliżu przystanki autobusowe i tramwajowe, dogodny dojazd do centrum i z centrum. - Pełna infrastruktura handlowo-usługowa: sklepy osiedlowe, centra handlowe. - Dla rodzin: place zabaw, szkoły, przedszkole, żłobek. - Dużo zieleni i terenów spacerowych. Dlaczego warto? - Doskonała lokalizacja w bezpiecznej dzielnicy Bogucice - samo centrum Katowic. - Dogodna ekspozycja - mieszkanie wychodzi na południe i zachód, co zapewnia naturalne światło przez cały dzień. - Okna z widokiem na zieleń miejską. - Przystanki autobusowe i tramwajowe w niedalekiej okolicy budynku. - Duży salon i przestronna kuchnia. - Pełna własność. - Kupujący nie płaci podatku PCC (2%) - na mieszkanie zostanie wystawiona Faktura VAT. Dodatkowo do zakupu mieszkania miejsce postojowe w garażu podziemnym: 50 000,00 zł. Dodatkowo do zakupu mieszkania komórka lokatorska obok miejsca postojowego w garażu: 20 000,00 zł. Pośrednikom i biurom nieruchomości dziękuję - nie jestem zainteresowany współpracą. Proszę o uszanowanie tej decyzji! Zapraszam do kontaktu i obejrzenia mieszkania!",tak,tak,aneks,,własność,Wyposażenie: klimatyzacja,50.265365,19.028386
Katowice,Bogucice,2,40,857500,21438.0,bez pośredników,,20,https://adresowo.pl/o/mieszkanie-katowice-bogucice-2-pokojowe-40-m2-d8m0p9,https://s2.adresowa.pl/oi/36/54/3e3960_d734_cover@2x-2-pokojowe-mieszkanie-katowice-bogucice.webp,Katowice Bogucice,,9,2024.0,apartamentowiec,,"Oferuję na sprzedaż piękne mieszkanie o powierzchni 40,2 m² w apartamentowcu. To przytulne mieszkanie znajduje się na dziewiątym piętrze, posiada duży balkon 11m², jest gotowe do zamieszkania. Pierwsza Dzielnica to synonim miejskiego luksusu i nowoczesnej architektury. Kompleks oferuje mieszkańcom wysoki standard części wspólnych, całodobową ochronę oraz prywatne przestrzenie rekreacyjne. To miejsce stworzone dla osób ceniących komfort, bezpieczeństwo oraz prestiżową lokalizację w sercu miasta. To propozycja dla osób, które poszukują nieruchomości łączącej prestiżową lokalizację, spektakularne widoki oraz możliwość stworzenia własnego stylu życia. W skład wyposażenia wchodzą: - meble - pralka - zmywarka - lodówka - kuchenka - piekarnik - telewizor Dodatkowo, mieszkanie posiada: - balkon - taras - miejsce parkingowe w garażu podziemnym (+ dodatkowo płatne 100 000 zł) - windę - klimatyzację Zadbano o bezpieczeństwo, dzięki: - drzwiom i oknom antywłamaniowym - domofonowi i wideofonowi - monitoringowi Bardzo dobrze zlokalizowane: - Park Powstańców Śląskich (10 minut spacerem) - Przystanek autobusowy (8 minut spacerem) - Lidl (5 minut spacerem) - Silesia City Center, Cinema City (6 minut samochodem) - Spodek (8 minut spacerem) - Muzeum Śląskie (4 minuty spacerem) - Uniwersytet Śląski w Katowicach (10 minut spacerem) Mieszkanie ogrzewane jest miejskim systemem. W budynku dostępne są media, takie jak internet, telewizja kablowa i telefon. Nie zwlekaj! Skontaktuj się i umów na prezentację!",,tak,,plastikowe,własność,"Wyposażenie: internet, kuchenka, lodówka, piekarnik, pralka, telewizor, zmywarka",50.26881,19.039073
Katowice Giszowiec,ul. Adama,3,61,520000,8525.0,bez pośredników,,9,https://adresowo.pl/o/mieszkanie-katowice-giszowiec-ul-adama-3-pokojowe-k4g7d7,https://s2.adresowa.pl/oi/5c/47/3e3912_d5ae_cover@2x-3-pokojowe-mieszkanie-katowice-giszowiec-ul-adama.webp,Katowice Giszowiec,Adama,5,1985.0,blok,,"Na sprzedaż komfortowe i funkcjonalne mieszkanie o powierzchni 61,07 m², położone na 5. piętrze w 10-piętrowym budynku po termomodernizacji. Budynek jest zadbany, wyposażony w windę oraz zabezpieczony domofonem. Jednym z największych atutów nieruchomości jest przestronny balkon (ok. 5 m²) z pięknym, kojącym widokiem na las - idealne miejsce na poranną kawę lub odpoczynek po pracy. Mieszkanie stanowi pełną własność. Układ pomieszczeń: - trzy niezależne, ustawne pokoje - oddzielna, jasna kuchnia - funkcjonalny przedpokój - łazienka z WC - duży balkon Dodatkowo: - piwnica (ok. 3,2 m²) - komórka lokatorska (ok. 2 m²) Standard i wyposażenie: - mieszkanie po kapitalnym remoncie - wymienione wszystkie instalacje (elektryczna, wodno-kanalizacyjna, piony) - ogrzewanie miejskie bez podzielników - ciepła woda z sieci miejskiej - gaz ziemny - okna PCV - na podłogach panele i płytki, na ścianach gładzie, podwieszane sufity Lokalizacja - Giszowiec: Nieruchomość znajduje się w jednej z najbardziej klimatycznych i zielonych dzielnic Katowic. Giszowiec to unikalne osiedle-ogrodowe, cenione za spokój, z dużą ilością terenów zielonych oraz przyjazną, zabytkową zabudową domków jednorodzinnych. Atuty lokalizacji: - bezpośrednie sąsiedztwo lasów i terenów rekreacyjnych - liczne ścieżki spacerowe i rowerowe - szybki dojazd do centrum Katowic, Mysłowic oraz Tychów - dogodny dostęp do autostrady A4 i DTŚ - dobrze rozwinięta komunikacja autobusowa W pobliżu: - sklepy i punkty usługowe - szkoły i przedszkola - przychodnie i apteki - place zabaw i tereny rekreacyjne To idealna propozycja dla osób szukających mieszkania w spokojnej, zielonej okolicy, z jednoczesnym szybkim dostępem do centrum miasta. Oferta prywatna, biurom nieruchomości dziękujemy.",tak,,osobna,plastikowe,własność,,50.212864,19.073514
Katowice Panewniki,ul. Panewnicka,3,50,470000,9400.0,Pośrednik,,9,https://adresowo.pl/o/mieszkanie-katowice-panewniki-ul-panewnicka-3-pokojowe-q1j1b4,https://s2.adresowa.pl/oi/5e/68/3ca182_2b71_cover@2x-3-pokojowe-mieszkanie-katowice-panewniki-ul-panewnicka.webp,Katowice Panewniki,Panewnicka,1,1980.0,apartamentowiec,,"EASTATE ma przyjemność zaprezentować 3 pokojowe mieszkanie w zielonych Panewnikach LOKALIZACJA: Ul. Panewnicka w Katowicach znajduje się w spokojnej dzielnicy Ligota-Panewniki, która jest dobrze skomunikowana z resztą miasta i oferuje dostęp do sklepów oraz usług w pobliżu. Dodatkową zaletą jest bliskość terenów zielonych oraz uczelni i infrastruktury miejskiej, MIESZKANIE I BUDYNEK Oferowany lokal to 3 pokojowe mieszkanie znajdujące się na 1 piętrze z łazienką oraz oddzielną, widną kuchnią. Mieszkanie jest po generalnym remoncie obejmującym elektrykę jak i hydraulikę. Mieszkanie jest obecnie wynajmowane i w pełni wyposażone pod tę działalność. Całe wyposażenie pozostaje w lokalu, dzięki czemu może nadal służyć przyszłym najemcom. Do mieszkania przynależy bardzo duża piwnica Budynek to 3 piętrowy blok wielorodzinny z 1980 roku. Budynek po termoizolacji podłączony do sieci ogrzewania miejskiego. DLA KOGO: Aktualnie mieszkanie jest wynajmowane i generuje miesięczny zysk na poziomie 2000zł. Ze względu na bliskość Uniwersytetu oraz układ pomieszczeń nadal może spełniać funkcje mieszkania inwestycyjnego. (ROI ok 5%). Świetnie sprawdzi się również dla rodziny wówczas pomagam w znalezieniu innego mieszkania dla obecnych najemców. FINANSE: Cena - 470 000 PLN Miesięczne opłaty ok 900zł W Eastate Agency wspieramy klientów w sprzedaży, wynajmie i poszukiwaniach nieruchomości - zarówno na rynku wtórnym, pierwotnym, jak i komercyjnym. Pomagamy także w wyborze nieruchomości inwestycyjnych - pod wynajem lub długoterminowe lokowanie kapitału. Zajmujemy się również zarządzaniem najmem, a klientom finansującym zakup kredytem umożliwiamy bezpłatny kontakt z doradcą kredytowym.",tak,,,plastikowe,własność,,50.227896,18.937561
Katowice Śródmieście,ul. Warszawska,2,29,339000,11690.0,Pośrednik,,12,https://adresowo.pl/o/mieszkanie-katowice-srodmiescie-ul-warszawska-2-pokojowe-i4e9v9,https://s2.adresowa.pl/oi/25/2e/3c82d2_5a99_cover@2x-2-pokojowe-mieszkanie-katowice-srodmiescie-ul-warszawska.webp,Katowice Śródmieście,Warszawska,1,,kamienica,,"Do sprzedania Mieszkanie 2-pokojowe zlokalizowane w Pięknej Kamienicy w ścisłym śródmieściu Katowic przy ul. Warszawskiej. Za budynkiem duży zamykany i monitorowany parking za bramą na pilota dla mieszkańców. Piękna kamienica z odrestaurowanym frontem oraz z tylną elewacją po termomodernizacji. Nieruchomość sprzedawana w stanie po generalnym remoncie w wysokim standardzie, gotowa pod wynajem lub do zamieszkania z pełnym umeblowaniem oraz AGD w tym zmywarka,pralka itp Cena obejmuję generalny remont wraz z wymianą wszystkich instalacji. Świetna lokalizacja inwestycyjna nadająca się idealnie pod najem Długo oraz Krótko-Terminowy typu Booking, Airbnb itp. Świetny układ z osobną sypialnią z oknem. Zdjęcia przedstawiają poprzednie realizacje tego samego wykonawcy dla poglądu. W najbliższej odległości również wszelkie inne niezbętne punkty usługowe. Remont mieszkań obejmuje: - nowa instalacja elektryczna/hydrauliczna w całym mieszkaniu - ścianki działowe - gładzie na ścianach - malowanie - okna plastikowe - nowe drzwi wejściowe antywłamaniowe - drzwi wewnętrzne -panele / salon -kuchnia na wymiar z pełnym wyposażeniem AGD - Nowa instalacja ogrzewania podłogowego na podczerwień (tańsze niż gazowe) - łazienka -płytki kuchnia/łazienka - Zabudowa oraz wszystkie meble i sprzęty są zawarte w cenie mieszkania. -Możliwość zakupu mieszkania bez wyposażenia (łóżko szafki szafy sofa stolik itd) W razie pytań proszę o kontakt telefoniczny: [numer] Treść niniejszego ogłoszenia nie stanowi oferty handlowej w rozumieniu Kodeksu Cywilnego.",,,,plastikowe,własność,"Wyposażenie: pralka, zmywarka",50.25831,19.029
Katowice os. Tysiąclecia,ul. Bolesława Chrobrego,2,53,200000,3774.0,bez pośredników,,9,https://adresowo.pl/o/mieszkanie-katowice-os-tysiaclecia-ul-boleslawa-chrobrego-2-pokojowe-o2y9d6,https://s2.adresowa.pl/oi/73/12/3e32da_c403_cover@2x-2-pokojowe-mieszkanie-katowice-os-tysiaclecia-ul-boleslawa-chrobrego.webp,Katowice os. Tysiąclecia,Bolesława Chrobrego,2,1973.0,blok,,"Witam. Sprzedam 3/4 (75%) własności mieszkania w Katowicach osiedle Tysiąclecia ul. Bolesława Chrobrego 9. Mieszkanie 53.4 metra z 2 pokojami , kuchnią, łazienką, dużym przedpokojem, balkonem oraz komórką w mieszkaniu . Do mieszkania przynależy również piwnica, która znajduje się na parterze budynku. Cena wynika z posiadania dożywotniego użytkowania mieszkania przez osobę starszą w wieku 77 lat. Niestety z powodu problemów zdrowotnych jestem zmuszona zadbać o swoje zdrowie i sprzedać udział.",tak,,osobna,plastikowe,,,50.281118,18.968998
Katowice Kostuchna,ul. Jana Kściuczyka,2,30,269000,8967.0,bez pośredników,,7,https://adresowo.pl/o/mieszkanie-katowice-kostuchna-ul-jana-ksciuczyka-2-pokojowe-t6e1m2,https://s2.adresowa.pl/oi/17/55/3e2ef2_cb4f_cover@2x-2-pokojowe-mieszkanie-katowice-kostuchna-ul-jana-ksciuczyka.webp,Katowice Kostuchna,Jana Kściuczyka,8,,blok,,"Mieszkanie 30 m, umeblowane, po remoncie: - Łazienka: kabina prysznicowa + pralka. - Kuchnia na wymiar, na gwarancji, wraz ze sprzętem AGD (kuchenka, okap, zmywarka, piekarnik, lodówka). - Duży pokój. - Sypialnia/drugi pokój. Duża piwnica. W całym mieszkaniu nowe panele, w przedpokoju szafa z lustrem. W okolicy szkoła, sklepy, przychodnia, przystanek autobusowy oraz kolejowy. Dojazd do centrum samochodem: 12-15 min. Blok sąsiaduje z lasem, brak problemów z miejscami parkingowymi. Budynek przeszedł termomodernizację, klatka schodowa wyremontowana. Czynsz: 750 zł. Proszę pośredników o niekontaktowanie się.",tak,,,,,"Wyposażenie: kuchenka, lodówka, piekarnik, pralka, zmywarka",50.180624,18.998857
Katowice Janów,ul. Zamkowa,2,38,249000,6553.0,bez pośredników,,8,https://adresowo.pl/o/mieszkanie-katowice-janow-ul-zamkowa-2-pokojowe-q1m8k3,https://s2.adresowa.pl/oi/3d/19/3e275c_70c2_cover@2x-2-pokojowe-mieszkanie-katowice-janow-ul-zamkowa.webp,Katowice Janów,Zamkowa,1,,blok,,"Na sprzedaż jasne i funkcjonalne mieszkanie zlokalizowane przy ul. Zamkowej w Katowicach. Mieszkanie znajduje się w spokojnej, zielonej okolicy z bardzo dobrym dostępem do komunikacji, sklepów oraz infrastruktury miejskiej. Idealne zarówno do zamieszkania, jak i jako inwestycja pod wynajem. Najważniejsze atuty: * Bardzo jasne wnętrza. * Funkcjonalny układ pomieszczeń. * Duże okna z widokiem na zieleń. * Mieszkanie zadbane i gotowe do wprowadzenia. * Spokojna okolica. * Dużo miejsc parkingowych w pobliżu. * Idealne dla singla, pary lub inwestora. Mieszkanie składa się z: * Salonu. * Sypialni. * Osobnej kuchni. * Łazienki. * Przedpokoju. Blok położony jest w zielonej części osiedla, z wygodnym dostępem do centrum Katowic. Zapraszam do kontaktu i obejrzenia mieszkania.",,,osobna,,,,50.242467,19.088521
Katowice Koszutka,ul. Wierzbowa,2,34,285000,8382.0,Pośrednik,,8,https://adresowo.pl/o/mieszkanie-katowice-koszutka-ul-wierzbowa-2-pokojowe-s8y0r9,https://s2.adresowa.pl/oi/1d/17/3c72f0_5b8b_cover@2x-2-pokojowe-mieszkanie-katowice-koszutka-ul-wierzbowa.webp,Katowice Koszutka,Wierzbowa,3,1969.0,blok,,"Katowice Koszutka ul. Wierzbowa - 2 pokoje, 34m2 WE SPEAK ENGLISH CENA DO NEGOCJACJI ŚWIETNA LOKALIZACJA IDEALNE ZARÓWNO POD WYNAJEM JAK I DO ZAMIESZKANIA Zapraszamy do zapoznania się z ofertą 2 pokojowego mieszkania o powierzchni 34 m2, w najatrakcyjniejszej dzielnicy Katowic - Koszutce, znajdującego się na 3 piętrze w 4 piętrowym, kameralnym bloku przy ulicy Wierzbowej. SKŁADA SIĘ Z: - salonu z wejściem do sypialni i kuchni - częściowo otwartej kuchni - łazienki z wc - przedpokoju DODATKOWO Do mieszkania przynależy piwnica. STANDARD/INFORMACJE DODATKOWE - Możliwość zakupu na kredyt - Mieszkanie ustawne i jasne - Wymienione piony wodno-kanalizacyjne - Mieszkanie z dużym potencjałem aranżacyjnym i inwestycyjnym - Okna PCV - Na podłogach nowe panele - Nowe drzwi wejściowe - Centralne ogrzewanie - Świeżo odmalowane, łazienka i kuchnia do wykończenia LOKALIZACJA Świetna lokalizacja! Wszędzie blisko! W pobliżu przystanki tramwajowe i autobusowe, spodek, sklepy, przychodnia, targowisko, szkoły, uczelnie, komfortowy wyjazd na DTŚ w kierunku Chorzowa i Sosnowca. Skontaktuj się z nami i umów się na bezpłatną prezentację mieszkania. Pamiętaj, że ceny nieruchomości w większości przypadków podlegają negocjacji. Treść niniejszego ogłoszenia nie stanowi oferty handlowej w rozumieniu Kodeksu Cywilnego.",,,,plastikowe,własność,,50.27044,19.02958
Katowice,ul. Zamułkowa,2,35,299000,8543.0,Pośrednik,,8,https://adresowo.pl/o/mieszkanie-katowice-ul-zamulkowa-2-pokojowe-a9y7n8,https://s2.adresowa.pl/oi/46/3f/3c5b86_7f22_cover@2x-2-pokojowe-mieszkanie-katowice-ul-zamulkowa.webp,Katowice ,Zamułkowa,1,,kamienica,,"Do sprzedania Mieszkanie 2-Pokojowe z Balkonem zlokalizowane w wyremontowanej Zabytkowej kamienicy w świetnej lokalizacji Zaledwie 4 min samochodem do Ścisłego Centrum Katowic i Placu Wolności Mieszkanie posiada nową instalacje ogrzewania, okna plastikowe, nową instalacje elektryczną oraz wyposażoną Kuchnię i łazienkę. Pełne wyposażenie agd oraz meble w cenie. Świetna Lokalizacja - zaraz obok wjazd na A4, DTŚ, Przystanki Komunikacji miejskiej. Bardzo dobry dojazd do miast ościennych, drogi DTŚ, autostrady. W pobliżu liczne sklepy, przystanki autobusowe, tramwajowe, szkoły, przedszkola. Niedaleko do terenów zielonych i rekreacyjnych. Budynek po remoncie obejmującym Remont klatki schodowej, wymianę pionów wod-kan, pionów wentylacyjnychj, Elektryki, Remont Dachu, Możliwość również dokupienia piwnicy oraz komórki lokatorskiej. Koszty miesięczne wraz z ogrzewaniem średnio 450 zł miesięcznie. Ogrzewanie centralne kaloryferami zasilane z piecyka elektrycznego. Pelna wlasność z czystą Księgą Wieczystą. W razie pytań proszę o kontakt telefoniczny: [numer] Treść niniejszego ogłoszenia nie stanowi oferty handlowej w rozumieniu Kodeksu Cywilnego.",,,,plastikowe,własność,,50.266,18.99352
Katowice,os. Tysiąclecia,2,44,339000,7705.0,bez pośredników,,13,https://adresowo.pl/o/mieszkanie-katowice-os-tysiaclecia-2-pokojowe-44-m2-w5w4y3,https://s2.adresowa.pl/oi/74/14/3e273c_6340_cover@2x-2-pokojowe-mieszkanie-katowice-os-tysiaclecia.webp,Katowice os. Tysiąclecia,,2,1970.0,blok,,"Sprzedam mieszkanie o powierzchni 44m² (plus balkon) na Osiedlu Tysiąclecia w Katowicach. Mieszkanie składa się z przestronnego salonu z dużym oknem, oddzielnej, bardzo dużej kuchni, w której można wydzielić kolejny pokój lub spory jadalnię. Posiada sypialnię z wyjściem na długi balkon, z którego mamy widok na park i wesołe miasteczko. Kolejno w skład mieszkania wchodzi przedpokój z wnęką na szafę oraz łazienka z WC. Mieszkanie znajduje się na 2. piętrze w 13-piętrowym bloku z dostępem do windy. Lokalizacja jest świetnie skomunikowana. W pobliżu znajdują się przystanki autobusowe i tramwajowe. W okolicy dostępne są szkoły, przedszkola, placówki zdrowotne, sklepy i punkty usługowe. Blisko są także tereny zielone, parki i place zabaw. Z okien jest widok na Park Śląski. Zapraszam do umawiania się na spotkanie prezentacyjne. Cena do negocjacji.",,,osobna,plastikowe,własność,,50.280899,18.967661
Katowice Śródmieście,ul. ks. bp. Stanisława Adamskiego,2,33,297000,9000.0,bez pośredników,,14,https://adresowo.pl/o/mieszkanie-katowice-srodmiescie-ul-ks-bp-stanislawa-adamskiego-2-pokojowe-q6n2g6,https://s2.adresowa.pl/oi/75/41/3e21d2_65d9_cover@2x-2-pokojowe-mieszkanie-katowice-srodmiescie-ul-ks-bp-stanislawa-adamskiego.webp,Katowice Śródmieście,ks. bp. Stanisława Adamskiego,2,1969.0,blok,,"Opis Na sprzedaż 2 pokojowe mieszkanie w bloku 4 piętrowym przy ulicy Adamskiego. Idealne mieszkanie dla osób chcących zamieszkać w Śródmieściu Katowic i poczuć miasto rytm lub dla inwestora pod wynajem. Świetna lokalizacja, bardzo blisko do Uniwersytetu Ekonomicznego, Akademii Sztuk Pięknych oraz AWF. W niedalekiej odległości sklepy, dworzec kolejowy w Katowicach, Galeria Katowicka. Miejsce przyjazne mieszkańcom, w którym można odpocząć oraz wybrać się na spacery do Parku Kościuszki. Lokalizacja/ otoczenie Budynek 4- piętrowy mieści się przy ulicy Adamskiego, niedaleko węzła z autostradą A4. W okolicy niska zabudowa. Za blokiem teren zielony, garaże. Świetna lokalizacja, bardzo blisko do Uniwersytetu Ekonomicznego, Akademii Sztuk Pięknych, AWF. W niedalekiej odległości sklepy, dworzec kolejowy w Katowicach, Galeria Katowicka. Okolica doskonale skomunikowana - w bezpośrednim sąsiedztwie przystanki autobusowe. W pobliżu pełna infrastruktura miejska: szkoła, sklepy, apteka, punkty medyczne, liczne punkty gastronomiczne. Dane i opis nieruchomości: · powierzchnia użytkowa: 33 m² · układ: dwa pokoje, oddzielna kuchnia, łazienka. · piętro: 2 w 4- piętrowym budynku · rok budowy: 1969 · standard: do remontu · wyposażenie: w cenie mieszkania zabudowa kuchni oraz wyposażenie łazienki widoczne na zdjęciach · podłogi: drewniane, terakota · okna: plastikowe i drewniane (kuchnia) · ogrzewanie: centralne ogrzewanie miejskie. · ciepła woda: podgrzewacz gazowy · do mieszkania przynależy piwnica. · pełna własność z księgą wieczystą · ściany w pokojach oraz kuchni pomalowane białą farbą podkładową, ułatwiając dalsze prace remontowe Główne atuty: · doskonała lokalizacja · atrakcyjny rozkład mieszkania z dwoma dużymi pokojami i osobną kuchnią. Koszty Cena ofertowa: 297 000 zł, do negocjacji (9000 zł/m²) Czynsz: ok. 500 zł/miesiąc (zaliczka na wodę, ogrzewanie, opłaty eksploatacyjne)",tak,tak,osobna,plastikowe,własność,,50.254151,19.005228
Katowice Dąbrówka Mała,ul. Deszczowa,2,38,268000,7053.0,bez pośredników,,8,https://adresowo.pl/o/mieszkanie-katowice-dabrowka-mala-ul-deszczowa-2-pokojowe-m0d7w7,https://s2.adresowa.pl/oi/3c/10/3e1d24_fc1e_cover@2x-2-pokojowe-mieszkanie-katowice-dabrowka-mala-ul-deszczowa.webp,Katowice Dąbrówka Mała,Deszczowa,parter,1960.0,kamienica,,"Sprzedam przytulne mieszkanie o powierzchni 38,4 m². Mieszkanie składa się z pokoju, dużej kuchni, łazienki oraz przynależnej piwnicy. Usytuowane jest na parterze w kamienicy. Mieszkanie jest w pełni umeblowane i gotowe do wprowadzenia. Wnętrze jest jasne, z nowoczesnym wykończeniem oraz drewnianymi podłogami (panele). Wszystko zostało wyremontowane, w tym nowa kuchnia i nowa łazienka. Nowe wyposażenie obejmuje lodówkę, pralkę, meble kuchenne i inne meble. Dodatkowo, pod mieszkaniem znajduje się spora piwnica, idealna do przechowywania lub magazynowania rzeczy. Lokalizacja jest bardzo dogodna. W pobliżu znajduje się wiele punktów usługowych: sklepy spożywcze, piekarnia i restauracje. Bliskość komunikacji publicznej ułatwia codzienne dojazdy. W okolicy dostępne są również park (idealny na spacery), basen oraz dodatkowe sklepy. Nie czekaj! Umów się na prezentację tego wyjątkowego mieszkania już dziś!",tak,tak,osobna,plastikowe,własność,"Wyposażenie: lodówkę, pralkę",50.273118,19.073995
Katowice Muchowiec,ul. Francuska,3,91,1399000,15374.0,Pośrednik,,7,https://adresowo.pl/o/mieszkanie-katowice-muchowiec-ul-francuska-3-pokojowe-o1l9n8,https://s2.adresowa.pl/oi/3c/1b/3c5b50_d0dc_cover@2x-3-pokojowe-mieszkanie-katowice-muchowiec-ul-francuska.webp,Katowice Muchowiec,Francuska,5,2017.0,apartamentowiec,,"BEZ PROWIZJI OD KUPUJĄCEGO Do sprzedania apartament 3-pokojowy z Balkonem w najlepszej okolicy Katowic! Miejsce parkingowe w garażu podziemnym, komórka lokatorska, Sauna Ogrzewanie Miejskie. Pełna własność z czystą KW. Zapraszam do kontaktu telefonicznego: [numer] Treść niniejszego ogłoszenia nie stanowi oferty handlowej w rozumieniu Kodeksu Cywilnego.",,tak,,plastikowe,własność,,50.23664,19.02602
Katowice Śródmieście,pl. Oddziałów Młodzieży Powstańczej,3,74,395000,5338.0,Pośrednik,,9,https://adresowo.pl/o/mieszkanie-katowice-srodmiescie-pl-oddzialow-mlodziezy-powstanczej-3-pokojowe-o7a6t6,https://s2.adresowa.pl/oi/3f/5f/3c5b48_f3fe_cover@2x-3-pokojowe-mieszkanie-katowice-srodmiescie-pl-oddzialow-mlodziezy-powstanczej.webp,Katowice Śródmieście,pl. Oddziałów Młodzieży Powstańczej,4,,kamienica,,"Do sprzedania mieszkanie 3-pokojowe zlokalizowane w odnowionej kamienicy przy samym dworcu PKP w ścisłym centrum Katowic. Mieszkanie można podzielić na 3-Pak - idealnie sprawdzi się jako inwestycja pod wynajem. Mieszkanie przy samym Pawilonie wejściowym do dworca PKP, który niedługo będzie przechodził całkowitą modernizację. Nowa instalacja miejskiego ogrzewania wraz z grzejnikami i podzielnikami. Mieszkanie składa się z WC, Łazienki, Kuchni, Przedpokoju oraz trzech przestronnych pokoi. Odnowiona Kamienica po termomodernizacji zarówno frontowej jak i tylnej elewacji, przy samym Dworcu. Duży Parking za budynkiem. Schludna klatka schodowa. Budynek po wymianie instalacji. Mieszkanie w stanie do remontu. Pełna własność. Zapraszam do kontaktu telefonicznego: [numer] Treść niniejszego ogłoszenia nie stanowi oferty handlowej w rozumieniu Kodeksu Cywilnego.",,,,,własność,,50.25672,19.01601
Katowice Brynów,ul. Zofii Kossak-Szczuckiej,4,79,869000,11000.0,bez pośredników,,8,https://adresowo.pl/o/mieszkanie-katowice-brynow-ul-zofii-kossak-szczuckiej-4-pokojowe-u9x0j8,https://s2.adresowa.pl/oi/49/21/3e1816_7c56_cover@2x-4-pokojowe-mieszkanie-katowice-brynow-ul-zofii-kossak-szczuckiej.webp,Katowice Brynów,Zofii Kossak-Szczuckiej,2,1990.0,blok,,"Szukasz miejsca, które łączy komfort życia blisko centrum z ciszą i zielenią? To mieszkanie na zamkniętym osiedlu przy ul. Kossak-Szczuckiej w Katowicach jest idealną propozycją dla rodziny lub osób ceniących przestrzeń i wygodę. Kluczowe parametry: Lokalizacja: Katowice, Brynów (ul. Zofii Kossak-Szczuckiej). Powierzchnia i układ: 79 m2, pomieszczenia: przestronny salon z aneksem kuchennym i wyspą, 3 ustawne pokoje, łazienka z toaletą oraz przedpokój. Piętro: 2 w zadbanym, 3-piętrowym bloku z lat 90-tych. Status prawny: Odrębna własność z księgą wieczystą. Ekspozycja: Dwustronna (wschód-zachód) - mieszkanie jest bardzo widne i naturalnie doświetlone. Dlaczego warto tu zamieszkać? Mieszkanie sprzedawane z częściowym umeblowaniem oraz zabudową kuchenną wraz ze sprzętem AGD w cenie. Słoneczny, duży balkon: zachodnia ekspozycja sprawia, że balkon to idealne miejsce na popołudniowy relaks z widokiem na zielony i spokojny dziedziniec osiedla. Dodatki: Do mieszkania przynależy praktyczna komórka lokatorska (na poziomie piwnicy budynku). Bezpieczeństwo: Osiedle jest zamknięte i bardzo spokojne. Miłe i kulturalne sąsiedztwo. Miejsca postojowe: Na osiedlu zlokalizowane są miejsca postojowe w części ogólnodostępnej oraz w części przeznaczonej wyłącznie dla mieszkańców (za ogrodzeniem). Istnieje także możliwość zakupu indywidualnego garażu w bryle budynku (za dodatkową opłatą). Zielony Brynów - Wszystko w zasięgu ręki Komunikacja: Przystanek autobusowy i stacja rowerów miejskich bezpośrednio przy osiedlu. W odległości kilku minut spacerem przystanek tramwajowy. Osiedle usytuowane blisko DK81 (Katowice - Wisła), z szybkim dojazdem do autostrady A4. Zakupy: Sklep Stokrotka tuż za rogiem, bliskość Aldi, piekarni, OBI, Biedronki, Lidla i Galerii Libero. W najbliższej okolicy zlokalizowane: żłobki, przedszkola, szkoły podstawowe, przychodnia oraz pełna infrastruktura dla dzieci i młodzieży (boiska oraz kilka placów zabaw). Rekreacja: Kilkanaście minut spacerem do Parku Kościuszki oraz Katowickiego Parku Leśnego (Muchowca). Idealna baza na spacery i wycieczki rowerowe. Informacje o sprzedaży: Termin wydania: Nabywca może wprowadzić się od sierpnia 2026 roku. Możliwość obejrzenia mieszkania w weekendy, po wcześniejszym telefonicznym umówieniu się.",tak,tak,aneks,,własność,,50.23285,18.985716
Katowice Bogucice,ul. Henryka Mikołaja Góreckiego,1,35,571000,16314.0,bez pośredników,,12,https://adresowo.pl/o/mieszkanie-katowice-bogucice-ul-henryka-mikolaja-goreckiego-1-pokoj-j3v1s9,https://s2.adresowa.pl/oi/7c/21/3e1736_2724_cover@2x-1-pokojowe-mieszkanie-katowice-bogucice-ul-henryka-mikolaja-goreckiego.webp,Katowice Bogucice,Henryka Mikołaja Góreckiego,5,2024.0,apartamentowiec,,"Szukasz nowoczesnego mieszkania gotowego do wprowadzenia? Ta oferta może być dla Ciebie. Oferuję przytulne i funkcjonalne mieszkanie o powierzchni 35,7 m², położone na 5. piętrze nowoczesnego budynku oddanego do użytku w 2024 roku, zrealizowanego w ramach prestiżowej inwestycji ""Pierwsza Dzielnica"" przy ul. Góreckiego w Katowicach. Mieszkanie jest w pełni umeblowane i wyposażone, gotowe do zamieszkania od razu po zakupie. Do dyspozycji przyszłego właściciela pozostają m.in. klimatyzacja, telewizor, pralka, zmywarka, lodówka oraz płyta indukcyjna. Dużym atutem jest również przestronna loggia, która stanowi naturalne przedłużenie części dziennej. Wnętrze zostało zaprojektowane na indywidualne zamówienie z dbałością o estetykę, funkcjonalność i jakość wykończenia. Zabudowa kuchenna oraz meble łazienkowe zostały wykonane na wymiar w rzemieślniczej manufakturze stolarskiej, z wykorzystaniem wysokiej jakości materiałów. Całość tworzy spójną, elegancką przestrzeń, uzupełnioną starannie dobraną armaturą łazienkową i kuchenną oraz elementami dekoracyjnymi. Część sypialniana została wyposażona w duże łóżko kontynentalne 180 × 200 cm oraz przestronną szafę. Mieszkanie wyróżnia się także ciekawym i praktycznym rozwiązaniem w postaci obrotowego telewizora, z którego można korzystać zarówno z części dziennej, jak i sypialnianej. Jednym z największych atutów nieruchomości jest lokalizacja. Mieszkanie znajduje się w Strefie Kultury, tuż obok Spodka, Międzynarodowego Centrum Kongresowego, NOSPR oraz Muzeum Śląskiego — w jednej z najbardziej rozpoznawalnych i prestiżowych części Katowic. W pobliżu znajdują się liczne uczelnie, punkty usługowe, tereny spacerowe oraz centrum miasta. Lokalizacja zapewnia również wygodny dojazd do głównych tras, w tym A4 i DTŚ. To doskonała propozycja dla osób szukających komfortowego mieszkania w centrum Katowic, a także dla inwestorów poszukujących nieruchomości w atrakcyjnej lokalizacji. Zapraszam do kontaktu i umówienia się na prezentację.",,tak,aneks,plastikowe,własność,"Wyposażenie: klimatyzacja, lodówka, pralka, telewizor, zmywarka",50.265578,19.032993
Katowice Koszutka,pl. Grunwaldzki,2,40,320000,8000.0,bez pośredników,,1,https://adresowo.pl/o/mieszkanie-katowice-koszutka-pl-grunwaldzki-2-pokojowe-u9j0d1,https://s2.adresowa.pl/oi/12/74/3e165c_58b8_cover@2x-2-pokojowe-mieszkanie-katowice-koszutka-pl-grunwaldzki.webp,Katowice Koszutka,pl. Grunwaldzki,1,1960.0,blok,,"To mieszkanie, który ustawi Tobie życie i lokalizacja, która kasuje wymówki ! Tu nie ma ""daleko"", ""muszę jechać"" i ""może jutro"". Spodek, Strefa Kultury, NOSPR, Rynek, uczelnie, tramwaje, pociągi. Wszystko masz w zasięgu spaceru. Styl życia: mniej auta, więcej decyzji To miejsce nie trzyma Cię w korkach i nie każe planować życia pod dojazdy. Tu masz wolność wyboru. Rano kawa tam, gdzie masz ochotę. Obiad i kolacja bez kalkulowania czasu przejazdu. A jak chcesz koncert, pociąg, tramwaj albo chwilę spokoju w parku, to wychodzisz i jesteś tam w kilka minut. Miasto nie jest ""gdzieś"". Tu masz je pod ręką. To mieszkanie o pow. 40,2 m² , na 1 piętrze z balkonem od strony podwórka. Idealne dla wizjonerów, którzy chcą żeby było tak jak oni sobie wymyślą. Ogrzewanie z sieci miejskiej, ciepła woda z piecyka gazowego. W jednym z najbardziej rozpoznawalnych budynków Katowic przy Placu Grunwaldzkim 4B. Budynek z charakterem, nie z katalogu Tu nie ma udawania nowoczesności na siłę. solidna, murowana konstrukcja z cegły grube ściany, które naprawdę robią robotę akustycznie lata 60., czyli czas, kiedy budowano jeszcze ""na serio"", a nie ""na szybko"" To nie jest anonimowy budynek. Albo go kojarzysz, albo dopiero go zapamiętasz. Dla kogo to jest dla singla, który nie chce tracić czasu na logistykę życia dla pary, która chce mieszkać w centrum, a nie dojeżdżać do centrum dla inwestora, który wie, że adres sprzedaje się sam Prawda jest prosta Nie każdy potrzebuje mieszkania w takim miejscu. Ale każdy, kto je wybiera, szybko rozumie, dlaczego było warto. Zadzwoń i zobacz je zanim zrobi to ktoś inny.",,,osobna,plastikowe,własność,,50.268544,19.023119
Katowice Koszutka,ul. Antoniego Słonimskiego,2,36,295000,8194.0,Pośrednik,,14,https://adresowo.pl/o/mieszkanie-katowice-koszutka-ul-antoniego-slonimskiego-2-pokojowe-t1m8r2,https://s2.adresowa.pl/oi/59/78/3c1f92_6d2e_cover@2x-2-pokojowe-mieszkanie-katowice-koszutka-ul-antoniego-slonimskiego.webp,Katowice Koszutka,Antoniego Słonimskiego,2,,kamienica,,"INFORMACJE POD NUMEREM [numer]. Na sprzedaż 2 pokojowe mieszkanie o powierzchni 36,48 m2 znajdujące się na 2 piętrze (w budynku 2 piętrowym) przy ulicy Słonimskiego, Osiedle Koszutka w Katowicach. Nieruchomość składa się: - Pokoju - Pokoju z Aneksem Kuchennym - Łazienki z WC - Przedpokoju - dużej Piwnicy 11,22 m2 Na podłogach panele i terkota, na ścianach gładzie gipsowe, tapety i glazura. Okna PCV, instalacja elektryczna nie wymieniona, ogrzewanie z sieci miejskiej, ciepła woda z piecyka gazowego. Czynsz administracyjny 580 zł. Mieszkanie nie posiada żadnych zadłużeń ani hipotek. Mieszkanie jednostronne rozkładowe, słoneczne, ciepłe, znajdujące się w stanie do remontu. Mieszkanie idealnie sprawdzi się jako lokal dla małych rodzin, singli, osób starszych oraz jako inwestycja pod wynajem. Bardzo dobra lokalizacja w bliskim otoczeniu cała infrastruktura m.in. sklepy osiedlowe, markety, punkty usługowe, paczkomaty, stacja benzynowa, apteki, komunikacja miejska (autobus, tramwaj). Biuro udziela bezpłatnej pomocy przy uzyskaniu kredytu hipotecznego. CENA 295 000 ZŁ. ( 8086 zł / m2). Bogdan Barański MB NIERUCHOMOŚCI ulica Żeromskiego 42/1 Olsztyn Prezentowana oferta ma charakter informacyjny i nie stanowi oferty handlowej w rozumieniu art. 66 par. 1 Kodeksu Cywilnego.",tak,,aneks,plastikowe,własność,,50.273323,19.022114
Katowice,ul. Jana Samsonowicza,2,30,230000,7667.0,Pośrednik,,6,https://adresowo.pl/o/mieszkanie-katowice-ul-jana-samsonowicza-2-pokojowe-h2o7f9,https://s2.adresowa.pl/oi/54/54/3bf010_d2ef_cover@2x-2-pokojowe-mieszkanie-katowice-ul-jana-samsonowicza.webp,Katowice ,Jana Samsonowicza,3,,blok,,"Wyłącznie u Nas!! Na sprzedaż oferujemy jasne i przytulne mieszkanie o powierzchni 30,6 m2, położone na 3 piętrze w 6-piętrowym, ocieplonym budynku zlokalizowanym w zielonej i spokojnej dzielnicy Katowic - Murcki. Budynek wyposażony jest w aż cztery windy, co znacząco podnosi komfort codziennego użytkowania. Dodatkowym atutem są dwa niezależne wejścia do klatki oraz parking przeznaczony wyłącznie dla mieszkańców. Nieruchomość oferuje dwa niezależne pokoje, w tym przestronny salon połączony z otwartą kuchnią, który dzięki dwóm balkonom francuskim jest doskonale doświetlony i sprawia wrażenie lekkiego oraz bardzo przyjemnego wnętrza. Drugi pokój idealnie sprawdzi się jako sypialnia. Układ mieszkania uzupełnia funkcjonalny przedpokój z miejscem na zabudowaną szafę rogową oraz łazienka wraz z WC. Mieszkanie jest do własnej aranżacji, co daje nowemu właścicielowi pełną swobodę w stworzeniu przestrzeni dopasowanej do własnych potrzeb i stylu życia. Ogrzewanie oraz ciepła woda z sieci miejskiej zapewniają wygodę użytkowania oraz bezpieczeństwo. Lokalizacja to niewątpliwy atut tej nieruchomości. Murcki są jedną z najbardziej zielonych dzielnic Katowic, cenioną za ciszę, kameralny charakter oraz bliskość lasów i terenów rekreacyjnych. Jednocześnie w okolicy znajduje się pełna infrastruktura miejska: sklepy, punkty usługowe, szkoły, przedszkola oraz przystanki komunikacji miejskiej, które umożliwiają szybki i wygodny dojazd do centrum miasta. To propozycja idealna zarówno dla osób poszukujących pierwszego mieszkania, jak i dla inwestorów szukających nieruchomości o dobrym potencjale w spokojnej, zielonej części Katowic. Nieruchomość składa się z: - Salonu połączonego z otwartą kuchnią - Sypialni - Kuchni - Przedpokoju - Łazienki wraz z WC Informacje: - Cena: 230 000 zł - Powierzchnia: 30,60 m2 - Piętro: 3/6 - Opłaty miesięczne: 950 zł Zawierają: opłatę eksploatacyjną, fundusz remontowy, zaliczkę na ogrzewanie, wodę, prąd oraz gaz - Okna PCV - Ogrzewanie i ciepła woda z sieci miejskiej - Balkon: Tak (2) - Piwnica: Nie - Parking: Parking dla mieszkańców tuż przy budynku Lokalizacja: Murcki to zielona i spokojna dzielnica Katowic, idealna dla osób ceniących ciszę oraz bliskość natury. W bezpośrednim sąsiedztwie znajdują się tereny leśne i rekreacyjne, a jednocześnie pełna infrastruktura miejska - sklepy, szkoły, przedszkola, punkty usługowe oraz przystanki komunikacji miejskiej zapewniające wygodny dojazd do centrum Katowic. Zapraszamy na prezentację! Karolina Wieczorek Tel: [numer] e-mail: [email] [www] LukHouse-Nieruchomości ""BiuroDlaWymagających DODATKOWE INFORMACJE: Typ własności: własność Standard: dobry Typ podłogi: panele Rodzaj okien: PCV Liczba sypialni: 1 Liczba pokoi: 2 Piętro: 3 Liczba pięter: 6 Ogrzewanie: miejskie Typ balkonu: kratka balkonowa Typ kuchni: aneks Czynsz: 950 Typ łazienki: z wc Typ budynku: wieżowiec Głośność: ciche Klatka schodowa: czysta Typ parkingu: parking niestrzeżony Stan lokalu: do odświeżenia DANE KONTAKTOWE: Karolina Wieczorek [numer] [email] Treść niniejszego ogłoszenia nie stanowi oferty handlowej w rozumieniu Kodeksu Cywilnego.",,,,plastikowe,własność,,50.19972,19.03933
Katowice Załęska Hałda,ul. Załęska,1,32,261250,8164.0,bez pośredników,,8,https://adresowo.pl/o/mieszkanie-katowice-zaleska-halda-ul-zaleska-1-pokoj-c9j0w2,https://s2.adresowa.pl/oi/30/57/3c7102_d07d_cover@2x-1-pokojowe-mieszkanie-katowice-zaleska-halda-ul-zaleska.webp,Katowice Załęska Hałda,Załęska,parter,1980.0,blok,,"Mieszkanie o powierzchni 32,84 m2 z funkcjonalnym układem, składające się z jasnej oddzielnej kuchni, przestronnego i ustawnego pokoju, przedpokoju oraz łazienki. Do mieszkania przynależy piwnica o powierzchni 3,82 m2. Mieszkanie znajduje się na parterze w 4 piętrowym bloku po termomodernizacji ul. Załęska. Mieszkanie zostało w lutym 2024 wyposażone w nowe meble (m.in. meble kuchenne, stół, sofa, stolik kawowy oraz sprzęt AGD. Lokalizacja mieszkania idealna dla osób szukających mieszkania pod inwestycję (wynajem studentom) lub ceniących sobie spokojną okolice i jednocześnie bliskość do centrum. Dojazd do centrum zajmuje ok 10 min samochodem oraz komunikacja miejska. Bardzo dobry dojazd do uczelni m.in Akademii Wychowania Fizycznego, Akademii Śląskiej. Pod blokiem miejsca parkingowe dla mieszkańców. Aktualnie mieszkanie w trakcie wymiany drzwi wejściowych oraz odświeżenia pomieszczeń. Docelowo jak na wizualizacji. Zainteresowane osoby proszę o kontakt telefoniczny po godzinie 15. Ogłoszenie bezpośrednio od właściciela. Pośrednikom bardzo dziękuje.",tak,,osobna,plastikowe,spółdzielcze własnościowe,,50.239136,18.9815
Katowice Śródmieście,ul. Strzelecka,1,27,403000,14926.0,bez pośredników,,1,https://adresowo.pl/o/mieszkanie-katowice-srodmiescie-ul-strzelecka-1-pokoj-b4l5l7,https://s2.adresowa.pl/oi/77/65/3e13f8_a853_cover@2x-1-pokojowe-mieszkanie-katowice-srodmiescie-ul-strzelecka.webp,Katowice Śródmieście,Strzelecka,3,2022.0,apartamentowiec,,"Prestizowa inwestycja Mikołowska ul.Strzelecka. Katowice. Sprzedam mieszkanie kawalerka 27m2 w pełni i całkowicie wyposażona gotowa do zamieszkania lub inwestycji. Obecnie jest wynajmowana do października2026r., możliwość gotowego zarobkowania zaraz po zakupie z przejęciem wynajmu. Wyposażonie Przedpokój szafa garderoba 220cm Łazienka z prysznicem pralka Beko, Łóżko małżeńskie 140/205cm materac średnio twardy Ikea Tv 40', stół plus dwa krzesła, sofa, stolik kawowy, Kuchnia wyposażona lodówka, zmywarka, płyta indukcyjna,mikrofalówka, okap, talerze, kubki, sztućce, czajnik elektryczny. Na oknach żaluzje. Balkon 4m2. Świetna lokalizacja Śródmieście Katowic, do dworca 7min pieszo, 12 min centrum miasta, AWF 200m, centrum onkologii 200m, szpital urologii 30m, do Spodka 30min .polecam. Najczęściej wybierana lokalizacja na booking. Oglądanie po wcześniejszym uzgodnieniu terminu. Bez pośredników.",,tak,aneks,,własność,"Wyposażenie: lodówka, mikrofalówka, pralka, tv, zmywarka",50.253471,19.006427
Katowice Załęże,ul. Wojciecha Bogusławskiego,3,65,619000,9523.0,bez pośredników,,19,https://adresowo.pl/o/mieszkanie-katowice-zaleze-ul-wojciecha-boguslawskiego-3-pokojowe-c2y9j5,https://s2.adresowa.pl/oi/27/74/3e1296_b308_cover@2x-3-pokojowe-mieszkanie-katowice-zaleze-ul-wojciecha-boguslawskiego.webp,Katowice Załęże,Wojciecha Bogusławskiego,parter,1950.0,kamienica,,"3 pokoje z, garderobą, hallem, i 2 łazienkami oraz przynależnym ogródkiem i miejscem parkingowym. Na sprzedaż funkcjonalne mieszkanie o pow. 65,4 m² z przynależnym ogródkiem (18,8 m²)i miejscem parkingowym na zamkniętym podwórku oraz piwnicą (ok. 4,5 m²). Lokalizacja: Katowice Śródmieście - Załęże, okolica Punktu 44. Dobry dojazd do Centrum oraz do A4 i DTŚ. Układ: - salon z aneksem - 2 sypialnie - 2 łazienki - garderoba - hall Standard: - mieszkanie i budynek po generalnym remoncie (2018 r): nowe instalacje, ściany, sufity i wylewki. - ogrzewanie centralne elektryczne wspólnotowe, podłogowe. Budynek posiada fotowoltaikę. Koszt około 280-300 zł w formie miesięcznych zaliczek. - woda ciepła: energooszczędny bojler (zamontowany 03.2026). - zabudowy meblowe w cenie. - większość sprzętów AGD zostaje. - wyjście z salonu bezpośrednio na ogródek. - czynsz stały do wspólnoty 382 zł/mc. Mieszkanie gotowe do zamieszkania - do ewentualnego odświeżania wedle potrzeby. Cena: 619 000 zł (z piwnicą , ogródkiem, oraz miejscem parkingowym na zamkniętym parkingu z tyłu budynku, brama na pilot).",tak,,aneks,plastikowe,własność,,50.26072,19.003432
Katowice,ul. Gliwicka,3,44,320000,7273.0,Pośrednik,,6,https://adresowo.pl/o/mieszkanie-katowice-ul-gliwicka-3-pokojowe-q8s9t1,https://s2.adresowa.pl/oi/48/31/3bd918_3053_cover@2x-3-pokojowe-mieszkanie-katowice-ul-gliwicka.webp,Katowice ,Gliwicka,2,,apartamentowiec,,"Na sprzedaż mieszkanie 3-Pokojowe w Centrum Katowic przy ul. Gliwickiej zaraz przy skrzyżowaniu z ul. Bocheńskiego. Nieruchomość po generalnym remoncie wykończona w wysokim standardzie. Obecnie wynajmowana na pokoje, generująca stały dochód na poziomie 9% ROI (2400 zł miesięcznie na czysto) Budynek ogrodzony oraz oddalony od głównej ulicy co zapewnia ciszę. Nowo wybrukowany podjazd oraz parking dla mieszkańców za bramą na pilota. Możliwość zakupu również pustego mieszkania. Zapraszam do kontaktu : [numer] Treść niniejszego ogłoszenia nie stanowi oferty handlowej w rozumieniu Kodeksu Cywilnego.",,tak,,,,,50.26755,18.98863
Katowice Śródmieście,ul. Barbary,1,25,315000,12600.0,Pośrednik,,6,https://adresowo.pl/o/mieszkanie-katowice-srodmiescie-ul-barbary-1-pokoj-q4s2a8,https://s2.adresowa.pl/oi/1e/4e/3bd91a_9f84_cover@2x-1-pokojowe-mieszkanie-katowice-srodmiescie-ul-barbary.webp,Katowice Śródmieście,Barbary,parter,,kamienica,,"Do sprzedania Mieszkanie z antresolą zlokalizowane na wysokim parterze w Kamienicy w świetnej lokalizacji Katowic przy ul. Świętej Barbary. Najlepsza lokalizacja w Centrum oraz przy Parku Kościuszki! Całą zabudowa Kuchenna, Łazienkowa, Antresola oraz wszelkiego rodzaju szafy robione na wymiar na zamówienie u stolarza, co gwarantuje świetne wykorzystanie każdego centymetra przestrzeni. Parking za bramą na pilota dla mieszkańców za budynkiem. Ogrzewanie oraz Ciepła woda z sieci miejskiej! Świeżo wyremontowana klatka schodowa. Nieruchomość sprzedawana w stanie po generalnym remoncie w wysokim standardzie, gotowa pod wynajem lub do zamieszkania z pełnym umeblowaniem oraz AGD. Świetna lokalizacja inwestycyjna nadająca się idealnie pod najem Długo oraz Krótko-Terminowy typu Booking, Airbnb itp. W najbliższej odległości również wszelkie inne niezbętne punkty usługowe. W razie pytań proszę o kontakt telefoniczny: [numer] Treść niniejszego ogłoszenia nie stanowi oferty handlowej w rozumieniu Kodeksu Cywilnego.",,tak,,plastikowe,własność,,50.2497,19.0084
Katowice Śródmieście,ul. Mikołowska,3,48,538000,11208.0,bez pośredników,,17,https://adresowo.pl/o/mieszkanie-katowice-srodmiescie-ul-mikolowska-3-pokojowe-k9b1l3,https://s2.adresowa.pl/oi/3d/57/3e1272_7182_cover@2x-3-pokojowe-mieszkanie-katowice-srodmiescie-ul-mikolowska.webp,Katowice Śródmieście,Mikołowska,2,,kamienica,,"Na sprzedaż jasne i funkcjonalne mieszkanie o powierzchni 48 m², zlokalizowane w samym sercu Katowic - Śródmieściu. Lokal znajduje się na 2. piętrze w kameralnej, odnowionej i ocieplonej kamienicy. Mieszkanie składa się z dwóch niezależnych pokoi oraz kuchni połączonej z przedpokojem i częścią wejściową. Układ mieszkania daje wiele możliwości aranżacyjnych - idealnie sprawdzi się zarówno jako mieszkanie dla pary, rodziny, jak i inwestycja pod wynajem. Obecne wyposażenie pozwala na łatwe dostosowanie wnętrza do różnych potrzeb - dwa oddzielne pokoje mogą pełnić funkcję dwóch sypialni lub salonu i sypialni. Mieszkanie posiada wyposażenie pod obie wersje. Najważniejsze atuty nieruchomości: • świetna lokalizacja - Katowice Śródmieście, • szybki i wygodny wyjazd na autostradę, • prywatny parking tylko dla mieszkańców - ogromny atut w ścisłym centrum miasta, z praktycznie zawsze dostępnymi miejscami postojowymi, • ciche położenie w drugiej linii zabudowy, • bardzo jasne wnętrza, • prywatna piwnica, • mieszkanie gotowe do zamieszkania (ewentualnie do odświeżenia według własnych preferencji), • czynsz wynosi 1093,93 zł i zawiera zaliczki na ogrzewanie oraz ciepłą i zimną wodę; dodatkowo płatny jedynie prąd. W najbliższej okolicy znajdują się: • Szkoły i uczelnie wyższe, • parki, • sklepy i punkty usługowe, • przystanki komunikacji miejskiej, • galeria. Dzięki lokalizacji oraz funkcjonalnemu układowi mieszkanie stanowi bardzo dobrą propozycję zarówno do zamieszkania, jak i jako inwestycja pod wynajem. Istnieje również możliwość wynajmu mieszkania na okres minimum 1 roku. Sprzedaż bezpośrednio od właściciela - bez prowizji. Pośrednikom dziękuję.",tak,tak,osobna,plastikowe,własność,,50.251072,19.003907
Katowice os. Tysiąclecia,ul. Zawiszy Czarnego,3,52,675000,12981.0,bez pośredników,,9,https://adresowo.pl/o/mieszkanie-katowice-os-tysiaclecia-ul-zawiszy-czarnego-3-pokojowe-y0f7m6,https://s2.adresowa.pl/oi/2e/79/3e0960_78b6_cover@2x-3-pokojowe-mieszkanie-katowice-os-tysiaclecia-ul-zawiszy-czarnego.webp,Katowice os. Tysiąclecia,Zawiszy Czarnego,9,2025.0,blok,,"Sprzedaję mieszkanie, które daje niezwykłe poczucie przestrzeni. Mieszkanie jest jasne, ciepłe i ustawne dzięki ekspozycji wschód-południe, a 9. piętro zapewnia prywatność i piękne światło przez cały dzień. Najważniejsze atuty mieszkania: - 27-metrowa loggia z pięknym widokiem — przestrzeń, która latem staje się drugim salonem. - Dwa miejsca postojowe — jedno naziemne (12,5 m²) oraz jedno w hali garażowej na poziomie -1 (12,5 m²). - Komórka lokatorska 3,95 m² — idealna na rowery, sprzęt sportowy i rzeczy sezonowe. - Projekt architektoniczny w cenie — możliwość aranżacji mieszkania z architektem, z bezpośrednim kontaktem i możliwością zmian. - Pokrywam koszty notariusza — realna oszczędność dla kupującego już na starcie. Dodatkowe udogodnienia (płatne osobno): - Naziemne miejsce postojowe: 25 000 zł - Miejsce postojowe w hali garażowej: 45 000 zł - Komórka lokatorska 3,95 m²: 23 000 zł Możliwość zakupu całego zestawu — co jest rzadkością w tej lokalizacji i ogromnym atutem dla przyszłego właściciela.",tak,tak,,plastikowe,własność,,50.278644,18.977349
Katowice Giszowiec,ul. Karliczka,2,36,270000,7500.0,bez pośredników,,14,https://adresowo.pl/o/mieszkanie-katowice-giszowiec-ul-karliczka-2-pokojowe-u6x0c1,https://s2.adresowa.pl/oi/4c/1e/3e088e_42a3_cover@2x-2-pokojowe-mieszkanie-katowice-giszowiec-ul-karliczka.webp,Katowice Giszowiec,Karliczka,9,1961.0,blok,,"Oferuję na sprzedaż przytulne, dwupokojowe mieszkanie o powierzchni około 37 metrów kwadratowych, usytuowane na dziewiątym piętrze. Mieszkanie składa się z dwóch jasnych pokoi oraz osobnej, ślepej kuchni, co pozwala na swobodną aranżację. Budynek wyposażony jest w windę, a klatka schodowa zabezpieczona podwójnymi drzwiami, co zapewnia dodatkowe bezpieczeństwo. Na parterze znajduje się domofon, a do mieszkania przynależy praktyczny schowek. Dodatkowym atutem jest świetna lokalizacja - tuż pod blokiem znajduje się sklep Żabka, a w pobliżu są przedszkole i szkoła. To idealna propozycja dla pary lub singla, ceniących wygodę, komfort i bezpieczeństwo w doskonale skomunikowanej okolicy! Do najbliższych przystanków autobusowych dojdziesz w kilka minut. W okolicy są także parki, które zapewnią relaks na świeżym powietrzu. Dzięki bliskości centrum kultury i różnych lokali gastronomicznych masz wszystko pod ręką. Mieszkanie jest położone w spokojnej części dzielnicy Giszowiec, co zapewnia komfort i dostęp do usług. Chcesz zobaczyć tę ofertę? Skontaktuj się i umów na prezentację.",,,osobna,plastikowe,własność,,50.226108,19.065154
Katowice Śródmieście,ul. Adama Mickiewicza,2,42,310000,7381.0,Pośrednik,,14,https://adresowo.pl/o/mieszkanie-katowice-srodmiescie-ul-adama-mickiewicza-2-pokojowe-m1q0k1,https://s2.adresowa.pl/oi/39/42/3b98c6_4a95_cover@2x-2-pokojowe-mieszkanie-katowice-srodmiescie-ul-adama-mickiewicza.webp,Katowice Śródmieście,Adama Mickiewicza,5,,kamienica,,"Przedstawiam ofertę sprzedaży mieszkania w Katowicach - Centrum ul. Mickiewicza. Mieszkanie o powierzchni 42,26m2 usytuowane jest na ostatnim 5 piętrze. W budynku jest winda, która dojeżdża na 4 piętro. Lokal składa się z: - Przedpokoju - Ślepej kuchni - Łazienki z toaletą, wyposażonej w kabinę prysznicową - Salonu - Sypialni (wejście z Salonu) Mieszkanie nie wymaga dużych nakładów finansowych. Centralne ogrzewanie z sieci miejskiej oraz ciepła woda z sieci miejskiej(obecnie boiler - mniejsze koszty zużycia wody) Czynsz i opłaty: - Zaliczka na pokrycie kosztów eksploatacji 42,26m2 x 2,80zł = 118,33zł - Zaliczka na fundusz remontowy 42,26m2 x 3,50zł = 147,91zł - Zaliczka na wodę i kanalizację 6m3 x 17,78zł = 106,68zł - Zaliczka na podgrzanie wody 0m3 x 30,54zł = 0zł - Centralne ogrzewanie 1 lokal = 104zł RAZEM: 441,72zł Doskonała lokalizacja pod wynajem! - Zarządzamy najmem dla klientów - zapytaj o szczegóły! Kamienica czysta i zadbana, klatka schodowa zabezpieczona domofonem. Zapraszam na prezentację w wybranym terminie. Zobacz Wirtualny Spacer: [www]/bck/160399 Pośrednik odpowiedzialny zawodowo za wykonanie umowy pośrednictwa: Leszek Czura (licencja nr: 14431/22284) -------------------------- OFERUJEMY BEZPŁATNĄ POMOC W UZYSKANIU KREDYTU HIPOTECZNEGO. UMÓW SIĘ Z NASZYM DORADCĄ JUŻ DZIŚ! POLUB NASZ PROFIL NA FACEBOOK – CODZIENNIE NOWE OFERTY!! UWAGA: Prezentowana oferta nieruchomości sporządzona została na podstawie dokumentów oraz oświadczeń uzyskanych od właściciela podczas oględzin nieruchomości, ma charakter informacyjny, nie stanowi oferty handlowej w rozumieniu Art.66 par.1 Kodeksu Cywilnego. 1. USŁUGA POŚREDNICTWA JEST USŁUGĄ ODPŁATNĄ. (Art. 179b. Ustawy o Gospodarce Nieruchomościami ""Pośrednictwo w obrocie nieruchomościami polega na odpłatnym wykonywaniu czynności zmierzających do zawarcia przez inne osoby umów: 1)nabycia lub zbycia praw do nieruchomości; 2)nabycia lub zbycia spółdzielczego własnościowego prawa do lokalu; 3)najmu lub dzierżawy nieruchomości lub ich części; 4)innych niż określone w pkt 1–3, których przedmiotem są prawa do nieruchomości lub ich części."" 2. ZA OBEJRZENIE DANEJ NIERUCHOMOŚCI BIURO NIE POBIERA ŻADNYCH OPŁAT, wymagane jednak jest zawarcie umowy pośrednictwa i określenie wynagrodzenia biura w razie dojścia do transakcji.",,,osobna,,własność,,50.266248,19.027622
Katowice Dolina Trzech Stawów,ul. Szybowcowa,4,88,1190000,13523.0,Pośrednik,,33,https://adresowo.pl/o/mieszkanie-katowice-dolina-trzech-stawow-ul-szybowcowa-4-pokojowe-s2e7y9,https://s2.adresowa.pl/oi/43/52/3b8468_e49c_cover@2x-4-pokojowe-mieszkanie-katowice-dolina-trzech-stawow-ul-szybowcowa.webp,Katowice Dolina Trzech Stawów,Szybowcowa,3,2024.0,apartamentowiec,,"Przedstawiam ofertę sprzedaży Apartamentu w Katowicach - Dolina Trzech Stawów - FRANCUSKA PARK ul. Szybowcowa. Mieszkanie jest w stanie deweloperskim i składa się z: - Duży przestronny przedpokój 11,74m2 - Garderoba 3,16m2 - Pokój 12,35m2 - Pokój 10,66m2 - Pokój 10,69m2 z wyjściem na duży taras 26,99m2 - Salon z Aneksem Kuchennym 29,28m2 + wyjście na taras 26,99m2 - Łazienka 4,90m2 - Toaleta 2,07m2 + Podwójne miejsce parkingowe dodatkowo płatne 100 000zł + Komórka lokatorska 2,73m2 dodatkowo płatna 15 000zł Atutem nieruchomości jest duży taras 26,99m2 - 2 wyjścia z salonu + z jednego z pokoi. Widok w stronę ul. Francuskiej oraz osiedla. Strony świata (południe i wschód - apartament jest bardzo dobrze doświetlony) Doskonała lokalizacja - obok tereny rekreacyjne - Dolina Trzech Stawów. Blisko trasa A4 oraz dostęp do Centrum Miasta. Zapraszam na prezentację w wybranym terminie Zobacz Wirtualny Spacer: [www]/show/?m=SYhfu9YK9fe Pośrednik odpowiedzialny zawodowo za wykonanie umowy pośrednictwa: Leszek Czura (licencja nr: 14431/22284) -------------------------- OFERUJEMY BEZPŁATNĄ POMOC W UZYSKANIU KREDYTU HIPOTECZNEGO. UMÓW SIĘ Z NASZYM DORADCĄ JUŻ DZIŚ! POLUB NASZ PROFIL NA FACEBOOK – CODZIENNIE NOWE OFERTY!! UWAGA: Prezentowana oferta nieruchomości sporządzona została na podstawie dokumentów oraz oświadczeń uzyskanych od właściciela podczas oględzin nieruchomości, ma charakter informacyjny, nie stanowi oferty handlowej w rozumieniu Art.66 par.1 Kodeksu Cywilnego. 1. USŁUGA POŚREDNICTWA JEST USŁUGĄ ODPŁATNĄ. (Art. 179b. Ustawy o Gospodarce Nieruchomościami ""Pośrednictwo w obrocie nieruchomościami polega na odpłatnym wykonywaniu czynności zmierzających do zawarcia przez inne osoby umów: 1)nabycia lub zbycia praw do nieruchomości; 2)nabycia lub zbycia spółdzielczego własnościowego prawa do lokalu; 3)najmu lub dzierżawy nieruchomości lub ich części; 4)innych niż określone w pkt 1–3, których przedmiotem są prawa do nieruchomości lub ich części."" 2. ZA OBEJRZENIE DANEJ NIERUCHOMOŚCI BIURO NIE POBIERA ŻADNYCH OPŁAT, wymagane jednak jest zawarcie umowy pośrednictwa i określenie wynagrodzenia biura w razie dojścia do transakcji.",tak,tak,aneks,,własność,,50.247751,19.047218
Katowice Kostuchna,ul. Bażantów,3,71,850000,11972.0,bez pośredników,,8,https://adresowo.pl/o/mieszkanie-katowice-kostuchna-ul-bazantow-3-pokojowe-j0q8c1,https://s2.adresowa.pl/oi/20/57/3dfdd4_fd7b_cover@2x-3-pokojowe-mieszkanie-katowice-kostuchna-ul-bazantow.webp,Katowice Kostuchna,Bażantów,3,2007.0,apartamentowiec,,"Na sprzedaż 3-pokojowe mieszkanie przy ulicy Bażantów w południowej części Katowic – bez prowizji dla kupującego! Oferujemy przestronne mieszkanie o powierzchni 71,2 m² z tarasem 16,8 m², położone na ostatnim piętrze trzypiętrowego budynku. Mieszkanie zostało odświeżone i jest gotowe do wprowadzenia. Wyposażone w klimatyzację oraz sprzęt AGD na gwarancji: nową lodówkę, zmywarkę i pralko-suszarkę. Pozostałe urządzenia są w pełni sprawne. Okna wykonane z drewna Meranti, odnowione w zeszłym roku, zapewniają doskonałą izolację i estetykę. Funkcjonalny układ mieszkania (północ-południe): Słoneczny salon z aneksem kuchennym i wyjściem na taras od strony południowej. Sypialnia od strony północnej. Drugie pokój, można zaaranżować jako gabinet lub drugą sypialnię. Łazienka z prysznicem. Dodatkowym atutem jest możliwość dokupienia komórki lokatorskiej w sąsiedniej klatce schodowej za 20 000 zł. Mieszkanie znajduje się na zamkniętym, kameralnym osiedlu z niską zabudową, które oferuje ciszę, spokój i poczucie bezpieczeństwa. Na terenie osiedla dostępne są miejsca parkingowe wyłącznie dla mieszkańców, a tuż za wyjazdem z osiedla znajduje się duża liczba miejsc parkingowych dla gości i osób przyjezdnych, dzięki czemu nigdy nie ma problemu z zaparkowaniem auta. Czynsz wynosi około 500 zł miesięcznie. W czynsz wliczona jest eksploatacja, opłata za drogę, wywóz śmieci oraz fundusz remontowy. Lokalizacja: Bażantów to jedno z najbardziej pożądanych miejsc w południowej części Katowic - często określane ""miastem w mieście"". W okolicy znajduje się pełna infrastruktura: sklepy spożywcze (Intermarche, Netto, Biedronka, Lidl), przedszkola, żłobki, szkoły, centrum handlowe Bażantowo, centrum sportowe z basenem, kortami tenisowymi i siłownią, restauracje, gabinety lekarskie i fryzjerskie oraz liczne lokale usługowe. Okolica jest zielona, spokojna i przyjazna, idealna zarówno dla rodzin, jak i osób szukających komfortowego miejsca do życia. Dodatkowo w pobliżu znajdują się wybiegi dla psów, tereny rekreacyjne i lasy. Kupujący nie płaci żadnej prowizji. Zapraszamy do kontaktu! Powyższa oferta ma charakter informacyjny i nie stanowi oferty handlowej w rozumieniu art. 66 §1 Kodeksu Cywilnego.",tak,tak,aneks,drewniane,własność,"Wyposażenie: lodówkę, suszarkę, zmywarkę",50.198568,18.982765
Katowice Bogucice,pl. Wincentego Wajdy,3,64,537000,8391.0,bez pośredników,,20,https://adresowo.pl/o/mieszkanie-katowice-bogucice-pl-wincentego-wajdy-3-pokojowe-t9t9w3,https://s2.adresowa.pl/oi/19/29/3df68c_7f44_cover@2x-3-pokojowe-mieszkanie-katowice-bogucice-pl-wincentego-wajdy.webp,Katowice Bogucice,pl. Wincentego Wajdy,6,,blok,,"Mieszkanie 3 pokojowe, własnościowe, 64 m², usytuowane na VI piętrze. Blok ocieplony, monitorowany, posiada dwie windy, w tym towarową. Na klatce schodowej znajdują się po dwa mieszkania. Klatka jest duża, zamykana, należąca tylko i wyłącznie do położonych na niej dwóch mieszkań (można zostawić rowery, wózek itp.). Ponadto do mieszkania na tym samym piętrze należy też duże pomieszczenie gospodarcze. Oczywiście jest też piwnica. Nie ma problemu z parkowaniem, dużo parkingów wokół bloku. Blisko centrum, do Spodka spacerem można dojść w 15 minut. Osiedle bardzo zielone, widok z okna na parking strzeżony, ogródki działkowe. Dzienny pokój połączony jest z otwartą kuchnią, plus dwa osobne pokoje. Sypialnia przedzielona jest płytą kartonowo-gipsową, gdzie znajduje się garderoba. Oczywiście bez problemu można powiększyć sypialnię likwidując ściankę. Z sypialni wychodzi się na duży balkon. W mieszkaniu zamontowana jest klimatyzacja. Łazienka jest po remoncie.",tak,,aneks,,,Wyposażenie: klimatyzacja,50.270691,19.035231
Katowice Śródmieście,ul. Juliusza Słowackiego,1,28,320000,11429.0,Pośrednik,,8,https://adresowo.pl/o/mieszkanie-katowice-srodmiescie-ul-juliusza-slowackiego-1-pokoj-w5d4q2,https://s2.adresowa.pl/oi/36/70/3b075c_bc36_cover@2x-1-pokojowe-mieszkanie-katowice-srodmiescie-ul-juliusza-slowackiego.webp,Katowice Śródmieście,Juliusza Słowackiego,3,,kamienica,,"Do sprzedania Mieszkanie zlokalizowane w Pięknej Kamienicy w ścisłym śródmieściu Katowic przy ul. Słowackiego niedaleko Rynku i zaraz obok Galerii Katowickiej. Nieruchomość sprzedawana w stanie po generalnym remoncie w wysokim standardzie, gotowa pod wynajem lub do zamieszkania z pełnym umeblowaniem oraz AGD w tym zmywarka,pralka itp Cena obejmuję generalny remont wraz z wymianą wszystkich instalacji. Świetna lokalizacja inwestycyjna nadająca się idealnie pod najem Długo oraz Krótko-Terminowy typu Booking, Airbnb itp. Świetny układ z wykuszem i oknem na całą ścianę. W najbliższej odległości również wszelkie inne niezbętne punkty usługowe. Remont mieszkania obejmował: - nowa instalacja elektryczna/hydrauliczna w całym mieszkaniu - ścianki działowe - gładzie na ścianach - malowanie - okna plastikowe - nowe drzwi wejściowe antywłamaniowe - drzwi wewnętrzne -panele / salon -kuchnia na wymiar z pełnym wyposażeniem AGD - Nowa instalacja ogrzewania podłogowego na podczerwień (tańsze niż gazowe) - łazienka -płytki kuchnia/łazienka - Zabudowa oraz wszystkie meble i sprzęty są zawarte w cenie mieszkania. -Możliwość zakupu mieszkania bez wyposażenia (łóżko szafki szafy sofa stolik itd) W razie pytań proszę o kontakt telefoniczny: [numer] Treść niniejszego ogłoszenia nie stanowi oferty handlowej w rozumieniu Kodeksu Cywilnego.",,,,plastikowe,własność,"Wyposażenie: pralka, zmywarka",50.26047,19.01579
Katowice Koszutka,ul. Wierzbowa 28,2,34,269999,7941.0,Pośrednik,,13,https://adresowo.pl/o/mieszkanie-katowice-koszutka-ul-wierzbowa-2-pokojowe-o9j9m2,https://s2.adresowa.pl/oi/49/2c/3af1ee_c74a_cover@2x-2-pokojowe-mieszkanie-katowice-koszutka-ul-wierzbowa.webp,Katowice Koszutka,Wierzbowa 28,2,1968.0,blok,,"Oferta na wyłączność. BRAK PROWIZJI DLA AGENCJI Przedstawiamy ofertę sprzedaży mieszkania o powierzchni 34,21 m². Jest to bardzo ustawne, dwupokojowe mieszkanie, zlokalizowane na 2-im piętrze w budynku przy ul. Wierzbowej 28 w Katowicach (dzielnica Koszutka). Budynek nie posiada windy. Informacje o nieruchomości: Przedmiotem sprzedaży jest lokal mieszkalny składający się z: - pokoju dziennego, - osobnej sypialni, - osobnej kuchni, - łazienki, - holu. Lokal jest w stanie do remontu i został całkowicie opróżniony. Do mieszkania przynależy komórka lokatorska w piwnicy o powierzchni 3,29 m2. Mieszkanie posiada księgę wieczystą, pełna własność, brak obciążeń. Ogrzewanie centralne miejskie, woda podgrzewana gazowo. Lokalizacja: Nieruchomość znajduje się przy ul. Wierzbowej 28 na Koszutce. Mieszkanie położone jest w bardzo bliskiej odległości od Spodka (ok. 1 km). To idealna lokalizacja dla osób ceniących spokój i zieleń, a jednocześnie bliskość centrum miasta. Okolica jest bardzo dobrze skomunikowana z pozostałymi częściami Katowic – zarówno poprzez komunikację tramwajową, jak i autobusową. Odległości: - Spodek – 1 km - Dworzec kolejowy – 2,1 km - Sklepy i usługi w bliskim otoczeniu (Społem, Żabka, piekarnia, stacja benzynowa, restauracje) Ogrzewanie i media: - Czynsz administracyjny: 676,63 zł, - Ogrzewanie centralne miejskie – wliczone w czynsz. - Prąd – według zużycia (licznik). - Gaz – według zużycia (licznik). Cena: Cena za całość: 269 999 zł. Cena za 1 m²: 7 892,4 zł. Mieszkanie doskonale nadaje się zarówno na cele mieszkaniowe (np. dla studenta lub młodej pary), jak i jako inwestycja pod wynajem długoterminowy lub krótkoterminowy. Lokal ma kształt zbliżony do kwadratu, co umożliwia elastyczną aranżację wnętrza oraz zmianę układu funkcjonalnego według własnych potrzeb. Zapraszamy do kontaktu w przypadku zainteresowania ofertą lub dodatkowych pytań. Dodatkowo oferujemy: - doradztwo inwestycyjne, - wsparcie na każdym etapie procesu zakupu, - możliwość kontynuacji współpracy w zakresie zarządzania najmem.",tak,,osobna,,,,50.2724,19.0177
Katowice Śródmieście,ul. Olimpijska,2,47,929446,19775.0,bez pośredników,,20,https://adresowo.pl/o/mieszkanie-katowice-srodmiescie-ul-olimpijska-2-pokojowe-d7c2v2,https://s2.adresowa.pl/oi/36/70/3df39a_5773_cover@2x-2-pokojowe-mieszkanie-katowice-srodmiescie-ul-olimpijska.webp,Katowice Śródmieście,Olimpijska,4,2025.0,apartamentowiec,,"Przedstawiam do sprzedaży nowy, komfortowy i w pełni wyposażony apartament. Na powierzchni 47,18 m² zaprojektowano: - salon z aneksem kuchennym - oddzielną sypialnię - łazienkę - przedpokój z zabudową. Dodatkowym atutem jest narożny taras o powierzchni 15,34 m², który stanowi naturalne przedłużenie części dziennej. Ekspozycja zachodnio-północna zapewnia przyjemne, miękkie światło w drugiej części dnia, bez nadmiernego nagrzewania wnętrza. Wnętrze zostało wykończone w spokojnej, ponadczasowej estetyce, z wykorzystaniem materiałów wysokiej jakości i zabudów wykonywanych na zamówienie: - kuchnia wyposażona w sprzęt AGD Electrolux - klimatyzacja zapewniająca komfort przez cały rok - oświetlenie podkreślające charakter wnętrza - łazienka z armaturą podtynkową i kabiną na wymiar - na ścianach tapety oraz lamele. Apartament jest nowy, w pełni wyposażony i gotowy do wprowadzenia. Do mieszkania przynależy miejsce postojowe w garażu podziemnym, płatne dodatkowo - cena 60 000 zł. Apartament znajduje się w prestiżowej inwestycji ""Atal Olimpijska"" - osiedlu monitorowanym, co zapewnia bezpieczeństwo mieszkańców. Inwestycja składa się trzech luksusowych apartamentowców, w tym najwyższy budynek mieszkalny w mieście - z tarasem widokowym dostępnym dla wszystkich mieszkańców. Inwestycję wyróżnia nowoczesny design, pięknie zaprojektowana architektura zieleni oraz lokale użytkowe na miejscu (w tym siłownia). Dla właścicieli pojazdów elektrycznych dedykowana jest stacja do ładowania samochodów. Dodatkowo do dyspozycji mieszkańców jest rowerownia. Mieszkanie znajduje się w ścisłym centrum Katowic - Strefa Kultury: - kilka minut spacerem do najważniejszych punktów miasta - bardzo dobra komunikacja - tereny spacerowe i rekreacyjne. Jedna z najbardziej pożądanych lokalizacji w regionie. Doskonała komunikacja pozwala szybko dotrzeć do innych części miasta i aglomeracji. Oferta bez pośredników. Kupujący nie płaci PCC. Zapraszam do oglądania. Prezentowana oferta ma charakter informacyjny, nie stanowi oferty handlowej w rozumieniu Art.66 par.1 Kodeksu Cywilnego.",,tak,aneks,,własność,Wyposażenie: klimatyzacja,50.265365,19.028386
Katowice Śródmieście,ul. Juliusza Słowackiego,3,61,600000,9836.0,bez pośredników,,10,https://adresowo.pl/o/mieszkanie-katowice-srodmiescie-ul-juliusza-slowackiego-3-pokojowe-s7p0k4,https://s2.adresowa.pl/oi/33/6e/3df24e_5df8_cover@2x-3-pokojowe-mieszkanie-katowice-srodmiescie-ul-juliusza-slowackiego.webp,Katowice Śródmieście,Juliusza Słowackiego,3,,kamienica,,"Oferuję do sprzedaży przestronne mieszkanie o powierzchni 61 m². Znajduje się na trzecim piętrze w odrestaurowanej kamienicy. Mieszkanie jest umeblowane i gotowe do wprowadzenia. W skład lokalu wchodzą dwa pokoje oraz nowoczesna kuchnia i łazienka. Mieszkanie ogrzewane jest przez nowoczesną kotłownię. Lokalizacja jest bardzo atrakcyjna. W pobliżu znajdują się sklepy, restauracje oraz kawiarnie. Do centrum miasta dostaniesz się w kilka minut. W okolicy znajdują się także parki oraz miejsca do rekreacji. Komunikacja publiczna jest dobrze rozwinięta, co ułatwia codzienne dojazdy. Nie zwlekaj, umów się na oglądanie już dziś!",,,,,własność,,50.260475,19.015793
Katowice Śródmieście,ul. Juliusza Słowackiego,10,273,2700000,9890.0,bez pośredników,,6,https://adresowo.pl/o/mieszkanie-katowice-srodmiescie-ul-juliusza-slowackiego-10-pokojowe-e6k7y6,https://s2.adresowa.pl/oi/29/66/3df24c_44b3_cover@2x-10-pokojowe-mieszkanie-katowice-srodmiescie-ul-juliusza-slowackiego.webp,Katowice Śródmieście,Juliusza Słowackiego,1,,kamienica,,"Sprzedam dwa mieszkania: M1 i M2, zajmujące całe pierwsze piętro kamienicy w centrum Katowic. Mieszkanie M1 składa się z 5 kawalerek. W każdej znajduje się łazienka, aneks kuchenny i pełne umeblowanie. Do ogrzewania mieszkania M1 używana jest pompa ciepła. Obecnie wszystkie kawalerki są wynajęte do 31 sierpnia tego roku. Mieszkanie M2 jest w trakcie remontu. Przygotowany i realizowany projekt dzieli lokal na mieszkanie o powierzchni 60 m2 i trzy kawalerki. Jest jeszcze możliwość zmiany układu lokalu. Realizowana jest umowa na remont wymienionych mieszkań. Planowane jest zakończenie tego remontu na sierpień tego roku. Mieszkanie M2 ogrzewane jest gazem, kotłem jednofunkcyjnym. Kamienica jest po remoncie, wszystkie instalacje są wymienione, a elewacja jest odrestaurowana. W mieszkaniu jest gaz i wszystkie pozostałe instalacje. Cena obejmuje oddanie mieszkania w pełni wykończonego. Istnieje możliwość zakupu jednego z tych mieszkań.",,,aneks,,własność,,50.260475,19.015793
Katowice Józefowiec,ul. prof. Jana Mikusińskiego,2,42,473000,11262.0,Pośrednik,,9,https://adresowo.pl/o/mieszkanie-katowice-jozefowiec-ul-prof-jana-mikusinskiego-2-pokojowe-u1n6p9,https://s2.adresowa.pl/oi/5c/43/3af128_2b0e_cover@2x-2-pokojowe-mieszkanie-katowice-jozefowiec-ul-prof-jana-mikusinskiego.webp,Katowice Józefowiec,prof. Jana Mikusińskiego,3,2025.0,blok,,"Zapraszamy do zapoznania się z ofertą nowego, słonecznego, dwupokojowego mieszkania w stanie deweloperskim, zlokalizowanego w kameralnej inwestycji Apartamenty Mikusińskiego w katowickiej dzielnicy Wełnowiec - Józefowiec. Najważniejsze atuty: • Brak podatku PCC 2% - oszczędność ok. 9 200 zł. • Wystawiana faktura VAT. • Budynek oddany do użytkowania w 2025 roku. • Ekspozycja zachodnia. • Okna salonu i sypialni skierowane na cichy dziedziniec. • Widok na dużą ilość zieleni. • Energooszczędna, trzywarstwowa stolarka okienna. Mieszkanie składa się z: - Salonu z aneksem kuchennym (20 m²), - Sypialni (13,3 m²), - Łazienki (4,5 m²), - Przedpokoju (3,5 m²), - Balkonu (3,04 m²), Powierzchnia mieszkania wynosi 42,56 m², lokal znajduje się na 2. piętrze. Budynek: Apartamenty Mikusińskiego to kameralna inwestycja zrealizowana przez JHM Development, zaprojektowana z myślą o komforcie codziennego życia oraz nowoczesnych rozwiązaniach sprzyjających oszczędnościom i ekologii. W budynku zastosowano panele fotowoltaiczne, które realnie wpływają na obniżenie kosztów administracyjnych ponoszonych przez mieszkańców. Dodatkowym atutem jest starannie zaprojektowana roślinność na dachach oraz w strefach parkingowych, podnosząca estetykę inwestycji i jakość całego otoczenia. Całość tworzy spójną i nowoczesną przestrzeń, która łączy funkcjonalność z dbałością o detale architektoniczne. Lokalizacja: Inwestycja położona jest w spokojnej i zielonej części dzielnicy Wełnowiec-Józefowiec, w miejscu, które łączy ciszę osiedlowej zabudowy z bardzo dobrym dostępem do infrastruktury miejskiej. W bezpośrednim sąsiedztwie znajdują się liczne tereny rekreacyjne, w tym Park Śląski oddalony o około 700 metrów, idealny do spacerów, aktywnego wypoczynku i spędzania czasu na świeżym powietrzu. Lokalizacja zapewnia równowagę między miejską dynamiką a spokojem potrzebnym do codziennego funkcjonowania. W niedalekiej odległości znajdują się również Silesia City Center, Spodek oraz szeroka oferta sklepów, punktów usługowych, szkół i obiektów sportowych. Bliskość ul. Józefowskiej oraz przystanków komunikacji miejskiej zapewnia szybki i wygodny dojazd do centrum Katowic. To sprawia, że nieruchomość jest atrakcyjna zarówno do zamieszkania, jak i jako inwestycja pod wynajem. Dodatkowe informacje: Istnieje możliwość wykończenia mieszkania według własnego projektu, co pozwala dopasować przestrzeń do indywidualnych potrzeb. Miejsce postojowe naziemne przed budynkiem jest dostępne za dodatkową opłatą w wysokości 25 000 zł. Zakup nieruchomości możliwy jest również z wykorzystaniem kredytu hipotecznego, a w razie potrzeby zapewniamy wsparcie w przeprowadzeniu wszystkich formalności. Zapraszamy do kontaktu w celu uzyskania dodatkowych informacji oraz umówienia się na prezentację TEKTON PROPERTY TO NAJLEPSZE BIURO NIERUCHOMOŚCI W POLSCE WG KONKURSU LIDER NIERUCHOMOŚCI OTODOM 2020. Znajdź nas w swoim mieście: Gdańsk, ul. Chmielna 10 - Warszawa, Plac Dąbrowskiego 1/311 - Kraków, ul. Józefitów 7/4 - Poznań, ul. Wojskowa 6/D6 - Łódź, ul. Zachodnia 70 pok. 223, Opole, Gen. Tadeusza Kościuszki 1, lok. 1C. Podejmując współpracę z przedstawicielami Tekton Property zyskujesz: - oszczędność czasu, - weryfikację dokumentów od strony formalno-prawnej, - wsparcie agenta na każdym etapie transakcji, - pomoc przy uzyskaniu kredytu hipotecznego w kilkunastu bankach, - wgląd do umów przed zawarciem aktu notarialnego u sprawdzonych Notariuszy, - własne analizy makroekonomiczne i raporty z prowadzonych działań, - dostęp do cen transakcyjnych z okolicy. Skontaktuj się z opiekunem oferty, a on poprowadzi Cię przez wszystkie etapy transakcji. Zapraszamy do współpracy! Niniejsze ogłoszenie nie stanowi oferty handlowej w rozumieniu przepisów art. 66 k.c., a przedstawione dane mają charakter informacyjny.",,tak,,,własność,,50.280989,19.015185
Katowice Śródmieście,ul. Starowiejska,2,31,399100,12874.0,Pośrednik,,9,https://adresowo.pl/o/mieszkanie-katowice-srodmiescie-ul-starowiejska-2-pokojowe-v0s7y0,https://s2.adresowa.pl/oi/19/3d/3a93a4_b376_cover@2x-2-pokojowe-mieszkanie-katowice-srodmiescie-ul-starowiejska.webp,Katowice Śródmieście,Starowiejska,2,,kamienica,,"OGLOSZENIE BIURA SPRZEDAŻY Nie płacisz prowizji Nowe, wyposażone mieszkania na sprzedaż w pięknej wyremontowanej kamienicy w ścisłym centrum. Top lokalizacja do zamieszkania i pod inwestycję. Starowiejska 2 - prestiżowy, adres z historią w nowoczesnej odsłonie. GOTOWIEC INWESTYCYJNY; WYSOKA STOPA ZWROTU ZE WZGLĘDU NA DWA POKOJE NA MAŁYM METRAŻU W TOP LOKALIZACJI Szukasz większego/mniejszego miezkania? mamy również inne mieszkania w tym budynku a także w innych lokalizacjach w Śródmieściu Katowic. Skontaktuj się ze mną po więcej szczegółów W CENIE PODANEJ W OGŁOSZENIU OTRZYMUJESZ NOWE, WYKOŃCZONE POD KLUCZ MIESZKANIE W WYSOKIM STANDARDZIE. GOTOWE DO ZAMIESZKANIA. INFORMACJE O MIESZKANIU: -UKŁAD: mieszkanie składa się z: salonu z aneksem kuchennym, sypialni, łazienki z kabiną prysznicową oraz przedpokoju -do mieszkania przynależy balkon z obłędnym widokiem -możliwość dokupienia komórki lokatorskiej/piwnicy STANDARD: -Mieszkania wykończone w wysokim standardzie I w pełni wyposażone -Budynek w pełni zrewitalizowany TOP LOKALIZACJA INWESTYCYJNA ZARÓWNO POD NAJEM DŁUGOTERMINOWY JAK I KRÓTKOTERMINOWY: W najbliższej odległości pełna infrastruktura, dobra komunikacja (tramwaje, autobusy, dworzec PKP i PKS) oraz niezbętne punkty usługowe. Ponadto w pobliżu znajdują się: -Rynek Główny: 2 min pieszo -Galeria Katowicka: 5 minut pieszo -Strefa Kultury (NOSPR, MCK, Muzeum Śląskie): 15 minut pieszo Kupujesz mieszkanie pod najem? Możliwość obsługi najmu w promocyjnej cenie - zadzwoń i zapytaj o szczegóły! Finansujesz mieszkanie kredytem? Nasz doradca finansowy NIEODPŁATNIE znajdzie dla Ciebie odpowiednią ofertę i pomoże w przejściu przez procedurę kredytową W razie pytań zapraszam do kontaktu: WE SPEAK ENGLISH (YOU CAN ALSO CONTACT ON WHATSAPP) Martyna Jagielska email: tel. Treść niniejszego ogłoszenia nie stanowi oferty handlowej w rozumieniu Kodeksu Cywilnego.",,,,,własność,,50.25804,19.02749
Katowice,Muchowiec,3,43,460000,10698.0,bez pośredników,,7,https://adresowo.pl/o/mieszkanie-katowice-muchowiec-3-pokojowe-43-m2-s9g6p7,https://s2.adresowa.pl/oi/7c/11/3def48_9f9e_cover@2x-3-pokojowe-mieszkanie-katowice-muchowiec.webp,Katowice Muchowiec,,1,2019.0,blok,,"Na sprzedaż komfortowe mieszkanie 43 m² - Katowice, os. Paderewskiego. Oferuję na sprzedaż funkcjonalne i w pełni wyposażone mieszkanie o powierzchni 43 m², położone na 1. piętrze w 10-piętrowym budynku na osiedlu Paderewskiego w Katowicach. Standard i stan techniczny: Mieszkanie przeszło generalny remont w 2023 roku i zostało wykończone w wysokim standardzie. Wszystkie instalacje zostały wymienione, a wnętrze zaprojektowane z dbałością o detale i komfort użytkowania. Lokal jest w pełni umeblowany i wyposażony w sprzęt RTV i AGD - gotowy do zamieszkania bez dodatkowych nakładów finansowych. Układ pomieszczeń: - salon z aneksem kuchennym - sypialnia - pokój dziecięcy - łazienka - przedpokój Dodatkowym atutem jest balkon, idealny do wypoczynku. Budynek i otoczenie: Budynek 10-piętrowy, w którym w 2025 roku wykonano nową elewację. Do mieszkania przynależy piwnica, wykończona płytkami oraz zabezpieczona antywłamaniowo. Lokalizacja: Osiedle Paderewskiego to jedna z bardziej pożądanych lokalizacji w Katowicach - spokojna, zielona okolica z jednoczesnym szybkim dostępem do centrum miasta, komunikacji miejskiej, sklepów, szkół i terenów rekreacyjnych. Najważniejsze atuty: - wysoki standard wykończenia - gotowe do wprowadzenia - pełne wyposażenie w cenie - funkcjonalny układ pomieszczeń - balkon - odnowiona elewacja budynku - zabezpieczona piwnica Idealna propozycja dla rodziny, pary lub jako inwestycja pod wynajem. Zapraszam do kontaktu i na prezentację!",tak,,aneks,,,Wyposażenie: tv,50.264892,19.023782
Katowice Piotrowice,ul. Tunelowa,2,55,690000,12545.0,bez pośredników,,8,https://adresowo.pl/o/mieszkanie-katowice-piotrowice-ul-tunelowa-2-pokojowe-f7b8r8,https://s2.adresowa.pl/oi/13/6c/3def34_69a1_cover@2x-2-pokojowe-mieszkanie-katowice-piotrowice-ul-tunelowa.webp,Katowice Piotrowice,Tunelowa,1,2010.0,apartamentowiec,,"Na sprzedaż funkcjonalne, gotowe do wprowadzenia mieszkanie na cenionym, zamkniętym osiedlu Miłe Zacisze I przy ul. Tunelowej 22 w Katowicach. Kameralna, niska zabudowa (2 piętra), monitorowane osiedle z ochroną fizyczną. Najważniejsze atuty: Opis mieszkania Osiedle zamknięte z całodobowym monitoringiem i ochroną (19:00–7:00) Dwustronna ekspozycja wschód–zachód — słońce przez cały dzień Duży balkon 6,93 m² z przesuwnymi drewnianymi żaluzjami Kameralna klatka — tylko 9 mieszkań Ogrzewanie centralne gazowe — niższe koszty niż elektryczne Indywidualny sterownik temperatury w mieszkaniu Gotowe do zamieszkania — kuchnia ErnestRust z AGD Bosch, łazienka Koło Ego Rok budowy - 2010 r. Certyfikat energetyczny ważny do 2033 r. Salon z otwartą kuchnią ~29 m² ekspozycja zachodnia, 4 przeszklone drzwi tarasowe Sypialnia ~14 m² ekspozycja wschodnia, szafy w zabudowie Korytarz ~6 m² ustawny, szafa w zabudowie Łazienka ~5 m² z prysznicem Balkon 6,93 m² strona zachodnia, 2 przesuwne drewniane żaluzje Wyposażenie w cenie Kuchnia: Meble kuchenne na wymiar ErnestRust — solidne, trwałe wykonanie AGD Bosch: zmywarka, lodówka, piekarnik, płyta indukcyjna Szafy w zabudowie: Sypialnia — szafa z drzwiami przesuwnymi szklanymi (laminowanymi) Korytarz — szafa z drzwiami przesuwnymi szklanymi (laminowanymi) Łazienka — ceramika: Umywalka Koło Ego Sedes Koło Ego Kabina prysznicowa Koło Armatura - Hansgrohe Inne: Opłaty miesięczne Zaliczka na ogrzewanie gazowe ~400 zł Zaliczka woda ciepła + zimna ~150 zł Fundusz remontowy ~200 zł Wywóz śmieci ~80 zł Utrzymanie drogi, ochrona, monitoring ~170 zł Razem ~1 000 zł Ogrzewanie i woda rozliczane wg rzeczywistego zużycia. Budynek i osiedle: Sterownik temperatury (indywidualne ustawienie ogrzewania) Kameralna zabudowa: 2 piętra, 9 mieszkań na klatkę Nowoczesna elewacja: kamień, drewno, tynk Osiedle zamknięte, monitorowane, ochrona fizyczna wieczorem i nocą Miejsca parkingowe dla gości Plac zabaw na terenie osiedla Tereny zielone i spacerowe w pobliżu Otoczenie Codzienne zakupy: Żabka — na terenie osiedla Paczkomat — 50 m Piekarnia i restauracja „Kłos\"" — 1,5 km Poczta Polska — 1,6 km Spar — 300 m Intermarché — 1,9 km Carrefour — 2,1 km Galeria Libero — 4,2 km Komunikacja: Przystanek autobusowy „Piotrowice Miłe Zacisze\"" (linia 973) — 84 m Przystanek „Piotrowice Bukszpanowa Kaplica\"" (linie 937, 973) — 400 m Przystanek „Piotrowice Pętla\"" (linie 11, 973) — 700 m PKP Katowice Piotrowice — 2,2 km PKP Katowice Podlesie — 2,3 km Dobry dojazd samochodem do A4 i S1 Edukacja i zdrowie: Żłobek i przedszkole — 1 km Szkoła Podstawowa nr 32 — 1,9 km Przychodnia „Profamilia\"" — 2 km Przychodnia „Signum\"" — 2,1 km Rekreacja: Plac zabaw — 84 m Las — 600 m Kościół — 400 m Tereny zielone — spacery, bieganie, rower ""Bażantowo Sport"" - basen, sauna, fitness, hotel - 2,2 km Inne: Dodatkowo (opcjonalnie) Miejsce parkingowe w garażu podziemnym 39 000 zł Komórka lokatorska (2,74 m²) 20 000 zł Zapraszamy na prezentację mieszkania. Ogłoszenie prywatne-sprzeaż bezpośrednio od właściciela. Nie jesteśmy zainteresowani pośrednictwem w sprzedaży mieszkania.",tak,tak,aneks,plastikowe,własność,"Wyposażenie: lodówka, piekarnik, zmywarka",50.193998,18.960058
Katowice Ligota,ul. Emerytalna,1,31,356500,11500.0,bez pośredników,,8,https://adresowo.pl/o/mieszkanie-katowice-ligota-ul-emerytalna-1-pokoj-r6d3h6,https://s2.adresowa.pl/oi/23/40/3de694_4cbb_cover@2x-1-pokojowe-mieszkanie-katowice-ligota-ul-emerytalna.webp,Katowice Ligota,Emerytalna,2,,kamienica,,"Oferuję na sprzedaż mieszkanie o powierzchni 31 m², przy ulicy Emerytalnej, na drugim piętrze kamienicy z lat 70'. Super czysta i nowocześnie urządzona kawalerka. Mieszkanie jest umeblowane i gotowe do zamieszkania. W salonie znajdziesz jasne ściany i drewnianą podłogę, co tworzy przytulny klimat. Kuchnia i łazienka mają wysoką jakość wykończenia, z funkcjonalnym wyposażeniem. Nowe i pełni wyposażone mieszkania dla 1-2 osób! Świeżo odmalowane, nowe meble: 2-os łóżko ze schowkiem na poście, rozkładana kanapa (2-os.), regał na książki, duża szafa, komoda, stół, krzesła, stolik kawowy, pełne wyposażenie kuchni (naczynia, garnki, sztućce), żelazko, deska, suszarka, odkurzacz, w pełni wyposażona łazienka z prysznicem i pralką. Pościel. Internet. Do mieszkania przynależy piwnica. Budynek bez windy. Mieszkanie ma duże okna z widokiem na kalwarię przy bazylice, co stanowi wspaniały widok i gwarantuje intymność oraz naturalne światło wypełniające przestrzeń. Kierunek płd-zachodni. Bardzo blisko Śląskiego Uniwersytetu Medycznego - 7 minut spacerem na uczelnie. Cisza, spokój a jednocześnie doskonale skomunikowane. W pobliżu znajduje się Bazylika św. Ludwika, targowisko, liczne sklepy i punkty usługowe, restauracje i kawiarnie, szkoły, przedszkola, a także tereny zielone, place zabaw i ścieżki edukacyjne, apteki, banki, a także centra sportowe i basen. Komunikacja miejska zapewnia szybki dojazd do centrum miasta i innych dzielnic. Zapraszam do obejrzenia mieszkania i poznania jego zalet na miejscu. To idealna propozycja dla osób szukających komfortowego miejsca w dobrej lokalizacji.",tak,,,,,"Wyposażenie: internet, suszarka",50.226426,18.966099
Katowice Śródmieście,ul. Juliusza Ligonia,5,113,880000,7788.0,Pośrednik,,11,https://adresowo.pl/o/mieszkanie-katowice-srodmiescie-ul-juliusza-ligonia-5-pokojowe-f1g0n9,https://s2.adresowa.pl/oi/2b/1d/3a81de_6923_cover@2x-5-pokojowe-mieszkanie-katowice-srodmiescie-ul-juliusza-ligonia.webp,Katowice Śródmieście,Juliusza Ligonia,parter,,kamienica,,"Katowice Śródmieście ul. Ligonia - 113 m2 // 5 pokoi + balkon (weranda / ogród zimowy) We speak English Do wejścia!!! Najciekawsza część Śródmieścia!!! IDEALNE RÓWNIEŻ POD NAJEM / BIURO / KANCELARIĘ / GABINET Cena do negocjacji! Prezentujemy Państwu, piękne, duże, umeblowane i wyposażone mieszkanie, zlokalizowane na prestiżowej ulicy Sienkiewicza / Ligonia, nieopodal katowickiej Katedry o powierzchni 113 m2 w ścisłym centrum Katowic. Mieszkanie znajduje się na parterze w 3 piętrowej, zabytkowej kamienicy. W SKŁAD MIESZKANIA WCHODZĄ: - 5 pokoi - kuchnia z wyjściem na balkon - duży przedpokój z przestronną szafą wnękową/garderobą - łazienka z wc - mała spiżarnia + Balkon zabudowany oknami - ogród zimowy DODATKOWO Do mieszkania przynależy piwnica. SZCZEGÓŁY OFERTY - Możliwość zakupu na kredyt. - W pełni wyposażone. - Czynsz: ok. 600zł. - Kuchnia umeblowana i wyposażona (również w zmywarkę). - Ekonomiczny piec akumulacyjny odpowiedzialny za ogrzewanie - Instalacja elektryczna miedziana. - Okna drewniane nowego typu. - w obecnym układzie jeden pokój jest przechodni - można powrócić do poprzedniego układu, wyburzając ścianę działową - Piękna, zabytkowa kamienica - Przez ostatnie lata mieszkanie z powodzeniem wynajmowane LOKALIZACJA: Topowa lokalizacja w Katowicach. W najbliższej okolicy znajduje się szkoła, przedszkole, sklepy, wydział Teologii UŚ, przystanki tramwajowe, autobusowe, nieco dalej AWF, Park Kościuszki, Galeria Katowicka, Dworzec PKP. Bardzo dobry dojazd do trasy DTŚ oraz autostrady A4 zapewnia szybkie połączenie z miastami ościennymi. - Teatr Korez - 5 minut na Plac Miarki - 14 minut spacerem na Rynek - Katedra KREDYT Niezależni doradcy kredytowi, z którymi współpracujemy pomagają we wszelkich formalnościach związanych z uzyskaniem kredytu na zakup nieruchomości. Bezpłatna konsultacja, sprawdzenie zdolności, przedstawienie najkorzystniejszych opcji spośród ofert różnych banków. Przeprowadzimy cały proces realizacji kredytu i zakupu nieruchomości. Skontaktuj się z nami i umów się na bezpłatną prezentację mieszkania. Pamiętaj, że ceny nieruchomości w większości przypadków podlegają negocjacji. Zapraszamy do kontaktu! Treść niniejszego ogłoszenia nie stanowi oferty handlowej w rozumieniu Kodeksu Cywilnego.",,,,,własność,Wyposażenie: zmywarkę,50.25314,19.02241
Katowice,ul. Starowiejska,2,31,399100,12874.0,Pośrednik,,7,https://adresowo.pl/o/mieszkanie-katowice-ul-starowiejska-2-pokojowe-t2m1p7,https://s2.adresowa.pl/oi/56/72/39aa22_daa0_cover@2x-2-pokojowe-mieszkanie-katowice-ul-starowiejska.webp,Katowice ,Starowiejska,2,,kamienica,,"OGLOSZENIE BIURA SPRZEDAŻY Nie płacisz prowizji Nowe, wyposażone mieszkania na sprzedaż w pięknej wyremontowanej kamienicy w ścisłym centrum. Top lokalizacja do zamieszkania i pod inwestycję. Starowiejska 2 - prestiżowy, adres z historią w nowoczesnej odsłonie. GOTOWIEC INWESTYCYJNY; WYSOKA STOPA ZWROTU ZE WZGLĘDU NA DWA POKOJE NA MAŁYM METRAŻU W TOP LOKALIZACJI Szukasz większego/mniejszego miezkania? mamy również inne mieszkania w tym budynku a także w innych lokalizacjach w Śródmieściu Katowic. Skontaktuj się ze mną po więcej szczegółów W CENIE PODANEJ W OGŁOSZENIU OTRZYMUJESZ NOWE, WYKOŃCZONE POD KLUCZ MIESZKANIE W WYSOKIM STANDARDZIE. GOTOWE DO ZAMIESZKANIA. INFORMACJE O MIESZKANIU: -UKŁAD: mieszkanie składa się z: salonu z aneksem kuchennym, sypialni, łazienki z kabiną prysznicową oraz przedpokoju -do mieszkania przynależy balkon z obłędnym widokiem -możliwość dokupienia komórki lokatorskiej/piwnicy STANDARD: -Mieszkania wykończone w wysokim standardzie I w pełni wyposażone -Budynek w pełni zrewitalizowany TOP LOKALIZACJA INWESTYCYJNA ZARÓWNO POD NAJEM DŁUGOTERMINOWY JAK I KRÓTKOTERMINOWY: W najbliższej odległości pełna infrastruktura, dobra komunikacja (tramwaje, autobusy, dworzec PKP i PKS) oraz niezbętne punkty usługowe. Ponadto w pobliżu znajdują się: -Rynek Główny: 2 min pieszo -Galeria Katowicka: 5 minut pieszo -Strefa Kultury (NOSPR, MCK, Muzeum Śląskie): 15 minut pieszo Kupujesz mieszkanie pod najem? Możliwość obsługi najmu w promocyjnej cenie - zadzwoń i zapytaj o szczegóły! Finansujesz mieszkanie kredytem? Nasz doradca finansowy NIEODPŁATNIE znajdzie dla Ciebie odpowiednią ofertę i pomoże w przejściu przez procedurę kredytową W razie pytań zapraszam do kontaktu: WE SPEAK ENGLISH (YOU CAN ALSO CONTACT ON WHATSAPP) Martyna Jagielska email: tel. Treść niniejszego ogłoszenia nie stanowi oferty handlowej w rozumieniu Kodeksu Cywilnego.",,,,,własność,,50.25804,19.02749
Katowice Giszowiec,ul. Wojciecha,3,43,499999,11628.0,bez pośredników,,19,https://adresowo.pl/o/mieszkanie-katowice-giszowiec-ul-wojciecha-3-pokojowe-n1p1g8,https://s2.adresowa.pl/oi/47/3e/3de41c_5504_cover@2x-3-pokojowe-mieszkanie-katowice-giszowiec-ul-wojciecha.webp,Katowice Giszowiec,Wojciecha,6,1980.0,blok,,"Mieszkanie w Katowicach, dzielnicy Giszowiec, ul. Wojciecha 40, 3-pokojowe, po remoncie w klasie Premium 43 m2. Okna wychodzą na dwie strony północ i południe, jest balkon oraz piwnica, komórka lokatorska (wynajmowana). Mieszkanie na rękojmi na prace remontowo-wykończeniowe. Budynek po termomodernizacji, ogrzewanie z sieci rozliczane wg podzielników, Klimatyzacja Rotenso multi split w 2 pomieszczeniach w salonie i sypialni 6/10 piętro z nowoczesną windą. Wejście do klatki zabezpieczone domofonem, podjazd dla wózków, udogodnienie dla niepełnosprawnych. Bezpłatny parking, ale jest możliwość wynajęcia miejsca dedykowanego. W pobliżu węzeł autostrady A4, ale na tyle odległy, że nie jest uciążliwy biuro spółdzielni 30m przystanki autobusowe 100m stacja benzynowa sklep lidl biedronka 500m sklepy paczkomat 200m targowisko usługi, pawilony handlowe, piekarnia, kwiaciarnia poczta restauracje, pizzeria 300m CH 3 Stawy 2km 3 szpitale z dojazdem w ciągu kilku minut centrum Katowice 6km kilka linii autobusowych co ok 15 minut linie nocne co 1,5h Tychy 3 km Mysłowice 8 km lasy trasy rowerowe zbiorniki wodne do aktywnego wypoczynku salon z balkonem wychodzi na południe, widok na ścianę lasu i nie ma tam żadnego budynku, okna kuchni oraz sypialni wychodzą na północ widok na wieżowce w centrum Katowic. nowa instalacja Wod-Kan, w budynku jest przewidziana modernizacja i podłączenie CWU z sieci miejskiej gdzie jest już przygotowane przyłącze nie wymagające w przyszłości żadnych nakładów i prac w lokalu. CWU obecnie z nowoczesnego podgrzewacza elektrycznego sterowanego przez WIFI. Instalacja elektryczna 3-Fazową z podłączeniem pod indukcję w kuchni, ze skrzynki teletechnicznej do wszystkich pokoi rozprowadzono instalacje LAN Cat 6 oraz do sypialni i salonu doprowadzono gniazdka TV, usługa internetu przygotowana na technologie HFC oraz światłowód XGPON do 8GBs. Funkcjonalna łazienka walk in z prysznicem zaprojektowana przez projektanta drzwi do łazienki skrzydłowe kolor Dab Hamilton 70 cm. Drzwi do sypialni i salonu przesuwne Magic dąb Hamilton 90 cm. Drzwi wejściowe antywłamaniowe akustyczne 43db klasy RC2 kolor współczynnik 0,85 W/m2K Winchester 80 cm, okna trzyszybowe energooszczędne kolor Winchester. Kafle gresowe na podłodze w przedpokoju, kuchni i łazience, na ścianach tynki gipsowe i gładzie oraz pomalowane natryskowo farbą ceramiczną. Giszowiec posiada w zespole dzielnic wschodnich wyjątkową atrakcyjność, z uwagi na swoje położenie w bezpośrednim sąsiedztwie dużych kompleksów leśnych, stanowiących połowę obszaru dzielnicy. Dzielnica obejmuje obszar o powierzchni 12 km2 i liczy 18,6 tys. mieszkańców. Jest to mniej niż w 1997 roku – 19,8 tys. osób. W latach 1997–2003 zmniejszyła się gęstość zaludnienia z 1,65 do 1,55 tys. os./km2. Dzielnica graniczy z terenami leśnymi od zachodu, południa i wschodu, a od północy przylega do autostrady A-4. Przez jej teren przebiega droga DK86 stanowiąca arterię komunikacyjną o znaczeniu krajowym. Część centralną dzielnicy stanowią tereny mieszkaniowe połączone z funkcją handlowo-usługową. Ważne miejsce w dzielnicy zajmuje teren KWK „Staszic” oraz duże tereny rekreacyjne wraz z kompleksem leśnym Katowickiego Parku Leśnego.",tak,,osobna,plastikowe,własność,"Wyposażenie: internet, klimatyzacja, tv, wifi",50.218859,19.061272
Katowice Koszutka,ul. Kazimiery Iłłakowiczówny,2,47,423000,9000.0,bez pośredników,,8,https://adresowo.pl/o/mieszkanie-katowice-koszutka-ul-kazimiery-illakowiczowny-2-pokojowe-h6m7s9,https://s2.adresowa.pl/oi/37/1c/3dd3c0_4322_cover@2x-2-pokojowe-mieszkanie-katowice-koszutka-ul-kazimiery-illakowiczowny.webp,Katowice Koszutka,Kazimiery Iłłakowiczówny,1,,,,"Na sprzedaż, dwupokojowe mieszkanie o powierzchni 47 m², położone w centralnej części dzielnicy Koszutki - przy ul. Iłłakiewiczówny. Mieszkanie znajduje się na 1. piętrze w niskim, zadbanym budynku otoczonym zielenią. Dlaczego warto wybrać tę nieruchomość? - Piętro: Mieszkanie na 1. piętrze - wygoda dla każdego. - Ogrzewanie miejskie (C.O.): Bezpieczeństwo i komfort cieplny wliczony w czynsz. - Powierzchnia 47 m²: 2 ustawne pokoje z oddzielną kuchnią z oknem. - Stan prawny: Pełna własność (czysta sytuacja prawna, brak obciążeń). - Dodatkowa przestrzeń: Do mieszkania przynależy duża piwnica. Mieszkanie jest bardzo jasne i posiada funkcjonalny układ pomieszczeń: - Salon: Przestronny, z dużym oknem i balkonem. - Sypialnia: Cicha i dająca szerokie możliwości aranżacyjne. - Kuchnia: Oddzielna, jasna (z oknem). - Łazienka: Funkcjonalna, z doprowadzonymi mediami. - Przedpokój: Z miejscem na szafę wnękową. Mieszkanie przy ul. Iłłakiewiczówny łączy ciszę z bliskością centrum miasta: - Zieleń na wyciągnięcie ręki: Kilka kroków do Parku Budnioka i Parku Wełnowieckiego - Kultura i Biznes: 10 minut pieszo do Spodka, NOSPR, MCK oraz biurowców przy Rondzie. - Komfort życia: W najbliższej okolicy sklepy, przychodnie, kawiarnie i restauracje, szkoła, przedszkole - Komunikacja: Świetny dojazd do DTŚ i autostrady A4 oraz doskonała sieć tramwajowa i autobusowa.",tak,,osobna,,własność,,50.273471,19.0205
Katowice Giszowiec,ul. Mysłowicka,3,53,429000,8094.0,bez pośredników,,8,https://adresowo.pl/o/mieszkanie-katowice-giszowiec-ul-myslowicka-3-pokojowe-g5j9w0,https://s2.adresowa.pl/oi/20/59/3dcb98_7f6a_cover@2x-3-pokojowe-mieszkanie-katowice-giszowiec-ul-myslowicka.webp,Katowice Giszowiec,Mysłowicka,2,,blok,,"Mamy do wynajęcia/sprzedaży bezpośrednio mieszkanie na katowickim Giszowcu przy ulicy Mysłowickiej. Lokal ma 53 m2, składa się z 3 pokoi i znajduje się na 2. piętrze z widokiem na zielone części wspólne. Orientacja mieszkania Zachód-wschód. Mieszkanie jest zadbane, w pełni wyposażone i gotowe do wprowadzenia się od zaraz bez żadnych dodatkowych nakładów. Wyposażenie i standard: W kuchni znajduje się duża lodówka dwudrzwiowa, zmywarka, piekarnik, mikrofala oraz płyta grzewcza. W łazience zostaje pralka oraz nowoczesny prysznic z dodatkowymi funkcjami. Pokoje są umeblowane i odświeżone. Budynek i media: Blok przeszedł szereg modernizacji - klatka schodowa jest czysta, windy są wymienione na nowe, a instalacja elektryczna w mieszkaniu jest po wymianie. Co bardzo ważne, właśnie trwają prace nad przyłączeniem ciepłej wody miejskiej. Do tej pory korzystaliśmy z piecyka, ale od czerwca woda będzie już płynąć prosto z sieci miejskiej, co jest dużym ułatwieniem. Do mieszkania przynależy również piwnica i komórka lokatorska. Lokalizacja: To jedna z lepszych lokalizacji w tej dzielnicy. Dosłownie pod ręką są sklepy, restauracje i kawiarnie. Jeśli lubisz zieleń, bliskość Parku Giszowieckiego to ogromny plus - świetne miejsce na spacery. Komunikacja z resztą miasta jest bardzo sprawna. Opłaty: Czynsz wynosi około 900 zł. Jesteśmy bezpośrednio właścicielami. Zapraszam do kontaktu i obejrzenia mieszkania na żywo.",tak,,,,,"Wyposażenie: lodówka, piekarnik, pralka, zmywarka",50.227399,19.079071
Katowice,ul. Starowiejska,2,28,346075,12360.0,Pośrednik,,6,https://adresowo.pl/o/mieszkanie-katowice-ul-starowiejska-2-pokojowe-q0u7v5,https://s2.adresowa.pl/oi/48/2f/39aa1e_4f5d_cover@2x-2-pokojowe-mieszkanie-katowice-ul-starowiejska.webp,Katowice ,Starowiejska,1,,kamienica,,"OGLOSZENIE BIURA SPRZEDAŻY Nie płacisz prowizji Nowe, wyposażone mieszkania na sprzedaż w pięknej wyremontowanej kamienicy w ścisłym centrum. Top lokalizacja do zamieszkania i pod inwestycję. Starowiejska 2 - prestiżowy, adres z historią w nowoczesnej odsłonie. GOTOWIEC INWESTYCYJNY- WYSOKA STOPA ZWROTU ZE WZGLĘDU NA DWA POKOJE NA MAŁYM METRAŻU W TOP LOKALIZACJI Szukasz większego/mniejszego miezkania? mamy również inne mieszkania w tym budynku a także w innych lokalizacjach w Śródmieściu Katowic. Skontaktuj się ze mną po więcej szczegółów W CENIE PODANEJ W OGŁOSZENIU OTRZYMUJESZ NOWE, WYKOŃCZONE POD KLUCZ MIESZKANIE W WYSOKIM STANDARDZIE. GOTOWE DO ZAMIESZKANIA. INFORMACJE O MIESZKANIU: -UKŁAD: mieszkanie składa się z: salonu z aneksem kuchennym, sypialni, łazienki z kabiną prysznicową oraz przedpokoju -z mieszkania rozpościera sie piękny widok na Śródmieście Katowic -możliwość dokupienia komórki lokatorskiej/piwnicy STANDARD: -Mieszkania wykończone w wysokim standardzie I w pełni wyposażone -Budynek w pełni zrewitalizowany TOP LOKALIZACJA INWESTYCYJNA ZARÓWNO POD NAJEM DŁUGOTERMINOWY JAK I KRÓTKOTERMINOWY: W najbliższej odległości pełna infrastruktura, dobra komunikacja (tramwaje, autobusy, dworzec PKP i PKS) oraz niezbętne punkty usługowe.Ponadto w pobliżu znajdują się: -Rynek Główny: 2 min pieszo -Galeria Katowicka: 5 minut pieszo -Strefa Kultury (NOSPR, MCK, Muzeum Śląskie): 15 minut pieszo Kupujesz mieszkanie pod najem? Możliwość obsługi najmu w promocyjnej cenie - zadzwoń i zapytaj o szczegóły! Finansujesz mieszkanie kredytem? Nasz doradca finansowy NIEODPŁATNIE znajdzie dla Ciebie odpowiednią ofertę i pomoże w przejściu przez procedurę kredytową W razie pytań zapraszam do kontaktu: WE SPEAK ENGLISH (YOU CAN ALSO CONTACT ON WHATSAPP) Martyna Jagielska email: tel. Treść niniejszego ogłoszenia nie stanowi oferty handlowej w rozumieniu Kodeksu Cywilnego. Treść niniejszego ogłoszenia nie stanowi oferty handlowej w rozumieniu Kodeksu Cywilnego.",,,,plastikowe,własność,,50.25804,19.02749
Katowice Ochojec,ul. Tyska,2,56,630000,11250.0,Pośrednik,,18,https://adresowo.pl/o/mieszkanie-katowice-ochojec-ul-tyska-2-pokojowe-o7f9l6,https://s2.adresowa.pl/oi/46/21/397d14_c26c_cover@2x-2-pokojowe-mieszkanie-katowice-ochojec-ul-tyska.webp,Katowice Ochojec,Tyska,1,2019.0,apartamentowiec,,"Apartamentowiec Katowice Piotrowice Ochojec opcja podziemnego parkingu Oferujemy sprzedaż nowego mieszkania (rok budowy 2019) o powierzchni 56,16m2 usytuowanego na 1 piętrze w 3 piętrowym apartamentowcu w dzielnicy Piotrowice - Ochojec. Mieszkanie składa się z dużego salonu z aneksem kuchennym (27,65m2), sypialni (12,74m2), korytarza (7,32m2), łazienki z umywalką, prysznicem, toaletą (5,50m2), garderoby (2,95m2) oraz dużego balkonu wzdłuż salonu. Mieszkanie umeblowane wraz z zabudową kuchenną, 2 obszerne szafy w sypialni i garderobie oraz wyposażone (płyta ceramiczna 4 pola grzewcze, wentylacja, lodówka, zmywarka, pralka). Centralne ogrzewanie i ciepła woda z dwufunkcyjnego pieca gazowego. Mieszkanie zorientowane na południe i wschód. Klatka schodowa zamykana na domofon, czysta i schludna. W budynku jest zamykane wspólne pomieszczenie na wózki i rowery Bardzo dobre skomunikowanie z centrum Katowic oraz z drogą wylotową szybkiego ruchu w kierunku na Wisłę. Blisko przystanki miejskich autobusów. W pobliżu galeria handlowa Manhattan (600m), market E. Leclerc (1,5km), galeria Libero (1,9km), sklepy osiedlowe, targowisko, szkoły, apteka, placówki bankowe. Do terenów leśnych (lasy murckowskie) ok. 800 m. Cena do negocjacji. Możliwość zakupu podziemnego miejsca postojowego w podziemnym parkingu Powyższa oferta nie stanowi oferty handlowej w rozumieniu przepisów Kodeksu Cywilnego oraz innych właściwych przepisów prawnych i winna być interpretowana wyłącznie jak informacja",,tak,aneks,plastikowe,własność,"Wyposażenie: lodówka, pralka, zmywarka",50.209159,18.985943
Katowice Dolina Trzech Stawów,ul. Szybowcowa,3,77,1287000,16714.0,bez pośredników,,18,https://adresowo.pl/o/mieszkanie-katowice-dolina-trzech-stawow-ul-szybowcowa-3-pokojowe-l6t2m2,https://s2.adresowa.pl/oi/66/1f/3dc86c_54f5_cover@2x-3-pokojowe-mieszkanie-katowice-dolina-trzech-stawow-ul-szybowcowa.webp,Katowice Dolina Trzech Stawów,Szybowcowa,5,2023.0,apartamentowiec,,"Sprzedam wyjątkowy apartament w klasie Premium, zaprojektowany przez architekta, z dbałością o szczegóły, w pełni wyposażony, do zamieszkania. Nieruchomość znajduję się na 6 kondygnacji (5 piętrze - ostatnim) w apartamentowcu. Wysokość pomieszczeń - 2,75 m, przez co mieszkanie jest jasne i bardzo dobrze doświetlone. Klimatyzowany apartament o powierzchni użytkowej 77 m2 o ekspozycji południowo-zachodniej, na którą składa się: salon z aneksem kuchennym, dwie sypialnie, pokój kąpielowy wyposażony w prysznic oraz wannę wolnostojącą oraz przedpokój. Na podłodze położono płyty wielkoformatowe 120x120 oraz 120x270 włoskiej kolekcji Mirage Clay. Przestrzeń dzienna wyposażona jest w nowoczesną skórzaną sofę z funkcją relaksu sterowaną elektrycznie, stolik kawowy, rozkładany stół z krzesłami oraz szafkę RTV. Ściany zdobi tapeta firmy Wonderwall oraz zabudowa TV, która została wykonana z naturalnego forniru oraz podświetlanego forniru kamiennego. Otwarta na salon kuchnia wyposażona jest w wysokiej jakości sprzęt AGD firmy SIEMENS, ELECTROLUX, SAMSUNG oraz BOSCH. Okna wewnątrz apartamentu zdobią szerokie żaluzje drewniane w kolorze orzecha. W jednej z sypialni wykonano na wymiar dwie duże szafy z przesuwnym, oświetlanymi drzwiami. Znajduje się również sofa z funkcją spania. W drugiej sypialni ścianę zdobi tapeta firmy Wonderwall oraz lamele zamontowane z obu stron łóżka. W sypialni znajduje się duża toaletka z podświetlanym lustrem oraz komoda wykonana z litego dębowego drewna firmy Mebin. Z każdego pokoju oraz kuchni wyjście na taras / balkon (logia) o powierzchni 32m2. W mieszkaniu zamontowane są dwie klimatyzacje firmy Haier sterowane również przy pomocy aplikacji. Wszystkie grzejniki w mieszkaniu zostały wymienione na w pełni funkcjonalne o wyglądzie designerskim. Oświetlenie sterowane również przy pomocy aplikacji - Smart HOME. Meble oraz stałe zabudowy w całym apartamencie zostały wykonane na wymiar z wysokiej klasy naturalnego forniru w kolorze orzecha włoskiego. Apartament został wykończony wysokiej jakości materiałami. Drzwi wewnętrzne w naturalnej okleinie orzecha firmy Interdoor . Do mieszkania przynależy dodatkowo miejsce postojowe rodzinne w hali garażowej w cenie 100 tyś. zł. (nieobowiązkowe) oraz komórka na akcesoria samochodowe (murowana z drzwiami przeciwpożarowymi) o powierzchni 7,5m2 w cenie 50 tyś. zł. (obligatoryjnie). Zapraszam do obejrzenia prezentacji video. Nie współpracuję z pośrednikami. Doskonała komunikacja miejska zapewnia szybki dostęp do centrum miasta oraz innych dzielnic. W bliskim sąsiedztwie znajdują się liczne sklepy, restauracje oraz placówki edukacyjne.",tak,tak,aneks,plastikowe,własność,"Wyposażenie: klimatyzacje, tv",50.243589,19.030054
Katowice,Brynów,1,27,299000,11074.0,bez pośredników,,2,https://adresowo.pl/o/mieszkanie-katowice-brynow-1-pokoj-27-m2-n0d5i1,https://s2.adresowa.pl/oi/4d/57/3dc1fc_b9bc_cover@2x-1-pokojowe-mieszkanie-katowice-brynow.webp,Katowice Brynów,,1,1968.0,blok,,"Na sprzedaż - mieszkanie 27,5 m² | Brynów, Katowice | piwnica | blok po termomodernizacji Oferujemy na sprzedaż funkcjonalne mieszkanie o powierzchni 27,5 m², zlokalizowane w jednej z najbardziej pożądanych dzielnic Katowic - Brynów. Lokal znajduje się w zadbanym bloku po termomodernizacji, co przekłada się na niższe koszty ogrzewania oraz estetyczny wygląd budynku. UKŁAD MIESZKANIA: * 1 ustawny pokój * oddzielna kuchnia * łazienka * przynależna piwnica Mieszkanie jest jasne i funkcjonalne, z dużym potencjałem aranżacyjnym - idealne dla singla, pary lub jako inwestycja pod wynajem. ATUTY NIERUCHOMOŚCI: * atrakcyjna lokalizacja - Brynów * blok po termomodernizacji * piwnica w cenie * niskie koszty utrzymania * świetna inwestycja pod wynajem * szybki dojazd do centrum Katowic LOKALIZACJA: W pobliżu znajdują się sklepy, punkty usługowe, przystanki komunikacji miejskiej oraz tereny zielone (m.in. okolice Parku Kościuszki). Bardzo dobry dojazd do centrum Katowic oraz miast ościennych. Zapraszamy do kontaktu i umówienia prezentacji mieszkania!",tak,,osobna,,,,50.264892,19.023782
Katowice os. Tysiąclecia,ul. Ułańska,1,37,300000,8108.0,bez pośredników,,6,https://adresowo.pl/o/mieszkanie-katowice-os-tysiaclecia-ul-ulanska-1-pokoj-y5g4k9,https://s2.adresowa.pl/oi/7a/66/3dc1e4_abcf_cover@2x-1-pokojowe-mieszkanie-katowice-os-tysiaclecia-ul-ulanska.webp,Katowice os. Tysiąclecia,Ułańska,7,1968.0,blok,,"Dzień dobry. Do sprzedania kawalerka 37 m2. Katowice, Osiedle Tysiąclecie, ul. Ułańska.",,,,,,,50.284991,18.969838
Katowice Śródmieście,ul. Warszawska,2,27,325000,12037.0,Pośrednik,,13,https://adresowo.pl/o/mieszkanie-katowice-srodmiescie-ul-warszawska-2-pokojowe-i2c3r3,https://s2.adresowa.pl/oi/50/55/388ad2_738c_cover@2x-2-pokojowe-mieszkanie-katowice-srodmiescie-ul-warszawska.webp,Katowice Śródmieście,Warszawska,1,,kamienica,,"Do sprzedania Mieszkanie zlokalizowane w Kamienicy w ścisłym śródmieściu Katowic przy ul. Warszawskiej Mieszkanie zlokalizowane w pięknej świeżo odrestaurowanej Kamienicy po remoncie elewacji oraz po Termomodernizacji. Zamykany i monitorowany parking za bramą na pilota dla mieszkańców za budynkiem. Mieszkanie w trakcie remontu , zdjęcia przedstawiają poprzednie realizacje wykonawcy z podobnego mieszkania o tym samym standardzie dla poglądu. Nieruchomość sprzedawana w stanie po generalnym remoncie w wysokim standardzie, gotowa pod wynajem lub do zamieszkania z pełnym umeblowaniem oraz AGD w tym zmywarka,pralka itp Cena obejmuję generalny remont wraz z wymianą wszystkich instalacji oraz umeblowaniem i wyposażeniem AGD , w tym indukcja, pralka, zmywarka itp. Świetna lokalizacja inwestycyjna nadająca się idealnie pod najem Długo oraz Krótko-Terminowy typu Booking, Airbnb itp. Do mieszkania przynależy również piwnica. W najbliższej odległości również wszelkie inne niezbętne punkty usługowe. Remont mieszkań obejmuje: - nowa instalacja elektryczna/hydrauliczna w całym mieszkaniu - ścianki działowe - gładzie na ścianach - malowanie - okna plastikowe - nowe drzwi wejściowe antywłamaniowe - drzwi wewnętrzne -panele / salon -kuchnia na wymiar z pełnym wyposażeniem AGD - Nowa instalacja ogrzewania podłogowego na podczerwień (tańśze niż gazowe) - łazienka -płytki kuchnia/łazienka - Zabudowa oraz wszystkie meble i sprzęty są zawarte w cenie mieszkania. -Możliwość zakupu mieszkania bez wyposażenia (łóżko szafki szafy sofa stolik itd) Biuro pobiera prowizję za organizację transakcji. W razie pytań proszę o kontakt telefoniczny: [numer] Treść niniejszego ogłoszenia nie stanowi oferty handlowej w rozumieniu Kodeksu Cywilnego.",,,,plastikowe,własność,"Wyposażenie: pralka, zmywarka",50.25831,19.029
Katowice Śródmieście,al. Wojciecha Korfantego,2,47,375000,7979.0,Pośrednik,,10,https://adresowo.pl/o/mieszkanie-katowice-srodmiescie-al-wojciecha-korfantego-2-pokojowe-b3z3n3,https://s2.adresowa.pl/oi/2c/22/387262_f103_cover@2x-2-pokojowe-mieszkanie-katowice-srodmiescie-al-wojciecha-korfantego.webp,Katowice Śródmieście,Wojciecha Korfantego,1,1972.0,blok,,"Katowice Centrum ul. Korfantego - Superjednostka - 2 pokoje | 47,5 m2 + duży balkon ! TOP LOKALIZACJA! Cena do negocjacji! WE SPEAK ENGLISH Zapraszamy do zapoznania się z ofertą jasnego i przestronnego, 2 pokojowego mieszkania z dużym balkonem zlokalizowanego w katowickiej Superjednostce przy al. Korfantego. Mieszkanie o powierzchni 47,5 m2 znajduje się na 1 piętrze w 15 piętrowym ocieplonym bloku z czterema windami. MIESZKANIE SKŁADA SIĘ Z: - Przestronnego salonu z aneksem kuchennym oraz wyjściem na szeroki balkon - Sypialni - Aneksu kuchennego - Przedpokoju - Łazienki z wc + Dużego balkonu Dodatkowo do mieszkania przynależy piwnica. SZCZEGOŁY OFERTY: - Mieszkanie posiada Księgę Wieczystą - Możliwość zakupu na kredyt! - Mieszkanie jasne i ustawne - Ogrzewanie z sieci miejskiej - Ciepła woda podgrzewana piecykiem gazowym typu Junkers - Okna PCV - Na podłogach parkiety - Instalacja elektryczna wymieniona - w miedzi - Czynsz wraz z funduszem remontowym w okolicach 800 zł - Budynek ocieplony- po termomodernizacji - Po wyjściu z bloku parking dla mieszkańców zabezpieczony szlabanem - Katowicki Spodek widoczny z balkonu! - Topowa lokalizacja! UWAGA Dla wszystkich naszych klientów którzy zdecydują się na zakup nieruchomości mamy prezent w postaci karty rabatowej firmy Bel-Pol LOKALIZACJA: Jeśli marzysz o komfortowym, nowoczesnym i funkcjonalnym miejscu do życia, to Superjednostka w Katowicach jest właśnie dla Ciebie! To idealne rozwiązanie dla tych, którzy cenią sobie wygodę, wysoką jakość i bliskość wszystkich udogodnień miasta. Dodatkowo, Katowice to dynamiczne miasto pełne możliwości kultura, rozrywka, edukacja i świetna komunikacja z innymi częściami regionu. Mieszkanie w tym miejscu to inwestycja w Twój komfort i przyszłość. Nie zwlekaj zamieszkaj tam, gdzie wszystko jest na wyciągnięcie ręki i zacznij nowy, lepszy rozdział swojego życia! MOGĄ PAŃSTWO LICZYĆ NA: - bezpłatną konsultacje z niezależnym doradcą kredytowym; - bezpieczeństwo transakcji; - pomoc w załatwieniu formalności i skompletowaniu dokumentów niezbędnych do transakcji; - współpracę z najlepszymi notariuszami. Nasza firma specjalizuje się w kompleksowej obsłudze zarówno Polaków jak i obcokrajowców. Jesteśmy z Państwem na każdym etapie procesu zakupu, sprzedaży czy wynajmu nieruchomości począwszy od wyboru oferty i jej prezentacji po finalizację transakcji i przekazanie nieruchomości nowym właścicielom. KREDYT Niezależni doradcy kredytowi, z którymi współpracujemy pomagają we wszelkich formalnościach związanych z uzyskaniem kredytu na zakup nieruchomości. Bezpłatna konsultacja, sprawdzenie zdolności, przedstawienie najkorzystniejszych opcji spośród ofert różnych banków. Przeprowadzimy cały proces realizacji kredytu i zakupu nieruchomości. Zapraszamy do kontaktu! Treść niniejszego ogłoszenia nie stanowi oferty handlowej w rozumieniu Kodeksu Cywilnego.",,tak,,,własność,,50.26362,19.02114
Katowice Zadole,ul. Gdańska,3,56,440000,7857.0,bez pośredników,,11,https://adresowo.pl/o/mieszkanie-katowice-zadole-ul-gdanska-3-pokojowe-w4o9u7,https://s2.adresowa.pl/oi/2b/40/3dbea8_ed33_cover@2x-3-pokojowe-mieszkanie-katowice-zadole-ul-gdanska.webp,Katowice Zadole,Gdańska,9,1978.0,blok,,"Na sprzedaż funkcjonalne mieszkanie o powierzchni 56 m2, zlokalizowane w Katowicach przy ulicy Gdańskiej w spokojnej i zielonej części miasta. Mieszkanie usytuowane jest na 9. piętrze 10-piętrowego budynku. W bloku znajdują się 2 windy. Układ mieszkania: - Trzy niezależne pokoje - Kuchnia z zabudową wykonaną na wymiar - Łazienka z WC - Przedpokój z zabudowaną szafą - Balkon Do mieszkania przynależy piwnica oraz istnieje możliwość korzystania z wózkowni. Informacje techniczne: Forma własności: spółdzielcze własnościowe z KW Ogrzewanie: miejskie Ciepła woda: z piecyka gazowego Okna: PCV z roletami na wymiar typu dzień/noc Podłogi: panele, płytki Czynsz: 1 400 zł (w tym zaliczka na wodę, fundusz remontowy, CO, opłaty eksploatacyjne oraz wywóz śmieci dla 4 osób) Ekspozycja: zachód Standard: do wprowadzenia/odświeżenia Doskonała lokalizacja - w pobliżu przystanki autobusowe oraz stacja kolejowa. W okolicy pełna infrastruktura miejska - szkoły, przedszkola, sklepy, przychodnie, Park oraz basen Zadole oraz inne obiekty sportowe. W pobliżu Śląski Uniwersytet Medyczny. Mieszkanie jest wolne od zaraz. Sprzedaż od osoby prywatnej, bez pośredników. Niniejsza oferta nie stanowi oferty handlowej w rozumieniu Kodeksu Cywilnego. Zachęcam do kontaktu oraz oglądania. Kontakt telefoniczny pod numerem [numer] lub [numer]. Pośrednikom podziękuję.",tak,tak,osobna,plastikowe,spółdzielcze własnościowe,,50.218566,18.974222
Katowice Wełnowiec,ul. ks. Piotra Ściegiennego,3,56,660000,11786.0,bez pośredników,,5,https://adresowo.pl/o/mieszkanie-katowice-welnowiec-ul-ks-piotra-sciegiennego-3-pokojowe-e5k8h1,https://s2.adresowa.pl/oi/64/2e/3dbd82_f563_cover@2x-3-pokojowe-mieszkanie-katowice-welnowiec-ul-ks-piotra-sciegiennego.webp,Katowice Wełnowiec,ks. Piotra Ściegiennego,1,1990.0,blok,,"Sprzedam mieszkanie, ul. Ściegiennego 43, 1. piętro. Mieszkanie środkowe, do zamieszkania. Pełna własność z księgą wieczystą. Mieszkanie obsługuje spółdzielnia ""Górnik"". Czynsz około 720 zł z zaliczką na ogrzewanie i wodę. W mieszkaniu oczywiście gaz i prąd. Duży parking w około z jednej strony ze szlabanem. Budynek ocieplony odgrundowo. Balkony nowe, oszklone. Mieszkanie ciepłe.",tak,,,plastikowe,własność,,50.27577,19.008593
Katowice Śródmieście,ul. Żwirki i Wigury,3,85,820000,9647.0,bez pośredników,,20,https://adresowo.pl/o/mieszkanie-katowice-srodmiescie-ul-zwirki-i-wigury-3-pokojowe-n5t9w8,https://s2.adresowa.pl/oi/1f/77/3db522_3ce3_cover@2x-3-pokojowe-mieszkanie-katowice-srodmiescie-ul-zwirki-i-wigury.webp,Katowice Śródmieście,Żwirki i Wigury,8,1932.0,kamienica,,"OFERTA PREMIUM | IKONA KATOWICKIEJ MODERNY | WIDOK, KTÓRY SPRZEDAJE SIĘ SAM UWAGA! UNIKALNE MIESZKANIE ZE SCHRONEM! Budynek ma aż 3 kondygnacje podziemne Na sprzedaż wyjątkowe mieszkanie w absolutnie legendarnym budynku – Drapacz Chmur w Katowicach, w perle przedwojennej architektury modernistycznej i jednym z najbardziej rozpoznawalnych adresów w Katowice. To nie jest zwykłe mieszkanie. To adres z historią, prestiżem i klimatem, którego nie da się podrobić. NAJWIĘKSZE ATUTY: * 83 m² perfekcyjnie rozplanowanej przestrzeni * 3 niezależne pokoje – idealne dla rodziny lub pod inwestycję * Oddzielna kuchnia + spiżarka z oknem – rzadkość na rynku * 8. piętro z windą – wysoko, jasno, prywatnie * Spektakularny widok na południową część miasta * Mieszkanie dwustronne – światło przez cały dzień * Oryginalne parkiety – autentyczny klimat moderny * Duży, reprezentacyjny przedpokój * Piwnica w cenie BUDYNEK – HISTORIA I PRESTIŻ „Drapacz Chmur” to nie tylko budynek – to symbol śląskiej nowoczesności lat 30. Jeden z pierwszych wieżowców w Polsce, zaprojektowany z rozmachem, który do dziś robi wrażenie. * wysokość pomieszczeń ok. 2,86 m * solidna, przedwojenna konstrukcja * klimat, którego nie oferuje żaden nowy apartamentowiec LOKALIZACJA – TOP OF THE TOP Wszystko w zasięgu spaceru: * Park Kościuszki – zielone płuca miasta * Rynek w Katowicach – serce życia miejskiego * Galeria Katowicka – zakupy i komunikacja * Dworzec PKP, Plac Miarki, Pałac Młodzieży To lokalizacja, która zawsze będzie trzymać wartość. PODSUMOWANIE Takie mieszkania pojawiają się rzadko. Jeszcze rzadziej w takim stanie, układzie i na takim piętrze. Kupujesz nie tylko metry. Kupujesz historię, widok, prestiż i bezpieczeństwo.",tak,tak,osobna,plastikowe,własność,,50.254326,19.014176
Katowice Śródmieście,ul. Krzywa,2,39,428000,10974.0,Pośrednik,,15,https://adresowo.pl/o/mieszkanie-katowice-srodmiescie-ul-krzywa-2-pokojowe-x7x1v2,https://s2.adresowa.pl/oi/39/5c/386d8c_7373_cover@2x-2-pokojowe-mieszkanie-katowice-srodmiescie-ul-krzywa.webp,Katowice Śródmieście,Krzywa,3,,kamienica,,"Do sprzedania Mieszkanie dwupokojowe zlokalizowane w zrewitalizowanej Kamienicy w ścisłym śródmieściu Katowic w świetnej Kultowej Lokalizacji przy ul. Krzywej! Mieszkanie dwustronne - Jasny Salon z oknami na stronę zachodnio-południową z pięknym widokiem na ulicę Krzywą oraz Sypialnia z dużym oknem bezpośrednio na zieleń! Nieruchomość w stanie po generalnym remoncie w wysokim standardzie, gotowa pod wynajem lub do zamieszkania Cena obejmuję mieszkanie wraz z pełnym umeblowaniem widocznym na zdjęciach i wyposażeniem AGD , w tym indukcja, zmywarka itp. Istnieje również możliwość kupna mieszkania bez Mebli. Minuta pieszo do dworca! Ul. Krzywa to wyjątkowa, kultowa wręcz brukowana uliczka zlokalizowana przy samym Dworcu oraz Placu Andrzeja! Bardzo urokliwa, ustronna oraz cicha uliczka, która jednakowo znajduje się w Ścisłym Śródmieściu Katowic. Świetna lokalizacja inwestycyjna nadająca się idealnie pod najem Długo oraz Krótko-Terminowy typu Booking, Airbnb itp. Na ulicy znajdują się miejsca takie jak : Nowo otwarta Winiarnia oferująca włoskie produkty, ekskluzywny zakład krawiecki itp. W najbliższej odległości również wszelkie inne niezbętne punkty usługowe. Świetny widok z okien na Śródmieście - Praktycznie wszystkie kamienice na tej ulicy posiadają odnowione elewacje. Na ulicy rosną również drzewa Mieszkanie w zrewitalizowanej Kamienicy: -Nowa Klatka schodowa, -Nowe piony Wodno-Kanalizacyjne -Nowa instalacja elektryczna z licznikiem 3-fazowym na każde mieszkanie -Nowa kotłownia wraz z rozprowadzeniem nowej instalacji miejskiego ogrzewania -Nowe Pokrycie Dachu, -Nowe okna, -Parking, Piwnice, Komórki) Remont mieszkań obejmował: - nowa instalacja elektryczna/hydrauliczna w całym mieszkaniu - ogrzewanie Miejskie! - ścianki działowe - gładzie na ścianach - malowanie - okna plastikowe - nowe drzwi wejściowe antywłamaniowe - drzwi wewnętrzne -panele / salon -kuchnia na wymiar z pełnym wyposażeniem AGD - łazienka -płytki kuchnia/łazienka - Zabudowa oraz wszystkie meble i sprzęty są zawarte w cenie mieszkania. -Możliwość zakupu mieszkania bez wyposażenia (łóżko szafki szafy sofa stolik itd) Dodatkowo możliwość dokupienia na własność: -Piwnicy -Komórki lokatorskiej W razie pytań proszę o kontakt telefoniczny: [numer] Treść niniejszego ogłoszenia nie stanowi oferty handlowej w rozumieniu Kodeksu Cywilnego.",,tak,,plastikowe,własność,Wyposażenie: zmywarka,50.25535,19.0162
Katowice,Śródmieście,3,80,649000,8112.0,Pośrednik,,14,https://adresowo.pl/o/mieszkanie-katowice-srodmiescie-3-pokojowe-80-m2-o2z7m1,https://s2.adresowa.pl/oi/54/6b/3854d2_5048_cover@2x-3-pokojowe-mieszkanie-katowice-srodmiescie.webp,Katowice Śródmieście,,2,1943.0,kamienica,,"Do sprzedania mieszkanie 3-pokojowe o powierzchni 80m2 zlokalizowane na 2 piętrze pięknej Kamienicy Z Windą w najlepszej okolicy śródmieścia Katowic. Mieszkanie posiada 2 Balkony! Mieszkanie składa się z trzech przestronnych pokoi. Dwustronny układ, Oryginalna Stolarka Drzwiowa, Wyjątkowe miejsce. Rzut na ostatnim zdjęciu. Okna wychodzą na stronę Placu Miarki oraz Podwórze. Wymienione piony Wod-Kan, Nowa instalacja elektryczna w budynku, Nowa Winda, Gaz w lokalu. Piękna kamienica. Pełna własność. Zapraszam do kontaktu telefonicznego: [numer] Treść niniejszego ogłoszenia nie stanowi oferty handlowej w rozumieniu Kodeksu Cywilnego.",,,,,własność,,50.25224,19.01394
Katowice Załęże,ul. 18 Sierpnia,2,54,379000,7019.0,bez pośredników,,10,https://adresowo.pl/o/mieszkanie-katowice-zaleze-ul-18-sierpnia-2-pokojowe-h6i1m7,https://s2.adresowa.pl/oi/7a/3f/3dae82_816d_cover@2x-2-pokojowe-mieszkanie-katowice-zaleze-ul-18-sierpnia.webp,Katowice Załęże,18 Sierpnia,parter,2000.0,blok,,"Oferuję na sprzedaż przestronne mieszkanie o powierzchni 54,79 m², położone na parterze w 3-piętrowym bloku. Mieszkanie zlokalizowane jest w Katowicach w dzielnicy Załęże, przy ulicy 18 sierpnia. Lokalizacja zapewnia szybki dojazd do centrum miasta. Mieszkanie składa się z: - dwóch niezależnych pokoi, - dużej, funkcjonalnej kuchni, - łazienki z wanną, - przedpokoju. Podstawowe informacje: - Typ własności: własność. - Powierzchnia: 54,79 m². - Liczba pokoi: 2. - Piętro: parter / 3. - Ciepła woda: piecyk gazowy. - Do lokalu przynależy piwnica. - Mieszkańcy mają dostęp do ogólnodostępnego strychu. - Pełna własność z Księgą Wieczystą. - Czynsz: ok. 1 200 zł. Układ i atuty mieszkania: - Parter: wygodny dostęp bez konieczności korzystania z windy. - 2 oddzielne pokoje. - Duża, przestronna kuchnia. - Łazienka z wanną. - Piwnica. - Okna PCV. - Centralne ogrzewanie. - Parking przed budynkiem dla mieszkańców. - Wejście zabezpieczone domofonem. Lokal jest wygodny i ustawny, idealny zarówno do zamieszkania, jak i pod inwestycje. Brak balkonu. Lokalizacja: Położenie mieszkania zapewnia szybki dojazd do centrum Katowic oraz bardzo dobrą komunikację miejską. W najbliższej okolicy znajdują się sklepy, markety, punkty usługowe, szkoły, przedszkola, przychodnie zdrowia oraz przystanki komunikacji miejskiej. Cena nieruchomości: 379 000 zł. Oferta bezpośrednio od właściciela.",tak,tak,osobna,plastikowe,własność,,50.261722,19.003896
Katowice Śródmieście,al. Wojciecha Korfantego,3,47,439000,9340.0,bez pośredników,,16,https://adresowo.pl/o/mieszkanie-katowice-srodmiescie-al-wojciecha-korfantego-3-pokojowe-a9t6j0,https://s2.adresowa.pl/oi/5a/67/3da034_8c16_cover@2x-3-pokojowe-mieszkanie-katowice-srodmiescie-al-wojciecha-korfantego.webp,Katowice Śródmieście,Wojciecha Korfantego,9,,blok,,"Na sprzedaż funkcjonalne, w pełni wyremontowane mieszkanie w centrum Katowic, w budynku Superjednostka. Mieszkanie o powierzchni ok. 47 m², zostało zaprojektowane tak, aby maksymalnie wykorzystać przestrzeń. Obecnie układ 3-pokojowy, idealny zarówno do zamieszkania, jak i pod wynajem. NAJWIĘKSZE ATUTY: - 3 niezależne pokoje (świetne pod wynajem lub dla rodziny) - Po generalnym remoncie - bez dodatkowych nakładów - Gotowe do wprowadzenia od zaraz - Centrum Katowic - wszędzie blisko - Funkcjonalny i przemyślany układ - Jasne wnętrza i dobre doświetlenie IDEALNE POD INWESTYCJĘ Mieszkanie świetnie sprawdzi się jako: - Wynajem długoterminowy - Wynajem krótkoterminowy Szacowany przychód z najmu: ok. 2500 - 3000 zł miesięcznie. To gotowy produkt inwestycyjny - bez remontów, bez czekania. DLA OSOBY PRYWATNEJ: - Komfortowy układ 3 pokoi na niewielkim metrażu - Idealne dla pary lub małej rodziny - Możliwość wydzielenia strefy pracy lub dodatkowej sypialni - Wszystko nowe - wchodzisz i mieszkasz LOKALIZACJA: Ścisłe centrum Katowic: - Szybki dostęp do komunikacji - Sklepy, restauracje, usługi w zasięgu kilku minut - Idealne miejsce zarówno do życia, jak i inwestycji DODATKOWE INFORMACJE: - Mieszkanie dostępne od zaraz - Stan prawny uregulowany - Sprzedaż możliwa od ręki KONTAKT: Zapraszam do kontaktu i umówienia się na prezentację. Mieszkanie wzbudza duże zainteresowanie - warto zobaczyć na żywo.",,,osobna,plastikowe,,,50.2779,19.021306
Katowice Śródmieście,ul. ks. bp. Arkadiusza Lisieckiego,2,47,339000,7213.0,bez pośredników,,4,https://adresowo.pl/o/mieszkanie-katowice-srodmiescie-ul-ks-bp-arkadiusza-lisieckiego-2-pokojowe-a8q1e8,https://s2.adresowa.pl/oi/20/40/3d9da6_59d1_cover@2x-2-pokojowe-mieszkanie-katowice-srodmiescie-ul-ks-bp-arkadiusza-lisieckiego.webp,Katowice Śródmieście,ks. bp. Arkadiusza Lisieckiego,7,1965.0,blok,,"Sprzedam mieszkanie 47 m2, mieszkanie ma układ przechodni, do remontu, co pozwala urządzić mieszkanie po swojemu. Mieszkanie bardzo jasne i ustawne. Cena 339000 zł do delikatnej negocjacji",,,,,własność,,50.271111,18.932555
Katowice Śródmieście,ul. Krzywa,3,41,449000,10951.0,Pośrednik,,9,https://adresowo.pl/o/mieszkanie-katowice-srodmiescie-ul-krzywa-3-pokojowe-x2i3l0,https://s2.adresowa.pl/oi/58/48/38317a_b15d_cover@2x-3-pokojowe-mieszkanie-katowice-srodmiescie-ul-krzywa.webp,Katowice Śródmieście,Krzywa,1,,kamienica,,"Do sprzedania Mieszkanie 3-pokojowe z dużym balkonem zlokalizowane w Zrewitalizowanej Kamienicy w ścisłym śródmieściu Katowic w świetnej Kultowej Lokalizacji przy ul. Krzywej! Nieruchomość w stanie po generalnym remoncie w wysokim standardzie, gotowa pod wynajem lub do zamieszkania. Cena obejmuję mieszkanie wraz z pełnym umeblowaniem widocznym na zdjęciach i wyposażeniem AGD , w tym indukcja, zmywarka itp. Możliwość zakupu mieszkania bez Mebli Minuta pieszo do dworca! Ul. Krzywa to wyjątkowa, kultowa wręcz brukowana uliczka zlokalizowana przy samym Dworcu oraz Placu Andrzeja! Bardzo urokliwa, ustronna oraz cicha uliczka, która jednakowo znajduje się w Ścisłym Śródmieściu Katowic. Świetna lokalizacja inwestycyjna nadająca się idealnie pod najem Długo oraz Krótko-Terminowy typu Booking, Airbnb itp. Na ulicy znajdują się miejsca takie jak : Nowo otwarta Winiarnia oferująca włoskie produkty, ekskluzywny zakład krawiecki itp. W najbliższej odległości również wszelkie inne niezbętne punkty usługowe. Za budynkiem Parking za bramą na pilota - wielka zaleta zwłaszcza w centrm. Świetny widok z okien na Śródmieście - Praktycznie wszystkie kamienice na tej ulicy posiadają odnowione elewacje. Na ulicy rosną również drzewa Mieszkanie w zrewitalizowanej Kamienicy: -Nowa Klatka schodowa, -Nowe piony Wodno-Kanalizacyjne -Nowa instalacja elektryczna z licznikiem 3-fazowym na każde mieszkanie -Nowa kotłownia wraz z rozprowadzeniem nowej instalacji miejskiego ogrzewania -Nowe Pokrycie Dachu, -Nowe okna, -Piwnice, Komórki) Zdjęcia przedstawiają poglądowy standard wykończenia z innych inwestycji tego wykonawcy. Remont mieszkań obejmuje: - nowa instalacja elektryczna/hydrauliczna w całym mieszkaniu - ogrzewanie Miejskie! - ścianki działowe - gładzie na ścianach - malowanie - okna plastikowe - nowe drzwi wejściowe antywłamaniowe - drzwi wewnętrzne -panele / salon -kuchnia na wymiar z pełnym wyposażeniem AGD - łazienka -płytki kuchnia/łazienka - Zabudowa oraz wszystkie meble i sprzęty są zawarte w cenie mieszkania. -Możliwość zakupu mieszkania bez wyposażenia (łóżko szafki szafy sofa stolik itd) Dodatkowo możliwość dokupienia na własność: -Piwnicy -Komórki lokatorskiej W razie pytań proszę o kontakt telefoniczny: [numer] Treść niniejszego ogłoszenia nie stanowi oferty handlowej w rozumieniu Kodeksu Cywilnego.",,tak,,plastikowe,własność,Wyposażenie: zmywarka,50.25535,19.0162
Katowice Śródmieście,ul. Tadeusza Kościuszki,3,114,779000,6833.0,Pośrednik,,21,https://adresowo.pl/o/mieszkanie-katowice-srodmiescie-ul-tadeusza-kosciuszki-3-pokojowe-b8l6b5,https://s2.adresowa.pl/oi/18/28/3805fa_e3e6_cover@2x-3-pokojowe-mieszkanie-katowice-srodmiescie-ul-tadeusza-kosciuszki.webp,Katowice Śródmieście,Tadeusza Kościuszki,2,1906.0,kamienica,,"Do sprzedania mieszkanie o powierzchni 114,52 m² zlokalizowanego w zabytkowej kamienicy przy ul. Tadeusza Kościuszki w Katowicach. Usytuowane na II piętrze w IV piętrowej kamienicy. Do mieszkania przynależy piwnica. Szczegóły mieszkania: Powierzchnia: 114,52 m² Rozkład: 3 pokoje, duży przedpokój, kuchnia ze spiżarką, łazienka oraz oddzielne WC. Balkon z widokiem na centrum Katowic. Do mieszkania przynależy piwnica Stan mieszkania: Mieszkanie przeznaczone jest do generalnego remontu - idealna propozycja dla osób szukających przestrzeni do stworzenia własnego, niepowtarzalnego wnętrza. Zabytkowy charakter budynku podkreślają oryginalne drewniane drzwi, które po odpowiednim odnowieniu mogą stać się niepowtarzalnym atutem mieszkania. Atuty nieruchomości : Kamienica podlega ochronie zabytkowej - okna od strony ulicy zostały wymienione pod nadzorem konserwatora zabytków, natomiast od strony dziedzińca zastosowano dwuszybowe okna plastikowe. Budynek charakteryzuje się pięknie odnowioną klatką schodową, wyposażoną w monitoring, co podnosi komfort i bezpieczeństwo mieszkańców. Ogrzewanie realizowane jest za pomocą kaflowych pieców elektrycznych, co nadaje wnętrzom niepowtarzalny charakter. W mieszkaniu dostępny jest gaz - w łazience funkcjonuje gazowy piecyk, który zapewnia ciepłą wodę. Wnętrza mieszkania zachowały oryginalne, drewniane drzwi, które nadają mu charakteru i stanowią ciekawy element do odnowienia. Lokalizacja w centrum Katowic - bliskość komunikacji, dworca, sklepów i usług. Mieszkanie posiada księgę wieczystą bez obciążeń To niepowtarzalna okazja, aby nabyć mieszkanie w sercu Katowic, gdzie historyczny klimat łączy się z nowoczesnymi rozwiązaniami technicznymi. Zapraszam do kontaktu i umówienia się na prezentację! Więcej ofert na stronie [www] Nasze usługi świadczymy zgodnie z Ustawą z dnia 21 sierpnia 1997 r. o gospodarce nieruchomościami (t.j. Dz. U. z 2024 r. poz. 1145 z późn. zm .), w oparciu o umowę pośrednictwa, która gwarantuje Państwu bezpieczeństwo transakcji oraz pełną opiekę naszego doradcy przez cały okres trwania współpracy. Zgodnie z art. 179b. powołanej wyżej ustawy za wykonaną usługę pobieramy wynagrodzenie zgodnie z warunkami uzgodnionymi w zawartej umowie, którą podpisujemy podczas pierwszego spotkania z Klientem. Zobacz Wirtualny Spacer: [www]/8ae4e399efa[numer]d4c992e14f2e58/ -------------------------- ap7 group oświadcza, iż posiada obowiązkowe ubezpieczenie od odpowiedzialności cywilnej podmiotów uczestniczących w gospodarce nieruchomościami (polisa PZU S.A. nr [numer]). Ogłoszenie nie stanowi oferty handlowej w rozumieniu art. 66 kodeksu cywilnego.",,,,drewniane,własność,,50.256334,19.018373
Katowice os. Tysiąclecia,ul. Tysiąclecia 21,2,44,380000,8636.0,bez pośredników,,12,https://adresowo.pl/o/mieszkanie-katowice-os-tysiaclecia-ul-tysiaclecia-2-pokojowe-b1t9x1,https://s2.adresowa.pl/oi/7b/64/3d8926_c860_cover@2x-2-pokojowe-mieszkanie-katowice-os-tysiaclecia-ul-tysiaclecia.webp,Katowice os. Tysiąclecia,Tysiąclecia 21,9,1970.0,blok,,"Na sprzedaż mieszkanie 44 m2 – Katowice, os. Tysiąclecia, ul. Tysiąclecia 21 Oferujemy na sprzedaż funkcjonalne mieszkanie o powierzchni 44 m2, położone na 9. piętrze w zadbanym budynku w jednej z najbardziej cenionych lokalizacji Katowic – na osiedlu Tysiąclecia. Aktualny układ mieszkania: - 2 ustawne pokoje - kuchnia z jadalnią i dużym oknem - łazienka - praktyczna spiżarnia - duży balkon z pięknym widokiem - przedpokój z wnęką na szafę do zabudowy Możliwość zmiany układu pomieszczeń wg własnej aranżacji Mieszkanie posiada ekspozycję południowo-zachodnią, co zapewnia doskonałe doświetlenie wnętrz przez większą część dnia oraz przyjemne popołudniowe słońce. Lokalizacja – os. Tysiąclecia To jedna z najbardziej poszukiwanych dzielnic Katowic. W najbliższej okolicy znajdują się liczne sklepy, punkty usługowe, szkoły, przedszkola oraz przystanki komunikacji miejskiej. Bliskość terenów zielonych, w tym Parku Śląskiego, zapewnia idealne warunki do rekreacji i wypoczynku. Doskonały dojazd do centrum Katowic oraz miast ościennych. Przed blokiem parking dla mieszkańców ze szlabanem. Stan mieszkania: Lokal do remontu lub odświeżenia – idealna propozycja dla osób, które chcą urządzić wnętrze według własnych potrzeb i gustu. To mieszkanie łączy w sobie świetną lokalizację, funkcjonalny układ i duży potencjał aranżacyjny. Mieszkanie o uregulowanej sytuacji prawnej, już dostępne do sprzedaży. Sprzedaż bezpośrednio przez właściciela. PROSZĘ O KONTAKT W FORMIE WIADOMOŚCI, ODDZWONIĘ.",tak,tak,osobna,plastikowe,spółdzielcze własnościowe,,50.277172,18.979055
Katowice Śródmieście,ul. Wojewódzka,3,87,562000,6460.0,bez pośredników,,54,https://adresowo.pl/o/mieszkanie-katowice-srodmiescie-ul-wojewodzka-3-pokojowe-v5c4u6,https://s2.adresowa.pl/oi/1d/50/3d88e8_96b5_cover@2x-3-pokojowe-mieszkanie-katowice-srodmiescie-ul-wojewodzka.webp,Katowice Śródmieście,Wojewódzka,4,1929.0,kamienica,,"Na sprzedaż – klimatyczne mieszkanie na poddaszu w sercu Katowic | ul. Wojewódzka 30 Na sprzedaż wyjątkowe mieszkanie o powierzchni użytkowej 69,2 m² (ok. 87 m² po podłodze), położone na poddaszu zabytkowej, secesyjnej kamienicy przy ul. Wojewódzkiej w centrum Katowic. Nieruchomość idealna zarówno do zamieszkania, jak i jako inwestycja pod wynajem lub dalszą adaptację. Lokalizacja Prestiżowa część Katowic – w pobliżu Rynek, dworzec PKP, Sejm Śląski, restauracje, kino Rialto oraz Akademia Muzyczna. Ulica Wojewódzka łączy wielkomiejski klimat z ciszą i zielenią. Budynek zabytkowa kamienica secesyjna zamykane podwórze z możliwością parkowania na zasadach wspólnoty domofon, brama i dostęp elektroniczny niski czynsz – ok. 400 zł wyremontowana elewacja i dach planowany remont klatki schodowej Mieszkanie odświeżone, gotowe do zamieszkania ocieplone poddasze wymieniona instalacja elektryczna wysokość sufitu ok. 2,7 m panoramiczny widok na Katowice Ogrzewanie kominek na brykiet/pellet energooszczędne grzejniki na podczerwień sterowane aplikacją bojler elektryczny możliwość podłączenia gazu Potencjał inwestycyjny możliwość podziału na dwa mieszkania idealne pod wynajem lub biuro opcja wykonania dodatkowej łazienki lub tarasu (do uzgodnienia) Cena do uzgodnienia 562 000 PLN To mieszkanie z wyjątkowym klimatem i dużym potencjałem w jednej z najlepszych lokalizacji w Katowicach. Oferty i kontakt: Małgorzata [numer]",,,,,własność,,50.256149,19.024988
Katowice Zawodzie,ul. Łączna,4,70,520000,7429.0,bez pośredników,,20,https://adresowo.pl/o/mieszkanie-katowice-zawodzie-ul-laczna-4-pokojowe-h2o6v1,https://s2.adresowa.pl/oi/18/61/3d8022_fc95_cover@2x-4-pokojowe-mieszkanie-katowice-zawodzie-ul-laczna.webp,Katowice Zawodzie,Łączna,8,,blok,,"Na sprzedaż środkowe, przestronne, rozkładowe 4-pokojowe mieszkanie o powierzchni 70,03 m², położone na 8. piętrze w 10-piętrowym wieżowcu w Katowicach, przy ul. Łącznej 3. Układ i stan mieszkania do remontu: - 3 niezależne pokoje (sypialnie) + 1 pokój dzienny z wyjściem na balkon. - Mieszkanie dobrze oświetlone, słoneczne - okna na wschód i zachód. - Przedpokój z miejscem na pojemną zabudowę. - Jasna, otwarta kuchnia. - Łazienka i WC razem. - Duży balkon z widokiem na panoramę Katowic. Balkon zabezpieczony siatką. - Komórka lokatorska. - Okna PCV. Budynek i media: - Blok z windą. - Centralne ogrzewanie z sieci miejskiej (kaloryfery żeliwne, długo utrzymujące ciepło). - Ciepła woda - piec gazowy. - Wejście zabezpieczone domofonem. - Dostępne miejsca parkingowe dla mieszkańców. Lokalizacja: Mieszkanie znajduje się w bardzo dobrze skomunikowanej części Katowic. W okolicy: - Świetna komunikacja miejska (autobusy i tramwaje) - 15 minut do Rynku, szybkie połączenie samochodem z centrum Katowic. - Bezpośredni dostęp do DTŚ, A4 oraz głównych tras wylotowych. - 7 minut tramwajem do Uniwersytetu Ekonomicznego w Katowicach. - 10 minut tramwajem do Liceum XLO. - 10 minut pieszo do Szkoły Podstawowej nr 31 i przedszkola miejskiego. - 10 minut pieszo do Domu Kultury Katowice Zawodzie. - 15 minut pieszo do Ośrodka Sportowego ""Słowian"". Mieszkanie jest świetną propozycją dla rodziny 2+2, która potrzebuje mieć wszystko w zasięgu spaceru. Alternatywnie dla inwestora pod wynajem ze względu na ilość pokoi. Kontakt telefoniczny lub e-mail. Odpowiem na wszystkie pytania i prześlę dodatkowe materiały lub zdjęcia. Mieszkanie można obejrzeć po wcześniejszym uzgodnieniu. Czynsz: ok. 1150 zł (do czynszu wliczone jest m.in. ogrzewanie, komórka lokatorska, odpady, zimna woda). Księga wieczysta, mieszkanie niezadłużone. Zapraszam do kontaktu i umówienia się na prezentację.",tak,,aneks,plastikowe,własność,,50.261018,19.061802
Katowice Śródmieście,ul. Tadeusza Kościuszki,2,53,569000,10736.0,Pośrednik,,15,https://adresowo.pl/o/mieszkanie-katowice-srodmiescie-ul-tadeusza-kosciuszki-2-pokojowe-z6n9l0,https://s2.adresowa.pl/oi/4d/34/37bda2_69b0_cover@2x-2-pokojowe-mieszkanie-katowice-srodmiescie-ul-tadeusza-kosciuszki.webp,Katowice Śródmieście,Tadeusza Kościuszki,3,,kamienica,,"Do sprzedania Mieszkanie zlokalizowane w Kamienicy w ścisłym śródmieściu Katowic przy ul. Kościuszki. Mieszkanie zlokalizowane w pięknej świeżo odrestaurowanej Kamienicy po remoncie elewacji oraz klatki schodowej. Świetny układ - mieszkanie dwustronne i bardzo jasne. Ogrzewanie oraz Ciepła woda z sieci miejskiej! Balkon ze świetnym widokiem na śródmieście. Nieruchomość sprzedawana w stanie po generalnym remoncie wraz z pełnym wyposażeniem AGD oraz umeblowaniem. W najbliższej odległości również wszelkie inne niezbętne punkty usługowe. Remont mieszkania obejmował: - nowa instalacja elektryczna, wodno-kanalizacyjna, wentylacyjna w całym mieszkaniu - Nowa instalacja domofonowa - gładzie na ścianach - okna plastikowe - nowe drzwi wejściowe antywłamaniowe - Nowa instalacja ogrzewania miejskiego - Wyrównane podłogi przygotowane pod kładzenie Paneli - Nowe przyłącza i odpływy w przygotowane pod montaż kuchni oraz łazienki W razie pytań proszę o kontakt telefoniczny: [numer] Treść niniejszego ogłoszenia nie stanowi oferty handlowej w rozumieniu Kodeksu Cywilnego.",,,,plastikowe,własność,,50.25562,19.01842
Katowice Ochojec,ul. Krótka,3,75,482000,6427.0,Pośrednik,,17,https://adresowo.pl/o/mieszkanie-katowice-ochojec-ul-krotka-3-pokojowe-a3s0l5,https://s2.adresowa.pl/oi/34/2e/351306_f4a4_cover@2x-3-pokojowe-mieszkanie-katowice-ochojec-ul-krotka.webp,Katowice Ochojec,Krótka,3,1984.0,apartamentowiec,,"Katowice Piotrowice - Ochojec mieszkanie w niskim budynku, tylko 4 mieszkania Oferujemy mieszkanie o powierzchni 75,57m2, zlokalizowane w dzielnicy Piotrowice - Ochojec. Usytuowane na 3 piętrze (poddasze) w 3 piętrowym domu wielorodzinnym (tylko 4 mieszkania). Mieszkanie składa się z 3 oddzielnych pokoi (23,60m2+18,20m2+11,40m2), kuchni (11,0m2), przedpokoju (5,47m2), łazienki (5,90m2) po remoncie z prysznicem, umywalką i toaletą (okno dachowe). Rzut mieszkania dołączony do zdjęć. Podłogi w pokojach panele, w kuchni i przedpokoju płytki. Łazienka w płytkach i kafelkach. Okna plastikowe z okleiną drewnianą (wymieniono około 6 lat temu). Natomiast okna dachowe w kuchni i łazience nowe (2025r.) Centralne ogrzewanie i ciepła woda z dwufunkcyjnego pieca gazowego. Mieszkanie jasne zorientowane na 3 strony świata. Czynsz do wspólnoty 350,- zł. Na terenie zamkniętej posesji garaż. Okolica cicha i spokojna, wokół niska zabudowa jednorodzinna. Dobre skomunikowanie z centrum Katowic (przystanki autobusowe) oraz z drogą wylotową szybkiego ruchu w kierunku na Wisłę, w pobliżu ulic gen. Jankego i Radockiego. Bardzo bliski dostęp do rekreacyjnych leśnych terenów (lasy murckowskie, ścieżki spacerowe i rowerowe) ok. 600 m. Powyższa oferta nie stanowi oferty handlowej w rozumieniu przepisów Kodeksu Cywilnego oraz innych właściwych przepisów prawnych i winna być interpretowana wyłącznie jak informacja",,tak,osobna,plastikowe,własność,,50.264892,19.023782
Katowice Muchowiec,ul. Graniczna,2,42,390000,9286.0,bez pośredników,,13,https://adresowo.pl/o/mieszkanie-katowice-muchowiec-ul-graniczna-2-pokojowe-n6z3u6,https://s2.adresowa.pl/oi/1c/1e/3d7eca_c2f5_cover@2x-2-pokojowe-mieszkanie-katowice-muchowiec-ul-graniczna.webp,Katowice Muchowiec,Graniczna,11,1976.0,blok,,"Powierzchnia: 42,75 m², przy ul. Granicznej 53 (wschodnia wystawa okien). Liczba pokoi: 2, osobna kuchnia, łazienka z WC, duży balkon, piwnica. Ciepła woda: piec gazowy. Piętro: 11/11 (brak sąsiadów nad głową i większa prywatność, piękny widok), 2 windy. Czynsz: ok 800 zł (z CO miejskim, zimna woda, odpady komunalne 1 osoba). Rynek: wtórny (rok budowy 1976). Forma własności: spółdzielcze własnościowe prawo do lokalu mieszkalnego. Dostępne od: od zaraz. Mieszkanie ma bardzo duży potencjał, jednak nadaje się do remontu (lub odświeżenia). W 2010 roku wykonano zabudowę kuchenną przez stolarza (ze zmywarką) oraz zamontowano klimatyzację (za zgodą spółdzielni mieszkaniowej Oś. Paderewskiego). Blok po termomodernizacji. Wejście do klatki schodowej jak i do windy odbywa się z poziomu zerowego. Meldunek w nieruchomości umożliwia posiadanie parkingowej karty mieszkańca Katowic w strefie B. W cenie mieszkania może pozostać pralka i lodówka. Zielone otoczenie Dolina Trzech Stawów - idealne miejsce na spacery i aktywny wypoczynek. Sprzedaż wyłącznie bezpośrednia - pośrednikom dziękuję.",tak,,osobna,plastikowe,spółdzielcze własnościowe,"Wyposażenie: lodówka, pralka",50.252652,19.033983
Katowice,Giszowiec,2,45,330000,7333.0,bez pośredników,,5,https://adresowo.pl/o/mieszkanie-katowice-giszowiec-2-pokojowe-45-m2-m7q9p4,https://s2.adresowa.pl/oi/26/2b/3d7c2a_a539_cover@2x-2-pokojowe-mieszkanie-katowice-giszowiec.webp,Katowice Giszowiec,,parter,,blok,,"Oferuję na sprzedaż przytulne mieszkanie o powierzchni 45,1m², na parterze w bloku. Posiada 2 wykończone pokoje. Do dyspozycji masz także piwnicę i windę. Ogrzewanie miejskie zapewnia komfort w zimowe dni. Mieszkanie znajduje się w Giszowcu w Katowicach, w spokojnej okolicy. W pobliżu znajdziesz wiele atrakcji: - Park Giszowiecki (29m) - Lasy Murckowskie (408m) - Skwer Ewalda Gawlika (340m) - Centrum Medyczne Giszowiec (165m) - Szkoła Podstawowa nr 51 (29m) Możesz cieszyć się bliskością sklepów, restauracji i przystanków komunikacji miejskiej. Zachęcam do kontaktu.",tak,,,plastikowe,,,50.264892,19.023782
Katowice os. Witosa,ul. Władysława Grabskiego,3,60,589000,9817.0,bez pośredników,,20,https://adresowo.pl/o/mieszkanie-katowice-os-witosa-ul-wladyslawa-grabskiego-3-pokojowe-i0h3i1,https://s2.adresowa.pl/oi/72/3a/3d78b4_bbca_cover@2x-3-pokojowe-mieszkanie-katowice-os-witosa-ul-wladyslawa-grabskiego.webp,Katowice os. Witosa,Władysława Grabskiego,4,1980.0,blok,,"Oferuję na sprzedaż mieszkanie o powierzchni 60,01 m² na czwartym piętrze budynku z 1980 roku ( blok bez windy ). Nieruchomość znajduje się w spółdzielczym prawie do lokalu. Mieszkanie jest w stanie do zamieszkania. Remont mieszkania był 5 lat temu, w roku 2025 mieszkanie było malowane. Kupujący mieszkanie zyskuje jego wyposażenie. Wyposażenie obejmuje szafy w zabudowie w przedpokoju ( dwie szafy, jedna większa w większym przedpokoju i mniejsza w mniejszym przedpokoju ), szafę w zabudowie z biurkiem i regałem w mniejszym pokoju, meble w kuchni wraz ze zmywarką, kuchenką oraz piekarnikiem( bez lodówki oraz pralki). Sprzęt typu Lidlomix czy ekspres do kawy nie wchodzą w skład sprzedaży, Mieszkanie jest przestronne, zawiera trzy osobne pokoje, osobną kuchnię, osobną łazienkę i osobne WC. W każdym pokoju położone są panele, w przedpokoju, łazience, kuchni położone są kafelki. Dodatkowo możesz korzystać z balkonu oraz piwnicy. Ogrzewanie miejskie zapewnia komfort cieplny przez cały rok. Budynek po termomodernizacji . Mieszkanie idealne dla rodziny, która poszukuje wygodnego, przestronnego mieszkania, gotowego do zamieszkania w cichej, spokojnej i zielonej dzielnicy. Lokalizacja to Osiedle Witosa w Katowicach, co oznacza bliskość do wielu udogodnień. W niedalekiej odległości znajduje się: przystanek autobusowy przedszkole i szkoła sklepy spożywcze przychodnia parki i tereny zielone, takie jak Skwer rotmistrza Witolda Pileckiego, skate park, boisko, plac zabaw W pobliżu znajduje się Dom Kultury, który zapewnia wiele atrakcyjnych zajęć dla dzieci i dorosłych. Mieszkanie ma założoną księgę wieczystą. Zapraszam do kontaktu, aby umówić się na prezentację tej atrakcyjnej nieruchomości.",tak,,osobna,,,Wyposażenie: piekarnik,50.262939,18.965958
Katowice Śródmieście,ul. Stefana Batorego,3,65,375000,5769.0,Pośrednik,,6,https://adresowo.pl/o/mieszkanie-katowice-srodmiescie-ul-stefana-batorego-3-pokojowe-w7r0m8,https://s2.adresowa.pl/oi/51/36/33ead2_d289_cover@2x-3-pokojowe-mieszkanie-katowice-srodmiescie-ul-stefana-batorego.webp,Katowice Śródmieście,Stefana Batorego,3,,kamienica,,"Do sprzedania mieszkanie 3-pokojowe zlokalizowane w odnowionej kamienicy przy ulicy Batorego w ścisłym centrum Katowic. Mieszkanie można podzielić na Dwupak. Mieszkanie składa się z WC, Łazienki, Kuchni, Przedpokoju oraz trzech przestronnych pokoi. Piękna Odnowiona Kamienica przy samym Dworcu. Do mieszkania przynależy Piwnica. Mieszkanie w stanie do remontu. Pełna własność. Zapraszam do kontaktu telefonicznego: [numer] Treść niniejszego ogłoszenia nie stanowi oferty handlowej w rozumieniu Kodeksu Cywilnego.",,,,,własność,,50.25552,19.01727
Katowice Śródmieście,ul. Krzywa,1,29,324000,11172.0,Pośrednik,,6,https://adresowo.pl/o/mieszkanie-katowice-srodmiescie-ul-krzywa-1-pokoj-u8c4w2,https://s2.adresowa.pl/oi/20/3e/33d5aa_d960_cover@2x-1-pokojowe-mieszkanie-katowice-srodmiescie-ul-krzywa.webp,Katowice Śródmieście,Krzywa,parter,,kamienica,,"Do sprzedania Mieszkanie zlokalizowane w Zrewitalizowanej Kamienicy w ścisłym śródmieściu Katowic w świetnej Kultowej Lokalizacji przy ul. Krzywej! Nieruchomość w stanie po generalnym remoncie w wysokim standardzie, gotowa pod wynajem lub do zamieszkania Cena obejmuję mieszkanie z pełnym widocznym na zdjęciach umeblowaniem i wyposażeniem AGD , w tym indukcja, zmywarka itp. Minuta pieszo do dworca! Ul. Krzywa to wyjątkowa, kultowa wręcz brukowana uliczka zlokalizowana przy samym Dworcu oraz Placu Andrzeja! Bardzo urokliwa, ustronna oraz cicha uliczka, która jednakowo znajduje się w Ścisłym Śródmieściu Katowic. Świetna lokalizacja inwestycyjna nadająca się idealnie pod najem Długo oraz Krótko-Terminowy typu Booking, Airbnb itp. Na ulicy znajdują się miejsca takie jak : Nowo otwarta Winiarnia oferująca włoskie produkty, ekskluzywny zakład krawiecki itp. W najbliższej odległości również wszelkie inne niezbętne punkty usługowe. Świetny widok z okien na Śródmieście - Praktycznie wszystkie kamienice na tej ulicy posiadają odnowione elewacje. Na ulicy rosną również drzewa Mieszkanie w zrewitalizowanej Kamienicy: -Nowa Klatka schodowa, -Nowe piony Wodno-Kanalizacyjne -Nowa instalacja elektryczna z licznikiem 3-fazowym na każde mieszkanie -Nowa kotłownia wraz z rozprowadzeniem nowej instalacji miejskiego ogrzewania -Nowe Pokrycie Dachu, -Nowe okna, -Parking, Piwnice, Komórki) Remont mieszkań obejmuje: - nowa instalacja elektryczna/hydrauliczna w całym mieszkaniu - ogrzewanie Miejskie! - ścianki działowe - gładzie na ścianach - malowanie - okna plastikowe - nowe drzwi wejściowe antywłamaniowe - drzwi wewnętrzne -panele / salon -kuchnia na wymiar z pełnym wyposażeniem AGD - łazienka -płytki kuchnia/łazienka - Zabudowa oraz wszystkie meble i sprzęty są zawarte w cenie mieszkania. -Możliwość zakupu mieszkania bez wyposażenia (łóżko szafki szafy sofa stolik itd) Dodatkowo możliwość dokupienia na własność: -Piwnicy -Komórki lokatorskiej W razie pytań proszę o kontakt telefoniczny: [numer] Treść niniejszego ogłoszenia nie stanowi oferty handlowej w rozumieniu Kodeksu Cywilnego.",,tak,,plastikowe,własność,Wyposażenie: zmywarka,50.25535,19.0162
Katowice Śródmieście,ul. Bartosza Głowackiego,3,69,665000,9638.0,bez pośredników,,17,https://adresowo.pl/o/mieszkanie-katowice-srodmiescie-ul-bartosza-glowackiego-3-pokojowe-k2s5w7,https://s2.adresowa.pl/oi/48/5a/3d7428_cd5a_cover@2x-3-pokojowe-mieszkanie-katowice-srodmiescie-ul-bartosza-glowackiego.webp,Katowice Śródmieście,Bartosza Głowackiego,1,,kamienica,,"69,5 m² | 3 pokoje | gotowe do zamieszkania | TOP lokalizacja Szukasz mieszkania, do którego możesz wprowadzić się od razu - bez remontów i dodatkowych kosztów? Ta oferta jest dla Ciebie. Na sprzedaż jasne i funkcjonalne mieszkanie o powierzchni 69,5 m², położone na 1. piętrze klimatycznej kamienicy z cegły. Duże okna sprawiają, że wnętrze jest doskonale doświetlone przez cały dzień. - Przestronny salon z aneksem kuchennym i częścią jadalnianą - 2 oddzielne pokoje (sypialnia + pokój dziecięcy/gabinet) - Garderoba + dużo zabudowy - Łazienka z wanną i prysznicem - Mieszkanie gotowe do zamieszkania - Pełne wyposażenie AGD w cenie Dodatkowo: komórka lokatorska + duża piwnica. - Miejsca parkingowe dla mieszkańców. - Zielone otoczenie + plac zabaw. Mieszkanie przeszło odświeżenie (ściany, oświetlenie, elementy wykończenia), jest zadbane i funkcjonalne. Zastosowana izolacja wewnętrzna poprawia komfort cieplny i pozwala ograniczyć koszty ogrzewania. Lokalizacja, która sprzedaje się sama: - Sklepy, usługi, szkoły i przedszkola w zasięgu spaceru. - Tereny zielone i Park Kościuszki ok. 5 min. - Szybki dojazd do centrum. Idealne dla pary, rodziny lub jako inwestycja pod wynajem - układ i lokalizacja gwarantują duży potencjał. Zadzwoń i umów się na prezentację - takie mieszkania sprzedają się szybko!",tak,tak,aneks,plastikowe,,,50.251205,19.009584
Katowice Bogucice,ul. Nadgórników,1,30,430000,14333.0,bez pośredników,,20,https://adresowo.pl/o/mieszkanie-katowice-bogucice-ul-nadgornikow-1-pokoj-y6y0s2,https://s2.adresowa.pl/oi/72/45/3d7424_95e6_cover@2x-1-pokojowe-mieszkanie-katowice-bogucice-ul-nadgornikow.webp,Katowice Bogucice,Nadgórników,3,2024.0,apartamentowiec,,"Na sprzedaż studio o powierzchni 30 m2. Kawalerka w stanie deweloperskim. Posiadam projekt wykończenia kawalerki z uwzględnieniem wyodrębnienia miejsca na łóżko (projekt w cenie mieszkania). MIESZKANIE Mieszkanie zlokalizowane na 3. piętrze w budynku B2 (Nadgórników 16), na co składają się: • salon z aneksem kuchennym, • łazienka, • hol, • loggia (7,59 m2). CZĘŚCI WSPÓLNE DLA MIESZKAŃCÓW: • coworking z czytelnią, • pokój klubowy, • sala kinowa, • siłownia, • sauna, • myjnia dla psa, • sale ze sprzętem przeznaczonym do fitnessu, jogi i pilatesu, • pokój masażu, • strefa dla dzieci, • pokój majsterkowicza. DODATKOWE UDOGODNIENIA: • myjnia samochodowa, • ładowarki elektryczne, • rowerownia, wózki na zakupy w garażu, • pomieszczenie na paczki z chłodnią, • pokój listowy. NOHO App Dedykowana aplikacja to mobilne centrum dowodzenia oraz dostęp do rezerwacji części wspólnych, powiadomień, zarządzania płatnościami, możliwością umieszczania ogłoszeń, korzystania z Noho Service oraz Smart Home. NOHO Services Sprzątanie, pranie, złota rączka, fryzjer, masaż, trener personalny, zamawianie posiłków, wyprowadzanie psa, umówienie opiekunki dla dzieci, transportu. Te i wiele innych usług zamówisz bezpośrednio z aplikacji NOHO. Cena: 430 000 PLN + komórka lokatorska znajdująca się na tym samym piętrze 17 000 PLN. Więcej informacji udzielę telefonicznie. Zapraszam do kontaktu :)",tak,tak,aneks,,,,50.265346,19.036374
Katowice Brynów,ul. Kolibrów,3,61,679000,11131.0,bez pośredników,,16,https://adresowo.pl/o/mieszkanie-katowice-brynow-ul-kolibrow-3-pokojowe-q8r5w3,https://s2.adresowa.pl/oi/42/3e/3d6716_68b3_cover@2x-3-pokojowe-mieszkanie-katowice-brynow-ul-kolibrow.webp,Katowice Brynów,Kolibrów,2,1985.0,blok,,"Na sprzedaż 3-pokojowe mieszkanie - Katowice, świetna lokalizacja przy Dolinie Trzech Stawów. Na sprzedaż ustawne i funkcjonalne mieszkanie 3-pokojowe, położone w najbardziej atrakcyjnej i prestiżowej dzielnicy Katowic. Lokal znajduje się na 2. piętrze i jest bardzo dobrze doświetlony - mieszkanie jest słoneczne, z balkonem i widokiem na zieleń, co zapewnia komfort codziennego życia. Lokalizacja: Bezpośrednie sąsiedztwo wejścia do Doliny Trzech Stawów - idealne miejsce dla osób ceniących rekreację, spacery i aktywny tryb życia. Jednocześnie świetna komunikacja z centrum miasta. Układ mieszkania: - 3 niezależne pokoje - osobna kuchnia - łazienka - osobne WC z umywalką Dodatkowe informacje: - do mieszkania przynależy piwnica (7 m²) - ogrzewanie miejskie - ciepła woda z sieci - dostęp do telewizji kablowej i internetu szerokopasmowego Mieszkanie sprzedawane bezpośrednio przez właściciela - brak prowizji dla biura nieruchomości.",tak,,osobna,,własność,Wyposażenie: internet,50.236181,19.009444
Katowice Śródmieście,ul. Krzywa,2,28,340000,12143.0,Pośrednik,,15,https://adresowo.pl/o/mieszkanie-katowice-srodmiescie-ul-krzywa-2-pokojowe-s5y4v2,https://s2.adresowa.pl/oi/5b/36/32790c_faa6_cover@2x-2-pokojowe-mieszkanie-katowice-srodmiescie-ul-krzywa.webp,Katowice Śródmieście,Krzywa,3,,kamienica,,"Do sprzedania Mieszkanie dwupokojowe zlokalizowane w Rewitalizowanej Kamienicy w ścisłym śródmieściu Katowic w świetnej Kultowej Lokalizacji przy ul. Krzywej! Mieszkanie posiada prywatne miejsce parkingowe na zamykanym i monitorowanym parkingu za budynkiem! Nieruchomość sprzedawana w stanie po generalnym remoncie w wysokim standardzie, gotowa pod wynajem lub do zamieszkania. Cena obejmuję generalny remont wraz z wymianą wszystkich instalacji oraz umeblowaniem i wyposażeniem AGD , w tym indukcja, zmywarka itp. Minuta pieszo do dworca! Ul. Krzywa to wyjątkowa, kultowa wręcz brukowana uliczka zlokalizowana przy samym Dworcu oraz Placu Andrzeja! Bardzo urokliwa, ustronna oraz cicha uliczka, która jednakowo znajduje się w Ścisłym Śródmieściu Katowic. Świetna lokalizacja inwestycyjna nadająca się idealnie pod najem Długo oraz Krótko-Terminowy typu Booking, Airbnb itp. Na ulicy znajdują się miejsca takie jak : Nowo otwarta Winiarnia oferująca włoskie produkty, ekskluzywny zakład krawiecki itp. W najbliższej odległości również wszelkie inne niezbętne punkty usługowe. Za budynkiem Parking za bramą na pilota - wielka zaleta zwłaszcza w centrm. Świetny widok z okien na Śródmieście - Praktycznie wszystkie kamienice na tej ulicy posiadają odnowione elewacje. Na ulicy rosną również drzewa Mieszkanie w rewitalizowanej Kamienicy: -Nowa Klatka schodowa, -Nowe piony Wodno-Kanalizacyjne -Nowa instalacja elektryczna z licznikiem 3-fazowym na każde mieszkanie -Nowa kotłownia wraz z rozprowadzeniem nowej instalacji miejskiego ogrzewania -Nowe Pokrycie Dachu, -Nowe okna, -Piwnice, Komórki) Remont mieszkań obejmuje: - nowa instalacja elektryczna/hydrauliczna w całym mieszkaniu - ogrzewanie Miejskie! - ścianki działowe - gładzie na ścianach - malowanie - okna plastikowe - nowe drzwi wejściowe antywłamaniowe - drzwi wewnętrzne -panele / salon -kuchnia na wymiar z pełnym wyposażeniem AGD - łazienka -płytki kuchnia/łazienka - Zabudowa oraz wszystkie meble i sprzęty są zawarte w cenie mieszkania. -Możliwość zakupu mieszkania bez wyposażenia (łóżko szafki szafy sofa stolik itd) Dodatkowo możliwość dokupienia na własność: -Piwnicy -Komórki lokatorskiej W razie pytań proszę o kontakt telefoniczny: [numer] Treść niniejszego ogłoszenia nie stanowi oferty handlowej w rozumieniu Kodeksu Cywilnego.",,tak,,plastikowe,własność,Wyposażenie: zmywarka,50.25535,19.0162
Katowice Śródmieście,ul. Andrzeja Mielęckiego,3,71,479000,6746.0,Pośrednik,,9,https://adresowo.pl/o/mieszkanie-katowice-srodmiescie-ul-andrzeja-mieleckiego-3-pokojowe-i7g0s6,https://s2.adresowa.pl/oi/21/17/3166c6_6e4d_cover@2x-3-pokojowe-mieszkanie-katowice-srodmiescie-ul-andrzeja-mieleckiego.webp,Katowice Śródmieście,Andrzeja Mielęckiego,2,,kamienica,,"Do sprzedania mieszkanie 3-pokojowe zlokalizowane w odnowionej kamienicy przy ulicy Mielęckiego w ścisłym centrum Katowic, w bezpośrednim sąsiedztwie ulic Mariackiej oraz Dworcowej. Mieszkanie można podzielić na Dwa Osobne Mieszkania Mieszkanie składa się z WC, Łazienki, Kuchni, Przedpokoju oraz trzech przestronnych pokoi. Piękna Odnowiona Kamienica z zadbaną klatką schodową oraz schludnym i zadbanym podwórkiem. Okna wychodzą na stronę podwórka dzięki czemu mieszkanie jest ciche. Kamienica po termomodernizacji. Do mieszkania przynależy Piwnica. Jest możliwość wjazdu do bramy oraz parkowania na zamkniętym Parkingu. Świeżo wymieniona instalacja miejskiego ogrzewania oraz wstawione nowe grzejniki. Mieszkanie w stanie do remontu. Pełna własność. Biuro pobiera prowizję od strony kupującej. Zapraszam do kontaktu telefonicznego: [numer] Treść niniejszego ogłoszenia nie stanowi oferty handlowej w rozumieniu Kodeksu Cywilnego.",,,,plastikowe,własność,,50.25828,19.02477
Katowice os. Tysiąclecia,al. Bolesława Krzywoustego,4,135,1590000,11778.0,bez pośredników,,3,https://adresowo.pl/o/mieszkanie-katowice-os-tysiaclecia-al-boleslawa-krzywoustego-4-pokojowe-l7h0a5,https://s2.adresowa.pl/oi/71/57/3d6478_2f86_cover@2x-4-pokojowe-mieszkanie-katowice-os-tysiaclecia-al-boleslawa-krzywoustego.webp,Katowice os. Tysiąclecia,Bolesława Krzywoustego,11,2011.0,blok,,"Wyjątkowy, przestronny, jasny apartament o powierzchni 135 m², położony na 11. piętrze nowoczesnego budynku z 2011 roku na prestiżowym Osiedlu Tysiąclecia w Katowicach. To mieszkanie wyróżnia się panoramicznym widokiem na Park Śląski i staw Maroko, który pozostanie niezmienny – w najbliższym sąsiedztwie nie powstanie zabudowa, która przesłoni widok. Atuty apartamentu 4 duże pokoje, w tym przestronny 50 metrowy salon 2 łazienki z podgrzewaną podłogą osobna pralnia ekspozycja wschodnia, południowa i zachodnia - słońce w mieszkaniu przez cały dzień 2 tarasy / balkony 11 dużych okien, w tym 3 okna panoramiczne od podłogi do sufitu (150 x 230 cm) przestrzeń wypełniona naturalnym światłem tylko 4 mieszkania na piętrze – cisza i prywatność dodatkowe przeszklone drzwi oddzielające klatkę schodową od drzwi do mieszkania spokojni, życzliwi sąsiedzi apartament bardzo ciepły - niskie rachunki za ogrzewanie miejsce postojowe w garażu podziemnym komórka lokatorska wygodnie położona przy wejściu do budynku, na parterze, w odległości 4 metrów od windy Budynek rok budowy: 2011 12 pięter, 2 duże windy, podziemne garaże, parking zewnętrzny, budynek i parking ogrodzone z estetyczną zielenią wokół na parterze przy wejściu do klatki schodowej apteka (Apteka Słoneczna) w odległości 100 m od budynku: przychodnia, szkoła, przedszkole, stomatologia, fryzjer, barber, piekarnie, sklepy, targ, punkty gastronomiczne, poczta Lokalizacja wejście do Parku Śląskiego przy Żyrafie - 50 m od budynku 400 m do głównej bramy ZOO; 300 m do Wesołego Miasteczka Legendia; 1,5 km do Stadionu Śląskiego; 1,8 km do Planetarium Śląskiego przystanki komunikacji miejskiej w pobliżu (w odległości 80 m) tramwaj do centrum Katowic (przystanek w odległości 100 m) rozwinięta infrastruktura usługowa i rekreacyjna gwarancja braku przyszłej zabudowy w sąsiedztwie doskonała komunikacja z DTŚ (2 minuty) i autostradą A4 (5 min) Dodatkowe informacje Na tym etapie sprzedaż bez pośredników – brak prowizji Cena Apartament z miejscem postojowym w garażu podziemnym oraz wygodną komórką położoną przy wejściu do budynku - 4m od windy: 1 590 000 zł",tak,,osobna,,własność,,50.275683,18.976918
Katowice Bogucice,al. Walentego Roździeńskiego,3,60,520000,8667.0,bez pośredników,,1,https://adresowo.pl/o/mieszkanie-katowice-bogucice-al-walentego-rozdzienskiego-3-pokojowe-o9e8u2,https://s2.adresowa.pl/oi/6c/40/3d6230_8927_cover@2x-3-pokojowe-mieszkanie-katowice-bogucice-al-walentego-rozdzienskiego.webp,Katowice Bogucice,Walentego Roździeńskiego,17,1978.0,blok,,"Witam, mieszkanie z pięknym widokiem na Katowice , do sprzedaży od 1maja , już można oglądać po uprzednim umówieniu się Tel [numer] ,dziękuję. zdjęcia udostępnię później.",tak,,osobna,plastikowe,własność,,50.260155,19.036656
Katowice Józefowiec,ul. Tomasza Kotlarza 9,3,49,380000,7755.0,bez pośredników,,11,https://adresowo.pl/o/mieszkanie-katowice-jozefowiec-ul-tomasza-kotlarza-3-pokojowe-w4q5o6,https://s2.adresowa.pl/oi/67/78/3d568a_e45a_cover@2x-3-pokojowe-mieszkanie-katowice-jozefowiec-ul-tomasza-kotlarza.webp,Katowice Józefowiec,Tomasza Kotlarza 9,3,1970.0,blok,,"Bezpośrednio ! na sprzedaż 3-pokojowe, funkcjonalne mieszkanie o powierzchni 49,6 m² zlokalizowane w spokojnej i cichej okolicy w Katowicach. Najważniejsze informacje: • Powierzchnia: 49,6 m ² • Liczba pokoi: 3 • Piętro 3 w budynku 4 -piętrowym • Rok budowy – 1970 • Do odświeżenia • Układ pomieszczeń:  salon  dwie sypialnie  łazienka  osobna toaleta (WC)  dwa korytarze  balkon • do lokalu należy również piwnica o powierzchni 2,83 m² • Ekspozycja okien: na dwie strony świata – mieszkanie jest jasne i dobrze oświetlone • Mieszkanie znajduje się w cichej i spokojnej okolicy, idealne dla rodzin oraz osób ceniących komfort życia z dala od miejskiego zgiełku • W najbliższym otoczeniu znajdują się :  Sklepy  Apteki  Szkoły  Przedszkola  punkty usługowe  Przychodnie lekarskie  Tereny zielone  Dogodna komunikacja miejska Cena do rozsądnej negocjacji. Mieszkanie znajduje się w blisko Parku Śląskiego, C.H. Silesia City Center (10 minut pieszo).",tak,,osobna,plastikowe,spółdzielcze własnościowe,,50.279624,19.008501
Katowice,ul. Adama Mickiewicza,4,115,859000,7470.0,Pośrednik,,12,https://adresowo.pl/o/mieszkanie-katowice-ul-adama-mickiewicza-4-pokojowe-q0v2r6,https://s2.adresowa.pl/oi/51/33/2f7b50_7619_cover@2x-4-pokojowe-mieszkanie-katowice-ul-adama-mickiewicza.webp,Katowice ,Adama Mickiewicza,parter,,kamienica,,Do sprzedania 4-Pak inwestycyjny o powierzchni łącznej 115m2 zlokalizowany na wysokim parterze w kamienicy przy ulicy Mickiewicza w Ścisłym Centrum Katowic obok Rynku. Kamienica po termomodernizacji oraz remoncie klatki schodowej. Nieruchomość świeżo po generalnym remoncie wraz z wymianą wszystkich instalacji. Mieszkania w pełni wyposażone w Aneksy kuchenne oraz Łazienki z prysznicami. Nieruchomość składa się z 4 niezależnych mieszkań : 1. Mikro Kawalerka z Balkonem na stronę podwórza - do wynajęcia w cenie min 1300 zł + opłaty 2. Kawalerka z oknami na ul. Mickiewicza - do wynajęcia w cenie min 1700 zł + opłaty 3. Większa Kawalerka z oknami na ul. Mickiewicza - do wynajęcia w cenie min 2000 zł + opłaty 4. Mieszkanie z osobną Kuchnią na stronę podwórza - do wynajęcia w cenie min 2500 zł + opłaty Prognozowane ROI na poziomie 10% Ogrzewanie gazowe. Pełna własność. Prowizja biura nieruchomości. Zapraszam do kontaktu telefonicznego: [numer] Treść niniejszego ogłoszenia nie stanowi oferty handlowej w rozumieniu Kodeksu Cywilnego.,,,,plastikowe,własność,,50.26174,19.017114
Katowice Śródmieście,ul. Jana Kochanowskiego,4,98,749000,7643.0,Pośrednik,,15,https://adresowo.pl/o/mieszkanie-katowice-srodmiescie-ul-jana-kochanowskiego-4-pokojowe-m4v5f9,https://s2.adresowa.pl/oi/41/6c/2f5f80_ff6a_cover@2x-4-pokojowe-mieszkanie-katowice-srodmiescie-ul-jana-kochanowskiego.webp,Katowice Śródmieście,Jana Kochanowskiego,3,1943.0,kamienica,,"Do sprzedania mieszkanie 4-pokojowe z Dużym Balkonem zlokalizowane w świetnej lokalizacji śródmieścia Katowic przy ulicy Kochanowskiego. Mieszkanie znajduję się na 3 piętrze w 4-piętrowej Zabytkowej Kamienicy. Jedyne Mieszkanie z Balkonem pod Gołym Niebiem. Okna wychodzą na stronę zachodnią. Klatka schodowa po remoncie. Mieszkanie składa się z przedpokoju, łazienki z WC, osobnej kuchni, czterech przestronnych Niezależnych pokoi oraz Dużego balkonu z pięknym widokiem na centrum! Mieszkanie po częściowym remoncie: Ogrzewanie oraz ciepła woda z Pieca Gazowego Dwufunkcyjnego. Świetna inwestycja pod wynajem lub na właśność. Pełna własność. Zapraszam do kontaktu telefonicznego: [numer] Treść niniejszego ogłoszenia nie stanowi oferty handlowej w rozumieniu Kodeksu Cywilnego.",,,,plastikowe,własność,,50.25377,19.01617
Katowice Koszutka,ul. Juliana Ordona,2,34,350000,10294.0,bez pośredników,,9,https://adresowo.pl/o/mieszkanie-katowice-koszutka-ul-juliana-ordona-2-pokojowe-h4l5d9,https://s2.adresowa.pl/oi/20/6e/3d566a_2dc2_cover@2x-2-pokojowe-mieszkanie-katowice-koszutka-ul-juliana-ordona.webp,Katowice Koszutka,Juliana Ordona,11,1960.0,blok,,"Oferuję na sprzedaż przytulne mieszkanie o powierzchni 34,27 m². Znajduje się na wysokim piętrze w bloku z lat 60-tych. Wnętrze jest gotowe do zamieszkania i wyposażone w meble oraz sprzęt AGD, w tym pralkę, lodówkę i piekarnik. Do mieszkania przynależy balkon oraz piwnica. Budynek ma windę, a ogrzewanie jest miejskie. Mieszkanie znajduje się w doskonałej lokalizacji w Katowicach, w dzielnicy Koszutka. W okolicy są liczne punkty usługowe, takie jak sklepy spożywcze, kawiarnie oraz restauracje. Blisko do przystanków komunikacji miejskiej, co ułatwia codzienne dojazdy. W pobliżu znajdują się także tereny zielone, jak Park Powstańców Śląskich oraz Plac Gwarków, SPODEK, NOSPR i wiele innych. Nie zwlekaj! Zadzwoń i umów się na prezentację mieszkania już dziś!",tak,,aneks,plastikowe,własność,"Wyposażenie: lodówkę, piekarnik, pralkę",50.268586,19.025834
Katowice Dąb,ul. Johna Baildona,3,74,965000,13041.0,bez pośredników,,16,https://adresowo.pl/o/mieszkanie-katowice-dab-ul-johna-baildona-3-pokojowe-u3c3c8,https://s2.adresowa.pl/oi/42/4c/3d4f84_3074_cover@2x-3-pokojowe-mieszkanie-katowice-dab-ul-johna-baildona.webp,Katowice Dąb,Johna Baildona,parter,2009.0,blok,,"74m dopracowanej przestrzeni w nowoczesnym budynku z 2009r to propozycja dla tych, którzy szukają czegoś więcej niż ""ładnego wnętrza"". Tu wszystko jest spójne: światło, proporcje i materiały. To mieszkanie ma styl - i co najważniejsze - ma spokój. Centralnym punktem jest przestronny salon z wyjściem do prywatnego ogródka od strony południowej. Światło pracuje tu przez cały dzień, tworząc naturalną scenografię do życia - od porannej kawy po wieczorne kolacje. Otwarta, duża, w pełni wyposażona kuchnia została zaprojektowana z myślą o detalach, których zwykle brakuje - jak chociażby miejsce na chłodziarkę do wina. Dwie komfortowe sypialnie dają prywatność i ciszę, a duży przedpokój wprowadza porządek już od wejścia. Łazienka to osobna historia - elegancka, nowoczesna, dopracowana w każdym detalu. Dodatkowo do dyspozycji jest praktyczna pralnia/garderoba, która realnie porządkuje codzienność. Całość tworzy wnętrze, które nie jest przypadkowe - jest przemyślane. Lokalizacja? Jedna z tych, które ""same się sprzedają"". Katowice-Dąb, ul. Baildona. Prestiżowa dzielnica z pełną infrastrukturą w zasięgu kilku minut. W pobliżu sklepy (CH Silesia), restauracje, Park Śląski. Doskonała komunikacja. Osiedle zamknięte, monitorowane całodobowo. Do mieszkania przynależy komórka lokatorska. Istnieje możliwość dokupienia dwóch miejsc parkingowych w garażu podziemnym.",tak,tak,,plastikowe,własność,,50.270686,19.00084
Katowice Muchowiec,ul. Ignacego Paderewskiego,3,64,806000,12594.0,bez pośredników,,15,https://adresowo.pl/o/mieszkanie-katowice-muchowiec-ul-ignacego-paderewskiego-3-pokojowe-o1n3q8,https://s2.adresowa.pl/oi/79/1a/3d401a_9fc3_cover@2x-3-pokojowe-mieszkanie-katowice-muchowiec-ul-ignacego-paderewskiego.webp,Katowice Muchowiec,Ignacego Paderewskiego,1,2018.0,blok,,"Mieszkanie 3 pokojowe, z dobrym rozkładem, w stanie bardzo dobrym. Status mieszkania: odrębna własność, księga wieczysta. Mieszkanie znajduje się w jednej z najlepszych lokalizacji w Katowicach. To idealne miejsce dla osób, rodzin oczekujących spokoju, bliskości terenów rekreacyjnych (około 100 m od zbiornika wodnego i ścieżek rekreacyjnych). Jednocześnie w bezpośredniej bliskości przedszkola, szkoły, sklepów i punktów usługowych. Bardzo dobry dojazd do centrum Katowic, oraz bliskość węzła komunikacyjnego w kierunku Wrocław, Kraków, Warszawa. Mieszkanie o powierzchni 64,54 m2 składa się z: 1. pokój dzienny 20,24 m2 z balkonem na południe i oknem na wschód; 2. pokój 9,76 m2 (okno na wschód) 3. pokój 10,51 m2 (okno na wschód) 4. kuchnia osobna 9,63 m2 (okno na południe) 5. przestronny przedpokój 8,64 m2 z osobnymi wejściami do każdego pomieszczenia 6. łazienka z oknem 4,28 m2 (w łazience znajduje się piec gazowy) 7. WC 1,48 m2. Mieszkanie jest ciepłe i ciche. Okna z PCV. Ogrzewanie gazowe. Dostępne od zaraz.",,,osobna,plastikowe,własność,,50.25302,19.039001
Katowice Śródmieście,ul. Mikołaja Kopernika,2,49,390000,7959.0,Pośrednik,,14,https://adresowo.pl/o/mieszkanie-katowice-srodmiescie-ul-mikolaja-kopernika-2-pokojowe-s4p3u5,https://s2.adresowa.pl/oi/61/65/2de888_e4f9_cover@2x-2-pokojowe-mieszkanie-katowice-srodmiescie-ul-mikolaja-kopernika.webp,Katowice Śródmieście,Mikołaja Kopernika,3,,kamienica,,Do sprzedania mieszkanie 2-pokojowe w stanie do odświeżenia zlokalizowane na 3 piętrze Pięknej kamienicy na rogu Kościuszki i Kopernika przy samym Pl Miarki. Kamienica po rewitalizacji z piękną klatką schodową. Dodatkowo w kamienicy zostały wymienione wszystkie instalacje oraz dach. Parking za budynkiem dla mieszkańców. Możliwość podziału na dwie kawalerki z niezależnymi wejściami z klatki schodowej. Gaz na klatce. Okna Plastikowe. Pełna własność z czystą KW. Zapraszam do kontaktu telefonicznego: [numer] Treść niniejszego ogłoszenia nie stanowi oferty handlowej w rozumieniu Kodeksu Cywilnego.,,,,,własność,,50.25494,19.01437
Katowice Śródmieście,ul. Jana Kochanowskiego,3,111,895000,8063.0,Pośrednik,,11,https://adresowo.pl/o/mieszkanie-katowice-srodmiescie-ul-jana-kochanowskiego-3-pokojowe-i0o7s6,https://s2.adresowa.pl/oi/26/6f/2b89bc_67a6_cover@2x-3-pokojowe-mieszkanie-katowice-srodmiescie-ul-jana-kochanowskiego.webp,Katowice Śródmieście,Jana Kochanowskiego,1,,kamienica,,"Do sprzedania mieszkanie 3-pokojowe z Balkonem zlokalizowane w świetnej lokalizacji śródmieścia Katowic przy ulicy Kochanowskiego. Mieszkanie znajduję się na 1 piętrze w 4-piętrowej Zabytkowej Kamienicy. Okna wychodzą na stronę zachodnią. Klatka schodowa po remoncie. Mieszkanie składa się z przedpokoju, łazienki z WC, osobnej kuchni, trzech przestronnych Niezależnych pokoi oraz balkonu z pięknym widokiem na centrum! Mieszkanie w trakcie generalnego remontu! M.in. Wymiana wszystkich instalacji, oryginalna odnowiona stolarka drzwiowa, nowe drewniane podłogi, Oryginalna odkryta cegła, łazienka oraz kuchnia po remoncie. Ogrzewanie oraz ciepła woda z Pieca Gazowego Dwufunkcyjnego. Świetna inwestycja pod wynajem lub na właśność. Pełna własność. Zapraszam do kontaktu telefonicznego: [numer] Treść niniejszego ogłoszenia nie stanowi oferty handlowej w rozumieniu Kodeksu Cywilnego.",,,,plastikowe,własność,,50.25421,19.01866
Katowice,Szopienice,1,28,225000,8036.0,bez pośredników,,8,https://adresowo.pl/o/mieszkanie-katowice-szopienice-1-pokoj-28-m2-u2k8s0,https://s2.adresowa.pl/oi/34/1b/3d3948_9de1_cover@2x-1-pokojowe-mieszkanie-katowice-szopienice.webp,Katowice Szopienice,,parter,,blok,,"Na sprzedaż funkcjonalne mieszkanie o powierzchni 28 m², położone na wysokim parterze w spokojnej i zielonej części Katowic - Szopienicach. Lokal składa się z: * jasnego salonu, * kuchni z zabudową, * łazienki, * niewielkiego przedpokoju z szafą. Mieszkanie jest słoneczne przez cały dzień, co znacząco podnosi komfort codziennego użytkowania. Dodatkowym atutem jest widok - naprzeciwko okien znajduje się park oraz plac zabaw, co sprawia, że okolica jest idealna zarówno do odpoczynku, jak i dla rodzin z dziećmi. Stan techniczny: * mieszkanie do odświeżenia według własnych preferencji, * nowa instalacja centralnego ogrzewania (miedź), * wymienione piony kanalizacyjne. W cenie pozostaje całe wyposażenie widoczne na zdjęciach, w tym zabudowa kuchni, co pozwala na szybkie wprowadzenie się lub wynajem bez dodatkowych nakładów. Dodatkowe informacje: * do mieszkania przynależy piwnica, * spokojna, zielona okolica, * dogodna lokalizacja z dostępem do infrastruktury miejskiej. Cena: 225 000 zł",tak,,,,,,50.264892,19.023782
Katowice Śródmieście,ul. Juliusza Słowackiego,1,27,315000,11667.0,bez pośredników,,14,https://adresowo.pl/o/mieszkanie-katowice-srodmiescie-ul-juliusza-slowackiego-1-pokoj-x8v3c3,https://s2.adresowa.pl/oi/6e/4a/3d3620_76bb_cover@2x-1-pokojowe-mieszkanie-katowice-srodmiescie-ul-juliusza-slowackiego.webp,Katowice Śródmieście,Juliusza Słowackiego,3,1900.0,kamienica,,"Apartament inwestycyjny w sercu Katowic | ul. Słowackiego | gotowy do wynajmu Na sprzedaż stylowe, w pełni wyposażone mieszkanie zlokalizowane w absolutnym centrum Katowic - przy ul. Słowackiego. To idealna propozycja dla inwestora lub osoby szukającej kompaktowego apartamentu w topowej lokalizacji. Powierzchnia: 27 m² Piętro: 3 / 5 Cena: 315 000 zł Czynsz: ok. 200 zł --- Standard i wyposażenie Mieszkanie zostało przygotowane w sposób zapewniający maksymalną funkcjonalność i komfort użytkowania. Sprzedawane jest w pełni umeblowane oraz wyposażone - gotowe do zamieszkania lub natychmiastowego wynajmu. - Nowoczesna kuchnia z pełnym AGD - Przemyślany układ przestrzeni - Pełne wyposażenie w cenie - Brak konieczności dodatkowych nakładów finansowych --- Lokalizacja - ścisłe centrum Jedna z najbardziej pożądanych lokalizacji w Katowicach, gwarantująca zarówno wygodę życia, jak i wysoką rentowność najmu. - ok. 200 m do dworca PKP i autobusowego - ok. 400 m do Rynku - W bezpośrednim sąsiedztwie restauracje, kawiarnie, sklepy i komunikacja miejska --- Potencjał inwestycyjny Dzięki swojej lokalizacji oraz standardowi mieszkanie stanowi doskonały produkt inwestycyjny: • Wysoka atrakcyjność najmu krótko- i długoterminowego • Niskie koszty utrzymania (czynsz ok. 200 zł) • Stabilny popyt w centralnej części miasta --- To nieruchomość typu ""kup i zarabiaj"" - bez dodatkowego zaangażowania i kosztów. Zapraszam do kontaktu i umówienia prezentacji.",tak,,,plastikowe,własność,,50.260475,19.015793
Katowice Brynów,ul. Ceglana,3,57,677000,11877.0,bez pośredników,,10,https://adresowo.pl/o/mieszkanie-katowice-brynow-ul-ceglana-3-pokojowe-s3l2g0,https://s2.adresowa.pl/oi/39/6d/3d34c6_443e_cover@2x-3-pokojowe-mieszkanie-katowice-brynow-ul-ceglana.webp,Katowice Brynów,Ceglana,parter,2026.0,blok,,"Sprzedam bardzo atrakcyjne mieszkanie na nowym, prestiżowym osiedlu Ceglana Park (deweloper: DEVELIA) w Katowicach. Mieszkanie zlokalizowane jest na parterze i posiada powierzchnię ponad 57m2. Składa się z 3 pokoi, tarasu i dużego ogródka o powierzchni około 60m2. Mieszkanie jest w stanie deweloperskim. Do mieszkania przynależy miejsce parkingowe w parkingu podziemnym, które nie jest ujęte w cenie mieszkania i kosztuje dodatkowo 38 000 PLN. Bardzo dużym atutem jest lokalizacja osiedla: blisko centrum, ale jednak lekko na uboczu, więc jest bardzo spokojnie. Bardzo blisko znajdują się strategiczne drogi wylotowe na wszystkie kierunki (idealny dojazd). W pobliżu znajdują się też rozległe tereny rekreacyjne i galeria handlowa.",,tak,,plastikowe,własność,,50.244218,19.016307
Katowice Bogucice,skwer Jerzego Kukuczki,2,49,399000,8143.0,bez pośredników,,6,https://adresowo.pl/o/mieszkanie-katowice-bogucice-skwer-jerzego-kukuczki-2-pokojowe-x6a4y5,https://s2.adresowa.pl/oi/51/1c/3d3354_b13a_cover@2x-2-pokojowe-mieszkanie-katowice-bogucice-skwer-jerzego-kukuczki.webp,Katowice Bogucice,skwer Jerzego Kukuczki,4,,blok,,"Na sprzedaż mieszkanie 2 pokoje o powierzchni 49 m2, mieszczące się w bardzo atrakcyjnej lokalizacji - Katowice, osiedle Kukuczki. Osiedle ciche, zadbane. Nieruchomość usytuowana na 4 piętrze w 4-piętrowym bloku po termomodernizacji. Lokal składa się z: - Dużego salonu z wyjściem na duży balkon z pięknym widokiem, - Kuchni z dużym oknem, - Pokoju, który może pełnić funkcję sypialni lub biura, - WC, - Łazienki, - Przestronnego przedpokoju. Do mieszkania przynależy piwnica. Okna PCV - lokal po remoncie (gres w przedpokoju i w kuchni na podłogach, nowy sprzęt AGD, nowe drzwi do pokoi i wejściowe). W mieszkaniu pozostaje wszystko tak, jak widać na zdjęciach. W zasięgu ręki: sklepy, apteka, poczta, żłobek, szkoła, poradnia, przystanki komunikacji miejskiej, Szpital Bonifratrów, park. Mieszkanie ładnie doświetlone, przytulne. W miłym sąsiedztwie. Polecam. Kontakt tylko telefoniczny, bez pośredników. Nr tel.",tak,,,,,,50.264892,19.023782
Katowice,pl. Oddziałów Młodzieży Powstańczej,3,105,769000,7324.0,Pośrednik,,7,https://adresowo.pl/o/mieszkanie-katowice-pl-oddzialow-mlodziezy-powstanczej-3-pokojowe-i9h1m2,https://s2.adresowa.pl/oi/4a/3c/2b89b2_5845_cover@2x-3-pokojowe-mieszkanie-katowice-pl-oddzialow-mlodziezy-powstanczej.webp,Katowice ,pl. Oddziałów Młodzieży Powstańczej,parter,,kamienica,,"Do sprzedania nieruchomość podzielona na 3 niezależne mieszkania 2-pokojowe zlokalizowana w kamienicy przy ulicy Oddziałów Młodzieży Powstańczej w centrum Katowic, blisko rynku. Kamienica po Termomodernizacji z zadbaną klatką schodową. Każde z mieszkań jest w tej chwili wynajęte. Każde mieszkanie w pełni umeblowane oraz wyposażone. Każde z mieszkań posiada własne liczniki wody ciepłej/zimnej oraz energii elektrycznej. Mieszkanie świeżo po generalnym remoncie. Doskonała lokalizacja w ścisłym centrum Katowic daje możliwość wynajmu zarówno zwykłego jak i krótko-terminowego. Pełna własność. Zapraszam do kontaktu telefonicznego: [numer] Treść niniejszego ogłoszenia nie stanowi oferty handlowej w rozumieniu Kodeksu Cywilnego.",,,,plastikowe,własność,,50.256719,19.016013
Katowice Piotrowice,ul. Bażantów,2,40,467000,11675.0,bez pośredników,,2,https://adresowo.pl/o/mieszkanie-katowice-piotrowice-ul-bazantow-2-pokojowe-o6f6w5,https://s2.adresowa.pl/oi/69/72/3d2a9c_672c_cover@2x-2-pokojowe-mieszkanie-katowice-piotrowice-ul-bazantow.webp,Katowice Piotrowice,Bażantów,2,2017.0,blok,,"Mieszkanie jest bardzo ustawne i wygodne w codziennym użytkowaniu. Zachodnia ekspozycja zapewnia dobre doświetlenie popołudniami, a widok na zieleń i ogródki działkowe daje większe poczucie przestrzeni i prywatności. Lokalizacja: Na Osiedlu Bażantów jest spokojnie, bezpiecznie, na nogach parę kroków do Rezerwatu Przyrody Ochojec. W pobliżu znajduje się Biedronka, Stokrotka, punkty usługowe, restauracje, tereny spacerowe oraz szybki wyjazd w kierunku centrum miasta i tras wylotowych. Dodatkowe informacje: - mieszkanie idealne do zamieszkania od razu lub jako zakup inwestycyjny - wyposażony aneks kuchenny: piekarnik, lodówka, płyta indukcyjna, zmywarka, pochłaniacz - klimatyzacja Sinclair - w łazience pralka - ładny widok na zieleń (strona zachód) - mniejszy pokój wyposażony w dwie szafy PAX - wspaniali sąsiedzi - za dodatkową opłatą miejsce postojowe w garażu podziemnym stanowi duży atut Cena: 467 000 zł Miejsce postojowe w garażu podziemnym dodatkowo płatne 20 000 zł. Zapraszam do kontaktu i umówienia prezentacji.",,,aneks,,własność,"Wyposażenie: klimatyzacja, lodówka, piekarnik, pralka, zmywarka",50.198801,18.984622
Katowice Brynów,ul. Brynowska,2,45,385000,8556.0,bez pośredników,,7,https://adresowo.pl/o/mieszkanie-katowice-brynow-ul-brynowska-2-pokojowe-g2p3g7,https://s2.adresowa.pl/oi/5f/3b/3d25e0_45d0_cover@2x-2-pokojowe-mieszkanie-katowice-brynow-ul-brynowska.webp,Katowice Brynów,Brynowska,10,1980.0,blok,,"Na sprzedaż funkcjonalne i w pełni wyposażone mieszkanie wraz z piwnicą, położone w jednej z najbardziej atrakcyjnych dzielnic Katowic — Brynowie. Lokal znajduje się na 10. piętrze w 11-piętrowym budynku z wielkiej płyty i stanowi świetną propozycję zarówno dla pary, singla, jak i pod inwestycję. Mieszkanie jest w pełni wyposażone i gotowe do zamieszkania bez dodatkowych nakładów finansowych. Mieszkanie składa się z dwóch niezależnych, nieprzechodnich pokoi, dzięki czemu jest wygodne i bardzo ustawne. Z salonu prowadzi wyjście na balkon. Salon umeblowany stylowymi meblami ""Bawaria"" w bardzo dobrym stanie. Komplet wypoczynkowy przeszedł kompleksową renowację tapicerską. W 2023 roku zamontowano klimatyzację, która zapewnia komfort w upalne dni. Łazienka po generalnym remoncie w 2020 roku. Kuchnia wykonana na wymiar, wyposażona w lodówkę (zakupiona w 2025 roku), zmywarkę, piekarnik oraz funkcjonalną zabudowę (szafki, szuflady, cargo). Przedpokój z zabudowaną szafą na wymiar oraz pawlaczem. Sypialnia po generalnym remoncie w 2020 roku — meble na wymiar. Okna skierowane na zachód, z dala od ruchliwych ulic, co zapewnia ciszę, spokój oraz ładny widok. Dodatkowym atutem jest korytarz oddzielony dodatkowymi drzwiami, co zwiększa prywatność i bezpieczeństwo. Do dyspozycji mieszkańców jest również zamykane pomieszczenie wspólne na piętrze. Lokalizacja pozwala na wygodne funkcjonowanie bez samochodu — bezpośrednio pod blokiem znajduje się przystanek autobusowy, a w odległości 3 minut pieszo przystanek tramwajowy. W około 10 minut można dojść do Centrum Przesiadkowego Brynów, co zapewnia szybki dojazd do centrum Katowic i innych części miasta. W pobliżu znajdują się tereny zielone — Park Kościuszki oraz Dolina Trzech Stawów — idealne do spacerów i aktywnego wypoczynku. W najbliższej okolicy dostępna jest pełna infrastruktura: przedszkole, sklepy (m.in. Aldi), piekarnia/bistro oraz siłownia. Mieszkanie dostępne od 01.06.2026. Niniejsze ogłoszenie nie stanowi oferty w rozumieniu art. 66 §1 Kodeksu cywilnego i ma charakter wyłącznie informacyjny. Dziękuję za zainteresowanie ofertą. Uprzejmie proszę o kontakt wyłącznie osoby prywatne — nie jestem zainteresowany współpracą z biurami nieruchomości.",tak,,osobna,,,"Wyposażenie: lodówkę, piekarnik, zmywarkę",50.236019,18.994866
Katowice,ul. gen. Kazimierza Pułaskiego,3,62,720000,11613.0,bez pośredników,,4,https://adresowo.pl/o/mieszkanie-katowice-ul-gen-kazimierza-pulaskiego-3-pokojowe-p2c8o4,https://s2.adresowa.pl/oi/55/45/3d24c2_503f_cover@2x-3-pokojowe-mieszkanie-katowice-ul-gen-kazimierza-pulaskiego.webp,Katowice ,gen. Kazimierza Pułaskiego,4,2021.0,apartamentowiec,,"OFERTA SPRZEDAŻY MIESZKANIA – Katowice, ul. Pułaskiego 19 - Dolina Trzech Stawów Na sprzedaż nowoczesne mieszkanie w stanie deweloperskim o powierzchni 62,38 m², położone na 4. piętrze (5. kondygnacja) w budynku mieszkalnym przy ul. Kazimierza Pułaskiego 19 w Katowicach. Budynek został oddany do użytkowania w 2021 roku przez JHM DEVELOPMENT S.A. --- 📐 Parametry nieruchomości Numer lokalu: 113 Powierzchnia użytkowa: 62,38 m² Piętro: 4 (piąta kondygnacja nadziemna) Liczba pokoi: 3 Stan: deweloperski Rok zakończenia budowy: 2021 Forma własności: odrębna własność lokalu z udziałem w nieruchomości wspólnej --- 🏢 Układ pomieszczeń Mieszkanie składa się z: salonu z aneksem kuchennym, dwóch niezależnych pokoi, łazienki, przedpokoju, dwóch przestronnych balkonów. Miejsca parkingowego w garażu podziemnym (platforma parkiift dolny poziom o powierzchni 13,13m2 oznaczone numerem 59) Układ mieszkania jest funkcjonalny, a duże przeszklenia zapewniają doskonałe doświetlenie wnętrza. --- 🌳 Opis inwestycji Inwestycja przy ul. Pułaskiego to nowoczesny budynek wielorodzinny zlokalizowany w cichej i dobrze skomunikowanej części Katowic. W bezpośrednim sąsiedztwie znajdują się: sklepy, restauracje, szkoły, przedszkola, tereny rekreacyjne i ścieżki rowerowe, przystanki komunikacji miejskiej. Budynek wyposażony jest w: windę, miejsca postojowe w garażu podziemnym (możliwość dokupienia), komórki lokatorskie, domofon i monitoring. --- ⚙️ Standard wykończenia (stan deweloperski): ściany przygotowane do malowania, rozprowadzona instalacja elektryczna i teletechniczna, instalacja wodno-kanalizacyjna, ogrzewanie z sieci miejskiej, okna PCV o wysokich parametrach izolacyjnych, drzwi antywłamaniowe wejściowe, grzejniki panelowe. --- 💰 Cena sprzedaży: Faktura Vat 720 000 zł z miejscem postojowym w podziemnym garażu (Szczegóły dostępne po kontakcie) --- 📞 Kontakt: W celu uzyskania dodatkowych informacji, przesłania rzutów lokalu lub umówienia prezentacji, prosimy o kontakt: 📧 e-mail: 📞 tel. --- 🏡 Podsumowanie: Nowoczesne, funkcjonalne mieszkanie w stanie deweloperskim w świetnej lokalizacji — idealne dla rodziny, pary lub jako inwestycja pod wynajem.",,tak,,plastikowe,własność,,50.254799,19.041631
Katowice Janów,ul. Zamkowa,2,45,299000,6644.0,bez pośredników,,4,https://adresowo.pl/o/mieszkanie-katowice-janow-ul-zamkowa-2-pokojowe-a3t8c9,https://s2.adresowa.pl/oi/36/34/3d1d06_de50_cover@2x-2-pokojowe-mieszkanie-katowice-janow-ul-zamkowa.webp,Katowice Janów,Zamkowa,4,1975.0,blok,,"Na sprzedaż mieszkanie o powierzchni 45 m2, zlokalizowane w Katowicach - dzielnica Janów. Lokal znajduje się na 4 piętrze i składa się z: - dwóch niezależnych pokoi - kuchni - łazienki - przedpokoju Mieszkanie posiada funkcjonalny układ pomieszczeń, który daje duże możliwości aranżacyjne. Stan mieszkania do odświeżenia lub remontu - w zależności od potrzeb. Dodatkowe informacje: - plastikowe okna - spokojna okolica - dobra komunikacja i dostęp do infrastruktury (sklepy, przystanki, tereny zielone - blisko park Bolina) Zapraszam do kontaktu oraz umówienia się na prezentację mieszkania.",tak,,osobna,plastikowe,własność,,50.242467,19.088521
Katowice Śródmieście,ul. Jana Kochanowskiego,2,46,429000,9326.0,bez pośredników,,20,https://adresowo.pl/o/mieszkanie-katowice-srodmiescie-ul-jana-kochanowskiego-2-pokojowe-f0l5b8,https://s2.adresowa.pl/oi/53/24/3d1be2_e937_cover@2x-2-pokojowe-mieszkanie-katowice-srodmiescie-ul-jana-kochanowskiego.webp,Katowice Śródmieście,Jana Kochanowskiego,4,1906.0,kamienica,,"Szukasz miejsca, które łączy ciszę i spokój z doskonałą lokalizacją w centrum miasta? To mieszkanie spełnia oba te warunki! Lokalizacja: Katowice, ul. Kochanowskiego 6 Mieszkanie znajduje się w wewnętrznej części kamienicy, dzięki czemu jest wyjątkowo ciche, a jednocześnie zaledwie kilka minut dzieli Cię od Rynku, dworca PKP oraz najważniejszych punktów miasta. O mieszkaniu: - powierzchnia całkowita: 54,5 m² (użytkowa: 46,8 m²) - poddasze (kamienica bez windy) - mieszkanie po remoncie - gotowe do wprowadzenia - nowe okna Velux z roletami - eleganckie podłogi z deski barlineckiej Wyposażenie i zabudowa: - wysokiej jakości zabudowy meblowe (lakierowane fronty w sypialni i przedpokoju) - funkcjonalnie zagospodarowane skosy (zabudowane komodami) - w pełni wyposażona kuchnia (pełna zabudowa meblowa fronty lakierowane, blat drewniany) - łazienka wykończona w hiszpańskiej glazurze - w cenie pełne wyposażenie: łóżko, szafki nocne, sofa, stolik, stół z krzesłami, lodówka, zmywarka, piekarnik, płyta indukcyjna Komfort: - ogrzewanie: piec gazowy dwufunkcyjny Beretta - klimatyzacja Haier - idealna na letnie dni Idealne dla: - osób ceniących życie w centrum, ale bez miejskiego hałasu - inwestorów - świetne pod wynajem krótko- i długoterminowy To wyjątkowe mieszkanie łączy klimat kamienicy z nowoczesnym wykończeniem i pełnym wyposażeniem. Wystarczy wejść i zamieszkać lub od razu zacząć zarabiać (mieszkanie idealnie nadaje się na najem długoterminowy lub krótkoterminowy). Skontaktuj się, aby umówić się na prezentację - to miejsce naprawdę warto zobaczyć na żywo! OFERTA BEZPOŚREDNIA - NIE PŁACISZ PROWIZJI",,,,drewniane,własność,"Wyposażenie: klimatyzacja, lodówka, piekarnik, zmywarka",50.255481,19.0198
Katowice Ligota,ul. Koszalińska,3,63,360000,5714.0,bez pośredników,,6,https://adresowo.pl/o/mieszkanie-katowice-ligota-ul-koszalinska-3-pokojowe-f2k7f2,https://s2.adresowa.pl/oi/30/66/3d0f6c_4287_cover@2x-3-pokojowe-mieszkanie-katowice-ligota-ul-koszalinska.webp,Katowice Ligota,Koszalińska,3,1960.0,blok,,"Mieszkanie sprzedaje bezpośrednio jego właściciel - jest to pełna własność (księga wieczysta). Mieszkanie składa się z trzech pokoi, kuchni, przedpokoju, łazienki, ubikacji znajdującej się w osobnym pomieszczeniu oraz z piwnicy. Brak balkonu. Kuchenka i ogrzewacz wody na gaz, ogrzewanie mieszkania elektryczne. W mieszkaniu można zamieszkać bez inwestycji (wszystko jest sprawne). Obejrzenie mieszkania, na tą chwilę, możliwe w weekendy lub dni wolne od pracy.",tak,,osobna,,własność,Wyposażenie: kuchenka,50.222306,18.971861
Katowice Kostuchna,ul. Jana Kściuczyka,3,90,940000,10444.0,bez pośredników,,13,https://adresowo.pl/o/mieszkanie-katowice-kostuchna-ul-jana-ksciuczyka-3-pokojowe-z5l5d9,https://s2.adresowa.pl/oi/2e/47/3d0c2a_7378_cover@2x-3-pokojowe-mieszkanie-katowice-kostuchna-ul-jana-ksciuczyka.webp,Katowice Kostuchna,Jana Kściuczyka,5,2022.0,apartamentowiec,,"OBNIŻONA CENA OFERTY: Przed: 980.000 zł Obecnie: 940.000 zł - możliwość negocjacji ceny Przedstawiam wyjątkowe mieszkanie o powierzchni 90,48 m², położone w nowoczesnym apartamentowcu w Katowicach - dzielnica Kostuchna. Lokal znajduje się na 5 - ostatnim piętrze budynku z dużą windą i posiada taras o powierzchni 70 m², który otacza całe mieszkanie. Układ pomieszczeń: • Przestronny salon z aneksem kuchennym • 2 niezależne pokoje • 2 łazienki • Duży taras dostępny z każdego pomieszczenia • Do mieszkania przynależy prywatne miejsce parkingowe zewnętrzne Standard wykończenia: Mieszkanie ukończone w 2022 roku, wykończone na najwyższym poziomie przy użyciu wysokiej klasy materiałów. Projekt wnętrza został opracowany przez projektanta, a całość wykonano z wyjątkową dbałością o każdy detal. - Pełne umeblowanie wykonane na wymiar przez stolarza - Sprzęty AGD premium (m.in. duża lodówka SMEG) - Klimatyzacja w całym mieszkaniu - Pralka z suszarką w zabudowie - Narożnik o wartości ponad 20 000 zł - Armatura łazienkowa wysokiej klasy Lokalizacja: Mieszkanie znajduje się w skomunikowanej części Katowic - w zasięgu 1 km pełna infrastruktura niezbędna do codziennego życia: sklepy, szkoły, przedszkola, punkty usługowe, tereny rekreacyjne. Szybki dojazd do centrum Katowic, Tychów oraz Mikołowa. Istotne informacje: • Powierzchnia mieszkania: 90,48 m² • Taras: 70 m² • Piętro: 5/5 • Rodzaj budynku: apartamentowiec • Rynek: wtórny • Cena wyjściowa 940.000 zł - istnieje możliwość negocjacji ceny • Komórka lokatorska Możliwość Kupna mieszkania wraz z Najemcami z umową na 2 Lata. Mieszkanie sprzedawane bez pośredników. Zachęcam do kontaktu telefonicznego w celu uzyskania większej ilości informacji, Natalia",tak,tak,aneks,plastikowe,własność,"Wyposażenie: klimatyzacja, lodówka, pralka",50.181306,18.999738
Katowice,Śródmieście,4,97,2370000,24433.0,bez pośredników,,13,https://adresowo.pl/o/mieszkanie-katowice-srodmiescie-4-pokojowe-97-m2-m7g3p0,https://s2.adresowa.pl/oi/7b/72/3cf8c4_6c0c_cover@2x-4-pokojowe-mieszkanie-katowice-srodmiescie.webp,Katowice Śródmieście,,15,2024.0,blok,,"Zamieszkaj w jednej z najbardziej pożądanych lokalizacji w Katowicach i ciesz się spektakularną panoramą miasta każdego dnia. Na sprzedaż wyjątkowy apartament premium, usytuowany na 15. piętrze w prestiżowej inwestycji Pierwsza Dzielnica. To przestrzeń zaprojektowana z myślą o komforcie, estetyce i prywatności, w standardzie rzadko spotykanym na lokalnym rynku. Najważniejsze atuty nieruchomości: - imponująca wysokość pomieszczeń: 300 cm - panoramiczne, aluminiowe przesuwne okna HS w całym apartamencie - widok na Strefę Kultury i zachody słońca nad miastem - prywatny, narożny taras o powierzchni 40 m² dostępny z każdego pomieszczenia - piętro o charakterze penthouse, z ograniczonym dostępem z zewnątrz Przestrzeń dzienna - światło, widok, przestrzeń Centralnym punktem apartamentu jest otwarta, reprezentacyjna strefa dzienna z kuchnią i wyspą, wykończona z wykorzystaniem spieków kwarcowych i wysokiej klasy materiałów. To przestrzeń stworzona zarówno do codziennego życia, jak i przyjmowania gości, gdzie granica między wnętrzem a miastem niemal znika dzięki panoramicznym przeszkleniom. Część prywatna - komfort i funkcjonalność - Master bedroom z widokiem na Strefę Kultury, prywatną łazienką (wanna + prysznic) oraz zabudową stolarską - druga sypialnia do indywidualnej aranżacji - osobna, w pełni zabudowana garderoba z podświetleniem Łazienki - wysoki standard wykończenia - dwie eleganckie łazienki - materiały premium: spieki kwarcowe, wielkoformatowe gresy Marazzi - armatura podtynkowa Treemme, systemy Tece - WC, Bidet, Wanna i dwa prysznice Detale, które robią różnicę - zabudowy stolarskie na wymiar, również z elementami giętymi - ukryte drzwi o wysokości 255 cm - dyskretnie zaprojektowana pralnia - ogrzewanie podłogowe w całym apartamencie (Smart Home) - klimatyzacja Hitachi w każdym pomieszczeniu (4 jednostki) Taras - prywatna przestrzeń z widokiem na miasto Przestronny, 40-metrowy taras stanowi naturalne przedłużenie apartamentu. Cały taras posiada przesuwny system Lumon dzięki, któremu tworzy się ogródek zimowy. Lokalizacja - ścisłe centrum, prestiżowe sąsiedztwo Pierwsza Dzielnica to jedna z najbardziej rozpoznawalnych i cenionych inwestycji w Katowicach. W bezpośrednim sąsiedztwie: - Strefa Kultury (NOSPR, Muzeum Śląskie, MCK, Spodek) - ścisłe centrum miasta, Rynek i Galeria Katowicka - szybki dostęp do A4 i głównych arterii aglomeracji - ścieżki rowerowe prowadzące m.in. do Parku Śląskiego Informacje dodatkowe - komórka lokatorska przynależna do lokalu - 2 miejsca postojowe w garażu podziemnym - dodatkowo płatne 130 000 zł To propozycja dla osób, które szukają nie tylko mieszkania, ale stylu życia, widoku i przestrzeni na najwyższym poziomie.",tak,,,,własność,Wyposażenie: klimatyzacja,50.264892,19.023782
Katowice Muchowiec,ul. gen. Kazimierza Pułaskiego,4,67,1230000,18358.0,bez pośredników,,17,https://adresowo.pl/o/mieszkanie-katowice-muchowiec-ul-gen-kazimierza-pulaskiego-4-pokojowe-j4r9b0,https://s2.adresowa.pl/oi/16/5d/3cd50a_992e_cover@2x-4-pokojowe-mieszkanie-katowice-muchowiec-ul-gen-kazimierza-pulaskiego.webp,Katowice Muchowiec,gen. Kazimierza Pułaskiego,5,2020.0,apartamentowiec,,"Na sprzedaż komfortowe mieszkanie 4 pokojowe z widokiem na staw, na osiedlu Paderewskiego, przy ulicy Pułaskiego, (Twoja Dolina 2 etap) z bezpośrednim wyjściem na staw ""Łąka"". Apartament znajduje się na ostatnim 5 piętrze. Ekspozycja południowo-zachodnia. Mieszkanie jasne, doświetlone, wyposażone w klimatyzację. Wykończenie premium: podłoga drewniana, ogrzewanie podłogowe w łazience, deska kompozytowa na balkonach, drzwi drewniane PORTA. W mieszkaniu znajduje się: salon z aneksem kuchennym, łazienka z prysznicem oraz 3 pokoje. Całość wraz z przedpokojami i korytarzami wynosi ok. 67 m2. Do mieszkania przynależą dwa balkony: większy narożny ok 25 m2 oraz drugi ok. 6 m2. Budynek nowoczesny z 2020 roku, wyposażony w cichobieżne windy, ogrzewanie miejskie, światłowód. Osiedle monitorowane, hala garażowa. Do mieszkania przynależy 1 miejsce postojowe - 50 000 zł. Istnieje możliwość wynajęcia 1-2 dodatkowych miejsc, więc w sumie można postawić nawet 3 samochody. Sprzedaż bezpośrednia od właściciela - brak prowizji. Agentom nieruchomości dziękuję.",,,aneks,,własność,,50.248504,19.040467
Katowice Śródmieście,ul. Zabrska,1,29,520000,17931.0,bez pośredników,,8,https://adresowo.pl/o/mieszkanie-katowice-srodmiescie-ul-zabrska-1-pokoj-g8n9q5,https://s2.adresowa.pl/oi/59/41/3cb2bc_3779_cover@2x-1-pokojowe-mieszkanie-katowice-srodmiescie-ul-zabrska.webp,Katowice Śródmieście,Zabrska,10,,apartamentowiec,,"Sprzedam mieszkania. Katowice, Zabrska 15. W pełni wyposażone, z balkonem.",,,,,,,50.262799,19.012721
Katowice Koszutka,ul. Juliana Ordona,2,50,410000,8200.0,bez pośredników,,8,https://adresowo.pl/o/mieszkanie-katowice-koszutka-ul-juliana-ordona-2-pokojowe-s1j2y7,https://s2.adresowa.pl/oi/73/2f/3cb296_efa0_cover@2x-2-pokojowe-mieszkanie-katowice-koszutka-ul-juliana-ordona.webp,Katowice Koszutka,Juliana Ordona,6,,blok,,"Mieszkanie 50m2, Katowice Koszutka ul. Ordona. W pobliżu Spodek, NOSPR, KTW. Oferta prywatna. W pełni umeblowana i wyposażona. Mieszkanie idealne jsko inwestycja.",,,,,,,50.264892,19.023782
Katowice Brynów,ul. Ligocka,4,85,597000,7024.0,bez pośredników,,6,https://adresowo.pl/o/mieszkanie-katowice-brynow-ul-ligocka-4-pokojowe-x1o6l7,https://s2.adresowa.pl/oi/50/57/3c8dde_96a3_cover@2x-4-pokojowe-mieszkanie-katowice-brynow-ul-ligocka.webp,Katowice Brynów,Ligocka,5,1985.0,blok,,"Chcesz zamieszkać przy Parku Kościuszki? To oferta sprzedaży mieszkania 5 minut od Parku a także przystanku do centrum lub Ligoty/Piotrowic. Ładne, słoneczne mieszkanie 4 pokojowe, świetna lokalizacja ul. Ligocka, spokojna dzielnica, 5 piętro, parking osiedlowy, sklep 3 minuty, przedszkole 1 minuta, przychodnia i apteka 1 minuta. Częściowo umeblowane, po wymianie pionów, klimatyzacja, duży balkon. Budynek ocieplony z początku lat 80-tych, 8 piętrowy, dwie windy. Wraz z mieszkaniem piwnica. Sprzedaż od właściciela. Zapraszam serdecznie do obejrzenia.",tak,,,,własność,Wyposażenie: klimatyzacja,50.236923,18.984066
Katowice os. Witosa,ul. Walerego Sławka,4,84,689000,8202.0,bez pośredników,,3,https://adresowo.pl/o/mieszkanie-katowice-os-witosa-ul-walerego-slawka-4-pokojowe-p8v7m9,https://s2.adresowa.pl/oi/5f/7e/3c8a1e_b0d4_cover@2x-4-pokojowe-mieszkanie-katowice-os-witosa-ul-walerego-slawka.webp,Katowice os. Witosa,Walerego Sławka,parter,1980.0,blok,,"Lokal mieszkalny 4p + kuchnia + piwnica 12,24m2 - pełna własność wraz z gruntem. Mieszkanie z 4 niezależnymi pokojami i ogromnym potencjałem aranżacyjnym. Lokalizacja mieszkania obejmuje możliwość korzystania z dwóch placów parkingowych należących do Wspólnoty Mieszkaniowej, jako części wspólnych wydzielonych szlabanem dla Właścicieli. Koszty ponoszone do WM to opłaty z centralnym ogrzewaniem w wys. 1100zł/mies.",tak,,osobna,plastikowe,własność,,50.265327,18.973895
Katowice,Murcki,2,41,200000,4878.0,bez pośredników,,8,https://adresowo.pl/o/mieszkanie-katowice-murcki-2-pokojowe-41-m2-k3j6f7,https://s2.adresowa.pl/oi/1f/1a/3c8756_c975_cover@2x-2-pokojowe-mieszkanie-katowice-murcki.webp,Katowice Murcki,,parter,,blok,,"Sprzedam mieszkanie o powierzchni 41,3 m². Sprzedaż bezpośrednio od właściciela. Mieszkanie na prawie własności lokalowej w budynku wspólnoty. Opłata miesięczna do wspólnoty około 350 - 400 zł w zależności od zużycia wody. Lokal składa się z dwóch pokoi, które możesz urządzić według własnych potrzeb. Kuchnia do aranżacji np. jako aneks w pokoju. Łazienka do dowolnego zaprojektowania i przebudowy. Ogrzewanie elektryczne, ciepła woda podgrzewana elektrycznie. Do mieszkania przynależy duża piwnica. Okna wymienione na PCV, drzwi wejściowe podwójne, instalacja elektryczna nowa. Gładzie gipsowe nowe. Powłoki malarskie do odnowienia. Mieszkanie znajduje się na parterze w budynku w zabudowie miejskiej. Wnętrze jest jasne, a okna wychodzą na rynek. Lokalizacja jest bardzo wygodna. W pobliżu znajdziesz sklepy, restaurację, które ułatwią codzienne życie. W okolicy są również parki i tereny zielone, idealne na spacery i jazdę rowerem. Komunikacja jest dobrze rozwinięta, a przystanki autobusowe są w zasięgu ręki. Dojazd samochodem do Centrum Katowic około 10 minut.",tak,,,plastikowe,,,50.264892,19.023782
Katowice Kostuchna,ul. Jana Kściuczyka,3,52,520000,10000.0,bez pośredników,,10,https://adresowo.pl/o/mieszkanie-katowice-kostuchna-ul-jana-ksciuczyka-3-pokojowe-b5u3r2,https://s2.adresowa.pl/oi/3c/2d/3c83aa_480e_cover@2x-3-pokojowe-mieszkanie-katowice-kostuchna-ul-jana-ksciuczyka.webp,Katowice Kostuchna,Jana Kściuczyka,parter,2022.0,apartamentowiec,,"Oferuję na sprzedaż 3-pokojowe, w pełni wyposażone mieszkanie w bardzo dobrej i spokojnej lokalizacji: Katowice – Kostuchna. Mieszkanie zlokolizowane jest na prywatnym osiedlu z własną bramą wjazdową, z widokiem na tereny zielone. Nieruchomość położona jest na parterze, nad węzłem ciepłowniczym przez co jest bardzo ciepłe w sezonie zimowym. Mieszkanie ma powierzchnię 52 m2 z bardzo komfortowym i przestronnym rozkładem pomieszczeń. Mieszkanie posiada duży balkon o powierzchni 21m2, który rozciąga się wzdłuż mieszkania zatem wyjście na balkon jest z każdego pomieszczenia. Na mieszkanie składa się: - salon z wydzieloną częścią dzienna i jadalną - sypialnia z dużym łóżkiem oraz garderobą - mniejszy pokój z łóżkiem, może służyć jako dodatkowy pokój bądź gabinet do dowolnej aranżacji - kuchnia z miejscem jadalnym wyposażona w lodówkę z zamrażarką w pełni NoFrost, zmywarkę, piekarnik elektryczny i płytę indukcyjną oraz okap połączony bezpośrednio z wentylacją. - łazienka z kabiną prysznicową, WC - przedpokoju Do mieszkania przynależy prywatne miejsce parkingowe w cenie 20.000 PLN oraz komórka lokatorska 10.000 PLN. Mieszkanie charakteryzuje się bardzo dobrą lokalizacją, w pobliżu pełna infrastruktura oraz liczne tereny rekreacyjne, szybki dojazd do centrum, jak i najważniejszych tras wylotowych. Ponadto w okolicy znajdują się liczne sklepy, przystanek autobusowy, stacja kolejowa, centrum rehabiliacji, szkoła oraz przedszkole. W pobliżu zlokolizowany jest orlik. Ogrzewanie i woda z sieci miejskiej. Budynek posiada łącze światłowodowe oraz telewizję kablową. Zapraszam do kontaktu i oglądania na żywo.",tak,tak,aneks,plastikowe,własność,"Wyposażenie: lodówkę, piekarnik, zmywarkę",50.181306,18.999738
Katowice Dąbrówka Mała,ul. Józefa Grzegorzka,2,51,469000,9196.0,bez pośredników,,20,https://adresowo.pl/o/mieszkanie-katowice-dabrowka-mala-ul-jozefa-grzegorzka-2-pokojowe-l8m8w2,https://s2.adresowa.pl/oi/35/60/3c6cde_fcd0_cover@2x-2-pokojowe-mieszkanie-katowice-dabrowka-mala-ul-jozefa-grzegorzka.webp,Katowice Dąbrówka Mała,Józefa Grzegorzka,1,1991.0,blok,,"Na sprzedaż komfortowe i wyjątkowo przestronne mieszkanie o powierzchni 51,28 m², zlokalizowane w zielonej i spokojnej części Katowic - Dąbrówka Mała, ul. Grzegorzka 14D. Świetna lokalizacja - zaledwie kilka minut do centrum miasta, szybki dojazd do A4, A1 i S86. !!! BEZ PROWIZJI !!! Najważniejsze informacje: • 2 niezależne, ustawne pokoje • osobna, jasna kuchnia z oknem • balkon z widokiem na osiedle • 1 piętro w 4-piętrowym budynku • ogrzewanie miejskie, ciepła woda z sieci • piwnica w cenie • odrębna własność z księgą wieczystą Mieszkanie jest funkcjonalnie rozplanowane: przestronny salon z wyjściem na balkon, duża sypialnia, oddzielna kuchnia oraz bardzo ustawny przedpokój. Łazienka oraz osobne WC świeżo po remoncie. Okna PCV w bardzo dobrym stanie. Kuchnia wykonana na wymiar przez stolarza, wyposażona w pełne AGD: piekarnik, zmywarkę, lodówkę, płytę gazową oraz pochłaniacz. Budynek i osiedle: • budynek po termomodernizacji • zadbane klatki schodowe • niska zabudowa • wewnętrzny parking tylko dla mieszkańców • wjazd na osiedle zabezpieczony szlabanem • dużo zieleni i terenów spacerowych Lokalizacja: W pobliżu: • Park Tysiąclecia (ok. 6 minut) • przystanki autobusowe i tramwajowe • szkoły i przedszkola • sklepy, przychodnie, punkty usługowe • Silesia City Center • IKEA Mieszkanie idealne dla pary, rodziny 2+1, osób starszych lub jako inwestycja pod wynajem. Gotowe do zamieszkania. Zapraszam do kontaktu i umówienia prezentacji. Niniejsze ogłoszenie ma charakter informacyjny i nie stanowi oferty handlowej w rozumieniu przepisów Kodeksu Cywilnego.",tak,,osobna,,własność,"Wyposażenie: lodówkę, piekarnik, zmywarkę",50.278389,19.066984
Katowice Załęże,ul. Gliwicka,2,57,349000,6123.0,bez pośredników,,8,https://adresowo.pl/o/mieszkanie-katowice-zaleze-ul-gliwicka-2-pokojowe-f3a9i8,https://s2.adresowa.pl/oi/7f/4c/3c637a_721b_cover@2x-2-pokojowe-mieszkanie-katowice-zaleze-ul-gliwicka.webp,Katowice Załęże,Gliwicka,2,1921.0,kamienica,,Sprzedam 2-Pokojowe Mieszkanie w Katowicach-Załęże. Idealna lokalizacja.W 2024r zmodernizowane -centralne ogrzewanie*ciepła woda miejska*3-fazowy licznik (siła).Budynek posiada domofon*światłowód *monitoring.Miejsce parkingowe na zamykanym podwórku (pilot).Kontakt [numer].,tak,tak,osobna,plastikowe,własność,,50.268908,18.980895
Katowice Śródmieście,ul. Stawowa,6,120,1790000,14917.0,bez pośredników,,1,https://adresowo.pl/o/mieszkanie-katowice-srodmiescie-ul-stawowa-6-pokojowe-x9z6l8,https://s2.adresowa.pl/oi/6d/19/3c5e30_90f3_cover@2x-6-pokojowe-mieszkanie-katowice-srodmiescie-ul-stawowa.webp,Katowice Śródmieście,Stawowa,2,2011.0,kamienica,,"Na sprzedaż unikatowa, prestiżowa nieruchomość inwestycyjna, składająca się z trzech ekskluzywnych apartamentów, zlokalizowanych na 2. piętrze eleganckiej, czteropiętrowej kamienicy przy kultowej ulicy ul. Stawowa 8 - w absolutnym centrum życia miejskiego. Łączna powierzchnia nieruchomości to 120 m.kw., zaprojektowana z dbałością o każdy detal. Apartamenty zostały wykończone w wysokim, hotelowym 5* standardzie, łącząc nowoczesną estetykę z ponadczasową elegancją. To przestrzeń, która przyciąga wymagających klientów i gwarantuje wysoki poziom obłożenia przez cały rok. Gotowy biznes klasy premium. Nieruchomość została przygotowana z myślą o wynajmie krótkoterminowym i średnioterminowym - stanowi w pełni funkcjonujący, gotowy do przejęcia produkt inwestycyjny, umożliwiający natychmiastowe generowanie przychodu. Idealna propozycja dla inwestora poszukującego bezpiecznej lokaty kapitału w topowej lokalizacji. Najważniejsze atuty: - 3 niezależne, luksusowe apartamenty - wysoki standard wykończenia klasy premium - reprezentacyjna kamienica w ścisłym centrum - prestiżowa i doskonale rozpoznawalna lokalizacja - produkt idealny pod najem krótkoterminowy i biznesowy - brak konieczności dodatkowych nakładów finansowych Ulica Stawowa to serce Katowic - w bezpośrednim sąsiedztwie znajdują się najlepsze restauracje, galerie handlowe, dworzec kolejowy, komunikacja miejska oraz centra biznesowe i kulturalne. To lokalizacja, która sprzedaje się sama i gwarantuje stałe zainteresowanie najemców. Cena: 1 790 000 zł. (Za 3 apartamenty). Oferta dla osób, które cenią prestiż, jakość i pewną stopę zwrotu. Takie nieruchomości pojawiają się na rynku niezwykle rzadko.",,,,,,,50.260828,19.018329
Katowice,Załęże,3,60,430000,7167.0,bez pośredników,,8,https://adresowo.pl/o/mieszkanie-katowice-zaleze-3-pokojowe-60-m2-e2p0z3,https://s2.adresowa.pl/oi/52/46/3c5b0c_55a2_cover@2x-3-pokojowe-mieszkanie-katowice-zaleze.webp,Katowice Załęże,,4,,blok,,"3 pokoje | ok. 60 m² | balkon | Katowice - Załęże Na sprzedaż 3-pokojowe mieszkanie o pow. ok. 60 m² w Katowicach (Załęże). Lokal składa się z: - salonu z częścią jadalnianą, - dwóch sypialni, - oddzielnej kuchni, - łazienki, - przedpokoju. Dodatkowo: - balkon, - piwnica. Mieszkanie jasne, funkcjonalny układ, szafa w zabudowie, gotowe do zamieszkania. Dobra lokalizacja - szybki dojazd do centrum, w pobliżu sklepy i komunikacja miejska. Idealne dla rodziny lub pod inwestycję.",tak,,osobna,,,,50.267344,18.982924
Katowice Koszutka,ul. Alfonsa Górnika,1,32,420000,13125.0,bez pośredników,,17,https://adresowo.pl/o/mieszkanie-katowice-koszutka-ul-alfonsa-gornika-1-pokoj-l5r3v6,https://s2.adresowa.pl/oi/47/4c/3c481e_7105_cover@2x-1-pokojowe-mieszkanie-katowice-koszutka-ul-alfonsa-gornika.webp,Katowice Koszutka,Alfonsa Górnika,parter,,blok,,"Na sprzedaż komfortowe, jednopokojowe mieszkanie z kuchnią o powierzchni 32,1 m², zlokalizowane w jednej z najbardziej cenionych dzielnic Katowic - Koszutka. Idealne zarówno do zamieszkania, jak i jako pewna inwestycja pod wynajem. Układ mieszkania: - przestronny pokój dzienny - 18,5 m² - jasna kuchnia - 9 m² - łazienka - przedpokój Wnętrze zaprojektowane w nowoczesnym, neutralnym stylu - jasne kolory, dębowe blaty i parkiet w jodełkę nadają mieszkaniu elegancki i ponadczasowy charakter. Mieszkanie znajduje się na wysokim parterze w kameralnym, dwu kondygnacyjnym bloku z cegły po termomodernizacji. Stan techniczny - po generalnym remoncie: - wymienione wszystkie instalacje: elektryczna, wodno-kanalizacyjna, grzewcza i gazowa - nowe okna i drzwi - salon: podłoga wodoodporny vinyl jodełka - kuchnia w zabudowie meblowej z dębowymi blatami, w pełni wyposażona w nowy sprzęt AGD: lodówka, pralka, płyta indukcyjna, okap, piekarnik. - łazienka wyposażona w: geberit, prysznic ze szklaną ścianką, umywalkę z szafką oraz armaturę Hansgrohe Mieszkanie gotowe do zamieszkania bez dodatkowych nakładów finansowych. Budynek: - monitoring całodobowy - blok z cegły po termomodernizacji - zadbana klatka schodowa - spokojne, przyjazne sąsiedztwo Dodatkowe atuty: - miejsce parkingowe zabezpieczone blokadą na klucz - zielona, spokojna okolica z terenami spacerowymi - w pobliżu sklepy osiedlowe, markety i pełna infrastruktura - świetna komunikacja z centrum miasta - pieszo 5 minut Dodatkowe informacje: - piwnica ok. 8 m² Czynsz administracyjny: 520 zł, w tym: centralne ogrzewanie, zimna woda i ścieki, koszty eksploatacji oraz fundusz remontowy. Forma własności: pełna własność. Informacje organizacyjne: sprzedaż bezpośrednia. Koszty notarialne ponosi kupujący. Mieszkanie idealne dla singla, pary, jak również jako bezpieczna inwestycja pod wynajem. Zapraszam do kontaktu i umówienia się na prezentację!",tak,tak,,,własność,"Wyposażenie: lodówka, piekarnik, pralka",50.2724,19.022661
Katowice Zawodzie,al. Walentego Roździeńskiego,3,63,480000,7619.0,bez pośredników,,11,https://adresowo.pl/o/mieszkanie-katowice-zawodzie-al-walentego-rozdzienskiego-3-pokojowe-w5y0q2,https://s2.adresowa.pl/oi/67/4c/3c3b8e_8609_cover@2x-3-pokojowe-mieszkanie-katowice-zawodzie-al-walentego-rozdzienskiego.webp,Katowice Zawodzie,Walentego Roździeńskiego,12,,blok,,"Szukałbyś przestronnego mieszkania w Katowicach? Oferuję 63,2 m² na wysokim piętrze w bloku z pełną własnością. - 3 pokoje i separowana kuchnia zapewniają komfort. - Wyposażone w meble, pralkę, lodówkę, kuchenkę i piekarnik. - Balkon i winda dodają wygody. Lokalizacja jest świetnie skomunikowana. W pobliżu znajdziesz: - liczne szkoły, przedszkola i uczelnie. - punkty usługowe, sklepy i centra handlowe. - tereny zielone, parki i place zabaw. - dostęp do komunikacji miejskiej, blisko do dworca i przystanków. Zapraszam do obejrzenia! To idealne miejsce dla osób ceniących wygodę i dobrze skomunikowane osiedle.",,,osobna,plastikowe,własność,"Wyposażenie: kuchenkę, lodówkę, piekarnik, pralkę",50.270233,19.06107
Katowice,ul. Bytkowska,3,64,690000,10781.0,bez pośredników,,8,https://adresowo.pl/o/mieszkanie-katowice-ul-bytkowska-3-pokojowe-x2u9m5,https://s2.adresowa.pl/oi/1d/5f/3c3910_d704_cover@2x-3-pokojowe-mieszkanie-katowice-ul-bytkowska.webp,Katowice ,Bytkowska,parter,2018.0,apartamentowiec,,"TO NIE JEST KOLEJNE NUDNE MIESZKANIE! Szukasz czterech ścian z duszą? Miejsca, które zamiast wysysać energię, ładuje Cię jak najlepsze espresso? Mam dla Ciebie coś soczystego, elektryzującego i totalnie gotowego do zamieszkania! Dlaczego to Twój nowy azyl? Kolorowy zawrót głowy: Zapomnij o wszechobecnej ""szarości i bieli"". To wnętrze tętni życiem! Jest odważnie, energetycznie i z charakterem. Wchodzisz i mieszkasz: Nie trać czasu na ekipy remontowe i użeranie się z kafelkarzami. Pakujesz walizki, robisz herbatę i cieszysz się nowym etapem od PIERWSZEGO dnia. Głowa wolna od ciężarów: Masz gorszy dzień? Przebodźcowanie? Wychodzisz z domu i po chwili jesteś w Parku Śląskim (Chorzowskim). To Twój prywatny ogród na wyciągnięcie ręki - idealny na spacer, bieg czy reset wśród zieleni. Naładuj swoje baterie! To mieszkanie to prawdziwy ""game changer"". Idealne dla kogoś, kto chce żyć dynamicznie, ale potrzebuje miejsca, które uwalnia głowę od codziennych trosk. Lokalizacja: Katowice ul. Bytkowska 117, rzut beretem od Parku! Cena: 690 000 zł (w cenę wliczona jest komórka lokatorska) Metraż: 64 m2 Zainteresowany/a? Nie czekaj, aż ktoś inny sprzątnie Ci tę dawkę energii sprzed nosa! Napisz do mnie i umów się na oglądanie. Udostępnij dalej! Może Twój znajomy właśnie szuka swojego kolorowego miejsca na ziemi? Zadzwoń i umów się na oglądanie.",tak,,,,własność,,50.293951,19.005519
Katowice Giszowiec,ul. Wojciecha,3,55,415000,7545.0,bez pośredników,,10,https://adresowo.pl/o/mieszkanie-katowice-giszowiec-ul-wojciecha-3-pokojowe-a8i3k7,https://s2.adresowa.pl/oi/2a/34/3c22d6_76b4_cover@2x-3-pokojowe-mieszkanie-katowice-giszowiec-ul-wojciecha.webp,Katowice Giszowiec,Wojciecha,parter,,blok,,"Mieszkanie 55m na wysokim parterze, 3 niezależne pokoje i widna osobna kuchnia. Mieszkanie zadbane w niskim bloku z dużym parkingiem. Dogodna lokalizacja, blisko przedszkole, żłobek, szkoła, przychodnia i sklepy osiedlowe oraz Biedronka i Lidl. Mieszkanie niedaleko centrum Katowic, z dobrym dojazdem w kilka minut.",,,osobna,,,,50.22183,19.062632
Katowice Śródmieście,ul. Zabrska,1,27,430000,15926.0,bez pośredników,,7,https://adresowo.pl/o/mieszkanie-katowice-srodmiescie-ul-zabrska-1-pokoj-r7v3w4,https://s2.adresowa.pl/oi/63/73/3c1f72_7cc5_cover@2x-1-pokojowe-mieszkanie-katowice-srodmiescie-ul-zabrska.webp,Katowice Śródmieście,Zabrska,5,,apartamentowiec,,"Na sprzedaż komfortowe mieszkanie jednopokojowe z aneksem kuchennym oraz balkonem, zlokalizowane w nowoczesnym budynku o wysokim standardzie w centrum Katowic przy ul. Zabrskiej 15. Lokal jest funkcjonalnie zaprojektowany, jasny i gotowy do zamieszkania. Idealny dla singla, pary, jak i jako inwestycja pod wynajem. Do mieszkania przynależy miejsce postojowe w hali garażowej. Cena miejsca postojowego 50 000 zł.",,tak,aneks,,,,50.262799,19.012721
Katowice Bogucice,ul. Henryka Mikołaja Góreckiego,4,79,1340000,16962.0,bez pośredników,,15,https://adresowo.pl/o/mieszkanie-katowice-bogucice-ul-henryka-mikolaja-goreckiego-4-pokojowe-q5f1r0,https://s2.adresowa.pl/oi/6b/12/3c1cb2_8903_cover@2x-4-pokojowe-mieszkanie-katowice-bogucice-ul-henryka-mikolaja-goreckiego.webp,Katowice Bogucice,Henryka Mikołaja Góreckiego,8,2021.0,blok,,"WIDOK, KTÓREGO NIE DA SIĘ STRACIĆ - 1 LINIA ZABUDOWY | 4 POKOJE | 2 TARASY | KOMÓRKA W CENIE Cena obejmuje również komórkę lokatorską - 4,74 m², co realnie obniża cenę za m² samego mieszkania, tj. 1 649,82zl/1 m². [ogłoszenie prywatne] Sprzedam wyjątkowy apartament w Pierwszej Dzielnicy w Katowicach, położony w pierwszej linii zabudowy - co oznacza jedno: !!przed oknami nie powstanie żaden blok!! Apartament nigdy nie był zamieszkany - jest w stanie niemal jak nowy. Z okien widok na: Strefę Kultury, Muzeum Śląskie, centrum Katowic, a przy dobrej pogodzie nawet góry. MIESZKANIE 79,16 m2 4 pokoje (salon + 3 sypialnie) 8 piętro / 11 ekspozycja południe + wschód (bardzo jasne) STANDARD Wykończone w stylu nowoczesnego Art Deco: dębowa jodełka Kaczkan łazienki - WOW Design eleganckie, spójne wnętrze w stylu ""hotelowym"" 2 TARASY (zabudowa Lumon) balkon narożny 9,35 m2 loggia 7,85 m2 (widok na Strefę Kultury) Można korzystać praktycznie cały rok. DODATKOWE INFORMACJE ogrzewanie miejskie (kanałowe) przygotowanie pod klimatyzację wysokość 2,7 m czynsz ok. 970 zł W CENIE komórka lokatorska 4,74 m2 (wartość 22 000 zł) ——— Możliwość zakupu miejsca w garażu: 60 000 zł LOKALIZACJA 10 min pieszo do centrum obok Strefa Kultury świetna komunikacja prestiżowa inwestycja z ochroną DLA KOGO Dla osób, które szukają: widoku, którego nie da się ""zabudować"" gotowego, dopracowanego wnętrza topowej lokalizacji w Katowicach Zapraszam do kontaktu i obejrzenia mieszkania Dostępne od zaraz Jestem otwarta na rozmowę przy poważnej i przemyślanej ofercie. Cena została skorygowana - zależy mi na sprawnej sprzedaży. [ogłoszenie prywatne] Treść niniejszego ogłoszenia nie stanowi oferty handlowej w rozumieniu Kodeksu Cywilnego.",tak,tak,,plastikowe,własność,,50.277987,19.1268
Katowice Ligota,ul. Kołobrzeska,2,36,385000,10694.0,bez pośredników,,19,https://adresowo.pl/o/mieszkanie-katowice-ligota-ul-kolobrzeska-2-pokojowe-q0d3u1,https://s2.adresowa.pl/oi/65/16/3bf3ca_9940_cover@2x-2-pokojowe-mieszkanie-katowice-ligota-ul-kolobrzeska.webp,Katowice Ligota,Kołobrzeska,3,1960.0,blok,,"Mieszkanie jest obecnie wynajęte i sprawdza się idealnie jako inwestycja! Przedstawiam piękne mieszkanie po generalnym remoncie, idealne jako inwestycja lub do zamieszkania. Położone w spokojnej i zielonej okolicy Ligoty, Katowice. Opis mieszkania: Powierzchnia: 36 m². Lokalizacja: 3. piętro w 3-piętrowym budynku po termomodernizacji, z zadbaną klatką schodową i dużym balkonem. Dodatki: Do mieszkania przynależy piwnica o powierzchni około 5 m². Układ: Dwa pokoje, widna kuchnia, korytarz, łazienka. Z okien rozpościera się widok na zielony dziedziniec. Wyposażenie: Kuchnia: umeblowana, wyposażona w lodówkę, zmywarkę, płytę indukcyjną, piekarnik, okap i czajnik elektryczny. Salon: rozkładana dwuosobowa kanapa, stolik kawowy, stół, dwa krzesła, szafka RTV. Sypialnia: podwójne łóżko 160 cm, szafa 150 cm, balkon. Łazienka: szafka z umywalką, prysznic, toaleta, pralka, bojler elektryczny. Remont: W mieszkaniu wymieniono wszystkie instalacje, wykonano gładzie, nowe wylewki oraz podłogi. Wszystkie pomieszczenia są gotowe do wprowadzenia się. Usunięto całkowicie gaz, w mieszkaniu dostępny jest i użytkowany światłowód ORANGE. Cechy nieruchomości: Komfortowy rozkład: Duży jasny salon oraz przestronna sypialnia, która może być przekształcona w dwie osobne sypialnie. Kuchnia: Przestronna, w pełni funkcjonalna. Łazienka: Ergonomiczna i funkcjonalna. Balkon: Duży, idealny do wypoczynku. Ogrzewanie: Miejskie. Woda: Ogrzewana z bojlera elektrycznego. Miejsca parkingowe: Liczne miejsca przed i za budynkiem. Opłaty: Czynsz (wraz z ogrzewaniem, wodą, opłatą za śmieci, funduszem remontowym) wynosi około 700 zł. Dodatkowe opłaty za prąd według liczników. Media: Prąd, woda, kanalizacja, możliwość podłączenia telefonu, telewizji kablowej. Lokalizacja: Centrum Ligoty: Wszystko blisko (patrz: mapka). Śląski Uniwersytet Medyczny: 10 minut pieszo. Dworzec PKP Ligota: 5 minut pieszo, przystanek autobusowy. Blisko strategicznych punktów miasta: Centra handlowe (Libero), przystanki komunikacji miejskiej. W okolicy: Sklepy, punkty usługowe, szkoły, przedszkola-żłobki, szpitale. Łatwy dostęp do trasy A4: 5 minut jazdy, szybka komunikacja. Bezpieczeństwo: Wejście do klatki schodowej zabezpieczone domofonem. Mieszkanie z wygodnym układem, w świetnej lokalizacji będzie doskonałym miejscem do życia lub sprawdzi się jako inwestycja. Masz pytania? Napisz lub zadzwoń!",tak,,osobna,,własność,"Wyposażenie: lodówkę, piekarnik, pralka, tv, zmywarkę",50.221025,18.973352
Katowice Muchowiec,ul. Francuska,3,78,1147000,14705.0,bez pośredników,,11,https://adresowo.pl/o/mieszkanie-katowice-muchowiec-ul-francuska-3-pokojowe-h4u3l5,https://s2.adresowa.pl/oi/21/57/3bf388_cd0b_cover@2x-3-pokojowe-mieszkanie-katowice-muchowiec-ul-francuska.webp,Katowice Muchowiec,Francuska,1,2017.0,apartamentowiec,,"Oferuję na sprzedaż przestronne mieszkanie o powierzchni 78 m², znajdujące się na pierwszym piętrze w nowoczesnym budynku z 2017 roku. Dodatkowo, do mieszkania przynależy miejsce parkingowe w garażu. Mieszkanie składa się z: - Kuchni z salonem - 39m2. Część kuchenna została wykonana na wymiar z lakierowanymi frontami oraz systemem szafek BLUM. Piekarnik Samsung z funkcją mikrofalówki, lodówka Samsung no frost, płyta indukcyjna Samsung oraz zmywarka Elektrolux. W salonie znajduje się duża, wygodna kanapa z funkcją spania, stała zabudowa z regałem na książki z frontami lakierowanymi i telewizorem Samsung. Pomieszczenie ma ponad 20 punktów świetlnym, wspaniałą tapetę na ścianie reprezentacyjnej oraz klimatyzacją. - Sypialnia 1 - 12m2. W sypiali znajduje się łóżko tapicerowane 160x200cm, szafa na wymiar z lakierowanymi frontami oraz toaletka. Na ścianach ręcznie robione ozdoby i sztukateria. - Sypialnia 2 - 10,8m2. Pokój dziecięcy z łóżeczkiem tapicerowanym 100x200cm, komodą, biurkiem i szafa z IKEA. - Łazienka - 5,6m2. Stała zabudowa za toaletą oraz pod umywalką, gdzie ukryta jest pralka Samsung ecobuble. Fronty lakierowane. Prysznic walk in bez brodzika. - Korytarz - 10m2. W korytarzu znajdują się dwie szafy. Pierwsza przy wejściu na kurtki i buty, oraz druga większa przy łazience z przesuwanymi drzwiami. - Balkon - 7,1m2. Od strony południa z meblami z technoratanu. Lokalizacja w Osiedlu Paderewskiego-Muchowiec zapewnia bliskość do licznych punktów usługowych i rekreacyjnych. W pobliżu znajdują się: - Parki trzy stawy - Przedszkola, szkoły i uczelnie wyższe - Restauracje i kawiarnie - CH trzy stawy - Przystanki komunikacji miejskiej - Obiekty sportowe i fitness.",,,,plastikowe,własność,"Wyposażenie: lodówka, piekarnik, pralka, telewizor, zmywarka",50.241611,19.028281
Katowice Śródmieście,ul. Sokolska,2,36,540000,15000.0,bez pośredników,,8,https://adresowo.pl/o/mieszkanie-katowice-srodmiescie-ul-sokolska-2-pokojowe-t0r5w6,https://s2.adresowa.pl/oi/4f/48/3bf1ce_5431_cover@2x-2-pokojowe-mieszkanie-katowice-srodmiescie-ul-sokolska.webp,Katowice Śródmieście,Sokolska,8,,apartamentowiec,,"Oferuję na sprzedaż gotowca inwestycyjnego Premium w nowoczesnym budynku Sokolska Towers 30 w Centrum Katowic, o powierzchni 36 m². To 2-pokojowe mieszkanie znajduje się na 8. piętrze apartamentowca. Mieszkanie jest umeblowane, co pozwala na szybkie wprowadzenie się. Wysoka jakość wykończenia i duże okna zapewniają dużo naturalnego światła. Lokalizacja mieszkania jest bardzo atrakcyjna. Znajduje się w centrum miasta, blisko licznych punktów usługowych, restauracji i kawiarni. W pobliżu znajdują się tereny zielone. Dobre połączenia komunikacyjne ułatwiają codzienne dojazdy. W budynku jest siłownia, sauna, zielony taras, ochrona 24 h. Komórka lokatorska dodatkowo płatna 20 000 zł. Miejsce postojowe - opcja dodatkowa 90 000 zł. Nie czekaj, umów się na prezentację i przekonaj się, że to mieszkanie jest idealne dla Ciebie! Na Żywo wygląda obłędnie.",tak,tak,,,,,50.265275,19.018708
Katowice,Ligota,5,83,745000,8976.0,bez pośredników,,19,https://adresowo.pl/o/mieszkanie-katowice-ligota-5-pokojowe-83-m2-j7q7j7,https://s2.adresowa.pl/oi/6e/7d/3bf0e4_289c_cover@2x-5-pokojowe-mieszkanie-katowice-ligota.webp,Katowice Ligota,,parter,2017.0,apartamentowiec,,"Na sprzedaż komfortowe, w pełni urządzone mieszkanie o powierzchni 83,10 m², zlokalizowane w zielonej części Katowic. To idealne miejsce zarówno do zamieszkania, jak i pod wynajem inwestycyjny. Mieszkanie znajduje się na parterze w dwupiętrowym apartamentowcu. Teren wokół niego jest monitorowany, ogrodzony i zamykany bramą sterowaną z pilota. Mieszkanie zostało wykończone we wrześniu 2020 roku, użyto w tym celu materiałów wysokiej klasy. Apartament składa się z 5 niezależnych pokoi, przestronnej kuchni (pełne wyposażenie AGD: piekarnik, lodówka, płyta indukcyjna) z jadalnią, przestronnym przedpokojem oraz dwiema niezależnymi łazienkami (każda z łazienek wyposażona w kabinę prysznicową, toaletę i umywalkę z lustrem). Dodatkowym atutem mieszkania jest system rekuperacji, ogrzewanie podłogowe na całej jego powierzchni, prywatny 25m² taras. Apartament znajduje się w miejscu, które łączy w sobie atuty spokojnej lokalizacji z wygodnym dostępem do infrastruktury miejskiej. To również propozycja dla inwestorów - ze względu na stabilny popyt na wynajem w tej części Katowic. Do mieszkania przynależy duża komórka lokatorska w kwocie 10 000 zł. Miejsce parkingowe w podziemnej hali garażowej w kwocie 40 000 zł.",tak,tak,osobna,plastikowe,własność,"Wyposażenie: lodówka, piekarnik",50.264892,19.023782
Katowice,Zawodzie,3,59,445000,7542.0,bez pośredników,,8,https://adresowo.pl/o/mieszkanie-katowice-zawodzie-3-pokojowe-59-m2-f0c2o9,https://s2.adresowa.pl/oi/58/32/3be892_3f98_cover@2x-3-pokojowe-mieszkanie-katowice-zawodzie.webp,Katowice Zawodzie,,7,,blok,,"Oferuję na sprzedaż mieszkanie z trzema pokojami, kuchnią i łazienką z oddzielną toaletą. Usytuowane jest na 7. piętrze w bloku. Nieruchomość pochodzi z rynku wtórnego. Powierzchnia wynosi ok. 60 m2. Dodatkowo do mieszkania przynależy komórka lokatorska w piwnicy. Przy bloku znajduje się parking dla mieszkańców, który jest monitorowany, aby zapobiec parkowaniu przypadkowych osób. Mieszkanie znajduje się w dogodnej lokalizacji, blisko centrów edukacyjnych, takich jak Uniwersytet Ekonomiczny w Katowicach, oraz licznych szkół.",tak,,,,,,50.264892,19.023782
Katowice Piotrowice,ul. Rzepakowa,3,57,670000,11754.0,bez pośredników,,2,https://adresowo.pl/o/mieszkanie-katowice-piotrowice-ul-rzepakowa-3-pokojowe-b5r7f1,https://s2.adresowa.pl/oi/34/72/3bdc26_aeb2_cover@2x-3-pokojowe-mieszkanie-katowice-piotrowice-ul-rzepakowa.webp,Katowice Piotrowice,Rzepakowa,3,2026.0,apartamentowiec,,"Sprzedam nowe mieszkanie w stanie deweloperskim na osiedlu ""Dobrynów"" w Katowicach przy ulicy Rzepadowej. Mieszkanie znajduje się na 3 piętrze z oknami w kierunku południowo-zachodnim. Mieszkanie składa się z 3 pokoi, salonu z aneksem kuchennym, łazienki i dodatkowego pomieszczenia na pralnię i toaletę. Dodatkowo do mieszkania przynależy miejsce postojowe w hali garażowej, miejsce postojowe zewnętrzne oraz komórka lokatorska do zakupu za dodatkową opłatą. Klucze do odebrania od zaraz.",tak,tak,aneks,,własność,,50.223752,18.994585
Katowice Szopienice,ul. Osiedlowa,3,63,399000,6333.0,bez pośredników,,8,https://adresowo.pl/o/mieszkanie-katowice-szopienice-ul-osiedlowa-3-pokojowe-a7n7q2,https://s2.adresowa.pl/oi/11/53/3bc146_2781_cover@2x-3-pokojowe-mieszkanie-katowice-szopienice-ul-osiedlowa.webp,Katowice Szopienice,Osiedlowa,parter,1979.0,blok,,"Sprzedam mieszkanie 3-pokojowe na ul. Osiedlowej w Katowicach. Mieszkanie znajduje się na wysokim parterze w bloku 10-piętrowym. Budynek jest po generalnym remoncie. Atuty mieszkania: - Doskonała lokalizacja, blisko szkoła, przedszkola, sklepy. - W niedalekiej odległości znajdują się stawy oraz tereny rekreacyjne, idealne miejsce dla rodzin z dziećmi oraz osób szukających mieszkania w spokojnej, zielonej części Katowic. - Mieszkanie posiada rolety antywłamaniowe. Zapraszam do kontaktu.",tak,,osobna,plastikowe,własność,,50.266237,19.1006
Katowice Ligota,ul. Władysława Orkana,2,54,599000,11093.0,bez pośredników,,7,https://adresowo.pl/o/mieszkanie-katowice-ligota-ul-wladyslawa-orkana-2-pokojowe-h9u3e7,https://s2.adresowa.pl/oi/12/44/3bc120_9f65_cover@2x-2-pokojowe-mieszkanie-katowice-ligota-ul-wladyslawa-orkana.webp,Katowice Ligota,Władysława Orkana,3,,apartamentowiec,,"Na sprzedaż: komfortowy apartament na strzeżonym osiedlu. Oferuję na sprzedaż nowoczesny i komfortowy apartament, zlokalizowany na trzecim piętrze w budynku z windą, na terenie zamkniętego i strzeżonego osiedla. Mieszkanie składa się z: * przestronnego salonu z aneksem kuchennym, * przytulnej sypialni, * łazienki, * balkonu. Dodatkowe atuty: * klimatyzacja, * bardzo dobre doświetlenie dzięki ekspozycji południowej i zachodniej, * mieszkanie ciepłe i energooszczędne, * możliwość zakupu miejsca postojowego w garażu podziemnym w cenie 50 000 zł.",,,aneks,,własność,Wyposażenie: klimatyzacja,50.22961,18.988011
Katowice Dąb,ul. Złota,2,45,570000,12667.0,bez pośredników,,12,https://adresowo.pl/o/mieszkanie-katowice-dab-ul-zlota-2-pokojowe-m8d2s2,https://s2.adresowa.pl/oi/6a/19/3b9ea6_3368_cover@2x-2-pokojowe-mieszkanie-katowice-dab-ul-zlota.webp,Katowice Dąb,Złota,2,2019.0,apartamentowiec,,"Bez Pośredników! Oferta prywatna! Nie ponosisz dodatkowych kosztów biura nieruchomości! Na sprzedaż mieszkanie - apartament. Powierzchnia 45,86m2, salon z kuchnią, hol, sypialnia, łazienka oraz balkon - loggia o powierzchni 5,90m2. Kompleksowo urządzone, przestronne i umeblowane, ze wszystkimi sprzętami, garnkami itp - wchodzisz i mieszkasz. Nowe budownictwo. Świetna lokalizacja z szybkim dojazdem do DTŚ oraz A4. 700m od centrum handlowego Silesia City Center. Bezpośrednio przy Parku Śląskim obok Wesołego Miasteczka - Legendia. Miejsce postojowe w garażu podziemnym przynależne do mieszkania w cenie 70 tys. Opłaty: - Czynsz do wspólnoty (fundusz eksploatacyjny+remontowy) 300,00 zł - Zaliczka na ogrzewanie 350 zł (rozliczane później wg zużycia) - Śmieci w zależności od ilości osób - Woda i prąd wg zużycia (ciepła woda miejska)",,,aneks,plastikowe,własność,,50.274378,18.995895
Katowice Koszutka,al. Wojciecha Korfantego,2,49,420000,8571.0,bez pośredników,,16,https://adresowo.pl/o/mieszkanie-katowice-koszutka-al-wojciecha-korfantego-2-pokojowe-m8c7w5,https://s2.adresowa.pl/oi/5b/20/3b8052_9745_cover@2x-2-pokojowe-mieszkanie-katowice-koszutka-al-wojciecha-korfantego.webp,Katowice Koszutka,Wojciecha Korfantego,3,,,,"Świetna lokalizacja - 1km do Strefy Kultury/Spodka. Przystanek autobusowy i tramwajowy 100m od klatki. Budynek po termomodernizacji. Mieszkanie do własnej aranżacji. Nowa instalacja elektryczna (przystosowana do przyłącza trójfazowego), nowa instalacja wod-kan. Do każdego pokoju wyprowadzone po dwa gniazda RJ 45 kat. 6, a pomiędzy klatką i centralą teletechniczną peszel pod światłowód. Ogrzewanie miejskie, wszystkie grzejniki mają nowe zawory termostatyczne i odcinające oraz każdy został wyposażony w matę odbijającą promieniowanie IR. Mieszkanie przystosowane do technologii wykonania ""one floor"". Pozostało wykonać gładzie. Cały osprzęt elektryczny, drzwi oraz zestaw podtynkowy firmy grohe (zdjęcia) oraz znajdujące się w mieszkaniu meble wliczone w cenę. Do mieszkania przynależy komórka lokatorska. Poglądowy schemat układu funkcjonalnego mieszkania znajduje się w galerii. Cena 420 000zł do negocjacji.",tak,,,,,,50.2779,19.021306
Katowice Ligota,ul. Urocza,3,68,590000,8676.0,bez pośredników,,11,https://adresowo.pl/o/mieszkanie-katowice-ligota-ul-urocza-3-pokojowe-n6z4w9,https://s2.adresowa.pl/oi/60/2a/3b7da0_b7f6_cover@2x-3-pokojowe-mieszkanie-katowice-ligota-ul-urocza.webp,Katowice Ligota,Urocza,parter,1995.0,apartamentowiec,,"Sprzedam mieszkanie Katowice-Sadyba, ul. Urocza 7a. Mieszkanie jest w stanie ogólnym dobrym, na podłodze parkiet dębowy, nie wymaga cyklinowania. Mieszkanie z wyjściem bezpośrednio na zewnątrz, z dużym balkonem, położone bezpośrednio przy dużym kompleksie leśnym. Jest możliwość dokupienia garażu. Sprzedaje właściciel.",,tak,osobna,plastikowe,własność,,50.233314,18.952607
Katowice,Szopienice,2,50,270000,5400.0,bez pośredników,,7,https://adresowo.pl/o/mieszkanie-katowice-szopienice-2-pokojowe-50-m2-h0u8k2,https://s2.adresowa.pl/oi/1a/57/3b5cc6_62e9_cover@2x-2-pokojowe-mieszkanie-katowice-szopienice.webp,Katowice Szopienice,,1,,blok,,"Zamieszkaj w przytulnym mieszkaniu o powierzchni 50 m² w Katowicach. Posiada oddzielną kuchnię, balkon i piwnicę. Mieszkanie znajduje się na pierwszym piętrze w trzypiętrowym bloku z cegły. Wnętrza są jasne, z białymi ścianami i drewnianą podłogą w salonie. Kuchnia jest wyposażona w kuchenkę i piekarnik. Łazienka ma prysznic, toaletę i umywalkę. Mieszkanie ma dostęp do internetu, telewizji kablowej i telefonu. Centralne ogrzewanie miejskie zapewnia komfort przez cały rok. Bezpieczeństwo zapewnia domofon. Na zewnątrz czeka balkon z widokiem na drzewa. Lokalizacja jest świetna dla rodzin i studentów. W pobliżu znajdziesz przedszkola, szkoły, uczelnie, parki i tereny rekreacyjne. W okolicy są liczne sklepy, supermarkety, apteki oraz punkty usługowe. Do najbliższego przystanku autobusowego dojdziesz w kilka minut. W pobliżu znajdują się także stacje kolejowe i tramwajowe. Nie zwlekaj, umów się na prezentację i zamieszkaj w wygodnym miejscu już dziś!",tak,,osobna,,,"Wyposażenie: internet, kuchenkę, piekarnik",50.264892,19.023782
Katowice os. Tysiąclecia,ul. Zawiszy Czarnego,3,53,449000,8472.0,bez pośredników,,10,https://adresowo.pl/o/mieszkanie-katowice-os-tysiaclecia-ul-zawiszy-czarnego-3-pokojowe-b6f1c4,https://s2.adresowa.pl/oi/63/5e/3b528e_8aa3_cover@2x-3-pokojowe-mieszkanie-katowice-os-tysiaclecia-ul-zawiszy-czarnego.webp,Katowice os. Tysiąclecia,Zawiszy Czarnego,8,1989.0,blok,,"Posiadam do sprzedania trzypokojowe mieszkanie - Katowice, os. Tysiąclecia przy ul. Zawiszy Czarnego. Powierzchnia mieszkania: 53,10 mkw. + komórka lokatorska na piętrze (ok. 3,6 mkw.). Jeden pokój jest pomieszczeniem przejściowym. Do mieszkania przylegają dwa balkony. Mieszkanie znajduje się na 8. piętrze. Stan mieszkania: do generalnego remontu. Forma własności: odrębna własność. Czynsz do spółdzielni mieszkaniowej: 800 zł (z zaliczką na centralne ogrzewanie). W bloku znajdują się trzy windy, które zatrzymują się na każdym piętrze. Budynek po termomodernizacji. Ogrzewanie centralne i ciepła woda z sieci miejskiej (brak gazu). W razie pytań zachęcam do kontaktu. Oferta od właściciela.",tak,,osobna,plastikowe,własność,,50.278644,18.977349
Katowice,Podlesie,4,75,800000,10667.0,bez pośredników,,8,https://adresowo.pl/o/mieszkanie-katowice-podlesie-4-pokojowe-75-m2-e9c0p0,https://s2.adresowa.pl/oi/35/13/3b4ee6_a474_cover@2x-4-pokojowe-mieszkanie-katowice-podlesie.webp,Katowice Podlesie,,parter,,apartamentowiec,,"Szukasz miejsca, które od progu wita ciepłem i funkcjonalnością? To mieszkanie o powierzchni 75m2, położone na wysokim parterze na os. Konwaliowa Dolina w Katowicach - Podlesie, idealne dla rodziny z dziećmi. Mieszkanie jest bardzo ustawne i słoneczne. W jego skład wchodzą: - Przestronny salon z aneksem kuchennym - Taras idealny do odpoczynku - Cicha i przytulna sypialnia z dużą szafą - Przedpokój z wydzieloną garderobą - Łazienka z wanną - Dwa pokoje dzienne - Pomieszczenie gospodarcze z piecem dwufunkcyjnym i pompą ciepła Mieszkanie jest gotowe do zamieszkania. Apartament ma założoną fotowoltaikę, elektryczne rolety w każdym oknie oraz alarm. Co warto podkreślić, na tarasie w 2025 roku zostały wymienione panele. Do mieszkania przynależą 2 miejsca postojowe w garażu podziemnym. Lokalizacja to jedna z najmocniejszych stron tej nieruchomości. Konwaliowa Dolina to bezpieczne, zamknięte osiedle w południowych Katowicach. Przystanek autobusowy znajduje się zaraz przy osiedlu.",,tak,aneks,,,,50.264892,19.023782
Katowice Śródmieście,ul. Stanisława Moniuszki,2,43,650000,15116.0,bez pośredników,,6,https://adresowo.pl/o/mieszkanie-katowice-srodmiescie-ul-stanislawa-moniuszki-2-pokojowe-k5y4v2,https://s2.adresowa.pl/oi/47/38/3b3e82_f854_cover@2x-2-pokojowe-mieszkanie-katowice-srodmiescie-ul-stanislawa-moniuszki.webp,Katowice Śródmieście,Stanisława Moniuszki,2,,blok,,"Posiadam na sprzedaż mieszkanie w centrum Katowic, dzielnica Śródmieście, ul. Moniuszki 14. Mieszkanie składa się z: - dwóch przestronnych pokoi (jeden pokój połączony z dużym balkonem) - kuchni - łazienki - korytarza. Mieszkanie jest usytuowane na drugim piętrze w osiedlu zamkniętym z bramą na pilot i domofonem. W bloku znajduje się winda. Do mieszkania przynależy miejsce parkingowe oraz piwnica. Media: gaz, ogrzewanie miejskie, opomiarowanie wody, ciepła woda. Forma własności nieruchomości to własność, księga wieczysta. Więcej informacji pod nr tel.",tak,tak,,,,,50.26067,19.024639
Katowice Śródmieście,ul. Raciborska,5,96,670000,6979.0,bez pośredników,,5,https://adresowo.pl/o/mieszkanie-katowice-srodmiescie-ul-raciborska-5-pokojowe-m4l0h4,https://s2.adresowa.pl/oi/61/5a/3b36e6_f418_cover@2x-5-pokojowe-mieszkanie-katowice-srodmiescie-ul-raciborska.webp,Katowice Śródmieście,Raciborska,2,1908.0,kamienica,,"Na sprzedaż lokal o łącznej powierzchni 96m2. Lokal składa się z 5 w pełni wyposażonych pokoi, 2 oddzielnych łazienek, 2 balkonów oraz oddzielnej dużej kuchni. Dodatkowe udogodnienia to miejsce parkingowe w oficynie zamykane na szlaban z pilotem oraz duża piwnica. Wszystkie pokoje są aktualnie wynajęte. Lokal znajduje się w sercu Katowic, przy ulicy Raciborskiej. Lokalizacja ta zapewnia świetną komunikację i duży popyt na wynajem. Bliskość 3 uczelni wyższych zwiększa zainteresowanie najemców. Możliwy jest wynajem krótkoterminowy z uwagi na bliskość Katowickiego centrum onkologii. Na ten moment lokal jest wynajmowany długoterminowo przez studentów.",tak,,osobna,,własność,,50.256646,19.004972
Katowice Ligota,ul. Harcerska,3,60,530000,8833.0,bez pośredników,,8,https://adresowo.pl/o/mieszkanie-katowice-ligota-ul-harcerska-3-pokojowe-x5i0b2,https://s2.adresowa.pl/oi/70/21/3b2d4c_dce2_cover@2x-3-pokojowe-mieszkanie-katowice-ligota-ul-harcerska.webp,Katowice Ligota,Harcerska,parter,,blok,,"Na sprzedaż mieszkanie w dzielnicy Ligota w Katowicach. Mieszkanie znajduje się na ulicy Harcerskiej, wysoki parter. Pomieszczenia: Przedpokój Salon Kuchnia Sypialnia x2 Łazienka WC Mieszkanie jest w dobrym stanie, nowa kanalizacja, okna PCV, nowa podłoga, nowa kuchnia, nowa zabudowa przedpokoju, nowy prysznic. Ogrzewanie miejskie. Brak obciążeń. Mieszkanie własnościowe. Dostępne od 1.04.2026.",,,,,,,50.22047,18.965347
Katowice,ul. Gliwicka,2,49,279000,5694.0,bez pośredników,,9,https://adresowo.pl/o/mieszkanie-katowice-ul-gliwicka-2-pokojowe-s3n0s1,https://s2.adresowa.pl/oi/29/20/3b2ca6_5d11_cover@2x-2-pokojowe-mieszkanie-katowice-ul-gliwicka.webp,Katowice ,Gliwicka,3,1935.0,kamienica,,"MIESZKANIE 49 m2 - 2 pokojowe Rozkład: duży przestronny salon 26m2 (z możliwością podziału ścianką na 3-4 pokoje), sypialnia ok.10m2, kuchnia (meble kuch), przedpokój, łazienka. Wyposażenie: kuch. gaz., lodowka, kociol gazowy 2 funkcyjny (w.ciepla+ogrzewanie), na podłodze panele i nowe plastikowe okna Umeblowanie - pojemna szafa z drzwiami przesuwnymi, łóżka Bardzo dogodna lokalizacja ok. ul Gliwicka (rejon MAKRO) Katowice, obok wylotówka na A4 i DTŚ, 25 minut piechota do Centrum, dogodne połączenie tramwajem do IMAX-a i Centrum, bezposredni autobus pod Silesia City C. i Park Ślaski, Zadbana kamienica III piętro Atutem jest niski czynsz administracyjny ok 200zł oraz ewentualna możliwość w przyszłości adaptacji strychu i stworzenia 2 poziomowego mieszkania z dodatkowa przestrzenią po akceptacji wspolnoty. Kupno bliźniaczego mieszkania obok daje także możliwość połączenia mieszkań i zrealizowania własnej koncepcji wielkoprzestrzennej (np. przebudowy na duże studio) cena 279 000 (do neocjacji) tel. (w sytuacji gdy nie moge odebrac prosze o zapytanie sms-em z dopiskiem - sprzedaz Gliwicka)",tak,,osobna,plastikowe,własność,Wyposażenie: lodowka,50.26737,18.98591
Katowice,ul. Panewnicka,3,55,470000,8545.0,bez pośredników,,9,https://adresowo.pl/o/mieszkanie-katowice-ul-panewnicka-3-pokojowe-m3g6v4,https://s2.adresowa.pl/oi/4d/40/3b1dac_71ff_cover@2x-3-pokojowe-mieszkanie-katowice-ul-panewnicka.webp,Katowice ,Panewnicka,2,1980.0,blok,,"lLokal w dobrym stanie, odświeżony ok. rok temu. Obecnie wynajmowany – generuje ok. 1 800 zł netto miesięcznie (po kosztach zarządzania) - całkowicie pasywny dochód dzięki dobremu zarządcy. Jest możliwość własnego zarządzania wtedy dochód będzie o ok. 20 % większy! ✔ niski czynsz do wspólnoty – ok. 450 zł ✔ stabilni lokatorzy ✔ pełna dokumentacja najmu ✔ wysoka stopa zwrotu inwestycji ok. 4,5 % w ciągu roku Idealny jako gotowy produkt inwestycyjny – dochód od pierwszego dnia! Dodatkowo w cenie duże pomieszczenie piwniczne o powierzchni ok. 15 m2! Okolica zielona z wieloma udogodnieniami jak sklepy, szkoły, basen itd. Dobra lokalizacja gwarantuje stałych klientów i przychody. Pod budynkiem również spory parking",tak,,,,,,50.229748,18.94685
Katowice,ul. Zabrska,2,42,590000,14048.0,bez pośredników,,5,https://adresowo.pl/o/mieszkanie-katowice-ul-zabrska-2-pokojowe-i2v6n6,https://s2.adresowa.pl/oi/73/78/3b1d4e_62cc_cover@2x-2-pokojowe-mieszkanie-katowice-ul-zabrska.webp,Katowice ,Zabrska,5,,apartamentowiec,,"Witam. Posiadam do sprzedania mieszkanie dwupokojowe wraz z miejscem postojowym w garażu podziemnym, znajdujące się w Katowicach przy ul. Zabrskiej 15. Mieszkanie jest częściowo wykończone, tzn.: Łazienka: praktycznie gotowa (do zamontowania pozostaje lustro, kinkiet i szafka pod umywalką). Salon z aneksem kuchennym: wykonane przeróbki elektryczne i hydrauliczne wraz z malaturą pomieszczenia. W trakcie wykonywania meble kuchenne zgodnie z projektem wizualizacji na zdjęciu. Wyposażenie do kuchni (chłodziarko-zamrażarka, płyta indukcyjna, piekarnik i zmywarka) zakupione. Stół wraz z krzesłami do jadalni. Oświetlenie linowe wykonane. Do zakończenia pozostaje blat kuchenny wraz ze zlewem i baterią. Do wykończenia ściana nad blatem i lampa nad wyspą. Brak paneli podłogowych, drzwi, sofy, TV, półki pod TV, rolet/zasłon. Brak szafy w holu. Pokój w stanie deweloperskim.",,tak,aneks,,,"Wyposażenie: piekarnik, tv, zmywarka",50.262799,19.012721
Katowice Szopienice,ul. Józefy Kantorówny,3,83,439000,5289.0,bez pośredników,,7,https://adresowo.pl/o/mieszkanie-katowice-szopienice-ul-jozefy-kantorowny-3-pokojowe-g5d3e1,https://s2.adresowa.pl/oi/2b/59/3b1334_c5f4_cover@2x-3-pokojowe-mieszkanie-katowice-szopienice-ul-jozefy-kantorowny.webp,Katowice Szopienice,Józefy Kantorówny,parter,1900.0,kamienica,,"Oferuję mieszkanie na parterze o powierzchni 83 m². Znajdziesz tu jasny salon, oddzielną kuchnię i dwie sypialnie. Wnętrza są urządzone w nowoczesnym stylu, z wysokiej jakości wykończeniem. W pełni wyposażone w sprzęty AGD, meble i media. Mieszkanie po remoncie jest gotowe do zamieszkania. Lokalizacja znajduje się w dzielnicy Szopienice. W pobliżu jest dostęp do licznych placówek edukacyjnych, takich jak szkoły i przedszkola. W okolicy znajdują się także parki i tereny rekreacyjne, idealne na spacery i wypoczynek. Mieszkanie znajduje się w centrum dzielnicy, skąd bliski dostęp do różnych sklepów m.in. Biedronka, Lidl. Bliskość przystanków komunikacji miejskiej ułatwia dojazd do centrum Katowic i innych części miasta. Zainteresowany? Zapoznaj się z ofertą i umów się na oglądanie już dziś!",tak,,osobna,,własność,,50.263226,19.096783
Katowice Ligota,ul. Świdnicka,2,52,360000,6923.0,bez pośredników,,18,https://adresowo.pl/o/mieszkanie-katowice-ligota-ul-swidnicka-2-pokojowe-x8f7r8,https://s2.adresowa.pl/oi/25/69/3af27e_8cfb_cover@2x-2-pokojowe-mieszkanie-katowice-ligota-ul-swidnicka.webp,Katowice Ligota,Świdnicka,2,1982.0,blok,,"Na sprzedaż przestronne, dwustronne mieszkanie o powierzchni 52,86 m², zlokalizowane w Katowicach przy ul. Świdnickiej. Lokal znajduje się na 2. piętrze budynku wielorodzinnego i posiada dwa balkony, co jest rzadko spotykanym atutem. W ogłoszeniu dostępny jest wirtualny spacer, dzięki któremu można obejrzeć mieszkanie online przed umówieniem wizyty. Układ pomieszczeń (obecnie): - pokój dzienny - sypialnia - dodatkowy pokój (zaaranżowany z dawnej kuchni) - aneks kuchenny w niewielkim korytarzu. - przedpokój - łazienka - 2 balkony Możliwość przywrócenia pierwotnego układu: Dawna kuchnia została przekształcona w osobny pokój, natomiast aneks kuchenny przeniesiono do korytarzyka. Instalacje pozwalają na szybkie i łatwe przywrócenie pierwotnego układu z dużą, oddzielną kuchnią. Daje to kupującemu wybór między układem 2-pokojowym z dużą kuchnią a układem 3-pokojowym. Stan mieszkania: Mieszkanie jest do remontu lub odświeżenia, w zależności od potrzeb kupującego. Idealnie sprawdzi się dla osób, które chcą urządzić wnętrze według własnej wizji. Koszty mediów - listopad 2025: Łączny czynsz: 1 008,07 zł W tym: Media - 768,62 zł - Centralne ogrzewanie: 751,14 zł - Zimna woda: 7,43 zł /1m3 - Kanalizacja: 10,05 zł /1m3 Eksploatacja - 133,73 zł - Eksploatacja: 126,86 zł - Wynagrodzenie zarządcy: 6,87 zł Fundusz remontowy - 105,72 zł Lokalizacja i otoczenie: Mieszkanie znajduje się w spokojnej, dobrze skomunikowanej części Katowic, z szybkim dostępem do infrastruktury usługowej, edukacyjnej i handlowej. Sklepy i usługi: - Żabka - ul. Świdnicka 23 - kilka minut pieszo - DHL POP / punkt odbioru paczek - ul. Świdnicka 23 - bardzo blisko - Biedronka - ul. Zielonogórska 1 - w niedalekiej odległości od mieszkania Duże sklepy dyskontowe (Biedronka, Lidl, Aldi) są łatwo dostępne w okolicy. Edukacja: - Szkoła Podstawowa nr 34 im. Mikołaja Kopernika - ul. Zielonogórska 3 - Miejskie Przedszkole nr 89 - ul. Zadole 26a Bliskość szkoły i przedszkola sprawia, że lokal idealnie nadaje się dla rodzin z dziećmi. Uczelnie wyższe - łatwy dojazd: - Uniwersytet Śląski - ok. 10-20 min - Uniwersytet Ekonomiczny w Katowicach - ok. 10-20 min Bardzo dobre połączenie dla studentów i osób pracujących w centrum. Najważniejsze atuty: - 52,86 m² - 2. piętro - 2 balkony - Dwustronne mieszkanie - Układ 2-3 pokojowy - Możliwość przywrócenia dużej kuchni - Mieszkanie do remontu/odświeżenia - Blisko sklepy, szkoły i przedszkola - Wirtualny spacer w ogłoszeniu Krzysztof Jakubowski Zapraszamy do kontaktu Agencje Nieruchomości ze swoimi klientami.",tak,,osobna,,własność,,50.223426,18.974132
Katowice Panewniki,ul. Kijowska,2,53,399000,7528.0,bez pośredników,,13,https://adresowo.pl/o/mieszkanie-katowice-panewniki-ul-kijowska-2-pokojowe-l8p0e4,https://s2.adresowa.pl/oi/4f/4c/3ab34a_f49f_cover@2x-2-pokojowe-mieszkanie-katowice-panewniki-ul-kijowska.webp,Katowice Panewniki,Kijowska,9,1988.0,blok,,"Oferuję na sprzedaż przestronne mieszkanie własnościowe o powierzchni 53,40 m² , położone na 9. piętrze w 11-piętrowym bloku z windą z 1988 roku. Lokal składa się z dwóch niezależnych pokoi , oddzielnej, widnej kuchni , łazienki z WC oraz przedpokoju z szafami w zabudowie. Do mieszkania przynależy balkon oraz piwnica . Mieszkanie w bardzo dobrym stanie technicznym , z oknami PCV. Ogrzewanie centralne miejskie, ciepła i zimna woda z sieci, gaz z sieci. Budynek po modernizacji, wyposażony w nowe windy oraz domofon . Dodatkowym atutem jest zabudowany korytarz na piętrze , zwiększający bezpieczeństwo i komfort mieszkańców. Osiedle charakteryzuje się cichą i spokojną okolicą . W bezpośrednim sąsiedztwie znajdują się sklepy, szkoła, przedszkole, a także tereny zielone i las. Świetna lokalizacja - w pobliżu Śląski Uniwersytet Medyczny , dogodny dostęp do komunikacji miejskiej.",tak,,osobna,plastikowe,spółdzielcze własnościowe,,50.23451,18.962046
Katowice,ul. Gliwicka,2,49,299000,6102.0,bez pośredników,,6,https://adresowo.pl/o/mieszkanie-katowice-ul-gliwicka-2-pokojowe-b1s2e9,https://s2.adresowa.pl/oi/41/38/3a774c_d281_cover@2x-2-pokojowe-mieszkanie-katowice-ul-gliwicka.webp,Katowice ,Gliwicka,3,,kamienica,,"Na sprzedaż jasne, ciepłe i przestronne mieszkanie przy ul. Gliwickiej w Katowicach. Mieszkanie znajduje się na 3 piętrze w 3-piętrowej kamienicy, co zapewnia kameralną atmosferę. Łączna powierzchnia mieszkania wynosi 49,20 m2: - pokój nr 1 - 23,7 m2 - pokój nr 2 - 12,3 m2 - kuchnia - 8,2 m2 - łazienka - 1,7 m2 - przedpokój - 2,9 m2. Do lokalu przynależy piwnica o powierzchni 5,30 m2. Lokal jest częściowo wyremontowany. Potrzebne są niewielkie prace uzupełniające. To wyjątkowa oferta dla osób ceniących swobodę aranżacji przestrzeni oraz komfort życia w dobrze skomunikowanej części Katowic. Atuty nieruchomości na ul. Gliwickiej to przede wszystkim: - Doskonała lokalizacja w dobrze skomunikowanej dzielnicy, co ułatwia szybkie poruszanie się po mieście i dostęp do transportu miejskiego - Zadbana i spokojna kamienica, z nową instalacją grzewczą (centralne ogrzewanie gazowe), do dyspozycji mieszkańców podwórko, - Bliskość sklepów - po sąsiedzku jest m.in. sklep Żabka - Spokojna i kameralna okolica, z dostępem do terenów zielonych i jednocześnie w pobliżu centrum miasta - Pełna infrastruktura usługowa w pobliżu, w tym apteki, szkoły, przedszkola, co podnosi komfort życia mieszkańców - Możliwość swobodnego i bezpłatnego parkowania wzdłuż kamienicy Te cechy czynią nieruchomość atrakcyjną zarówno do zamieszkania, jak i inwestycji. Zachęcam również do oglądnięcia innego mieszkania w tej kamienicy. Mieszkanie o powierzchni 52,70 m2, z piwnicą o powierzchni 5,60 m2, na II piętrze, świetny rozkład mieszkania, w stanie do remontu, za cenę 221 000 zł. Osoby zainteresowane zapraszam do kontaktu i umówienia się na prezentację. To mieszkanie najlepiej zobaczyć, by w pełni docenić jego potencjał. Kupujący nie ponosi kosztów związanych z pośrednictwem w zakupie.",tak,,,,,,50.26737,18.98591
Katowice Załęże,ul. Gliwicka,2,34,157000,4618.0,bez pośredników,,4,https://adresowo.pl/o/mieszkanie-katowice-zaleze-ul-gliwicka-2-pokojowe-n2o6s1,https://s2.adresowa.pl/oi/58/1c/3a7740_df31_cover@2x-2-pokojowe-mieszkanie-katowice-zaleze-ul-gliwicka.webp,Katowice Załęże,Gliwicka,parter,,kamienica,,"Na sprzedaż mieszkanie przy ul. Gliwickiej w Katowicach. To wyjątkowa oferta dla osób ceniących spokój oraz komfort życia w dobrze skomunikowanej części Katowic. Idealna oferta do zamieszkania lub wynajmu. Mieszkanie znajduje się na parterze w 3-piętrowej kamienicy, co zapewnia kameralną atmosferę. Łączna powierzchnia mieszkania wynosi 34,95 m2: pokój nr 1 - 11,76 m2 pokój z aneksem kuchennym - 18,83 m2 łazienka - 3,01 m2 przedpokój - 1,35 m2. Do lokalu przynależy piwnica o powierzchni 4,22 m2. Lokal nadaje się do generalnego remontu. Atuty nieruchomości na ul. Gliwickiej to przede wszystkim: - Doskonała lokalizacja w dobrze skomunikowanej dzielnicy, co ułatwia szybkie poruszanie się po mieście i dostęp do transportu miejskiego - Zadbana i spokojna kamienica, z nową instalacją grzewczą (centralne ogrzewanie gazowe), do dyspozycji mieszkańców podwórko, - Bliskość sklepów - po sąsiedzku jest m.in. sklep Żabka - Spokojna i kameralna okolica, z dostępem do terenów zielonych i jednocześnie w pobliżu centrum miasta - Pełna infrastruktura usługowa w pobliżu, w tym apteki, szkoły, przedszkola, co podnosi komfort życia mieszkańców - Możliwość swobodnego i bezpłatnego parkowania wzdłuż kamienicy Te cechy czynią nieruchomość atrakcyjną zarówno do zamieszkania, jak również jako inwestycja. Osoby zainteresowane zapraszam do kontaktu i umówienia się na prezentację. To mieszkanie najlepiej zobaczyć, by w pełni docenić jego potencjał. Kupujący nie ponosi kosztów związanych z pośrednictwem w zakupie.",tak,,aneks,,,,50.26737,18.98591
Katowice Szopienice,ul. Przelotowa,2,35,146680,4191.0,bez pośredników,,5,https://adresowo.pl/o/mieszkanie-katowice-szopienice-ul-przelotowa-2-pokojowe-m1w7h1,https://s2.adresowa.pl/oi/56/78/3a773c_4b1b_cover@2x-2-pokojowe-mieszkanie-katowice-szopienice-ul-przelotowa.webp,Katowice Szopienice,Przelotowa,2,,kamienica,,"Oferujemy do sprzedaży mieszkanie w kamienicy przy ul. Przelotowej w Katowicach (dzielnica Szopienice-Burowiec). Lokal znajduje się na II piętrze i posiada powierzchnię 35,54 m2. Na tę przestrzeń składa się: 2 pokoje, kuchnia oraz wc z łazienką. Mieszkanie nadaje się do generalnego remontu. W cenie mieszkania oferujemy również komórkę lokatorską o powierzchni 7,52 m2. Kamienica składa się łącznie z 14 lokali. W chwili obecnej do sprzedaży posiadamy również większe mieszkanie do remontu, na II piętrze, powierzchnia 44,78 m2 z dużą piwnicą (12,28 m2). Jego cena to 184000,00 zł. Lokale posiadają doskonały potencjał inwestycyjny. Kamienica świetnie zlokalizowana. Okolica bardzo zielona. W Szopienicach na granicy Katowic znajduje się zespół kilku stawów – Borki, Morawa, Stawiki oraz 4 stawy Hubertus. Lokalizacja zapewnia świetną infrastrukturę miejską: szkoły, przedszkola, liceum, galerie handlowe, sklepy, bliskość przystanków tramwajowych i autobusowych. Zachęcam do spotkania i oglądnięcia wszystkich dostępnych lokali. Kupujący nie ponosi kosztów związanych z pośrednictwem w zakupie. Osoby zainteresowane proszę o kontakt pod numerem Rafał",tak,,,,,,50.263062,19.10411
Katowice Załęże,ul. Gliwicka,1,24,111800,4658.0,bez pośredników,,6,https://adresowo.pl/o/mieszkanie-katowice-zaleze-ul-gliwicka-1-pokoj-v9b9m2,https://s2.adresowa.pl/oi/39/43/3a773a_9727_cover@2x-1-pokojowe-mieszkanie-katowice-zaleze-ul-gliwicka.webp,Katowice Załęże,Gliwicka,parter,,kamienica,,"Mieszkanie w Katowicach – ul. Gliwicka – idealne dla inwestora, flipera lub na własne potrzeby! Na sprzedaż małe mieszkanie do remontu w bardzo atrakcyjnej lokalizacji – przy ul. Gliwickiej w Katowicach. To doskonała propozycja zarówno jako inwestycja pod wynajem, szybki flip, jak i zakup na własne potrzeby. Atuty nieruchomości: • Świetna lokalizacja – blisko centrum Katowic, szybki dostęp do komunikacji miejskiej, sklepów i uczelni. • Atrakcyjna cena – mieszkanie w tej okolicy w takiej kwocie to rzadkość. • Możliwość aranżacji od podstaw – idealne dla osób, które chcą urządzić przestrzeń według własnych potrzeb lub przygotować mieszkanie pod wynajem. • Niewielki metraż – niskie koszty remontu i utrzymania. Mieszkanie wymaga remontu, co daje pełną swobodę w zaprojektowaniu wnętrza zgodnie z własną wizją lub z myślą o przyszłych najemcach. Lokalizacja: ul. Gliwicka, Katowice – dynamicznie rozwijająca się część miasta, świetnie skomunikowana z centrum i innymi dzielnicami. To oferta dla osób, które szukają pewnej inwestycji albo swojego pierwszego mieszkania w dobrej cenie",,,,,,,50.26737,18.98591
Katowice Śródmieście,ul. Józefa Lompy,4,139,1097000,7892.0,bez pośredników,,18,https://adresowo.pl/o/mieszkanie-katowice-srodmiescie-ul-jozefa-lompy-4-pokojowe-z9s8q9,https://s2.adresowa.pl/oi/46/35/3a6fc2_f692_cover@2x-4-pokojowe-mieszkanie-katowice-srodmiescie-ul-jozefa-lompy.webp,Katowice Śródmieście,Józefa Lompy,2,,kamienica,,"Na sprzedaż mieszkanie położone w kamienicy w ścisłym centrum Katowic. Składa się z 4 dużych pokoi, kuchni, łazienki, pralni i posiada 2 balkony. Do mieszkania przynależy piwnica o powierzchni 11,50 m2. Mieszkanie ogrzewane jest gazem (na wyposażeniu piec wielofunkcyjny marki Vaillant, co roku serwisowany przed i po sezonie grzewczym). W łazience ogrzewanie podłogowe. W salonie, łazience, pralni i przy wejściu płytki, a na pozostałej części mieszkania - we wszystkich pokojach na podłodze położony jest piękny dębowy parkiet. Układ mieszkania jest bardzo oryginalny, zapewnia bezpośrednie wejście do salonu z wszystkich pomieszczeń, gdyż usytuowany jest w sercu mieszkania. Taki układ nie tylko sprawdzi się jako rodzinne mieszkanie, ale również jako inwestycja pod najem (zarówno krótko-, jak i długoterminowy), a także pod gabinety, kancelarię itp. Kamienica, w której znajduje się mieszkanie, została wzniesiona początkiem XX wieku. Na ścianach przy wejściu do klatki zachowały się oryginalne kafelki z tamtego okresu. Klatka schodowa jest wyremontowana. Wszystkie drzwi wejściowe do mieszkań zachowują ten sam styl architektoniczny tamtego okresu, natomiast ościeżnice i drzwi wewnątrz sprzedawanego mieszkania są oryginalne, masywne i odnowione, co nadaje mu dodatkowego charakteru. Położenie mieszkania w centrum czyni je bardzo korzystnym, gdyż blisko są sklepy, szkoła, przedszkole, żłobek miejski, szkoła językowa, kino Rialto, 2 przychodnie, szpital, teatr. Mieszkańcy mają możliwość w zryczałtowanej cenie wykupienia Karty Mieszkańca uprawniającej do bezlimitowanego parkowania samochodów zarówno w strefie ""A"", jak i ""B"". Odległość pieszo: - pl. Sejmu Śląskiego, Urząd Wojewódzki i Marszałkowski - 2 min. - Rynek - 5 min. - Dworzec kolejowy i Galeria Katowicka - 7 min. - przystanek autobusowy - 3 min. - Akademia Muzyczna - 5 min. - Dolina 3 Stawów - 15 min. - Centrum Kongresowe i Spodek - 15-20 min. - ul. Mariacka/Dworcowa - 3 min. - Komenda Wojewódzka Policji - 10 min. Bardzo dogodny wyjazd na autostradę A4 na węźle Francuska - 3 min. samochodem. W cenie mieszkania zabudowa kuchenna z wszystkimi sprzętami (marki Whirlpool), zabudowa szaf, ewentualnie po uzgodnieniu reszta mebli. Sprzedaż BEZ pośredników. Zapraszam serdecznie do obejrzenia mieszkania.",tak,,osobna,,własność,,50.251848,19.023936
Katowice,Ligota,3,55,430000,7818.0,bez pośredników,,8,https://adresowo.pl/o/mieszkanie-katowice-ligota-3-pokojowe-55-m2-c6s3q5,https://s2.adresowa.pl/oi/1a/40/3a6c0c_c17b_cover@2x-3-pokojowe-mieszkanie-katowice-ligota.webp,Katowice Ligota,,8,1982.0,blok,,"Osiedle Zadole, Katowice - Ligota — blisko Śląskiego Uniwersytetu Medycznego. Szukasz jasnego, umeblowanego mieszkania w spokojnej i dobrze skomunikowanej okolicy? Oferuję mieszkanie o powierzchni 55,83 m², położone na 8. piętrze bloku na Osiedlu Zadole. Mieszkanie w 2023 roku przeszło generalny remont! Cena: 430 000 zł (ogłoszenie prywatne - bez pośredników). Układ mieszkania: - 3 niezależne pokoje (w każdym szafa, regał/półki oraz biurko/stolik do pracy) - otwarta kuchnia - łazienka z ogrzewaniem podłogowym oraz instalacją nagłośnieniową (muzyka pod prysznicem!) - przedpokój - balkon w największym pokoju - piwnica (2,10 m²). Mieszkanie w 2023 roku przeszło generalny remont wraz z wymianą instalacji elektrycznej i wodnej. Łazienka dodatkowo posiada ogrzewanie podłogowe. Lokal jest w pełni umeblowany i gotowy do zamieszkania. Ogrzewanie i woda - miejskie, w czynszu. Internet - doprowadzony światłowód. Idealne jako mieszkanie dla rodziny lub inwestycja pod wynajem (bliskość SUM). Wyposażenie kuchni: - szafki wiszące i stojące, - kuchenka gazowa, - kuchenka mikrofalowa, - wysoka lodówka, - nowe oświetlenie LED, - przygotowana instalacja pod TV. Łazienka: - kabina prysznicowa z deszczownicą, - podwieszana toaleta, - podświetlane lustro i oświetlenie sufitowe LED, - wbudowane nagłośnienie z panelem sterującym, - nowe meble i armatura, - ogrzewanie podłogowe. Lokalizacja: 20-25 min pieszo do Śląskiego Uniwersytetu Medycznego. 10 min do Auchan i dworca PKP Katowice Ligota. 7 min pociągiem do Dworca Głównego w Katowicach. 3-5 min do: Żabki, kościoła, stacji rowerów, przystanków autobusowych. Blisko: Park Zadole, Basen Zadole, Centrum Przesiadkowe Ligota, Libero. Osiedle spokojne, zielone, z dużym parkingiem obok bloku. Dodatkowe informacje: Wejście bezpośrednio z holu windowego. Blok położony jest w cichej części Ligoty — idealna równowaga między szybkim dojazdem do centrum a spokojem osiedla. Ogłoszenie ma charakter informacyjny i nie stanowi oferty w rozumieniu art. 71 Kodeksu cywilnego.",tak,,aneks,,,"Wyposażenie: internet, kuchenka, lodówka, tv",50.264892,19.023782
Katowice Ligota,ul. Grzyśki,3,55,420000,7636.0,bez pośredników,,8,https://adresowo.pl/o/mieszkanie-katowice-ligota-ul-grzyski-3-pokojowe-c6b7a1,https://s2.adresowa.pl/oi/11/16/3a669a_69d9_cover@2x-3-pokojowe-mieszkanie-katowice-ligota-ul-grzyski.webp,Katowice Ligota,Grzyśki,6,1982.0,blok,,"Sprzedam mieszkanie 55,87 m2 przy ul. Grzyśki 2 w Katowicach-Ligocie. Zapraszam do kontaktu, sprzedaż bezpośrednia od właściciela, pośrednikom dziękujemy. Zakup za gotówkę, cena do (rozsądnej) negocjacji. --- Mieszkanie spółdzielcze-własnościowe o pow. 55,87 m2, z prawem użytkowania piwnicy o pow. 3,46 m2, znajduje się na 6. piętrze w bloku 10-piętrowym. Woda i ogrzewanie (CO) z sieci miejskiej, w kuchni kuchenka gazowa. Lokal składa się z 3 niezależnych pokoi (salon i dwie sypialnie), oddzielnej kuchni i łazienki, posiada balkon. Trzy lata temu przeprowadzono remont łazienki, położono podłogi (gres), wymieniono drzwi do pokoi na drewniane. W tym roku wstawiono nowe drzwi frontowe o wysokiej klasie wygłuszania, z zamkiem cyfrowym. Istnieje możliwość pozostawienia większości wyposażenia (AGD, meble, oświetlenie), do uzgodnienia. W przedpokoju zamontowano pojemną szafę z drzwiami przesuwnymi (szer. 220 cm / gł. 60 cm). Mieszkanie sprawdzi się doskonale zarówno dla rodziny, jak i pod wynajem. Dobrze doświetlone, ekspozycja północna i wschodnia. W bloku dwie windy (osobowa i towarowa), podjazd dla wózków, dodatkowe drzwi na klatce schodowej. Korytarze i części wspólne sprzątane są raz w tygodniu. Wokół ogólnodostępne miejsca parkingowe, możliwość skorzystania z parkingu strzeżonego na osiedlu. Mieszkanie znajduje się w doskonałej lokalizacji, do centrum Katowic 8 km, Śląski Uniwersytet Medyczny 2,5 km, Akademia Górnośląska 500 m, GWSH 3 km. W pobliżu lokale usługowe, restauracje, sklepy lokalne i supermarkety, przychodnie lekarskie, apteka, biblioteka, bankomaty. Miejsce dobrze skomunikowane, blisko do przystanków autobusowych (2 i 5 min) i stacji kolejowej (6 min). Niedaleko przedszkola (w tym samym bloku), szkoły, place zabaw, siłownia, latem basen. Okolica jest bezpieczna, zadbana, administracja osiedla 50 m od bloku. Sąsiedztwo jest spokojne i życzliwe. --- Zapraszam do kontaktu, sprzedaż bezpośrednia od właściciela, pośrednikom dziękujemy. Zakup za gotówkę, cena do (rozsądnej) negocjacji.",tak,,osobna,,spółdzielcze własnościowe,Wyposażenie: kuchenka,50.230941,18.977101
Katowice Dąb,ul. Bukowa,1,36,269000,7472.0,bez pośredników,,1,https://adresowo.pl/o/mieszkanie-katowice-dab-ul-bukowa-1-pokoj-r0t5f2,https://s2.adresowa.pl/oi/53/24/3a5722_e393_cover@2x-1-pokojowe-mieszkanie-katowice-dab-ul-bukowa.webp,Katowice Dąb,Bukowa,1,1955.0,,,"Sprzedam mieszkanie na ul. Bukowej 6- róg Złotej. Powierzchnia 36m2, ogrzewanie z sieci nowe, instalacja elektryczna nowa. Piwnica 12m2. Do wykończenia. Cena 269 tyś.",tak,,osobna,plastikowe,własność,,50.278792,19.00311
Katowice Bogucice,ul. Henryka Mikołaja Góreckiego,1,30,530000,17667.0,bez pośredników,,11,https://adresowo.pl/o/mieszkanie-katowice-bogucice-ul-henryka-mikolaja-goreckiego-1-pokoj-a0f2c2,https://s2.adresowa.pl/oi/38/49/3a0fc6_3c62_cover@2x-1-pokojowe-mieszkanie-katowice-bogucice-ul-henryka-mikolaja-goreckiego.webp,Katowice Bogucice,Henryka Mikołaja Góreckiego,1,2021.0,blok,,"NA SPRZEDAŻ: Komfortowa, jasna kawalerka (30 m²) w sercu Katowic - Pierwsza Dzielnica Sprzedam komfortową, wykończoną i w pełni umeblowaną, jasną kawalerkę o powierzchni 30 m², zlokalizowaną w nowoczesnym, prestiżowym apartamentowcu z 2021 r. w osiedlu Pierwsza Dzielnica. Budynek posiada windę oraz ochronę. LOKALIZACJA: Adres: ul. Góreckiego 15 (ekspozycja wschodnia). Lokalizacja w samym sercu Katowic, w bardzo cichej i spokojnej okolicy, w pobliżu terenów zielonych. W budynku: Żabka, sklepy, usługi, fryzjer, przedszkole, rowerownia. Spacerem: • 2 min do Muzeum Śląskiego oraz do Parku Boguckiego (150 m), • 7 min do Międzynarodowego Centrum Kongresowego (MCK) i Spodka (600 m), • 1,5 km do dworca głównego PKP w Katowicach. ROZKŁAD I WYPOSAŻENIE: Przestronne mieszkanie posiada bardzo praktyczny rozkład i składa się z: • salonu z wyjściem na przestronny taras, • przedpokoju z aneksem kuchennym, • dużej łazienki z prysznicem typu walk-in, toaletą oraz pralką w zabudowie. Do wykończenia mieszkania użyto materiałów wysokiej jakości. Mieszkanie jest w pełni umeblowane i wyposażone. • Kuchnia: w pełni umeblowana i wyposażona w urządzenia AGD w zabudowie (płyta indukcyjna, piekarnik, duża lodówka z zamrażarką, zmywarka). • Salon: duży telewizor, rozkładana kanapa z pojemnikiem na pościel. • Przechowywanie: duża ilość szaf robionych na zamówienie, bardzo dużo miejsca na przechowywanie. UDOGODNIENIA DLA MIESZKAŃCÓW (Strefa Mieszkańca): Osiedle Pierwsza Dzielnica oferuje dla mieszkańców: • przestronną wspólną kuchnię, • salę do coworkingu i pracy twórczej, • dużą pralnię z suszarnią, • salę kinową, • salę do ćwiczeń, • salę zabaw dla dzieci (np. ścianka wspinaczkowa), • salę z bilardem, piłkarzykami i grami planszowymi. INFORMACJE DODATKOWE: • Czynsz wynosi ok. 580 zł/msc. • Do mieszkania przynależy duża komórka lokatorska (na poziomie garażu), idealna do przechowywania większych gabarytów. • Istnieje możliwość dokupienia miejsca postojowego w podziemnym garażu w tym samym budynku - cena 60 tys. zł. SPRZEDAJĘ MIESZKANIE BEZPOŚREDNIO. AGENCJOM NIERUCHOMOŚCI DZIĘKUJĘ ZA WSPÓŁPRACĘ.",tak,,aneks,,własność,"Wyposażenie: lodówka, piekarnik, telewizor, zmywarka",50.265789,19.035317
Katowice Dolina Trzech Stawów,ul. gen. Władysława Sikorskiego,5,78,750000,9615.0,bez pośredników,,1,https://adresowo.pl/o/mieszkanie-katowice-dolina-trzech-stawow-ul-gen-wladyslawa-sikorskiego-5-pokojowe-s5n5e8,https://s2.adresowa.pl/oi/7b/62/39e6c0_72fc_cover@2x-5-pokojowe-mieszkanie-katowice-dolina-trzech-stawow-ul-gen-wladyslawa-sikorskiego.webp,Katowice Dolina Trzech Stawów,gen. Władysława Sikorskiego,5,1974.0,blok,,"Sprzedam mieszkanie 78m na Osiedlu Paderewskiego w Katowicach, ul. Sikorskiego 26 (tzw. stare bloki, z balkonem i osobną łazienką oraz osobno wc), środkowe piętro, do remontu, (ew. odświeżenia, w ostateczności do wprowadzenia się od razu, podstawowe sprzety zostają). Blok w trakcie termomodernizacji. Mieszkanie ciepłe i jasne. Cena bez negocjacji 750 tyś zł. Pośrednikom i dyskutantom dziękuję. Proszę kontakt zainteresowane osoby, które szukają dużego mieszkania w tej lokalizacji i mają na to środki (!).",tak,,osobna,plastikowe,własność,,50.252145,19.037007
Katowice Szopienice,ul. Morawa,2,38,268000,7053.0,bez pośredników,,5,https://adresowo.pl/o/mieszkanie-katowice-szopienice-ul-morawa-2-pokojowe-h6i8p0,https://s2.adresowa.pl/oi/38/10/393356_b7fd_cover@2x-2-pokojowe-mieszkanie-katowice-szopienice-ul-morawa.webp,Katowice Szopienice,Morawa,2,,blok,,"Przytulne mieszkanie w budynku po generalnym remoncie. Dom 3-piętrowy, ocieplony (20 cm), tylko 5 mieszkań — idealna propozycja dla osób ceniących ciszę i komfort. UKŁAD MIESZKANIA: - Powierzchnia całkowita: 38,31 m² - Sypialnia: 10,59 m² - Salon z aneksem kuchennym: 23,82 m² - Łazienka: 3,9 m² - Piętro: 2/3 - Dodatkowo: komórka lokatorska na poddaszu ATUTY: - Ogrzewanie podłogowe w całym mieszkaniu - System rekuperacji powietrza - Nowa instalacja elektryczna - Nowa armatura łazienkowa - Ściany malowane, płytki na podłodze i w łazience - Zamontowane drzwi wewnętrzne - Budynek ocieplony — niskie koszty utrzymania LOKALIZACJA: - W pobliżu szkoła oraz liceum - Blisko przystanek tramwajowy i autobusowy - Świetne tereny rekreacyjne — park ze stawem Morawa w zasięgu spaceru",tak,,aneks,,własność,,50.26537,19.098816
Katowice os. Witosa,ul. Wincentego Witosa,2,48,330000,6875.0,bez pośredników,,6,https://adresowo.pl/o/mieszkanie-katowice-os-witosa-ul-wincentego-witosa-2-pokojowe-m9m0q0,https://s2.adresowa.pl/oi/37/49/38d9a4_9743_cover@2x-2-pokojowe-mieszkanie-katowice-os-witosa-ul-wincentego-witosa.webp,Katowice os. Witosa,Wincentego Witosa,9,1980.0,blok,,"Do sprzedaży mam piękne, przestronne 2 pokojowe mieszkanie z księgą wieczystą, położone w bardzo spokojnej okolicy, ciche a zarazem bardzo dobrze skomunikowane, przy ul. Witosa 11, o powierzchni 48,65m2, usytuowane jest na 9 piętrze z genialnym widokiem w 10 piętrowym bloku. Mieszkanie jest przestronne oraz ustawne, dodatkowym atutem jest duża łazienka, osobne wc oraz piwnica. Składa się z: - pokoju z balkonem - sypialni - widnej, oddzielnej kuchni - łazienki - wc - dużego przedpokoju z miejscem na szafę - piwnicy Mieszkanie w stanie do remontu, okna PCV w bardzo dobrym stanie. Budynek z lat 80tych, odnowiony, przy drzwiach wejściowych do klatki schodowej domofon. Budynkiem zarządza spółdzielnia mieszkaniowa Załęska Hałda Ogrzewanie centralne z sieci miejskiej, ciepła woda z sieci. Czynsz: ok 650 zł z zaliczką na wodę, C.O., fundusz remontowy. Mieszkanie położone w bardzo dobrej lokalizacji, dobrze skomunikowane oraz niesamowicie ciche. Łatwy i szybki dojazd do budynku zarówno komunikacją miejską (przystanki autobusowe 100m od budynku), jak i samochodem. Wjazd na A4 i DTŚ w odległości 1,5km od budynku. Śródmieście miasta w odległości 5km Zachęcam do oględzin, gdyż zdjęcia nie są w stanie oddać wielkości, przestronności oraz lokalizacji mieszkania.",tak,,osobna,plastikowe,własność,,50.261526,18.971693
Katowice Ligota,ul. Piotrowicka,3,89,950000,10674.0,bez pośredników,,7,https://adresowo.pl/o/mieszkanie-katowice-ligota-ul-piotrowicka-3-pokojowe-i1m1z3,https://s2.adresowa.pl/oi/7f/73/38b272_3fe2_cover@2x-3-pokojowe-mieszkanie-katowice-ligota-ul-piotrowicka.webp,Katowice Ligota,Piotrowicka,parter,2010.0,blok,,"To przestronne mieszkanie o powierzchni 86 m² znajduje się na parterze bloku z 2010 roku. Jest w pełni umeblowane i wyposażone w nowoczesne sprzęty: pralkę, zmywarkę oraz lodówkę. Mieszkanie składa się z trzech pokoi, łazienki i kuchni. Dodatkowym atutem jest ogródek (ok. 50 m²) z przestronnym tarasem. W skład mieszkania wchodzi: - Salon z kuchnią o pow. 40 m², - Sypialnia o pow. 16 m², - Pokój z całą przeszkloną ścianą - 20 m², - Pomieszczenie garderoba z pełną zabudową ok. 4 m², - Łazienka - 3 m², - Oddzielne WC. We wszystkich pomieszczeniach znajduje się zabudowa meblowa na wymiar. Parkiet składa się z deski dębowej, który był w ubiegłym roku cyklinowany. W budynku znajduje się winda oraz garaż. Dodatkowo do dyspozycji jest ogród oraz piwnica. Do mieszkania przynależy: - Komórka lokatorska o pow. 3 m² (w cenie mieszkania). - Dwa podziemne miejsca parkingowe (dodatkowa cena: 40 000 zł za miejsce parkingowe). Miejsca parkingowe są obligatoryjnie sprzedawane z mieszkaniem. Lokalizacja mieszkania zapewnia łatwy dostęp do różnorodnych punktów usługowych oraz rekreacyjnych: - Bliskość parków i terenów zielonych, - Sąsiedztwo z restauracjami i kawiarniami, - Szkoły i przedszkola w okolicy, - Dogodne połączenia komunikacyjne (autobus, tramwaj). Mieszkanie znajduje się w spokojnej, ale miejskiej dzielnicy, co zapewnia komfort życia. Nie czekaj, skontaktuj się z nami i umów się na prezentację tej wyjątkowej nieruchomości! --- Oferta prywatna. Sprzedaż bez pośrednika. Cena do negocjacji.",tak,,aneks,,własność,"Wyposażenie: lodówkę, pralkę, zmywarkę",50.226083,18.969948
Katowice Szopienice,ul. Przelotowa,2,36,220000,6111.0,bez pośredników,,10,https://adresowo.pl/o/mieszkanie-katowice-szopienice-ul-przelotowa-2-pokojowe-v1u9i8,https://s2.adresowa.pl/oi/7f/4c/389428_415a_cover@2x-2-pokojowe-mieszkanie-katowice-szopienice-ul-przelotowa.webp,Katowice Szopienice,Przelotowa,1,1910.0,kamienica,,"Oferujemy do sprzedaży mieszkanie w kamienicy przy ul. Przelotowej w Katowicach (dzielnica Szopienice-Burowiec). Lokal znajduje się na I piętrze i posiada powierzchnię 36,15 m2. Na tę przestrzeń składa się: pokój z aneksem kuchennym, sypialnia oraz łazienka z wc. W mieszkaniu został przeprowadzony remont. W cenie mieszkania oferujemy również komórkę lokatorską o powierzchni 5,79 m2. Kamienica składa się z 14 lokali. W chwili obecnej do sprzedaży pozostają 4 mieszkania i 1 lokal usługowy (wykaz w galerii zdjęć). Lokale posiadają doskonały potencjał inwestycyjny. Kamienica świetnie zlokalizowana. Okolica bardzo zielona. W Szopienicach na granicy Katowic znajduje się zespół kilku stawów – Borki, Morawa, Stawiki oraz 4 stawy Hubertus. Lokalizacja zapewnia świetną infrastrukturę miejską: szkoły, przedszkola, liceum, galerie handlowe, sklepy, bliskość przystanków tramwajowych i autobusowych. Zachęcam do spotkania i oglądnięcia wszystkich dostępnych lokali. Zakup bezpośrednio od właściciela, bez konieczności ponoszenia kosztów związanych z pośrednictwem. Osoby zainteresowane proszę o kontakt tel. Rafał",tak,,aneks,,własność,,50.263062,19.10411
Katowice Brynów,ul. Rzepakowa,3,87,1150000,13218.0,bez pośredników,,24,https://adresowo.pl/o/mieszkanie-katowice-brynow-ul-rzepakowa-3-pokojowe-a7k6y5,https://s2.adresowa.pl/oi/64/2e/3891b0_61b6_cover@2x-3-pokojowe-mieszkanie-katowice-brynow-ul-rzepakowa.webp,Katowice Brynów,Rzepakowa,3,2024.0,blok,,"Agentom nieruchomości bardzo dziękuję.Nowoczesny apartament świeżo wykończony i nieużywany. Wykańczany dla siebie nie na sprzedaż, jednak plany się zmieniły - wysoki standard. Apartament ma powierzchnię 87 m2 i znajduje się na 3 piętrze, składa się z dużego salonu z aneksem kuchennym, wyspą i jadalnią około 40m², dużej sypialni, pokoju, przedpokoju i dwóch łazienek oraz garderoby. Balkon ma powierzchnię 12.8 m², na którym jest 5-osobowy komplet wypoczynkowy. Wysokość mieszkania to 274 cmUmeblowanie: zabudowa kuchenna, wyspa wraz ze sprzętami z wysokiej półki, stół jadalniany typu pająk 160x90 rozkładany do 260x90 wraz z krzesłami, narożnik rozkładany z regulacją zagłówków, stolik kawowy również rozkładany, szafka RTV i 75 calowy telewizor Miniled (opcjonalnie). Do tego zabudowany, elektrycznie wysuwany, z pilotem ekran 120 cali do użytku z projektorem, zjeżdżajacy przed telewizor. W całym mieszkaniu zastosowano blendy kryjące karnisze (zabudowa z karton gips, a nie listwy) wraz z podświetleniem smart. Drzwi wewnętrzne bezprzylgowe w okleinie premium marki Erkado. Kuchnię wyposażono w sprzęt AGD z wyższej półki płytę indukcyjną slim Samsung, cichy i wydajny okap Lanilia Seletio, piekarnik dual cook i kuchenkę mikrofalową Samsung, energooszczedną i cichą zmywarkę Bosch, lodówkę z zamrażarką Samsung. Dla zainteresowanych mogę podać modele zastosowanych sprzętów. W dużej sypialni tapicerowane łóżko 180x200 z materacem i podnoszonym stelażem kryjącym ogromny schowek. W mieszkaniu są już zainstalowane elementy smart takie jak głowice w grzejnikach, czujniki temperatury, kamera monitorująca, czujniki ruchu oraz sterowanie oświetleniem blend przy karniszach. Wszystkie sprzęty kuchenne poza okapem również posiadają funkcję sterowania przez wifi. W całym mieszkaniu, poza łazienkami na podłodze położony jest bezprogowo (jedna powierznia, bez łączeń) wodoodporny panel laminowany Dąb Sacramento z 4-stronną V-fugą na wycisząjacym podkładzie. Gładzie w całym mieszkaniu wykonane są masą polimerową. Do mieszkania jest możliwość zakupu 2 miejsc postojowych w hali garażowej, miejsca są obok siebie, bardzo blisko windy.Budynek został oddany do użytku 2024 roku wyróżnia się atrakcyjną architekturą oraz niskimi kosztami eksploatacji. W budynku znajduje się rowerownia oraz garaż podziemny, panoramiczne okna, zapewniające lepsze doświetlenie mieszkania. Sprawne przemieszczanie się na wyższe kondygnacje zapewniają 2 szybkie i ciche windy. Otoczenie osiedla zostało zagospodarowane zielenią oraz elementami małej architektury. Zaplanowano również miejsce zabaw dla najmłodszych lokatorów. Ogrzewanie miejskie. Mieszkanie dobrze ocieplone. Przy utrzymywanej temperaturze nie niższej niż 21 stopni po roku zwrot za ogrzewanie to 3 tys. zł.Lokalizacja to Katowice, BrynówW najbliższym sąsiedztwie znajdują się duże kompleksy parkowo - relaksacyjne Katowicki Park Leśny, Las Murckowski, Park Zadole, Centrum Handlowe Libero.Bezpośrednio przy osiedlu znajdują się przystanki komunikacji miejskiej, 400 m do centrum przesiadkowego z przystankami autobusowymi i tramwajowymi.",tak,tak,aneks,plastikowe,własność,"Wyposażenie: kuchenkę, lodówkę, piekarnik, telewizor, tv, wifi, zmywarkę",50.223049,18.993337
Katowice Bogucice,ul. Uniwersytecka,3,48,599000,12479.0,bez pośredników,,3,https://adresowo.pl/o/mieszkanie-katowice-bogucice-ul-uniwersytecka-3-pokojowe-v3k6n3,https://s2.adresowa.pl/oi/2e/43/387fc0_4289_cover@2x-3-pokojowe-mieszkanie-katowice-bogucice-ul-uniwersytecka.webp,Katowice Bogucice,Uniwersytecka,2,1970.0,blok,,"sprzedam mieszkanie zlokalizowane przy ulicy Uniwersyteckiej. Mieszkanie jest po remoncie gotowe do zamieszkania. Mieszkanie składa się z trzech pokoi, kuchni, przedpokoju, łazienki z wc oraz piwnicy. Jedno miejsce parkingowe na zamkniętym parkingu ze szlabanem. Blok z 1970 wielką płytą. Piętro 2 z 13 z balkonem. Dostępne 3 windy. Blok po generalnym remoncie i ociepleniu w w 2018 roku. W mieszkaniu zamontowana klimatyzacja.",tak,tak,,,,Wyposażenie: klimatyzacja,50.262501,19.0275
Katowice,os. Tysiąclecia,2,28,460000,16429.0,bez pośredników,,8,https://adresowo.pl/o/mieszkanie-katowice-os-tysiaclecia-2-pokojowe-28-m2-x6t6t8,https://s2.adresowa.pl/oi/76/56/386a3e_c4d1_cover@2x-2-pokojowe-mieszkanie-katowice-os-tysiaclecia.webp,Katowice os. Tysiąclecia,,12,1968.0,apartamentowiec,,"Sprzedam 2 pokojowe mieszkanie (kawalerka z wydzieloną sypialnią) w nowym budynku na osiedlu Nowe Tysiąclecie w Katowicach. powierzchnia: 28,5 m2 + 12,5 m2 balkon zlokalizowany na 12 piętrze. Ekspozycja okien: południowa. Sprzedaję wraz z wyposażeniem i umeblowaniem. Cena za mieszkanie: 460.000 PLN. Do mieszkania możliwość dokupienia miejsca postojowego w cenie 50.000 PLN. Sprzedaję bezpośrednio, właściciel. ps. Mieszkanie wygląda jak na zdjęciach. Czyste, zadbane, utrzymane w idealnym stanie. Można się wprowadzić od zaraz bez jakichkolwiek nakładów.",,tak,,,,,50.264999389648,19.024000167847
Katowice os. Tysiąclecia,ul. Tysiąclecia,1,38,300000,7895.0,bez pośredników,,11,https://adresowo.pl/o/mieszkanie-katowice-os-tysiaclecia-ul-tysiaclecia-1-pokoj-c9q2z4,https://s2.adresowa.pl/oi/66/6f/386304_8a95_cover@2x-1-pokojowe-mieszkanie-katowice-os-tysiaclecia-ul-tysiaclecia.webp,Katowice os. Tysiąclecia,Tysiąclecia,11,1979.0,blok,,"Opis mieszkania Mam na sprzedaż mieszkanie o powierzchni 38,4 m² położone na 11 piętrze w 18-piętrowym budynku, z którego okien rozciąga się bardzo ładna panoroma okolicy. Idealne dla singla, pary lub pod wynajem Okna skierowane na zachód - mieszkanie jest słoneczne, ciepłe, środkowe. Budynek z 1979 r., ocieplony, po termomodernizacji. Mieszkanie składa się z: • dużego, ustawnego pokoju z wyjściem na wyremontowany balkon (na całą szerokość mieszkania), • oddzielnej, jasnej kuchni, • łazienki z WC, • przedpokoju z wnęką idealną na garderobę, • dodatkowego pomieszczenia do przechowywania według własnej aranżacji. Stan techniczny – do remontu, co daje możliwość pełnej aranżacji według własnego pomysłu. Lokalizacja Osiedle Tysiąclecia to spokojna, zielona dzielnica Katowic, z bogatą infrastrukturą i świetnym połączeniem z centrum Katowic oraz miastami ościennymi. W bezpośrednim sąsiedztwie znajdują się: • Park Śląski, ZOO, Stadion Śląski, Planetarium, Kąpielisko ""Fala"", • Zespół Państwowych Szkół Muzycznych, • Placówki edukacyjne - szkoły, przedszkola, żłobki, • Sklepy, punkty usługowe i gastronomiczne, • Przystanki tramwajowe i autobusowe. Atuty nieruchomości • Widok na panoramę miasta, • Budynek po termomodernizacji, • 4 windy po remoncie, • Wyremontowany balkon, • Piony wodno-kanalizacyjne po wymianie (nowa instalacja), • Okna PCV, • Ogrzewanie z sieci miejskiej, • Niski czynsz – 460 zł, • Możliwość zaaranżowania pod siebie, co daje Ci pełną swobodę w kreowaniu własnej przestrzeni, według własnych potrzeb i gustu, • Mieszkanie puste, gotowe do przekazania kluczy, • Pełna własność – odrębna Księga wieczysta, • Świadectwo charakterystyki energetycznej: EU:83.85, EK:104.90, EP95.13, Jednostkowa wielkość emisji: 0.0311 Dodatkowe udogodnienia: • Parking tylko dla mieszkańców z kartą dostępu i szlabanem, • Zamykane korytarze na piętrze – gwarantujące większe bezpieczeństwo i spokój. Oględziny możliwe po wcześniejszym umówieniu terminu. Sprzedaż w formie aktu notarialnego, bez pośredników. KONTAKT: Wojciech [numer] Proszę, aby nie dzwonili pośrednicy !",,tak,osobna,plastikowe,własność,,50.284,18.966
Katowice Koszutka,ul. Wierzbowa,2,52,369000,7096.0,bez pośredników,,10,https://adresowo.pl/o/mieszkanie-katowice-koszutka-ul-wierzbowa-2-pokojowe-w4c8y4,https://s2.adresowa.pl/oi/60/4a/3856f8_30bf_cover@2x-2-pokojowe-mieszkanie-katowice-koszutka-ul-wierzbowa.webp,Katowice Koszutka,Wierzbowa,parter,1961.0,blok,,"Na sprzedaż przestronne mieszkanie o powierzchni 52,3 m², położone na wysokim parterze w zielonej i spokojnej części Katowic, przy ul. Wierzbowej. Idealne dla rodziny, pary lub inwestora. LOKALIZACJA: - Doskonała lokalizacja - blisko centrum Katowic. - W bezpośrednim sąsiedztwie Pętli Słonecznej - szybki dostęp do komunikacji miejskiej (tramwaje, autobusy). - Cicha, zielona okolica z dużą ilością drzew i niską zabudową. OPIS MIESZKANIA: - Dwa duże, ustawne pokoje z możliwością wydzielenia trzeciego. - Oddzielna, przestronna kuchnia. - Łazienka z WC. - Duży przedpokój. - Mieszkanie znajduje się na wysokim parterze. - Do mieszkania przynależy piwnica. STAN TECHNICZNY: - Mieszkanie nadaje się do zamieszkania, ale wymaga remontu lub odświeżenia - duży potencjał aranżacyjny. DODATKOWE INFORMACJE: - Ogrzewanie miejskie. - Dużo ogólnodostępnych miejsc parkingowych wokół budynku. - Zadbany blok i klatka schodowa. - Czynsz do wspólnoty (dla 2 osób) wynosi 1027 zł - obejmuje: eksploatację, fundusz remontowy, centralne ogrzewanie, wodę zimną oraz wywóz odpadów. STAN PRAWNY: - Pełna własność z księgą wieczystą. Ogłoszenie prywatne - pośrednikom dziękujemy.",tak,,osobna,,własność,,50.273998,19.031
Katowice Śródmieście,ul. Władysława Stanisława Reymonta,1,15,210000,14000.0,bez pośredników,,20,https://adresowo.pl/o/mieszkanie-katowice-srodmiescie-ul-wladyslawa-stanislawa-reymonta-1-pokoj-x7u9i6,https://s2.adresowa.pl/oi/66/4b/37f96a_b8e8_cover@2x-1-pokojowe-mieszkanie-katowice-srodmiescie-ul-wladyslawa-stanislawa-reymonta.webp,Katowice Śródmieście,Władysława Stanisława Reymonta,3,1970.0,blok,,"Inwestycyjny mikroapartament 14,79 m² – Katowice, ul. Reymonta 24Na sprzedaż gotowiec inwestycyjny naprzeciw Urzędu Marszałkowskiego. Lokal usługowy z KW (spełnia wymogi ZL5).Status: Aktualnie wynajęty za 1350 zł + opłaty.Cena: 210 000 zł (cena ostateczna, brak pośpiechu ze sprzedażą, oferta na wyłączność tutaj).Stopa zwrotu (ROI): 7,71% rocznie .Standard: Po remoncie, pełne wyposażenie (meble na wymiar, zmywarka, indukcja, lodówka).Atuty: CO i ciepła woda z sieci miejskiej, niskie opłaty (ok. 260 zł), widok na zieleń.Sprzedaż bezpośrednia. Zapraszam do kontaktu!",,,,,własność,"Wyposażenie: lodówka, zmywarka",50.252998,19.025999
Katowice,ul. Pawła Edmunda Strzeleckiego,2,37,279900,7565.0,bez pośredników,,7,https://adresowo.pl/o/mieszkanie-katowice-ul-pawla-edmunda-strzeleckiego-2-pokojowe-o7h6p3,https://s2.adresowa.pl/oi/78/49/37ef00_f18e_cover@2x-2-pokojowe-mieszkanie-katowice-ul-pawla-edmunda-strzeleckiego.webp,Katowice ,Pawła Edmunda Strzeleckiego,3,1975.0,blok,,"Sprzedam mieszkanie dwupokojowe o powierzchni 37 m² w dobrze skomunikowanej i bezpiecznej dzielnicy Katowic. Położenie - trzy minuty od DK86 i kolejnych kilka od autostrady A4 - łączy najlepsze cechy cichego położenia wśród zieleni z dostępnością atrakcji miasta wojewódzkiego. Idealne dla osób pracujących w centrum Katowic, Tychach, Mysłowicach, Sosnowcu, Chorzowie czy Mikołowie. Mieszkanie środkowe, ciepłe. Stan bardzo dobry, mieszkanie jest gotowe do wejścia lub ewentualnie odświeżenia. Budynek przeszedł termomodernizację w roku 2022 wraz z remontem balkonów. Klatka schodowa również po remoncie kilka lat wstecz. Administracja osiedla działa sprawnie, a wszelkie usterki w częściach wspólnych naprawiane są od ręki po zgłoszeniu. Na osiedlu: - plac zabaw, - szkoła, - biblioteka publiczna, - przystanki autobusowe (250 m), - dwa paczkomaty (200 m), - Biedronka (450 m). W obrębie paru minut piechotą również: - mechanicy samochodowi, - poczta, - stacja benzynowa, - przychodnia zdrowia, - dentysta, - optyk, - fryzjer itd. Sprzedaję prywatnie, pośrednikom dziękuję.",tak,,osobna,plastikowe,własność,,50.20336,19.041279
Katowice,Zawodzie,4,49,525000,10714.0,bez pośredników,,12,https://adresowo.pl/o/mieszkanie-katowice-zawodzie-4-pokojowe-49-m2-j6f6z6,https://s2.adresowa.pl/oi/2e/37/37e97a_b1c5_cover@2x-4-pokojowe-mieszkanie-katowice-zawodzie.webp,Katowice Zawodzie,,parter,,kamienica,,"OGŁOSZENIE BEZPOŚREDNIE - BEZ PROWIZJI Na sprzedaż oferuję ciekawe mieszkanie inwestycyjne składające się z dwóch niezależnych dwupokojowych lokali - świetna inwestycja, szacowane ROI na poziomie ~8-10%. Oferowane mieszkanie składa się z dwóch oddzielnych, 2-pokojowych, wykończonych i w pełni wyposażonych lokali mieszkalnych - każdy z własną łazienką i własnym aneksem kuchennym. Mieszkanie to tzw. klasyczny dwupak inwestycyjny, czyli idealna opcja zarówno dla inwestora, jak i osób szukających gotowego rozwiązania mieszkaniowego z wysokim potencjałem rentownego najmu. Mieszkanie znajduje się w odrestaurowanej kamienicy (elewacja, dach, piony instalacyjne, wejście do budynku), wyposażone jest w centralne ogrzewanie z sieci oraz ciepłą wodę również bezpośrednio z sieci. LOKALIZACJA: Korzystna lokalizacja blisko centrum - szybki dojazd do śródmieścia (ok. 5-10 minut tramwajem), spacerem na Dolinę 3 Stawów ~15 minut, a w pobliżu: - uczelnie: Uniwersytet Ekonomiczny, Uniwersytet Śląski, Politechnika Śląska, - przystanki komunikacji miejskiej (tramwaj, stacja kolejowa Katowice Zawodzie oraz Centrum Przesiadkowe Katowice Zawodzie), - sklepy, apteka, punkty usługowe, przedszkola, szkoły i inne. Jeśli ktoś korzysta z samochodu na co dzień, z pewnością doceni łatwość i szybkość dojazdu do: - Autostrady A4 w kierunku Kraków lub Wrocław, - DK 86 w kierunku Sosnowca i Warszawy oraz Tychów i Bielska, - DK 79 w kierunku Mysłowic i Krakowa oraz Chorzowa, Bytomia, Piekar Śl., - DK 902 (Trasa DTŚ) w kierunku Chorzowa, Zabrza i Gliwic oraz autostrady A1. Warto podkreślić, że przed budynkiem znajduje się sporo miejsc parkingowych dla mieszkańców, a dodatkowo istnieje możliwość parkowania samochodów w wydzielonym, wewnętrznym podwórzu. OPIS MIESZKAŃ: Lokale są świeżo po generalnym remoncie, który obejmował m.in. wymianę wszystkich instalacji, podłóg, okien i drzwi oraz montaż sufitów podwieszanych i ścian z płyt G-K. Lokale zostały wykończone przez fachowców i z wykorzystaniem wysokiej jakości materiałów, a ponadto zostały wyposażone i urządzone z dbałością o detale i wygodę przyszłych mieszkańców. Każde mieszkanie posiada: - Pokój dzienny/wypoczynkowy z aneksem kuchennym, w którym znajdują się nowe meble na wymiar (od stolarza) oraz nowy sprzęt AGD. - Oddzielną sypialnię z oknem. - Nowoczesną łazienkę z pralko-suszarką. - Pełne umeblowanie i wyposażenie w nowy sprzęt AGD. Każdy z lokali posiada osobne podliczniki energii elektrycznej, wody zimnej i ciepłej oraz podzielniki centralnego ogrzewania. Lokale są gotowe do zamieszkania lub natychmiastowego wynajmu! OPIS INWESTYCJI: - Gotowy produkt inwestycyjny - kupujesz i od razu wynajmujesz. - ROI szacowane jest na poziomie ~8-10% rocznie przy wynajmie długoterminowym. Co ważne, w tej lokalizacji istnieje stały popyt na wynajem długoterminowy ze względu na niewielką odległość do uczelni wyższych i centrum Katowic, ale ze względu na lokalizację istnieje też spory potencjał w zakresie najmu krótkoterminowego, który pozwoli uzyskać znacznie wyższy stopień zwrotu z inwestycji. FORMA WŁASNOŚCI: - Księga wieczysta (bez obciążeń) - pełna własność z możliwością zakupu również na kredyt. Ogłoszenie prywatne, sprzedaż bezpośrednia - brak prowizji od transakcji! Zapraszam do kontaktu w celu uzyskania szczegółów oraz umówienia się na prezentację. Ogłoszenie dodane do wielu portali nieruchomości przez portal www.odwlasciciela.pl",,,aneks,,własność,,50.264999,19.024
Katowice Szopienice,ul. Przelotowa,1,35,154000,4400.0,bez pośredników,,8,https://adresowo.pl/o/mieszkanie-katowice-szopienice-ul-przelotowa-1-pokoj-v9u0n8,https://s2.adresowa.pl/oi/6e/4e/378396_fed2_cover@2x-1-pokojowe-mieszkanie-katowice-szopienice-ul-przelotowa.webp,Katowice Szopienice,Przelotowa,parter,1910.0,kamienica,,"Oferujemy do sprzedaży mieszkanie w kamienicy przy ul. Przelotowej w Katowicach (dzielnica Szopienice). Lokal znajduje się na parterze i posiada powierzchnię 35 m2. Na tę przestrzeń składa się: - duży pokój o powierzchni 22,07 m2, - kuchnia z łazienką o łącznej powierzchni 12,93 m2. Mieszkanie stwarza możliwości własnej aranżacji. Jest to idealne miejsce dla osoby, która ma pomysł, jak urządzić mieszkanie według swojej wizji i potrzeb. W cenie mieszkania oferujemy również dużą komórkę lokatorską o powierzchni 12,21 m2. Kamienica składa się z 14 lokali. W chwili obecnej do sprzedaży pozostają 4 mieszkania i 1 lokal usługowy (wykaz w galerii zdjęć). Lokale posiadają doskonały potencjał inwestycyjny. Kamienica świetnie zlokalizowana. Okolica bardzo zielona. W Szopienicach na granicy Katowic znajduje się zespół kilku stawów - Borki, Morawa, Stawiki oraz 4 stawy Hubertus. Lokalizacja zapewnia świetną infrastrukturę miejską: - szkoły, - przedszkola, - liceum, - galerie handlowe, - sklepy, - bliskość przystanków tramwajowych i autobusowych. Zachęcam do spotkania i oglądnięcia wszystkich dostępnych lokali. Zakup bezpośrednio od właściciela, bez konieczności ponoszenia kosztów związanych z pośrednictwem. Osoby zainteresowane proszę o kontakt pod numerem tel. Rafał",tak,,osobna,,,,50.262001037598,19.104000091553
Katowice Bogucice,ul. Nowa,2,32,270000,8438.0,bez pośredników,,5,https://adresowo.pl/o/mieszkanie-katowice-bogucice-ul-nowa-2-pokojowe-e1x9y5,https://s2.adresowa.pl/oi/2a/29/36b616_8f00_cover@2x-2-pokojowe-mieszkanie-katowice-bogucice-ul-nowa.webp,Katowice Bogucice,Nowa,parter,,blok,,"OGŁOSZENIE BEZPOŚREDNIE - BEZ PROWIZJI Mieszkanie o powierzchni 32 m kwadratowych znajduje się na parterze w 3-piętrowym budynku z cegły. W mieszkaniu znajduje się: - duży pokój z aneksem kuchennym, - łazienka z prysznicem i WC, - osobna sypialnia. Mieszkanie posiada pełne niezbędne wyposażenie. Do mieszkania przynależy piwnica o powierzchni 10 m kwadratowych. Czynsz do spółdzielni wynosi 360 zł.",tak,,aneks,,,,50.264999,19.024
Katowice Ochojec,ul. Marcina Radockiego,1,38,350000,9211.0,bez pośredników,,20,https://adresowo.pl/o/mieszkanie-katowice-ochojec-ul-marcina-radockiego-1-pokoj-m8j6z6,https://s2.adresowa.pl/oi/49/76/36b230_5589_cover@2x-1-pokojowe-mieszkanie-katowice-ochojec-ul-marcina-radockiego.webp,Katowice Ochojec,Marcina Radockiego,3,1985.0,blok,,"Na sprzedaż komfortowe mieszkanie 38 metrów, składa się z dużego pokoju, otwartej kuchni- salonu, dużej łazienki. Mieszkanie w bardzo dobrym standardzie, po kapitalnym remoncie, na bierząco odświeżane, gotowe do zamieszkania. Duży balkon, klimatyzacja i pomieszczenie gospodarcze w piwnicy, usytuowane na 3 piętrze, w budynku z windą. Centralne ogrzewanie i ciepła woda z sieci miejskiej. Niski czynsz, w tej chwili to 590 zł i jest to kwota ze wszystkimi zaliczkami i innymi opłatami. Mieszkanie znajduje się w południowej dzielnicy Katowic Piotrowice/Ochojec. Zadbane osiedle, pełne zieleni, 500 metrów od Bazantowa, tuż obok las. Dokładna lokalizacja Ul. Radockiego 202. Osiedle zadbane z pełną infrastrukturą, żłobki, przedszkole, szkoła, przychodnia, Biedronka, Netto i inne sklepy, 500 metrów galeria Manhattan, nieopodal Libero, Kaufland i wiele innych. Świetne miejsce do życia. Dużo zieleni i przestrzeni.",tak,tak,aneks,plastikowe,spółdzielcze własnościowe,Wyposażenie: klimatyzacja,50.264999389648,19.024000167847
Katowice Bogucice,ul. Nadgórników,2,45,770000,17111.0,bez pośredników,,20,https://adresowo.pl/o/mieszkanie-katowice-bogucice-ul-nadgornikow-2-pokojowe-l0q6s1,https://s2.adresowa.pl/oi/18/67/3644ea_ee1b_cover@2x-2-pokojowe-mieszkanie-katowice-bogucice-ul-nadgornikow.webp,Katowice Bogucice,Nadgórników,5,2025.0,apartamentowiec,,"Na sprzedaż nowe, umeblowany apartament 45 m² – Katowice, ul. Nagórników 14 NOHO Na sprzedaż nowoczesne, w pełni umeblowany apartament o powierzchni 45 m², położone w atrakcyjnej lokalizacji – Katowice, ul. Nagórników 14. Opis mieszkania: ✅ Powierzchnia: 45 m² ✅ Liczba pokoi: 2 ✅ Piętro: 5 ✅ Stan: Nowe, gotowe do zamieszkania ✅ Balkon/taras: Tak 11m2 ✅ Miejsce parkingowe: Tak (za dodatkową opłatą) Mieszkanie składa się z przestronnego salonu z aneksem kuchennym, sypialni, nowoczesnej łazienki oraz przedpokoju. Wnętrza zostały zaprojektowane z dbałością o detale, w nowoczesnym stylu, z wysokiej jakości materiałów. W pełni wyposażona kuchnia (lodówka, piekarnik, płyta indukcyjna, zmywarka) oraz stylowe meble sprawiają, że mieszkanie jest gotowe do wprowadzenia się od zaraz. Lokalizacja: Mieszkanie znajduje się w spokojnej, dobrze skomunikowanej dzielnicy Katowic. W pobliżu: ✔ Parki i tereny zielone – idealne do rekreacji ✔ Sklepy, restauracje, punkty usługowe ✔ Przystanki komunikacji miejskiej (autobusy, tramwaje) ✔ Bliskość centrum Katowic oraz szybki dojazd do autostrady Cena: 770 000PLN Zapraszam do kontaktu i na prezentację!",tak,,osobna,,własność,"Wyposażenie: lodówka, piekarnik, zmywarka",50.264999,19.035999
Katowice Śródmieście,ul. Zabrska,1,26,489000,18808.0,bez pośredników,,12,https://adresowo.pl/o/mieszkanie-katowice-srodmiescie-ul-zabrska-1-pokoj-i3y2s0,https://s2.adresowa.pl/oi/17/61/360ce4_d456_cover@2x-1-pokojowe-mieszkanie-katowice-srodmiescie-ul-zabrska.webp,Katowice Śródmieście,Zabrska,18,,apartamentowiec,,"Do sprzedania nowy, pięknie urządzony i wykończony pod klucz apartament, znajdujący się w samym ścisłym centrum Katowic, zlokalizowany w prestiżowym budynku Global przy ul. Zabrskiej, usytuowany na 18. piętrze, a jego metraż liczy 26,44 m2. Jest to idealna oferta dla osób, które pragną zamieszkać w świetnej, nowoczesnej lokalizacji, którą cechuje wyjątkowy komfort oraz nowoczesny design połączony z modną, ekskluzywną architekturą. W samym apartamencie zadbano o najwyższe standardy wykończenia, które cechuje niepowtarzalna harmonia oraz komfort. Elementem wnętrza jest duże przeszklenie rozciągające się na całą ścianę, które napełnia przestrzeń naturalnym, ciepłym światłem. Apartament w pełni umeblowany, mogący także posłużyć jako wynajem długoterminowy. Istnieje także możliwość zakupu miejsca parkingowego w cenie 65 000 tyś.",,,,,własność,,50.263,19.013
Katowice Śródmieście,al. Wojciecha Korfantego,3,46,350000,7609.0,bez pośredników,,8,https://adresowo.pl/o/mieszkanie-katowice-srodmiescie-al-wojciecha-korfantego-3-pokojowe-i2y3r1,https://s2.adresowa.pl/oi/74/6e/3572cc_958d_cover@2x-3-pokojowe-mieszkanie-katowice-srodmiescie-al-wojciecha-korfantego.webp,Katowice Śródmieście,Wojciecha Korfantego,9,1969.0,blok,,"Sprzedam mieszkanie: Superjednostka, M4, 46,8 m2. Trzy pokoje z wystawą zachodnią, piętro 9. Piękny widok na całe centrum miasta Katowic. Duży, długi balkon z 10m długości. Widok na Chorzów w kierunku Parku Śląskiego oraz na Galerię Katowicką.",,,osobna,drewniane,spółdzielcze własnościowe,,50.263861,19.021165
Katowice os. Tysiąclecia,ul. Tysiąclecia,2,50,399000,7980.0,bez pośredników,,8,https://adresowo.pl/o/mieszkanie-katowice-os-tysiaclecia-ul-tysiaclecia-2-pokojowe-k5i5i6,https://s2.adresowa.pl/oi/30/72/354096_9d66_cover@2x-2-pokojowe-mieszkanie-katowice-os-tysiaclecia-ul-tysiaclecia.webp,Katowice os. Tysiąclecia,Tysiąclecia,4,1968.0,blok,,"Oferuję na sprzedaż mieszkanie własnościowe o powierzchni 50 m2, położone w Katowicach na os. Tysiąclecia przy ul. Tysiąclecia, usytuowane na czwartym piętrze. Nieruchomość posiada pełną własność wraz z księgą wieczystą. Mieszkanie składa się z: - przestronnego, klimatyzowanego salonu wraz z aneksem kuchennym, z panoramicznymi oknami z wejściem na duży balkon, - jasnej sypialni, - przytulnej łazienki z wanną narożną, - oraz z przedpokoju z szafami w zabudowie. Zabudowa kuchenna w trakcie realizacji wraz z urządzeniami AGD w zabudowie. Przeprowadzony remont obejmował: - wymianę instalacji elektrycznej oraz wodno-kanalizacyjnej wraz z wymianą pionów głównych, - wymianę paneli oraz malowanie, - podłączenie klimatyzacji, - wymianę grzejników. Mieszkanie posiada ogrzewanie centralne. Ciepłą wodę zapewnia przepływowy podgrzewacz wody. Do mieszkania prowadzi klatka schodowa oraz dwie windy. Wejście do budynku jest zabezpieczone domofonem, przed nim znajduje się parking dla mieszkańców ogrodzony szlabanem. Budynek mieszkalny przeszedł remont i termomodernizację. Nieruchomość jest otoczona zielenią, dodatkowym atutem jest bliskość do Parku Śląskiego. Lokalizacja zapewnia dostęp do wszelkich usług, jak sklepy, apteki, kluby fitness, szkoły itp. Miejsce dla ludzi ceniących przestrzeń, komfort oraz świetną lokalizację. Zapraszam do kontaktu.",,,aneks,,własność,,50.278999,18.973
Katowice Śródmieście,ul. Warszawska,3,104,650000,6250.0,bez pośredników,,13,https://adresowo.pl/o/mieszkanie-katowice-srodmiescie-ul-warszawska-3-pokojowe-p8f8y9,https://s2.adresowa.pl/oi/69/57/34f30a_fc1a_cover@2x-3-pokojowe-mieszkanie-katowice-srodmiescie-ul-warszawska.webp,Katowice Śródmieście,Warszawska,4,1900.0,kamienica,,"Witam sprzedam mieszkanie 104m2 w Katowicach ul. Warszawska, piwnica plus parking. Wyremontowana klatka schodowa (przez klatkę od licznika do mieszkania puszczony już nowy przewód elektryczny 5x16). Do końca roku najemcy. 4 miesiące temu zamontowany nowy piec który ogrzeje w przyszłości 4 mieszkania. Posiadam projekt podział na 4 kawalerki bez ingerencji w ściany nośne. Aktualny stan mieszkania oceniam na dobry. Można mieszkać bez wykonywania remontu. Drzwi wejściowe wymienione na nowe. Oferta prywatna bez opłat pośrednika.",tak,,osobna,plastikowe,własność,,50.257999,19.034
Katowice Brynów,ul. Rolna,2,34,260000,7647.0,bez pośredników,,13,https://adresowo.pl/o/mieszkanie-katowice-brynow-ul-rolna-2-pokojowe-h4n5r3,https://s2.adresowa.pl/oi/57/55/34655c_83bd_cover@2x-2-pokojowe-mieszkanie-katowice-brynow-ul-rolna.webp,Katowice Brynów,Rolna,3,1980.0,blok,,Mieszkanie w bloku w stanie b dobrym po remoncie Tylko do odnowienia Instalacja stan b dobry. Domofon. Instalacja RTV Przystanki autobusowe koło domu Sieć sklepów w pobliżu. Blisko do parku i terenów zielonych.,tak,,osobna,plastikowe,spółdzielcze własnościowe,Wyposażenie: tv,50.23099899292,18.983999252319
Katowice os. Tysiąclecia,ul. Chorzowska,2,43,690000,16047.0,bez pośredników,,5,https://adresowo.pl/o/mieszkanie-katowice-os-tysiaclecia-ul-chorzowska-2-pokojowe-i1k8k9,https://s2.adresowa.pl/oi/75/4b/33947e_781a_cover@2x-2-pokojowe-mieszkanie-katowice-os-tysiaclecia-ul-chorzowska.webp,Katowice os. Tysiąclecia,Chorzowska,11,,apartamentowiec,,"Luksusowo wykończone mieszkanie na 11. piętrze w kompleksie ""4 Wieże"" przy ul. Chorzowskiej 212, składające się z pokoju z aneksem kuchennym, sypialni, łazienki i przedpokoju o łącznej pow. 43,37 m2, oraz przynależnych do tego lokalu komórki na II kondygnacji o pow. 4,24 m2 i pomieszczenia o pow. 8,41 na III kondygnacji, czyli o łącznej powierzchni użytkowej 56,02 m2, oraz balkonu o pow. 5,02 m2. Mieszkanie wyposażone w najwyższej jakości sprzęt AGD. Czynsz ok. 850 zł zawiera opłaty za ciepłą wodę, ogrzewanie, wywóz śmieci, koszty f. remontowego i zarządu. Dostępne od zaraz. Ulica Chorzowska 212.",,,aneks,,,,50.272998809814,18.989999771118
Katowice Muchowiec,ul. Szybowcowa,3,72,1086061,15084.0,bez pośredników,,20,https://adresowo.pl/o/mieszkanie-katowice-muchowiec-ul-szybowcowa-3-pokojowe-e9w9q4,https://s2.adresowa.pl/oi/73/51/3325f8_4a92_cover@2x-3-pokojowe-mieszkanie-katowice-muchowiec-ul-szybowcowa.webp,Katowice Muchowiec,Szybowcowa,4,2023.0,apartamentowiec,,"FRANCUSKA PARK / NEW 3 ROOMS APARTMENT / HIGH QUALITY / ORIGINAL DESIGN MODERN-RETRO OFERTA PRYWATNA, BEZPOŚREDNIO OD WŁAŚCICIELA! NOWE MIESZKANIE POD KLUCZ - PO REMONCIE! LAKRU DESIGN! Do sprzedania 3-pokojowe mieszkanie o powierzchni 72,89 m2, w pełni umeblowane i wyposażone, obejmujące również home-staging. Mieszkanie projektowane w stylu MODERN i RETRO, wykończone na wysoki standard. W skład mieszkania wchodzą: • Pokój dzienny (salon) z aneksem kuchennym - 29,24 m2 • Sypialnia główna - 11,13 m2 • Sypialnia (biuro / pokój dziecka) - 10,69 m2 • Łazienka - 3,99 m2 • WC - 2,24 m2 • Przedpokój 1 - 5,23 m2 • Przedpokój 2 - 5,28 m2 • Garderoba - 2,06 m2 • Ścianki działowe - 3,03 m2 CAŁKOWITA POWIERZCHNIA UŻYTKOWA ZAPISANA W KW: 72,89 m2 DODATKOWO: • Balkon - 4,87 m2 • Komórka lokatorska w hali garażowej (dodatkowo płatne 15 tys. zł) • Miejsce garażowe podziemne (dodatkowo płatne 50 tys. zł) OPIS WYKOŃCZENIA / REMONTU: • Na podłodze klejona deska drewniana (salon / sypialnia główna / sypialnia dodatkowa). • Klimatyzacja strefowa (salon / sypialnia główna). • W łazience wanna z funkcją prysznica. • Oddzielna toaleta. • Zabudowa meblowa na wymiar z frontami akrylowymi. • Oddzielna garderoba. • Gładzie na ścianach. • Wszystkie nowe grzejniki. • Pełne wyposażenie AGD: lodówka, zmywarka 60 cm, płyta indukcyjna, piekarnik, zabudowany okap, w łazience pralko-suszarka, w salonie TV 65 cali. LOKALIZACJA: Mieszkanie znajduje się na osiedlu Atal Francuska Park, położone w Dolinie Trzech Stawów, które jest idealnym miejscem do spędzania czasu wolnego. Dodatkowo, lokalizacja świetnie skomunikowana (szybkie drogi A4, 86, 81), a jednocześnie blisko centrum Katowic. W okolicy pełna infrastruktura handlowo-usługowa: szkoły, przedszkola, apteka, kościół, przychodnia, restauracje, siłownie. Kupując to mieszkanie, będą mieli Państwo wszystko pod ręką. DOSTĘPNOŚĆ: Mieszkanie jest dostępne od zaraz! KONTAKT: Kontakt możliwy w każdym dniu tygodnia, w godzinach 9-21 pod numerem tel. GORĄCO POLECAM i ZAPRASZAM DO OGLĄDANIA PIOTR --- FRANCUSKA PARK / NEW 3 ROOMS APARTMENT / HIGH QUALITY / ORIGINAL DESIGN MODERN-RETRO PRIVATE OFFER, DIRECTLY FROM THE OWNER! NEW APARTMENT - AFTER FULL RENOVATION! LAKRU DESIGN! For sale: 3-rooms apartment with an area of 72.89 m2, fully equipped and furnished, including home staging. Apartment designed in the MODERN and RETRO style, finished to a high standard. The apartment consists of: • Living room (salon) with kitchenette - 29.24 m2 • Master bedroom - 11.13 m2 • Bedroom (office/children's room) - 10.69 m2 • Bathroom - 3.99 m2 • Toilet - 2.24 m2 • Hallway 1 - 5.23 m2 • Hallway 2 - 5.28 m2 • Wardrobe - 2.06 m2 • Partition walls - 3.03 m2 TOTAL USABLE AREA RECORDED IN THE KW: 72.89 m2 ADDITIONALLY: • Balcony - 4.87 m2 • Storage room in the garage hall (additionally payable PLN 15,000) • Underground garage space (additionally payable PLN 50,000) DESCRIPTION FINISHING / RENOVATION: • Glued wooden board on the floor (living room / master bedroom / additional bedroom). • Zone air conditioning (living room / master bedroom). • In the bathroom, a bath with shower function. • Separate toilet. • Custom-made furniture with acrylic fronts. • Separate wardrobe. • Smoothing on the walls. • All new radiators. • Full household appliances: fridge, 60cm dishwasher, induction hob, oven, built-in hood, washer-dryer in the bathroom, 65-inch TV in the living room. LOCATION: The apartment is in the Atal Francuska Park estate, located in the Three Ponds Valley, which is an ideal place to spend free time. In addition, the location is very well connected (fast roads A4, 86, 81), and at the same time close to the center of Katowice. Full commercial and service infrastructure in the area: schools, kindergartens, pharmacy, church, clinic, restaurants, gyms. By purchasing this apartment, you will have everything at your fingertips. AVAILABILITY: The apartment is available immediately! CONTACT: Contact is possible every day of the week, from 9 am to 9 pm at the phone number. I HIGHLY RECOMMEND AND INVITE YOU TO VIEW PIOTR",tak,tak,aneks,,własność,"Wyposażenie: klimatyzacja, lodówka, piekarnik, suszarka, tv, zmywarka",50.243999481201,19.030000686646
Katowice Dąb,pl. Bolesława Chrobrego,2,50,408000,8160.0,bez pośredników,,8,https://adresowo.pl/o/mieszkanie-katowice-dab-pl-boleslawa-chrobrego-2-pokojowe-k0p4m9,https://s2.adresowa.pl/oi/41/5e/32f17e_37b7_cover@2x-2-pokojowe-mieszkanie-katowice-dab-pl-boleslawa-chrobrego.webp,Katowice Dąb,pl. Bolesława Chrobrego,7,1977.0,blok,,"Oferuję na sprzedaż bardzo funkcjonalne 2-pokojowe mieszkanie. Agencją dziękujemy. Dostępne od zaraz! Otoczenie: Mieszkanie znajduje się na Osiedlu Tysiąclecia na ul. Bolesława Chrobrego. Okolica jest bardzo zielona. W sąsiedztwie znajduję się Park Śląski, liczne żłobki, przedszkola, szkoły, place zabaw, sklepy (m.in. Lidl, Biedronka), McDonald’s. Okolica doskonała na spacery, bieganie lub wycieczki rowerowe. Mieszkanie jest bardzo dobrze skomunikowane. Blisko znajdują się przystanki tramwajowe oraz autobusowe. Mieszkanie: Odnowione, gładzie tynkowe, instalacja elektryczna miedziana, panele i okna. Przestronne mieszkanie, umeblowane z dużą ilością zabudowanych schowków. - Powierzchnia: 50,5 m2 - Liczba pokoi: 2 - Piętro: 7 - Salon - Sypialnia - Kuchnia - Łazienka - Garderoba - Przedpokój - Balkon na długość całego mieszkania - Komórka lokatorska z półkami na tym samym piętrze - Piwnica - Parking za szlabanem pod blokiem - Czynsz: 630 zł - Forma własności: Mieszkanie spółdzielcze własnościowe Dodatkowe informacje: - Okna: PCV (Nowe) - Podłogi: panele - Budynek: Wielka płyta - Winda: są dwie - Ogrzewanie: miejskie - Gaz - Piwnica: jest Treść niniejszego ogłoszenia nie stanowi oferty handlowej w rozumieniu Kodeksu Cywilnego.",tak,,osobna,plastikowe,spółdzielcze własnościowe,,50.264999,19.024
Katowice Śródmieście,ul. Barbary,2,45,370000,8222.0,bez pośredników,,9,https://adresowo.pl/o/mieszkanie-katowice-srodmiescie-ul-barbary-2-pokojowe-a7l5j1,https://s2.adresowa.pl/oi/36/2f/324a66_d2f7_cover@2x-2-pokojowe-mieszkanie-katowice-srodmiescie-ul-barbary.webp,Katowice Śródmieście,Barbary,parter,,kamienica,,"Mieszkanie składa się z 2 pokoi: pokój dzienny, sypialnia, kuchnia, łazienka (wyremontowana z kabiną prysznicową), przedpokoju. Mieszkanie po remoncie (parkiet, kafle, odmalowane ściany); wymienione wszystkie instalacje oraz okna; nowa kuchnia wraz ze sprzętem kuchennym (płyta, zlew z baterią, lodówka); ogrzewanie własne gazowe. W bliskim sąsiedztwie znajduje się: - sklep, - Akademia Wychowania Fizycznego, - przystanek autobusowy oraz tramwajowy. Przed kamienicą znajdują się miejsca parkingowe.",,,,,,Wyposażenie: lodówka,50.250999450684,19.006000518799
Katowice,Ligota,1,31,264000,8516.0,bez pośredników,,8,https://adresowo.pl/o/mieszkanie-katowice-ligota-1-pokoj-31-m2-c0n0g4,https://s2.adresowa.pl/oi/5e/2f/313060_d2dd_cover@2x-1-pokojowe-mieszkanie-katowice-ligota.webp,Katowice Ligota,,parter,,blok,,"Sprzedam mieszkanie: jeden pokój, łazienka i kuchnia z oknem, 31,5 m2. - Mieszkanie własnościowe (księga wieczysta). - Pod zarządem wspólnoty mieszkaniowej. - Opłata miesięczna: 175 zł (w tym fundusz remontowy, media opomiarowane osobno). - Budynek ocieplony. - Wysoki parter. - Okna nowe PCV. - Podwójne drzwi. - Podłoga: w pokoju parkiet przykryty panelami, w pozostałych pomieszczeniach kafelki. - Ogrzewanie gazowe. - Bardzo dobrze skomunikowane. - W okolicy: sklepy, poczta, przystanki autobusowe, lokale gastronomiczne. - Niedaleko park Zadole.",,,,,,,50.222999572754,18.97500038147
Katowice Zawodzie,ul. Bohaterów Monte Cassino,2,51,420000,8235.0,bez pośredników,,8,https://adresowo.pl/o/mieszkanie-katowice-zawodzie-ul-bohaterow-monte-cassino-2-pokojowe-w4r7c7,https://s2.adresowa.pl/oi/3e/72/30b180_940e_cover@2x-2-pokojowe-mieszkanie-katowice-zawodzie-ul-bohaterow-monte-cassino.webp,Katowice Zawodzie,Bohaterów Monte Cassino,10,,blok,,"Sprzedam słoneczne mieszkanie 51m2 ( okna wychodzą na zachód- południe) w Katowicach na osiedlu Zawodzie. Piętro 10 w 11-to piętrowym bloku. Blok usytuowany w atrakcyjnej lokalizacji - w sąsiedztwie żłobek, przychodnia, szkoła, przedszkole, place zabaw, blisko uczelnia ekonomiczna, blisko przystanki autobusowe i tramwajowe. Idealne do mieszkania lub pod wynajem. Mieszkanie składa się z kuchni, wc, łazienki, balkonu, sypialni i dużego salonu ocieplonego wewnętrznie ( możliwość wygospodarowania drugiej sypialni). Na podłogach w kuchni, łazience i wc płytki , w pokojach i przedpokoju panele, gladzie we wszystkich pomieszczeniach. Klatka w bloku po remoncie, blok po termomodernizacji. CO miejskie,ciepła woda z sieci. Do mieszkania przynależy piwnica. Okna pcv, drzwi zewnetrzne nowe, drzwi lazienka i wc do wymiany. Pod budynkiem dużo miejsc parkingowych (bardzo blisko parkingi strzeżone za opłatą). Mieszkanie częściowo umeblowane. Pośrednikom dziękuję - nie jestem zainteresowany współpracą.",tak,,,,,,50.261001586914,19.052000045776
Katowice Ligota,ul. Ostrawska,3,47,636000,13532.0,bez pośredników,,6,https://adresowo.pl/o/mieszkanie-katowice-ligota-ul-ostrawska-3-pokojowe-w4p5k6,https://s2.adresowa.pl/oi/7c/3b/2cba8c_29f0_cover@2x-3-pokojowe-mieszkanie-katowice-ligota-ul-ostrawska.webp,Katowice Ligota,Ostrawska,2,2024.0,blok,,"Z przyjemnością prezentujemy Państwu na sprzedaż przestronne mieszkanie o powierzchni 47,32 m2 w malowniczej dzielnicy Katowice – Ligota (Budynek A, ul. Ostrowska 1, 40-233 Katowice) otoczonej zielenią. Ta urocza nieruchomość to doskonała okazja dla osób poszukujących komfortowego miejsca do życia. Metraż: 47,32 m2 Piętro: II Balkon: 9,14 m2 Miejsce garażowe: P 81 Komórka lokatorska: 3,24 m2 Inne udogodnienia: winda, plac zabaw Rozkład pomieszczeń: Sypialnia: 9,58 m2 Pokój: 6,05 m2 Pokój dzienny z aneksem kuchennym: 18,49 m2 Przedpokój: 9,72 m2 Łazienka:3,16 m2 Ponadto, do nieruchomości przynależy komórka lokatorska o powierzchni 3,24 m2. Niewątpliwym plusem jest również balkon o powierzchni 9,14 m2, na którym można cieszyć się poranną kawą lub wieczornym relaksem zarówno z sypialni, jak i z aneksu kuchennego. Nieruchomość znajduje się na drugim piętrze, co dodaje uroku i zapewnia spokój, jednocześnie będąc blisko wszystkich udogodnień i atrakcji Katowic – restauracji, sklepów, parków i komunikacji miejskiej. Dodatkowym do mieszkania przynależy miejsce garażowe (P 81), ( koszt 45 000 zł). Jeśli szukasz wyjątkowego miejsca, które oferuje komfort, spokój i możliwość własnej aranżacji, to to mieszkanie spełni Twoje oczekiwania. Zapraszamy do kontaktu w celu uzyskania więcej informacji.",tak,,aneks,,własność,,50.231998443604,18.971000671387
Katowice Giszowiec,ul. Wojciecha,3,53,387000,7302.0,bez pośredników,,5,https://adresowo.pl/o/mieszkanie-katowice-giszowiec-ul-wojciecha-3-pokojowe-a9t7p7,https://s2.adresowa.pl/oi/27/6c/2b38ce_5ca4_cover@2x-3-pokojowe-mieszkanie-katowice-giszowiec-ul-wojciecha.webp,Katowice Giszowiec,Wojciecha,10,1976.0,blok,,"Mieszkanie świetnie zlokalizowane, z prawej strony dwupasmówki Katowice Tychy– las natomiast z drugiej centra handlowe, kościół, przychodnie zdrowia,etc.",tak,tak,osobna,plastikowe,spółdzielcze własnościowe,,50.264999389648,19.024000167847
Katowice Śródmieście,ul. Zabrska,1,43,419000,9744.0,bez pośredników,,6,https://adresowo.pl/o/mieszkanie-katowice-srodmiescie-ul-zabrska-1-pokoj-o6v7a6,https://s2.adresowa.pl/oi/24/32/292020_f9b1_cover@2x-1-pokojowe-mieszkanie-katowice-srodmiescie-ul-zabrska.webp,Katowice Śródmieście,Zabrska,2,,kamienica,,"Sprzedam w pełni urządzone mieszkanie o powierzchni 43 m2, położone na drugim piętrze w budynku pięciokondygnacyjnym. Składa się ono z przedpokoju, łazienki, pokoju dziennego, kuchni , jadalni. Pomieszczenia urządzone są komfortowo, z dużą dbałością o szczegóły. Kuchnia jest kompletnie umeblowana (piekarnik, lodówka, meble w zabudowie). Kamienica znajduję się ok 400 m od nowego dworca PKS, 500 m od dworca PKP i blisko Galerii Katowickiej. W lokalu istnieje możliwość prowadzenia działalności usługowej np biuro firmy, kancelaria etc W budynku znajduję się winda .",,,,,,"Wyposażenie: lodówka, piekarnik",50.262001,19.013
Katowice Śródmieście,ul. Tadeusza Kościuszki,3,71,490000,6901.0,bez pośredników,,18,https://adresowo.pl/o/mieszkanie-katowice-srodmiescie-ul-tadeusza-kosciuszki-3-pokojowe-w1u8d4,https://s2.adresowa.pl/oi/33/5e/27e5b2_f1f7_cover@2x-3-pokojowe-mieszkanie-katowice-srodmiescie-ul-tadeusza-kosciuszki.webp,Katowice Śródmieście,Tadeusza Kościuszki,2,1894.0,kamienica,,"Proszę o kontakt w tygodniu po 14:00 lub w weekend oraz proszę by biura nieruchomości nie dzwoniły. Sprzedam mieszkanie prawie cale po generalnym remoncie (od 2016 jedno pomieszczenie w roku). Mieszkanie jest na drugim piętrze, jest bezczynszowe. W cenie prywatne miejsce postojowe na podwórku. Mieszkanie jest blisko dworca kolejowego, ul. Tadeusza Kościuszki 14 blisko skrzyżowania z ul. Andrzeja. W mieszkaniu brak gazu ale jest on w kamienicy. Ogrzewanie elektryczne piecami akumulacyjnymi. Utrzymując ok 20st zimą zużywamy ok 6500kWh na rok. Udział w kamienicy to ok 8%. W mieszkaniu wymieniono okna na trzyszybowe od ulicy i dwuszybowe od podwórka oraz drzwi wejściowe w 2015/16r. Wymieniono drzwi wejściowe i pokojowe na szerokość 90cm. Kuchnia z meblami, a pokoje bez mebli. Mieszkanie bez sprzętu AGD i bez RTV. W kamienicy jest również piwnica i strych. Prawie wszędzie obniżone i ocieplone sufity. Do wymiany tylko jedna podłoga w salonie (wszystkie wyremontowane podłogi mają włożoną wełnę między legarami) i ewentualnie do odświeżenia łazienka. Przy remoncie wymieniona instalacja wodna i kanalizacyjna. Obecne opłaty to ok 500zl za utrzymanie kamienicy, woda ok 17zl za m3 oraz ok 40zl od osoby za śmieci i ok 500zl miesięcznie za prąd. Koszt na całą rodzinę to ok 1200zl na miesiąc. https://kosciuszki.medialabkatowice.eu/?places=Ko%C5%9Bciuszki%2014&amp;order=topic Konkretne oferty można wysyłać na adres",tak,tak,osobna,plastikowe,własność,Wyposażenie: tv,50.256001,19.018999
Katowice Koszutka,ul. Brzozowa,6,140,860000,6143.0,bez pośredników,,30,https://adresowo.pl/o/mieszkanie-katowice-koszutka-ul-brzozowa-6-pokojowe-m0h4x7,https://s2.adresowa.pl/oi/59/33/20aa52_aa6a_cover@2x-6-pokojowe-mieszkanie-katowice-koszutka-ul-brzozowa.webp,Katowice Koszutka,Brzozowa,2,1940.0,kamienica,,Witam serdecznie Sprzedam 2 lokale mieszkalne każde po 70m2 w Katowicach ul Brzozowa 10 Pierwszy lokal 2 piętro a drugi suterena z oknami w każdym pomieszczeniu po kapitalnym remoncie Inwestycja Roczny dochód 55.000 z lokatorami Lokale są bezczynszowe. Jedna księga wieczysta. Dodatkowo możliwość dokupienia działki około 210 m2 ogródek - dzialka granicząca z budynkiem Ogłoszenie Prywatne. Serdecznie zapraszam,tak,,,,własność,,50.27,19.031
