locality,street,rooms,area,price_total_zl,price_sqm_zl,owner_type,date_posted,photo_count,url,image_url,city_district,full_address,floor,year_built,building_type,price_per_sqm_detailed,description_text,has_basement,has_parking,kitchen_type,window_type,ownership_type,equipment,latitude,longitude
Łódź Śródmieście,ul. Solna,3.0,54.0,459000.0,8500.0,Bez pośredników,ponad tydzień temu,9.0,https://adresowo.pl/o/mieszkanie-lodz-srodmiescie-ul-solna-3-pokojowe-c5s9x1,https://s2.adresowa.pl/oi/63/31/3b3116_3619_cover-3-pokojowe-mieszkanie-lodz-srodmiescie-ul-solna.jpg,,,10,1900.0,blok,,,,,,,,,,
Łódź Radogoszcz,ul. Aroniowa,3.0,76.0,799000.0,10512.0,Bez pośredników,wczorajnowe,25.0,https://adresowo.pl/o/mieszkanie-lodz-radogoszcz-ul-aroniowa-3-pokojowe-t0a6h4,https://s2.adresowa.pl/oi/53/7e/3b9c12_e770_cover-3-pokojowe-mieszkanie-lodz-radogoszcz-ul-aroniowa.jpg,,,parter,2018.0,kamienica,,,,,,,,,,
Łódź Polesie,Retkińska,2.0,43.0,330500.0,7686.0,Bez pośredników,wczorajnowe,6.0,https://adresowo.pl/o/mieszkanie-lodz-polesie-retkinska-2-pokojowe-e5y2c1,https://s2.adresowa.pl/oi/58/68/3b9bac_4613_cover-2-pokojowe-mieszkanie-lodz-polesie-retkinska.jpg,,,parter,2022.0,kamienica,,,,,,,,,,
Łódź Górna,ul. Tadeusza Czackiego,3.0,70.0,589000.0,8414.0,Bez pośredników,wczorajnowe,7.0,https://adresowo.pl/o/mieszkanie-lodz-gorna-ul-tadeusza-czackiego-3-pokojowe-y9x1o7,https://s2.adresowa.pl/oi/64/30/3b9b60_b80e_cover-3-pokojowe-mieszkanie-lodz-gorna-ul-tadeusza-czackiego.jpg,,,parter,1980.0,blok,,,,,,,,,51.735676,19.457036
Łódź Widzew,ul. Listopadowa,2.0,40.0,440000.0,11000.0,Bez pośredników,3 dni temu,14.0,https://adresowo.pl/o/mieszkanie-lodz-widzew-ul-listopadowa-2-pokojowe-d0d8r3,https://s2.adresowa.pl/oi/37/1a/3b98d2_4a55_cover-2-pokojowe-mieszkanie-lodz-widzew-ul-listopadowa.jpg,,,parter,2014.0,blok,,,,,,,,,,
Łódź Polesie,al. Unii Lubelskiej,2.0,52.0,420000.0,8077.0,Bez pośredników,3 dni temu,8.0,https://adresowo.pl/o/mieszkanie-lodz-polesie-al-unii-lubelskiej-2-pokojowe-f7b1c8,https://s2.adresowa.pl/oi/7c/26/3b97c2_c3ec_cover-2-pokojowe-mieszkanie-lodz-polesie-al-unii-lubelskiej.jpg,,,parter,,blok,,,,,,,,,51.767124,19.421505
Łódź Bałuty,ul. Traktorowa,2.0,45.0,422000.0,9378.0,Bez pośredników,3 dni temu,19.0,https://adresowo.pl/o/mieszkanie-lodz-baluty-ul-traktorowa-2-pokojowe-j9b9z5,https://s2.adresowa.pl/oi/2c/41/3b97aa_ecb3_cover-2-pokojowe-mieszkanie-lodz-baluty-ul-traktorowa.jpg,,,parter,,blok,,,,,,,,,,
Łódź,ul. Tatrzańska,2.0,39.0,384000.0,9846.0,Oferta biura nieruchomości,5 dni temu,9.0,https://adresowo.pl/o/mieszkanie-lodz-ul-tatrzanska-2-pokojowe-d3a6r7,https://s2.adresowa.pl/oi/2d/57/3b89d8_bd3e_cover-2-pokojowe-mieszkanie-lodz-ul-tatrzanska.jpg,,,parter,1975.0,blok,,,,,,,,,51.733772,19.493948
Łódź Chojny,ul. Sąsiedzka,2.0,47.0,489000.0,10404.0,Oferta biura nieruchomości,5 dni temu,10.0,https://adresowo.pl/o/mieszkanie-lodz-chojny-ul-sasiedzka-2-pokojowe-a0x8k9,https://s2.adresowa.pl/oi/27/54/3b84d0_5dfa_cover-2-pokojowe-mieszkanie-lodz-chojny-ul-sasiedzka.jpg,,,parter,2022.0,blok,,,,,,,,,,
Łódź Polesie,ul. Wioślarska,2.0,44.0,409000.0,9295.0,Bez pośredników,3 dni temu,30.0,https://adresowo.pl/o/mieszkanie-lodz-polesie-ul-wioslarska-2-pokojowe-d2v5e7,https://s2.adresowa.pl/oi/3e/40/3b97a6_b62a_cover-2-pokojowe-mieszkanie-lodz-polesie-ul-wioslarska.jpg,,,3,,blok,,,,,,,,,,
Łódź Górna,ul. Stanisława Przybyszewskiego,2.0,36.0,306000.0,8500.0,Bez pośredników,3 dni temu,4.0,https://adresowo.pl/o/mieszkanie-lodz-gorna-ul-stanislawa-przybyszewskiego-2-pokojowe-z1k9e1,https://s2.adresowa.pl/oi/71/5b/3b951a_45a0_cover-2-pokojowe-mieszkanie-lodz-gorna-ul-stanislawa-przybyszewskiego.jpg,,,parter,1950.0,blok,,,,,,,,,,
Łódź Widzew,ul. Służbowa,3.0,62.0,510000.0,8214.0,Bez pośredników,3 dni temu,8.0,https://adresowo.pl/o/mieszkanie-lodz-widzew-ul-sluzbowa-3-pokojowe-a7n3b2,https://s2.adresowa.pl/oi/3c/41/3b9460_e5c2_cover-3-pokojowe-mieszkanie-lodz-widzew-ul-sluzbowa.jpg,,,1986,1986.0,blok,,,,,,,,,,
Łódź Śródmieście,ul. Gdańska,2.0,38.0,333000.0,8763.0,Oferta biura nieruchomości,6 dni temu,17.0,https://adresowo.pl/o/mieszkanie-lodz-srodmiescie-ul-gdanska-2-pokojowe-q5d2w5,https://s2.adresowa.pl/oi/51/6a/3b8194_8780_cover-2-pokojowe-mieszkanie-lodz-srodmiescie-ul-gdanska.jpg,,,1900,1900.0,blok,,,,,,,,,51.777329,19.447641
Łódź Górna,ul. gen. Jarosława Dąbrowskiego,3.0,50.0,395000.0,7957.0,Oferta biura nieruchomości,ponad tydzień temu,13.0,https://adresowo.pl/o/mieszkanie-lodz-gorna-ul-gen-jaroslawa-dabrowskiego-3-pokojowe-s9h2h6,https://s2.adresowa.pl/oi/17/59/3b7c16_b23d_cover-3-pokojowe-mieszkanie-lodz-gorna-ul-gen-jaroslawa-dabrowskiego.jpg,,,6,1964.0,blok,,,,,,,,,51.736508,19.498722
Łódź Chojny,ul. Rentowna,3.0,64.0,600000.0,9375.0,Bez pośredników,3 dni temu,8.0,https://adresowo.pl/o/mieszkanie-lodz-chojny-ul-rentowna-3-pokojowe-i0y2t6,https://s2.adresowa.pl/oi/5f/61/3b9416_f792_cover-3-pokojowe-mieszkanie-lodz-chojny-ul-rentowna.jpg,,,600,,blok,,,,,,,,,51.720875,19.481237
Łódź Śródmieście,ul. Piotrkowska,3.0,85.0,730000.0,8588.0,Bez pośredników,3 dni temu,2.0,https://adresowo.pl/o/mieszkanie-lodz-srodmiescie-ul-piotrkowska-3-pokojowe-h5c0i8,https://s2.adresowa.pl/oi/24/6f/3b93f8_872b_cover-3-pokojowe-mieszkanie-lodz-srodmiescie-ul-piotrkowska.jpg,,,parter,1911.0,kamienica,,,,,,,,,51.760568,19.458254
Łódź Śródmieście,ul. Stefana Żeromskiego,1.0,20.0,230000.0,11500.0,Bez pośredników,4 dni temu,6.0,https://adresowo.pl/o/mieszkanie-lodz-srodmiescie-ul-stefana-zeromskiego-1-pokoj-r1f1l4,https://s2.adresowa.pl/oi/1d/20/3b9230_35d2_cover-1-pokojowe-mieszkanie-lodz-srodmiescie-ul-stefana-zeromskiego.jpg,,,parter,,kamienica,,,,,,,,,51.762494,19.44787
Łódź,ul. Drewnowska,1.0,37.0,263500.0,7199.0,Oferta biura nieruchomości,ponad tydzień temu,6.0,https://adresowo.pl/o/mieszkanie-lodz-ul-drewnowska-1-pokoj-l8u5w7,https://s2.adresowa.pl/oi/5a/26/3b7b46_81de_cover-1-pokojowe-mieszkanie-lodz-ul-drewnowska.jpg,,,parter,,kamienica,,,,,,,,,51.781515,19.444785
Łódź Retkinia,ul. Maratońska,2.0,42.0,349000.0,8227.0,Oferta biura nieruchomości,ponad tydzień temu,8.0,https://adresowo.pl/o/mieszkanie-lodz-retkinia-ul-maratonska-2-pokojowe-j6d3s7,https://s2.adresowa.pl/oi/10/6f/3b7b48_fa7a_cover-2-pokojowe-mieszkanie-lodz-retkinia-ul-maratonska.jpg,,,1972,1972.0,blok,,,,,,,,,,
Łódź Radogoszcz,ul. Nastrojowa,2.0,50.0,465000.0,9300.0,Bez pośredników,4 dni temu,9.0,https://adresowo.pl/o/mieszkanie-lodz-radogoszcz-ul-nastrojowa-2-pokojowe-n5i9t7,https://s2.adresowa.pl/oi/6f/3b/3b9088_e0d7_cover-2-pokojowe-mieszkanie-lodz-radogoszcz-ul-nastrojowa.jpg,,,parter,,blok,,,,,,,,,51.819222,19.442464
Łódź Polesie,ul. Krzysztofa Cedry,2.0,35.0,380000.0,10857.0,Bez pośredników,4 dni temu,8.0,https://adresowo.pl/o/mieszkanie-lodz-polesie-ul-krzysztofa-cedry-2-pokojowe-k4r6q7,https://s2.adresowa.pl/oi/37/6c/3b8df6_fd69_cover-2-pokojowe-mieszkanie-lodz-polesie-ul-krzysztofa-cedry.jpg,,,parter,,blok,,,,,,,,,51.783779,19.388481
Łódź,ul. Stefana Jaracza,2.0,64.0,434520.0,6800.0,Oferta biura nieruchomości,ponad tydzień temu,10.0,https://adresowo.pl/o/mieszkanie-lodz-ul-stefana-jaracza-2-pokojowe-w7w2r9,https://s2.adresowa.pl/oi/3e/53/3b7b3e_6a2d_cover-2-pokojowe-mieszkanie-lodz-ul-stefana-jaracza.jpg,,,4,,blok,,,,,,,,,51.773125,19.460666
Łódź Żubardź,ul. Wielkopolska,2.0,38.0,262000.0,6853.0,Oferta biura nieruchomości,ponad tydzień temu,6.0,https://adresowo.pl/o/mieszkanie-lodz-zubardz-ul-wielkopolska-2-pokojowe-v3u5x1,https://s2.adresowa.pl/oi/2a/40/3b7b18_7099_cover-2-pokojowe-mieszkanie-lodz-zubardz-ul-wielkopolska.jpg,,,1968,1968.0,blok,,,,,,,,,,
Łódź Bałuty,ul. Wawelska,2.0,34.0,290000.0,8529.0,Bez pośredników,4 dni temu,8.0,https://adresowo.pl/o/mieszkanie-lodz-baluty-ul-wawelska-2-pokojowe-f2w1h2,https://s2.adresowa.pl/oi/6b/78/3b8dd2_f8e1_cover-2-pokojowe-mieszkanie-lodz-baluty-ul-wawelska.jpg,,,3,1980.0,blok,,,,,,,,,51.790531,19.456085
Łódź Bałuty,ul. Okopowa,1.0,33.0,415000.0,12433.0,Bez pośredników,4 dni temu,8.0,https://adresowo.pl/o/mieszkanie-lodz-baluty-ul-okopowa-1-pokoj-g0m6k3,https://s2.adresowa.pl/oi/4f/27/3b8d3a_d699_cover-1-pokojowe-mieszkanie-lodz-baluty-ul-okopowa.jpg,,,3,2019.0,blok,,,,,,,,,,
Łódź Bałuty,"ul. Organizacji ""Wolność i Niezawisłość""",3.0,52.0,419000.0,8058.0,Bez pośredników,5 dni temu,6.0,https://adresowo.pl/o/mieszkanie-lodz-baluty-ul-organizacji-wolnosc-i-niezawislosc-3-pokojowe-u4n8s0,https://s2.adresowa.pl/oi/6b/4f/3b8b76_d1b1_cover-3-pokojowe-mieszkanie-lodz-baluty-ul-organizacji-wolnosc-i-niezawislosc-.jpg,,,2,1966.0,blok,,,,,,,,,51.788297,19.462868
Łódź Radogoszcz,ul. Nastrojowa,2.0,50.0,385000.0,7715.0,Oferta biura nieruchomości,ponad tydzień temu,11.0,https://adresowo.pl/o/mieszkanie-lodz-radogoszcz-ul-nastrojowa-2-pokojowe-k9i8b9,https://s2.adresowa.pl/oi/23/7c/3b7b1a_9e3b_cover-2-pokojowe-mieszkanie-lodz-radogoszcz-ul-nastrojowa.jpg,,,parter,1979.0,blok,,,,,,,,,,
Łódź Bałuty,ul. Zgierska,1.0,29.0,206000.0,7028.0,Oferta biura nieruchomości,ponad tydzień temu,14.0,https://adresowo.pl/o/mieszkanie-lodz-baluty-ul-zgierska-1-pokoj-m2e8g3,https://s2.adresowa.pl/oi/65/25/3b75a0_e328_cover-1-pokojowe-mieszkanie-lodz-baluty-ul-zgierska.jpg,,,parter,,blok,,,,,,,,,51.795379,19.447455
Łódź Polesie,ul. Lipowa,1.0,26.0,299000.0,11549.0,Bez pośredników,5 dni temu,3.0,https://adresowo.pl/o/mieszkanie-lodz-polesie-ul-lipowa-1-pokoj-o1d0d2,https://s2.adresowa.pl/oi/65/7d/3b8ac4_7136_cover-1-pokojowe-mieszkanie-lodz-polesie-ul-lipowa.jpg,,,299,2026.0,blok,,,,,,,,,51.767012,19.444778
Łódź Górna,ul. Rolnicza,1.0,38.0,348000.0,9233.0,Bez pośredników,5 dni temu,12.0,https://adresowo.pl/o/mieszkanie-lodz-gorna-ul-rolnicza-1-pokoj-a2t7i7,https://s2.adresowa.pl/oi/31/42/3b14aa_f319_cover-1-pokojowe-mieszkanie-lodz-gorna-ul-rolnicza.jpg,,,3,1989.0,kamienica,,,,,,,,,51.722875,19.496252
Łódź Śródmieście,ul. Piotrkowska,6.0,206.0,1550000.0,7525.0,Oferta biura nieruchomości,ponad tydzień temu,20.0,https://adresowo.pl/o/mieszkanie-lodz-srodmiescie-ul-piotrkowska-6-pokojowe-i2s4u9,https://s2.adresowa.pl/oi/39/4c/3b7162_a9c6_cover-6-pokojowe-mieszkanie-lodz-srodmiescie-ul-piotrkowska.jpg,,,3,2012.0,kamienica,,,,,,,,,51.7631,19.45741
Łódź,ul. Marysińska,2.0,47.0,360000.0,7725.0,Oferta biura nieruchomości,ponad tydzień temu,14.0,https://adresowo.pl/o/mieszkanie-lodz-ul-marysinska-2-pokojowe-z3b8s1,https://s2.adresowa.pl/oi/50/15/3b6cd2_ac7b_cover-2-pokojowe-mieszkanie-lodz-ul-marysinska.jpg,,,parter,1975.0,blok,,,,,,,,,,
Łódź Żabieniec,ul. Turoszowska,2.0,44.0,370000.0,8409.0,Bez pośredników,5 dni temu,8.0,https://adresowo.pl/o/mieszkanie-lodz-zabieniec-ul-turoszowska-2-pokojowe-b6t2o4,https://s2.adresowa.pl/oi/14/31/3b8882_4a62_cover-2-pokojowe-mieszkanie-lodz-zabieniec-ul-turoszowska.jpg,,,parter,1960.0,blok,,,,,,,,,,
Łódź Julianów,ul. Łagiewnicka,3.0,53.0,530000.0,10000.0,Bez pośredników,5 dni temu,8.0,https://adresowo.pl/o/mieszkanie-lodz-julianow-ul-lagiewnicka-3-pokojowe-l5v5e1,https://s2.adresowa.pl/oi/32/16/3b880a_b2a6_cover-3-pokojowe-mieszkanie-lodz-julianow-ul-lagiewnicka.jpg,,,parter,,blok,,,,,,,,,,
Łódź Teofilów,ul. Łanowa,1.0,26.0,220000.0,8462.0,Bez pośredników,5 dni temu,8.0,https://adresowo.pl/o/mieszkanie-lodz-teofilow-ul-lanowa-1-pokoj-m0w7n3,https://s2.adresowa.pl/oi/20/57/3b85fc_d227_cover-1-pokojowe-mieszkanie-lodz-teofilow-ul-lanowa.jpg,,,parter,,blok,,,,,,,,,,
Łódź Śródmieście,ul. Pilota Stanisława Wigury,3.0,61.0,490000.0,8051.0,Oferta biura nieruchomości,ponad tydzień temu,15.0,https://adresowo.pl/o/mieszkanie-lodz-srodmiescie-ul-pilota-stanislawa-wigury-3-pokojowe-s9y0k4,https://s2.adresowa.pl/oi/13/54/3b6b1c_61fd_cover-3-pokojowe-mieszkanie-lodz-srodmiescie-ul-pilota-stanislawa-wigury.jpg,,,parter,1980.0,kamienica,,,,,,,,,,
Łódź,ul. Pienista,3.0,74.0,739400.0,10000.0,Oferta biura nieruchomości,ponad tydzień temu,12.0,https://adresowo.pl/o/mieszkanie-lodz-ul-pienista-3-pokojowe-d9c2k4,https://s2.adresowa.pl/oi/5e/63/3b68fa_4445_cover-3-pokojowe-mieszkanie-lodz-ul-pienista.jpg,,,parter,2014.0,kamienica,,,,,,,,,51.735879,19.407552
Łódź,ul. dr. Adama Próchnika,4.0,91.0,730000.0,8003.0,Bez pośredników,ponad miesiąc temu,10.0,https://adresowo.pl/o/mieszkanie-lodz-ul-dr-adama-prochnika-4-pokojowe-keihix,https://s2.adresowa.pl/oi/9/6d/22484_e25_cover-4-pokojowe-mieszkanie-lodz-ul-dr-adama-prochnika.jpg,,,parter,1938.0,kamienica,,,,,,,,,51.773998,19.443001
Łódź Śródmieście,ul. Ludwika Zamenhofa,2.0,134.0,1099000.0,8201.0,Bez pośredników,5 dni temu,1.0,https://adresowo.pl/o/mieszkanie-lodz-srodmiescie-ul-ludwika-zamenhofa-2-pokojowe-x8q7q3,https://s2.adresowa.pl/oi/4f/45/3b84ca_2d85_cover-2-pokojowe-mieszkanie-lodz-srodmiescie-ul-ludwika-zamenhofa.jpg,,,1,,kamienica,,,,,,,,,51.761928,19.452907
Łódź Bałuty,ul. Wojska Polskiego,2.0,47.0,360000.0,7660.0,Bez pośredników,5 dni temu,18.0,https://adresowo.pl/o/mieszkanie-lodz-baluty-ul-wojska-polskiego-2-pokojowe-k5p4k4,https://s2.adresowa.pl/oi/17/21/3b8422_4347_cover-2-pokojowe-mieszkanie-lodz-baluty-ul-wojska-polskiego.jpg,,,1,1950.0,blok,,,,,,,,,,
Łódź,ul. gen. Józefa Bema,2.0,61.0,639900.0,10525.0,Oferta biura nieruchomości,ponad tydzień temu,12.0,https://adresowo.pl/o/mieszkanie-lodz-ul-gen-jozefa-bema-2-pokojowe-b8j3n0,https://s2.adresowa.pl/oi/63/34/3b68f0_4752_cover-2-pokojowe-mieszkanie-lodz-ul-gen-jozefa-bema.jpg,,,7,2011.0,blok,,,,,,,,,,
Łódź,pl. Wolności,2.0,57.0,450000.0,7852.0,Oferta biura nieruchomości,ponad tydzień temu,9.0,https://adresowo.pl/o/mieszkanie-lodz-pl-wolnosci-2-pokojowe-g6a2t2,https://s2.adresowa.pl/oi/22/4f/3b68e8_31c9_cover-2-pokojowe-mieszkanie-lodz-pl-wolnosci.jpg,,,4,1978.0,blok,,,,,,,,,51.777076,19.455054
Łódź Radogoszcz,ul. Pstrągowa,3.0,60.0,495000.0,8223.0,Bez pośredników,5 dni temu,11.0,https://adresowo.pl/o/mieszkanie-lodz-radogoszcz-ul-pstragowa-3-pokojowe-z1e0k9,https://s2.adresowa.pl/oi/64/3a/3b83fa_9298_cover-3-pokojowe-mieszkanie-lodz-radogoszcz-ul-pstragowa.jpg,,,parter,1987.0,blok,,,,,,,,,,
Łódź Dąbrowa,ul. Władysława Broniewskiego,2.0,36.0,255000.0,7021.0,Bez pośredników,6 dni temu,7.0,https://adresowo.pl/o/mieszkanie-lodz-dabrowa-ul-wladyslawa-broniewskiego-2-pokojowe-v6q4l7,https://s2.adresowa.pl/oi/71/35/3b83be_cfdf_cover-2-pokojowe-mieszkanie-lodz-dabrowa-ul-wladyslawa-broniewskiego.jpg,,,4,1966.0,blok,,,,,,,,,,
Łódź Bałuty,ul. Szewska,3.0,59.0,525000.0,8898.0,Bez pośredników,6 dni temu,8.0,https://adresowo.pl/o/mieszkanie-lodz-baluty-ul-szewska-3-pokojowe-j0s8w7,https://s2.adresowa.pl/oi/7b/3c/3b838c_820f_cover-3-pokojowe-mieszkanie-lodz-baluty-ul-szewska.jpg,,,525,1973.0,blok,,,,,,,,,51.797012,19.456551
Łódź,ul. Senatorska,3.0,60.0,709000.0,11817.0,Oferta biura nieruchomości,ponad tydzień temu,10.0,https://adresowo.pl/o/mieszkanie-lodz-ul-senatorska-3-pokojowe-n9p3i8,https://s2.adresowa.pl/oi/1a/78/3b68ec_72c9_cover-3-pokojowe-mieszkanie-lodz-ul-senatorska.jpg,,,7,2021.0,blok,,,,,,,,,51.748813,19.479248
Łódź Polesie,ul. Cmentarna,1.0,35.0,210000.0,6017.0,Oferta biura nieruchomości,ponad tydzień temu,10.0,https://adresowo.pl/o/mieszkanie-lodz-polesie-ul-cmentarna-1-pokoj-a4w7v8,https://s2.adresowa.pl/oi/43/23/3b68e6_c98d_cover-1-pokojowe-mieszkanie-lodz-polesie-ul-cmentarna.jpg,,,parter,,kamienica,,,,,,,,,51.775207,19.443342
Łódź Górna,ul. Rzgowska,2.0,54.0,470000.0,8704.0,Bez pośredników,6 dni temu,3.0,https://adresowo.pl/o/mieszkanie-lodz-gorna-ul-rzgowska-2-pokojowe-n3n7r0,https://s2.adresowa.pl/oi/7b/24/3b8226_c467_cover-2-pokojowe-mieszkanie-lodz-gorna-ul-rzgowska.jpg,,,54,,blok,,,,,,,,,,
Łódź Bałuty,ul. Łanowa,2.0,37.0,270000.0,7297.0,Bez pośredników,6 dni temu,14.0,https://adresowo.pl/o/mieszkanie-lodz-baluty-ul-lanowa-2-pokojowe-o5r1v6,https://s2.adresowa.pl/oi/4e/3c/3b81de_5771_cover-2-pokojowe-mieszkanie-lodz-baluty-ul-lanowa.jpg,,,2,1980.0,blok,,,,,,,,,,
Łódź Żabieniec,ul. Turoszowska,2.0,43.0,279000.0,6565.0,Oferta biura nieruchomości,ponad tydzień temu,7.0,https://adresowo.pl/o/mieszkanie-lodz-zabieniec-ul-turoszowska-2-pokojowe-x3c9t7,https://s2.adresowa.pl/oi/37/2d/3b68da_363a_cover-2-pokojowe-mieszkanie-lodz-zabieniec-ul-turoszowska.jpg,,,parter,,blok,,,,,,,,,51.791102,19.412616
Łódź Śródmieście,ul. Henryka Sienkiewicza,3.0,60.0,555000.0,9289.0,Bez pośredników,6 dni temu,16.0,https://adresowo.pl/o/mieszkanie-lodz-srodmiescie-ul-henryka-sienkiewicza-3-pokojowe-o7q2y7,https://s2.adresowa.pl/oi/13/16/3b8196_59a6_cover-3-pokojowe-mieszkanie-lodz-srodmiescie-ul-henryka-sienkiewicza.jpg,,,11,1978.0,blok,,,,,,,,,,
Łódź Śródmieście,ul. Piotrkowska,3.0,61.0,485000.0,7951.0,Bez pośredników,6 dni temu,6.0,https://adresowo.pl/o/mieszkanie-lodz-srodmiescie-ul-piotrkowska-3-pokojowe-e0w0w7,https://s2.adresowa.pl/oi/6f/29/3b80fa_6125_cover-3-pokojowe-mieszkanie-lodz-srodmiescie-ul-piotrkowska.jpg,,,parter,1980.0,kamienica,,,,,,,,,,
Łódź Bałuty,ul. Młynarska,2.0,40.0,392000.0,9849.0,Oferta biura nieruchomości,ponad tydzień temu,13.0,https://adresowo.pl/o/mieszkanie-lodz-baluty-ul-mlynarska-2-pokojowe-n3n7n0,https://s2.adresowa.pl/oi/70/7f/3b68d6_9aa2_cover-2-pokojowe-mieszkanie-lodz-baluty-ul-mlynarska.jpg,,,3,1960.0,blok,,,,,,,,,,
Łódź,ul. Jana Matejki,2.0,49.0,600000.0,12270.0,Oferta biura nieruchomości,ponad tydzień temu,11.0,https://adresowo.pl/o/mieszkanie-lodz-ul-jana-matejki-2-pokojowe-c9f3i1,https://s2.adresowa.pl/oi/62/1c/3b68d2_b220_cover-2-pokojowe-mieszkanie-lodz-ul-jana-matejki.jpg,,,parter,2017.0,apartamentowiec,,,,,,,,,51.779977,19.483995
Łódź Śródmieście,ul. Wólczańska,3.0,89.0,1700000.0,19071.0,Bez pośredników,6 dni temu,15.0,https://adresowo.pl/o/mieszkanie-lodz-srodmiescie-ul-wolczanska-3-pokojowe-x2k7g8,https://s2.adresowa.pl/oi/5f/1a/3b8026_e192_cover-3-pokojowe-mieszkanie-lodz-srodmiescie-ul-wolczanska.jpg,,,1,2025.0,kamienica,,,,,,,,,51.755588,19.454869
Łódź Śródmieście,al. Tadeusza Kościuszki,1.0,24.0,275000.0,11569.0,Bez pośredników,6 dni temu,8.0,https://adresowo.pl/o/mieszkanie-lodz-srodmiescie-al-tadeusza-kosciuszki-1-pokoj-j2m0o1,https://s2.adresowa.pl/oi/2f/66/3b7fbe_a115_cover-1-pokojowe-mieszkanie-lodz-srodmiescie-al-tadeusza-kosciuszki.jpg,,,275,1984.0,blok,,,,,,,,,51.754438,19.457739
Łódź Widzew,ul. Niciarniana,2.0,45.0,349000.0,7756.0,Bez pośredników,6 dni temu,3.0,https://adresowo.pl/o/mieszkanie-lodz-widzew-ul-niciarniana-2-pokojowe-c8b2l6,https://s2.adresowa.pl/oi/16/2b/3b7ebc_a337_cover-2-pokojowe-mieszkanie-lodz-widzew-ul-niciarniana.jpg,,,3,,blok,,,,,,,,,51.762229,19.50844
Łódź Dąbrowa,ul. Gersona,3.0,56.0,416000.0,7429.0,Oferta biura nieruchomości,ponad tydzień temu,11.0,https://adresowo.pl/o/mieszkanie-lodz-dabrowa-ul-gersona-3-pokojowe-v4m0s5,https://s2.adresowa.pl/oi/6a/2a/3b68ca_981a_cover-3-pokojowe-mieszkanie-lodz-dabrowa-ul-gersona.jpg,,,4,1969.0,blok,,,,,,,,,51.730532,19.49306
Łódź Zarzew,ul. Gustawa Morcinka,3.0,47.0,439000.0,9297.0,Oferta biura nieruchomości,ponad tydzień temu,11.0,https://adresowo.pl/o/mieszkanie-lodz-zarzew-ul-gustawa-morcinka-3-pokojowe-j2x2q1,https://s2.adresowa.pl/oi/7b/30/3b68c2_dc3b_cover-3-pokojowe-mieszkanie-lodz-zarzew-ul-gustawa-morcinka.jpg,,,8,1970.0,blok,,,,,,,,,,
Łódź Polesie,al. Włókniarzy,1.0,29.0,355000.0,12241.0,Bez pośredników,6 dni temu,8.0,https://adresowo.pl/o/mieszkanie-lodz-polesie-al-wlokniarzy-1-pokoj-r2o4x8,https://s2.adresowa.pl/oi/31/59/3b7e3c_aafa_cover-1-pokojowe-mieszkanie-lodz-polesie-al-wlokniarzy.jpg,,,9,,blok,,,,,,,,,,
Łódź Śródmieście,al. Tadeusza Kościuszki,2.0,34.0,198000.0,5900.0,Bez pośredników,6 dni temu,5.0,https://adresowo.pl/o/mieszkanie-lodz-srodmiescie-al-tadeusza-kosciuszki-2-pokojowe-h6n1n8,https://s2.adresowa.pl/oi/60/63/3b7d84_3812_cover-2-pokojowe-mieszkanie-lodz-srodmiescie-al-tadeusza-kosciuszki.jpg,,,parter,,blok,,,,,,,,,51.767734,19.453482
Łódź Górna,ul. Sebastiana Felsztyńskiego,2.0,37.0,319000.0,8555.0,Bez pośredników,ponad tydzień temu,16.0,https://adresowo.pl/o/mieszkanie-lodz-gorna-ul-sebastiana-felsztynskiego-2-pokojowe-j0v0h9,https://s2.adresowa.pl/oi/62/35/3b7d32_b5bc_cover-2-pokojowe-mieszkanie-lodz-gorna-ul-sebastiana-felsztynskiego.jpg,,,parter,1968.0,kamienica,,,,,,,,,,
Łódź,ul. Słowiańska,1.0,27.0,379000.0,14243.0,Oferta biura nieruchomości,ponad tydzień temu,8.0,https://adresowo.pl/o/mieszkanie-lodz-ul-slowianska-1-pokoj-s2g2q1,https://s2.adresowa.pl/oi/3f/6c/3b68c4_81e0_cover-1-pokojowe-mieszkanie-lodz-ul-slowianska.jpg,,,parter,2023.0,blok,,,,,,,,,,
Łódź,park im. Jana Kilińskiego,2.0,50.0,299050.0,5999.0,Oferta biura nieruchomości,ponad tydzień temu,10.0,https://adresowo.pl/o/mieszkanie-lodz-park-im-jana-kilinskiego-2-pokojowe-j6k6w6,https://s2.adresowa.pl/oi/1d/45/3b68b8_f836_cover-2-pokojowe-mieszkanie-lodz-park-im-jana-kilinskiego.jpg,,,parter,1955.0,blok,,,,,,,,,51.764702,19.466562
Łódź Bałuty,ul. Lutomierska,2.0,34.0,355000.0,10441.0,Bez pośredników,ponad tydzień temu,8.0,https://adresowo.pl/o/mieszkanie-lodz-baluty-ul-lutomierska-2-pokojowe-n4o8q9,https://s2.adresowa.pl/oi/2c/31/3b7b96_767e_cover-2-pokojowe-mieszkanie-lodz-baluty-ul-lutomierska.jpg,,,parter,1992.0,blok,,,,,,,,,51.785555,19.436043
Łódź Górna,ul. Stefana Żeromskiego,2.0,53.0,340000.0,6415.0,Bez pośredników,ponad tydzień temu,9.0,https://adresowo.pl/o/mieszkanie-lodz-gorna-ul-stefana-zeromskiego-2-pokojowe-z9z5f9,https://s2.adresowa.pl/oi/36/22/3b7b4a_ec15_cover-2-pokojowe-mieszkanie-lodz-gorna-ul-stefana-zeromskiego.jpg,,,1,,kamienica,,,,,,,,,51.763502,19.447322
Łódź Łagiewniki,ul. Barokowa,3.0,68.0,674000.0,9985.0,Bez pośredników,ponad tydzień temu,6.0,https://adresowo.pl/o/mieszkanie-lodz-lagiewniki-ul-barokowa-3-pokojowe-l3q4t8,https://s2.adresowa.pl/oi/4f/40/3b7b0e_7ddf_cover-3-pokojowe-mieszkanie-lodz-lagiewniki-ul-barokowa.jpg,,,2,2024.0,blok,,,,,,,,,51.847443,19.469685
Łódź Retkinia,ul. Balonowa,3.0,61.0,619736.0,10100.0,Oferta biura nieruchomości,ponad tydzień temu,6.0,https://adresowo.pl/o/mieszkanie-lodz-retkinia-ul-balonowa-3-pokojowe-e6s6m6,https://s2.adresowa.pl/oi/11/60/3b68b6_d6a1_cover-3-pokojowe-mieszkanie-lodz-retkinia-ul-balonowa.jpg,,,parter,2026.0,blok,,,,,,,,,51.740492,19.389923
Łódź,ul. Pabianicka,2.0,50.0,490000.0,9808.0,Oferta biura nieruchomości,ponad tydzień temu,11.0,https://adresowo.pl/o/mieszkanie-lodz-ul-pabianicka-2-pokojowe-s3m4n7,https://s2.adresowa.pl/oi/47/42/3b68b0_37c5_cover-2-pokojowe-mieszkanie-lodz-ul-pabianicka.jpg,,,5,2011.0,blok,,,,,,,,,51.721904,19.442303
Łódź Górna,ul. Konstantego Ciołkowskiego,3.0,48.0,449000.0,9354.0,Bez pośredników,ponad tydzień temu,10.0,https://adresowo.pl/o/mieszkanie-lodz-gorna-ul-konstantego-ciolkowskiego-3-pokojowe-q1c5r5,https://s2.adresowa.pl/oi/36/62/3b7a28_95df_cover-3-pokojowe-mieszkanie-lodz-gorna-ul-konstantego-ciolkowskiego.jpg,,,6,1980.0,blok,,,,,,,,,51.728599,19.460215
Łódź,ul. Maratońska,3.0,59.0,729000.0,12356.0,Oferta biura nieruchomości,ponad tydzień temu,11.0,https://adresowo.pl/o/mieszkanie-lodz-ul-maratonska-3-pokojowe-m6k6m7,https://s2.adresowa.pl/oi/62/4c/3b68a4_50c1_cover-3-pokojowe-mieszkanie-lodz-ul-maratonska.jpg,,,parter,2024.0,blok,,,,,,,,,,
Łódź Górna,ul. Poli Gojawiczyńskiej,2.0,44.0,305000.0,6911.0,Oferta biura nieruchomości,ponad tydzień temu,7.0,https://adresowo.pl/o/mieszkanie-lodz-gorna-ul-poli-gojawiczynskiej-2-pokojowe-w8k0h9,https://s2.adresowa.pl/oi/78/66/3b68a8_d5fc_cover-2-pokojowe-mieszkanie-lodz-gorna-ul-poli-gojawiczynskiej.jpg,,,4,1964.0,blok,,,,,,,,,51.7179,19.48212
Łódź Radogoszcz,ul. Świtezianki,2.0,36.0,450000.0,12500.0,Bez pośredników,ponad tydzień temu,8.0,https://adresowo.pl/o/mieszkanie-lodz-radogoszcz-ul-switezianki-2-pokojowe-l8j4t1,https://s2.adresowa.pl/oi/1c/7b/3b7932_2d3e_cover-2-pokojowe-mieszkanie-lodz-radogoszcz-ul-switezianki.jpg,,,parter,2019.0,blok,,,,,,,,,,
Łódź Teofilów,ul. Traktorowa,2.0,38.0,290000.0,7709.0,Oferta biura nieruchomości,ponad tydzień temu,13.0,https://adresowo.pl/o/mieszkanie-lodz-teofilow-ul-traktorowa-2-pokojowe-e1c2s9,https://s2.adresowa.pl/oi/25/5b/3b68a2_c172_cover-2-pokojowe-mieszkanie-lodz-teofilow-ul-traktorowa.jpg,,,parter,1980.0,blok,,,,,,,,,,
Łódź Polesie,ul. gen. Lucjana Żeligowskiego,2.0,61.0,329000.0,5375.0,Oferta biura nieruchomości,ponad tydzień temu,7.0,https://adresowo.pl/o/mieszkanie-lodz-polesie-ul-gen-lucjana-zeligowskiego-2-pokojowe-i3t1x9,https://s2.adresowa.pl/oi/6a/3c/3b68a0_b90b_cover-2-pokojowe-mieszkanie-lodz-polesie-ul-gen-lucjana-zeligowskiego.jpg,,,2,,kamienica,,,,,,,,,51.767718,19.446971
Łódź Bałuty,ul. Rajska,1.0,36.0,288000.0,8000.0,Bez pośredników,ponad tydzień temu,6.0,https://adresowo.pl/o/mieszkanie-lodz-baluty-ul-rajska-1-pokoj-r0e9x3,https://s2.adresowa.pl/oi/4d/31/3b782a_b8ff_cover-1-pokojowe-mieszkanie-lodz-baluty-ul-rajska.jpg,,,3,1980.0,blok,,,,,,,,,51.796301,19.436807
Łódź Bałuty,ul. Nastrojowa,3.0,64.0,465000.0,7266.0,Bez pośredników,ponad tydzień temu,8.0,https://adresowo.pl/o/mieszkanie-lodz-baluty-ul-nastrojowa-3-pokojowe-l1p3s1,https://s2.adresowa.pl/oi/3c/6b/3b7732_dcdc_cover-3-pokojowe-mieszkanie-lodz-baluty-ul-nastrojowa.jpg,,,parter,,blok,,,,,,,,,51.821074,19.441882
Łódź Olechów,ul. Wacława Wojewódzkiego,2.0,54.0,560000.0,10294.0,Bez pośredników,ponad tydzień temu,7.0,https://adresowo.pl/o/mieszkanie-lodz-olechow-ul-waclawa-wojewodzkiego-2-pokojowe-r6c2u4,https://s2.adresowa.pl/oi/26/18/3b75fa_5f31_cover-2-pokojowe-mieszkanie-lodz-olechow-ul-waclawa-wojewodzkiego.jpg,,,2011,2011.0,blok,,,,,,,,,51.741482,19.574923
Łódź,ul. Ozorkowska,3.0,55.0,657000.0,11879.0,Oferta biura nieruchomości,ponad tydzień temu,8.0,https://adresowo.pl/o/mieszkanie-lodz-ul-ozorkowska-3-pokojowe-j2f9y7,https://s2.adresowa.pl/oi/45/65/3b689c_42bb_cover-3-pokojowe-mieszkanie-lodz-ul-ozorkowska.jpg,,,parter,2026.0,blok,,,,,,,,,51.745599,19.486431
Łódź,ul. Leopolda Staffa,2.0,40.0,316000.0,7900.0,Oferta biura nieruchomości,ponad tydzień temu,6.0,https://adresowo.pl/o/mieszkanie-lodz-ul-leopolda-staffa-2-pokojowe-b7g4c9,https://s2.adresowa.pl/oi/5b/1c/3b689e_be1f_cover-2-pokojowe-mieszkanie-lodz-ul-leopolda-staffa.jpg,,,parter,1962.0,blok,,,,,,,,,51.733761,19.498222
Łódź Radogoszcz,ul. Grudziądzka,2.0,50.0,374900.0,7468.0,Bez pośredników,ponad tydzień temu,6.0,https://adresowo.pl/o/mieszkanie-lodz-radogoszcz-ul-grudziadzka-2-pokojowe-r0j2o9,https://s2.adresowa.pl/oi/67/1e/3b75ae_31cf_cover-2-pokojowe-mieszkanie-lodz-radogoszcz-ul-grudziadzka.jpg,,,parter,,blok,,,,,,,,,51.79426,19.414107
Łódź Górna,ul. Stanisława Dubois,2.0,43.0,320000.0,7442.0,Bez pośredników,ponad tydzień temu,17.0,https://adresowo.pl/o/mieszkanie-lodz-gorna-ul-stanislawa-dubois-2-pokojowe-g1p3w8,https://s2.adresowa.pl/oi/68/26/3b7534_e9f4_cover-2-pokojowe-mieszkanie-lodz-gorna-ul-stanislawa-dubois.jpg,,,320,1960.0,blok,,,,,,,,,51.720087,19.41874
Łódź Bałuty,ul. Mikołaja Reja,2.0,36.0,295000.0,8229.0,Bez pośredników,ponad tydzień temu,12.0,https://adresowo.pl/o/mieszkanie-lodz-baluty-ul-mikolaja-reja-2-pokojowe-f4x2v3,https://s2.adresowa.pl/oi/27/54/3b74ea_b2a3_cover-2-pokojowe-mieszkanie-lodz-baluty-ul-mikolaja-reja.jpg,,,1,1954.0,blok,,,,,,,,,,
Łódź,ul. Piotrkowska,2.0,42.0,469000.0,11061.0,Oferta biura nieruchomości,ponad tydzień temu,8.0,https://adresowo.pl/o/mieszkanie-lodz-ul-piotrkowska-2-pokojowe-s6o3a0,https://s2.adresowa.pl/oi/6e/13/3b6896_9846_cover-2-pokojowe-mieszkanie-lodz-ul-piotrkowska.jpg,,,5,2021.0,blok,,,,,,,,,51.755552,19.459991
Łódź,ul. ks. bp. Wincentego Tymienieckiego,3.0,136.0,1363400.0,10000.0,Oferta biura nieruchomości,ponad tydzień temu,20.0,https://adresowo.pl/o/mieszkanie-lodz-ul-ks-bp-wincentego-tymienieckiego-3-pokojowe-k8s2w4,https://s2.adresowa.pl/oi/75/4f/3b6898_58c0_cover-3-pokojowe-mieszkanie-lodz-ul-ks-bp-wincentego-tymienieckiego.jpg,,,parter,2010.0,kamienica,,,,,,,,,51.752975,19.478505
Łódź Górna,ul. Juliana Ursyna Niemcewicza,3.0,48.0,320000.0,6633.0,Bez pośredników,ponad tydzień temu,16.0,https://adresowo.pl/o/mieszkanie-lodz-gorna-ul-juliana-ursyna-niemcewicza-3-pokojowe-t7d8x0,https://s2.adresowa.pl/oi/26/7c/3af186_af6d_cover-3-pokojowe-mieszkanie-lodz-gorna-ul-juliana-ursyna-niemcewicza.jpg,,,320,1970.0,blok,,,,,,,,,51.732445,19.471434
Łódź Widzew,ul. Stanisława Czernika,3.0,56.0,446113.0,7900.0,Bez pośredników,ponad tydzień temu,9.0,https://adresowo.pl/o/mieszkanie-lodz-widzew-ul-stanislawa-czernika-3-pokojowe-e7g5t6,https://s2.adresowa.pl/oi/7d/27/3b73a0_c90f_cover-3-pokojowe-mieszkanie-lodz-widzew-ul-stanislawa-czernika.jpg,,,parter,1979.0,blok,,,,,,,,,,
Łódź Koziny,ul. Wapienna,3.0,57.0,650000.0,11404.0,Bez pośredników,ponad tydzień temu,1.0,https://adresowo.pl/o/mieszkanie-lodz-koziny-ul-wapienna-3-pokojowe-m3n5g3,https://s2.adresowa.pl/oi/46/24/3b738c_4902_cover-3-pokojowe-mieszkanie-lodz-koziny-ul-wapienna.jpg,,,parter,1976.0,blok,,,,,,,,,51.776491,19.422591
Łódź Chojny,ul. Grażyny,1.0,32.0,330000.0,10313.0,Oferta biura nieruchomości,ponad tydzień temu,11.0,https://adresowo.pl/o/mieszkanie-lodz-chojny-ul-grazyny-1-pokoj-c3o3f3,https://s2.adresowa.pl/oi/71/6a/3b688c_93a9_cover-1-pokojowe-mieszkanie-lodz-chojny-ul-grazyny.jpg,,,1,2024.0,blok,,,,,,,,,,
Łódź Radogoszcz,ul. Nastrojowa,2.0,50.0,480000.0,9600.0,Bez pośredników,ponad tydzień temu,11.0,https://adresowo.pl/o/mieszkanie-lodz-radogoszcz-ul-nastrojowa-2-pokojowe-d8s9y4,https://s2.adresowa.pl/oi/47/20/3b71f8_6499_cover-2-pokojowe-mieszkanie-lodz-radogoszcz-ul-nastrojowa.jpg,,,parter,1985.0,blok,,,,,,,,,51.821074,19.441882
Łódź Widzew,ul. Mieczysławy Ćwiklińskiej,3.0,63.0,470000.0,7460.0,Bez pośredników,ponad tydzień temu,17.0,https://adresowo.pl/o/mieszkanie-lodz-widzew-ul-mieczyslawy-cwiklinskiej-3-pokojowe-b7q9o6,https://s2.adresowa.pl/oi/79/22/3b71da_d493_cover-3-pokojowe-mieszkanie-lodz-widzew-ul-mieczyslawy-cwiklinskiej.jpg,,,parter,1979.0,blok,,,,,,,,,51.755137,19.534501
Łódź Doły,ul. Przemysłowa,1.0,35.0,335000.0,9571.0,Bez pośredników,ponad tydzień temu,8.0,https://adresowo.pl/o/mieszkanie-lodz-doly-ul-przemyslowa-1-pokoj-u0c9q0,https://s2.adresowa.pl/oi/31/1f/3b6e20_3f97_cover-1-pokojowe-mieszkanie-lodz-doly-ul-przemyslowa.jpg,,,1,,blok,,,,,,,,,,
Łódź Julianów,ul. gen. Józefa Bema,4.0,99.0,1280000.0,12983.0,Oferta biura nieruchomości,ponad tydzień temu,18.0,https://adresowo.pl/o/mieszkanie-lodz-julianow-ul-gen-jozefa-bema-4-pokojowe-i5d1i3,https://s2.adresowa.pl/oi/78/63/3b687e_f5c8_cover-4-pokojowe-mieszkanie-lodz-julianow-ul-gen-jozefa-bema.jpg,,,parter,2017.0,kamienica,,,,,,,,,51.814821,19.444571
Łódź Górna,ul. Ignacego Paderewskiego,2.0,37.0,339000.0,9162.0,Bez pośredników,ponad tydzień temu,7.0,https://adresowo.pl/o/mieszkanie-lodz-gorna-ul-ignacego-paderewskiego-2-pokojowe-g6o4k8,https://s2.adresowa.pl/oi/11/2c/3b6d1c_d7aa_cover-2-pokojowe-mieszkanie-lodz-gorna-ul-ignacego-paderewskiego.jpg,,,339,1975.0,blok,,,,,,,,,51.726484,19.46583
Łódź,ul. Racjonalizatorów,2.0,48.0,330000.0,6876.0,Oferta biura nieruchomości,ponad tydzień temu,11.0,https://adresowo.pl/o/mieszkanie-lodz-ul-racjonalizatorow-2-pokojowe-x5n8k7,https://s2.adresowa.pl/oi/57/56/3b6876_51b6_cover-2-pokojowe-mieszkanie-lodz-ul-racjonalizatorow.jpg,,,parter,1956.0,blok,,,,,,,,,,
Łódź,park Stefana Żeromskiego,5.0,100.0,569000.0,5692.0,Oferta biura nieruchomości,ponad tydzień temu,13.0,https://adresowo.pl/o/mieszkanie-lodz-park-stefana-zeromskiego-5-pokojowe-w9u9m0,https://s2.adresowa.pl/oi/54/7a/3b687a_d356_cover-5-pokojowe-mieszkanie-lodz-park-stefana-zeromskiego.jpg,,,1947,1947.0,kamienica,,,,,,,,,,
Łódź Polesie,ul. Srebrzyńska,2.0,39.0,405000.0,10385.0,Bez pośredników,ponad tydzień temu,2.0,https://adresowo.pl/o/mieszkanie-lodz-polesie-ul-srebrzynska-2-pokojowe-v5o6u3,https://s2.adresowa.pl/oi/65/51/3b67be_9e0b_cover-2-pokojowe-mieszkanie-lodz-polesie-ul-srebrzynska.jpg,,,parter,2025.0,blok,,,,,,,,,,
Łódź Chojny,ul. Strzelecka,2.0,51.0,400000.0,7843.0,Bez pośredników,ponad tydzień temu,6.0,https://adresowo.pl/o/mieszkanie-lodz-chojny-ul-strzelecka-2-pokojowe-j4e0d6,https://s2.adresowa.pl/oi/54/4c/3b6704_8995_cover-2-pokojowe-mieszkanie-lodz-chojny-ul-strzelecka.jpg,,,parter,1985.0,blok,,,,,,,,,,
Łódź,ul. Tatrzańska,2.0,36.0,318000.0,8724.0,Oferta biura nieruchomości,ponad tydzień temu,8.0,https://adresowo.pl/o/mieszkanie-lodz-ul-tatrzanska-2-pokojowe-x4l7z5,https://s2.adresowa.pl/oi/3d/15/3b6872_59db_cover-2-pokojowe-mieszkanie-lodz-ul-tatrzanska.jpg,,,parter,1970.0,blok,,,,,,,,,51.742886,19.493301
Łódź Górna,ul. Stanisławy Leszczyńskiej,5.0,116.0,1150000.0,9957.0,Oferta biura nieruchomości,ponad tydzień temu,20.0,https://adresowo.pl/o/mieszkanie-lodz-gorna-ul-stanislawy-leszczynskiej-5-pokojowe-g7h9k5,https://s2.adresowa.pl/oi/1d/76/3b6874_7deb_cover-5-pokojowe-mieszkanie-lodz-gorna-ul-stanislawy-leszczynskiej.jpg,,,parter,1997.0,,,,,,,,,,51.70374,19.475469
Łódź Widzew,ul. Andrzeja Sacharowa,2.0,47.0,355000.0,7553.0,Bez pośredników,ponad tydzień temu,5.0,https://adresowo.pl/o/mieszkanie-lodz-widzew-ul-andrzeja-sacharowa-2-pokojowe-j5w9o7,https://s2.adresowa.pl/oi/6a/4b/3b66f4_4afd_cover-2-pokojowe-mieszkanie-lodz-widzew-ul-andrzeja-sacharowa.jpg,,,3,,blok,,,,,,,,,,
Łódź,ul. Emilii Sczanieckiej,1.0,41.0,420000.0,10244.0,Bez pośredników,ponad tydzień temu,8.0,https://adresowo.pl/o/mieszkanie-lodz-ul-emilii-sczanieckiej-1-pokoj-l2b7r5,https://s2.adresowa.pl/oi/6d/29/3b6636_477f_cover-1-pokojowe-mieszkanie-lodz-ul-emilii-sczanieckiej.jpg,,,4,,blok,,,,,,,,,51.704746,19.475695
Łódź Bałuty,ul. Franciszkańska,3.0,54.0,395000.0,7274.0,Bez pośredników,ponad tydzień temu,11.0,https://adresowo.pl/o/mieszkanie-lodz-baluty-ul-franciszkanska-3-pokojowe-n3m8s0,https://s2.adresowa.pl/oi/31/70/3b6548_50f0_cover-3-pokojowe-mieszkanie-lodz-baluty-ul-franciszkanska.jpg,,,1,1976.0,blok,,,,,,,,,51.797975,19.462586
Łódź,ul. Stanisława Popowskiego,2.0,34.0,289000.0,8571.0,Oferta biura nieruchomości,ponad tydzień temu,9.0,https://adresowo.pl/o/mieszkanie-lodz-ul-stanislawa-popowskiego-2-pokojowe-s9z3d3,https://s2.adresowa.pl/oi/67/47/3b686e_76c5_cover-2-pokojowe-mieszkanie-lodz-ul-stanislawa-popowskiego.jpg,,,1,1975.0,blok,,,,,,,,,,
Łódź,park im. Andrzeja Struga,5.0,144.0,2815000.0,19512.0,Oferta biura nieruchomości,ponad tydzień temu,10.0,https://adresowo.pl/o/mieszkanie-lodz-park-im-andrzeja-struga-5-pokojowe-n2e9u3,https://s2.adresowa.pl/oi/26/4b/3b6866_ac62_cover-5-pokojowe-mieszkanie-lodz-park-im-andrzeja-struga.jpg,,,2,,blok,,,,,,,,,51.762411,19.435114
Łódź Teofilów,ul. Traktorowa,1.0,27.0,220000.0,8215.0,Bez pośredników,ponad tydzień temu,8.0,https://adresowo.pl/o/mieszkanie-lodz-teofilow-ul-traktorowa-1-pokoj-e1b9w7,https://s2.adresowa.pl/oi/7d/21/3b6464_e29e_cover-1-pokojowe-mieszkanie-lodz-teofilow-ul-traktorowa.jpg,,,2,1967.0,blok,,,,,,,,,51.793095,19.395822
Łódź Śródmieście,ul. Piotrkowska,3.0,64.0,610000.0,9531.0,Bez pośredników,ponad tydzień temu,4.0,https://adresowo.pl/o/mieszkanie-lodz-srodmiescie-ul-piotrkowska-3-pokojowe-m4s2q8,https://s2.adresowa.pl/oi/51/49/3b5f40_e74c_cover-3-pokojowe-mieszkanie-lodz-srodmiescie-ul-piotrkowska.jpg,,,6,,blok,,,,,,,,,51.760568,19.458254
Łódź Widzew,ul. Jana Kilińskiego,2.0,51.0,749999.0,14706.0,Bez pośredników,ponad tydzień temu,12.0,https://adresowo.pl/o/mieszkanie-lodz-widzew-ul-jana-kilinskiego-2-pokojowe-d2w0j0,https://s2.adresowa.pl/oi/65/5c/3b5e64_34f4_cover-2-pokojowe-mieszkanie-lodz-widzew-ul-jana-kilinskiego.jpg,,,parter,2023.0,blok,,,,,,,,,,
Łódź Doły,ul. Młynarska,3.0,67.0,810000.0,12073.0,Oferta biura nieruchomości,ponad tydzień temu,13.0,https://adresowo.pl/o/mieszkanie-lodz-doly-ul-mlynarska-3-pokojowe-u4i3k9,https://s2.adresowa.pl/oi/38/1e/3b686a_dbfc_cover-3-pokojowe-mieszkanie-lodz-doly-ul-mlynarska.jpg,,,810,2021.0,blok,,,,,,,,,51.792133,19.458365
Łódź Śródmieście,ul. Gdańska,3.0,89.0,934000.0,10494.0,Bez pośredników,ponad tydzień temu,18.0,https://adresowo.pl/o/mieszkanie-lodz-srodmiescie-ul-gdanska-3-pokojowe-k5o4r7,https://s2.adresowa.pl/oi/39/7b/3b5dee_d810_cover-3-pokojowe-mieszkanie-lodz-srodmiescie-ul-gdanska.jpg,,,934,,,,,,,,,,,51.766829,19.449638
Łódź Dąbrowa,ul. Władysława Strzemińskiego,1.0,29.0,218000.0,7649.0,Bez pośredników,ponad tydzień temu,9.0,https://adresowo.pl/o/mieszkanie-lodz-dabrowa-ul-wladyslawa-strzeminskiego-1-pokoj-t0x5e8,https://s2.adresowa.pl/oi/6f/7c/3b5934_4756_cover-1-pokojowe-mieszkanie-lodz-dabrowa-ul-wladyslawa-strzeminskiego.jpg,,,4,1970.0,blok,,,,,,,,,,
Łódź Górna,ul. Kosmonautów,3.0,47.0,379000.0,8064.0,Bez pośredników,ponad tydzień temu,6.0,https://adresowo.pl/o/mieszkanie-lodz-gorna-ul-kosmonautow-3-pokojowe-b4d4k4,https://s2.adresowa.pl/oi/40/68/3b5806_9789_cover-3-pokojowe-mieszkanie-lodz-gorna-ul-kosmonautow.jpg,,,6,1960.0,blok,,,,,,,,,51.726323,19.450522
Łódź,ul. Juliana Tuwima,5.0,132.0,792000.0,5986.0,Oferta biura nieruchomości,ponad tydzień temu,10.0,https://adresowo.pl/o/mieszkanie-lodz-ul-juliana-tuwima-5-pokojowe-j0s7f4,https://s2.adresowa.pl/oi/57/69/3b6856_a36c_cover-5-pokojowe-mieszkanie-lodz-ul-juliana-tuwima.jpg,,,parter,,kamienica,,,,,,,,,51.766087,19.463664
Łódź Teofilów,ul. Aleksandrowska,2.0,45.0,289000.0,6394.0,Oferta biura nieruchomości,ponad tydzień temu,8.0,https://adresowo.pl/o/mieszkanie-lodz-teofilow-ul-aleksandrowska-2-pokojowe-f3o3x8,https://s2.adresowa.pl/oi/38/36/3b685c_b01c_cover-2-pokojowe-mieszkanie-lodz-teofilow-ul-aleksandrowska.jpg,,,parter,1968.0,blok,,,,,,,,,,
Łódź Górna,ul. Graniczna,2.0,48.0,649500.0,13531.0,Bez pośredników,ponad tydzień temu,11.0,https://adresowo.pl/o/mieszkanie-lodz-gorna-ul-graniczna-2-pokojowe-s4u2e3,https://s2.adresowa.pl/oi/69/53/3b57bc_b52d_cover-2-pokojowe-mieszkanie-lodz-gorna-ul-graniczna.jpg,,,parter,2024.0,blok,,,,,,,,,51.703578,19.461069
Łódź Śródmieście,ul. Juliana Tuwima,3.0,64.0,315000.0,4922.0,Bez pośredników,ponad tydzień temu,2.0,https://adresowo.pl/o/mieszkanie-lodz-srodmiescie-ul-juliana-tuwima-3-pokojowe-n0n2t5,https://s2.adresowa.pl/oi/31/3c/3b56d2_448b_cover-3-pokojowe-mieszkanie-lodz-srodmiescie-ul-juliana-tuwima.jpg,,,parter,1914.0,,,,,,,,,,51.767301,19.477729
Łódź Polesie,ul. kpt. Pilota Franciszka Żwirki,2.0,50.0,699000.0,13980.0,Bez pośredników,ponad tydzień temu,15.0,https://adresowo.pl/o/mieszkanie-lodz-polesie-ul-kpt-pilota-franciszka-zwirki-2-pokojowe-k9z4h3,https://s2.adresowa.pl/oi/35/46/3b55ba_ff42_cover-2-pokojowe-mieszkanie-lodz-polesie-ul-kpt-pilota-franciszka-zwirki.jpg,,,3,2019.0,blok,,,,,,,,,51.755513,19.453977
Łódź,ul. Ozorkowska,2.0,40.0,456500.0,11288.0,Oferta biura nieruchomości,ponad tydzień temu,8.0,https://adresowo.pl/o/mieszkanie-lodz-ul-ozorkowska-2-pokojowe-x5j8y1,https://s2.adresowa.pl/oi/7b/44/3b684e_a00e_cover-2-pokojowe-mieszkanie-lodz-ul-ozorkowska.jpg,,,parter,2026.0,blok,,,,,,,,,51.744858,19.486728
Łódź,ul. Zielona,2.0,55.0,436000.0,7984.0,Oferta biura nieruchomości,ponad tydzień temu,10.0,https://adresowo.pl/o/mieszkanie-lodz-ul-zielona-2-pokojowe-t1x2i3,https://s2.adresowa.pl/oi/60/3f/3b6852_95a5_cover-2-pokojowe-mieszkanie-lodz-ul-zielona.jpg,,,4,1960.0,blok,,,,,,,,,51.770521,19.4552
Łódź Janów,ul. Andrzeja Kmicica,3.0,62.0,650000.0,10484.0,Bez pośredników,ponad tydzień temu,8.0,https://adresowo.pl/o/mieszkanie-lodz-janow-ul-andrzeja-kmicica-3-pokojowe-h8z9f8,https://s2.adresowa.pl/oi/72/5f/3b5570_a8ce_cover-3-pokojowe-mieszkanie-lodz-janow-ul-andrzeja-kmicica.jpg,,,parter,1992.0,blok,,,,,,,,,,
Łódź Dąbrowa,al. marsz. Edwarda Śmigłego-Rydza,3.0,47.0,385000.0,8191.0,Bez pośredników,ponad tydzień temu,9.0,https://adresowo.pl/o/mieszkanie-lodz-dabrowa-al-marsz-edwarda-smiglego-rydza-3-pokojowe-p3o9q3,https://s2.adresowa.pl/oi/42/7e/3b548a_a8d5_cover-3-pokojowe-mieszkanie-lodz-dabrowa-al-marsz-edwarda-smiglego-rydza.jpg,,,4,1968.0,blok,,,,,,,,,,
Łódź Teofilów,ul. Wici,2.0,38.0,309000.0,8240.0,Bez pośredników,ponad tydzień temu,13.0,https://adresowo.pl/o/mieszkanie-lodz-teofilow-ul-wici-2-pokojowe-f7h6r5,https://s2.adresowa.pl/oi/11/7f/3b5450_da35_cover-2-pokojowe-mieszkanie-lodz-teofilow-ul-wici.jpg,,,parter,,blok,,,,,,,,,,
Łódź,ul. Gdańska,2.0,54.0,585000.0,10878.0,Oferta biura nieruchomości,ponad tydzień temu,9.0,https://adresowo.pl/o/mieszkanie-lodz-ul-gdanska-2-pokojowe-d9b1c3,https://s2.adresowa.pl/oi/71/6b/3b684a_ce6c_cover-2-pokojowe-mieszkanie-lodz-ul-gdanska.jpg,,,parter,2021.0,blok,,,,,,,,,,
Łódź Zarzew,al. marsz. Edwarda Śmigłego-Rydza,2.0,43.0,325000.0,7558.0,Bez pośredników,ponad tydzień temu,11.0,https://adresowo.pl/o/mieszkanie-lodz-zarzew-al-marsz-edwarda-smiglego-rydza-2-pokojowe-u2g1r9,https://s2.adresowa.pl/oi/68/56/3b53cc_4bb2_cover-2-pokojowe-mieszkanie-lodz-zarzew-al-marsz-edwarda-smiglego-rydza.jpg,,,3,,blok,,,,,,,,,,
Łódź Śródmieście,ul. Wólczańska,2.0,39.0,437551.0,11111.0,Bez pośredników,ponad tydzień temu,4.0,https://adresowo.pl/o/mieszkanie-lodz-srodmiescie-ul-wolczanska-2-pokojowe-f9h3a7,https://s2.adresowa.pl/oi/76/28/3b51ea_a398_cover-2-pokojowe-mieszkanie-lodz-srodmiescie-ul-wolczanska.jpg,,,3,2026.0,blok,,,,,,,,,51.755588,19.454869
Łódź Marysin,ul. Zbożowa,3.0,52.0,419000.0,8136.0,Oferta biura nieruchomości,ponad tydzień temu,10.0,https://adresowo.pl/o/mieszkanie-lodz-marysin-ul-zbozowa-3-pokojowe-k7o8k3,https://s2.adresowa.pl/oi/57/28/3b6846_ce34_cover-3-pokojowe-mieszkanie-lodz-marysin-ul-zbozowa.jpg,,,2,1965.0,blok,,,,,,,,,51.793504,19.462157
Łódź Górna,ul. Zofii Nałkowskiej,2.0,37.0,368000.0,9946.0,Oferta biura nieruchomości,ponad tydzień temu,10.0,https://adresowo.pl/o/mieszkanie-lodz-gorna-ul-zofii-nalkowskiej-2-pokojowe-t2q6h2,https://s2.adresowa.pl/oi/44/54/3b683e_4489_cover-2-pokojowe-mieszkanie-lodz-gorna-ul-zofii-nalkowskiej.jpg,,,6,1988.0,blok,,,,,,,,,,
Łódź Widzew,ul. Tatrzańska,1.0,27.0,299000.0,10997.0,Bez pośredników,ponad tydzień temu,6.0,https://adresowo.pl/o/mieszkanie-lodz-widzew-ul-tatrzanska-1-pokoj-d7j2p6,https://s2.adresowa.pl/oi/19/29/3b51c2_85e7_cover-1-pokojowe-mieszkanie-lodz-widzew-ul-tatrzanska.jpg,,,4,,blok,,,,,,,,,51.745453,19.493727
Łódź Koziny,ul. Drewnowska,1.0,26.0,230000.0,8782.0,Bez pośredników,ponad tydzień temu,15.0,https://adresowo.pl/o/mieszkanie-lodz-koziny-ul-drewnowska-1-pokoj-w8y6i9,https://s2.adresowa.pl/oi/48/11/3b50de_e9a9_cover-1-pokojowe-mieszkanie-lodz-koziny-ul-drewnowska.jpg,,,4,1970.0,blok,,,,,,,,,51.78111,19.434213
Łódź Retkinia,ul. Maratońska,2.0,42.0,380000.0,8958.0,Bez pośredników,ponad tydzień temu,9.0,https://adresowo.pl/o/mieszkanie-lodz-retkinia-ul-maratonska-2-pokojowe-q5c5t0,https://s2.adresowa.pl/oi/13/50/3b50b6_48b2_cover-2-pokojowe-mieszkanie-lodz-retkinia-ul-maratonska.jpg,,,4,,blok,,,,,,,,,,
Łódź,ul. Rydzowa,2.0,47.0,340000.0,7304.0,Oferta biura nieruchomości,ponad tydzień temu,9.0,https://adresowo.pl/o/mieszkanie-lodz-ul-rydzowa-2-pokojowe-s1u3x0,https://s2.adresowa.pl/oi/44/31/3b6840_8e4f_cover-2-pokojowe-mieszkanie-lodz-ul-rydzowa.jpg,,,parter,1972.0,blok,,,,,,,,,,
Łódź Karolew,ul. Wileńska,3.0,55.0,430000.0,7818.0,Oferta biura nieruchomości,ponad tydzień temu,8.0,https://adresowo.pl/o/mieszkanie-lodz-karolew-ul-wilenska-3-pokojowe-r5v7q6,https://s2.adresowa.pl/oi/4a/67/3b6838_b75e_cover-3-pokojowe-mieszkanie-lodz-karolew-ul-wilenska.jpg,,,parter,1980.0,blok,,,,,,,,,51.754531,19.41708
Łódź Górna,ul. Stanisławy Leszczyńskiej,2.0,48.0,495000.0,10313.0,Bez pośredników,ponad tydzień temu,7.0,https://adresowo.pl/o/mieszkanie-lodz-gorna-ul-stanislawy-leszczynskiej-2-pokojowe-k0d8j5,https://s2.adresowa.pl/oi/74/12/3b503c_77ad_cover-2-pokojowe-mieszkanie-lodz-gorna-ul-stanislawy-leszczynskiej.jpg,,,4,2010.0,blok,,,,,,,,,,
Łódź Bałuty,ul. Julianowska,3.0,59.0,398250.0,6750.0,Bez pośredników,ponad tydzień temu,8.0,https://adresowo.pl/o/mieszkanie-lodz-baluty-ul-julianowska-3-pokojowe-a9h6z2,https://s2.adresowa.pl/oi/74/40/3b4ffa_462b_cover-3-pokojowe-mieszkanie-lodz-baluty-ul-julianowska.jpg,,,10,,blok,,,,,,,,,,
Łódź Polesie,ul. Hipoteczna,2.0,39.0,330000.0,8462.0,Bez pośredników,ponad tydzień temu,8.0,https://adresowo.pl/o/mieszkanie-lodz-polesie-ul-hipoteczna-2-pokojowe-t6o3l3,https://s2.adresowa.pl/oi/11/4a/3b4fe6_51bb_cover-2-pokojowe-mieszkanie-lodz-polesie-ul-hipoteczna.jpg,,,2,,kamienica,,,,,,,,,,
Łódź,ul. Sebastiana Felsztyńskiego,2.0,52.0,512226.0,9900.0,Oferta biura nieruchomości,ponad tydzień temu,10.0,https://adresowo.pl/o/mieszkanie-lodz-ul-sebastiana-felsztynskiego-2-pokojowe-c9i0d5,https://s2.adresowa.pl/oi/21/45/3b683a_aa0a_cover-2-pokojowe-mieszkanie-lodz-ul-sebastiana-felsztynskiego.jpg,,,parter,2025.0,blok,,,,,,,,,51.739484,19.446259
Łódź,ul. Piotrkowska,4.0,96.0,799000.0,8307.0,Oferta biura nieruchomości,ponad tydzień temu,15.0,https://adresowo.pl/o/mieszkanie-lodz-ul-piotrkowska-4-pokojowe-o6e8m1,https://s2.adresowa.pl/oi/56/4a/3b6834_4bba_cover-4-pokojowe-mieszkanie-lodz-ul-piotrkowska.jpg,,,parter,,kamienica,,,,,,,,,51.769211,19.456115
Łódź Widzew,al. marsz. Józefa Piłsudskiego,2.0,39.0,465000.0,11853.0,Bez pośredników,ponad tydzień temu,7.0,https://adresowo.pl/o/mieszkanie-lodz-widzew-al-marsz-jozefa-pilsudskiego-2-pokojowe-s3b1d5,https://s2.adresowa.pl/oi/69/1c/3b4f24_ea1e_cover-2-pokojowe-mieszkanie-lodz-widzew-al-marsz-jozefa-pilsudskiego.jpg,,,parter,2025.0,blok,,,,,,,,,51.762075,19.490568
Łódź Karolew,ul. Narciarska,3.0,54.0,525000.0,9722.0,Bez pośredników,ponad tydzień temu,8.0,https://adresowo.pl/o/mieszkanie-lodz-karolew-ul-narciarska-3-pokojowe-m8y0j1,https://s2.adresowa.pl/oi/1c/2a/3b4e78_5460_cover-3-pokojowe-mieszkanie-lodz-karolew-ul-narciarska.jpg,,,9,,blok,,,,,,,,,,
Łódź,ul. Juliana Tuwima,2.0,60.0,449000.0,7446.0,Oferta biura nieruchomości,ponad tydzień temu,8.0,https://adresowo.pl/o/mieszkanie-lodz-ul-juliana-tuwima-2-pokojowe-z2d7h7,https://s2.adresowa.pl/oi/26/48/3b682c_7df8_cover-2-pokojowe-mieszkanie-lodz-ul-juliana-tuwima.jpg,,,3,1930.0,blok,,,,,,,,,,
Łódź Górna,ul. Konstantego Ciołkowskiego,2.0,48.0,352000.0,7333.0,Bez pośredników,ponad tydzień temu,8.0,https://adresowo.pl/o/mieszkanie-lodz-gorna-ul-konstantego-ciolkowskiego-2-pokojowe-e0l2b6,https://s2.adresowa.pl/oi/3f/49/3b4dd2_42d0_cover-2-pokojowe-mieszkanie-lodz-gorna-ul-konstantego-ciolkowskiego.jpg,,,8,,blok,,,,,,,,,51.759292,19.455878
Łódź Dąbrowa,ul. Władysława Broniewskiego,3.0,52.0,398000.0,7654.0,Bez pośredników,ponad tydzień temu,8.0,https://adresowo.pl/o/mieszkanie-lodz-dabrowa-ul-wladyslawa-broniewskiego-3-pokojowe-a2j6o3,https://s2.adresowa.pl/oi/69/7a/3b4d8a_9482_cover-3-pokojowe-mieszkanie-lodz-dabrowa-ul-wladyslawa-broniewskiego.jpg,,,4,1968.0,blok,,,,,,,,,51.732658,19.489284
Łódź Radogoszcz,ul. 11 Listopada,3.0,53.0,423000.0,7981.0,Bez pośredników,ponad tydzień temu,12.0,https://adresowo.pl/o/mieszkanie-lodz-radogoszcz-ul-11-listopada-3-pokojowe-q9z5i3,https://s2.adresowa.pl/oi/46/1a/3b4ce2_2d6c_cover-3-pokojowe-mieszkanie-lodz-radogoszcz-ul-11-listopada.jpg,,,3,1983.0,blok,,,,,,,,,51.81979,19.421774
Łódź Olechów,ul. Księżnej Kingi,2.0,48.0,379895.0,7910.0,Oferta biura nieruchomości,ponad tydzień temu,10.0,https://adresowo.pl/o/mieszkanie-lodz-olechow-ul-ksieznej-kingi-2-pokojowe-w6s9o5,https://s2.adresowa.pl/oi/1e/58/3b6822_d3e2_cover-2-pokojowe-mieszkanie-lodz-olechow-ul-ksieznej-kingi.jpg,,,parter,1990.0,blok,,,,,,,,,,
Łódź Śródmieście,ul. Gdańska,3.0,73.0,608000.0,8304.0,Oferta biura nieruchomości,ponad tydzień temu,14.0,https://adresowo.pl/o/mieszkanie-lodz-srodmiescie-ul-gdanska-3-pokojowe-t8l2n0,https://s2.adresowa.pl/oi/5b/16/3b682a_a80a_cover-3-pokojowe-mieszkanie-lodz-srodmiescie-ul-gdanska.jpg,,,parter,2022.0,kamienica,,,,,,,,,51.766829,19.449638
Łódź Polesie,ul. kpt. Stefana Pogonowskiego,2.0,34.0,137000.0,3983.0,Bez pośredników,ponad tydzień temu,10.0,https://adresowo.pl/o/mieszkanie-lodz-polesie-ul-kpt-stefana-pogonowskiego-2-pokojowe-s9n1n4,https://s2.adresowa.pl/oi/6d/67/3b4bc2_d448_cover-2-pokojowe-mieszkanie-lodz-polesie-ul-kpt-stefana-pogonowskiego.jpg,,,parter,1930.0,,,,,,,,,,,
Łódź Śródmieście,ul. Piotrkowska,3.0,137.0,700000.0,5109.0,Bez pośredników,ponad tydzień temu,1.0,https://adresowo.pl/o/mieszkanie-lodz-srodmiescie-ul-piotrkowska-3-pokojowe-u3k7i8,https://s2.adresowa.pl/oi/76/1a/3b1c60_f54b_cover-3-pokojowe-mieszkanie-lodz-srodmiescie-ul-piotrkowska.jpg,,,700,,,,,,,,,,,51.771361,19.456207
Łódź Bałuty,ul. Sukiennicza,2.0,47.0,315000.0,6767.0,Bez pośredników,ponad tydzień temu,2.0,https://adresowo.pl/o/mieszkanie-lodz-baluty-ul-sukiennicza-2-pokojowe-c5y7h6,https://s2.adresowa.pl/oi/1f/56/3b49ac_c5a5_cover-2-pokojowe-mieszkanie-lodz-baluty-ul-sukiennicza.jpg,,,parter,1974.0,blok,,,,,,,,,,
Łódź Widzew,ul. Przędzalniana,1.0,39.0,275000.0,7051.0,Oferta biura nieruchomości,ponad tydzień temu,5.0,https://adresowo.pl/o/mieszkanie-lodz-widzew-ul-przedzalniana-1-pokoj-p9s2b1,https://s2.adresowa.pl/oi/47/71/3b6820_a8e3_cover-1-pokojowe-mieszkanie-lodz-widzew-ul-przedzalniana.jpg,,,parter,,blok,,,,,,,,,,
Łódź,ul. Sebastiana Felsztyńskiego,3.0,65.0,710789.0,10900.0,Oferta biura nieruchomości,ponad tydzień temu,10.0,https://adresowo.pl/o/mieszkanie-lodz-ul-sebastiana-felsztynskiego-3-pokojowe-f6z9m4,https://s2.adresowa.pl/oi/39/3a/3b681a_c311_cover-3-pokojowe-mieszkanie-lodz-ul-sebastiana-felsztynskiego.jpg,,,parter,2021.0,blok,,,,,,,,,51.739634,19.447279
Łódź Bałuty,ul. Północna,2.0,57.0,425000.0,7456.0,Bez pośredników,ponad tydzień temu,16.0,https://adresowo.pl/o/mieszkanie-lodz-baluty-ul-polnocna-2-pokojowe-d7j3u5,https://s2.adresowa.pl/oi/52/43/3b47bc_52fb_cover-2-pokojowe-mieszkanie-lodz-baluty-ul-polnocna.jpg,,,parter,1955.0,blok,,,,,,,,,,
Łódź Widzew,ul. mjr. Eugeniusza Nurta-Kaszyńskiego,2.0,62.0,520000.0,8387.0,Bez pośredników,ponad tydzień temu,1.0,https://adresowo.pl/o/mieszkanie-lodz-widzew-ul-mjr-eugeniusza-nurta-kaszynskiego-2-pokojowe-x6u7t5,https://s2.adresowa.pl/oi/3d/26/3b473a_4375_cover-2-pokojowe-mieszkanie-lodz-widzew-ul-mjr-eugeniusza-nurta-kaszynskiego.jpg,,,1,,blok,,,,,,,,,51.747932,19.506722
Łódź Górna,ul. Płocka,2.0,31.0,349000.0,11104.0,Bez pośredników,ponad tydzień temu,19.0,https://adresowo.pl/o/mieszkanie-lodz-gorna-ul-plocka-2-pokojowe-n3c3e0,https://s2.adresowa.pl/oi/5e/57/3b46e8_5978_cover-2-pokojowe-mieszkanie-lodz-gorna-ul-plocka.jpg,,,1,2021.0,kamienica,,,,,,,,,51.74168,19.478078
Łódź Stoki,ul. Listopadowa,3.0,64.0,615000.0,9670.0,Oferta biura nieruchomości,ponad tydzień temu,18.0,https://adresowo.pl/o/mieszkanie-lodz-stoki-ul-listopadowa-3-pokojowe-r8i4n5,https://s2.adresowa.pl/oi/24/7a/3b6818_8d6f_cover-3-pokojowe-mieszkanie-lodz-stoki-ul-listopadowa.jpg,,,3,2014.0,,,,,,,,,,,
Łódź,ul. Stefana Jaracza,3.0,49.0,549000.0,11204.0,Oferta biura nieruchomości,ponad tydzień temu,17.0,https://adresowo.pl/o/mieszkanie-lodz-ul-stefana-jaracza-3-pokojowe-k9a8h0,https://s2.adresowa.pl/oi/21/33/3b6812_f78b_cover-3-pokojowe-mieszkanie-lodz-ul-stefana-jaracza.jpg,,,parter,,blok,,,,,,,,,51.772947,19.464064
Łódź Bałuty,ul. Urzędnicza,2.0,44.0,350000.0,7955.0,Bez pośredników,ponad tydzień temu,7.0,https://adresowo.pl/o/mieszkanie-lodz-baluty-ul-urzednicza-2-pokojowe-n6l7e9,https://s2.adresowa.pl/oi/36/77/3b454e_df49_cover-2-pokojowe-mieszkanie-lodz-baluty-ul-urzednicza.jpg,,,parter,,blok,,,,,,,,,51.792856,19.44401
Łódź Śródmieście,ul. Nawrot,2.0,50.0,270000.0,5400.0,Bez pośredników,ponad tydzień temu,8.0,https://adresowo.pl/o/mieszkanie-lodz-srodmiescie-ul-nawrot-2-pokojowe-d0r7r3,https://s2.adresowa.pl/oi/5f/35/3b438a_de91_cover-2-pokojowe-mieszkanie-lodz-srodmiescie-ul-nawrot.jpg,,,parter,1915.0,,,,,,,,,,51.763339,19.471276
Łódź,ul. Mikołaja Kopernika,1.0,28.0,449000.0,16036.0,Oferta biura nieruchomości,ponad tydzień temu,9.0,https://adresowo.pl/o/mieszkanie-lodz-ul-mikolaja-kopernika-1-pokoj-j9q3z7,https://s2.adresowa.pl/oi/2d/6d/3b680c_f5cf_cover-1-pokojowe-mieszkanie-lodz-ul-mikolaja-kopernika.jpg,,,parter,2024.0,blok,,,,,,,,,,
Łódź,ul. Wdzięczna,3.0,62.0,399000.0,6435.0,Oferta biura nieruchomości,ponad tydzień temu,7.0,https://adresowo.pl/o/mieszkanie-lodz-ul-wdzieczna-3-pokojowe-y3x1r3,https://s2.adresowa.pl/oi/68/14/3b6810_a420_cover-3-pokojowe-mieszkanie-lodz-ul-wdzieczna.jpg,,,4,1985.0,blok,,,,,,,,,,
Łódź Górna,ul. Podmiejska,2.0,43.0,369000.0,8585.0,Bez pośredników,ponad tydzień temu,20.0,https://adresowo.pl/o/mieszkanie-lodz-gorna-ul-podmiejska-2-pokojowe-m3w3l4,https://s2.adresowa.pl/oi/1f/5b/3b431e_2db0_cover-2-pokojowe-mieszkanie-lodz-gorna-ul-podmiejska.jpg,,,parter,1975.0,blok,,,,,,,,,,
Łódź Nowe Złotno,ul. Rąbieńska,2.0,38.0,490000.0,12895.0,Bez pośredników,ponad tydzień temu,8.0,https://adresowo.pl/o/mieszkanie-lodz-nowe-zlotno-ul-rabienska-2-pokojowe-x2d1w8,https://s2.adresowa.pl/oi/53/7e/3b4132_e7da_cover-2-pokojowe-mieszkanie-lodz-nowe-zlotno-ul-rabienska.jpg,,,3,,blok,,,,,,,,,,
Łódź,al. ks. kard. Stefana Wyszyńskiego,1.0,47.0,345000.0,7395.0,Oferta biura nieruchomości,ponad tydzień temu,10.0,https://adresowo.pl/o/mieszkanie-lodz-al-ks-kard-stefana-wyszynskiego-1-pokoj-p0u7c3,https://s2.adresowa.pl/oi/70/72/3b67da_97dd_cover-1-pokojowe-mieszkanie-lodz-al-ks-kard-stefana-wyszynskiego.jpg,,,parter,1994.0,blok,,,,,,,,,51.747533,19.41209
Łódź Karolew,ul. Wileńska,2.0,44.0,305000.0,7011.0,Bez pośredników,ponad tydzień temu,15.0,https://adresowo.pl/o/mieszkanie-lodz-karolew-ul-wilenska-2-pokojowe-c4b6q1,https://s2.adresowa.pl/oi/16/49/3b40ac_9a4f_cover-2-pokojowe-mieszkanie-lodz-karolew-ul-wilenska.jpg,,,9,1964.0,,,,,,,,,,,
Łódź Radogoszcz,ul. Pstrągowa,3.0,60.0,579000.0,9636.0,Bez pośredników,ponad tydzień temu,5.0,https://adresowo.pl/o/mieszkanie-lodz-radogoszcz-ul-pstragowa-3-pokojowe-l4r1q1,https://s2.adresowa.pl/oi/12/23/3b407c_a5ab_cover-3-pokojowe-mieszkanie-lodz-radogoszcz-ul-pstragowa.jpg,,,parter,1995.0,blok,,,,,,,,,,
Łódź,ul. Czechosłowacka,3.0,72.0,860000.0,11928.0,Oferta biura nieruchomości,ponad tydzień temu,17.0,https://adresowo.pl/o/mieszkanie-lodz-ul-czechoslowacka-3-pokojowe-c1f4b9,https://s2.adresowa.pl/oi/5d/17/3b67d2_4083_cover-3-pokojowe-mieszkanie-lodz-ul-czechoslowacka.jpg,,,2,2011.0,kamienica,,,,,,,,,51.767587,19.523122
Łódź Koziny,ul. Górna,2.0,45.0,359000.0,7946.0,Oferta biura nieruchomości,ponad tydzień temu,9.0,https://adresowo.pl/o/mieszkanie-lodz-koziny-ul-gorna-2-pokojowe-i5f2s6,https://s2.adresowa.pl/oi/34/26/3b67d0_e335_cover-2-pokojowe-mieszkanie-lodz-koziny-ul-gorna.jpg,,,2,1973.0,blok,,,,,,,,,51.778059,19.428802
Łódź Bałuty,ul. Wawelska,2.0,43.0,309000.0,7186.0,Bez pośredników,ponad tydzień temu,4.0,https://adresowo.pl/o/mieszkanie-lodz-baluty-ul-wawelska-2-pokojowe-g4n1k2,https://s2.adresowa.pl/oi/6e/25/3b4038_3365_cover-2-pokojowe-mieszkanie-lodz-baluty-ul-wawelska.jpg,,,parter,,blok,,,,,,,,,51.790531,19.456085
Łódź Górna,ul. Stanisława Brzozowskiego,2.0,44.0,345000.0,7841.0,Bez pośredników,ponad tydzień temu,13.0,https://adresowo.pl/o/mieszkanie-lodz-gorna-ul-stanislawa-brzozowskiego-2-pokojowe-c4k8u2,https://s2.adresowa.pl/oi/17/77/3b4020_a936_cover-2-pokojowe-mieszkanie-lodz-gorna-ul-stanislawa-brzozowskiego.jpg,,,1970,1970.0,blok,,,,,,,,,51.731076,19.445192
Łódź Górna,ul. Ignacego Paderewskiego,2.0,43.0,390000.0,9070.0,Bez pośredników,ponad tydzień temu,6.0,https://adresowo.pl/o/mieszkanie-lodz-gorna-ul-ignacego-paderewskiego-2-pokojowe-z9l3c0,https://s2.adresowa.pl/oi/20/5d/3b3fe8_41a8_cover-2-pokojowe-mieszkanie-lodz-gorna-ul-ignacego-paderewskiego.jpg,,,parter,1967.0,blok,,,,,,,,,,
Łódź,ul. Zarzewska,1.0,44.0,395000.0,9076.0,Oferta biura nieruchomości,ponad tydzień temu,11.0,https://adresowo.pl/o/mieszkanie-lodz-ul-zarzewska-1-pokoj-w1d3j8,https://s2.adresowa.pl/oi/4a/1d/3b67c8_44e3_cover-1-pokojowe-mieszkanie-lodz-ul-zarzewska.jpg,,,parter,1901.0,kamienica,,,,,,,,,51.740814,19.468117
Łódź,ul. Juliana Tuwima,2.0,61.0,520000.0,8488.0,Oferta biura nieruchomości,ponad tydzień temu,16.0,https://adresowo.pl/o/mieszkanie-lodz-ul-juliana-tuwima-2-pokojowe-f9e4k2,https://s2.adresowa.pl/oi/7a/7b/3b67c2_376a_cover-2-pokojowe-mieszkanie-lodz-ul-juliana-tuwima.jpg,,,3,1912.0,kamienica,,,,,,,,,,
Łódź Śródmieście,ul. Piotrkowska,3.0,60.0,720000.0,11960.0,Bez pośredników,ponad tydzień temu,11.0,https://adresowo.pl/o/mieszkanie-lodz-srodmiescie-ul-piotrkowska-3-pokojowe-f6o9o3,https://s2.adresowa.pl/oi/55/6f/3b3f7a_8eef_cover-3-pokojowe-mieszkanie-lodz-srodmiescie-ul-piotrkowska.jpg,,,parter,2020.0,blok,,,,,,,,,,
Łódź Olechów,ul. Elżbiety Łokietkówny,4.0,104.0,1131732.0,10882.0,Bez pośredników,ponad tydzień temu,8.0,https://adresowo.pl/o/mieszkanie-lodz-olechow-ul-elzbiety-lokietkowny-4-pokojowe-r8b5s9,https://s2.adresowa.pl/oi/2e/44/3b3f28_3ae6_cover-4-pokojowe-mieszkanie-lodz-olechow-ul-elzbiety-lokietkowny.jpg,,,parter,2019.0,apartamentowiec,,,,,,,,,51.73749,19.573866
Łódź Górna,ul. Stocka,1.0,33.0,210000.0,6364.0,Oferta biura nieruchomości,ponad tydzień temu,4.0,https://adresowo.pl/o/mieszkanie-lodz-gorna-ul-stocka-1-pokoj-b6t7v6,https://s2.adresowa.pl/oi/25/6b/3b67bc_d2d6_cover-1-pokojowe-mieszkanie-lodz-gorna-ul-stocka.jpg,,,parter,1975.0,blok,,,,,,,,,51.74483,19.466658
Łódź Bałuty,ul. Świtezianki,2.0,50.0,465000.0,9375.0,Bez pośredników,ponad tydzień temu,8.0,https://adresowo.pl/o/mieszkanie-lodz-baluty-ul-switezianki-2-pokojowe-q3k8v9,https://s2.adresowa.pl/oi/5b/66/3b3e64_de50_cover-2-pokojowe-mieszkanie-lodz-baluty-ul-switezianki.jpg,,,parter,2025.0,apartamentowiec,,,,,,,,,,
Łódź Śródmieście,ul. Grabowa,1.0,23.0,219000.0,9522.0,Bez pośredników,ponad tydzień temu,8.0,https://adresowo.pl/o/mieszkanie-lodz-srodmiescie-ul-grabowa-1-pokoj-m9h0c8,https://s2.adresowa.pl/oi/6e/3a/3b3ca4_2746_cover-1-pokojowe-mieszkanie-lodz-srodmiescie-ul-grabowa.jpg,,,parter,,kamienica,,,,,,,,,51.746914,19.473072
Łódź Chojny,ul. Rolnicza,4.0,106.0,1149000.0,10840.0,Bez pośredników,ponad tydzień temu,20.0,https://adresowo.pl/o/mieszkanie-lodz-chojny-ul-rolnicza-4-pokojowe-u2i7z9,https://s2.adresowa.pl/oi/4c/1b/3b3b9e_39d0_cover-4-pokojowe-mieszkanie-lodz-chojny-ul-rolnicza.jpg,,,parter,2016.0,blok,,,,,,,,,,
Łódź,park im. Jana Kilińskiego,2.0,39.0,236000.0,5990.0,Oferta biura nieruchomości,ponad tydzień temu,11.0,https://adresowo.pl/o/mieszkanie-lodz-park-im-jana-kilinskiego-2-pokojowe-u7d7o9,https://s2.adresowa.pl/oi/25/76/3b67b4_4d26_cover-2-pokojowe-mieszkanie-lodz-park-im-jana-kilinskiego.jpg,,,parter,1905.0,kamienica,,,,,,,,,51.748105,19.474763
Łódź Żubardź,ul. Powstańców Wielkopolskich,2.0,46.0,349000.0,7587.0,Oferta biura nieruchomości,ponad tydzień temu,9.0,https://adresowo.pl/o/mieszkanie-lodz-zubardz-ul-powstancow-wielkopolskich-2-pokojowe-c1x5g5,https://s2.adresowa.pl/oi/26/3f/3b67a8_bd8a_cover-2-pokojowe-mieszkanie-lodz-zubardz-ul-powstancow-wielkopolskich.jpg,,,1965,1965.0,blok,,,,,,,,,51.783609,19.417302
Łódź Śródmieście,ul. Wojciecha Hasa,3.0,58.0,793950.0,13600.0,Bez pośredników,ponad tydzień temu,9.0,https://adresowo.pl/o/mieszkanie-lodz-srodmiescie-ul-wojciecha-hasa-3-pokojowe-k3j5r7,https://s2.adresowa.pl/oi/51/7b/3b3b9a_a2a4_cover-3-pokojowe-mieszkanie-lodz-srodmiescie-ul-wojciecha-hasa.jpg,,,parter,2026.0,blok,,,,,,,,,51.768301,19.468831
Łódź Widzew,ul. Józefa Elsnera,1.0,35.0,290000.0,8206.0,Bez pośredników,ponad tydzień temu,9.0,https://adresowo.pl/o/mieszkanie-lodz-widzew-ul-jozefa-elsnera-1-pokoj-c1m7l8,https://s2.adresowa.pl/oi/40/7e/3b3a00_c48e_cover-1-pokojowe-mieszkanie-lodz-widzew-ul-jozefa-elsnera.jpg,,,7,1980.0,blok,,,,,,,,,,
Łódź Śródmieście,ul. Tylna,4.0,76.0,729000.0,9651.0,Bez pośredników,ponad tydzień temu,1.0,https://adresowo.pl/o/mieszkanie-lodz-srodmiescie-ul-tylna-4-pokojowe-v6o9m3,https://s2.adresowa.pl/oi/24/42/3b399a_7e53_cover-4-pokojowe-mieszkanie-lodz-srodmiescie-ul-tylna.jpg,,,parter,,blok,,,,,,,,,51.752733,19.468866
Łódź,ul. Gdańska,3.0,71.0,637000.0,8923.0,Oferta biura nieruchomości,ponad tydzień temu,9.0,https://adresowo.pl/o/mieszkanie-lodz-ul-gdanska-3-pokojowe-x5p9m7,https://s2.adresowa.pl/oi/57/1d/3b67a0_6d5d_cover-3-pokojowe-mieszkanie-lodz-ul-gdanska.jpg,,,7,2021.0,blok,,,,,,,,,,
Łódź Romanów,ul. Romanowska,3.0,62.0,436000.0,6987.0,Oferta biura nieruchomości,ponad tydzień temu,10.0,https://adresowo.pl/o/mieszkanie-lodz-romanow-ul-romanowska-3-pokojowe-c6i6i1,https://s2.adresowa.pl/oi/2e/79/3b679c_ddea_cover-3-pokojowe-mieszkanie-lodz-romanow-ul-romanowska.jpg,,,4,2001.0,blok,,,,,,,,,51.807139,19.336278
Łódź Górna,ul. Joachima Lelewela,2.0,43.0,360000.0,8372.0,Bez pośredników,ponad tydzień temu,9.0,https://adresowo.pl/o/mieszkanie-lodz-gorna-ul-joachima-lelewela-2-pokojowe-p0o2v3,https://s2.adresowa.pl/oi/2a/6f/3b37da_8d3a_cover-2-pokojowe-mieszkanie-lodz-gorna-ul-joachima-lelewela.jpg,,,parter,2024.0,apartamentowiec,,,,,,,,,,
Łódź Widzew,ul. Widzewska,3.0,63.0,725000.0,11472.0,Bez pośredników,ponad tydzień temu,20.0,https://adresowo.pl/o/mieszkanie-lodz-widzew-ul-widzewska-3-pokojowe-y8h5r6,https://s2.adresowa.pl/oi/1f/29/3b3796_3478_cover-3-pokojowe-mieszkanie-lodz-widzew-ul-widzewska.jpg,,,1,2025.0,blok,,,,,,,,,,
Łódź Polesie,ul. Zielona,6.0,98.0,980000.0,9989.0,Bez pośredników,ponad tydzień temu,19.0,https://adresowo.pl/o/mieszkanie-lodz-polesie-ul-zielona-6-pokojowe-o7h8g9,https://s2.adresowa.pl/oi/33/58/3b3784_98fe_cover-6-pokojowe-mieszkanie-lodz-polesie-ul-zielona.jpg,,,1905,1905.0,kamienica,,,,,,,,,51.770266,19.447624
Łódź Śródmieście,ul. Gdańska,3.0,76.0,710000.0,9379.0,Oferta biura nieruchomości,ponad tydzień temu,12.0,https://adresowo.pl/o/mieszkanie-lodz-srodmiescie-ul-gdanska-3-pokojowe-c3t6r3,https://s2.adresowa.pl/oi/54/20/3b6798_2d4a_cover-3-pokojowe-mieszkanie-lodz-srodmiescie-ul-gdanska.jpg,,,parter,2021.0,blok,,,,,,,,,51.766829,19.449638
Łódź Śródmieście,ul. ks. bp. Wincentego Tymienieckiego,3.0,81.0,1093500.0,13468.0,Bez pośredników,ponad tydzień temu,17.0,https://adresowo.pl/o/mieszkanie-lodz-srodmiescie-ul-ks-bp-wincentego-tymienieckiego-3-pokojowe-a1y0s1,https://s2.adresowa.pl/oi/6e/21/3b3708_ac18_cover-3-pokojowe-mieszkanie-lodz-srodmiescie-ul-ks-bp-wincentego-tymienieckiego.jpg,,,parter,2010.0,kamienica,,,,,,,,,51.752516,19.476713
Łódź Śródmieście,ul. Grabowa,2.0,38.0,282000.0,7421.0,Bez pośredników,ponad tydzień temu,8.0,https://adresowo.pl/o/mieszkanie-lodz-srodmiescie-ul-grabowa-2-pokojowe-q6m4y5,https://s2.adresowa.pl/oi/1c/23/3b340e_a544_cover-2-pokojowe-mieszkanie-lodz-srodmiescie-ul-grabowa.jpg,,,275,1915.0,blok,,,,,,,,,51.747481,19.472557
Łódź Górna,ul. Lecznicza,2.0,43.0,420000.0,9724.0,Bez pośredników,ponad tydzień temu,19.0,https://adresowo.pl/o/mieszkanie-lodz-gorna-ul-lecznicza-2-pokojowe-b6v9n0,https://s2.adresowa.pl/oi/52/21/3b33d0_400e_cover-2-pokojowe-mieszkanie-lodz-gorna-ul-lecznicza.jpg,,,54,1976.0,blok,,,,,,,,,,
Łódź,ul. Obornicka,3.0,54.0,449000.0,8269.0,Oferta biura nieruchomości,ponad tydzień temu,9.0,https://adresowo.pl/o/mieszkanie-lodz-ul-obornicka-3-pokojowe-t0t4l8,https://s2.adresowa.pl/oi/4d/56/3b678e_c4fd_cover-3-pokojowe-mieszkanie-lodz-ul-obornicka.jpg,,,4,1972.0,blok,,,,,,,,,51.787583,19.431505
Łódź Śródmieście,ul. Gdańska,3.0,73.0,608000.0,8291.0,Oferta biura nieruchomości,ponad tydzień temu,13.0,https://adresowo.pl/o/mieszkanie-lodz-srodmiescie-ul-gdanska-3-pokojowe-n7n1v9,https://s2.adresowa.pl/oi/79/6b/3b678a_c9b6_cover-3-pokojowe-mieszkanie-lodz-srodmiescie-ul-gdanska.jpg,,,parter,2021.0,kamienica,,,,,,,,,,
Łódź Górna,ul. Ignacego Paderewskiego,3.0,43.0,439000.0,10162.0,Bez pośredników,ponad tydzień temu,8.0,https://adresowo.pl/o/mieszkanie-lodz-gorna-ul-ignacego-paderewskiego-3-pokojowe-m5k6u6,https://s2.adresowa.pl/oi/68/76/3b338a_cc0d_cover-3-pokojowe-mieszkanie-lodz-gorna-ul-ignacego-paderewskiego.jpg,,,439,,blok,,,,,,,,,51.727141,19.465518
Łódź Polesie,ul. Spadochroniarzy,3.0,57.0,660000.0,11524.0,Bez pośredników,ponad tydzień temu,15.0,https://adresowo.pl/o/mieszkanie-lodz-polesie-ul-spadochroniarzy-3-pokojowe-x5n7f9,https://s2.adresowa.pl/oi/45/4c/3b3322_3ace_cover-3-pokojowe-mieszkanie-lodz-polesie-ul-spadochroniarzy.jpg,,,1,2019.0,blok,,,,,,,,,51.775723,19.388769
Łódź Polesie,ul. Romualda Mielczarskiego,2.0,60.0,450000.0,7500.0,Bez pośredników,ponad tydzień temu,5.0,https://adresowo.pl/o/mieszkanie-lodz-polesie-ul-romualda-mielczarskiego-2-pokojowe-t3g2w2,https://s2.adresowa.pl/oi/70/41/3b3234_be2e_cover-2-pokojowe-mieszkanie-lodz-polesie-ul-romualda-mielczarskiego.jpg,,,parter,1960.0,blok,,,,,,,,,51.776848,19.446157
Łódź,ul. Dobra,5.0,124.0,699000.0,5633.0,Oferta biura nieruchomości,ponad tydzień temu,15.0,https://adresowo.pl/o/mieszkanie-lodz-ul-dobra-5-pokojowe-q4m1v2,https://s2.adresowa.pl/oi/63/11/3b643e_51c0_cover-5-pokojowe-mieszkanie-lodz-ul-dobra.jpg,,,parter,1998.0,kamienica,,,,,,,,,51.762913,19.481541
Łódź Górna,ul. Łączna,2.0,43.0,320000.0,7442.0,Bez pośredników,ponad tydzień temu,6.0,https://adresowo.pl/o/mieszkanie-lodz-gorna-ul-laczna-2-pokojowe-u5o4l5,https://s2.adresowa.pl/oi/51/4c/3b31be_50f8_cover-2-pokojowe-mieszkanie-lodz-gorna-ul-laczna.jpg,,,1,1975.0,kamienica,,,,,,,,,51.732587,19.472901
Łódź Olechów,ul. Zakładowa,2.0,51.0,460000.0,9020.0,Bez pośredników,ponad tydzień temu,13.0,https://adresowo.pl/o/mieszkanie-lodz-olechow-ul-zakladowa-2-pokojowe-n6c3x8,https://s2.adresowa.pl/oi/33/6e/3b2ff6_e30e_cover-2-pokojowe-mieszkanie-lodz-olechow-ul-zakladowa.jpg,,,parter,1991.0,blok,,,,,,,,,,
Łódź Widzew,ul. Mieczysławy Ćwiklińskiej,3.0,72.0,750000.0,10376.0,Bez pośredników,ponad tydzień temu,14.0,https://adresowo.pl/o/mieszkanie-lodz-widzew-ul-mieczyslawy-cwiklinskiej-3-pokojowe-w5o0q0,https://s2.adresowa.pl/oi/38/3c/3b2fde_9155_cover-3-pokojowe-mieszkanie-lodz-widzew-ul-mieczyslawy-cwiklinskiej.jpg,,,parter,1978.0,blok,,,,,,,,,,
Łódź,ul. Tylna,3.0,106.0,1540000.0,14583.0,Oferta biura nieruchomości,ponad tydzień temu,18.0,https://adresowo.pl/o/mieszkanie-lodz-ul-tylna-3-pokojowe-v5z4z2,https://s2.adresowa.pl/oi/40/11/3b5a90_6a44_cover-3-pokojowe-mieszkanie-lodz-ul-tylna.jpg,,,1,2012.0,blok,,,,,,,,,51.752733,19.468866
Łódź Górna,ul. Juliusza Kossaka,3.0,47.0,370000.0,7836.0,Bez pośredników,ponad tydzień temu,1.0,https://adresowo.pl/o/mieszkanie-lodz-gorna-ul-juliusza-kossaka-3-pokojowe-d2z2i2,https://s2.adresowa.pl/oi/5c/13/3b2f70_afaf_cover-3-pokojowe-mieszkanie-lodz-gorna-ul-juliusza-kossaka.jpg,,,6,1969.0,blok,,,,,,,,,51.737562,19.499665
Łódź Górna,ul. Leopolda Staffa,2.0,39.0,385000.0,9872.0,Bez pośredników,ponad tydzień temu,16.0,https://adresowo.pl/o/mieszkanie-lodz-gorna-ul-leopolda-staffa-2-pokojowe-p0k4u1,https://s2.adresowa.pl/oi/6e/45/3b2fa4_db29_cover-2-pokojowe-mieszkanie-lodz-gorna-ul-leopolda-staffa.jpg,,,parter,2024.0,apartamentowiec,,,,,,,,,,
Łódź Janów,ul. Jana Skrzetuskiego,3.0,62.0,515000.0,8248.0,Bez pośredników,ponad tydzień temu,11.0,https://adresowo.pl/o/mieszkanie-lodz-janow-ul-jana-skrzetuskiego-3-pokojowe-k5l8t9,https://s2.adresowa.pl/oi/29/73/3b2f02_6f38_cover-3-pokojowe-mieszkanie-lodz-janow-ul-jana-skrzetuskiego.jpg,,,parter,,blok,,,,,,,,,,
Łódź Polesie,ul. Ogrodowa,4.0,80.0,658607.0,8233.0,Oferta biura nieruchomości,ponad tydzień temu,5.0,https://adresowo.pl/o/mieszkanie-lodz-polesie-ul-ogrodowa-4-pokojowe-e7h4g3,https://s2.adresowa.pl/oi/3d/75/3b5a2c_a56a_cover-4-pokojowe-mieszkanie-lodz-polesie-ul-ogrodowa.jpg,,,parter,2025.0,blok,,,,,,,,,,
Łódź Janów,ul. Zakładowa,4.0,85.0,879999.0,10353.0,Oferta biura nieruchomości,ponad tydzień temu,12.0,https://adresowo.pl/o/mieszkanie-lodz-janow-ul-zakladowa-4-pokojowe-g1x8n5,https://s2.adresowa.pl/oi/3b/50/3b4e0c_4f4b_cover-4-pokojowe-mieszkanie-lodz-janow-ul-zakladowa.jpg,,,parter,2019.0,blok,,,,,,,,,,
Łódź Widzew,ul. Sobolowa,2.0,41.0,475000.0,11496.0,Bez pośredników,ponad tydzień temu,8.0,https://adresowo.pl/o/mieszkanie-lodz-widzew-ul-sobolowa-2-pokojowe-z1b8g5,https://s2.adresowa.pl/oi/63/3a/3b2ca0_b028_cover-2-pokojowe-mieszkanie-lodz-widzew-ul-sobolowa.jpg,,,5,2020.0,blok,,,,,,,,,,
Łódź Zarzew,ul. Tatrzańska,3.0,47.0,377777.0,8000.0,Bez pośredników,ponad tydzień temu,21.0,https://adresowo.pl/o/mieszkanie-lodz-zarzew-ul-tatrzanska-3-pokojowe-u6b6k7,https://s2.adresowa.pl/oi/38/7b/3b2af8_850f_cover-3-pokojowe-mieszkanie-lodz-zarzew-ul-tatrzanska.jpg,,,parter,1975.0,blok,,,,,,,,,51.742437,19.492902
Łódź,ul. Alojzego Felińskiego,2.0,41.0,295000.0,7266.0,Oferta biura nieruchomości,ponad tydzień temu,6.0,https://adresowo.pl/o/mieszkanie-lodz-ul-alojzego-felinskiego-2-pokojowe-r0z6z4,https://s2.adresowa.pl/oi/42/45/3b4d38_fa98_cover-2-pokojowe-mieszkanie-lodz-ul-alojzego-felinskiego.jpg,,,parter,,blok,,,,,,,,,,
Łódź Śródmieście,ul. Pomorska,3.0,58.0,520360.0,8972.0,Oferta biura nieruchomości,ponad tydzień temu,23.0,https://adresowo.pl/o/mieszkanie-lodz-srodmiescie-ul-pomorska-3-pokojowe-w1o4l5,https://s2.adresowa.pl/oi/3e/77/3b43e6_687d_cover-3-pokojowe-mieszkanie-lodz-srodmiescie-ul-pomorska.jpg,,,parter,2025.0,kamienica,,,,,,,,,51.778539,19.479854
Łódź Widzew,al. marsz. Józefa Piłsudskiego,1.0,41.0,640000.0,15802.0,Bez pośredników,ponad tydzień temu,20.0,https://adresowo.pl/o/mieszkanie-lodz-widzew-al-marsz-jozefa-pilsudskiego-1-pokoj-m1u9r6,https://s2.adresowa.pl/oi/59/74/3b2a68_e7d5_cover-1-pokojowe-mieszkanie-lodz-widzew-al-marsz-jozefa-pilsudskiego.jpg,,,parter,2025.0,blok,,,,,,,,,51.762075,19.490568
Łódź Teofilów,ul. Rojna,3.0,53.0,375000.0,7094.0,Bez pośredników,ponad tydzień temu,10.0,https://adresowo.pl/o/mieszkanie-lodz-teofilow-ul-rojna-3-pokojowe-q5y6e3,https://s2.adresowa.pl/oi/51/6e/3b2a62_8a48_cover-3-pokojowe-mieszkanie-lodz-teofilow-ul-rojna.jpg,,,9,1968.0,blok,,,,,,,,,,
Łódź Retkinia,ul. Armii Krajowej,2.0,42.0,350000.0,8251.0,Bez pośredników,ponad tydzień temu,13.0,https://adresowo.pl/o/mieszkanie-lodz-retkinia-ul-armii-krajowej-2-pokojowe-f8i9h2,https://s2.adresowa.pl/oi/3a/2c/3b2914_fd1a_cover-2-pokojowe-mieszkanie-lodz-retkinia-ul-armii-krajowej.jpg,,,3,1970.0,blok,,,,,,,,,51.742787,19.398401
Łódź,ul. Tatrzańska,2.0,36.0,395000.0,10900.0,Oferta biura nieruchomości,ponad tydzień temu,10.0,https://adresowo.pl/o/mieszkanie-lodz-ul-tatrzanska-2-pokojowe-a8t9v6,https://s2.adresowa.pl/oi/7d/25/3b322a_4605_cover-2-pokojowe-mieszkanie-lodz-ul-tatrzanska.jpg,,,parter,1968.0,blok,,,,,,,,,51.739792,19.495371
Łódź Śródmieście,ul. Piotrkowska,3.0,73.0,519000.0,7137.0,Oferta biura nieruchomości,ponad tydzień temu,19.0,https://adresowo.pl/o/mieszkanie-lodz-srodmiescie-ul-piotrkowska-3-pokojowe-a3j9u6,https://s2.adresowa.pl/oi/6d/65/3b2aa4_e3bf_cover-3-pokojowe-mieszkanie-lodz-srodmiescie-ul-piotrkowska.jpg,,,parter,2025.0,blok,,,,,,,,,51.751736,19.458583
Łódź Górna,ul. Senatorska,4.0,88.0,1050000.0,11905.0,Bez pośredników,ponad tydzień temu,28.0,https://adresowo.pl/o/mieszkanie-lodz-gorna-ul-senatorska-4-pokojowe-q5z4n9,https://s2.adresowa.pl/oi/12/23/3b278a_3cc0_cover-4-pokojowe-mieszkanie-lodz-gorna-ul-senatorska.jpg,,,1,2020.0,blok,,,,,,,,,51.748661,19.477632
Łódź Widzew,ul. Józefa,1.0,31.0,270000.0,8852.0,Bez pośredników,ponad tydzień temu,8.0,https://adresowo.pl/o/mieszkanie-lodz-widzew-ul-jozefa-1-pokoj-i6z7h4,https://s2.adresowa.pl/oi/23/27/3b277c_f63e_cover-1-pokojowe-mieszkanie-lodz-widzew-ul-jozefa.jpg,,,1,1962.0,blok,,,,,,,,,,
Łódź Bałuty,ul. Łanowa,3.0,47.0,325000.0,6974.0,Bez pośredników,ponad tydzień temu,9.0,https://adresowo.pl/o/mieszkanie-lodz-baluty-ul-lanowa-3-pokojowe-z1w4e6,https://s2.adresowa.pl/oi/6e/14/3b275c_dbd5_cover-3-pokojowe-mieszkanie-lodz-baluty-ul-lanowa.jpg,,,parter,1970.0,blok,,,,,,,,,,
Łódź Bałuty,ul. Marynarska,2.0,38.0,290000.0,7632.0,Oferta biura nieruchomości,ponad tydzień temu,10.0,https://adresowo.pl/o/mieszkanie-lodz-baluty-ul-marynarska-2-pokojowe-m6w8r8,https://s2.adresowa.pl/oi/48/41/3b27d2_3893_cover-2-pokojowe-mieszkanie-lodz-baluty-ul-marynarska.jpg,,,2,,blok,,,,,,,,,51.790174,19.460253
Łódź Śródmieście,al. marsz. Józefa Piłsudskiego,6.0,138.0,799000.0,5790.0,Oferta biura nieruchomości,ponad tydzień temu,12.0,https://adresowo.pl/o/mieszkanie-lodz-srodmiescie-al-marsz-jozefa-pilsudskiego-6-pokojowe-t4w5a4,https://s2.adresowa.pl/oi/26/5c/3b27ca_784e_cover-6-pokojowe-mieszkanie-lodz-srodmiescie-al-marsz-jozefa-pilsudskiego.jpg,,,1,,blok,,,,,,,,,,
Łódź Bałuty,al. Pasjonistów,2.0,38.0,270000.0,7166.0,Bez pośredników,ponad tydzień temu,11.0,https://adresowo.pl/o/mieszkanie-lodz-baluty-al-pasjonistow-2-pokojowe-o0e4l5,https://s2.adresowa.pl/oi/65/64/3b2616_d7f3_cover-2-pokojowe-mieszkanie-lodz-baluty-al-pasjonistow.jpg,,,parter,1968.0,blok,,,,,,,,,51.794054,19.387591
Łódź Śródmieście,ul. Wierzbowa,1.0,37.0,290000.0,7838.0,Bez pośredników,ponad tydzień temu,8.0,https://adresowo.pl/o/mieszkanie-lodz-srodmiescie-ul-wierzbowa-1-pokoj-c1m9q3,https://s2.adresowa.pl/oi/33/5a/3b255c_9acf_cover-1-pokojowe-mieszkanie-lodz-srodmiescie-ul-wierzbowa.jpg,,,parter,,blok,,,,,,,,,,
Łódź Polesie,ul. Srebrzyńska,2.0,40.0,369000.0,9225.0,Bez pośredników,ponad tydzień temu,4.0,https://adresowo.pl/o/mieszkanie-lodz-polesie-ul-srebrzynska-2-pokojowe-t1e1q3,https://s2.adresowa.pl/oi/65/40/3b24d0_7c79_cover-2-pokojowe-mieszkanie-lodz-polesie-ul-srebrzynska.jpg,,,369,2025.0,blok,,,,,,,,,51.774019,19.430632
Łódź Księży Młyn,ul. ks. bp. Wincentego Tymienieckiego,1.0,65.0,649000.0,10020.0,Oferta biura nieruchomości,ponad tydzień temu,16.0,https://adresowo.pl/o/mieszkanie-lodz-ksiezy-mlyn-ul-ks-bp-wincentego-tymienieckiego-1-pokoj-h6g4p9,https://s2.adresowa.pl/oi/38/4e/3b1f90_a8a5_cover-1-pokojowe-mieszkanie-lodz-ksiezy-mlyn-ul-ks-bp-wincentego-tymienieckiego.jpg,,,2,,blok,,,,,,,,,51.7531,19.482149
Łódź Widzew,al. marsz. Józefa Piłsudskiego,3.0,88.0,449000.0,5077.0,Oferta biura nieruchomości,ponad tydzień temu,20.0,https://adresowo.pl/o/mieszkanie-lodz-widzew-al-marsz-jozefa-pilsudskiego-3-pokojowe-p8w8t3,https://s2.adresowa.pl/oi/79/56/3b1f8c_2b7a_cover-3-pokojowe-mieszkanie-lodz-widzew-al-marsz-jozefa-pilsudskiego.jpg,,,parter,1910.0,kamienica,,,,,,,,,51.761959,19.492806
Łódź Bałuty,ul. Przemysłowa,3.0,50.0,429000.0,8580.0,Bez pośredników,ponad tydzień temu,8.0,https://adresowo.pl/o/mieszkanie-lodz-baluty-ul-przemyslowa-3-pokojowe-j4y9o1,https://s2.adresowa.pl/oi/69/3a/3b245e_9681_cover-3-pokojowe-mieszkanie-lodz-baluty-ul-przemyslowa.jpg,,,parter,1968.0,blok,,,,,,,,,,
Łódź Bałuty,ul. Podrzeczna,2.0,34.0,320000.0,9412.0,Bez pośredników,ponad tydzień temu,7.0,https://adresowo.pl/o/mieszkanie-lodz-baluty-ul-podrzeczna-2-pokojowe-e1e0b8,https://s2.adresowa.pl/oi/5d/62/3b2332_bf6e_cover-2-pokojowe-mieszkanie-lodz-baluty-ul-podrzeczna.jpg,,,parter,1952.0,blok,,,,,,,,,,
Łódź Bałuty,ul. Jana,2.0,38.0,290000.0,7696.0,Oferta biura nieruchomości,ponad miesiąc temu,10.0,https://adresowo.pl/o/mieszkanie-lodz-baluty-ul-jana-2-pokojowe-v3l8t4,https://s2.adresowa.pl/oi/1b/3c/3b1166_3cb1_cover-2-pokojowe-mieszkanie-lodz-baluty-ul-jana.jpg,,,3,1980.0,blok,,,,,,,,,51.798829,19.439772
Łódź,ul. Gdańska,4.0,118.0,715500.0,6077.0,Oferta biura nieruchomości,ponad miesiąc temu,9.0,https://adresowo.pl/o/mieszkanie-lodz-ul-gdanska-4-pokojowe-m1d7p2,https://s2.adresowa.pl/oi/56/35/3b0fd0_cf09_cover-4-pokojowe-mieszkanie-lodz-ul-gdanska.jpg,,,parter,,kamienica,,,,,,,,,51.766829,19.449638
Łódź Ruda Pabianicka,ul. Tabelowa,3.0,79.0,760000.0,9620.0,Bez pośredników,ponad tydzień temu,8.0,https://adresowo.pl/o/mieszkanie-lodz-ruda-pabianicka-ul-tabelowa-3-pokojowe-m2f7s3,https://s2.adresowa.pl/oi/7c/41/3b238c_9c04_cover-3-pokojowe-mieszkanie-lodz-ruda-pabianicka-ul-tabelowa.jpg,,,1,2014.0,blok,,,,,,,,,,
Łódź Retkinia,ul. Józefa Babickiego,4.0,56.0,449000.0,8018.0,Bez pośredników,ponad tydzień temu,8.0,https://adresowo.pl/o/mieszkanie-lodz-retkinia-ul-jozefa-babickiego-4-pokojowe-w8r0l4,https://s2.adresowa.pl/oi/47/2d/3b225e_e899_cover-4-pokojowe-mieszkanie-lodz-retkinia-ul-jozefa-babickiego.jpg,,,parter,1972.0,blok,,,,,,,,,,
Łódź,ul. św. Kazimierza,2.0,45.0,369900.0,8279.0,Oferta biura nieruchomości,ponad miesiąc temu,8.0,https://adresowo.pl/o/mieszkanie-lodz-ul-sw-kazimierza-2-pokojowe-k4l6f3,https://s2.adresowa.pl/oi/7c/75/3b0cdc_ffd7_cover-2-pokojowe-mieszkanie-lodz-ul-sw-kazimierza.jpg,,,4,1960.0,blok,,,,,,,,,51.76465,19.507571
Łódź Widzew,ul. Karola Adamieckiego,3.0,73.0,720000.0,9867.0,Oferta biura nieruchomości,ponad miesiąc temu,18.0,https://adresowo.pl/o/mieszkanie-lodz-widzew-ul-karola-adamieckiego-3-pokojowe-h4h1a6,https://s2.adresowa.pl/oi/19/2b/3b0b9a_efaf_cover-3-pokojowe-mieszkanie-lodz-widzew-ul-karola-adamieckiego.jpg,,,1,1992.0,blok,,,,,,,,,51.761371,19.540313
Łódź Górna,ul. Stefana Rogozińskiego,1.0,22.0,280000.0,12856.0,Bez pośredników,ponad tydzień temu,7.0,https://adresowo.pl/o/mieszkanie-lodz-gorna-ul-stefana-rogozinskiego-1-pokoj-t3h8j8,https://s2.adresowa.pl/oi/5a/40/3b2236_5ac3_cover-1-pokojowe-mieszkanie-lodz-gorna-ul-stefana-rogozinskiego.jpg,,,280,,blok,,,,,,,,,51.733023,19.446864
Łódź Polesie,ul. Podchorążych,3.0,93.0,895000.0,9624.0,Bez pośredników,ponad tydzień temu,9.0,https://adresowo.pl/o/mieszkanie-lodz-polesie-ul-podchorazych-3-pokojowe-a2u6y2,https://s2.adresowa.pl/oi/45/70/3b21e0_e3f1_cover-3-pokojowe-mieszkanie-lodz-polesie-ul-podchorazych.jpg,,,parter,2000.0,blok,,,,,,,,,51.782184,19.363313
Łódź Teofilów,ul. Kaczeńcowa,2.0,54.0,590000.0,10926.0,Bez pośredników,ponad tydzień temu,12.0,https://adresowo.pl/o/mieszkanie-lodz-teofilow-ul-kaczencowa-2-pokojowe-c3a4q8,https://s2.adresowa.pl/oi/4c/7a/3b20fc_d1ef_cover-2-pokojowe-mieszkanie-lodz-teofilow-ul-kaczencowa.jpg,,,parter,2008.0,blok,,,,,,,,,51.796862,19.3865
Łódź,ul. Świętojańska,3.0,70.0,635000.0,9071.0,Oferta biura nieruchomości,ponad miesiąc temu,12.0,https://adresowo.pl/o/mieszkanie-lodz-ul-swietojanska-3-pokojowe-n5l8o1,https://s2.adresowa.pl/oi/6f/26/3aff82_87a6_cover-3-pokojowe-mieszkanie-lodz-ul-swietojanska.jpg,,,2,2024.0,blok,,,,,,,,,51.71924,19.429561
Łódź,park im. Andrzeja Struga,3.0,57.0,535000.0,9451.0,Oferta biura nieruchomości,ponad miesiąc temu,13.0,https://adresowo.pl/o/mieszkanie-lodz-park-im-andrzeja-struga-3-pokojowe-f5t4w6,https://s2.adresowa.pl/oi/5c/70/3aff7a_7cc7_cover-3-pokojowe-mieszkanie-lodz-park-im-andrzeja-struga.jpg,,,3,2021.0,blok,,,,,,,,,51.764379,19.443631
Łódź Bałuty,ul. Tomasza Judyma,1.0,26.0,202000.0,7829.0,Bez pośredników,ponad tydzień temu,11.0,https://adresowo.pl/o/mieszkanie-lodz-baluty-ul-tomasza-judyma-1-pokoj-s5d2z1,https://s2.adresowa.pl/oi/5f/5d/3b1f6c_f026_cover-1-pokojowe-mieszkanie-lodz-baluty-ul-tomasza-judyma.jpg,,,parter,1968.0,blok,,,,,,,,,,
Łódź Polesie,ul. Gdańska,1.0,25.0,249000.0,10106.0,Bez pośredników,ponad tydzień temu,5.0,https://adresowo.pl/o/mieszkanie-lodz-polesie-ul-gdanska-1-pokoj-t6p4p5,https://s2.adresowa.pl/oi/37/6d/3b1e12_f925_cover-1-pokojowe-mieszkanie-lodz-polesie-ul-gdanska.jpg,,,parter,,blok,,,,,,,,,51.767932,19.449611
Łódź Retkinia,ul. Obywatelska,3.0,39.0,402703.0,10326.0,Oferta biura nieruchomości,ponad miesiąc temu,8.0,https://adresowo.pl/o/mieszkanie-lodz-retkinia-ul-obywatelska-3-pokojowe-q4m9j6,https://s2.adresowa.pl/oi/7f/59/3afb58_349c_cover-3-pokojowe-mieszkanie-lodz-retkinia-ul-obywatelska.jpg,,,parter,2025.0,blok,,,,,,,,,51.741496,19.41695
Łódź Radogoszcz,ul. Syrenki,2.0,45.0,390000.0,8764.0,Oferta biura nieruchomości,ponad miesiąc temu,11.0,https://adresowo.pl/o/mieszkanie-lodz-radogoszcz-ul-syrenki-2-pokojowe-z5k1t1,https://s2.adresowa.pl/oi/41/6e/3afabc_ca6e_cover-2-pokojowe-mieszkanie-lodz-radogoszcz-ul-syrenki.jpg,,,parter,1985.0,blok,,,,,,,,,,
Łódź Widzew,ul. Wilcza,2.0,36.0,345000.0,9468.0,Bez pośredników,ponad tydzień temu,13.0,https://adresowo.pl/o/mieszkanie-lodz-widzew-ul-wilcza-2-pokojowe-a5e5n0,https://s2.adresowa.pl/oi/66/48/3b1d12_a515_cover-2-pokojowe-mieszkanie-lodz-widzew-ul-wilcza.jpg,,,2,,blok,,,,,,,,,,
Łódź Polesie,ul. Wołowa,1.0,41.0,490500.0,11949.0,Bez pośredników,ponad tydzień temu,23.0,https://adresowo.pl/o/mieszkanie-lodz-polesie-ul-wolowa-1-pokoj-y1l7z0,https://s2.adresowa.pl/oi/7a/5b/3b1c90_32c1_cover-1-pokojowe-mieszkanie-lodz-polesie-ul-wolowa.jpg,,,parter,2025.0,blok,,,,,,,,,,
Łódź Bałuty,ul. Traktorowa,1.0,32.0,236360.0,7480.0,Oferta biura nieruchomości,ponad miesiąc temu,16.0,https://adresowo.pl/o/mieszkanie-lodz-baluty-ul-traktorowa-1-pokoj-e2z1u4,https://s2.adresowa.pl/oi/6e/6a/3af212_597f_cover-1-pokojowe-mieszkanie-lodz-baluty-ul-traktorowa.jpg,,,parter,,blok,,,,,,,,,,
Łódź Stare Polesie,ul. Mikołaja Kopernika,2.0,54.0,640000.0,11852.0,Oferta biura nieruchomości,ponad miesiąc temu,11.0,https://adresowo.pl/o/mieszkanie-lodz-stare-polesie-ul-mikolaja-kopernika-2-pokojowe-w4d0z3,https://s2.adresowa.pl/oi/3e/7e/3aec6e_83f4_cover-2-pokojowe-mieszkanie-lodz-stare-polesie-ul-mikolaja-kopernika.jpg,,,parter,1926.0,blok,,,,,,,,,51.757954,19.43863
Łódź Bałuty,ul. Turoszowska,2.0,45.0,439000.0,9756.0,Bez pośredników,ponad tydzień temu,9.0,https://adresowo.pl/o/mieszkanie-lodz-baluty-ul-turoszowska-2-pokojowe-y9v0p8,https://s2.adresowa.pl/oi/1c/7b/3b1af4_6e99_cover-2-pokojowe-mieszkanie-lodz-baluty-ul-turoszowska.jpg,,,399,1976.0,blok,,,,,,,,,51.791102,19.412616
Łódź Polesie,ul. Wólczańska,3.0,84.0,650000.0,7738.0,Bez pośredników,ponad tydzień temu,12.0,https://adresowo.pl/o/mieszkanie-lodz-polesie-ul-wolczanska-3-pokojowe-w9f7m4,https://s2.adresowa.pl/oi/2d/45/3b1ae8_9ab6_cover-3-pokojowe-mieszkanie-lodz-polesie-ul-wolczanska.jpg,,,6,1910.0,blok,,,,,,,,,51.755588,19.454869
Łódź Polesie,ul. kpt. Stefana Pogonowskiego,2.0,50.0,630000.0,12498.0,Bez pośredników,ponad tydzień temu,25.0,https://adresowo.pl/o/mieszkanie-lodz-polesie-ul-kpt-stefana-pogonowskiego-2-pokojowe-x1a8i8,https://s2.adresowa.pl/oi/5b/55/3b1aa4_6d03_cover-2-pokojowe-mieszkanie-lodz-polesie-ul-kpt-stefana-pogonowskiego.jpg,,,1,2020.0,blok,,,,,,,,,51.765203,19.44414
Łódź Polesie,al. Włókniarzy,2.0,38.0,255000.0,6800.0,Oferta biura nieruchomości,ponad miesiąc temu,10.0,https://adresowo.pl/o/mieszkanie-lodz-polesie-al-wlokniarzy-2-pokojowe-z0f7c2,https://s2.adresowa.pl/oi/75/1f/3aec62_8266_cover-2-pokojowe-mieszkanie-lodz-polesie-al-wlokniarzy.jpg,,,4,,blok,,,,,,,,,51.760366,19.434118
Łódź Bałuty,ul. Rydzowa,3.0,57.0,479000.0,8404.0,Oferta biura nieruchomości,ponad miesiąc temu,13.0,https://adresowo.pl/o/mieszkanie-lodz-baluty-ul-rydzowa-3-pokojowe-u3j6e1,https://s2.adresowa.pl/oi/4f/3f/3ae4a8_df79_cover-3-pokojowe-mieszkanie-lodz-baluty-ul-rydzowa.jpg,,,parter,2003.0,blok,,,,,,,,,,
Łódź Retkinia,ul. Przełajowa,2.0,42.0,405000.0,9547.0,Bez pośredników,ponad tydzień temu,10.0,https://adresowo.pl/o/mieszkanie-lodz-retkinia-ul-przelajowa-2-pokojowe-k2s7v5,https://s2.adresowa.pl/oi/3a/24/3b1880_5f65_cover-2-pokojowe-mieszkanie-lodz-retkinia-ul-przelajowa.jpg,,,1,,blok,,,,,,,,,,
Łódź Dąbrowa,ul. gen. Jarosława Dąbrowskiego,3.0,47.0,440000.0,9318.0,Bez pośredników,ponad tydzień temu,11.0,https://adresowo.pl/o/mieszkanie-lodz-dabrowa-ul-gen-jaroslawa-dabrowskiego-3-pokojowe-s3c4r0,https://s2.adresowa.pl/oi/22/43/3b1834_3d74_cover-3-pokojowe-mieszkanie-lodz-dabrowa-ul-gen-jaroslawa-dabrowskiego.jpg,,,440,1980.0,blok,,,,,,,,,51.736465,19.502106
Łódź Bałuty,ul. Północna,5.0,54.0,528000.0,9778.0,Oferta biura nieruchomości,ponad miesiąc temu,7.0,https://adresowo.pl/o/mieszkanie-lodz-baluty-ul-polnocna-5-pokojowe-g7k5m0,https://s2.adresowa.pl/oi/1a/2e/3ae484_f1ba_cover-5-pokojowe-mieszkanie-lodz-baluty-ul-polnocna.jpg,,,1963,1963.0,blok,,,,,,,,,,
Łódź Kurak,ul. Konstantego Ciołkowskiego,1.0,34.0,265000.0,7831.0,Oferta biura nieruchomości,ponad miesiąc temu,13.0,https://adresowo.pl/o/mieszkanie-lodz-kurak-ul-konstantego-ciolkowskiego-1-pokoj-u3k7t1,https://s2.adresowa.pl/oi/40/54/3ae47e_e1d0_cover-1-pokojowe-mieszkanie-lodz-kurak-ul-konstantego-ciolkowskiego.jpg,,,255,1970.0,blok,,,,,,,,,51.728599,19.460215
Łódź Polesie,ul. gen. Stanisława Maczka,3.0,57.0,795000.0,13896.0,Bez pośredników,ponad miesiąc temu,15.0,https://adresowo.pl/o/mieszkanie-lodz-polesie-ul-gen-stanislawa-maczka-3-pokojowe-q6w5g5,https://s2.adresowa.pl/oi/78/33/3b0e9e_bc3d_cover-3-pokojowe-mieszkanie-lodz-polesie-ul-gen-stanislawa-maczka.jpg,,,3,2024.0,blok,,,,,,,,,51.730243,19.404938
Łódź Radogoszcz,ul. Zgierska,1.0,15.0,179000.0,11933.0,Bez pośredników,ponad miesiąc temu,16.0,https://adresowo.pl/o/mieszkanie-lodz-radogoszcz-ul-zgierska-1-pokoj-q7o9c6,https://s2.adresowa.pl/oi/1a/45/3b0d8e_9c9e_cover-1-pokojowe-mieszkanie-lodz-radogoszcz-ul-zgierska.jpg,,,parter,1970.0,,,,,,,,,,51.807719,19.439124
Łódź,ul. Bratysławska,2.0,43.0,427000.0,9930.0,Oferta biura nieruchomości,ponad miesiąc temu,10.0,https://adresowo.pl/o/mieszkanie-lodz-ul-bratyslawska-2-pokojowe-n1r7e4,https://s2.adresowa.pl/oi/38/49/3ae3ca_46e0_cover-2-pokojowe-mieszkanie-lodz-ul-bratyslawska.jpg,,,427,1978.0,blok,,,,,,,,,51.747523,19.422001
Łódź,ul. Garnizonowa,3.0,46.0,732014.0,15800.0,Oferta biura nieruchomości,ponad miesiąc temu,20.0,https://adresowo.pl/o/mieszkanie-lodz-ul-garnizonowa-3-pokojowe-y4r4j2,https://s2.adresowa.pl/oi/71/51/3addbc_5ebf_cover-3-pokojowe-mieszkanie-lodz-ul-garnizonowa.jpg,,,parter,2023.0,blok,,,,,,,,,,
Łódź Widzew,ul. Przędzalniana,3.0,61.0,585000.0,9612.0,Bez pośredników,ponad miesiąc temu,9.0,https://adresowo.pl/o/mieszkanie-lodz-widzew-ul-przedzalniana-3-pokojowe-s9g9s8,https://s2.adresowa.pl/oi/50/7f/3afc74_6487_cover-3-pokojowe-mieszkanie-lodz-widzew-ul-przedzalniana.jpg,,,parter,1987.0,blok,,,,,,,,,,
Łódź Widzew,ul. Widzewska,2.0,36.0,482000.0,13231.0,Bez pośredników,ponad miesiąc temu,15.0,https://adresowo.pl/o/mieszkanie-lodz-widzew-ul-widzewska-2-pokojowe-e6r4j0,https://s2.adresowa.pl/oi/32/31/3b0a76_700a_cover-2-pokojowe-mieszkanie-lodz-widzew-ul-widzewska.jpg,,,4,2025.0,blok,,,,,,,,,,
Łódź Bałuty,ul. Lechicka,3.0,60.0,720000.0,12000.0,Bez pośredników,ponad miesiąc temu,8.0,https://adresowo.pl/o/mieszkanie-lodz-baluty-ul-lechicka-3-pokojowe-p7p5x4,https://s2.adresowa.pl/oi/29/69/3b0980_653d_cover-3-pokojowe-mieszkanie-lodz-baluty-ul-lechicka.jpg,,,parter,2022.0,apartamentowiec,,,,,,,,,,
Łódź Górna,ul. Braterska,1.0,21.0,140000.0,6667.0,Oferta biura nieruchomości,ponad miesiąc temu,5.0,https://adresowo.pl/o/mieszkanie-lodz-gorna-ul-braterska-1-pokoj-o4i0x6,https://s2.adresowa.pl/oi/33/31/3add9c_a833_cover-1-pokojowe-mieszkanie-lodz-gorna-ul-braterska.jpg,,,parter,,,,,,,,,,,51.742543,19.443219
Łódź Radogoszcz,ul. 11 Listopada,3.0,64.0,525000.0,8260.0,Oferta biura nieruchomości,ponad miesiąc temu,13.0,https://adresowo.pl/o/mieszkanie-lodz-radogoszcz-ul-11-listopada-3-pokojowe-k1q9n3,https://s2.adresowa.pl/oi/61/72/3ad356_27d6_cover-3-pokojowe-mieszkanie-lodz-radogoszcz-ul-11-listopada.jpg,,,parter,1979.0,blok,,,,,,,,,51.81979,19.421774
Łódź Widzew,ul. Michała Lermontowa,3.0,46.0,479000.0,10413.0,Bez pośredników,ponad miesiąc temu,9.0,https://adresowo.pl/o/mieszkanie-lodz-widzew-ul-michala-lermontowa-3-pokojowe-b7g4s5,https://s2.adresowa.pl/oi/15/71/3b0976_ac1e_cover-3-pokojowe-mieszkanie-lodz-widzew-ul-michala-lermontowa.jpg,,,479,1978.0,blok,,,,,,,,,51.756557,19.546945
Łódź Księży Młyn,ul. Przędzalniana,1.0,26.0,239000.0,9053.0,Bez pośredników,ponad miesiąc temu,11.0,https://adresowo.pl/o/mieszkanie-lodz-ksiezy-mlyn-ul-przedzalniana-1-pokoj-s4e5c1,https://s2.adresowa.pl/oi/7f/2d/3b0928_a0d9_cover-1-pokojowe-mieszkanie-lodz-ksiezy-mlyn-ul-przedzalniana.jpg,,,parter,,blok,,,,,,,,,,
Łódź Bałuty,ul. Uprawna,1.0,29.0,190000.0,6552.0,Bez pośredników,ponad miesiąc temu,8.0,https://adresowo.pl/o/mieszkanie-lodz-baluty-ul-uprawna-1-pokoj-j0f8n6,https://s2.adresowa.pl/oi/37/3e/3b0734_b061_cover-1-pokojowe-mieszkanie-lodz-baluty-ul-uprawna.jpg,,,parter,,blok,,,,,,,,,51.80891,19.36198
Łódź,ul. Jana Kilińskiego,1.0,29.0,401823.0,14025.0,Oferta biura nieruchomości,ponad miesiąc temu,13.0,https://adresowo.pl/o/mieszkanie-lodz-ul-jana-kilinskiego-1-pokoj-s7i1r6,https://s2.adresowa.pl/oi/39/4a/3ad34c_a8cd_cover-1-pokojowe-mieszkanie-lodz-ul-jana-kilinskiego.jpg,,,parter,2025.0,blok,,,,,,,,,51.770036,19.463926
Łódź Widzew,"ul. mjr. Jana Piwnika ""Ponurego""",3.0,87.0,780000.0,9007.0,Bez pośredników,ponad miesiąc temu,20.0,https://adresowo.pl/o/mieszkanie-lodz-widzew-ul-mjr-jana-piwnika-ponurego-3-pokojowe-n1c2i7,https://s2.adresowa.pl/oi/33/18/3b064c_c29e_cover-3-pokojowe-mieszkanie-lodz-widzew-ul-mjr-jana-piwnika-ponurego-.jpg,,,parter,1993.0,blok,,,,,,,,,,
Łódź Zarzew,ul. gen. Stefana Grota-Roweckiego,2.0,36.0,330000.0,9167.0,Bez pośredników,ponad miesiąc temu,8.0,https://adresowo.pl/o/mieszkanie-lodz-zarzew-ul-gen-stefana-grota-roweckiego-2-pokojowe-c4s5c3,https://s2.adresowa.pl/oi/1b/3a/3b031e_312f_cover-2-pokojowe-mieszkanie-lodz-zarzew-ul-gen-stefana-grota-roweckiego.jpg,,,330,,blok,,,,,,,,,51.746901,19.497389
Łódź Polesie,ul. Traktorowa,2.0,49.0,628000.0,12806.0,Bez pośredników,ponad miesiąc temu,17.0,https://adresowo.pl/o/mieszkanie-lodz-polesie-ul-traktorowa-2-pokojowe-h5g2x7,https://s2.adresowa.pl/oi/15/46/3b0270_cc44_cover-2-pokojowe-mieszkanie-lodz-polesie-ul-traktorowa.jpg,,,1,2025.0,blok,,,,,,,,,51.801609,19.394994
Łódź,ul. Adwokacka,3.0,77.0,610000.0,7922.0,Oferta biura nieruchomości,ponad miesiąc temu,13.0,https://adresowo.pl/o/mieszkanie-lodz-ul-adwokacka-3-pokojowe-k2t3r5,https://s2.adresowa.pl/oi/45/4e/3acbf4_42e4_cover-3-pokojowe-mieszkanie-lodz-ul-adwokacka.jpg,,,6,2000.0,blok,,,,,,,,,51.792368,19.445194
Łódź Stoki,ul. Zbocze,3.0,63.0,314000.0,5002.0,Oferta biura nieruchomości,ponad miesiąc temu,8.0,https://adresowo.pl/o/mieszkanie-lodz-stoki-ul-zbocze-3-pokojowe-o3f6a4,https://s2.adresowa.pl/oi/17/2f/3ac532_2a0d_cover-3-pokojowe-mieszkanie-lodz-stoki-ul-zbocze.jpg,,,parter,1942.0,blok,,,,,,,,,,
Łódź Zarzew,ul. Tatrzańska,3.0,47.0,330000.0,6989.0,Bez pośredników,ponad miesiąc temu,14.0,https://adresowo.pl/o/mieszkanie-lodz-zarzew-ul-tatrzanska-3-pokojowe-u3e5m2,https://s2.adresowa.pl/oi/2b/65/3afe36_603e_cover-3-pokojowe-mieszkanie-lodz-zarzew-ul-tatrzanska.jpg,,,330,1970.0,blok,,,,,,,,,51.742514,19.493938
Łódź Dąbrowa,ul. Leopolda Staffa,2.0,39.0,265000.0,6731.0,Oferta biura nieruchomości,ponad miesiąc temu,11.0,https://adresowo.pl/o/mieszkanie-lodz-dabrowa-ul-leopolda-staffa-2-pokojowe-o3a1t4,https://s2.adresowa.pl/oi/25/7e/3ac2d2_605d_cover-2-pokojowe-mieszkanie-lodz-dabrowa-ul-leopolda-staffa.jpg,,,3,1965.0,blok,,,,,,,,,,
Łódź Śródmieście,ul. Wólczańska,2.0,39.0,426360.0,11000.0,Oferta biura nieruchomości,ponad miesiąc temu,5.0,https://adresowo.pl/o/mieszkanie-lodz-srodmiescie-ul-wolczanska-2-pokojowe-r8q0v5,https://s2.adresowa.pl/oi/32/5f/3abe6e_6cfb_cover-2-pokojowe-mieszkanie-lodz-srodmiescie-ul-wolczanska.jpg,,,1,,blok,,,,,,,,,,
Łódź Bałuty,ul. Rybna,1.0,32.0,210000.0,6563.0,Bez pośredników,ponad miesiąc temu,1.0,https://adresowo.pl/o/mieszkanie-lodz-baluty-ul-rybna-1-pokoj-k1e8n3,https://s2.adresowa.pl/oi/40/56/3afc72_2bbb_cover-1-pokojowe-mieszkanie-lodz-baluty-ul-rybna.jpg,,,parter,1951.0,blok,,,,,,,,,51.785728,19.446211
Łódź,ul. Jana Kilińskiego,2.0,37.0,481000.0,13000.0,Bez pośredników,ponad miesiąc temu,7.0,https://adresowo.pl/o/mieszkanie-lodz-ul-jana-kilinskiego-2-pokojowe-o4o5r3,https://s2.adresowa.pl/oi/59/51/3afb4e_5dc0_cover-2-pokojowe-mieszkanie-lodz-ul-jana-kilinskiego.jpg,,,481,,,,,,,,,,,51.770036,19.463926
Łódź Śródmieście,ul. Wólczańska,2.0,39.0,424930.0,11000.0,Oferta biura nieruchomości,ponad miesiąc temu,5.0,https://adresowo.pl/o/mieszkanie-lodz-srodmiescie-ul-wolczanska-2-pokojowe-v9w5c6,https://s2.adresowa.pl/oi/49/7c/3abe6c_4b2f_cover-2-pokojowe-mieszkanie-lodz-srodmiescie-ul-wolczanska.jpg,,,3,,blok,,,,,,,,,51.755021,19.455576
Łódź,ul. św. Teresy od Dzieciątka Jezus,3.0,67.0,999000.0,14928.0,Oferta biura nieruchomości,ponad miesiąc temu,21.0,https://adresowo.pl/o/mieszkanie-lodz-ul-sw-teresy-od-dzieciatka-jezus-3-pokojowe-z4s9u4,https://s2.adresowa.pl/oi/31/13/3abd38_4312_cover-3-pokojowe-mieszkanie-lodz-ul-sw-teresy-od-dzieciatka-jezus.jpg,,,parter,2010.0,blok,,,,,,,,,51.802757,19.439016
Łódź Dąbrowa,ul. Konspiracyjnego Wojska Polskiego,2.0,45.0,315000.0,7000.0,Bez pośredników,ponad miesiąc temu,6.0,https://adresowo.pl/o/mieszkanie-lodz-dabrowa-ul-konspiracyjnego-wojska-polskiego-2-pokojowe-b7o5h3,https://s2.adresowa.pl/oi/2b/2d/3af562_bc0f_cover-2-pokojowe-mieszkanie-lodz-dabrowa-ul-konspiracyjnego-wojska-polskiego.jpg,,,parter,,blok,,,,,,,,,,
Łódź Teofilów,ul. Lniana,2.0,38.0,370000.0,9661.0,Bez pośredników,ponad miesiąc temu,9.0,https://adresowo.pl/o/mieszkanie-lodz-teofilow-ul-lniana-2-pokojowe-o2m6q9,https://s2.adresowa.pl/oi/40/44/3af468_3838_cover-2-pokojowe-mieszkanie-lodz-teofilow-ul-lniana.jpg,,,5,1972.0,blok,,,,,,,,,51.796611,19.381949
Łódź Karolew,ul. Wileńska,2.0,36.0,335000.0,9306.0,Bez pośredników,ponad miesiąc temu,8.0,https://adresowo.pl/o/mieszkanie-lodz-karolew-ul-wilenska-2-pokojowe-c4l6h5,https://s2.adresowa.pl/oi/3d/19/3af422_7b11_cover-2-pokojowe-mieszkanie-lodz-karolew-ul-wilenska.jpg,,,parter,,blok,,,,,,,,,,
Łódź Teofilów,ul. Łanowa,3.0,46.0,395000.0,8522.0,Oferta biura nieruchomości,ponad miesiąc temu,16.0,https://adresowo.pl/o/mieszkanie-lodz-teofilow-ul-lanowa-3-pokojowe-g3t6f8,https://s2.adresowa.pl/oi/33/25/3abd2a_443b_cover-3-pokojowe-mieszkanie-lodz-teofilow-ul-lanowa.jpg,,,9,1969.0,blok,,,,,,,,,,
Łódź Górna,ul. Rudzka,3.0,85.0,990000.0,11677.0,Oferta biura nieruchomości,ponad miesiąc temu,20.0,https://adresowo.pl/o/mieszkanie-lodz-gorna-ul-rudzka-3-pokojowe-q8s8g7,https://s2.adresowa.pl/oi/7a/6e/3abd0c_5b92_cover-3-pokojowe-mieszkanie-lodz-gorna-ul-rudzka.jpg,,,2,2019.0,,,,,,,,,,,
Łódź Bałuty,ul. Sitowie,3.0,53.0,470000.0,8873.0,Bez pośredników,ponad miesiąc temu,6.0,https://adresowo.pl/o/mieszkanie-lodz-baluty-ul-sitowie-3-pokojowe-h2l3n0,https://s2.adresowa.pl/oi/71/3a/3af24a_a9e6_cover-3-pokojowe-mieszkanie-lodz-baluty-ul-sitowie.jpg,,,parter,1960.0,blok,,,,,,,,,,
Łódź Górna,ul. Wincentego Kadłubka,2.0,38.0,245000.0,6447.0,Bez pośredników,ponad miesiąc temu,4.0,https://adresowo.pl/o/mieszkanie-lodz-gorna-ul-wincentego-kadlubka-2-pokojowe-s9r5b7,https://s2.adresowa.pl/oi/5a/57/3aef14_53a1_cover-2-pokojowe-mieszkanie-lodz-gorna-ul-wincentego-kadlubka.jpg,,,parter,1966.0,blok,,,,,,,,,,
Łódź Polesie,ul. Romualda Mielczarskiego,3.0,62.0,680000.0,10991.0,Bez pośredników,ponad miesiąc temu,8.0,https://adresowo.pl/o/mieszkanie-lodz-polesie-ul-romualda-mielczarskiego-3-pokojowe-c4l6h2,https://s2.adresowa.pl/oi/1e/3b/3aeef4_8df8_cover-3-pokojowe-mieszkanie-lodz-polesie-ul-romualda-mielczarskiego.jpg,,,3,2023.0,blok,,,,,,,,,51.776584,19.444782
Łódź Górna,ul. Jana Kilińskiego,2.0,64.0,270000.0,4237.0,Oferta biura nieruchomości,ponad miesiąc temu,9.0,https://adresowo.pl/o/mieszkanie-lodz-gorna-ul-jana-kilinskiego-2-pokojowe-r0y5u5,https://s2.adresowa.pl/oi/63/3a/3abc44_9a04_cover-2-pokojowe-mieszkanie-lodz-gorna-ul-jana-kilinskiego.jpg,,,parter,1924.0,blok,,,,,,,,,51.74117,19.47869
Łódź Widzew,ul. Stanisława Czernika,3.0,45.0,320000.0,7191.0,Oferta biura nieruchomości,ponad miesiąc temu,11.0,https://adresowo.pl/o/mieszkanie-lodz-widzew-ul-stanislawa-czernika-3-pokojowe-b9i8e1,https://s2.adresowa.pl/oi/2f/44/3aaa9e_53d2_cover-3-pokojowe-mieszkanie-lodz-widzew-ul-stanislawa-czernika.jpg,,,4,1970.0,blok,,,,,,,,,51.761026,19.529136
Łódź Teofilów,ul. Traktorowa,2.0,38.0,385000.0,10212.0,Bez pośredników,ponad miesiąc temu,13.0,https://adresowo.pl/o/mieszkanie-lodz-teofilow-ul-traktorowa-2-pokojowe-d1j1l4,https://s2.adresowa.pl/oi/4f/28/3aed62_294b_cover-2-pokojowe-mieszkanie-lodz-teofilow-ul-traktorowa.jpg,,,9,1969.0,blok,,,,,,,,,51.801609,19.394994
Łódź Stoki,ul. Listopadowa,3.0,63.0,669000.0,10619.0,Bez pośredników,ponad miesiąc temu,10.0,https://adresowo.pl/o/mieszkanie-lodz-stoki-ul-listopadowa-3-pokojowe-o1a4u8,https://s2.adresowa.pl/oi/6f/16/3ae994_8ccb_cover-3-pokojowe-mieszkanie-lodz-stoki-ul-listopadowa.jpg,,,2,2015.0,blok,,,,,,,,,51.786444,19.540803
Łódź Bałuty,ul. Łozowa,2.0,42.0,330000.0,7779.0,Bez pośredników,ponad miesiąc temu,5.0,https://adresowo.pl/o/mieszkanie-lodz-baluty-ul-lozowa-2-pokojowe-v1w8c4,https://s2.adresowa.pl/oi/4c/65/3ae966_94ba_cover-2-pokojowe-mieszkanie-lodz-baluty-ul-lozowa.jpg,,,parter,1988.0,blok,,,,,,,,,,
Łódź Doły,ul. Sporna,2.0,33.0,240000.0,7264.0,Oferta biura nieruchomości,ponad miesiąc temu,10.0,https://adresowo.pl/o/mieszkanie-lodz-doly-ul-sporna-2-pokojowe-u5w1i8,https://s2.adresowa.pl/oi/68/24/3aaa98_9314_cover-2-pokojowe-mieszkanie-lodz-doly-ul-sporna.jpg,,,parter,1958.0,blok,,,,,,,,,,
Łódź Widzew,al. marsz. Józefa Piłsudskiego,3.0,67.0,499000.0,7448.0,Oferta biura nieruchomości,ponad miesiąc temu,12.0,https://adresowo.pl/o/mieszkanie-lodz-widzew-al-marsz-jozefa-pilsudskiego-3-pokojowe-j8w7g7,https://s2.adresowa.pl/oi/31/3f/3aa71a_2d53_cover-3-pokojowe-mieszkanie-lodz-widzew-al-marsz-jozefa-pilsudskiego.jpg,,,4,,blok,,,,,,,,,51.761484,19.48744
Łódź Górna,ul. Konstantego Ciołkowskiego,1.0,34.0,262000.0,7735.0,Bez pośredników,ponad miesiąc temu,4.0,https://adresowo.pl/o/mieszkanie-lodz-gorna-ul-konstantego-ciolkowskiego-1-pokoj-u7i2a8,https://s2.adresowa.pl/oi/24/59/3ae952_38c1_cover-1-pokojowe-mieszkanie-lodz-gorna-ul-konstantego-ciolkowskiego.jpg,,,parter,,blok,,,,,,,,,51.728599,19.460215
Łódź Teofilów,ul. Rojna,2.0,42.0,389000.0,9373.0,Bez pośredników,ponad miesiąc temu,18.0,https://adresowo.pl/o/mieszkanie-lodz-teofilow-ul-rojna-2-pokojowe-e5n2g3,https://s2.adresowa.pl/oi/47/2e/3ae146_b112_cover-2-pokojowe-mieszkanie-lodz-teofilow-ul-rojna.jpg,,,4,1973.0,blok,,,,,,,,,,
Łódź Górna,ul. Joachima Lelewela,2.0,34.0,342000.0,9919.0,Bez pośredników,ponad miesiąc temu,8.0,https://adresowo.pl/o/mieszkanie-lodz-gorna-ul-joachima-lelewela-2-pokojowe-s6f4v1,https://s2.adresowa.pl/oi/67/15/3ae078_3dd2_cover-2-pokojowe-mieszkanie-lodz-gorna-ul-joachima-lelewela.jpg,,,1,1973.0,kamienica,,,,,,,,,51.733015,19.475625
Łódź,ul. Wawelska,2.0,37.0,279000.0,7468.0,Oferta biura nieruchomości,ponad miesiąc temu,6.0,https://adresowo.pl/o/mieszkanie-lodz-ul-wawelska-2-pokojowe-a0c4d2,https://s2.adresowa.pl/oi/7b/2d/3aa1cc_92e3_cover-2-pokojowe-mieszkanie-lodz-ul-wawelska.jpg,,,parter,1956.0,blok,,,,,,,,,51.790172,19.456662
Łódź Dąbrowa,ul. Konspiracyjnego Wojska Polskiego,2.0,43.0,320000.0,7397.0,Oferta biura nieruchomości,ponad miesiąc temu,13.0,https://adresowo.pl/o/mieszkanie-lodz-dabrowa-ul-konspiracyjnego-wojska-polskiego-2-pokojowe-w0m8k5,https://s2.adresowa.pl/oi/5e/64/3a9844_af3e_cover-2-pokojowe-mieszkanie-lodz-dabrowa-ul-konspiracyjnego-wojska-polskiego.jpg,,,parter,1964.0,blok,,,,,,,,,51.731453,19.495993
Łódź Widzew,ul. Niciarniana,1.0,27.0,220000.0,8148.0,Bez pośredników,ponad miesiąc temu,9.0,https://adresowo.pl/o/mieszkanie-lodz-widzew-ul-niciarniana-1-pokoj-x0i4b6,https://s2.adresowa.pl/oi/2c/2b/3aca3c_9726_cover-1-pokojowe-mieszkanie-lodz-widzew-ul-niciarniana.jpg,,,4,1964.0,blok,,,,,,,,,,
Łódź Śródmieście,ul. płk. dr. Stanisława Więckowskiego,2.0,48.0,495000.0,10219.0,Bez pośredników,ponad miesiąc temu,8.0,https://adresowo.pl/o/mieszkanie-lodz-srodmiescie-ul-plk-dr-stanislawa-wieckowskiego-2-pokojowe-r3a4d0,https://s2.adresowa.pl/oi/7d/61/3adee4_38b9_cover-2-pokojowe-mieszkanie-lodz-srodmiescie-ul-plk-dr-stanislawa-wieckowskiego.jpg,,,parter,2011.0,kamienica,,,,,,,,,51.771701,19.444958
Łódź Śródmieście,Nawrot,6.0,74.0,513000.0,6946.0,Bez pośredników,ponad miesiąc temu,41.0,https://adresowo.pl/o/mieszkanie-lodz-srodmiescie-nawrot-6-pokojowe-a1b4k3,https://s2.adresowa.pl/oi/53/2f/3ab180_b6df_cover-6-pokojowe-mieszkanie-lodz-srodmiescie-nawrot.jpg,,,parter,1980.0,blok,,,,,,,,,51.762646,19.460063
Łódź Julianów,ul. Żabia,4.0,99.0,897360.0,9030.0,Oferta biura nieruchomości,ponad miesiąc temu,22.0,https://adresowo.pl/o/mieszkanie-lodz-julianow-ul-zabia-4-pokojowe-p5x8t9,https://s2.adresowa.pl/oi/65/68/3a8ac6_a63f_cover-4-pokojowe-mieszkanie-lodz-julianow-ul-zabia.jpg,,,2,1980.0,blok,,,,,,,,,51.793822,19.452909
Łódź Polesie,ul. 6 Sierpnia,2.0,43.0,394360.0,9203.0,Oferta biura nieruchomości,ponad miesiąc temu,14.0,https://adresowo.pl/o/mieszkanie-lodz-polesie-ul-6-sierpnia-2-pokojowe-m3x2y1,https://s2.adresowa.pl/oi/58/41/3a8ac2_88bf_cover-2-pokojowe-mieszkanie-lodz-polesie-ul-6-sierpnia.jpg,,,1,1951.0,blok,,,,,,,,,51.7672,19.438738
Łódź Widzew,ul. Juliana Tuwima,2.0,37.0,396546.0,10600.0,Bez pośredników,ponad miesiąc temu,3.0,https://adresowo.pl/o/mieszkanie-lodz-widzew-ul-juliana-tuwima-2-pokojowe-l8e2l4,https://s2.adresowa.pl/oi/5c/2e/3adaba_5d65_cover-2-pokojowe-mieszkanie-lodz-widzew-ul-juliana-tuwima.jpg,,,parter,2025.0,blok,,,,,,,,,51.767301,19.477729
Łódź Bałuty,ul. Zgierska,2.0,43.0,214000.0,4977.0,Bez pośredników,ponad miesiąc temu,8.0,https://adresowo.pl/o/mieszkanie-lodz-baluty-ul-zgierska-2-pokojowe-j8n2l7,https://s2.adresowa.pl/oi/34/54/3ada72_549d_cover-2-pokojowe-mieszkanie-lodz-baluty-ul-zgierska.jpg,,,3,1910.0,kamienica,,,,,,,,,51.807719,19.439124
Łódź Dąbrowa,ul. gen. Jarosława Dąbrowskiego,3.0,48.0,469000.0,9771.0,Bez pośredników,ponad miesiąc temu,1.0,https://adresowo.pl/o/mieszkanie-lodz-dabrowa-ul-gen-jaroslawa-dabrowskiego-3-pokojowe-m1z2g6,https://s2.adresowa.pl/oi/6e/3a/3ad0cc_631a_cover-3-pokojowe-mieszkanie-lodz-dabrowa-ul-gen-jaroslawa-dabrowskiego.jpg,,,4,1970.0,blok,,,,,,,,,,
Łódź Chojny,ul. Bałtycka,2.0,44.0,379000.0,8555.0,Oferta biura nieruchomości,ponad miesiąc temu,14.0,https://adresowo.pl/o/mieszkanie-lodz-chojny-ul-baltycka-2-pokojowe-f5b7s1,https://s2.adresowa.pl/oi/19/5f/3a80f8_74d0_cover-2-pokojowe-mieszkanie-lodz-chojny-ul-baltycka.jpg,,,4,2003.0,blok,,,,,,,,,51.71531,19.504966
Łódź Retkinia,ul. Olimpijska,1.0,31.0,247000.0,7968.0,Oferta biura nieruchomości,ponad miesiąc temu,20.0,https://adresowo.pl/o/mieszkanie-lodz-retkinia-ul-olimpijska-1-pokoj-l4r5h1,https://s2.adresowa.pl/oi/58/3a/3a75dc_ba0c_cover-1-pokojowe-mieszkanie-lodz-retkinia-ul-olimpijska.jpg,,,parter,1978.0,blok,,,,,,,,,,
Łódź,ul. Maratońska,2.0,42.0,318150.0,7575.0,Bez pośredników,ponad miesiąc temu,1.0,https://adresowo.pl/o/mieszkanie-lodz-ul-maratonska-2-pokojowe-e5n8p9,https://s2.adresowa.pl/oi/25/36/3acfce_58cc_cover-2-pokojowe-mieszkanie-lodz-ul-maratonska.jpg,,,parter,,blok,,,,,,,,,,
Łódź Teofilów,ul. Traktorowa,2.0,38.0,353000.0,9408.0,Bez pośredników,ponad miesiąc temu,13.0,https://adresowo.pl/o/mieszkanie-lodz-teofilow-ul-traktorowa-2-pokojowe-i6h6u0,https://s2.adresowa.pl/oi/66/31/3acfa6_f584_cover-2-pokojowe-mieszkanie-lodz-teofilow-ul-traktorowa.jpg,,,9,1968.0,blok,,,,,,,,,51.801609,19.394994
Łódź Górna,ul. Łączna,2.0,43.0,320000.0,7442.0,Bez pośredników,ponad miesiąc temu,10.0,https://adresowo.pl/o/mieszkanie-lodz-gorna-ul-laczna-2-pokojowe-v2a3a6,https://s2.adresowa.pl/oi/2d/45/3acf5a_6993_cover-2-pokojowe-mieszkanie-lodz-gorna-ul-laczna.jpg,,,parter,,kamienica,,,,,,,,,51.732587,19.472901
Łódź Stare Polesie,al. 1 Maja,2.0,50.0,429000.0,8644.0,Oferta biura nieruchomości,ponad miesiąc temu,10.0,https://adresowo.pl/o/mieszkanie-lodz-stare-polesie-al-1-maja-2-pokojowe-u2x7y1,https://s2.adresowa.pl/oi/77/7e/3a5eae_a132_cover-2-pokojowe-mieszkanie-lodz-stare-polesie-al-1-maja.jpg,,,parter,2020.0,kamienica,,,,,,,,,,
Łódź,ul. Pieniny,2.0,34.0,215000.0,6324.0,Oferta biura nieruchomości,ponad miesiąc temu,6.0,https://adresowo.pl/o/mieszkanie-lodz-ul-pieniny-2-pokojowe-y9e7i3,https://s2.adresowa.pl/oi/28/52/3a5dc0_3f63_cover-2-pokojowe-mieszkanie-lodz-ul-pieniny.jpg,,,parter,1950.0,blok,,,,,,,,,51.781056,19.526416
Łódź Retkinia,ul. Kostki Napierskiego,2.0,49.0,365000.0,7426.0,Bez pośredników,ponad miesiąc temu,8.0,https://adresowo.pl/o/mieszkanie-lodz-retkinia-ul-kostki-napierskiego-2-pokojowe-w0q1g3,https://s2.adresowa.pl/oi/2f/71/3ace90_462e_cover-2-pokojowe-mieszkanie-lodz-retkinia-ul-kostki-napierskiego.jpg,,,8,1980.0,blok,,,,,,,,,51.749044,19.398244
Łódź Śródmieście,ul. Wierzbowa,3.0,74.0,700000.0,9459.0,Bez pośredników,ponad miesiąc temu,8.0,https://adresowo.pl/o/mieszkanie-lodz-srodmiescie-ul-wierzbowa-3-pokojowe-t6d9z8,https://s2.adresowa.pl/oi/3e/45/3ace50_42dc_cover-3-pokojowe-mieszkanie-lodz-srodmiescie-ul-wierzbowa.jpg,,,1920,1920.0,kamienica,,,,,,,,,,
Łódź Bałuty,ul. Urzędnicza,3.0,48.0,409000.0,8521.0,Bez pośredników,ponad miesiąc temu,8.0,https://adresowo.pl/o/mieszkanie-lodz-baluty-ul-urzednicza-3-pokojowe-d9s3s0,https://s2.adresowa.pl/oi/73/13/3ace22_9bae_cover-3-pokojowe-mieszkanie-lodz-baluty-ul-urzednicza.jpg,,,parter,,blok,,,,,,,,,,
Łódź Górna,ul. Siarczana,2.0,40.0,340000.0,8573.0,Oferta biura nieruchomości,ponad miesiąc temu,9.0,https://adresowo.pl/o/mieszkanie-lodz-gorna-ul-siarczana-2-pokojowe-u9z1z8,https://s2.adresowa.pl/oi/3a/68/3a5da6_fcf7_cover-2-pokojowe-mieszkanie-lodz-gorna-ul-siarczana.jpg,,,4,1980.0,blok,,,,,,,,,,
Łódź Radogoszcz,ul. Okoniowa,3.0,65.0,619360.0,9475.0,Oferta biura nieruchomości,ponad miesiąc temu,20.0,https://adresowo.pl/o/mieszkanie-lodz-radogoszcz-ul-okoniowa-3-pokojowe-z6p5v9,https://s2.adresowa.pl/oi/47/3f/3a54b6_6481_cover-3-pokojowe-mieszkanie-lodz-radogoszcz-ul-okoniowa.jpg,,,parter,2006.0,blok,,,,,,,,,,
Łódź Retkinia,ul. Maratońska,3.0,53.0,450000.0,8491.0,Bez pośredników,ponad miesiąc temu,8.0,https://adresowo.pl/o/mieszkanie-lodz-retkinia-ul-maratonska-3-pokojowe-m2h7m8,https://s2.adresowa.pl/oi/67/56/3acdaa_ceab_cover-3-pokojowe-mieszkanie-lodz-retkinia-ul-maratonska.jpg,,,parter,1978.0,blok,,,,,,,,,51.737604,19.393771
Łódź Chojny,ul. Tuszyńska,3.0,62.0,495000.0,7925.0,Bez pośredników,ponad miesiąc temu,12.0,https://adresowo.pl/o/mieszkanie-lodz-chojny-ul-tuszynska-3-pokojowe-n8d7u5,https://s2.adresowa.pl/oi/40/37/3acca0_52e8_cover-3-pokojowe-mieszkanie-lodz-chojny-ul-tuszynska.jpg,,,parter,1989.0,blok,,,,,,,,,51.759292,19.455878
Łódź Śródmieście,ul. Wólczańska,3.0,73.0,619999.0,8493.0,Bez pośredników,ponad miesiąc temu,8.0,https://adresowo.pl/o/mieszkanie-lodz-srodmiescie-ul-wolczanska-3-pokojowe-y4r3l2,https://s2.adresowa.pl/oi/39/58/3acc0e_ef72_cover-3-pokojowe-mieszkanie-lodz-srodmiescie-ul-wolczanska.jpg,,,parter,,kamienica,,,,,,,,,,
Łódź Polesie,ul. Walerego Wróblewskiego,2.0,28.0,229000.0,8132.0,Oferta biura nieruchomości,ponad miesiąc temu,11.0,https://adresowo.pl/o/mieszkanie-lodz-polesie-ul-walerego-wroblewskiego-2-pokojowe-u5j3z4,https://s2.adresowa.pl/oi/5f/31/3a3c52_41c4_cover-2-pokojowe-mieszkanie-lodz-polesie-ul-walerego-wroblewskiego.jpg,,,parter,1964.0,blok,,,,,,,,,,
Łódź Olechów,ul. Dąbrówki,2.0,50.0,440000.0,8800.0,Oferta biura nieruchomości,ponad miesiąc temu,14.0,https://adresowo.pl/o/mieszkanie-lodz-olechow-ul-dabrowki-2-pokojowe-v3j6n6,https://s2.adresowa.pl/oi/33/43/3a3296_e9eb_cover-2-pokojowe-mieszkanie-lodz-olechow-ul-dabrowki.jpg,,,parter,1992.0,blok,,,,,,,,,,
Łódź Śródmieście,ul. Polskiej Organizacji Wojskowej,2.0,79.0,615000.0,7758.0,Bez pośredników,ponad miesiąc temu,9.0,https://adresowo.pl/o/mieszkanie-lodz-srodmiescie-ul-polskiej-organizacji-wojskowej-2-pokojowe-y5l4s6,https://s2.adresowa.pl/oi/4e/3e/3acbee_d617_cover-2-pokojowe-mieszkanie-lodz-srodmiescie-ul-polskiej-organizacji-wojskowej.jpg,,,parter,1915.0,kamienica,,,,,,,,,51.77281,19.466408
Łódź Bałuty,ul. Ciesielska,1.0,30.0,254000.0,8453.0,Bez pośredników,ponad miesiąc temu,20.0,https://adresowo.pl/o/mieszkanie-lodz-baluty-ul-ciesielska-1-pokoj-f9i2r8,https://s2.adresowa.pl/oi/26/52/3acb8c_b3c9_cover-1-pokojowe-mieszkanie-lodz-baluty-ul-ciesielska.jpg,,,parter,1955.0,blok,,,,,,,,,,
Łódź Polesie,ul. Konstantynowska,4.0,90.0,980000.0,10950.0,Bez pośredników,ponad miesiąc temu,19.0,https://adresowo.pl/o/mieszkanie-lodz-polesie-ul-konstantynowska-4-pokojowe-l3o6f3,https://s2.adresowa.pl/oi/2f/62/3acb68_b0a7_cover-4-pokojowe-mieszkanie-lodz-polesie-ul-konstantynowska.jpg,,,980,2013.0,kamienica,,,,,,,,,51.759319,19.398868
Łódź Retkinia,ul. Olimpijska,3.0,53.0,459900.0,8682.0,Oferta biura nieruchomości,ponad miesiąc temu,11.0,https://adresowo.pl/o/mieszkanie-lodz-retkinia-ul-olimpijska-3-pokojowe-j6c9t0,https://s2.adresowa.pl/oi/40/15/3a2c48_6a86_cover-3-pokojowe-mieszkanie-lodz-retkinia-ul-olimpijska.jpg,,,parter,1973.0,blok,,,,,,,,,,
Łódź Bałuty,ul. Rajska,3.0,54.0,480000.0,8955.0,Oferta biura nieruchomości,ponad miesiąc temu,12.0,https://adresowo.pl/o/mieszkanie-lodz-baluty-ul-rajska-3-pokojowe-k9a6o4,https://s2.adresowa.pl/oi/5c/7b/3a10e2_c50b_cover-3-pokojowe-mieszkanie-lodz-baluty-ul-rajska.jpg,,,parter,1960.0,blok,,,,,,,,,51.795835,19.436927
Łódź Radogoszcz,ul. Liściasta,3.0,79.0,679400.0,8600.0,Bez pośredników,ponad miesiąc temu,8.0,https://adresowo.pl/o/mieszkanie-lodz-radogoszcz-ul-lisciasta-3-pokojowe-y5e9s4,https://s2.adresowa.pl/oi/1c/43/3ac668_ee84_cover-3-pokojowe-mieszkanie-lodz-radogoszcz-ul-lisciasta.jpg,,,parter,2005.0,blok,,,,,,,,,51.817598,19.405055
Łódź Śródmieście,ul. Ludwika Zamenhofa,4.0,87.0,589000.0,6770.0,Bez pośredników,ponad miesiąc temu,8.0,https://adresowo.pl/o/mieszkanie-lodz-srodmiescie-ul-ludwika-zamenhofa-4-pokojowe-x7x6b4,https://s2.adresowa.pl/oi/61/39/3ac516_b5ea_cover-4-pokojowe-mieszkanie-lodz-srodmiescie-ul-ludwika-zamenhofa.jpg,,,parter,,,,,,,,,,,51.761928,19.452907
Łódź Stare Polesie,ul. Rzgowska,1.0,28.0,225360.0,8095.0,Oferta biura nieruchomości,ponad miesiąc temu,12.0,https://adresowo.pl/o/mieszkanie-lodz-stare-polesie-ul-rzgowska-1-pokoj-u7t4a4,https://s2.adresowa.pl/oi/21/49/3a080c_782c_cover-1-pokojowe-mieszkanie-lodz-stare-polesie-ul-rzgowska.jpg,,,parter,1990.0,blok,,,,,,,,,51.701957,19.477981
Łódź,ul. Spacerowa,2.0,41.0,359360.0,8722.0,Oferta biura nieruchomości,ponad miesiąc temu,18.0,https://adresowo.pl/o/mieszkanie-lodz-ul-spacerowa-2-pokojowe-o9g5l4,https://s2.adresowa.pl/oi/36/12/3a04ae_c0a8_cover-2-pokojowe-mieszkanie-lodz-ul-spacerowa.jpg,,,4,1960.0,blok,,,,,,,,,,
Łódź Dąbrowa,ul. gen. Jarosława Dąbrowskiego,3.0,47.0,325000.0,6862.0,Bez pośredników,ponad miesiąc temu,12.0,https://adresowo.pl/o/mieszkanie-lodz-dabrowa-ul-gen-jaroslawa-dabrowskiego-3-pokojowe-p2g3m9,https://s2.adresowa.pl/oi/69/1a/3ac49c_58a0_cover-3-pokojowe-mieszkanie-lodz-dabrowa-ul-gen-jaroslawa-dabrowskiego.jpg,,,parter,1970.0,blok,,,,,,,,,,
Łódź Bałuty,ul. Świtezianki,3.0,64.0,704000.0,11000.0,Bez pośredników,ponad miesiąc temu,8.0,https://adresowo.pl/o/mieszkanie-lodz-baluty-ul-switezianki-3-pokojowe-w5z6l5,https://s2.adresowa.pl/oi/45/67/3ac018_df7e_cover-3-pokojowe-mieszkanie-lodz-baluty-ul-switezianki.jpg,,,parter,2025.0,apartamentowiec,,,,,,,,,51.823709,19.438808
Łódź Retkinia,ul. Retkińska,1.0,31.0,326000.0,10516.0,Bez pośredników,ponad miesiąc temu,5.0,https://adresowo.pl/o/mieszkanie-lodz-retkinia-ul-retkinska-1-pokoj-a3l0p9,https://s2.adresowa.pl/oi/49/3e/3abfa0_e464_cover-1-pokojowe-mieszkanie-lodz-retkinia-ul-retkinska.jpg,,,5,,blok,,,,,,,,,,
Łódź Bałuty,ul. Inowrocławska,2.0,47.0,287000.0,6165.0,Oferta biura nieruchomości,ponad miesiąc temu,6.0,https://adresowo.pl/o/mieszkanie-lodz-baluty-ul-inowroclawska-2-pokojowe-q8l2y6,https://s2.adresowa.pl/oi/40/36/39f51c_39e6_cover-2-pokojowe-mieszkanie-lodz-baluty-ul-inowroclawska.jpg,,,2,1980.0,blok,,,,,,,,,,
Łódź Mileszki,ul. Henrykowska,3.0,59.0,509034.0,8600.0,Oferta biura nieruchomości,ponad miesiąc temu,8.0,https://adresowo.pl/o/mieszkanie-lodz-mileszki-ul-henrykowska-3-pokojowe-u6o4i9,https://s2.adresowa.pl/oi/7b/1e/39e7da_767a_cover-3-pokojowe-mieszkanie-lodz-mileszki-ul-henrykowska.jpg,,,parter,1980.0,blok,,,,,,,,,,
Łódź Retkinia,ul. Sprinterów,3.0,56.0,430000.0,7679.0,Bez pośredników,ponad miesiąc temu,13.0,https://adresowo.pl/o/mieszkanie-lodz-retkinia-ul-sprinterow-3-pokojowe-p5q7i0,https://s2.adresowa.pl/oi/44/2d/3abeec_9571_cover-3-pokojowe-mieszkanie-lodz-retkinia-ul-sprinterow.jpg,,,2,,blok,,,,,,,,,,
Łódź Śródmieście,ul. Wierzbowa,3.0,59.0,590000.0,10000.0,Bez pośredników,ponad miesiąc temu,10.0,https://adresowo.pl/o/mieszkanie-lodz-srodmiescie-ul-wierzbowa-3-pokojowe-i0i4j5,https://s2.adresowa.pl/oi/57/64/3abaea_3c7b_cover-3-pokojowe-mieszkanie-lodz-srodmiescie-ul-wierzbowa.jpg,,,7,1970.0,blok,,,,,,,,,,
Łódź,al. 1 Maja,1.0,23.0,250000.0,10643.0,Oferta biura nieruchomości,ponad miesiąc temu,7.0,https://adresowo.pl/o/mieszkanie-lodz-al-1-maja-1-pokoj-v5k9w3,https://s2.adresowa.pl/oi/62/37/39e10e_d8ca_cover-1-pokojowe-mieszkanie-lodz-al-1-maja.jpg,,,260,,blok,,,,,,,,,51.772858,19.443214
Łódź Śródmieście,ul. Milionowa,2.0,45.0,650000.0,14444.0,Oferta biura nieruchomości,ponad miesiąc temu,8.0,https://adresowo.pl/o/mieszkanie-lodz-srodmiescie-ul-milionowa-2-pokojowe-h4a4v8,https://s2.adresowa.pl/oi/73/29/39d8e6_568b_cover-2-pokojowe-mieszkanie-lodz-srodmiescie-ul-milionowa.jpg,,,parter,2025.0,blok,,,,,,,,,51.747856,19.467436
Łódź Teofilów,ul. Grabieniec,3.0,57.0,487000.0,8514.0,Bez pośredników,ponad miesiąc temu,15.0,https://adresowo.pl/o/mieszkanie-lodz-teofilow-ul-grabieniec-3-pokojowe-h7m7i2,https://s2.adresowa.pl/oi/12/1b/3ab82e_db08_cover-3-pokojowe-mieszkanie-lodz-teofilow-ul-grabieniec.jpg,,,parter,1980.0,blok,,,,,,,,,,
Łódź Retkinia,ul. Maratońska,3.0,42.0,499999.0,11905.0,Bez pośredników,ponad miesiąc temu,11.0,https://adresowo.pl/o/mieszkanie-lodz-retkinia-ul-maratonska-3-pokojowe-i1b9v9,https://s2.adresowa.pl/oi/16/2d/3ab6ec_95e4_cover-3-pokojowe-mieszkanie-lodz-retkinia-ul-maratonska.jpg,,,parter,,blok,,,,,,,,,51.737604,19.393771
Łódź Polesie,ul. Walerego Wróblewskiego,1.0,13.0,150000.0,11538.0,Bez pośredników,ponad miesiąc temu,7.0,https://adresowo.pl/o/mieszkanie-lodz-polesie-ul-walerego-wroblewskiego-1-pokoj-z7w5r2,https://s2.adresowa.pl/oi/70/37/3ab662_f7cd_cover-1-pokojowe-mieszkanie-lodz-polesie-ul-walerego-wroblewskiego.jpg,,,1,2020.0,,,,,,,,,,51.745749,19.437483
Łódź Polesie,ul. Tomasza Rychlińskiego,2.0,58.0,513999.0,8899.0,Oferta biura nieruchomości,ponad miesiąc temu,3.0,https://adresowo.pl/o/mieszkanie-lodz-polesie-ul-tomasza-rychlinskiego-2-pokojowe-z0l4b4,https://s2.adresowa.pl/oi/26/22/39b5e4_3cb1_cover-2-pokojowe-mieszkanie-lodz-polesie-ul-tomasza-rychlinskiego.jpg,,,3,2025.0,blok,,,,,,,,,51.778603,19.422172
Łódź Bałuty,ul. Jana Woronicza,2.0,43.0,279000.0,6523.0,Oferta biura nieruchomości,ponad miesiąc temu,12.0,https://adresowo.pl/o/mieszkanie-lodz-baluty-ul-jana-woronicza-2-pokojowe-x9q6s8,https://s2.adresowa.pl/oi/67/45/39b48c_c271_cover-2-pokojowe-mieszkanie-lodz-baluty-ul-jana-woronicza.jpg,,,3,1964.0,blok,,,,,,,,,51.792159,19.40957
Łódź Retkinia,ul. Maratońska,3.0,53.0,397000.0,7491.0,Bez pośredników,ponad miesiąc temu,1.0,https://adresowo.pl/o/mieszkanie-lodz-retkinia-ul-maratonska-3-pokojowe-k0e4l2,https://s2.adresowa.pl/oi/4d/20/3aa958_a32d_cover-3-pokojowe-mieszkanie-lodz-retkinia-ul-maratonska.jpg,,,parter,1976.0,blok,,,,,,,,,,
Łódź Arturówek,ul. Skrzydlata,4.0,92.0,1150000.0,12482.0,Bez pośredników,ponad miesiąc temu,9.0,https://adresowo.pl/o/mieszkanie-lodz-arturowek-ul-skrzydlata-4-pokojowe-q7w4s4,https://s2.adresowa.pl/oi/42/6d/3aaf2a_2d0a_cover-4-pokojowe-mieszkanie-lodz-arturowek-ul-skrzydlata.jpg,,,parter,2024.0,,,,,,,,,,51.820863,19.474012
Łódź Chojny,ul. Antoniego Edwarda Odyńca,3.0,60.0,450000.0,7483.0,Oferta biura nieruchomości,ponad miesiąc temu,17.0,https://adresowo.pl/o/mieszkanie-lodz-chojny-ul-antoniego-edwarda-odynca-3-pokojowe-j0e1f8,https://s2.adresowa.pl/oi/11/36/399816_be68_cover-3-pokojowe-mieszkanie-lodz-chojny-ul-antoniego-edwarda-odynca.jpg,,,parter,1970.0,blok,,,,,,,,,,
Łódź Bałuty,ul. Sukiennicza,3.0,57.0,460000.0,8070.0,Oferta biura nieruchomości,ponad miesiąc temu,10.0,https://adresowo.pl/o/mieszkanie-lodz-baluty-ul-sukiennicza-3-pokojowe-z9k2a1,https://s2.adresowa.pl/oi/34/71/3997c6_842d_cover-3-pokojowe-mieszkanie-lodz-baluty-ul-sukiennicza.jpg,,,parter,1970.0,blok,,,,,,,,,,
Łódź Górna,ul. Stanisława Przybyszewskiego,2.0,72.0,530000.0,7361.0,Bez pośredników,ponad miesiąc temu,21.0,https://adresowo.pl/o/mieszkanie-lodz-gorna-ul-stanislawa-przybyszewskiego-2-pokojowe-y9p1i1,https://s2.adresowa.pl/oi/15/6c/3aae1c_b438_cover-2-pokojowe-mieszkanie-lodz-gorna-ul-stanislawa-przybyszewskiego.jpg,,,parter,1930.0,blok,,,,,,,,,,
Łódź Śródmieście,ul. 6 Sierpnia,3.0,56.0,610000.0,10868.0,Bez pośredników,ponad miesiąc temu,10.0,https://adresowo.pl/o/mieszkanie-lodz-srodmiescie-ul-6-sierpnia-3-pokojowe-h2l0n8,https://s2.adresowa.pl/oi/1c/7b/3aae04_5e34_cover-3-pokojowe-mieszkanie-lodz-srodmiescie-ul-6-sierpnia.jpg,,,2,2025.0,blok,,,,,,,,,51.767581,19.442934
Łódź Górna,ul. Granitowa,2.0,52.0,395000.0,7596.0,Bez pośredników,ponad miesiąc temu,7.0,https://adresowo.pl/o/mieszkanie-lodz-gorna-ul-granitowa-2-pokojowe-n4j9j7,https://s2.adresowa.pl/oi/2a/62/3aadd4_8a35_cover-2-pokojowe-mieszkanie-lodz-gorna-ul-granitowa.jpg,,,6,1984.0,blok,,,,,,,,,51.731414,19.465466
Łódź,ul. gen. Józefa Dwernickiego,2.0,51.0,434000.0,8493.0,Oferta biura nieruchomości,ponad miesiąc temu,7.0,https://adresowo.pl/o/mieszkanie-lodz-ul-gen-jozefa-dwernickiego-2-pokojowe-l7j7d9,https://s2.adresowa.pl/oi/65/14/3996cc_faeb_cover-2-pokojowe-mieszkanie-lodz-ul-gen-jozefa-dwernickiego.jpg,,,parter,1960.0,blok,,,,,,,,,,
Łódź Górna,ul. Lubelska,2.0,37.0,335000.0,9141.0,Oferta biura nieruchomości,ponad miesiąc temu,10.0,https://adresowo.pl/o/mieszkanie-lodz-gorna-ul-lubelska-2-pokojowe-c3u8o1,https://s2.adresowa.pl/oi/32/46/3986b2_aa2a_cover-2-pokojowe-mieszkanie-lodz-gorna-ul-lubelska.jpg,,,1958,1958.0,blok,,,,,,,,,51.741802,19.475453
Łódź Widzew,ul. Rysy,2.0,45.0,490000.0,10889.0,Bez pośredników,ponad miesiąc temu,9.0,https://adresowo.pl/o/mieszkanie-lodz-widzew-ul-rysy-2-pokojowe-z7t0w2,https://s2.adresowa.pl/oi/57/5e/3aad96_e2aa_cover-2-pokojowe-mieszkanie-lodz-widzew-ul-rysy.jpg,,,1,2014.0,blok,,,,,,,,,51.782121,19.535769
Łódź Stoki,ul. Zbocze,2.0,40.0,229000.0,5768.0,Bez pośredników,ponad miesiąc temu,16.0,https://adresowo.pl/o/mieszkanie-lodz-stoki-ul-zbocze-2-pokojowe-g2q1w1,https://s2.adresowa.pl/oi/40/43/3aab9a_f846_cover-2-pokojowe-mieszkanie-lodz-stoki-ul-zbocze.jpg,,,parter,1945.0,,,,,,,,,,,
Łódź Górna,ul. Alojzego Felińskiego,2.0,36.0,320000.0,8889.0,Bez pośredników,ponad miesiąc temu,9.0,https://adresowo.pl/o/mieszkanie-lodz-gorna-ul-alojzego-felinskiego-2-pokojowe-n6a4h5,https://s2.adresowa.pl/oi/60/76/3aaa26_d9cb_cover-2-pokojowe-mieszkanie-lodz-gorna-ul-alojzego-felinskiego.jpg,,,10,1960.0,blok,,,,,,,,,,
Łódź Polesie,ul. dr. Adama Próchnika,3.0,78.0,420000.0,5412.0,Oferta biura nieruchomości,ponad miesiąc temu,22.0,https://adresowo.pl/o/mieszkanie-lodz-polesie-ul-dr-adama-prochnika-3-pokojowe-x1i6i3,https://s2.adresowa.pl/oi/68/7a/395e90_c4d1_cover-3-pokojowe-mieszkanie-lodz-polesie-ul-dr-adama-prochnika.jpg,,,parter,1920.0,kamienica,,,,,,,,,51.774226,19.446487
Łódź Berlinek,ul. Zgierska,2.0,47.0,409000.0,8702.0,Oferta biura nieruchomości,ponad miesiąc temu,10.0,https://adresowo.pl/o/mieszkanie-lodz-berlinek-ul-zgierska-2-pokojowe-n6i7p9,https://s2.adresowa.pl/oi/7f/63/395e54_e2a2_cover-2-pokojowe-mieszkanie-lodz-berlinek-ul-zgierska.jpg,,,4,1975.0,blok,,,,,,,,,,
Łódź Widzew,ul. Józefa Elsnera,3.0,64.0,550000.0,8594.0,Bez pośredników,ponad miesiąc temu,10.0,https://adresowo.pl/o/mieszkanie-lodz-widzew-ul-jozefa-elsnera-3-pokojowe-w2m2v7,https://s2.adresowa.pl/oi/77/5d/3aa7a4_86d4_cover-3-pokojowe-mieszkanie-lodz-widzew-ul-jozefa-elsnera.jpg,,,parter,1978.0,blok,,,,,,,,,51.755845,19.531267
Łódź Chojny,ul. Mazurska,1.0,33.0,269000.0,8152.0,Bez pośredników,ponad miesiąc temu,8.0,https://adresowo.pl/o/mieszkanie-lodz-chojny-ul-mazurska-1-pokoj-f0a0f9,https://s2.adresowa.pl/oi/6f/2f/3a9fde_291d_cover-1-pokojowe-mieszkanie-lodz-chojny-ul-mazurska.jpg,,,4,1974.0,blok,,,,,,,,,51.729946,19.48279
Łódź Bałuty,ul. Wojska Polskiego,1.0,36.0,265000.0,7442.0,Oferta biura nieruchomości,ponad miesiąc temu,10.0,https://adresowo.pl/o/mieszkanie-lodz-baluty-ul-wojska-polskiego-1-pokoj-z8r6h8,https://s2.adresowa.pl/oi/41/33/395e3e_279f_cover-1-pokojowe-mieszkanie-lodz-baluty-ul-wojska-polskiego.jpg,,,parter,,kamienica,,,,,,,,,51.783899,19.457234
Łódź Śródmieście,ul. Rewolucji 1905 r.,2.0,96.0,649000.0,6760.0,Oferta biura nieruchomości,ponad miesiąc temu,19.0,https://adresowo.pl/o/mieszkanie-lodz-srodmiescie-ul-rewolucji-1905-r-2-pokojowe-r9s7e3,https://s2.adresowa.pl/oi/23/34/395b0e_c668_cover-2-pokojowe-mieszkanie-lodz-srodmiescie-ul-rewolucji-1905-r-.jpg,,,649,,kamienica,,,,,,,,,51.775109,19.460183
Łódź Górna,ul. Tabelowa,3.0,78.0,860000.0,10964.0,Bez pośredników,ponad miesiąc temu,13.0,https://adresowo.pl/o/mieszkanie-lodz-gorna-ul-tabelowa-3-pokojowe-l5y7p0,https://s2.adresowa.pl/oi/4f/1b/3a9f1e_654d_cover-3-pokojowe-mieszkanie-lodz-gorna-ul-tabelowa.jpg,,,parter,2015.0,blok,,,,,,,,,51.699327,19.461195
Łódź Nowe Złotno,ul. Krzysztofa Cedry,2.0,43.0,475000.0,11047.0,Bez pośredników,ponad miesiąc temu,8.0,https://adresowo.pl/o/mieszkanie-lodz-nowe-zlotno-ul-krzysztofa-cedry-2-pokojowe-c2v0s8,https://s2.adresowa.pl/oi/48/1b/3a9ba8_66e8_cover-2-pokojowe-mieszkanie-lodz-nowe-zlotno-ul-krzysztofa-cedry.jpg,,,parter,2020.0,blok,,,,,,,,,,
Łódź,ul. Plantowa,2.0,45.0,415000.0,9222.0,Oferta biura nieruchomości,ponad miesiąc temu,8.0,https://adresowo.pl/o/mieszkanie-lodz-ul-plantowa-2-pokojowe-f8c8y8,https://s2.adresowa.pl/oi/6b/29/39561a_d9b1_cover-2-pokojowe-mieszkanie-lodz-ul-plantowa.jpg,,,4,1970.0,blok,,,,,,,,,51.791229,19.405733
Łódź Górna,ul. Bednarska,2.0,43.0,410000.0,9647.0,Oferta biura nieruchomości,ponad miesiąc temu,12.0,https://adresowo.pl/o/mieszkanie-lodz-gorna-ul-bednarska-2-pokojowe-z3y5e0,https://s2.adresowa.pl/oi/4a/14/39520e_a8a1_cover-2-pokojowe-mieszkanie-lodz-gorna-ul-bednarska.jpg,,,6,1981.0,blok,,,,,,,,,,
Łódź Polesie,ul. Stefana Żeromskiego,4.0,90.0,558000.0,6217.0,Bez pośredników,ponad miesiąc temu,12.0,https://adresowo.pl/o/mieszkanie-lodz-polesie-ul-stefana-zeromskiego-4-pokojowe-x5b6n2,https://s2.adresowa.pl/oi/31/11/3a9a5a_6efe_cover-4-pokojowe-mieszkanie-lodz-polesie-ul-stefana-zeromskiego.jpg,,,6,1912.0,blok,,,,,,,,,51.763502,19.447322
Łódź Śródmieście,ul. Pomorska,1.0,36.0,357000.0,9950.0,Bez pośredników,ponad miesiąc temu,18.0,https://adresowo.pl/o/mieszkanie-lodz-srodmiescie-ul-pomorska-1-pokoj-q9w3m8,https://s2.adresowa.pl/oi/30/46/3a99b2_43a5_cover-1-pokojowe-mieszkanie-lodz-srodmiescie-ul-pomorska.jpg,,,342,1960.0,blok,,,,,,,,,51.779065,19.478694
Łódź Górna,ul. Jasień,3.0,63.0,594795.0,9500.0,Bez pośredników,ponad miesiąc temu,1.0,https://adresowo.pl/o/mieszkanie-lodz-gorna-ul-jasien-3-pokojowe-a7o3l5,https://s2.adresowa.pl/oi/6e/3d/3a9654_ed68_cover-3-pokojowe-mieszkanie-lodz-gorna-ul-jasien.jpg,,,parter,2026.0,blok,,,,,,,,,51.735464,19.445767
Łódź Stare Polesie,ul. Srebrzyńska,2.0,33.0,339360.0,10334.0,Oferta biura nieruchomości,ponad miesiąc temu,19.0,https://adresowo.pl/o/mieszkanie-lodz-stare-polesie-ul-srebrzynska-2-pokojowe-q0g9x7,https://s2.adresowa.pl/oi/32/6e/395154_5932_cover-2-pokojowe-mieszkanie-lodz-stare-polesie-ul-srebrzynska.jpg,,,parter,2025.0,blok,,,,,,,,,,
Łódź,ul. Młynarska,4.0,88.0,639000.0,7295.0,Oferta biura nieruchomości,ponad miesiąc temu,11.0,https://adresowo.pl/o/mieszkanie-lodz-ul-mlynarska-4-pokojowe-y6f5j3,https://s2.adresowa.pl/oi/64/68/393702_636d_cover-4-pokojowe-mieszkanie-lodz-ul-mlynarska.jpg,,,2,1948.0,kamienica,,,,,,,,,51.785239,19.458085
Łódź Żabieniec,ul. Jana Woronicza,2.0,44.0,315000.0,7159.0,Bez pośredników,ponad miesiąc temu,10.0,https://adresowo.pl/o/mieszkanie-lodz-zabieniec-ul-jana-woronicza-2-pokojowe-d5m0v8,https://s2.adresowa.pl/oi/4d/71/3a97a8_e628_cover-2-pokojowe-mieszkanie-lodz-zabieniec-ul-jana-woronicza.jpg,,,parter,1970.0,blok,,,,,,,,,51.792026,19.408975
Łódź Polesie,al. Adama Mickiewicza,2.0,47.0,670000.0,14255.0,Bez pośredników,ponad miesiąc temu,8.0,https://adresowo.pl/o/mieszkanie-lodz-polesie-al-adama-mickiewicza-2-pokojowe-t3v6c8,https://s2.adresowa.pl/oi/61/2e/3a94ec_ae11_cover-2-pokojowe-mieszkanie-lodz-polesie-al-adama-mickiewicza.jpg,,,1,2020.0,,,,,,,,,,,
Łódź,ul. Pienista,3.0,69.0,660000.0,9580.0,Oferta biura nieruchomości,ponad miesiąc temu,12.0,https://adresowo.pl/o/mieszkanie-lodz-ul-pienista-3-pokojowe-l0k4c8,https://s2.adresowa.pl/oi/24/50/392214_68ee_cover-3-pokojowe-mieszkanie-lodz-ul-pienista.jpg,,,1,2022.0,blok,,,,,,,,,51.736199,19.406224
Łódź Bałuty,ul. Lutomierska,4.0,71.0,465000.0,6549.0,Oferta biura nieruchomości,ponad miesiąc temu,13.0,https://adresowo.pl/o/mieszkanie-lodz-baluty-ul-lutomierska-4-pokojowe-y9e8p4,https://s2.adresowa.pl/oi/36/77/391f50_ff9f_cover-4-pokojowe-mieszkanie-lodz-baluty-ul-lutomierska.jpg,,,parter,2003.0,blok,,,,,,,,,,
Łódź Śródmieście,ul. Przędzalniana,1.0,23.0,210000.0,9130.0,Bez pośredników,ponad miesiąc temu,8.0,https://adresowo.pl/o/mieszkanie-lodz-srodmiescie-ul-przedzalniana-1-pokoj-u3c7b0,https://s2.adresowa.pl/oi/4d/67/3a93c0_86ba_cover-1-pokojowe-mieszkanie-lodz-srodmiescie-ul-przedzalniana.jpg,,,parter,,kamienica,,,,,,,,,,
Łódź Bałuty,rynek Bałucki,2.0,38.0,360000.0,9474.0,Bez pośredników,ponad miesiąc temu,8.0,https://adresowo.pl/o/mieszkanie-lodz-baluty-rynek-balucki-2-pokojowe-s9o6j8,https://s2.adresowa.pl/oi/5d/5c/3a9360_43db_cover-2-pokojowe-mieszkanie-lodz-baluty-rynek-balucki.jpg,,,4,1992.0,blok,,,,,,,,,51.786669,19.453046
Łódź Śródmieście,ul. Jana Kilińskiego,1.0,13.0,173000.0,13308.0,Oferta biura nieruchomości,ponad miesiąc temu,12.0,https://adresowo.pl/o/mieszkanie-lodz-srodmiescie-ul-jana-kilinskiego-1-pokoj-a3t0g6,https://s2.adresowa.pl/oi/14/49/391f0e_3791_cover-1-pokojowe-mieszkanie-lodz-srodmiescie-ul-jana-kilinskiego.jpg,,,parter,1912.0,kamienica,,,,,,,,,,
Łódź Śródmieście,ul. Stefana Żeromskiego,1.0,21.0,245000.0,11667.0,Bez pośredników,ponad miesiąc temu,6.0,https://adresowo.pl/o/mieszkanie-lodz-srodmiescie-ul-stefana-zeromskiego-1-pokoj-g4y8o3,https://s2.adresowa.pl/oi/2f/62/3a8ea8_5f7f_cover-1-pokojowe-mieszkanie-lodz-srodmiescie-ul-stefana-zeromskiego.jpg,,,parter,,kamienica,,,,,,,,,51.763502,19.447322
Łódź Radogoszcz,ul. 11 Listopada,4.0,63.0,560000.0,8889.0,Bez pośredników,ponad miesiąc temu,14.0,https://adresowo.pl/o/mieszkanie-lodz-radogoszcz-ul-11-listopada-4-pokojowe-o7s9s7,https://s2.adresowa.pl/oi/34/54/3a885e_6e70_cover-4-pokojowe-mieszkanie-lodz-radogoszcz-ul-11-listopada.jpg,,,parter,1977.0,blok,,,,,,,,,,
Łódź,ul. Emilii Plater,1.0,24.0,199000.0,8292.0,Oferta biura nieruchomości,ponad miesiąc temu,6.0,https://adresowo.pl/o/mieszkanie-lodz-ul-emilii-plater-1-pokoj-g6h2y0,https://s2.adresowa.pl/oi/26/3c/391390_40fe_cover-1-pokojowe-mieszkanie-lodz-ul-emilii-plater.jpg,,,parter,1969.0,blok,,,,,,,,,,
Łódź,ul. Łanowa,1.0,26.0,198000.0,7615.0,Oferta biura nieruchomości,ponad miesiąc temu,3.0,https://adresowo.pl/o/mieszkanie-lodz-ul-lanowa-1-pokoj-c0h1d0,https://s2.adresowa.pl/oi/12/11/38fbb4_982a_cover-1-pokojowe-mieszkanie-lodz-ul-lanowa.jpg,,,parter,,blok,,,,,,,,,51.79396,19.40014
Łódź Polesie,ul. Srebrzyńska,2.0,40.0,459000.0,11527.0,Bez pośredników,ponad miesiąc temu,2.0,https://adresowo.pl/o/mieszkanie-lodz-polesie-ul-srebrzynska-2-pokojowe-f4b2h6,https://s2.adresowa.pl/oi/28/15/3a869a_f10e_cover-2-pokojowe-mieszkanie-lodz-polesie-ul-srebrzynska.jpg,,,parter,2024.0,apartamentowiec,,,,,,,,,51.774019,19.430632
Łódź Górna,ul. Jana Kilińskiego,2.0,46.0,415000.0,9022.0,Bez pośredników,ponad miesiąc temu,8.0,https://adresowo.pl/o/mieszkanie-lodz-gorna-ul-jana-kilinskiego-2-pokojowe-r0m4p3,https://s2.adresowa.pl/oi/21/1b/3a8688_85b1_cover-2-pokojowe-mieszkanie-lodz-gorna-ul-jana-kilinskiego.jpg,,,6,,blok,,,,,,,,,,
Łódź Widzew,ul. gen. Stefana Grota-Roweckiego,2.0,37.0,290000.0,7838.0,Bez pośredników,ponad miesiąc temu,8.0,https://adresowo.pl/o/mieszkanie-lodz-widzew-ul-gen-stefana-grota-roweckiego-2-pokojowe-w9l2b9,https://s2.adresowa.pl/oi/61/5f/3a85de_a7b3_cover-2-pokojowe-mieszkanie-lodz-widzew-ul-gen-stefana-grota-roweckiego.jpg,,,4,1970.0,blok,,,,,,,,,51.743494,19.496324
Łódź,ul. Piękna,3.0,48.0,415000.0,8646.0,Oferta biura nieruchomości,ponad miesiąc temu,50.0,https://adresowo.pl/o/mieszkanie-lodz-ul-piekna-3-pokojowe-y2u3t4,https://s2.adresowa.pl/oi/3a/7e/38fbae_bd82_cover-3-pokojowe-mieszkanie-lodz-ul-piekna.jpg,,,4,1980.0,blok,,,,,,,,,51.737488,19.448682
Łódź Górna,ul. Radomska,2.0,50.0,339000.0,6745.0,Oferta biura nieruchomości,ponad miesiąc temu,14.0,https://adresowo.pl/o/mieszkanie-lodz-gorna-ul-radomska-2-pokojowe-d2y1i4,https://s2.adresowa.pl/oi/36/5b/38ec0e_fc32_cover-2-pokojowe-mieszkanie-lodz-gorna-ul-radomska.jpg,,,1,,kamienica,,,,,,,,,51.740495,19.474361
Łódź Bałuty,ul. Hermana Konstadta,1.0,29.0,210000.0,7241.0,Bez pośredników,ponad miesiąc temu,3.0,https://adresowo.pl/o/mieszkanie-lodz-baluty-ul-hermana-konstadta-1-pokoj-q2w5u3,https://s2.adresowa.pl/oi/43/71/3a8512_9b77_cover-1-pokojowe-mieszkanie-lodz-baluty-ul-hermana-konstadta.jpg,,,parter,,blok,,,,,,,,,,
Łódź Teofilów,ul. Traktorowa,2.0,45.0,319000.0,7089.0,Bez pośredników,ponad miesiąc temu,20.0,https://adresowo.pl/o/mieszkanie-lodz-teofilow-ul-traktorowa-2-pokojowe-m5t3h1,https://s2.adresowa.pl/oi/12/4d/3a84ba_f72c_cover-2-pokojowe-mieszkanie-lodz-teofilow-ul-traktorowa.jpg,,,parter,1980.0,blok,,,,,,,,,,
Łódź Bałuty,ul. Podrzeczna,2.0,48.0,375000.0,7847.0,Bez pośredników,ponad miesiąc temu,7.0,https://adresowo.pl/o/mieszkanie-lodz-baluty-ul-podrzeczna-2-pokojowe-c5x0p3,https://s2.adresowa.pl/oi/53/54/3a80d2_af55_cover-2-pokojowe-mieszkanie-lodz-baluty-ul-podrzeczna.jpg,,,1,1953.0,blok,,,,,,,,,51.781132,19.453743
Łódź Widzew,ul. Widzewska,2.0,48.0,432500.0,8971.0,Oferta biura nieruchomości,ponad miesiąc temu,17.0,https://adresowo.pl/o/mieszkanie-lodz-widzew-ul-widzewska-2-pokojowe-k1j4z4,https://s2.adresowa.pl/oi/19/5e/38bf54_fb0c_cover-2-pokojowe-mieszkanie-lodz-widzew-ul-widzewska.jpg,,,parter,2025.0,blok,,,,,,,,,,
Łódź Widzew,ul. Gołębia,2.0,37.0,280000.0,7568.0,Bez pośredników,ponad miesiąc temu,11.0,https://adresowo.pl/o/mieszkanie-lodz-widzew-ul-golebia-2-pokojowe-d9j0i1,https://s2.adresowa.pl/oi/37/71/3a7b9e_3f95_cover-2-pokojowe-mieszkanie-lodz-widzew-ul-golebia.jpg,,,parter,1992.0,blok,,,,,,,,,,
Łódź Polesie,ul. Traktorowa,3.0,53.0,599000.0,11410.0,Bez pośredników,ponad miesiąc temu,20.0,https://adresowo.pl/o/mieszkanie-lodz-polesie-ul-traktorowa-3-pokojowe-s8n5y1,https://s2.adresowa.pl/oi/51/5b/3a75d2_e8ff_cover-3-pokojowe-mieszkanie-lodz-polesie-ul-traktorowa.jpg,,,2016,2016.0,blok,,,,,,,,,51.801609,19.394994
Łódź Widzew,ul. Dowborczyków,2.0,32.0,367395.0,11442.0,Bez pośredników,ponad miesiąc temu,6.0,https://adresowo.pl/o/mieszkanie-lodz-widzew-ul-dowborczykow-2-pokojowe-a4j5s4,https://s2.adresowa.pl/oi/3d/5a/3a7412_c185_cover-2-pokojowe-mieszkanie-lodz-widzew-ul-dowborczykow.jpg,,,parter,2026.0,blok,,,,,,,,,51.764218,19.469989
Łódź Śródmieście,ul. Henryka Sienkiewicza,2.0,56.0,399000.0,7103.0,Oferta biura nieruchomości,ponad miesiąc temu,15.0,https://adresowo.pl/o/mieszkanie-lodz-srodmiescie-ul-henryka-sienkiewicza-2-pokojowe-p7y0z2,https://s2.adresowa.pl/oi/34/20/38b4f0_2998_cover-2-pokojowe-mieszkanie-lodz-srodmiescie-ul-henryka-sienkiewicza.jpg,,,1912,1912.0,kamienica,,,,,,,,,51.770247,19.460938
Łódź Retkinia,al. ks. kard. Stefana Wyszyńskiego,3.0,64.0,550000.0,8567.0,Oferta biura nieruchomości,ponad miesiąc temu,12.0,https://adresowo.pl/o/mieszkanie-lodz-retkinia-al-ks-kard-stefana-wyszynskiego-3-pokojowe-j9c4i0,https://s2.adresowa.pl/oi/68/7f/388a9e_6ad0_cover-3-pokojowe-mieszkanie-lodz-retkinia-al-ks-kard-stefana-wyszynskiego.jpg,,,parter,1985.0,blok,,,,,,,,,51.743542,19.395165
Łódź Polesie,ul. Maratońska,2.0,42.0,420000.0,9901.0,Bez pośredników,ponad miesiąc temu,7.0,https://adresowo.pl/o/mieszkanie-lodz-polesie-ul-maratonska-2-pokojowe-g0x1y6,https://s2.adresowa.pl/oi/34/4a/3a6e0c_ec0c_cover-2-pokojowe-mieszkanie-lodz-polesie-ul-maratonska.jpg,,,2,1969.0,blok,,,,,,,,,,
Łódź Teofilów,al. Pasjonistów,2.0,38.0,350000.0,9211.0,Bez pośredników,ponad miesiąc temu,9.0,https://adresowo.pl/o/mieszkanie-lodz-teofilow-al-pasjonistow-2-pokojowe-x3e4y3,https://s2.adresowa.pl/oi/72/25/3a6d56_6b35_cover-2-pokojowe-mieszkanie-lodz-teofilow-al-pasjonistow.jpg,,,2,1970.0,blok,,,,,,,,,,
Łódź Górna,ul. Piasta,2.0,47.0,360000.0,7660.0,Bez pośredników,ponad miesiąc temu,8.0,https://adresowo.pl/o/mieszkanie-lodz-gorna-ul-piasta-2-pokojowe-a6n5j1,https://s2.adresowa.pl/oi/35/7d/3a6d80_c207_cover-2-pokojowe-mieszkanie-lodz-gorna-ul-piasta.jpg,,,6,,blok,,,,,,,,,51.739756,19.443592
Łódź Widzew,ul. Juliusza Jurczyńskiego,3.0,62.0,529360.0,8575.0,Oferta biura nieruchomości,ponad miesiąc temu,13.0,https://adresowo.pl/o/mieszkanie-lodz-widzew-ul-juliusza-jurczynskiego-3-pokojowe-u3c1j5,https://s2.adresowa.pl/oi/68/7d/382116_50f3_cover-3-pokojowe-mieszkanie-lodz-widzew-ul-juliusza-jurczynskiego.jpg,,,5,1980.0,blok,,,,,,,,,,
Łódź Śródmieście,ul. Piotrkowska,2.0,43.0,650360.0,15188.0,Oferta biura nieruchomości,ponad miesiąc temu,15.0,https://adresowo.pl/o/mieszkanie-lodz-srodmiescie-ul-piotrkowska-2-pokojowe-t3i5l0,https://s2.adresowa.pl/oi/75/23/3820fc_55a2_cover-2-pokojowe-mieszkanie-lodz-srodmiescie-ul-piotrkowska.jpg,,,parter,,blok,,,,,,,,,51.771999,19.455999
Łódź Bałuty,ul. Świtezianki,4.0,74.0,560000.0,7568.0,Bez pośredników,ponad miesiąc temu,8.0,https://adresowo.pl/o/mieszkanie-lodz-baluty-ul-switezianki-4-pokojowe-c7m9y0,https://s2.adresowa.pl/oi/4c/15/3a6b40_c64f_cover-4-pokojowe-mieszkanie-lodz-baluty-ul-switezianki.jpg,,,parter,1992.0,blok,,,,,,,,,,
Łódź Chojny,ul. Sąsiedzka,2.0,47.0,485000.0,10319.0,Bez pośredników,ponad miesiąc temu,26.0,https://adresowo.pl/o/mieszkanie-lodz-chojny-ul-sasiedzka-2-pokojowe-t2x2e6,https://s2.adresowa.pl/oi/4f/5e/3a645c_7b92_cover-2-pokojowe-mieszkanie-lodz-chojny-ul-sasiedzka.jpg,,,parter,2017.0,blok,,,,,,,,,51.722047,19.501749
Łódź Dąbrowa,ul. Juliusza Kossaka,2.0,37.0,260000.0,7027.0,Bez pośredników,ponad miesiąc temu,3.0,https://adresowo.pl/o/mieszkanie-lodz-dabrowa-ul-juliusza-kossaka-2-pokojowe-t4u5l0,https://s2.adresowa.pl/oi/66/4b/3a6200_4b52_cover-2-pokojowe-mieszkanie-lodz-dabrowa-ul-juliusza-kossaka.jpg,,,260,1969.0,blok,,,,,,,,,51.739456,19.50176
Łódź Widzew,ul. Józefa Elsnera,1.0,35.0,339360.0,9603.0,Oferta biura nieruchomości,ponad miesiąc temu,12.0,https://adresowo.pl/o/mieszkanie-lodz-widzew-ul-jozefa-elsnera-1-pokoj-e2o4u7,https://s2.adresowa.pl/oi/13/33/3820e8_db6b_cover-1-pokojowe-mieszkanie-lodz-widzew-ul-jozefa-elsnera.jpg,,,3,1976.0,blok,,,,,,,,,,
Łódź Żubardź,ul. Lutomierska,2.0,46.0,279000.0,6052.0,Oferta biura nieruchomości,ponad miesiąc temu,13.0,https://adresowo.pl/o/mieszkanie-lodz-zubardz-ul-lutomierska-2-pokojowe-g8e1n7,https://s2.adresowa.pl/oi/7f/73/380f8e_2f28_cover-2-pokojowe-mieszkanie-lodz-zubardz-ul-lutomierska.jpg,,,parter,1970.0,blok,,,,,,,,,51.78799819946289,19.424999237060547
Łódź Koziny,ul. Zygmunta Lorentza,2.0,52.0,469000.0,9019.0,Bez pośredników,ponad miesiąc temu,15.0,https://adresowo.pl/o/mieszkanie-lodz-koziny-ul-zygmunta-lorentza-2-pokojowe-n6b7l6,https://s2.adresowa.pl/oi/19/36/3a6050_94ce_cover-2-pokojowe-mieszkanie-lodz-koziny-ul-zygmunta-lorentza.jpg,,,parter,1960.0,blok,,,,,,,,,51.775147,19.424909
Łódź Ruda Pabianicka,ul. Starorudzka,3.0,64.0,835000.0,12998.0,Bez pośredników,ponad miesiąc temu,20.0,https://adresowo.pl/o/mieszkanie-lodz-ruda-pabianicka-ul-starorudzka-3-pokojowe-b1a5t3,https://s2.adresowa.pl/oi/5b/2a/3a5f2c_5abf_cover-3-pokojowe-mieszkanie-lodz-ruda-pabianicka-ul-starorudzka.jpg,,,parter,2017.0,apartamentowiec,,,,,,,,,51.709908,19.438044
Łódź Teofilów,ul. Wici,2.0,38.0,300000.0,7895.0,Bez pośredników,ponad miesiąc temu,10.0,https://adresowo.pl/o/mieszkanie-lodz-teofilow-ul-wici-2-pokojowe-u6a7r6,https://s2.adresowa.pl/oi/13/4c/3a5e8e_8ddf_cover-2-pokojowe-mieszkanie-lodz-teofilow-ul-wici.jpg,,,parter,1970.0,blok,,,,,,,,,,
Łódź Śródmieście,al. Tadeusza Kościuszki,1.0,33.0,300000.0,9121.0,Oferta biura nieruchomości,ponad miesiąc temu,16.0,https://adresowo.pl/o/mieszkanie-lodz-srodmiescie-al-tadeusza-kosciuszki-1-pokoj-p8n1x5,https://s2.adresowa.pl/oi/65/15/380f32_3c32_cover-1-pokojowe-mieszkanie-lodz-srodmiescie-al-tadeusza-kosciuszki.jpg,,,4,2024.0,blok,,,,,,,,,,
Łódź Dąbrowa,ul. Deotymy,3.0,53.0,363000.0,6895.0,Oferta biura nieruchomości,ponad miesiąc temu,15.0,https://adresowo.pl/o/mieszkanie-lodz-dabrowa-ul-deotymy-3-pokojowe-k0m9k3,https://s2.adresowa.pl/oi/42/4b/37f850_6c72_cover-3-pokojowe-mieszkanie-lodz-dabrowa-ul-deotymy.jpg,,,4,,blok,,,,,,,,,,
Łódź Widzew,ul. Listopadowa,3.0,64.0,750000.0,11719.0,Bez pośredników,ponad miesiąc temu,8.0,https://adresowo.pl/o/mieszkanie-lodz-widzew-ul-listopadowa-3-pokojowe-e2i0w9,https://s2.adresowa.pl/oi/15/2a/3a5c46_6a94_cover-3-pokojowe-mieszkanie-lodz-widzew-ul-listopadowa.jpg,,,parter,2019.0,blok,,,,,,,,,,
Łódź Retkinia,ul. Olimpijska,2.0,33.0,329980.0,9999.0,Bez pośredników,ponad miesiąc temu,10.0,https://adresowo.pl/o/mieszkanie-lodz-retkinia-ul-olimpijska-2-pokojowe-i4r5a0,https://s2.adresowa.pl/oi/1e/3a/3a5bb2_f854_cover-2-pokojowe-mieszkanie-lodz-retkinia-ul-olimpijska.jpg,,,329,,blok,,,,,,,,,51.744575,19.413012
Łódź Chojny,ul. Chóralna,1.0,36.0,284000.0,7889.0,Bez pośredników,ponad miesiąc temu,11.0,https://adresowo.pl/o/mieszkanie-lodz-chojny-ul-choralna-1-pokoj-l1o4x7,https://s2.adresowa.pl/oi/6f/7a/3a58aa_70ea_cover-1-pokojowe-mieszkanie-lodz-chojny-ul-choralna.jpg,,,6,1980.0,blok,,,,,,,,,51.759292,19.455878
Łódź Marysin,ul. Przemysłowa,3.0,43.0,419000.0,9783.0,Oferta biura nieruchomości,ponad miesiąc temu,13.0,https://adresowo.pl/o/mieszkanie-lodz-marysin-ul-przemyslowa-3-pokojowe-d9a6b9,https://s2.adresowa.pl/oi/22/7a/37f84e_44a2_cover-3-pokojowe-mieszkanie-lodz-marysin-ul-przemyslowa.jpg,,,1,1965.0,blok,,,,,,,,,51.791466,19.476602
Łódź Romanów,ul. Romanowska,3.0,70.0,560000.0,7952.0,Oferta biura nieruchomości,ponad miesiąc temu,11.0,https://adresowo.pl/o/mieszkanie-lodz-romanow-ul-romanowska-3-pokojowe-d8k2w6,https://s2.adresowa.pl/oi/1b/41/37f47c_b954_cover-3-pokojowe-mieszkanie-lodz-romanow-ul-romanowska.jpg,,,parter,2005.0,blok,,,,,,,,,51.805999755859375,19.323999404907227
Łódź Teofilów,ul. Aleksandrowska,1.0,27.0,299000.0,11074.0,Bez pośredników,ponad miesiąc temu,8.0,https://adresowo.pl/o/mieszkanie-lodz-teofilow-ul-aleksandrowska-1-pokoj-j0b5s0,https://s2.adresowa.pl/oi/7f/1e/3a5622_634f_cover-1-pokojowe-mieszkanie-lodz-teofilow-ul-aleksandrowska.jpg,,,4,1970.0,blok,,,,,,,,,51.794779,19.400535
Łódź Górna,ul. Łęczycka,1.0,37.0,360000.0,9631.0,Bez pośredników,ponad miesiąc temu,8.0,https://adresowo.pl/o/mieszkanie-lodz-gorna-ul-leczycka-1-pokoj-c5q7r7,https://s2.adresowa.pl/oi/45/35/3a561e_e9c4_cover-1-pokojowe-mieszkanie-lodz-gorna-ul-leczycka.jpg,,,8,,blok,,,,,,,,,,
Łódź Śródmieście,ul. Piotrkowska,1.0,33.0,385000.0,11706.0,Bez pośredników,ponad miesiąc temu,5.0,https://adresowo.pl/o/mieszkanie-lodz-srodmiescie-ul-piotrkowska-1-pokoj-i6n5c8,https://s2.adresowa.pl/oi/54/3b/3a55dc_e0a2_cover-1-pokojowe-mieszkanie-lodz-srodmiescie-ul-piotrkowska.jpg,,,parter,2023.0,blok,,,,,,,,,,
Łódź Retkinia,al. ks. kard. Stefana Wyszyńskiego,2.0,42.0,335000.0,7897.0,Oferta biura nieruchomości,ponad miesiąc temu,11.0,https://adresowo.pl/o/mieszkanie-lodz-retkinia-al-ks-kard-stefana-wyszynskiego-2-pokojowe-t1a5t3,https://s2.adresowa.pl/oi/71/3d/37e22e_a158_cover-2-pokojowe-mieszkanie-lodz-retkinia-al-ks-kard-stefana-wyszynskiego.jpg,,,4,1977.0,blok,,,,,,,,,,
Łódź,ul. Pilota Stanisława Wigury,4.0,89.0,579000.0,6506.0,Oferta biura nieruchomości,ponad miesiąc temu,14.0,https://adresowo.pl/o/mieszkanie-lodz-ul-pilota-stanislawa-wigury-4-pokojowe-h0s8x9,https://s2.adresowa.pl/oi/33/49/37d7e6_3645_cover-4-pokojowe-mieszkanie-lodz-ul-pilota-stanislawa-wigury.jpg,,,1952,1952.0,blok,,,,,,,,,51.75699996948242,19.468000411987305
Łódź Widzew,ul. Karola Adamieckiego,3.0,68.0,549000.0,8074.0,Bez pośredników,ponad miesiąc temu,9.0,https://adresowo.pl/o/mieszkanie-lodz-widzew-ul-karola-adamieckiego-3-pokojowe-s9t6w2,https://s2.adresowa.pl/oi/52/71/3a54f4_407b_cover-3-pokojowe-mieszkanie-lodz-widzew-ul-karola-adamieckiego.jpg,,,1,1990.0,blok,,,,,,,,,,
Łódź Widzew,ul. Milionowa,3.0,62.0,570400.0,9200.0,Bez pośredników,ponad miesiąc temu,7.0,https://adresowo.pl/o/mieszkanie-lodz-widzew-ul-milionowa-3-pokojowe-c8a3s4,https://s2.adresowa.pl/oi/40/18/3a4e66_65e9_cover-3-pokojowe-mieszkanie-lodz-widzew-ul-milionowa.jpg,,,570,,blok,,,,,,,,,51.75202,19.492133
Łódź Śródmieście,ul. Wodna,2.0,40.0,393333.0,9955.0,Oferta biura nieruchomości,ponad miesiąc temu,8.0,https://adresowo.pl/o/mieszkanie-lodz-srodmiescie-ul-wodna-2-pokojowe-d6q0v4,https://s2.adresowa.pl/oi/5e/4e/37c8bc_e446_cover-2-pokojowe-mieszkanie-lodz-srodmiescie-ul-wodna.jpg,,,1,2024.0,blok,,,,,,,,,,
Łódź Dąbrowa,ul. Podgórna,1.0,24.0,189000.0,7875.0,Oferta biura nieruchomości,ponad miesiąc temu,9.0,https://adresowo.pl/o/mieszkanie-lodz-dabrowa-ul-podgorna-1-pokoj-v8p6p0,https://s2.adresowa.pl/oi/2a/3a/377198_2fb5_cover-1-pokojowe-mieszkanie-lodz-dabrowa-ul-podgorna.jpg,,,parter,,blok,,,,,,,,,51.73400115966797,19.488000869750977
Łódź Bałuty,ul. Generała Tadeusza Kutrzeby,2.0,46.0,349000.0,7587.0,Bez pośredników,ponad miesiąc temu,7.0,https://adresowo.pl/o/mieszkanie-lodz-baluty-ul-generala-tadeusza-kutrzeby-2-pokojowe-i7s5r2,https://s2.adresowa.pl/oi/36/3e/3a4cfc_43ec_cover-2-pokojowe-mieszkanie-lodz-baluty-ul-generala-tadeusza-kutrzeby.jpg,,,parter,1960.0,blok,,,,,,,,,,
Łódź Bałuty,ul. Powstańców Wielkopolskich,3.0,58.0,549000.0,9466.0,Bez pośredników,ponad miesiąc temu,35.0,https://adresowo.pl/o/mieszkanie-lodz-baluty-ul-powstancow-wielkopolskich-3-pokojowe-o0n1l3,https://s2.adresowa.pl/oi/64/46/3a4cf2_f6e5_cover-3-pokojowe-mieszkanie-lodz-baluty-ul-powstancow-wielkopolskich.jpg,,,3,1960.0,blok,,,,,,,,,,
Łódź Teofilów,ul. Lniana,2.0,45.0,309000.0,6851.0,Bez pośredników,ponad miesiąc temu,10.0,https://adresowo.pl/o/mieszkanie-lodz-teofilow-ul-lniana-2-pokojowe-p4f7b3,https://s2.adresowa.pl/oi/4d/78/3a4ba8_4e2c_cover-2-pokojowe-mieszkanie-lodz-teofilow-ul-lniana.jpg,,,parter,1970.0,blok,,,,,,,,,,
Łódź Bałuty,ul. Obornicka,2.0,45.0,369000.0,8176.0,Oferta biura nieruchomości,ponad miesiąc temu,12.0,https://adresowo.pl/o/mieszkanie-lodz-baluty-ul-obornicka-2-pokojowe-n0d2l6,https://s2.adresowa.pl/oi/13/4b/373e28_cede_cover-2-pokojowe-mieszkanie-lodz-baluty-ul-obornicka.jpg,,,1,,blok,,,,,,,,,51.78900146484375,19.433000564575195
Łódź Śródmieście,ul. Juliana Tuwima,2.0,90.0,660000.0,7328.0,Oferta biura nieruchomości,ponad miesiąc temu,10.0,https://adresowo.pl/o/mieszkanie-lodz-srodmiescie-ul-juliana-tuwima-2-pokojowe-b1w2x7,https://s2.adresowa.pl/oi/63/6b/366256_a6c7_cover-2-pokojowe-mieszkanie-lodz-srodmiescie-ul-juliana-tuwima.jpg,,,1912,1912.0,kamienica,,,,,,,,,51.766998,19.466
Łódź Polesie,ul. Inowrocławska,2.0,38.0,259000.0,6816.0,Bez pośredników,ponad miesiąc temu,8.0,https://adresowo.pl/o/mieszkanie-lodz-polesie-ul-inowroclawska-2-pokojowe-p9f8r1,https://s2.adresowa.pl/oi/45/5b/3a4966_718a_cover-2-pokojowe-mieszkanie-lodz-polesie-ul-inowroclawska.jpg,,,4,1971.0,blok,,,,,,,,,,
Łódź Bałuty,ul. Zgierska,3.0,78.0,560000.0,7191.0,Bez pośredników,ponad miesiąc temu,14.0,https://adresowo.pl/o/mieszkanie-lodz-baluty-ul-zgierska-3-pokojowe-n4h8z6,https://s2.adresowa.pl/oi/3f/60/3a48de_dc25_cover-3-pokojowe-mieszkanie-lodz-baluty-ul-zgierska.jpg,,,parter,1912.0,kamienica,,,,,,,,,,
Łódź Bałuty,ul. Klonowa,2.0,43.0,459000.0,10674.0,Bez pośredników,ponad miesiąc temu,8.0,https://adresowo.pl/o/mieszkanie-lodz-baluty-ul-klonowa-2-pokojowe-l3q5f5,https://s2.adresowa.pl/oi/51/4e/3a488c_cf6f_cover-2-pokojowe-mieszkanie-lodz-baluty-ul-klonowa.jpg,,,parter,1960.0,blok,,,,,,,,,,
Łódź Chojny,ul. Rentowna,3.0,64.0,579000.0,8993.0,Oferta biura nieruchomości,ponad miesiąc temu,16.0,https://adresowo.pl/o/mieszkanie-lodz-chojny-ul-rentowna-3-pokojowe-f9t8g0,https://s2.adresowa.pl/oi/3d/5f/359e2e_7713_cover-3-pokojowe-mieszkanie-lodz-chojny-ul-rentowna.jpg,,,parter,2000.0,blok,,,,,,,,,,
Łódź Widzew,ul. Zbocze,3.0,73.0,420000.0,5736.0,Oferta biura nieruchomości,ponad miesiąc temu,19.0,https://adresowo.pl/o/mieszkanie-lodz-widzew-ul-zbocze-3-pokojowe-r7f5r2,https://s2.adresowa.pl/oi/18/7a/358ec0_b60f_cover-3-pokojowe-mieszkanie-lodz-widzew-ul-zbocze.jpg,,,parter,1944.0,kamienica,,,,,,,,,51.777000427246094,19.530000686645508
Łódź Olechów,ul. Bolka Świdnickiego,2.0,39.0,320000.0,8299.0,Bez pośredników,ponad miesiąc temu,1.0,https://adresowo.pl/o/mieszkanie-lodz-olechow-ul-bolka-swidnickiego-2-pokojowe-c1x3i3,https://s2.adresowa.pl/oi/26/78/3a4784_920d_cover-2-pokojowe-mieszkanie-lodz-olechow-ul-bolka-swidnickiego.jpg,,,parter,1991.0,blok,,,,,,,,,51.737489,19.564257
Łódź Bałuty,ul. Marysińska,3.0,51.0,344000.0,6745.0,Bez pośredników,ponad miesiąc temu,7.0,https://adresowo.pl/o/mieszkanie-lodz-baluty-ul-marysinska-3-pokojowe-x7y6c6,https://s2.adresowa.pl/oi/2c/3e/3a452a_e52b_cover-3-pokojowe-mieszkanie-lodz-baluty-ul-marysinska.jpg,,,parter,,blok,,,,,,,,,,
Łódź Polesie,ul. Ludomira Różyckiego,1.0,20.0,169735.0,8300.0,Bez pośredników,ponad miesiąc temu,1.0,https://adresowo.pl/o/mieszkanie-lodz-polesie-ul-ludomira-rozyckiego-1-pokoj-p6m0c3,https://s2.adresowa.pl/oi/41/20/3a41e6_350a_cover-1-pokojowe-mieszkanie-lodz-polesie-ul-ludomira-rozyckiego.jpg,,,parter,,,,,,,,,,,51.738251,19.454713
Łódź Śródmieście,ul. Henryka Sienkiewicza,3.0,74.0,369000.0,4960.0,Oferta biura nieruchomości,ponad miesiąc temu,15.0,https://adresowo.pl/o/mieszkanie-lodz-srodmiescie-ul-henryka-sienkiewicza-3-pokojowe-i2q6w9,https://s2.adresowa.pl/oi/6e/65/354736_f22d_cover-3-pokojowe-mieszkanie-lodz-srodmiescie-ul-henryka-sienkiewicza.jpg,,,parter,1912.0,kamienica,,,,,,,,,51.76765,19.46076
Łódź Górna,ul. Milionowa,2.0,56.0,990000.0,17587.0,Oferta biura nieruchomości,ponad miesiąc temu,16.0,https://adresowo.pl/o/mieszkanie-lodz-gorna-ul-milionowa-2-pokojowe-r5c8l2,https://s2.adresowa.pl/oi/36/52/35470c_84b8_cover-2-pokojowe-mieszkanie-lodz-gorna-ul-milionowa.jpg,,,parter,2022.0,blok,,,,,,,,,51.749000549316406,19.46999931335449
Łódź Widzew,ul. Władysława Szafera,2.0,38.0,360000.0,9489.0,Bez pośredników,ponad miesiąc temu,19.0,https://adresowo.pl/o/mieszkanie-lodz-widzew-ul-wladyslawa-szafera-2-pokojowe-z1o1y2,https://s2.adresowa.pl/oi/40/53/3a417e_aa04_cover-2-pokojowe-mieszkanie-lodz-widzew-ul-wladyslawa-szafera.jpg,,,3,1982.0,blok,,,,,,,,,,
Łódź Górna,ul. Juliusza Słowackiego,3.0,54.0,499000.0,9190.0,Bez pośredników,ponad miesiąc temu,13.0,https://adresowo.pl/o/mieszkanie-lodz-gorna-ul-juliusza-slowackiego-3-pokojowe-w9h9c7,https://s2.adresowa.pl/oi/64/71/3a40de_7698_cover-3-pokojowe-mieszkanie-lodz-gorna-ul-juliusza-slowackiego.jpg,,,499,1974.0,blok,,,,,,,,,51.735397,19.475758
Łódź,ul. H. Berlińskiego,1.0,37.0,209000.0,5618.0,Oferta biura nieruchomości,ponad miesiąc temu,6.0,https://adresowo.pl/o/mieszkanie-lodz-ul-h-berlinskiego-1-pokoj-u1y0u5,https://s2.adresowa.pl/oi/3e/37/34bf7a_fea6_cover-1-pokojowe-mieszkanie-lodz-ul-h-berlinskiego.jpg,,,parter,,blok,,,,,,,,,,
Łódź Polesie,ul. Podchorążych,4.0,79.0,670000.0,8459.0,Oferta biura nieruchomości,ponad miesiąc temu,17.0,https://adresowo.pl/o/mieszkanie-lodz-polesie-ul-podchorazych-4-pokojowe-i2e6t2,https://s2.adresowa.pl/oi/7e/7d/346eca_87fa_cover-4-pokojowe-mieszkanie-lodz-polesie-ul-podchorazych.jpg,,,3,2025.0,blok,,,,,,,,,51.78218,19.36331
Łódź Śródmieście,ul. Pomorska,2.0,53.0,609500.0,11485.0,Bez pośredników,ponad miesiąc temu,15.0,https://adresowo.pl/o/mieszkanie-lodz-srodmiescie-ul-pomorska-2-pokojowe-e9b5r6,https://s2.adresowa.pl/oi/3c/72/3a40ca_5f9d_cover-2-pokojowe-mieszkanie-lodz-srodmiescie-ul-pomorska.jpg,,,609,2024.0,blok,,,,,,,,,51.774981,19.521052
Łódź Bałuty,ul. Wróbla,2.0,33.0,262000.0,7939.0,Bez pośredników,ponad miesiąc temu,8.0,https://adresowo.pl/o/mieszkanie-lodz-baluty-ul-wrobla-2-pokojowe-z2z2x4,https://s2.adresowa.pl/oi/48/33/3a40c2_74f9_cover-2-pokojowe-mieszkanie-lodz-baluty-ul-wrobla.jpg,,,parter,1967.0,blok,,,,,,,,,51.78612,19.441049
Łódź Górna,ul. Milionowa,4.0,94.0,1620000.0,17192.0,Oferta biura nieruchomości,ponad miesiąc temu,17.0,https://adresowo.pl/o/mieszkanie-lodz-gorna-ul-milionowa-4-pokojowe-o4p3t2,https://s2.adresowa.pl/oi/50/38/336f26_d45c_cover-4-pokojowe-mieszkanie-lodz-gorna-ul-milionowa.jpg,,,parter,2023.0,blok,,,,,,,,,51.749000549316406,19.46999931335449
Łódź Górna,ul. Milionowa,4.0,93.0,1560000.0,16763.0,Oferta biura nieruchomości,ponad miesiąc temu,17.0,https://adresowo.pl/o/mieszkanie-lodz-gorna-ul-milionowa-4-pokojowe-v5f7r1,https://s2.adresowa.pl/oi/5c/4e/330ef6_8d4d_cover-4-pokojowe-mieszkanie-lodz-gorna-ul-milionowa.jpg,,,parter,2023.0,blok,,,,,,,,,51.749331,19.469396
Łódź Olechów,ul. Wacława Wojewódzkiego,2.0,52.0,500000.0,9615.0,Bez pośredników,ponad miesiąc temu,6.0,https://adresowo.pl/o/mieszkanie-lodz-olechow-ul-waclawa-wojewodzkiego-2-pokojowe-k0i9r0,https://s2.adresowa.pl/oi/32/38/3a37ce_5b8a_cover-2-pokojowe-mieszkanie-lodz-olechow-ul-waclawa-wojewodzkiego.jpg,,,2006,2006.0,blok,,,,,,,,,,
Łódź Śródmieście,al. marsz. Edwarda Śmigłego-Rydza,2.0,45.0,328000.0,7241.0,Bez pośredników,ponad miesiąc temu,20.0,https://adresowo.pl/o/mieszkanie-lodz-srodmiescie-al-marsz-edwarda-smiglego-rydza-2-pokojowe-f2k4x5,https://s2.adresowa.pl/oi/3b/16/3a3510_3caa_cover-2-pokojowe-mieszkanie-lodz-srodmiescie-al-marsz-edwarda-smiglego-rydza.jpg,,,7,1976.0,blok,,,,,,,,,,
Łódź Górna,ul. Ignacego Paderewskiego,2.0,37.0,335000.0,9054.0,Bez pośredników,ponad miesiąc temu,8.0,https://adresowo.pl/o/mieszkanie-lodz-gorna-ul-ignacego-paderewskiego-2-pokojowe-k6x8o9,https://s2.adresowa.pl/oi/70/4b/3a3136_ccc3_cover-2-pokojowe-mieszkanie-lodz-gorna-ul-ignacego-paderewskiego.jpg,,,8,1970.0,blok,,,,,,,,,51.727141,19.465518
Łódź Widzew,ul. ks. bp. Wincentego Tymienieckiego,4.0,108.0,1820000.0,16852.0,Oferta biura nieruchomości,ponad miesiąc temu,7.0,https://adresowo.pl/o/mieszkanie-lodz-widzew-ul-ks-bp-wincentego-tymienieckiego-4-pokojowe-c1o8l9,https://s2.adresowa.pl/oi/27/6b/314a3a_ed6d_cover-4-pokojowe-mieszkanie-lodz-widzew-ul-ks-bp-wincentego-tymienieckiego.jpg,,,parter,2024.0,blok,,,,,,,,,51.75,19.4689998626709
Łódź Śródmieście,ul. Pomorska,4.0,104.0,549000.0,5286.0,Oferta biura nieruchomości,ponad miesiąc temu,24.0,https://adresowo.pl/o/mieszkanie-lodz-srodmiescie-ul-pomorska-4-pokojowe-n8d6t0,https://s2.adresowa.pl/oi/5c/63/2a0220_8181_cover-4-pokojowe-mieszkanie-lodz-srodmiescie-ul-pomorska.jpg,,,parter,1927.0,,,,,,,,,,51.77759,19.46463
Łódź Bałuty,ul. Zgierska,1.0,32.0,297000.0,9281.0,Bez pośredników,ponad miesiąc temu,8.0,https://adresowo.pl/o/mieszkanie-lodz-baluty-ul-zgierska-1-pokoj-m8w1y4,https://s2.adresowa.pl/oi/7b/56/3a2fde_4aca_cover-1-pokojowe-mieszkanie-lodz-baluty-ul-zgierska.jpg,,,parter,,blok,,,,,,,,,51.807719,19.439124
Łódź Doły,ul. Strykowska,4.0,100.0,1090000.0,10900.0,Bez pośredników,ponad miesiąc temu,8.0,https://adresowo.pl/o/mieszkanie-lodz-doly-ul-strykowska-4-pokojowe-f5i8h7,https://s2.adresowa.pl/oi/35/41/3a2d14_beaa_cover-4-pokojowe-mieszkanie-lodz-doly-ul-strykowska.jpg,,,1,2022.0,blok,,,,,,,,,51.795598,19.486852
Łódź Polesie,ul. płk. dr. Stanisława Więckowskiego,2.0,49.0,382000.0,7793.0,Bez pośredników,ponad miesiąc temu,19.0,https://adresowo.pl/o/mieszkanie-lodz-polesie-ul-plk-dr-stanislawa-wieckowskiego-2-pokojowe-w0m8i1,https://s2.adresowa.pl/oi/4a/79/3a234a_37da_cover-2-pokojowe-mieszkanie-lodz-polesie-ul-plk-dr-stanislawa-wieckowskiego.jpg,,,parter,,blok,,,,,,,,,,
Łódź Chojny,ul. Mieszczańska,2.0,51.0,399000.0,7870.0,Bez pośredników,ponad miesiąc temu,20.0,https://adresowo.pl/o/mieszkanie-lodz-chojny-ul-mieszczanska-2-pokojowe-d3e9w1,https://s2.adresowa.pl/oi/46/7c/3a232e_9ad2_cover-2-pokojowe-mieszkanie-lodz-chojny-ul-mieszczanska.jpg,,,parter,1981.0,blok,,,,,,,,,51.715516,19.490359
Łódź Śródmieście,ul. Mikołaja Kopernika,1.0,25.0,440000.0,17600.0,Bez pośredników,ponad miesiąc temu,20.0,https://adresowo.pl/o/mieszkanie-lodz-srodmiescie-ul-mikolaja-kopernika-1-pokoj-f5i7d6,https://s2.adresowa.pl/oi/7b/4b/3a2078_8af8_cover-1-pokojowe-mieszkanie-lodz-srodmiescie-ul-mikolaja-kopernika.jpg,,,parter,2023.0,blok,,,,,,,,,,
Łódź Retkinia,ul. Maratońska,4.0,76.0,679000.0,8993.0,Bez pośredników,ponad miesiąc temu,20.0,https://adresowo.pl/o/mieszkanie-lodz-retkinia-ul-maratonska-4-pokojowe-b0m0h8,https://s2.adresowa.pl/oi/5e/28/3a1c8a_cacf_cover-4-pokojowe-mieszkanie-lodz-retkinia-ul-maratonska.jpg,,,parter,1986.0,blok,,,,,,,,,51.737604,19.393771
Łódź Bałuty,ul. Drewnowska,1.0,33.0,265000.0,8030.0,Bez pośredników,ponad miesiąc temu,4.0,https://adresowo.pl/o/mieszkanie-lodz-baluty-ul-drewnowska-1-pokoj-g3j3e5,https://s2.adresowa.pl/oi/5c/4f/3a1bae_7f6a_cover-1-pokojowe-mieszkanie-lodz-baluty-ul-drewnowska.jpg,,,parter,1920.0,kamienica,,,,,,,,,51.78111,19.434213
Łódź Górna,ul. Myśliwska,3.0,62.0,560000.0,9032.0,Bez pośredników,ponad miesiąc temu,15.0,https://adresowo.pl/o/mieszkanie-lodz-gorna-ul-mysliwska-3-pokojowe-h1g4z2,https://s2.adresowa.pl/oi/2f/43/3a1582_a862_cover-3-pokojowe-mieszkanie-lodz-gorna-ul-mysliwska.jpg,,,parter,1985.0,blok,,,,,,,,,,
Łódź Bałuty,ul. Rojna,1.0,30.0,300000.0,10000.0,Bez pośredników,ponad miesiąc temu,7.0,https://adresowo.pl/o/mieszkanie-lodz-baluty-ul-rojna-1-pokoj-z0n4p2,https://s2.adresowa.pl/oi/5c/73/3a0eaa_8ab1_cover-1-pokojowe-mieszkanie-lodz-baluty-ul-rojna.jpg,,,4,1980.0,blok,,,,,,,,,51.794919,19.364356
Łódź Śródmieście,ul. Radwańska,2.0,62.0,450000.0,7258.0,Bez pośredników,ponad miesiąc temu,12.0,https://adresowo.pl/o/mieszkanie-lodz-srodmiescie-ul-radwanska-2-pokojowe-j7n4l7,https://s2.adresowa.pl/oi/11/54/3a0e60_a014_cover-2-pokojowe-mieszkanie-lodz-srodmiescie-ul-radwanska.jpg,,,parter,1932.0,kamienica,,,,,,,,,51.752526,19.458578
Łódź Chojny,ul. Mieszkalna,3.0,62.0,409000.0,6597.0,Bez pośredników,ponad miesiąc temu,8.0,https://adresowo.pl/o/mieszkanie-lodz-chojny-ul-mieszkalna-3-pokojowe-p5z2l8,https://s2.adresowa.pl/oi/4b/5c/3a09f0_3740_cover-3-pokojowe-mieszkanie-lodz-chojny-ul-mieszkalna.jpg,,,parter,1987.0,blok,,,,,,,,,,
Łódź Bałuty,ul. Hipoteczna,2.0,38.0,339000.0,8921.0,Bez pośredników,ponad miesiąc temu,9.0,https://adresowo.pl/o/mieszkanie-lodz-baluty-ul-hipoteczna-2-pokojowe-w9y9q9,https://s2.adresowa.pl/oi/4c/47/3a095e_8af1_cover-2-pokojowe-mieszkanie-lodz-baluty-ul-hipoteczna.jpg,,,4,1973.0,blok,,,,,,,,,51.793951,19.431782
Łódź Górna,ul. Gospodarcza,2.0,51.0,410000.0,8114.0,Bez pośredników,ponad miesiąc temu,18.0,https://adresowo.pl/o/mieszkanie-lodz-gorna-ul-gospodarcza-2-pokojowe-i2y5w9,https://s2.adresowa.pl/oi/5f/64/3a08b0_de52_cover-2-pokojowe-mieszkanie-lodz-gorna-ul-gospodarcza.jpg,,,6,1981.0,blok,,,,,,,,,51.717683,19.489822
Łódź Chojny,ul. Księdza Biskupa Ignacego Krasickiego,2.0,40.0,399000.0,9975.0,Bez pośredników,ponad miesiąc temu,10.0,https://adresowo.pl/o/mieszkanie-lodz-chojny-ul-ksiedza-biskupa-ignacego-krasickiego-2-pokojowe-f6c2w7,https://s2.adresowa.pl/oi/10/19/39f386_e053_cover-2-pokojowe-mieszkanie-lodz-chojny-ul-ksiedza-biskupa-ignacego-krasickiego.jpg,,,parter,2018.0,kamienica,,,,,,,,,51.734783,19.470713
Łódź Górna,ul. Józefa Chełmońskiego,3.0,58.0,750000.0,13007.0,Bez pośredników,ponad miesiąc temu,20.0,https://adresowo.pl/o/mieszkanie-lodz-gorna-ul-jozefa-chelmonskiego-3-pokojowe-b0k6h8,https://s2.adresowa.pl/oi/34/36/39f2ec_8386_cover-3-pokojowe-mieszkanie-lodz-gorna-ul-jozefa-chelmonskiego.jpg,,,parter,2025.0,blok,,,,,,,,,51.738816,19.480726
Łódź Polesie,ul. Maratońska,7.0,62.0,565000.0,9072.0,Bez pośredników,ponad miesiąc temu,14.0,https://adresowo.pl/o/mieszkanie-lodz-polesie-ul-maratonska-7-pokojowe-c7e4p7,https://s2.adresowa.pl/oi/74/50/39f02a_2c31_cover-7-pokojowe-mieszkanie-lodz-polesie-ul-maratonska.jpg,,,565,2024.0,blok,,,,,,,,,51.737604,19.393771
Łódź Śródmieście,ul. Stefana Żeromskiego,2.0,89.0,480000.0,5393.0,Bez pośredników,ponad miesiąc temu,18.0,https://adresowo.pl/o/mieszkanie-lodz-srodmiescie-ul-stefana-zeromskiego-2-pokojowe-c0c5z8,https://s2.adresowa.pl/oi/75/4b/39ea9c_d111_cover-2-pokojowe-mieszkanie-lodz-srodmiescie-ul-stefana-zeromskiego.jpg,,,parter,,kamienica,,,,,,,,,,
Łódź Śródmieście,ul. Łąkowa,2.0,58.0,559000.0,9671.0,Bez pośredników,ponad miesiąc temu,18.0,https://adresowo.pl/o/mieszkanie-lodz-srodmiescie-ul-lakowa-2-pokojowe-m1h4a5,https://s2.adresowa.pl/oi/36/6e/39e738_4ac7_cover-2-pokojowe-mieszkanie-lodz-srodmiescie-ul-lakowa.jpg,,,1955,1955.0,kamienica,,,,,,,,,,
Łódź Bałuty,ul. Gnieźnieńska,2.0,37.0,255000.0,6892.0,Bez pośredników,ponad miesiąc temu,10.0,https://adresowo.pl/o/mieszkanie-lodz-baluty-ul-gnieznienska-2-pokojowe-e8h9u4,https://s2.adresowa.pl/oi/66/7c/39e71a_a84d_cover-2-pokojowe-mieszkanie-lodz-baluty-ul-gnieznienska.jpg,,,parter,,kamienica,,,,,,,,,51.786466,19.439457
Łódź Polesie,ul. Srebrzyńska,3.0,52.0,615000.0,11827.0,Bez pośredników,ponad miesiąc temu,8.0,https://adresowo.pl/o/mieszkanie-lodz-polesie-ul-srebrzynska-3-pokojowe-u5p6t8,https://s2.adresowa.pl/oi/6c/46/39e546_9205_cover-3-pokojowe-mieszkanie-lodz-polesie-ul-srebrzynska.jpg,,,1,2025.0,blok,,,,,,,,,51.772606,19.418808
Łódź Teofilów,ul. Grabieniec,3.0,57.0,399000.0,6976.0,Bez pośredników,ponad miesiąc temu,8.0,https://adresowo.pl/o/mieszkanie-lodz-teofilow-ul-grabieniec-3-pokojowe-o5n6v7,https://s2.adresowa.pl/oi/31/70/39e2bc_ae24_cover-3-pokojowe-mieszkanie-lodz-teofilow-ul-grabieniec.jpg,,,385,1970.0,blok,,,,,,,,,51.796978,19.390493
Łódź Bałuty,ul. Stefana,3.0,53.0,399000.0,7538.0,Bez pośredników,ponad miesiąc temu,8.0,https://adresowo.pl/o/mieszkanie-lodz-baluty-ul-stefana-3-pokojowe-c4h8j2,https://s2.adresowa.pl/oi/15/3a/39e14c_dc79_cover-3-pokojowe-mieszkanie-lodz-baluty-ul-stefana.jpg,,,1,1975.0,blok,,,,,,,,,,
Łódź Bałuty,ul. Wojska Polskiego,1.0,37.0,248000.0,6703.0,Bez pośredników,ponad miesiąc temu,14.0,https://adresowo.pl/o/mieszkanie-lodz-baluty-ul-wojska-polskiego-1-pokoj-u5f9t3,https://s2.adresowa.pl/oi/6e/54/39e08c_e2a0_cover-1-pokojowe-mieszkanie-lodz-baluty-ul-wojska-polskiego.jpg,,,248,1960.0,blok,,,,,,,,,51.788512,19.474018
Łódź Śródmieście,ul. Henryka Sienkiewicza,3.0,65.0,649000.0,9971.0,Bez pośredników,ponad miesiąc temu,20.0,https://adresowo.pl/o/mieszkanie-lodz-srodmiescie-ul-henryka-sienkiewicza-3-pokojowe-b6e3l7,https://s2.adresowa.pl/oi/64/38/39db3c_6b72_cover-3-pokojowe-mieszkanie-lodz-srodmiescie-ul-henryka-sienkiewicza.jpg,,,4,1978.0,blok,,,,,,,,,,
Łódź Bałuty,ul. Jana,2.0,38.0,320000.0,8495.0,Bez pośredników,ponad miesiąc temu,20.0,https://adresowo.pl/o/mieszkanie-lodz-baluty-ul-jana-2-pokojowe-c6k3n0,https://s2.adresowa.pl/oi/78/7a/39d69a_4002_cover-2-pokojowe-mieszkanie-lodz-baluty-ul-jana.jpg,,,4,1971.0,blok,,,,,,,,,51.759292,19.455878
Łódź Polesie,ul. Heleny Marusarzówny,5.0,64.0,529000.0,8266.0,Bez pośredników,ponad miesiąc temu,19.0,https://adresowo.pl/o/mieszkanie-lodz-polesie-ul-heleny-marusarzowny-5-pokojowe-r5c9f9,https://s2.adresowa.pl/oi/61/70/39d576_d80e_cover-5-pokojowe-mieszkanie-lodz-polesie-ul-heleny-marusarzowny.jpg,,,parter,1974.0,blok,,,,,,,,,,
Łódź Śródmieście,ul. Poznańska,2.0,52.0,520000.0,10000.0,Bez pośredników,ponad miesiąc temu,11.0,https://adresowo.pl/o/mieszkanie-lodz-srodmiescie-ul-poznanska-2-pokojowe-j3x1f2,https://s2.adresowa.pl/oi/29/33/39d38a_4222_cover-2-pokojowe-mieszkanie-lodz-srodmiescie-ul-poznanska.jpg,,,parter,2012.0,blok,,,,,,,,,51.743389,19.482277
Łódź Bałuty,ul. Łanowa,1.0,27.0,299000.0,11074.0,Bez pośredników,ponad miesiąc temu,15.0,https://adresowo.pl/o/mieszkanie-lodz-baluty-ul-lanowa-1-pokoj-i9g6x7,https://s2.adresowa.pl/oi/27/6c/39d388_f2df_cover-1-pokojowe-mieszkanie-lodz-baluty-ul-lanowa.jpg,,,4,1980.0,blok,,,,,,,,,,
Łódź Teofilów,ul. Rojna,1.0,28.0,255000.0,9107.0,Bez pośredników,ponad miesiąc temu,8.0,https://adresowo.pl/o/mieszkanie-lodz-teofilow-ul-rojna-1-pokoj-w7e4a5,https://s2.adresowa.pl/oi/6f/37/39cf40_57c9_cover-1-pokojowe-mieszkanie-lodz-teofilow-ul-rojna.jpg,,,parter,1975.0,blok,,,,,,,,,,
Łódź Górna,ul. Strycharska,3.0,55.0,486000.0,8836.0,Bez pośredników,ponad miesiąc temu,8.0,https://adresowo.pl/o/mieszkanie-lodz-gorna-ul-strycharska-3-pokojowe-g9t0f8,https://s2.adresowa.pl/oi/49/44/39cd2e_3c8d_cover-3-pokojowe-mieszkanie-lodz-gorna-ul-strycharska.jpg,,,486,,blok,,,,,,,,,51.729862,19.464613
Łódź Widzew,ul. Rysy,2.0,45.0,490000.0,10889.0,Bez pośredników,ponad miesiąc temu,1.0,https://adresowo.pl/o/mieszkanie-lodz-widzew-ul-rysy-2-pokojowe-b0l5x1,https://s2.adresowa.pl/oi/5e/24/39cb1e_edc1_cover-2-pokojowe-mieszkanie-lodz-widzew-ul-rysy.jpg,,,1,,blok,,,,,,,,,51.782121,19.535769
Łódź Śródmieście,ul. Jana Kilińskiego,2.0,41.0,600000.0,14634.0,Bez pośredników,ponad miesiąc temu,13.0,https://adresowo.pl/o/mieszkanie-lodz-srodmiescie-ul-jana-kilinskiego-2-pokojowe-e9l8b9,https://s2.adresowa.pl/oi/2f/2b/39c98c_baa6_cover-2-pokojowe-mieszkanie-lodz-srodmiescie-ul-jana-kilinskiego.jpg,,,2019,2019.0,blok,,,,,,,,,51.749871,19.473901
Łódź Polesie,ul. Stefana Żeromskiego,3.0,93.0,849999.0,9140.0,Bez pośredników,ponad miesiąc temu,16.0,https://adresowo.pl/o/mieszkanie-lodz-polesie-ul-stefana-zeromskiego-3-pokojowe-o8d8n1,https://s2.adresowa.pl/oi/68/33/39c480_4580_cover-3-pokojowe-mieszkanie-lodz-polesie-ul-stefana-zeromskiego.jpg,,,3,1912.0,kamienica,,,,,,,,,,
Łódź Bałuty,ul. Antoniego Mackiewicza,2.0,44.0,555000.0,12689.0,Bez pośredników,ponad miesiąc temu,10.0,https://adresowo.pl/o/mieszkanie-lodz-baluty-ul-antoniego-mackiewicza-2-pokojowe-a5s4t6,https://s2.adresowa.pl/oi/51/74/39c440_d596_cover-2-pokojowe-mieszkanie-lodz-baluty-ul-antoniego-mackiewicza.jpg,,,555,2018.0,blok,,,,,,,,,51.758356,19.448891
Łódź Olechów,ul. Kazimierza Odnowiciela,4.0,103.0,947600.0,9200.0,Bez pośredników,ponad miesiąc temu,16.0,https://adresowo.pl/o/mieszkanie-lodz-olechow-ul-kazimierza-odnowiciela-4-pokojowe-b2x9j1,https://s2.adresowa.pl/oi/36/24/39c162_f31c_cover-4-pokojowe-mieszkanie-lodz-olechow-ul-kazimierza-odnowiciela.jpg,,,3,2003.0,kamienica,,,,,,,,,51.738404,19.564419
Łódź Bałuty,ul. Nad Sokołówką,3.0,68.0,735000.0,10884.0,Bez pośredników,ponad miesiąc temu,19.0,https://adresowo.pl/o/mieszkanie-lodz-baluty-ul-nad-sokolowka-3-pokojowe-a4r4i2,https://s2.adresowa.pl/oi/18/26/39bf0c_8cd3_cover-3-pokojowe-mieszkanie-lodz-baluty-ul-nad-sokolowka.jpg,,,735,2025.0,apartamentowiec,,,,,,,,,51.803312,19.434116
Łódź Widzew,ul. Telefoniczna,3.0,54.0,700000.0,12963.0,Bez pośredników,ponad miesiąc temu,12.0,https://adresowo.pl/o/mieszkanie-lodz-widzew-ul-telefoniczna-3-pokojowe-b2n8k6,https://s2.adresowa.pl/oi/58/2f/39bb4c_7c2b_cover-3-pokojowe-mieszkanie-lodz-widzew-ul-telefoniczna.jpg,,,1,2022.0,blok,,,,,,,,,,
Łódź Polesie,ul. Mahatmy Gandhiego,2.0,58.0,485000.0,8362.0,Bez pośredników,ponad miesiąc temu,12.0,https://adresowo.pl/o/mieszkanie-lodz-polesie-ul-mahatmy-gandhiego-2-pokojowe-x1f0j3,https://s2.adresowa.pl/oi/4f/28/39b9dc_6d16_cover-2-pokojowe-mieszkanie-lodz-polesie-ul-mahatmy-gandhiego.jpg,,,parter,1975.0,blok,,,,,,,,,51.78371,19.429617
Łódź Dąbrowa,ul. gen. Jarosława Dąbrowskiego,2.0,37.0,290000.0,7838.0,Bez pośredników,ponad miesiąc temu,1.0,https://adresowo.pl/o/mieszkanie-lodz-dabrowa-ul-gen-jaroslawa-dabrowskiego-2-pokojowe-j4l2h9,https://s2.adresowa.pl/oi/7e/54/39b7cc_89ce_cover-2-pokojowe-mieszkanie-lodz-dabrowa-ul-gen-jaroslawa-dabrowskiego.jpg,,,290,1970.0,blok,,,,,,,,,51.736465,19.502106
Łódź Bałuty,ul. Rajska,3.0,53.0,480000.0,9057.0,Bez pośredników,ponad miesiąc temu,16.0,https://adresowo.pl/o/mieszkanie-lodz-baluty-ul-rajska-3-pokojowe-y8g9x8,https://s2.adresowa.pl/oi/28/2f/39b7ca_771e_cover-3-pokojowe-mieszkanie-lodz-baluty-ul-rajska.jpg,,,480,1960.0,blok,,,,,,,,,51.796505,19.437184
Łódź Śródmieście,ul. Piotrkowska,3.0,67.0,525000.0,7857.0,Bez pośredników,ponad miesiąc temu,8.0,https://adresowo.pl/o/mieszkanie-lodz-srodmiescie-ul-piotrkowska-3-pokojowe-g2s2l5,https://s2.adresowa.pl/oi/70/71/39afe0_c30e_cover-3-pokojowe-mieszkanie-lodz-srodmiescie-ul-piotrkowska.jpg,,,parter,1980.0,blok,,,,,,,,,51.760568,19.458254
Łódź Górna,ul. Obywatelska,2.0,50.0,370000.0,7400.0,Bez pośredników,ponad miesiąc temu,7.0,https://adresowo.pl/o/mieszkanie-lodz-gorna-ul-obywatelska-2-pokojowe-f4e3e9,https://s2.adresowa.pl/oi/2d/2b/39ab04_a6cd_cover-2-pokojowe-mieszkanie-lodz-gorna-ul-obywatelska.jpg,,,6,1962.0,blok,,,,,,,,,51.736886,19.434292
Łódź Górna,ul. Adolfa Dygasińskiego,2.0,47.0,389000.0,8308.0,Bez pośredników,ponad miesiąc temu,9.0,https://adresowo.pl/o/mieszkanie-lodz-gorna-ul-adolfa-dygasinskiego-2-pokojowe-j0q9j2,https://s2.adresowa.pl/oi/7b/49/39a722_8f12_cover-2-pokojowe-mieszkanie-lodz-gorna-ul-adolfa-dygasinskiego.jpg,,,6,1930.0,blok,,,,,,,,,,
Łódź Bałuty,ul. Rysownicza,4.0,70.0,599000.0,8557.0,Bez pośredników,ponad miesiąc temu,14.0,https://adresowo.pl/o/mieszkanie-lodz-baluty-ul-rysownicza-4-pokojowe-w5i1t2,https://s2.adresowa.pl/oi/22/71/39a150_9209_cover-4-pokojowe-mieszkanie-lodz-baluty-ul-rysownicza.jpg,,,parter,1974.0,blok,,,,,,,,,,
Łódź Żabieniec,ul. Bolesława Limanowskiego,2.0,33.0,259900.0,7876.0,Bez pośredników,ponad miesiąc temu,9.0,https://adresowo.pl/o/mieszkanie-lodz-zabieniec-ul-boleslawa-limanowskiego-2-pokojowe-t9x4w3,https://s2.adresowa.pl/oi/4c/66/399faa_7e14_cover-2-pokojowe-mieszkanie-lodz-zabieniec-ul-boleslawa-limanowskiego.jpg,,,parter,,blok,,,,,,,,,51.790311,19.430348
Łódź Górna,ul. Ignacego Paderewskiego,2.0,37.0,349000.0,9432.0,Bez pośredników,ponad miesiąc temu,5.0,https://adresowo.pl/o/mieszkanie-lodz-gorna-ul-ignacego-paderewskiego-2-pokojowe-o1p9i4,https://s2.adresowa.pl/oi/3b/4d/399916_ae58_cover-2-pokojowe-mieszkanie-lodz-gorna-ul-ignacego-paderewskiego.jpg,,,345,1973.0,blok,,,,,,,,,51.727141,19.465518
Łódź Bałuty,ul. Klonowa,1.0,23.0,215000.0,9348.0,Bez pośredników,ponad miesiąc temu,12.0,https://adresowo.pl/o/mieszkanie-lodz-baluty-ul-klonowa-1-pokoj-y3q9x5,https://s2.adresowa.pl/oi/54/50/3997ce_e1b8_cover-1-pokojowe-mieszkanie-lodz-baluty-ul-klonowa.jpg,,,7,,blok,,,,,,,,,,
Łódź Śródmieście,ul. Bolesława Limanowskiego,1.0,28.0,182000.0,6500.0,Bez pośredników,ponad miesiąc temu,14.0,https://adresowo.pl/o/mieszkanie-lodz-srodmiescie-ul-boleslawa-limanowskiego-1-pokoj-o9e9f8,https://s2.adresowa.pl/oi/74/14/399600_8e45_cover-1-pokojowe-mieszkanie-lodz-srodmiescie-ul-boleslawa-limanowskiego.jpg,,,parter,,kamienica,,,,,,,,,51.759292,19.455878
Łódź Śródmieście,ul. Orla,2.0,50.0,470000.0,9400.0,Bez pośredników,ponad miesiąc temu,15.0,https://adresowo.pl/o/mieszkanie-lodz-srodmiescie-ul-orla-2-pokojowe-p2l4z4,https://s2.adresowa.pl/oi/4d/40/39946a_5556_cover-2-pokojowe-mieszkanie-lodz-srodmiescie-ul-orla.jpg,,,parter,1900.0,kamienica,,,,,,,,,51.757839,19.465382
Łódź Bałuty,ul. Łagiewnicka,1.0,34.0,259000.0,7618.0,Bez pośredników,ponad miesiąc temu,10.0,https://adresowo.pl/o/mieszkanie-lodz-baluty-ul-lagiewnicka-1-pokoj-d4i0f8,https://s2.adresowa.pl/oi/60/17/399382_bbe0_cover-1-pokojowe-mieszkanie-lodz-baluty-ul-lagiewnicka.jpg,,,parter,,blok,,,,,,,,,,
Łódź Polesie,ul. Obywatelska,3.0,70.0,700000.0,10000.0,Bez pośredników,ponad miesiąc temu,13.0,https://adresowo.pl/o/mieszkanie-lodz-polesie-ul-obywatelska-3-pokojowe-m8b5j8,https://s2.adresowa.pl/oi/11/78/398ff4_eafe_cover-3-pokojowe-mieszkanie-lodz-polesie-ul-obywatelska.jpg,,,3,2009.0,blok,,,,,,,,,,
Łódź Kurak,ul. Stanisława Brzozowskiego,2.0,45.0,455000.0,10111.0,Bez pośredników,ponad miesiąc temu,11.0,https://adresowo.pl/o/mieszkanie-lodz-kurak-ul-stanislawa-brzozowskiego-2-pokojowe-p6r3q5,https://s2.adresowa.pl/oi/31/41/398fb8_df36_cover-2-pokojowe-mieszkanie-lodz-kurak-ul-stanislawa-brzozowskiego.jpg,,,parter,1962.0,blok,,,,,,,,,,
Łódź Śródmieście,ul. Henryka Sienkiewicza,5.0,118.0,1290000.0,10932.0,Bez pośredników,ponad miesiąc temu,9.0,https://adresowo.pl/o/mieszkanie-lodz-srodmiescie-ul-henryka-sienkiewicza-5-pokojowe-s0k1e0,https://s2.adresowa.pl/oi/77/69/3986c0_f2a5_cover-5-pokojowe-mieszkanie-lodz-srodmiescie-ul-henryka-sienkiewicza.jpg,,,parter,1913.0,kamienica,,,,,,,,,51.760198,19.462809
Łódź,ul. dr. Adama Próchnika,3.0,50.0,235000.0,4700.0,Bez pośredników,ponad miesiąc temu,9.0,https://adresowo.pl/o/mieszkanie-lodz-ul-dr-adama-prochnika-3-pokojowe-s6u0g3,https://s2.adresowa.pl/oi/7d/43/398642_6292_cover-3-pokojowe-mieszkanie-lodz-ul-dr-adama-prochnika.jpg,,,parter,1930.0,kamienica,,,,,,,,,,
Łódź Śródmieście,ul. Jana Kilińskiego,4.0,83.0,556800.0,6708.0,Bez pośredników,ponad miesiąc temu,21.0,https://adresowo.pl/o/mieszkanie-lodz-srodmiescie-ul-jana-kilinskiego-4-pokojowe-n0h6z6,https://s2.adresowa.pl/oi/1d/4c/3982ea_d8ed_cover-4-pokojowe-mieszkanie-lodz-srodmiescie-ul-jana-kilinskiego.jpg,,,parter,1920.0,,,,,,,,,,,
Łódź Górna,ul. Ignacego Paderewskiego,3.0,55.0,400000.0,7273.0,Bez pośredników,ponad miesiąc temu,9.0,https://adresowo.pl/o/mieszkanie-lodz-gorna-ul-ignacego-paderewskiego-3-pokojowe-i3e8r4,https://s2.adresowa.pl/oi/55/2f/397c80_ee35_cover-3-pokojowe-mieszkanie-lodz-gorna-ul-ignacego-paderewskiego.jpg,,,6,1965.0,blok,,,,,,,,,,
Łódź Śródmieście,ul. Prezydenta Gabriela Narutowicza,2.0,36.0,400900.0,11133.0,Bez pośredników,ponad miesiąc temu,16.0,https://adresowo.pl/o/mieszkanie-lodz-srodmiescie-ul-prezydenta-gabriela-narutowicza-2-pokojowe-z1n8a7,https://s2.adresowa.pl/oi/25/7e/397958_3ba9_cover-2-pokojowe-mieszkanie-lodz-srodmiescie-ul-prezydenta-gabriela-narutowicza.jpg,,,399,1970.0,blok,,,,,,,,,51.772554,19.476784
Łódź Śródmieście,ul. Juliana Tuwima,1.0,37.0,433000.0,11703.0,Bez pośredników,ponad miesiąc temu,8.0,https://adresowo.pl/o/mieszkanie-lodz-srodmiescie-ul-juliana-tuwima-1-pokoj-e0u6f4,https://s2.adresowa.pl/oi/77/43/39794c_d0fb_cover-1-pokojowe-mieszkanie-lodz-srodmiescie-ul-juliana-tuwima.jpg,,,3,,blok,,,,,,,,,51.767301,19.477729
Łódź Chojny,ul. Mazurska,3.0,54.0,476000.0,8815.0,Bez pośredników,ponad miesiąc temu,15.0,https://adresowo.pl/o/mieszkanie-lodz-chojny-ul-mazurska-3-pokojowe-x5z4w7,https://s2.adresowa.pl/oi/7f/36/3976a2_745d_cover-3-pokojowe-mieszkanie-lodz-chojny-ul-mazurska.jpg,,,parter,1975.0,blok,,,,,,,,,51.729946,19.48279
Łódź Nowosolna,ul. Pomorska,1.0,40.0,473000.0,11963.0,Bez pośredników,ponad miesiąc temu,15.0,https://adresowo.pl/o/mieszkanie-lodz-nowosolna-ul-pomorska-1-pokoj-l7g0k5,https://s2.adresowa.pl/oi/35/6f/3972e2_e676_cover-1-pokojowe-mieszkanie-lodz-nowosolna-ul-pomorska.jpg,,,parter,2021.0,blok,,,,,,,,,,
Łódź Górna,ul. Stanisława Brzozowskiego,2.0,45.0,310000.0,6858.0,Bez pośredników,ponad miesiąc temu,26.0,https://adresowo.pl/o/mieszkanie-lodz-gorna-ul-stanislawa-brzozowskiego-2-pokojowe-b3t2w1,https://s2.adresowa.pl/oi/4f/1b/396bbe_7381_cover-2-pokojowe-mieszkanie-lodz-gorna-ul-stanislawa-brzozowskiego.jpg,,,parter,1971.0,blok,,,,,,,,,,
Łódź Bałuty,ul. Franciszkańska,3.0,57.0,484000.0,8491.0,Bez pośredników,ponad miesiąc temu,22.0,https://adresowo.pl/o/mieszkanie-lodz-baluty-ul-franciszkanska-3-pokojowe-n0a5w1,https://s2.adresowa.pl/oi/43/25/39649c_442d_cover-3-pokojowe-mieszkanie-lodz-baluty-ul-franciszkanska.jpg,,,7,1975.0,blok,,,,,,,,,51.794398,19.461271
Łódź Śródmieście,ul. 6 Sierpnia,1.0,23.0,210000.0,9130.0,Bez pośredników,ponad miesiąc temu,6.0,https://adresowo.pl/o/mieszkanie-lodz-srodmiescie-ul-6-sierpnia-1-pokoj-c9y6z3,https://s2.adresowa.pl/oi/78/71/395fbe_445b_cover-1-pokojowe-mieszkanie-lodz-srodmiescie-ul-6-sierpnia.jpg,,,parter,1910.0,kamienica,,,,,,,,,51.767581,19.442934
Łódź Polesie,ul. Traktorowa,2.0,40.0,530000.0,13250.0,Bez pośredników,ponad miesiąc temu,8.0,https://adresowo.pl/o/mieszkanie-lodz-polesie-ul-traktorowa-2-pokojowe-s7y5p4,https://s2.adresowa.pl/oi/4e/31/395ec0_8894_cover-2-pokojowe-mieszkanie-lodz-polesie-ul-traktorowa.jpg,,,parter,1975.0,blok,,,,,,,,,51.801609,19.394994
Łódź Śródmieście,ul. gen. Jarosława Dąbrowskiego,2.0,38.0,330000.0,8684.0,Bez pośredników,ponad miesiąc temu,8.0,https://adresowo.pl/o/mieszkanie-lodz-srodmiescie-ul-gen-jaroslawa-dabrowskiego-2-pokojowe-h9k6h9,https://s2.adresowa.pl/oi/2f/4f/395c2c_7d09_cover-2-pokojowe-mieszkanie-lodz-srodmiescie-ul-gen-jaroslawa-dabrowskiego.jpg,,,320,,blok,,,,,,,,,51.737888,19.492969
Łódź Górna,ul. Świętego Mikołaja,5.0,142.0,1299900.0,9184.0,Bez pośredników,ponad miesiąc temu,15.0,https://adresowo.pl/o/mieszkanie-lodz-gorna-ul-swietego-mikolaja-5-pokojowe-z8a8g6,https://s2.adresowa.pl/oi/39/42/3957c0_fe9d_cover-5-pokojowe-mieszkanie-lodz-gorna-ul-swietego-mikolaja.jpg,,,2,2000.0,kamienica,,,,,,,,,,
Łódź Polesie,ul. Walerego Wróblewskiego,2.0,48.0,375000.0,7813.0,Bez pośredników,ponad miesiąc temu,12.0,https://adresowo.pl/o/mieszkanie-lodz-polesie-ul-walerego-wroblewskiego-2-pokojowe-q4d8p4,https://s2.adresowa.pl/oi/27/42/395584_50f2_cover-2-pokojowe-mieszkanie-lodz-polesie-ul-walerego-wroblewskiego.jpg,,,parter,1960.0,blok,,,,,,,,,51.745749,19.437483
Łódź Bałuty,ul. Zielna,2.0,47.0,300000.0,6383.0,Bez pośredników,ponad miesiąc temu,6.0,https://adresowo.pl/o/mieszkanie-lodz-baluty-ul-zielna-2-pokojowe-w5k8b5,https://s2.adresowa.pl/oi/11/2a/39554c_2c28_cover-2-pokojowe-mieszkanie-lodz-baluty-ul-zielna.jpg,,,300,1962.0,blok,,,,,,,,,51.78811,19.462664
Łódź Polesie,ul. Minerska,4.0,72.0,809000.0,11236.0,Bez pośredników,ponad miesiąc temu,7.0,https://adresowo.pl/o/mieszkanie-lodz-polesie-ul-minerska-4-pokojowe-z7i0z3,https://s2.adresowa.pl/oi/15/1f/39542c_28e8_cover-4-pokojowe-mieszkanie-lodz-polesie-ul-minerska.jpg,,,2,,kamienica,,,,,,,,,,
Łódź Polesie,ul. Falista,1.0,36.0,474000.0,13123.0,Bez pośredników,ponad miesiąc temu,10.0,https://adresowo.pl/o/mieszkanie-lodz-polesie-ul-falista-1-pokoj-l0c9k0,https://s2.adresowa.pl/oi/1e/5f/394d3a_2f91_cover-1-pokojowe-mieszkanie-lodz-polesie-ul-falista.jpg,,,474,2023.0,blok,,,,,,,,,51.73878,19.406246
Łódź Julianów,ul. Nad Sokołówką,2.0,56.0,624000.0,11143.0,Bez pośredników,ponad miesiąc temu,9.0,https://adresowo.pl/o/mieszkanie-lodz-julianow-ul-nad-sokolowka-2-pokojowe-m3n4m6,https://s2.adresowa.pl/oi/1d/6c/394d2e_7fe2_cover-2-pokojowe-mieszkanie-lodz-julianow-ul-nad-sokolowka.jpg,,,624,2025.0,blok,,,,,,,,,51.803312,19.434116
Łódź Teofilów,ul. Wici,2.0,38.0,285000.0,7540.0,Bez pośredników,ponad miesiąc temu,7.0,https://adresowo.pl/o/mieszkanie-lodz-teofilow-ul-wici-2-pokojowe-s6d7l1,https://s2.adresowa.pl/oi/49/25/394d14_486b_cover-2-pokojowe-mieszkanie-lodz-teofilow-ul-wici.jpg,,,parter,,blok,,,,,,,,,51.799669,19.37868
Łódź Bałuty,ul. Sitowie,2.0,42.0,360000.0,8487.0,Bez pośredników,ponad miesiąc temu,7.0,https://adresowo.pl/o/mieszkanie-lodz-baluty-ul-sitowie-2-pokojowe-i6c4t4,https://s2.adresowa.pl/oi/52/7b/394a64_49aa_cover-2-pokojowe-mieszkanie-lodz-baluty-ul-sitowie.jpg,,,4,1981.0,blok,,,,,,,,,51.824319,19.431028
Łódź Stare Polesie,ul. gen. Lucjana Żeligowskiego,3.0,58.0,430000.0,7414.0,Bez pośredników,ponad miesiąc temu,14.0,https://adresowo.pl/o/mieszkanie-lodz-stare-polesie-ul-gen-lucjana-zeligowskiego-3-pokojowe-q8r9b4,https://s2.adresowa.pl/oi/3e/5b/393d8a_9c77_cover-3-pokojowe-mieszkanie-lodz-stare-polesie-ul-gen-lucjana-zeligowskiego.jpg,,,parter,1960.0,blok,,,,,,,,,,
Łódź Bałuty,ul. Boya-Żeleńskiego,1.0,31.0,310000.0,10000.0,Bez pośredników,ponad miesiąc temu,15.0,https://adresowo.pl/o/mieszkanie-lodz-baluty-ul-boya-zelenskiego-1-pokoj-d5t1y4,https://s2.adresowa.pl/oi/2d/2d/392b20_91ca_cover-1-pokojowe-mieszkanie-lodz-baluty-ul-boya-zelenskiego.jpg,,,parter,1964.0,blok,,,,,,,,,51.790342,19.472857
Łódź Koziny,ul. Jana Długosza,2.0,37.0,450000.0,12162.0,Bez pośredników,ponad miesiąc temu,8.0,https://adresowo.pl/o/mieszkanie-lodz-koziny-ul-jana-dlugosza-2-pokojowe-m6g7o5,https://s2.adresowa.pl/oi/7a/34/393d98_4a40_cover-2-pokojowe-mieszkanie-lodz-koziny-ul-jana-dlugosza.jpg,,,parter,2017.0,blok,,,,,,,,,,
Łódź Górna,ul. Grabowa,2.0,39.0,158000.0,4054.0,Bez pośredników,ponad miesiąc temu,4.0,https://adresowo.pl/o/mieszkanie-lodz-gorna-ul-grabowa-2-pokojowe-d5m6r9,https://s2.adresowa.pl/oi/33/74/3939f8_c314_cover-2-pokojowe-mieszkanie-lodz-gorna-ul-grabowa.jpg,,,parter,,,,,,,,,,,51.747481,19.472557
Łódź Radogoszcz,ul. Anyżowa,4.0,130.0,1365000.0,10500.0,Bez pośredników,ponad miesiąc temu,20.0,https://adresowo.pl/o/mieszkanie-lodz-radogoszcz-ul-anyzowa-4-pokojowe-t7q8j3,https://s2.adresowa.pl/oi/5d/22/393834_341a_cover-4-pokojowe-mieszkanie-lodz-radogoszcz-ul-anyzowa.jpg,,,parter,2012.0,kamienica,,,,,,,,,51.817657,19.428033
Łódź Dąbrowa,ul. Juliusza Kossaka,2.0,37.0,265000.0,7213.0,Bez pośredników,ponad miesiąc temu,13.0,https://adresowo.pl/o/mieszkanie-lodz-dabrowa-ul-juliusza-kossaka-2-pokojowe-d0b3b3,https://s2.adresowa.pl/oi/78/28/39340a_f479_cover-2-pokojowe-mieszkanie-lodz-dabrowa-ul-juliusza-kossaka.jpg,,,1971,1971.0,blok,,,,,,,,,,
Łódź Górna,ul. Konspiracyjnego Wojska Polskiego,2.0,43.0,295000.0,6860.0,Bez pośredników,ponad miesiąc temu,8.0,https://adresowo.pl/o/mieszkanie-lodz-gorna-ul-konspiracyjnego-wojska-polskiego-2-pokojowe-g0v4m7,https://s2.adresowa.pl/oi/74/74/39336c_8c90_cover-2-pokojowe-mieszkanie-lodz-gorna-ul-konspiracyjnego-wojska-polskiego.jpg,,,295,,blok,,,,,,,,,51.730243,19.497507
Łódź Bałuty,ul. Łagiewnicka,1.0,22.0,199000.0,9045.0,Bez pośredników,ponad miesiąc temu,8.0,https://adresowo.pl/o/mieszkanie-lodz-baluty-ul-lagiewnicka-1-pokoj-b3j0o1,https://s2.adresowa.pl/oi/42/51/392b26_5881_cover-1-pokojowe-mieszkanie-lodz-baluty-ul-lagiewnicka.jpg,,,1,,blok,,,,,,,,,51.814764,19.455697
Łódź Górna,ul. Piękna,3.0,48.0,485000.0,10104.0,Bez pośredników,ponad miesiąc temu,17.0,https://adresowo.pl/o/mieszkanie-lodz-gorna-ul-piekna-3-pokojowe-i6t2n1,https://s2.adresowa.pl/oi/5b/77/3929da_6344_cover-3-pokojowe-mieszkanie-lodz-gorna-ul-piekna.jpg,,,485,1972.0,blok,,,,,,,,,51.737914,19.445581
Łódź Bałuty,ul. Julianowska,3.0,59.0,495000.0,8390.0,Bez pośredników,ponad miesiąc temu,13.0,https://adresowo.pl/o/mieszkanie-lodz-baluty-ul-julianowska-3-pokojowe-z9a2n8,https://s2.adresowa.pl/oi/67/77/3925ea_2e04_cover-3-pokojowe-mieszkanie-lodz-baluty-ul-julianowska.jpg,,,parter,1986.0,blok,,,,,,,,,51.799496,19.450994
Łódź Retkinia,ul. Bratysławska,3.0,49.0,350000.0,7149.0,Bez pośredników,ponad miesiąc temu,21.0,https://adresowo.pl/o/mieszkanie-lodz-retkinia-ul-bratyslawska-3-pokojowe-g1f1o2,https://s2.adresowa.pl/oi/72/74/392044_3601_cover-3-pokojowe-mieszkanie-lodz-retkinia-ul-bratyslawska.jpg,,,10,1975.0,blok,,,,,,,,,51.74834,19.420406
Łódź Górna,ul. Strycharska,2.0,43.0,430000.0,10000.0,Bez pośredników,ponad miesiąc temu,12.0,https://adresowo.pl/o/mieszkanie-lodz-gorna-ul-strycharska-2-pokojowe-e7p7q8,https://s2.adresowa.pl/oi/63/3a/392026_f048_cover-2-pokojowe-mieszkanie-lodz-gorna-ul-strycharska.jpg,,,3,1990.0,blok,,,,,,,,,51.729249,19.466682
Łódź Bałuty,ul. Pojezierska,2.0,42.0,300000.0,7229.0,Bez pośredników,ponad miesiąc temu,8.0,https://adresowo.pl/o/mieszkanie-lodz-baluty-ul-pojezierska-2-pokojowe-p1w0f3,https://s2.adresowa.pl/oi/3a/30/3914b4_7f56_cover-2-pokojowe-mieszkanie-lodz-baluty-ul-pojezierska.jpg,,,4,1960.0,blok,,,,,,,,,,
Łódź Bałuty,ul. Strykowska,2.0,46.0,462132.0,10046.0,Bez pośredników,ponad miesiąc temu,6.0,https://adresowo.pl/o/mieszkanie-lodz-baluty-ul-strykowska-2-pokojowe-f1x0j5,https://s2.adresowa.pl/oi/40/5c/3912fc_3fde_cover-2-pokojowe-mieszkanie-lodz-baluty-ul-strykowska.jpg,,,parter,,blok,,,,,,,,,51.795609,19.487518
Łódź Radogoszcz,ul. Gustawa Herlinga-Grudzińskiego,3.0,74.0,569000.0,7700.0,Bez pośredników,ponad miesiąc temu,10.0,https://adresowo.pl/o/mieszkanie-lodz-radogoszcz-ul-gustawa-herlinga-grudzinskiego-3-pokojowe-o7b2l0,https://s2.adresowa.pl/oi/10/37/39118a_3d91_cover-3-pokojowe-mieszkanie-lodz-radogoszcz-ul-gustawa-herlinga-grudzinskiego.jpg,,,2,1991.0,blok,,,,,,,,,,
Łódź Śródmieście,ul. Piotrkowska,3.0,70.0,570000.0,8187.0,Bez pośredników,ponad miesiąc temu,17.0,https://adresowo.pl/o/mieszkanie-lodz-srodmiescie-ul-piotrkowska-3-pokojowe-f6l0o6,https://s2.adresowa.pl/oi/66/30/3909b4_a742_cover-3-pokojowe-mieszkanie-lodz-srodmiescie-ul-piotrkowska.jpg,,,parter,1980.0,blok,,,,,,,,,51.751644,19.458595
Łódź Bałuty,ul. Lutomierska,3.0,54.0,372000.0,6889.0,Bez pośredników,ponad miesiąc temu,8.0,https://adresowo.pl/o/mieszkanie-lodz-baluty-ul-lutomierska-3-pokojowe-u9s9r3,https://s2.adresowa.pl/oi/4b/74/390476_3aae_cover-3-pokojowe-mieszkanie-lodz-baluty-ul-lutomierska.jpg,,,1,,blok,,,,,,,,,,
Łódź Śródmieście,ul. Andrzeja Struga,2.0,53.0,515000.0,9644.0,Bez pośredników,ponad miesiąc temu,7.0,https://adresowo.pl/o/mieszkanie-lodz-srodmiescie-ul-andrzeja-struga-2-pokojowe-o6a2x5,https://s2.adresowa.pl/oi/58/5a/39030c_6860_cover-2-pokojowe-mieszkanie-lodz-srodmiescie-ul-andrzeja-struga.jpg,,,parter,2017.0,kamienica,,,,,,,,,51.764552,19.44445
Łódź Polesie,ul. Cmentarna,3.0,120.0,948000.0,7900.0,Bez pośredników,ponad miesiąc temu,20.0,https://adresowo.pl/o/mieszkanie-lodz-polesie-ul-cmentarna-3-pokojowe-x9e9x4,https://s2.adresowa.pl/oi/26/42/38fdb8_c584_cover-3-pokojowe-mieszkanie-lodz-polesie-ul-cmentarna.jpg,,,1906,1906.0,kamienica,,,,,,,,,,
Łódź Janów,ul. Jana Skrzetuskiego,2.0,40.0,380000.0,9596.0,Bez pośredników,ponad miesiąc temu,8.0,https://adresowo.pl/o/mieszkanie-lodz-janow-ul-jana-skrzetuskiego-2-pokojowe-m7o5m0,https://s2.adresowa.pl/oi/28/7e/38f524_a678_cover-2-pokojowe-mieszkanie-lodz-janow-ul-jana-skrzetuskiego.jpg,,,1,1995.0,blok,,,,,,,,,51.747329,19.565258
Łódź Górna,ul. Ignacego Paderewskiego,2.0,37.0,286000.0,7730.0,Bez pośredników,ponad miesiąc temu,6.0,https://adresowo.pl/o/mieszkanie-lodz-gorna-ul-ignacego-paderewskiego-2-pokojowe-f0p9o5,https://s2.adresowa.pl/oi/48/37/38f6f0_816f_cover-2-pokojowe-mieszkanie-lodz-gorna-ul-ignacego-paderewskiego.jpg,,,parter,1973.0,blok,,,,,,,,,51.7257,19.46641
Łódź Górna,ul. Piasta,3.0,51.0,520000.0,10150.0,Bez pośredników,ponad miesiąc temu,8.0,https://adresowo.pl/o/mieszkanie-lodz-gorna-ul-piasta-3-pokojowe-i3p2j8,https://s2.adresowa.pl/oi/7d/3b/38f65c_327a_cover-3-pokojowe-mieszkanie-lodz-gorna-ul-piasta.jpg,,,520,1968.0,blok,,,,,,,,,51.759292,19.455878
Łódź Śródmieście,ul. Nowomiejska,3.0,89.0,250000.0,2809.0,Bez pośredników,ponad miesiąc temu,8.0,https://adresowo.pl/o/mieszkanie-lodz-srodmiescie-ul-nowomiejska-3-pokojowe-j1a9n9,https://s2.adresowa.pl/oi/5c/63/38eda6_54ca_cover-3-pokojowe-mieszkanie-lodz-srodmiescie-ul-nowomiejska.jpg,,,parter,,,,,,,,,,,,
Łódź Śródmieście,ul. Nawrot,1.0,29.0,339000.0,11690.0,Bez pośredników,ponad miesiąc temu,14.0,https://adresowo.pl/o/mieszkanie-lodz-srodmiescie-ul-nawrot-1-pokoj-a8r2p9,https://s2.adresowa.pl/oi/49/29/38ec3a_7680_cover-1-pokojowe-mieszkanie-lodz-srodmiescie-ul-nawrot.jpg,,,parter,2020.0,blok,,,,,,,,,51.763494,19.471613
Łódź Śródmieście,al. marsz. Józefa Piłsudskiego,2.0,38.0,260000.0,6842.0,Bez pośredników,ponad miesiąc temu,8.0,https://adresowo.pl/o/mieszkanie-lodz-srodmiescie-al-marsz-jozefa-pilsudskiego-2-pokojowe-i9c8o3,https://s2.adresowa.pl/oi/55/22/38e8fa_d9ba_cover-2-pokojowe-mieszkanie-lodz-srodmiescie-al-marsz-jozefa-pilsudskiego.jpg,,,259,,blok,,,,,,,,,51.760607,19.483416
Łódź Górna,ul. Gospodarcza,2.0,51.0,460000.0,9104.0,Bez pośredników,ponad miesiąc temu,14.0,https://adresowo.pl/o/mieszkanie-lodz-gorna-ul-gospodarcza-2-pokojowe-z6l6q5,https://s2.adresowa.pl/oi/5c/65/38e5ea_c690_cover-2-pokojowe-mieszkanie-lodz-gorna-ul-gospodarcza.jpg,,,6,1980.0,blok,,,,,,,,,,
Łódź Bałuty,ul. Marynarska,2.0,45.0,550000.0,12222.0,Bez pośredników,ponad miesiąc temu,13.0,https://adresowo.pl/o/mieszkanie-lodz-baluty-ul-marynarska-2-pokojowe-w3t6e1,https://s2.adresowa.pl/oi/50/7e/38e3e6_8afd_cover-2-pokojowe-mieszkanie-lodz-baluty-ul-marynarska.jpg,,,550,1975.0,blok,,,,,,,,,51.791335,19.462604
Łódź Stoki,ul. Przełęcz,1.0,38.0,275000.0,7333.0,Bez pośredników,ponad miesiąc temu,10.0,https://adresowo.pl/o/mieszkanie-lodz-stoki-ul-przelecz-1-pokoj-i3b5d4,https://s2.adresowa.pl/oi/64/63/38e346_4627_cover-1-pokojowe-mieszkanie-lodz-stoki-ul-przelecz.jpg,,,parter,1924.0,blok,,,,,,,,,51.780209,19.525825
Łódź Polesie,ul. Grodzieńska,3.0,55.0,450000.0,8233.0,Bez pośredników,ponad miesiąc temu,9.0,https://adresowo.pl/o/mieszkanie-lodz-polesie-ul-grodzienska-3-pokojowe-x1g2h9,https://s2.adresowa.pl/oi/3a/5b/38d31a_6534_cover-3-pokojowe-mieszkanie-lodz-polesie-ul-grodzienska.jpg,,,3,1975.0,blok,,,,,,,,,51.754178,19.418351
Łódź Górna,ul. Emilii Sczanieckiej,3.0,66.0,660000.0,10000.0,Bez pośredników,ponad miesiąc temu,17.0,https://adresowo.pl/o/mieszkanie-lodz-gorna-ul-emilii-sczanieckiej-3-pokojowe-d3v0z4,https://s2.adresowa.pl/oi/21/1f/38d272_7c82_cover-3-pokojowe-mieszkanie-lodz-gorna-ul-emilii-sczanieckiej.jpg,,,parter,2024.0,blok,,,,,,,,,,
Łódź Śródmieście,ul. Rawska,2.0,53.0,485000.0,9151.0,Bez pośredników,ponad miesiąc temu,7.0,https://adresowo.pl/o/mieszkanie-lodz-srodmiescie-ul-rawska-2-pokojowe-g7t0a4,https://s2.adresowa.pl/oi/12/3f/38d206_a275_cover-2-pokojowe-mieszkanie-lodz-srodmiescie-ul-rawska.jpg,,,10,,kamienica,,,,,,,,,51.75001,19.486254
Łódź Górna,ul. Nowe Sady,1.0,34.0,369000.0,10758.0,Bez pośredników,ponad miesiąc temu,11.0,https://adresowo.pl/o/mieszkanie-lodz-gorna-ul-nowe-sady-1-pokoj-o7k2x5,https://s2.adresowa.pl/oi/6c/34/38d1be_b90d_cover-1-pokojowe-mieszkanie-lodz-gorna-ul-nowe-sady.jpg,,,parter,2015.0,blok,,,,,,,,,,
Łódź Śródmieście,ul. Radwańska,2.0,50.0,349000.0,6980.0,Bez pośredników,ponad miesiąc temu,13.0,https://adresowo.pl/o/mieszkanie-lodz-srodmiescie-ul-radwanska-2-pokojowe-a9i7w1,https://s2.adresowa.pl/oi/18/55/38c620_ccca_cover-2-pokojowe-mieszkanie-lodz-srodmiescie-ul-radwanska.jpg,,,1,1940.0,blok,,,,,,,,,51.751996,19.450886
Łódź Bałuty,ul. Franciszkańska,3.0,57.0,480000.0,8421.0,Bez pośredników,ponad miesiąc temu,14.0,https://adresowo.pl/o/mieszkanie-lodz-baluty-ul-franciszkanska-3-pokojowe-r9q1f0,https://s2.adresowa.pl/oi/25/6c/38c0fe_9652_cover-3-pokojowe-mieszkanie-lodz-baluty-ul-franciszkanska.jpg,,,4,1984.0,blok,,,,,,,,,,
Łódź Retkinia,ul. Janusza Kusocińskiego,1.0,32.0,273000.0,8531.0,Bez pośredników,ponad miesiąc temu,11.0,https://adresowo.pl/o/mieszkanie-lodz-retkinia-ul-janusza-kusocinskiego-1-pokoj-k0s3m2,https://s2.adresowa.pl/oi/24/75/38c046_f47d_cover-1-pokojowe-mieszkanie-lodz-retkinia-ul-janusza-kusocinskiego.jpg,,,parter,1980.0,blok,,,,,,,,,51.746792,19.384421
Łódź Polesie,ul. Srebrzyńska,2.0,37.0,480000.0,13126.0,Bez pośredników,ponad miesiąc temu,15.0,https://adresowo.pl/o/mieszkanie-lodz-polesie-ul-srebrzynska-2-pokojowe-s0v0y4,https://s2.adresowa.pl/oi/6d/2d/38c048_da90_cover-2-pokojowe-mieszkanie-lodz-polesie-ul-srebrzynska.jpg,,,parter,2024.0,blok,,,,,,,,,51.774019,19.430632
Łódź Teofilów,ul. Aleksandrowska,4.0,78.0,760000.0,9717.0,Bez pośredników,ponad miesiąc temu,14.0,https://adresowo.pl/o/mieszkanie-lodz-teofilow-ul-aleksandrowska-4-pokojowe-x0w4n0,https://s2.adresowa.pl/oi/17/16/38be48_606d_cover-4-pokojowe-mieszkanie-lodz-teofilow-ul-aleksandrowska.jpg,,,1,1978.0,blok,,,,,,,,,,
Łódź Bałuty,ul. Wrocławska,2.0,53.0,475000.0,8984.0,Bez pośredników,ponad miesiąc temu,8.0,https://adresowo.pl/o/mieszkanie-lodz-baluty-ul-wroclawska-2-pokojowe-n9b1o9,https://s2.adresowa.pl/oi/58/5c/38b592_2c2a_cover-2-pokojowe-mieszkanie-lodz-baluty-ul-wroclawska.jpg,,,3,1956.0,blok,,,,,,,,,51.78787,19.444546
Łódź Górna,ul. Obywatelska,2.0,56.0,419000.0,7482.0,Bez pośredników,ponad miesiąc temu,9.0,https://adresowo.pl/o/mieszkanie-lodz-gorna-ul-obywatelska-2-pokojowe-s0h9r2,https://s2.adresowa.pl/oi/4b/50/38b3d8_f90b_cover-2-pokojowe-mieszkanie-lodz-gorna-ul-obywatelska.jpg,,,1960,1960.0,blok,,,,,,,,,51.736886,19.434292
Łódź Widzew,ul. Juliana Tuwima,2.0,58.0,435000.0,7513.0,Bez pośredników,ponad miesiąc temu,10.0,https://adresowo.pl/o/mieszkanie-lodz-widzew-ul-juliana-tuwima-2-pokojowe-r7x8a9,https://s2.adresowa.pl/oi/56/4f/38b334_fc55_cover-2-pokojowe-mieszkanie-lodz-widzew-ul-juliana-tuwima.jpg,,,parter,1959.0,blok,,,,,,,,,51.767301,19.477729
Łódź Teofilów,ul. Traktorowa,2.0,45.0,314000.0,6978.0,Bez pośredników,ponad miesiąc temu,8.0,https://adresowo.pl/o/mieszkanie-lodz-teofilow-ul-traktorowa-2-pokojowe-i5l0r8,https://s2.adresowa.pl/oi/61/61/38b066_e28c_cover-2-pokojowe-mieszkanie-lodz-teofilow-ul-traktorowa.jpg,,,parter,1960.0,blok,,,,,,,,,51.759292,19.455878
Łódź Bałuty,ul. Wrocławska,2.0,54.0,470000.0,8704.0,Bez pośredników,ponad miesiąc temu,8.0,https://adresowo.pl/o/mieszkanie-lodz-baluty-ul-wroclawska-2-pokojowe-v4k9d0,https://s2.adresowa.pl/oi/38/54/389f38_be64_cover-2-pokojowe-mieszkanie-lodz-baluty-ul-wroclawska.jpg,,,parter,1960.0,blok,,,,,,,,,51.78787,19.444546
Łódź Śródmieście,ul. Prezydenta Gabriela Narutowicza,3.0,90.0,500000.0,5556.0,Bez pośredników,ponad miesiąc temu,8.0,https://adresowo.pl/o/mieszkanie-lodz-srodmiescie-ul-prezydenta-gabriela-narutowicza-3-pokojowe-n7i3l8,https://s2.adresowa.pl/oi/1b/6a/388d4e_b4b9_cover-3-pokojowe-mieszkanie-lodz-srodmiescie-ul-prezydenta-gabriela-narutowicza.jpg,,,2,,,,,,,,,,,51.77156,19.46433
Łódź Retkinia,ul. Retkińska,2.0,42.0,439000.0,10395.0,Bez pośredników,ponad miesiąc temu,8.0,https://adresowo.pl/o/mieszkanie-lodz-retkinia-ul-retkinska-2-pokojowe-r2r1c5,https://s2.adresowa.pl/oi/75/5a/388c7e_5c1f_cover-2-pokojowe-mieszkanie-lodz-retkinia-ul-retkinska.jpg,,,parter,1972.0,blok,,,,,,,,,51.750051,19.408626
Łódź Śródmieście,ul. Uniwersytecka,2.0,49.0,490000.0,10062.0,Bez pośredników,ponad miesiąc temu,20.0,https://adresowo.pl/o/mieszkanie-lodz-srodmiescie-ul-uniwersytecka-2-pokojowe-l2a4l4,https://s2.adresowa.pl/oi/77/4b/387ec6_c066_cover-2-pokojowe-mieszkanie-lodz-srodmiescie-ul-uniwersytecka.jpg,,,1956,1956.0,blok,,,,,,,,,,
Łódź Polesie,ul. 6 Sierpnia,3.0,78.0,528000.0,6804.0,Bez pośredników,ponad miesiąc temu,20.0,https://adresowo.pl/o/mieszkanie-lodz-polesie-ul-6-sierpnia-3-pokojowe-d5w2b3,https://s2.adresowa.pl/oi/68/60/387cc6_dcb9_cover-3-pokojowe-mieszkanie-lodz-polesie-ul-6-sierpnia.jpg,,,3,1952.0,kamienica,,,,,,,,,51.767477,19.443953
Łódź,ul. ks. bp. Wincentego Tymienieckiego,2.0,42.0,500000.0,11905.0,Bez pośredników,ponad miesiąc temu,9.0,https://adresowo.pl/o/mieszkanie-lodz-ul-ks-bp-wincentego-tymienieckiego-2-pokojowe-f1u2m2,https://s2.adresowa.pl/oi/3b/3f/387bc2_68d5_cover-2-pokojowe-mieszkanie-lodz-ul-ks-bp-wincentego-tymienieckiego.jpg,,,3,2016.0,blok,,,,,,,,,51.75899887084961,19.45599937438965
Łódź Śródmieście,ul. Gdańska,4.0,60.0,740000.0,12333.0,Bez pośredników,ponad miesiąc temu,8.0,https://adresowo.pl/o/mieszkanie-lodz-srodmiescie-ul-gdanska-4-pokojowe-j0x7v9,https://s2.adresowa.pl/oi/79/46/383d1a_45a2_cover-4-pokojowe-mieszkanie-lodz-srodmiescie-ul-gdanska.jpg,,,parter,2026.0,blok,,,,,,,,,51.766998,19.450001
Łódź Bałuty,ul. Przemysłowa,2.0,40.0,320000.0,8034.0,Bez pośredników,ponad miesiąc temu,9.0,https://adresowo.pl/o/mieszkanie-lodz-baluty-ul-przemyslowa-2-pokojowe-g3q7s5,https://s2.adresowa.pl/oi/57/18/383b4a_e499_cover-2-pokojowe-mieszkanie-lodz-baluty-ul-przemyslowa.jpg,,,parter,1980.0,blok,,,,,,,,,,
Łódź,ul. Gnieźnieńska,1.0,42.0,385000.0,9167.0,Bez pośredników,ponad miesiąc temu,6.0,https://adresowo.pl/o/mieszkanie-lodz-ul-gnieznienska-1-pokoj-r1y3p4,https://s2.adresowa.pl/oi/51/6b/381e1e_c943_cover-1-pokojowe-mieszkanie-lodz-ul-gnieznienska.jpg,,,parter,1960.0,blok,,,,,,,,,51.7859992980957,19.43899917602539
Łódź Górna,ul. Akademii Zamojskiej,4.0,94.0,899000.0,9564.0,Bez pośredników,ponad miesiąc temu,12.0,https://adresowo.pl/o/mieszkanie-lodz-gorna-ul-akademii-zamojskiej-4-pokojowe-g8r9z7,https://s2.adresowa.pl/oi/75/6c/38357c_316d_cover-4-pokojowe-mieszkanie-lodz-gorna-ul-akademii-zamojskiej.jpg,,,parter,2003.0,blok,,,,,,,,,51.726002,19.441999
Łódź Śródmieście,ul. Nawrot,2.0,32.0,484000.0,14985.0,Bez pośredników,ponad miesiąc temu,12.0,https://adresowo.pl/o/mieszkanie-lodz-srodmiescie-ul-nawrot-2-pokojowe-d7e7h4,https://s2.adresowa.pl/oi/56/1a/382f0c_85a2_cover-2-pokojowe-mieszkanie-lodz-srodmiescie-ul-nawrot.jpg,,,1,1900.0,kamienica,,,,,,,,,51.764,19.472
Łódź Bałuty,ul. Lutomierska,3.0,50.0,419000.0,8380.0,Bez pośredników,ponad miesiąc temu,8.0,https://adresowo.pl/o/mieszkanie-lodz-baluty-ul-lutomierska-3-pokojowe-e7e4g3,https://s2.adresowa.pl/oi/55/3c/382b64_e5d5_cover-3-pokojowe-mieszkanie-lodz-baluty-ul-lutomierska.jpg,,,parter,,blok,,,,,,,,,,
Łódź Bałuty,ul. Odolanowska,1.0,27.0,279000.0,10333.0,Bez pośredników,ponad miesiąc temu,7.0,https://adresowo.pl/o/mieszkanie-lodz-baluty-ul-odolanowska-1-pokoj-w2l2t4,https://s2.adresowa.pl/oi/7a/57/3820a0_d674_cover-1-pokojowe-mieszkanie-lodz-baluty-ul-odolanowska.jpg,,,4,1975.0,blok,,,,,,,,,51.779999,19.431
Łódź Widzew,ul. Józefa Elsnera,2.0,49.0,439000.0,8959.0,Bez pośredników,ponad miesiąc temu,10.0,https://adresowo.pl/o/mieszkanie-lodz-widzew-ul-jozefa-elsnera-2-pokojowe-j6g2y0,https://s2.adresowa.pl/oi/1e/2d/38161c_cf26_cover-2-pokojowe-mieszkanie-lodz-widzew-ul-jozefa-elsnera.jpg,,,439,,blok,,,,,,,,,51.756001,19.531
Łódź Bałuty,ul. Osiedlowa,2.0,38.0,341000.0,8974.0,Bez pośredników,ponad miesiąc temu,9.0,https://adresowo.pl/o/mieszkanie-lodz-baluty-ul-osiedlowa-2-pokojowe-h9b0b2,https://s2.adresowa.pl/oi/2b/15/380792_a92c_cover-2-pokojowe-mieszkanie-lodz-baluty-ul-osiedlowa.jpg,,,parter,1970.0,blok,,,,,,,,,51.786999,19.445999
Łódź Dąbrowa,ul. Juliusza Kossaka,2.0,37.0,268000.0,7243.0,Bez pośredników,ponad miesiąc temu,15.0,https://adresowo.pl/o/mieszkanie-lodz-dabrowa-ul-juliusza-kossaka-2-pokojowe-s0z1a1,https://s2.adresowa.pl/oi/32/6e/380334_da46_cover-2-pokojowe-mieszkanie-lodz-dabrowa-ul-juliusza-kossaka.jpg,,,268,1970.0,blok,,,,,,,,,51.73799896240234,19.5
Łódź Polesie,ul. Maratońska,2.0,33.0,470000.0,14242.0,Bez pośredników,ponad miesiąc temu,8.0,https://adresowo.pl/o/mieszkanie-lodz-polesie-ul-maratonska-2-pokojowe-o1y2r2,https://s2.adresowa.pl/oi/19/19/37ff12_8b69_cover-2-pokojowe-mieszkanie-lodz-polesie-ul-maratonska.jpg,,,parter,2024.0,blok,,,,,,,,,51.74100112915039,19.395000457763672
Łódź Górna,ul. Uroczysko,2.0,37.0,370000.0,10000.0,Bez pośredników,ponad miesiąc temu,12.0,https://adresowo.pl/o/mieszkanie-lodz-gorna-ul-uroczysko-2-pokojowe-t1g0v8,https://s2.adresowa.pl/oi/2e/67/37fb4e_8d7a_cover-2-pokojowe-mieszkanie-lodz-gorna-ul-uroczysko.jpg,,,6,,blok,,,,,,,,,,
Łódź Bałuty,ul. Bydgoska,2.0,46.0,430000.0,9348.0,Bez pośredników,ponad miesiąc temu,5.0,https://adresowo.pl/o/mieszkanie-lodz-baluty-ul-bydgoska-2-pokojowe-d6p3f1,https://s2.adresowa.pl/oi/47/68/37f830_6c9c_cover-2-pokojowe-mieszkanie-lodz-baluty-ul-bydgoska.jpg,,,1,1970.0,blok,,,,,,,,,51.787998,19.427
Łódź Górna,ul. Ogniskowa,3.0,61.0,500000.0,8170.0,Bez pośredników,ponad miesiąc temu,8.0,https://adresowo.pl/o/mieszkanie-lodz-gorna-ul-ogniskowa-3-pokojowe-y0o3w2,https://s2.adresowa.pl/oi/60/30/37f256_7fce_cover-3-pokojowe-mieszkanie-lodz-gorna-ul-ogniskowa.jpg,,,54,1990.0,blok,,,,,,,,,,
Łódź Górna,ul. gen. Jarosława Dąbrowskiego,3.0,48.0,395000.0,8188.0,Bez pośredników,ponad miesiąc temu,20.0,https://adresowo.pl/o/mieszkanie-lodz-gorna-ul-gen-jaroslawa-dabrowskiego-3-pokojowe-c1j8w0,https://s2.adresowa.pl/oi/32/23/37efd8_efdc_cover-3-pokojowe-mieszkanie-lodz-gorna-ul-gen-jaroslawa-dabrowskiego.jpg,,,6,1964.0,blok,,,,,,,,,51.736,19.499001
Łódź Śródmieście,ul. Prezydenta Gabriela Narutowicza,5.0,177.0,1500000.0,8475.0,Bez pośredników,ponad miesiąc temu,19.0,https://adresowo.pl/o/mieszkanie-lodz-srodmiescie-ul-prezydenta-gabriela-narutowicza-5-pokojowe-n1r3a3,https://s2.adresowa.pl/oi/3f/3e/37ef48_2d4d_cover-5-pokojowe-mieszkanie-lodz-srodmiescie-ul-prezydenta-gabriela-narutowicza.jpg,,,3,1936.0,kamienica,,,,,,,,,51.772999,19.482
Łódź Górna,ul. Piasta,3.0,61.0,525000.0,8538.0,Bez pośredników,ponad miesiąc temu,18.0,https://adresowo.pl/o/mieszkanie-lodz-gorna-ul-piasta-3-pokojowe-x8f8o9,https://s2.adresowa.pl/oi/12/54/37e86c_382c_cover-3-pokojowe-mieszkanie-lodz-gorna-ul-piasta.jpg,,,1962,1962.0,blok,,,,,,,,,51.740002,19.444
Łódź Śródmieście,ul. Gdańska,1.0,36.0,350000.0,9804.0,Bez pośredników,ponad miesiąc temu,9.0,https://adresowo.pl/o/mieszkanie-lodz-srodmiescie-ul-gdanska-1-pokoj-e8m2z9,https://s2.adresowa.pl/oi/3c/1e/37e462_a0bf_cover-1-pokojowe-mieszkanie-lodz-srodmiescie-ul-gdanska.jpg,,,299,1915.0,,,,,,,,,,51.766998,19.450001
Łódź Górna,ul. Rabindranatha Tagore'a,4.0,71.0,569000.0,7964.0,Bez pośredników,ponad miesiąc temu,20.0,https://adresowo.pl/o/mieszkanie-lodz-gorna-ul-rabindranatha-tagore-a-4-pokojowe-a6u2r1,https://s2.adresowa.pl/oi/14/79/37e1ae_7110_cover-4-pokojowe-mieszkanie-lodz-gorna-ul-rabindranatha-tagore-a.jpg,,,3,1961.0,blok,,,,,,,,,,
Łódź Śródmieście,ul. Fabryczna,2.0,29.0,309000.0,10655.0,Bez pośredników,ponad miesiąc temu,17.0,https://adresowo.pl/o/mieszkanie-lodz-srodmiescie-ul-fabryczna-2-pokojowe-u4l5c2,https://s2.adresowa.pl/oi/49/24/37de34_b2ac_cover-2-pokojowe-mieszkanie-lodz-srodmiescie-ul-fabryczna.jpg,,,299,1915.0,kamienica,,,,,,,,,51.757,19.478001
Łódź Śródmieście,ul. Gdańska,3.0,69.0,350000.0,5072.0,Bez pośredników,ponad miesiąc temu,22.0,https://adresowo.pl/o/mieszkanie-lodz-srodmiescie-ul-gdanska-3-pokojowe-h6p7k6,https://s2.adresowa.pl/oi/1f/35/37d964_e3ae_cover-3-pokojowe-mieszkanie-lodz-srodmiescie-ul-gdanska.jpg,,,parter,1944.0,,,,,,,,,,51.775002,19.448
Łódź Śródmieście,ul. Gdańska,2.0,69.0,370000.0,5362.0,Bez pośredników,ponad miesiąc temu,22.0,https://adresowo.pl/o/mieszkanie-lodz-srodmiescie-ul-gdanska-2-pokojowe-f6b3f4,https://s2.adresowa.pl/oi/24/1f/37d962_d551_cover-2-pokojowe-mieszkanie-lodz-srodmiescie-ul-gdanska.jpg,,,parter,1959.0,,,,,,,,,,51.775002,19.448
Łódź Chojny,ul. Ogniskowa,3.0,61.0,520000.0,8525.0,Bez pośredników,ponad miesiąc temu,20.0,https://adresowo.pl/o/mieszkanie-lodz-chojny-ul-ogniskowa-3-pokojowe-l8a3y2,https://s2.adresowa.pl/oi/33/56/37d1c0_bd89_cover-3-pokojowe-mieszkanie-lodz-chojny-ul-ogniskowa.jpg,,,parter,,blok,,,,,,,,,51.72100067138672,19.496000289916992
Łódź Widzew,ul. Beli Bartoka,2.0,45.0,325000.0,7303.0,Bez pośredników,ponad miesiąc temu,11.0,https://adresowo.pl/o/mieszkanie-lodz-widzew-ul-beli-bartoka-2-pokojowe-c9r5a1,https://s2.adresowa.pl/oi/2d/15/37d17e_2c93_cover-2-pokojowe-mieszkanie-lodz-widzew-ul-beli-bartoka.jpg,,,1,,blok,,,,,,,,,51.762001037597656,19.527999877929688
Łódź Śródmieście,ul. Tkacka,2.0,62.0,489000.0,7887.0,Bez pośredników,ponad miesiąc temu,7.0,https://adresowo.pl/o/mieszkanie-lodz-srodmiescie-ul-tkacka-2-pokojowe-e3p5x4,https://s2.adresowa.pl/oi/73/76/37d144_fbec_cover-2-pokojowe-mieszkanie-lodz-srodmiescie-ul-tkacka.jpg,,,parter,1938.0,kamienica,,,,,,,,,51.771,19.483999
Łódź Śródmieście,ul. Piotrkowska,4.0,126.0,850000.0,6746.0,Bez pośredników,ponad miesiąc temu,7.0,https://adresowo.pl/o/mieszkanie-lodz-srodmiescie-ul-piotrkowska-4-pokojowe-u7u2i6,https://s2.adresowa.pl/oi/34/38/37ccc4_6e77_cover-4-pokojowe-mieszkanie-lodz-srodmiescie-ul-piotrkowska.jpg,,,850,1904.0,kamienica,,,,,,,,,51.76100158691406,19.45800018310547
Łódź Widzew,ul. Abrama Koplowicza,2.0,50.0,510000.0,10180.0,Bez pośredników,ponad miesiąc temu,21.0,https://adresowo.pl/o/mieszkanie-lodz-widzew-ul-abrama-koplowicza-2-pokojowe-n1o3f9,https://s2.adresowa.pl/oi/5a/52/368268_bb37_cover-2-pokojowe-mieszkanie-lodz-widzew-ul-abrama-koplowicza.jpg,,,499,2005.0,blok,,,,,,,,,51.756001,19.525
Łódź Górna,ul. Piękna,3.0,71.0,615000.0,8723.0,Bez pośredników,ponad miesiąc temu,13.0,https://adresowo.pl/o/mieszkanie-lodz-gorna-ul-piekna-3-pokojowe-c3p4l2,https://s2.adresowa.pl/oi/12/61/37b97e_da14_cover-3-pokojowe-mieszkanie-lodz-gorna-ul-piekna.jpg,,,parter,1980.0,blok,,,,,,,,,51.73799896240234,19.450000762939453
Łódź Polesie,ul. Marcina Kasprzaka,2.0,38.0,437000.0,11607.0,Bez pośredników,ponad miesiąc temu,7.0,https://adresowo.pl/o/mieszkanie-lodz-polesie-ul-marcina-kasprzaka-2-pokojowe-x5r9i8,https://s2.adresowa.pl/oi/76/19/37b956_5ae0_cover-2-pokojowe-mieszkanie-lodz-polesie-ul-marcina-kasprzaka.jpg,,,parter,2025.0,blok,,,,,,,,,51.77799987792969,19.427000045776367
Łódź Górna,ul. Józefa Chełmońskiego,2.0,43.0,369000.0,8581.0,Bez pośredników,ponad miesiąc temu,11.0,https://adresowo.pl/o/mieszkanie-lodz-gorna-ul-jozefa-chelmonskiego-2-pokojowe-s9z4l3,https://s2.adresowa.pl/oi/70/4a/37b320_8be0_cover-2-pokojowe-mieszkanie-lodz-gorna-ul-jozefa-chelmonskiego.jpg,,,6,1975.0,blok,,,,,,,,,,
Łódź Chojny,ul. Wdzięczna,3.0,62.0,399000.0,6435.0,Bez pośredników,ponad miesiąc temu,15.0,https://adresowo.pl/o/mieszkanie-lodz-chojny-ul-wdzieczna-3-pokojowe-w9i3y8,https://s2.adresowa.pl/oi/19/5d/37a122_4a98_cover-3-pokojowe-mieszkanie-lodz-chojny-ul-wdzieczna.jpg,,,4,1985.0,blok,,,,,,,,,,
Łódź Śródmieście,ul. Henryka Sienkiewicza,3.0,80.0,720000.0,9000.0,Bez pośredników,ponad miesiąc temu,6.0,https://adresowo.pl/o/mieszkanie-lodz-srodmiescie-ul-henryka-sienkiewicza-3-pokojowe-z6j7e4,https://s2.adresowa.pl/oi/72/55/378804_9cfc_cover-3-pokojowe-mieszkanie-lodz-srodmiescie-ul-henryka-sienkiewicza.jpg,,,parter,,blok,,,,,,,,,,
Łódź Stoki,ul. Hyrna,2.0,47.0,402050.0,8500.0,Bez pośredników,ponad miesiąc temu,17.0,https://adresowo.pl/o/mieszkanie-lodz-stoki-ul-hyrna-2-pokojowe-d3y4b2,https://s2.adresowa.pl/oi/28/32/3781a4_508c_cover-2-pokojowe-mieszkanie-lodz-stoki-ul-hyrna.jpg,,,parter,2020.0,blok,,,,,,,,,51.777000427246094,19.54599952697754
Łódź Widzew,ul. Andrzeja Sacharowa,2.0,46.0,449000.0,9761.0,Bez pośredników,ponad miesiąc temu,19.0,https://adresowo.pl/o/mieszkanie-lodz-widzew-ul-andrzeja-sacharowa-2-pokojowe-f5p1m7,https://s2.adresowa.pl/oi/36/64/377ada_fbaa_cover-2-pokojowe-mieszkanie-lodz-widzew-ul-andrzeja-sacharowa.jpg,,,449,1978.0,blok,,,,,,,,,51.75699996948242,19.549999237060547
Łódź Żubardź,ul. Inowrocławska,2.0,38.0,330000.0,8758.0,Bez pośredników,ponad miesiąc temu,11.0,https://adresowo.pl/o/mieszkanie-lodz-zubardz-ul-inowroclawska-2-pokojowe-a1h7s4,https://s2.adresowa.pl/oi/4d/1a/37758e_e353_cover-2-pokojowe-mieszkanie-lodz-zubardz-ul-inowroclawska.jpg,,,2,1970.0,blok,,,,,,,,,51.785,19.416
Łódź Radogoszcz,ul. Gustawa Herlinga-Grudzińskiego,3.0,64.0,465000.0,7266.0,Bez pośredników,ponad miesiąc temu,2.0,https://adresowo.pl/o/mieszkanie-lodz-radogoszcz-ul-gustawa-herlinga-grudzinskiego-3-pokojowe-e3e1p0,https://s2.adresowa.pl/oi/28/2f/3772cc_f879_cover-3-pokojowe-mieszkanie-lodz-radogoszcz-ul-gustawa-herlinga-grudzinskiego.jpg,,,parter,,blok,,,,,,,,,51.818001,19.438999
Łódź Śródmieście,ul. Henryka Sienkiewicza,5.0,112.0,859000.0,7687.0,Bez pośredników,ponad miesiąc temu,3.0,https://adresowo.pl/o/mieszkanie-lodz-srodmiescie-ul-henryka-sienkiewicza-5-pokojowe-f7w2h3,https://s2.adresowa.pl/oi/37/77/376ea6_732b_cover-5-pokojowe-mieszkanie-lodz-srodmiescie-ul-henryka-sienkiewicza.jpg,,,1930,1930.0,blok,,,,,,,,,,
Łódź Bałuty,ul. Mokra,3.0,68.0,695000.0,10203.0,Bez pośredników,ponad miesiąc temu,15.0,https://adresowo.pl/o/mieszkanie-lodz-baluty-ul-mokra-3-pokojowe-t8k7r6,https://s2.adresowa.pl/oi/10/24/376b5c_c894_cover-3-pokojowe-mieszkanie-lodz-baluty-ul-mokra.jpg,,,parter,2010.0,blok,,,,,,,,,,
Łódź Śródmieście,ul. Piotrkowska,3.0,92.0,790000.0,8587.0,Bez pośredników,ponad miesiąc temu,13.0,https://adresowo.pl/o/mieszkanie-lodz-srodmiescie-ul-piotrkowska-3-pokojowe-n0x0v7,https://s2.adresowa.pl/oi/5d/2f/376a98_7ae5_cover-3-pokojowe-mieszkanie-lodz-srodmiescie-ul-piotrkowska.jpg,,,790,2026.0,blok,,,,,,,,,51.76100158691406,19.45800018310547
Łódź Widzew,ul. Zbiorcza,2.0,38.0,320000.0,8421.0,Bez pośredników,ponad miesiąc temu,8.0,https://adresowo.pl/o/mieszkanie-lodz-widzew-ul-zbiorcza-2-pokojowe-c8o4l6,https://s2.adresowa.pl/oi/4d/11/376980_3833_cover-2-pokojowe-mieszkanie-lodz-widzew-ul-zbiorcza.jpg,,,parter,1970.0,blok,,,,,,,,,,
Łódź Bałuty,al. Harcerzy-Zatorowców,2.0,38.0,270000.0,7166.0,Bez pośredników,ponad miesiąc temu,6.0,https://adresowo.pl/o/mieszkanie-lodz-baluty-al-harcerzy-zatorowcow-2-pokojowe-v6o9b9,https://s2.adresowa.pl/oi/64/22/374fc6_3bdb_cover-2-pokojowe-mieszkanie-lodz-baluty-al-harcerzy-zatorowcow.jpg,,,3,1970.0,blok,,,,,,,,,,
Łódź Śródmieście,ul. 10 Lutego,2.0,47.0,360000.0,7719.0,Bez pośredników,ponad miesiąc temu,6.0,https://adresowo.pl/o/mieszkanie-lodz-srodmiescie-ul-10-lutego-2-pokojowe-y3i5v9,https://s2.adresowa.pl/oi/35/53/374e1c_5eaf_cover-2-pokojowe-mieszkanie-lodz-srodmiescie-ul-10-lutego.jpg,,,1955,1955.0,blok,,,,,,,,,51.754002,19.462
Łódź Koziny,ul. Jana Długosza,2.0,45.0,319500.0,7100.0,Bez pośredników,ponad miesiąc temu,2.0,https://adresowo.pl/o/mieszkanie-lodz-koziny-ul-jana-dlugosza-2-pokojowe-i6c3k0,https://s2.adresowa.pl/oi/66/1d/374c48_5bd5_cover-2-pokojowe-mieszkanie-lodz-koziny-ul-jana-dlugosza.jpg,,,1,1969.0,blok,,,,,,,,,,
Łódź Górna,ul. Zaolziańska,3.0,45.0,390000.0,8667.0,Bez pośredników,ponad miesiąc temu,13.0,https://adresowo.pl/o/mieszkanie-lodz-gorna-ul-zaolzianska-3-pokojowe-b0b5n4,https://s2.adresowa.pl/oi/34/21/373f28_d6b5_cover-3-pokojowe-mieszkanie-lodz-gorna-ul-zaolzianska.jpg,,,6,,blok,,,,,,,,,,
Łódź Widzew,ul. Zbiorcza,2.0,45.0,425000.0,9459.0,Bez pośredników,ponad miesiąc temu,14.0,https://adresowo.pl/o/mieszkanie-lodz-widzew-ul-zbiorcza-2-pokojowe-l7u0z4,https://s2.adresowa.pl/oi/2f/1e/3738c8_9f80_cover-2-pokojowe-mieszkanie-lodz-widzew-ul-zbiorcza.jpg,,,parter,1960.0,blok,,,,,,,,,51.759998,19.492001
Łódź Górna,ul. Krakusa,2.0,51.0,529000.0,10373.0,Bez pośredników,ponad miesiąc temu,10.0,https://adresowo.pl/o/mieszkanie-lodz-gorna-ul-krakusa-2-pokojowe-e7z3m5,https://s2.adresowa.pl/oi/28/58/37384a_2878_cover-2-pokojowe-mieszkanie-lodz-gorna-ul-krakusa.jpg,,,2008,2008.0,blok,,,,,,,,,,
Łódź Górna,ul. Zabrzeźna,2.0,37.0,384115.0,10284.0,Bez pośredników,ponad miesiąc temu,11.0,https://adresowo.pl/o/mieszkanie-lodz-gorna-ul-zabrzezna-2-pokojowe-i5o2p8,https://s2.adresowa.pl/oi/33/49/373736_aa60_cover-2-pokojowe-mieszkanie-lodz-gorna-ul-zabrzezna.jpg,,,6,2025.0,blok,,,,,,,,,51.72100067138672,19.42200088500977
Łódź Bałuty,ul. Kalinowa,3.0,74.0,570000.0,7703.0,Bez pośredników,ponad miesiąc temu,8.0,https://adresowo.pl/o/mieszkanie-lodz-baluty-ul-kalinowa-3-pokojowe-v1i9m4,https://s2.adresowa.pl/oi/69/32/372f88_2f7f_cover-3-pokojowe-mieszkanie-lodz-baluty-ul-kalinowa.jpg,,,parter,2005.0,blok,,,,,,,,,51.79999923706055,19.43400001525879
Łódź Śródmieście,ul. Pomorska,3.0,49.0,514000.0,10490.0,Bez pośredników,ponad miesiąc temu,8.0,https://adresowo.pl/o/mieszkanie-lodz-srodmiescie-ul-pomorska-3-pokojowe-e4o8e2,https://s2.adresowa.pl/oi/3b/48/37299e_8407_cover-3-pokojowe-mieszkanie-lodz-srodmiescie-ul-pomorska.jpg,,,514,2025.0,blok,,,,,,,,,51.775002,19.521
Łódź Bałuty,ul. ks. Stanisława Brzóski,3.0,63.0,530000.0,8413.0,Bez pośredników,ponad miesiąc temu,10.0,https://adresowo.pl/o/mieszkanie-lodz-baluty-ul-ks-stanislawa-brzoski-3-pokojowe-g9h2s4,https://s2.adresowa.pl/oi/22/1f/3725fa_3ad4_cover-3-pokojowe-mieszkanie-lodz-baluty-ul-ks-stanislawa-brzoski.jpg,,,3,1977.0,blok,,,,,,,,,51.799,19.441
Łódź Polesie,al. 1 Maja,2.0,45.0,474000.0,10501.0,Bez pośredników,ponad miesiąc temu,14.0,https://adresowo.pl/o/mieszkanie-lodz-polesie-al-1-maja-2-pokojowe-s4g1g2,https://s2.adresowa.pl/oi/57/30/371ddc_e50e_cover-2-pokojowe-mieszkanie-lodz-polesie-al-1-maja.jpg,,,parter,1975.0,kamienica,,,,,,,,,,
Łódź Bałuty,ul. Marysińska,2.0,47.0,389000.0,8277.0,Bez pośredników,ponad miesiąc temu,7.0,https://adresowo.pl/o/mieszkanie-lodz-baluty-ul-marysinska-2-pokojowe-v8q7t2,https://s2.adresowa.pl/oi/4e/60/371acc_a815_cover-2-pokojowe-mieszkanie-lodz-baluty-ul-marysinska.jpg,,,1,,blok,,,,,,,,,51.796001,19.466
Łódź Górna,ul. Wygodna,2.0,43.0,315000.0,7293.0,Bez pośredników,ponad miesiąc temu,8.0,https://adresowo.pl/o/mieszkanie-lodz-gorna-ul-wygodna-2-pokojowe-r3q2p5,https://s2.adresowa.pl/oi/31/7d/3713e6_9fc2_cover-2-pokojowe-mieszkanie-lodz-gorna-ul-wygodna.jpg,,,1,,kamienica,,,,,,,,,,
Łódź Śródmieście,ul. Prezydenta Gabriela Narutowicza,1.0,33.0,340000.0,10297.0,Bez pośredników,ponad miesiąc temu,9.0,https://adresowo.pl/o/mieszkanie-lodz-srodmiescie-ul-prezydenta-gabriela-narutowicza-1-pokoj-p0f9k5,https://s2.adresowa.pl/oi/24/3a/370c64_4169_cover-1-pokojowe-mieszkanie-lodz-srodmiescie-ul-prezydenta-gabriela-narutowicza.jpg,,,3,,blok,,,,,,,,,,
Łódź Retkinia,ul. Józefa Babickiego,1.0,30.0,240000.0,8000.0,Bez pośredników,ponad miesiąc temu,8.0,https://adresowo.pl/o/mieszkanie-lodz-retkinia-ul-jozefa-babickiego-1-pokoj-u5u6s5,https://s2.adresowa.pl/oi/4b/4e/370b12_4f69_cover-1-pokojowe-mieszkanie-lodz-retkinia-ul-jozefa-babickiego.jpg,,,parter,,blok,,,,,,,,,51.750999,19.403
Łódź Teofilów,ul. Traktorowa,2.0,38.0,289000.0,7605.0,Bez pośredników,ponad miesiąc temu,8.0,https://adresowo.pl/o/mieszkanie-lodz-teofilow-ul-traktorowa-2-pokojowe-l0q4k0,https://s2.adresowa.pl/oi/39/4d/36faf4_c99c_cover-2-pokojowe-mieszkanie-lodz-teofilow-ul-traktorowa.jpg,,,parter,,blok,,,,,,,,,51.80199813842773,19.395000457763672
Łódź Retkinia,ul. Rajdowa,1.0,31.0,249000.0,8032.0,Bez pośredników,ponad miesiąc temu,7.0,https://adresowo.pl/o/mieszkanie-lodz-retkinia-ul-rajdowa-1-pokoj-r0s9k5,https://s2.adresowa.pl/oi/72/23/36f94a_fd18_cover-1-pokojowe-mieszkanie-lodz-retkinia-ul-rajdowa.jpg,,,parter,,blok,,,,,,,,,51.7509994506836,19.41399955749512
Łódź Stoki,ul. Powstańców Śląskich,1.0,18.0,175000.0,9722.0,Bez pośredników,ponad miesiąc temu,8.0,https://adresowo.pl/o/mieszkanie-lodz-stoki-ul-powstancow-slaskich-1-pokoj-c1h0z1,https://s2.adresowa.pl/oi/64/50/36f476_bef0_cover-1-pokojowe-mieszkanie-lodz-stoki-ul-powstancow-slaskich.jpg,,,parter,,,,,,,,,,,51.758999,19.455999
Łódź Augustów,ul. Augustów,3.0,58.0,580696.0,9930.0,Bez pośredników,ponad miesiąc temu,5.0,https://adresowo.pl/o/mieszkanie-lodz-augustow-ul-augustow-3-pokojowe-s2o9r8,https://s2.adresowa.pl/oi/79/73/36eef4_a4d7_cover-3-pokojowe-mieszkanie-lodz-augustow-ul-augustow.jpg,,,6,2025.0,blok,,,,,,,,,51.754531,19.552202
Łódź Chojny,ul. Gospodarcza,2.0,51.0,458000.0,8980.0,Bez pośredników,ponad miesiąc temu,15.0,https://adresowo.pl/o/mieszkanie-lodz-chojny-ul-gospodarcza-2-pokojowe-b0p1c3,https://s2.adresowa.pl/oi/3d/26/36eee0_d9fa_cover-2-pokojowe-mieszkanie-lodz-chojny-ul-gospodarcza.jpg,,,parter,1980.0,blok,,,,,,,,,,
Łódź Bałuty,al. Chryzantem,1.0,27.0,235000.0,8704.0,Bez pośredników,ponad miesiąc temu,14.0,https://adresowo.pl/o/mieszkanie-lodz-baluty-al-chryzantem-1-pokoj-f5z8l9,https://s2.adresowa.pl/oi/2f/23/36dac4_3467_cover-1-pokojowe-mieszkanie-lodz-baluty-al-chryzantem.jpg,,,parter,1975.0,blok,,,,,,,,,51.792,19.485001
Łódź Śródmieście,ul. Stefana Żeromskiego,4.0,80.0,365000.0,4563.0,Bez pośredników,ponad miesiąc temu,5.0,https://adresowo.pl/o/mieszkanie-lodz-srodmiescie-ul-stefana-zeromskiego-4-pokojowe-m6k7g1,https://s2.adresowa.pl/oi/62/46/36c524_f92e_cover-4-pokojowe-mieszkanie-lodz-srodmiescie-ul-stefana-zeromskiego.jpg,,,parter,,,,,,,,,,,51.764,19.447001
Łódź Janów,ul. Andrzeja Kmicica,3.0,62.0,499000.0,7992.0,Bez pośredników,ponad miesiąc temu,9.0,https://adresowo.pl/o/mieszkanie-lodz-janow-ul-andrzeja-kmicica-3-pokojowe-w9e3g9,https://s2.adresowa.pl/oi/67/27/36b66a_e26c_cover-3-pokojowe-mieszkanie-lodz-janow-ul-andrzeja-kmicica.jpg,,,1991,1991.0,blok,,,,,,,,,51.747002,19.566
Łódź Bałuty,ul. gen. Karola Kniaziewicza,3.0,46.0,349000.0,7670.0,Bez pośredników,ponad miesiąc temu,8.0,https://adresowo.pl/o/mieszkanie-lodz-baluty-ul-gen-karola-kniaziewicza-3-pokojowe-u6p8i7,https://s2.adresowa.pl/oi/1d/63/36b3a4_4901_cover-3-pokojowe-mieszkanie-lodz-baluty-ul-gen-karola-kniaziewicza.jpg,,,parter,1965.0,blok,,,,,,,,,51.799999,19.438
Łódź Górna,ul. Lokatorska,2.0,43.0,328000.0,7594.0,Bez pośredników,ponad miesiąc temu,14.0,https://adresowo.pl/o/mieszkanie-lodz-gorna-ul-lokatorska-2-pokojowe-y8d5q7,https://s2.adresowa.pl/oi/61/53/36aec8_9120_cover-2-pokojowe-mieszkanie-lodz-gorna-ul-lokatorska.jpg,,,328,1974.0,blok,,,,,,,,,51.73,19.469
Łódź Śródmieście,ul. Henryka Sienkiewicza,2.0,51.0,625000.0,12255.0,Bez pośredników,ponad miesiąc temu,52.0,https://adresowo.pl/o/mieszkanie-lodz-srodmiescie-ul-henryka-sienkiewicza-2-pokojowe-l0a2s2,https://s2.adresowa.pl/oi/74/17/36ac2e_9256_cover-2-pokojowe-mieszkanie-lodz-srodmiescie-ul-henryka-sienkiewicza.jpg,,,629,1980.0,blok,,,,,,,,,51.764,19.461
Łódź Janów,ul. Andrzeja Kmicica,4.0,74.0,799999.0,10811.0,Bez pośredników,ponad miesiąc temu,11.0,https://adresowo.pl/o/mieszkanie-lodz-janow-ul-andrzeja-kmicica-4-pokojowe-l6z7n6,https://s2.adresowa.pl/oi/31/3e/36a96a_d729_cover-4-pokojowe-mieszkanie-lodz-janow-ul-andrzeja-kmicica.jpg,,,parter,1995.0,blok,,,,,,,,,51.747002,19.566
Łódź Bałuty,ul. Julianowska,3.0,59.0,525000.0,8897.0,Bez pośredników,ponad miesiąc temu,22.0,https://adresowo.pl/o/mieszkanie-lodz-baluty-ul-julianowska-3-pokojowe-k6t9b8,https://s2.adresowa.pl/oi/3d/4f/36a4f0_4b55_cover-3-pokojowe-mieszkanie-lodz-baluty-ul-julianowska.jpg,,,3,1983.0,blok,,,,,,,,,51.797052,19.446308
Łódź Polesie,ul. Janusza Kusocińskiego,3.0,62.0,589000.0,9474.0,Bez pośredników,ponad miesiąc temu,11.0,https://adresowo.pl/o/mieszkanie-lodz-polesie-ul-janusza-kusocinskiego-3-pokojowe-a1h9g7,https://s2.adresowa.pl/oi/75/70/36a224_58c3_cover-3-pokojowe-mieszkanie-lodz-polesie-ul-janusza-kusocinskiego.jpg,,,5,2025.0,blok,,,,,,,,,,
Łódź Górna,ul. Graniczna,3.0,120.0,1150000.0,9583.0,Bez pośredników,ponad miesiąc temu,14.0,https://adresowo.pl/o/mieszkanie-lodz-gorna-ul-graniczna-3-pokojowe-w4y9u7,https://s2.adresowa.pl/oi/1d/2e/368fc2_f939_cover-3-pokojowe-mieszkanie-lodz-gorna-ul-graniczna.jpg,,,parter,1997.0,,,,,,,,,,,
Łódź Karolew,ul. Cypriana Kamila Norwida,3.0,55.0,425000.0,7775.0,Bez pośredników,ponad miesiąc temu,10.0,https://adresowo.pl/o/mieszkanie-lodz-karolew-ul-cypriana-kamila-norwida-3-pokojowe-i3c9q0,https://s2.adresowa.pl/oi/1e/33/36878c_c90f_cover-3-pokojowe-mieszkanie-lodz-karolew-ul-cypriana-kamila-norwida.jpg,,,parter,1977.0,blok,,,,,,,,,51.754002,19.427
Łódź Polesie,ul. Złotno,2.0,54.0,670000.0,12407.0,Bez pośredników,ponad miesiąc temu,14.0,https://adresowo.pl/o/mieszkanie-lodz-polesie-ul-zlotno-2-pokojowe-t9d3y6,https://s2.adresowa.pl/oi/21/4f/36735a_72e3_cover-2-pokojowe-mieszkanie-lodz-polesie-ul-zlotno.jpg,,,3,2022.0,blok,,,,,,,,,51.776001,19.370001
Łódź Widzew,ul. Widzewska,2.0,62.0,580000.0,9355.0,Bez pośredników,ponad miesiąc temu,1.0,https://adresowo.pl/o/mieszkanie-lodz-widzew-ul-widzewska-2-pokojowe-o6b6j4,https://s2.adresowa.pl/oi/69/62/366d2e_3c44_cover-2-pokojowe-mieszkanie-lodz-widzew-ul-widzewska.jpg,,,parter,2015.0,apartamentowiec,,,,,,,,,51.75600051879883,19.518999099731445
Łódź Śródmieście,ul. płk. dr. Stanisława Więckowskiego,1.0,27.0,350000.0,12963.0,Bez pośredników,ponad miesiąc temu,8.0,https://adresowo.pl/o/mieszkanie-lodz-srodmiescie-ul-plk-dr-stanislawa-wieckowskiego-1-pokoj-b9y3q1,https://s2.adresowa.pl/oi/46/61/366b64_aeb3_cover-1-pokojowe-mieszkanie-lodz-srodmiescie-ul-plk-dr-stanislawa-wieckowskiego.jpg,,,350,,blok,,,,,,,,,51.758999,19.455999
Łódź Bałuty,ul. Zmienna,2.0,50.0,382500.0,7650.0,Bez pośredników,ponad miesiąc temu,10.0,https://adresowo.pl/o/mieszkanie-lodz-baluty-ul-zmienna-2-pokojowe-i4c1n8,https://s2.adresowa.pl/oi/10/73/3632e2_9856_cover-2-pokojowe-mieszkanie-lodz-baluty-ul-zmienna.jpg,,,parter,1960.0,blok,,,,,,,,,51.794998,19.486
Łódź Widzew,ul. Mieczysławy Ćwiklińskiej,2.0,52.0,479000.0,9229.0,Bez pośredników,ponad miesiąc temu,26.0,https://adresowo.pl/o/mieszkanie-lodz-widzew-ul-mieczyslawy-cwiklinskiej-2-pokojowe-u9n6k7,https://s2.adresowa.pl/oi/7e/45/3655b2_8595_cover-2-pokojowe-mieszkanie-lodz-widzew-ul-mieczyslawy-cwiklinskiej.jpg,,,479,1970.0,blok,,,,,,,,,51.755001068115234,19.53499984741211
Łódź Górna,ul. Stefana Rogozińskiego,2.0,52.0,626040.0,12000.0,Bez pośredników,ponad miesiąc temu,9.0,https://adresowo.pl/o/mieszkanie-lodz-gorna-ul-stefana-rogozinskiego-2-pokojowe-r6j4a1,https://s2.adresowa.pl/oi/72/15/363132_283c_cover-2-pokojowe-mieszkanie-lodz-gorna-ul-stefana-rogozinskiego.jpg,,,parter,1960.0,blok,,,,,,,,,51.733001708984375,19.444000244140625
Łódź Śródmieście,ul. Boya-Żeleńskiego,1.0,23.0,229000.0,9957.0,Bez pośredników,ponad miesiąc temu,8.0,https://adresowo.pl/o/mieszkanie-lodz-srodmiescie-ul-boya-zelenskiego-1-pokoj-f2d2t9,https://s2.adresowa.pl/oi/6b/19/362932_ef17_cover-1-pokojowe-mieszkanie-lodz-srodmiescie-ul-boya-zelenskiego.jpg,,,parter,,kamienica,,,,,,,,,51.791,19.474001
Łódź Polesie,ul. Komandorska,2.0,43.0,415000.0,9609.0,Bez pośredników,ponad miesiąc temu,15.0,https://adresowo.pl/o/mieszkanie-lodz-polesie-ul-komandorska-2-pokojowe-a7y7a3,https://s2.adresowa.pl/oi/17/2a/35f8ce_bc23_cover-2-pokojowe-mieszkanie-lodz-polesie-ul-komandorska.jpg,,,parter,1973.0,blok,,,,,,,,,51.737,19.409
Łódź Bałuty,ul. Bolesława Limanowskiego,3.0,50.0,370000.0,7464.0,Bez pośredników,ponad miesiąc temu,8.0,https://adresowo.pl/o/mieszkanie-lodz-baluty-ul-boleslawa-limanowskiego-3-pokojowe-p1q0z9,https://s2.adresowa.pl/oi/48/6b/35bc82_c5c3_cover-3-pokojowe-mieszkanie-lodz-baluty-ul-boleslawa-limanowskiego.jpg,,,parter,1980.0,blok,,,,,,,,,51.758999,19.455999
Łódź Śródmieście,ul. Jana Kilińskiego,2.0,34.0,369000.0,10853.0,Bez pośredników,ponad miesiąc temu,8.0,https://adresowo.pl/o/mieszkanie-lodz-srodmiescie-ul-jana-kilinskiego-2-pokojowe-c8s4w4,https://s2.adresowa.pl/oi/1d/64/35b8ca_9c10_cover-2-pokojowe-mieszkanie-lodz-srodmiescie-ul-jana-kilinskiego.jpg,,,parter,,blok,,,,,,,,,51.7760009765625,19.46199989318848
Łódź Polesie,ul. Srebrzyńska,2.0,39.0,379000.0,9661.0,Bez pośredników,ponad miesiąc temu,17.0,https://adresowo.pl/o/mieszkanie-lodz-polesie-ul-srebrzynska-2-pokojowe-k4w4o9,https://s2.adresowa.pl/oi/75/55/35ab86_6879_cover-2-pokojowe-mieszkanie-lodz-polesie-ul-srebrzynska.jpg,,,9,2025.0,blok,,,,,,,,,,
Łódź Chojny,ul. Grażyny,2.0,52.0,550000.0,10577.0,Bez pośredników,ponad miesiąc temu,14.0,https://adresowo.pl/o/mieszkanie-lodz-chojny-ul-grazyny-2-pokojowe-s3d0b6,https://s2.adresowa.pl/oi/49/36/35a558_8001_cover-2-pokojowe-mieszkanie-lodz-chojny-ul-grazyny.jpg,,,parter,1998.0,blok,,,,,,,,,51.72200012207031,19.481000900268555
Łódź Bałuty,ul. Lniana,2.0,38.0,270000.0,7105.0,Bez pośredników,ponad miesiąc temu,8.0,https://adresowo.pl/o/mieszkanie-lodz-baluty-ul-lniana-2-pokojowe-o1s6r5,https://s2.adresowa.pl/oi/6d/14/358fb2_4f89_cover-2-pokojowe-mieszkanie-lodz-baluty-ul-lniana.jpg,,,4,1970.0,blok,,,,,,,,,51.797001,19.382
Łódź Polesie,ul. św. Jerzego,4.0,105.0,610000.0,5810.0,Bez pośredników,ponad miesiąc temu,20.0,https://adresowo.pl/o/mieszkanie-lodz-polesie-ul-sw-jerzego-4-pokojowe-f3p2m0,https://s2.adresowa.pl/oi/20/60/356140_917d_cover-4-pokojowe-mieszkanie-lodz-polesie-ul-sw-jerzego.jpg,,,6,1930.0,blok,,,,,,,,,51.77399826049805,19.43899917602539
Łódź Górna,ul. Pabianicka,2.0,50.0,450000.0,8970.0,Bez pośredników,ponad miesiąc temu,13.0,https://adresowo.pl/o/mieszkanie-lodz-gorna-ul-pabianicka-2-pokojowe-u8v2s2,https://s2.adresowa.pl/oi/5d/2e/355cfc_5363_cover-2-pokojowe-mieszkanie-lodz-gorna-ul-pabianicka.jpg,,,9,1985.0,blok,,,,,,,,,51.71799850463867,19.437000274658203
Łódź Widzew,ul. Juliana Tuwima,2.0,37.0,405000.0,11090.0,Bez pośredników,ponad miesiąc temu,6.0,https://adresowo.pl/o/mieszkanie-lodz-widzew-ul-juliana-tuwima-2-pokojowe-w7m0m0,https://s2.adresowa.pl/oi/52/63/355ad4_6923_cover-2-pokojowe-mieszkanie-lodz-widzew-ul-juliana-tuwima.jpg,,,parter,2025.0,blok,,,,,,,,,51.766998,19.478001
Łódź Śródmieście,ul. Zacisze,4.0,65.0,499000.0,7677.0,Bez pośredników,ponad miesiąc temu,7.0,https://adresowo.pl/o/mieszkanie-lodz-srodmiescie-ul-zacisze-4-pokojowe-v8k0j3,https://s2.adresowa.pl/oi/42/25/354f32_bc7b_cover-4-pokojowe-mieszkanie-lodz-srodmiescie-ul-zacisze.jpg,,,parter,2025.0,kamienica,,,,,,,,,51.777,19.476999
Łódź Śródmieście,ul. dr. Seweryna Sterlinga,5.0,91.0,649000.0,7132.0,Bez pośredników,ponad miesiąc temu,13.0,https://adresowo.pl/o/mieszkanie-lodz-srodmiescie-ul-dr-seweryna-sterlinga-5-pokojowe-i9j9i1,https://s2.adresowa.pl/oi/32/5f/354bf4_9216_cover-5-pokojowe-mieszkanie-lodz-srodmiescie-ul-dr-seweryna-sterlinga.jpg,,,parter,1920.0,,,,,,,,,,51.759292,19.455878
Łódź Polesie,ul. Radwańska,2.0,43.0,349000.0,8177.0,Bez pośredników,ponad miesiąc temu,3.0,https://adresowo.pl/o/mieszkanie-lodz-polesie-ul-radwanska-2-pokojowe-p3q5x2,https://s2.adresowa.pl/oi/41/61/352c5a_3eb6_cover-2-pokojowe-mieszkanie-lodz-polesie-ul-radwanska.jpg,,,2,1930.0,kamienica,,,,,,,,,51.750999,19.445
Łódź Polesie,ul. Wapienna,1.0,37.0,290000.0,7863.0,Bez pośredników,ponad miesiąc temu,7.0,https://adresowo.pl/o/mieszkanie-lodz-polesie-ul-wapienna-1-pokoj-d5y1m0,https://s2.adresowa.pl/oi/24/22/3528e2_6298_cover-1-pokojowe-mieszkanie-lodz-polesie-ul-wapienna.jpg,,,4,,blok,,,,,,,,,51.777000427246094,19.42300033569336
Łódź Śródmieście,ul. Stefana Jaracza,3.0,48.0,420000.0,8750.0,Bez pośredników,ponad miesiąc temu,16.0,https://adresowo.pl/o/mieszkanie-lodz-srodmiescie-ul-stefana-jaracza-3-pokojowe-t5v8x0,https://s2.adresowa.pl/oi/1d/22/3519c8_461f_cover-3-pokojowe-mieszkanie-lodz-srodmiescie-ul-stefana-jaracza.jpg,,,1,1972.0,blok,,,,,,,,,51.77399826049805,19.472999572753903
Łódź Widzew,ul. Gołębia,2.0,37.0,340000.0,9189.0,Bez pośredników,ponad miesiąc temu,9.0,https://adresowo.pl/o/mieszkanie-lodz-widzew-ul-golebia-2-pokojowe-p5l4g9,https://s2.adresowa.pl/oi/6b/42/350fe8_e3ba_cover-2-pokojowe-mieszkanie-lodz-widzew-ul-golebia.jpg,,,1,1970.0,blok,,,,,,,,,51.75699996948242,19.488000869750977
Łódź Widzew,ul. Andrzeja Sacharowa,2.0,46.0,360000.0,7821.0,Bez pośredników,ponad miesiąc temu,8.0,https://adresowo.pl/o/mieszkanie-lodz-widzew-ul-andrzeja-sacharowa-2-pokojowe-q8t1d2,https://s2.adresowa.pl/oi/6c/13/34e310_b0f0_cover-2-pokojowe-mieszkanie-lodz-widzew-ul-andrzeja-sacharowa.jpg,,,1,1975.0,blok,,,,,,,,,51.755001,19.549999
Łódź Górna,ul. Waleriana Łukasińskiego,3.0,97.0,1350000.0,13880.0,Bez pośredników,ponad miesiąc temu,20.0,https://adresowo.pl/o/mieszkanie-lodz-gorna-ul-waleriana-lukasinskiego-3-pokojowe-r6l7o1,https://s2.adresowa.pl/oi/45/57/34db2a_a847_cover-3-pokojowe-mieszkanie-lodz-gorna-ul-waleriana-lukasinskiego.jpg,,,1,2012.0,kamienica,,,,,,,,,51.73600006103516,19.472000122070312
Łódź Bałuty,ul. Łagiewnicka,2.0,53.0,410000.0,7808.0,Bez pośredników,ponad miesiąc temu,18.0,https://adresowo.pl/o/mieszkanie-lodz-baluty-ul-lagiewnicka-2-pokojowe-y0u8h5,https://s2.adresowa.pl/oi/17/7c/34a344_92ba_cover-2-pokojowe-mieszkanie-lodz-baluty-ul-lagiewnicka.jpg,,,parter,1958.0,blok,,,,,,,,,51.758999,19.455999
Łódź Śródmieście,ul. płk. dr. Stanisława Więckowskiego,1.0,43.0,257500.0,5988.0,Bez pośredników,ponad miesiąc temu,15.0,https://adresowo.pl/o/mieszkanie-lodz-srodmiescie-ul-plk-dr-stanislawa-wieckowskiego-1-pokoj-h8u4p4,https://s2.adresowa.pl/oi/33/6c/34c0e8_6ac7_cover-1-pokojowe-mieszkanie-lodz-srodmiescie-ul-plk-dr-stanislawa-wieckowskiego.jpg,,,parter,,,,,,,,,,,51.77199935913086,19.44499969482422
Łódź Widzew,ul. Sarnia,4.0,121.0,1270000.0,10496.0,Bez pośredników,ponad miesiąc temu,8.0,https://adresowo.pl/o/mieszkanie-lodz-widzew-ul-sarnia-4-pokojowe-i0b5s9,https://s2.adresowa.pl/oi/66/78/34ad54_5cc1_cover-4-pokojowe-mieszkanie-lodz-widzew-ul-sarnia.jpg,,,parter,1999.0,kamienica,,,,,,,,,51.76100158691406,19.493000030517575
Łódź Śródmieście,ul. Piotrkowska,2.0,47.0,365000.0,7766.0,Bez pośredników,ponad miesiąc temu,8.0,https://adresowo.pl/o/mieszkanie-lodz-srodmiescie-ul-piotrkowska-2-pokojowe-l8s8n9,https://s2.adresowa.pl/oi/4e/28/34acbc_8ee0_cover-2-pokojowe-mieszkanie-lodz-srodmiescie-ul-piotrkowska.jpg,,,365,,blok,,,,,,,,,51.757,19.459999
Łódź Widzew,ul. Fabryczna,2.0,63.0,550000.0,8730.0,Bez pośredników,ponad miesiąc temu,14.0,https://adresowo.pl/o/mieszkanie-lodz-widzew-ul-fabryczna-2-pokojowe-l1t3j9,https://s2.adresowa.pl/oi/7a/40/34a998_dd81_cover-2-pokojowe-mieszkanie-lodz-widzew-ul-fabryczna.jpg,,,parter,1920.0,blok,,,,,,,,,51.75899887084961,19.48600006103516
Łódź Chojny,ul. Emilii Sczanieckiej,4.0,96.0,710000.0,7387.0,Bez pośredników,ponad miesiąc temu,11.0,https://adresowo.pl/o/mieszkanie-lodz-chojny-ul-emilii-sczanieckiej-4-pokojowe-x4z6p8,https://s2.adresowa.pl/oi/72/63/344ecc_3db6_cover-4-pokojowe-mieszkanie-lodz-chojny-ul-emilii-sczanieckiej.jpg,,,parter,1994.0,blok,,,,,,,,,51.703999,19.476999
Łódź Śródmieście,ul. Juliana Tuwima,2.0,46.0,431985.0,9300.0,Bez pośredników,ponad miesiąc temu,3.0,https://adresowo.pl/o/mieszkanie-lodz-srodmiescie-ul-juliana-tuwima-2-pokojowe-v2i7j6,https://s2.adresowa.pl/oi/13/76/343464_89b3_cover-2-pokojowe-mieszkanie-lodz-srodmiescie-ul-juliana-tuwima.jpg,,,3,2025.0,blok,,,,,,,,,51.766998,19.478001
Łódź Andrzejów,ul. Macieja Rataja,4.0,82.0,990000.0,12073.0,Bez pośredników,ponad miesiąc temu,20.0,https://adresowo.pl/o/mieszkanie-lodz-andrzejow-ul-macieja-rataja-4-pokojowe-q9k2u1,https://s2.adresowa.pl/oi/1c/34/342f02_a91e_cover-4-pokojowe-mieszkanie-lodz-andrzejow-ul-macieja-rataja.jpg,,,parter,2020.0,kamienica,,,,,,,,,51.751999,19.618999
Łódź Widzew,ul. Juliana Tuwima,1.0,37.0,350000.0,9465.0,Bez pośredników,ponad miesiąc temu,8.0,https://adresowo.pl/o/mieszkanie-lodz-widzew-ul-juliana-tuwima-1-pokoj-e8m2x3,https://s2.adresowa.pl/oi/62/7a/341c6e_4502_cover-1-pokojowe-mieszkanie-lodz-widzew-ul-juliana-tuwima.jpg,,,parter,2024.0,blok,,,,,,,,,,
Łódź Bałuty,ul. Tomasza Judyma,2.0,45.0,350000.0,7778.0,Bez pośredników,ponad miesiąc temu,7.0,https://adresowo.pl/o/mieszkanie-lodz-baluty-ul-tomasza-judyma-2-pokojowe-e9z7u9,https://s2.adresowa.pl/oi/29/5c/340580_6362_cover-2-pokojowe-mieszkanie-lodz-baluty-ul-tomasza-judyma.jpg,,,parter,1978.0,blok,,,,,,,,,,
Łódź Żubardź,ul. Lutomierska,2.0,42.0,360000.0,8571.0,Bez pośredników,ponad miesiąc temu,9.0,https://adresowo.pl/o/mieszkanie-lodz-zubardz-ul-lutomierska-2-pokojowe-y2f5x8,https://s2.adresowa.pl/oi/1f/28/33f642_963d_cover-2-pokojowe-mieszkanie-lodz-zubardz-ul-lutomierska.jpg,,,360,1980.0,blok,,,,,,,,,51.790000915527344,19.42300033569336
Łódź Bałuty,ul. Żabia,2.0,40.0,369000.0,9225.0,Bez pośredników,ponad miesiąc temu,8.0,https://adresowo.pl/o/mieszkanie-lodz-baluty-ul-zabia-2-pokojowe-e4p4j6,https://s2.adresowa.pl/oi/51/73/33ef24_8660_cover-2-pokojowe-mieszkanie-lodz-baluty-ul-zabia.jpg,,,1,,blok,,,,,,,,,51.793999,19.452999
Łódź Dąbrowa,ul. Juliusza Kossaka,3.0,47.0,309000.0,6574.0,Bez pośredników,ponad miesiąc temu,1.0,https://adresowo.pl/o/mieszkanie-lodz-dabrowa-ul-juliusza-kossaka-3-pokojowe-c4o7r3,https://s2.adresowa.pl/oi/3b/29/33ebca_ac54_cover-3-pokojowe-mieszkanie-lodz-dabrowa-ul-juliusza-kossaka.jpg,,,parter,1968.0,blok,,,,,,,,,,
Łódź Bałuty,al. Chryzantem,2.0,60.0,385000.0,6417.0,Bez pośredników,ponad miesiąc temu,8.0,https://adresowo.pl/o/mieszkanie-lodz-baluty-al-chryzantem-2-pokojowe-s3m8t4,https://s2.adresowa.pl/oi/73/65/32f59a_c521_cover-2-pokojowe-mieszkanie-lodz-baluty-al-chryzantem.jpg,,,parter,1959.0,blok,,,,,,,,,,
Łódź,ul. Piotrkowska,4.0,80.0,700000.0,8750.0,Bez pośredników,ponad miesiąc temu,6.0,https://adresowo.pl/o/mieszkanie-lodz-ul-piotrkowska-4-pokojowe-m8o4o3,https://s2.adresowa.pl/oi/74/48/33c09e_3a41_cover-4-pokojowe-mieszkanie-lodz-ul-piotrkowska.jpg,,,parter,1980.0,blok,,,,,,,,,51.76100158691406,19.45800018310547
Łódź Górna,ul. Płocka,3.0,55.0,200000.0,3636.0,Bez pośredników,ponad miesiąc temu,3.0,https://adresowo.pl/o/mieszkanie-lodz-gorna-ul-plocka-3-pokojowe-a8a0b3,https://s2.adresowa.pl/oi/6e/48/3376da_37d3_cover-3-pokojowe-mieszkanie-lodz-gorna-ul-plocka.jpg,,,6,1930.0,kamienica,,,,,,,,,51.742001,19.479
Łódź Polesie,ul. Zielona,3.0,75.0,380000.0,5080.0,Bez pośredników,ponad miesiąc temu,8.0,https://adresowo.pl/o/mieszkanie-lodz-polesie-ul-zielona-3-pokojowe-u6s8a2,https://s2.adresowa.pl/oi/75/43/33737a_aef5_cover-3-pokojowe-mieszkanie-lodz-polesie-ul-zielona.jpg,,,parter,1970.0,kamienica,,,,,,,,,51.769001,19.441
Łódź Widzew,"ul. mjr. Jana Piwnika ""Ponurego""",7.0,180.0,1295000.0,7194.0,Bez pośredników,ponad miesiąc temu,21.0,https://adresowo.pl/o/mieszkanie-lodz-widzew-ul-mjr-jana-piwnika-ponurego-7-pokojowe-o5t2f9,https://s2.adresowa.pl/oi/61/66/336918_65cc_cover-7-pokojowe-mieszkanie-lodz-widzew-ul-mjr-jana-piwnika-ponurego-.jpg,,,parter,2012.0,kamienica,,,,,,,,,51.74800109863281,19.51000022888184
Łódź Bałuty,ul. Urzędnicza,2.0,55.0,247500.0,4485.0,Bez pośredników,ponad miesiąc temu,3.0,https://adresowo.pl/o/mieszkanie-lodz-baluty-ul-urzednicza-2-pokojowe-l5c5a3,https://s2.adresowa.pl/oi/48/1d/33418e_6bd4_cover-2-pokojowe-mieszkanie-lodz-baluty-ul-urzednicza.jpg,,,parter,1940.0,kamienica,,,,,,,,,51.789001,19.444
Łódź Górna,ul. Władysława Broniewskiego,3.0,52.0,400000.0,7692.0,Bez pośredników,ponad miesiąc temu,8.0,https://adresowo.pl/o/mieszkanie-lodz-gorna-ul-wladyslawa-broniewskiego-3-pokojowe-s8l8y8,https://s2.adresowa.pl/oi/76/76/32e4be_7fc3_cover-3-pokojowe-mieszkanie-lodz-gorna-ul-wladyslawa-broniewskiego.jpg,,,parter,,blok,,,,,,,,,51.733002,19.489
Łódź Dąbrowa,ul. Juliusza Kossaka,3.0,48.0,348000.0,7250.0,Bez pośredników,ponad miesiąc temu,4.0,https://adresowo.pl/o/mieszkanie-lodz-dabrowa-ul-juliusza-kossaka-3-pokojowe-m0d1j5,https://s2.adresowa.pl/oi/32/7a/32b436_5848_cover-3-pokojowe-mieszkanie-lodz-dabrowa-ul-juliusza-kossaka.jpg,,,4,1974.0,blok,,,,,,,,,51.738998,19.500999
Łódź Widzew,ul. Oleńki Billewiczówny,2.0,54.0,560000.0,10370.0,Bez pośredników,ponad miesiąc temu,8.0,https://adresowo.pl/o/mieszkanie-lodz-widzew-ul-olenki-billewiczowny-2-pokojowe-c7j7v8,https://s2.adresowa.pl/oi/74/36/329be4_3c47_cover-2-pokojowe-mieszkanie-lodz-widzew-ul-olenki-billewiczowny.jpg,,,parter,,blok,,,,,,,,,51.75299835205078,19.56599998474121
Łódź Teofilów,ul. Wici,2.0,45.0,415000.0,9202.0,Bez pośredników,ponad miesiąc temu,11.0,https://adresowo.pl/o/mieszkanie-lodz-teofilow-ul-wici-2-pokojowe-e1j9k3,https://s2.adresowa.pl/oi/74/71/3277b8_4ec2_cover-2-pokojowe-mieszkanie-lodz-teofilow-ul-wici.jpg,,,parter,1962.0,blok,,,,,,,,,51.79999923706055,19.378999710083008
Łódź Bałuty,ul. Rojna,2.0,37.0,299000.0,8048.0,Bez pośredników,ponad miesiąc temu,12.0,https://adresowo.pl/o/mieszkanie-lodz-baluty-ul-rojna-2-pokojowe-p2s7u3,https://s2.adresowa.pl/oi/62/1c/32677c_a7c7_cover-2-pokojowe-mieszkanie-lodz-baluty-ul-rojna.jpg,,,4,,blok,,,,,,,,,51.794998,19.364
Łódź Polesie,ul. 6 Sierpnia,1.0,27.0,280000.0,10370.0,Bez pośredników,ponad miesiąc temu,7.0,https://adresowo.pl/o/mieszkanie-lodz-polesie-ul-6-sierpnia-1-pokoj-e7y1l0,https://s2.adresowa.pl/oi/66/62/3259e2_6b35_cover-1-pokojowe-mieszkanie-lodz-polesie-ul-6-sierpnia.jpg,,,4,,blok,,,,,,,,,51.768002,19.443001
Łódź Polesie,ul. Pomorska,3.0,74.0,379999.0,5135.0,Bez pośredników,ponad miesiąc temu,10.0,https://adresowo.pl/o/mieszkanie-lodz-polesie-ul-pomorska-3-pokojowe-b7f0h6,https://s2.adresowa.pl/oi/18/71/3216e8_f431_cover-3-pokojowe-mieszkanie-lodz-polesie-ul-pomorska.jpg,,,parter,,kamienica,,,,,,,,,51.775001525878906,19.520999908447266
Łódź Teofilów,ul. Rojna,2.0,45.0,299000.0,6644.0,Bez pośredników,ponad miesiąc temu,8.0,https://adresowo.pl/o/mieszkanie-lodz-teofilow-ul-rojna-2-pokojowe-w9m0u3,https://s2.adresowa.pl/oi/1d/23/31f7bc_3d69_cover-2-pokojowe-mieszkanie-lodz-teofilow-ul-rojna.jpg,,,parter,,blok,,,,,,,,,,
Łódź Śródmieście,ul. Nowomiejska,1.0,40.0,265000.0,6546.0,Bez pośredników,ponad miesiąc temu,1.0,https://adresowo.pl/o/mieszkanie-lodz-srodmiescie-ul-nowomiejska-1-pokoj-r6c5e5,https://s2.adresowa.pl/oi/5b/7e/31da5c_2bf5_cover-1-pokojowe-mieszkanie-lodz-srodmiescie-ul-nowomiejska.jpg,,,1910,1910.0,kamienica,,,,,,,,,51.778999,19.454
Łódź Bałuty,ul. Łagiewnicka,3.0,65.0,530000.0,8154.0,Bez pośredników,ponad miesiąc temu,10.0,https://adresowo.pl/o/mieszkanie-lodz-baluty-ul-lagiewnicka-3-pokojowe-o2j7v9,https://s2.adresowa.pl/oi/1c/5e/31c2a8_587a_cover-3-pokojowe-mieszkanie-lodz-baluty-ul-lagiewnicka.jpg,,,parter,2000.0,blok,,,,,,,,,,
Łódź Śródmieście,ul. płk. dr. Stanisława Więckowskiego,2.0,63.0,480000.0,7619.0,Bez pośredników,ponad miesiąc temu,8.0,https://adresowo.pl/o/mieszkanie-lodz-srodmiescie-ul-plk-dr-stanislawa-wieckowskiego-2-pokojowe-v4j5m4,https://s2.adresowa.pl/oi/24/19/31af20_6540_cover-2-pokojowe-mieszkanie-lodz-srodmiescie-ul-plk-dr-stanislawa-wieckowskiego.jpg,,,parter,2025.0,kamienica,,,,,,,,,51.771999,19.445
Łódź Bałuty,ul. Świtezianki,4.0,95.0,779000.0,8200.0,Bez pośredników,ponad miesiąc temu,12.0,https://adresowo.pl/o/mieszkanie-lodz-baluty-ul-switezianki-4-pokojowe-r3f5y7,https://s2.adresowa.pl/oi/3e/4d/3195ec_9385_cover-4-pokojowe-mieszkanie-lodz-baluty-ul-switezianki.jpg,,,parter,2024.0,apartamentowiec,,,,,,,,,51.824001,19.437
Łódź Śródmieście,al. Tadeusza Kościuszki,2.0,54.0,478000.0,8852.0,Bez pośredników,ponad miesiąc temu,11.0,https://adresowo.pl/o/mieszkanie-lodz-srodmiescie-al-tadeusza-kosciuszki-2-pokojowe-k8i1q9,https://s2.adresowa.pl/oi/5e/50/318d22_8ae0_cover-2-pokojowe-mieszkanie-lodz-srodmiescie-al-tadeusza-kosciuszki.jpg,,,parter,1960.0,kamienica,,,,,,,,,51.761002,19.455999
Łódź Śródmieście,ul. Edwarda Abramowskiego,1.0,16.0,155000.0,9688.0,Bez pośredników,ponad miesiąc temu,4.0,https://adresowo.pl/o/mieszkanie-lodz-srodmiescie-ul-edwarda-abramowskiego-1-pokoj-w0e4p3,https://s2.adresowa.pl/oi/51/67/3167b6_8dad_cover-1-pokojowe-mieszkanie-lodz-srodmiescie-ul-edwarda-abramowskiego.jpg,,,parter,,,,,,,,,,,51.755001,19.469999
Łódź Śródmieście,ul. Andrzeja Struga,5.0,141.0,1190000.0,8422.0,Bez pośredników,ponad miesiąc temu,20.0,https://adresowo.pl/o/mieszkanie-lodz-srodmiescie-ul-andrzeja-struga-5-pokojowe-k0n4l5,https://s2.adresowa.pl/oi/47/4b/30ebe6_ff3e_cover-5-pokojowe-mieszkanie-lodz-srodmiescie-ul-andrzeja-struga.jpg,,,1,1997.0,kamienica,,,,,,,,,51.76499938964844,19.447999954223636
Łódź Bałuty,"ul. Org. ""Wolność i Niezawisłość""",3.0,80.0,834000.0,10371.0,Bez pośredników,ponad miesiąc temu,20.0,https://adresowo.pl/o/mieszkanie-lodz-baluty-ul-org-wolnosc-i-niezawislosc-3-pokojowe-n3y3y6,https://s2.adresowa.pl/oi/50/6e/30afd4_6d29_cover-3-pokojowe-mieszkanie-lodz-baluty-ul-org-wolnosc-i-niezawislosc-.jpg,,,parter,2010.0,apartamentowiec,,,,,,,,,51.758999,19.455999
Łódź Polesie,ul. Walerego Wróblewskiego,1.0,35.0,295000.0,8397.0,Bez pośredników,ponad miesiąc temu,7.0,https://adresowo.pl/o/mieszkanie-lodz-polesie-ul-walerego-wroblewskiego-1-pokoj-g6y3s8,https://s2.adresowa.pl/oi/56/10/307d2c_d048_cover-1-pokojowe-mieszkanie-lodz-polesie-ul-walerego-wroblewskiego.jpg,,,295,1962.0,blok,,,,,,,,,51.758999,19.455999
Łódź Śródmieście,ul. Piotrkowska,3.0,75.0,996000.0,13282.0,Bez pośredników,ponad miesiąc temu,19.0,https://adresowo.pl/o/mieszkanie-lodz-srodmiescie-ul-piotrkowska-3-pokojowe-i8j2w9,https://s2.adresowa.pl/oi/26/45/301954_ef36_cover-3-pokojowe-mieszkanie-lodz-srodmiescie-ul-piotrkowska.jpg,,,1895,2013.0,kamienica,,,,,,,,,51.76100158691406,19.45800018310547
Łódź Widzew,ul. Kresowa,2.0,48.0,560000.0,11630.0,Bez pośredników,ponad miesiąc temu,19.0,https://adresowo.pl/o/mieszkanie-lodz-widzew-ul-kresowa-2-pokojowe-w3l2j7,https://s2.adresowa.pl/oi/17/5d/2ffbb8_ecd5_cover-2-pokojowe-mieszkanie-lodz-widzew-ul-kresowa.jpg,,,560,2015.0,blok,,,,,,,,,51.769001,19.514
Łódź Widzew,ul. Skalna,1.0,25.0,235000.0,9400.0,Bez pośredników,ponad miesiąc temu,17.0,https://adresowo.pl/o/mieszkanie-lodz-widzew-ul-skalna-1-pokoj-a7b5q5,https://s2.adresowa.pl/oi/67/25/2fa344_9674_cover-1-pokojowe-mieszkanie-lodz-widzew-ul-skalna.jpg,,,parter,1970.0,blok,,,,,,,,,51.775002,19.537001
Łódź Górna,ul. Podgórna,3.0,57.0,459000.0,8012.0,Bez pośredników,ponad miesiąc temu,20.0,https://adresowo.pl/o/mieszkanie-lodz-gorna-ul-podgorna-3-pokojowe-n1q6x1,https://s2.adresowa.pl/oi/1e/19/2f7972_c21e_cover-3-pokojowe-mieszkanie-lodz-gorna-ul-podgorna.jpg,,,6,1980.0,blok,,,,,,,,,51.737,19.487
Łódź,ul. Wałowa,3.0,70.0,760000.0,10934.0,Bez pośredników,ponad miesiąc temu,11.0,https://adresowo.pl/o/mieszkanie-lodz-ul-walowa-3-pokojowe-y3w0h0,https://s2.adresowa.pl/oi/75/29/2ee378_b39a_cover-3-pokojowe-mieszkanie-lodz-ul-walowa.jpg,,,parter,2022.0,kamienica,,,,,,,,,51.763,19.52
Łódź Dąbrowa,ul. Juliusza Kossaka,2.0,37.0,369000.0,9973.0,Bez pośredników,ponad miesiąc temu,12.0,https://adresowo.pl/o/mieszkanie-lodz-dabrowa-ul-juliusza-kossaka-2-pokojowe-l8z0v5,https://s2.adresowa.pl/oi/42/45/2eb160_411f_cover-2-pokojowe-mieszkanie-lodz-dabrowa-ul-juliusza-kossaka.jpg,,,4,1970.0,blok,,,,,,,,,,
Łódź Śródmieście,ul. płk. dr. Stanisława Więckowskiego,2.0,50.0,270000.0,5405.0,Bez pośredników,ponad miesiąc temu,8.0,https://adresowo.pl/o/mieszkanie-lodz-srodmiescie-ul-plk-dr-stanislawa-wieckowskiego-2-pokojowe-x1o8x0,https://s2.adresowa.pl/oi/42/74/2e1072_7023_cover-2-pokojowe-mieszkanie-lodz-srodmiescie-ul-plk-dr-stanislawa-wieckowskiego.jpg,,,270,1915.0,,,,,,,,,,51.77199935913086,19.44499969482422
Łódź Marysin,ul. Boya-Żeleńskiego,2.0,54.0,375000.0,6944.0,Bez pośredników,ponad miesiąc temu,11.0,https://adresowo.pl/o/mieszkanie-lodz-marysin-ul-boya-zelenskiego-2-pokojowe-z4u9h4,https://s2.adresowa.pl/oi/50/7d/2e0c58_49f6_cover-2-pokojowe-mieszkanie-lodz-marysin-ul-boya-zelenskiego.jpg,,,2,1957.0,blok,,,,,,,,,,
Łódź Górna,ul. Walerego Wróblewskiego,2.0,36.0,480000.0,13333.0,Bez pośredników,ponad miesiąc temu,7.0,https://adresowo.pl/o/mieszkanie-lodz-gorna-ul-walerego-wroblewskiego-2-pokojowe-c6z2r4,https://s2.adresowa.pl/oi/12/45/2d38b6_cb71_cover-2-pokojowe-mieszkanie-lodz-gorna-ul-walerego-wroblewskiego.jpg,,,9,2021.0,blok,,,,,,,,,51.74599838256836,19.437000274658203
Łódź Widzew,ul. Wacława,2.0,59.0,640000.0,10767.0,Bez pośredników,ponad miesiąc temu,8.0,https://adresowo.pl/o/mieszkanie-lodz-widzew-ul-waclawa-2-pokojowe-q7m3f7,https://s2.adresowa.pl/oi/3f/26/2d2a50_bb71_cover-2-pokojowe-mieszkanie-lodz-widzew-ul-waclawa.jpg,,,parter,2009.0,blok,,,,,,,,,51.75,19.496999740600582
Łódź Górna,ul. gen. Jarosława Dąbrowskiego,3.0,63.0,459000.0,7286.0,Bez pośredników,ponad miesiąc temu,8.0,https://adresowo.pl/o/mieszkanie-lodz-gorna-ul-gen-jaroslawa-dabrowskiego-3-pokojowe-u6z4i3,https://s2.adresowa.pl/oi/7d/55/2cabfe_a023_cover-3-pokojowe-mieszkanie-lodz-gorna-ul-gen-jaroslawa-dabrowskiego.jpg,,,6,1980.0,blok,,,,,,,,,51.73600006103516,19.50200080871582
Łódź Teofilów,ul. Traktorowa,3.0,49.0,420000.0,8571.0,Bez pośredników,ponad miesiąc temu,17.0,https://adresowo.pl/o/mieszkanie-lodz-teofilow-ul-traktorowa-3-pokojowe-n9b5g6,https://s2.adresowa.pl/oi/35/1c/2c0b40_58ae_cover-3-pokojowe-mieszkanie-lodz-teofilow-ul-traktorowa.jpg,,,parter,1980.0,blok,,,,,,,,,51.79632,19.393807
Łódź Śródmieście,ul. Piotrkowska,4.0,119.0,1999000.0,16798.0,Bez pośredników,ponad miesiąc temu,15.0,https://adresowo.pl/o/mieszkanie-lodz-srodmiescie-ul-piotrkowska-4-pokojowe-y8o9i7,https://s2.adresowa.pl/oi/5a/21/2a944a_e4b8_cover-4-pokojowe-mieszkanie-lodz-srodmiescie-ul-piotrkowska.jpg,,,1,1910.0,kamienica,,,,,,,,,51.76100158691406,19.45800018310547
Łódź Śródmieście,ul. Pomorska,3.0,99.0,680000.0,6869.0,Bez pośredników,ponad miesiąc temu,8.0,https://adresowo.pl/o/mieszkanie-lodz-srodmiescie-ul-pomorska-3-pokojowe-b1v7w4,https://s2.adresowa.pl/oi/25/74/2517b6_d745_cover-3-pokojowe-mieszkanie-lodz-srodmiescie-ul-pomorska.jpg,,,680,,kamienica,,,,,,,,,51.777,19.455999
Łódź Śródmieście,ul. Nawrot,3.0,85.0,700000.0,8235.0,Bez pośredników,ponad miesiąc temu,8.0,https://adresowo.pl/o/mieszkanie-lodz-srodmiescie-ul-nawrot-3-pokojowe-r2i4o9,https://s2.adresowa.pl/oi/1d/29/239224_454f_cover-3-pokojowe-mieszkanie-lodz-srodmiescie-ul-nawrot.jpg,,,parter,,kamienica,,,,,,,,,51.76300048828125,19.465999603271484
Łódź Polesie,ul. Marcina Kasprzaka,2.0,57.0,260000.0,4561.0,Bez pośredników,ponad miesiąc temu,5.0,https://adresowo.pl/o/mieszkanie-lodz-polesie-ul-marcina-kasprzaka-2-pokojowe-f2a2i4,https://s2.adresowa.pl/oi/7b/4f/21376c_d9d1_cover-2-pokojowe-mieszkanie-lodz-polesie-ul-marcina-kasprzaka.jpg,,,4,1953.0,blok,,,,,,,,,51.778,19.427
Łódź Polesie,al. 1 Maja,2.0,60.0,390000.0,6500.0,Bez pośredników,ponad miesiąc temu,20.0,https://adresowo.pl/o/mieszkanie-lodz-polesie-al-1-maja-2-pokojowe-d3m7y4,https://s2.adresowa.pl/oi/64/61/1f575a_9388_cover-2-pokojowe-mieszkanie-lodz-polesie-al-1-maja.jpg,,,parter,1920.0,kamienica,,,,,,,,,51.77099990844727,19.4379997253418
Łódź Śródmieście,ul. Jana Kilińskiego,2.0,27.0,270000.0,10000.0,Bez pośredników,ponad miesiąc temu,8.0,https://adresowo.pl/o/mieszkanie-lodz-srodmiescie-ul-jana-kilinskiego-2-pokojowe-n5u0f7,https://s2.adresowa.pl/oi/12/57/1d10d8_cdeb_cover-2-pokojowe-mieszkanie-lodz-srodmiescie-ul-jana-kilinskiego.jpg,,,270,,kamienica,,,,,,,,,51.76300048828125,19.46699905395508
Łódź,ul. Piotrkowska,1.0,46.0,365000.0,7987.0,Bez pośredników,ponad miesiąc temu,8.0,https://adresowo.pl/o/mieszkanie-lodz-ul-piotrkowska-1-pokoj-t5z3v6,https://s2.adresowa.pl/oi/38/6e/182a19_6089_cover-1-pokojowe-mieszkanie-lodz-ul-piotrkowska.jpg,,,parter,,blok,,,,,,,,,51.761002,19.458
Łódź Polesie,ul. 6 Sierpnia,2.0,65.0,399000.0,6138.0,Bez pośredników,ponad miesiąc temu,12.0,https://adresowo.pl/o/mieszkanie-lodz-polesie-ul-6-sierpnia-2-pokojowe-p7i9u2,https://s2.adresowa.pl/oi/2e/72/12bdb7_a07b_cover-2-pokojowe-mieszkanie-lodz-polesie-ul-6-sierpnia.jpg,,,parter,1905.0,kamienica,,,,,,,,,,
Łódź Górna,ul. Piaseczna,1.0,25.0,165000.0,6600.0,Bez pośredników,ponad miesiąc temu,6.0,https://adresowo.pl/o/mieszkanie-lodz-gorna-ul-piaseczna-1-pokoj-5w4xdm,https://s2.adresowa.pl/oi/44/52/caa4_d1ac_cover-1-pokojowe-mieszkanie-lodz-gorna-ul-piaseczna.jpg,,,4,1930.0,blok,,,,,,,,,51.733001708984375,19.4689998626709
