locality,street,rooms,area,price_total_zl,price_sqm_zl,owner_type,date_posted,photo_count,url,image_url,city_district,full_address,floor,year_built,building_type,price_per_sqm_detailed,description_text,has_basement,has_parking,kitchen_type,window_type,ownership_type,equipment,latitude,longitude
Łódź Śródmieście,ul. Solna,3,54,459000,8500,Bez pośredników,ponad tydzień temu,9,https://adresowo.pl/o/mieszkanie-lodz-srodmiescie-ul-solna-3-pokojowe-c5s9x1,https://s2.adresowa.pl/oi/63/31/3b3116_3619_cover-3-pokojowe-mieszkanie-lodz-srodmiescie-ul-solna.jpg,,,1,1900,blok,,,,,,,,,51.777946,19.459999
Łódź Radogoszcz,ul. Aroniowa,3,76,799000,10512,Bez pośredników,wczorajnowe,25,https://adresowo.pl/o/mieszkanie-lodz-radogoszcz-ul-aroniowa-3-pokojowe-t0a6h4,https://s2.adresowa.pl/oi/53/7e/3b9c12_e770_cover-3-pokojowe-mieszkanie-lodz-radogoszcz-ul-aroniowa.jpg,,,799,2018,,,,,,,,,,51.828571,19.432974
Łódź Polesie,Retkińska,2,43,330500,7686,Bez pośredników,wczorajnowe,6,https://adresowo.pl/o/mieszkanie-lodz-polesie-retkinska-2-pokojowe-e5y2c1,https://s2.adresowa.pl/oi/58/68/3b9bac_4613_cover-2-pokojowe-mieszkanie-lodz-polesie-retkinska.jpg,,,1,1978,kamienica,,,,,,,,,,
,,,,,,Pośrednik,,,https://adresowo.pl/mieszkania/lodz/srodmiescie-1/,,,,parter,1912,kamienica,,,,,,,,,,
Łódź Górna,ul. Tadeusza Czackiego,3,70,589000,8414,Bez pośredników,wczorajnowe,7,https://adresowo.pl/o/mieszkanie-lodz-gorna-ul-tadeusza-czackiego-3-pokojowe-y9x1o7,https://s2.adresowa.pl/oi/64/30/3b9b60_b80e_cover-3-pokojowe-mieszkanie-lodz-gorna-ul-tadeusza-czackiego.jpg,,,parter,1980,blok,,,,,,,,,51.735676,19.457036
Łódź,,2,48,595000,12344,Oferta biura nieruchomości,3 dni temu,16,https://adresowo.pl/o/mieszkanie-lodz-2-pokojowe-48-m2-u9i6d5,https://s2.adresowa.pl/oi/4a/4d/3b98a4_e991_cover-2-pokojowe-mieszkanie-lodz.jpg,,,parter,2013,blok,,,,,,,,,,
Łódź Dąbrowa,,2,40,340000,8500,Oferta biura nieruchomości,3 dni temu,8,https://adresowo.pl/o/mieszkanie-lodz-dabrowa-2-pokojowe-40-m2-k3e6q3,https://s2.adresowa.pl/oi/15/13/3b9882_fb74_cover-2-pokojowe-mieszkanie-lodz-dabrowa.jpg,,,4,1970,blok,,,,,,,,,51.735214,19.492092
Łódź Widzew,ul. Listopadowa,2,40,440000,11000,Bez pośredników,3 dni temu,14,https://adresowo.pl/o/mieszkanie-lodz-widzew-ul-listopadowa-2-pokojowe-d0d8r3,https://s2.adresowa.pl/oi/37/1a/3b98d2_4a55_cover-2-pokojowe-mieszkanie-lodz-widzew-ul-listopadowa.jpg,,,parter,2014,blok,,,,,,,,,51.786444,19.540803
Łódź Polesie,al. Unii Lubelskiej,2,52,420000,8077,Bez pośredników,3 dni temu,8,https://adresowo.pl/o/mieszkanie-lodz-polesie-al-unii-lubelskiej-2-pokojowe-f7b1c8,https://s2.adresowa.pl/oi/7c/26/3b97c2_c3ec_cover-2-pokojowe-mieszkanie-lodz-polesie-al-unii-lubelskiej.jpg,,,parter,,blok,,,,,,,,,51.767124,19.421505
Łódź Bałuty,ul. Traktorowa,2,45,422000,9378,Bez pośredników,3 dni temu,19,https://adresowo.pl/o/mieszkanie-lodz-baluty-ul-traktorowa-2-pokojowe-j9b9z5,https://s2.adresowa.pl/oi/2c/41/3b97aa_ecb3_cover-2-pokojowe-mieszkanie-lodz-baluty-ul-traktorowa.jpg,,,parter,,blok,,,,,,,,,51.801609,19.394994
Łódź,ul. Tatrzańska,2,39,384000,9846,Oferta biura nieruchomości,5 dni temu,9,https://adresowo.pl/o/mieszkanie-lodz-ul-tatrzanska-2-pokojowe-d3a6r7,https://s2.adresowa.pl/oi/2d/57/3b89d8_bd3e_cover-2-pokojowe-mieszkanie-lodz-ul-tatrzanska.jpg,,,parter,1975,blok,,,,,,,,,51.733772,19.493948
Łódź Chojny,ul. Sąsiedzka,2,47,489000,10404,Oferta biura nieruchomości,5 dni temu,10,https://adresowo.pl/o/mieszkanie-lodz-chojny-ul-sasiedzka-2-pokojowe-a0x8k9,https://s2.adresowa.pl/oi/27/54/3b84d0_5dfa_cover-2-pokojowe-mieszkanie-lodz-chojny-ul-sasiedzka.jpg,,,2,2022,blok,,,,,,,,,51.721561,19.500586
Łódź Polesie,ul. Wioślarska,2,44,409000,9295,Bez pośredników,3 dni temu,30,https://adresowo.pl/o/mieszkanie-lodz-polesie-ul-wioslarska-2-pokojowe-d2v5e7,https://s2.adresowa.pl/oi/3e/40/3b97a6_b62a_cover-2-pokojowe-mieszkanie-lodz-polesie-ul-wioslarska.jpg,,,parter,,blok,,,,,,,,,51.747815,19.42463
Łódź Górna,ul. Stanisława Przybyszewskiego,2,36,306000,8500,Bez pośredników,3 dni temu,4,https://adresowo.pl/o/mieszkanie-lodz-gorna-ul-stanislawa-przybyszewskiego-2-pokojowe-z1k9e1,https://s2.adresowa.pl/oi/71/5b/3b951a_45a0_cover-2-pokojowe-mieszkanie-lodz-gorna-ul-stanislawa-przybyszewskiego.jpg,,,parter,1950,blok,,,,,,,,,51.750738,19.515395
Łódź Widzew,ul. Służbowa,3,62,510000,8214,Bez pośredników,3 dni temu,8,https://adresowo.pl/o/mieszkanie-lodz-widzew-ul-sluzbowa-3-pokojowe-a7n3b2,https://s2.adresowa.pl/oi/3c/41/3b9460_e5c2_cover-3-pokojowe-mieszkanie-lodz-widzew-ul-sluzbowa.jpg,,,1986,1986,blok,,,,,,,,,51.761202,19.548112
Łódź Śródmieście,ul. Gdańska,2,38,333000,8763,Oferta biura nieruchomości,6 dni temu,17,https://adresowo.pl/o/mieszkanie-lodz-srodmiescie-ul-gdanska-2-pokojowe-q5d2w5,https://s2.adresowa.pl/oi/51/6a/3b8194_8780_cover-2-pokojowe-mieszkanie-lodz-srodmiescie-ul-gdanska.jpg,,,1900,1900,,,,,,,,,,51.777329,19.447641
Łódź Górna,ul. gen. Jarosława Dąbrowskiego,3,50,395000,7957,Oferta biura nieruchomości,ponad tydzień temu,13,https://adresowo.pl/o/mieszkanie-lodz-gorna-ul-gen-jaroslawa-dabrowskiego-3-pokojowe-s9h2h6,https://s2.adresowa.pl/oi/17/59/3b7c16_b23d_cover-3-pokojowe-mieszkanie-lodz-gorna-ul-gen-jaroslawa-dabrowskiego.jpg,,,6,1964,blok,,,,,,,,,51.736508,19.498722
Łódź Chojny,ul. Rentowna,3,64,600000,9375,Bez pośredników,3 dni temu,8,https://adresowo.pl/o/mieszkanie-lodz-chojny-ul-rentowna-3-pokojowe-i0y2t6,https://s2.adresowa.pl/oi/5f/61/3b9416_f792_cover-3-pokojowe-mieszkanie-lodz-chojny-ul-rentowna.jpg,,,parter,,blok,,,,,,,,,51.720875,19.481237
Łódź Śródmieście,ul. Piotrkowska,3,85,730000,8588,Bez pośredników,3 dni temu,2,https://adresowo.pl/o/mieszkanie-lodz-srodmiescie-ul-piotrkowska-3-pokojowe-h5c0i8,https://s2.adresowa.pl/oi/24/6f/3b93f8_872b_cover-3-pokojowe-mieszkanie-lodz-srodmiescie-ul-piotrkowska.jpg,,,parter,1911,kamienica,,,,,,,,,51.760568,19.458254
Łódź Śródmieście,ul. Stefana Żeromskiego,1,20,230000,11500,Bez pośredników,4 dni temu,6,https://adresowo.pl/o/mieszkanie-lodz-srodmiescie-ul-stefana-zeromskiego-1-pokoj-r1f1l4,https://s2.adresowa.pl/oi/1d/20/3b9230_35d2_cover-1-pokojowe-mieszkanie-lodz-srodmiescie-ul-stefana-zeromskiego.jpg,,,parter,,kamienica,,,,,,,,,51.762494,19.44787
Łódź,ul. Drewnowska,1,37,263500,7199,Oferta biura nieruchomości,ponad tydzień temu,6,https://adresowo.pl/o/mieszkanie-lodz-ul-drewnowska-1-pokoj-l8u5w7,https://s2.adresowa.pl/oi/5a/26/3b7b46_81de_cover-1-pokojowe-mieszkanie-lodz-ul-drewnowska.jpg,,,263,,kamienica,,,,,,,,,51.781515,19.444785
Łódź Retkinia,ul. Maratońska,2,42,349000,8227,Oferta biura nieruchomości,ponad tydzień temu,8,https://adresowo.pl/o/mieszkanie-lodz-retkinia-ul-maratonska-2-pokojowe-j6d3s7,https://s2.adresowa.pl/oi/10/6f/3b7b48_fa7a_cover-2-pokojowe-mieszkanie-lodz-retkinia-ul-maratonska.jpg,,,8,1972,blok,,,,,,,,,51.737604,19.393771
Łódź Radogoszcz,ul. Nastrojowa,2,50,465000,9300,Bez pośredników,4 dni temu,9,https://adresowo.pl/o/mieszkanie-lodz-radogoszcz-ul-nastrojowa-2-pokojowe-n5i9t7,https://s2.adresowa.pl/oi/6f/3b/3b9088_e0d7_cover-2-pokojowe-mieszkanie-lodz-radogoszcz-ul-nastrojowa.jpg,,,1,,blok,,,,,,,,,51.819222,19.442464
Łódź Śródmieście,,2,38,305000,8026,Bez pośredników,4 dni temu,7,https://adresowo.pl/o/mieszkanie-lodz-srodmiescie-2-pokojowe-38-m2-w7v9y9,https://s2.adresowa.pl/oi/12/3a/3b8ea8_9ac4_cover-2-pokojowe-mieszkanie-lodz-srodmiescie.jpg,,,parter,1915,,,,,,,,,,51.759292,19.455878
Łódź Polesie,ul. Krzysztofa Cedry,2,35,380000,10857,Bez pośredników,4 dni temu,8,https://adresowo.pl/o/mieszkanie-lodz-polesie-ul-krzysztofa-cedry-2-pokojowe-k4r6q7,https://s2.adresowa.pl/oi/37/6c/3b8df6_fd69_cover-2-pokojowe-mieszkanie-lodz-polesie-ul-krzysztofa-cedry.jpg,,,1,,blok,,,,,,,,,51.783779,19.388481
Łódź,ul. Stefana Jaracza,2,64,434520,6800,Oferta biura nieruchomości,ponad tydzień temu,10,https://adresowo.pl/o/mieszkanie-lodz-ul-stefana-jaracza-2-pokojowe-w7w2r9,https://s2.adresowa.pl/oi/3e/53/3b7b3e_6a2d_cover-2-pokojowe-mieszkanie-lodz-ul-stefana-jaracza.jpg,,,434,,blok,,,,,,,,,51.773125,19.460666
Łódź Żubardź,ul. Wielkopolska,2,38,262000,6853,Oferta biura nieruchomości,ponad tydzień temu,6,https://adresowo.pl/o/mieszkanie-lodz-zubardz-ul-wielkopolska-2-pokojowe-v3u5x1,https://s2.adresowa.pl/oi/2a/40/3b7b18_7099_cover-2-pokojowe-mieszkanie-lodz-zubardz-ul-wielkopolska.jpg,,,parter,1968,blok,,,,,,,,,51.791974,19.412384
Łódź Bałuty,ul. Wawelska,2,34,290000,8529,Bez pośredników,4 dni temu,8,https://adresowo.pl/o/mieszkanie-lodz-baluty-ul-wawelska-2-pokojowe-f2w1h2,https://s2.adresowa.pl/oi/6b/78/3b8dd2_f8e1_cover-2-pokojowe-mieszkanie-lodz-baluty-ul-wawelska.jpg,,,6,1980,blok,,,,,,,,,51.790531,19.456085
Łódź Bałuty,ul. Okopowa,1,33,415000,12433,Bez pośredników,4 dni temu,8,https://adresowo.pl/o/mieszkanie-lodz-baluty-ul-okopowa-1-pokoj-g0m6k3,https://s2.adresowa.pl/oi/4f/27/3b8d3a_d699_cover-1-pokojowe-mieszkanie-lodz-baluty-ul-okopowa.jpg,,,3,2019,blok,,,,,,,,,51.795538,19.472551
Łódź Bałuty,"ul. Organizacji ""Wolność i Niezawisłość""",3,52,419000,8058,Bez pośredników,5 dni temu,6,https://adresowo.pl/o/mieszkanie-lodz-baluty-ul-organizacji-wolnosc-i-niezawislosc-3-pokojowe-u4n8s0,https://s2.adresowa.pl/oi/6b/4f/3b8b76_d1b1_cover-3-pokojowe-mieszkanie-lodz-baluty-ul-organizacji-wolnosc-i-niezawislosc-.jpg,,,parter,1966,blok,,,,,,,,,51.788297,19.462868
Łódź Radogoszcz,ul. Nastrojowa,2,50,385000,7715,Oferta biura nieruchomości,ponad tydzień temu,11,https://adresowo.pl/o/mieszkanie-lodz-radogoszcz-ul-nastrojowa-2-pokojowe-k9i8b9,https://s2.adresowa.pl/oi/23/7c/3b7b1a_9e3b_cover-2-pokojowe-mieszkanie-lodz-radogoszcz-ul-nastrojowa.jpg,,,4,1979,blok,,,,,,,,,51.822354,19.440799
Łódź Bałuty,ul. Zgierska,1,29,206000,7028,Oferta biura nieruchomości,ponad tydzień temu,14,https://adresowo.pl/o/mieszkanie-lodz-baluty-ul-zgierska-1-pokoj-m2e8g3,https://s2.adresowa.pl/oi/65/25/3b75a0_e328_cover-1-pokojowe-mieszkanie-lodz-baluty-ul-zgierska.jpg,,,1,1968,blok,,,,,,,,,51.795379,19.447455
Łódź Polesie,ul. Lipowa,1,26,299000,11549,Bez pośredników,5 dni temu,3,https://adresowo.pl/o/mieszkanie-lodz-polesie-ul-lipowa-1-pokoj-o1d0d2,https://s2.adresowa.pl/oi/65/7d/3b8ac4_7136_cover-1-pokojowe-mieszkanie-lodz-polesie-ul-lipowa.jpg,,,4,2026,blok,,,,,,,,,51.767012,19.444778
Łódź Widzew,,3,60,456000,7600,Bez pośredników,5 dni temu,8,https://adresowo.pl/o/mieszkanie-lodz-widzew-3-pokojowe-60-m2-y4r6k3,https://s2.adresowa.pl/oi/78/1d/3b8996_3e6a_cover-3-pokojowe-mieszkanie-lodz-widzew.jpg,,,4,,blok,,,,,,,,,51.759292,19.455878
Łódź Górna,ul. Rolnicza,1,38,348000,9233,Bez pośredników,5 dni temu,12,https://adresowo.pl/o/mieszkanie-lodz-gorna-ul-rolnicza-1-pokoj-a2t7i7,https://s2.adresowa.pl/oi/31/42/3b14aa_f319_cover-1-pokojowe-mieszkanie-lodz-gorna-ul-rolnicza.jpg,,,3,1989,blok,,,,,,,,,51.722875,19.496252
Łódź Śródmieście,ul. Piotrkowska,6,206,1550000,7525,Oferta biura nieruchomości,ponad tydzień temu,20,https://adresowo.pl/o/mieszkanie-lodz-srodmiescie-ul-piotrkowska-6-pokojowe-i2s4u9,https://s2.adresowa.pl/oi/39/4c/3b7162_a9c6_cover-6-pokojowe-mieszkanie-lodz-srodmiescie-ul-piotrkowska.jpg,,,3,2012,kamienica,,,,,,,,,51.7631,19.45741
Łódź,ul. Marysińska,2,47,360000,7725,Oferta biura nieruchomości,ponad tydzień temu,14,https://adresowo.pl/o/mieszkanie-lodz-ul-marysinska-2-pokojowe-z3b8s1,https://s2.adresowa.pl/oi/50/15/3b6cd2_ac7b_cover-2-pokojowe-mieszkanie-lodz-ul-marysinska.jpg,,,parter,1975,blok,,,,,,,,,,
Łódź Żabieniec,ul. Turoszowska,2,44,370000,8409,Bez pośredników,5 dni temu,8,https://adresowo.pl/o/mieszkanie-lodz-zabieniec-ul-turoszowska-2-pokojowe-b6t2o4,https://s2.adresowa.pl/oi/14/31/3b8882_4a62_cover-2-pokojowe-mieszkanie-lodz-zabieniec-ul-turoszowska.jpg,,,6,1960,blok,,,,,,,,,51.791102,19.412616
Łódź Julianów,ul. Łagiewnicka,3,53,530000,10000,Bez pośredników,5 dni temu,8,https://adresowo.pl/o/mieszkanie-lodz-julianow-ul-lagiewnicka-3-pokojowe-l5v5e1,https://s2.adresowa.pl/oi/32/16/3b880a_b2a6_cover-3-pokojowe-mieszkanie-lodz-julianow-ul-lagiewnicka.jpg,,,parter,,blok,,,,,,,,,51.814764,19.455697
Łódź Teofilów,ul. Łanowa,1,26,220000,8462,Bez pośredników,5 dni temu,8,https://adresowo.pl/o/mieszkanie-lodz-teofilow-ul-lanowa-1-pokoj-m0w7n3,https://s2.adresowa.pl/oi/20/57/3b85fc_d227_cover-1-pokojowe-mieszkanie-lodz-teofilow-ul-lanowa.jpg,,,2,,blok,,,,,,,,,,
Łódź Śródmieście,ul. Pilota Stanisława Wigury,3,61,490000,8051,Oferta biura nieruchomości,ponad tydzień temu,15,https://adresowo.pl/o/mieszkanie-lodz-srodmiescie-ul-pilota-stanislawa-wigury-3-pokojowe-s9y0k4,https://s2.adresowa.pl/oi/13/54/3b6b1c_61fd_cover-3-pokojowe-mieszkanie-lodz-srodmiescie-ul-pilota-stanislawa-wigury.jpg,,,6,1980,blok,,,,,,,,,51.756237,19.462785
Łódź,ul. Pienista,3,74,739400,10000,Oferta biura nieruchomości,ponad tydzień temu,12,https://adresowo.pl/o/mieszkanie-lodz-ul-pienista-3-pokojowe-d9c2k4,https://s2.adresowa.pl/oi/5e/63/3b68fa_4445_cover-3-pokojowe-mieszkanie-lodz-ul-pienista.jpg,,,parter,2014,blok,,,,,,,,,51.735879,19.407552
Łódź,ul. dr. Adama Próchnika,4,91,730000,8003,Bez pośredników,ponad miesiąc temu,10,https://adresowo.pl/o/mieszkanie-lodz-ul-dr-adama-prochnika-4-pokojowe-keihix,https://s2.adresowa.pl/oi/9/6d/22484_e25_cover-4-pokojowe-mieszkanie-lodz-ul-dr-adama-prochnika.jpg,,,parter,1938,kamienica,,,,,,,,,51.773998,19.443001
Łódź Śródmieście,,3,62,811876,13099,Bez pośredników,5 dni temu,13,https://adresowo.pl/o/mieszkanie-lodz-srodmiescie-3-pokojowe-61-m2-y0n0m5,https://s2.adresowa.pl/oi/77/62/3b85f0_4f44_cover-3-pokojowe-mieszkanie-lodz-srodmiescie.jpg,,,parter,2026,blok,,,,,,,,,51.759292,19.455878
Łódź Śródmieście,ul. Ludwika Zamenhofa,2,134,1099000,8201,Bez pośredników,5 dni temu,1,https://adresowo.pl/o/mieszkanie-lodz-srodmiescie-ul-ludwika-zamenhofa-2-pokojowe-x8q7q3,https://s2.adresowa.pl/oi/4f/45/3b84ca_2d85_cover-2-pokojowe-mieszkanie-lodz-srodmiescie-ul-ludwika-zamenhofa.jpg,,,1,,kamienica,,,,,,,,,51.761928,19.452907
,,,,,,Pośrednik,,,https://adresowo.pl/mieszkania/lodz/srodmiescie-1/,,,,parter,1912,kamienica,,,,,,,,,,
Łódź Bałuty,ul. Wojska Polskiego,2,47,360000,7660,Bez pośredników,5 dni temu,18,https://adresowo.pl/o/mieszkanie-lodz-baluty-ul-wojska-polskiego-2-pokojowe-k5p4k4,https://s2.adresowa.pl/oi/17/21/3b8422_4347_cover-2-pokojowe-mieszkanie-lodz-baluty-ul-wojska-polskiego.jpg,,,4,1950,blok,,,,,,,,,,
Łódź,ul. gen. Józefa Bema,2,61,639900,10525,Oferta biura nieruchomości,ponad tydzień temu,12,https://adresowo.pl/o/mieszkanie-lodz-ul-gen-jozefa-bema-2-pokojowe-b8j3n0,https://s2.adresowa.pl/oi/63/34/3b68f0_4752_cover-2-pokojowe-mieszkanie-lodz-ul-gen-jozefa-bema.jpg,,,7,2011,blok,,,,,,,,,51.814821,19.444571
Łódź,pl. Wolności,2,57,450000,7852,Oferta biura nieruchomości,ponad tydzień temu,9,https://adresowo.pl/o/mieszkanie-lodz-pl-wolnosci-2-pokojowe-g6a2t2,https://s2.adresowa.pl/oi/22/4f/3b68e8_31c9_cover-2-pokojowe-mieszkanie-lodz-pl-wolnosci.jpg,,,5,1978,blok,,,,,,,,,51.777076,19.455054
Łódź Radogoszcz,ul. Pstrągowa,3,60,495000,8223,Bez pośredników,5 dni temu,11,https://adresowo.pl/o/mieszkanie-lodz-radogoszcz-ul-pstragowa-3-pokojowe-z1e0k9,https://s2.adresowa.pl/oi/64/3a/3b83fa_9298_cover-3-pokojowe-mieszkanie-lodz-radogoszcz-ul-pstragowa.jpg,,,495,1987,blok,,,,,,,,,51.820484,19.436691
Łódź Dąbrowa,ul. Władysława Broniewskiego,2,36,255000,7021,Bez pośredników,6 dni temu,7,https://adresowo.pl/o/mieszkanie-lodz-dabrowa-ul-wladyslawa-broniewskiego-2-pokojowe-v6q4l7,https://s2.adresowa.pl/oi/71/35/3b83be_cfdf_cover-2-pokojowe-mieszkanie-lodz-dabrowa-ul-wladyslawa-broniewskiego.jpg,,,parter,1966,blok,,,,,,,,,51.732658,19.489284
Łódź Bałuty,ul. Szewska,3,59,525000,8898,Bez pośredników,6 dni temu,8,https://adresowo.pl/o/mieszkanie-lodz-baluty-ul-szewska-3-pokojowe-j0s8w7,https://s2.adresowa.pl/oi/7b/3c/3b838c_820f_cover-3-pokojowe-mieszkanie-lodz-baluty-ul-szewska.jpg,,,525,1973,blok,,,,,,,,,51.797012,19.456551
Łódź,ul. Senatorska,3,60,709000,11817,Oferta biura nieruchomości,ponad tydzień temu,10,https://adresowo.pl/o/mieszkanie-lodz-ul-senatorska-3-pokojowe-n9p3i8,https://s2.adresowa.pl/oi/1a/78/3b68ec_72c9_cover-3-pokojowe-mieszkanie-lodz-ul-senatorska.jpg,,,2,2021,blok,,,,,,,,,51.748813,19.479248
Łódź Polesie,ul. Cmentarna,1,35,210000,6017,Oferta biura nieruchomości,ponad tydzień temu,10,https://adresowo.pl/o/mieszkanie-lodz-polesie-ul-cmentarna-1-pokoj-a4w7v8,https://s2.adresowa.pl/oi/43/23/3b68e6_c98d_cover-1-pokojowe-mieszkanie-lodz-polesie-ul-cmentarna.jpg,,,parter,,kamienica,,,,,,,,,51.775207,19.443342
Łódź Górna,,1,40,285000,7125,Bez pośredników,6 dni temu,10,https://adresowo.pl/o/mieszkanie-lodz-gorna-1-pokoj-40-m2-z3s9m0,https://s2.adresowa.pl/oi/34/11/3b831e_d3be_cover-1-pokojowe-mieszkanie-lodz-gorna.jpg,,,parter,1960,blok,,,,,,,,,51.759292,19.455878
Łódź Górna,ul. Rzgowska,2,54,470000,8704,Bez pośredników,6 dni temu,3,https://adresowo.pl/o/mieszkanie-lodz-gorna-ul-rzgowska-2-pokojowe-n3n7r0,https://s2.adresowa.pl/oi/7b/24/3b8226_c467_cover-2-pokojowe-mieszkanie-lodz-gorna-ul-rzgowska.jpg,,,470,,blok,,,,,,,,,51.721576,19.483479
Łódź Bałuty,ul. Łanowa,2,37,270000,7297,Bez pośredników,6 dni temu,14,https://adresowo.pl/o/mieszkanie-lodz-baluty-ul-lanowa-2-pokojowe-o5r1v6,https://s2.adresowa.pl/oi/4e/3c/3b81de_5771_cover-2-pokojowe-mieszkanie-lodz-baluty-ul-lanowa.jpg,,,parter,,blok,,,,,,,,,,
Łódź Żabieniec,ul. Turoszowska,2,43,279000,6565,Oferta biura nieruchomości,ponad tydzień temu,7,https://adresowo.pl/o/mieszkanie-lodz-zabieniec-ul-turoszowska-2-pokojowe-x3c9t7,https://s2.adresowa.pl/oi/37/2d/3b68da_363a_cover-2-pokojowe-mieszkanie-lodz-zabieniec-ul-turoszowska.jpg,,,279,,blok,,,,,,,,,51.791102,19.412616
Łódź Retkinia,,3,77,1000000,12963,Oferta biura nieruchomości,ponad tydzień temu,16,https://adresowo.pl/o/mieszkanie-lodz-retkinia-3-pokojowe-77-m2-l1u4r2,https://s2.adresowa.pl/oi/60/45/3b68dc_8b70_cover-3-pokojowe-mieszkanie-lodz-retkinia.jpg,,,1,2023,kamienica,,,,,,,,,51.74317,19.39393
Łódź Śródmieście,ul. Henryka Sienkiewicza,3,60,555000,9289,Bez pośredników,6 dni temu,16,https://adresowo.pl/o/mieszkanie-lodz-srodmiescie-ul-henryka-sienkiewicza-3-pokojowe-o7q2y7,https://s2.adresowa.pl/oi/13/16/3b8196_59a6_cover-3-pokojowe-mieszkanie-lodz-srodmiescie-ul-henryka-sienkiewicza.jpg,,,2,1978,blok,,,,,,,,,51.760198,19.462809
Łódź Górna,,1,29,371000,12606,Bez pośredników,6 dni temu,15,https://adresowo.pl/o/mieszkanie-lodz-gorna-1-pokoj-29-m2-j6p5u7,https://s2.adresowa.pl/oi/40/47/3b8182_8055_cover-1-pokojowe-mieszkanie-lodz-gorna.jpg,,,parter,2025,blok,,,,,,,,,,
Łódź Śródmieście,ul. Piotrkowska,3,61,485000,7951,Bez pośredników,6 dni temu,6,https://adresowo.pl/o/mieszkanie-lodz-srodmiescie-ul-piotrkowska-3-pokojowe-e0w0w7,https://s2.adresowa.pl/oi/6f/29/3b80fa_6125_cover-3-pokojowe-mieszkanie-lodz-srodmiescie-ul-piotrkowska.jpg,,,6,1980,blok,,,,,,,,,51.760568,19.458254
Łódź Bałuty,ul. Młynarska,2,40,392000,9849,Oferta biura nieruchomości,ponad tydzień temu,13,https://adresowo.pl/o/mieszkanie-lodz-baluty-ul-mlynarska-2-pokojowe-n3n7n0,https://s2.adresowa.pl/oi/70/7f/3b68d6_9aa2_cover-2-pokojowe-mieszkanie-lodz-baluty-ul-mlynarska.jpg,,,parter,1960,blok,,,,,,,,,51.789836,19.458509
Łódź,ul. Jana Matejki,2,49,600000,12270,Oferta biura nieruchomości,ponad tydzień temu,11,https://adresowo.pl/o/mieszkanie-lodz-ul-jana-matejki-2-pokojowe-c9f3i1,https://s2.adresowa.pl/oi/62/1c/3b68d2_b220_cover-2-pokojowe-mieszkanie-lodz-ul-jana-matejki.jpg,,,parter,2017,apartamentowiec,,,,,,,,,51.780009,19.485024
Łódź Śródmieście,ul. Wólczańska,3,89,1700000,19071,Bez pośredników,6 dni temu,15,https://adresowo.pl/o/mieszkanie-lodz-srodmiescie-ul-wolczanska-3-pokojowe-x2k7g8,https://s2.adresowa.pl/oi/5f/1a/3b8026_e192_cover-3-pokojowe-mieszkanie-lodz-srodmiescie-ul-wolczanska.jpg,,,1,2025,blok,,,,,,,,,51.755588,19.454869
Łódź Śródmieście,al. Tadeusza Kościuszki,1,24,275000,11569,Bez pośredników,6 dni temu,8,https://adresowo.pl/o/mieszkanie-lodz-srodmiescie-al-tadeusza-kosciuszki-1-pokoj-j2m0o1,https://s2.adresowa.pl/oi/2f/66/3b7fbe_a115_cover-1-pokojowe-mieszkanie-lodz-srodmiescie-al-tadeusza-kosciuszki.jpg,,,parter,1984,blok,,,,,,,,,51.754438,19.457739
Łódź Widzew,ul. Niciarniana,2,45,349000,7756,Bez pośredników,6 dni temu,3,https://adresowo.pl/o/mieszkanie-lodz-widzew-ul-niciarniana-2-pokojowe-c8b2l6,https://s2.adresowa.pl/oi/16/2b/3b7ebc_a337_cover-2-pokojowe-mieszkanie-lodz-widzew-ul-niciarniana.jpg,,,3,,blok,,,,,,,,,51.762229,19.50844
Łódź Dąbrowa,ul. Gersona,3,56,416000,7429,Oferta biura nieruchomości,ponad tydzień temu,11,https://adresowo.pl/o/mieszkanie-lodz-dabrowa-ul-gersona-3-pokojowe-v4m0s5,https://s2.adresowa.pl/oi/6a/2a/3b68ca_981a_cover-3-pokojowe-mieszkanie-lodz-dabrowa-ul-gersona.jpg,,,4,1969,blok,,,,,,,,,51.730532,19.49306
Łódź Zarzew,ul. Gustawa Morcinka,3,47,439000,9297,Oferta biura nieruchomości,ponad tydzień temu,11,https://adresowo.pl/o/mieszkanie-lodz-zarzew-ul-gustawa-morcinka-3-pokojowe-j2x2q1,https://s2.adresowa.pl/oi/7b/30/3b68c2_dc3b_cover-3-pokojowe-mieszkanie-lodz-zarzew-ul-gustawa-morcinka.jpg,,,parter,1970,blok,,,,,,,,,51.747443,19.499241
Łódź Polesie,al. Włókniarzy,1,29,355000,12241,Bez pośredników,6 dni temu,8,https://adresowo.pl/o/mieszkanie-lodz-polesie-al-wlokniarzy-1-pokoj-r2o4x8,https://s2.adresowa.pl/oi/31/59/3b7e3c_aafa_cover-1-pokojowe-mieszkanie-lodz-polesie-al-wlokniarzy.jpg,,,4,,blok,,,,,,,,,51.784148,19.421462
Łódź Śródmieście,al. Tadeusza Kościuszki,2,34,198000,5900,Bez pośredników,6 dni temu,5,https://adresowo.pl/o/mieszkanie-lodz-srodmiescie-al-tadeusza-kosciuszki-2-pokojowe-h6n1n8,https://s2.adresowa.pl/oi/60/63/3b7d84_3812_cover-2-pokojowe-mieszkanie-lodz-srodmiescie-al-tadeusza-kosciuszki.jpg,,,parter,,,,,,,,,,,51.767734,19.453482
Łódź Górna,ul. Sebastiana Felsztyńskiego,2,37,319000,8555,Bez pośredników,ponad tydzień temu,16,https://adresowo.pl/o/mieszkanie-lodz-gorna-ul-sebastiana-felsztynskiego-2-pokojowe-j0v0h9,https://s2.adresowa.pl/oi/62/35/3b7d32_b5bc_cover-2-pokojowe-mieszkanie-lodz-gorna-ul-sebastiana-felsztynskiego.jpg,,,parter,1968,blok,,,,,,,,,51.739601,19.448198
Łódź,ul. Słowiańska,1,27,379000,14243,Oferta biura nieruchomości,ponad tydzień temu,8,https://adresowo.pl/o/mieszkanie-lodz-ul-slowianska-1-pokoj-s2g2q1,https://s2.adresowa.pl/oi/3f/6c/3b68c4_81e0_cover-1-pokojowe-mieszkanie-lodz-ul-slowianska.jpg,,,parter,2023,blok,,,,,,,,,51.745243,19.473839
Łódź,park im. Jana Kilińskiego,2,50,299050,5999,Oferta biura nieruchomości,ponad tydzień temu,10,https://adresowo.pl/o/mieszkanie-lodz-park-im-jana-kilinskiego-2-pokojowe-j6k6w6,https://s2.adresowa.pl/oi/1d/45/3b68b8_f836_cover-2-pokojowe-mieszkanie-lodz-park-im-jana-kilinskiego.jpg,,,parter,1955,blok,,,,,,,,,51.764702,19.466562
Łódź Bałuty,ul. Lutomierska,2,34,355000,10441,Bez pośredników,ponad tydzień temu,8,https://adresowo.pl/o/mieszkanie-lodz-baluty-ul-lutomierska-2-pokojowe-n4o8q9,https://s2.adresowa.pl/oi/2c/31/3b7b96_767e_cover-2-pokojowe-mieszkanie-lodz-baluty-ul-lutomierska.jpg,,,parter,,blok,,,,,,,,,51.785555,19.436043
Łódź Górna,ul. Stefana Żeromskiego,2,53,340000,6415,Bez pośredników,ponad tydzień temu,9,https://adresowo.pl/o/mieszkanie-lodz-gorna-ul-stefana-zeromskiego-2-pokojowe-z9z5f9,https://s2.adresowa.pl/oi/36/22/3b7b4a_ec15_cover-2-pokojowe-mieszkanie-lodz-gorna-ul-stefana-zeromskiego.jpg,,,6,,kamienica,,,,,,,,,51.763502,19.447322
Łódź Łagiewniki,ul. Barokowa,3,68,674000,9985,Bez pośredników,ponad tydzień temu,6,https://adresowo.pl/o/mieszkanie-lodz-lagiewniki-ul-barokowa-3-pokojowe-l3q4t8,https://s2.adresowa.pl/oi/4f/40/3b7b0e_7ddf_cover-3-pokojowe-mieszkanie-lodz-lagiewniki-ul-barokowa.jpg,,,2,2024,blok,,,,,,,,,51.847443,19.469685
Łódź Retkinia,ul. Balonowa,3,61,619736,10100,Oferta biura nieruchomości,ponad tydzień temu,6,https://adresowo.pl/o/mieszkanie-lodz-retkinia-ul-balonowa-3-pokojowe-e6s6m6,https://s2.adresowa.pl/oi/11/60/3b68b6_d6a1_cover-3-pokojowe-mieszkanie-lodz-retkinia-ul-balonowa.jpg,,,parter,2026,blok,,,,,,,,,51.740492,19.389923
Łódź,ul. Pabianicka,2,50,490000,9808,Oferta biura nieruchomości,ponad tydzień temu,11,https://adresowo.pl/o/mieszkanie-lodz-ul-pabianicka-2-pokojowe-s3m4n7,https://s2.adresowa.pl/oi/47/42/3b68b0_37c5_cover-2-pokojowe-mieszkanie-lodz-ul-pabianicka.jpg,,,2011,2011,,,,,,,,,,51.721904,19.442303
Łódź Koziny,,2,45,370000,8222,Bez pośredników,ponad tydzień temu,15,https://adresowo.pl/o/mieszkanie-lodz-koziny-2-pokojowe-45-m2-l5x0m6,https://s2.adresowa.pl/oi/27/39/3b7ab8_87c0_cover-2-pokojowe-mieszkanie-lodz-koziny.jpg,,,2,1970,blok,,,,,,,,,51.759292,19.455878
Łódź Górna,ul. Konstantego Ciołkowskiego,3,48,449000,9354,Bez pośredników,ponad tydzień temu,10,https://adresowo.pl/o/mieszkanie-lodz-gorna-ul-konstantego-ciolkowskiego-3-pokojowe-q1c5r5,https://s2.adresowa.pl/oi/36/62/3b7a28_95df_cover-3-pokojowe-mieszkanie-lodz-gorna-ul-konstantego-ciolkowskiego.jpg,,,9,1980,blok,,,,,,,,,51.728599,19.460215
Łódź Dąbrowa,,2,40,340000,8500,Bez pośredników,ponad tydzień temu,6,https://adresowo.pl/o/mieszkanie-lodz-dabrowa-2-pokojowe-40-m2-g8f6j8,https://s2.adresowa.pl/oi/27/77/3b79ec_5e8e_cover-2-pokojowe-mieszkanie-lodz-dabrowa.jpg,,,4,,blok,,,,,,,,,51.759292,19.455878
Łódź,ul. Maratońska,3,59,729000,12356,Oferta biura nieruchomości,ponad tydzień temu,11,https://adresowo.pl/o/mieszkanie-lodz-ul-maratonska-3-pokojowe-m6k6m7,https://s2.adresowa.pl/oi/62/4c/3b68a4_50c1_cover-3-pokojowe-mieszkanie-lodz-ul-maratonska.jpg,,,parter,2024,blok,,,,,,,,,51.740367,19.389324
Łódź Górna,ul. Poli Gojawiczyńskiej,2,44,305000,6911,Oferta biura nieruchomości,ponad tydzień temu,7,https://adresowo.pl/o/mieszkanie-lodz-gorna-ul-poli-gojawiczynskiej-2-pokojowe-w8k0h9,https://s2.adresowa.pl/oi/78/66/3b68a8_d5fc_cover-2-pokojowe-mieszkanie-lodz-gorna-ul-poli-gojawiczynskiej.jpg,,,1964,1964,blok,,,,,,,,,51.7179,19.48212
Łódź Romanów,,2,59,480000,8136,Bez pośredników,ponad tydzień temu,8,https://adresowo.pl/o/mieszkanie-lodz-romanow-2-pokojowe-59-m2-e4i6q1,https://s2.adresowa.pl/oi/26/1e/3b7990_bacd_cover-2-pokojowe-mieszkanie-lodz-romanow.jpg,,,parter,,blok,,,,,,,,,51.759292,19.455878
Łódź Radogoszcz,ul. Świtezianki,2,36,450000,12500,Bez pośredników,ponad tydzień temu,8,https://adresowo.pl/o/mieszkanie-lodz-radogoszcz-ul-switezianki-2-pokojowe-l8j4t1,https://s2.adresowa.pl/oi/1c/7b/3b7932_2d3e_cover-2-pokojowe-mieszkanie-lodz-radogoszcz-ul-switezianki.jpg,,,9,2019,blok,,,,,,,,,51.823709,19.438808
Łódź Bałuty,,1,28,220000,7801,Bez pośredników,ponad tydzień temu,1,https://adresowo.pl/o/mieszkanie-lodz-baluty-1-pokoj-28-m2-m0b4y3,https://s2.adresowa.pl/oi/12/3f/3b78d2_7700_cover-1-pokojowe-mieszkanie-lodz-baluty.jpg,,,4,,blok,,,,,,,,,51.759292,19.455878
Łódź Teofilów,ul. Traktorowa,2,38,290000,7709,Oferta biura nieruchomości,ponad tydzień temu,13,https://adresowo.pl/o/mieszkanie-lodz-teofilow-ul-traktorowa-2-pokojowe-e1c2s9,https://s2.adresowa.pl/oi/25/5b/3b68a2_c172_cover-2-pokojowe-mieszkanie-lodz-teofilow-ul-traktorowa.jpg,,,parter,1980,blok,,,,,,,,,,
Łódź Polesie,ul. gen. Lucjana Żeligowskiego,2,61,329000,5375,Oferta biura nieruchomości,ponad tydzień temu,7,https://adresowo.pl/o/mieszkanie-lodz-polesie-ul-gen-lucjana-zeligowskiego-2-pokojowe-i3t1x9,https://s2.adresowa.pl/oi/6a/3c/3b68a0_b90b_cover-2-pokojowe-mieszkanie-lodz-polesie-ul-gen-lucjana-zeligowskiego.jpg,,,parter,,kamienica,,,,,,,,,51.767718,19.446971
Łódź Bałuty,ul. Rajska,1,36,288000,8000,Bez pośredników,ponad tydzień temu,6,https://adresowo.pl/o/mieszkanie-lodz-baluty-ul-rajska-1-pokoj-r0e9x3,https://s2.adresowa.pl/oi/4d/31/3b782a_b8ff_cover-1-pokojowe-mieszkanie-lodz-baluty-ul-rajska.jpg,,,6,1980,blok,,,,,,,,,51.796301,19.436807
Łódź Bałuty,ul. Nastrojowa,3,64,465000,7266,Bez pośredników,ponad tydzień temu,8,https://adresowo.pl/o/mieszkanie-lodz-baluty-ul-nastrojowa-3-pokojowe-l1p3s1,https://s2.adresowa.pl/oi/3c/6b/3b7732_dcdc_cover-3-pokojowe-mieszkanie-lodz-baluty-ul-nastrojowa.jpg,,,465,,blok,,,,,,,,,51.821074,19.441882
Łódź Olechów,ul. Wacława Wojewódzkiego,2,54,560000,10294,Bez pośredników,ponad tydzień temu,7,https://adresowo.pl/o/mieszkanie-lodz-olechow-ul-waclawa-wojewodzkiego-2-pokojowe-r6c2u4,https://s2.adresowa.pl/oi/26/18/3b75fa_5f31_cover-2-pokojowe-mieszkanie-lodz-olechow-ul-waclawa-wojewodzkiego.jpg,,,2011,2011,blok,,,,,,,,,51.741482,19.574923
Łódź,ul. Ozorkowska,3,55,657000,11879,Oferta biura nieruchomości,ponad tydzień temu,8,https://adresowo.pl/o/mieszkanie-lodz-ul-ozorkowska-3-pokojowe-j2f9y7,https://s2.adresowa.pl/oi/45/65/3b689c_42bb_cover-3-pokojowe-mieszkanie-lodz-ul-ozorkowska.jpg,,,parter,2026,blok,,,,,,,,,51.745599,19.486431
Łódź,ul. Leopolda Staffa,2,40,316000,7900,Oferta biura nieruchomości,ponad tydzień temu,6,https://adresowo.pl/o/mieszkanie-lodz-ul-leopolda-staffa-2-pokojowe-b7g4c9,https://s2.adresowa.pl/oi/5b/1c/3b689e_be1f_cover-2-pokojowe-mieszkanie-lodz-ul-leopolda-staffa.jpg,,,parter,1962,blok,,,,,,,,,51.733761,19.498222
Łódź Radogoszcz,ul. Grudziądzka,2,50,374900,7468,Bez pośredników,ponad tydzień temu,6,https://adresowo.pl/o/mieszkanie-lodz-radogoszcz-ul-grudziadzka-2-pokojowe-r0j2o9,https://s2.adresowa.pl/oi/67/1e/3b75ae_31cf_cover-2-pokojowe-mieszkanie-lodz-radogoszcz-ul-grudziadzka.jpg,,,4,2019,blok,,,,,,,,,51.79426,19.414107
Łódź Górna,ul. Stanisława Dubois,2,43,320000,7442,Bez pośredników,ponad tydzień temu,17,https://adresowo.pl/o/mieszkanie-lodz-gorna-ul-stanislawa-dubois-2-pokojowe-g1p3w8,https://s2.adresowa.pl/oi/68/26/3b7534_e9f4_cover-2-pokojowe-mieszkanie-lodz-gorna-ul-stanislawa-dubois.jpg,,,320,1960,blok,,,,,,,,,51.720087,19.41874
Łódź Bałuty,ul. Mikołaja Reja,2,36,295000,8229,Bez pośredników,ponad tydzień temu,12,https://adresowo.pl/o/mieszkanie-lodz-baluty-ul-mikolaja-reja-2-pokojowe-f4x2v3,https://s2.adresowa.pl/oi/27/54/3b74ea_b2a3_cover-2-pokojowe-mieszkanie-lodz-baluty-ul-mikolaja-reja.jpg,,,6,1954,blok,,,,,,,,,51.789228,19.474771
Łódź,ul. Piotrkowska,2,42,469000,11061,Oferta biura nieruchomości,ponad tydzień temu,8,https://adresowo.pl/o/mieszkanie-lodz-ul-piotrkowska-2-pokojowe-s6o3a0,https://s2.adresowa.pl/oi/6e/13/3b6896_9846_cover-2-pokojowe-mieszkanie-lodz-ul-piotrkowska.jpg,,,5,,blok,,,,,,,,,51.755552,19.459991
Łódź,ul. ks. bp. Wincentego Tymienieckiego,3,136,1363400,10000,Oferta biura nieruchomości,ponad tydzień temu,20,https://adresowo.pl/o/mieszkanie-lodz-ul-ks-bp-wincentego-tymienieckiego-3-pokojowe-k8s2w4,https://s2.adresowa.pl/oi/75/4f/3b6898_58c0_cover-3-pokojowe-mieszkanie-lodz-ul-ks-bp-wincentego-tymienieckiego.jpg,,,parter,2010,blok,,,,,,,,,51.752975,19.478505
Łódź Górna,ul. Juliana Ursyna Niemcewicza,3,48,320000,6633,Bez pośredników,ponad tydzień temu,16,https://adresowo.pl/o/mieszkanie-lodz-gorna-ul-juliana-ursyna-niemcewicza-3-pokojowe-t7d8x0,https://s2.adresowa.pl/oi/26/7c/3af186_af6d_cover-3-pokojowe-mieszkanie-lodz-gorna-ul-juliana-ursyna-niemcewicza.jpg,,,320,1970,blok,,,,,,,,,51.732445,19.471434
Łódź Widzew,ul. Stanisława Czernika,3,56,446113,7900,Bez pośredników,ponad tydzień temu,9,https://adresowo.pl/o/mieszkanie-lodz-widzew-ul-stanislawa-czernika-3-pokojowe-e7g5t6,https://s2.adresowa.pl/oi/7d/27/3b73a0_c90f_cover-3-pokojowe-mieszkanie-lodz-widzew-ul-stanislawa-czernika.jpg,,,parter,1979,blok,,,,,,,,,51.760179,19.528396
Łódź Koziny,ul. Wapienna,3,57,650000,11404,Bez pośredników,ponad tydzień temu,1,https://adresowo.pl/o/mieszkanie-lodz-koziny-ul-wapienna-3-pokojowe-m3n5g3,https://s2.adresowa.pl/oi/46/24/3b738c_4902_cover-3-pokojowe-mieszkanie-lodz-koziny-ul-wapienna.jpg,,,parter,1976,blok,,,,,,,,,51.776491,19.422591
Łódź Julianów,,3,64,479000,7484,Oferta biura nieruchomości,ponad tydzień temu,9,https://adresowo.pl/o/mieszkanie-lodz-julianow-3-pokojowe-64-m2-x8g9v8,https://s2.adresowa.pl/oi/68/4f/3b6884_c41c_cover-3-pokojowe-mieszkanie-lodz-julianow.jpg,,,parter,1989,blok,,,,,,,,,51.806579,19.430216
Łódź Chojny,ul. Grażyny,1,32,330000,10313,Oferta biura nieruchomości,ponad tydzień temu,11,https://adresowo.pl/o/mieszkanie-lodz-chojny-ul-grazyny-1-pokoj-c3o3f3,https://s2.adresowa.pl/oi/71/6a/3b688c_93a9_cover-1-pokojowe-mieszkanie-lodz-chojny-ul-grazyny.jpg,,,parter,2024,blok,,,,,,,,,51.721439,19.480278
Łódź Radogoszcz,ul. Nastrojowa,2,50,480000,9600,Bez pośredników,ponad tydzień temu,11,https://adresowo.pl/o/mieszkanie-lodz-radogoszcz-ul-nastrojowa-2-pokojowe-d8s9y4,https://s2.adresowa.pl/oi/47/20/3b71f8_6499_cover-2-pokojowe-mieszkanie-lodz-radogoszcz-ul-nastrojowa.jpg,,,1985,1985,blok,,,,,,,,,51.821074,19.441882
Łódź Widzew,ul. Mieczysławy Ćwiklińskiej,3,63,470000,7460,Bez pośredników,ponad tydzień temu,17,https://adresowo.pl/o/mieszkanie-lodz-widzew-ul-mieczyslawy-cwiklinskiej-3-pokojowe-b7q9o6,https://s2.adresowa.pl/oi/79/22/3b71da_d493_cover-3-pokojowe-mieszkanie-lodz-widzew-ul-mieczyslawy-cwiklinskiej.jpg,,,parter,1979,blok,,,,,,,,,51.755137,19.534501
Łódź Doły,ul. Przemysłowa,1,35,335000,9571,Bez pośredników,ponad tydzień temu,8,https://adresowo.pl/o/mieszkanie-lodz-doly-ul-przemyslowa-1-pokoj-u0c9q0,https://s2.adresowa.pl/oi/31/1f/3b6e20_3f97_cover-1-pokojowe-mieszkanie-lodz-doly-ul-przemyslowa.jpg,,,4,,blok,,,,,,,,,,
Łódź Dąbrowa,,2,40,390000,9644,Oferta biura nieruchomości,ponad tydzień temu,6,https://adresowo.pl/o/mieszkanie-lodz-dabrowa-2-pokojowe-40-m2-k6e1t2,https://s2.adresowa.pl/oi/2b/59/3b687c_745b_cover-2-pokojowe-mieszkanie-lodz-dabrowa.jpg,,,parter,,blok,,,,,,,,,,
Łódź Julianów,ul. gen. Józefa Bema,4,99,1280000,12983,Oferta biura nieruchomości,ponad tydzień temu,18,https://adresowo.pl/o/mieszkanie-lodz-julianow-ul-gen-jozefa-bema-4-pokojowe-i5d1i3,https://s2.adresowa.pl/oi/78/63/3b687e_f5c8_cover-4-pokojowe-mieszkanie-lodz-julianow-ul-gen-jozefa-bema.jpg,,,parter,2017,kamienica,,,,,,,,,51.814821,19.444571
Łódź Bałuty,,3,57,410400,7200,Bez pośredników,ponad tydzień temu,15,https://adresowo.pl/o/mieszkanie-lodz-baluty-3-pokojowe-57-m2-v7m3t1,https://s2.adresowa.pl/oi/3a/1f/3b6d8a_e63f_cover-3-pokojowe-mieszkanie-lodz-baluty.jpg,,,parter,1973,blok,,,,,,,,,,
Łódź Górna,,2,55,430000,7818,Bez pośredników,ponad tydzień temu,8,https://adresowo.pl/o/mieszkanie-lodz-gorna-2-pokojowe-55-m2-f0s6m5,https://s2.adresowa.pl/oi/3e/2a/3b6d66_7d5e_cover-2-pokojowe-mieszkanie-lodz-gorna.jpg,,,3,1981,blok,,,,,,,,,51.759292,19.455878
Łódź Górna,ul. Ignacego Paderewskiego,2,37,339000,9162,Bez pośredników,ponad tydzień temu,7,https://adresowo.pl/o/mieszkanie-lodz-gorna-ul-ignacego-paderewskiego-2-pokojowe-g6o4k8,https://s2.adresowa.pl/oi/11/2c/3b6d1c_d7aa_cover-2-pokojowe-mieszkanie-lodz-gorna-ul-ignacego-paderewskiego.jpg,,,339,1975,blok,,,,,,,,,51.726484,19.46583
Łódź,ul. Racjonalizatorów,2,48,330000,6876,Oferta biura nieruchomości,ponad tydzień temu,11,https://adresowo.pl/o/mieszkanie-lodz-ul-racjonalizatorow-2-pokojowe-x5n8k7,https://s2.adresowa.pl/oi/57/56/3b6876_51b6_cover-2-pokojowe-mieszkanie-lodz-ul-racjonalizatorow.jpg,,,parter,1956,blok,,,,,,,,,51.789621,19.460485
Łódź,park Stefana Żeromskiego,5,100,569000,5692,Oferta biura nieruchomości,ponad tydzień temu,13,https://adresowo.pl/o/mieszkanie-lodz-park-stefana-zeromskiego-5-pokojowe-w9u9m0,https://s2.adresowa.pl/oi/54/7a/3b687a_d356_cover-5-pokojowe-mieszkanie-lodz-park-stefana-zeromskiego.jpg,,,1947,1947,kamienica,,,,,,,,,,
Łódź Śródmieście,ul. Solna,3,54,459000,8500,Bez pośredników,ponad tydzień temu,9,https://adresowo.pl/o/mieszkanie-lodz-srodmiescie-ul-solna-3-pokojowe-c5s9x1,https://s2.adresowa.pl/oi/63/31/3b3116_3619_cover-3-pokojowe-mieszkanie-lodz-srodmiescie-ul-solna.jpg,,,1,1900,blok,,,,,,,,,51.777946,19.459999
Łódź Polesie,ul. Srebrzyńska,2,39,405000,10385,Bez pośredników,ponad tydzień temu,2,https://adresowo.pl/o/mieszkanie-lodz-polesie-ul-srebrzynska-2-pokojowe-v5o6u3,https://s2.adresowa.pl/oi/65/51/3b67be_9e0b_cover-2-pokojowe-mieszkanie-lodz-polesie-ul-srebrzynska.jpg,,,4,2025,blok,,,,,,,,,51.772606,19.418808
Łódź Chojny,ul. Strzelecka,2,51,400000,7843,Bez pośredników,ponad tydzień temu,6,https://adresowo.pl/o/mieszkanie-lodz-chojny-ul-strzelecka-2-pokojowe-j4e0d6,https://s2.adresowa.pl/oi/54/4c/3b6704_8995_cover-2-pokojowe-mieszkanie-lodz-chojny-ul-strzelecka.jpg,,,2,1985,blok,,,,,,,,,51.715818,19.495702
Łódź,ul. Tatrzańska,2,36,318000,8724,Oferta biura nieruchomości,ponad tydzień temu,8,https://adresowo.pl/o/mieszkanie-lodz-ul-tatrzanska-2-pokojowe-x4l7z5,https://s2.adresowa.pl/oi/3d/15/3b6872_59db_cover-2-pokojowe-mieszkanie-lodz-ul-tatrzanska.jpg,,,parter,1970,blok,,,,,,,,,51.742886,19.493301
Łódź Górna,ul. Stanisławy Leszczyńskiej,5,116,1150000,9957,Oferta biura nieruchomości,ponad tydzień temu,20,https://adresowo.pl/o/mieszkanie-lodz-gorna-ul-stanislawy-leszczynskiej-5-pokojowe-g7h9k5,https://s2.adresowa.pl/oi/1d/76/3b6874_7deb_cover-5-pokojowe-mieszkanie-lodz-gorna-ul-stanislawy-leszczynskiej.jpg,,,parter,1997,apartamentowiec,,,,,,,,,51.70374,19.475469
Łódź Widzew,ul. Andrzeja Sacharowa,2,47,355000,7553,Bez pośredników,ponad tydzień temu,5,https://adresowo.pl/o/mieszkanie-lodz-widzew-ul-andrzeja-sacharowa-2-pokojowe-j5w9o7,https://s2.adresowa.pl/oi/6a/4b/3b66f4_4afd_cover-2-pokojowe-mieszkanie-lodz-widzew-ul-andrzeja-sacharowa.jpg,,,2,,blok,,,,,,,,,51.758028,19.546722
Łódź,ul. Emilii Sczanieckiej,1,41,420000,10244,Bez pośredników,ponad tydzień temu,8,https://adresowo.pl/o/mieszkanie-lodz-ul-emilii-sczanieckiej-1-pokoj-l2b7r5,https://s2.adresowa.pl/oi/6d/29/3b6636_477f_cover-1-pokojowe-mieszkanie-lodz-ul-emilii-sczanieckiej.jpg,,,420,,blok,,,,,,,,,51.704746,19.475695
Łódź Bałuty,ul. Franciszkańska,3,54,395000,7274,Bez pośredników,ponad tydzień temu,11,https://adresowo.pl/o/mieszkanie-lodz-baluty-ul-franciszkanska-3-pokojowe-n3m8s0,https://s2.adresowa.pl/oi/31/70/3b6548_50f0_cover-3-pokojowe-mieszkanie-lodz-baluty-ul-franciszkanska.jpg,,,4,1976,blok,,,,,,,,,51.797975,19.462586
Łódź,ul. Stanisława Popowskiego,2,34,289000,8571,Oferta biura nieruchomości,ponad tydzień temu,9,https://adresowo.pl/o/mieszkanie-lodz-ul-stanislawa-popowskiego-2-pokojowe-s9z3d3,https://s2.adresowa.pl/oi/67/47/3b686e_76c5_cover-2-pokojowe-mieszkanie-lodz-ul-stanislawa-popowskiego.jpg,,,parter,1975,blok,,,,,,,,,51.759634,19.483069
Łódź,park im. Andrzeja Struga,5,144,2815000,19512,Oferta biura nieruchomości,ponad tydzień temu,10,https://adresowo.pl/o/mieszkanie-lodz-park-im-andrzeja-struga-5-pokojowe-n2e9u3,https://s2.adresowa.pl/oi/26/4b/3b6866_ac62_cover-5-pokojowe-mieszkanie-lodz-park-im-andrzeja-struga.jpg,,,2,,blok,,,,,,,,,51.762411,19.435114
Łódź Teofilów,ul. Traktorowa,1,27,220000,8215,Bez pośredników,ponad tydzień temu,8,https://adresowo.pl/o/mieszkanie-lodz-teofilow-ul-traktorowa-1-pokoj-e1b9w7,https://s2.adresowa.pl/oi/7d/21/3b6464_e29e_cover-1-pokojowe-mieszkanie-lodz-teofilow-ul-traktorowa.jpg,,,3,1967,blok,,,,,,,,,51.793095,19.395822
Łódź Śródmieście,ul. Piotrkowska,3,64,610000,9531,Bez pośredników,ponad tydzień temu,4,https://adresowo.pl/o/mieszkanie-lodz-srodmiescie-ul-piotrkowska-3-pokojowe-m4s2q8,https://s2.adresowa.pl/oi/51/49/3b5f40_e74c_cover-3-pokojowe-mieszkanie-lodz-srodmiescie-ul-piotrkowska.jpg,,,6,,blok,,,,,,,,,51.760568,19.458254
Łódź Widzew,ul. Jana Kilińskiego,2,51,749999,14706,Bez pośredników,ponad tydzień temu,12,https://adresowo.pl/o/mieszkanie-lodz-widzew-ul-jana-kilinskiego-2-pokojowe-d2w0j0,https://s2.adresowa.pl/oi/65/5c/3b5e64_34f4_cover-2-pokojowe-mieszkanie-lodz-widzew-ul-jana-kilinskiego.jpg,,,parter,2023,blok,,,,,,,,,,
Łódź Doły,ul. Młynarska,3,67,810000,12073,Oferta biura nieruchomości,ponad tydzień temu,13,https://adresowo.pl/o/mieszkanie-lodz-doly-ul-mlynarska-3-pokojowe-u4i3k9,https://s2.adresowa.pl/oi/38/1e/3b686a_dbfc_cover-3-pokojowe-mieszkanie-lodz-doly-ul-mlynarska.jpg,,,810,2021,blok,,,,,,,,,51.792133,19.458365
Łódź,,2,42,285000,6843,Oferta biura nieruchomości,ponad tydzień temu,12,https://adresowo.pl/o/mieszkanie-lodz-2-pokojowe-41-m2-t9r0b9,https://s2.adresowa.pl/oi/7d/2f/3b6860_cfc2_cover-2-pokojowe-mieszkanie-lodz.jpg,,,4,1950,blok,,,,,,,,,,
Łódź Śródmieście,ul. Gdańska,3,89,934000,10494,Bez pośredników,ponad tydzień temu,18,https://adresowo.pl/o/mieszkanie-lodz-srodmiescie-ul-gdanska-3-pokojowe-k5o4r7,https://s2.adresowa.pl/oi/39/7b/3b5dee_d810_cover-3-pokojowe-mieszkanie-lodz-srodmiescie-ul-gdanska.jpg,,,934,2026,,,,,,,,,,51.766829,19.449638
Łódź Dąbrowa,ul. Władysława Strzemińskiego,1,29,218000,7649,Bez pośredników,ponad tydzień temu,9,https://adresowo.pl/o/mieszkanie-lodz-dabrowa-ul-wladyslawa-strzeminskiego-1-pokoj-t0x5e8,https://s2.adresowa.pl/oi/6f/7c/3b5934_4756_cover-1-pokojowe-mieszkanie-lodz-dabrowa-ul-wladyslawa-strzeminskiego.jpg,,,parter,1970,blok,,,,,,,,,51.743008,19.498489
Łódź Górna,ul. Kosmonautów,3,47,379000,8064,Bez pośredników,ponad tydzień temu,6,https://adresowo.pl/o/mieszkanie-lodz-gorna-ul-kosmonautow-3-pokojowe-b4d4k4,https://s2.adresowa.pl/oi/40/68/3b5806_9789_cover-3-pokojowe-mieszkanie-lodz-gorna-ul-kosmonautow.jpg,,,parter,1960,blok,,,,,,,,,51.726323,19.450522
Łódź,ul. Juliana Tuwima,5,132,792000,5986,Oferta biura nieruchomości,ponad tydzień temu,10,https://adresowo.pl/o/mieszkanie-lodz-ul-juliana-tuwima-5-pokojowe-j0s7f4,https://s2.adresowa.pl/oi/57/69/3b6856_a36c_cover-5-pokojowe-mieszkanie-lodz-ul-juliana-tuwima.jpg,,,parter,,kamienica,,,,,,,,,51.766087,19.463664
Łódź Teofilów,ul. Aleksandrowska,2,45,289000,6394,Oferta biura nieruchomości,ponad tydzień temu,8,https://adresowo.pl/o/mieszkanie-lodz-teofilow-ul-aleksandrowska-2-pokojowe-f3o3x8,https://s2.adresowa.pl/oi/38/36/3b685c_b01c_cover-2-pokojowe-mieszkanie-lodz-teofilow-ul-aleksandrowska.jpg,,,parter,1968,blok,,,,,,,,,51.800236,19.380764
Łódź Górna,ul. Graniczna,2,48,649500,13531,Bez pośredników,ponad tydzień temu,11,https://adresowo.pl/o/mieszkanie-lodz-gorna-ul-graniczna-2-pokojowe-s4u2e3,https://s2.adresowa.pl/oi/69/53/3b57bc_b52d_cover-2-pokojowe-mieszkanie-lodz-gorna-ul-graniczna.jpg,,,parter,2025,blok,,,,,,,,,51.703578,19.461069
Łódź Śródmieście,ul. Juliana Tuwima,3,64,315000,4922,Bez pośredników,ponad tydzień temu,2,https://adresowo.pl/o/mieszkanie-lodz-srodmiescie-ul-juliana-tuwima-3-pokojowe-n0n2t5,https://s2.adresowa.pl/oi/31/3c/3b56d2_448b_cover-3-pokojowe-mieszkanie-lodz-srodmiescie-ul-juliana-tuwima.jpg,,,parter,1914,,,,,,,,,,51.767301,19.477729
Łódź Polesie,ul. kpt. Pilota Franciszka Żwirki,2,50,699000,13980,Bez pośredników,ponad tydzień temu,15,https://adresowo.pl/o/mieszkanie-lodz-polesie-ul-kpt-pilota-franciszka-zwirki-2-pokojowe-k9z4h3,https://s2.adresowa.pl/oi/35/46/3b55ba_ff42_cover-2-pokojowe-mieszkanie-lodz-polesie-ul-kpt-pilota-franciszka-zwirki.jpg,,,3,2019,blok,,,,,,,,,51.755513,19.453977
Łódź,ul. Ozorkowska,2,40,456500,11288,Oferta biura nieruchomości,ponad tydzień temu,8,https://adresowo.pl/o/mieszkanie-lodz-ul-ozorkowska-2-pokojowe-x5j8y1,https://s2.adresowa.pl/oi/7b/44/3b684e_a00e_cover-2-pokojowe-mieszkanie-lodz-ul-ozorkowska.jpg,,,parter,2026,blok,,,,,,,,,51.744858,19.486728
Łódź,ul. Zielona,2,55,436000,7984,Oferta biura nieruchomości,ponad tydzień temu,10,https://adresowo.pl/o/mieszkanie-lodz-ul-zielona-2-pokojowe-t1x2i3,https://s2.adresowa.pl/oi/60/3f/3b6852_95a5_cover-2-pokojowe-mieszkanie-lodz-ul-zielona.jpg,,,1960,1960,blok,,,,,,,,,51.770521,19.4552
Łódź Janów,ul. Andrzeja Kmicica,3,62,650000,10484,Bez pośredników,ponad tydzień temu,8,https://adresowo.pl/o/mieszkanie-lodz-janow-ul-andrzeja-kmicica-3-pokojowe-h8z9f8,https://s2.adresowa.pl/oi/72/5f/3b5570_a8ce_cover-3-pokojowe-mieszkanie-lodz-janow-ul-andrzeja-kmicica.jpg,,,parter,1992,blok,,,,,,,,,51.747236,19.565754
Łódź Dąbrowa,al. marsz. Edwarda Śmigłego-Rydza,3,47,385000,8191,Bez pośredników,ponad tydzień temu,9,https://adresowo.pl/o/mieszkanie-lodz-dabrowa-al-marsz-edwarda-smiglego-rydza-3-pokojowe-p3o9q3,https://s2.adresowa.pl/oi/42/7e/3b548a_a8d5_cover-3-pokojowe-mieszkanie-lodz-dabrowa-al-marsz-edwarda-smiglego-rydza.jpg,,,4,1968,blok,,,,,,,,,51.735501,19.488274
Łódź Teofilów,ul. Wici,2,38,309000,8240,Bez pośredników,ponad tydzień temu,13,https://adresowo.pl/o/mieszkanie-lodz-teofilow-ul-wici-2-pokojowe-f7h6r5,https://s2.adresowa.pl/oi/11/7f/3b5450_da35_cover-2-pokojowe-mieszkanie-lodz-teofilow-ul-wici.jpg,,,parter,1978,blok,,,,,,,,,,
Łódź,ul. Gdańska,2,54,585000,10878,Oferta biura nieruchomości,ponad tydzień temu,9,https://adresowo.pl/o/mieszkanie-lodz-ul-gdanska-2-pokojowe-d9b1c3,https://s2.adresowa.pl/oi/71/6b/3b684a_ce6c_cover-2-pokojowe-mieszkanie-lodz-ul-gdanska.jpg,,,parter,2021,blok,,,,,,,,,51.766829,19.449638
Łódź,,3,49,445000,9158,Oferta biura nieruchomości,ponad tydzień temu,12,https://adresowo.pl/o/mieszkanie-lodz-3-pokojowe-48-m2-l5o6c5,https://s2.adresowa.pl/oi/4b/78/3b684c_d555_cover-3-pokojowe-mieszkanie-lodz.jpg,,,3,1955,blok,,,,,,,,,51.786692,19.461715
Łódź Zarzew,al. marsz. Edwarda Śmigłego-Rydza,2,43,325000,7558,Bez pośredników,ponad tydzień temu,11,https://adresowo.pl/o/mieszkanie-lodz-zarzew-al-marsz-edwarda-smiglego-rydza-2-pokojowe-u2g1r9,https://s2.adresowa.pl/oi/68/56/3b53cc_4bb2_cover-2-pokojowe-mieszkanie-lodz-zarzew-al-marsz-edwarda-smiglego-rydza.jpg,,,parter,,blok,,,,,,,,,51.747521,19.489537
Łódź Śródmieście,ul. Wólczańska,2,39,437551,11111,Bez pośredników,ponad tydzień temu,4,https://adresowo.pl/o/mieszkanie-lodz-srodmiescie-ul-wolczanska-2-pokojowe-f9h3a7,https://s2.adresowa.pl/oi/76/28/3b51ea_a398_cover-2-pokojowe-mieszkanie-lodz-srodmiescie-ul-wolczanska.jpg,,,3,2026,blok,,,,,,,,,51.755588,19.454869
Łódź Widzew,,3,62,550000,8871,Bez pośredników,ponad tydzień temu,8,https://adresowo.pl/o/mieszkanie-lodz-widzew-3-pokojowe-62-m2-w3q6s8,https://s2.adresowa.pl/oi/39/29/3b51f2_7b0f_cover-3-pokojowe-mieszkanie-lodz-widzew.jpg,,,parter,,blok,,,,,,,,,51.759292,19.455878
Łódź Marysin,ul. Zbożowa,3,52,419000,8136,Oferta biura nieruchomości,ponad tydzień temu,10,https://adresowo.pl/o/mieszkanie-lodz-marysin-ul-zbozowa-3-pokojowe-k7o8k3,https://s2.adresowa.pl/oi/57/28/3b6846_ce34_cover-3-pokojowe-mieszkanie-lodz-marysin-ul-zbozowa.jpg,,,parter,1965,blok,,,,,,,,,51.793504,19.462157
Łódź Górna,ul. Zofii Nałkowskiej,2,37,368000,9946,Oferta biura nieruchomości,ponad tydzień temu,10,https://adresowo.pl/o/mieszkanie-lodz-gorna-ul-zofii-nalkowskiej-2-pokojowe-t2q6h2,https://s2.adresowa.pl/oi/44/54/3b683e_4489_cover-2-pokojowe-mieszkanie-lodz-gorna-ul-zofii-nalkowskiej.jpg,,,parter,1988,blok,,,,,,,,,51.734118,19.503882
Łódź Widzew,ul. Tatrzańska,1,27,299000,10997,Bez pośredników,ponad tydzień temu,6,https://adresowo.pl/o/mieszkanie-lodz-widzew-ul-tatrzanska-1-pokoj-d7j2p6,https://s2.adresowa.pl/oi/19/29/3b51c2_85e7_cover-1-pokojowe-mieszkanie-lodz-widzew-ul-tatrzanska.jpg,,,parter,,blok,,,,,,,,,51.745453,19.493727
Łódź Koziny,ul. Drewnowska,1,26,230000,8782,Bez pośredników,ponad tydzień temu,15,https://adresowo.pl/o/mieszkanie-lodz-koziny-ul-drewnowska-1-pokoj-w8y6i9,https://s2.adresowa.pl/oi/48/11/3b50de_e9a9_cover-1-pokojowe-mieszkanie-lodz-koziny-ul-drewnowska.jpg,,,7,1970,kamienica,,,,,,,,,51.78111,19.434213
Łódź Retkinia,ul. Maratońska,2,42,380000,8958,Bez pośredników,ponad tydzień temu,9,https://adresowo.pl/o/mieszkanie-lodz-retkinia-ul-maratonska-2-pokojowe-q5c5t0,https://s2.adresowa.pl/oi/13/50/3b50b6_48b2_cover-2-pokojowe-mieszkanie-lodz-retkinia-ul-maratonska.jpg,,,parter,,blok,,,,,,,,,51.738164,19.392464
Łódź,ul. Rydzowa,2,47,340000,7304,Oferta biura nieruchomości,ponad tydzień temu,9,https://adresowo.pl/o/mieszkanie-lodz-ul-rydzowa-2-pokojowe-s1u3x0,https://s2.adresowa.pl/oi/44/31/3b6840_8e4f_cover-2-pokojowe-mieszkanie-lodz-ul-rydzowa.jpg,,,parter,1972,blok,,,,,,,,,51.796354,19.374926
Łódź Karolew,ul. Wileńska,3,55,430000,7818,Oferta biura nieruchomości,ponad tydzień temu,8,https://adresowo.pl/o/mieszkanie-lodz-karolew-ul-wilenska-3-pokojowe-r5v7q6,https://s2.adresowa.pl/oi/4a/67/3b6838_b75e_cover-3-pokojowe-mieszkanie-lodz-karolew-ul-wilenska.jpg,,,2,1980,blok,,,,,,,,,51.752301,19.425119
Łódź Górna,ul. Stanisławy Leszczyńskiej,2,48,495000,10313,Bez pośredników,ponad tydzień temu,7,https://adresowo.pl/o/mieszkanie-lodz-gorna-ul-stanislawy-leszczynskiej-2-pokojowe-k0d8j5,https://s2.adresowa.pl/oi/74/12/3b503c_77ad_cover-2-pokojowe-mieszkanie-lodz-gorna-ul-stanislawy-leszczynskiej.jpg,,,495,2010,blok,,,,,,,,,51.704014,19.474072
Łódź Bałuty,ul. Julianowska,3,59,398250,6750,Bez pośredników,ponad tydzień temu,8,https://adresowo.pl/o/mieszkanie-lodz-baluty-ul-julianowska-3-pokojowe-a9h6z2,https://s2.adresowa.pl/oi/74/40/3b4ffa_462b_cover-3-pokojowe-mieszkanie-lodz-baluty-ul-julianowska.jpg,,,parter,,blok,,,,,,,,,,
Łódź Polesie,ul. Hipoteczna,2,39,330000,8462,Bez pośredników,ponad tydzień temu,8,https://adresowo.pl/o/mieszkanie-lodz-polesie-ul-hipoteczna-2-pokojowe-t6o3l3,https://s2.adresowa.pl/oi/11/4a/3b4fe6_51bb_cover-2-pokojowe-mieszkanie-lodz-polesie-ul-hipoteczna.jpg,,,2,,kamienica,,,,,,,,,51.793951,19.431782
Łódź,ul. Sebastiana Felsztyńskiego,2,52,512226,9900,Oferta biura nieruchomości,ponad tydzień temu,10,https://adresowo.pl/o/mieszkanie-lodz-ul-sebastiana-felsztynskiego-2-pokojowe-c9i0d5,https://s2.adresowa.pl/oi/21/45/3b683a_aa0a_cover-2-pokojowe-mieszkanie-lodz-ul-sebastiana-felsztynskiego.jpg,,,parter,2027,kamienica,,,,,,,,,51.739484,19.446259
Łódź,ul. Piotrkowska,4,96,799000,8307,Oferta biura nieruchomości,ponad tydzień temu,15,https://adresowo.pl/o/mieszkanie-lodz-ul-piotrkowska-4-pokojowe-o6e8m1,https://s2.adresowa.pl/oi/56/4a/3b6834_4bba_cover-4-pokojowe-mieszkanie-lodz-ul-piotrkowska.jpg,,,parter,,kamienica,,,,,,,,,51.769211,19.456115
Łódź Widzew,al. marsz. Józefa Piłsudskiego,2,39,465000,11853,Bez pośredników,ponad tydzień temu,7,https://adresowo.pl/o/mieszkanie-lodz-widzew-al-marsz-jozefa-pilsudskiego-2-pokojowe-s3b1d5,https://s2.adresowa.pl/oi/69/1c/3b4f24_ea1e_cover-2-pokojowe-mieszkanie-lodz-widzew-al-marsz-jozefa-pilsudskiego.jpg,,,parter,2025,blok,,,,,,,,,51.762075,19.490568
Łódź Polesie,,2,45,460000,10222,Bez pośredników,ponad tydzień temu,8,https://adresowo.pl/o/mieszkanie-lodz-polesie-2-pokojowe-45-m2-x0p9l4,https://s2.adresowa.pl/oi/1e/1a/3b4eb8_e658_cover-2-pokojowe-mieszkanie-lodz-polesie.jpg,,,parter,1975,blok,,,,,,,,,51.759292,19.455878
Łódź Karolew,ul. Narciarska,3,54,525000,9722,Bez pośredników,ponad tydzień temu,8,https://adresowo.pl/o/mieszkanie-lodz-karolew-ul-narciarska-3-pokojowe-m8y0j1,https://s2.adresowa.pl/oi/1c/2a/3b4e78_5460_cover-3-pokojowe-mieszkanie-lodz-karolew-ul-narciarska.jpg,,,9,1973,blok,,,,,,,,,51.74639,19.421808
Łódź,ul. Juliana Tuwima,2,60,449000,7446,Oferta biura nieruchomości,ponad tydzień temu,8,https://adresowo.pl/o/mieszkanie-lodz-ul-juliana-tuwima-2-pokojowe-z2d7h7,https://s2.adresowa.pl/oi/26/48/3b682c_7df8_cover-2-pokojowe-mieszkanie-lodz-ul-juliana-tuwima.jpg,,,3,1930,blok,,,,,,,,,51.766087,19.463664
Łódź Julianów,,2,58,599000,10417,Oferta biura nieruchomości,ponad tydzień temu,15,https://adresowo.pl/o/mieszkanie-lodz-julianow-2-pokojowe-57-m2-p0s5p3,https://s2.adresowa.pl/oi/57/69/3b682e_7e8c_cover-2-pokojowe-mieszkanie-lodz-julianow.jpg,,,parter,2013,blok,,,,,,,,,51.80794,19.429371
Łódź Radogoszcz,ul. Pstrągowa,3,60,495000,8223,Bez pośredników,5 dni temu,11,https://adresowo.pl/o/mieszkanie-lodz-radogoszcz-ul-pstragowa-3-pokojowe-z1e0k9,https://s2.adresowa.pl/oi/64/3a/3b83fa_9298_cover-3-pokojowe-mieszkanie-lodz-radogoszcz-ul-pstragowa.jpg,,,495,1987,blok,,,,,,,,,51.820484,19.436691
Łódź Górna,ul. Konstantego Ciołkowskiego,2,48,352000,7333,Bez pośredników,ponad tydzień temu,8,https://adresowo.pl/o/mieszkanie-lodz-gorna-ul-konstantego-ciolkowskiego-2-pokojowe-e0l2b6,https://s2.adresowa.pl/oi/3f/49/3b4dd2_42d0_cover-2-pokojowe-mieszkanie-lodz-gorna-ul-konstantego-ciolkowskiego.jpg,,,parter,,blok,,,,,,,,,51.759292,19.455878
Łódź Dąbrowa,ul. Władysława Broniewskiego,3,52,398000,7654,Bez pośredników,ponad tydzień temu,8,https://adresowo.pl/o/mieszkanie-lodz-dabrowa-ul-wladyslawa-broniewskiego-3-pokojowe-a2j6o3,https://s2.adresowa.pl/oi/69/7a/3b4d8a_9482_cover-3-pokojowe-mieszkanie-lodz-dabrowa-ul-wladyslawa-broniewskiego.jpg,,,4,1970,blok,,,,,,,,,51.732658,19.489284
,,,,,,Pośrednik,,,https://adresowo.pl/mieszkania/lodz/srodmiescie-1/,,,,parter,1912,kamienica,,,,,,,,,,
Łódź Radogoszcz,ul. 11 Listopada,3,53,423000,7981,Bez pośredników,ponad tydzień temu,12,https://adresowo.pl/o/mieszkanie-lodz-radogoszcz-ul-11-listopada-3-pokojowe-q9z5i3,https://s2.adresowa.pl/oi/46/1a/3b4ce2_2d6c_cover-3-pokojowe-mieszkanie-lodz-radogoszcz-ul-11-listopada.jpg,,,4,1983,blok,,,,,,,,,51.81979,19.421774
Łódź Olechów,ul. Księżnej Kingi,2,48,379895,7910,Oferta biura nieruchomości,ponad tydzień temu,10,https://adresowo.pl/o/mieszkanie-lodz-olechow-ul-ksieznej-kingi-2-pokojowe-w6s9o5,https://s2.adresowa.pl/oi/1e/58/3b6822_d3e2_cover-2-pokojowe-mieszkanie-lodz-olechow-ul-ksieznej-kingi.jpg,,,parter,1990,blok,,,,,,,,,,
Łódź Śródmieście,ul. Gdańska,3,73,608000,8304,Oferta biura nieruchomości,ponad tydzień temu,14,https://adresowo.pl/o/mieszkanie-lodz-srodmiescie-ul-gdanska-3-pokojowe-t8l2n0,https://s2.adresowa.pl/oi/5b/16/3b682a_a80a_cover-3-pokojowe-mieszkanie-lodz-srodmiescie-ul-gdanska.jpg,,,parter,2022,blok,,,,,,,,,51.766829,19.449638
Łódź Polesie,ul. kpt. Stefana Pogonowskiego,2,34,137000,3983,Bez pośredników,ponad tydzień temu,10,https://adresowo.pl/o/mieszkanie-lodz-polesie-ul-kpt-stefana-pogonowskiego-2-pokojowe-s9n1n4,https://s2.adresowa.pl/oi/6d/67/3b4bc2_d448_cover-2-pokojowe-mieszkanie-lodz-polesie-ul-kpt-stefana-pogonowskiego.jpg,,,parter,1930,,,,,,,,,,,
Łódź Śródmieście,ul. Piotrkowska,3,137,700000,5109,Bez pośredników,ponad tydzień temu,1,https://adresowo.pl/o/mieszkanie-lodz-srodmiescie-ul-piotrkowska-3-pokojowe-u3k7i8,https://s2.adresowa.pl/oi/76/1a/3b1c60_f54b_cover-3-pokojowe-mieszkanie-lodz-srodmiescie-ul-piotrkowska.jpg,,,700,,kamienica,,,,,,,,,51.771361,19.456207
Łódź Bałuty,ul. Sukiennicza,2,47,315000,6767,Bez pośredników,ponad tydzień temu,2,https://adresowo.pl/o/mieszkanie-lodz-baluty-ul-sukiennicza-2-pokojowe-c5y7h6,https://s2.adresowa.pl/oi/1f/56/3b49ac_c5a5_cover-2-pokojowe-mieszkanie-lodz-baluty-ul-sukiennicza.jpg,,,2,1974,blok,,,,,,,,,,
Łódź Widzew,ul. Przędzalniana,1,39,275000,7051,Oferta biura nieruchomości,ponad tydzień temu,5,https://adresowo.pl/o/mieszkanie-lodz-widzew-ul-przedzalniana-1-pokoj-p9s2b1,https://s2.adresowa.pl/oi/47/71/3b6820_a8e3_cover-1-pokojowe-mieszkanie-lodz-widzew-ul-przedzalniana.jpg,,,parter,,blok,,,,,,,,,51.754349,19.483936
Łódź,ul. Sebastiana Felsztyńskiego,3,65,710789,10900,Oferta biura nieruchomości,ponad tydzień temu,10,https://adresowo.pl/o/mieszkanie-lodz-ul-sebastiana-felsztynskiego-3-pokojowe-f6z9m4,https://s2.adresowa.pl/oi/39/3a/3b681a_c311_cover-3-pokojowe-mieszkanie-lodz-ul-sebastiana-felsztynskiego.jpg,,,parter,2021,blok,,,,,,,,,51.739634,19.447279
Łódź Bałuty,ul. Północna,2,57,425000,7456,Bez pośredników,ponad tydzień temu,16,https://adresowo.pl/o/mieszkanie-lodz-baluty-ul-polnocna-2-pokojowe-d7j3u5,https://s2.adresowa.pl/oi/52/43/3b47bc_52fb_cover-2-pokojowe-mieszkanie-lodz-baluty-ul-polnocna.jpg,,,parter,1955,blok,,,,,,,,,51.779882,19.465905
Łódź Widzew,ul. mjr. Eugeniusza Nurta-Kaszyńskiego,2,62,520000,8387,Bez pośredników,ponad tydzień temu,1,https://adresowo.pl/o/mieszkanie-lodz-widzew-ul-mjr-eugeniusza-nurta-kaszynskiego-2-pokojowe-x6u7t5,https://s2.adresowa.pl/oi/3d/26/3b473a_4375_cover-2-pokojowe-mieszkanie-lodz-widzew-ul-mjr-eugeniusza-nurta-kaszynskiego.jpg,,,520,,blok,,,,,,,,,51.747932,19.506722
Łódź Górna,ul. Płocka,2,31,349000,11104,Bez pośredników,ponad tydzień temu,19,https://adresowo.pl/o/mieszkanie-lodz-gorna-ul-plocka-2-pokojowe-n3c3e0,https://s2.adresowa.pl/oi/5e/57/3b46e8_5978_cover-2-pokojowe-mieszkanie-lodz-gorna-ul-plocka.jpg,,,2021,2021,blok,,,,,,,,,51.74168,19.478078
Łódź Stoki,ul. Listopadowa,3,64,615000,9670,Oferta biura nieruchomości,ponad tydzień temu,18,https://adresowo.pl/o/mieszkanie-lodz-stoki-ul-listopadowa-3-pokojowe-r8i4n5,https://s2.adresowa.pl/oi/24/7a/3b6818_8d6f_cover-3-pokojowe-mieszkanie-lodz-stoki-ul-listopadowa.jpg,,,3,2014,,,,,,,,,,51.777389,19.537472
Łódź,ul. Stefana Jaracza,3,49,549000,11204,Oferta biura nieruchomości,ponad tydzień temu,17,https://adresowo.pl/o/mieszkanie-lodz-ul-stefana-jaracza-3-pokojowe-k9a8h0,https://s2.adresowa.pl/oi/21/33/3b6812_f78b_cover-3-pokojowe-mieszkanie-lodz-ul-stefana-jaracza.jpg,,,parter,,kamienica,,,,,,,,,51.772947,19.464064
Łódź Bałuty,ul. Urzędnicza,2,44,350000,7955,Bez pośredników,ponad tydzień temu,7,https://adresowo.pl/o/mieszkanie-lodz-baluty-ul-urzednicza-2-pokojowe-n6l7e9,https://s2.adresowa.pl/oi/36/77/3b454e_df49_cover-2-pokojowe-mieszkanie-lodz-baluty-ul-urzednicza.jpg,,,parter,,blok,,,,,,,,,51.792856,19.44401
Łódź Bałuty,,2,37,253000,6750,Bez pośredników,ponad tydzień temu,7,https://adresowo.pl/o/mieszkanie-lodz-baluty-2-pokojowe-37-m2-n5x2f4,https://s2.adresowa.pl/oi/16/4b/3b4446_5276_cover-2-pokojowe-mieszkanie-lodz-baluty.jpg,,,parter,,blok,,,,,,,,,51.759292,19.455878
Łódź Śródmieście,ul. Nawrot,2,50,270000,5400,Bez pośredników,ponad tydzień temu,8,https://adresowo.pl/o/mieszkanie-lodz-srodmiescie-ul-nawrot-2-pokojowe-d0r7r3,https://s2.adresowa.pl/oi/5f/35/3b438a_de91_cover-2-pokojowe-mieszkanie-lodz-srodmiescie-ul-nawrot.jpg,,,parter,1915,,,,,,,,,,51.763339,19.471276
Łódź,ul. Mikołaja Kopernika,1,28,449000,16036,Oferta biura nieruchomości,ponad tydzień temu,9,https://adresowo.pl/o/mieszkanie-lodz-ul-mikolaja-kopernika-1-pokoj-j9q3z7,https://s2.adresowa.pl/oi/2d/6d/3b680c_f5cf_cover-1-pokojowe-mieszkanie-lodz-ul-mikolaja-kopernika.jpg,,,parter,2024,blok,,,,,,,,,51.758589,19.438847
Łódź,ul. Wdzięczna,3,62,399000,6435,Oferta biura nieruchomości,ponad tydzień temu,7,https://adresowo.pl/o/mieszkanie-lodz-ul-wdzieczna-3-pokojowe-y3x1r3,https://s2.adresowa.pl/oi/68/14/3b6810_a420_cover-3-pokojowe-mieszkanie-lodz-ul-wdzieczna.jpg,,,1985,1985,blok,,,,,,,,,51.716359,19.493192
Łódź Górna,ul. Podmiejska,2,43,369000,8585,Bez pośredników,ponad tydzień temu,20,https://adresowo.pl/o/mieszkanie-lodz-gorna-ul-podmiejska-2-pokojowe-m3w3l4,https://s2.adresowa.pl/oi/1f/5b/3b431e_2db0_cover-2-pokojowe-mieszkanie-lodz-gorna-ul-podmiejska.jpg,,,parter,1975,blok,,,,,,,,,51.735932,19.474617
Łódź Górna,,3,47,385000,8153,Bez pośredników,ponad tydzień temu,13,https://adresowo.pl/o/mieszkanie-lodz-gorna-3-pokojowe-47-m2-j3n0f7,https://s2.adresowa.pl/oi/30/4c/3b42ca_c620_cover-3-pokojowe-mieszkanie-lodz-gorna.jpg,,,parter,,blok,,,,,,,,,51.759292,19.455878
Łódź Nowe Złotno,ul. Rąbieńska,2,38,490000,12895,Bez pośredników,ponad tydzień temu,8,https://adresowo.pl/o/mieszkanie-lodz-nowe-zlotno-ul-rabienska-2-pokojowe-x2d1w8,https://s2.adresowa.pl/oi/53/7e/3b4132_e7da_cover-2-pokojowe-mieszkanie-lodz-nowe-zlotno-ul-rabienska.jpg,,,3,2011,blok,,,,,,,,,51.786769,19.37654
Łódź Radogoszcz,,3,54,480000,8889,Oferta biura nieruchomości,ponad tydzień temu,13,https://adresowo.pl/o/mieszkanie-lodz-radogoszcz-3-pokojowe-54-m2-w3f8p9,https://s2.adresowa.pl/oi/66/7b/3b67f8_9090_cover-3-pokojowe-mieszkanie-lodz-radogoszcz.jpg,,,480,1985,blok,,,,,,,,,51.81806,19.427719
Łódź,al. ks. kard. Stefana Wyszyńskiego,1,47,345000,7395,Oferta biura nieruchomości,ponad tydzień temu,10,https://adresowo.pl/o/mieszkanie-lodz-al-ks-kard-stefana-wyszynskiego-1-pokoj-p0u7c3,https://s2.adresowa.pl/oi/70/72/3b67da_97dd_cover-1-pokojowe-mieszkanie-lodz-al-ks-kard-stefana-wyszynskiego.jpg,,,parter,1994,blok,,,,,,,,,51.747533,19.41209
Łódź Górna,,3,69,589000,8536,Bez pośredników,ponad tydzień temu,8,https://adresowo.pl/o/mieszkanie-lodz-gorna-3-pokojowe-69-m2-p2a8n8,https://s2.adresowa.pl/oi/67/79/3b40fc_3200_cover-3-pokojowe-mieszkanie-lodz-gorna.jpg,,,2,2025,blok,,,,,,,,,51.759292,19.455878
Łódź Karolew,ul. Wileńska,2,44,305000,7011,Bez pośredników,ponad tydzień temu,15,https://adresowo.pl/o/mieszkanie-lodz-karolew-ul-wilenska-2-pokojowe-c4b6q1,https://s2.adresowa.pl/oi/16/49/3b40ac_9a4f_cover-2-pokojowe-mieszkanie-lodz-karolew-ul-wilenska.jpg,,,6,1964,blok,,,,,,,,,51.754221,19.416427
Łódź Radogoszcz,ul. Pstrągowa,3,60,579000,9636,Bez pośredników,ponad tydzień temu,5,https://adresowo.pl/o/mieszkanie-lodz-radogoszcz-ul-pstragowa-3-pokojowe-l4r1q1,https://s2.adresowa.pl/oi/12/23/3b407c_a5ab_cover-3-pokojowe-mieszkanie-lodz-radogoszcz-ul-pstragowa.jpg,,,579,1995,blok,,,,,,,,,51.820484,19.436691
Łódź,ul. Czechosłowacka,3,72,860000,11928,Oferta biura nieruchomości,ponad tydzień temu,17,https://adresowo.pl/o/mieszkanie-lodz-ul-czechoslowacka-3-pokojowe-c1f4b9,https://s2.adresowa.pl/oi/5d/17/3b67d2_4083_cover-3-pokojowe-mieszkanie-lodz-ul-czechoslowacka.jpg,,,parter,2011,blok,,,,,,,,,51.767587,19.523122
Łódź Koziny,ul. Górna,2,45,359000,7946,Oferta biura nieruchomości,ponad tydzień temu,9,https://adresowo.pl/o/mieszkanie-lodz-koziny-ul-gorna-2-pokojowe-i5f2s6,https://s2.adresowa.pl/oi/34/26/3b67d0_e335_cover-2-pokojowe-mieszkanie-lodz-koziny-ul-gorna.jpg,,,2,1973,blok,,,,,,,,,51.778059,19.428802
Łódź Bałuty,ul. Wawelska,2,43,309000,7186,Bez pośredników,ponad tydzień temu,4,https://adresowo.pl/o/mieszkanie-lodz-baluty-ul-wawelska-2-pokojowe-g4n1k2,https://s2.adresowa.pl/oi/6e/25/3b4038_3365_cover-2-pokojowe-mieszkanie-lodz-baluty-ul-wawelska.jpg,,,6,1980,blok,,,,,,,,,51.790531,19.456085
Łódź Górna,ul. Stanisława Brzozowskiego,2,44,345000,7841,Bez pośredników,ponad tydzień temu,13,https://adresowo.pl/o/mieszkanie-lodz-gorna-ul-stanislawa-brzozowskiego-2-pokojowe-c4k8u2,https://s2.adresowa.pl/oi/17/77/3b4020_a936_cover-2-pokojowe-mieszkanie-lodz-gorna-ul-stanislawa-brzozowskiego.jpg,,,parter,1970,blok,,,,,,,,,51.731076,19.445192
Łódź Górna,ul. Ignacego Paderewskiego,2,43,390000,9070,Bez pośredników,ponad tydzień temu,6,https://adresowo.pl/o/mieszkanie-lodz-gorna-ul-ignacego-paderewskiego-2-pokojowe-z9l3c0,https://s2.adresowa.pl/oi/20/5d/3b3fe8_41a8_cover-2-pokojowe-mieszkanie-lodz-gorna-ul-ignacego-paderewskiego.jpg,,,parter,1967,blok,,,,,,,,,51.727141,19.465518
Łódź,ul. Zarzewska,1,44,395000,9076,Oferta biura nieruchomości,ponad tydzień temu,11,https://adresowo.pl/o/mieszkanie-lodz-ul-zarzewska-1-pokoj-w1d3j8,https://s2.adresowa.pl/oi/4a/1d/3b67c8_44e3_cover-1-pokojowe-mieszkanie-lodz-ul-zarzewska.jpg,,,parter,1901,kamienica,,,,,,,,,51.740814,19.468117
Łódź,ul. Juliana Tuwima,2,61,520000,8488,Oferta biura nieruchomości,ponad tydzień temu,16,https://adresowo.pl/o/mieszkanie-lodz-ul-juliana-tuwima-2-pokojowe-f9e4k2,https://s2.adresowa.pl/oi/7a/7b/3b67c2_376a_cover-2-pokojowe-mieszkanie-lodz-ul-juliana-tuwima.jpg,,,520,1912,kamienica,,,,,,,,,51.766501,19.466353
Łódź Śródmieście,,3,90,765000,8500,Bez pośredników,ponad tydzień temu,10,https://adresowo.pl/o/mieszkanie-lodz-srodmiescie-3-pokojowe-90-m2-t5w1m5,https://s2.adresowa.pl/oi/2c/25/3b3fcc_c3b9_cover-3-pokojowe-mieszkanie-lodz-srodmiescie.jpg,,,parter,1938,blok,,,,,,,,,51.759292,19.455878
Łódź Śródmieście,ul. Piotrkowska,3,60,720000,11960,Bez pośredników,ponad tydzień temu,11,https://adresowo.pl/o/mieszkanie-lodz-srodmiescie-ul-piotrkowska-3-pokojowe-f6o9o3,https://s2.adresowa.pl/oi/55/6f/3b3f7a_8eef_cover-3-pokojowe-mieszkanie-lodz-srodmiescie-ul-piotrkowska.jpg,,,parter,2020,blok,,,,,,,,,51.760568,19.458254
Łódź Olechów,ul. Elżbiety Łokietkówny,4,104,1131732,10882,Bez pośredników,ponad tydzień temu,8,https://adresowo.pl/o/mieszkanie-lodz-olechow-ul-elzbiety-lokietkowny-4-pokojowe-r8b5s9,https://s2.adresowa.pl/oi/2e/44/3b3f28_3ae6_cover-4-pokojowe-mieszkanie-lodz-olechow-ul-elzbiety-lokietkowny.jpg,,,parter,2019,apartamentowiec,,,,,,,,,51.73749,19.573866
Łódź Górna,ul. Stocka,1,33,210000,6364,Oferta biura nieruchomości,ponad tydzień temu,4,https://adresowo.pl/o/mieszkanie-lodz-gorna-ul-stocka-1-pokoj-b6t7v6,https://s2.adresowa.pl/oi/25/6b/3b67bc_d2d6_cover-1-pokojowe-mieszkanie-lodz-gorna-ul-stocka.jpg,,,parter,1975,blok,,,,,,,,,51.74483,19.466658
Łódź Bałuty,,3,79,439000,5533,Oferta biura nieruchomości,ponad tydzień temu,8,https://adresowo.pl/o/mieszkanie-lodz-baluty-3-pokojowe-79-m2-u5o3d4,https://s2.adresowa.pl/oi/45/6a/3b67ba_c8ac_cover-3-pokojowe-mieszkanie-lodz-baluty.jpg,,,parter,1948,blok,,,,,,,,,51.786072,19.4561
Łódź Bałuty,ul. Świtezianki,2,50,465000,9375,Bez pośredników,ponad tydzień temu,8,https://adresowo.pl/o/mieszkanie-lodz-baluty-ul-switezianki-2-pokojowe-q3k8v9,https://s2.adresowa.pl/oi/5b/66/3b3e64_de50_cover-2-pokojowe-mieszkanie-lodz-baluty-ul-switezianki.jpg,,,465,2025,apartamentowiec,,,,,,,,,51.823709,19.438808
Łódź Śródmieście,ul. Grabowa,1,23,219000,9522,Bez pośredników,ponad tydzień temu,8,https://adresowo.pl/o/mieszkanie-lodz-srodmiescie-ul-grabowa-1-pokoj-m9h0c8,https://s2.adresowa.pl/oi/6e/3a/3b3ca4_2746_cover-1-pokojowe-mieszkanie-lodz-srodmiescie-ul-grabowa.jpg,,,parter,,kamienica,,,,,,,,,51.746914,19.473072
Łódź Chojny,ul. Rolnicza,4,106,1149000,10840,Bez pośredników,ponad tydzień temu,20,https://adresowo.pl/o/mieszkanie-lodz-chojny-ul-rolnicza-4-pokojowe-u2i7z9,https://s2.adresowa.pl/oi/4c/1b/3b3b9e_39d0_cover-4-pokojowe-mieszkanie-lodz-chojny-ul-rolnicza.jpg,,,parter,2016,apartamentowiec,,,,,,,,,51.723567,19.500762
Łódź,park im. Jana Kilińskiego,2,39,236000,5990,Oferta biura nieruchomości,ponad tydzień temu,11,https://adresowo.pl/o/mieszkanie-lodz-park-im-jana-kilinskiego-2-pokojowe-u7d7o9,https://s2.adresowa.pl/oi/25/76/3b67b4_4d26_cover-2-pokojowe-mieszkanie-lodz-park-im-jana-kilinskiego.jpg,,,parter,1905,kamienica,,,,,,,,,51.748105,19.474763
Łódź Żubardź,ul. Powstańców Wielkopolskich,2,46,349000,7587,Oferta biura nieruchomości,ponad tydzień temu,9,https://adresowo.pl/o/mieszkanie-lodz-zubardz-ul-powstancow-wielkopolskich-2-pokojowe-c1x5g5,https://s2.adresowa.pl/oi/26/3f/3b67a8_bd8a_cover-2-pokojowe-mieszkanie-lodz-zubardz-ul-powstancow-wielkopolskich.jpg,,,1965,1965,blok,,,,,,,,,51.784943,19.422537
Łódź Śródmieście,ul. Wojciecha Hasa,3,58,793950,13600,Bez pośredników,ponad tydzień temu,9,https://adresowo.pl/o/mieszkanie-lodz-srodmiescie-ul-wojciecha-hasa-3-pokojowe-k3j5r7,https://s2.adresowa.pl/oi/51/7b/3b3b9a_a2a4_cover-3-pokojowe-mieszkanie-lodz-srodmiescie-ul-wojciecha-hasa.jpg,,,parter,2026,blok,,,,,,,,,51.768301,19.468831
Łódź Widzew,ul. Józefa Elsnera,1,35,290000,8206,Bez pośredników,ponad tydzień temu,9,https://adresowo.pl/o/mieszkanie-lodz-widzew-ul-jozefa-elsnera-1-pokoj-c1m7l8,https://s2.adresowa.pl/oi/40/7e/3b3a00_c48e_cover-1-pokojowe-mieszkanie-lodz-widzew-ul-jozefa-elsnera.jpg,,,parter,1980,blok,,,,,,,,,51.755845,19.531267
Łódź Śródmieście,ul. Tylna,4,76,729000,9651,Bez pośredników,ponad tydzień temu,1,https://adresowo.pl/o/mieszkanie-lodz-srodmiescie-ul-tylna-4-pokojowe-v6o9m3,https://s2.adresowa.pl/oi/24/42/3b399a_7e53_cover-4-pokojowe-mieszkanie-lodz-srodmiescie-ul-tylna.jpg,,,parter,,blok,,,,,,,,,51.752733,19.468866
Łódź,ul. Gdańska,3,71,637000,8923,Oferta biura nieruchomości,ponad tydzień temu,9,https://adresowo.pl/o/mieszkanie-lodz-ul-gdanska-3-pokojowe-x5p9m7,https://s2.adresowa.pl/oi/57/1d/3b67a0_6d5d_cover-3-pokojowe-mieszkanie-lodz-ul-gdanska.jpg,,,7,2021,blok,,,,,,,,,51.766829,19.449638
Łódź Romanów,ul. Romanowska,3,62,436000,6987,Oferta biura nieruchomości,ponad tydzień temu,10,https://adresowo.pl/o/mieszkanie-lodz-romanow-ul-romanowska-3-pokojowe-c6i6i1,https://s2.adresowa.pl/oi/2e/79/3b679c_ddea_cover-3-pokojowe-mieszkanie-lodz-romanow-ul-romanowska.jpg,,,parter,2001,blok,,,,,,,,,51.807139,19.336278
Łódź Górna,ul. Joachima Lelewela,2,43,360000,8372,Bez pośredników,ponad tydzień temu,9,https://adresowo.pl/o/mieszkanie-lodz-gorna-ul-joachima-lelewela-2-pokojowe-p0o2v3,https://s2.adresowa.pl/oi/2a/6f/3b37da_8d3a_cover-2-pokojowe-mieszkanie-lodz-gorna-ul-joachima-lelewela.jpg,,,7,1974,blok,,,,,,,,,51.733041,19.476161
Łódź Widzew,ul. Widzewska,3,63,725000,11472,Bez pośredników,ponad tydzień temu,20,https://adresowo.pl/o/mieszkanie-lodz-widzew-ul-widzewska-3-pokojowe-y8h5r6,https://s2.adresowa.pl/oi/1f/29/3b3796_3478_cover-3-pokojowe-mieszkanie-lodz-widzew-ul-widzewska.jpg,,,parter,2025,blok,,,,,,,,,51.761416,19.517673
Łódź Polesie,ul. Zielona,6,98,980000,9989,Bez pośredników,ponad tydzień temu,19,https://adresowo.pl/o/mieszkanie-lodz-polesie-ul-zielona-6-pokojowe-o7h8g9,https://s2.adresowa.pl/oi/33/58/3b3784_98fe_cover-6-pokojowe-mieszkanie-lodz-polesie-ul-zielona.jpg,,,parter,1905,kamienica,,,,,,,,,51.770266,19.447624
Łódź Śródmieście,ul. Gdańska,3,76,710000,9379,Oferta biura nieruchomości,ponad tydzień temu,12,https://adresowo.pl/o/mieszkanie-lodz-srodmiescie-ul-gdanska-3-pokojowe-c3t6r3,https://s2.adresowa.pl/oi/54/20/3b6798_2d4a_cover-3-pokojowe-mieszkanie-lodz-srodmiescie-ul-gdanska.jpg,,,parter,2021,blok,,,,,,,,,51.766829,19.449638
Łódź,,3,67,663993,9900,Oferta biura nieruchomości,ponad tydzień temu,11,https://adresowo.pl/o/mieszkanie-lodz-3-pokojowe-67-m2-j1r3n6,https://s2.adresowa.pl/oi/4a/7f/3b6794_efb6_cover-3-pokojowe-mieszkanie-lodz.jpg,,,7,2014,blok,,,,,,,,,51.751807,19.499077
Łódź Śródmieście,ul. ks. bp. Wincentego Tymienieckiego,3,81,1093500,13468,Bez pośredników,ponad tydzień temu,17,https://adresowo.pl/o/mieszkanie-lodz-srodmiescie-ul-ks-bp-wincentego-tymienieckiego-3-pokojowe-a1y0s1,https://s2.adresowa.pl/oi/6e/21/3b3708_ac18_cover-3-pokojowe-mieszkanie-lodz-srodmiescie-ul-ks-bp-wincentego-tymienieckiego.jpg,,,parter,2010,apartamentowiec,,,,,,,,,51.752516,19.476713
Łódź Śródmieście,ul. Grabowa,2,38,282000,7421,Bez pośredników,ponad tydzień temu,8,https://adresowo.pl/o/mieszkanie-lodz-srodmiescie-ul-grabowa-2-pokojowe-q6m4y5,https://s2.adresowa.pl/oi/1c/23/3b340e_a544_cover-2-pokojowe-mieszkanie-lodz-srodmiescie-ul-grabowa.jpg,,,282,1915,,,,,,,,,,51.747481,19.472557
Łódź Górna,ul. Lecznicza,2,43,420000,9724,Bez pośredników,ponad tydzień temu,19,https://adresowo.pl/o/mieszkanie-lodz-gorna-ul-lecznicza-2-pokojowe-b6v9n0,https://s2.adresowa.pl/oi/52/21/3b33d0_400e_cover-2-pokojowe-mieszkanie-lodz-gorna-ul-lecznicza.jpg,,,420,1976,blok,,,,,,,,,51.734663,19.473147
Łódź,ul. Obornicka,3,54,449000,8269,Oferta biura nieruchomości,ponad tydzień temu,9,https://adresowo.pl/o/mieszkanie-lodz-ul-obornicka-3-pokojowe-t0t4l8,https://s2.adresowa.pl/oi/4d/56/3b678e_c4fd_cover-3-pokojowe-mieszkanie-lodz-ul-obornicka.jpg,,,5,1972,blok,,,,,,,,,51.788536,19.432292
Łódź Śródmieście,ul. Gdańska,3,73,608000,8291,Oferta biura nieruchomości,ponad tydzień temu,13,https://adresowo.pl/o/mieszkanie-lodz-srodmiescie-ul-gdanska-3-pokojowe-n7n1v9,https://s2.adresowa.pl/oi/79/6b/3b678a_c9b6_cover-3-pokojowe-mieszkanie-lodz-srodmiescie-ul-gdanska.jpg,,,parter,2021,blok,,,,,,,,,51.766829,19.449638
Łódź Górna,ul. Ignacego Paderewskiego,3,43,439000,10162,Bez pośredników,ponad tydzień temu,8,https://adresowo.pl/o/mieszkanie-lodz-gorna-ul-ignacego-paderewskiego-3-pokojowe-m5k6u6,https://s2.adresowa.pl/oi/68/76/3b338a_cc0d_cover-3-pokojowe-mieszkanie-lodz-gorna-ul-ignacego-paderewskiego.jpg,,,9,,blok,,,,,,,,,51.727141,19.465518
Łódź Polesie,ul. Spadochroniarzy,3,57,660000,11524,Bez pośredników,ponad tydzień temu,15,https://adresowo.pl/o/mieszkanie-lodz-polesie-ul-spadochroniarzy-3-pokojowe-x5n7f9,https://s2.adresowa.pl/oi/45/4c/3b3322_3ace_cover-3-pokojowe-mieszkanie-lodz-polesie-ul-spadochroniarzy.jpg,,,3,2019,blok,,,,,,,,,51.775723,19.388769
Łódź Polesie,ul. Romualda Mielczarskiego,2,60,450000,7500,Bez pośredników,ponad tydzień temu,5,https://adresowo.pl/o/mieszkanie-lodz-polesie-ul-romualda-mielczarskiego-2-pokojowe-t3g2w2,https://s2.adresowa.pl/oi/70/41/3b3234_be2e_cover-2-pokojowe-mieszkanie-lodz-polesie-ul-romualda-mielczarskiego.jpg,,,450,1960,blok,,,,,,,,,51.776848,19.446157
Łódź Chojny,,2,51,399000,7874,Oferta biura nieruchomości,ponad tydzień temu,11,https://adresowo.pl/o/mieszkanie-lodz-chojny-2-pokojowe-50-m2-d3w5s2,https://s2.adresowa.pl/oi/7e/65/3b6786_b151_cover-2-pokojowe-mieszkanie-lodz-chojny.jpg,,,2,1980,blok,,,,,,,,,51.722226,19.49108
Łódź,ul. Dobra,5,124,699000,5633,Oferta biura nieruchomości,ponad tydzień temu,15,https://adresowo.pl/o/mieszkanie-lodz-ul-dobra-5-pokojowe-q4m1v2,https://s2.adresowa.pl/oi/63/11/3b643e_51c0_cover-5-pokojowe-mieszkanie-lodz-ul-dobra.jpg,,,parter,1998,kamienica,,,,,,,,,51.762913,19.481541
Łódź Górna,ul. Łączna,2,43,320000,7442,Bez pośredników,ponad tydzień temu,6,https://adresowo.pl/o/mieszkanie-lodz-gorna-ul-laczna-2-pokojowe-u5o4l5,https://s2.adresowa.pl/oi/51/4c/3b31be_50f8_cover-2-pokojowe-mieszkanie-lodz-gorna-ul-laczna.jpg,,,320,1975,blok,,,,,,,,,51.732587,19.472901
Łódź Olechów,ul. Zakładowa,2,51,460000,9020,Bez pośredników,ponad tydzień temu,13,https://adresowo.pl/o/mieszkanie-lodz-olechow-ul-zakladowa-2-pokojowe-n6c3x8,https://s2.adresowa.pl/oi/33/6e/3b2ff6_e30e_cover-2-pokojowe-mieszkanie-lodz-olechow-ul-zakladowa.jpg,,,460,1991,blok,,,,,,,,,51.739269,19.576044
Łódź Widzew,ul. Mieczysławy Ćwiklińskiej,3,72,750000,10376,Bez pośredników,ponad tydzień temu,14,https://adresowo.pl/o/mieszkanie-lodz-widzew-ul-mieczyslawy-cwiklinskiej-3-pokojowe-w5o0q0,https://s2.adresowa.pl/oi/38/3c/3b2fde_9155_cover-3-pokojowe-mieszkanie-lodz-widzew-ul-mieczyslawy-cwiklinskiej.jpg,,,parter,1978,blok,,,,,,,,,51.753278,19.535459
Łódź Koziny,,4,79,664311,8409,Oferta biura nieruchomości,ponad tydzień temu,7,https://adresowo.pl/o/mieszkanie-lodz-koziny-4-pokojowe-79-m2-k6b4h7,https://s2.adresowa.pl/oi/6d/1a/3b5af8_790a_cover-4-pokojowe-mieszkanie-lodz-koziny.jpg,,,664,2025,blok,,,,,,,,,51.780383,19.430281
Łódź,ul. Tylna,3,106,1540000,14583,Oferta biura nieruchomości,ponad tydzień temu,18,https://adresowo.pl/o/mieszkanie-lodz-ul-tylna-3-pokojowe-v5z4z2,https://s2.adresowa.pl/oi/40/11/3b5a90_6a44_cover-3-pokojowe-mieszkanie-lodz-ul-tylna.jpg,,,1,2012,blok,,,,,,,,,51.752733,19.468866
Łódź Górna,ul. Juliusza Kossaka,3,47,370000,7836,Bez pośredników,ponad tydzień temu,1,https://adresowo.pl/o/mieszkanie-lodz-gorna-ul-juliusza-kossaka-3-pokojowe-d2z2i2,https://s2.adresowa.pl/oi/5c/13/3b2f70_afaf_cover-3-pokojowe-mieszkanie-lodz-gorna-ul-juliusza-kossaka.jpg,,,parter,1969,blok,,,,,,,,,51.737562,19.499665
Łódź Górna,ul. Leopolda Staffa,2,39,385000,9872,Bez pośredników,ponad tydzień temu,16,https://adresowo.pl/o/mieszkanie-lodz-gorna-ul-leopolda-staffa-2-pokojowe-p0k4u1,https://s2.adresowa.pl/oi/6e/45/3b2fa4_db29_cover-2-pokojowe-mieszkanie-lodz-gorna-ul-leopolda-staffa.jpg,,,parter,1970,blok,,,,,,,,,51.734109,19.497631
Łódź Janów,ul. Jana Skrzetuskiego,3,62,515000,8248,Bez pośredników,ponad tydzień temu,11,https://adresowo.pl/o/mieszkanie-lodz-janow-ul-jana-skrzetuskiego-3-pokojowe-k5l8t9,https://s2.adresowa.pl/oi/29/73/3b2f02_6f38_cover-3-pokojowe-mieszkanie-lodz-janow-ul-jana-skrzetuskiego.jpg,,,parter,1992,blok,,,,,,,,,51.747329,19.565258
Łódź Polesie,ul. Ogrodowa,4,80,658607,8233,Oferta biura nieruchomości,ponad tydzień temu,5,https://adresowo.pl/o/mieszkanie-lodz-polesie-ul-ogrodowa-4-pokojowe-e7h4g3,https://s2.adresowa.pl/oi/3d/75/3b5a2c_a56a_cover-4-pokojowe-mieszkanie-lodz-polesie-ul-ogrodowa.jpg,,,parter,2025,blok,,,,,,,,,51.778928,19.440534
Łódź Janów,ul. Zakładowa,4,85,879999,10353,Oferta biura nieruchomości,ponad tydzień temu,12,https://adresowo.pl/o/mieszkanie-lodz-janow-ul-zakladowa-4-pokojowe-g1x8n5,https://s2.adresowa.pl/oi/3b/50/3b4e0c_4f4b_cover-4-pokojowe-mieszkanie-lodz-janow-ul-zakladowa.jpg,,,parter,2019,blok,,,,,,,,,,
Łódź Widzew,ul. Sobolowa,2,41,475000,11496,Bez pośredników,ponad tydzień temu,8,https://adresowo.pl/o/mieszkanie-lodz-widzew-ul-sobolowa-2-pokojowe-z1b8g5,https://s2.adresowa.pl/oi/63/3a/3b2ca0_b028_cover-2-pokojowe-mieszkanie-lodz-widzew-ul-sobolowa.jpg,,,475,2020,blok,,,,,,,,,51.76141,19.51353
Łódź Bałuty,,2,53,424500,7994,Bez pośredników,ponad tydzień temu,9,https://adresowo.pl/o/mieszkanie-lodz-baluty-2-pokojowe-53-m2-g5i8n1,https://s2.adresowa.pl/oi/4a/73/3b2c28_e56c_cover-2-pokojowe-mieszkanie-lodz-baluty.jpg,,,parter,1992,blok,,,,,,,,,51.759292,19.455878
Łódź Zarzew,ul. Tatrzańska,3,47,377777,8000,Bez pośredników,ponad tydzień temu,21,https://adresowo.pl/o/mieszkanie-lodz-zarzew-ul-tatrzanska-3-pokojowe-u6b6k7,https://s2.adresowa.pl/oi/38/7b/3b2af8_850f_cover-3-pokojowe-mieszkanie-lodz-zarzew-ul-tatrzanska.jpg,,,parter,1975,blok,,,,,,,,,51.742437,19.492902
Łódź,ul. Alojzego Felińskiego,2,41,295000,7266,Oferta biura nieruchomości,ponad tydzień temu,6,https://adresowo.pl/o/mieszkanie-lodz-ul-alojzego-felinskiego-2-pokojowe-r0z6z4,https://s2.adresowa.pl/oi/42/45/3b4d38_fa98_cover-2-pokojowe-mieszkanie-lodz-ul-alojzego-felinskiego.jpg,,,parter,,blok,,,,,,,,,,
Łódź Śródmieście,ul. Pomorska,3,58,520360,8972,Oferta biura nieruchomości,ponad tydzień temu,23,https://adresowo.pl/o/mieszkanie-lodz-srodmiescie-ul-pomorska-3-pokojowe-w1o4l5,https://s2.adresowa.pl/oi/3e/77/3b43e6_687d_cover-3-pokojowe-mieszkanie-lodz-srodmiescie-ul-pomorska.jpg,,,2,1980,blok,,,,,,,,,51.778539,19.479854
Łódź Widzew,al. marsz. Józefa Piłsudskiego,1,41,640000,15802,Bez pośredników,ponad tydzień temu,20,https://adresowo.pl/o/mieszkanie-lodz-widzew-al-marsz-jozefa-pilsudskiego-1-pokoj-m1u9r6,https://s2.adresowa.pl/oi/59/74/3b2a68_e7d5_cover-1-pokojowe-mieszkanie-lodz-widzew-al-marsz-jozefa-pilsudskiego.jpg,,,parter,2025,blok,,,,,,,,,51.762075,19.490568
Łódź Teofilów,ul. Rojna,3,53,375000,7094,Bez pośredników,ponad tydzień temu,10,https://adresowo.pl/o/mieszkanie-lodz-teofilow-ul-rojna-3-pokojowe-q5y6e3,https://s2.adresowa.pl/oi/51/6e/3b2a62_8a48_cover-3-pokojowe-mieszkanie-lodz-teofilow-ul-rojna.jpg,,,10,1968,blok,,,,,,,,,51.79344,19.392129
Łódź Retkinia,ul. Armii Krajowej,2,42,350000,8251,Bez pośredników,ponad tydzień temu,13,https://adresowo.pl/o/mieszkanie-lodz-retkinia-ul-armii-krajowej-2-pokojowe-f8i9h2,https://s2.adresowa.pl/oi/3a/2c/3b2914_fd1a_cover-2-pokojowe-mieszkanie-lodz-retkinia-ul-armii-krajowej.jpg,,,3,1970,blok,,,,,,,,,51.742787,19.398401
Łódź,ul. Tatrzańska,2,36,395000,10900,Oferta biura nieruchomości,ponad tydzień temu,10,https://adresowo.pl/o/mieszkanie-lodz-ul-tatrzanska-2-pokojowe-a8t9v6,https://s2.adresowa.pl/oi/7d/25/3b322a_4605_cover-2-pokojowe-mieszkanie-lodz-ul-tatrzanska.jpg,,,parter,1968,blok,,,,,,,,,51.739792,19.495371
Łódź Śródmieście,ul. Piotrkowska,3,73,519000,7137,Oferta biura nieruchomości,ponad tydzień temu,19,https://adresowo.pl/o/mieszkanie-lodz-srodmiescie-ul-piotrkowska-3-pokojowe-a3j9u6,https://s2.adresowa.pl/oi/6d/65/3b2aa4_e3bf_cover-3-pokojowe-mieszkanie-lodz-srodmiescie-ul-piotrkowska.jpg,,,2,2025,blok,,,,,,,,,51.751736,19.458583
Łódź Górna,ul. Senatorska,4,88,1050000,11905,Bez pośredników,ponad tydzień temu,28,https://adresowo.pl/o/mieszkanie-lodz-gorna-ul-senatorska-4-pokojowe-q5z4n9,https://s2.adresowa.pl/oi/12/23/3b278a_3cc0_cover-4-pokojowe-mieszkanie-lodz-gorna-ul-senatorska.jpg,,,3,2020,blok,,,,,,,,,51.748661,19.477632
Łódź Widzew,ul. Józefa,1,31,270000,8852,Bez pośredników,ponad tydzień temu,8,https://adresowo.pl/o/mieszkanie-lodz-widzew-ul-jozefa-1-pokoj-i6z7h4,https://s2.adresowa.pl/oi/23/27/3b277c_f63e_cover-1-pokojowe-mieszkanie-lodz-widzew-ul-jozefa.jpg,,,parter,1962,blok,,,,,,,,,51.766032,19.502241
Łódź Bałuty,ul. Łanowa,3,47,325000,6974,Bez pośredników,ponad tydzień temu,9,https://adresowo.pl/o/mieszkanie-lodz-baluty-ul-lanowa-3-pokojowe-z1w4e6,https://s2.adresowa.pl/oi/6e/14/3b275c_dbd5_cover-3-pokojowe-mieszkanie-lodz-baluty-ul-lanowa.jpg,,,parter,1970,blok,,,,,,,,,51.759292,19.455878
Łódź Bałuty,ul. Marynarska,2,38,290000,7632,Oferta biura nieruchomości,ponad tydzień temu,10,https://adresowo.pl/o/mieszkanie-lodz-baluty-ul-marynarska-2-pokojowe-m6w8r8,https://s2.adresowa.pl/oi/48/41/3b27d2_3893_cover-2-pokojowe-mieszkanie-lodz-baluty-ul-marynarska.jpg,,,3,1980,blok,,,,,,,,,51.790174,19.460253
Łódź Śródmieście,al. marsz. Józefa Piłsudskiego,6,138,799000,5790,Oferta biura nieruchomości,ponad tydzień temu,12,https://adresowo.pl/o/mieszkanie-lodz-srodmiescie-al-marsz-jozefa-pilsudskiego-6-pokojowe-t4w5a4,https://s2.adresowa.pl/oi/26/5c/3b27ca_784e_cover-6-pokojowe-mieszkanie-lodz-srodmiescie-al-marsz-jozefa-pilsudskiego.jpg,,,1,,blok,,,,,,,,,,
Łódź Bałuty,al. Pasjonistów,2,38,270000,7166,Bez pośredników,ponad tydzień temu,11,https://adresowo.pl/o/mieszkanie-lodz-baluty-al-pasjonistow-2-pokojowe-o0e4l5,https://s2.adresowa.pl/oi/65/64/3b2616_d7f3_cover-2-pokojowe-mieszkanie-lodz-baluty-al-pasjonistow.jpg,,,parter,1968,kamienica,,,,,,,,,51.794054,19.387591
Łódź Śródmieście,ul. Wierzbowa,1,37,290000,7838,Bez pośredników,ponad tydzień temu,8,https://adresowo.pl/o/mieszkanie-lodz-srodmiescie-ul-wierzbowa-1-pokoj-c1m9q3,https://s2.adresowa.pl/oi/33/5a/3b255c_9acf_cover-1-pokojowe-mieszkanie-lodz-srodmiescie-ul-wierzbowa.jpg,,,parter,,blok,,,,,,,,,51.779241,19.477662
Łódź Polesie,ul. Srebrzyńska,2,40,369000,9225,Bez pośredników,ponad tydzień temu,4,https://adresowo.pl/o/mieszkanie-lodz-polesie-ul-srebrzynska-2-pokojowe-t1e1q3,https://s2.adresowa.pl/oi/65/40/3b24d0_7c79_cover-2-pokojowe-mieszkanie-lodz-polesie-ul-srebrzynska.jpg,,,4,2025,blok,,,,,,,,,51.774019,19.430632
Łódź Księży Młyn,ul. ks. bp. Wincentego Tymienieckiego,1,65,649000,10020,Oferta biura nieruchomości,ponad tydzień temu,16,https://adresowo.pl/o/mieszkanie-lodz-ksiezy-mlyn-ul-ks-bp-wincentego-tymienieckiego-1-pokoj-h6g4p9,https://s2.adresowa.pl/oi/38/4e/3b1f90_a8a5_cover-1-pokojowe-mieszkanie-lodz-ksiezy-mlyn-ul-ks-bp-wincentego-tymienieckiego.jpg,,,2,,blok,,,,,,,,,51.7531,19.482149
Łódź Widzew,al. marsz. Józefa Piłsudskiego,3,88,449000,5077,Oferta biura nieruchomości,ponad tydzień temu,20,https://adresowo.pl/o/mieszkanie-lodz-widzew-al-marsz-jozefa-pilsudskiego-3-pokojowe-p8w8t3,https://s2.adresowa.pl/oi/79/56/3b1f8c_2b7a_cover-3-pokojowe-mieszkanie-lodz-widzew-al-marsz-jozefa-pilsudskiego.jpg,,,parter,1910,kamienica,,,,,,,,,51.761959,19.492806
Łódź Bałuty,ul. Przemysłowa,3,50,429000,8580,Bez pośredników,ponad tydzień temu,8,https://adresowo.pl/o/mieszkanie-lodz-baluty-ul-przemyslowa-3-pokojowe-j4y9o1,https://s2.adresowa.pl/oi/69/3a/3b245e_9681_cover-3-pokojowe-mieszkanie-lodz-baluty-ul-przemyslowa.jpg,,,parter,1968,blok,,,,,,,,,51.759292,19.455878
Łódź Bałuty,ul. Podrzeczna,2,34,320000,9412,Bez pośredników,ponad tydzień temu,7,https://adresowo.pl/o/mieszkanie-lodz-baluty-ul-podrzeczna-2-pokojowe-e1e0b8,https://s2.adresowa.pl/oi/5d/62/3b2332_bf6e_cover-2-pokojowe-mieszkanie-lodz-baluty-ul-podrzeczna.jpg,,,6,1952,blok,,,,,,,,,51.781,19.451503
Łódź Śródmieście,,2,24,119000,4958,Bez pośredników,ponad tydzień temu,8,https://adresowo.pl/o/mieszkanie-lodz-srodmiescie-2-pokojowe-24-m2-h5d2m0,https://s2.adresowa.pl/oi/29/5f/3b23da_df04_cover-2-pokojowe-mieszkanie-lodz-srodmiescie.jpg,,,1,,,,,,,,,,,51.759292,19.455878
Łódź Bałuty,ul. Jana,2,38,290000,7696,Oferta biura nieruchomości,ponad miesiąc temu,10,https://adresowo.pl/o/mieszkanie-lodz-baluty-ul-jana-2-pokojowe-v3l8t4,https://s2.adresowa.pl/oi/1b/3c/3b1166_3cb1_cover-2-pokojowe-mieszkanie-lodz-baluty-ul-jana.jpg,,,4,1980,blok,,,,,,,,,51.798829,19.439772
Łódź,ul. Gdańska,4,118,715500,6077,Oferta biura nieruchomości,ponad miesiąc temu,9,https://adresowo.pl/o/mieszkanie-lodz-ul-gdanska-4-pokojowe-m1d7p2,https://s2.adresowa.pl/oi/56/35/3b0fd0_cf09_cover-4-pokojowe-mieszkanie-lodz-ul-gdanska.jpg,,,parter,,kamienica,,,,,,,,,51.766829,19.449638
Łódź Ruda Pabianicka,ul. Tabelowa,3,79,760000,9620,Bez pośredników,ponad tydzień temu,8,https://adresowo.pl/o/mieszkanie-lodz-ruda-pabianicka-ul-tabelowa-3-pokojowe-m2f7s3,https://s2.adresowa.pl/oi/7c/41/3b238c_9c04_cover-3-pokojowe-mieszkanie-lodz-ruda-pabianicka-ul-tabelowa.jpg,,,11,2014,blok,,,,,,,,,51.699327,19.461195
Łódź Retkinia,,2,42,359000,8501,Bez pośredników,ponad tydzień temu,8,https://adresowo.pl/o/mieszkanie-lodz-retkinia-2-pokojowe-42-m2-x8m5r7,https://s2.adresowa.pl/oi/28/49/3b22a0_b6fe_cover-2-pokojowe-mieszkanie-lodz-retkinia.jpg,,,parter,,blok,,,,,,,,,51.759292,19.455878
Łódź Retkinia,ul. Józefa Babickiego,4,56,449000,8018,Bez pośredników,ponad tydzień temu,8,https://adresowo.pl/o/mieszkanie-lodz-retkinia-ul-jozefa-babickiego-4-pokojowe-w8r0l4,https://s2.adresowa.pl/oi/47/2d/3b225e_e899_cover-4-pokojowe-mieszkanie-lodz-retkinia-ul-jozefa-babickiego.jpg,,,parter,,blok,,,,,,,,,51.751239,19.402606
Łódź,ul. św. Kazimierza,2,45,369900,8279,Oferta biura nieruchomości,ponad miesiąc temu,8,https://adresowo.pl/o/mieszkanie-lodz-ul-sw-kazimierza-2-pokojowe-k4l6f3,https://s2.adresowa.pl/oi/7c/75/3b0cdc_ffd7_cover-2-pokojowe-mieszkanie-lodz-ul-sw-kazimierza.jpg,,,1960,1960,blok,,,,,,,,,51.76465,19.507571
Łódź Widzew,ul. Karola Adamieckiego,3,73,720000,9867,Oferta biura nieruchomości,ponad miesiąc temu,18,https://adresowo.pl/o/mieszkanie-lodz-widzew-ul-karola-adamieckiego-3-pokojowe-h4h1a6,https://s2.adresowa.pl/oi/19/2b/3b0b9a_efaf_cover-3-pokojowe-mieszkanie-lodz-widzew-ul-karola-adamieckiego.jpg,,,parter,1992,blok,,,,,,,,,51.761371,19.540313
Łódź Górna,ul. Stefana Rogozińskiego,1,22,280000,12856,Bez pośredników,ponad tydzień temu,7,https://adresowo.pl/o/mieszkanie-lodz-gorna-ul-stefana-rogozinskiego-1-pokoj-t3h8j8,https://s2.adresowa.pl/oi/5a/40/3b2236_5ac3_cover-1-pokojowe-mieszkanie-lodz-gorna-ul-stefana-rogozinskiego.jpg,,,280,,blok,,,,,,,,,51.733023,19.446864
Łódź Polesie,ul. Podchorążych,3,93,895000,9624,Bez pośredników,ponad tydzień temu,9,https://adresowo.pl/o/mieszkanie-lodz-polesie-ul-podchorazych-3-pokojowe-a2u6y2,https://s2.adresowa.pl/oi/45/70/3b21e0_e3f1_cover-3-pokojowe-mieszkanie-lodz-polesie-ul-podchorazych.jpg,,,parter,2000,kamienica,,,,,,,,,51.782184,19.363313
Łódź Teofilów,ul. Kaczeńcowa,2,54,590000,10926,Bez pośredników,ponad tydzień temu,12,https://adresowo.pl/o/mieszkanie-lodz-teofilow-ul-kaczencowa-2-pokojowe-c3a4q8,https://s2.adresowa.pl/oi/4c/7a/3b20fc_d1ef_cover-2-pokojowe-mieszkanie-lodz-teofilow-ul-kaczencowa.jpg,,,parter,2008,blok,,,,,,,,,51.796862,19.3865
Łódź,ul. Świętojańska,3,70,635000,9071,Oferta biura nieruchomości,ponad miesiąc temu,12,https://adresowo.pl/o/mieszkanie-lodz-ul-swietojanska-3-pokojowe-n5l8o1,https://s2.adresowa.pl/oi/6f/26/3aff82_87a6_cover-3-pokojowe-mieszkanie-lodz-ul-swietojanska.jpg,,,2,2024,blok,,,,,,,,,51.71924,19.429561
Łódź,park im. Andrzeja Struga,3,57,535000,9451,Oferta biura nieruchomości,ponad miesiąc temu,13,https://adresowo.pl/o/mieszkanie-lodz-park-im-andrzeja-struga-3-pokojowe-f5t4w6,https://s2.adresowa.pl/oi/5c/70/3aff7a_7cc7_cover-3-pokojowe-mieszkanie-lodz-park-im-andrzeja-struga.jpg,,,535,2021,kamienica,,,,,,,,,51.764379,19.443631
Łódź Bałuty,ul. Tomasza Judyma,1,26,202000,7829,Bez pośredników,ponad tydzień temu,11,https://adresowo.pl/o/mieszkanie-lodz-baluty-ul-tomasza-judyma-1-pokoj-s5d2z1,https://s2.adresowa.pl/oi/5f/5d/3b1f6c_f026_cover-1-pokojowe-mieszkanie-lodz-baluty-ul-tomasza-judyma.jpg,,,1,1968,blok,,,,,,,,,51.790921,19.386615
Łódź Polesie,ul. Gdańska,1,25,249000,10106,Bez pośredników,ponad tydzień temu,5,https://adresowo.pl/o/mieszkanie-lodz-polesie-ul-gdanska-1-pokoj-t6p4p5,https://s2.adresowa.pl/oi/37/6d/3b1e12_f925_cover-1-pokojowe-mieszkanie-lodz-polesie-ul-gdanska.jpg,,,parter,,blok,,,,,,,,,51.767932,19.449611
Łódź Dąbrowa,,2,37,355000,9595,Bez pośredników,ponad tydzień temu,11,https://adresowo.pl/o/mieszkanie-lodz-dabrowa-2-pokojowe-37-m2-v8z3s8,https://s2.adresowa.pl/oi/3e/35/3b1d40_9040_cover-2-pokojowe-mieszkanie-lodz-dabrowa.jpg,,,1,,blok,,,,,,,,,51.759292,19.455878
Łódź Retkinia,ul. Obywatelska,3,39,402703,10326,Oferta biura nieruchomości,ponad miesiąc temu,8,https://adresowo.pl/o/mieszkanie-lodz-retkinia-ul-obywatelska-3-pokojowe-q4m9j6,https://s2.adresowa.pl/oi/7f/59/3afb58_349c_cover-3-pokojowe-mieszkanie-lodz-retkinia-ul-obywatelska.jpg,,,parter,2025,blok,,,,,,,,,51.741496,19.41695
Łódź Radogoszcz,ul. Syrenki,2,45,390000,8764,Oferta biura nieruchomości,ponad miesiąc temu,11,https://adresowo.pl/o/mieszkanie-lodz-radogoszcz-ul-syrenki-2-pokojowe-z5k1t1,https://s2.adresowa.pl/oi/41/6e/3afabc_ca6e_cover-2-pokojowe-mieszkanie-lodz-radogoszcz-ul-syrenki.jpg,,,3,1985,blok,,,,,,,,,,
Łódź Widzew,ul. Wilcza,2,36,345000,9468,Bez pośredników,ponad tydzień temu,13,https://adresowo.pl/o/mieszkanie-lodz-widzew-ul-wilcza-2-pokojowe-a5e5n0,https://s2.adresowa.pl/oi/66/48/3b1d12_a515_cover-2-pokojowe-mieszkanie-lodz-widzew-ul-wilcza.jpg,,,2,,blok,,,,,,,,,51.755905,19.48528
Łódź Retkinia,,2,42,350000,8333,Bez pośredników,ponad tydzień temu,8,https://adresowo.pl/o/mieszkanie-lodz-retkinia-2-pokojowe-42-m2-e3l9m3,https://s2.adresowa.pl/oi/1a/3f/3b1cf8_df3b_cover-2-pokojowe-mieszkanie-lodz-retkinia.jpg,,,parter,,blok,,,,,,,,,,
Łódź Polesie,ul. Wołowa,1,41,490500,11949,Bez pośredników,ponad tydzień temu,23,https://adresowo.pl/o/mieszkanie-lodz-polesie-ul-wolowa-1-pokoj-y1l7z0,https://s2.adresowa.pl/oi/7a/5b/3b1c90_32c1_cover-1-pokojowe-mieszkanie-lodz-polesie-ul-wolowa.jpg,,,parter,2025,blok,,,,,,,,,,
Łódź Bałuty,ul. Traktorowa,1,32,236360,7480,Oferta biura nieruchomości,ponad miesiąc temu,16,https://adresowo.pl/o/mieszkanie-lodz-baluty-ul-traktorowa-1-pokoj-e2z1u4,https://s2.adresowa.pl/oi/6e/6a/3af212_597f_cover-1-pokojowe-mieszkanie-lodz-baluty-ul-traktorowa.jpg,,,parter,,blok,,,,,,,,,51.806095,19.39337
Łódź Stare Polesie,ul. Mikołaja Kopernika,2,54,640000,11852,Oferta biura nieruchomości,ponad miesiąc temu,11,https://adresowo.pl/o/mieszkanie-lodz-stare-polesie-ul-mikolaja-kopernika-2-pokojowe-w4d0z3,https://s2.adresowa.pl/oi/3e/7e/3aec6e_83f4_cover-2-pokojowe-mieszkanie-lodz-stare-polesie-ul-mikolaja-kopernika.jpg,,,1,1926,blok,,,,,,,,,51.757954,19.43863
Łódź Widzew,ul. Mieczysławy Ćwiklińskiej,3,72,750000,10376,Bez pośredników,ponad tydzień temu,14,https://adresowo.pl/o/mieszkanie-lodz-widzew-ul-mieczyslawy-cwiklinskiej-3-pokojowe-w5o0q0,https://s2.adresowa.pl/oi/38/3c/3b2fde_9155_cover-3-pokojowe-mieszkanie-lodz-widzew-ul-mieczyslawy-cwiklinskiej.jpg,,,parter,1978,blok,,,,,,,,,51.753278,19.535459
Łódź Bałuty,ul. Turoszowska,2,45,439000,9756,Bez pośredników,ponad tydzień temu,9,https://adresowo.pl/o/mieszkanie-lodz-baluty-ul-turoszowska-2-pokojowe-y9v0p8,https://s2.adresowa.pl/oi/1c/7b/3b1af4_6e99_cover-2-pokojowe-mieszkanie-lodz-baluty-ul-turoszowska.jpg,,,parter,1973,blok,,,,,,,,,51.791102,19.412616
Łódź Polesie,ul. Wólczańska,3,84,650000,7738,Bez pośredników,ponad tydzień temu,12,https://adresowo.pl/o/mieszkanie-lodz-polesie-ul-wolczanska-3-pokojowe-w9f7m4,https://s2.adresowa.pl/oi/2d/45/3b1ae8_9ab6_cover-3-pokojowe-mieszkanie-lodz-polesie-ul-wolczanska.jpg,,,3,1910,blok,,,,,,,,,51.755588,19.454869
,,,,,,Pośrednik,,,https://adresowo.pl/mieszkania/lodz/srodmiescie-1/,,,,parter,1912,kamienica,,,,,,,,,,
Łódź Polesie,ul. kpt. Stefana Pogonowskiego,2,50,630000,12498,Bez pośredników,ponad tydzień temu,25,https://adresowo.pl/o/mieszkanie-lodz-polesie-ul-kpt-stefana-pogonowskiego-2-pokojowe-x1a8i8,https://s2.adresowa.pl/oi/5b/55/3b1aa4_6d03_cover-2-pokojowe-mieszkanie-lodz-polesie-ul-kpt-stefana-pogonowskiego.jpg,,,630,2020,blok,,,,,,,,,51.765203,19.44414
Łódź Polesie,al. Włókniarzy,2,38,255000,6800,Oferta biura nieruchomości,ponad miesiąc temu,10,https://adresowo.pl/o/mieszkanie-lodz-polesie-al-wlokniarzy-2-pokojowe-z0f7c2,https://s2.adresowa.pl/oi/75/1f/3aec62_8266_cover-2-pokojowe-mieszkanie-lodz-polesie-al-wlokniarzy.jpg,,,4,,blok,,,,,,,,,51.760366,19.434118
Łódź Bałuty,ul. Rydzowa,3,57,479000,8404,Oferta biura nieruchomości,ponad miesiąc temu,13,https://adresowo.pl/o/mieszkanie-lodz-baluty-ul-rydzowa-3-pokojowe-u3j6e1,https://s2.adresowa.pl/oi/4f/3f/3ae4a8_df79_cover-3-pokojowe-mieszkanie-lodz-baluty-ul-rydzowa.jpg,,,479,1970,blok,,,,,,,,,51.79629,19.373355
Łódź Retkinia,ul. Przełajowa,2,42,405000,9547,Bez pośredników,ponad tydzień temu,10,https://adresowo.pl/o/mieszkanie-lodz-retkinia-ul-przelajowa-2-pokojowe-k2s7v5,https://s2.adresowa.pl/oi/3a/24/3b1880_5f65_cover-2-pokojowe-mieszkanie-lodz-retkinia-ul-przelajowa.jpg,,,1,,blok,,,,,,,,,,
Łódź Widzew,,3,50,635000,12700,Bez pośredników,ponad tydzień temu,8,https://adresowo.pl/o/mieszkanie-lodz-widzew-3-pokojowe-50-m2-c1m0x4,https://s2.adresowa.pl/oi/2d/3b/3b1848_6e93_cover-3-pokojowe-mieszkanie-lodz-widzew.jpg,,,4,,blok,,,,,,,,,,
Łódź Dąbrowa,ul. gen. Jarosława Dąbrowskiego,3,47,440000,9318,Bez pośredników,ponad tydzień temu,11,https://adresowo.pl/o/mieszkanie-lodz-dabrowa-ul-gen-jaroslawa-dabrowskiego-3-pokojowe-s3c4r0,https://s2.adresowa.pl/oi/22/43/3b1834_3d74_cover-3-pokojowe-mieszkanie-lodz-dabrowa-ul-gen-jaroslawa-dabrowskiego.jpg,,,4,1980,blok,,,,,,,,,51.736465,19.502106
Łódź Bałuty,ul. Północna,5,54,528000,9778,Oferta biura nieruchomości,ponad miesiąc temu,7,https://adresowo.pl/o/mieszkanie-lodz-baluty-ul-polnocna-5-pokojowe-g7k5m0,https://s2.adresowa.pl/oi/1a/2e/3ae484_f1ba_cover-5-pokojowe-mieszkanie-lodz-baluty-ul-polnocna.jpg,,,1963,1963,blok,,,,,,,,,,
Łódź Kurak,ul. Konstantego Ciołkowskiego,1,34,265000,7831,Oferta biura nieruchomości,ponad miesiąc temu,13,https://adresowo.pl/o/mieszkanie-lodz-kurak-ul-konstantego-ciolkowskiego-1-pokoj-u3k7t1,https://s2.adresowa.pl/oi/40/54/3ae47e_e1d0_cover-1-pokojowe-mieszkanie-lodz-kurak-ul-konstantego-ciolkowskiego.jpg,,,265,1970,blok,,,,,,,,,51.728599,19.460215
Łódź Śródmieście,,1,27,250000,9342,Bez pośredników,ponad tydzień temu,7,https://adresowo.pl/o/mieszkanie-lodz-srodmiescie-1-pokoj-26-m2-n3e7p2,https://s2.adresowa.pl/oi/5d/29/3b12f6_2eb1_cover-1-pokojowe-mieszkanie-lodz-srodmiescie.jpg,,,250,1974,kamienica,,,,,,,,,51.759292,19.455878
Łódź Polesie,ul. gen. Stanisława Maczka,3,57,795000,13896,Bez pośredników,ponad miesiąc temu,15,https://adresowo.pl/o/mieszkanie-lodz-polesie-ul-gen-stanislawa-maczka-3-pokojowe-q6w5g5,https://s2.adresowa.pl/oi/78/33/3b0e9e_bc3d_cover-3-pokojowe-mieszkanie-lodz-polesie-ul-gen-stanislawa-maczka.jpg,,,3,2024,blok,,,,,,,,,51.730243,19.404938
Łódź Radogoszcz,ul. Zgierska,1,15,179000,11933,Bez pośredników,ponad miesiąc temu,16,https://adresowo.pl/o/mieszkanie-lodz-radogoszcz-ul-zgierska-1-pokoj-q7o9c6,https://s2.adresowa.pl/oi/1a/45/3b0d8e_9c9e_cover-1-pokojowe-mieszkanie-lodz-radogoszcz-ul-zgierska.jpg,,,parter,1970,,,,,,,,,,51.807719,19.439124
Łódź,ul. Bratysławska,2,43,427000,9930,Oferta biura nieruchomości,ponad miesiąc temu,10,https://adresowo.pl/o/mieszkanie-lodz-ul-bratyslawska-2-pokojowe-n1r7e4,https://s2.adresowa.pl/oi/38/49/3ae3ca_46e0_cover-2-pokojowe-mieszkanie-lodz-ul-bratyslawska.jpg,,,427,1978,blok,,,,,,,,,51.747523,19.422001
Łódź,ul. Garnizonowa,3,46,732014,15800,Oferta biura nieruchomości,ponad miesiąc temu,20,https://adresowo.pl/o/mieszkanie-lodz-ul-garnizonowa-3-pokojowe-y4r4j2,https://s2.adresowa.pl/oi/71/51/3addbc_5ebf_cover-3-pokojowe-mieszkanie-lodz-ul-garnizonowa.jpg,,,parter,2023,blok,,,,,,,,,51.776873,19.383534
Łódź Widzew,ul. Przędzalniana,3,61,585000,9612,Bez pośredników,ponad miesiąc temu,9,https://adresowo.pl/o/mieszkanie-lodz-widzew-ul-przedzalniana-3-pokojowe-s9g9s8,https://s2.adresowa.pl/oi/50/7f/3afc74_6487_cover-3-pokojowe-mieszkanie-lodz-widzew-ul-przedzalniana.jpg,,,parter,1987,blok,,,,,,,,,51.754349,19.483936
Łódź Widzew,ul. Widzewska,2,36,482000,13231,Bez pośredników,ponad miesiąc temu,15,https://adresowo.pl/o/mieszkanie-lodz-widzew-ul-widzewska-2-pokojowe-e6r4j0,https://s2.adresowa.pl/oi/32/31/3b0a76_700a_cover-2-pokojowe-mieszkanie-lodz-widzew-ul-widzewska.jpg,,,482,2025,blok,,,,,,,,,51.761416,19.517673
Łódź Bałuty,ul. Lechicka,3,60,720000,12000,Bez pośredników,ponad miesiąc temu,8,https://adresowo.pl/o/mieszkanie-lodz-baluty-ul-lechicka-3-pokojowe-p7p5x4,https://s2.adresowa.pl/oi/29/69/3b0980_653d_cover-3-pokojowe-mieszkanie-lodz-baluty-ul-lechicka.jpg,,,2,2022,apartamentowiec,,,,,,,,,,
Łódź Górna,ul. Braterska,1,21,140000,6667,Oferta biura nieruchomości,ponad miesiąc temu,5,https://adresowo.pl/o/mieszkanie-lodz-gorna-ul-braterska-1-pokoj-o4i0x6,https://s2.adresowa.pl/oi/33/31/3add9c_a833_cover-1-pokojowe-mieszkanie-lodz-gorna-ul-braterska.jpg,,,parter,,,,,,,,,,,51.742543,19.443219
Łódź Radogoszcz,ul. 11 Listopada,3,64,525000,8260,Oferta biura nieruchomości,ponad miesiąc temu,13,https://adresowo.pl/o/mieszkanie-lodz-radogoszcz-ul-11-listopada-3-pokojowe-k1q9n3,https://s2.adresowa.pl/oi/61/72/3ad356_27d6_cover-3-pokojowe-mieszkanie-lodz-radogoszcz-ul-11-listopada.jpg,,,1979,1979,blok,,,,,,,,,51.81979,19.421774
Łódź Widzew,ul. Michała Lermontowa,3,46,479000,10413,Bez pośredników,ponad miesiąc temu,9,https://adresowo.pl/o/mieszkanie-lodz-widzew-ul-michala-lermontowa-3-pokojowe-b7g4s5,https://s2.adresowa.pl/oi/15/71/3b0976_ac1e_cover-3-pokojowe-mieszkanie-lodz-widzew-ul-michala-lermontowa.jpg,,,479,1978,blok,,,,,,,,,51.756557,19.546945
Łódź Księży Młyn,ul. Przędzalniana,1,26,239000,9053,Bez pośredników,ponad miesiąc temu,11,https://adresowo.pl/o/mieszkanie-lodz-ksiezy-mlyn-ul-przedzalniana-1-pokoj-s4e5c1,https://s2.adresowa.pl/oi/7f/2d/3b0928_a0d9_cover-1-pokojowe-mieszkanie-lodz-ksiezy-mlyn-ul-przedzalniana.jpg,,,7,,kamienica,,,,,,,,,51.754349,19.483936
Łódź Bałuty,ul. Uprawna,1,29,190000,6552,Bez pośredników,ponad miesiąc temu,8,https://adresowo.pl/o/mieszkanie-lodz-baluty-ul-uprawna-1-pokoj-j0f8n6,https://s2.adresowa.pl/oi/37/3e/3b0734_b061_cover-1-pokojowe-mieszkanie-lodz-baluty-ul-uprawna.jpg,,,1,1968,blok,,,,,,,,,51.80891,19.36198
Łódź,,1,46,716836,15550,Oferta biura nieruchomości,ponad miesiąc temu,16,https://adresowo.pl/o/mieszkanie-lodz-1-pokoj-46-m2-j9d9y7,https://s2.adresowa.pl/oi/40/1d/3ad350_849f_cover-1-pokojowe-mieszkanie-lodz.jpg,,,3,2025,blok,,,,,,,,,51.759292,19.455878
Łódź,ul. Jana Kilińskiego,1,29,401823,14025,Oferta biura nieruchomości,ponad miesiąc temu,13,https://adresowo.pl/o/mieszkanie-lodz-ul-jana-kilinskiego-1-pokoj-s7i1r6,https://s2.adresowa.pl/oi/39/4a/3ad34c_a8cd_cover-1-pokojowe-mieszkanie-lodz-ul-jana-kilinskiego.jpg,,,parter,2025,blok,,,,,,,,,51.770036,19.463926
Łódź Widzew,"ul. mjr. Jana Piwnika ""Ponurego""",3,87,780000,9007,Bez pośredników,ponad miesiąc temu,20,https://adresowo.pl/o/mieszkanie-lodz-widzew-ul-mjr-jana-piwnika-ponurego-3-pokojowe-n1c2i7,https://s2.adresowa.pl/oi/33/18/3b064c_c29e_cover-3-pokojowe-mieszkanie-lodz-widzew-ul-mjr-jana-piwnika-ponurego-.jpg,,,parter,1993,blok,,,,,,,,,,
Łódź Zarzew,ul. gen. Stefana Grota-Roweckiego,2,36,330000,9167,Bez pośredników,ponad miesiąc temu,8,https://adresowo.pl/o/mieszkanie-lodz-zarzew-ul-gen-stefana-grota-roweckiego-2-pokojowe-c4s5c3,https://s2.adresowa.pl/oi/1b/3a/3b031e_312f_cover-2-pokojowe-mieszkanie-lodz-zarzew-ul-gen-stefana-grota-roweckiego.jpg,,,parter,,blok,,,,,,,,,51.746901,19.497389
Łódź Polesie,ul. Traktorowa,2,49,628000,12806,Bez pośredników,ponad miesiąc temu,17,https://adresowo.pl/o/mieszkanie-lodz-polesie-ul-traktorowa-2-pokojowe-h5g2x7,https://s2.adresowa.pl/oi/15/46/3b0270_cc44_cover-2-pokojowe-mieszkanie-lodz-polesie-ul-traktorowa.jpg,,,628,2025,blok,,,,,,,,,51.801609,19.394994
Łódź,ul. Adwokacka,3,77,610000,7922,Oferta biura nieruchomości,ponad miesiąc temu,13,https://adresowo.pl/o/mieszkanie-lodz-ul-adwokacka-3-pokojowe-k2t3r5,https://s2.adresowa.pl/oi/45/4e/3acbf4_42e4_cover-3-pokojowe-mieszkanie-lodz-ul-adwokacka.jpg,,,2,2000,blok,,,,,,,,,51.792368,19.445194
Łódź Stoki,ul. Zbocze,3,63,314000,5002,Oferta biura nieruchomości,ponad miesiąc temu,8,https://adresowo.pl/o/mieszkanie-lodz-stoki-ul-zbocze-3-pokojowe-o3f6a4,https://s2.adresowa.pl/oi/17/2f/3ac532_2a0d_cover-3-pokojowe-mieszkanie-lodz-stoki-ul-zbocze.jpg,,,parter,1942,blok,,,,,,,,,51.775268,19.533683
Łódź Retkinia,,3,53,430000,8113,Bez pośredników,ponad miesiąc temu,8,https://adresowo.pl/o/mieszkanie-lodz-retkinia-3-pokojowe-53-m2-e5g6o2,https://s2.adresowa.pl/oi/26/13/3afeaa_c9eb_cover-3-pokojowe-mieszkanie-lodz-retkinia.jpg,,,2,,blok,,,,,,,,,51.759292,19.455878
Łódź Zarzew,ul. Tatrzańska,3,47,330000,6989,Bez pośredników,ponad miesiąc temu,14,https://adresowo.pl/o/mieszkanie-lodz-zarzew-ul-tatrzanska-3-pokojowe-u3e5m2,https://s2.adresowa.pl/oi/2b/65/3afe36_603e_cover-3-pokojowe-mieszkanie-lodz-zarzew-ul-tatrzanska.jpg,,,parter,1970,blok,,,,,,,,,51.742886,19.493301
Łódź Polesie,,2,75,560000,7467,Bez pośredników,ponad miesiąc temu,11,https://adresowo.pl/o/mieszkanie-lodz-polesie-2-pokojowe-75-m2-z9e0a1,https://s2.adresowa.pl/oi/6a/3e/3afd6e_5c29_cover-2-pokojowe-mieszkanie-lodz-polesie.jpg,,,1930,1930,blok,,,,,,,,,51.759292,19.455878
Łódź Dąbrowa,ul. Leopolda Staffa,2,39,265000,6731,Oferta biura nieruchomości,ponad miesiąc temu,11,https://adresowo.pl/o/mieszkanie-lodz-dabrowa-ul-leopolda-staffa-2-pokojowe-o3a1t4,https://s2.adresowa.pl/oi/25/7e/3ac2d2_605d_cover-2-pokojowe-mieszkanie-lodz-dabrowa-ul-leopolda-staffa.jpg,,,parter,1965,blok,,,,,,,,,,
Łódź Śródmieście,ul. Wólczańska,2,39,426360,11000,Oferta biura nieruchomości,ponad miesiąc temu,5,https://adresowo.pl/o/mieszkanie-lodz-srodmiescie-ul-wolczanska-2-pokojowe-r8q0v5,https://s2.adresowa.pl/oi/32/5f/3abe6e_6cfb_cover-2-pokojowe-mieszkanie-lodz-srodmiescie-ul-wolczanska.jpg,,,3,,blok,,,,,,,,,51.755021,19.455576
Łódź Bałuty,ul. Rybna,1,32,210000,6563,Bez pośredników,ponad miesiąc temu,1,https://adresowo.pl/o/mieszkanie-lodz-baluty-ul-rybna-1-pokoj-k1e8n3,https://s2.adresowa.pl/oi/40/56/3afc72_2bbb_cover-1-pokojowe-mieszkanie-lodz-baluty-ul-rybna.jpg,,,1,1951,blok,,,,,,,,,51.785728,19.446211
Łódź,ul. Jana Kilińskiego,2,37,481000,13000,Bez pośredników,ponad miesiąc temu,7,https://adresowo.pl/o/mieszkanie-lodz-ul-jana-kilinskiego-2-pokojowe-o4o5r3,https://s2.adresowa.pl/oi/59/51/3afb4e_5dc0_cover-2-pokojowe-mieszkanie-lodz-ul-jana-kilinskiego.jpg,,,3,2011,,,,,,,,,,51.770036,19.463926
Łódź Górna,,1,21,180000,8571,Bez pośredników,ponad miesiąc temu,6,https://adresowo.pl/o/mieszkanie-lodz-gorna-1-pokoj-21-m2-r8p0f6,https://s2.adresowa.pl/oi/5a/61/3af8e4_765d_cover-1-pokojowe-mieszkanie-lodz-gorna.jpg,,,180,,kamienica,,,,,,,,,51.759292,19.455878
Łódź Śródmieście,ul. Wólczańska,2,39,424930,11000,Oferta biura nieruchomości,ponad miesiąc temu,5,https://adresowo.pl/o/mieszkanie-lodz-srodmiescie-ul-wolczanska-2-pokojowe-v9w5c6,https://s2.adresowa.pl/oi/49/7c/3abe6c_4b2f_cover-2-pokojowe-mieszkanie-lodz-srodmiescie-ul-wolczanska.jpg,,,1,2025,blok,,,,,,,,,51.755021,19.455576
Łódź,ul. św. Teresy od Dzieciątka Jezus,3,67,999000,14928,Oferta biura nieruchomości,ponad miesiąc temu,21,https://adresowo.pl/o/mieszkanie-lodz-ul-sw-teresy-od-dzieciatka-jezus-3-pokojowe-z4s9u4,https://s2.adresowa.pl/oi/31/13/3abd38_4312_cover-3-pokojowe-mieszkanie-lodz-ul-sw-teresy-od-dzieciatka-jezus.jpg,,,999,2010,blok,,,,,,,,,51.802757,19.439016
Łódź Dąbrowa,ul. Konspiracyjnego Wojska Polskiego,2,45,315000,7000,Bez pośredników,ponad miesiąc temu,6,https://adresowo.pl/o/mieszkanie-lodz-dabrowa-ul-konspiracyjnego-wojska-polskiego-2-pokojowe-b7o5h3,https://s2.adresowa.pl/oi/2b/2d/3af562_bc0f_cover-2-pokojowe-mieszkanie-lodz-dabrowa-ul-konspiracyjnego-wojska-polskiego.jpg,,,parter,,blok,,,,,,,,,,
Łódź Teofilów,ul. Lniana,2,38,370000,9661,Bez pośredników,ponad miesiąc temu,9,https://adresowo.pl/o/mieszkanie-lodz-teofilow-ul-lniana-2-pokojowe-o2m6q9,https://s2.adresowa.pl/oi/40/44/3af468_3838_cover-2-pokojowe-mieszkanie-lodz-teofilow-ul-lniana.jpg,,,5,1972,blok,,,,,,,,,51.796611,19.381949
Łódź Karolew,ul. Wileńska,2,36,335000,9306,Bez pośredników,ponad miesiąc temu,8,https://adresowo.pl/o/mieszkanie-lodz-karolew-ul-wilenska-2-pokojowe-c4l6h5,https://s2.adresowa.pl/oi/3d/19/3af422_7b11_cover-2-pokojowe-mieszkanie-lodz-karolew-ul-wilenska.jpg,,,parter,,blok,,,,,,,,,,
Łódź Teofilów,ul. Łanowa,3,46,395000,8522,Oferta biura nieruchomości,ponad miesiąc temu,16,https://adresowo.pl/o/mieszkanie-lodz-teofilow-ul-lanowa-3-pokojowe-g3t6f8,https://s2.adresowa.pl/oi/33/25/3abd2a_443b_cover-3-pokojowe-mieszkanie-lodz-teofilow-ul-lanowa.jpg,,,parter,1969,blok,,,,,,,,,51.793966,19.400074
Łódź Górna,ul. Rudzka,3,85,990000,11677,Oferta biura nieruchomości,ponad miesiąc temu,20,https://adresowo.pl/o/mieszkanie-lodz-gorna-ul-rudzka-3-pokojowe-q8s8g7,https://s2.adresowa.pl/oi/7a/6e/3abd0c_5b92_cover-3-pokojowe-mieszkanie-lodz-gorna-ul-rudzka.jpg,,,3,2019,,,,,,,,,,,
Łódź Bałuty,ul. Sitowie,3,53,470000,8873,Bez pośredników,ponad miesiąc temu,6,https://adresowo.pl/o/mieszkanie-lodz-baluty-ul-sitowie-3-pokojowe-h2l3n0,https://s2.adresowa.pl/oi/71/3a/3af24a_a9e6_cover-3-pokojowe-mieszkanie-lodz-baluty-ul-sitowie.jpg,,,parter,1960,blok,,,,,,,,,51.824319,19.431028
Łódź Górna,ul. Wincentego Kadłubka,2,38,245000,6447,Bez pośredników,ponad miesiąc temu,4,https://adresowo.pl/o/mieszkanie-lodz-gorna-ul-wincentego-kadlubka-2-pokojowe-s9r5b7,https://s2.adresowa.pl/oi/5a/57/3aef14_53a1_cover-2-pokojowe-mieszkanie-lodz-gorna-ul-wincentego-kadlubka.jpg,,,parter,1966,blok,,,,,,,,,51.733951,19.501706
Łódź Polesie,ul. Romualda Mielczarskiego,3,62,680000,10991,Bez pośredników,ponad miesiąc temu,8,https://adresowo.pl/o/mieszkanie-lodz-polesie-ul-romualda-mielczarskiego-3-pokojowe-c4l6h2,https://s2.adresowa.pl/oi/1e/3b/3aeef4_8df8_cover-3-pokojowe-mieszkanie-lodz-polesie-ul-romualda-mielczarskiego.jpg,,,3,2023,blok,,,,,,,,,51.776584,19.444782
Łódź Górna,ul. Jana Kilińskiego,2,64,270000,4237,Oferta biura nieruchomości,ponad miesiąc temu,9,https://adresowo.pl/o/mieszkanie-lodz-gorna-ul-jana-kilinskiego-2-pokojowe-r0y5u5,https://s2.adresowa.pl/oi/63/3a/3abc44_9a04_cover-2-pokojowe-mieszkanie-lodz-gorna-ul-jana-kilinskiego.jpg,,,1924,1924,blok,,,,,,,,,51.74117,19.47869
Łódź Widzew,ul. Stanisława Czernika,3,45,320000,7191,Oferta biura nieruchomości,ponad miesiąc temu,11,https://adresowo.pl/o/mieszkanie-lodz-widzew-ul-stanislawa-czernika-3-pokojowe-b9i8e1,https://s2.adresowa.pl/oi/2f/44/3aaa9e_53d2_cover-3-pokojowe-mieszkanie-lodz-widzew-ul-stanislawa-czernika.jpg,,,parter,1970,blok,,,,,,,,,51.761026,19.529136
Łódź Teofilów,ul. Traktorowa,2,38,385000,10212,Bez pośredników,ponad miesiąc temu,13,https://adresowo.pl/o/mieszkanie-lodz-teofilow-ul-traktorowa-2-pokojowe-d1j1l4,https://s2.adresowa.pl/oi/4f/28/3aed62_294b_cover-2-pokojowe-mieszkanie-lodz-teofilow-ul-traktorowa.jpg,,,parter,1969,blok,,,,,,,,,51.801609,19.394994
Łódź Stoki,ul. Listopadowa,3,63,669000,10619,Bez pośredników,ponad miesiąc temu,10,https://adresowo.pl/o/mieszkanie-lodz-stoki-ul-listopadowa-3-pokojowe-o1a4u8,https://s2.adresowa.pl/oi/6f/16/3ae994_8ccb_cover-3-pokojowe-mieszkanie-lodz-stoki-ul-listopadowa.jpg,,,2,2015,blok,,,,,,,,,51.786444,19.540803
Łódź Bałuty,ul. Łozowa,2,42,330000,7779,Bez pośredników,ponad miesiąc temu,5,https://adresowo.pl/o/mieszkanie-lodz-baluty-ul-lozowa-2-pokojowe-v1w8c4,https://s2.adresowa.pl/oi/4c/65/3ae966_94ba_cover-2-pokojowe-mieszkanie-lodz-baluty-ul-lozowa.jpg,,,parter,1988,blok,,,,,,,,,51.82768,19.434285
Łódź Doły,ul. Sporna,2,33,240000,7264,Oferta biura nieruchomości,ponad miesiąc temu,10,https://adresowo.pl/o/mieszkanie-lodz-doly-ul-sporna-2-pokojowe-u5w1i8,https://s2.adresowa.pl/oi/68/24/3aaa98_9314_cover-2-pokojowe-mieszkanie-lodz-doly-ul-sporna.jpg,,,1,1958,blok,,,,,,,,,,
Łódź Widzew,al. marsz. Józefa Piłsudskiego,3,67,499000,7448,Oferta biura nieruchomości,ponad miesiąc temu,12,https://adresowo.pl/o/mieszkanie-lodz-widzew-al-marsz-jozefa-pilsudskiego-3-pokojowe-j8w7g7,https://s2.adresowa.pl/oi/31/3f/3aa71a_2d53_cover-3-pokojowe-mieszkanie-lodz-widzew-al-marsz-jozefa-pilsudskiego.jpg,,,4,,blok,,,,,,,,,51.761484,19.48744
Łódź Górna,ul. Konstantego Ciołkowskiego,1,34,262000,7735,Bez pośredników,ponad miesiąc temu,4,https://adresowo.pl/o/mieszkanie-lodz-gorna-ul-konstantego-ciolkowskiego-1-pokoj-u7i2a8,https://s2.adresowa.pl/oi/24/59/3ae952_38c1_cover-1-pokojowe-mieszkanie-lodz-gorna-ul-konstantego-ciolkowskiego.jpg,,,parter,,blok,,,,,,,,,51.728599,19.460215
Łódź Teofilów,ul. Rojna,2,42,389000,9373,Bez pośredników,ponad miesiąc temu,18,https://adresowo.pl/o/mieszkanie-lodz-teofilow-ul-rojna-2-pokojowe-e5n2g3,https://s2.adresowa.pl/oi/47/2e/3ae146_b112_cover-2-pokojowe-mieszkanie-lodz-teofilow-ul-rojna.jpg,,,10,1973,blok,,,,,,,,,,
Łódź Górna,ul. Joachima Lelewela,2,34,342000,9919,Bez pośredników,ponad miesiąc temu,8,https://adresowo.pl/o/mieszkanie-lodz-gorna-ul-joachima-lelewela-2-pokojowe-s6f4v1,https://s2.adresowa.pl/oi/67/15/3ae078_3dd2_cover-2-pokojowe-mieszkanie-lodz-gorna-ul-joachima-lelewela.jpg,,,6,1973,blok,,,,,,,,,51.733015,19.475625
Łódź,ul. Wawelska,2,37,279000,7468,Oferta biura nieruchomości,ponad miesiąc temu,6,https://adresowo.pl/o/mieszkanie-lodz-ul-wawelska-2-pokojowe-a0c4d2,https://s2.adresowa.pl/oi/7b/2d/3aa1cc_92e3_cover-2-pokojowe-mieszkanie-lodz-ul-wawelska.jpg,,,parter,1956,kamienica,,,,,,,,,51.790172,19.456662
Łódź Dąbrowa,ul. Konspiracyjnego Wojska Polskiego,2,43,320000,7397,Oferta biura nieruchomości,ponad miesiąc temu,13,https://adresowo.pl/o/mieszkanie-lodz-dabrowa-ul-konspiracyjnego-wojska-polskiego-2-pokojowe-w0m8k5,https://s2.adresowa.pl/oi/5e/64/3a9844_af3e_cover-2-pokojowe-mieszkanie-lodz-dabrowa-ul-konspiracyjnego-wojska-polskiego.jpg,,,parter,1964,blok,,,,,,,,,51.731453,19.495993
Łódź Widzew,ul. Niciarniana,1,27,220000,8148,Bez pośredników,ponad miesiąc temu,9,https://adresowo.pl/o/mieszkanie-lodz-widzew-ul-niciarniana-1-pokoj-x0i4b6,https://s2.adresowa.pl/oi/2c/2b/3aca3c_9726_cover-1-pokojowe-mieszkanie-lodz-widzew-ul-niciarniana.jpg,,,4,1964,blok,,,,,,,,,51.76377,19.507629
Łódź Śródmieście,ul. płk. dr. Stanisława Więckowskiego,2,48,495000,10219,Bez pośredników,ponad miesiąc temu,8,https://adresowo.pl/o/mieszkanie-lodz-srodmiescie-ul-plk-dr-stanislawa-wieckowskiego-2-pokojowe-r3a4d0,https://s2.adresowa.pl/oi/7d/61/3adee4_38b9_cover-2-pokojowe-mieszkanie-lodz-srodmiescie-ul-plk-dr-stanislawa-wieckowskiego.jpg,,,parter,2011,kamienica,,,,,,,,,51.771701,19.444958
Łódź Śródmieście,Nawrot,6,74,513000,6946,Bez pośredników,ponad miesiąc temu,41,https://adresowo.pl/o/mieszkanie-lodz-srodmiescie-nawrot-6-pokojowe-a1b4k3,https://s2.adresowa.pl/oi/53/2f/3ab180_b6df_cover-6-pokojowe-mieszkanie-lodz-srodmiescie-nawrot.jpg,,,parter,1980,blok,,,,,,,,,51.762646,19.460063
Łódź Julianów,ul. Żabia,4,99,897360,9030,Oferta biura nieruchomości,ponad miesiąc temu,22,https://adresowo.pl/o/mieszkanie-lodz-julianow-ul-zabia-4-pokojowe-p5x8t9,https://s2.adresowa.pl/oi/65/68/3a8ac6_a63f_cover-4-pokojowe-mieszkanie-lodz-julianow-ul-zabia.jpg,,,parter,1980,kamienica,,,,,,,,,51.793822,19.452909
Łódź Polesie,ul. 6 Sierpnia,2,43,394360,9203,Oferta biura nieruchomości,ponad miesiąc temu,14,https://adresowo.pl/o/mieszkanie-lodz-polesie-ul-6-sierpnia-2-pokojowe-m3x2y1,https://s2.adresowa.pl/oi/58/41/3a8ac2_88bf_cover-2-pokojowe-mieszkanie-lodz-polesie-ul-6-sierpnia.jpg,,,1,1951,blok,,,,,,,,,51.7672,19.438738
Łódź Widzew,ul. Juliana Tuwima,2,37,396546,10600,Bez pośredników,ponad miesiąc temu,3,https://adresowo.pl/o/mieszkanie-lodz-widzew-ul-juliana-tuwima-2-pokojowe-l8e2l4,https://s2.adresowa.pl/oi/5c/2e/3adaba_5d65_cover-2-pokojowe-mieszkanie-lodz-widzew-ul-juliana-tuwima.jpg,,,parter,2025,blok,,,,,,,,,51.767301,19.477729
Łódź Bałuty,ul. Zgierska,2,43,214000,4977,Bez pośredników,ponad miesiąc temu,8,https://adresowo.pl/o/mieszkanie-lodz-baluty-ul-zgierska-2-pokojowe-j8n2l7,https://s2.adresowa.pl/oi/34/54/3ada72_549d_cover-2-pokojowe-mieszkanie-lodz-baluty-ul-zgierska.jpg,,,3,1910,kamienica,,,,,,,,,51.807719,19.439124
Łódź Dąbrowa,ul. gen. Jarosława Dąbrowskiego,3,48,469000,9771,Bez pośredników,ponad miesiąc temu,1,https://adresowo.pl/o/mieszkanie-lodz-dabrowa-ul-gen-jaroslawa-dabrowskiego-3-pokojowe-m1z2g6,https://s2.adresowa.pl/oi/6e/3a/3ad0cc_631a_cover-3-pokojowe-mieszkanie-lodz-dabrowa-ul-gen-jaroslawa-dabrowskiego.jpg,,,4,1970,blok,,,,,,,,,51.736465,19.502106
Łódź Chojny,ul. Bałtycka,2,44,379000,8555,Oferta biura nieruchomości,ponad miesiąc temu,14,https://adresowo.pl/o/mieszkanie-lodz-chojny-ul-baltycka-2-pokojowe-f5b7s1,https://s2.adresowa.pl/oi/19/5f/3a80f8_74d0_cover-2-pokojowe-mieszkanie-lodz-chojny-ul-baltycka.jpg,,,2,2003,blok,,,,,,,,,51.71531,19.504966
Łódź Retkinia,ul. Olimpijska,1,31,247000,7968,Oferta biura nieruchomości,ponad miesiąc temu,20,https://adresowo.pl/o/mieszkanie-lodz-retkinia-ul-olimpijska-1-pokoj-l4r5h1,https://s2.adresowa.pl/oi/58/3a/3a75dc_ba0c_cover-1-pokojowe-mieszkanie-lodz-retkinia-ul-olimpijska.jpg,,,parter,1978,blok,,,,,,,,,,
Łódź,ul. Maratońska,2,42,318150,7575,Bez pośredników,ponad miesiąc temu,1,https://adresowo.pl/o/mieszkanie-lodz-ul-maratonska-2-pokojowe-e5n8p9,https://s2.adresowa.pl/oi/25/36/3acfce_58cc_cover-2-pokojowe-mieszkanie-lodz-ul-maratonska.jpg,,,parter,1972,blok,,,,,,,,,51.737604,19.393771
Łódź Teofilów,ul. Traktorowa,2,38,353000,9408,Bez pośredników,ponad miesiąc temu,13,https://adresowo.pl/o/mieszkanie-lodz-teofilow-ul-traktorowa-2-pokojowe-i6h6u0,https://s2.adresowa.pl/oi/66/31/3acfa6_f584_cover-2-pokojowe-mieszkanie-lodz-teofilow-ul-traktorowa.jpg,,,parter,1968,blok,,,,,,,,,51.801609,19.394994
Łódź Górna,ul. Łączna,2,43,320000,7442,Bez pośredników,ponad miesiąc temu,10,https://adresowo.pl/o/mieszkanie-lodz-gorna-ul-laczna-2-pokojowe-v2a3a6,https://s2.adresowa.pl/oi/2d/45/3acf5a_6993_cover-2-pokojowe-mieszkanie-lodz-gorna-ul-laczna.jpg,,,320,,blok,,,,,,,,,51.732587,19.472901
Łódź Stare Polesie,al. 1 Maja,2,50,429000,8644,Oferta biura nieruchomości,ponad miesiąc temu,10,https://adresowo.pl/o/mieszkanie-lodz-stare-polesie-al-1-maja-2-pokojowe-u2x7y1,https://s2.adresowa.pl/oi/77/7e/3a5eae_a132_cover-2-pokojowe-mieszkanie-lodz-stare-polesie-al-1-maja.jpg,,,parter,2017,kamienica,,,,,,,,,,
Łódź,ul. Pieniny,2,34,215000,6324,Oferta biura nieruchomości,ponad miesiąc temu,6,https://adresowo.pl/o/mieszkanie-lodz-ul-pieniny-2-pokojowe-y9e7i3,https://s2.adresowa.pl/oi/28/52/3a5dc0_3f63_cover-2-pokojowe-mieszkanie-lodz-ul-pieniny.jpg,,,parter,1950,kamienica,,,,,,,,,51.781056,19.526416
Łódź Retkinia,ul. Kostki Napierskiego,2,49,365000,7426,Bez pośredników,ponad miesiąc temu,8,https://adresowo.pl/o/mieszkanie-lodz-retkinia-ul-kostki-napierskiego-2-pokojowe-w0q1g3,https://s2.adresowa.pl/oi/2f/71/3ace90_462e_cover-2-pokojowe-mieszkanie-lodz-retkinia-ul-kostki-napierskiego.jpg,,,parter,1980,blok,,,,,,,,,51.749044,19.398244
Łódź Śródmieście,ul. Wierzbowa,3,74,700000,9459,Bez pośredników,ponad miesiąc temu,8,https://adresowo.pl/o/mieszkanie-lodz-srodmiescie-ul-wierzbowa-3-pokojowe-t6d9z8,https://s2.adresowa.pl/oi/3e/45/3ace50_42dc_cover-3-pokojowe-mieszkanie-lodz-srodmiescie-ul-wierzbowa.jpg,,,parter,1920,kamienica,,,,,,,,,51.774376,19.478396
Łódź Bałuty,ul. Urzędnicza,3,48,409000,8521,Bez pośredników,ponad miesiąc temu,8,https://adresowo.pl/o/mieszkanie-lodz-baluty-ul-urzednicza-3-pokojowe-d9s3s0,https://s2.adresowa.pl/oi/73/13/3ace22_9bae_cover-3-pokojowe-mieszkanie-lodz-baluty-ul-urzednicza.jpg,,,parter,,blok,,,,,,,,,51.792856,19.44401
Łódź Górna,ul. Siarczana,2,40,340000,8573,Oferta biura nieruchomości,ponad miesiąc temu,9,https://adresowo.pl/o/mieszkanie-lodz-gorna-ul-siarczana-2-pokojowe-u9z1z8,https://s2.adresowa.pl/oi/3a/68/3a5da6_fcf7_cover-2-pokojowe-mieszkanie-lodz-gorna-ul-siarczana.jpg,,,4,1980,blok,,,,,,,,,51.736445,19.484246
Łódź Radogoszcz,ul. Okoniowa,3,65,619360,9475,Oferta biura nieruchomości,ponad miesiąc temu,20,https://adresowo.pl/o/mieszkanie-lodz-radogoszcz-ul-okoniowa-3-pokojowe-z6p5v9,https://s2.adresowa.pl/oi/47/3f/3a54b6_6481_cover-3-pokojowe-mieszkanie-lodz-radogoszcz-ul-okoniowa.jpg,,,2006,2006,blok,,,,,,,,,,
Łódź Retkinia,ul. Maratońska,3,53,450000,8491,Bez pośredników,ponad miesiąc temu,8,https://adresowo.pl/o/mieszkanie-lodz-retkinia-ul-maratonska-3-pokojowe-m2h7m8,https://s2.adresowa.pl/oi/67/56/3acdaa_ceab_cover-3-pokojowe-mieszkanie-lodz-retkinia-ul-maratonska.jpg,,,parter,1978,blok,,,,,,,,,51.737604,19.393771
Łódź Chojny,ul. Tuszyńska,3,62,495000,7925,Bez pośredników,ponad miesiąc temu,12,https://adresowo.pl/o/mieszkanie-lodz-chojny-ul-tuszynska-3-pokojowe-n8d7u5,https://s2.adresowa.pl/oi/40/37/3acca0_52e8_cover-3-pokojowe-mieszkanie-lodz-chojny-ul-tuszynska.jpg,,,2,1989,blok,,,,,,,,,51.759292,19.455878
Łódź Śródmieście,ul. Wólczańska,3,73,619999,8493,Bez pośredników,ponad miesiąc temu,8,https://adresowo.pl/o/mieszkanie-lodz-srodmiescie-ul-wolczanska-3-pokojowe-y4r3l2,https://s2.adresowa.pl/oi/39/58/3acc0e_ef72_cover-3-pokojowe-mieszkanie-lodz-srodmiescie-ul-wolczanska.jpg,,,parter,,kamienica,,,,,,,,,51.755588,19.454869
Łódź Polesie,ul. Walerego Wróblewskiego,2,28,229000,8132,Oferta biura nieruchomości,ponad miesiąc temu,11,https://adresowo.pl/o/mieszkanie-lodz-polesie-ul-walerego-wroblewskiego-2-pokojowe-u5j3z4,https://s2.adresowa.pl/oi/5f/31/3a3c52_41c4_cover-2-pokojowe-mieszkanie-lodz-polesie-ul-walerego-wroblewskiego.jpg,,,parter,1964,blok,,,,,,,,,51.750206,19.421721
Łódź Olechów,ul. Dąbrówki,2,50,440000,8800,Oferta biura nieruchomości,ponad miesiąc temu,14,https://adresowo.pl/o/mieszkanie-lodz-olechow-ul-dabrowki-2-pokojowe-v3j6n6,https://s2.adresowa.pl/oi/33/43/3a3296_e9eb_cover-2-pokojowe-mieszkanie-lodz-olechow-ul-dabrowki.jpg,,,parter,,blok,,,,,,,,,51.742779,19.567647
Łódź Śródmieście,ul. Polskiej Organizacji Wojskowej,2,79,615000,7758,Bez pośredników,ponad miesiąc temu,9,https://adresowo.pl/o/mieszkanie-lodz-srodmiescie-ul-polskiej-organizacji-wojskowej-2-pokojowe-y5l4s6,https://s2.adresowa.pl/oi/4e/3e/3acbee_d617_cover-2-pokojowe-mieszkanie-lodz-srodmiescie-ul-polskiej-organizacji-wojskowej.jpg,,,parter,1915,kamienica,,,,,,,,,51.77281,19.466408
Łódź Bałuty,ul. Ciesielska,1,30,254000,8453,Bez pośredników,ponad miesiąc temu,20,https://adresowo.pl/o/mieszkanie-lodz-baluty-ul-ciesielska-1-pokoj-f9i2r8,https://s2.adresowa.pl/oi/26/52/3acb8c_b3c9_cover-1-pokojowe-mieszkanie-lodz-baluty-ul-ciesielska.jpg,,,parter,1955,blok,,,,,,,,,51.788757,19.447458
Łódź Polesie,ul. Konstantynowska,4,90,980000,10950,Bez pośredników,ponad miesiąc temu,19,https://adresowo.pl/o/mieszkanie-lodz-polesie-ul-konstantynowska-4-pokojowe-l3o6f3,https://s2.adresowa.pl/oi/2f/62/3acb68_b0a7_cover-4-pokojowe-mieszkanie-lodz-polesie-ul-konstantynowska.jpg,,,parter,2013,kamienica,,,,,,,,,51.759319,19.398868
Łódź Retkinia,ul. Olimpijska,3,53,459900,8682,Oferta biura nieruchomości,ponad miesiąc temu,11,https://adresowo.pl/o/mieszkanie-lodz-retkinia-ul-olimpijska-3-pokojowe-j6c9t0,https://s2.adresowa.pl/oi/40/15/3a2c48_6a86_cover-3-pokojowe-mieszkanie-lodz-retkinia-ul-olimpijska.jpg,,,parter,1973,blok,,,,,,,,,51.745496,19.414965
Łódź Bałuty,ul. Rajska,3,54,480000,8955,Oferta biura nieruchomości,ponad miesiąc temu,12,https://adresowo.pl/o/mieszkanie-lodz-baluty-ul-rajska-3-pokojowe-k9a6o4,https://s2.adresowa.pl/oi/5c/7b/3a10e2_c50b_cover-3-pokojowe-mieszkanie-lodz-baluty-ul-rajska.jpg,,,1960,1960,blok,,,,,,,,,51.795835,19.436927
Łódź Radogoszcz,ul. Liściasta,3,79,679400,8600,Bez pośredników,ponad miesiąc temu,8,https://adresowo.pl/o/mieszkanie-lodz-radogoszcz-ul-lisciasta-3-pokojowe-y5e9s4,https://s2.adresowa.pl/oi/1c/43/3ac668_ee84_cover-3-pokojowe-mieszkanie-lodz-radogoszcz-ul-lisciasta.jpg,,,679,2005,blok,,,,,,,,,51.817598,19.405055
Łódź Bałuty,,2,41,325000,7927,Bez pośredników,ponad miesiąc temu,8,https://adresowo.pl/o/mieszkanie-lodz-baluty-2-pokojowe-41-m2-b1u1l2,https://s2.adresowa.pl/oi/33/33/3ac54a_b842_cover-2-pokojowe-mieszkanie-lodz-baluty.jpg,,,parter,,blok,,,,,,,,,51.759292,19.455878
Łódź Śródmieście,ul. Ludwika Zamenhofa,4,87,589000,6770,Bez pośredników,ponad miesiąc temu,8,https://adresowo.pl/o/mieszkanie-lodz-srodmiescie-ul-ludwika-zamenhofa-4-pokojowe-x7x6b4,https://s2.adresowa.pl/oi/61/39/3ac516_b5ea_cover-4-pokojowe-mieszkanie-lodz-srodmiescie-ul-ludwika-zamenhofa.jpg,,,parter,,blok,,,,,,,,,51.761928,19.452907
Łódź Stare Polesie,ul. Rzgowska,1,28,225360,8095,Oferta biura nieruchomości,ponad miesiąc temu,12,https://adresowo.pl/o/mieszkanie-lodz-stare-polesie-ul-rzgowska-1-pokoj-u7t4a4,https://s2.adresowa.pl/oi/21/49/3a080c_782c_cover-1-pokojowe-mieszkanie-lodz-stare-polesie-ul-rzgowska.jpg,,,parter,1990,blok,,,,,,,,,51.701957,19.477981
Łódź,ul. Spacerowa,2,41,359360,8722,Oferta biura nieruchomości,ponad miesiąc temu,18,https://adresowo.pl/o/mieszkanie-lodz-ul-spacerowa-2-pokojowe-o9g5l4,https://s2.adresowa.pl/oi/36/12/3a04ae_c0a8_cover-2-pokojowe-mieszkanie-lodz-ul-spacerowa.jpg,,,parter,1972,blok,,,,,,,,,,
Łódź Dąbrowa,ul. gen. Jarosława Dąbrowskiego,3,47,325000,6862,Bez pośredników,ponad miesiąc temu,12,https://adresowo.pl/o/mieszkanie-lodz-dabrowa-ul-gen-jaroslawa-dabrowskiego-3-pokojowe-p2g3m9,https://s2.adresowa.pl/oi/69/1a/3ac49c_58a0_cover-3-pokojowe-mieszkanie-lodz-dabrowa-ul-gen-jaroslawa-dabrowskiego.jpg,,,parter,1970,blok,,,,,,,,,51.737492,19.484064
Łódź Bałuty,ul. Świtezianki,3,64,704000,11000,Bez pośredników,ponad miesiąc temu,8,https://adresowo.pl/o/mieszkanie-lodz-baluty-ul-switezianki-3-pokojowe-w5z6l5,https://s2.adresowa.pl/oi/45/67/3ac018_df7e_cover-3-pokojowe-mieszkanie-lodz-baluty-ul-switezianki.jpg,,,parter,2025,apartamentowiec,,,,,,,,,51.823709,19.438808
Łódź Retkinia,ul. Retkińska,1,31,326000,10516,Bez pośredników,ponad miesiąc temu,5,https://adresowo.pl/o/mieszkanie-lodz-retkinia-ul-retkinska-1-pokoj-a3l0p9,https://s2.adresowa.pl/oi/49/3e/3abfa0_e464_cover-1-pokojowe-mieszkanie-lodz-retkinia-ul-retkinska.jpg,,,326,,blok,,,,,,,,,51.750051,19.408626
Łódź Bałuty,ul. Inowrocławska,2,47,287000,6165,Oferta biura nieruchomości,ponad miesiąc temu,6,https://adresowo.pl/o/mieszkanie-lodz-baluty-ul-inowroclawska-2-pokojowe-q8l2y6,https://s2.adresowa.pl/oi/40/36/39f51c_39e6_cover-2-pokojowe-mieszkanie-lodz-baluty-ul-inowroclawska.jpg,,,2,1980,blok,,,,,,,,,51.785756,19.417594
Łódź Mileszki,ul. Henrykowska,3,59,509034,8600,Oferta biura nieruchomości,ponad miesiąc temu,8,https://adresowo.pl/o/mieszkanie-lodz-mileszki-ul-henrykowska-3-pokojowe-u6o4i9,https://s2.adresowa.pl/oi/7b/1e/39e7da_767a_cover-3-pokojowe-mieszkanie-lodz-mileszki-ul-henrykowska.jpg,,,parter,,blok,,,,,,,,,51.767467,19.550405
Łódź Dąbrowa,,2,42,335000,7976,Bez pośredników,ponad miesiąc temu,8,https://adresowo.pl/o/mieszkanie-lodz-dabrowa-2-pokojowe-42-m2-g3w7k9,https://s2.adresowa.pl/oi/52/7e/3abf1c_7132_cover-2-pokojowe-mieszkanie-lodz-dabrowa.jpg,,,4,,blok,,,,,,,,,51.759292,19.455878
Łódź Retkinia,ul. Sprinterów,3,56,430000,7679,Bez pośredników,ponad miesiąc temu,13,https://adresowo.pl/o/mieszkanie-lodz-retkinia-ul-sprinterow-3-pokojowe-p5q7i0,https://s2.adresowa.pl/oi/44/2d/3abeec_9571_cover-3-pokojowe-mieszkanie-lodz-retkinia-ul-sprinterow.jpg,,,parter,,blok,,,,,,,,,51.75013,19.410119
Łódź Śródmieście,ul. Wierzbowa,3,59,590000,10000,Bez pośredników,ponad miesiąc temu,10,https://adresowo.pl/o/mieszkanie-lodz-srodmiescie-ul-wierzbowa-3-pokojowe-i0i4j5,https://s2.adresowa.pl/oi/57/64/3abaea_3c7b_cover-3-pokojowe-mieszkanie-lodz-srodmiescie-ul-wierzbowa.jpg,,,590,1970,blok,,,,,,,,,51.774376,19.478396
Łódź,al. 1 Maja,1,23,250000,10643,Oferta biura nieruchomości,ponad miesiąc temu,7,https://adresowo.pl/o/mieszkanie-lodz-al-1-maja-1-pokoj-v5k9w3,https://s2.adresowa.pl/oi/62/37/39e10e_d8ca_cover-1-pokojowe-mieszkanie-lodz-al-1-maja.jpg,,,4,,kamienica,,,,,,,,,51.772858,19.443214
Łódź Śródmieście,ul. Milionowa,2,45,650000,14444,Oferta biura nieruchomości,ponad miesiąc temu,8,https://adresowo.pl/o/mieszkanie-lodz-srodmiescie-ul-milionowa-2-pokojowe-h4a4v8,https://s2.adresowa.pl/oi/73/29/39d8e6_568b_cover-2-pokojowe-mieszkanie-lodz-srodmiescie-ul-milionowa.jpg,,,650,2025,blok,,,,,,,,,51.747856,19.467436
Łódź Teofilów,ul. Grabieniec,3,57,487000,8514,Bez pośredników,ponad miesiąc temu,15,https://adresowo.pl/o/mieszkanie-lodz-teofilow-ul-grabieniec-3-pokojowe-h7m7i2,https://s2.adresowa.pl/oi/12/1b/3ab82e_db08_cover-3-pokojowe-mieszkanie-lodz-teofilow-ul-grabieniec.jpg,,,parter,1980,blok,,,,,,,,,51.79735,19.389976
Łódź Retkinia,ul. Maratońska,3,42,499999,11905,Bez pośredników,ponad miesiąc temu,11,https://adresowo.pl/o/mieszkanie-lodz-retkinia-ul-maratonska-3-pokojowe-i1b9v9,https://s2.adresowa.pl/oi/16/2d/3ab6ec_95e4_cover-3-pokojowe-mieszkanie-lodz-retkinia-ul-maratonska.jpg,,,parter,,blok,,,,,,,,,51.737604,19.393771
Łódź Polesie,ul. Walerego Wróblewskiego,1,13,150000,11538,Bez pośredników,ponad miesiąc temu,7,https://adresowo.pl/o/mieszkanie-lodz-polesie-ul-walerego-wroblewskiego-1-pokoj-z7w5r2,https://s2.adresowa.pl/oi/70/37/3ab662_f7cd_cover-1-pokojowe-mieszkanie-lodz-polesie-ul-walerego-wroblewskiego.jpg,,,parter,2020,,,,,,,,,,51.745749,19.437483
Łódź Polesie,ul. Tomasza Rychlińskiego,2,58,513999,8899,Oferta biura nieruchomości,ponad miesiąc temu,3,https://adresowo.pl/o/mieszkanie-lodz-polesie-ul-tomasza-rychlinskiego-2-pokojowe-z0l4b4,https://s2.adresowa.pl/oi/26/22/39b5e4_3cb1_cover-2-pokojowe-mieszkanie-lodz-polesie-ul-tomasza-rychlinskiego.jpg,,,parter,2025,blok,,,,,,,,,51.778603,19.422172
Łódź Bałuty,ul. Jana Woronicza,2,43,279000,6523,Oferta biura nieruchomości,ponad miesiąc temu,12,https://adresowo.pl/o/mieszkanie-lodz-baluty-ul-jana-woronicza-2-pokojowe-x9q6s8,https://s2.adresowa.pl/oi/67/45/39b48c_c271_cover-2-pokojowe-mieszkanie-lodz-baluty-ul-jana-woronicza.jpg,,,3,1964,blok,,,,,,,,,51.792159,19.40957
Łódź Retkinia,,2,42,379000,8934,Bez pośredników,ponad miesiąc temu,4,https://adresowo.pl/o/mieszkanie-lodz-retkinia-2-pokojowe-42-m2-t5t2k0,https://s2.adresowa.pl/oi/42/50/3ab1c8_c8e1_cover-2-pokojowe-mieszkanie-lodz-retkinia.jpg,,,parter,,blok,,,,,,,,,51.759292,19.455878
Łódź Retkinia,ul. Maratońska,3,53,397000,7491,Bez pośredników,ponad miesiąc temu,1,https://adresowo.pl/o/mieszkanie-lodz-retkinia-ul-maratonska-3-pokojowe-k0e4l2,https://s2.adresowa.pl/oi/4d/20/3aa958_a32d_cover-3-pokojowe-mieszkanie-lodz-retkinia-ul-maratonska.jpg,,,parter,1976,blok,,,,,,,,,51.740227,19.399169
Łódź Arturówek,ul. Skrzydlata,4,92,1150000,12482,Bez pośredników,ponad miesiąc temu,9,https://adresowo.pl/o/mieszkanie-lodz-arturowek-ul-skrzydlata-4-pokojowe-q7w4s4,https://s2.adresowa.pl/oi/42/6d/3aaf2a_2d0a_cover-4-pokojowe-mieszkanie-lodz-arturowek-ul-skrzydlata.jpg,,,parter,2024,apartamentowiec,,,,,,,,,51.820863,19.474012
Łódź Chojny,ul. Antoniego Edwarda Odyńca,3,60,450000,7483,Oferta biura nieruchomości,ponad miesiąc temu,17,https://adresowo.pl/o/mieszkanie-lodz-chojny-ul-antoniego-edwarda-odynca-3-pokojowe-j0e1f8,https://s2.adresowa.pl/oi/11/36/399816_be68_cover-3-pokojowe-mieszkanie-lodz-chojny-ul-antoniego-edwarda-odynca.jpg,,,2,1970,blok,,,,,,,,,51.73071,19.482534
Łódź Bałuty,ul. Sukiennicza,3,57,460000,8070,Oferta biura nieruchomości,ponad miesiąc temu,10,https://adresowo.pl/o/mieszkanie-lodz-baluty-ul-sukiennicza-3-pokojowe-z9k2a1,https://s2.adresowa.pl/oi/34/71/3997c6_842d_cover-3-pokojowe-mieszkanie-lodz-baluty-ul-sukiennicza.jpg,,,460,1970,blok,,,,,,,,,51.797611,19.459345
Łódź Górna,ul. Stanisława Przybyszewskiego,2,72,530000,7361,Bez pośredników,ponad miesiąc temu,21,https://adresowo.pl/o/mieszkanie-lodz-gorna-ul-stanislawa-przybyszewskiego-2-pokojowe-y9p1i1,https://s2.adresowa.pl/oi/15/6c/3aae1c_b438_cover-2-pokojowe-mieszkanie-lodz-gorna-ul-stanislawa-przybyszewskiego.jpg,,,parter,1930,blok,,,,,,,,,51.746901,19.482742
Łódź Śródmieście,ul. 6 Sierpnia,3,56,610000,10868,Bez pośredników,ponad miesiąc temu,10,https://adresowo.pl/o/mieszkanie-lodz-srodmiescie-ul-6-sierpnia-3-pokojowe-h2l0n8,https://s2.adresowa.pl/oi/1c/7b/3aae04_5e34_cover-3-pokojowe-mieszkanie-lodz-srodmiescie-ul-6-sierpnia.jpg,,,610,2025,blok,,,,,,,,,51.767581,19.442934
Łódź Górna,ul. Granitowa,2,52,395000,7596,Bez pośredników,ponad miesiąc temu,7,https://adresowo.pl/o/mieszkanie-lodz-gorna-ul-granitowa-2-pokojowe-n4j9j7,https://s2.adresowa.pl/oi/2a/62/3aadd4_8a35_cover-2-pokojowe-mieszkanie-lodz-gorna-ul-granitowa.jpg,,,parter,1984,blok,,,,,,,,,51.731414,19.465466
Łódź,ul. gen. Józefa Dwernickiego,2,51,434000,8493,Oferta biura nieruchomości,ponad miesiąc temu,7,https://adresowo.pl/o/mieszkanie-lodz-ul-gen-jozefa-dwernickiego-2-pokojowe-l7j7d9,https://s2.adresowa.pl/oi/65/14/3996cc_faeb_cover-2-pokojowe-mieszkanie-lodz-ul-gen-jozefa-dwernickiego.jpg,,,parter,1960,blok,,,,,,,,,,
Łódź Górna,ul. Lubelska,2,37,335000,9141,Oferta biura nieruchomości,ponad miesiąc temu,10,https://adresowo.pl/o/mieszkanie-lodz-gorna-ul-lubelska-2-pokojowe-c3u8o1,https://s2.adresowa.pl/oi/32/46/3986b2_aa2a_cover-2-pokojowe-mieszkanie-lodz-gorna-ul-lubelska.jpg,,,1958,1958,blok,,,,,,,,,51.741802,19.475453
Łódź Górna,ul. Rolnicza,1,38,348000,9233,Bez pośredników,5 dni temu,12,https://adresowo.pl/o/mieszkanie-lodz-gorna-ul-rolnicza-1-pokoj-a2t7i7,https://s2.adresowa.pl/oi/31/42/3b14aa_f319_cover-1-pokojowe-mieszkanie-lodz-gorna-ul-rolnicza.jpg,,,3,1989,blok,,,,,,,,,51.722875,19.496252
Łódź Widzew,ul. Rysy,2,45,490000,10889,Bez pośredników,ponad miesiąc temu,9,https://adresowo.pl/o/mieszkanie-lodz-widzew-ul-rysy-2-pokojowe-z7t0w2,https://s2.adresowa.pl/oi/57/5e/3aad96_e2aa_cover-2-pokojowe-mieszkanie-lodz-widzew-ul-rysy.jpg,,,4,2014,blok,,,,,,,,,51.782121,19.535769
Łódź Stoki,ul. Zbocze,2,40,229000,5768,Bez pośredników,ponad miesiąc temu,16,https://adresowo.pl/o/mieszkanie-lodz-stoki-ul-zbocze-2-pokojowe-g2q1w1,https://s2.adresowa.pl/oi/40/43/3aab9a_f846_cover-2-pokojowe-mieszkanie-lodz-stoki-ul-zbocze.jpg,,,parter,1945,kamienica,,,,,,,,,51.776766,19.530564
,,,,,,Pośrednik,,,https://adresowo.pl/mieszkania/lodz/srodmiescie-1/,,,,parter,1912,kamienica,,,,,,,,,,
Łódź Górna,ul. Alojzego Felińskiego,2,36,320000,8889,Bez pośredników,ponad miesiąc temu,9,https://adresowo.pl/o/mieszkanie-lodz-gorna-ul-alojzego-felinskiego-2-pokojowe-n6a4h5,https://s2.adresowa.pl/oi/60/76/3aaa26_d9cb_cover-2-pokojowe-mieszkanie-lodz-gorna-ul-alojzego-felinskiego.jpg,,,320,1960,blok,,,,,,,,,51.732329,19.496919
Łódź Polesie,ul. dr. Adama Próchnika,3,78,420000,5412,Oferta biura nieruchomości,ponad miesiąc temu,22,https://adresowo.pl/o/mieszkanie-lodz-polesie-ul-dr-adama-prochnika-3-pokojowe-x1i6i3,https://s2.adresowa.pl/oi/68/7a/395e90_c4d1_cover-3-pokojowe-mieszkanie-lodz-polesie-ul-dr-adama-prochnika.jpg,,,parter,1920,kamienica,,,,,,,,,51.774226,19.446487
Łódź Berlinek,ul. Zgierska,2,47,409000,8702,Oferta biura nieruchomości,ponad miesiąc temu,10,https://adresowo.pl/o/mieszkanie-lodz-berlinek-ul-zgierska-2-pokojowe-n6i7p9,https://s2.adresowa.pl/oi/7f/63/395e54_e2a2_cover-2-pokojowe-mieszkanie-lodz-berlinek-ul-zgierska.jpg,,,parter,1975,blok,,,,,,,,,,
Łódź Widzew,ul. Józefa Elsnera,3,64,550000,8594,Bez pośredników,ponad miesiąc temu,10,https://adresowo.pl/o/mieszkanie-lodz-widzew-ul-jozefa-elsnera-3-pokojowe-w2m2v7,https://s2.adresowa.pl/oi/77/5d/3aa7a4_86d4_cover-3-pokojowe-mieszkanie-lodz-widzew-ul-jozefa-elsnera.jpg,,,parter,1978,blok,,,,,,,,,51.755845,19.531267
Łódź Polesie,,1,35,290000,8192,Bez pośredników,ponad miesiąc temu,6,https://adresowo.pl/o/mieszkanie-lodz-polesie-1-pokoj-35-m2-u0r4w6,https://s2.adresowa.pl/oi/3a/53/3aa73e_dcf1_cover-1-pokojowe-mieszkanie-lodz-polesie.jpg,,,1,,blok,,,,,,,,,51.759292,19.455878
Łódź Chojny,ul. Mazurska,1,33,269000,8152,Bez pośredników,ponad miesiąc temu,8,https://adresowo.pl/o/mieszkanie-lodz-chojny-ul-mazurska-1-pokoj-f0a0f9,https://s2.adresowa.pl/oi/6f/2f/3a9fde_291d_cover-1-pokojowe-mieszkanie-lodz-chojny-ul-mazurska.jpg,,,6,1974,blok,,,,,,,,,51.729946,19.48279
Łódź Bałuty,ul. Wojska Polskiego,1,36,265000,7442,Oferta biura nieruchomości,ponad miesiąc temu,10,https://adresowo.pl/o/mieszkanie-lodz-baluty-ul-wojska-polskiego-1-pokoj-z8r6h8,https://s2.adresowa.pl/oi/41/33/395e3e_279f_cover-1-pokojowe-mieszkanie-lodz-baluty-ul-wojska-polskiego.jpg,,,parter,,kamienica,,,,,,,,,51.783899,19.457234
Łódź Śródmieście,ul. Rewolucji 1905 r.,2,96,649000,6760,Oferta biura nieruchomości,ponad miesiąc temu,19,https://adresowo.pl/o/mieszkanie-lodz-srodmiescie-ul-rewolucji-1905-r-2-pokojowe-r9s7e3,https://s2.adresowa.pl/oi/23/34/395b0e_c668_cover-2-pokojowe-mieszkanie-lodz-srodmiescie-ul-rewolucji-1905-r-.jpg,,,parter,2008,kamienica,,,,,,,,,51.775109,19.460183
Łódź Górna,ul. Tabelowa,3,78,860000,10964,Bez pośredników,ponad miesiąc temu,13,https://adresowo.pl/o/mieszkanie-lodz-gorna-ul-tabelowa-3-pokojowe-l5y7p0,https://s2.adresowa.pl/oi/4f/1b/3a9f1e_654d_cover-3-pokojowe-mieszkanie-lodz-gorna-ul-tabelowa.jpg,,,3,2015,blok,,,,,,,,,51.699327,19.461195
Łódź Nowe Złotno,ul. Krzysztofa Cedry,2,43,475000,11047,Bez pośredników,ponad miesiąc temu,8,https://adresowo.pl/o/mieszkanie-lodz-nowe-zlotno-ul-krzysztofa-cedry-2-pokojowe-c2v0s8,https://s2.adresowa.pl/oi/48/1b/3a9ba8_66e8_cover-2-pokojowe-mieszkanie-lodz-nowe-zlotno-ul-krzysztofa-cedry.jpg,,,parter,2020,blok,,,,,,,,,,
Łódź Bałuty,,3,52,455000,8750,Bez pośredników,ponad miesiąc temu,8,https://adresowo.pl/o/mieszkanie-lodz-baluty-3-pokojowe-52-m2-j9h7t2,https://s2.adresowa.pl/oi/72/7b/3a9ad0_377b_cover-3-pokojowe-mieszkanie-lodz-baluty.jpg,,,455,,blok,,,,,,,,,51.759292,19.455878
Łódź,ul. Plantowa,2,45,415000,9222,Oferta biura nieruchomości,ponad miesiąc temu,8,https://adresowo.pl/o/mieszkanie-lodz-ul-plantowa-2-pokojowe-f8c8y8,https://s2.adresowa.pl/oi/6b/29/39561a_d9b1_cover-2-pokojowe-mieszkanie-lodz-ul-plantowa.jpg,,,1970,1970,blok,,,,,,,,,51.791229,19.405733
Łódź Górna,ul. Bednarska,2,43,410000,9647,Oferta biura nieruchomości,ponad miesiąc temu,12,https://adresowo.pl/o/mieszkanie-lodz-gorna-ul-bednarska-2-pokojowe-z3y5e0,https://s2.adresowa.pl/oi/4a/14/39520e_a8a1_cover-2-pokojowe-mieszkanie-lodz-gorna-ul-bednarska.jpg,,,6,1981,blok,,,,,,,,,51.734977,19.466899
Łódź Polesie,ul. Stefana Żeromskiego,4,90,558000,6217,Bez pośredników,ponad miesiąc temu,12,https://adresowo.pl/o/mieszkanie-lodz-polesie-ul-stefana-zeromskiego-4-pokojowe-x5b6n2,https://s2.adresowa.pl/oi/31/11/3a9a5a_6efe_cover-4-pokojowe-mieszkanie-lodz-polesie-ul-stefana-zeromskiego.jpg,,,6,1912,blok,,,,,,,,,51.763502,19.447322
Łódź Śródmieście,ul. Pomorska,1,36,357000,9950,Bez pośredników,ponad miesiąc temu,18,https://adresowo.pl/o/mieszkanie-lodz-srodmiescie-ul-pomorska-1-pokoj-q9w3m8,https://s2.adresowa.pl/oi/30/46/3a99b2_43a5_cover-1-pokojowe-mieszkanie-lodz-srodmiescie-ul-pomorska.jpg,,,3,1960,blok,,,,,,,,,51.779065,19.478694
Łódź Górna,ul. Jasień,3,63,594795,9500,Bez pośredników,ponad miesiąc temu,1,https://adresowo.pl/o/mieszkanie-lodz-gorna-ul-jasien-3-pokojowe-a7o3l5,https://s2.adresowa.pl/oi/6e/3d/3a9654_ed68_cover-3-pokojowe-mieszkanie-lodz-gorna-ul-jasien.jpg,,,2,2026,blok,,,,,,,,,51.735464,19.445767
Łódź Stare Polesie,ul. Srebrzyńska,2,33,339360,10334,Oferta biura nieruchomości,ponad miesiąc temu,19,https://adresowo.pl/o/mieszkanie-lodz-stare-polesie-ul-srebrzynska-2-pokojowe-q0g9x7,https://s2.adresowa.pl/oi/32/6e/395154_5932_cover-2-pokojowe-mieszkanie-lodz-stare-polesie-ul-srebrzynska.jpg,,,parter,2025,blok,,,,,,,,,51.773803,19.428992
Łódź,ul. Młynarska,4,88,639000,7295,Oferta biura nieruchomości,ponad miesiąc temu,11,https://adresowo.pl/o/mieszkanie-lodz-ul-mlynarska-4-pokojowe-y6f5j3,https://s2.adresowa.pl/oi/64/68/393702_636d_cover-4-pokojowe-mieszkanie-lodz-ul-mlynarska.jpg,,,7,1948,kamienica,,,,,,,,,51.785239,19.458085
Łódź Żabieniec,ul. Jana Woronicza,2,44,315000,7159,Bez pośredników,ponad miesiąc temu,10,https://adresowo.pl/o/mieszkanie-lodz-zabieniec-ul-jana-woronicza-2-pokojowe-d5m0v8,https://s2.adresowa.pl/oi/4d/71/3a97a8_e628_cover-2-pokojowe-mieszkanie-lodz-zabieniec-ul-jana-woronicza.jpg,,,1970,1970,blok,,,,,,,,,51.792026,19.408975
Łódź Polesie,al. Adama Mickiewicza,2,47,670000,14255,Bez pośredników,ponad miesiąc temu,8,https://adresowo.pl/o/mieszkanie-lodz-polesie-al-adama-mickiewicza-2-pokojowe-t3v6c8,https://s2.adresowa.pl/oi/61/2e/3a94ec_ae11_cover-2-pokojowe-mieszkanie-lodz-polesie-al-adama-mickiewicza.jpg,,,3,2020,,,,,,,,,,51.756683,19.439471
Łódź Śródmieście,,3,49,499000,10184,Bez pośredników,ponad miesiąc temu,8,https://adresowo.pl/o/mieszkanie-lodz-srodmiescie-3-pokojowe-49-m2-y1t0w6,https://s2.adresowa.pl/oi/26/4b/3a9480_2f98_cover-3-pokojowe-mieszkanie-lodz-srodmiescie.jpg,,,6,2025,blok,,,,,,,,,51.759292,19.455878
Łódź,ul. Pienista,3,69,660000,9580,Oferta biura nieruchomości,ponad miesiąc temu,12,https://adresowo.pl/o/mieszkanie-lodz-ul-pienista-3-pokojowe-l0k4c8,https://s2.adresowa.pl/oi/24/50/392214_68ee_cover-3-pokojowe-mieszkanie-lodz-ul-pienista.jpg,,,7,,blok,,,,,,,,,51.736199,19.406224
Łódź Bałuty,ul. Lutomierska,4,71,465000,6549,Oferta biura nieruchomości,ponad miesiąc temu,13,https://adresowo.pl/o/mieszkanie-lodz-baluty-ul-lutomierska-4-pokojowe-y9e8p4,https://s2.adresowa.pl/oi/36/77/391f50_ff9f_cover-4-pokojowe-mieszkanie-lodz-baluty-ul-lutomierska.jpg,,,1970,1970,blok,,,,,,,,,51.787229,19.426918
Łódź Śródmieście,ul. Przędzalniana,1,23,210000,9130,Bez pośredników,ponad miesiąc temu,8,https://adresowo.pl/o/mieszkanie-lodz-srodmiescie-ul-przedzalniana-1-pokoj-u3c7b0,https://s2.adresowa.pl/oi/4d/67/3a93c0_86ba_cover-1-pokojowe-mieszkanie-lodz-srodmiescie-ul-przedzalniana.jpg,,,parter,,kamienica,,,,,,,,,,
Łódź Polesie,,1,33,250000,7613,Bez pośredników,ponad miesiąc temu,8,https://adresowo.pl/o/mieszkanie-lodz-polesie-1-pokoj-32-m2-s3k4u0,https://s2.adresowa.pl/oi/58/3f/3a9368_34ea_cover-1-pokojowe-mieszkanie-lodz-polesie.jpg,,,parter,,blok,,,,,,,,,51.759292,19.455878
Łódź Bałuty,rynek Bałucki,2,38,360000,9474,Bez pośredników,ponad miesiąc temu,8,https://adresowo.pl/o/mieszkanie-lodz-baluty-rynek-balucki-2-pokojowe-s9o6j8,https://s2.adresowa.pl/oi/5d/5c/3a9360_43db_cover-2-pokojowe-mieszkanie-lodz-baluty-rynek-balucki.jpg,,,4,1992,blok,,,,,,,,,51.786669,19.453046
Łódź Górna,,2,36,275000,7639,Oferta biura nieruchomości,ponad miesiąc temu,11,https://adresowo.pl/o/mieszkanie-lodz-gorna-2-pokojowe-36-m2-c4m0a5,https://s2.adresowa.pl/oi/32/76/391f30_3f1f_cover-2-pokojowe-mieszkanie-lodz-gorna.jpg,,,parter,1970,blok,,,,,,,,,51.737304,19.496988
Łódź Śródmieście,ul. Jana Kilińskiego,1,13,173000,13308,Oferta biura nieruchomości,ponad miesiąc temu,12,https://adresowo.pl/o/mieszkanie-lodz-srodmiescie-ul-jana-kilinskiego-1-pokoj-a3t0g6,https://s2.adresowa.pl/oi/14/49/391f0e_3791_cover-1-pokojowe-mieszkanie-lodz-srodmiescie-ul-jana-kilinskiego.jpg,,,parter,,kamienica,,,,,,,,,51.771129,19.463437
Łódź Śródmieście,ul. Stefana Żeromskiego,1,21,245000,11667,Bez pośredników,ponad miesiąc temu,6,https://adresowo.pl/o/mieszkanie-lodz-srodmiescie-ul-stefana-zeromskiego-1-pokoj-g4y8o3,https://s2.adresowa.pl/oi/2f/62/3a8ea8_5f7f_cover-1-pokojowe-mieszkanie-lodz-srodmiescie-ul-stefana-zeromskiego.jpg,,,245,,kamienica,,,,,,,,,51.763502,19.447322
Łódź Radogoszcz,ul. 11 Listopada,4,63,560000,8889,Bez pośredników,ponad miesiąc temu,14,https://adresowo.pl/o/mieszkanie-lodz-radogoszcz-ul-11-listopada-4-pokojowe-o7s9s7,https://s2.adresowa.pl/oi/34/54/3a885e_6e70_cover-4-pokojowe-mieszkanie-lodz-radogoszcz-ul-11-listopada.jpg,,,560,1977,blok,,,,,,,,,51.81979,19.421774
Łódź Śródmieście,,2,40,282000,7050,Bez pośredników,ponad miesiąc temu,1,https://adresowo.pl/o/mieszkanie-lodz-srodmiescie-2-pokojowe-40-m2-m2m2p2,https://s2.adresowa.pl/oi/5a/35/3a87f2_48e6_cover-2-pokojowe-mieszkanie-lodz-srodmiescie.jpg,,,1915,1915,kamienica,,,,,,,,,51.759292,19.455878
Łódź,ul. Emilii Plater,1,24,199000,8292,Oferta biura nieruchomości,ponad miesiąc temu,6,https://adresowo.pl/o/mieszkanie-lodz-ul-emilii-plater-1-pokoj-g6h2y0,https://s2.adresowa.pl/oi/26/3c/391390_40fe_cover-1-pokojowe-mieszkanie-lodz-ul-emilii-plater.jpg,,,1970,1970,kamienica,,,,,,,,,,
Łódź,ul. Łanowa,1,26,198000,7615,Oferta biura nieruchomości,ponad miesiąc temu,3,https://adresowo.pl/o/mieszkanie-lodz-ul-lanowa-1-pokoj-c0h1d0,https://s2.adresowa.pl/oi/12/11/38fbb4_982a_cover-1-pokojowe-mieszkanie-lodz-ul-lanowa.jpg,,,198,1968,kamienica,,,,,,,,,51.79396,19.40014
Łódź Polesie,ul. Srebrzyńska,2,40,459000,11527,Bez pośredników,ponad miesiąc temu,2,https://adresowo.pl/o/mieszkanie-lodz-polesie-ul-srebrzynska-2-pokojowe-f4b2h6,https://s2.adresowa.pl/oi/28/15/3a869a_f10e_cover-2-pokojowe-mieszkanie-lodz-polesie-ul-srebrzynska.jpg,,,parter,2024,apartamentowiec,,,,,,,,,51.774019,19.430632
Łódź Górna,ul. Jana Kilińskiego,2,46,415000,9022,Bez pośredników,ponad miesiąc temu,8,https://adresowo.pl/o/mieszkanie-lodz-gorna-ul-jana-kilinskiego-2-pokojowe-r0m4p3,https://s2.adresowa.pl/oi/21/1b/3a8688_85b1_cover-2-pokojowe-mieszkanie-lodz-gorna-ul-jana-kilinskiego.jpg,,,6,,blok,,,,,,,,,51.743986,19.476524
Łódź Widzew,ul. gen. Stefana Grota-Roweckiego,2,37,290000,7838,Bez pośredników,ponad miesiąc temu,8,https://adresowo.pl/o/mieszkanie-lodz-widzew-ul-gen-stefana-grota-roweckiego-2-pokojowe-w9l2b9,https://s2.adresowa.pl/oi/61/5f/3a85de_a7b3_cover-2-pokojowe-mieszkanie-lodz-widzew-ul-gen-stefana-grota-roweckiego.jpg,,,parter,1970,blok,,,,,,,,,51.743494,19.496324
Łódź,ul. Piękna,3,48,415000,8646,Oferta biura nieruchomości,ponad miesiąc temu,50,https://adresowo.pl/o/mieszkanie-lodz-ul-piekna-3-pokojowe-y2u3t4,https://s2.adresowa.pl/oi/3a/7e/38fbae_bd82_cover-3-pokojowe-mieszkanie-lodz-ul-piekna.jpg,,,415,1980,blok,,,,,,,,,51.737488,19.448682
Łódź Górna,ul. Radomska,2,50,339000,6745,Oferta biura nieruchomości,ponad miesiąc temu,14,https://adresowo.pl/o/mieszkanie-lodz-gorna-ul-radomska-2-pokojowe-d2y1i4,https://s2.adresowa.pl/oi/36/5b/38ec0e_fc32_cover-2-pokojowe-mieszkanie-lodz-gorna-ul-radomska.jpg,,,8,,blok,,,,,,,,,51.740495,19.474361
Łódź Bałuty,ul. Hermana Konstadta,1,29,210000,7241,Bez pośredników,ponad miesiąc temu,3,https://adresowo.pl/o/mieszkanie-lodz-baluty-ul-hermana-konstadta-1-pokoj-q2w5u3,https://s2.adresowa.pl/oi/43/71/3a8512_9b77_cover-1-pokojowe-mieszkanie-lodz-baluty-ul-hermana-konstadta.jpg,,,parter,1968,blok,,,,,,,,,51.782956,19.458769
Łódź Teofilów,ul. Traktorowa,2,45,319000,7089,Bez pośredników,ponad miesiąc temu,20,https://adresowo.pl/o/mieszkanie-lodz-teofilow-ul-traktorowa-2-pokojowe-m5t3h1,https://s2.adresowa.pl/oi/12/4d/3a84ba_f72c_cover-2-pokojowe-mieszkanie-lodz-teofilow-ul-traktorowa.jpg,,,parter,1980,blok,,,,,,,,,51.801609,19.394994
Łódź Bałuty,ul. Podrzeczna,2,48,375000,7847,Bez pośredników,ponad miesiąc temu,7,https://adresowo.pl/o/mieszkanie-lodz-baluty-ul-podrzeczna-2-pokojowe-c5x0p3,https://s2.adresowa.pl/oi/53/54/3a80d2_af55_cover-2-pokojowe-mieszkanie-lodz-baluty-ul-podrzeczna.jpg,,,3,1953,blok,,,,,,,,,51.781132,19.453743
Łódź,,4,65,599000,9162,Oferta biura nieruchomości,ponad miesiąc temu,19,https://adresowo.pl/o/mieszkanie-lodz-4-pokojowe-65-m2-i9q5w1,https://s2.adresowa.pl/oi/75/71/38ec02_3bb8_cover-4-pokojowe-mieszkanie-lodz.jpg,,,2,1989,blok,,,,,,,,,51.7569,19.47202
Łódź Widzew,ul. Widzewska,2,48,432500,8971,Oferta biura nieruchomości,ponad miesiąc temu,17,https://adresowo.pl/o/mieszkanie-lodz-widzew-ul-widzewska-2-pokojowe-k1j4z4,https://s2.adresowa.pl/oi/19/5e/38bf54_fb0c_cover-2-pokojowe-mieszkanie-lodz-widzew-ul-widzewska.jpg,,,4,2025,blok,,,,,,,,,51.760763,19.520445
Łódź Widzew,ul. Gołębia,2,37,280000,7568,Bez pośredników,ponad miesiąc temu,11,https://adresowo.pl/o/mieszkanie-lodz-widzew-ul-golebia-2-pokojowe-d9j0i1,https://s2.adresowa.pl/oi/37/71/3a7b9e_3f95_cover-2-pokojowe-mieszkanie-lodz-widzew-ul-golebia.jpg,,,parter,1970,blok,,,,,,,,,,
Łódź Polesie,ul. Traktorowa,3,53,599000,11410,Bez pośredników,ponad miesiąc temu,20,https://adresowo.pl/o/mieszkanie-lodz-polesie-ul-traktorowa-3-pokojowe-s8n5y1,https://s2.adresowa.pl/oi/51/5b/3a75d2_e8ff_cover-3-pokojowe-mieszkanie-lodz-polesie-ul-traktorowa.jpg,,,2016,2016,blok,,,,,,,,,51.801609,19.394994
Łódź Widzew,ul. Dowborczyków,2,32,367395,11442,Bez pośredników,ponad miesiąc temu,6,https://adresowo.pl/o/mieszkanie-lodz-widzew-ul-dowborczykow-2-pokojowe-a4j5s4,https://s2.adresowa.pl/oi/3d/5a/3a7412_c185_cover-2-pokojowe-mieszkanie-lodz-widzew-ul-dowborczykow.jpg,,,parter,2026,blok,,,,,,,,,51.764218,19.469989
Łódź Śródmieście,ul. Henryka Sienkiewicza,2,56,399000,7103,Oferta biura nieruchomości,ponad miesiąc temu,15,https://adresowo.pl/o/mieszkanie-lodz-srodmiescie-ul-henryka-sienkiewicza-2-pokojowe-p7y0z2,https://s2.adresowa.pl/oi/34/20/38b4f0_2998_cover-2-pokojowe-mieszkanie-lodz-srodmiescie-ul-henryka-sienkiewicza.jpg,,,parter,1912,kamienica,,,,,,,,,51.770247,19.460938
Łódź Retkinia,al. ks. kard. Stefana Wyszyńskiego,3,64,550000,8567,Oferta biura nieruchomości,ponad miesiąc temu,12,https://adresowo.pl/o/mieszkanie-lodz-retkinia-al-ks-kard-stefana-wyszynskiego-3-pokojowe-j9c4i0,https://s2.adresowa.pl/oi/68/7f/388a9e_6ad0_cover-3-pokojowe-mieszkanie-lodz-retkinia-al-ks-kard-stefana-wyszynskiego.jpg,,,parter,1985,blok,,,,,,,,,51.743542,19.395165
Łódź Polesie,ul. Maratońska,2,42,420000,9901,Bez pośredników,ponad miesiąc temu,7,https://adresowo.pl/o/mieszkanie-lodz-polesie-ul-maratonska-2-pokojowe-g0x1y6,https://s2.adresowa.pl/oi/34/4a/3a6e0c_ec0c_cover-2-pokojowe-mieszkanie-lodz-polesie-ul-maratonska.jpg,,,parter,1969,blok,,,,,,,,,,
Łódź Teofilów,al. Pasjonistów,2,38,350000,9211,Bez pośredników,ponad miesiąc temu,9,https://adresowo.pl/o/mieszkanie-lodz-teofilow-al-pasjonistow-2-pokojowe-x3e4y3,https://s2.adresowa.pl/oi/72/25/3a6d56_6b35_cover-2-pokojowe-mieszkanie-lodz-teofilow-al-pasjonistow.jpg,,,10,1970,blok,,,,,,,,,51.793458,19.388299
Łódź Górna,ul. Piasta,2,47,360000,7660,Bez pośredników,ponad miesiąc temu,8,https://adresowo.pl/o/mieszkanie-lodz-gorna-ul-piasta-2-pokojowe-a6n5j1,https://s2.adresowa.pl/oi/35/7d/3a6d80_c207_cover-2-pokojowe-mieszkanie-lodz-gorna-ul-piasta.jpg,,,parter,,blok,,,,,,,,,51.739756,19.443592
Łódź Widzew,ul. Juliusza Jurczyńskiego,3,62,529360,8575,Oferta biura nieruchomości,ponad miesiąc temu,13,https://adresowo.pl/o/mieszkanie-lodz-widzew-ul-juliusza-jurczynskiego-3-pokojowe-u3c1j5,https://s2.adresowa.pl/oi/68/7d/382116_50f3_cover-3-pokojowe-mieszkanie-lodz-widzew-ul-juliusza-jurczynskiego.jpg,,,5,1980,blok,,,,,,,,,51.75899887084961,19.55299949645996
Łódź Śródmieście,ul. Piotrkowska,2,43,650360,15188,Oferta biura nieruchomości,ponad miesiąc temu,15,https://adresowo.pl/o/mieszkanie-lodz-srodmiescie-ul-piotrkowska-2-pokojowe-t3i5l0,https://s2.adresowa.pl/oi/75/23/3820fc_55a2_cover-2-pokojowe-mieszkanie-lodz-srodmiescie-ul-piotrkowska.jpg,,,650,,blok,,,,,,,,,51.771999,19.455999
Łódź Bałuty,ul. Świtezianki,4,74,560000,7568,Bez pośredników,ponad miesiąc temu,8,https://adresowo.pl/o/mieszkanie-lodz-baluty-ul-switezianki-4-pokojowe-c7m9y0,https://s2.adresowa.pl/oi/4c/15/3a6b40_c64f_cover-4-pokojowe-mieszkanie-lodz-baluty-ul-switezianki.jpg,,,parter,1992,blok,,,,,,,,,51.823389,19.436411
Łódź Chojny,ul. Sąsiedzka,2,47,485000,10319,Bez pośredników,ponad miesiąc temu,26,https://adresowo.pl/o/mieszkanie-lodz-chojny-ul-sasiedzka-2-pokojowe-t2x2e6,https://s2.adresowa.pl/oi/4f/5e/3a645c_7b92_cover-2-pokojowe-mieszkanie-lodz-chojny-ul-sasiedzka.jpg,,,parter,2017,blok,,,,,,,,,51.722047,19.501749
Łódź Dąbrowa,ul. Juliusza Kossaka,2,37,260000,7027,Bez pośredników,ponad miesiąc temu,3,https://adresowo.pl/o/mieszkanie-lodz-dabrowa-ul-juliusza-kossaka-2-pokojowe-t4u5l0,https://s2.adresowa.pl/oi/66/4b/3a6200_4b52_cover-2-pokojowe-mieszkanie-lodz-dabrowa-ul-juliusza-kossaka.jpg,,,parter,1969,blok,,,,,,,,,51.739456,19.50176
Łódź Widzew,ul. Józefa Elsnera,1,35,339360,9603,Oferta biura nieruchomości,ponad miesiąc temu,12,https://adresowo.pl/o/mieszkanie-lodz-widzew-ul-jozefa-elsnera-1-pokoj-e2o4u7,https://s2.adresowa.pl/oi/13/33/3820e8_db6b_cover-1-pokojowe-mieszkanie-lodz-widzew-ul-jozefa-elsnera.jpg,,,parter,1976,blok,,,,,,,,,51.755486,19.53122
Łódź Żubardź,ul. Lutomierska,2,46,279000,6052,Oferta biura nieruchomości,ponad miesiąc temu,13,https://adresowo.pl/o/mieszkanie-lodz-zubardz-ul-lutomierska-2-pokojowe-g8e1n7,https://s2.adresowa.pl/oi/7f/73/380f8e_2f28_cover-2-pokojowe-mieszkanie-lodz-zubardz-ul-lutomierska.jpg,,,parter,1970,blok,,,,,,,,,51.78799819946289,19.424999237060547
Łódź Koziny,ul. Zygmunta Lorentza,2,52,469000,9019,Bez pośredników,ponad miesiąc temu,15,https://adresowo.pl/o/mieszkanie-lodz-koziny-ul-zygmunta-lorentza-2-pokojowe-n6b7l6,https://s2.adresowa.pl/oi/19/36/3a6050_94ce_cover-2-pokojowe-mieszkanie-lodz-koziny-ul-zygmunta-lorentza.jpg,,,2,1960,blok,,,,,,,,,51.775147,19.424909
Łódź Ruda Pabianicka,ul. Starorudzka,3,64,835000,12998,Bez pośredników,ponad miesiąc temu,20,https://adresowo.pl/o/mieszkanie-lodz-ruda-pabianicka-ul-starorudzka-3-pokojowe-b1a5t3,https://s2.adresowa.pl/oi/5b/2a/3a5f2c_5abf_cover-3-pokojowe-mieszkanie-lodz-ruda-pabianicka-ul-starorudzka.jpg,,,2017,2017,apartamentowiec,,,,,,,,,51.709908,19.438044
Łódź Teofilów,ul. Wici,2,38,300000,7895,Bez pośredników,ponad miesiąc temu,10,https://adresowo.pl/o/mieszkanie-lodz-teofilow-ul-wici-2-pokojowe-u6a7r6,https://s2.adresowa.pl/oi/13/4c/3a5e8e_8ddf_cover-2-pokojowe-mieszkanie-lodz-teofilow-ul-wici.jpg,,,parter,1970,blok,,,,,,,,,51.799669,19.37868
Łódź Śródmieście,al. Tadeusza Kościuszki,1,33,300000,9121,Oferta biura nieruchomości,ponad miesiąc temu,16,https://adresowo.pl/o/mieszkanie-lodz-srodmiescie-al-tadeusza-kosciuszki-1-pokoj-p8n1x5,https://s2.adresowa.pl/oi/65/15/380f32_3c32_cover-1-pokojowe-mieszkanie-lodz-srodmiescie-al-tadeusza-kosciuszki.jpg,,,4,2024,blok,,,,,,,,,,
Łódź Dąbrowa,ul. Deotymy,3,53,363000,6895,Oferta biura nieruchomości,ponad miesiąc temu,15,https://adresowo.pl/o/mieszkanie-lodz-dabrowa-ul-deotymy-3-pokojowe-k0m9k3,https://s2.adresowa.pl/oi/42/4b/37f850_6c72_cover-3-pokojowe-mieszkanie-lodz-dabrowa-ul-deotymy.jpg,,,1,,blok,,,,,,,,,51.73500061035156,19.492000579833984
Łódź Widzew,ul. Listopadowa,3,64,750000,11719,Bez pośredników,ponad miesiąc temu,8,https://adresowo.pl/o/mieszkanie-lodz-widzew-ul-listopadowa-3-pokojowe-e2i0w9,https://s2.adresowa.pl/oi/15/2a/3a5c46_6a94_cover-3-pokojowe-mieszkanie-lodz-widzew-ul-listopadowa.jpg,,,parter,2019,blok,,,,,,,,,51.786444,19.540803
Łódź Retkinia,ul. Olimpijska,2,33,329980,9999,Bez pośredników,ponad miesiąc temu,10,https://adresowo.pl/o/mieszkanie-lodz-retkinia-ul-olimpijska-2-pokojowe-i4r5a0,https://s2.adresowa.pl/oi/1e/3a/3a5bb2_f854_cover-2-pokojowe-mieszkanie-lodz-retkinia-ul-olimpijska.jpg,,,329,,blok,,,,,,,,,51.744575,19.413012
Łódź Chojny,ul. Chóralna,1,36,284000,7889,Bez pośredników,ponad miesiąc temu,11,https://adresowo.pl/o/mieszkanie-lodz-chojny-ul-choralna-1-pokoj-l1o4x7,https://s2.adresowa.pl/oi/6f/7a/3a58aa_70ea_cover-1-pokojowe-mieszkanie-lodz-chojny-ul-choralna.jpg,,,6,1980,blok,,,,,,,,,51.759292,19.455878
Łódź Marysin,ul. Przemysłowa,3,43,419000,9783,Oferta biura nieruchomości,ponad miesiąc temu,13,https://adresowo.pl/o/mieszkanie-lodz-marysin-ul-przemyslowa-3-pokojowe-d9a6b9,https://s2.adresowa.pl/oi/22/7a/37f84e_44a2_cover-3-pokojowe-mieszkanie-lodz-marysin-ul-przemyslowa.jpg,,,parter,1965,blok,,,,,,,,,51.791466,19.476602
Łódź Romanów,ul. Romanowska,3,70,560000,7952,Oferta biura nieruchomości,ponad miesiąc temu,11,https://adresowo.pl/o/mieszkanie-lodz-romanow-ul-romanowska-3-pokojowe-d8k2w6,https://s2.adresowa.pl/oi/1b/41/37f47c_b954_cover-3-pokojowe-mieszkanie-lodz-romanow-ul-romanowska.jpg,,,parter,2000,blok,,,,,,,,,51.805999755859375,19.323999404907227
Łódź Teofilów,ul. Aleksandrowska,1,27,299000,11074,Bez pośredników,ponad miesiąc temu,8,https://adresowo.pl/o/mieszkanie-lodz-teofilow-ul-aleksandrowska-1-pokoj-j0b5s0,https://s2.adresowa.pl/oi/7f/1e/3a5622_634f_cover-1-pokojowe-mieszkanie-lodz-teofilow-ul-aleksandrowska.jpg,,,3,1970,blok,,,,,,,,,51.794779,19.400535
Łódź Górna,ul. Łęczycka,1,37,360000,9631,Bez pośredników,ponad miesiąc temu,8,https://adresowo.pl/o/mieszkanie-lodz-gorna-ul-leczycka-1-pokoj-c5q7r7,https://s2.adresowa.pl/oi/45/35/3a561e_e9c4_cover-1-pokojowe-mieszkanie-lodz-gorna-ul-leczycka.jpg,,,6,,blok,,,,,,,,,51.745983,19.48474
Łódź Śródmieście,ul. Piotrkowska,1,33,385000,11706,Bez pośredników,ponad miesiąc temu,5,https://adresowo.pl/o/mieszkanie-lodz-srodmiescie-ul-piotrkowska-1-pokoj-i6n5c8,https://s2.adresowa.pl/oi/54/3b/3a55dc_e0a2_cover-1-pokojowe-mieszkanie-lodz-srodmiescie-ul-piotrkowska.jpg,,,parter,2023,blok,,,,,,,,,,
Łódź Retkinia,al. ks. kard. Stefana Wyszyńskiego,2,42,335000,7897,Oferta biura nieruchomości,ponad miesiąc temu,11,https://adresowo.pl/o/mieszkanie-lodz-retkinia-al-ks-kard-stefana-wyszynskiego-2-pokojowe-t1a5t3,https://s2.adresowa.pl/oi/71/3d/37e22e_a158_cover-2-pokojowe-mieszkanie-lodz-retkinia-al-ks-kard-stefana-wyszynskiego.jpg,,,8,1977,blok,,,,,,,,,51.747286,19.410214
Łódź,ul. Pilota Stanisława Wigury,4,89,579000,6506,Oferta biura nieruchomości,ponad miesiąc temu,14,https://adresowo.pl/o/mieszkanie-lodz-ul-pilota-stanislawa-wigury-4-pokojowe-h0s8x9,https://s2.adresowa.pl/oi/33/49/37d7e6_3645_cover-4-pokojowe-mieszkanie-lodz-ul-pilota-stanislawa-wigury.jpg,,,1952,1952,blok,,,,,,,,,51.75699996948242,19.468000411987305
Łódź Widzew,ul. Karola Adamieckiego,3,68,549000,8074,Bez pośredników,ponad miesiąc temu,9,https://adresowo.pl/o/mieszkanie-lodz-widzew-ul-karola-adamieckiego-3-pokojowe-s9t6w2,https://s2.adresowa.pl/oi/52/71/3a54f4_407b_cover-3-pokojowe-mieszkanie-lodz-widzew-ul-karola-adamieckiego.jpg,,,parter,1990,blok,,,,,,,,,51.76175,19.540193
Łódź Radogoszcz,,3,53,425000,8019,Bez pośredników,ponad miesiąc temu,8,https://adresowo.pl/o/mieszkanie-lodz-radogoszcz-3-pokojowe-53-m2-n2v9e3,https://s2.adresowa.pl/oi/27/1f/3a4f70_48fa_cover-3-pokojowe-mieszkanie-lodz-radogoszcz.jpg,,,4,2019,blok,,,,,,,,,51.759292,19.455878
Łódź Widzew,ul. Milionowa,3,62,570400,9200,Bez pośredników,ponad miesiąc temu,7,https://adresowo.pl/o/mieszkanie-lodz-widzew-ul-milionowa-3-pokojowe-c8a3s4,https://s2.adresowa.pl/oi/40/18/3a4e66_65e9_cover-3-pokojowe-mieszkanie-lodz-widzew-ul-milionowa.jpg,,,570,,blok,,,,,,,,,51.75202,19.492133
Łódź Śródmieście,ul. Wodna,2,40,393333,9955,Oferta biura nieruchomości,ponad miesiąc temu,8,https://adresowo.pl/o/mieszkanie-lodz-srodmiescie-ul-wodna-2-pokojowe-d6q0v4,https://s2.adresowa.pl/oi/5e/4e/37c8bc_e446_cover-2-pokojowe-mieszkanie-lodz-srodmiescie-ul-wodna.jpg,,,parter,2024,blok,,,,,,,,,51.765299,19.475556
Łódź Dąbrowa,ul. Podgórna,1,24,189000,7875,Oferta biura nieruchomości,ponad miesiąc temu,9,https://adresowo.pl/o/mieszkanie-lodz-dabrowa-ul-podgorna-1-pokoj-v8p6p0,https://s2.adresowa.pl/oi/2a/3a/377198_2fb5_cover-1-pokojowe-mieszkanie-lodz-dabrowa-ul-podgorna.jpg,,,parter,1968,blok,,,,,,,,,51.73400115966797,19.488000869750977
Łódź Bałuty,ul. Generała Tadeusza Kutrzeby,2,46,349000,7587,Bez pośredników,ponad miesiąc temu,7,https://adresowo.pl/o/mieszkanie-lodz-baluty-ul-generala-tadeusza-kutrzeby-2-pokojowe-i7s5r2,https://s2.adresowa.pl/oi/36/3e/3a4cfc_43ec_cover-2-pokojowe-mieszkanie-lodz-baluty-ul-generala-tadeusza-kutrzeby.jpg,,,parter,1960,blok,,,,,,,,,51.784981,19.430563
Łódź Bałuty,ul. Powstańców Wielkopolskich,3,58,549000,9466,Bez pośredników,ponad miesiąc temu,35,https://adresowo.pl/o/mieszkanie-lodz-baluty-ul-powstancow-wielkopolskich-3-pokojowe-o0n1l3,https://s2.adresowa.pl/oi/64/46/3a4cf2_f6e5_cover-3-pokojowe-mieszkanie-lodz-baluty-ul-powstancow-wielkopolskich.jpg,,,1,1960,blok,,,,,,,,,,
Łódź Teofilów,ul. Lniana,2,45,309000,6851,Bez pośredników,ponad miesiąc temu,10,https://adresowo.pl/o/mieszkanie-lodz-teofilow-ul-lniana-2-pokojowe-p4f7b3,https://s2.adresowa.pl/oi/4d/78/3a4ba8_4e2c_cover-2-pokojowe-mieszkanie-lodz-teofilow-ul-lniana.jpg,,,parter,1970,blok,,,,,,,,,51.796611,19.381949
Łódź Bałuty,ul. Obornicka,2,45,369000,8176,Oferta biura nieruchomości,ponad miesiąc temu,12,https://adresowo.pl/o/mieszkanie-lodz-baluty-ul-obornicka-2-pokojowe-n0d2l6,https://s2.adresowa.pl/oi/13/4b/373e28_cede_cover-2-pokojowe-mieszkanie-lodz-baluty-ul-obornicka.jpg,,,parter,,blok,,,,,,,,,51.78900146484375,19.433000564575195
Łódź Śródmieście,ul. Juliana Tuwima,2,90,660000,7328,Oferta biura nieruchomości,ponad miesiąc temu,10,https://adresowo.pl/o/mieszkanie-lodz-srodmiescie-ul-juliana-tuwima-2-pokojowe-b1w2x7,https://s2.adresowa.pl/oi/63/6b/366256_a6c7_cover-2-pokojowe-mieszkanie-lodz-srodmiescie-ul-juliana-tuwima.jpg,,,1912,1912,kamienica,,,,,,,,,51.766998,19.466
Łódź Polesie,ul. Inowrocławska,2,38,259000,6816,Bez pośredników,ponad miesiąc temu,8,https://adresowo.pl/o/mieszkanie-lodz-polesie-ul-inowroclawska-2-pokojowe-p9f8r1,https://s2.adresowa.pl/oi/45/5b/3a4966_718a_cover-2-pokojowe-mieszkanie-lodz-polesie-ul-inowroclawska.jpg,,,4,1971,blok,,,,,,,,,,
Łódź Bałuty,ul. Zgierska,3,78,560000,7191,Bez pośredników,ponad miesiąc temu,14,https://adresowo.pl/o/mieszkanie-lodz-baluty-ul-zgierska-3-pokojowe-n4h8z6,https://s2.adresowa.pl/oi/3f/60/3a48de_dc25_cover-3-pokojowe-mieszkanie-lodz-baluty-ul-zgierska.jpg,,,parter,1912,kamienica,,,,,,,,,,
Łódź Bałuty,ul. Klonowa,2,43,459000,10674,Bez pośredników,ponad miesiąc temu,8,https://adresowo.pl/o/mieszkanie-lodz-baluty-ul-klonowa-2-pokojowe-l3q5f5,https://s2.adresowa.pl/oi/51/4e/3a488c_cf6f_cover-2-pokojowe-mieszkanie-lodz-baluty-ul-klonowa.jpg,,,4,,blok,,,,,,,,,,
Łódź Chojny,ul. Rentowna,3,64,579000,8993,Oferta biura nieruchomości,ponad miesiąc temu,16,https://adresowo.pl/o/mieszkanie-lodz-chojny-ul-rentowna-3-pokojowe-f9t8g0,https://s2.adresowa.pl/oi/3d/5f/359e2e_7713_cover-3-pokojowe-mieszkanie-lodz-chojny-ul-rentowna.jpg,,,parter,2000,blok,,,,,,,,,51.720186,19.480027
Łódź Widzew,ul. Zbocze,3,73,420000,5736,Oferta biura nieruchomości,ponad miesiąc temu,19,https://adresowo.pl/o/mieszkanie-lodz-widzew-ul-zbocze-3-pokojowe-r7f5r2,https://s2.adresowa.pl/oi/18/7a/358ec0_b60f_cover-3-pokojowe-mieszkanie-lodz-widzew-ul-zbocze.jpg,,,parter,1944,kamienica,,,,,,,,,51.777000427246094,19.530000686645508
Łódź Olechów,ul. Bolka Świdnickiego,2,39,320000,8299,Bez pośredników,ponad miesiąc temu,1,https://adresowo.pl/o/mieszkanie-lodz-olechow-ul-bolka-swidnickiego-2-pokojowe-c1x3i3,https://s2.adresowa.pl/oi/26/78/3a4784_920d_cover-2-pokojowe-mieszkanie-lodz-olechow-ul-bolka-swidnickiego.jpg,,,parter,1991,blok,,,,,,,,,51.737489,19.564257
Łódź Bałuty,ul. Marysińska,3,51,344000,6745,Bez pośredników,ponad miesiąc temu,7,https://adresowo.pl/o/mieszkanie-lodz-baluty-ul-marysinska-3-pokojowe-x7y6c6,https://s2.adresowa.pl/oi/2c/3e/3a452a_e52b_cover-3-pokojowe-mieszkanie-lodz-baluty-ul-marysinska.jpg,,,parter,1992,blok,,,,,,,,,,
Łódź Polesie,ul. Ludomira Różyckiego,1,20,169735,8300,Bez pośredników,ponad miesiąc temu,1,https://adresowo.pl/o/mieszkanie-lodz-polesie-ul-ludomira-rozyckiego-1-pokoj-p6m0c3,https://s2.adresowa.pl/oi/41/20/3a41e6_350a_cover-1-pokojowe-mieszkanie-lodz-polesie-ul-ludomira-rozyckiego.jpg,,,parter,,,,,,,,,,,51.738251,19.454713
Łódź Śródmieście,ul. Henryka Sienkiewicza,3,74,369000,4960,Oferta biura nieruchomości,ponad miesiąc temu,15,https://adresowo.pl/o/mieszkanie-lodz-srodmiescie-ul-henryka-sienkiewicza-3-pokojowe-i2q6w9,https://s2.adresowa.pl/oi/6e/65/354736_f22d_cover-3-pokojowe-mieszkanie-lodz-srodmiescie-ul-henryka-sienkiewicza.jpg,,,1,1912,kamienica,,,,,,,,,51.76765,19.46076
Łódź Górna,ul. Milionowa,2,56,990000,17587,Oferta biura nieruchomości,ponad miesiąc temu,16,https://adresowo.pl/o/mieszkanie-lodz-gorna-ul-milionowa-2-pokojowe-r5c8l2,https://s2.adresowa.pl/oi/36/52/35470c_84b8_cover-2-pokojowe-mieszkanie-lodz-gorna-ul-milionowa.jpg,,,parter,2022,blok,,,,,,,,,51.749000549316406,19.469999313354492
Łódź Widzew,ul. Władysława Szafera,2,38,360000,9489,Bez pośredników,ponad miesiąc temu,19,https://adresowo.pl/o/mieszkanie-lodz-widzew-ul-wladyslawa-szafera-2-pokojowe-z1o1y2,https://s2.adresowa.pl/oi/40/53/3a417e_aa04_cover-2-pokojowe-mieszkanie-lodz-widzew-ul-wladyslawa-szafera.jpg,,,3,1982,blok,,,,,,,,,51.760952,19.541354
Łódź Górna,,2,34,290000,8529,Bez pośredników,ponad miesiąc temu,9,https://adresowo.pl/o/mieszkanie-lodz-gorna-2-pokojowe-34-m2-w5w8h5,https://s2.adresowa.pl/oi/4f/78/3a411a_7c82_cover-2-pokojowe-mieszkanie-lodz-gorna.jpg,,,parter,,blok,,,,,,,,,51.759292,19.455878
Łódź Górna,ul. Juliusza Słowackiego,3,54,499000,9190,Bez pośredników,ponad miesiąc temu,13,https://adresowo.pl/o/mieszkanie-lodz-gorna-ul-juliusza-slowackiego-3-pokojowe-w9h9c7,https://s2.adresowa.pl/oi/64/71/3a40de_7698_cover-3-pokojowe-mieszkanie-lodz-gorna-ul-juliusza-slowackiego.jpg,,,499,1974,blok,,,,,,,,,51.735397,19.475758
Łódź,ul. H. Berlińskiego,1,37,209000,5618,Oferta biura nieruchomości,ponad miesiąc temu,6,https://adresowo.pl/o/mieszkanie-lodz-ul-h-berlinskiego-1-pokoj-u1y0u5,https://s2.adresowa.pl/oi/3e/37/34bf7a_fea6_cover-1-pokojowe-mieszkanie-lodz-ul-h-berlinskiego.jpg,,,parter,,kamienica,,,,,,,,,,
Łódź Polesie,ul. Podchorążych,4,79,670000,8459,Oferta biura nieruchomości,ponad miesiąc temu,17,https://adresowo.pl/o/mieszkanie-lodz-polesie-ul-podchorazych-4-pokojowe-i2e6t2,https://s2.adresowa.pl/oi/7e/7d/346eca_87fa_cover-4-pokojowe-mieszkanie-lodz-polesie-ul-podchorazych.jpg,,,3,2025,,,,,,,,,,51.78218,19.36331
Łódź Śródmieście,ul. Pomorska,2,53,609500,11485,Bez pośredników,ponad miesiąc temu,15,https://adresowo.pl/o/mieszkanie-lodz-srodmiescie-ul-pomorska-2-pokojowe-e9b5r6,https://s2.adresowa.pl/oi/3c/72/3a40ca_5f9d_cover-2-pokojowe-mieszkanie-lodz-srodmiescie-ul-pomorska.jpg,,,609,2024,blok,,,,,,,,,51.774981,19.521052
Łódź Bałuty,ul. Wróbla,2,33,262000,7939,Bez pośredników,ponad miesiąc temu,8,https://adresowo.pl/o/mieszkanie-lodz-baluty-ul-wrobla-2-pokojowe-z2z2x4,https://s2.adresowa.pl/oi/48/33/3a40c2_74f9_cover-2-pokojowe-mieszkanie-lodz-baluty-ul-wrobla.jpg,,,parter,,blok,,,,,,,,,51.78612,19.441049
Łódź Bałuty,,2,45,350000,7778,Bez pośredników,ponad miesiąc temu,7,https://adresowo.pl/o/mieszkanie-lodz-baluty-2-pokojowe-45-m2-o3f4g4,https://s2.adresowa.pl/oi/37/4f/3a40c0_7501_cover-2-pokojowe-mieszkanie-lodz-baluty.jpg,,,parter,,blok,,,,,,,,,51.759292,19.455878
Łódź Górna,ul. Milionowa,4,94,1620000,17192,Oferta biura nieruchomości,ponad miesiąc temu,17,https://adresowo.pl/o/mieszkanie-lodz-gorna-ul-milionowa-4-pokojowe-o4p3t2,https://s2.adresowa.pl/oi/50/38/336f26_d45c_cover-4-pokojowe-mieszkanie-lodz-gorna-ul-milionowa.jpg,,,parter,2023,blok,,,,,,,,,51.749000549316406,19.469999313354492
Łódź Górna,ul. Milionowa,4,93,1560000,16763,Oferta biura nieruchomości,ponad miesiąc temu,17,https://adresowo.pl/o/mieszkanie-lodz-gorna-ul-milionowa-4-pokojowe-v5f7r1,https://s2.adresowa.pl/oi/5c/4e/330ef6_8d4d_cover-4-pokojowe-mieszkanie-lodz-gorna-ul-milionowa.jpg,,,parter,2023,blok,,,,,,,,,51.749331,19.469396
Łódź Olechów,ul. Wacława Wojewódzkiego,2,52,500000,9615,Bez pośredników,ponad miesiąc temu,6,https://adresowo.pl/o/mieszkanie-lodz-olechow-ul-waclawa-wojewodzkiego-2-pokojowe-k0i9r0,https://s2.adresowa.pl/oi/32/38/3a37ce_5b8a_cover-2-pokojowe-mieszkanie-lodz-olechow-ul-waclawa-wojewodzkiego.jpg,,,2006,2006,blok,,,,,,,,,51.741482,19.574923
Łódź Śródmieście,al. marsz. Edwarda Śmigłego-Rydza,2,45,328000,7241,Bez pośredników,ponad miesiąc temu,20,https://adresowo.pl/o/mieszkanie-lodz-srodmiescie-al-marsz-edwarda-smiglego-rydza-2-pokojowe-f2k4x5,https://s2.adresowa.pl/oi/3b/16/3a3510_3caa_cover-2-pokojowe-mieszkanie-lodz-srodmiescie-al-marsz-edwarda-smiglego-rydza.jpg,,,328,1976,blok,,,,,,,,,51.747521,19.489537
Łódź Górna,ul. Ignacego Paderewskiego,2,37,335000,9054,Bez pośredników,ponad miesiąc temu,8,https://adresowo.pl/o/mieszkanie-lodz-gorna-ul-ignacego-paderewskiego-2-pokojowe-k6x8o9,https://s2.adresowa.pl/oi/70/4b/3a3136_ccc3_cover-2-pokojowe-mieszkanie-lodz-gorna-ul-ignacego-paderewskiego.jpg,,,8,1970,blok,,,,,,,,,51.727141,19.465518
Łódź Widzew,ul. ks. bp. Wincentego Tymienieckiego,4,108,1820000,16852,Oferta biura nieruchomości,ponad miesiąc temu,7,https://adresowo.pl/o/mieszkanie-lodz-widzew-ul-ks-bp-wincentego-tymienieckiego-4-pokojowe-c1o8l9,https://s2.adresowa.pl/oi/27/6b/314a3a_ed6d_cover-4-pokojowe-mieszkanie-lodz-widzew-ul-ks-bp-wincentego-tymienieckiego.jpg,,,1,2024,blok,,,,,,,,,51.75,19.4689998626709
Łódź Śródmieście,ul. Pomorska,4,104,549000,5286,Oferta biura nieruchomości,ponad miesiąc temu,24,https://adresowo.pl/o/mieszkanie-lodz-srodmiescie-ul-pomorska-4-pokojowe-n8d6t0,https://s2.adresowa.pl/oi/5c/63/2a0220_8181_cover-4-pokojowe-mieszkanie-lodz-srodmiescie-ul-pomorska.jpg,,,parter,1927,blok,,,,,,,,,51.77759,19.46463
Łódź Bałuty,ul. Zgierska,1,32,297000,9281,Bez pośredników,ponad miesiąc temu,8,https://adresowo.pl/o/mieszkanie-lodz-baluty-ul-zgierska-1-pokoj-m8w1y4,https://s2.adresowa.pl/oi/7b/56/3a2fde_4aca_cover-1-pokojowe-mieszkanie-lodz-baluty-ul-zgierska.jpg,,,parter,1980,blok,,,,,,,,,51.807719,19.439124
Łódź Doły,ul. Strykowska,4,100,1090000,10900,Bez pośredników,ponad miesiąc temu,8,https://adresowo.pl/o/mieszkanie-lodz-doly-ul-strykowska-4-pokojowe-f5i8h7,https://s2.adresowa.pl/oi/35/41/3a2d14_beaa_cover-4-pokojowe-mieszkanie-lodz-doly-ul-strykowska.jpg,,,1,2022,blok,,,,,,,,,51.795598,19.486852
Łódź Polesie,ul. płk. dr. Stanisława Więckowskiego,2,49,382000,7793,Bez pośredników,ponad miesiąc temu,19,https://adresowo.pl/o/mieszkanie-lodz-polesie-ul-plk-dr-stanislawa-wieckowskiego-2-pokojowe-w0m8i1,https://s2.adresowa.pl/oi/4a/79/3a234a_37da_cover-2-pokojowe-mieszkanie-lodz-polesie-ul-plk-dr-stanislawa-wieckowskiego.jpg,,,parter,,blok,,,,,,,,,51.771701,19.444958
Łódź Chojny,ul. Mieszczańska,2,51,399000,7870,Bez pośredników,ponad miesiąc temu,20,https://adresowo.pl/o/mieszkanie-lodz-chojny-ul-mieszczanska-2-pokojowe-d3e9w1,https://s2.adresowa.pl/oi/46/7c/3a232e_9ad2_cover-2-pokojowe-mieszkanie-lodz-chojny-ul-mieszczanska.jpg,,,4,1981,blok,,,,,,,,,51.715516,19.490359
Łódź Śródmieście,ul. Mikołaja Kopernika,1,25,440000,17600,Bez pośredników,ponad miesiąc temu,20,https://adresowo.pl/o/mieszkanie-lodz-srodmiescie-ul-mikolaja-kopernika-1-pokoj-f5i7d6,https://s2.adresowa.pl/oi/7b/4b/3a2078_8af8_cover-1-pokojowe-mieszkanie-lodz-srodmiescie-ul-mikolaja-kopernika.jpg,,,parter,2023,kamienica,,,,,,,,,51.760136,19.442883
Łódź Retkinia,ul. Maratońska,4,76,679000,8993,Bez pośredników,ponad miesiąc temu,20,https://adresowo.pl/o/mieszkanie-lodz-retkinia-ul-maratonska-4-pokojowe-b0m0h8,https://s2.adresowa.pl/oi/5e/28/3a1c8a_cacf_cover-4-pokojowe-mieszkanie-lodz-retkinia-ul-maratonska.jpg,,,parter,1986,blok,,,,,,,,,51.737604,19.393771
Łódź Bałuty,ul. Drewnowska,1,33,265000,8030,Bez pośredników,ponad miesiąc temu,4,https://adresowo.pl/o/mieszkanie-lodz-baluty-ul-drewnowska-1-pokoj-g3j3e5,https://s2.adresowa.pl/oi/5c/4f/3a1bae_7f6a_cover-1-pokojowe-mieszkanie-lodz-baluty-ul-drewnowska.jpg,,,parter,1920,kamienica,,,,,,,,,51.78111,19.434213
Łódź Górna,ul. Myśliwska,3,62,560000,9032,Bez pośredników,ponad miesiąc temu,15,https://adresowo.pl/o/mieszkanie-lodz-gorna-ul-mysliwska-3-pokojowe-h1g4z2,https://s2.adresowa.pl/oi/2f/43/3a1582_a862_cover-3-pokojowe-mieszkanie-lodz-gorna-ul-mysliwska.jpg,,,parter,1985,blok,,,,,,,,,,
Łódź Bałuty,ul. Rojna,1,30,300000,10000,Bez pośredników,ponad miesiąc temu,7,https://adresowo.pl/o/mieszkanie-lodz-baluty-ul-rojna-1-pokoj-z0n4p2,https://s2.adresowa.pl/oi/5c/73/3a0eaa_8ab1_cover-1-pokojowe-mieszkanie-lodz-baluty-ul-rojna.jpg,,,4,,blok,,,,,,,,,51.794919,19.364356
Łódź Śródmieście,ul. Radwańska,2,62,450000,7258,Bez pośredników,ponad miesiąc temu,12,https://adresowo.pl/o/mieszkanie-lodz-srodmiescie-ul-radwanska-2-pokojowe-j7n4l7,https://s2.adresowa.pl/oi/11/54/3a0e60_a014_cover-2-pokojowe-mieszkanie-lodz-srodmiescie-ul-radwanska.jpg,,,3,1932,kamienica,,,,,,,,,51.751996,19.450886
Łódź Śródmieście,ul. Solna,3,54,459000,8500,Bez pośredników,ponad tydzień temu,9,https://adresowo.pl/o/mieszkanie-lodz-srodmiescie-ul-solna-3-pokojowe-c5s9x1,https://s2.adresowa.pl/oi/63/31/3b3116_3619_cover-3-pokojowe-mieszkanie-lodz-srodmiescie-ul-solna.jpg,,,1,1900,blok,,,,,,,,,51.777946,19.459999
Łódź Chojny,ul. Mieszkalna,3,62,409000,6597,Bez pośredników,ponad miesiąc temu,8,https://adresowo.pl/o/mieszkanie-lodz-chojny-ul-mieszkalna-3-pokojowe-p5z2l8,https://s2.adresowa.pl/oi/4b/5c/3a09f0_3740_cover-3-pokojowe-mieszkanie-lodz-chojny-ul-mieszkalna.jpg,,,4,1987,blok,,,,,,,,,51.718488,19.473525
Łódź Bałuty,ul. Hipoteczna,2,38,339000,8921,Bez pośredników,ponad miesiąc temu,9,https://adresowo.pl/o/mieszkanie-lodz-baluty-ul-hipoteczna-2-pokojowe-w9y9q9,https://s2.adresowa.pl/oi/4c/47/3a095e_8af1_cover-2-pokojowe-mieszkanie-lodz-baluty-ul-hipoteczna.jpg,,,parter,1973,blok,,,,,,,,,51.793951,19.431782
,,,,,,Pośrednik,,,https://adresowo.pl/mieszkania/lodz/srodmiescie-1/,,,,parter,1912,kamienica,,,,,,,,,,
Łódź Górna,ul. Gospodarcza,2,51,410000,8114,Bez pośredników,ponad miesiąc temu,18,https://adresowo.pl/o/mieszkanie-lodz-gorna-ul-gospodarcza-2-pokojowe-i2y5w9,https://s2.adresowa.pl/oi/5f/64/3a08b0_de52_cover-2-pokojowe-mieszkanie-lodz-gorna-ul-gospodarcza.jpg,,,6,1981,blok,,,,,,,,,51.717683,19.489822
Łódź Bałuty,,2,49,459000,9337,Bez pośredników,ponad miesiąc temu,12,https://adresowo.pl/o/mieszkanie-lodz-baluty-2-pokojowe-49-m2-l8h7p8,https://s2.adresowa.pl/oi/74/2c/3a0860_59b0_cover-2-pokojowe-mieszkanie-lodz-baluty.jpg,,,1954,1954,blok,,,,,,,,,51.759292,19.455878
Łódź Chojny,ul. Księdza Biskupa Ignacego Krasickiego,2,40,399000,9975,Bez pośredników,ponad miesiąc temu,10,https://adresowo.pl/o/mieszkanie-lodz-chojny-ul-ksiedza-biskupa-ignacego-krasickiego-2-pokojowe-f6c2w7,https://s2.adresowa.pl/oi/10/19/39f386_e053_cover-2-pokojowe-mieszkanie-lodz-chojny-ul-ksiedza-biskupa-ignacego-krasickiego.jpg,,,4,2018,kamienica,,,,,,,,,51.734783,19.470713
Łódź Górna,ul. Józefa Chełmońskiego,3,58,750000,13007,Bez pośredników,ponad miesiąc temu,20,https://adresowo.pl/o/mieszkanie-lodz-gorna-ul-jozefa-chelmonskiego-3-pokojowe-b0k6h8,https://s2.adresowa.pl/oi/34/36/39f2ec_8386_cover-3-pokojowe-mieszkanie-lodz-gorna-ul-jozefa-chelmonskiego.jpg,,,3,2025,blok,,,,,,,,,51.738816,19.480726
Łódź Śródmieście,,2,51,355000,6961,Bez pośredników,ponad miesiąc temu,8,https://adresowo.pl/o/mieszkanie-lodz-srodmiescie-2-pokojowe-51-m2-q7y3u1,https://s2.adresowa.pl/oi/27/22/39f0aa_4092_cover-2-pokojowe-mieszkanie-lodz-srodmiescie.jpg,,,parter,,,,,,,,,,,51.759292,19.455878
Łódź Polesie,ul. Maratońska,7,62,565000,9072,Bez pośredników,ponad miesiąc temu,14,https://adresowo.pl/o/mieszkanie-lodz-polesie-ul-maratonska-7-pokojowe-c7e4p7,https://s2.adresowa.pl/oi/74/50/39f02a_2c31_cover-7-pokojowe-mieszkanie-lodz-polesie-ul-maratonska.jpg,,,565,2024,blok,,,,,,,,,51.737604,19.393771
Łódź Śródmieście,ul. Stefana Żeromskiego,2,89,480000,5393,Bez pośredników,ponad miesiąc temu,18,https://adresowo.pl/o/mieszkanie-lodz-srodmiescie-ul-stefana-zeromskiego-2-pokojowe-c0c5z8,https://s2.adresowa.pl/oi/75/4b/39ea9c_d111_cover-2-pokojowe-mieszkanie-lodz-srodmiescie-ul-stefana-zeromskiego.jpg,,,parter,,kamienica,,,,,,,,,51.763502,19.447322
Łódź Śródmieście,ul. Łąkowa,2,58,559000,9671,Bez pośredników,ponad miesiąc temu,18,https://adresowo.pl/o/mieszkanie-lodz-srodmiescie-ul-lakowa-2-pokojowe-m1h4a5,https://s2.adresowa.pl/oi/36/6e/39e738_4ac7_cover-2-pokojowe-mieszkanie-lodz-srodmiescie-ul-lakowa.jpg,,,2,1955,kamienica,,,,,,,,,,
Łódź Bałuty,ul. Gnieźnieńska,2,37,255000,6892,Bez pośredników,ponad miesiąc temu,10,https://adresowo.pl/o/mieszkanie-lodz-baluty-ul-gnieznienska-2-pokojowe-e8h9u4,https://s2.adresowa.pl/oi/66/7c/39e71a_a84d_cover-2-pokojowe-mieszkanie-lodz-baluty-ul-gnieznienska.jpg,,,parter,,kamienica,,,,,,,,,51.786466,19.439457
Łódź Polesie,ul. Srebrzyńska,3,52,615000,11827,Bez pośredników,ponad miesiąc temu,8,https://adresowo.pl/o/mieszkanie-lodz-polesie-ul-srebrzynska-3-pokojowe-u5p6t8,https://s2.adresowa.pl/oi/6c/46/39e546_9205_cover-3-pokojowe-mieszkanie-lodz-polesie-ul-srebrzynska.jpg,,,2025,2025,blok,,,,,,,,,51.772606,19.418808
Łódź Zarzew,,2,37,320000,8649,Bez pośredników,ponad miesiąc temu,7,https://adresowo.pl/o/mieszkanie-lodz-zarzew-2-pokojowe-37-m2-v5x0g6,https://s2.adresowa.pl/oi/6b/20/39e432_d27a_cover-2-pokojowe-mieszkanie-lodz-zarzew.jpg,,,parter,,blok,,,,,,,,,51.759292,19.455878
Łódź Teofilów,ul. Grabieniec,3,57,399000,6976,Bez pośredników,ponad miesiąc temu,8,https://adresowo.pl/o/mieszkanie-lodz-teofilow-ul-grabieniec-3-pokojowe-o5n6v7,https://s2.adresowa.pl/oi/31/70/39e2bc_ae24_cover-3-pokojowe-mieszkanie-lodz-teofilow-ul-grabieniec.jpg,,,parter,1970,blok,,,,,,,,,51.796978,19.390493
Łódź Bałuty,ul. Stefana,3,53,399000,7538,Bez pośredników,ponad miesiąc temu,8,https://adresowo.pl/o/mieszkanie-lodz-baluty-ul-stefana-3-pokojowe-c4h8j2,https://s2.adresowa.pl/oi/15/3a/39e14c_dc79_cover-3-pokojowe-mieszkanie-lodz-baluty-ul-stefana.jpg,,,parter,1975,blok,,,,,,,,,51.795632,19.453213
Łódź Bałuty,ul. Wojska Polskiego,1,37,248000,6703,Bez pośredników,ponad miesiąc temu,14,https://adresowo.pl/o/mieszkanie-lodz-baluty-ul-wojska-polskiego-1-pokoj-u5f9t3,https://s2.adresowa.pl/oi/6e/54/39e08c_e2a0_cover-1-pokojowe-mieszkanie-lodz-baluty-ul-wojska-polskiego.jpg,,,parter,1960,blok,,,,,,,,,51.788512,19.474018
Łódź Śródmieście,ul. Henryka Sienkiewicza,3,65,649000,9971,Bez pośredników,ponad miesiąc temu,20,https://adresowo.pl/o/mieszkanie-lodz-srodmiescie-ul-henryka-sienkiewicza-3-pokojowe-b6e3l7,https://s2.adresowa.pl/oi/64/38/39db3c_6b72_cover-3-pokojowe-mieszkanie-lodz-srodmiescie-ul-henryka-sienkiewicza.jpg,,,parter,1978,blok,,,,,,,,,51.760198,19.462809
Łódź Bałuty,ul. Jana,2,38,320000,8495,Bez pośredników,ponad miesiąc temu,20,https://adresowo.pl/o/mieszkanie-lodz-baluty-ul-jana-2-pokojowe-c6k3n0,https://s2.adresowa.pl/oi/78/7a/39d69a_4002_cover-2-pokojowe-mieszkanie-lodz-baluty-ul-jana.jpg,,,6,1971,blok,,,,,,,,,51.759292,19.455878
Łódź Polesie,ul. Heleny Marusarzówny,5,64,529000,8266,Bez pośredników,ponad miesiąc temu,19,https://adresowo.pl/o/mieszkanie-lodz-polesie-ul-heleny-marusarzowny-5-pokojowe-r5c9f9,https://s2.adresowa.pl/oi/61/70/39d576_d80e_cover-5-pokojowe-mieszkanie-lodz-polesie-ul-heleny-marusarzowny.jpg,,,parter,1974,blok,,,,,,,,,,
Łódź Śródmieście,ul. Poznańska,2,52,520000,10000,Bez pośredników,ponad miesiąc temu,11,https://adresowo.pl/o/mieszkanie-lodz-srodmiescie-ul-poznanska-2-pokojowe-j3x1f2,https://s2.adresowa.pl/oi/29/33/39d38a_4222_cover-2-pokojowe-mieszkanie-lodz-srodmiescie-ul-poznanska.jpg,,,parter,2012,blok,,,,,,,,,51.743389,19.482277
Łódź Bałuty,ul. Łanowa,1,27,299000,11074,Bez pośredników,ponad miesiąc temu,15,https://adresowo.pl/o/mieszkanie-lodz-baluty-ul-lanowa-1-pokoj-i9g6x7,https://s2.adresowa.pl/oi/27/6c/39d388_f2df_cover-1-pokojowe-mieszkanie-lodz-baluty-ul-lanowa.jpg,,,4,1980,blok,,,,,,,,,51.793966,19.400074
Łódź Żabieniec,,3,70,637000,9130,Bez pośredników,ponad miesiąc temu,15,https://adresowo.pl/o/mieszkanie-lodz-zabieniec-3-pokojowe-69-m2-o4v2l7,https://s2.adresowa.pl/oi/1b/5f/39d156_db6f_cover-3-pokojowe-mieszkanie-lodz-zabieniec.jpg,,,2,1976,blok,,,,,,,,,51.759292,19.455878
Łódź Teofilów,ul. Rojna,1,28,255000,9107,Bez pośredników,ponad miesiąc temu,8,https://adresowo.pl/o/mieszkanie-lodz-teofilow-ul-rojna-1-pokoj-w7e4a5,https://s2.adresowa.pl/oi/6f/37/39cf40_57c9_cover-1-pokojowe-mieszkanie-lodz-teofilow-ul-rojna.jpg,,,parter,1975,blok,,,,,,,,,51.794728,19.376449
Łódź Górna,ul. Strycharska,3,55,486000,8836,Bez pośredników,ponad miesiąc temu,8,https://adresowo.pl/o/mieszkanie-lodz-gorna-ul-strycharska-3-pokojowe-g9t0f8,https://s2.adresowa.pl/oi/49/44/39cd2e_3c8d_cover-3-pokojowe-mieszkanie-lodz-gorna-ul-strycharska.jpg,,,6,,blok,,,,,,,,,51.729862,19.464613
Łódź Bałuty,,3,57,462000,8105,Bez pośredników,ponad miesiąc temu,20,https://adresowo.pl/o/mieszkanie-lodz-baluty-3-pokojowe-57-m2-w2a0v7,https://s2.adresowa.pl/oi/60/62/39cbde_de64_cover-3-pokojowe-mieszkanie-lodz-baluty.jpg,,,parter,1974,blok,,,,,,,,,51.759292,19.455878
Łódź Widzew,ul. Rysy,2,45,490000,10889,Bez pośredników,ponad miesiąc temu,1,https://adresowo.pl/o/mieszkanie-lodz-widzew-ul-rysy-2-pokojowe-b0l5x1,https://s2.adresowa.pl/oi/5e/24/39cb1e_edc1_cover-2-pokojowe-mieszkanie-lodz-widzew-ul-rysy.jpg,,,4,2020,blok,,,,,,,,,51.782121,19.535769
Łódź Śródmieście,ul. Jana Kilińskiego,2,41,600000,14634,Bez pośredników,ponad miesiąc temu,13,https://adresowo.pl/o/mieszkanie-lodz-srodmiescie-ul-jana-kilinskiego-2-pokojowe-e9l8b9,https://s2.adresowa.pl/oi/2f/2b/39c98c_baa6_cover-2-pokojowe-mieszkanie-lodz-srodmiescie-ul-jana-kilinskiego.jpg,,,2019,2019,blok,,,,,,,,,51.749871,19.473901
Łódź Polesie,ul. Stefana Żeromskiego,3,93,849999,9140,Bez pośredników,ponad miesiąc temu,16,https://adresowo.pl/o/mieszkanie-lodz-polesie-ul-stefana-zeromskiego-3-pokojowe-o8d8n1,https://s2.adresowa.pl/oi/68/33/39c480_4580_cover-3-pokojowe-mieszkanie-lodz-polesie-ul-stefana-zeromskiego.jpg,,,3,1912,kamienica,,,,,,,,,,
Łódź Bałuty,ul. Antoniego Mackiewicza,2,44,555000,12689,Bez pośredników,ponad miesiąc temu,10,https://adresowo.pl/o/mieszkanie-lodz-baluty-ul-antoniego-mackiewicza-2-pokojowe-a5s4t6,https://s2.adresowa.pl/oi/51/74/39c440_d596_cover-2-pokojowe-mieszkanie-lodz-baluty-ul-antoniego-mackiewicza.jpg,,,555,2018,blok,,,,,,,,,51.758356,19.448891
Łódź Teofilów,,2,45,300000,6667,Bez pośredników,ponad miesiąc temu,7,https://adresowo.pl/o/mieszkanie-lodz-teofilow-2-pokojowe-45-m2-v3e2v9,https://s2.adresowa.pl/oi/21/31/39c47c_480e_cover-2-pokojowe-mieszkanie-lodz-teofilow.jpg,,,parter,,blok,,,,,,,,,51.759292,19.455878
Łódź Olechów,ul. Kazimierza Odnowiciela,4,103,947600,9200,Bez pośredników,ponad miesiąc temu,16,https://adresowo.pl/o/mieszkanie-lodz-olechow-ul-kazimierza-odnowiciela-4-pokojowe-b2x9j1,https://s2.adresowa.pl/oi/36/24/39c162_f31c_cover-4-pokojowe-mieszkanie-lodz-olechow-ul-kazimierza-odnowiciela.jpg,,,parter,2003,apartamentowiec,,,,,,,,,51.738404,19.564419
Łódź Bałuty,ul. Nad Sokołówką,3,68,735000,10884,Bez pośredników,ponad miesiąc temu,19,https://adresowo.pl/o/mieszkanie-lodz-baluty-ul-nad-sokolowka-3-pokojowe-a4r4i2,https://s2.adresowa.pl/oi/18/26/39bf0c_8cd3_cover-3-pokojowe-mieszkanie-lodz-baluty-ul-nad-sokolowka.jpg,,,2,2025,apartamentowiec,,,,,,,,,51.803312,19.434116
Łódź Retkinia,,1,28,349900,12496,Bez pośredników,ponad miesiąc temu,8,https://adresowo.pl/o/mieszkanie-lodz-retkinia-1-pokoj-28-m2-c8i1t0,https://s2.adresowa.pl/oi/57/2c/39bd00_a5ce_cover-1-pokojowe-mieszkanie-lodz-retkinia.jpg,,,parter,,blok,,,,,,,,,51.759292,19.455878
Łódź Widzew,ul. Telefoniczna,3,54,700000,12963,Bez pośredników,ponad miesiąc temu,12,https://adresowo.pl/o/mieszkanie-lodz-widzew-ul-telefoniczna-3-pokojowe-b2n8k6,https://s2.adresowa.pl/oi/58/2f/39bb4c_7c2b_cover-3-pokojowe-mieszkanie-lodz-widzew-ul-telefoniczna.jpg,,,parter,2022,blok,,,,,,,,,51.782496,19.506191
Łódź Olechów,,2,50,419000,8380,Bez pośredników,ponad miesiąc temu,7,https://adresowo.pl/o/mieszkanie-lodz-olechow-2-pokojowe-50-m2-b6y2v6,https://s2.adresowa.pl/oi/2d/2e/39b9ec_b5dd_cover-2-pokojowe-mieszkanie-lodz-olechow.jpg,,,parter,,blok,,,,,,,,,51.759292,19.455878
Łódź Polesie,ul. Mahatmy Gandhiego,2,58,485000,8362,Bez pośredników,ponad miesiąc temu,12,https://adresowo.pl/o/mieszkanie-lodz-polesie-ul-mahatmy-gandhiego-2-pokojowe-x1f0j3,https://s2.adresowa.pl/oi/4f/28/39b9dc_6d16_cover-2-pokojowe-mieszkanie-lodz-polesie-ul-mahatmy-gandhiego.jpg,,,parter,2023,blok,,,,,,,,,51.78371,19.429617
Łódź Dąbrowa,ul. gen. Jarosława Dąbrowskiego,2,37,290000,7838,Bez pośredników,ponad miesiąc temu,1,https://adresowo.pl/o/mieszkanie-lodz-dabrowa-ul-gen-jaroslawa-dabrowskiego-2-pokojowe-j4l2h9,https://s2.adresowa.pl/oi/7e/54/39b7cc_89ce_cover-2-pokojowe-mieszkanie-lodz-dabrowa-ul-gen-jaroslawa-dabrowskiego.jpg,,,290,1970,blok,,,,,,,,,51.736465,19.502106
Łódź Bałuty,ul. Rajska,3,53,480000,9057,Bez pośredników,ponad miesiąc temu,16,https://adresowo.pl/o/mieszkanie-lodz-baluty-ul-rajska-3-pokojowe-y8g9x8,https://s2.adresowa.pl/oi/28/2f/39b7ca_771e_cover-3-pokojowe-mieszkanie-lodz-baluty-ul-rajska.jpg,,,480,1960,blok,,,,,,,,,51.796505,19.437184
Łódź Śródmieście,ul. Piotrkowska,3,67,525000,7857,Bez pośredników,ponad miesiąc temu,8,https://adresowo.pl/o/mieszkanie-lodz-srodmiescie-ul-piotrkowska-3-pokojowe-g2s2l5,https://s2.adresowa.pl/oi/70/71/39afe0_c30e_cover-3-pokojowe-mieszkanie-lodz-srodmiescie-ul-piotrkowska.jpg,,,parter,1980,blok,,,,,,,,,51.760568,19.458254
Łódź Górna,ul. Obywatelska,2,50,370000,7400,Bez pośredników,ponad miesiąc temu,7,https://adresowo.pl/o/mieszkanie-lodz-gorna-ul-obywatelska-2-pokojowe-f4e3e9,https://s2.adresowa.pl/oi/2d/2b/39ab04_a6cd_cover-2-pokojowe-mieszkanie-lodz-gorna-ul-obywatelska.jpg,,,parter,1962,blok,,,,,,,,,51.736886,19.434292
Łódź Górna,ul. Adolfa Dygasińskiego,2,47,389000,8308,Bez pośredników,ponad miesiąc temu,9,https://adresowo.pl/o/mieszkanie-lodz-gorna-ul-adolfa-dygasinskiego-2-pokojowe-j0q9j2,https://s2.adresowa.pl/oi/7b/49/39a722_8f12_cover-2-pokojowe-mieszkanie-lodz-gorna-ul-adolfa-dygasinskiego.jpg,,,parter,1930,blok,,,,,,,,,51.759292,19.455878
Łódź Bałuty,ul. Rysownicza,4,70,599000,8557,Bez pośredników,ponad miesiąc temu,14,https://adresowo.pl/o/mieszkanie-lodz-baluty-ul-rysownicza-4-pokojowe-w5i1t2,https://s2.adresowa.pl/oi/22/71/39a150_9209_cover-4-pokojowe-mieszkanie-lodz-baluty-ul-rysownicza.jpg,,,parter,1974,blok,,,,,,,,,51.799839,19.458534
Łódź Teofilów,,1,25,210000,8400,Bez pośredników,ponad miesiąc temu,5,https://adresowo.pl/o/mieszkanie-lodz-teofilow-1-pokoj-25-m2-d6d8x0,https://s2.adresowa.pl/oi/44/4d/399fb6_5c8f_cover-1-pokojowe-mieszkanie-lodz-teofilow.jpg,,,3,,blok,,,,,,,,,51.759292,19.455878
Łódź Żabieniec,ul. Bolesława Limanowskiego,2,33,259900,7876,Bez pośredników,ponad miesiąc temu,9,https://adresowo.pl/o/mieszkanie-lodz-zabieniec-ul-boleslawa-limanowskiego-2-pokojowe-t9x4w3,https://s2.adresowa.pl/oi/4c/66/399faa_7e14_cover-2-pokojowe-mieszkanie-lodz-zabieniec-ul-boleslawa-limanowskiego.jpg,,,10,,blok,,,,,,,,,51.790311,19.430348
Łódź Bałuty,,2,44,360000,8182,Bez pośredników,ponad miesiąc temu,8,https://adresowo.pl/o/mieszkanie-lodz-baluty-2-pokojowe-44-m2-m4j6z4,https://s2.adresowa.pl/oi/63/70/399a0a_df1c_cover-2-pokojowe-mieszkanie-lodz-baluty.jpg,,,parter,1992,blok,,,,,,,,,51.759292,19.455878
Łódź Górna,ul. Ignacego Paderewskiego,2,37,349000,9432,Bez pośredników,ponad miesiąc temu,5,https://adresowo.pl/o/mieszkanie-lodz-gorna-ul-ignacego-paderewskiego-2-pokojowe-o1p9i4,https://s2.adresowa.pl/oi/3b/4d/399916_ae58_cover-2-pokojowe-mieszkanie-lodz-gorna-ul-ignacego-paderewskiego.jpg,,,349,1973,blok,,,,,,,,,51.727141,19.465518
Łódź Bałuty,ul. Klonowa,1,23,215000,9348,Bez pośredników,ponad miesiąc temu,12,https://adresowo.pl/o/mieszkanie-lodz-baluty-ul-klonowa-1-pokoj-y3q9x5,https://s2.adresowa.pl/oi/54/50/3997ce_e1b8_cover-1-pokojowe-mieszkanie-lodz-baluty-ul-klonowa.jpg,,,7,1968,blok,,,,,,,,,51.787929,19.42818
Łódź Śródmieście,ul. Bolesława Limanowskiego,1,28,182000,6500,Bez pośredników,ponad miesiąc temu,14,https://adresowo.pl/o/mieszkanie-lodz-srodmiescie-ul-boleslawa-limanowskiego-1-pokoj-o9e9f8,https://s2.adresowa.pl/oi/74/14/399600_8e45_cover-1-pokojowe-mieszkanie-lodz-srodmiescie-ul-boleslawa-limanowskiego.jpg,,,parter,,kamienica,,,,,,,,,51.759292,19.455878
Łódź Śródmieście,ul. Orla,2,50,470000,9400,Bez pośredników,ponad miesiąc temu,15,https://adresowo.pl/o/mieszkanie-lodz-srodmiescie-ul-orla-2-pokojowe-p2l4z4,https://s2.adresowa.pl/oi/4d/40/39946a_5556_cover-2-pokojowe-mieszkanie-lodz-srodmiescie-ul-orla.jpg,,,1,1900,kamienica,,,,,,,,,51.757839,19.465382
Łódź Bałuty,ul. Łagiewnicka,1,34,259000,7618,Bez pośredników,ponad miesiąc temu,10,https://adresowo.pl/o/mieszkanie-lodz-baluty-ul-lagiewnicka-1-pokoj-d4i0f8,https://s2.adresowa.pl/oi/60/17/399382_bbe0_cover-1-pokojowe-mieszkanie-lodz-baluty-ul-lagiewnicka.jpg,,,parter,,blok,,,,,,,,,51.799754,19.456349
Łódź Polesie,ul. Obywatelska,3,70,700000,10000,Bez pośredników,ponad miesiąc temu,13,https://adresowo.pl/o/mieszkanie-lodz-polesie-ul-obywatelska-3-pokojowe-m8b5j8,https://s2.adresowa.pl/oi/11/78/398ff4_eafe_cover-3-pokojowe-mieszkanie-lodz-polesie-ul-obywatelska.jpg,,,3,2009,blok,,,,,,,,,51.736886,19.434292
Łódź Kurak,ul. Stanisława Brzozowskiego,2,45,455000,10111,Bez pośredników,ponad miesiąc temu,11,https://adresowo.pl/o/mieszkanie-lodz-kurak-ul-stanislawa-brzozowskiego-2-pokojowe-p6r3q5,https://s2.adresowa.pl/oi/31/41/398fb8_df36_cover-2-pokojowe-mieszkanie-lodz-kurak-ul-stanislawa-brzozowskiego.jpg,,,parter,,blok,,,,,,,,,51.731076,19.445192
Łódź Śródmieście,ul. Henryka Sienkiewicza,5,118,1290000,10932,Bez pośredników,ponad miesiąc temu,9,https://adresowo.pl/o/mieszkanie-lodz-srodmiescie-ul-henryka-sienkiewicza-5-pokojowe-s0k1e0,https://s2.adresowa.pl/oi/77/69/3986c0_f2a5_cover-5-pokojowe-mieszkanie-lodz-srodmiescie-ul-henryka-sienkiewicza.jpg,,,parter,1913,kamienica,,,,,,,,,51.760198,19.462809
Łódź,ul. dr. Adama Próchnika,3,50,235000,4700,Bez pośredników,ponad miesiąc temu,9,https://adresowo.pl/o/mieszkanie-lodz-ul-dr-adama-prochnika-3-pokojowe-s6u0g3,https://s2.adresowa.pl/oi/7d/43/398642_6292_cover-3-pokojowe-mieszkanie-lodz-ul-dr-adama-prochnika.jpg,,,parter,1930,kamienica,,,,,,,,,51.774366,19.449347
Łódź Śródmieście,ul. Jana Kilińskiego,4,83,556800,6708,Bez pośredników,ponad miesiąc temu,21,https://adresowo.pl/o/mieszkanie-lodz-srodmiescie-ul-jana-kilinskiego-4-pokojowe-n0h6z6,https://s2.adresowa.pl/oi/1d/4c/3982ea_d8ed_cover-4-pokojowe-mieszkanie-lodz-srodmiescie-ul-jana-kilinskiego.jpg,,,parter,1920,,,,,,,,,,51.764034,19.466514
Łódź Górna,ul. Ignacego Paderewskiego,3,55,400000,7273,Bez pośredników,ponad miesiąc temu,9,https://adresowo.pl/o/mieszkanie-lodz-gorna-ul-ignacego-paderewskiego-3-pokojowe-i3e8r4,https://s2.adresowa.pl/oi/55/2f/397c80_ee35_cover-3-pokojowe-mieszkanie-lodz-gorna-ul-ignacego-paderewskiego.jpg,,,parter,1965,blok,,,,,,,,,51.727141,19.465518
Łódź Śródmieście,,2,51,350000,6863,Bez pośredników,ponad miesiąc temu,7,https://adresowo.pl/o/mieszkanie-lodz-srodmiescie-2-pokojowe-51-m2-z8v9s2,https://s2.adresowa.pl/oi/67/6b/397c9c_bbe7_cover-2-pokojowe-mieszkanie-lodz-srodmiescie.jpg,,,parter,,blok,,,,,,,,,51.759292,19.455878
Łódź Śródmieście,ul. Prezydenta Gabriela Narutowicza,2,36,400900,11133,Bez pośredników,ponad miesiąc temu,16,https://adresowo.pl/o/mieszkanie-lodz-srodmiescie-ul-prezydenta-gabriela-narutowicza-2-pokojowe-z1n8a7,https://s2.adresowa.pl/oi/25/7e/397958_3ba9_cover-2-pokojowe-mieszkanie-lodz-srodmiescie-ul-prezydenta-gabriela-narutowicza.jpg,,,parter,1970,blok,,,,,,,,,51.772554,19.476784
Łódź Śródmieście,ul. Juliana Tuwima,1,37,433000,11703,Bez pośredników,ponad miesiąc temu,8,https://adresowo.pl/o/mieszkanie-lodz-srodmiescie-ul-juliana-tuwima-1-pokoj-e0u6f4,https://s2.adresowa.pl/oi/77/43/39794c_d0fb_cover-1-pokojowe-mieszkanie-lodz-srodmiescie-ul-juliana-tuwima.jpg,,,3,,blok,,,,,,,,,51.767301,19.477729
Łódź Koziny,,2,39,385000,9872,Bez pośredników,ponad miesiąc temu,5,https://adresowo.pl/o/mieszkanie-lodz-koziny-2-pokojowe-39-m2-r6t4q9,https://s2.adresowa.pl/oi/70/35/397942_5af1_cover-2-pokojowe-mieszkanie-lodz-koziny.jpg,,,2,1980,blok,,,,,,,,,51.759292,19.455878
Łódź Chojny,ul. Mazurska,3,54,476000,8815,Bez pośredników,ponad miesiąc temu,15,https://adresowo.pl/o/mieszkanie-lodz-chojny-ul-mazurska-3-pokojowe-x5z4w7,https://s2.adresowa.pl/oi/7f/36/3976a2_745d_cover-3-pokojowe-mieszkanie-lodz-chojny-ul-mazurska.jpg,,,2,1975,blok,,,,,,,,,51.729946,19.48279
Łódź Nowosolna,ul. Pomorska,1,40,473000,11963,Bez pośredników,ponad miesiąc temu,15,https://adresowo.pl/o/mieszkanie-lodz-nowosolna-ul-pomorska-1-pokoj-l7g0k5,https://s2.adresowa.pl/oi/35/6f/3972e2_e676_cover-1-pokojowe-mieszkanie-lodz-nowosolna-ul-pomorska.jpg,,,parter,2021,blok,,,,,,,,,51.774981,19.521052
Łódź Teofilów,,3,57,450000,7895,Bez pośredników,ponad miesiąc temu,7,https://adresowo.pl/o/mieszkanie-lodz-teofilow-3-pokojowe-57-m2-f6r1f4,https://s2.adresowa.pl/oi/74/3a/396f78_383d_cover-3-pokojowe-mieszkanie-lodz-teofilow.jpg,,,parter,,blok,,,,,,,,,51.759292,19.455878
Łódź Radogoszcz,,2,45,485000,10899,Bez pośredników,ponad miesiąc temu,16,https://adresowo.pl/o/mieszkanie-lodz-radogoszcz-2-pokojowe-44-m2-q5p4z5,https://s2.adresowa.pl/oi/4b/2e/396eae_f02f_cover-2-pokojowe-mieszkanie-lodz-radogoszcz.jpg,,,485,2019,blok,,,,,,,,,51.759292,19.455878
Łódź Górna,ul. Stanisława Brzozowskiego,2,45,310000,6858,Bez pośredników,ponad miesiąc temu,26,https://adresowo.pl/o/mieszkanie-lodz-gorna-ul-stanislawa-brzozowskiego-2-pokojowe-b3t2w1,https://s2.adresowa.pl/oi/4f/1b/396bbe_7381_cover-2-pokojowe-mieszkanie-lodz-gorna-ul-stanislawa-brzozowskiego.jpg,,,310,1971,blok,,,,,,,,,51.730807,19.447871
Łódź Bałuty,ul. Franciszkańska,3,57,484000,8491,Bez pośredników,ponad miesiąc temu,22,https://adresowo.pl/o/mieszkanie-lodz-baluty-ul-franciszkanska-3-pokojowe-n0a5w1,https://s2.adresowa.pl/oi/43/25/39649c_442d_cover-3-pokojowe-mieszkanie-lodz-baluty-ul-franciszkanska.jpg,,,7,1975,blok,,,,,,,,,51.794398,19.461271
Łódź Śródmieście,ul. 6 Sierpnia,1,23,210000,9130,Bez pośredników,ponad miesiąc temu,6,https://adresowo.pl/o/mieszkanie-lodz-srodmiescie-ul-6-sierpnia-1-pokoj-c9y6z3,https://s2.adresowa.pl/oi/78/71/395fbe_445b_cover-1-pokojowe-mieszkanie-lodz-srodmiescie-ul-6-sierpnia.jpg,,,parter,1910,,,,,,,,,,51.767581,19.442934
Łódź Śródmieście,,1,38,370000,9804,Bez pośredników,ponad miesiąc temu,9,https://adresowo.pl/o/mieszkanie-lodz-srodmiescie-1-pokoj-37-m2-i3h4k0,https://s2.adresowa.pl/oi/3d/4f/3961ca_ef3a_cover-1-pokojowe-mieszkanie-lodz-srodmiescie.jpg,,,parter,1984,blok,,,,,,,,,51.759292,19.455878
Łódź Polesie,ul. Traktorowa,2,40,530000,13250,Bez pośredników,ponad miesiąc temu,8,https://adresowo.pl/o/mieszkanie-lodz-polesie-ul-traktorowa-2-pokojowe-s7y5p4,https://s2.adresowa.pl/oi/4e/31/395ec0_8894_cover-2-pokojowe-mieszkanie-lodz-polesie-ul-traktorowa.jpg,,,parter,1975,blok,,,,,,,,,51.801609,19.394994
Łódź Śródmieście,ul. gen. Jarosława Dąbrowskiego,2,38,330000,8684,Bez pośredników,ponad miesiąc temu,8,https://adresowo.pl/o/mieszkanie-lodz-srodmiescie-ul-gen-jaroslawa-dabrowskiego-2-pokojowe-h9k6h9,https://s2.adresowa.pl/oi/2f/4f/395c2c_7d09_cover-2-pokojowe-mieszkanie-lodz-srodmiescie-ul-gen-jaroslawa-dabrowskiego.jpg,,,330,,blok,,,,,,,,,51.737888,19.492969
Łódź Górna,ul. Świętego Mikołaja,5,142,1299900,9184,Bez pośredników,ponad miesiąc temu,15,https://adresowo.pl/o/mieszkanie-lodz-gorna-ul-swietego-mikolaja-5-pokojowe-z8a8g6,https://s2.adresowa.pl/oi/39/42/3957c0_fe9d_cover-5-pokojowe-mieszkanie-lodz-gorna-ul-swietego-mikolaja.jpg,,,1,2000,blok,,,,,,,,,51.723565,19.500467
Łódź Polesie,ul. Walerego Wróblewskiego,2,48,375000,7813,Bez pośredników,ponad miesiąc temu,12,https://adresowo.pl/o/mieszkanie-lodz-polesie-ul-walerego-wroblewskiego-2-pokojowe-q4d8p4,https://s2.adresowa.pl/oi/27/42/395584_50f2_cover-2-pokojowe-mieszkanie-lodz-polesie-ul-walerego-wroblewskiego.jpg,,,parter,1960,blok,,,,,,,,,51.745749,19.437483
Łódź Bałuty,ul. Zielna,2,47,300000,6383,Bez pośredników,ponad miesiąc temu,6,https://adresowo.pl/o/mieszkanie-lodz-baluty-ul-zielna-2-pokojowe-w5k8b5,https://s2.adresowa.pl/oi/11/2a/39554c_2c28_cover-2-pokojowe-mieszkanie-lodz-baluty-ul-zielna.jpg,,,2,1962,blok,,,,,,,,,51.78811,19.462664
Łódź Polesie,ul. Minerska,4,72,809000,11236,Bez pośredników,ponad miesiąc temu,7,https://adresowo.pl/o/mieszkanie-lodz-polesie-ul-minerska-4-pokojowe-z7i0z3,https://s2.adresowa.pl/oi/15/1f/39542c_28e8_cover-4-pokojowe-mieszkanie-lodz-polesie-ul-minerska.jpg,,,parter,2009,kamienica,,,,,,,,,51.76303,19.401586
Łódź Polesie,ul. Falista,1,36,474000,13123,Bez pośredników,ponad miesiąc temu,10,https://adresowo.pl/o/mieszkanie-lodz-polesie-ul-falista-1-pokoj-l0c9k0,https://s2.adresowa.pl/oi/1e/5f/394d3a_2f91_cover-1-pokojowe-mieszkanie-lodz-polesie-ul-falista.jpg,,,parter,2023,blok,,,,,,,,,51.73878,19.406246
Łódź Julianów,ul. Nad Sokołówką,2,56,624000,11143,Bez pośredników,ponad miesiąc temu,9,https://adresowo.pl/o/mieszkanie-lodz-julianow-ul-nad-sokolowka-2-pokojowe-m3n4m6,https://s2.adresowa.pl/oi/1d/6c/394d2e_7fe2_cover-2-pokojowe-mieszkanie-lodz-julianow-ul-nad-sokolowka.jpg,,,parter,2025,blok,,,,,,,,,51.803312,19.434116
Łódź Teofilów,ul. Wici,2,38,285000,7540,Bez pośredników,ponad miesiąc temu,7,https://adresowo.pl/o/mieszkanie-lodz-teofilow-ul-wici-2-pokojowe-s6d7l1,https://s2.adresowa.pl/oi/49/25/394d14_486b_cover-2-pokojowe-mieszkanie-lodz-teofilow-ul-wici.jpg,,,parter,,blok,,,,,,,,,51.799669,19.37868
Łódź Bałuty,ul. Sitowie,2,42,360000,8487,Bez pośredników,ponad miesiąc temu,7,https://adresowo.pl/o/mieszkanie-lodz-baluty-ul-sitowie-2-pokojowe-i6c4t4,https://s2.adresowa.pl/oi/52/7b/394a64_49aa_cover-2-pokojowe-mieszkanie-lodz-baluty-ul-sitowie.jpg,,,4,1981,blok,,,,,,,,,51.824319,19.431028
Łódź Górna,,2,37,325000,8784,Bez pośredników,ponad miesiąc temu,8,https://adresowo.pl/o/mieszkanie-lodz-gorna-2-pokojowe-37-m2-e2a5h4,https://s2.adresowa.pl/oi/7b/2b/393f8c_cb5d_cover-2-pokojowe-mieszkanie-lodz-gorna.jpg,,,4,,blok,,,,,,,,,,
Łódź Stare Polesie,ul. gen. Lucjana Żeligowskiego,3,58,430000,7414,Bez pośredników,ponad miesiąc temu,14,https://adresowo.pl/o/mieszkanie-lodz-stare-polesie-ul-gen-lucjana-zeligowskiego-3-pokojowe-q8r9b4,https://s2.adresowa.pl/oi/3e/5b/393d8a_9c77_cover-3-pokojowe-mieszkanie-lodz-stare-polesie-ul-gen-lucjana-zeligowskiego.jpg,,,parter,1960,blok,,,,,,,,,51.769382,19.43894
Łódź Bałuty,ul. Boya-Żeleńskiego,1,31,310000,10000,Bez pośredników,ponad miesiąc temu,15,https://adresowo.pl/o/mieszkanie-lodz-baluty-ul-boya-zelenskiego-1-pokoj-d5t1y4,https://s2.adresowa.pl/oi/2d/2d/392b20_91ca_cover-1-pokojowe-mieszkanie-lodz-baluty-ul-boya-zelenskiego.jpg,,,parter,1964,blok,,,,,,,,,51.790342,19.472857
Łódź Koziny,ul. Jana Długosza,2,37,450000,12162,Bez pośredników,ponad miesiąc temu,8,https://adresowo.pl/o/mieszkanie-lodz-koziny-ul-jana-dlugosza-2-pokojowe-m6g7o5,https://s2.adresowa.pl/oi/7a/34/393d98_4a40_cover-2-pokojowe-mieszkanie-lodz-koziny-ul-jana-dlugosza.jpg,,,2,2017,blok,,,,,,,,,51.776203,19.43036
Łódź Górna,ul. Grabowa,2,39,158000,4054,Bez pośredników,ponad miesiąc temu,4,https://adresowo.pl/o/mieszkanie-lodz-gorna-ul-grabowa-2-pokojowe-d5m6r9,https://s2.adresowa.pl/oi/33/74/3939f8_c314_cover-2-pokojowe-mieszkanie-lodz-gorna-ul-grabowa.jpg,,,1,,blok,,,,,,,,,51.747481,19.472557
Łódź Radogoszcz,ul. Anyżowa,4,130,1365000,10500,Bez pośredników,ponad miesiąc temu,20,https://adresowo.pl/o/mieszkanie-lodz-radogoszcz-ul-anyzowa-4-pokojowe-t7q8j3,https://s2.adresowa.pl/oi/5d/22/393834_341a_cover-4-pokojowe-mieszkanie-lodz-radogoszcz-ul-anyzowa.jpg,,,2012,2012,kamienica,,,,,,,,,51.817657,19.428033
Łódź Dąbrowa,ul. Juliusza Kossaka,2,37,265000,7213,Bez pośredników,ponad miesiąc temu,13,https://adresowo.pl/o/mieszkanie-lodz-dabrowa-ul-juliusza-kossaka-2-pokojowe-d0b3b3,https://s2.adresowa.pl/oi/78/28/39340a_f479_cover-2-pokojowe-mieszkanie-lodz-dabrowa-ul-juliusza-kossaka.jpg,,,parter,1971,blok,,,,,,,,,51.738764,19.500806
Łódź Górna,ul. Konspiracyjnego Wojska Polskiego,2,43,295000,6860,Bez pośredników,ponad miesiąc temu,8,https://adresowo.pl/o/mieszkanie-lodz-gorna-ul-konspiracyjnego-wojska-polskiego-2-pokojowe-g0v4m7,https://s2.adresowa.pl/oi/74/74/39336c_8c90_cover-2-pokojowe-mieszkanie-lodz-gorna-ul-konspiracyjnego-wojska-polskiego.jpg,,,parter,,blok,,,,,,,,,51.730243,19.497507
Łódź Bałuty,ul. Łagiewnicka,1,22,199000,9045,Bez pośredników,ponad miesiąc temu,8,https://adresowo.pl/o/mieszkanie-lodz-baluty-ul-lagiewnicka-1-pokoj-b3j0o1,https://s2.adresowa.pl/oi/42/51/392b26_5881_cover-1-pokojowe-mieszkanie-lodz-baluty-ul-lagiewnicka.jpg,,,1,1968,blok,,,,,,,,,51.814764,19.455697
Łódź Górna,ul. Piękna,3,48,485000,10104,Bez pośredników,ponad miesiąc temu,17,https://adresowo.pl/o/mieszkanie-lodz-gorna-ul-piekna-3-pokojowe-i6t2n1,https://s2.adresowa.pl/oi/5b/77/3929da_6344_cover-3-pokojowe-mieszkanie-lodz-gorna-ul-piekna.jpg,,,485,1972,blok,,,,,,,,,51.737914,19.445581
Łódź Bałuty,ul. Julianowska,3,59,495000,8390,Bez pośredników,ponad miesiąc temu,13,https://adresowo.pl/o/mieszkanie-lodz-baluty-ul-julianowska-3-pokojowe-z9a2n8,https://s2.adresowa.pl/oi/67/77/3925ea_2e04_cover-3-pokojowe-mieszkanie-lodz-baluty-ul-julianowska.jpg,,,495,1986,blok,,,,,,,,,51.799496,19.450994
Łódź Retkinia,ul. Bratysławska,3,49,350000,7149,Bez pośredników,ponad miesiąc temu,21,https://adresowo.pl/o/mieszkanie-lodz-retkinia-ul-bratyslawska-3-pokojowe-g1f1o2,https://s2.adresowa.pl/oi/72/74/392044_3601_cover-3-pokojowe-mieszkanie-lodz-retkinia-ul-bratyslawska.jpg,,,10,1975,blok,,,,,,,,,51.74834,19.420406
Łódź Górna,ul. Strycharska,2,43,430000,10000,Bez pośredników,ponad miesiąc temu,12,https://adresowo.pl/o/mieszkanie-lodz-gorna-ul-strycharska-2-pokojowe-e7p7q8,https://s2.adresowa.pl/oi/63/3a/392026_f048_cover-2-pokojowe-mieszkanie-lodz-gorna-ul-strycharska.jpg,,,3,1990,blok,,,,,,,,,51.729249,19.466682
Łódź Bałuty,ul. Pojezierska,2,42,300000,7229,Bez pośredników,ponad miesiąc temu,8,https://adresowo.pl/o/mieszkanie-lodz-baluty-ul-pojezierska-2-pokojowe-p1w0f3,https://s2.adresowa.pl/oi/3a/30/3914b4_7f56_cover-2-pokojowe-mieszkanie-lodz-baluty-ul-pojezierska.jpg,,,2,1960,blok,,,,,,,,,51.798878,19.427354
Łódź Bałuty,ul. Strykowska,2,46,462132,10046,Bez pośredników,ponad miesiąc temu,6,https://adresowo.pl/o/mieszkanie-lodz-baluty-ul-strykowska-2-pokojowe-f1x0j5,https://s2.adresowa.pl/oi/40/5c/3912fc_3fde_cover-2-pokojowe-mieszkanie-lodz-baluty-ul-strykowska.jpg,,,462,1960,blok,,,,,,,,,51.795609,19.487518
Łódź Radogoszcz,ul. Gustawa Herlinga-Grudzińskiego,3,74,569000,7700,Bez pośredników,ponad miesiąc temu,10,https://adresowo.pl/o/mieszkanie-lodz-radogoszcz-ul-gustawa-herlinga-grudzinskiego-3-pokojowe-o7b2l0,https://s2.adresowa.pl/oi/10/37/39118a_3d91_cover-3-pokojowe-mieszkanie-lodz-radogoszcz-ul-gustawa-herlinga-grudzinskiego.jpg,,,4,1991,blok,,,,,,,,,,
Łódź Śródmieście,ul. Piotrkowska,3,70,570000,8187,Bez pośredników,ponad miesiąc temu,17,https://adresowo.pl/o/mieszkanie-lodz-srodmiescie-ul-piotrkowska-3-pokojowe-f6l0o6,https://s2.adresowa.pl/oi/66/30/3909b4_a742_cover-3-pokojowe-mieszkanie-lodz-srodmiescie-ul-piotrkowska.jpg,,,parter,1980,blok,,,,,,,,,51.751644,19.458595
Łódź Bałuty,ul. Lutomierska,3,54,372000,6889,Bez pośredników,ponad miesiąc temu,8,https://adresowo.pl/o/mieszkanie-lodz-baluty-ul-lutomierska-3-pokojowe-u9s9r3,https://s2.adresowa.pl/oi/4b/74/390476_3aae_cover-3-pokojowe-mieszkanie-lodz-baluty-ul-lutomierska.jpg,,,372,,blok,,,,,,,,,51.785555,19.436043
Łódź Śródmieście,ul. Andrzeja Struga,2,53,515000,9644,Bez pośredników,ponad miesiąc temu,7,https://adresowo.pl/o/mieszkanie-lodz-srodmiescie-ul-andrzeja-struga-2-pokojowe-o6a2x5,https://s2.adresowa.pl/oi/58/5a/39030c_6860_cover-2-pokojowe-mieszkanie-lodz-srodmiescie-ul-andrzeja-struga.jpg,,,2,2017,blok,,,,,,,,,51.764552,19.44445
Łódź Polesie,ul. Cmentarna,3,120,948000,7900,Bez pośredników,ponad miesiąc temu,20,https://adresowo.pl/o/mieszkanie-lodz-polesie-ul-cmentarna-3-pokojowe-x9e9x4,https://s2.adresowa.pl/oi/26/42/38fdb8_c584_cover-3-pokojowe-mieszkanie-lodz-polesie-ul-cmentarna.jpg,,,parter,1906,kamienica,,,,,,,,,51.775304,19.443055
Łódź Górna,,2,50,349999,6958,Bez pośredników,ponad miesiąc temu,8,https://adresowo.pl/o/mieszkanie-lodz-gorna-2-pokojowe-50-m2-e8k9p4,https://s2.adresowa.pl/oi/17/36/38fd2a_cce8_cover-2-pokojowe-mieszkanie-lodz-gorna.jpg,,,parter,,blok,,,,,,,,,51.759292,19.455878
Łódź Janów,ul. Jana Skrzetuskiego,2,40,380000,9596,Bez pośredników,ponad miesiąc temu,8,https://adresowo.pl/o/mieszkanie-lodz-janow-ul-jana-skrzetuskiego-2-pokojowe-m7o5m0,https://s2.adresowa.pl/oi/28/7e/38f524_a678_cover-2-pokojowe-mieszkanie-lodz-janow-ul-jana-skrzetuskiego.jpg,,,4,1995,blok,,,,,,,,,51.747329,19.565258
Łódź Górna,ul. Ignacego Paderewskiego,2,37,286000,7730,Bez pośredników,ponad miesiąc temu,6,https://adresowo.pl/o/mieszkanie-lodz-gorna-ul-ignacego-paderewskiego-2-pokojowe-f0p9o5,https://s2.adresowa.pl/oi/48/37/38f6f0_816f_cover-2-pokojowe-mieszkanie-lodz-gorna-ul-ignacego-paderewskiego.jpg,,,parter,1973,blok,,,,,,,,,51.7257,19.46641
Łódź Górna,ul. Piasta,3,51,520000,10150,Bez pośredników,ponad miesiąc temu,8,https://adresowo.pl/o/mieszkanie-lodz-gorna-ul-piasta-3-pokojowe-i3p2j8,https://s2.adresowa.pl/oi/7d/3b/38f65c_327a_cover-3-pokojowe-mieszkanie-lodz-gorna-ul-piasta.jpg,,,520,1968,blok,,,,,,,,,51.759292,19.455878
Łódź Śródmieście,ul. Nowomiejska,3,89,250000,2809,Bez pośredników,ponad miesiąc temu,8,https://adresowo.pl/o/mieszkanie-lodz-srodmiescie-ul-nowomiejska-3-pokojowe-j1a9n9,https://s2.adresowa.pl/oi/5c/63/38eda6_54ca_cover-3-pokojowe-mieszkanie-lodz-srodmiescie-ul-nowomiejska.jpg,,,250,,,,,,,,,,,51.777637,19.45469
Łódź Śródmieście,ul. Nawrot,1,29,339000,11690,Bez pośredników,ponad miesiąc temu,14,https://adresowo.pl/o/mieszkanie-lodz-srodmiescie-ul-nawrot-1-pokoj-a8r2p9,https://s2.adresowa.pl/oi/49/29/38ec3a_7680_cover-1-pokojowe-mieszkanie-lodz-srodmiescie-ul-nawrot.jpg,,,parter,2020,blok,,,,,,,,,51.763494,19.471613
Łódź Śródmieście,al. marsz. Józefa Piłsudskiego,2,38,260000,6842,Bez pośredników,ponad miesiąc temu,8,https://adresowo.pl/o/mieszkanie-lodz-srodmiescie-al-marsz-jozefa-pilsudskiego-2-pokojowe-i9c8o3,https://s2.adresowa.pl/oi/55/22/38e8fa_d9ba_cover-2-pokojowe-mieszkanie-lodz-srodmiescie-al-marsz-jozefa-pilsudskiego.jpg,,,parter,1915,,,,,,,,,,51.760607,19.483416
Łódź Górna,ul. Gospodarcza,2,51,460000,9104,Bez pośredników,ponad miesiąc temu,14,https://adresowo.pl/o/mieszkanie-lodz-gorna-ul-gospodarcza-2-pokojowe-z6l6q5,https://s2.adresowa.pl/oi/5c/65/38e5ea_c690_cover-2-pokojowe-mieszkanie-lodz-gorna-ul-gospodarcza.jpg,,,6,1980,blok,,,,,,,,,51.717683,19.489822
Łódź Bałuty,ul. Marynarska,2,45,550000,12222,Bez pośredników,ponad miesiąc temu,13,https://adresowo.pl/o/mieszkanie-lodz-baluty-ul-marynarska-2-pokojowe-w3t6e1,https://s2.adresowa.pl/oi/50/7e/38e3e6_8afd_cover-2-pokojowe-mieszkanie-lodz-baluty-ul-marynarska.jpg,,,550,1975,blok,,,,,,,,,51.791335,19.462604
Łódź Stoki,ul. Przełęcz,1,38,275000,7333,Bez pośredników,ponad miesiąc temu,10,https://adresowo.pl/o/mieszkanie-lodz-stoki-ul-przelecz-1-pokoj-i3b5d4,https://s2.adresowa.pl/oi/64/63/38e346_4627_cover-1-pokojowe-mieszkanie-lodz-stoki-ul-przelecz.jpg,,,parter,1924,blok,,,,,,,,,51.780209,19.525825
Łódź Polesie,ul. Grodzieńska,3,55,450000,8233,Bez pośredników,ponad miesiąc temu,9,https://adresowo.pl/o/mieszkanie-lodz-polesie-ul-grodzienska-3-pokojowe-x1g2h9,https://s2.adresowa.pl/oi/3a/5b/38d31a_6534_cover-3-pokojowe-mieszkanie-lodz-polesie-ul-grodzienska.jpg,,,450,1975,blok,,,,,,,,,51.754178,19.418351
Łódź Górna,ul. Emilii Sczanieckiej,3,66,660000,10000,Bez pośredników,ponad miesiąc temu,17,https://adresowo.pl/o/mieszkanie-lodz-gorna-ul-emilii-sczanieckiej-3-pokojowe-d3v0z4,https://s2.adresowa.pl/oi/21/1f/38d272_7c82_cover-3-pokojowe-mieszkanie-lodz-gorna-ul-emilii-sczanieckiej.jpg,,,3,,blok,,,,,,,,,51.704765,19.474939
Łódź Śródmieście,ul. Rawska,2,53,485000,9151,Bez pośredników,ponad miesiąc temu,7,https://adresowo.pl/o/mieszkanie-lodz-srodmiescie-ul-rawska-2-pokojowe-g7t0a4,https://s2.adresowa.pl/oi/12/3f/38d206_a275_cover-2-pokojowe-mieszkanie-lodz-srodmiescie-ul-rawska.jpg,,,6,1980,blok,,,,,,,,,51.75001,19.486254
Łódź Górna,ul. Nowe Sady,1,34,369000,10758,Bez pośredników,ponad miesiąc temu,11,https://adresowo.pl/o/mieszkanie-lodz-gorna-ul-nowe-sady-1-pokoj-o7k2x5,https://s2.adresowa.pl/oi/6c/34/38d1be_b90d_cover-1-pokojowe-mieszkanie-lodz-gorna-ul-nowe-sady.jpg,,,parter,2015,blok,,,,,,,,,51.738855,19.434092
Łódź Śródmieście,ul. Radwańska,2,50,349000,6980,Bez pośredników,ponad miesiąc temu,13,https://adresowo.pl/o/mieszkanie-lodz-srodmiescie-ul-radwanska-2-pokojowe-a9i7w1,https://s2.adresowa.pl/oi/18/55/38c620_ccca_cover-2-pokojowe-mieszkanie-lodz-srodmiescie-ul-radwanska.jpg,,,parter,1940,blok,,,,,,,,,51.751996,19.450886
Łódź Bałuty,ul. Franciszkańska,3,57,480000,8421,Bez pośredników,ponad miesiąc temu,14,https://adresowo.pl/o/mieszkanie-lodz-baluty-ul-franciszkanska-3-pokojowe-r9q1f0,https://s2.adresowa.pl/oi/25/6c/38c0fe_9652_cover-3-pokojowe-mieszkanie-lodz-baluty-ul-franciszkanska.jpg,,,480,1984,blok,,,,,,,,,51.790055,19.459825
Łódź Retkinia,ul. Janusza Kusocińskiego,1,32,273000,8531,Bez pośredników,ponad miesiąc temu,11,https://adresowo.pl/o/mieszkanie-lodz-retkinia-ul-janusza-kusocinskiego-1-pokoj-k0s3m2,https://s2.adresowa.pl/oi/24/75/38c046_f47d_cover-1-pokojowe-mieszkanie-lodz-retkinia-ul-janusza-kusocinskiego.jpg,,,parter,1980,blok,,,,,,,,,51.746792,19.384421
Łódź Polesie,ul. Srebrzyńska,2,37,480000,13126,Bez pośredników,ponad miesiąc temu,15,https://adresowo.pl/o/mieszkanie-lodz-polesie-ul-srebrzynska-2-pokojowe-s0v0y4,https://s2.adresowa.pl/oi/6d/2d/38c048_da90_cover-2-pokojowe-mieszkanie-lodz-polesie-ul-srebrzynska.jpg,,,parter,2024,blok,,,,,,,,,51.774019,19.430632
Łódź Teofilów,ul. Aleksandrowska,4,78,760000,9717,Bez pośredników,ponad miesiąc temu,14,https://adresowo.pl/o/mieszkanie-lodz-teofilow-ul-aleksandrowska-4-pokojowe-x0w4n0,https://s2.adresowa.pl/oi/17/16/38be48_606d_cover-4-pokojowe-mieszkanie-lodz-teofilow-ul-aleksandrowska.jpg,,,parter,1978,blok,,,,,,,,,51.801834,19.373514
Łódź Bałuty,ul. Wrocławska,2,53,475000,8984,Bez pośredników,ponad miesiąc temu,8,https://adresowo.pl/o/mieszkanie-lodz-baluty-ul-wroclawska-2-pokojowe-n9b1o9,https://s2.adresowa.pl/oi/58/5c/38b592_2c2a_cover-2-pokojowe-mieszkanie-lodz-baluty-ul-wroclawska.jpg,,,3,1956,blok,,,,,,,,,51.78787,19.444546
Łódź Górna,ul. Obywatelska,2,56,419000,7482,Bez pośredników,ponad miesiąc temu,9,https://adresowo.pl/o/mieszkanie-lodz-gorna-ul-obywatelska-2-pokojowe-s0h9r2,https://s2.adresowa.pl/oi/4b/50/38b3d8_f90b_cover-2-pokojowe-mieszkanie-lodz-gorna-ul-obywatelska.jpg,,,parter,1960,blok,,,,,,,,,51.736886,19.434292
Łódź Widzew,ul. Juliana Tuwima,2,58,435000,7513,Bez pośredników,ponad miesiąc temu,10,https://adresowo.pl/o/mieszkanie-lodz-widzew-ul-juliana-tuwima-2-pokojowe-r7x8a9,https://s2.adresowa.pl/oi/56/4f/38b334_fc55_cover-2-pokojowe-mieszkanie-lodz-widzew-ul-juliana-tuwima.jpg,,,parter,1959,blok,,,,,,,,,51.767301,19.477729
Łódź Polesie,ul. kpt. Stefana Pogonowskiego,2,50,630000,12498,Bez pośredników,ponad tydzień temu,25,https://adresowo.pl/o/mieszkanie-lodz-polesie-ul-kpt-stefana-pogonowskiego-2-pokojowe-x1a8i8,https://s2.adresowa.pl/oi/5b/55/3b1aa4_6d03_cover-2-pokojowe-mieszkanie-lodz-polesie-ul-kpt-stefana-pogonowskiego.jpg,,,630,2020,blok,,,,,,,,,51.765203,19.44414
Łódź Teofilów,ul. Traktorowa,2,45,314000,6978,Bez pośredników,ponad miesiąc temu,8,https://adresowo.pl/o/mieszkanie-lodz-teofilow-ul-traktorowa-2-pokojowe-i5l0r8,https://s2.adresowa.pl/oi/61/61/38b066_e28c_cover-2-pokojowe-mieszkanie-lodz-teofilow-ul-traktorowa.jpg,,,parter,1960,blok,,,,,,,,,51.759292,19.455878
Łódź Bałuty,ul. Wrocławska,2,54,470000,8704,Bez pośredników,ponad miesiąc temu,8,https://adresowo.pl/o/mieszkanie-lodz-baluty-ul-wroclawska-2-pokojowe-v4k9d0,https://s2.adresowa.pl/oi/38/54/389f38_be64_cover-2-pokojowe-mieszkanie-lodz-baluty-ul-wroclawska.jpg,,,3,1960,blok,,,,,,,,,51.78787,19.444546
,,,,,,Pośrednik,,,https://adresowo.pl/mieszkania/lodz/srodmiescie-1/,,,,parter,1912,kamienica,,,,,,,,,,
Łódź Śródmieście,ul. Prezydenta Gabriela Narutowicza,3,90,500000,5556,Bez pośredników,ponad miesiąc temu,8,https://adresowo.pl/o/mieszkanie-lodz-srodmiescie-ul-prezydenta-gabriela-narutowicza-3-pokojowe-n7i3l8,https://s2.adresowa.pl/oi/1b/6a/388d4e_b4b9_cover-3-pokojowe-mieszkanie-lodz-srodmiescie-ul-prezydenta-gabriela-narutowicza.jpg,,,2,,,,,,,,,,,51.77156,19.46433
Łódź Retkinia,ul. Retkińska,2,42,439000,10395,Bez pośredników,ponad miesiąc temu,8,https://adresowo.pl/o/mieszkanie-lodz-retkinia-ul-retkinska-2-pokojowe-r2r1c5,https://s2.adresowa.pl/oi/75/5a/388c7e_5c1f_cover-2-pokojowe-mieszkanie-lodz-retkinia-ul-retkinska.jpg,,,2,,blok,,,,,,,,,51.750051,19.408626
Łódź Śródmieście,ul. Uniwersytecka,2,49,490000,10062,Bez pośredników,ponad miesiąc temu,20,https://adresowo.pl/o/mieszkanie-lodz-srodmiescie-ul-uniwersytecka-2-pokojowe-l2a4l4,https://s2.adresowa.pl/oi/77/4b/387ec6_c066_cover-2-pokojowe-mieszkanie-lodz-srodmiescie-ul-uniwersytecka.jpg,,,6,1956,blok,,,,,,,,,51.77799987792969,19.479999542236328
Łódź Polesie,ul. 6 Sierpnia,3,78,528000,6804,Bez pośredników,ponad miesiąc temu,20,https://adresowo.pl/o/mieszkanie-lodz-polesie-ul-6-sierpnia-3-pokojowe-d5w2b3,https://s2.adresowa.pl/oi/68/60/387cc6_dcb9_cover-3-pokojowe-mieszkanie-lodz-polesie-ul-6-sierpnia.jpg,,,528,1952,kamienica,,,,,,,,,51.767477,19.443953
Łódź,ul. ks. bp. Wincentego Tymienieckiego,2,42,500000,11905,Bez pośredników,ponad miesiąc temu,9,https://adresowo.pl/o/mieszkanie-lodz-ul-ks-bp-wincentego-tymienieckiego-2-pokojowe-f1u2m2,https://s2.adresowa.pl/oi/3b/3f/387bc2_68d5_cover-2-pokojowe-mieszkanie-lodz-ul-ks-bp-wincentego-tymienieckiego.jpg,,,2016,2016,,,,,,,,,,51.75899887084961,19.45599937438965
Łódź Bałuty,,3,51,465000,9118,Bez pośredników,ponad miesiąc temu,8,https://adresowo.pl/o/mieszkanie-lodz-baluty-3-pokojowe-51-m2-e4j2k2,https://s2.adresowa.pl/oi/10/23/385ef0_99e8_cover-3-pokojowe-mieszkanie-lodz-baluty.jpg,,,465,2025,blok,,,,,,,,,51.75899887084961,19.45599937438965
Łódź Śródmieście,,3,68,680000,10000,Bez pośredników,ponad miesiąc temu,8,https://adresowo.pl/o/mieszkanie-lodz-srodmiescie-3-pokojowe-68-m2-m7x5u9,https://s2.adresowa.pl/oi/1d/3b/383fd4_6774_cover-3-pokojowe-mieszkanie-lodz-srodmiescie.jpg,,,parter,2008,blok,,,,,,,,,51.758999,19.455999
Łódź Śródmieście,ul. Gdańska,4,60,740000,12333,Bez pośredników,ponad miesiąc temu,8,https://adresowo.pl/o/mieszkanie-lodz-srodmiescie-ul-gdanska-4-pokojowe-j0x7v9,https://s2.adresowa.pl/oi/79/46/383d1a_45a2_cover-4-pokojowe-mieszkanie-lodz-srodmiescie-ul-gdanska.jpg,,,parter,,blok,,,,,,,,,51.766998,19.450001
Łódź Bałuty,ul. Przemysłowa,2,40,320000,8034,Bez pośredników,ponad miesiąc temu,9,https://adresowo.pl/o/mieszkanie-lodz-baluty-ul-przemyslowa-2-pokojowe-g3q7s5,https://s2.adresowa.pl/oi/57/18/383b4a_e499_cover-2-pokojowe-mieszkanie-lodz-baluty-ul-przemyslowa.jpg,,,parter,1980,blok,,,,,,,,,51.79100036621094,19.475000381469727
Łódź,ul. Gnieźnieńska,1,42,385000,9167,Bez pośredników,ponad miesiąc temu,6,https://adresowo.pl/o/mieszkanie-lodz-ul-gnieznienska-1-pokoj-r1y3p4,https://s2.adresowa.pl/oi/51/6b/381e1e_c943_cover-1-pokojowe-mieszkanie-lodz-ul-gnieznienska.jpg,,,parter,1960,blok,,,,,,,,,51.7859992980957,19.43899917602539
Łódź Górna,ul. Akademii Zamojskiej,4,94,899000,9564,Bez pośredników,ponad miesiąc temu,12,https://adresowo.pl/o/mieszkanie-lodz-gorna-ul-akademii-zamojskiej-4-pokojowe-g8r9z7,https://s2.adresowa.pl/oi/75/6c/38357c_316d_cover-4-pokojowe-mieszkanie-lodz-gorna-ul-akademii-zamojskiej.jpg,,,3,2003,,,,,,,,,,51.726002,19.441999
Łódź Śródmieście,ul. Nawrot,2,32,484000,14985,Bez pośredników,ponad miesiąc temu,12,https://adresowo.pl/o/mieszkanie-lodz-srodmiescie-ul-nawrot-2-pokojowe-d7e7h4,https://s2.adresowa.pl/oi/56/1a/382f0c_85a2_cover-2-pokojowe-mieszkanie-lodz-srodmiescie-ul-nawrot.jpg,,,1,1900,kamienica,,,,,,,,,51.764,19.472
Łódź Bałuty,ul. Lutomierska,3,50,419000,8380,Bez pośredników,ponad miesiąc temu,8,https://adresowo.pl/o/mieszkanie-lodz-baluty-ul-lutomierska-3-pokojowe-e7e4g3,https://s2.adresowa.pl/oi/55/3c/382b64_e5d5_cover-3-pokojowe-mieszkanie-lodz-baluty-ul-lutomierska.jpg,,,parter,,blok,,,,,,,,,51.785999,19.436001
Łódź Bałuty,ul. Odolanowska,1,27,279000,10333,Bez pośredników,ponad miesiąc temu,7,https://adresowo.pl/o/mieszkanie-lodz-baluty-ul-odolanowska-1-pokoj-w2l2t4,https://s2.adresowa.pl/oi/7a/57/3820a0_d674_cover-1-pokojowe-mieszkanie-lodz-baluty-ul-odolanowska.jpg,,,parter,1975,blok,,,,,,,,,51.779998779296875,19.430999755859375
Łódź Widzew,ul. Józefa Elsnera,2,49,439000,8959,Bez pośredników,ponad miesiąc temu,10,https://adresowo.pl/o/mieszkanie-lodz-widzew-ul-jozefa-elsnera-2-pokojowe-j6g2y0,https://s2.adresowa.pl/oi/1e/2d/38161c_cf26_cover-2-pokojowe-mieszkanie-lodz-widzew-ul-jozefa-elsnera.jpg,,,4,,blok,,,,,,,,,51.756001,19.531
Łódź Bałuty,ul. Osiedlowa,2,38,341000,8974,Bez pośredników,ponad miesiąc temu,9,https://adresowo.pl/o/mieszkanie-lodz-baluty-ul-osiedlowa-2-pokojowe-h9b0b2,https://s2.adresowa.pl/oi/2b/15/380792_a92c_cover-2-pokojowe-mieszkanie-lodz-baluty-ul-osiedlowa.jpg,,,parter,1970,blok,,,,,,,,,51.786999,19.445999
Łódź Dąbrowa,ul. Juliusza Kossaka,2,37,268000,7243,Bez pośredników,ponad miesiąc temu,15,https://adresowo.pl/o/mieszkanie-lodz-dabrowa-ul-juliusza-kossaka-2-pokojowe-s0z1a1,https://s2.adresowa.pl/oi/32/6e/380334_da46_cover-2-pokojowe-mieszkanie-lodz-dabrowa-ul-juliusza-kossaka.jpg,,,parter,1970,blok,,,,,,,,,51.737998962402344,19.5
Łódź Żubardź,,3,56,420000,7500,Bez pośredników,ponad miesiąc temu,7,https://adresowo.pl/o/mieszkanie-lodz-zubardz-3-pokojowe-56-m2-i0y3q8,https://s2.adresowa.pl/oi/21/6c/38025e_c73b_cover-3-pokojowe-mieszkanie-lodz-zubardz.jpg,,,1964,1964,blok,,,,,,,,,51.758999,19.455999
Łódź Polesie,ul. Maratońska,2,33,470000,14242,Bez pośredników,ponad miesiąc temu,8,https://adresowo.pl/o/mieszkanie-lodz-polesie-ul-maratonska-2-pokojowe-o1y2r2,https://s2.adresowa.pl/oi/19/19/37ff12_8b69_cover-2-pokojowe-mieszkanie-lodz-polesie-ul-maratonska.jpg,,,parter,2024,blok,,,,,,,,,51.74100112915039,19.395000457763672
Łódź Górna,ul. Uroczysko,2,37,370000,10000,Bez pośredników,ponad miesiąc temu,12,https://adresowo.pl/o/mieszkanie-lodz-gorna-ul-uroczysko-2-pokojowe-t1g0v8,https://s2.adresowa.pl/oi/2e/67/37fb4e_8d7a_cover-2-pokojowe-mieszkanie-lodz-gorna-ul-uroczysko.jpg,,,parter,,blok,,,,,,,,,51.713001,19.423
Łódź Bałuty,ul. Bydgoska,2,46,430000,9348,Bez pośredników,ponad miesiąc temu,5,https://adresowo.pl/o/mieszkanie-lodz-baluty-ul-bydgoska-2-pokojowe-d6p3f1,https://s2.adresowa.pl/oi/47/68/37f830_6c9c_cover-2-pokojowe-mieszkanie-lodz-baluty-ul-bydgoska.jpg,,,parter,1970,blok,,,,,,,,,51.78799819946289,19.427000045776367
Łódź Górna,ul. Ogniskowa,3,61,500000,8170,Bez pośredników,ponad miesiąc temu,8,https://adresowo.pl/o/mieszkanie-lodz-gorna-ul-ogniskowa-3-pokojowe-y0o3w2,https://s2.adresowa.pl/oi/60/30/37f256_7fce_cover-3-pokojowe-mieszkanie-lodz-gorna-ul-ogniskowa.jpg,,,500,1990,blok,,,,,,,,,51.721001,19.496
Łódź Górna,ul. gen. Jarosława Dąbrowskiego,3,48,395000,8188,Bez pośredników,ponad miesiąc temu,20,https://adresowo.pl/o/mieszkanie-lodz-gorna-ul-gen-jaroslawa-dabrowskiego-3-pokojowe-c1j8w0,https://s2.adresowa.pl/oi/32/23/37efd8_efdc_cover-3-pokojowe-mieszkanie-lodz-gorna-ul-gen-jaroslawa-dabrowskiego.jpg,,,parter,1964,blok,,,,,,,,,51.736,19.499001
Łódź Śródmieście,ul. Prezydenta Gabriela Narutowicza,5,177,1500000,8475,Bez pośredników,ponad miesiąc temu,19,https://adresowo.pl/o/mieszkanie-lodz-srodmiescie-ul-prezydenta-gabriela-narutowicza-5-pokojowe-n1r3a3,https://s2.adresowa.pl/oi/3f/3e/37ef48_2d4d_cover-5-pokojowe-mieszkanie-lodz-srodmiescie-ul-prezydenta-gabriela-narutowicza.jpg,,,3,1936,kamienica,,,,,,,,,51.772999,19.482
Łódź Górna,,3,45,400000,8889,Bez pośredników,ponad miesiąc temu,8,https://adresowo.pl/o/mieszkanie-lodz-gorna-3-pokojowe-45-m2-l1f4k6,https://s2.adresowa.pl/oi/45/66/37edee_45b9_cover-3-pokojowe-mieszkanie-lodz-gorna.jpg,,,parter,,blok,,,,,,,,,51.75899887084961,19.45599937438965
Łódź Górna,ul. Piasta,3,61,525000,8538,Bez pośredników,ponad miesiąc temu,18,https://adresowo.pl/o/mieszkanie-lodz-gorna-ul-piasta-3-pokojowe-x8f8o9,https://s2.adresowa.pl/oi/12/54/37e86c_382c_cover-3-pokojowe-mieszkanie-lodz-gorna-ul-piasta.jpg,,,1962,1962,blok,,,,,,,,,51.740002,19.444
Łódź Śródmieście,ul. Gdańska,1,36,350000,9804,Bez pośredników,ponad miesiąc temu,9,https://adresowo.pl/o/mieszkanie-lodz-srodmiescie-ul-gdanska-1-pokoj-e8m2z9,https://s2.adresowa.pl/oi/3c/1e/37e462_a0bf_cover-1-pokojowe-mieszkanie-lodz-srodmiescie-ul-gdanska.jpg,,,350,,blok,,,,,,,,,51.766998291015625,19.450000762939453
Łódź Górna,ul. Rabindranatha Tagore'a,4,71,569000,7964,Bez pośredników,ponad miesiąc temu,20,https://adresowo.pl/o/mieszkanie-lodz-gorna-ul-rabindranatha-tagore-a-4-pokojowe-a6u2r1,https://s2.adresowa.pl/oi/14/79/37e1ae_7110_cover-4-pokojowe-mieszkanie-lodz-gorna-ul-rabindranatha-tagore-a.jpg,,,3,1961,blok,,,,,,,,,,
Łódź Śródmieście,ul. Fabryczna,2,29,309000,10655,Bez pośredników,ponad miesiąc temu,17,https://adresowo.pl/o/mieszkanie-lodz-srodmiescie-ul-fabryczna-2-pokojowe-u4l5c2,https://s2.adresowa.pl/oi/49/24/37de34_b2ac_cover-2-pokojowe-mieszkanie-lodz-srodmiescie-ul-fabryczna.jpg,,,parter,,kamienica,,,,,,,,,51.757,19.478001
Łódź Śródmieście,ul. Gdańska,3,69,350000,5072,Bez pośredników,ponad miesiąc temu,22,https://adresowo.pl/o/mieszkanie-lodz-srodmiescie-ul-gdanska-3-pokojowe-h6p7k6,https://s2.adresowa.pl/oi/1f/35/37d964_e3ae_cover-3-pokojowe-mieszkanie-lodz-srodmiescie-ul-gdanska.jpg,,,1,1944,,,,,,,,,,51.775002,19.448
Łódź Śródmieście,ul. Gdańska,2,69,370000,5362,Bez pośredników,ponad miesiąc temu,22,https://adresowo.pl/o/mieszkanie-lodz-srodmiescie-ul-gdanska-2-pokojowe-f6b3f4,https://s2.adresowa.pl/oi/24/1f/37d962_d551_cover-2-pokojowe-mieszkanie-lodz-srodmiescie-ul-gdanska.jpg,,,4,1959,blok,,,,,,,,,51.775002,19.448
Łódź Chojny,ul. Ogniskowa,3,61,520000,8525,Bez pośredników,ponad miesiąc temu,20,https://adresowo.pl/o/mieszkanie-lodz-chojny-ul-ogniskowa-3-pokojowe-l8a3y2,https://s2.adresowa.pl/oi/33/56/37d1c0_bd89_cover-3-pokojowe-mieszkanie-lodz-chojny-ul-ogniskowa.jpg,,,parter,,blok,,,,,,,,,51.72100067138672,19.496000289916992
Łódź Widzew,ul. Beli Bartoka,2,45,325000,7303,Bez pośredników,ponad miesiąc temu,11,https://adresowo.pl/o/mieszkanie-lodz-widzew-ul-beli-bartoka-2-pokojowe-c9r5a1,https://s2.adresowa.pl/oi/2d/15/37d17e_2c93_cover-2-pokojowe-mieszkanie-lodz-widzew-ul-beli-bartoka.jpg,,,parter,,blok,,,,,,,,,51.762001037597656,19.527999877929688
Łódź Śródmieście,ul. Tkacka,2,62,489000,7887,Bez pośredników,ponad miesiąc temu,7,https://adresowo.pl/o/mieszkanie-lodz-srodmiescie-ul-tkacka-2-pokojowe-e3p5x4,https://s2.adresowa.pl/oi/73/76/37d144_fbec_cover-2-pokojowe-mieszkanie-lodz-srodmiescie-ul-tkacka.jpg,,,6,1938,kamienica,,,,,,,,,51.771,19.483999
Łódź Śródmieście,ul. Piotrkowska,4,126,850000,6746,Bez pośredników,ponad miesiąc temu,7,https://adresowo.pl/o/mieszkanie-lodz-srodmiescie-ul-piotrkowska-4-pokojowe-u7u2i6,https://s2.adresowa.pl/oi/34/38/37ccc4_6e77_cover-4-pokojowe-mieszkanie-lodz-srodmiescie-ul-piotrkowska.jpg,,,850,1904,kamienica,,,,,,,,,51.76100158691406,19.45800018310547
Łódź Widzew,ul. Abrama Koplowicza,2,50,510000,10180,Bez pośredników,ponad miesiąc temu,21,https://adresowo.pl/o/mieszkanie-lodz-widzew-ul-abrama-koplowicza-2-pokojowe-n1o3f9,https://s2.adresowa.pl/oi/5a/52/368268_bb37_cover-2-pokojowe-mieszkanie-lodz-widzew-ul-abrama-koplowicza.jpg,,,4,2005,blok,,,,,,,,,51.756001,19.525
Łódź Górna,ul. Piękna,3,71,615000,8723,Bez pośredników,ponad miesiąc temu,13,https://adresowo.pl/o/mieszkanie-lodz-gorna-ul-piekna-3-pokojowe-c3p4l2,https://s2.adresowa.pl/oi/12/61/37b97e_da14_cover-3-pokojowe-mieszkanie-lodz-gorna-ul-piekna.jpg,,,2,1980,blok,,,,,,,,,51.737998962402344,19.450000762939453
Łódź Polesie,ul. Marcina Kasprzaka,2,38,437000,11607,Bez pośredników,ponad miesiąc temu,7,https://adresowo.pl/o/mieszkanie-lodz-polesie-ul-marcina-kasprzaka-2-pokojowe-x5r9i8,https://s2.adresowa.pl/oi/76/19/37b956_5ae0_cover-2-pokojowe-mieszkanie-lodz-polesie-ul-marcina-kasprzaka.jpg,,,parter,2025,blok,,,,,,,,,51.77799987792969,19.427000045776367
Łódź Górna,ul. Józefa Chełmońskiego,2,43,369000,8581,Bez pośredników,ponad miesiąc temu,11,https://adresowo.pl/o/mieszkanie-lodz-gorna-ul-jozefa-chelmonskiego-2-pokojowe-s9z4l3,https://s2.adresowa.pl/oi/70/4a/37b320_8be0_cover-2-pokojowe-mieszkanie-lodz-gorna-ul-jozefa-chelmonskiego.jpg,,,parter,1975,blok,,,,,,,,,51.738998,19.482
Łódź Bałuty,,2,52,533460,10200,Bez pośredników,ponad miesiąc temu,15,https://adresowo.pl/o/mieszkanie-lodz-baluty-2-pokojowe-52-m2-s1g9z4,https://s2.adresowa.pl/oi/4f/24/37ab10_e989_cover-2-pokojowe-mieszkanie-lodz-baluty.jpg,,,1904,1904,blok,,,,,,,,,51.758999,19.455999
Łódź Chojny,ul. Wdzięczna,3,62,399000,6435,Bez pośredników,ponad miesiąc temu,15,https://adresowo.pl/o/mieszkanie-lodz-chojny-ul-wdzieczna-3-pokojowe-w9i3y8,https://s2.adresowa.pl/oi/19/5d/37a122_4a98_cover-3-pokojowe-mieszkanie-lodz-chojny-ul-wdzieczna.jpg,,,2,1985,blok,,,,,,,,,51.716,19.493
Łódź Śródmieście,ul. Henryka Sienkiewicza,3,80,720000,9000,Bez pośredników,ponad miesiąc temu,6,https://adresowo.pl/o/mieszkanie-lodz-srodmiescie-ul-henryka-sienkiewicza-3-pokojowe-z6j7e4,https://s2.adresowa.pl/oi/72/55/378804_9cfc_cover-3-pokojowe-mieszkanie-lodz-srodmiescie-ul-henryka-sienkiewicza.jpg,,,parter,,blok,,,,,,,,,51.759998,19.462999
Łódź Stoki,ul. Hyrna,2,47,402050,8500,Bez pośredników,ponad miesiąc temu,17,https://adresowo.pl/o/mieszkanie-lodz-stoki-ul-hyrna-2-pokojowe-d3y4b2,https://s2.adresowa.pl/oi/28/32/3781a4_508c_cover-2-pokojowe-mieszkanie-lodz-stoki-ul-hyrna.jpg,,,parter,2020,blok,,,,,,,,,51.777000427246094,19.54599952697754
Łódź Widzew,ul. Andrzeja Sacharowa,2,46,449000,9761,Bez pośredników,ponad miesiąc temu,19,https://adresowo.pl/o/mieszkanie-lodz-widzew-ul-andrzeja-sacharowa-2-pokojowe-f5p1m7,https://s2.adresowa.pl/oi/36/64/377ada_fbaa_cover-2-pokojowe-mieszkanie-lodz-widzew-ul-andrzeja-sacharowa.jpg,,,4,1978,blok,,,,,,,,,51.75699996948242,19.549999237060547
Łódź Żubardź,ul. Inowrocławska,2,38,330000,8758,Bez pośredników,ponad miesiąc temu,11,https://adresowo.pl/o/mieszkanie-lodz-zubardz-ul-inowroclawska-2-pokojowe-a1h7s4,https://s2.adresowa.pl/oi/4d/1a/37758e_e353_cover-2-pokojowe-mieszkanie-lodz-zubardz-ul-inowroclawska.jpg,,,2,1970,blok,,,,,,,,,51.785,19.416
Łódź Radogoszcz,ul. Gustawa Herlinga-Grudzińskiego,3,64,465000,7266,Bez pośredników,ponad miesiąc temu,2,https://adresowo.pl/o/mieszkanie-lodz-radogoszcz-ul-gustawa-herlinga-grudzinskiego-3-pokojowe-e3e1p0,https://s2.adresowa.pl/oi/28/2f/3772cc_f879_cover-3-pokojowe-mieszkanie-lodz-radogoszcz-ul-gustawa-herlinga-grudzinskiego.jpg,,,parter,,blok,,,,,,,,,51.818001,19.438999
Łódź Śródmieście,ul. Henryka Sienkiewicza,5,112,859000,7687,Bez pośredników,ponad miesiąc temu,3,https://adresowo.pl/o/mieszkanie-lodz-srodmiescie-ul-henryka-sienkiewicza-5-pokojowe-f7w2h3,https://s2.adresowa.pl/oi/37/77/376ea6_732b_cover-5-pokojowe-mieszkanie-lodz-srodmiescie-ul-henryka-sienkiewicza.jpg,,,parter,1930,blok,,,,,,,,,51.759998,19.462999
Łódź Bałuty,ul. Mokra,3,68,695000,10203,Bez pośredników,ponad miesiąc temu,15,https://adresowo.pl/o/mieszkanie-lodz-baluty-ul-mokra-3-pokojowe-t8k7r6,https://s2.adresowa.pl/oi/10/24/376b5c_c894_cover-3-pokojowe-mieszkanie-lodz-baluty-ul-mokra.jpg,,,parter,2010,blok,,,,,,,,,51.790001,19.424999
Łódź Śródmieście,ul. Piotrkowska,3,92,790000,8587,Bez pośredników,ponad miesiąc temu,13,https://adresowo.pl/o/mieszkanie-lodz-srodmiescie-ul-piotrkowska-3-pokojowe-n0x0v7,https://s2.adresowa.pl/oi/5d/2f/376a98_7ae5_cover-3-pokojowe-mieszkanie-lodz-srodmiescie-ul-piotrkowska.jpg,,,790,2026,blok,,,,,,,,,51.76100158691406,19.45800018310547
Łódź Widzew,ul. Zbiorcza,2,38,320000,8421,Bez pośredników,ponad miesiąc temu,8,https://adresowo.pl/o/mieszkanie-lodz-widzew-ul-zbiorcza-2-pokojowe-c8o4l6,https://s2.adresowa.pl/oi/4d/11/376980_3833_cover-2-pokojowe-mieszkanie-lodz-widzew-ul-zbiorcza.jpg,,,parter,1970,blok,,,,,,,,,51.759998,19.492001
Łódź Bałuty,al. Harcerzy-Zatorowców,2,38,270000,7166,Bez pośredników,ponad miesiąc temu,6,https://adresowo.pl/o/mieszkanie-lodz-baluty-al-harcerzy-zatorowcow-2-pokojowe-v6o9b9,https://s2.adresowa.pl/oi/64/22/374fc6_3bdb_cover-2-pokojowe-mieszkanie-lodz-baluty-al-harcerzy-zatorowcow.jpg,,,parter,1970,blok,,,,,,,,,51.794998,19.392
Łódź Olechów,,2,47,429000,9128,Bez pośredników,ponad miesiąc temu,8,https://adresowo.pl/o/mieszkanie-lodz-olechow-2-pokojowe-47-m2-c6x0s0,https://s2.adresowa.pl/oi/6c/38/374ef0_768b_cover-2-pokojowe-mieszkanie-lodz-olechow.jpg,,,parter,,blok,,,,,,,,,51.758999,19.455999
Łódź Śródmieście,ul. 10 Lutego,2,47,360000,7719,Bez pośredników,ponad miesiąc temu,6,https://adresowo.pl/o/mieszkanie-lodz-srodmiescie-ul-10-lutego-2-pokojowe-y3i5v9,https://s2.adresowa.pl/oi/35/53/374e1c_5eaf_cover-2-pokojowe-mieszkanie-lodz-srodmiescie-ul-10-lutego.jpg,,,parter,1955,blok,,,,,,,,,51.754002,19.462
Łódź Koziny,ul. Jana Długosza,2,45,319500,7100,Bez pośredników,ponad miesiąc temu,2,https://adresowo.pl/o/mieszkanie-lodz-koziny-ul-jana-dlugosza-2-pokojowe-i6c3k0,https://s2.adresowa.pl/oi/66/1d/374c48_5bd5_cover-2-pokojowe-mieszkanie-lodz-koziny-ul-jana-dlugosza.jpg,,,1,1969,blok,,,,,,,,,51.778,19.424
Łódź Górna,ul. Zaolziańska,3,45,390000,8667,Bez pośredników,ponad miesiąc temu,13,https://adresowo.pl/o/mieszkanie-lodz-gorna-ul-zaolzianska-3-pokojowe-b0b5n4,https://s2.adresowa.pl/oi/34/21/373f28_d6b5_cover-3-pokojowe-mieszkanie-lodz-gorna-ul-zaolzianska.jpg,,,parter,,blok,,,,,,,,,51.727001,19.454
Łódź Widzew,ul. Zbiorcza,2,45,425000,9459,Bez pośredników,ponad miesiąc temu,14,https://adresowo.pl/o/mieszkanie-lodz-widzew-ul-zbiorcza-2-pokojowe-l7u0z4,https://s2.adresowa.pl/oi/2f/1e/3738c8_9f80_cover-2-pokojowe-mieszkanie-lodz-widzew-ul-zbiorcza.jpg,,,parter,1960,blok,,,,,,,,,51.759998,19.492001
Łódź Górna,ul. Krakusa,2,51,529000,10373,Bez pośredników,ponad miesiąc temu,10,https://adresowo.pl/o/mieszkanie-lodz-gorna-ul-krakusa-2-pokojowe-e7z3m5,https://s2.adresowa.pl/oi/28/58/37384a_2878_cover-2-pokojowe-mieszkanie-lodz-gorna-ul-krakusa.jpg,,,2008,2008,blok,,,,,,,,,51.730999,19.459999
Łódź Górna,ul. Zabrzeźna,2,37,384115,10284,Bez pośredników,ponad miesiąc temu,11,https://adresowo.pl/o/mieszkanie-lodz-gorna-ul-zabrzezna-2-pokojowe-i5o2p8,https://s2.adresowa.pl/oi/33/49/373736_aa60_cover-2-pokojowe-mieszkanie-lodz-gorna-ul-zabrzezna.jpg,,,parter,2025,blok,,,,,,,,,51.72100067138672,19.422000885009766
Łódź Bałuty,ul. Kalinowa,3,74,570000,7703,Bez pośredników,ponad miesiąc temu,8,https://adresowo.pl/o/mieszkanie-lodz-baluty-ul-kalinowa-3-pokojowe-v1i9m4,https://s2.adresowa.pl/oi/69/32/372f88_2f7f_cover-3-pokojowe-mieszkanie-lodz-baluty-ul-kalinowa.jpg,,,parter,,blok,,,,,,,,,51.79999923706055,19.43400001525879
Łódź Śródmieście,ul. Pomorska,3,49,514000,10490,Bez pośredników,ponad miesiąc temu,8,https://adresowo.pl/o/mieszkanie-lodz-srodmiescie-ul-pomorska-3-pokojowe-e4o8e2,https://s2.adresowa.pl/oi/3b/48/37299e_8407_cover-3-pokojowe-mieszkanie-lodz-srodmiescie-ul-pomorska.jpg,,,parter,2025,blok,,,,,,,,,51.775002,19.521
Łódź Bałuty,ul. ks. Stanisława Brzóski,3,63,530000,8413,Bez pośredników,ponad miesiąc temu,10,https://adresowo.pl/o/mieszkanie-lodz-baluty-ul-ks-stanislawa-brzoski-3-pokojowe-g9h2s4,https://s2.adresowa.pl/oi/22/1f/3725fa_3ad4_cover-3-pokojowe-mieszkanie-lodz-baluty-ul-ks-stanislawa-brzoski.jpg,,,parter,1977,blok,,,,,,,,,51.799,19.441
Łódź Polesie,al. 1 Maja,2,45,474000,10501,Bez pośredników,ponad miesiąc temu,14,https://adresowo.pl/o/mieszkanie-lodz-polesie-al-1-maja-2-pokojowe-s4g1g2,https://s2.adresowa.pl/oi/57/30/371ddc_e50e_cover-2-pokojowe-mieszkanie-lodz-polesie-al-1-maja.jpg,,,parter,1975,kamienica,,,,,,,,,51.770999908447266,19.437999725341797
Łódź Bałuty,ul. Marysińska,2,47,389000,8277,Bez pośredników,ponad miesiąc temu,7,https://adresowo.pl/o/mieszkanie-lodz-baluty-ul-marysinska-2-pokojowe-v8q7t2,https://s2.adresowa.pl/oi/4e/60/371acc_a815_cover-2-pokojowe-mieszkanie-lodz-baluty-ul-marysinska.jpg,,,parter,,blok,,,,,,,,,51.796001,19.466
Łódź Górna,ul. Wygodna,2,43,315000,7293,Bez pośredników,ponad miesiąc temu,8,https://adresowo.pl/o/mieszkanie-lodz-gorna-ul-wygodna-2-pokojowe-r3q2p5,https://s2.adresowa.pl/oi/31/7d/3713e6_9fc2_cover-2-pokojowe-mieszkanie-lodz-gorna-ul-wygodna.jpg,,,315,,blok,,,,,,,,,51.75299835205078,19.429000854492188
Łódź Śródmieście,ul. Prezydenta Gabriela Narutowicza,1,33,340000,10297,Bez pośredników,ponad miesiąc temu,9,https://adresowo.pl/o/mieszkanie-lodz-srodmiescie-ul-prezydenta-gabriela-narutowicza-1-pokoj-p0f9k5,https://s2.adresowa.pl/oi/24/3a/370c64_4169_cover-1-pokojowe-mieszkanie-lodz-srodmiescie-ul-prezydenta-gabriela-narutowicza.jpg,,,3,,blok,,,,,,,,,51.77299880981445,19.476999282836914
Łódź Retkinia,ul. Józefa Babickiego,1,30,240000,8000,Bez pośredników,ponad miesiąc temu,8,https://adresowo.pl/o/mieszkanie-lodz-retkinia-ul-jozefa-babickiego-1-pokoj-u5u6s5,https://s2.adresowa.pl/oi/4b/4e/370b12_4f69_cover-1-pokojowe-mieszkanie-lodz-retkinia-ul-jozefa-babickiego.jpg,,,parter,,blok,,,,,,,,,51.750999,19.403
Łódź Teofilów,ul. Traktorowa,2,38,289000,7605,Bez pośredników,ponad miesiąc temu,8,https://adresowo.pl/o/mieszkanie-lodz-teofilow-ul-traktorowa-2-pokojowe-l0q4k0,https://s2.adresowa.pl/oi/39/4d/36faf4_c99c_cover-2-pokojowe-mieszkanie-lodz-teofilow-ul-traktorowa.jpg,,,parter,,blok,,,,,,,,,51.801998138427734,19.395000457763672
Łódź Retkinia,ul. Rajdowa,1,31,249000,8032,Bez pośredników,ponad miesiąc temu,7,https://adresowo.pl/o/mieszkanie-lodz-retkinia-ul-rajdowa-1-pokoj-r0s9k5,https://s2.adresowa.pl/oi/72/23/36f94a_fd18_cover-1-pokojowe-mieszkanie-lodz-retkinia-ul-rajdowa.jpg,,,parter,,blok,,,,,,,,,51.750999450683594,19.413999557495117
Łódź Stoki,ul. Powstańców Śląskich,1,18,175000,9722,Bez pośredników,ponad miesiąc temu,8,https://adresowo.pl/o/mieszkanie-lodz-stoki-ul-powstancow-slaskich-1-pokoj-c1h0z1,https://s2.adresowa.pl/oi/64/50/36f476_bef0_cover-1-pokojowe-mieszkanie-lodz-stoki-ul-powstancow-slaskich.jpg,,,parter,,,,,,,,,,,51.758999,19.455999
Łódź Augustów,ul. Augustów,3,58,580696,9930,Bez pośredników,ponad miesiąc temu,5,https://adresowo.pl/o/mieszkanie-lodz-augustow-ul-augustow-3-pokojowe-s2o9r8,https://s2.adresowa.pl/oi/79/73/36eef4_a4d7_cover-3-pokojowe-mieszkanie-lodz-augustow-ul-augustow.jpg,,,6,2025,blok,,,,,,,,,51.754531,19.552202
Łódź Chojny,ul. Gospodarcza,2,51,458000,8980,Bez pośredników,ponad miesiąc temu,15,https://adresowo.pl/o/mieszkanie-lodz-chojny-ul-gospodarcza-2-pokojowe-b0p1c3,https://s2.adresowa.pl/oi/3d/26/36eee0_d9fa_cover-2-pokojowe-mieszkanie-lodz-chojny-ul-gospodarcza.jpg,,,2,1980,blok,,,,,,,,,51.717999,19.49
Łódź Polesie,,3,57,550000,9649,Bez pośredników,ponad miesiąc temu,1,https://adresowo.pl/o/mieszkanie-lodz-polesie-3-pokojowe-57-m2-o3z6u2,https://s2.adresowa.pl/oi/4c/76/36e584_6a2c_cover-3-pokojowe-mieszkanie-lodz-polesie.jpg,,,parter,1930,blok,,,,,,,,,51.75899887084961,19.45599937438965
Łódź Bałuty,al. Chryzantem,1,27,235000,8704,Bez pośredników,ponad miesiąc temu,14,https://adresowo.pl/o/mieszkanie-lodz-baluty-al-chryzantem-1-pokoj-f5z8l9,https://s2.adresowa.pl/oi/2f/23/36dac4_3467_cover-1-pokojowe-mieszkanie-lodz-baluty-al-chryzantem.jpg,,,7,1975,blok,,,,,,,,,51.792,19.485001
Łódź Śródmieście,ul. Stefana Żeromskiego,4,80,365000,4563,Bez pośredników,ponad miesiąc temu,5,https://adresowo.pl/o/mieszkanie-lodz-srodmiescie-ul-stefana-zeromskiego-4-pokojowe-m6k7g1,https://s2.adresowa.pl/oi/62/46/36c524_f92e_cover-4-pokojowe-mieszkanie-lodz-srodmiescie-ul-stefana-zeromskiego.jpg,,,parter,,,,,,,,,,,51.764,19.447001
Łódź Janów,ul. Andrzeja Kmicica,3,62,499000,7992,Bez pośredników,ponad miesiąc temu,9,https://adresowo.pl/o/mieszkanie-lodz-janow-ul-andrzeja-kmicica-3-pokojowe-w9e3g9,https://s2.adresowa.pl/oi/67/27/36b66a_e26c_cover-3-pokojowe-mieszkanie-lodz-janow-ul-andrzeja-kmicica.jpg,,,parter,1991,blok,,,,,,,,,51.747002,19.566
Łódź Bałuty,ul. gen. Karola Kniaziewicza,3,46,349000,7670,Bez pośredników,ponad miesiąc temu,8,https://adresowo.pl/o/mieszkanie-lodz-baluty-ul-gen-karola-kniaziewicza-3-pokojowe-u6p8i7,https://s2.adresowa.pl/oi/1d/63/36b3a4_4901_cover-3-pokojowe-mieszkanie-lodz-baluty-ul-gen-karola-kniaziewicza.jpg,,,parter,1965,blok,,,,,,,,,51.799999,19.438
Łódź Górna,ul. Lokatorska,2,43,328000,7594,Bez pośredników,ponad miesiąc temu,14,https://adresowo.pl/o/mieszkanie-lodz-gorna-ul-lokatorska-2-pokojowe-y8d5q7,https://s2.adresowa.pl/oi/61/53/36aec8_9120_cover-2-pokojowe-mieszkanie-lodz-gorna-ul-lokatorska.jpg,,,parter,1974,blok,,,,,,,,,51.73,19.469
Łódź Śródmieście,ul. Henryka Sienkiewicza,2,51,625000,12255,Bez pośredników,ponad miesiąc temu,52,https://adresowo.pl/o/mieszkanie-lodz-srodmiescie-ul-henryka-sienkiewicza-2-pokojowe-l0a2s2,https://s2.adresowa.pl/oi/74/17/36ac2e_9256_cover-2-pokojowe-mieszkanie-lodz-srodmiescie-ul-henryka-sienkiewicza.jpg,,,625,1980,blok,,,,,,,,,51.764,19.461
Łódź Janów,ul. Andrzeja Kmicica,4,74,799999,10811,Bez pośredników,ponad miesiąc temu,11,https://adresowo.pl/o/mieszkanie-lodz-janow-ul-andrzeja-kmicica-4-pokojowe-l6z7n6,https://s2.adresowa.pl/oi/31/3e/36a96a_d729_cover-4-pokojowe-mieszkanie-lodz-janow-ul-andrzeja-kmicica.jpg,,,799,1995,blok,,,,,,,,,51.74700164794922,19.56599998474121
Łódź Bałuty,ul. Julianowska,3,59,525000,8897,Bez pośredników,ponad miesiąc temu,22,https://adresowo.pl/o/mieszkanie-lodz-baluty-ul-julianowska-3-pokojowe-k6t9b8,https://s2.adresowa.pl/oi/3d/4f/36a4f0_4b55_cover-3-pokojowe-mieszkanie-lodz-baluty-ul-julianowska.jpg,,,525,1983,blok,,,,,,,,,51.797052,19.446308
Łódź Polesie,ul. Janusza Kusocińskiego,3,62,589000,9474,Bez pośredników,ponad miesiąc temu,11,https://adresowo.pl/o/mieszkanie-lodz-polesie-ul-janusza-kusocinskiego-3-pokojowe-a1h9g7,https://s2.adresowa.pl/oi/75/70/36a224_58c3_cover-3-pokojowe-mieszkanie-lodz-polesie-ul-janusza-kusocinskiego.jpg,,,589,2025,blok,,,,,,,,,51.751999,19.399
Łódź Górna,ul. Graniczna,3,120,1150000,9583,Bez pośredników,ponad miesiąc temu,14,https://adresowo.pl/o/mieszkanie-lodz-gorna-ul-graniczna-3-pokojowe-w4y9u7,https://s2.adresowa.pl/oi/1d/2e/368fc2_f939_cover-3-pokojowe-mieszkanie-lodz-gorna-ul-graniczna.jpg,,,parter,1997,apartamentowiec,,,,,,,,,51.702999114990234,19.461000442504883
Łódź Karolew,ul. Cypriana Kamila Norwida,3,55,425000,7775,Bez pośredników,ponad miesiąc temu,10,https://adresowo.pl/o/mieszkanie-lodz-karolew-ul-cypriana-kamila-norwida-3-pokojowe-i3c9q0,https://s2.adresowa.pl/oi/1e/33/36878c_c90f_cover-3-pokojowe-mieszkanie-lodz-karolew-ul-cypriana-kamila-norwida.jpg,,,parter,1977,blok,,,,,,,,,51.754002,19.427
Łódź Polesie,ul. Złotno,2,54,670000,12407,Bez pośredników,ponad miesiąc temu,14,https://adresowo.pl/o/mieszkanie-lodz-polesie-ul-zlotno-2-pokojowe-t9d3y6,https://s2.adresowa.pl/oi/21/4f/36735a_72e3_cover-2-pokojowe-mieszkanie-lodz-polesie-ul-zlotno.jpg,,,3,2022,blok,,,,,,,,,51.776001,19.370001
Łódź Widzew,ul. Widzewska,2,62,580000,9355,Bez pośredników,ponad miesiąc temu,1,https://adresowo.pl/o/mieszkanie-lodz-widzew-ul-widzewska-2-pokojowe-o6b6j4,https://s2.adresowa.pl/oi/69/62/366d2e_3c44_cover-2-pokojowe-mieszkanie-lodz-widzew-ul-widzewska.jpg,,,parter,2015,apartamentowiec,,,,,,,,,51.75600051879883,19.518999099731445
Łódź Śródmieście,ul. płk. dr. Stanisława Więckowskiego,1,27,350000,12963,Bez pośredników,ponad miesiąc temu,8,https://adresowo.pl/o/mieszkanie-lodz-srodmiescie-ul-plk-dr-stanislawa-wieckowskiego-1-pokoj-b9y3q1,https://s2.adresowa.pl/oi/46/61/366b64_aeb3_cover-1-pokojowe-mieszkanie-lodz-srodmiescie-ul-plk-dr-stanislawa-wieckowskiego.jpg,,,3,,,,,,,,,,,51.758999,19.455999
Łódź Bałuty,ul. Zmienna,2,50,382500,7650,Bez pośredników,ponad miesiąc temu,10,https://adresowo.pl/o/mieszkanie-lodz-baluty-ul-zmienna-2-pokojowe-i4c1n8,https://s2.adresowa.pl/oi/10/73/3632e2_9856_cover-2-pokojowe-mieszkanie-lodz-baluty-ul-zmienna.jpg,,,2,1960,blok,,,,,,,,,51.794998,19.486
Łódź Widzew,ul. Mieczysławy Ćwiklińskiej,2,52,479000,9229,Bez pośredników,ponad miesiąc temu,26,https://adresowo.pl/o/mieszkanie-lodz-widzew-ul-mieczyslawy-cwiklinskiej-2-pokojowe-u9n6k7,https://s2.adresowa.pl/oi/7e/45/3655b2_8595_cover-2-pokojowe-mieszkanie-lodz-widzew-ul-mieczyslawy-cwiklinskiej.jpg,,,479,1970,blok,,,,,,,,,51.755001068115234,19.53499984741211
Łódź Widzew,,3,48,439000,9146,Bez pośredników,ponad miesiąc temu,8,https://adresowo.pl/o/mieszkanie-lodz-widzew-3-pokojowe-48-m2-c2c9u8,https://s2.adresowa.pl/oi/3f/21/364368_457c_cover-3-pokojowe-mieszkanie-lodz-widzew.jpg,,,4,,blok,,,,,,,,,51.758999,19.455999
Łódź Górna,ul. Stefana Rogozińskiego,2,52,626040,12000,Bez pośredników,ponad miesiąc temu,9,https://adresowo.pl/o/mieszkanie-lodz-gorna-ul-stefana-rogozinskiego-2-pokojowe-r6j4a1,https://s2.adresowa.pl/oi/72/15/363132_283c_cover-2-pokojowe-mieszkanie-lodz-gorna-ul-stefana-rogozinskiego.jpg,,,2,1960,blok,,,,,,,,,51.733001708984375,19.444000244140625
Łódź Polesie,,2,43,369000,8581,Bez pośredników,ponad miesiąc temu,2,https://adresowo.pl/o/mieszkanie-lodz-polesie-2-pokojowe-43-m2-y6i8t0,https://s2.adresowa.pl/oi/32/3c/3629de_6a02_cover-2-pokojowe-mieszkanie-lodz-polesie.jpg,,,2,,kamienica,,,,,,,,,51.758999,19.455999
Łódź Śródmieście,ul. Boya-Żeleńskiego,1,23,229000,9957,Bez pośredników,ponad miesiąc temu,8,https://adresowo.pl/o/mieszkanie-lodz-srodmiescie-ul-boya-zelenskiego-1-pokoj-f2d2t9,https://s2.adresowa.pl/oi/6b/19/362932_ef17_cover-1-pokojowe-mieszkanie-lodz-srodmiescie-ul-boya-zelenskiego.jpg,,,parter,,kamienica,,,,,,,,,51.791,19.474001
Łódź Teofilów,,2,38,295000,7829,Bez pośredników,ponad miesiąc temu,13,https://adresowo.pl/o/mieszkanie-lodz-teofilow-2-pokojowe-37-m2-g6i8k7,https://s2.adresowa.pl/oi/1c/7f/361bf6_b6e2_cover-2-pokojowe-mieszkanie-lodz-teofilow.jpg,,,parter,,blok,,,,,,,,,,
Łódź Śródmieście,,4,151,249000,1649,Bez pośredników,ponad miesiąc temu,8,https://adresowo.pl/o/mieszkanie-lodz-srodmiescie-4-pokojowe-151-m2-d8s0q2,https://s2.adresowa.pl/oi/48/25/3613f6_e058_cover-4-pokojowe-mieszkanie-lodz-srodmiescie.jpg,,,parter,,,,,,,,,,,51.758999,19.455999
Łódź Polesie,ul. Komandorska,2,43,415000,9609,Bez pośredników,ponad miesiąc temu,15,https://adresowo.pl/o/mieszkanie-lodz-polesie-ul-komandorska-2-pokojowe-a7y7a3,https://s2.adresowa.pl/oi/17/2a/35f8ce_bc23_cover-2-pokojowe-mieszkanie-lodz-polesie-ul-komandorska.jpg,,,parter,1973,blok,,,,,,,,,51.737,19.409
Łódź Polesie,,3,53,390000,7358,Bez pośredników,ponad miesiąc temu,7,https://adresowo.pl/o/mieszkanie-lodz-polesie-3-pokojowe-53-m2-a2j6c2,https://s2.adresowa.pl/oi/21/6b/35c456_fbc1_cover-3-pokojowe-mieszkanie-lodz-polesie.jpg,,,parter,,blok,,,,,,,,,51.75899887084961,19.45599937438965
Łódź Bałuty,ul. Bolesława Limanowskiego,3,50,370000,7464,Bez pośredników,ponad miesiąc temu,8,https://adresowo.pl/o/mieszkanie-lodz-baluty-ul-boleslawa-limanowskiego-3-pokojowe-p1q0z9,https://s2.adresowa.pl/oi/48/6b/35bc82_c5c3_cover-3-pokojowe-mieszkanie-lodz-baluty-ul-boleslawa-limanowskiego.jpg,,,parter,1980,blok,,,,,,,,,51.758999,19.455999
Łódź Śródmieście,ul. Jana Kilińskiego,2,34,369000,10853,Bez pośredników,ponad miesiąc temu,8,https://adresowo.pl/o/mieszkanie-lodz-srodmiescie-ul-jana-kilinskiego-2-pokojowe-c8s4w4,https://s2.adresowa.pl/oi/1d/64/35b8ca_9c10_cover-2-pokojowe-mieszkanie-lodz-srodmiescie-ul-jana-kilinskiego.jpg,,,369,,blok,,,,,,,,,51.7760009765625,19.461999893188477
Łódź Polesie,ul. Srebrzyńska,2,39,379000,9661,Bez pośredników,ponad miesiąc temu,17,https://adresowo.pl/o/mieszkanie-lodz-polesie-ul-srebrzynska-2-pokojowe-k4w4o9,https://s2.adresowa.pl/oi/75/55/35ab86_6879_cover-2-pokojowe-mieszkanie-lodz-polesie-ul-srebrzynska.jpg,,,379,2025,blok,,,,,,,,,51.773998,19.431
Łódź Chojny,ul. Grażyny,2,52,550000,10577,Bez pośredników,ponad miesiąc temu,14,https://adresowo.pl/o/mieszkanie-lodz-chojny-ul-grazyny-2-pokojowe-s3d0b6,https://s2.adresowa.pl/oi/49/36/35a558_8001_cover-2-pokojowe-mieszkanie-lodz-chojny-ul-grazyny.jpg,,,parter,1998,blok,,,,,,,,,51.72200012207031,19.481000900268555
Łódź Bałuty,ul. Lniana,2,38,270000,7105,Bez pośredników,ponad miesiąc temu,8,https://adresowo.pl/o/mieszkanie-lodz-baluty-ul-lniana-2-pokojowe-o1s6r5,https://s2.adresowa.pl/oi/6d/14/358fb2_4f89_cover-2-pokojowe-mieszkanie-lodz-baluty-ul-lniana.jpg,,,parter,1970,kamienica,,,,,,,,,51.797001,19.382
Łódź Polesie,ul. św. Jerzego,4,105,610000,5810,Bez pośredników,ponad miesiąc temu,20,https://adresowo.pl/o/mieszkanie-lodz-polesie-ul-sw-jerzego-4-pokojowe-f3p2m0,https://s2.adresowa.pl/oi/20/60/356140_917d_cover-4-pokojowe-mieszkanie-lodz-polesie-ul-sw-jerzego.jpg,,,6,1930,blok,,,,,,,,,51.77399826049805,19.43899917602539
Łódź Górna,ul. Pabianicka,2,50,450000,8970,Bez pośredników,ponad miesiąc temu,13,https://adresowo.pl/o/mieszkanie-lodz-gorna-ul-pabianicka-2-pokojowe-u8v2s2,https://s2.adresowa.pl/oi/5d/2e/355cfc_5363_cover-2-pokojowe-mieszkanie-lodz-gorna-ul-pabianicka.jpg,,,9,1985,blok,,,,,,,,,51.71799850463867,19.437000274658203
Łódź Widzew,ul. Juliana Tuwima,2,37,405000,11090,Bez pośredników,ponad miesiąc temu,6,https://adresowo.pl/o/mieszkanie-lodz-widzew-ul-juliana-tuwima-2-pokojowe-w7m0m0,https://s2.adresowa.pl/oi/52/63/355ad4_6923_cover-2-pokojowe-mieszkanie-lodz-widzew-ul-juliana-tuwima.jpg,,,parter,2025,blok,,,,,,,,,51.766998,19.478001
Łódź Śródmieście,ul. Zacisze,4,65,499000,7677,Bez pośredników,ponad miesiąc temu,7,https://adresowo.pl/o/mieszkanie-lodz-srodmiescie-ul-zacisze-4-pokojowe-v8k0j3,https://s2.adresowa.pl/oi/42/25/354f32_bc7b_cover-4-pokojowe-mieszkanie-lodz-srodmiescie-ul-zacisze.jpg,,,2,2025,blok,,,,,,,,,51.777,19.476999
Łódź Śródmieście,ul. dr. Seweryna Sterlinga,5,91,649000,7132,Bez pośredników,ponad miesiąc temu,13,https://adresowo.pl/o/mieszkanie-lodz-srodmiescie-ul-dr-seweryna-sterlinga-5-pokojowe-i9j9i1,https://s2.adresowa.pl/oi/32/5f/354bf4_9216_cover-5-pokojowe-mieszkanie-lodz-srodmiescie-ul-dr-seweryna-sterlinga.jpg,,,parter,1920,,,,,,,,,,51.759292,19.455878
Łódź Polesie,ul. Radwańska,2,43,349000,8177,Bez pośredników,ponad miesiąc temu,3,https://adresowo.pl/o/mieszkanie-lodz-polesie-ul-radwanska-2-pokojowe-p3q5x2,https://s2.adresowa.pl/oi/41/61/352c5a_3eb6_cover-2-pokojowe-mieszkanie-lodz-polesie-ul-radwanska.jpg,,,2,1930,kamienica,,,,,,,,,51.750999,19.445
Łódź Polesie,ul. Wapienna,1,37,290000,7863,Bez pośredników,ponad miesiąc temu,7,https://adresowo.pl/o/mieszkanie-lodz-polesie-ul-wapienna-1-pokoj-d5y1m0,https://s2.adresowa.pl/oi/24/22/3528e2_6298_cover-1-pokojowe-mieszkanie-lodz-polesie-ul-wapienna.jpg,,,1,,blok,,,,,,,,,51.777000427246094,19.42300033569336
Łódź Śródmieście,ul. Stefana Jaracza,3,48,420000,8750,Bez pośredników,ponad miesiąc temu,16,https://adresowo.pl/o/mieszkanie-lodz-srodmiescie-ul-stefana-jaracza-3-pokojowe-t5v8x0,https://s2.adresowa.pl/oi/1d/22/3519c8_461f_cover-3-pokojowe-mieszkanie-lodz-srodmiescie-ul-stefana-jaracza.jpg,,,1,1972,blok,,,,,,,,,51.77399826049805,19.472999572753906
Łódź Widzew,ul. Gołębia,2,37,340000,9189,Bez pośredników,ponad miesiąc temu,9,https://adresowo.pl/o/mieszkanie-lodz-widzew-ul-golebia-2-pokojowe-p5l4g9,https://s2.adresowa.pl/oi/6b/42/350fe8_e3ba_cover-2-pokojowe-mieszkanie-lodz-widzew-ul-golebia.jpg,,,1,1970,blok,,,,,,,,,51.75699996948242,19.488000869750977
Łódź Widzew,ul. Andrzeja Sacharowa,2,46,360000,7821,Bez pośredników,ponad miesiąc temu,8,https://adresowo.pl/o/mieszkanie-lodz-widzew-ul-andrzeja-sacharowa-2-pokojowe-q8t1d2,https://s2.adresowa.pl/oi/6c/13/34e310_b0f0_cover-2-pokojowe-mieszkanie-lodz-widzew-ul-andrzeja-sacharowa.jpg,,,2,1975,blok,,,,,,,,,51.755001,19.549999
Łódź Górna,ul. Waleriana Łukasińskiego,3,97,1350000,13880,Bez pośredników,ponad miesiąc temu,20,https://adresowo.pl/o/mieszkanie-lodz-gorna-ul-waleriana-lukasinskiego-3-pokojowe-r6l7o1,https://s2.adresowa.pl/oi/45/57/34db2a_a847_cover-3-pokojowe-mieszkanie-lodz-gorna-ul-waleriana-lukasinskiego.jpg,,,1,2012,kamienica,,,,,,,,,51.736000061035156,19.472000122070312
Łódź Bałuty,,2,53,300000,5660,Bez pośredników,ponad miesiąc temu,3,https://adresowo.pl/o/mieszkanie-lodz-baluty-2-pokojowe-53-m2-p7n4p8,https://s2.adresowa.pl/oi/69/48/34ccca_390b_cover-2-pokojowe-mieszkanie-lodz-baluty.jpg,,,2,1980,blok,,,,,,,,,51.75899887084961,19.45599937438965
Łódź Bałuty,ul. Łagiewnicka,2,53,410000,7808,Bez pośredników,ponad miesiąc temu,18,https://adresowo.pl/o/mieszkanie-lodz-baluty-ul-lagiewnicka-2-pokojowe-y0u8h5,https://s2.adresowa.pl/oi/17/7c/34a344_92ba_cover-2-pokojowe-mieszkanie-lodz-baluty-ul-lagiewnicka.jpg,,,parter,1958,blok,,,,,,,,,51.758999,19.455999
Łódź Śródmieście,ul. płk. dr. Stanisława Więckowskiego,1,43,257500,5988,Bez pośredników,ponad miesiąc temu,15,https://adresowo.pl/o/mieszkanie-lodz-srodmiescie-ul-plk-dr-stanislawa-wieckowskiego-1-pokoj-h8u4p4,https://s2.adresowa.pl/oi/33/6c/34c0e8_6ac7_cover-1-pokojowe-mieszkanie-lodz-srodmiescie-ul-plk-dr-stanislawa-wieckowskiego.jpg,,,parter,,,,,,,,,,,51.77199935913086,19.44499969482422
Łódź Widzew,ul. Sarnia,4,121,1270000,10496,Bez pośredników,ponad miesiąc temu,8,https://adresowo.pl/o/mieszkanie-lodz-widzew-ul-sarnia-4-pokojowe-i0b5s9,https://s2.adresowa.pl/oi/66/78/34ad54_5cc1_cover-4-pokojowe-mieszkanie-lodz-widzew-ul-sarnia.jpg,,,parter,1999,kamienica,,,,,,,,,51.76100158691406,19.493000030517578
Łódź Śródmieście,ul. Piotrkowska,2,47,365000,7766,Bez pośredników,ponad miesiąc temu,8,https://adresowo.pl/o/mieszkanie-lodz-srodmiescie-ul-piotrkowska-2-pokojowe-l8s8n9,https://s2.adresowa.pl/oi/4e/28/34acbc_8ee0_cover-2-pokojowe-mieszkanie-lodz-srodmiescie-ul-piotrkowska.jpg,,,365,,blok,,,,,,,,,51.757,19.459999
Łódź Widzew,ul. Fabryczna,2,63,550000,8730,Bez pośredników,ponad miesiąc temu,14,https://adresowo.pl/o/mieszkanie-lodz-widzew-ul-fabryczna-2-pokojowe-l1t3j9,https://s2.adresowa.pl/oi/7a/40/34a998_dd81_cover-2-pokojowe-mieszkanie-lodz-widzew-ul-fabryczna.jpg,,,parter,1920,blok,,,,,,,,,51.75899887084961,19.486000061035156
Łódź Radogoszcz,ul. Pstrągowa,3,60,495000,8223,Bez pośredników,5 dni temu,11,https://adresowo.pl/o/mieszkanie-lodz-radogoszcz-ul-pstragowa-3-pokojowe-z1e0k9,https://s2.adresowa.pl/oi/64/3a/3b83fa_9298_cover-3-pokojowe-mieszkanie-lodz-radogoszcz-ul-pstragowa.jpg,,,495,1987,blok,,,,,,,,,51.820484,19.436691
Łódź Chojny,ul. Emilii Sczanieckiej,4,96,710000,7387,Bez pośredników,ponad miesiąc temu,11,https://adresowo.pl/o/mieszkanie-lodz-chojny-ul-emilii-sczanieckiej-4-pokojowe-x4z6p8,https://s2.adresowa.pl/oi/72/63/344ecc_3db6_cover-4-pokojowe-mieszkanie-lodz-chojny-ul-emilii-sczanieckiej.jpg,,,parter,1994,kamienica,,,,,,,,,51.703999,19.476999
Łódź Romanów,,2,56,535000,9554,Bez pośredników,ponad miesiąc temu,8,https://adresowo.pl/o/mieszkanie-lodz-romanow-2-pokojowe-56-m2-a6g5x6,https://s2.adresowa.pl/oi/2f/34/344e88_5d1c_cover-2-pokojowe-mieszkanie-lodz-romanow.jpg,,,parter,,blok,,,,,,,,,51.758999,19.455999
,,,,,,Pośrednik,,,https://adresowo.pl/mieszkania/lodz/srodmiescie-1/,,,,parter,1912,kamienica,,,,,,,,,,
Łódź Śródmieście,ul. Juliana Tuwima,2,46,431985,9300,Bez pośredników,ponad miesiąc temu,3,https://adresowo.pl/o/mieszkanie-lodz-srodmiescie-ul-juliana-tuwima-2-pokojowe-v2i7j6,https://s2.adresowa.pl/oi/13/76/343464_89b3_cover-2-pokojowe-mieszkanie-lodz-srodmiescie-ul-juliana-tuwima.jpg,,,1,2025,blok,,,,,,,,,51.766998,19.478001
Łódź Andrzejów,ul. Macieja Rataja,4,82,990000,12073,Bez pośredników,ponad miesiąc temu,20,https://adresowo.pl/o/mieszkanie-lodz-andrzejow-ul-macieja-rataja-4-pokojowe-q9k2u1,https://s2.adresowa.pl/oi/1c/34/342f02_a91e_cover-4-pokojowe-mieszkanie-lodz-andrzejow-ul-macieja-rataja.jpg,,,parter,2020,kamienica,,,,,,,,,51.751999,19.618999
Łódź Widzew,ul. Juliana Tuwima,1,37,350000,9465,Bez pośredników,ponad miesiąc temu,8,https://adresowo.pl/o/mieszkanie-lodz-widzew-ul-juliana-tuwima-1-pokoj-e8m2x3,https://s2.adresowa.pl/oi/62/7a/341c6e_4502_cover-1-pokojowe-mieszkanie-lodz-widzew-ul-juliana-tuwima.jpg,,,parter,2024,blok,,,,,,,,,51.768001556396484,19.479000091552734
Łódź Polesie,,2,53,420000,7931,Bez pośredników,ponad miesiąc temu,14,https://adresowo.pl/o/mieszkanie-lodz-polesie-2-pokojowe-52-m2-y3x6j3,https://s2.adresowa.pl/oi/43/5d/34067c_9bcb_cover-2-pokojowe-mieszkanie-lodz-polesie.jpg,,,parter,1936,blok,,,,,,,,,51.758999,19.455999
Łódź Bałuty,ul. Tomasza Judyma,2,45,350000,7778,Bez pośredników,ponad miesiąc temu,7,https://adresowo.pl/o/mieszkanie-lodz-baluty-ul-tomasza-judyma-2-pokojowe-e9z7u9,https://s2.adresowa.pl/oi/29/5c/340580_6362_cover-2-pokojowe-mieszkanie-lodz-baluty-ul-tomasza-judyma.jpg,,,parter,1978,blok,,,,,,,,,51.791,19.386
Łódź Żubardź,ul. Lutomierska,2,42,360000,8571,Bez pośredników,ponad miesiąc temu,9,https://adresowo.pl/o/mieszkanie-lodz-zubardz-ul-lutomierska-2-pokojowe-y2f5x8,https://s2.adresowa.pl/oi/1f/28/33f642_963d_cover-2-pokojowe-mieszkanie-lodz-zubardz-ul-lutomierska.jpg,,,360,1980,blok,,,,,,,,,51.790000915527344,19.42300033569336
Łódź Bałuty,ul. Żabia,2,40,369000,9225,Bez pośredników,ponad miesiąc temu,8,https://adresowo.pl/o/mieszkanie-lodz-baluty-ul-zabia-2-pokojowe-e4p4j6,https://s2.adresowa.pl/oi/51/73/33ef24_8660_cover-2-pokojowe-mieszkanie-lodz-baluty-ul-zabia.jpg,,,369,,blok,,,,,,,,,51.793999,19.452999
Łódź Dąbrowa,ul. Juliusza Kossaka,3,47,309000,6574,Bez pośredników,ponad miesiąc temu,1,https://adresowo.pl/o/mieszkanie-lodz-dabrowa-ul-juliusza-kossaka-3-pokojowe-c4o7r3,https://s2.adresowa.pl/oi/3b/29/33ebca_ac54_cover-3-pokojowe-mieszkanie-lodz-dabrowa-ul-juliusza-kossaka.jpg,,,parter,1968,blok,,,,,,,,,,
Łódź Bałuty,al. Chryzantem,2,60,385000,6417,Bez pośredników,ponad miesiąc temu,8,https://adresowo.pl/o/mieszkanie-lodz-baluty-al-chryzantem-2-pokojowe-s3m8t4,https://s2.adresowa.pl/oi/73/65/32f59a_c521_cover-2-pokojowe-mieszkanie-lodz-baluty-al-chryzantem.jpg,,,parter,1959,blok,,,,,,,,,51.792,19.483999
Łódź,ul. Piotrkowska,4,80,700000,8750,Bez pośredników,ponad miesiąc temu,6,https://adresowo.pl/o/mieszkanie-lodz-ul-piotrkowska-4-pokojowe-m8o4o3,https://s2.adresowa.pl/oi/74/48/33c09e_3a41_cover-4-pokojowe-mieszkanie-lodz-ul-piotrkowska.jpg,,,parter,1980,blok,,,,,,,,,51.76100158691406,19.45800018310547
Łódź Górna,ul. Płocka,3,55,200000,3636,Bez pośredników,ponad miesiąc temu,3,https://adresowo.pl/o/mieszkanie-lodz-gorna-ul-plocka-3-pokojowe-a8a0b3,https://s2.adresowa.pl/oi/6e/48/3376da_37d3_cover-3-pokojowe-mieszkanie-lodz-gorna-ul-plocka.jpg,,,parter,1930,kamienica,,,,,,,,,51.742000579833984,19.479000091552734
Łódź Polesie,ul. Zielona,3,75,380000,5080,Bez pośredników,ponad miesiąc temu,8,https://adresowo.pl/o/mieszkanie-lodz-polesie-ul-zielona-3-pokojowe-u6s8a2,https://s2.adresowa.pl/oi/75/43/33737a_aef5_cover-3-pokojowe-mieszkanie-lodz-polesie-ul-zielona.jpg,,,parter,1970,kamienica,,,,,,,,,51.769001,19.441
Łódź Widzew,"ul. mjr. Jana Piwnika ""Ponurego""",7,180,1295000,7194,Bez pośredników,ponad miesiąc temu,21,https://adresowo.pl/o/mieszkanie-lodz-widzew-ul-mjr-jana-piwnika-ponurego-7-pokojowe-o5t2f9,https://s2.adresowa.pl/oi/61/66/336918_65cc_cover-7-pokojowe-mieszkanie-lodz-widzew-ul-mjr-jana-piwnika-ponurego-.jpg,,,parter,2012,kamienica,,,,,,,,,51.74800109863281,19.510000228881836
Łódź Bałuty,,3,100,890000,8900,Bez pośredników,ponad miesiąc temu,8,https://adresowo.pl/o/mieszkanie-lodz-baluty-3-pokojowe-100-m2-j2x2e4,https://s2.adresowa.pl/oi/62/31/335f08_d695_cover-3-pokojowe-mieszkanie-lodz-baluty.jpg,,,parter,2025,apartamentowiec,,,,,,,,,51.805999755859375,19.459999084472656
Łódź Bałuty,ul. Urzędnicza,2,55,247500,4485,Bez pośredników,ponad miesiąc temu,3,https://adresowo.pl/o/mieszkanie-lodz-baluty-ul-urzednicza-2-pokojowe-l5c5a3,https://s2.adresowa.pl/oi/48/1d/33418e_6bd4_cover-2-pokojowe-mieszkanie-lodz-baluty-ul-urzednicza.jpg,,,4,1940,kamienica,,,,,,,,,51.789001,19.444
Łódź Górna,ul. Władysława Broniewskiego,3,52,400000,7692,Bez pośredników,ponad miesiąc temu,8,https://adresowo.pl/o/mieszkanie-lodz-gorna-ul-wladyslawa-broniewskiego-3-pokojowe-s8l8y8,https://s2.adresowa.pl/oi/76/76/32e4be_7fc3_cover-3-pokojowe-mieszkanie-lodz-gorna-ul-wladyslawa-broniewskiego.jpg,,,parter,,blok,,,,,,,,,51.733002,19.489
Łódź Dąbrowa,ul. Juliusza Kossaka,3,48,348000,7250,Bez pośredników,ponad miesiąc temu,4,https://adresowo.pl/o/mieszkanie-lodz-dabrowa-ul-juliusza-kossaka-3-pokojowe-m0d1j5,https://s2.adresowa.pl/oi/32/7a/32b436_5848_cover-3-pokojowe-mieszkanie-lodz-dabrowa-ul-juliusza-kossaka.jpg,,,1,1974,blok,,,,,,,,,51.73899841308594,19.500999450683594
Łódź Śródmieście,,4,93,500000,5376,Bez pośredników,ponad miesiąc temu,7,https://adresowo.pl/o/mieszkanie-lodz-srodmiescie-4-pokojowe-93-m2-w3f0r9,https://s2.adresowa.pl/oi/54/6e/329c4c_343b_cover-4-pokojowe-mieszkanie-lodz-srodmiescie.jpg,,,2,,blok,,,,,,,,,51.771,19.462
Łódź Widzew,ul. Oleńki Billewiczówny,2,54,560000,10370,Bez pośredników,ponad miesiąc temu,8,https://adresowo.pl/o/mieszkanie-lodz-widzew-ul-olenki-billewiczowny-2-pokojowe-c7j7v8,https://s2.adresowa.pl/oi/74/36/329be4_3c47_cover-2-pokojowe-mieszkanie-lodz-widzew-ul-olenki-billewiczowny.jpg,,,parter,,blok,,,,,,,,,51.75299835205078,19.56599998474121
Łódź Dąbrowa,,2,36,275000,7639,Bez pośredników,ponad miesiąc temu,8,https://adresowo.pl/o/mieszkanie-lodz-dabrowa-2-pokojowe-36-m2-y0c1s0,https://s2.adresowa.pl/oi/5a/5a/327c06_c413_cover-2-pokojowe-mieszkanie-lodz-dabrowa.jpg,,,parter,,blok,,,,,,,,,51.817001,19.562
Łódź Teofilów,ul. Wici,2,45,415000,9202,Bez pośredników,ponad miesiąc temu,11,https://adresowo.pl/o/mieszkanie-lodz-teofilow-ul-wici-2-pokojowe-e1j9k3,https://s2.adresowa.pl/oi/74/71/3277b8_4ec2_cover-2-pokojowe-mieszkanie-lodz-teofilow-ul-wici.jpg,,,parter,1962,blok,,,,,,,,,51.79999923706055,19.378999710083008
Łódź Bałuty,ul. Rojna,2,37,299000,8048,Bez pośredników,ponad miesiąc temu,12,https://adresowo.pl/o/mieszkanie-lodz-baluty-ul-rojna-2-pokojowe-p2s7u3,https://s2.adresowa.pl/oi/62/1c/32677c_a7c7_cover-2-pokojowe-mieszkanie-lodz-baluty-ul-rojna.jpg,,,3,1980,blok,,,,,,,,,51.794998,19.364
Łódź Polesie,ul. 6 Sierpnia,1,27,280000,10370,Bez pośredników,ponad miesiąc temu,7,https://adresowo.pl/o/mieszkanie-lodz-polesie-ul-6-sierpnia-1-pokoj-e7y1l0,https://s2.adresowa.pl/oi/66/62/3259e2_6b35_cover-1-pokojowe-mieszkanie-lodz-polesie-ul-6-sierpnia.jpg,,,1,,blok,,,,,,,,,51.768002,19.443001
Łódź Polesie,ul. Pomorska,3,74,379999,5135,Bez pośredników,ponad miesiąc temu,10,https://adresowo.pl/o/mieszkanie-lodz-polesie-ul-pomorska-3-pokojowe-b7f0h6,https://s2.adresowa.pl/oi/18/71/3216e8_f431_cover-3-pokojowe-mieszkanie-lodz-polesie-ul-pomorska.jpg,,,parter,,kamienica,,,,,,,,,51.775001525878906,19.520999908447266
Łódź Teofilów,ul. Rojna,2,45,299000,6644,Bez pośredników,ponad miesiąc temu,8,https://adresowo.pl/o/mieszkanie-lodz-teofilow-ul-rojna-2-pokojowe-w9m0u3,https://s2.adresowa.pl/oi/1d/23/31f7bc_3d69_cover-2-pokojowe-mieszkanie-lodz-teofilow-ul-rojna.jpg,,,parter,,blok,,,,,,,,,,
Łódź Śródmieście,ul. Nowomiejska,1,40,265000,6546,Bez pośredników,ponad miesiąc temu,1,https://adresowo.pl/o/mieszkanie-lodz-srodmiescie-ul-nowomiejska-1-pokoj-r6c5e5,https://s2.adresowa.pl/oi/5b/7e/31da5c_2bf5_cover-1-pokojowe-mieszkanie-lodz-srodmiescie-ul-nowomiejska.jpg,,,1910,1910,kamienica,,,,,,,,,51.778999,19.454
Łódź Bałuty,ul. Łagiewnicka,3,65,530000,8154,Bez pośredników,ponad miesiąc temu,10,https://adresowo.pl/o/mieszkanie-lodz-baluty-ul-lagiewnicka-3-pokojowe-o2j7v9,https://s2.adresowa.pl/oi/1c/5e/31c2a8_587a_cover-3-pokojowe-mieszkanie-lodz-baluty-ul-lagiewnicka.jpg,,,parter,2000,blok,,,,,,,,,,
Łódź Śródmieście,ul. płk. dr. Stanisława Więckowskiego,2,63,480000,7619,Bez pośredników,ponad miesiąc temu,8,https://adresowo.pl/o/mieszkanie-lodz-srodmiescie-ul-plk-dr-stanislawa-wieckowskiego-2-pokojowe-v4j5m4,https://s2.adresowa.pl/oi/24/19/31af20_6540_cover-2-pokojowe-mieszkanie-lodz-srodmiescie-ul-plk-dr-stanislawa-wieckowskiego.jpg,,,parter,,kamienica,,,,,,,,,51.771999,19.445
Łódź Bałuty,ul. Świtezianki,4,95,779000,8200,Bez pośredników,ponad miesiąc temu,12,https://adresowo.pl/o/mieszkanie-lodz-baluty-ul-switezianki-4-pokojowe-r3f5y7,https://s2.adresowa.pl/oi/3e/4d/3195ec_9385_cover-4-pokojowe-mieszkanie-lodz-baluty-ul-switezianki.jpg,,,parter,2024,apartamentowiec,,,,,,,,,51.824001,19.437
Łódź Śródmieście,al. Tadeusza Kościuszki,2,54,478000,8852,Bez pośredników,ponad miesiąc temu,11,https://adresowo.pl/o/mieszkanie-lodz-srodmiescie-al-tadeusza-kosciuszki-2-pokojowe-k8i1q9,https://s2.adresowa.pl/oi/5e/50/318d22_8ae0_cover-2-pokojowe-mieszkanie-lodz-srodmiescie-al-tadeusza-kosciuszki.jpg,,,parter,1960,kamienica,,,,,,,,,51.761002,19.455999
Łódź Śródmieście,ul. Edwarda Abramowskiego,1,16,155000,9688,Bez pośredników,ponad miesiąc temu,4,https://adresowo.pl/o/mieszkanie-lodz-srodmiescie-ul-edwarda-abramowskiego-1-pokoj-w0e4p3,https://s2.adresowa.pl/oi/51/67/3167b6_8dad_cover-1-pokojowe-mieszkanie-lodz-srodmiescie-ul-edwarda-abramowskiego.jpg,,,parter,,,,,,,,,,,51.755001,19.469999
Łódź Śródmieście,ul. Andrzeja Struga,5,141,1190000,8422,Bez pośredników,ponad miesiąc temu,20,https://adresowo.pl/o/mieszkanie-lodz-srodmiescie-ul-andrzeja-struga-5-pokojowe-k0n4l5,https://s2.adresowa.pl/oi/47/4b/30ebe6_ff3e_cover-5-pokojowe-mieszkanie-lodz-srodmiescie-ul-andrzeja-struga.jpg,,,parter,1997,kamienica,,,,,,,,,51.76499938964844,19.447999954223633
Łódź Bałuty,"ul. Org. ""Wolność i Niezawisłość""",3,80,834000,10371,Bez pośredników,ponad miesiąc temu,20,https://adresowo.pl/o/mieszkanie-lodz-baluty-ul-org-wolnosc-i-niezawislosc-3-pokojowe-n3y3y6,https://s2.adresowa.pl/oi/50/6e/30afd4_6d29_cover-3-pokojowe-mieszkanie-lodz-baluty-ul-org-wolnosc-i-niezawislosc-.jpg,,,parter,2010,apartamentowiec,,,,,,,,,51.758999,19.455999
Łódź Polesie,ul. Walerego Wróblewskiego,1,35,295000,8397,Bez pośredników,ponad miesiąc temu,7,https://adresowo.pl/o/mieszkanie-lodz-polesie-ul-walerego-wroblewskiego-1-pokoj-g6y3s8,https://s2.adresowa.pl/oi/56/10/307d2c_d048_cover-1-pokojowe-mieszkanie-lodz-polesie-ul-walerego-wroblewskiego.jpg,,,1,1962,blok,,,,,,,,,51.758999,19.455999
Łódź Dąbrowa,,2,36,250000,6944,Bez pośredników,ponad miesiąc temu,9,https://adresowo.pl/o/mieszkanie-lodz-dabrowa-2-pokojowe-36-m2-s9o9h9,https://s2.adresowa.pl/oi/39/7a/304a70_9f07_cover-2-pokojowe-mieszkanie-lodz-dabrowa.jpg,,,parter,,blok,,,,,,,,,,
Łódź Śródmieście,ul. Piotrkowska,3,75,996000,13282,Bez pośredników,ponad miesiąc temu,19,https://adresowo.pl/o/mieszkanie-lodz-srodmiescie-ul-piotrkowska-3-pokojowe-i8j2w9,https://s2.adresowa.pl/oi/26/45/301954_ef36_cover-3-pokojowe-mieszkanie-lodz-srodmiescie-ul-piotrkowska.jpg,,,1895,,kamienica,,,,,,,,,51.76100158691406,19.45800018310547
Łódź Widzew,ul. Kresowa,2,48,560000,11630,Bez pośredników,ponad miesiąc temu,19,https://adresowo.pl/o/mieszkanie-lodz-widzew-ul-kresowa-2-pokojowe-w3l2j7,https://s2.adresowa.pl/oi/17/5d/2ffbb8_ecd5_cover-2-pokojowe-mieszkanie-lodz-widzew-ul-kresowa.jpg,,,parter,2015,blok,,,,,,,,,51.769001,19.514
Łódź Teofilów,,2,45,435000,9667,Bez pośredników,ponad miesiąc temu,1,https://adresowo.pl/o/mieszkanie-lodz-teofilow-2-pokojowe-45-m2-k5l1y5,https://s2.adresowa.pl/oi/6d/3d/2ff432_ea8c_cover-2-pokojowe-mieszkanie-lodz-teofilow.jpg,,,parter,1970,blok,,,,,,,,,51.75899887084961,19.45599937438965
Łódź Widzew,ul. Skalna,1,25,235000,9400,Bez pośredników,ponad miesiąc temu,17,https://adresowo.pl/o/mieszkanie-lodz-widzew-ul-skalna-1-pokoj-a7b5q5,https://s2.adresowa.pl/oi/67/25/2fa344_9674_cover-1-pokojowe-mieszkanie-lodz-widzew-ul-skalna.jpg,,,7,1970,blok,,,,,,,,,51.775002,19.537001
Łódź Górna,ul. Podgórna,3,57,459000,8012,Bez pośredników,ponad miesiąc temu,20,https://adresowo.pl/o/mieszkanie-lodz-gorna-ul-podgorna-3-pokojowe-n1q6x1,https://s2.adresowa.pl/oi/1e/19/2f7972_c21e_cover-3-pokojowe-mieszkanie-lodz-gorna-ul-podgorna.jpg,,,9,1980,blok,,,,,,,,,51.737,19.487
Łódź,ul. Wałowa,3,70,760000,10934,Bez pośredników,ponad miesiąc temu,11,https://adresowo.pl/o/mieszkanie-lodz-ul-walowa-3-pokojowe-y3w0h0,https://s2.adresowa.pl/oi/75/29/2ee378_b39a_cover-3-pokojowe-mieszkanie-lodz-ul-walowa.jpg,,,parter,2022,blok,,,,,,,,,51.763,19.52
Łódź Dąbrowa,ul. Juliusza Kossaka,2,37,369000,9973,Bez pośredników,ponad miesiąc temu,12,https://adresowo.pl/o/mieszkanie-lodz-dabrowa-ul-juliusza-kossaka-2-pokojowe-l8z0v5,https://s2.adresowa.pl/oi/42/45/2eb160_411f_cover-2-pokojowe-mieszkanie-lodz-dabrowa-ul-juliusza-kossaka.jpg,,,4,1970,blok,,,,,,,,,51.738998,19.500999
Łódź Śródmieście,ul. płk. dr. Stanisława Więckowskiego,2,50,270000,5405,Bez pośredników,ponad miesiąc temu,8,https://adresowo.pl/o/mieszkanie-lodz-srodmiescie-ul-plk-dr-stanislawa-wieckowskiego-2-pokojowe-x1o8x0,https://s2.adresowa.pl/oi/42/74/2e1072_7023_cover-2-pokojowe-mieszkanie-lodz-srodmiescie-ul-plk-dr-stanislawa-wieckowskiego.jpg,,,parter,1915,,,,,,,,,,51.77199935913086,19.44499969482422
Łódź Marysin,ul. Boya-Żeleńskiego,2,54,375000,6944,Bez pośredników,ponad miesiąc temu,11,https://adresowo.pl/o/mieszkanie-lodz-marysin-ul-boya-zelenskiego-2-pokojowe-z4u9h4,https://s2.adresowa.pl/oi/50/7d/2e0c58_49f6_cover-2-pokojowe-mieszkanie-lodz-marysin-ul-boya-zelenskiego.jpg,,,2,1957,blok,,,,,,,,,51.791,19.478001
Łódź Górna,ul. Walerego Wróblewskiego,2,36,480000,13333,Bez pośredników,ponad miesiąc temu,7,https://adresowo.pl/o/mieszkanie-lodz-gorna-ul-walerego-wroblewskiego-2-pokojowe-c6z2r4,https://s2.adresowa.pl/oi/12/45/2d38b6_cb71_cover-2-pokojowe-mieszkanie-lodz-gorna-ul-walerego-wroblewskiego.jpg,,,6,2021,blok,,,,,,,,,51.74599838256836,19.437000274658203
Łódź Widzew,ul. Wacława,2,59,640000,10767,Bez pośredników,ponad miesiąc temu,8,https://adresowo.pl/o/mieszkanie-lodz-widzew-ul-waclawa-2-pokojowe-q7m3f7,https://s2.adresowa.pl/oi/3f/26/2d2a50_bb71_cover-2-pokojowe-mieszkanie-lodz-widzew-ul-waclawa.jpg,,,parter,2009,blok,,,,,,,,,51.75,19.496999740600586
Łódź Górna,ul. gen. Jarosława Dąbrowskiego,3,63,459000,7286,Bez pośredników,ponad miesiąc temu,8,https://adresowo.pl/o/mieszkanie-lodz-gorna-ul-gen-jaroslawa-dabrowskiego-3-pokojowe-u6z4i3,https://s2.adresowa.pl/oi/7d/55/2cabfe_a023_cover-3-pokojowe-mieszkanie-lodz-gorna-ul-gen-jaroslawa-dabrowskiego.jpg,,,6,1980,blok,,,,,,,,,51.736000061035156,19.50200080871582
Łódź Teofilów,ul. Traktorowa,3,49,420000,8571,Bez pośredników,ponad miesiąc temu,17,https://adresowo.pl/o/mieszkanie-lodz-teofilow-ul-traktorowa-3-pokojowe-n9b5g6,https://s2.adresowa.pl/oi/35/1c/2c0b40_58ae_cover-3-pokojowe-mieszkanie-lodz-teofilow-ul-traktorowa.jpg,,,parter,1980,blok,,,,,,,,,51.79632,19.393807
Łódź Śródmieście,ul. Piotrkowska,4,119,1999000,16798,Bez pośredników,ponad miesiąc temu,15,https://adresowo.pl/o/mieszkanie-lodz-srodmiescie-ul-piotrkowska-4-pokojowe-y8o9i7,https://s2.adresowa.pl/oi/5a/21/2a944a_e4b8_cover-4-pokojowe-mieszkanie-lodz-srodmiescie-ul-piotrkowska.jpg,,,1,1910,,,,,,,,,,51.76100158691406,19.45800018310547
Łódź Śródmieście,ul. Pomorska,3,99,680000,6869,Bez pośredników,ponad miesiąc temu,8,https://adresowo.pl/o/mieszkanie-lodz-srodmiescie-ul-pomorska-3-pokojowe-b1v7w4,https://s2.adresowa.pl/oi/25/74/2517b6_d745_cover-3-pokojowe-mieszkanie-lodz-srodmiescie-ul-pomorska.jpg,,,680,2008,kamienica,,,,,,,,,51.777,19.455999
Łódź Śródmieście,ul. Nawrot,3,85,700000,8235,Bez pośredników,ponad miesiąc temu,8,https://adresowo.pl/o/mieszkanie-lodz-srodmiescie-ul-nawrot-3-pokojowe-r2i4o9,https://s2.adresowa.pl/oi/1d/29/239224_454f_cover-3-pokojowe-mieszkanie-lodz-srodmiescie-ul-nawrot.jpg,,,700,2008,kamienica,,,,,,,,,51.76300048828125,19.465999603271484
Łódź Polesie,ul. Marcina Kasprzaka,2,57,260000,4561,Bez pośredników,ponad miesiąc temu,5,https://adresowo.pl/o/mieszkanie-lodz-polesie-ul-marcina-kasprzaka-2-pokojowe-f2a2i4,https://s2.adresowa.pl/oi/7b/4f/21376c_d9d1_cover-2-pokojowe-mieszkanie-lodz-polesie-ul-marcina-kasprzaka.jpg,,,parter,1953,blok,,,,,,,,,51.77799987792969,19.427000045776367
Łódź Polesie,al. 1 Maja,2,60,390000,6500,Bez pośredników,ponad miesiąc temu,20,https://adresowo.pl/o/mieszkanie-lodz-polesie-al-1-maja-2-pokojowe-d3m7y4,https://s2.adresowa.pl/oi/64/61/1f575a_9388_cover-2-pokojowe-mieszkanie-lodz-polesie-al-1-maja.jpg,,,parter,1920,kamienica,,,,,,,,,51.770999908447266,19.437999725341797
Łódź Śródmieście,ul. Jana Kilińskiego,2,27,270000,10000,Bez pośredników,ponad miesiąc temu,8,https://adresowo.pl/o/mieszkanie-lodz-srodmiescie-ul-jana-kilinskiego-2-pokojowe-n5u0f7,https://s2.adresowa.pl/oi/12/57/1d10d8_cdeb_cover-2-pokojowe-mieszkanie-lodz-srodmiescie-ul-jana-kilinskiego.jpg,,,parter,,kamienica,,,,,,,,,51.76300048828125,19.466999053955078
Łódź,ul. Piotrkowska,1,46,365000,7987,Bez pośredników,ponad miesiąc temu,8,https://adresowo.pl/o/mieszkanie-lodz-ul-piotrkowska-1-pokoj-t5z3v6,https://s2.adresowa.pl/oi/38/6e/182a19_6089_cover-1-pokojowe-mieszkanie-lodz-ul-piotrkowska.jpg,,,365,1960,blok,,,,,,,,,51.761002,19.458
Łódź Polesie,ul. 6 Sierpnia,2,65,399000,6138,Bez pośredników,ponad miesiąc temu,12,https://adresowo.pl/o/mieszkanie-lodz-polesie-ul-6-sierpnia-2-pokojowe-p7i9u2,https://s2.adresowa.pl/oi/2e/72/12bdb7_a07b_cover-2-pokojowe-mieszkanie-lodz-polesie-ul-6-sierpnia.jpg,,,parter,1905,kamienica,,,,,,,,,,
Łódź,ul. dr. Adama Próchnika,4,91,730000,8003,Bez pośredników,ponad miesiąc temu,10,https://adresowo.pl/o/mieszkanie-lodz-ul-dr-adama-prochnika-4-pokojowe-keihix,https://s2.adresowa.pl/oi/9/6d/22484_e25_cover-4-pokojowe-mieszkanie-lodz-ul-dr-adama-prochnika.jpg,,,parter,1938,kamienica,,,,,,,,,51.773998,19.443001
Łódź Górna,ul. Piaseczna,1,25,165000,6600,Bez pośredników,ponad miesiąc temu,6,https://adresowo.pl/o/mieszkanie-lodz-gorna-ul-piaseczna-1-pokoj-5w4xdm,https://s2.adresowa.pl/oi/44/52/caa4_d1ac_cover-1-pokojowe-mieszkanie-lodz-gorna-ul-piaseczna.jpg,,,parter,1930,blok,,,,,,,,,51.733001708984375,19.4689998626709
