locality,street,rooms,area,price_total_zl,price_sqm_zl,owner_type,date_posted,photo_count,url,image_url,city_district,full_address,floor,year_built,building_type,price_per_sqm_detailed,description_text,has_basement,has_parking,kitchen_type,window_type,ownership_type,equipment,latitude,longitude
Warszawa Bemowo,ul. Puszczy Solskiej,3.0,51.0,719000,13967.0,Bez pośredników,ponad miesiąc temu,22.0,https://adresowo.pl/o/mieszkanie-warszawa-bemowo-ul-puszczy-solskiej-3-pokojowe-k8b4g3,https://s2.adresowa.pl/oi/2e/3e/3781ec_ed6c_cover-3-pokojowe-mieszkanie-warszawa-bemowo-ul-puszczy-solskiej.jpg,,,3,1976.0,blok,,,,,,,,,52.228001,20.91
Warszawa Kamionek,ul. Kałuszyńska,4.0,75.0,1560000,20940.0,Bez pośredników,wczorajnowe,11.0,https://adresowo.pl/o/mieszkanie-warszawa-kamionek-ul-kaluszynska-4-pokojowe-i8a4c9,https://s2.adresowa.pl/oi/62/69/3b9bec_9eee_cover-4-pokojowe-mieszkanie-warszawa-kamionek-ul-kaluszynska.jpg,,,parter,2018.0,blok,,,,,,,,,52.249001,21.063927
Warszawa Powiśle,ul. Górnośląska,2.0,38.0,630000,16800.0,Bez pośredników,wczorajnowe,9.0,https://adresowo.pl/o/mieszkanie-warszawa-powisle-ul-gornoslaska-2-pokojowe-q9g3u6,https://s2.adresowa.pl/oi/64/77/3b9bca_5bab_cover-2-pokojowe-mieszkanie-warszawa-powisle-ul-gornoslaska.jpg,,,7,1960.0,blok,,,,,,,,,52.225083,21.037561
Warszawa Śródmieście,ul. Marszałkowska,3.0,61.0,1390000,22787.0,Oferta biura nieruchomości,2 dni temu,18.0,https://adresowo.pl/o/mieszkanie-warszawa-srodmiescie-ul-marszalkowska-3-pokojowe-n4h8h3,https://s2.adresowa.pl/oi/4d/2a/3b9aac_85c0_cover-3-pokojowe-mieszkanie-warszawa-srodmiescie-ul-marszalkowska.jpg,,,5,1954.0,blok,,,,,,,,,52.218393,21.018453
Warszawa Bemowo,ul. płk. Witolda Łokuciewskiego,3.0,72.0,1260000,17500.0,Bez pośredników,wczorajnowe,16.0,https://adresowo.pl/o/mieszkanie-warszawa-bemowo-ul-plk-witolda-lokuciewskiego-3-pokojowe-f2c9x2,https://s2.adresowa.pl/oi/29/14/3b9bbe_c5d8_cover-3-pokojowe-mieszkanie-warszawa-bemowo-ul-plk-witolda-lokuciewskiego.jpg,,,1,2018.0,blok,,,,,,,,,52.245649,20.898603
Warszawa Mokotów,ul. Barcelońska,1.0,31.0,455000,14677.0,Bez pośredników,wczorajnowe,8.0,https://adresowo.pl/o/mieszkanie-warszawa-mokotow-ul-barcelonska-1-pokoj-i0a5r0,https://s2.adresowa.pl/oi/7e/7b/3b9b72_c8a5_cover-1-pokojowe-mieszkanie-warszawa-mokotow-ul-barcelonska.jpg,,,10,1976.0,blok,,,,,,,,,,
Warszawa Żoliborz,ul. Rafała Krajewskiego,2.0,35.0,695000,19954.0,Oferta biura nieruchomości,2 dni temu,15.0,https://adresowo.pl/o/mieszkanie-warszawa-zoliborz-ul-rafala-krajewskiego-2-pokojowe-b4k0h3,https://s2.adresowa.pl/oi/3e/60/3b9a86_36bc_cover-2-pokojowe-mieszkanie-warszawa-zoliborz-ul-rafala-krajewskiego.jpg,,,1950,1950.0,blok,,,,,,,,,52.260462,20.997488
Warszawa Praga-Południe,ul. Jana Nowaka-Jeziorańskiego,2.0,54.0,980000,18071.0,Bez pośredników,2 dni temu,19.0,https://adresowo.pl/o/mieszkanie-warszawa-praga-poludnie-ul-jana-nowaka-jezioranskiego-2-pokojowe-v0k8v8,https://s2.adresowa.pl/oi/6a/4d/3b9b10_85cd_cover-2-pokojowe-mieszkanie-warszawa-praga-poludnie-ul-jana-nowaka-jezioranskiego.jpg,,,4,2011.0,blok,,,,,,,,,52.229313,21.107414
Warszawa Bemowo,ul. Obrońców Tobruku,4.0,105.0,2150000,20476.0,Bez pośredników,2 dni temu,10.0,https://adresowo.pl/o/mieszkanie-warszawa-bemowo-ul-obroncow-tobruku-4-pokojowe-q1g7l5,https://s2.adresowa.pl/oi/71/44/3b99f6_98db_cover-4-pokojowe-mieszkanie-warszawa-bemowo-ul-obroncow-tobruku.jpg,,,2,,blok,,,,,,,,,,
Warszawa Śródmieście,pl. Konstytucji,2.0,27.0,959000,35000.0,Oferta biura nieruchomości,3 dni temu,19.0,https://adresowo.pl/o/mieszkanie-warszawa-srodmiescie-pl-konstytucji-2-pokojowe-d2d8q4,https://s2.adresowa.pl/oi/29/54/3b98b6_a753_cover-2-pokojowe-mieszkanie-warszawa-srodmiescie-pl-konstytucji.jpg,,,5,1950.0,blok,,,,,,,,,52.221615,21.015274
Warszawa Włochy,ul. Krańcowa,3.0,67.0,1185000,17687.0,Oferta biura nieruchomości,3 dni temu,7.0,https://adresowo.pl/o/mieszkanie-warszawa-wlochy-ul-krancowa-3-pokojowe-f6f5n2,https://s2.adresowa.pl/oi/39/2d/3b98b8_48b9_cover-3-pokojowe-mieszkanie-warszawa-wlochy-ul-krancowa.jpg,,,parter,2014.0,blok,,,,,,,,,,
Warszawa Praga-Południe,ul. Terespolska,3.0,60.0,1190000,19933.0,Bez pośredników,2 dni temu,14.0,https://adresowo.pl/o/mieszkanie-warszawa-praga-poludnie-ul-terespolska-3-pokojowe-j4w3m2,https://s2.adresowa.pl/oi/40/3f/3b99ca_637e_cover-3-pokojowe-mieszkanie-warszawa-praga-poludnie-ul-terespolska.jpg,,,parter,2010.0,blok,,,,,,,,,52.249353,21.070401
Warszawa Białołęka,ul. Warzelnicza,3.0,47.0,770000,16383.0,Bez pośredników,2 dni temu,7.0,https://adresowo.pl/o/mieszkanie-warszawa-bialoleka-ul-warzelnicza-3-pokojowe-w5e8v2,https://s2.adresowa.pl/oi/7b/7d/3b99d8_a471_cover-3-pokojowe-mieszkanie-warszawa-bialoleka-ul-warzelnicza.jpg,,,parter,2026.0,,,,,,,,,,,
Warszawa Wesoła,ul. Gościniec,2.0,65.0,730000,11300.0,Oferta biura nieruchomości,3 dni temu,19.0,https://adresowo.pl/o/mieszkanie-warszawa-wesola-ul-gosciniec-2-pokojowe-f6p5l2,https://s2.adresowa.pl/oi/45/1f/3b98ac_8eb1_cover-2-pokojowe-mieszkanie-warszawa-wesola-ul-gosciniec.jpg,,,4,1997.0,blok,,,,,,,,,52.221981,21.236952
Warszawa Ursynów,ul. Relaksowa,3.0,57.0,950000,16667.0,Oferta biura nieruchomości,3 dni temu,17.0,https://adresowo.pl/o/mieszkanie-warszawa-ursynow-ul-relaksowa-3-pokojowe-i6r4c2,https://s2.adresowa.pl/oi/78/12/3b98a0_8bc9_cover-3-pokojowe-mieszkanie-warszawa-ursynow-ul-relaksowa.jpg,,,parter,2017.0,blok,,,,,,,,,,
Warszawa Ursus,ul. Silnikowa,2.0,43.0,730000,16977.0,Bez pośredników,2 dni temu,2.0,https://adresowo.pl/o/mieszkanie-warszawa-ursus-ul-silnikowa-2-pokojowe-u7m4k5,https://s2.adresowa.pl/oi/17/3c/3b99be_e53d_cover-2-pokojowe-mieszkanie-warszawa-ursus-ul-silnikowa.jpg,,,2,2026.0,blok,,,,,,,,,52.200917,20.88729
Warszawa Natolin,ul. Franciszka Marii Lanciego,1.0,34.0,850000,25163.0,Bez pośredników,2 dni temu,10.0,https://adresowo.pl/o/mieszkanie-warszawa-natolin-ul-franciszka-marii-lanciego-1-pokoj-d4l6e0,https://s2.adresowa.pl/oi/17/76/3b9986_feb0_cover-1-pokojowe-mieszkanie-warszawa-natolin-ul-franciszka-marii-lanciego.jpg,,,parter,2001.0,blok,,,,,,,,,52.144087,21.058032
Warszawa Żoliborz,ul. Kazimierza Promyka,2.0,35.0,730000,20721.0,Oferta biura nieruchomości,3 dni temu,22.0,https://adresowo.pl/o/mieszkanie-warszawa-zoliborz-ul-kazimierza-promyka-2-pokojowe-i4t9n7,https://s2.adresowa.pl/oi/49/33/3b9898_d07a_cover-2-pokojowe-mieszkanie-warszawa-zoliborz-ul-kazimierza-promyka.jpg,,,parter,1970.0,blok,,,,,,,,,52.272977,20.993254
Warszawa Białołęka,ul. Marywilska,3.0,57.0,963300,16900.0,Oferta biura nieruchomości,3 dni temu,8.0,https://adresowo.pl/o/mieszkanie-warszawa-bialoleka-ul-marywilska-3-pokojowe-a3z1z3,https://s2.adresowa.pl/oi/7e/5f/3b9894_caa5_cover-3-pokojowe-mieszkanie-warszawa-bialoleka-ul-marywilska.jpg,,,963,2012.0,blok,,,,,,,,,52.318375,20.996773
Warszawa Praga-Północ,ul. Łochowska,1.0,36.0,510000,14366.0,Bez pośredników,3 dni temu,18.0,https://adresowo.pl/o/mieszkanie-warszawa-praga-polnoc-ul-lochowska-1-pokoj-t3v5m5,https://s2.adresowa.pl/oi/66/5e/3b999a_60b2_cover-1-pokojowe-mieszkanie-warszawa-praga-polnoc-ul-lochowska.jpg,,,510,1934.0,,,,,,,,,,52.259638,21.056154
Warszawa Bemowo,ul. Apenińska,2.0,57.0,899000,15912.0,Bez pośredników,3 dni temu,10.0,https://adresowo.pl/o/mieszkanie-warszawa-bemowo-ul-apeninska-2-pokojowe-y4i7i6,https://s2.adresowa.pl/oi/69/3b/3b996c_4849_cover-2-pokojowe-mieszkanie-warszawa-bemowo-ul-apeninska.jpg,,,2,2013.0,blok,,,,,,,,,,
Warszawa Ochota,ul. Aleje Jerozolimskie,2.0,36.0,865000,23823.0,Oferta biura nieruchomości,4 dni temu,8.0,https://adresowo.pl/o/mieszkanie-warszawa-ochota-ul-aleje-jerozolimskie-2-pokojowe-v7g5h9,https://s2.adresowa.pl/oi/73/69/3b9340_a6c0_cover-2-pokojowe-mieszkanie-warszawa-ochota-ul-aleje-jerozolimskie.jpg,,,parter,2024.0,blok,,,,,,,,,,
Warszawa Białołęka,ul. Sprawna,2.0,39.0,650000,16848.0,Oferta biura nieruchomości,4 dni temu,10.0,https://adresowo.pl/o/mieszkanie-warszawa-bialoleka-ul-sprawna-2-pokojowe-i3j1y3,https://s2.adresowa.pl/oi/13/38/3b933e_9a62_cover-2-pokojowe-mieszkanie-warszawa-bialoleka-ul-sprawna.jpg,,,parter,2013.0,blok,,,,,,,,,52.341568,20.945656
Warszawa Mokotów,ul. J. R. R. Tolkiena,3.0,43.0,1195500,27546.0,Bez pośredników,3 dni temu,20.0,https://adresowo.pl/o/mieszkanie-warszawa-mokotow-ul-j-r-r-tolkiena-3-pokojowe-u7o6f5,https://s2.adresowa.pl/oi/25/69/3b96c6_9c8a_cover-3-pokojowe-mieszkanie-warszawa-mokotow-ul-j-r-r-tolkiena.jpg,,,parter,2014.0,blok,,,,,,,,,52.187202,20.989827
Warszawa Wawrzyszew,ul. Dantego Alighieri,3.0,68.0,980000,14348.0,Bez pośredników,3 dni temu,29.0,https://adresowo.pl/o/mieszkanie-warszawa-wawrzyszew-ul-dantego-alighieri-3-pokojowe-k0i8z7,https://s2.adresowa.pl/oi/77/21/3b986a_a20d_cover-3-pokojowe-mieszkanie-warszawa-wawrzyszew-ul-dantego-alighieri.jpg,,,970,1980.0,blok,,,,,,,,,52.229676,21.012229
Warszawa Ochota,ul. Geodetów,2.0,37.0,699000,18892.0,Oferta biura nieruchomości,4 dni temu,9.0,https://adresowo.pl/o/mieszkanie-warszawa-ochota-ul-geodetow-2-pokojowe-n1t0x8,https://s2.adresowa.pl/oi/64/1a/3b933c_51ca_cover-2-pokojowe-mieszkanie-warszawa-ochota-ul-geodetow.jpg,,,parter,1968.0,blok,,,,,,,,,52.205558,20.969925
Warszawa Praga-Południe,ul. Jana Nowaka-Jeziorańskiego,3.0,68.0,1250000,18382.0,Oferta biura nieruchomości,4 dni temu,16.0,https://adresowo.pl/o/mieszkanie-warszawa-praga-poludnie-ul-jana-nowaka-jezioranskiego-3-pokojowe-k4p8r0,https://s2.adresowa.pl/oi/7c/4a/3b933a_ce97_cover-3-pokojowe-mieszkanie-warszawa-praga-poludnie-ul-jana-nowaka-jezioranskiego.jpg,,,parter,2025.0,blok,,,,,,,,,,
Warszawa Ursus,ul. Walerego Sławka,3.0,45.0,680000,15098.0,Bez pośredników,3 dni temu,9.0,https://adresowo.pl/o/mieszkanie-warszawa-ursus-ul-walerego-slawka-3-pokojowe-r2d5s4,https://s2.adresowa.pl/oi/1b/7b/3b982e_e310_cover-3-pokojowe-mieszkanie-warszawa-ursus-ul-walerego-slawka.jpg,,,parter,1962.0,blok,,,,,,,,,,
Warszawa Praga-Południe,ul. Motorowa,3.0,64.0,1267000,19797.0,Oferta biura nieruchomości,4 dni temu,14.0,https://adresowo.pl/o/mieszkanie-warszawa-praga-poludnie-ul-motorowa-3-pokojowe-y9z9y4,https://s2.adresowa.pl/oi/36/3b/3b932a_d07a_cover-3-pokojowe-mieszkanie-warszawa-praga-poludnie-ul-motorowa.jpg,,,14,2019.0,kamienica,,,,,,,,,,
Warszawa Targówek,ul. Bolesławicka,1.0,27.0,472000,17481.0,Oferta biura nieruchomości,4 dni temu,20.0,https://adresowo.pl/o/mieszkanie-warszawa-targowek-ul-boleslawicka-1-pokoj-x7m1t0,https://s2.adresowa.pl/oi/6c/47/3b90dc_f594_cover-1-pokojowe-mieszkanie-warszawa-targowek-ul-boleslawicka.jpg,,,1,1974.0,blok,,,,,,,,,,
Warszawa Śródmieście,ul. Stanisława Dubois,3.0,61.0,1250000,20492.0,Bez pośredników,ponad tydzień temu,12.0,https://adresowo.pl/o/mieszkanie-warszawa-srodmiescie-ul-stanislawa-dubois-3-pokojowe-k0t7i6,https://s2.adresowa.pl/oi/74/2e/3b497e_4d0c_cover-3-pokojowe-mieszkanie-warszawa-srodmiescie-ul-stanislawa-dubois.jpg,,,4,1959.0,kamienica,,,,,,,,,,
Warszawa Grochów,ul. Siennicka,2.0,52.0,945000,18173.0,Bez pośredników,3 dni temu,10.0,https://adresowo.pl/o/mieszkanie-warszawa-grochow-ul-siennicka-2-pokojowe-t8c2w2,https://s2.adresowa.pl/oi/64/6d/3b9770_420e_cover-2-pokojowe-mieszkanie-warszawa-grochow-ul-siennicka.jpg,,,parter,1968.0,,,,,,,,,,,
Warszawa Zacisze,ul. Wyspowa,4.0,83.0,1230000,14819.0,Bez pośredników,3 dni temu,16.0,https://adresowo.pl/o/mieszkanie-warszawa-zacisze-ul-wyspowa-4-pokojowe-g3k8n2,https://s2.adresowa.pl/oi/61/77/3b9736_3291_cover-4-pokojowe-mieszkanie-warszawa-zacisze-ul-wyspowa.jpg,,,parter,2005.0,blok,,,,,,,,,52.28859,21.083114
Warszawa Targówek,ul. Suwalska,1.0,24.0,450000,18443.0,Oferta biura nieruchomości,4 dni temu,18.0,https://adresowo.pl/o/mieszkanie-warszawa-targowek-ul-suwalska-1-pokoj-l1x9w1,https://s2.adresowa.pl/oi/3e/6e/3b90da_2a26_cover-1-pokojowe-mieszkanie-warszawa-targowek-ul-suwalska.jpg,,,1,1970.0,blok,,,,,,,,,,
Warszawa Bemowo,ul. Szeligowska,3.0,53.0,970000,18199.0,Oferta biura nieruchomości,4 dni temu,11.0,https://adresowo.pl/o/mieszkanie-warszawa-bemowo-ul-szeligowska-3-pokojowe-b5m4j6,https://s2.adresowa.pl/oi/6e/1c/3b909e_5ab8_cover-3-pokojowe-mieszkanie-warszawa-bemowo-ul-szeligowska.jpg,,,parter,2024.0,blok,,,,,,,,,,
Warszawa Włochy,ul. Jutrzenki,4.0,85.0,1699000,19988.0,Bez pośredników,3 dni temu,20.0,https://adresowo.pl/o/mieszkanie-warszawa-wlochy-ul-jutrzenki-4-pokojowe-l4y0q3,https://s2.adresowa.pl/oi/30/2f/3b96da_81e4_cover-4-pokojowe-mieszkanie-warszawa-wlochy-ul-jutrzenki.jpg,,,parter,2025.0,blok,,,,,,,,,52.191396,20.927935
Warszawa Wola,ul. Józefa Sowińskiego,3.0,93.0,2522000,26996.0,Oferta biura nieruchomości,4 dni temu,14.0,https://adresowo.pl/o/mieszkanie-warszawa-wola-ul-jozefa-sowinskiego-3-pokojowe-u2f3v5,https://s2.adresowa.pl/oi/19/3a/3b8e2a_52a5_cover-3-pokojowe-mieszkanie-warszawa-wola-ul-jozefa-sowinskiego.jpg,,,6,2024.0,blok,,,,,,,,,52.231744,20.933159
Warszawa Praga-Południe,ul. Garwolińska,2.0,39.0,550000,14286.0,Oferta biura nieruchomości,4 dni temu,16.0,https://adresowo.pl/o/mieszkanie-warszawa-praga-poludnie-ul-garwolinska-2-pokojowe-z7e9y9,https://s2.adresowa.pl/oi/74/5a/3b8e1c_b63c_cover-2-pokojowe-mieszkanie-warszawa-praga-poludnie-ul-garwolinska.jpg,,,9,1967.0,blok,,,,,,,,,,
Warszawa Ursynów,ul. Cybernetyki,3.0,64.0,1193990,18656.0,Bez pośredników,3 dni temu,6.0,https://adresowo.pl/o/mieszkanie-warszawa-ursynow-ul-cybernetyki-3-pokojowe-x2a1z0,https://s2.adresowa.pl/oi/3c/6c/3b9578_4ff8_cover-3-pokojowe-mieszkanie-warszawa-ursynow-ul-cybernetyki.jpg,,,parter,2020.0,blok,,,,,,,,,52.176461,20.993552
Warszawa Śródmieście,ul. Adolfa Suligowskiego,2.0,37.0,550000,14921.0,Bez pośredników,3 dni temu,5.0,https://adresowo.pl/o/mieszkanie-warszawa-srodmiescie-ul-adolfa-suligowskiego-2-pokojowe-w8b8h3,https://s2.adresowa.pl/oi/65/4e/3b9570_ab2d_cover-2-pokojowe-mieszkanie-warszawa-srodmiescie-ul-adolfa-suligowskiego.jpg,,,parter,1962.0,blok,,,,,,,,,,
Warszawa Bemowo,ul. Łagowska,2.0,36.0,792000,22000.0,Oferta biura nieruchomości,5 dni temu,10.0,https://adresowo.pl/o/mieszkanie-warszawa-bemowo-ul-lagowska-2-pokojowe-x8e2v2,https://s2.adresowa.pl/oi/2c/5f/3b8be8_c615_cover-2-pokojowe-mieszkanie-warszawa-bemowo-ul-lagowska.jpg,,,parter,1990.0,blok,,,,,,,,,,
Warszawa Bemowo,ul. Baborowska,2.0,47.0,590000,12553.0,Oferta biura nieruchomości,5 dni temu,1.0,https://adresowo.pl/o/mieszkanie-warszawa-bemowo-ul-baborowska-2-pokojowe-o5e3n7,https://s2.adresowa.pl/oi/42/3f/3b8be2_b224_cover-2-pokojowe-mieszkanie-warszawa-bemowo-ul-baborowska.jpg,,,parter,1989.0,blok,,,,,,,,,,
Warszawa Praga-Północ,ul. Bertolta Brechta,2.0,43.0,729000,16953.0,Bez pośredników,3 dni temu,1.0,https://adresowo.pl/o/mieszkanie-warszawa-praga-polnoc-ul-bertolta-brechta-2-pokojowe-q6z3c8,https://s2.adresowa.pl/oi/7c/73/3b9550_ff53_cover-2-pokojowe-mieszkanie-warszawa-praga-polnoc-ul-bertolta-brechta.jpg,,,1,1956.0,kamienica,,,,,,,,,52.229676,21.012229
Warszawa Mokotów,ul. Puławska,1.0,27.0,490000,18148.0,Bez pośredników,3 dni temu,5.0,https://adresowo.pl/o/mieszkanie-warszawa-mokotow-ul-pulawska-1-pokoj-x5g0p7,https://s2.adresowa.pl/oi/6c/10/3b94fc_561a_cover-1-pokojowe-mieszkanie-warszawa-mokotow-ul-pulawska.jpg,,,10,1970.0,blok,,,,,,,,,,
Warszawa Bemowo,ul. Obrońców Tobruku,1.0,27.0,575000,21296.0,Oferta biura nieruchomości,5 dni temu,6.0,https://adresowo.pl/o/mieszkanie-warszawa-bemowo-ul-obroncow-tobruku-1-pokoj-h9v7v7,https://s2.adresowa.pl/oi/59/65/3b8bda_536c_cover-1-pokojowe-mieszkanie-warszawa-bemowo-ul-obroncow-tobruku.jpg,,,parter,2005.0,blok,,,,,,,,,,
Warszawa Ochota,ul. Bitwy Warszawskiej 1920 r.,1.0,29.0,459000,15828.0,Oferta biura nieruchomości,5 dni temu,6.0,https://adresowo.pl/o/mieszkanie-warszawa-ochota-ul-bitwy-warszawskiej-1920-r-1-pokoj-e5z2l6,https://s2.adresowa.pl/oi/31/4e/3b8bdc_8020_cover-1-pokojowe-mieszkanie-warszawa-ochota-ul-bitwy-warszawskiej-1920-r-.jpg,,,1,1959.0,blok,,,,,,,,,,
Warszawa Śródmieście,al. Jana Pawła II,2.0,48.0,859000,17997.0,Bez pośredników,3 dni temu,3.0,https://adresowo.pl/o/mieszkanie-warszawa-srodmiescie-al-jana-pawla-ii-2-pokojowe-k8g8l9,https://s2.adresowa.pl/oi/2a/59/3b94e4_b7c8_cover-2-pokojowe-mieszkanie-warszawa-srodmiescie-al-jana-pawla-ii.jpg,,,3,1957.0,blok,,,,,,,,,,
Warszawa Białołęka,ul. Myśliborska,4.0,63.0,1081000,17159.0,Bez pośredników,3 dni temu,18.0,https://adresowo.pl/o/mieszkanie-warszawa-bialoleka-ul-mysliborska-4-pokojowe-f2t1v2,https://s2.adresowa.pl/oi/77/6a/3b93e6_6a59_cover-4-pokojowe-mieszkanie-warszawa-bialoleka-ul-mysliborska.jpg,,,3,2020.0,blok,,,,,,,,,52.313095,20.964361
Warszawa Praga-Południe,ul. Przeworska,1.0,28.0,584000,20992.0,Oferta biura nieruchomości,5 dni temu,18.0,https://adresowo.pl/o/mieszkanie-warszawa-praga-poludnie-ul-przeworska-1-pokoj-h4j5i0,https://s2.adresowa.pl/oi/71/4f/3b8bd2_9ceb_cover-1-pokojowe-mieszkanie-warszawa-praga-poludnie-ul-przeworska.jpg,,,parter,2020.0,blok,,,,,,,,,52.254312,21.080079
Warszawa Mokotów,ul. Bukowińska,3.0,65.0,1260000,19385.0,Oferta biura nieruchomości,5 dni temu,8.0,https://adresowo.pl/o/mieszkanie-warszawa-mokotow-ul-bukowinska-3-pokojowe-q0q1w6,https://s2.adresowa.pl/oi/72/12/3b8bd4_4369_cover-3-pokojowe-mieszkanie-warszawa-mokotow-ul-bukowinska.jpg,,,parter,2007.0,blok,,,,,,,,,,
Warszawa Wola,ul. Jana Kazimierza,3.0,59.0,1250000,21179.0,Bez pośredników,3 dni temu,13.0,https://adresowo.pl/o/mieszkanie-warszawa-wola-ul-jana-kazimierza-3-pokojowe-t3j4d3,https://s2.adresowa.pl/oi/29/56/3b93d2_e9e1_cover-3-pokojowe-mieszkanie-warszawa-wola-ul-jana-kazimierza.jpg,,,2,2015.0,blok,,,,,,,,,,
Warszawa Bemowo,ul. Apoloniusza Kędzierskiego,4.0,65.0,888000,13662.0,Bez pośredników,4 dni temu,11.0,https://adresowo.pl/o/mieszkanie-warszawa-bemowo-ul-apoloniusza-kedzierskiego-4-pokojowe-v7l0k6,https://s2.adresowa.pl/oi/18/19/3b93a0_8736_cover-4-pokojowe-mieszkanie-warszawa-bemowo-ul-apoloniusza-kedzierskiego.jpg,,,4,1970.0,blok,,,,,,,,,52.251947,20.918541
Warszawa Żoliborz,ul. Kaliny Jędrusik,2.0,47.0,1129999,23941.0,Oferta biura nieruchomości,5 dni temu,14.0,https://adresowo.pl/o/mieszkanie-warszawa-zoliborz-ul-kaliny-jedrusik-2-pokojowe-p6n5s6,https://s2.adresowa.pl/oi/1f/73/3b8bd0_abe4_cover-2-pokojowe-mieszkanie-warszawa-zoliborz-ul-kaliny-jedrusik.jpg,,,parter,2017.0,blok,,,,,,,,,,
Warszawa Wilanów,ul. Adama Branickiego,3.0,67.0,1490000,22094.0,Oferta biura nieruchomości,5 dni temu,9.0,https://adresowo.pl/o/mieszkanie-warszawa-wilanow-ul-adama-branickiego-3-pokojowe-a4p4i7,https://s2.adresowa.pl/oi/36/23/3b8b10_7657_cover-3-pokojowe-mieszkanie-warszawa-wilanow-ul-adama-branickiego.jpg,,,parter,2018.0,blok,,,,,,,,,,
Warszawa Saska Kępa,ul. Międzynarodowa,2.0,46.0,1100000,23913.0,Bez pośredników,4 dni temu,1.0,https://adresowo.pl/o/mieszkanie-warszawa-saska-kepa-ul-miedzynarodowa-2-pokojowe-w0s7e3,https://s2.adresowa.pl/oi/27/44/3b938a_4504_cover-2-pokojowe-mieszkanie-warszawa-saska-kepa-ul-miedzynarodowa.jpg,,,parter,2004.0,blok,,,,,,,,,52.238234,21.063607
Warszawa Białołęka,ul. Pawła Włodkowica,1.0,26.0,490000,18575.0,Bez pośredników,4 dni temu,20.0,https://adresowo.pl/o/mieszkanie-warszawa-bialoleka-ul-pawla-wlodkowica-1-pokoj-w1b9s5,https://s2.adresowa.pl/oi/5c/54/3b929e_4e6b_cover-1-pokojowe-mieszkanie-warszawa-bialoleka-ul-pawla-wlodkowica.jpg,,,1,2026.0,blok,,,,,,,,,,
Warszawa Bielany,ul. Renesansowa,2.0,46.0,690000,15000.0,Oferta biura nieruchomości,5 dni temu,8.0,https://adresowo.pl/o/mieszkanie-warszawa-bielany-ul-renesansowa-2-pokojowe-q2d7j9,https://s2.adresowa.pl/oi/45/53/3b8b12_639d_cover-2-pokojowe-mieszkanie-warszawa-bielany-ul-renesansowa.jpg,,,1,1970.0,blok,,,,,,,,,,
Warszawa Praga-Południe,ul. Michała Paca,3.0,84.0,1600000,19162.0,Bez pośredników,4 dni temu,6.0,https://adresowo.pl/o/mieszkanie-warszawa-praga-poludnie-ul-michala-paca-3-pokojowe-h8d7d6,https://s2.adresowa.pl/oi/18/3d/3b920c_976d_cover-3-pokojowe-mieszkanie-warszawa-praga-poludnie-ul-michala-paca.jpg,,,parter,2003.0,blok,,,,,,,,,,
Warszawa Mokotów,ul. Jana Maklakiewicza,1.0,29.0,470000,16151.0,Bez pośredników,4 dni temu,11.0,https://adresowo.pl/o/mieszkanie-warszawa-mokotow-ul-jana-maklakiewicza-1-pokoj-f8s8r7,https://s2.adresowa.pl/oi/28/3e/3b917a_52fc_cover-1-pokojowe-mieszkanie-warszawa-mokotow-ul-jana-maklakiewicza.jpg,,,5,1970.0,blok,,,,,,,,,,
Warszawa Bielany,ul. Heroldów,3.0,87.0,1300800,15000.0,Oferta biura nieruchomości,5 dni temu,18.0,https://adresowo.pl/o/mieszkanie-warszawa-bielany-ul-heroldow-3-pokojowe-t1y2e3,https://s2.adresowa.pl/oi/45/1b/3b89e8_93c2_cover-3-pokojowe-mieszkanie-warszawa-bielany-ul-heroldow.jpg,,,10,2001.0,blok,,,,,,,,,52.303995,20.931188
Warszawa Bielany,ul. Stefana Żeromskiego,2.0,37.0,588000,15806.0,Oferta biura nieruchomości,5 dni temu,9.0,https://adresowo.pl/o/mieszkanie-warszawa-bielany-ul-stefana-zeromskiego-2-pokojowe-p8x9x7,https://s2.adresowa.pl/oi/64/56/3b89e2_8d51_cover-2-pokojowe-mieszkanie-warszawa-bielany-ul-stefana-zeromskiego.jpg,,,parter,1955.0,blok,,,,,,,,,,
Warszawa Mokotów,ul. Różana,2.0,48.0,995000,20939.0,Bez pośredników,4 dni temu,14.0,https://adresowo.pl/o/mieszkanie-warszawa-mokotow-ul-rozana-2-pokojowe-x6p4l3,https://s2.adresowa.pl/oi/3f/48/3b9190_ccc4_cover-2-pokojowe-mieszkanie-warszawa-mokotow-ul-rozana.jpg,,,4,1950.0,blok,,,,,,,,,,
Warszawa Bielany,ul. Wrzeciono,1.0,25.0,440000,17959.0,Bez pośredników,4 dni temu,5.0,https://adresowo.pl/o/mieszkanie-warszawa-bielany-ul-wrzeciono-1-pokoj-g3t2s6,https://s2.adresowa.pl/oi/45/6f/3b8f92_f2de_cover-1-pokojowe-mieszkanie-warszawa-bielany-ul-wrzeciono.jpg,,,1,1967.0,blok,,,,,,,,,,
Warszawa Ursynów,ul. Jana Cybisa,4.0,74.0,930000,12568.0,Oferta biura nieruchomości,5 dni temu,18.0,https://adresowo.pl/o/mieszkanie-warszawa-ursynow-ul-jana-cybisa-4-pokojowe-f0x6x5,https://s2.adresowa.pl/oi/4e/43/3b89d0_847c_cover-4-pokojowe-mieszkanie-warszawa-ursynow-ul-jana-cybisa.jpg,,,parter,1979.0,blok,,,,,,,,,52.155309,21.024614
Warszawa Białołęka,ul. Anastazego Kowalczyka,2.0,45.0,720000,15894.0,Oferta biura nieruchomości,5 dni temu,38.0,https://adresowo.pl/o/mieszkanie-warszawa-bialoleka-ul-anastazego-kowalczyka-2-pokojowe-y2y5u1,https://s2.adresowa.pl/oi/5e/51/3b89cc_6390_cover-2-pokojowe-mieszkanie-warszawa-bialoleka-ul-anastazego-kowalczyka.jpg,,,parter,2014.0,blok,,,,,,,,,,
Warszawa Białołęka,ul. Pasłęcka,5.0,122.0,1199000,9828.0,Bez pośredników,4 dni temu,9.0,https://adresowo.pl/o/mieszkanie-warszawa-bialoleka-ul-paslecka-5-pokojowe-t9m4b3,https://s2.adresowa.pl/oi/68/49/3b8ece_4e83_cover-5-pokojowe-mieszkanie-warszawa-bialoleka-ul-paslecka.jpg,,,parter,2002.0,blok,,,,,,,,,52.331591,20.948855
Warszawa Białołęka,ul. Przejezdna,1.0,29.0,420000,14438.0,Bez pośredników,4 dni temu,8.0,https://adresowo.pl/o/mieszkanie-warszawa-bialoleka-ul-przejezdna-1-pokoj-p0r9c0,https://s2.adresowa.pl/oi/25/59/3b8e32_8c7a_cover-1-pokojowe-mieszkanie-warszawa-bialoleka-ul-przejezdna.jpg,,,parter,2020.0,blok,,,,,,,,,,
Warszawa Ochota,ul. Grójecka,2.0,53.0,860000,16223.0,Oferta biura nieruchomości,5 dni temu,17.0,https://adresowo.pl/o/mieszkanie-warszawa-ochota-ul-grojecka-2-pokojowe-b6i2p7,https://s2.adresowa.pl/oi/1c/6d/3b84e6_f399_cover-2-pokojowe-mieszkanie-warszawa-ochota-ul-grojecka.jpg,,,3,2002.0,blok,,,,,,,,,,
Warszawa Mokotów,ul. Konstancińska,2.0,47.0,830000,17660.0,Oferta biura nieruchomości,5 dni temu,11.0,https://adresowo.pl/o/mieszkanie-warszawa-mokotow-ul-konstancinska-2-pokojowe-u0k4r0,https://s2.adresowa.pl/oi/66/58/3b84dc_4066_cover-2-pokojowe-mieszkanie-warszawa-mokotow-ul-konstancinska.jpg,,,parter,2008.0,blok,,,,,,,,,,
Warszawa Bemowo,ul. Puszczy Solskiej,2.0,41.0,700000,17073.0,Bez pośredników,4 dni temu,6.0,https://adresowo.pl/o/mieszkanie-warszawa-bemowo-ul-puszczy-solskiej-2-pokojowe-t8t6b7,https://s2.adresowa.pl/oi/2d/2e/3b8da2_8228_cover-2-pokojowe-mieszkanie-warszawa-bemowo-ul-puszczy-solskiej.jpg,,,3,1973.0,blok,,,,,,,,,,
Warszawa Odolany,ul. Juliana Konstantego Ordona,3.0,56.0,1300000,23050.0,Bez pośredników,4 dni temu,7.0,https://adresowo.pl/o/mieszkanie-warszawa-odolany-ul-juliana-konstantego-ordona-3-pokojowe-j7n3v7,https://s2.adresowa.pl/oi/50/12/3b8da4_be73_cover-3-pokojowe-mieszkanie-warszawa-odolany-ul-juliana-konstantego-ordona.jpg,,,parter,2017.0,blok,,,,,,,,,,
Warszawa Bemowo,ul. gen. Sylwestra Kaliskiego,2.0,51.0,750000,14634.0,Oferta biura nieruchomości,5 dni temu,7.0,https://adresowo.pl/o/mieszkanie-warszawa-bemowo-ul-gen-sylwestra-kaliskiego-2-pokojowe-v5k3j4,https://s2.adresowa.pl/oi/5f/25/3b84b0_f706_cover-2-pokojowe-mieszkanie-warszawa-bemowo-ul-gen-sylwestra-kaliskiego.jpg,,,1,1951.0,blok,,,,,,,,,,
Warszawa Praga-Południe,ul. Zgierska,1.0,20.0,480000,24000.0,Oferta biura nieruchomości,5 dni temu,11.0,https://adresowo.pl/o/mieszkanie-warszawa-praga-poludnie-ul-zgierska-1-pokoj-g4z7n8,https://s2.adresowa.pl/oi/10/61/3b84b2_7697_cover-1-pokojowe-mieszkanie-warszawa-praga-poludnie-ul-zgierska.jpg,,,parter,2025.0,apartamentowiec,,,,,,,,,52.238387,21.088439
Warszawa Białołęka,ul. Dziatwy,3.0,59.0,938000,15985.0,Bez pośredników,4 dni temu,13.0,https://adresowo.pl/o/mieszkanie-warszawa-bialoleka-ul-dziatwy-3-pokojowe-z2a4p0,https://s2.adresowa.pl/oi/3b/5f/3b8d74_3cd7_cover-3-pokojowe-mieszkanie-warszawa-bialoleka-ul-dziatwy.jpg,,,parter,2015.0,blok,,,,,,,,,,
Warszawa Bemowo,ul. Obrońców Tobruku,2.0,56.0,1035000,18649.0,Bez pośredników,4 dni temu,16.0,https://adresowo.pl/o/mieszkanie-warszawa-bemowo-ul-obroncow-tobruku-2-pokojowe-b7l7v4,https://s2.adresowa.pl/oi/32/27/3b8d68_2b4c_cover-2-pokojowe-mieszkanie-warszawa-bemowo-ul-obroncow-tobruku.jpg,,,parter,2008.0,blok,,,,,,,,,,
Warszawa Białołęka,ul. Porajów,2.0,48.0,550000,11458.0,Oferta biura nieruchomości,5 dni temu,3.0,https://adresowo.pl/o/mieszkanie-warszawa-bialoleka-ul-porajow-2-pokojowe-y3v6g4,https://s2.adresowa.pl/oi/58/5f/3b8466_5ba8_cover-2-pokojowe-mieszkanie-warszawa-bialoleka-ul-porajow.jpg,,,4,1984.0,blok,,,,,,,,,,
Warszawa Wola,ul. Pereca,3.0,50.0,950000,19061.0,Oferta biura nieruchomości,5 dni temu,15.0,https://adresowo.pl/o/mieszkanie-warszawa-wola-ul-pereca-3-pokojowe-h9o1m7,https://s2.adresowa.pl/oi/51/71/3b845c_5c57_cover-3-pokojowe-mieszkanie-warszawa-wola-ul-pereca.jpg,,,2,1972.0,blok,,,,,,,,,52.233177,20.994294
Warszawa Mokotów,al. Wyścigowa,2.0,59.0,1100000,18803.0,Bez pośredników,5 dni temu,12.0,https://adresowo.pl/o/mieszkanie-warszawa-mokotow-al-wyscigowa-2-pokojowe-x9i6p0,https://s2.adresowa.pl/oi/64/59/3b8c78_48e8_cover-2-pokojowe-mieszkanie-warszawa-mokotow-al-wyscigowa.jpg,,,7,2011.0,blok,,,,,,,,,52.167604,21.01194
Warszawa Muranów,ul. Stanisława Dubois,2.0,53.0,1150000,21633.0,Bez pośredników,5 dni temu,12.0,https://adresowo.pl/o/mieszkanie-warszawa-muranow-ul-stanislawa-dubois-2-pokojowe-a5i5v0,https://s2.adresowa.pl/oi/75/3b/3b8bb8_d348_cover-2-pokojowe-mieszkanie-warszawa-muranow-ul-stanislawa-dubois.jpg,,,parter,1960.0,blok,,,,,,,,,52.251412,20.995802
Warszawa Wola,ul. Jaktorowska,5.0,93.0,2300000,24774.0,Oferta biura nieruchomości,5 dni temu,15.0,https://adresowo.pl/o/mieszkanie-warszawa-wola-ul-jaktorowska-5-pokojowe-b4g4v8,https://s2.adresowa.pl/oi/20/79/3b8446_fe4a_cover-5-pokojowe-mieszkanie-warszawa-wola-ul-jaktorowska.jpg,,,1,2017.0,blok,,,,,,,,,,
Warszawa Ursynów,ul. Wilhelma Konrada Roentgena,2.0,57.0,840000,14737.0,Oferta biura nieruchomości,5 dni temu,13.0,https://adresowo.pl/o/mieszkanie-warszawa-ursynow-ul-wilhelma-konrada-roentgena-2-pokojowe-x3e5s3,https://s2.adresowa.pl/oi/4b/1d/3b8444_bb2c_cover-2-pokojowe-mieszkanie-warszawa-ursynow-ul-wilhelma-konrada-roentgena.jpg,,,2,1999.0,blok,,,,,,,,,,
Warszawa Bródno,ul. Krasnobrodzka,3.0,60.0,785000,13083.0,Bez pośredników,5 dni temu,16.0,https://adresowo.pl/o/mieszkanie-warszawa-brodno-ul-krasnobrodzka-3-pokojowe-e4l0e8,https://s2.adresowa.pl/oi/64/3d/3b8c1c_f454_cover-3-pokojowe-mieszkanie-warszawa-brodno-ul-krasnobrodzka.jpg,,,785,1976.0,blok,,,,,,,,,52.299806,21.042123
Warszawa Bielany,ul. Sandora Petöfiego,3.0,57.0,665000,11708.0,Bez pośredników,5 dni temu,17.0,https://adresowo.pl/o/mieszkanie-warszawa-bielany-ul-sandora-petofiego-3-pokojowe-y9j4v9,https://s2.adresowa.pl/oi/72/6e/3b8bc4_d4a0_cover-3-pokojowe-mieszkanie-warszawa-bielany-ul-sandora-petofiego.jpg,,,665,,blok,,,,,,,,,52.282716,20.929227
Warszawa Mokotów,ul. Wiktorska,1.0,23.0,489000,21261.0,Oferta biura nieruchomości,5 dni temu,4.0,https://adresowo.pl/o/mieszkanie-warszawa-mokotow-ul-wiktorska-1-pokoj-i7j1l4,https://s2.adresowa.pl/oi/76/19/3b8440_3ea7_cover-1-pokojowe-mieszkanie-warszawa-mokotow-ul-wiktorska.jpg,,,3,1964.0,blok,,,,,,,,,,
Warszawa Mokotów,ul. Bluszczańska,2.0,45.0,819000,18200.0,Oferta biura nieruchomości,6 dni temu,16.0,https://adresowo.pl/o/mieszkanie-warszawa-mokotow-ul-bluszczanska-2-pokojowe-y1z1i4,https://s2.adresowa.pl/oi/19/6c/3b8358_c658_cover-2-pokojowe-mieszkanie-warszawa-mokotow-ul-bluszczanska.jpg,,,parter,2012.0,blok,,,,,,,,,52.209541,21.067802
Warszawa Białołęka,ul. KĄTY GRODZISKIE,4.0,60.0,750000,12500.0,Bez pośredników,5 dni temu,4.0,https://adresowo.pl/o/mieszkanie-warszawa-bialoleka-ul-katy-grodziskie-4-pokojowe-r3u5n9,https://s2.adresowa.pl/oi/4d/6d/3b8b28_c9d6_cover-4-pokojowe-mieszkanie-warszawa-bialoleka-ul-katy-grodziskie.jpg,,,parter,2024.0,blok,,,,,,,,,52.327037,21.059053
Warszawa Wilanów,al. Rzeczypospolitej,2.0,42.0,960000,23088.0,Bez pośredników,5 dni temu,13.0,https://adresowo.pl/o/mieszkanie-warszawa-wilanow-al-rzeczypospolitej-2-pokojowe-d1z0t8,https://s2.adresowa.pl/oi/4f/67/3b8ace_afe2_cover-2-pokojowe-mieszkanie-warszawa-wilanow-al-rzeczypospolitej.jpg,,,parter,2015.0,apartamentowiec,,,,,,,,,,
Warszawa Ochota,ul. Drawska,3.0,68.0,1900000,27892.0,Oferta biura nieruchomości,6 dni temu,18.0,https://adresowo.pl/o/mieszkanie-warszawa-ochota-ul-drawska-3-pokojowe-s7j4z2,https://s2.adresowa.pl/oi/45/1e/3b82f8_4fa7_cover-3-pokojowe-mieszkanie-warszawa-ochota-ul-drawska.jpg,,,parter,2003.0,blok,,,,,,,,,52.205689,20.953963
Warszawa Śródmieście,pl. Unii Lubelskiej,2.0,50.0,1250000,25000.0,Oferta biura nieruchomości,6 dni temu,26.0,https://adresowo.pl/o/mieszkanie-warszawa-srodmiescie-pl-unii-lubelskiej-2-pokojowe-k9j8h2,https://s2.adresowa.pl/oi/6d/50/3b82d4_6484_cover-2-pokojowe-mieszkanie-warszawa-srodmiescie-pl-unii-lubelskiej.jpg,,,4,1930.0,kamienica,,,,,,,,,52.213054,21.021615
Warszawa Praga-Południe,ul. Ludwika Kickiego,3.0,55.0,780000,14182.0,Bez pośredników,5 dni temu,8.0,https://adresowo.pl/o/mieszkanie-warszawa-praga-poludnie-ul-ludwika-kickiego-3-pokojowe-h6r3c2,https://s2.adresowa.pl/oi/69/72/3b8a52_e107_cover-3-pokojowe-mieszkanie-warszawa-praga-poludnie-ul-ludwika-kickiego.jpg,,,13,1999.0,,,,,,,,,,52.252051,21.080594
Warszawa Wilanów,ul. Zdrowa,2.0,40.0,980000,24500.0,Bez pośredników,5 dni temu,8.0,https://adresowo.pl/o/mieszkanie-warszawa-wilanow-ul-zdrowa-2-pokojowe-p0i9c5,https://s2.adresowa.pl/oi/48/22/3b887a_6007_cover-2-pokojowe-mieszkanie-warszawa-wilanow-ul-zdrowa.jpg,,,parter,2017.0,,,,,,,,,,,
Warszawa Praga,ul. Gocławska,1.0,38.0,719000,18891.0,Oferta biura nieruchomości,6 dni temu,11.0,https://adresowo.pl/o/mieszkanie-warszawa-praga-ul-goclawska-1-pokoj-h9m5e2,https://s2.adresowa.pl/oi/29/12/3b82cc_dd58_cover-1-pokojowe-mieszkanie-warszawa-praga-ul-goclawska.jpg,,,3,2013.0,blok,,,,,,,,,,
Warszawa Włochy,ul. Aleje Jerozolimskie,5.0,116.0,1909616,16400.0,Oferta biura nieruchomości,6 dni temu,17.0,https://adresowo.pl/o/mieszkanie-warszawa-wlochy-ul-aleje-jerozolimskie-5-pokojowe-o9g5s5,https://s2.adresowa.pl/oi/7d/51/3b82c8_5772_cover-5-pokojowe-mieszkanie-warszawa-wlochy-ul-aleje-jerozolimskie.jpg,,,parter,2004.0,blok,,,,,,,,,52.199171,20.929842
Warszawa Ursus,ul. Edwarda Habicha,2.0,45.0,790000,17459.0,Bez pośredników,5 dni temu,10.0,https://adresowo.pl/o/mieszkanie-warszawa-ursus-ul-edwarda-habicha-2-pokojowe-v0w3g4,https://s2.adresowa.pl/oi/6b/7b/3b8852_f5a0_cover-2-pokojowe-mieszkanie-warszawa-ursus-ul-edwarda-habicha.jpg,,,1,2022.0,blok,,,,,,,,,52.204589,20.880754
Warszawa Targówek,ul. Pratulińska,2.0,47.0,890000,18936.0,Bez pośredników,5 dni temu,7.0,https://adresowo.pl/o/mieszkanie-warszawa-targowek-ul-pratulinska-2-pokojowe-j1g9q3,https://s2.adresowa.pl/oi/48/27/3b862e_e999_cover-2-pokojowe-mieszkanie-warszawa-targowek-ul-pratulinska.jpg,,,parter,2010.0,blok,,,,,,,,,,
Warszawa Mokotów,ul. Jurija Gagarina,2.0,47.0,710000,14995.0,Oferta biura nieruchomości,6 dni temu,8.0,https://adresowo.pl/o/mieszkanie-warszawa-mokotow-ul-jurija-gagarina-2-pokojowe-g4y2x4,https://s2.adresowa.pl/oi/67/5e/3b82c2_3d87_cover-2-pokojowe-mieszkanie-warszawa-mokotow-ul-jurija-gagarina.jpg,,,3,1958.0,,,,,,,,,,,
Warszawa Bemowo,ul. Rosy Bailly,1.0,26.0,420000,16154.0,Oferta biura nieruchomości,6 dni temu,6.0,https://adresowo.pl/o/mieszkanie-warszawa-bemowo-ul-rosy-bailly-1-pokoj-f9w2j3,https://s2.adresowa.pl/oi/76/5a/3b82c6_6154_cover-1-pokojowe-mieszkanie-warszawa-bemowo-ul-rosy-bailly.jpg,,,parter,1990.0,blok,,,,,,,,,,
Warszawa Śródmieście,ul. Pokorna,2.0,35.0,900000,25700.0,Bez pośredników,5 dni temu,6.0,https://adresowo.pl/o/mieszkanie-warszawa-srodmiescie-ul-pokorna-2-pokojowe-k3k6m1,https://s2.adresowa.pl/oi/3f/73/3b856e_3d29_cover-2-pokojowe-mieszkanie-warszawa-srodmiescie-ul-pokorna.jpg,,,8,2010.0,blok,,,,,,,,,52.254744,20.993808
Warszawa Śródmieście,ul. Fabryczna,2.0,49.0,1310000,26735.0,Oferta biura nieruchomości,6 dni temu,9.0,https://adresowo.pl/o/mieszkanie-warszawa-srodmiescie-ul-fabryczna-2-pokojowe-r4r1t3,https://s2.adresowa.pl/oi/1e/44/3b8294_631d_cover-2-pokojowe-mieszkanie-warszawa-srodmiescie-ul-fabryczna.jpg,,,2,2010.0,blok,,,,,,,,,,
Warszawa Praga,ul. Targowa,2.0,41.0,799000,19656.0,Oferta biura nieruchomości,6 dni temu,17.0,https://adresowo.pl/o/mieszkanie-warszawa-praga-ul-targowa-2-pokojowe-j6i2y6,https://s2.adresowa.pl/oi/68/4d/3b8262_44e9_cover-2-pokojowe-mieszkanie-warszawa-praga-ul-targowa.jpg,,,3,1928.0,kamienica,,,,,,,,,,
Warszawa Ochota,ul. Wacława Sierpińskiego,1.0,35.0,595000,17000.0,Bez pośredników,5 dni temu,7.0,https://adresowo.pl/o/mieszkanie-warszawa-ochota-ul-waclawa-sierpinskiego-1-pokoj-m3v3j3,https://s2.adresowa.pl/oi/3d/24/3b84b6_ce1a_cover-1-pokojowe-mieszkanie-warszawa-ochota-ul-waclawa-sierpinskiego.jpg,,,6,2002.0,blok,,,,,,,,,,
Warszawa Ochota,ul. Wacława Sierpińskiego,1.0,39.0,695000,17821.0,Bez pośredników,5 dni temu,6.0,https://adresowo.pl/o/mieszkanie-warszawa-ochota-ul-waclawa-sierpinskiego-1-pokoj-v7k6a3,https://s2.adresowa.pl/oi/54/5d/3b84ba_93be_cover-1-pokojowe-mieszkanie-warszawa-ochota-ul-waclawa-sierpinskiego.jpg,,,parter,2002.0,blok,,,,,,,,,,
Warszawa Bemowo,ul. Waleriana Czumy,2.0,50.0,692000,13785.0,Oferta biura nieruchomości,6 dni temu,10.0,https://adresowo.pl/o/mieszkanie-warszawa-bemowo-ul-waleriana-czumy-2-pokojowe-m0g1k1,https://s2.adresowa.pl/oi/6b/6d/3b8176_df85_cover-2-pokojowe-mieszkanie-warszawa-bemowo-ul-waleriana-czumy.jpg,,,3,1974.0,blok,,,,,,,,,52.23666,20.909044
Warszawa Ursynów,ul. Puszczyka,3.0,63.0,915000,14547.0,Oferta biura nieruchomości,6 dni temu,7.0,https://adresowo.pl/o/mieszkanie-warszawa-ursynow-ul-puszczyka-3-pokojowe-b3m6v1,https://s2.adresowa.pl/oi/3c/1d/3b8146_aeb3_cover-3-pokojowe-mieszkanie-warszawa-ursynow-ul-puszczyka.jpg,,,5,,blok,,,,,,,,,52.159021,21.022554
Warszawa Grochów,ul. Apteczna,2.0,50.0,800000,16000.0,Bez pośredników,5 dni temu,12.0,https://adresowo.pl/o/mieszkanie-warszawa-grochow-ul-apteczna-2-pokojowe-c2z8b7,https://s2.adresowa.pl/oi/5d/28/3b849e_c6a3_cover-2-pokojowe-mieszkanie-warszawa-grochow-ul-apteczna.jpg,,,parter,1950.0,,,,,,,,,,52.246764,21.081968
Warszawa Mokotów,ul. Bukowińska,4.0,104.0,2800000,26923.0,Bez pośredników,5 dni temu,8.0,https://adresowo.pl/o/mieszkanie-warszawa-mokotow-ul-bukowinska-4-pokojowe-j5x3f1,https://s2.adresowa.pl/oi/2b/28/3b8456_52e7_cover-4-pokojowe-mieszkanie-warszawa-mokotow-ul-bukowinska.jpg,,,3,2016.0,blok,,,,,,,,,,
Warszawa Wola,ul. Żelazna,2.0,58.0,1599000,27809.0,Oferta biura nieruchomości,6 dni temu,13.0,https://adresowo.pl/o/mieszkanie-warszawa-wola-ul-zelazna-2-pokojowe-u1l7m7,https://s2.adresowa.pl/oi/76/78/3b7e86_8bf9_cover-2-pokojowe-mieszkanie-warszawa-wola-ul-zelazna.jpg,,,parter,2003.0,blok,,,,,,,,,,
Warszawa Białołęka,ul. Pawła Włodkowica,3.0,56.0,690000,12321.0,Oferta biura nieruchomości,6 dni temu,6.0,https://adresowo.pl/o/mieszkanie-warszawa-bialoleka-ul-pawla-wlodkowica-3-pokojowe-o2i3f1,https://s2.adresowa.pl/oi/1f/6b/3b7e7c_c052_cover-3-pokojowe-mieszkanie-warszawa-bialoleka-ul-pawla-wlodkowica.jpg,,,parter,2025.0,blok,,,,,,,,,52.307504,21.031604
Warszawa Wola,ul. Gizów,3.0,67.0,1850000,27489.0,Bez pośredników,5 dni temu,13.0,https://adresowo.pl/o/mieszkanie-warszawa-wola-ul-gizow-3-pokojowe-d1k6e9,https://s2.adresowa.pl/oi/34/5e/3b8414_5fc2_cover-3-pokojowe-mieszkanie-warszawa-wola-ul-gizow.jpg,,,5,2012.0,blok,,,,,,,,,,
Warszawa Praga-Południe,ul. Szkoły Orląt,3.0,73.0,1399000,19243.0,Bez pośredników,5 dni temu,9.0,https://adresowo.pl/o/mieszkanie-warszawa-praga-poludnie-ul-szkoly-orlat-3-pokojowe-n0y5u9,https://s2.adresowa.pl/oi/22/54/3b840e_66fc_cover-3-pokojowe-mieszkanie-warszawa-praga-poludnie-ul-szkoly-orlat.jpg,,,parter,2004.0,,,,,,,,,,52.227435,21.108032
Warszawa Białołęka,ul. Myśliborska,2.0,38.0,575000,15132.0,Oferta biura nieruchomości,6 dni temu,5.0,https://adresowo.pl/o/mieszkanie-warszawa-bialoleka-ul-mysliborska-2-pokojowe-j5m4u0,https://s2.adresowa.pl/oi/41/7d/3b7e80_c4bf_cover-2-pokojowe-mieszkanie-warszawa-bialoleka-ul-mysliborska.jpg,,,parter,2026.0,blok,,,,,,,,,,
Warszawa Praga,ul. Podskarbińska,1.0,35.0,590000,16857.0,Oferta biura nieruchomości,6 dni temu,4.0,https://adresowo.pl/o/mieszkanie-warszawa-praga-ul-podskarbinska-1-pokoj-p1q5y7,https://s2.adresowa.pl/oi/16/4a/3b7e78_5810_cover-1-pokojowe-mieszkanie-warszawa-praga-ul-podskarbinska.jpg,,,parter,2026.0,blok,,,,,,,,,52.25047,21.06828
Warszawa Mokotów,ul. Baboszewska,1.0,38.0,697000,18246.0,Bez pośredników,5 dni temu,8.0,https://adresowo.pl/o/mieszkanie-warszawa-mokotow-ul-baboszewska-1-pokoj-q5p4n9,https://s2.adresowa.pl/oi/2f/3a/3b8404_d9e2_cover-1-pokojowe-mieszkanie-warszawa-mokotow-ul-baboszewska.jpg,,,4,1957.0,,,,,,,,,,52.19372,21.003662
Warszawa Bemowo,ul. Człuchowska,3.0,61.0,1299000,21295.0,Bez pośredników,6 dni temu,5.0,https://adresowo.pl/o/mieszkanie-warszawa-bemowo-ul-czluchowska-3-pokojowe-u5v6u6,https://s2.adresowa.pl/oi/40/26/3b83d8_ef10_cover-3-pokojowe-mieszkanie-warszawa-bemowo-ul-czluchowska.jpg,,,parter,2021.0,blok,,,,,,,,,,
Warszawa Białołęka,ul. Pawła Włodkowica,2.0,48.0,620000,12917.0,Oferta biura nieruchomości,6 dni temu,6.0,https://adresowo.pl/o/mieszkanie-warszawa-bialoleka-ul-pawla-wlodkowica-2-pokojowe-b1b5j0,https://s2.adresowa.pl/oi/5b/1c/3b7e7a_a635_cover-2-pokojowe-mieszkanie-warszawa-bialoleka-ul-pawla-wlodkowica.jpg,,,2,2025.0,blok,,,,,,,,,52.307504,21.031604
Warszawa Praga,ul. Podskarbińska,2.0,42.0,680000,16190.0,Oferta biura nieruchomości,6 dni temu,4.0,https://adresowo.pl/o/mieszkanie-warszawa-praga-ul-podskarbinska-2-pokojowe-n6o2x2,https://s2.adresowa.pl/oi/6e/6b/3b7e74_e7d4_cover-2-pokojowe-mieszkanie-warszawa-praga-ul-podskarbinska.jpg,,,parter,2026.0,blok,,,,,,,,,52.25047,21.06828
Warszawa Białołęka,ul. Skarbka z Gór,3.0,59.0,855000,14492.0,Bez pośredników,6 dni temu,9.0,https://adresowo.pl/o/mieszkanie-warszawa-bialoleka-ul-skarbka-z-gor-3-pokojowe-h4x6f3,https://s2.adresowa.pl/oi/11/5d/3b839c_f9c6_cover-3-pokojowe-mieszkanie-warszawa-bialoleka-ul-skarbka-z-gor.jpg,,,parter,2011.0,blok,,,,,,,,,,
Warszawa Grochów,ul. Osowska,2.0,50.0,820000,16400.0,Bez pośredników,6 dni temu,8.0,https://adresowo.pl/o/mieszkanie-warszawa-grochow-ul-osowska-2-pokojowe-g2o6j3,https://s2.adresowa.pl/oi/77/4c/3b82d0_388a_cover-2-pokojowe-mieszkanie-warszawa-grochow-ul-osowska.jpg,,,parter,1961.0,blok,,,,,,,,,52.246435,21.09576
Warszawa Praga,ul. Podskarbińska,2.0,42.0,680000,16190.0,Oferta biura nieruchomości,6 dni temu,4.0,https://adresowo.pl/o/mieszkanie-warszawa-praga-ul-podskarbinska-2-pokojowe-l6e1y0,https://s2.adresowa.pl/oi/45/45/3b7e76_7798_cover-2-pokojowe-mieszkanie-warszawa-praga-ul-podskarbinska.jpg,,,parter,2026.0,blok,,,,,,,,,52.25047,21.06828
Warszawa Praga,ul. Podskarbińska,4.0,72.0,889000,12347.0,Oferta biura nieruchomości,6 dni temu,5.0,https://adresowo.pl/o/mieszkanie-warszawa-praga-ul-podskarbinska-4-pokojowe-y0i7u5,https://s2.adresowa.pl/oi/38/22/3b7e6a_7034_cover-4-pokojowe-mieszkanie-warszawa-praga-ul-podskarbinska.jpg,,,parter,2026.0,blok,,,,,,,,,52.25047,21.06828
Warszawa Białołęka,ul. Grzymalitów,1.0,38.0,530000,13947.0,Bez pośredników,6 dni temu,8.0,https://adresowo.pl/o/mieszkanie-warszawa-bialoleka-ul-grzymalitow-1-pokoj-w2c1a1,https://s2.adresowa.pl/oi/20/37/3b8290_2b65_cover-1-pokojowe-mieszkanie-warszawa-bialoleka-ul-grzymalitow.jpg,,,515,2001.0,blok,,,,,,,,,52.337543,20.939177
Warszawa Ursynów,ul. Stefana Szolc-Rogozińskiego,1.0,31.0,510000,16505.0,Bez pośredników,6 dni temu,1.0,https://adresowo.pl/o/mieszkanie-warszawa-ursynow-ul-stefana-szolc-rogozinskiego-1-pokoj-p0i0f5,https://s2.adresowa.pl/oi/71/55/3b8236_5aa0_cover-1-pokojowe-mieszkanie-warszawa-ursynow-ul-stefana-szolc-rogozinskiego.jpg,,,3,1986.0,blok,,,,,,,,,,
Warszawa Praga,ul. Podskarbińska,3.0,56.0,839000,14982.0,Oferta biura nieruchomości,6 dni temu,4.0,https://adresowo.pl/o/mieszkanie-warszawa-praga-ul-podskarbinska-3-pokojowe-c6t5e2,https://s2.adresowa.pl/oi/38/71/3b7e6e_5695_cover-3-pokojowe-mieszkanie-warszawa-praga-ul-podskarbinska.jpg,,,parter,2026.0,blok,,,,,,,,,52.25047,21.06828
Warszawa Bemowo,ul. Szeligowska,2.0,46.0,704000,15304.0,Oferta biura nieruchomości,6 dni temu,6.0,https://adresowo.pl/o/mieszkanie-warszawa-bemowo-ul-szeligowska-2-pokojowe-k8f5v5,https://s2.adresowa.pl/oi/74/70/3b7e60_d384_cover-2-pokojowe-mieszkanie-warszawa-bemowo-ul-szeligowska.jpg,,,parter,2026.0,blok,,,,,,,,,52.251312,21.066176
Warszawa Bielany,ul. Jana Kochanowskiego,2.0,38.0,699000,18640.0,Bez pośredników,6 dni temu,54.0,https://adresowo.pl/o/mieszkanie-warszawa-bielany-ul-jana-kochanowskiego-2-pokojowe-c1a8z2,https://s2.adresowa.pl/oi/4e/18/3b7ef6_c464_cover-2-pokojowe-mieszkanie-warszawa-bielany-ul-jana-kochanowskiego.jpg,,,parter,1980.0,blok,,,,,,,,,52.269484,20.944822
Warszawa Wola,ul. Redutowa,2.0,38.0,649000,17052.0,Bez pośredników,6 dni temu,16.0,https://adresowo.pl/o/mieszkanie-warszawa-wola-ul-redutowa-2-pokojowe-l2z0f2,https://s2.adresowa.pl/oi/62/48/3b8142_b6f6_cover-2-pokojowe-mieszkanie-warszawa-wola-ul-redutowa.jpg,,,parter,1964.0,blok,,,,,,,,,,
Warszawa Ursynów,ul. Polki,3.0,55.0,1350000,24694.0,Bez pośredników,6 dni temu,1.0,https://adresowo.pl/o/mieszkanie-warszawa-ursynow-ul-polki-3-pokojowe-k8d2m9,https://s2.adresowa.pl/oi/2d/5e/3b7fac_58d5_cover-3-pokojowe-mieszkanie-warszawa-ursynow-ul-polki.jpg,,,parter,2019.0,blok,,,,,,,,,52.151728,21.004518
Warszawa Bemowo,ul. Szeligowska,3.0,63.0,898000,14254.0,Oferta biura nieruchomości,6 dni temu,5.0,https://adresowo.pl/o/mieszkanie-warszawa-bemowo-ul-szeligowska-3-pokojowe-f5j1u7,https://s2.adresowa.pl/oi/62/62/3b7e62_72fd_cover-3-pokojowe-mieszkanie-warszawa-bemowo-ul-szeligowska.jpg,,,parter,2026.0,blok,,,,,,,,,,
Warszawa Mokotów,ul. Wołoska,2.0,37.0,825000,22297.0,Oferta biura nieruchomości,6 dni temu,4.0,https://adresowo.pl/o/mieszkanie-warszawa-mokotow-ul-woloska-2-pokojowe-y6t4s7,https://s2.adresowa.pl/oi/30/73/3b7e5a_9ecd_cover-2-pokojowe-mieszkanie-warszawa-mokotow-ul-woloska.jpg,,,5,2025.0,blok,,,,,,,,,52.177528,20.99982
Warszawa Białołęka,ul. Płochocińska,2.0,64.0,759000,11789.0,Bez pośredników,6 dni temu,10.0,https://adresowo.pl/o/mieszkanie-warszawa-bialoleka-ul-plochocinska-2-pokojowe-q6h8q1,https://s2.adresowa.pl/oi/64/1c/3b80c4_66c9_cover-2-pokojowe-mieszkanie-warszawa-bialoleka-ul-plochocinska.jpg,,,parter,2017.0,blok,,,,,,,,,52.337715,21.023875
Warszawa Targówek,ul. Malborska,3.0,61.0,1120000,18286.0,Bez pośredników,6 dni temu,6.0,https://adresowo.pl/o/mieszkanie-warszawa-targowek-ul-malborska-3-pokojowe-y8h7r9,https://s2.adresowa.pl/oi/68/3c/3b80da_db6e_cover-3-pokojowe-mieszkanie-warszawa-targowek-ul-malborska.jpg,,,parter,2009.0,blok,,,,,,,,,52.29891,21.063635
Warszawa Mokotów,ul. Wołoska,4.0,73.0,1300000,17808.0,Oferta biura nieruchomości,6 dni temu,5.0,https://adresowo.pl/o/mieszkanie-warszawa-mokotow-ul-woloska-4-pokojowe-m7t8f3,https://s2.adresowa.pl/oi/43/20/3b7e5e_6494_cover-4-pokojowe-mieszkanie-warszawa-mokotow-ul-woloska.jpg,,,866,2025.0,blok,,,,,,,,,52.253023,21.069957
Warszawa Białołęka,ul. Marywilska,3.0,92.0,1200000,13043.0,Oferta biura nieruchomości,6 dni temu,6.0,https://adresowo.pl/o/mieszkanie-warszawa-bialoleka-ul-marywilska-3-pokojowe-i3h0l4,https://s2.adresowa.pl/oi/34/4e/3b7e56_ae68_cover-3-pokojowe-mieszkanie-warszawa-bialoleka-ul-marywilska.jpg,,,3,2025.0,blok,,,,,,,,,52.29358,21.02006
Warszawa Ursus,ul. Górna Droga,2.0,45.0,699000,15603.0,Bez pośredników,6 dni temu,13.0,https://adresowo.pl/o/mieszkanie-warszawa-ursus-ul-gorna-droga-2-pokojowe-r7j2b8,https://s2.adresowa.pl/oi/70/37/3b80ce_eae2_cover-2-pokojowe-mieszkanie-warszawa-ursus-ul-gorna-droga.jpg,,,parter,2002.0,blok,,,,,,,,,52.185454,20.867933
Warszawa Mokotów,ul. Cieszyńska,3.0,48.0,910000,18958.0,Bez pośredników,6 dni temu,9.0,https://adresowo.pl/o/mieszkanie-warszawa-mokotow-ul-cieszynska-3-pokojowe-k1n6k7,https://s2.adresowa.pl/oi/22/58/3b8064_d1f5_cover-3-pokojowe-mieszkanie-warszawa-mokotow-ul-cieszynska.jpg,,,parter,1970.0,blok,,,,,,,,,,
Warszawa Mokotów,ul. Antoniewska,5.0,85.0,1080000,12706.0,Oferta biura nieruchomości,6 dni temu,5.0,https://adresowo.pl/o/mieszkanie-warszawa-mokotow-ul-antoniewska-5-pokojowe-y9s6z0,https://s2.adresowa.pl/oi/3c/61/3b7e58_4498_cover-5-pokojowe-mieszkanie-warszawa-mokotow-ul-antoniewska.jpg,,,2,2025.0,blok,,,,,,,,,52.251394,21.068305
Warszawa Białołęka,ul. Myśliborska,2.0,44.0,650000,14773.0,Oferta biura nieruchomości,6 dni temu,5.0,https://adresowo.pl/o/mieszkanie-warszawa-bialoleka-ul-mysliborska-2-pokojowe-v1a7o1,https://s2.adresowa.pl/oi/75/74/3b7e4e_2786_cover-2-pokojowe-mieszkanie-warszawa-bialoleka-ul-mysliborska.jpg,,,parter,2026.0,blok,,,,,,,,,,
Warszawa Włochy,ul. Bakalarska,1.0,46.0,1180000,25686.0,Bez pośredników,6 dni temu,8.0,https://adresowo.pl/o/mieszkanie-warszawa-wlochy-ul-bakalarska-1-pokoj-s8x4t8,https://s2.adresowa.pl/oi/74/24/3b8046_3803_cover-1-pokojowe-mieszkanie-warszawa-wlochy-ul-bakalarska.jpg,,,parter,2017.0,blok,,,,,,,,,52.193879,20.956879
Warszawa Mokotów,ul. Kujawska,2.0,37.0,890000,24054.0,Bez pośredników,6 dni temu,8.0,https://adresowo.pl/o/mieszkanie-warszawa-mokotow-ul-kujawska-2-pokojowe-n4n1r4,https://s2.adresowa.pl/oi/65/44/3b7ff8_3081_cover-2-pokojowe-mieszkanie-warszawa-mokotow-ul-kujawska.jpg,,,parter,1934.0,kamienica,,,,,,,,,52.210235,21.023772
Warszawa Białołęka,ul. Myśliborska,3.0,55.0,770000,14000.0,Oferta biura nieruchomości,6 dni temu,5.0,https://adresowo.pl/o/mieszkanie-warszawa-bialoleka-ul-mysliborska-3-pokojowe-i2e8k4,https://s2.adresowa.pl/oi/27/49/3b7e52_30d4_cover-3-pokojowe-mieszkanie-warszawa-bialoleka-ul-mysliborska.jpg,,,parter,2026.0,blok,,,,,,,,,,
Warszawa Białołęka,ul. Marywilska,3.0,60.0,680000,11333.0,Oferta biura nieruchomości,6 dni temu,4.0,https://adresowo.pl/o/mieszkanie-warszawa-bialoleka-ul-marywilska-3-pokojowe-f3i1n2,https://s2.adresowa.pl/oi/6a/1b/3b7e46_d265_cover-3-pokojowe-mieszkanie-warszawa-bialoleka-ul-marywilska.jpg,,,parter,2025.0,blok,,,,,,,,,52.29358,21.02006
Warszawa Białołęka,ul. Skarbka z Gór,2.0,49.0,607500,12500.0,Bez pośredników,6 dni temu,20.0,https://adresowo.pl/o/mieszkanie-warszawa-bialoleka-ul-skarbka-z-gor-2-pokojowe-q3i8l8,https://s2.adresowa.pl/oi/48/71/3b7ffa_f520_cover-2-pokojowe-mieszkanie-warszawa-bialoleka-ul-skarbka-z-gor.jpg,,,parter,2007.0,blok,,,,,,,,,,
Warszawa Bielany,ul. Marymoncka,1.0,27.0,520000,19476.0,Bez pośredników,6 dni temu,8.0,https://adresowo.pl/o/mieszkanie-warszawa-bielany-ul-marymoncka-1-pokoj-o7j3p9,https://s2.adresowa.pl/oi/2d/3a/3b7ff6_e25f_cover-1-pokojowe-mieszkanie-warszawa-bielany-ul-marymoncka.jpg,,,parter,1963.0,blok,,,,,,,,,,
Warszawa Mokotów,ul. Wołoska,3.0,56.0,993000,17732.0,Oferta biura nieruchomości,6 dni temu,5.0,https://adresowo.pl/o/mieszkanie-warszawa-mokotow-ul-woloska-3-pokojowe-i5r6w0,https://s2.adresowa.pl/oi/76/68/3b7e4a_7163_cover-3-pokojowe-mieszkanie-warszawa-mokotow-ul-woloska.jpg,,,4,2025.0,blok,,,,,,,,,52.177528,20.99982
Warszawa Białołęka,ul. Odkryta,3.0,71.0,850000,12040.0,Oferta biura nieruchomości,6 dni temu,20.0,https://adresowo.pl/o/mieszkanie-warszawa-bialoleka-ul-odkryta-3-pokojowe-x3r6l9,https://s2.adresowa.pl/oi/62/25/3b7e30_463b_cover-3-pokojowe-mieszkanie-warszawa-bialoleka-ul-odkryta.jpg,,,parter,2001.0,blok,,,,,,,,,,
Warszawa Ursynów,ul. Hawajska,4.0,71.0,1095000,15423.0,Bez pośredników,6 dni temu,17.0,https://adresowo.pl/o/mieszkanie-warszawa-ursynow-ul-hawajska-4-pokojowe-l4o9n0,https://s2.adresowa.pl/oi/34/78/3b7e94_d093_cover-4-pokojowe-mieszkanie-warszawa-ursynow-ul-hawajska.jpg,,,parter,1983.0,blok,,,,,,,,,,
Warszawa Ursynów,ul. Edwarda Dembowskiego,3.0,63.0,849000,13498.0,Oferta biura nieruchomości,ponad tydzień temu,2.0,https://adresowo.pl/o/mieszkanie-warszawa-ursynow-ul-edwarda-dembowskiego-3-pokojowe-t1v6z8,https://s2.adresowa.pl/oi/65/33/3b7c82_c24a_cover-3-pokojowe-mieszkanie-warszawa-ursynow-ul-edwarda-dembowskiego.jpg,,,parter,1979.0,blok,,,,,,,,,52.154302,21.033032
Warszawa Mokotów,ul. Cieszyńska,3.0,54.0,829000,15242.0,Oferta biura nieruchomości,ponad tydzień temu,11.0,https://adresowo.pl/o/mieszkanie-warszawa-mokotow-ul-cieszynska-3-pokojowe-z0f0t0,https://s2.adresowa.pl/oi/5d/2a/3b7c84_e68a_cover-3-pokojowe-mieszkanie-warszawa-mokotow-ul-cieszynska.jpg,,,2,1968.0,blok,,,,,,,,,,
Warszawa Ursynów,ul. rtm. Witolda Pileckiego,2.0,41.0,1499000,36508.0,Bez pośredników,6 dni temu,6.0,https://adresowo.pl/o/mieszkanie-warszawa-ursynow-ul-rtm-witolda-pileckiego-2-pokojowe-b0r0u1,https://s2.adresowa.pl/oi/65/67/3b7e42_9353_cover-2-pokojowe-mieszkanie-warszawa-ursynow-ul-rtm-witolda-pileckiego.jpg,,,parter,2021.0,blok,,,,,,,,,52.148154,21.034582
Warszawa Ursynów,ul. Czesława Przybylskiego,2.0,48.0,679000,14175.0,Bez pośredników,6 dni temu,6.0,https://adresowo.pl/o/mieszkanie-warszawa-ursynow-ul-czeslawa-przybylskiego-2-pokojowe-k6h6x9,https://s2.adresowa.pl/oi/47/6d/3b7e38_44a5_cover-2-pokojowe-mieszkanie-warszawa-ursynow-ul-czeslawa-przybylskiego.jpg,,,2,1985.0,blok,,,,,,,,,52.158375,21.053021
Warszawa Ursynów,ul. Nowoursynowska,2.0,50.0,990000,19800.0,Oferta biura nieruchomości,ponad tydzień temu,5.0,https://adresowo.pl/o/mieszkanie-warszawa-ursynow-ul-nowoursynowska-2-pokojowe-d2r1p4,https://s2.adresowa.pl/oi/6f/70/3b7c78_b6f0_cover-2-pokojowe-mieszkanie-warszawa-ursynow-ul-nowoursynowska.jpg,,,3,2001.0,blok,,,,,,,,,,
Warszawa Praga-Południe,ul. Ostrobramska,2.0,38.0,669000,17840.0,Oferta biura nieruchomości,ponad tydzień temu,8.0,https://adresowo.pl/o/mieszkanie-warszawa-praga-poludnie-ul-ostrobramska-2-pokojowe-a9m6e1,https://s2.adresowa.pl/oi/1f/28/3b7c80_ae0b_cover-2-pokojowe-mieszkanie-warszawa-praga-poludnie-ul-ostrobramska.jpg,,,parter,1976.0,blok,,,,,,,,,,
Warszawa Ochota,ul. Stefana Batorego,1.0,18.0,400000,22222.0,Bez pośredników,6 dni temu,8.0,https://adresowo.pl/o/mieszkanie-warszawa-ochota-ul-stefana-batorego-1-pokoj-o0t9x0,https://s2.adresowa.pl/oi/17/38/3b7e1c_eba0_cover-1-pokojowe-mieszkanie-warszawa-ochota-ul-stefana-batorego.jpg,,,2,1968.0,blok,,,,,,,,,52.210602,21.00996
Warszawa Wola,ul. Wawrzyszewska,2.0,68.0,1300000,19067.0,Bez pośredników,6 dni temu,16.0,https://adresowo.pl/o/mieszkanie-warszawa-wola-ul-wawrzyszewska-2-pokojowe-d9z4c8,https://s2.adresowa.pl/oi/7d/4e/3b7dd0_9784_cover-2-pokojowe-mieszkanie-warszawa-wola-ul-wawrzyszewska.jpg,,,3,2017.0,blok,,,,,,,,,52.247402,20.963645
Warszawa Praga-Południe,ul. Grochowska,3.0,67.0,840000,12537.0,Oferta biura nieruchomości,ponad tydzień temu,9.0,https://adresowo.pl/o/mieszkanie-warszawa-praga-poludnie-ul-grochowska-3-pokojowe-k9p4t7,https://s2.adresowa.pl/oi/3a/27/3b7c72_b0d4_cover-3-pokojowe-mieszkanie-warszawa-praga-poludnie-ul-grochowska.jpg,,,parter,2000.0,blok,,,,,,,,,52.243885,21.097209
Warszawa Ursynów,ul. Alternatywy,4.0,110.0,1890000,17182.0,Oferta biura nieruchomości,ponad tydzień temu,2.0,https://adresowo.pl/o/mieszkanie-warszawa-ursynow-ul-alternatywy-4-pokojowe-h4n4q6,https://s2.adresowa.pl/oi/2a/57/3b7c74_e587_cover-4-pokojowe-mieszkanie-warszawa-ursynow-ul-alternatywy.jpg,,,parter,2006.0,blok,,,,,,,,,52.142466,21.032658
Warszawa Wilanów,al. Rzeczypospolitej,2.0,41.0,865000,21098.0,Bez pośredników,6 dni temu,1.0,https://adresowo.pl/o/mieszkanie-warszawa-wilanow-al-rzeczypospolitej-2-pokojowe-b4s5s5,https://s2.adresowa.pl/oi/6a/7c/3b7dc4_7bec_cover-2-pokojowe-mieszkanie-warszawa-wilanow-al-rzeczypospolitej.jpg,,,parter,2018.0,blok,,,,,,,,,,
Warszawa Śródmieście,ul. Kozia,1.0,20.0,595000,29587.0,Bez pośredników,6 dni temu,8.0,https://adresowo.pl/o/mieszkanie-warszawa-srodmiescie-ul-kozia-1-pokoj-c6d9w2,https://s2.adresowa.pl/oi/33/72/3b7dbe_638f_cover-1-pokojowe-mieszkanie-warszawa-srodmiescie-ul-kozia.jpg,,,parter,1950.0,blok,,,,,,,,,52.244349,21.013529
Warszawa Bielany,ul. Efraima Schroegera,2.0,51.0,799000,15685.0,Oferta biura nieruchomości,ponad tydzień temu,12.0,https://adresowo.pl/o/mieszkanie-warszawa-bielany-ul-efraima-schroegera-2-pokojowe-x5h6q3,https://s2.adresowa.pl/oi/4a/3b/3b7c5e_62e8_cover-2-pokojowe-mieszkanie-warszawa-bielany-ul-efraima-schroegera.jpg,,,parter,1956.0,blok,,,,,,,,,52.281302,20.941508
Warszawa Białołęka,ul. Marywilska,2.0,52.0,750000,14423.0,Oferta biura nieruchomości,ponad tydzień temu,12.0,https://adresowo.pl/o/mieszkanie-warszawa-bialoleka-ul-marywilska-2-pokojowe-j4y5m2,https://s2.adresowa.pl/oi/11/3c/3b7c28_b950_cover-2-pokojowe-mieszkanie-warszawa-bialoleka-ul-marywilska.jpg,,,parter,2019.0,blok,,,,,,,,,,
Warszawa Gocław,ul. Floriana Znanieckiego,3.0,70.0,1090000,15571.0,Bez pośredników,6 dni temu,9.0,https://adresowo.pl/o/mieszkanie-warszawa-goclaw-ul-floriana-znanieckiego-3-pokojowe-u8b7l5,https://s2.adresowa.pl/oi/7d/5c/3b7d9e_64ca_cover-3-pokojowe-mieszkanie-warszawa-goclaw-ul-floriana-znanieckiego.jpg,,,parter,2009.0,blok,,,,,,,,,,
Warszawa Natolin,ul. Stanisława Kazury,3.0,65.0,960000,14769.0,Bez pośredników,6 dni temu,14.0,https://adresowo.pl/o/mieszkanie-warszawa-natolin-ul-stanislawa-kazury-3-pokojowe-j9t1g3,https://s2.adresowa.pl/oi/37/20/3b7d94_769d_cover-3-pokojowe-mieszkanie-warszawa-natolin-ul-stanislawa-kazury.jpg,,,10,1981.0,blok,,,,,,,,,52.138905,21.04495
Warszawa Praga,ul. Igańska,3.0,63.0,790000,12640.0,Oferta biura nieruchomości,ponad tydzień temu,13.0,https://adresowo.pl/o/mieszkanie-warszawa-praga-ul-iganska-3-pokojowe-z5q0p0,https://s2.adresowa.pl/oi/75/3d/3b7c22_2db3_cover-3-pokojowe-mieszkanie-warszawa-praga-ul-iganska.jpg,,,parter,1985.0,blok,,,,,,,,,52.242722,21.090423
Warszawa Wilanów,ul. abp. Józefa Teodorowicza,2.0,35.0,760000,21764.0,Oferta biura nieruchomości,ponad tydzień temu,15.0,https://adresowo.pl/o/mieszkanie-warszawa-wilanow-ul-abp-jozefa-teodorowicza-2-pokojowe-h2e0y7,https://s2.adresowa.pl/oi/61/1d/3b7c20_f4fa_cover-2-pokojowe-mieszkanie-warszawa-wilanow-ul-abp-jozefa-teodorowicza.jpg,,,2,2018.0,blok,,,,,,,,,,
Warszawa Włochy,ul. Wiktoryn,1.0,17.0,310000,17919.0,Bez pośredników,6 dni temu,5.0,https://adresowo.pl/o/mieszkanie-warszawa-wlochy-ul-wiktoryn-1-pokoj-f1l0i6,https://s2.adresowa.pl/oi/16/72/3b7d7c_32dc_cover-1-pokojowe-mieszkanie-warszawa-wlochy-ul-wiktoryn.jpg,,,3,2022.0,blok,,,,,,,,,,
Warszawa Gocław,ul. Salamandry,3.0,61.0,890000,14590.0,Bez pośredników,ponad tydzień temu,23.0,https://adresowo.pl/o/mieszkanie-warszawa-goclaw-ul-salamandry-3-pokojowe-v2b2t6,https://s2.adresowa.pl/oi/42/78/3b7d20_45f6_cover-3-pokojowe-mieszkanie-warszawa-goclaw-ul-salamandry.jpg,,,820,1982.0,blok,,,,,,,,,52.22593,21.09193
Warszawa Bielany,ul. Wrzeciono,2.0,37.0,499000,13486.0,Bez pośredników,ponad tydzień temu,7.0,https://adresowo.pl/o/mieszkanie-warszawa-bielany-ul-wrzeciono-2-pokojowe-x6a6b2,https://s2.adresowa.pl/oi/18/77/3b7c50_2e3c_cover-2-pokojowe-mieszkanie-warszawa-bielany-ul-wrzeciono.jpg,,,parter,1967.0,blok,,,,,,,,,,
Warszawa Ursus,ul. Mariana Keniga,2.0,38.0,499000,13201.0,Oferta biura nieruchomości,ponad tydzień temu,19.0,https://adresowo.pl/o/mieszkanie-warszawa-ursus-ul-mariana-keniga-2-pokojowe-e0q0n3,https://s2.adresowa.pl/oi/37/5b/3b7c1a_5568_cover-2-pokojowe-mieszkanie-warszawa-ursus-ul-mariana-keniga.jpg,,,3,1962.0,blok,,,,,,,,,,
Warszawa Włochy,ul. Wiktoryn,2.0,32.0,594000,18563.0,Oferta biura nieruchomości,ponad tydzień temu,8.0,https://adresowo.pl/o/mieszkanie-warszawa-wlochy-ul-wiktoryn-2-pokojowe-n8n6m2,https://s2.adresowa.pl/oi/3f/29/3b7bf6_6e50_cover-2-pokojowe-mieszkanie-warszawa-wlochy-ul-wiktoryn.jpg,,,parter,2022.0,blok,,,,,,,,,,
Warszawa Ursus,ul. Stanisława Wojciechowskiego,2.0,38.0,593000,15688.0,Bez pośredników,ponad tydzień temu,8.0,https://adresowo.pl/o/mieszkanie-warszawa-ursus-ul-stanislawa-wojciechowskiego-2-pokojowe-m3q2z2,https://s2.adresowa.pl/oi/18/4a/3b7c58_3afe_cover-2-pokojowe-mieszkanie-warszawa-ursus-ul-stanislawa-wojciechowskiego.jpg,,,593,1974.0,blok,,,,,,,,,52.195432,20.875229
Warszawa Bemowo,ul. Kluczborska,2.0,51.0,1070000,21188.0,Bez pośredników,ponad tydzień temu,20.0,https://adresowo.pl/o/mieszkanie-warszawa-bemowo-ul-kluczborska-2-pokojowe-t9d8r4,https://s2.adresowa.pl/oi/67/20/3b7bd0_5d20_cover-2-pokojowe-mieszkanie-warszawa-bemowo-ul-kluczborska.jpg,,,parter,2013.0,blok,,,,,,,,,52.242479,20.922496
Warszawa Mokotów,ul. Bernardyńska,2.0,39.0,666000,17254.0,Bez pośredników,ponad tydzień temu,18.0,https://adresowo.pl/o/mieszkanie-warszawa-mokotow-ul-bernardynska-2-pokojowe-l7q8p0,https://s2.adresowa.pl/oi/32/47/3b7bba_d4f5_cover-2-pokojowe-mieszkanie-warszawa-mokotow-ul-bernardynska.jpg,,,4,1978.0,blok,,,,,,,,,52.194129,21.062076
Warszawa Białołęka,ul. Pasłęcka,2.0,39.0,570600,14631.0,Oferta biura nieruchomości,ponad tydzień temu,10.0,https://adresowo.pl/o/mieszkanie-warszawa-bialoleka-ul-paslecka-2-pokojowe-e8q4p7,https://s2.adresowa.pl/oi/52/30/3b760a_4e32_cover-2-pokojowe-mieszkanie-warszawa-bialoleka-ul-paslecka.jpg,,,parter,2007.0,blok,,,,,,,,,,
Warszawa Praga,ul. Konrada Guderskiego,3.0,62.0,899000,14500.0,Oferta biura nieruchomości,ponad tydzień temu,15.0,https://adresowo.pl/o/mieszkanie-warszawa-praga-ul-konrada-guderskiego-3-pokojowe-v4r3m4,https://s2.adresowa.pl/oi/30/34/3b75d8_7e1b_cover-3-pokojowe-mieszkanie-warszawa-praga-ul-konrada-guderskiego.jpg,,,8,1980.0,blok,,,,,,,,,,
Warszawa Wilanów,ul. Franciszka Klimczaka,3.0,77.0,1680000,21719.0,Bez pośredników,ponad tydzień temu,20.0,https://adresowo.pl/o/mieszkanie-warszawa-wilanow-ul-franciszka-klimczaka-3-pokojowe-b0n9z7,https://s2.adresowa.pl/oi/28/2d/3b7b4e_be58_cover-3-pokojowe-mieszkanie-warszawa-wilanow-ul-franciszka-klimczaka.jpg,,,parter,2014.0,blok,,,,,,,,,,
Warszawa Wilanów,ul. Syta,3.0,65.0,1420000,21995.0,Bez pośredników,ponad tydzień temu,20.0,https://adresowo.pl/o/mieszkanie-warszawa-wilanow-ul-syta-3-pokojowe-w4y0s2,https://s2.adresowa.pl/oi/65/15/3b7b42_e1bf_cover-3-pokojowe-mieszkanie-warszawa-wilanow-ul-syta.jpg,,,parter,2021.0,blok,,,,,,,,,52.171917,21.10727
Warszawa Ursus,ul. Herbu Oksza,2.0,38.0,815000,21263.0,Bez pośredników,ponad tydzień temu,13.0,https://adresowo.pl/o/mieszkanie-warszawa-ursus-ul-herbu-oksza-2-pokojowe-s1y9o2,https://s2.adresowa.pl/oi/70/21/3b7afc_4ac7_cover-2-pokojowe-mieszkanie-warszawa-ursus-ul-herbu-oksza.jpg,,,5,2023.0,blok,,,,,,,,,52.203734,20.884012
Warszawa Wawer,ul. Chodzieska,6.0,148.0,1349000,9115.0,Oferta biura nieruchomości,ponad tydzień temu,19.0,https://adresowo.pl/o/mieszkanie-warszawa-wawer-ul-chodzieska-6-pokojowe-v4z4k7,https://s2.adresowa.pl/oi/2e/1a/3b75d4_e2c9_cover-6-pokojowe-mieszkanie-warszawa-wawer-ul-chodzieska.jpg,,,parter,2021.0,,,,,,,,,,,
Warszawa Wola,ul. Smocza,2.0,38.0,799000,21138.0,Oferta biura nieruchomości,ponad tydzień temu,16.0,https://adresowo.pl/o/mieszkanie-warszawa-wola-ul-smocza-2-pokojowe-q7z1d7,https://s2.adresowa.pl/oi/7b/54/3b75ba_900f_cover-2-pokojowe-mieszkanie-warszawa-wola-ul-smocza.jpg,,,1,1969.0,blok,,,,,,,,,52.247104,20.985567
Warszawa Bemowo,ul. Lazurowa,3.0,76.0,1000000,13158.0,Bez pośredników,ponad tydzień temu,6.0,https://adresowo.pl/o/mieszkanie-warszawa-bemowo-ul-lazurowa-3-pokojowe-h3l8d7,https://s2.adresowa.pl/oi/50/3b/3b7ae2_8343_cover-3-pokojowe-mieszkanie-warszawa-bemowo-ul-lazurowa.jpg,,,parter,1977.0,blok,,,,,,,,,,
Warszawa Mokotów,ul. Aleksandra Gierymskiego,2.0,39.0,680000,17436.0,Bez pośredników,ponad tydzień temu,9.0,https://adresowo.pl/o/mieszkanie-warszawa-mokotow-ul-aleksandra-gierymskiego-2-pokojowe-b1e6t5,https://s2.adresowa.pl/oi/5a/53/3b7ad2_4c89_cover-2-pokojowe-mieszkanie-warszawa-mokotow-ul-aleksandra-gierymskiego.jpg,,,4,1965.0,blok,,,,,,,,,52.198736,21.035967
Warszawa Praga-Południe,ul. Olszynki Grochowskiej,2.0,42.0,799000,18911.0,Bez pośredników,ponad tydzień temu,8.0,https://adresowo.pl/o/mieszkanie-warszawa-praga-poludnie-ul-olszynki-grochowskiej-2-pokojowe-n0i2a6,https://s2.adresowa.pl/oi/15/4d/3b7acc_9a6b_cover-2-pokojowe-mieszkanie-warszawa-praga-poludnie-ul-olszynki-grochowskiej.jpg,,,parter,2016.0,blok,,,,,,,,,,
Warszawa Bemowo,ul. Dywizjonu 303,2.0,40.0,665000,16755.0,Oferta biura nieruchomości,ponad tydzień temu,6.0,https://adresowo.pl/o/mieszkanie-warszawa-bemowo-ul-dywizjonu-303-2-pokojowe-d4s7g3,https://s2.adresowa.pl/oi/64/46/3b732a_d58f_cover-2-pokojowe-mieszkanie-warszawa-bemowo-ul-dywizjonu-303.jpg,,,2001,2001.0,blok,,,,,,,,,,
Warszawa Mokotów,ul. Rajska,2.0,51.0,1049000,20476.0,Oferta biura nieruchomości,ponad tydzień temu,12.0,https://adresowo.pl/o/mieszkanie-warszawa-mokotow-ul-rajska-2-pokojowe-h6e6h4,https://s2.adresowa.pl/oi/59/78/3b72e0_8623_cover-2-pokojowe-mieszkanie-warszawa-mokotow-ul-rajska.jpg,,,parter,2006.0,blok,,,,,,,,,,
Warszawa Mokotów,ul. Wałbrzyska,2.0,40.0,825000,20599.0,Bez pośredników,ponad tydzień temu,3.0,https://adresowo.pl/o/mieszkanie-warszawa-mokotow-ul-walbrzyska-2-pokojowe-x2l7f1,https://s2.adresowa.pl/oi/59/30/3b7a2e_3e6d_cover-2-pokojowe-mieszkanie-warszawa-mokotow-ul-walbrzyska.jpg,,,4,2026.0,blok,,,,,,,,,52.172873,21.020891
Warszawa Bielany,ul. Podleśna,3.0,52.0,805000,15481.0,Bez pośredników,ponad tydzień temu,8.0,https://adresowo.pl/o/mieszkanie-warszawa-bielany-ul-podlesna-3-pokojowe-x7w4h6,https://s2.adresowa.pl/oi/34/71/3b7a50_b106_cover-3-pokojowe-mieszkanie-warszawa-bielany-ul-podlesna.jpg,,,parter,1962.0,blok,,,,,,,,,,
Warszawa Białołęka,ul. Aluzyjna,2.0,45.0,569000,12758.0,Bez pośredników,ponad tydzień temu,14.0,https://adresowo.pl/o/mieszkanie-warszawa-bialoleka-ul-aluzyjna-2-pokojowe-d1c3x5,https://s2.adresowa.pl/oi/2c/60/3b7a2a_3dcb_cover-2-pokojowe-mieszkanie-warszawa-bialoleka-ul-aluzyjna.jpg,,,parter,2002.0,blok,,,,,,,,,52.346239,20.936418
Warszawa Śródmieście,ul. Wałowa,2.0,39.0,950000,24359.0,Oferta biura nieruchomości,ponad tydzień temu,15.0,https://adresowo.pl/o/mieszkanie-warszawa-srodmiescie-ul-walowa-2-pokojowe-e5o5y9,https://s2.adresowa.pl/oi/22/26/3b72de_30cf_cover-2-pokojowe-mieszkanie-warszawa-srodmiescie-ul-walowa.jpg,,,10,1956.0,kamienica,,,,,,,,,,
Warszawa Wola,ul. Okopowa,3.0,78.0,1950000,25161.0,Bez pośredników,ponad tydzień temu,1.0,https://adresowo.pl/o/mieszkanie-warszawa-wola-ul-okopowa-3-pokojowe-p7t5o8,https://s2.adresowa.pl/oi/50/32/3b7a20_a132_cover-3-pokojowe-mieszkanie-warszawa-wola-ul-okopowa.jpg,,,5,2007.0,,,,,,,,,,52.244959,20.97735
Warszawa Ursynów,ul. Wawrzyńca Surowieckiego,2.0,55.0,735715,13450.0,Bez pośredników,ponad tydzień temu,13.0,https://adresowo.pl/o/mieszkanie-warszawa-ursynow-ul-wawrzynca-surowieckiego-2-pokojowe-l3n1m7,https://s2.adresowa.pl/oi/2c/7f/3b7a0a_b1e6_cover-2-pokojowe-mieszkanie-warszawa-ursynow-ul-wawrzynca-surowieckiego.jpg,,,parter,1990.0,blok,,,,,,,,,52.159062,21.021224
Warszawa Białołęka,ul. Józefa Antalla,3.0,62.0,690000,11220.0,Bez pośredników,ponad tydzień temu,14.0,https://adresowo.pl/o/mieszkanie-warszawa-bialoleka-ul-jozefa-antalla-3-pokojowe-q5q7e5,https://s2.adresowa.pl/oi/59/44/3b781e_7b18_cover-3-pokojowe-mieszkanie-warszawa-bialoleka-ul-jozefa-antalla.jpg,,,parter,1987.0,blok,,,,,,,,,,
Warszawa Śródmieście,ul. Widok,2.0,38.0,780000,20350.0,Oferta biura nieruchomości,ponad tydzień temu,13.0,https://adresowo.pl/o/mieszkanie-warszawa-srodmiescie-ul-widok-2-pokojowe-h8c4w4,https://s2.adresowa.pl/oi/43/40/3b72d0_531a_cover-2-pokojowe-mieszkanie-warszawa-srodmiescie-ul-widok.jpg,,,14,1950.0,kamienica,,,,,,,,,,
Warszawa Wola,ul. Jana Pawła II,2.0,47.0,960000,20601.0,Oferta biura nieruchomości,ponad tydzień temu,20.0,https://adresowo.pl/o/mieszkanie-warszawa-wola-ul-jana-pawla-ii-2-pokojowe-r9l6v8,https://s2.adresowa.pl/oi/71/55/3b716c_e9d9_cover-2-pokojowe-mieszkanie-warszawa-wola-ul-jana-pawla-ii.jpg,,,parter,1966.0,kamienica,,,,,,,,,52.247663,20.986934
Warszawa Białołęka,ul. Erazma z Zakroczymia,2.0,52.0,748200,14500.0,Bez pośredników,ponad tydzień temu,7.0,https://adresowo.pl/o/mieszkanie-warszawa-bialoleka-ul-erazma-z-zakroczymia-2-pokojowe-s0w1c5,https://s2.adresowa.pl/oi/3a/3e/3b77bc_50f3_cover-2-pokojowe-mieszkanie-warszawa-bialoleka-ul-erazma-z-zakroczymia.jpg,,,parter,,blok,,,,,,,,,52.321917,20.9504
Warszawa Stegny,ul. Egejska,2.0,54.0,980000,18148.0,Bez pośredników,ponad tydzień temu,12.0,https://adresowo.pl/o/mieszkanie-warszawa-stegny-ul-egejska-2-pokojowe-h2g0r6,https://s2.adresowa.pl/oi/33/48/3b77a0_b9f6_cover-2-pokojowe-mieszkanie-warszawa-stegny-ul-egejska.jpg,,,980,2008.0,apartamentowiec,,,,,,,,,52.178636,21.058501
Warszawa Ursus,ul. Przy Forcie,3.0,64.0,1145000,17975.0,Bez pośredników,ponad tydzień temu,20.0,https://adresowo.pl/o/mieszkanie-warszawa-ursus-ul-przy-forcie-3-pokojowe-w7v0y0,https://s2.adresowa.pl/oi/4e/19/3b7792_3095_cover-3-pokojowe-mieszkanie-warszawa-ursus-ul-przy-forcie.jpg,,,parter,2022.0,blok,,,,,,,,,52.196304,20.906265
Warszawa Ursynów,ul. Batystowa,5.0,160.0,3200000,20000.0,Oferta biura nieruchomości,ponad tydzień temu,9.0,https://adresowo.pl/o/mieszkanie-warszawa-ursynow-ul-batystowa-5-pokojowe-j1e1h0,https://s2.adresowa.pl/oi/73/46/3b716e_b24e_cover-5-pokojowe-mieszkanie-warszawa-ursynow-ul-batystowa.jpg,,,parter,2001.0,blok,,,,,,,,,,
Warszawa Bemowo,ul. Piastów Śląskich,1.0,41.0,588900,14294.0,Oferta biura nieruchomości,ponad tydzień temu,12.0,https://adresowo.pl/o/mieszkanie-warszawa-bemowo-ul-piastow-slaskich-1-pokoj-m2u1g4,https://s2.adresowa.pl/oi/38/61/3b7168_9f2f_cover-1-pokojowe-mieszkanie-warszawa-bemowo-ul-piastow-slaskich.jpg,,,parter,1996.0,blok,,,,,,,,,52.263581,20.924238
Warszawa Rembertów,ul. Kramarska,3.0,55.0,669000,12164.0,Bez pośredników,ponad tydzień temu,9.0,https://adresowo.pl/o/mieszkanie-warszawa-rembertow-ul-kramarska-3-pokojowe-w6a6q7,https://s2.adresowa.pl/oi/20/37/3b7786_76e6_cover-3-pokojowe-mieszkanie-warszawa-rembertow-ul-kramarska.jpg,,,parter,2008.0,kamienica,,,,,,,,,,
Warszawa Ochota,ul. Bitwy Warszawskiej 1920 r.,2.0,44.0,881000,20253.0,Bez pośredników,ponad tydzień temu,17.0,https://adresowo.pl/o/mieszkanie-warszawa-ochota-ul-bitwy-warszawskiej-1920-r-2-pokojowe-h7g2b6,https://s2.adresowa.pl/oi/5f/38/3b776a_969b_cover-2-pokojowe-mieszkanie-warszawa-ochota-ul-bitwy-warszawskiej-1920-r-.jpg,,,2,2012.0,blok,,,,,,,,,,
Warszawa Ochota,ul. Grójecka,2.0,40.0,750000,18750.0,Bez pośredników,ponad tydzień temu,12.0,https://adresowo.pl/o/mieszkanie-warszawa-ochota-ul-grojecka-2-pokojowe-o5x1c8,https://s2.adresowa.pl/oi/5d/43/3b770a_be01_cover-2-pokojowe-mieszkanie-warszawa-ochota-ul-grojecka.jpg,,,750,1956.0,blok,,,,,,,,,52.211124,20.976782
Warszawa Śródmieście,ul. Wspólna,3.0,60.0,1499000,24818.0,Oferta biura nieruchomości,ponad tydzień temu,14.0,https://adresowo.pl/o/mieszkanie-warszawa-srodmiescie-ul-wspolna-3-pokojowe-a2w7u0,https://s2.adresowa.pl/oi/6f/26/3b7150_424b_cover-3-pokojowe-mieszkanie-warszawa-srodmiescie-ul-wspolna.jpg,,,5,2004.0,blok,,,,,,,,,52.22738,21.016006
Warszawa Bielany,ul. Literacka,3.0,47.0,810000,17234.0,Oferta biura nieruchomości,ponad tydzień temu,14.0,https://adresowo.pl/o/mieszkanie-warszawa-bielany-ul-literacka-3-pokojowe-p7h2g3,https://s2.adresowa.pl/oi/2f/7b/3b714c_4f20_cover-3-pokojowe-mieszkanie-warszawa-bielany-ul-literacka.jpg,,,parter,1970.0,blok,,,,,,,,,,
Warszawa Włochy,ul. Instalatorów,2.0,55.0,1065000,19491.0,Bez pośredników,ponad tydzień temu,17.0,https://adresowo.pl/o/mieszkanie-warszawa-wlochy-ul-instalatorow-2-pokojowe-g0m7d9,https://s2.adresowa.pl/oi/42/55/3b7640_c0c2_cover-2-pokojowe-mieszkanie-warszawa-wlochy-ul-instalatorow.jpg,,,parter,2020.0,blok,,,,,,,,,,
Warszawa Ochota,ul. Włodarzewska,1.0,29.0,380000,13103.0,Bez pośredników,ponad tydzień temu,12.0,https://adresowo.pl/o/mieszkanie-warszawa-ochota-ul-wlodarzewska-1-pokoj-w3h8b3,https://s2.adresowa.pl/oi/4f/39/3b7622_3a3b_cover-1-pokojowe-mieszkanie-warszawa-ochota-ul-wlodarzewska.jpg,,,parter,2008.0,blok,,,,,,,,,,
Warszawa Wola,ul. Żelazna,3.0,50.0,1200000,24000.0,Oferta biura nieruchomości,ponad tydzień temu,9.0,https://adresowo.pl/o/mieszkanie-warszawa-wola-ul-zelazna-3-pokojowe-f1r9i2,https://s2.adresowa.pl/oi/5d/21/3b7148_ed3d_cover-3-pokojowe-mieszkanie-warszawa-wola-ul-zelazna.jpg,,,1,1987.0,blok,,,,,,,,,,
Warszawa Ursynów,"ul. Mariana Sengera ""Cichego""",3.0,68.0,995000,14589.0,Oferta biura nieruchomości,ponad tydzień temu,18.0,https://adresowo.pl/o/mieszkanie-warszawa-ursynow-ul-mariana-sengera-cichego-3-pokojowe-w2r4v4,https://s2.adresowa.pl/oi/5a/5d/3b714a_c8c1_cover-3-pokojowe-mieszkanie-warszawa-ursynow-ul-mariana-sengera-cichego-.jpg,,,1,1991.0,blok,,,,,,,,,,
Warszawa Praga-Północ,ul. Wileńska,3.0,60.0,970000,16275.0,Bez pośredników,ponad tydzień temu,8.0,https://adresowo.pl/o/mieszkanie-warszawa-praga-polnoc-ul-wilenska-3-pokojowe-l9h0g7,https://s2.adresowa.pl/oi/4e/30/3b75e8_b668_cover-3-pokojowe-mieszkanie-warszawa-praga-polnoc-ul-wilenska.jpg,,,5,1998.0,blok,,,,,,,,,,
Warszawa Białołęka,ul. Flisaków,2.0,41.0,535000,13049.0,Bez pośredników,ponad tydzień temu,19.0,https://adresowo.pl/o/mieszkanie-warszawa-bialoleka-ul-flisakow-2-pokojowe-m0h9n1,https://s2.adresowa.pl/oi/38/18/3b75e2_bd2c_cover-2-pokojowe-mieszkanie-warszawa-bialoleka-ul-flisakow.jpg,,,2,2019.0,blok,,,,,,,,,,
Warszawa Białołęka,ul. Modlińska,3.0,63.0,1100000,17460.0,Bez pośredników,ponad tydzień temu,11.0,https://adresowo.pl/o/mieszkanie-warszawa-bialoleka-ul-modlinska-3-pokojowe-o1n7f2,https://s2.adresowa.pl/oi/58/2e/3b75c6_acd7_cover-3-pokojowe-mieszkanie-warszawa-bialoleka-ul-modlinska.jpg,,,parter,2017.0,blok,,,,,,,,,52.329095,20.966846
Warszawa Ochota,ul. Szczęśliwicka,3.0,86.0,2350000,27326.0,Oferta biura nieruchomości,ponad tydzień temu,19.0,https://adresowo.pl/o/mieszkanie-warszawa-ochota-ul-szczesliwicka-3-pokojowe-x5c5h4,https://s2.adresowa.pl/oi/10/79/3b7138_6d39_cover-3-pokojowe-mieszkanie-warszawa-ochota-ul-szczesliwicka.jpg,,,parter,2017.0,blok,,,,,,,,,52.215291,20.968267
Warszawa Wola,ul. Jana Olbrachta,1.0,33.0,649000,19667.0,Oferta biura nieruchomości,ponad tydzień temu,11.0,https://adresowo.pl/o/mieszkanie-warszawa-wola-ul-jana-olbrachta-1-pokoj-r6l7p8,https://s2.adresowa.pl/oi/3b/32/3b7128_8486_cover-1-pokojowe-mieszkanie-warszawa-wola-ul-jana-olbrachta.jpg,,,parter,2010.0,blok,,,,,,,,,,
Warszawa Ursus,ul. Walerego Sławka,2.0,39.0,620000,15897.0,Bez pośredników,ponad tydzień temu,8.0,https://adresowo.pl/o/mieszkanie-warszawa-ursus-ul-walerego-slawka-2-pokojowe-u2x7v9,https://s2.adresowa.pl/oi/75/73/3b755c_51c6_cover-2-pokojowe-mieszkanie-warszawa-ursus-ul-walerego-slawka.jpg,,,2,1965.0,blok,,,,,,,,,,
Warszawa Targówek,ul. Mokra,2.0,46.0,649000,13984.0,Bez pośredników,ponad tydzień temu,6.0,https://adresowo.pl/o/mieszkanie-warszawa-targowek-ul-mokra-2-pokojowe-d6y7p0,https://s2.adresowa.pl/oi/24/1d/3b7568_3f55_cover-2-pokojowe-mieszkanie-warszawa-targowek-ul-mokra.jpg,,,4,1978.0,blok,,,,,,,,,,
Warszawa Praga-Południe,ul. Władysława Umińskiego,2.0,44.0,620000,14091.0,Bez pośredników,ponad tydzień temu,16.0,https://adresowo.pl/o/mieszkanie-warszawa-praga-poludnie-ul-wladyslawa-uminskiego-2-pokojowe-g0t8b8,https://s2.adresowa.pl/oi/22/23/3b7518_9826_cover-2-pokojowe-mieszkanie-warszawa-praga-poludnie-ul-wladyslawa-uminskiego.jpg,,,3,1982.0,blok,,,,,,,,,,
Warszawa Wesoła,ul. Szklarniowa,3.0,55.0,780000,14182.0,Oferta biura nieruchomości,ponad tydzień temu,8.0,https://adresowo.pl/o/mieszkanie-warszawa-wesola-ul-szklarniowa-3-pokojowe-a3t2i0,https://s2.adresowa.pl/oi/11/78/3b710a_7a08_cover-3-pokojowe-mieszkanie-warszawa-wesola-ul-szklarniowa.jpg,,,4,2023.0,blok,,,,,,,,,52.227248,21.242624
Warszawa Ochota,al. Niepodległości,4.0,114.0,2390000,20903.0,Oferta biura nieruchomości,ponad tydzień temu,16.0,https://adresowo.pl/o/mieszkanie-warszawa-ochota-al-niepodleglosci-4-pokojowe-w5w6n8,https://s2.adresowa.pl/oi/56/5a/3b70f8_e72e_cover-4-pokojowe-mieszkanie-warszawa-ochota-al-niepodleglosci.jpg,,,parter,1933.0,blok,,,,,,,,,52.222741,21.004327
Warszawa Wola,ul. Marcina Kasprzaka,2.0,63.0,1400000,22222.0,Bez pośredników,ponad tydzień temu,17.0,https://adresowo.pl/o/mieszkanie-warszawa-wola-ul-marcina-kasprzaka-2-pokojowe-n2l1r8,https://s2.adresowa.pl/oi/5e/14/3b74fa_e811_cover-2-pokojowe-mieszkanie-warszawa-wola-ul-marcina-kasprzaka.jpg,,,2,2022.0,blok,,,,,,,,,52.225999,20.956294
Warszawa Ursynów,ul. Na Uboczu,4.0,69.0,990000,14390.0,Bez pośredników,ponad tydzień temu,9.0,https://adresowo.pl/o/mieszkanie-warszawa-ursynow-ul-na-uboczu-4-pokojowe-n7p3s5,https://s2.adresowa.pl/oi/4d/18/3b74b2_f768_cover-4-pokojowe-mieszkanie-warszawa-ursynow-ul-na-uboczu.jpg,,,parter,1986.0,blok,,,,,,,,,,
Warszawa Ochota,ul. Grójecka,3.0,46.0,810000,17457.0,Bez pośredników,ponad tydzień temu,15.0,https://adresowo.pl/o/mieszkanie-warszawa-ochota-ul-grojecka-3-pokojowe-d6i1b8,https://s2.adresowa.pl/oi/29/2b/3b74ca_d072_cover-3-pokojowe-mieszkanie-warszawa-ochota-ul-grojecka.jpg,,,4,1966.0,blok,,,,,,,,,,
Warszawa Praga-Północ,ul. Targowa,2.0,34.0,550000,16354.0,Oferta biura nieruchomości,ponad tydzień temu,12.0,https://adresowo.pl/o/mieszkanie-warszawa-praga-polnoc-ul-targowa-2-pokojowe-m0s7v3,https://s2.adresowa.pl/oi/13/6e/3b70e2_cf10_cover-2-pokojowe-mieszkanie-warszawa-praga-polnoc-ul-targowa.jpg,,,parter,1964.0,blok,,,,,,,,,,
Warszawa Mokotów,ul. Bełdan,2.0,39.0,640000,16410.0,Oferta biura nieruchomości,ponad tydzień temu,4.0,https://adresowo.pl/o/mieszkanie-warszawa-mokotow-ul-beldan-2-pokojowe-s1o2e4,https://s2.adresowa.pl/oi/1b/19/3b70da_52ef_cover-2-pokojowe-mieszkanie-warszawa-mokotow-ul-beldan.jpg,,,1974,1974.0,blok,,,,,,,,,52.172539,21.010541
Warszawa Śródmieście,al. Jana Pawła II,2.0,40.0,765000,19318.0,Bez pośredników,ponad tydzień temu,9.0,https://adresowo.pl/o/mieszkanie-warszawa-srodmiescie-al-jana-pawla-ii-2-pokojowe-z4a6s3,https://s2.adresowa.pl/oi/3d/1a/3b74c0_4e6a_cover-2-pokojowe-mieszkanie-warszawa-srodmiescie-al-jana-pawla-ii.jpg,,,3,1974.0,blok,,,,,,,,,,
Warszawa Wola,ul. Nowolipki,3.0,57.0,993125,17500.0,Bez pośredników,ponad tydzień temu,14.0,https://adresowo.pl/o/mieszkanie-warszawa-wola-ul-nowolipki-3-pokojowe-u6z9r5,https://s2.adresowa.pl/oi/4d/6a/3b74ac_dfcc_cover-3-pokojowe-mieszkanie-warszawa-wola-ul-nowolipki.jpg,,,parter,1956.0,kamienica,,,,,,,,,52.242828,20.98586
Warszawa Ochota,ul. Karola Dickensa,1.0,24.0,470000,19421.0,Bez pośredników,ponad tydzień temu,3.0,https://adresowo.pl/o/mieszkanie-warszawa-ochota-ul-karola-dickensa-1-pokoj-u7y7n7,https://s2.adresowa.pl/oi/6d/6e/3b74b8_6449_cover-1-pokojowe-mieszkanie-warszawa-ochota-ul-karola-dickensa.jpg,,,467,1966.0,blok,,,,,,,,,52.206432,20.969995
Warszawa Praga-Północ,ul. Stalowa,2.0,55.0,875000,15909.0,Oferta biura nieruchomości,ponad tydzień temu,1.0,https://adresowo.pl/o/mieszkanie-warszawa-praga-polnoc-ul-stalowa-2-pokojowe-p5v5x3,https://s2.adresowa.pl/oi/78/21/3b6cc2_8c44_cover-2-pokojowe-mieszkanie-warszawa-praga-polnoc-ul-stalowa.jpg,,,4,1992.0,blok,,,,,,,,,,
Warszawa Targówek,ul. Łojewska,3.0,47.0,649000,13809.0,Oferta biura nieruchomości,ponad tydzień temu,7.0,https://adresowo.pl/o/mieszkanie-warszawa-targowek-ul-lojewska-3-pokojowe-u5d4a2,https://s2.adresowa.pl/oi/78/66/3b6cbc_b9c9_cover-3-pokojowe-mieszkanie-warszawa-targowek-ul-lojewska.jpg,,,4,1971.0,blok,,,,,,,,,52.296519,21.041003
Warszawa Wola,ul. Symboliczna,1.0,25.0,549000,21960.0,Bez pośredników,ponad tydzień temu,13.0,https://adresowo.pl/o/mieszkanie-warszawa-wola-ul-symboliczna-1-pokoj-l5q7v8,https://s2.adresowa.pl/oi/4a/41/3b74a6_de10_cover-1-pokojowe-mieszkanie-warszawa-wola-ul-symboliczna.jpg,,,9,2015.0,blok,,,,,,,,,52.221071,20.934186
Warszawa Rembertów,ul. Admiralska,2.0,32.0,370000,11563.0,Bez pośredników,ponad tydzień temu,16.0,https://adresowo.pl/o/mieszkanie-warszawa-rembertow-ul-admiralska-2-pokojowe-s2i2s6,https://s2.adresowa.pl/oi/41/60/3b747e_302c_cover-2-pokojowe-mieszkanie-warszawa-rembertow-ul-admiralska.jpg,,,370,1960.0,blok,,,,,,,,,52.261712,21.181741
Warszawa Ursus,ul. Posag 7 Panien,2.0,48.0,791000,16438.0,Oferta biura nieruchomości,ponad tydzień temu,8.0,https://adresowo.pl/o/mieszkanie-warszawa-ursus-ul-posag-7-panien-2-pokojowe-x3b2w3,https://s2.adresowa.pl/oi/56/31/3b6cb6_a425_cover-2-pokojowe-mieszkanie-warszawa-ursus-ul-posag-7-panien.jpg,,,parter,2020.0,blok,,,,,,,,,,
Warszawa Wola,ul. Giełdowa,3.0,64.0,1899999,29655.0,Oferta biura nieruchomości,ponad tydzień temu,19.0,https://adresowo.pl/o/mieszkanie-warszawa-wola-ul-gieldowa-3-pokojowe-a2p0g0,https://s2.adresowa.pl/oi/70/67/3b6cb2_5820_cover-3-pokojowe-mieszkanie-warszawa-wola-ul-gieldowa.jpg,,,8,2015.0,blok,,,,,,,,,,
Warszawa Ursynów,ul. Józefa Feliksa Ciszewskiego,3.0,48.0,850000,17551.0,Bez pośredników,ponad miesiąc temu,4.0,https://adresowo.pl/o/mieszkanie-warszawa-ursynow-ul-jozefa-feliksa-ciszewskiego-3-pokojowe-r0o6w9,https://s2.adresowa.pl/oi/2b/6d/35dc26_5ba5_cover-3-pokojowe-mieszkanie-warszawa-ursynow-ul-jozefa-feliksa-ciszewskiego.jpg,,,parter,2025.0,blok,,,,,,,,,52.155998,21.042999
Warszawa Wesoła,pl. Wojska Polskiego,2.0,52.0,760000,14729.0,Bez pośredników,ponad tydzień temu,14.0,https://adresowo.pl/o/mieszkanie-warszawa-wesola-pl-wojska-polskiego-2-pokojowe-v7z7o7,https://s2.adresowa.pl/oi/19/1d/3b7442_9309_cover-2-pokojowe-mieszkanie-warszawa-wesola-pl-wojska-polskiego.jpg,,,parter,1990.0,blok,,,,,,,,,52.256105,21.229595
Warszawa Jelonki,ul. Karabeli,3.0,71.0,869000,12239.0,Bez pośredników,ponad tydzień temu,2.0,https://adresowo.pl/o/mieszkanie-warszawa-jelonki-ul-karabeli-3-pokojowe-d9v4h7,https://s2.adresowa.pl/oi/67/1c/3b5ee8_f247_cover-3-pokojowe-mieszkanie-warszawa-jelonki-ul-karabeli.jpg,,,parter,1980.0,blok,,,,,,,,,,
Warszawa Rembertów,ul. Ignacego Paderewskiego,1.0,30.0,498000,16600.0,Bez pośredników,ponad tydzień temu,5.0,https://adresowo.pl/o/mieszkanie-warszawa-rembertow-ul-ignacego-paderewskiego-1-pokoj-p8v1i5,https://s2.adresowa.pl/oi/56/16/3b738e_72e5_cover-1-pokojowe-mieszkanie-warszawa-rembertow-ul-ignacego-paderewskiego.jpg,,,4,2005.0,blok,,,,,,,,,,
Warszawa Żoliborz,ul. Przasnyska,2.0,41.0,980000,24186.0,Oferta biura nieruchomości,ponad tydzień temu,14.0,https://adresowo.pl/o/mieszkanie-warszawa-zoliborz-ul-przasnyska-2-pokojowe-i3l2t3,https://s2.adresowa.pl/oi/11/44/3b6bf6_daa4_cover-2-pokojowe-mieszkanie-warszawa-zoliborz-ul-przasnyska.jpg,,,parter,2014.0,blok,,,,,,,,,,
Warszawa Wola,ul. Dzielna,2.0,35.0,690000,19714.0,Oferta biura nieruchomości,ponad tydzień temu,1.0,https://adresowo.pl/o/mieszkanie-warszawa-wola-ul-dzielna-2-pokojowe-r1w0a3,https://s2.adresowa.pl/oi/3d/6b/3b6bf4_5030_cover-2-pokojowe-mieszkanie-warszawa-wola-ul-dzielna.jpg,,,2,1951.0,,,,,,,,,,,
Warszawa Śródmieście,ul. Solec,2.0,50.0,1090000,22020.0,Bez pośredników,ponad tydzień temu,20.0,https://adresowo.pl/o/mieszkanie-warszawa-srodmiescie-ul-solec-2-pokojowe-m8h1i6,https://s2.adresowa.pl/oi/47/76/3b7356_ec26_cover-2-pokojowe-mieszkanie-warszawa-srodmiescie-ul-solec.jpg,,,3,1962.0,blok,,,,,,,,,,
Warszawa Bemowo,ul. Bolesława Szareckiego,4.0,74.0,960000,13061.0,Bez pośredników,ponad tydzień temu,9.0,https://adresowo.pl/o/mieszkanie-warszawa-bemowo-ul-boleslawa-szareckiego-4-pokojowe-w1g7a4,https://s2.adresowa.pl/oi/38/7e/3b7346_4ecc_cover-4-pokojowe-mieszkanie-warszawa-bemowo-ul-boleslawa-szareckiego.jpg,,,parter,1982.0,blok,,,,,,,,,52.254356,20.922817
Warszawa Brzeziny,ul. Warzelnicza,2.0,57.0,1014000,17799.0,Bez pośredników,ponad tydzień temu,19.0,https://adresowo.pl/o/mieszkanie-warszawa-brzeziny-ul-warzelnicza-2-pokojowe-a2t3a3,https://s2.adresowa.pl/oi/3d/4b/3b72f4_5b41_cover-2-pokojowe-mieszkanie-warszawa-brzeziny-ul-warzelnicza.jpg,,,2,2022.0,blok,,,,,,,,,52.327779,21.040198
Warszawa Ursynów,ul. Kabacki Dukt,2.0,38.0,815000,21447.0,Oferta biura nieruchomości,ponad tydzień temu,11.0,https://adresowo.pl/o/mieszkanie-warszawa-ursynow-ul-kabacki-dukt-2-pokojowe-d4u9d1,https://s2.adresowa.pl/oi/57/50/3b6bd2_5945_cover-2-pokojowe-mieszkanie-warszawa-ursynow-ul-kabacki-dukt.jpg,,,2,2004.0,blok,,,,,,,,,,
Warszawa Wola,ul. Erazma Ciołka,2.0,34.0,589000,17172.0,Oferta biura nieruchomości,ponad tydzień temu,9.0,https://adresowo.pl/o/mieszkanie-warszawa-wola-ul-erazma-ciolka-2-pokojowe-p1h2k9,https://s2.adresowa.pl/oi/1a/16/3b6bb4_af5a_cover-2-pokojowe-mieszkanie-warszawa-wola-ul-erazma-ciolka.jpg,,,parter,1960.0,blok,,,,,,,,,,
Warszawa Białołęka,ul. Strumykowa,2.0,43.0,650000,14977.0,Bez pośredników,ponad tydzień temu,6.0,https://adresowo.pl/o/mieszkanie-warszawa-bialoleka-ul-strumykowa-2-pokojowe-n1g5g6,https://s2.adresowa.pl/oi/66/79/3b72cc_bd4d_cover-2-pokojowe-mieszkanie-warszawa-bialoleka-ul-strumykowa.jpg,,,3,2004.0,blok,,,,,,,,,52.333659,20.945299
Warszawa Wola,ul. Sokołowska,2.0,54.0,979000,18265.0,Bez pośredników,ponad tydzień temu,7.0,https://adresowo.pl/o/mieszkanie-warszawa-wola-ul-sokolowska-2-pokojowe-u3n9a6,https://s2.adresowa.pl/oi/10/12/3b72be_e4ad_cover-2-pokojowe-mieszkanie-warszawa-wola-ul-sokolowska.jpg,,,parter,1955.0,kamienica,,,,,,,,,52.236196,20.959517
Warszawa Białołęka,ul. Aluzyjna,2.0,49.0,597000,12134.0,Bez pośredników,ponad tydzień temu,22.0,https://adresowo.pl/o/mieszkanie-warszawa-bialoleka-ul-aluzyjna-2-pokojowe-g7r3h3,https://s2.adresowa.pl/oi/3f/71/3b7252_336e_cover-2-pokojowe-mieszkanie-warszawa-bialoleka-ul-aluzyjna.jpg,,,597,2003.0,blok,,,,,,,,,52.346239,20.936418
Warszawa Białołęka,ul. Starowiślna,3.0,58.0,899000,15449.0,Oferta biura nieruchomości,ponad tydzień temu,7.0,https://adresowo.pl/o/mieszkanie-warszawa-bialoleka-ul-starowislna-3-pokojowe-n5h0t3,https://s2.adresowa.pl/oi/45/58/3b6b40_711b_cover-3-pokojowe-mieszkanie-warszawa-bialoleka-ul-starowislna.jpg,,,parter,2019.0,blok,,,,,,,,,,
Warszawa Białołęka,ul. Mikołaja Trąby,2.0,45.0,539000,11978.0,Bez pośredników,ponad tydzień temu,14.0,https://adresowo.pl/o/mieszkanie-warszawa-bialoleka-ul-mikolaja-traby-2-pokojowe-j2t5b2,https://s2.adresowa.pl/oi/22/52/3b723e_4be5_cover-2-pokojowe-mieszkanie-warszawa-bialoleka-ul-mikolaja-traby.jpg,,,2,2005.0,blok,,,,,,,,,52.229676,21.012229
Warszawa Mokotów,ul. Siekierkowska,2.0,36.0,790000,21944.0,Bez pośredników,ponad tydzień temu,7.0,https://adresowo.pl/o/mieszkanie-warszawa-mokotow-ul-siekierkowska-2-pokojowe-o9s5n8,https://s2.adresowa.pl/oi/20/18/3b7088_6c0e_cover-2-pokojowe-mieszkanie-warszawa-mokotow-ul-siekierkowska.jpg,,,parter,2018.0,blok,,,,,,,,,,
Warszawa Praga-Północ,ul. Jagiellońska,2.0,45.0,670000,14889.0,Bez pośredników,ponad tydzień temu,6.0,https://adresowo.pl/o/mieszkanie-warszawa-praga-polnoc-ul-jagiellonska-2-pokojowe-d3i0k8,https://s2.adresowa.pl/oi/3f/6e/3b6e30_dbc5_cover-2-pokojowe-mieszkanie-warszawa-praga-polnoc-ul-jagiellonska.jpg,,,3,2026.0,kamienica,,,,,,,,,,
Warszawa Ursus,ul. Herbu Oksza,2.0,42.0,700000,16667.0,Oferta biura nieruchomości,ponad tydzień temu,10.0,https://adresowo.pl/o/mieszkanie-warszawa-ursus-ul-herbu-oksza-2-pokojowe-d1x3i1,https://s2.adresowa.pl/oi/3c/30/3b6b06_980e_cover-2-pokojowe-mieszkanie-warszawa-ursus-ul-herbu-oksza.jpg,,,2,2018.0,blok,,,,,,,,,,
Warszawa Mokotów,ul. Czerska,2.0,51.0,950000,18745.0,Oferta biura nieruchomości,ponad tydzień temu,18.0,https://adresowo.pl/o/mieszkanie-warszawa-mokotow-ul-czerska-2-pokojowe-a8e4a6,https://s2.adresowa.pl/oi/4e/33/3b6aea_5f8f_cover-2-pokojowe-mieszkanie-warszawa-mokotow-ul-czerska.jpg,,,parter,2005.0,blok,,,,,,,,,52.205209,21.046302
Warszawa Kamionek,ul. Stanisława Augusta,2.0,58.0,715000,12231.0,Bez pośredników,ponad tydzień temu,12.0,https://adresowo.pl/o/mieszkanie-warszawa-kamionek-ul-stanislawa-augusta-2-pokojowe-h5i3o6,https://s2.adresowa.pl/oi/32/1a/3b6e16_c770_cover-2-pokojowe-mieszkanie-warszawa-kamionek-ul-stanislawa-augusta.jpg,,,4,1955.0,kamienica,,,,,,,,,,
Warszawa Odolany,ul. Jana Kazimierza,3.0,74.0,1500000,20356.0,Bez pośredników,ponad tydzień temu,21.0,https://adresowo.pl/o/mieszkanie-warszawa-odolany-ul-jana-kazimierza-3-pokojowe-w7b6t5,https://s2.adresowa.pl/oi/26/64/3b6dec_9b25_cover-3-pokojowe-mieszkanie-warszawa-odolany-ul-jana-kazimierza.jpg,,,parter,2013.0,blok,,,,,,,,,52.224381,20.947459
Warszawa Ochota,ul. Opaczewska,3.0,49.0,932400,19001.0,Bez pośredników,ponad tydzień temu,23.0,https://adresowo.pl/o/mieszkanie-warszawa-ochota-ul-opaczewska-3-pokojowe-l9m2s9,https://s2.adresowa.pl/oi/2c/47/3b6dee_90c2_cover-3-pokojowe-mieszkanie-warszawa-ochota-ul-opaczewska.jpg,,,2,1954.0,blok,,,,,,,,,,
Warszawa,ul. Garażowa,3.0,69.0,1360000,19831.0,Oferta biura nieruchomości,ponad tydzień temu,19.0,https://adresowo.pl/o/mieszkanie-warszawa-ul-garazowa-3-pokojowe-i2u5v8,https://s2.adresowa.pl/oi/78/1d/3b6970_e044_cover-3-pokojowe-mieszkanie-warszawa-ul-garazowa.jpg,,,5,2016.0,blok,,,,,,,,,52.18749,21.00405
Warszawa Targówek,ul. Ludwika Kondratowicza,4.0,84.0,997000,11869.0,Oferta biura nieruchomości,ponad tydzień temu,15.0,https://adresowo.pl/o/mieszkanie-warszawa-targowek-ul-ludwika-kondratowicza-4-pokojowe-a4g5g6,https://s2.adresowa.pl/oi/2b/3b/3b6972_f2b0_cover-4-pokojowe-mieszkanie-warszawa-targowek-ul-ludwika-kondratowicza.jpg,,,parter,1981.0,blok,,,,,,,,,52.292764,21.029678
Warszawa Mokotów,ul. Śniardwy,2.0,31.0,619000,19968.0,Bez pośredników,ponad tydzień temu,7.0,https://adresowo.pl/o/mieszkanie-warszawa-mokotow-ul-sniardwy-2-pokojowe-k3i3z8,https://s2.adresowa.pl/oi/36/20/3b6d80_2f2c_cover-2-pokojowe-mieszkanie-warszawa-mokotow-ul-sniardwy.jpg,,,619,,blok,,,,,,,,,52.174083,21.005163
Warszawa Mokotów,ul. Wolfganga Amadeusza Mozarta,2.0,46.0,799000,17370.0,Bez pośredników,ponad tydzień temu,11.0,https://adresowo.pl/o/mieszkanie-warszawa-mokotow-ul-wolfganga-amadeusza-mozarta-2-pokojowe-b0v8a8,https://s2.adresowa.pl/oi/6e/11/3b6ce2_746d_cover-2-pokojowe-mieszkanie-warszawa-mokotow-ul-wolfganga-amadeusza-mozarta.jpg,,,parter,1977.0,blok,,,,,,,,,52.171857,21.030929
Warszawa Ursus,ul. Edwarda Habicha,2.0,42.0,745000,17738.0,Bez pośredników,ponad tydzień temu,16.0,https://adresowo.pl/o/mieszkanie-warszawa-ursus-ul-edwarda-habicha-2-pokojowe-x8a0x7,https://s2.adresowa.pl/oi/33/28/3b6cb8_cfa9_cover-2-pokojowe-mieszkanie-warszawa-ursus-ul-edwarda-habicha.jpg,,,745,2020.0,blok,,,,,,,,,52.204589,20.880754
Warszawa Bemowo,ul. Mieczysława Wolfkego,3.0,69.0,890000,12917.0,Oferta biura nieruchomości,ponad tydzień temu,19.0,https://adresowo.pl/o/mieszkanie-warszawa-bemowo-ul-mieczyslawa-wolfkego-3-pokojowe-w1f4i4,https://s2.adresowa.pl/oi/33/6a/3b6968_71c4_cover-3-pokojowe-mieszkanie-warszawa-bemowo-ul-mieczyslawa-wolfkego.jpg,,,4,1991.0,blok,,,,,,,,,52.258011,20.924089
Warszawa Mokotów,ul. Zygmunta Modzelewskiego,3.0,68.0,940000,13783.0,Oferta biura nieruchomości,ponad tydzień temu,23.0,https://adresowo.pl/o/mieszkanie-warszawa-mokotow-ul-zygmunta-modzelewskiego-3-pokojowe-c0q2f9,https://s2.adresowa.pl/oi/63/7b/3b696a_75a3_cover-3-pokojowe-mieszkanie-warszawa-mokotow-ul-zygmunta-modzelewskiego.jpg,,,parter,1991.0,blok,,,,,,,,,52.18135,21.01442
Warszawa Mokotów,ul. Racławicka,1.0,38.0,699000,18640.0,Bez pośredników,ponad tydzień temu,13.0,https://adresowo.pl/o/mieszkanie-warszawa-mokotow-ul-raclawicka-1-pokoj-f0f4r6,https://s2.adresowa.pl/oi/4a/2f/3b6cb4_d8dd_cover-1-pokojowe-mieszkanie-warszawa-mokotow-ul-raclawicka.jpg,,,1965,1965.0,,,,,,,,,,52.197219,21.008237
Warszawa Saska Kępa,ul. Saska,3.0,39.0,699000,17923.0,Bez pośredników,ponad tydzień temu,22.0,https://adresowo.pl/o/mieszkanie-warszawa-saska-kepa-ul-saska-3-pokojowe-g4r7g9,https://s2.adresowa.pl/oi/50/1c/3b6c7a_847e_cover-3-pokojowe-mieszkanie-warszawa-saska-kepa-ul-saska.jpg,,,parter,1972.0,blok,,,,,,,,,,
Warszawa Międzylesie,ul. Żegańska,2.0,52.0,790000,15222.0,Bez pośredników,ponad tydzień temu,6.0,https://adresowo.pl/o/mieszkanie-warszawa-miedzylesie-ul-zeganska-2-pokojowe-y4i5h8,https://s2.adresowa.pl/oi/3d/58/3b6c72_580c_cover-2-pokojowe-mieszkanie-warszawa-miedzylesie-ul-zeganska.jpg,,,parter,1960.0,blok,,,,,,,,,52.206234,21.177676
Warszawa Mokotów,ul. Przerwana,2.0,51.0,949000,18608.0,Oferta biura nieruchomości,ponad tydzień temu,15.0,https://adresowo.pl/o/mieszkanie-warszawa-mokotow-ul-przerwana-2-pokojowe-u4t9x9,https://s2.adresowa.pl/oi/6d/26/3b6612_a1da_cover-2-pokojowe-mieszkanie-warszawa-mokotow-ul-przerwana.jpg,,,parter,2020.0,kamienica,,,,,,,,,,
Warszawa Wola,ul. Księcia Janusza,3.0,50.0,700000,14000.0,Oferta biura nieruchomości,ponad tydzień temu,12.0,https://adresowo.pl/o/mieszkanie-warszawa-wola-ul-ksiecia-janusza-3-pokojowe-v1i7l1,https://s2.adresowa.pl/oi/31/4e/3b660a_a7ed_cover-3-pokojowe-mieszkanie-warszawa-wola-ul-ksiecia-janusza.jpg,,,8,1975.0,blok,,,,,,,,,52.2399,20.94218
Warszawa Ursynów,ul. Hilarego Koprowskiego,3.0,80.0,1390000,17347.0,Bez pośredników,ponad tydzień temu,5.0,https://adresowo.pl/o/mieszkanie-warszawa-ursynow-ul-hilarego-koprowskiego-3-pokojowe-q9r8y5,https://s2.adresowa.pl/oi/71/7c/3b6afc_986a_cover-3-pokojowe-mieszkanie-warszawa-ursynow-ul-hilarego-koprowskiego.jpg,,,parter,2000.0,blok,,,,,,,,,,
Warszawa Natolin,ul. Małej Łąki,2.0,53.0,875000,16588.0,Bez pośredników,ponad tydzień temu,16.0,https://adresowo.pl/o/mieszkanie-warszawa-natolin-ul-malej-laki-2-pokojowe-h7q9k3,https://s2.adresowa.pl/oi/69/3f/3b698a_a655_cover-2-pokojowe-mieszkanie-warszawa-natolin-ul-malej-laki.jpg,,,parter,1986.0,blok,,,,,,,,,52.137241,21.053875
Warszawa Wola,ul. Górczewska,2.0,43.0,770000,17907.0,Oferta biura nieruchomości,ponad tydzień temu,9.0,https://adresowo.pl/o/mieszkanie-warszawa-wola-ul-gorczewska-2-pokojowe-y0p6g8,https://s2.adresowa.pl/oi/27/48/3b65d6_e3b6_cover-2-pokojowe-mieszkanie-warszawa-wola-ul-gorczewska.jpg,,,parter,2000.0,blok,,,,,,,,,,
Warszawa Wola,ul. Symboliczna,2.0,45.0,940000,20889.0,Oferta biura nieruchomości,ponad tydzień temu,11.0,https://adresowo.pl/o/mieszkanie-warszawa-wola-ul-symboliczna-2-pokojowe-m0q8q6,https://s2.adresowa.pl/oi/65/18/3b65ce_8c5d_cover-2-pokojowe-mieszkanie-warszawa-wola-ul-symboliczna.jpg,,,parter,2014.0,blok,,,,,,,,,,
Warszawa Ursus,ul. Posag 7 Panien,3.0,64.0,1250000,19531.0,Bez pośredników,ponad tydzień temu,11.0,https://adresowo.pl/o/mieszkanie-warszawa-ursus-ul-posag-7-panien-3-pokojowe-d1p3n5,https://s2.adresowa.pl/oi/28/50/3b6900_9e3c_cover-3-pokojowe-mieszkanie-warszawa-ursus-ul-posag-7-panien.jpg,,,parter,2021.0,blok,,,,,,,,,52.204281,20.880331
Warszawa Ursus,ul. Silnikowa,4.0,86.0,1200000,13953.0,Bez pośredników,ponad tydzień temu,3.0,https://adresowo.pl/o/mieszkanie-warszawa-ursus-ul-silnikowa-4-pokojowe-k9a9j7,https://s2.adresowa.pl/oi/70/49/3b6902_c2be_cover-4-pokojowe-mieszkanie-warszawa-ursus-ul-silnikowa.jpg,,,2027,2027.0,blok,,,,,,,,,52.200917,20.88729
Warszawa Włochy,ul. Krańcowa,2.0,49.0,850000,17347.0,Bez pośredników,ponad tydzień temu,6.0,https://adresowo.pl/o/mieszkanie-warszawa-wlochy-ul-krancowa-2-pokojowe-e5n2k5,https://s2.adresowa.pl/oi/63/2d/3b6716_2e37_cover-2-pokojowe-mieszkanie-warszawa-wlochy-ul-krancowa.jpg,,,parter,2013.0,blok,,,,,,,,,52.198333,20.924922
Warszawa Wola,ul. Gumińska,2.0,42.0,1000000,24096.0,Oferta biura nieruchomości,ponad tydzień temu,10.0,https://adresowo.pl/o/mieszkanie-warszawa-wola-ul-guminska-2-pokojowe-w8j0g5,https://s2.adresowa.pl/oi/53/48/3b65c0_dfd3_cover-2-pokojowe-mieszkanie-warszawa-wola-ul-guminska.jpg,,,parter,2022.0,kamienica,,,,,,,,,52.221114,20.955878
Warszawa Wola,ul. Jana Kazimierza,2.0,40.0,851400,21500.0,Oferta biura nieruchomości,ponad tydzień temu,6.0,https://adresowo.pl/o/mieszkanie-warszawa-wola-ul-jana-kazimierza-2-pokojowe-o4g5a9,https://s2.adresowa.pl/oi/3e/65/3b65b8_d39f_cover-2-pokojowe-mieszkanie-warszawa-wola-ul-jana-kazimierza.jpg,,,parter,2017.0,blok,,,,,,,,,,
Warszawa Kabaty,ul. Kazimierza Jeżewskiego,4.0,105.0,2099000,19990.0,Bez pośredników,ponad tydzień temu,19.0,https://adresowo.pl/o/mieszkanie-warszawa-kabaty-ul-kazimierza-jezewskiego-4-pokojowe-k7y5j8,https://s2.adresowa.pl/oi/47/75/3b66a2_4588_cover-4-pokojowe-mieszkanie-warszawa-kabaty-ul-kazimierza-jezewskiego.jpg,,,parter,2005.0,blok,,,,,,,,,52.135702,21.067529
Warszawa Wola,ul. ks. Jana Sitnika,1.0,30.0,530000,17667.0,Bez pośredników,ponad tydzień temu,8.0,https://adresowo.pl/o/mieszkanie-warszawa-wola-ul-ks-jana-sitnika-1-pokoj-u6g6e3,https://s2.adresowa.pl/oi/3c/14/3b6610_aa9f_cover-1-pokojowe-mieszkanie-warszawa-wola-ul-ks-jana-sitnika.jpg,,,parter,1947.0,blok,,,,,,,,,52.24388,20.949868
Warszawa Ursynów,ul. rtm. Witolda Pileckiego,3.0,79.0,1100000,13924.0,Oferta biura nieruchomości,ponad tydzień temu,9.0,https://adresowo.pl/o/mieszkanie-warszawa-ursynow-ul-rtm-witolda-pileckiego-3-pokojowe-p7y6r4,https://s2.adresowa.pl/oi/15/2f/3b64ca_7db8_cover-3-pokojowe-mieszkanie-warszawa-ursynow-ul-rtm-witolda-pileckiego.jpg,,,parter,2001.0,blok,,,,,,,,,52.266307,21.170453
Warszawa Ursynów,ul. Kazimierza Jeżewskiego,2.0,46.0,850000,18478.0,Oferta biura nieruchomości,ponad tydzień temu,11.0,https://adresowo.pl/o/mieszkanie-warszawa-ursynow-ul-kazimierza-jezewskiego-2-pokojowe-p4u0u3,https://s2.adresowa.pl/oi/23/1f/3b64c8_c538_cover-2-pokojowe-mieszkanie-warszawa-ursynow-ul-kazimierza-jezewskiego.jpg,,,parter,2002.0,blok,,,,,,,,,,
Warszawa Bielany,ul. Stefana Żeromskiego,2.0,51.0,955000,18911.0,Bez pośredników,ponad tydzień temu,14.0,https://adresowo.pl/o/mieszkanie-warszawa-bielany-ul-stefana-zeromskiego-2-pokojowe-x7z7u6,https://s2.adresowa.pl/oi/6a/10/3b65fe_5f0d_cover-2-pokojowe-mieszkanie-warszawa-bielany-ul-stefana-zeromskiego.jpg,,,parter,2001.0,blok,,,,,,,,,52.276533,20.95159
Warszawa Ursus,ul. Elżbiety Rakuszanki,3.0,57.0,910000,15965.0,Bez pośredników,ponad tydzień temu,7.0,https://adresowo.pl/o/mieszkanie-warszawa-ursus-ul-elzbiety-rakuszanki-3-pokojowe-v9r0b3,https://s2.adresowa.pl/oi/6a/56/3b65de_7e9b_cover-3-pokojowe-mieszkanie-warszawa-ursus-ul-elzbiety-rakuszanki.jpg,,,4,2014.0,blok,,,,,,,,,52.199353,20.869847
Warszawa Rembertów,ul. Czwartaków,3.0,50.0,699000,13974.0,Bez pośredników,ponad tydzień temu,7.0,https://adresowo.pl/o/mieszkanie-warszawa-rembertow-ul-czwartakow-3-pokojowe-m3u3e6,https://s2.adresowa.pl/oi/57/5b/3b65dc_8779_cover-3-pokojowe-mieszkanie-warszawa-rembertow-ul-czwartakow.jpg,,,parter,2026.0,kamienica,,,,,,,,,52.272036,21.154699
Warszawa Wola,ul. Juliana Konstantego Ordona,1.0,27.0,600000,22565.0,Oferta biura nieruchomości,ponad tydzień temu,5.0,https://adresowo.pl/o/mieszkanie-warszawa-wola-ul-juliana-konstantego-ordona-1-pokoj-n7z1i7,https://s2.adresowa.pl/oi/2a/63/3b64c6_f755_cover-1-pokojowe-mieszkanie-warszawa-wola-ul-juliana-konstantego-ordona.jpg,,,parter,2015.0,blok,,,,,,,,,,
Warszawa Mokotów,ul. Śniardwy,2.0,38.0,665000,17500.0,Oferta biura nieruchomości,ponad tydzień temu,13.0,https://adresowo.pl/o/mieszkanie-warszawa-mokotow-ul-sniardwy-2-pokojowe-e1y8p0,https://s2.adresowa.pl/oi/67/42/3b64c2_faab_cover-2-pokojowe-mieszkanie-warszawa-mokotow-ul-sniardwy.jpg,,,2,1980.0,blok,,,,,,,,,,
Warszawa Żoliborz,ul. ks. Jerzego Popiełuszki,2.0,52.0,990000,19186.0,Bez pośredników,ponad tydzień temu,16.0,https://adresowo.pl/o/mieszkanie-warszawa-zoliborz-ul-ks-jerzego-popieluszki-2-pokojowe-f9b5i5,https://s2.adresowa.pl/oi/2f/3b/3b65be_3784_cover-2-pokojowe-mieszkanie-warszawa-zoliborz-ul-ks-jerzego-popieluszki.jpg,,,parter,1955.0,blok,,,,,,,,,,
Warszawa Bielany,ul. Literacka,2.0,47.0,790000,16880.0,Bez pośredników,ponad tydzień temu,9.0,https://adresowo.pl/o/mieszkanie-warszawa-bielany-ul-literacka-2-pokojowe-s1e2m5,https://s2.adresowa.pl/oi/36/5e/3b65b0_43be_cover-2-pokojowe-mieszkanie-warszawa-bielany-ul-literacka.jpg,,,parter,2001.0,blok,,,,,,,,,52.264743,20.952397
Warszawa Wola,ul. Jana Kazimierza,2.0,41.0,820000,20054.0,Bez pośredników,ponad tydzień temu,12.0,https://adresowo.pl/o/mieszkanie-warszawa-wola-ul-jana-kazimierza-2-pokojowe-b8a3m1,https://s2.adresowa.pl/oi/70/6b/3b6584_cb7e_cover-2-pokojowe-mieszkanie-warszawa-wola-ul-jana-kazimierza.jpg,,,parter,2012.0,blok,,,,,,,,,,
Warszawa Białołęka,ul. Głębocka,3.0,70.0,1170000,16743.0,Oferta biura nieruchomości,ponad tydzień temu,19.0,https://adresowo.pl/o/mieszkanie-warszawa-bialoleka-ul-glebocka-3-pokojowe-a1t2p1,https://s2.adresowa.pl/oi/62/5e/3b64c0_992f_cover-3-pokojowe-mieszkanie-warszawa-bialoleka-ul-glebocka.jpg,,,parter,2022.0,blok,,,,,,,,,52.316199,21.06795
Warszawa Ursynów,ul. Polinezyjska,3.0,63.0,780000,12381.0,Oferta biura nieruchomości,ponad tydzień temu,25.0,https://adresowo.pl/o/mieszkanie-warszawa-ursynow-ul-polinezyjska-3-pokojowe-b6t3n9,https://s2.adresowa.pl/oi/70/35/3b6482_9f4c_cover-3-pokojowe-mieszkanie-warszawa-ursynow-ul-polinezyjska.jpg,,,parter,1978.0,blok,,,,,,,,,52.152766,21.044012
Warszawa Wilanów,ul. Nałęczowska,4.0,67.0,860000,12836.0,Bez pośredników,ponad tydzień temu,15.0,https://adresowo.pl/o/mieszkanie-warszawa-wilanow-ul-naleczowska-4-pokojowe-y0d5p9,https://s2.adresowa.pl/oi/5e/21/3b6562_c2f1_cover-4-pokojowe-mieszkanie-warszawa-wilanow-ul-naleczowska.jpg,,,parter,1978.0,blok,,,,,,,,,,
Warszawa Wilanów,ul. Wiktorii Wiedeńskiej,3.0,78.0,1490000,19103.0,Bez pośredników,ponad tydzień temu,19.0,https://adresowo.pl/o/mieszkanie-warszawa-wilanow-ul-wiktorii-wiedenskiej-3-pokojowe-j6l6s5,https://s2.adresowa.pl/oi/51/57/3b6510_df74_cover-3-pokojowe-mieszkanie-warszawa-wilanow-ul-wiktorii-wiedenskiej.jpg,,,1,2010.0,blok,,,,,,,,,52.169638,21.072337
Warszawa Bemowo,ul. Borowej Góry,3.0,49.0,687000,14063.0,Bez pośredników,ponad tydzień temu,11.0,https://adresowo.pl/o/mieszkanie-warszawa-bemowo-ul-borowej-gory-3-pokojowe-o9e9b6,https://s2.adresowa.pl/oi/44/48/3b63e6_cccd_cover-3-pokojowe-mieszkanie-warszawa-bemowo-ul-borowej-gory.jpg,,,687,1973.0,blok,,,,,,,,,52.224314,20.914228
Warszawa Bielany,ul. Tomasza Nocznickiego,2.0,48.0,899000,18808.0,Oferta biura nieruchomości,ponad tydzień temu,10.0,https://adresowo.pl/o/mieszkanie-warszawa-bielany-ul-tomasza-nocznickiego-2-pokojowe-a8b9q2,https://s2.adresowa.pl/oi/20/14/3b647c_e9d4_cover-2-pokojowe-mieszkanie-warszawa-bielany-ul-tomasza-nocznickiego.jpg,,,parter,2013.0,blok,,,,,,,,,,
Warszawa Wawer,ul. Wał Miedzeszyński,1.0,32.0,470000,14916.0,Oferta biura nieruchomości,ponad tydzień temu,5.0,https://adresowo.pl/o/mieszkanie-warszawa-wawer-ul-wal-miedzeszynski-1-pokoj-x7d0t9,https://s2.adresowa.pl/oi/29/5d/3b647a_7bc7_cover-1-pokojowe-mieszkanie-warszawa-wawer-ul-wal-miedzeszynski.jpg,,,parter,2002.0,blok,,,,,,,,,,
Warszawa Żoliborz,ul. Piaskowa,1.0,23.0,730000,31739.0,Bez pośredników,ponad tydzień temu,4.0,https://adresowo.pl/o/mieszkanie-warszawa-zoliborz-ul-piaskowa-1-pokoj-a2z5z4,https://s2.adresowa.pl/oi/1b/4f/3b63a8_2b9a_cover-1-pokojowe-mieszkanie-warszawa-zoliborz-ul-piaskowa.jpg,,,710,1962.0,blok,,,,,,,,,52.254426,20.976586
Warszawa Wola,ul. Pustola,2.0,38.0,639000,16995.0,Bez pośredników,ponad tydzień temu,6.0,https://adresowo.pl/o/mieszkanie-warszawa-wola-ul-pustola-2-pokojowe-r2f4d6,https://s2.adresowa.pl/oi/4b/3c/3b6060_8f53_cover-2-pokojowe-mieszkanie-warszawa-wola-ul-pustola.jpg,,,2,1964.0,blok,,,,,,,,,52.233873,20.944144
Warszawa Bielany,ul. Maszewska,2.0,49.0,990000,20049.0,Oferta biura nieruchomości,ponad tydzień temu,11.0,https://adresowo.pl/o/mieszkanie-warszawa-bielany-ul-maszewska-2-pokojowe-x8t3f2,https://s2.adresowa.pl/oi/1b/28/3b6474_d848_cover-2-pokojowe-mieszkanie-warszawa-bielany-ul-maszewska.jpg,,,4,2017.0,blok,,,,,,,,,,
Warszawa Ochota,ul. Stefana Baleya,2.0,49.0,636000,12980.0,Oferta biura nieruchomości,ponad tydzień temu,10.0,https://adresowo.pl/o/mieszkanie-warszawa-ochota-ul-stefana-baleya-2-pokojowe-t6b9n7,https://s2.adresowa.pl/oi/3d/68/3b6466_f5b6_cover-2-pokojowe-mieszkanie-warszawa-ochota-ul-stefana-baleya.jpg,,,4,1976.0,blok,,,,,,,,,,
Warszawa Wilanów,ul. Augustówka,2.0,33.0,850000,25758.0,Bez pośredników,ponad tydzień temu,5.0,https://adresowo.pl/o/mieszkanie-warszawa-wilanow-ul-augustowka-2-pokojowe-c4x1h6,https://s2.adresowa.pl/oi/38/27/3b5dce_bc71_cover-2-pokojowe-mieszkanie-warszawa-wilanow-ul-augustowka.jpg,,,1,2019.0,blok,,,,,,,,,52.183812,21.080484
Warszawa Ursynów,ul. Melchiora Wańkowicza,2.0,56.0,1100000,19504.0,Bez pośredników,ponad tydzień temu,9.0,https://adresowo.pl/o/mieszkanie-warszawa-ursynow-ul-melchiora-wankowicza-2-pokojowe-x8a5x9,https://s2.adresowa.pl/oi/41/25/3b5e22_8b43_cover-2-pokojowe-mieszkanie-warszawa-ursynow-ul-melchiora-wankowicza.jpg,,,parter,,blok,,,,,,,,,,
Warszawa Wola,"al. Aleja ""Solidarności""",2.0,46.0,799000,17560.0,Bez pośredników,ponad tydzień temu,12.0,https://adresowo.pl/o/mieszkanie-warszawa-wola-al-aleja-solidarnosci-2-pokojowe-s9n0u7,https://s2.adresowa.pl/oi/5a/59/3b5dd6_a089_cover-2-pokojowe-mieszkanie-warszawa-wola-al-aleja-solidarnosci-.jpg,,,2,1953.0,kamienica,,,,,,,,,52.240809,20.988297
Warszawa Śródmieście,ul. Świętokrzyska,1.0,28.0,740000,26812.0,Oferta biura nieruchomości,ponad tydzień temu,4.0,https://adresowo.pl/o/mieszkanie-warszawa-srodmiescie-ul-swietokrzyska-1-pokoj-b9n0m8,https://s2.adresowa.pl/oi/3f/10/3b643c_42c8_cover-1-pokojowe-mieszkanie-warszawa-srodmiescie-ul-swietokrzyska.jpg,,,6,1969.0,kamienica,,,,,,,,,52.235175,21.009631
Warszawa Gocław,ul. Jugosłowiańska,1.0,38.0,720000,18947.0,Bez pośredników,ponad tydzień temu,6.0,https://adresowo.pl/o/mieszkanie-warszawa-goclaw-ul-jugoslowianska-1-pokoj-b5z8o4,https://s2.adresowa.pl/oi/65/4d/3b5db2_b2a4_cover-1-pokojowe-mieszkanie-warszawa-goclaw-ul-jugoslowianska.jpg,,,20,2011.0,blok,,,,,,,,,,
Warszawa Praga-Północ,ul. Panieńska,5.0,139.0,5990000,43218.0,Bez pośredników,ponad tydzień temu,16.0,https://adresowo.pl/o/mieszkanie-warszawa-praga-polnoc-ul-panienska-5-pokojowe-x0b4r7,https://s2.adresowa.pl/oi/11/11/3b5d70_d0f7_cover-5-pokojowe-mieszkanie-warszawa-praga-polnoc-ul-panienska.jpg,,,parter,1996.0,blok,,,,,,,,,,
Warszawa Ursus,ul. Balbinki,2.0,41.0,650000,15854.0,Bez pośredników,ponad tydzień temu,6.0,https://adresowo.pl/o/mieszkanie-warszawa-ursus-ul-balbinki-2-pokojowe-a1n9n9,https://s2.adresowa.pl/oi/3f/5e/3b5d4e_f3d1_cover-2-pokojowe-mieszkanie-warszawa-ursus-ul-balbinki.jpg,,,650,,blok,,,,,,,,,52.192272,20.89661
Warszawa Wola,ul. Prosta,3.0,71.0,2650000,37324.0,Oferta biura nieruchomości,ponad tydzień temu,15.0,https://adresowo.pl/o/mieszkanie-warszawa-wola-ul-prosta-3-pokojowe-u1k9f0,https://s2.adresowa.pl/oi/45/4d/3b641e_5d65_cover-3-pokojowe-mieszkanie-warszawa-wola-ul-prosta.jpg,,,6,2025.0,blok,,,,,,,,,52.229358,20.984294
Warszawa Wola,ul. Prosta,2.0,46.0,1794000,38975.0,Oferta biura nieruchomości,ponad tydzień temu,14.0,https://adresowo.pl/o/mieszkanie-warszawa-wola-ul-prosta-2-pokojowe-u4j8q2,https://s2.adresowa.pl/oi/5b/4c/3b6400_6a0a_cover-2-pokojowe-mieszkanie-warszawa-wola-ul-prosta.jpg,,,parter,2025.0,blok,,,,,,,,,52.229115,20.984604
Warszawa Wola,ul. Młynarska,2.0,56.0,795200,14200.0,Bez pośredników,ponad tydzień temu,5.0,https://adresowo.pl/o/mieszkanie-warszawa-wola-ul-mlynarska-2-pokojowe-r7u8t9,https://s2.adresowa.pl/oi/63/48/3b5d28_8aeb_cover-2-pokojowe-mieszkanie-warszawa-wola-ul-mlynarska.jpg,,,parter,1915.0,kamienica,,,,,,,,,52.240013,20.970917
Warszawa Wola,ul. Jana Kazimierza,3.0,56.0,1600000,28829.0,Bez pośredników,ponad tydzień temu,1.0,https://adresowo.pl/o/mieszkanie-warszawa-wola-ul-jana-kazimierza-3-pokojowe-q8f0r8,https://s2.adresowa.pl/oi/59/2b/3b5cfe_cc1c_cover-3-pokojowe-mieszkanie-warszawa-wola-ul-jana-kazimierza.jpg,,,6,2016.0,blok,,,,,,,,,,
Warszawa Śródmieście,ul. Nowogrodzka,3.0,105.0,2490000,23714.0,Oferta biura nieruchomości,ponad tydzień temu,15.0,https://adresowo.pl/o/mieszkanie-warszawa-srodmiescie-ul-nowogrodzka-3-pokojowe-p0z9g6,https://s2.adresowa.pl/oi/1b/41/3b63e0_57b6_cover-3-pokojowe-mieszkanie-warszawa-srodmiescie-ul-nowogrodzka.jpg,,,parter,1913.0,kamienica,,,,,,,,,52.228109,21.008416
Warszawa Mokotów,ul. Bukowińska,1.0,37.0,839000,22676.0,Bez pośredników,ponad tydzień temu,15.0,https://adresowo.pl/o/mieszkanie-warszawa-mokotow-ul-bukowinska-1-pokoj-a9j2g7,https://s2.adresowa.pl/oi/70/54/3b5ce0_b286_cover-1-pokojowe-mieszkanie-warszawa-mokotow-ul-bukowinska.jpg,,,7,2005.0,blok,,,,,,,,,,
Warszawa Ursus,ul. Jana Marcina Szancera,2.0,36.0,565000,15694.0,Bez pośredników,ponad tydzień temu,9.0,https://adresowo.pl/o/mieszkanie-warszawa-ursus-ul-jana-marcina-szancera-2-pokojowe-d5s7j3,https://s2.adresowa.pl/oi/1b/47/3b5c66_6052_cover-2-pokojowe-mieszkanie-warszawa-ursus-ul-jana-marcina-szancera.jpg,,,3,1966.0,blok,,,,,,,,,,
Warszawa Bemowo,ul. Kazubów,2.0,34.0,650000,19118.0,Bez pośredników,ponad tydzień temu,15.0,https://adresowo.pl/o/mieszkanie-warszawa-bemowo-ul-kazubow-2-pokojowe-s8z8b5,https://s2.adresowa.pl/oi/4c/11/3b5c4e_898d_cover-2-pokojowe-mieszkanie-warszawa-bemowo-ul-kazubow.jpg,,,7,1987.0,blok,,,,,,,,,52.243543,20.912761
Warszawa Śródmieście,ul. Stanisława Noakowskiego,5.0,186.0,4790000,25753.0,Oferta biura nieruchomości,ponad tydzień temu,13.0,https://adresowo.pl/o/mieszkanie-warszawa-srodmiescie-ul-stanislawa-noakowskiego-5-pokojowe-z2d1p1,https://s2.adresowa.pl/oi/58/47/3b639e_5c0f_cover-5-pokojowe-mieszkanie-warszawa-srodmiescie-ul-stanislawa-noakowskiego.jpg,,,parter,1912.0,kamienica,,,,,,,,,52.221727,21.010942
Warszawa Żoliborz,ul. Włościańska,1.0,29.0,469000,16456.0,Oferta biura nieruchomości,ponad tydzień temu,9.0,https://adresowo.pl/o/mieszkanie-warszawa-zoliborz-ul-wloscianska-1-pokoj-i1j4x1,https://s2.adresowa.pl/oi/61/4a/3b5c68_dfb2_cover-1-pokojowe-mieszkanie-warszawa-zoliborz-ul-wloscianska.jpg,,,parter,1977.0,blok,,,,,,,,,,
Warszawa Ursus,ul. Orląt Lwowskich,4.0,62.0,735000,11817.0,Bez pośredników,ponad tydzień temu,17.0,https://adresowo.pl/o/mieszkanie-warszawa-ursus-ul-orlat-lwowskich-4-pokojowe-r2c6h0,https://s2.adresowa.pl/oi/44/51/3b5c36_c597_cover-4-pokojowe-mieszkanie-warszawa-ursus-ul-orlat-lwowskich.jpg,,,2,,blok,,,,,,,,,52.192634,20.871218
Warszawa Lewandów,ul. Głębocka,2.0,53.0,699000,13189.0,Bez pośredników,ponad tydzień temu,20.0,https://adresowo.pl/o/mieszkanie-warszawa-lewandow-ul-glebocka-2-pokojowe-q4t4k1,https://s2.adresowa.pl/oi/45/33/3b5c2e_cf62_cover-2-pokojowe-mieszkanie-warszawa-lewandow-ul-glebocka.jpg,,,parter,2007.0,blok,,,,,,,,,,
Warszawa Wola,ul. Okopowa,2.0,46.0,820000,17826.0,Bez pośredników,ponad tydzień temu,20.0,https://adresowo.pl/o/mieszkanie-warszawa-wola-ul-okopowa-2-pokojowe-q5i3o7,https://s2.adresowa.pl/oi/49/34/3b5c1c_5379_cover-2-pokojowe-mieszkanie-warszawa-wola-ul-okopowa.jpg,,,820,1968.0,blok,,,,,,,,,52.244959,20.97735
Warszawa Praga-Południe,al. Stanów Zjednoczonych,3.0,48.0,779000,16229.0,Oferta biura nieruchomości,ponad tydzień temu,10.0,https://adresowo.pl/o/mieszkanie-warszawa-praga-poludnie-al-stanow-zjednoczonych-3-pokojowe-x3y1x8,https://s2.adresowa.pl/oi/4d/4b/3b5b00_a48e_cover-3-pokojowe-mieszkanie-warszawa-praga-poludnie-al-stanow-zjednoczonych.jpg,,,6,1976.0,apartamentowiec,,,,,,,,,,
Warszawa Ochota,ul. Filtrowa,3.0,85.0,1900000,22353.0,Oferta biura nieruchomości,ponad tydzień temu,16.0,https://adresowo.pl/o/mieszkanie-warszawa-ochota-ul-filtrowa-3-pokojowe-r0b3q5,https://s2.adresowa.pl/oi/44/56/3b5b02_ca70_cover-3-pokojowe-mieszkanie-warszawa-ochota-ul-filtrowa.jpg,,,parter,1925.0,,,,,,,,,,,
Warszawa Żerań,ul. Jana Kowalczyka,2.0,48.0,850000,17584.0,Bez pośredników,ponad tydzień temu,27.0,https://adresowo.pl/o/mieszkanie-warszawa-zeran-ul-jana-kowalczyka-2-pokojowe-e9x1f3,https://s2.adresowa.pl/oi/65/6c/3b5bea_940e_cover-2-pokojowe-mieszkanie-warszawa-zeran-ul-jana-kowalczyka.jpg,,,parter,2017.0,blok,,,,,,,,,,
Warszawa Grochów,ul. Józefa Dwernickiego,1.0,36.0,580000,16111.0,Bez pośredników,ponad tydzień temu,8.0,https://adresowo.pl/o/mieszkanie-warszawa-grochow-ul-jozefa-dwernickiego-1-pokoj-t2d6q7,https://s2.adresowa.pl/oi/1f/60/3b5b12_98cf_cover-1-pokojowe-mieszkanie-warszawa-grochow-ul-jozefa-dwernickiego.jpg,,,539,1957.0,kamienica,,,,,,,,,52.250868,21.081735
Warszawa Bielany,ul. Sokratesa,3.0,78.0,2150000,27564.0,Bez pośredników,ponad tydzień temu,13.0,https://adresowo.pl/o/mieszkanie-warszawa-bielany-ul-sokratesa-3-pokojowe-u9h8e5,https://s2.adresowa.pl/oi/6c/74/3b5a5e_4c26_cover-3-pokojowe-mieszkanie-warszawa-bielany-ul-sokratesa.jpg,,,parter,,blok,,,,,,,,,52.282414,20.92431
Warszawa Praga-Północ,ul. Targowa,4.0,66.0,1640000,24848.0,Oferta biura nieruchomości,ponad tydzień temu,27.0,https://adresowo.pl/o/mieszkanie-warszawa-praga-polnoc-ul-targowa-4-pokojowe-v3c3e1,https://s2.adresowa.pl/oi/64/5f/3b5afa_9129_cover-4-pokojowe-mieszkanie-warszawa-praga-polnoc-ul-targowa.jpg,,,12,1970.0,blok,,,,,,,,,52.251332,21.037694
Warszawa Włochy,ul. Krańcowa,3.0,58.0,1100000,18966.0,Oferta biura nieruchomości,ponad tydzień temu,18.0,https://adresowo.pl/o/mieszkanie-warszawa-wlochy-ul-krancowa-3-pokojowe-o6o1q1,https://s2.adresowa.pl/oi/14/57/3b5af2_ba33_cover-3-pokojowe-mieszkanie-warszawa-wlochy-ul-krancowa.jpg,,,parter,2014.0,blok,,,,,,,,,,
Warszawa Śródmieście,ul. Piwna,2.0,48.0,1300000,27083.0,Bez pośredników,ponad tydzień temu,17.0,https://adresowo.pl/o/mieszkanie-warszawa-srodmiescie-ul-piwna-2-pokojowe-v9s3b2,https://s2.adresowa.pl/oi/4c/43/3b5948_5e77_cover-2-pokojowe-mieszkanie-warszawa-srodmiescie-ul-piwna.jpg,,,14,1954.0,,,,,,,,,,,
Warszawa Tarchomin,ul. Mariana Wyrzykowskiego,2.0,48.0,650000,13542.0,Bez pośredników,ponad tydzień temu,19.0,https://adresowo.pl/o/mieszkanie-warszawa-tarchomin-ul-mariana-wyrzykowskiego-2-pokojowe-w5h1l2,https://s2.adresowa.pl/oi/39/7f/3b5938_9151_cover-2-pokojowe-mieszkanie-warszawa-tarchomin-ul-mariana-wyrzykowskiego.jpg,,,parter,2015.0,blok,,,,,,,,,52.33699,20.952001
Warszawa Sadyba,ul. Jana III Sobieskiego,3.0,47.0,799000,17146.0,Bez pośredników,ponad tydzień temu,10.0,https://adresowo.pl/o/mieszkanie-warszawa-sadyba-ul-jana-iii-sobieskiego-3-pokojowe-l4y4a7,https://s2.adresowa.pl/oi/44/34/3b58a8_d650_cover-3-pokojowe-mieszkanie-warszawa-sadyba-ul-jana-iii-sobieskiego.jpg,,,789,1970.0,blok,,,,,,,,,52.185801,21.051769
Warszawa Włochy,ul. Łopuszańska,2.0,29.0,630000,21724.0,Oferta biura nieruchomości,ponad tydzień temu,3.0,https://adresowo.pl/o/mieszkanie-warszawa-wlochy-ul-lopuszanska-2-pokojowe-c7e0s8,https://s2.adresowa.pl/oi/63/6d/3b5af4_dd4d_cover-2-pokojowe-mieszkanie-warszawa-wlochy-ul-lopuszanska.jpg,,,parter,2024.0,blok,,,,,,,,,,
Warszawa Mokotów,ul. Czerniakowska,3.0,58.0,940000,16179.0,Oferta biura nieruchomości,ponad tydzień temu,7.0,https://adresowo.pl/o/mieszkanie-warszawa-mokotow-ul-czerniakowska-3-pokojowe-p3q4l5,https://s2.adresowa.pl/oi/45/6c/3b5aea_8e0d_cover-3-pokojowe-mieszkanie-warszawa-mokotow-ul-czerniakowska.jpg,,,parter,1972.0,blok,,,,,,,,,52.200107,21.051102
Warszawa Ursynów,ul. Polinezyjska,3.0,63.0,920000,14603.0,Bez pośredników,ponad tydzień temu,10.0,https://adresowo.pl/o/mieszkanie-warszawa-ursynow-ul-polinezyjska-3-pokojowe-y3h2q7,https://s2.adresowa.pl/oi/38/1e/3b580e_9e07_cover-3-pokojowe-mieszkanie-warszawa-ursynow-ul-polinezyjska.jpg,,,8,1978.0,blok,,,,,,,,,52.151609,21.043811
Warszawa Saska Kępa,ul. Saska,1.0,27.0,578000,21056.0,Bez pośredników,ponad tydzień temu,8.0,https://adresowo.pl/o/mieszkanie-warszawa-saska-kepa-ul-saska-1-pokoj-z0s8z8,https://s2.adresowa.pl/oi/51/66/3b56e2_fcd2_cover-1-pokojowe-mieszkanie-warszawa-saska-kepa-ul-saska.jpg,,,10,1966.0,blok,,,,,,,,,52.232349,21.060796
Warszawa Mokotów,ul. Wolfganga Amadeusza Mozarta,2.0,46.0,780000,16957.0,Oferta biura nieruchomości,ponad tydzień temu,14.0,https://adresowo.pl/o/mieszkanie-warszawa-mokotow-ul-wolfganga-amadeusza-mozarta-2-pokojowe-j0b7z6,https://s2.adresowa.pl/oi/72/27/3b5ae4_73d5_cover-2-pokojowe-mieszkanie-warszawa-mokotow-ul-wolfganga-amadeusza-mozarta.jpg,,,7,1977.0,blok,,,,,,,,,,
Warszawa Targówek,ul. Rembielińska,1.0,29.0,465000,15838.0,Oferta biura nieruchomości,ponad tydzień temu,5.0,https://adresowo.pl/o/mieszkanie-warszawa-targowek-ul-rembielinska-1-pokoj-y6l0n3,https://s2.adresowa.pl/oi/2b/2c/3b5ade_eeb7_cover-1-pokojowe-mieszkanie-warszawa-targowek-ul-rembielinska.jpg,,,4,1973.0,blok,,,,,,,,,,
Warszawa Wawrzyszew,ul. Sandora Petöfiego,2.0,57.0,859000,15123.0,Bez pośredników,ponad tydzień temu,13.0,https://adresowo.pl/o/mieszkanie-warszawa-wawrzyszew-ul-sandora-petofiego-2-pokojowe-m7m1b2,https://s2.adresowa.pl/oi/3a/7f/3b566e_6a17_cover-2-pokojowe-mieszkanie-warszawa-wawrzyszew-ul-sandora-petofiego.jpg,,,6,1980.0,blok,,,,,,,,,52.282716,20.929227
Warszawa Bemowo,ul. Batalionów Chłopskich,3.0,72.0,1512000,21000.0,Bez pośredników,ponad tydzień temu,17.0,https://adresowo.pl/o/mieszkanie-warszawa-bemowo-ul-batalionow-chlopskich-3-pokojowe-f7g6j3,https://s2.adresowa.pl/oi/32/6e/3b566a_e1f3_cover-3-pokojowe-mieszkanie-warszawa-bemowo-ul-batalionow-chlopskich.jpg,,,parter,2015.0,blok,,,,,,,,,,
Warszawa Białołęka,ul. Krzyżówki,2.0,51.0,1200000,23571.0,Oferta biura nieruchomości,ponad tydzień temu,14.0,https://adresowo.pl/o/mieszkanie-warszawa-bialoleka-ul-krzyzowki-2-pokojowe-v2x1f0,https://s2.adresowa.pl/oi/4d/19/3b5ae0_afdb_cover-2-pokojowe-mieszkanie-warszawa-bialoleka-ul-krzyzowki.jpg,,,parter,2014.0,blok,,,,,,,,,52.30726,20.995043
Warszawa Śródmieście,ul. gen. Władysława Andersa,1.0,27.0,638000,23806.0,Oferta biura nieruchomości,ponad tydzień temu,7.0,https://adresowo.pl/o/mieszkanie-warszawa-srodmiescie-ul-gen-wladyslawa-andersa-1-pokoj-f1r8c7,https://s2.adresowa.pl/oi/2c/10/3b5ab2_cb93_cover-1-pokojowe-mieszkanie-warszawa-srodmiescie-ul-gen-wladyslawa-andersa.jpg,,,parter,1975.0,blok,,,,,,,,,,
Warszawa Bemowo,ul. gen. Sylwestra Kaliskiego,2.0,56.0,699000,12482.0,Bez pośredników,ponad tydzień temu,4.0,https://adresowo.pl/o/mieszkanie-warszawa-bemowo-ul-gen-sylwestra-kaliskiego-2-pokojowe-i7y0c8,https://s2.adresowa.pl/oi/71/7b/3b5614_3425_cover-2-pokojowe-mieszkanie-warszawa-bemowo-ul-gen-sylwestra-kaliskiego.jpg,,,8,1980.0,blok,,,,,,,,,52.257759,20.897714
Warszawa Żoliborz,pl. Inwalidów,1.0,28.0,1200000,42857.0,Bez pośredników,ponad tydzień temu,8.0,https://adresowo.pl/o/mieszkanie-warszawa-zoliborz-pl-inwalidow-1-pokoj-w2m1k0,https://s2.adresowa.pl/oi/14/52/3b5550_dc7a_cover-1-pokojowe-mieszkanie-warszawa-zoliborz-pl-inwalidow.jpg,,,1,2019.0,kamienica,,,,,,,,,,
Warszawa Mokotów,ul. Leszczyny,3.0,116.0,2790000,24135.0,Bez pośredników,ponad tydzień temu,17.0,https://adresowo.pl/o/mieszkanie-warszawa-mokotow-ul-leszczyny-3-pokojowe-f7j3e1,https://s2.adresowa.pl/oi/61/6e/3b5524_5fde_cover-3-pokojowe-mieszkanie-warszawa-mokotow-ul-leszczyny.jpg,,,parter,2013.0,blok,,,,,,,,,52.184592,21.033236
Warszawa Śródmieście,ul. Ludwika Waryńskiego,2.0,45.0,1080000,24270.0,Oferta biura nieruchomości,ponad tydzień temu,11.0,https://adresowo.pl/o/mieszkanie-warszawa-srodmiescie-ul-ludwika-warynskiego-2-pokojowe-m4g5i6,https://s2.adresowa.pl/oi/63/16/3b5aac_340d_cover-2-pokojowe-mieszkanie-warszawa-srodmiescie-ul-ludwika-warynskiego.jpg,,,3,1953.0,kamienica,,,,,,,,,,
Warszawa Śródmieście,ul. Złota,1.0,27.0,649000,24037.0,Oferta biura nieruchomości,ponad tydzień temu,9.0,https://adresowo.pl/o/mieszkanie-warszawa-srodmiescie-ul-zlota-1-pokoj-s0m4j6,https://s2.adresowa.pl/oi/5f/7e/3b5a9a_8d3c_cover-1-pokojowe-mieszkanie-warszawa-srodmiescie-ul-zlota.jpg,,,1980,1980.0,blok,,,,,,,,,,
Warszawa Wawer,ul. Korkowa,2.0,38.0,495000,13200.0,Bez pośredników,ponad miesiąc temu,14.0,https://adresowo.pl/o/mieszkanie-warszawa-wawer-ul-korkowa-2-pokojowe-y9p8g8,https://s2.adresowa.pl/oi/46/57/384164_a190_cover-2-pokojowe-mieszkanie-warszawa-wawer-ul-korkowa.jpg,,,parter,1967.0,blok,,,,,,,,,52.238998,21.153
Warszawa Praga-Północ,ul. Karola Darwina,1.0,25.0,480000,19200.0,Bez pośredników,ponad tydzień temu,18.0,https://adresowo.pl/o/mieszkanie-warszawa-praga-polnoc-ul-karola-darwina-1-pokoj-x6c8i1,https://s2.adresowa.pl/oi/3b/79/3b54fa_312c_cover-1-pokojowe-mieszkanie-warszawa-praga-polnoc-ul-karola-darwina.jpg,,,11,1970.0,blok,,,,,,,,,,
Warszawa Praga-Południe,ul. Lizbońska,3.0,47.0,799000,17036.0,Bez pośredników,ponad tydzień temu,7.0,https://adresowo.pl/o/mieszkanie-warszawa-praga-poludnie-ul-lizbonska-3-pokojowe-t1x8c5,https://s2.adresowa.pl/oi/30/7e/3b1f00_cb45_cover-3-pokojowe-mieszkanie-warszawa-praga-poludnie-ul-lizbonska.jpg,,,1,1975.0,blok,,,,,,,,,52.227802,21.066184
Warszawa Ursynów,ul. Jurajska,3.0,61.0,999000,16426.0,Oferta biura nieruchomości,ponad tydzień temu,14.0,https://adresowo.pl/o/mieszkanie-warszawa-ursynow-ul-jurajska-3-pokojowe-q1x0s1,https://s2.adresowa.pl/oi/6b/4d/3b5a60_3c73_cover-3-pokojowe-mieszkanie-warszawa-ursynow-ul-jurajska.jpg,,,1,2017.0,blok,,,,,,,,,52.162904,20.995237
Warszawa Wilanów,ul. Adama Branickiego,3.0,88.0,1800000,20401.0,Oferta biura nieruchomości,ponad tydzień temu,19.0,https://adresowo.pl/o/mieszkanie-warszawa-wilanow-ul-adama-branickiego-3-pokojowe-e7s5t8,https://s2.adresowa.pl/oi/1a/74/3b5a58_6563_cover-3-pokojowe-mieszkanie-warszawa-wilanow-ul-adama-branickiego.jpg,,,parter,2011.0,blok,,,,,,,,,52.158902,21.084106
Warszawa Ochota,ul. Włodarzewska,2.0,56.0,1250000,22462.0,Bez pośredników,ponad tydzień temu,22.0,https://adresowo.pl/o/mieszkanie-warszawa-ochota-ul-wlodarzewska-2-pokojowe-p4g4z9,https://s2.adresowa.pl/oi/28/5b/3b53b8_9c3b_cover-2-pokojowe-mieszkanie-warszawa-ochota-ul-wlodarzewska.jpg,,,4,1999.0,blok,,,,,,,,,52.20026,20.956655
Warszawa Białołęka,ul. Daniszewska,4.0,65.0,999000,15431.0,Bez pośredników,ponad tydzień temu,15.0,https://adresowo.pl/o/mieszkanie-warszawa-bialoleka-ul-daniszewska-4-pokojowe-c3w2f3,https://s2.adresowa.pl/oi/4c/1c/3b53b2_8d3f_cover-4-pokojowe-mieszkanie-warszawa-bialoleka-ul-daniszewska.jpg,,,3,2019.0,blok,,,,,,,,,,
Warszawa Wola,ul. Syreny,2.0,37.0,550000,15068.0,Bez pośredników,ponad tydzień temu,7.0,https://adresowo.pl/o/mieszkanie-warszawa-wola-ul-syreny-2-pokojowe-v9e7f1,https://s2.adresowa.pl/oi/63/11/3b535e_d29b_cover-2-pokojowe-mieszkanie-warszawa-wola-ul-syreny.jpg,,,parter,1963.0,blok,,,,,,,,,52.240324,20.961543
Warszawa Ursus,ul. Stanisława Wojciechowskiego,2.0,38.0,499000,13201.0,Oferta biura nieruchomości,ponad tydzień temu,9.0,https://adresowo.pl/o/mieszkanie-warszawa-ursus-ul-stanislawa-wojciechowskiego-2-pokojowe-r3y7w0,https://s2.adresowa.pl/oi/4b/66/3b5a40_87ea_cover-2-pokojowe-mieszkanie-warszawa-ursus-ul-stanislawa-wojciechowskiego.jpg,,,parter,1974.0,blok,,,,,,,,,,
Warszawa Śródmieście,ul. Adolfa Suligowskiego,3.0,58.0,1049000,18212.0,Oferta biura nieruchomości,ponad tydzień temu,13.0,https://adresowo.pl/o/mieszkanie-warszawa-srodmiescie-ul-adolfa-suligowskiego-3-pokojowe-g9u5c1,https://s2.adresowa.pl/oi/4c/2d/3b544a_698b_cover-3-pokojowe-mieszkanie-warszawa-srodmiescie-ul-adolfa-suligowskiego.jpg,,,4,1946.0,blok,,,,,,,,,,
Warszawa Ursynów,ul. Alternatywy,2.0,57.0,1100000,19298.0,Bez pośredników,ponad tydzień temu,12.0,https://adresowo.pl/o/mieszkanie-warszawa-ursynow-ul-alternatywy-2-pokojowe-y1k7t0,https://s2.adresowa.pl/oi/13/41/3b5340_80b2_cover-2-pokojowe-mieszkanie-warszawa-ursynow-ul-alternatywy.jpg,,,parter,2006.0,blok,,,,,,,,,52.142776,21.035647
Warszawa Wola,ul. Żelazna,5.0,85.0,1550000,18190.0,Bez pośredników,ponad tydzień temu,5.0,https://adresowo.pl/o/mieszkanie-warszawa-wola-ul-zelazna-5-pokojowe-l0m8i6,https://s2.adresowa.pl/oi/4d/40/3b5334_f207_cover-5-pokojowe-mieszkanie-warszawa-wola-ul-zelazna.jpg,,,13,2009.0,blok,,,,,,,,,52.234669,20.990782
Warszawa Mokotów,ul. Cybernetyki,2.0,43.0,949000,22101.0,Bez pośredników,ponad tydzień temu,1.0,https://adresowo.pl/o/mieszkanie-warszawa-mokotow-ul-cybernetyki-2-pokojowe-b9y7m7,https://s2.adresowa.pl/oi/28/59/3b52ec_e12f_cover-2-pokojowe-mieszkanie-warszawa-mokotow-ul-cybernetyki.jpg,,,4,1972.0,blok,,,,,,,,,52.176461,20.993552
Warszawa Białołęka,ul. Krokwi,1.0,31.0,535000,17541.0,Oferta biura nieruchomości,ponad tydzień temu,14.0,https://adresowo.pl/o/mieszkanie-warszawa-bialoleka-ul-krokwi-1-pokoj-z5w8b0,https://s2.adresowa.pl/oi/3f/59/3b5380_43dc_cover-1-pokojowe-mieszkanie-warszawa-bialoleka-ul-krokwi.jpg,,,3,2012.0,blok,,,,,,,,,,
Warszawa Praga-Północ,ul. Bertolta Brechta,1.0,21.0,420000,20000.0,Oferta biura nieruchomości,ponad tydzień temu,12.0,https://adresowo.pl/o/mieszkanie-warszawa-praga-polnoc-ul-bertolta-brechta-1-pokoj-d9d7l5,https://s2.adresowa.pl/oi/29/4f/3b537e_a0cd_cover-1-pokojowe-mieszkanie-warszawa-praga-polnoc-ul-bertolta-brechta.jpg,,,1,1956.0,blok,,,,,,,,,,
Warszawa Ochota,ul. Mołdawska,2.0,37.0,600000,16216.0,Bez pośredników,ponad tydzień temu,13.0,https://adresowo.pl/o/mieszkanie-warszawa-ochota-ul-moldawska-2-pokojowe-q8l9a3,https://s2.adresowa.pl/oi/14/27/3b52a8_affd_cover-2-pokojowe-mieszkanie-warszawa-ochota-ul-moldawska.jpg,,,6,1970.0,blok,,,,,,,,,52.198076,20.978001
Warszawa Białołęka,ul. Żeglugi Wiślanej,2.0,52.0,609950,11798.0,Bez pośredników,ponad tydzień temu,14.0,https://adresowo.pl/o/mieszkanie-warszawa-bialoleka-ul-zeglugi-wislanej-2-pokojowe-q2p2k2,https://s2.adresowa.pl/oi/4b/35/3b5276_2fb0_cover-2-pokojowe-mieszkanie-warszawa-bialoleka-ul-zeglugi-wislanej.jpg,,,parter,,blok,,,,,,,,,,
Warszawa Ursynów,ul. rtm. Witolda Pileckiego,2.0,52.0,794000,15388.0,Bez pośredników,ponad tydzień temu,17.0,https://adresowo.pl/o/mieszkanie-warszawa-ursynow-ul-rtm-witolda-pileckiego-2-pokojowe-g3z9l2,https://s2.adresowa.pl/oi/10/41/3b5262_bc6b_cover-2-pokojowe-mieszkanie-warszawa-ursynow-ul-rtm-witolda-pileckiego.jpg,,,770,2003.0,blok,,,,,,,,,52.148154,21.034582
Warszawa Białołęka,ul. Marii Callas,2.0,39.0,599000,15359.0,Oferta biura nieruchomości,ponad tydzień temu,7.0,https://adresowo.pl/o/mieszkanie-warszawa-bialoleka-ul-marii-callas-2-pokojowe-q3f3x0,https://s2.adresowa.pl/oi/7f/66/3b537c_4c83_cover-2-pokojowe-mieszkanie-warszawa-bialoleka-ul-marii-callas.jpg,,,parter,2024.0,blok,,,,,,,,,,
Warszawa Wawer,ul. Jana Zygmunta Skrzyneckiego,4.0,96.0,1349900,14003.0,Bez pośredników,ponad tydzień temu,19.0,https://adresowo.pl/o/mieszkanie-warszawa-wawer-ul-jana-zygmunta-skrzyneckiego-4-pokojowe-i3a5z3,https://s2.adresowa.pl/oi/1d/34/3b520c_708d_cover-4-pokojowe-mieszkanie-warszawa-wawer-ul-jana-zygmunta-skrzyneckiego.jpg,,,1,2000.0,blok,,,,,,,,,52.227048,21.153996
Warszawa Praga-Północ,ul. Jagiellońska,2.0,40.0,790000,19720.0,Bez pośredników,ponad tydzień temu,10.0,https://adresowo.pl/o/mieszkanie-warszawa-praga-polnoc-ul-jagiellonska-2-pokojowe-y4i1h0,https://s2.adresowa.pl/oi/15/1a/3b5208_fd10_cover-2-pokojowe-mieszkanie-warszawa-praga-polnoc-ul-jagiellonska.jpg,,,parter,2023.0,blok,,,,,,,,,,
Warszawa Wola,ul. Krochmalna,2.0,44.0,1275000,28977.0,Bez pośredników,ponad tydzień temu,17.0,https://adresowo.pl/o/mieszkanie-warszawa-wola-ul-krochmalna-2-pokojowe-q0e1q9,https://s2.adresowa.pl/oi/61/52/3b51aa_3d88_cover-2-pokojowe-mieszkanie-warszawa-wola-ul-krochmalna.jpg,,,parter,2020.0,blok,,,,,,,,,52.236373,20.990696
Warszawa Białołęka,ul. Mariana Hemara,2.0,43.0,675000,15879.0,Oferta biura nieruchomości,ponad tydzień temu,12.0,https://adresowo.pl/o/mieszkanie-warszawa-bialoleka-ul-mariana-hemara-2-pokojowe-u2z7d8,https://s2.adresowa.pl/oi/4a/18/3b536e_c283_cover-2-pokojowe-mieszkanie-warszawa-bialoleka-ul-mariana-hemara.jpg,,,parter,2022.0,blok,,,,,,,,,,
Warszawa Białołęka,ul. Szumiących Traw,2.0,58.0,649000,11211.0,Oferta biura nieruchomości,ponad tydzień temu,9.0,https://adresowo.pl/o/mieszkanie-warszawa-bialoleka-ul-szumiacych-traw-2-pokojowe-c8r2k8,https://s2.adresowa.pl/oi/7c/70/3b5354_ae60_cover-2-pokojowe-mieszkanie-warszawa-bialoleka-ul-szumiacych-traw.jpg,,,parter,2002.0,blok,,,,,,,,,52.30906,21.05829
Warszawa Mokotów,ul. Jaszowiecka,2.0,38.0,640000,16842.0,Bez pośredników,ponad tydzień temu,14.0,https://adresowo.pl/o/mieszkanie-warszawa-mokotow-ul-jaszowiecka-2-pokojowe-b8o3q7,https://s2.adresowa.pl/oi/33/76/3b5198_c620_cover-2-pokojowe-mieszkanie-warszawa-mokotow-ul-jaszowiecka.jpg,,,3,1975.0,blok,,,,,,,,,,
Warszawa Mokotów,ul. Obrzeżna,2.0,42.0,835800,19919.0,Bez pośredników,ponad tydzień temu,3.0,https://adresowo.pl/o/mieszkanie-warszawa-mokotow-ul-obrzezna-2-pokojowe-g6n4f1,https://s2.adresowa.pl/oi/26/44/3b518e_5f94_cover-2-pokojowe-mieszkanie-warszawa-mokotow-ul-obrzezna.jpg,,,5,2015.0,blok,,,,,,,,,,
Warszawa Sielce,ul. Chełmska,3.0,57.0,930000,16316.0,Bez pośredników,ponad tydzień temu,6.0,https://adresowo.pl/o/mieszkanie-warszawa-sielce-ul-chelmska-3-pokojowe-r6p2b5,https://s2.adresowa.pl/oi/39/61/3b5186_5d2e_cover-3-pokojowe-mieszkanie-warszawa-sielce-ul-chelmska.jpg,,,2,2000.0,blok,,,,,,,,,52.202213,21.042831
Warszawa Śródmieście,ul. Inflancka,3.0,62.0,1600000,25806.0,Oferta biura nieruchomości,ponad tydzień temu,10.0,https://adresowo.pl/o/mieszkanie-warszawa-srodmiescie-ul-inflancka-3-pokojowe-p3w9n1,https://s2.adresowa.pl/oi/37/28/3b5338_58c7_cover-3-pokojowe-mieszkanie-warszawa-srodmiescie-ul-inflancka.jpg,,,parter,2013.0,blok,,,,,,,,,52.253965,20.989636
Warszawa Targówek,ul. Wyspowa,4.0,88.0,879000,9989.0,Oferta biura nieruchomości,ponad tydzień temu,13.0,https://adresowo.pl/o/mieszkanie-warszawa-targowek-ul-wyspowa-4-pokojowe-x1h8q6,https://s2.adresowa.pl/oi/48/7b/3b5332_65e4_cover-4-pokojowe-mieszkanie-warszawa-targowek-ul-wyspowa.jpg,,,parter,2002.0,blok,,,,,,,,,,
Warszawa,ul. Edmunda Jana Osmańczyka,1.0,29.0,569000,19354.0,Bez pośredników,ponad tydzień temu,10.0,https://adresowo.pl/o/mieszkanie-warszawa-ul-edmunda-jana-osmanczyka-1-pokoj-s7q2v7,https://s2.adresowa.pl/oi/26/17/3b5138_2e07_cover-1-pokojowe-mieszkanie-warszawa-ul-edmunda-jana-osmanczyka.jpg,,,3,,blok,,,,,,,,,52.25964,20.930992
Warszawa Ursynów,ul. Pieskowa Skała,3.0,56.0,1005840,18000.0,Bez pośredników,ponad tydzień temu,19.0,https://adresowo.pl/o/mieszkanie-warszawa-ursynow-ul-pieskowa-skala-3-pokojowe-n8h0d6,https://s2.adresowa.pl/oi/27/37/3b5130_db95_cover-3-pokojowe-mieszkanie-warszawa-ursynow-ul-pieskowa-skala.jpg,,,999,2018.0,blok,,,,,,,,,52.162117,20.996343
Warszawa Czyste,ul. Skierniewicka,2.0,41.0,992000,24195.0,Bez pośredników,ponad tydzień temu,7.0,https://adresowo.pl/o/mieszkanie-warszawa-czyste-ul-skierniewicka-2-pokojowe-x9s3r9,https://s2.adresowa.pl/oi/63/1f/3b5104_b130_cover-2-pokojowe-mieszkanie-warszawa-czyste-ul-skierniewicka.jpg,,,parter,2017.0,blok,,,,,,,,,52.231297,20.968974
Warszawa Ursus,ul. Quo Vadis,2.0,39.0,689000,17868.0,Oferta biura nieruchomości,ponad tydzień temu,7.0,https://adresowo.pl/o/mieszkanie-warszawa-ursus-ul-quo-vadis-2-pokojowe-r4q2m6,https://s2.adresowa.pl/oi/5c/5f/3b5320_7b6f_cover-2-pokojowe-mieszkanie-warszawa-ursus-ul-quo-vadis.jpg,,,parter,2020.0,blok,,,,,,,,,,
Warszawa Białołęka,ul. Odkryta,2.0,43.0,610000,14088.0,Oferta biura nieruchomości,ponad tydzień temu,20.0,https://adresowo.pl/o/mieszkanie-warszawa-bialoleka-ul-odkryta-2-pokojowe-k3s6i4,https://s2.adresowa.pl/oi/74/28/3b5324_3239_cover-2-pokojowe-mieszkanie-warszawa-bialoleka-ul-odkryta.jpg,,,parter,1999.0,blok,,,,,,,,,,
Warszawa Białołęka,ul. Szlachecka,2.0,40.0,680000,16941.0,Bez pośredników,ponad tydzień temu,6.0,https://adresowo.pl/o/mieszkanie-warszawa-bialoleka-ul-szlachecka-2-pokojowe-l4n2k9,https://s2.adresowa.pl/oi/24/20/3b50ba_27be_cover-2-pokojowe-mieszkanie-warszawa-bialoleka-ul-szlachecka.jpg,,,parter,2020.0,blok,,,,,,,,,,
Warszawa Włochy,ul. Aleje Jerozolimskie,1.0,32.0,510000,15883.0,Bez pośredników,ponad tydzień temu,10.0,https://adresowo.pl/o/mieszkanie-warszawa-wlochy-ul-aleje-jerozolimskie-1-pokoj-d8r1b2,https://s2.adresowa.pl/oi/54/7f/3b5096_4220_cover-1-pokojowe-mieszkanie-warszawa-wlochy-ul-aleje-jerozolimskie.jpg,,,parter,2018.0,apartamentowiec,,,,,,,,,52.190334,20.918098
Warszawa Bemowo,ul. Strzelców,2.0,47.0,870000,18702.0,Bez pośredników,ponad tydzień temu,17.0,https://adresowo.pl/o/mieszkanie-warszawa-bemowo-ul-strzelcow-2-pokojowe-t5g2n4,https://s2.adresowa.pl/oi/78/1d/3b504c_7014_cover-2-pokojowe-mieszkanie-warszawa-bemowo-ul-strzelcow.jpg,,,parter,2017.0,blok,,,,,,,,,52.220757,20.911265
Warszawa Mokotów,ul. Krymska,3.0,53.0,700000,13208.0,Oferta biura nieruchomości,ponad tydzień temu,13.0,https://adresowo.pl/o/mieszkanie-warszawa-mokotow-ul-krymska-3-pokojowe-o2c7r9,https://s2.adresowa.pl/oi/43/53/3b531c_eacd_cover-3-pokojowe-mieszkanie-warszawa-mokotow-ul-krymska.jpg,,,1,1970.0,blok,,,,,,,,,52.184243,21.052068
Warszawa Rembertów,ul. Kuglarska,2.0,47.0,660000,14043.0,Oferta biura nieruchomości,ponad tydzień temu,6.0,https://adresowo.pl/o/mieszkanie-warszawa-rembertow-ul-kuglarska-2-pokojowe-g8r0e7,https://s2.adresowa.pl/oi/41/66/3b5300_aa71_cover-2-pokojowe-mieszkanie-warszawa-rembertow-ul-kuglarska.jpg,,,parter,2011.0,kamienica,,,,,,,,,,
Warszawa Praga-Południe,ul. Wspólna Droga,3.0,40.0,764000,19100.0,Bez pośredników,ponad tydzień temu,5.0,https://adresowo.pl/o/mieszkanie-warszawa-praga-poludnie-ul-wspolna-droga-3-pokojowe-a8f9y5,https://s2.adresowa.pl/oi/29/3c/3b4c2c_bdf1_cover-3-pokojowe-mieszkanie-warszawa-praga-poludnie-ul-wspolna-droga.jpg,,,parter,1976.0,blok,,,,,,,,,,
Warszawa Praga-Południe,ul. Brazylijska,3.0,48.0,869000,18104.0,Bez pośredników,ponad tydzień temu,17.0,https://adresowo.pl/o/mieszkanie-warszawa-praga-poludnie-ul-brazylijska-3-pokojowe-r3s8j4,https://s2.adresowa.pl/oi/15/67/3b5018_9e21_cover-3-pokojowe-mieszkanie-warszawa-praga-poludnie-ul-brazylijska.jpg,,,1975,1975.0,blok,,,,,,,,,52.23102,21.064809
Warszawa Białołęka,ul. Myśliborska,1.0,30.0,478000,15933.0,Bez pośredników,ponad tydzień temu,16.0,https://adresowo.pl/o/mieszkanie-warszawa-bialoleka-ul-mysliborska-1-pokoj-j4y3o1,https://s2.adresowa.pl/oi/32/77/3b5012_34b2_cover-1-pokojowe-mieszkanie-warszawa-bialoleka-ul-mysliborska.jpg,,,parter,2016.0,blok,,,,,,,,,52.307234,20.976928
Warszawa Praga-Południe,ul. Międzynarodowa,1.0,34.0,559999,16451.0,Oferta biura nieruchomości,ponad tydzień temu,10.0,https://adresowo.pl/o/mieszkanie-warszawa-praga-poludnie-ul-miedzynarodowa-1-pokoj-b5c2e7,https://s2.adresowa.pl/oi/78/15/3b5282_5400_cover-1-pokojowe-mieszkanie-warszawa-praga-poludnie-ul-miedzynarodowa.jpg,,,parter,1960.0,blok,,,,,,,,,52.236065,21.064321
Warszawa Żoliborz,ul. Kaliny Jędrusik,3.0,55.0,1500000,27437.0,Oferta biura nieruchomości,ponad tydzień temu,28.0,https://adresowo.pl/o/mieszkanie-warszawa-zoliborz-ul-kaliny-jedrusik-3-pokojowe-o7n8t3,https://s2.adresowa.pl/oi/39/44/3b5270_2ce1_cover-3-pokojowe-mieszkanie-warszawa-zoliborz-ul-kaliny-jedrusik.jpg,,,parter,2016.0,blok,,,,,,,,,52.256558,20.964362
Warszawa Żoliborz,ul. Sady Żoliborskie,4.0,110.0,2750000,25000.0,Bez pośredników,ponad tydzień temu,10.0,https://adresowo.pl/o/mieszkanie-warszawa-zoliborz-ul-sady-zoliborskie-4-pokojowe-j9k7q6,https://s2.adresowa.pl/oi/29/48/3b5010_7ab7_cover-4-pokojowe-mieszkanie-warszawa-zoliborz-ul-sady-zoliborskie.jpg,,,2,1999.0,blok,,,,,,,,,52.266864,20.972794
Warszawa Raków,ul. Rakowiecka,2.0,33.0,660000,19760.0,Bez pośredników,ponad tydzień temu,12.0,https://adresowo.pl/o/mieszkanie-warszawa-rakow-ul-rakowiecka-2-pokojowe-a0w2l6,https://s2.adresowa.pl/oi/57/2b/3b4ff6_cc8c_cover-2-pokojowe-mieszkanie-warszawa-rakow-ul-rakowiecka.jpg,,,parter,2019.0,blok,,,,,,,,,,
Warszawa Bemowo,ul. gen. Meriana C. Coopera,2.0,55.0,1000000,18182.0,Bez pośredników,ponad tydzień temu,8.0,https://adresowo.pl/o/mieszkanie-warszawa-bemowo-ul-gen-meriana-c-coopera-2-pokojowe-f0d4u6,https://s2.adresowa.pl/oi/53/6e/3b4fa8_76bb_cover-2-pokojowe-mieszkanie-warszawa-bemowo-ul-gen-meriana-c-coopera.jpg,,,parter,2009.0,blok,,,,,,,,,52.235627,20.8931
Warszawa Śródmieście,al. Jana Pawła II,1.0,26.0,610000,23282.0,Oferta biura nieruchomości,ponad tydzień temu,13.0,https://adresowo.pl/o/mieszkanie-warszawa-srodmiescie-al-jana-pawla-ii-1-pokoj-a0b0q5,https://s2.adresowa.pl/oi/6e/67/3b5214_83b8_cover-1-pokojowe-mieszkanie-warszawa-srodmiescie-al-jana-pawla-ii.jpg,,,590,1960.0,blok,,,,,,,,,52.23382,20.99861
Warszawa Bemowo,ul. Dywizjonu 303,3.0,72.0,1350000,18750.0,Oferta biura nieruchomości,ponad tydzień temu,19.0,https://adresowo.pl/o/mieszkanie-warszawa-bemowo-ul-dywizjonu-303-3-pokojowe-g1u2s8,https://s2.adresowa.pl/oi/2a/4d/3b521a_c4b4_cover-3-pokojowe-mieszkanie-warszawa-bemowo-ul-dywizjonu-303.jpg,,,parter,2010.0,blok,,,,,,,,,52.246469,20.902863
Warszawa Białołęka,ul. Sprawna,2.0,58.0,1050000,18103.0,Bez pośredników,ponad tydzień temu,1.0,https://adresowo.pl/o/mieszkanie-warszawa-bialoleka-ul-sprawna-2-pokojowe-s5s0n9,https://s2.adresowa.pl/oi/2d/2c/3b4f4a_c0cb_cover-2-pokojowe-mieszkanie-warszawa-bialoleka-ul-sprawna.jpg,,,parter,2023.0,blok,,,,,,,,,,
Warszawa Włochy,ul. Zapustna,2.0,45.0,590000,13111.0,Bez pośredników,ponad tydzień temu,11.0,https://adresowo.pl/o/mieszkanie-warszawa-wlochy-ul-zapustna-2-pokojowe-i7e5h5,https://s2.adresowa.pl/oi/20/61/3b4ef0_f6b4_cover-2-pokojowe-mieszkanie-warszawa-wlochy-ul-zapustna.jpg,,,parter,2000.0,blok,,,,,,,,,,
Warszawa Białołęka,ul. Strumykowa,3.0,57.0,855000,15000.0,Bez pośredników,ponad tydzień temu,8.0,https://adresowo.pl/o/mieszkanie-warszawa-bialoleka-ul-strumykowa-3-pokojowe-h3m6v8,https://s2.adresowa.pl/oi/65/67/3b4e94_95b4_cover-3-pokojowe-mieszkanie-warszawa-bialoleka-ul-strumykowa.jpg,,,1,2020.0,blok,,,,,,,,,,
Warszawa Targówek,ul. Heleny Junkiewicz,3.0,74.0,1090000,14651.0,Oferta biura nieruchomości,ponad tydzień temu,8.0,https://adresowo.pl/o/mieszkanie-warszawa-targowek-ul-heleny-junkiewicz-3-pokojowe-r4i8v7,https://s2.adresowa.pl/oi/3b/4a/3b520a_7ddf_cover-3-pokojowe-mieszkanie-warszawa-targowek-ul-heleny-junkiewicz.jpg,,,parter,1976.0,blok,,,,,,,,,52.267814,21.057056
Warszawa Wola,"ul. Batalionu ""Pięść""",2.0,38.0,565000,15067.0,Oferta biura nieruchomości,ponad tydzień temu,12.0,https://adresowo.pl/o/mieszkanie-warszawa-wola-ul-batalionu-piesc-2-pokojowe-o7n7q1,https://s2.adresowa.pl/oi/10/3e/3b4d02_ab85_cover-2-pokojowe-mieszkanie-warszawa-wola-ul-batalionu-piesc-.jpg,,,parter,1961.0,blok,,,,,,,,,,
Warszawa Ochota,ul. Wiktoryn,1.0,19.0,420000,22105.0,Bez pośredników,ponad tydzień temu,8.0,https://adresowo.pl/o/mieszkanie-warszawa-ochota-ul-wiktoryn-1-pokoj-d2i6k7,https://s2.adresowa.pl/oi/1e/2e/3b4e06_4cc5_cover-1-pokojowe-mieszkanie-warszawa-ochota-ul-wiktoryn.jpg,,,2,1962.0,blok,,,,,,,,,,
Warszawa Chrzanów,ul. Szeligowska,2.0,38.0,700000,18421.0,Bez pośredników,ponad tydzień temu,10.0,https://adresowo.pl/o/mieszkanie-warszawa-chrzanow-ul-szeligowska-2-pokojowe-n2s0x3,https://s2.adresowa.pl/oi/42/4a/3b4d88_f229_cover-2-pokojowe-mieszkanie-warszawa-chrzanow-ul-szeligowska.jpg,,,2,2022.0,blok,,,,,,,,,,
Warszawa Białołęka,ul. Marywilska,2.0,52.0,722000,13987.0,Oferta biura nieruchomości,ponad tydzień temu,22.0,https://adresowo.pl/o/mieszkanie-warszawa-bialoleka-ul-marywilska-2-pokojowe-p4h5v6,https://s2.adresowa.pl/oi/63/56/3b4cfa_3e9c_cover-2-pokojowe-mieszkanie-warszawa-bialoleka-ul-marywilska.jpg,,,parter,2019.0,blok,,,,,,,,,52.319355,21.001965
Warszawa Mokotów,ul. Augustówka,2.0,37.0,699000,18690.0,Oferta biura nieruchomości,ponad tydzień temu,14.0,https://adresowo.pl/o/mieszkanie-warszawa-mokotow-ul-augustowka-2-pokojowe-f0z2y5,https://s2.adresowa.pl/oi/2e/11/3b4cf4_a30e_cover-2-pokojowe-mieszkanie-warszawa-mokotow-ul-augustowka.jpg,,,4,2011.0,blok,,,,,,,,,,
Warszawa Białołęka,ul. Głębocka,2.0,50.0,849000,16980.0,Bez pośredników,ponad tydzień temu,20.0,https://adresowo.pl/o/mieszkanie-warszawa-bialoleka-ul-glebocka-2-pokojowe-d6e1t7,https://s2.adresowa.pl/oi/2a/12/3b4d36_e72f_cover-2-pokojowe-mieszkanie-warszawa-bialoleka-ul-glebocka.jpg,,,parter,2014.0,blok,,,,,,,,,52.317252,21.069372
Warszawa Ursus,ul. Posag 7 Panien,3.0,62.0,1050000,16822.0,Bez pośredników,ponad tydzień temu,20.0,https://adresowo.pl/o/mieszkanie-warszawa-ursus-ul-posag-7-panien-3-pokojowe-d8l0o8,https://s2.adresowa.pl/oi/63/44/3b4cc0_4e64_cover-3-pokojowe-mieszkanie-warszawa-ursus-ul-posag-7-panien.jpg,,,2,2020.0,blok,,,,,,,,,,
Warszawa Śródmieście,ul. Aleje Jerozolimskie,2.0,40.0,1099000,27475.0,Oferta biura nieruchomości,ponad tydzień temu,12.0,https://adresowo.pl/o/mieszkanie-warszawa-srodmiescie-ul-aleje-jerozolimskie-2-pokojowe-b0w2w2,https://s2.adresowa.pl/oi/51/26/3b4cb6_e462_cover-2-pokojowe-mieszkanie-warszawa-srodmiescie-ul-aleje-jerozolimskie.jpg,,,3,1900.0,kamienica,,,,,,,,,,
Warszawa Wola,ul. Pańska,4.0,112.0,2579999,23081.0,Oferta biura nieruchomości,ponad tydzień temu,20.0,https://adresowo.pl/o/mieszkanie-warszawa-wola-ul-panska-4-pokojowe-z9s1z4,https://s2.adresowa.pl/oi/45/6e/3b4a40_ca91_cover-4-pokojowe-mieszkanie-warszawa-wola-ul-panska.jpg,,,3,2010.0,blok,,,,,,,,,,
Warszawa Targówek,ul. Suwalska,3.0,47.0,769000,16362.0,Bez pośredników,ponad tydzień temu,8.0,https://adresowo.pl/o/mieszkanie-warszawa-targowek-ul-suwalska-3-pokojowe-x3e5c1,https://s2.adresowa.pl/oi/70/7b/3b4c7a_e1cf_cover-3-pokojowe-mieszkanie-warszawa-targowek-ul-suwalska.jpg,,,1,1970.0,blok,,,,,,,,,,
Warszawa Białołęka,ul. Kartograficzna,2.0,40.0,610000,15250.0,Bez pośredników,ponad tydzień temu,10.0,https://adresowo.pl/o/mieszkanie-warszawa-bialoleka-ul-kartograficzna-2-pokojowe-n2d5v8,https://s2.adresowa.pl/oi/26/3a/3b4c70_ec62_cover-2-pokojowe-mieszkanie-warszawa-bialoleka-ul-kartograficzna.jpg,,,parter,2011.0,blok,,,,,,,,,52.312742,21.072975
Warszawa Białołęka,ul. Daniszewska,4.0,59.0,858858,14500.0,Bez pośredników,ponad tydzień temu,12.0,https://adresowo.pl/o/mieszkanie-warszawa-bialoleka-ul-daniszewska-4-pokojowe-t1g6a0,https://s2.adresowa.pl/oi/3c/2e/3b4c64_aca6_cover-4-pokojowe-mieszkanie-warszawa-bialoleka-ul-daniszewska.jpg,,,858,2017.0,blok,,,,,,,,,52.31204,21.026014
Warszawa Targówek,ul. Piotra Wysockiego,2.0,37.0,615000,16622.0,Oferta biura nieruchomości,ponad tydzień temu,8.0,https://adresowo.pl/o/mieszkanie-warszawa-targowek-ul-piotra-wysockiego-2-pokojowe-e5i8u4,https://s2.adresowa.pl/oi/75/7e/3b4a2c_78b2_cover-2-pokojowe-mieszkanie-warszawa-targowek-ul-piotra-wysockiego.jpg,,,parter,2024.0,blok,,,,,,,,,,
Warszawa Bemowo,ul. Narwik,4.0,80.0,1749000,21835.0,Oferta biura nieruchomości,ponad tydzień temu,14.0,https://adresowo.pl/o/mieszkanie-warszawa-bemowo-ul-narwik-4-pokojowe-g8p3s1,https://s2.adresowa.pl/oi/10/58/3b4a26_5704_cover-4-pokojowe-mieszkanie-warszawa-bemowo-ul-narwik.jpg,,,1,2024.0,blok,,,,,,,,,52.2419,20.894246
Warszawa Bielany,ul. Zofii Nałkowskiej,2.0,49.0,920000,18852.0,Bez pośredników,ponad tydzień temu,16.0,https://adresowo.pl/o/mieszkanie-warszawa-bielany-ul-zofii-nalkowskiej-2-pokojowe-m6p3d1,https://s2.adresowa.pl/oi/79/5a/3b3a12_a806_cover-2-pokojowe-mieszkanie-warszawa-bielany-ul-zofii-nalkowskiej.jpg,,,3,1959.0,,,,,,,,,,52.274943,20.954393
Warszawa Ursynów,ul. Kabacki Dukt,4.0,132.0,1970000,14924.0,Bez pośredników,ponad tydzień temu,22.0,https://adresowo.pl/o/mieszkanie-warszawa-ursynow-ul-kabacki-dukt-4-pokojowe-w4v7m0,https://s2.adresowa.pl/oi/51/72/3b4c4a_8c63_cover-4-pokojowe-mieszkanie-warszawa-ursynow-ul-kabacki-dukt.jpg,,,1,2003.0,blok,,,,,,,,,52.129299,21.065847
Warszawa Mokotów,ul. Irysowa,2.0,43.0,730000,17056.0,Bez pośredników,ponad tydzień temu,21.0,https://adresowo.pl/o/mieszkanie-warszawa-mokotow-ul-irysowa-2-pokojowe-g2e0l6,https://s2.adresowa.pl/oi/4a/2a/3b4bf8_6f66_cover-2-pokojowe-mieszkanie-warszawa-mokotow-ul-irysowa.jpg,,,1,1975.0,blok,,,,,,,,,,
Warszawa Wilanów,ul. Jerzego Holzera,2.0,45.0,860700,19000.0,Oferta biura nieruchomości,ponad tydzień temu,5.0,https://adresowo.pl/o/mieszkanie-warszawa-wilanow-ul-jerzego-holzera-2-pokojowe-d5v9q0,https://s2.adresowa.pl/oi/23/2e/3b4962_ee66_cover-2-pokojowe-mieszkanie-warszawa-wilanow-ul-jerzego-holzera.jpg,,,parter,2026.0,blok,,,,,,,,,,
Warszawa Wilanów,ul. Jerzego Holzera,3.0,78.0,1386441,17700.0,Oferta biura nieruchomości,ponad tydzień temu,5.0,https://adresowo.pl/o/mieszkanie-warszawa-wilanow-ul-jerzego-holzera-3-pokojowe-i7v8s9,https://s2.adresowa.pl/oi/6e/67/3b4958_5e7e_cover-3-pokojowe-mieszkanie-warszawa-wilanow-ul-jerzego-holzera.jpg,,,parter,2026.0,blok,,,,,,,,,,
Warszawa Bielany,ul. gen. Klemensa Stanisława Rudnickiego,2.0,48.0,815000,16909.0,Bez pośredników,ponad tydzień temu,14.0,https://adresowo.pl/o/mieszkanie-warszawa-bielany-ul-gen-klemensa-stanislawa-rudnickiego-2-pokojowe-b0g7r9,https://s2.adresowa.pl/oi/74/54/3b4bf6_ead0_cover-2-pokojowe-mieszkanie-warszawa-bielany-ul-gen-klemensa-stanislawa-rudnickiego.jpg,,,4,2001.0,blok,,,,,,,,,52.26699,20.947134
Warszawa Nowodwory,ul. Oczary,2.0,48.0,740000,15449.0,Bez pośredników,ponad tydzień temu,10.0,https://adresowo.pl/o/mieszkanie-warszawa-nowodwory-ul-oczary-2-pokojowe-f6i1a9,https://s2.adresowa.pl/oi/47/23/3b4bb6_de92_cover-2-pokojowe-mieszkanie-warszawa-nowodwory-ul-oczary.jpg,,,parter,2012.0,blok,,,,,,,,,52.329897,20.950984
Warszawa Muranów,ul. Mordechaja Anielewicza,3.0,54.0,999120,18400.0,Bez pośredników,ponad tydzień temu,11.0,https://adresowo.pl/o/mieszkanie-warszawa-muranow-ul-mordechaja-anielewicza-3-pokojowe-d5h9g9,https://s2.adresowa.pl/oi/56/7c/3b4aba_354b_cover-3-pokojowe-mieszkanie-warszawa-muranow-ul-mordechaja-anielewicza.jpg,,,999,1961.0,blok,,,,,,,,,52.247425,20.990367
Warszawa Mokotów,al. Niepodległości,3.0,59.0,830000,14188.0,Oferta biura nieruchomości,ponad tydzień temu,19.0,https://adresowo.pl/o/mieszkanie-warszawa-mokotow-al-niepodleglosci-3-pokojowe-l6y9x2,https://s2.adresowa.pl/oi/59/7c/3b4864_8724_cover-3-pokojowe-mieszkanie-warszawa-mokotow-al-niepodleglosci.jpg,,,4,1977.0,blok,,,,,,,,,,
Warszawa Praga-Południe,ul. Wzorcowa,2.0,49.0,734999,15000.0,Oferta biura nieruchomości,ponad tydzień temu,15.0,https://adresowo.pl/o/mieszkanie-warszawa-praga-poludnie-ul-wzorcowa-2-pokojowe-x3p4e0,https://s2.adresowa.pl/oi/2f/5f/3b47f4_b6ad_cover-2-pokojowe-mieszkanie-warszawa-praga-poludnie-ul-wzorcowa.jpg,,,parter,2000.0,,,,,,,,,,52.237155,21.078168
Warszawa Ursus,ul. Józefa Chełmońskiego,2.0,44.0,779000,17826.0,Bez pośredników,ponad tydzień temu,12.0,https://adresowo.pl/o/mieszkanie-warszawa-ursus-ul-jozefa-chelmonskiego-2-pokojowe-g7v9y1,https://s2.adresowa.pl/oi/42/41/3b4ac8_371e_cover-2-pokojowe-mieszkanie-warszawa-ursus-ul-jozefa-chelmonskiego.jpg,,,parter,2005.0,blok,,,,,,,,,52.190716,20.903021
Warszawa Ochota,ul. Władysława Korotyńskiego,2.0,36.0,630000,17500.0,Bez pośredników,ponad tydzień temu,15.0,https://adresowo.pl/o/mieszkanie-warszawa-ochota-ul-wladyslawa-korotynskiego-2-pokojowe-d9n1g1,https://s2.adresowa.pl/oi/59/66/3b4ac6_a814_cover-2-pokojowe-mieszkanie-warszawa-ochota-ul-wladyslawa-korotynskiego.jpg,,,630,1970.0,blok,,,,,,,,,52.201075,20.974279
Warszawa Mokotów,ul. Jana Pawła Woronicza,2.0,36.0,735000,20417.0,Bez pośredników,ponad tydzień temu,13.0,https://adresowo.pl/o/mieszkanie-warszawa-mokotow-ul-jana-pawla-woronicza-2-pokojowe-e9i6o6,https://s2.adresowa.pl/oi/3f/1a/3b4ab8_fd17_cover-2-pokojowe-mieszkanie-warszawa-mokotow-ul-jana-pawla-woronicza.jpg,,,1,1961.0,blok,,,,,,,,,52.189217,21.010271
Warszawa Wilanów,ul. Wał Zawadowski,5.0,172.0,2870000,16681.0,Oferta biura nieruchomości,ponad tydzień temu,15.0,https://adresowo.pl/o/mieszkanie-warszawa-wilanow-ul-wal-zawadowski-5-pokojowe-k8i2d2,https://s2.adresowa.pl/oi/58/38/3b47e0_d604_cover-5-pokojowe-mieszkanie-warszawa-wilanow-ul-wal-zawadowski.jpg,,,parter,2027.0,,,,,,,,,,,
Warszawa Ochota,ul. Włodarzewska,3.0,100.0,1600000,16000.0,Oferta biura nieruchomości,ponad tydzień temu,10.0,https://adresowo.pl/o/mieszkanie-warszawa-ochota-ul-wlodarzewska-3-pokojowe-u5v6b4,https://s2.adresowa.pl/oi/2e/6a/3b47d6_ac27_cover-3-pokojowe-mieszkanie-warszawa-ochota-ul-wlodarzewska.jpg,,,1,2001.0,blok,,,,,,,,,52.20126,20.95653
Warszawa Śródmieście,al. Armii Ludowej,2.0,52.0,1089000,20942.0,Bez pośredników,ponad tydzień temu,8.0,https://adresowo.pl/o/mieszkanie-warszawa-srodmiescie-al-armii-ludowej-2-pokojowe-y8r7k4,https://s2.adresowa.pl/oi/62/42/3b47ea_9187_cover-2-pokojowe-mieszkanie-warszawa-srodmiescie-al-armii-ludowej.jpg,,,1,,blok,,,,,,,,,52.219355,21.025154
Warszawa Ochota,ul. Mołdawska,2.0,37.0,585000,15642.0,Bez pośredników,ponad tydzień temu,6.0,https://adresowo.pl/o/mieszkanie-warszawa-ochota-ul-moldawska-2-pokojowe-a2l2f3,https://s2.adresowa.pl/oi/1b/65/3b4756_528d_cover-2-pokojowe-mieszkanie-warszawa-ochota-ul-moldawska.jpg,,,6,1970.0,blok,,,,,,,,,,
Warszawa Żoliborz,ul. Krechowiecka,2.0,49.0,999000,20388.0,Oferta biura nieruchomości,ponad tydzień temu,14.0,https://adresowo.pl/o/mieszkanie-warszawa-zoliborz-ul-krechowiecka-2-pokojowe-n6j2l1,https://s2.adresowa.pl/oi/33/7c/3b47cc_3ce7_cover-2-pokojowe-mieszkanie-warszawa-zoliborz-ul-krechowiecka.jpg,,,parter,1957.0,blok,,,,,,,,,52.27078,20.98006
Warszawa Białołęka,ul. Dionizosa,3.0,56.0,799000,14363.0,Oferta biura nieruchomości,ponad tydzień temu,6.0,https://adresowo.pl/o/mieszkanie-warszawa-bialoleka-ul-dionizosa-3-pokojowe-o4h9a8,https://s2.adresowa.pl/oi/1e/10/3b47d2_ba7d_cover-3-pokojowe-mieszkanie-warszawa-bialoleka-ul-dionizosa.jpg,,,parter,2025.0,blok,,,,,,,,,52.338295,20.952025
Warszawa Praga-Południe,ul. Żupnicza,3.0,60.0,1340000,22483.0,Bez pośredników,ponad tydzień temu,20.0,https://adresowo.pl/o/mieszkanie-warszawa-praga-poludnie-ul-zupnicza-3-pokojowe-p7o7x6,https://s2.adresowa.pl/oi/48/51/3b46dc_d329_cover-3-pokojowe-mieszkanie-warszawa-praga-poludnie-ul-zupnicza.jpg,,,parter,2025.0,blok,,,,,,,,,,
Warszawa Praga-Północ,ul. Wileńska,2.0,60.0,920000,15333.0,Bez pośredników,ponad tydzień temu,8.0,https://adresowo.pl/o/mieszkanie-warszawa-praga-polnoc-ul-wilenska-2-pokojowe-j4g7s2,https://s2.adresowa.pl/oi/7a/22/3b4654_3828_cover-2-pokojowe-mieszkanie-warszawa-praga-polnoc-ul-wilenska.jpg,,,1,1916.0,blok,,,,,,,,,,
Warszawa Praga-Południe,ul. Brazylijska,2.0,42.0,760000,18095.0,Bez pośredników,ponad tydzień temu,15.0,https://adresowo.pl/o/mieszkanie-warszawa-praga-poludnie-ul-brazylijska-2-pokojowe-d6d6t0,https://s2.adresowa.pl/oi/51/5f/3b4574_d0da_cover-2-pokojowe-mieszkanie-warszawa-praga-poludnie-ul-brazylijska.jpg,,,parter,1975.0,blok,,,,,,,,,,
Warszawa Bemowo,ul. Drogomilska,2.0,42.0,830000,19976.0,Oferta biura nieruchomości,ponad tydzień temu,10.0,https://adresowo.pl/o/mieszkanie-warszawa-bemowo-ul-drogomilska-2-pokojowe-z3e3d0,https://s2.adresowa.pl/oi/50/24/3b47be_970f_cover-2-pokojowe-mieszkanie-warszawa-bemowo-ul-drogomilska.jpg,,,parter,2016.0,blok,,,,,,,,,52.230316,20.91387
Warszawa Praga-Południe,ul. gen. Stanisława Skalskiego,2.0,37.0,756450,20500.0,Oferta biura nieruchomości,ponad tydzień temu,9.0,https://adresowo.pl/o/mieszkanie-warszawa-praga-poludnie-ul-gen-stanislawa-skalskiego-2-pokojowe-n4l9y6,https://s2.adresowa.pl/oi/2f/56/3b47a2_4a13_cover-2-pokojowe-mieszkanie-warszawa-praga-poludnie-ul-gen-stanislawa-skalskiego.jpg,,,5,2013.0,blok,,,,,,,,,,
Warszawa Praga-Południe,ul. Grenadierów,2.0,43.0,670000,15581.0,Bez pośredników,ponad tydzień temu,6.0,https://adresowo.pl/o/mieszkanie-warszawa-praga-poludnie-ul-grenadierow-2-pokojowe-a1p6s3,https://s2.adresowa.pl/oi/69/1d/3b4528_3bd3_cover-2-pokojowe-mieszkanie-warszawa-praga-poludnie-ul-grenadierow.jpg,,,parter,1996.0,blok,,,,,,,,,,
Warszawa Mokotów,ul. Barcelońska,1.0,31.0,560000,18065.0,Bez pośredników,ponad tydzień temu,7.0,https://adresowo.pl/o/mieszkanie-warszawa-mokotow-ul-barcelonska-1-pokoj-x0a3h2,https://s2.adresowa.pl/oi/3e/5e/3b435c_9e59_cover-1-pokojowe-mieszkanie-warszawa-mokotow-ul-barcelonska.jpg,,,parter,1976.0,blok,,,,,,,,,,
Warszawa Mokotów,"ul. Dywizjonu AK ""Jeleń""",2.0,50.0,1200000,24000.0,Oferta biura nieruchomości,ponad tydzień temu,14.0,https://adresowo.pl/o/mieszkanie-warszawa-mokotow-ul-dywizjonu-ak-jelen-2-pokojowe-s9e8d2,https://s2.adresowa.pl/oi/4d/5a/3b479c_e415_cover-2-pokojowe-mieszkanie-warszawa-mokotow-ul-dywizjonu-ak-jelen-.jpg,,,parter,2020.0,blok,,,,,,,,,52.206132,21.068029
Warszawa Wilanów,ul. Sarmacka,2.0,39.0,900000,23280.0,Oferta biura nieruchomości,ponad tydzień temu,11.0,https://adresowo.pl/o/mieszkanie-warszawa-wilanow-ul-sarmacka-2-pokojowe-f4g1h7,https://s2.adresowa.pl/oi/7c/51/3b43fa_7d21_cover-2-pokojowe-mieszkanie-warszawa-wilanow-ul-sarmacka.jpg,,,parter,2024.0,blok,,,,,,,,,52.15523,21.083425
Warszawa Mokotów,ul. Puławska,3.0,87.0,1650000,18966.0,Bez pośredników,ponad tydzień temu,20.0,https://adresowo.pl/o/mieszkanie-warszawa-mokotow-ul-pulawska-3-pokojowe-c6l4b6,https://s2.adresowa.pl/oi/61/65/3b432e_80b6_cover-3-pokojowe-mieszkanie-warszawa-mokotow-ul-pulawska.jpg,,,parter,1937.0,,,,,,,,,,52.155432,21.017813
Warszawa Wola,ul. Jana Olbrachta,3.0,49.0,648000,13309.0,Bez pośredników,ponad tydzień temu,8.0,https://adresowo.pl/o/mieszkanie-warszawa-wola-ul-jana-olbrachta-3-pokojowe-t8r8r3,https://s2.adresowa.pl/oi/16/30/3b4308_2873_cover-3-pokojowe-mieszkanie-warszawa-wola-ul-jana-olbrachta.jpg,,,1962,1962.0,,,,,,,,,,52.233879,20.928441
Warszawa Bielany,ul. Zabłocińska,3.0,57.0,950000,16579.0,Bez pośredników,ponad tydzień temu,8.0,https://adresowo.pl/o/mieszkanie-warszawa-bielany-ul-zablocinska-3-pokojowe-f3v0j2,https://s2.adresowa.pl/oi/58/4c/3b421c_f144_cover-3-pokojowe-mieszkanie-warszawa-bielany-ul-zablocinska.jpg,,,parter,1969.0,blok,,,,,,,,,52.278806,20.963732
Warszawa Mokotów,ul. Rajska,3.0,82.0,1748730,21300.0,Oferta biura nieruchomości,ponad tydzień temu,39.0,https://adresowo.pl/o/mieszkanie-warszawa-mokotow-ul-rajska-3-pokojowe-i5p3j3,https://s2.adresowa.pl/oi/53/43/3b43f4_4b7e_cover-3-pokojowe-mieszkanie-warszawa-mokotow-ul-rajska.jpg,,,parter,2005.0,blok,,,,,,,,,,
Warszawa Bielany,ul. Władysława Broniewskiego,3.0,56.0,649900,11548.0,Oferta biura nieruchomości,ponad tydzień temu,14.0,https://adresowo.pl/o/mieszkanie-warszawa-bielany-ul-wladyslawa-broniewskiego-3-pokojowe-k5r0s2,https://s2.adresowa.pl/oi/39/4a/3b43e2_b995_cover-3-pokojowe-mieszkanie-warszawa-bielany-ul-wladyslawa-broniewskiego.jpg,,,3,1971.0,kamienica,,,,,,,,,,
Warszawa Mokotów,ul. Domaniewska,2.0,34.0,870000,25521.0,Bez pośredników,ponad tydzień temu,8.0,https://adresowo.pl/o/mieszkanie-warszawa-mokotow-ul-domaniewska-2-pokojowe-j0e1c9,https://s2.adresowa.pl/oi/50/68/3b414e_9d4b_cover-2-pokojowe-mieszkanie-warszawa-mokotow-ul-domaniewska.jpg,,,819,2012.0,blok,,,,,,,,,52.183326,21.007074
Warszawa Targówek,ul. Płosa,2.0,39.0,740000,18810.0,Bez pośredników,ponad tydzień temu,10.0,https://adresowo.pl/o/mieszkanie-warszawa-targowek-ul-plosa-2-pokojowe-y3f6m8,https://s2.adresowa.pl/oi/6b/47/3b4126_48b0_cover-2-pokojowe-mieszkanie-warszawa-targowek-ul-plosa.jpg,,,parter,2018.0,blok,,,,,,,,,,
Warszawa Białołęka,ul. Claudia Monteverdiego,2.0,47.0,699000,14901.0,Bez pośredników,ponad tydzień temu,17.0,https://adresowo.pl/o/mieszkanie-warszawa-bialoleka-ul-claudia-monteverdiego-2-pokojowe-z7q0q4,https://s2.adresowa.pl/oi/59/12/3b4100_3f65_cover-2-pokojowe-mieszkanie-warszawa-bialoleka-ul-claudia-monteverdiego.jpg,,,699,2021.0,blok,,,,,,,,,52.342356,21.052987
Warszawa Białołęka,ul. Krzyżówki,2.0,48.0,745000,15651.0,Oferta biura nieruchomości,ponad tydzień temu,13.0,https://adresowo.pl/o/mieszkanie-warszawa-bialoleka-ul-krzyzowki-2-pokojowe-w6q1u2,https://s2.adresowa.pl/oi/1c/7c/3b43ac_fcea_cover-2-pokojowe-mieszkanie-warszawa-bialoleka-ul-krzyzowki.jpg,,,parter,2009.0,blok,,,,,,,,,52.308429,20.99477
Warszawa Włochy,ul. Jutrzenki,3.0,59.0,980000,16515.0,Oferta biura nieruchomości,ponad tydzień temu,13.0,https://adresowo.pl/o/mieszkanie-warszawa-wlochy-ul-jutrzenki-3-pokojowe-y8z8u7,https://s2.adresowa.pl/oi/2b/16/3b4386_7e08_cover-3-pokojowe-mieszkanie-warszawa-wlochy-ul-jutrzenki.jpg,,,parter,2025.0,blok,,,,,,,,,52.1918,20.931438
Warszawa Targówek,ul. Remiszewska,2.0,46.0,680000,14719.0,Bez pośredników,ponad tydzień temu,12.0,https://adresowo.pl/o/mieszkanie-warszawa-targowek-ul-remiszewska-2-pokojowe-c3x6l4,https://s2.adresowa.pl/oi/3c/63/3b40b2_68e6_cover-2-pokojowe-mieszkanie-warszawa-targowek-ul-remiszewska.jpg,,,680,1977.0,blok,,,,,,,,,52.270905,21.056739
Warszawa Białołęka,ul. Aluzyjna,2.0,50.0,590000,11800.0,Bez pośredników,ponad tydzień temu,8.0,https://adresowo.pl/o/mieszkanie-warszawa-bialoleka-ul-aluzyjna-2-pokojowe-u0r9d3,https://s2.adresowa.pl/oi/31/68/3b407e_797b_cover-2-pokojowe-mieszkanie-warszawa-bialoleka-ul-aluzyjna.jpg,,,parter,2004.0,blok,,,,,,,,,,
Warszawa Włochy,ul. Urwana,2.0,48.0,849000,17688.0,Oferta biura nieruchomości,ponad tydzień temu,16.0,https://adresowo.pl/o/mieszkanie-warszawa-wlochy-ul-urwana-2-pokojowe-w9s4l8,https://s2.adresowa.pl/oi/28/73/3b4380_864d_cover-2-pokojowe-mieszkanie-warszawa-wlochy-ul-urwana.jpg,,,3,2019.0,apartamentowiec,,,,,,,,,,
Warszawa Białołęka,ul. Skarbka z Gór,3.0,59.0,850000,14407.0,Oferta biura nieruchomości,ponad tydzień temu,11.0,https://adresowo.pl/o/mieszkanie-warszawa-bialoleka-ul-skarbka-z-gor-3-pokojowe-r6p5w4,https://s2.adresowa.pl/oi/65/22/3b41c8_d139_cover-3-pokojowe-mieszkanie-warszawa-bialoleka-ul-skarbka-z-gor.jpg,,,parter,2014.0,blok,,,,,,,,,,
Warszawa Górny Mokotów,ul. Wojciecha Żywnego,2.0,37.0,697000,19044.0,Bez pośredników,ponad tydzień temu,14.0,https://adresowo.pl/o/mieszkanie-warszawa-gorny-mokotow-ul-wojciecha-zywnego-2-pokojowe-z1p9s8,https://s2.adresowa.pl/oi/68/4e/3b3fce_b4d0_cover-2-pokojowe-mieszkanie-warszawa-gorny-mokotow-ul-wojciecha-zywnego.jpg,,,2,1969.0,blok,,,,,,,,,,
Warszawa Odolany,ul. Jana Kazimierza,3.0,64.0,1360000,21250.0,Bez pośredników,ponad tydzień temu,6.0,https://adresowo.pl/o/mieszkanie-warszawa-odolany-ul-jana-kazimierza-3-pokojowe-u3a4z6,https://s2.adresowa.pl/oi/10/75/3b3f98_d891_cover-3-pokojowe-mieszkanie-warszawa-odolany-ul-jana-kazimierza.jpg,,,parter,2015.0,blok,,,,,,,,,,
Warszawa Ursus,ul. Silnikowa,1.0,26.0,550000,21016.0,Bez pośredników,ponad tydzień temu,10.0,https://adresowo.pl/o/mieszkanie-warszawa-ursus-ul-silnikowa-1-pokoj-g2r4s5,https://s2.adresowa.pl/oi/76/11/3b3f5e_b68f_cover-1-pokojowe-mieszkanie-warszawa-ursus-ul-silnikowa.jpg,,,1,2025.0,blok,,,,,,,,,,
Warszawa Bielany,ul. Władysława Stanisława Reymonta,3.0,51.0,800000,15686.0,Oferta biura nieruchomości,ponad tydzień temu,1.0,https://adresowo.pl/o/mieszkanie-warszawa-bielany-ul-wladyslawa-stanislawa-reymonta-3-pokojowe-v0r8w5,https://s2.adresowa.pl/oi/67/19/3b3ff6_8c12_cover-3-pokojowe-mieszkanie-warszawa-bielany-ul-wladyslawa-stanislawa-reymonta.jpg,,,parter,1974.0,blok,,,,,,,,,,
Warszawa Mokotów,ul. Mariana Zdziechowskiego,3.0,69.0,1549000,22433.0,Oferta biura nieruchomości,ponad tydzień temu,12.0,https://adresowo.pl/o/mieszkanie-warszawa-mokotow-ul-mariana-zdziechowskiego-3-pokojowe-y5l9h2,https://s2.adresowa.pl/oi/13/14/3b3fde_29cd_cover-3-pokojowe-mieszkanie-warszawa-mokotow-ul-mariana-zdziechowskiego.jpg,,,3,2020.0,blok,,,,,,,,,,
Warszawa Praga-Południe,ul. Łukowska,3.0,59.0,810000,13729.0,Bez pośredników,ponad miesiąc temu,9.0,https://adresowo.pl/o/mieszkanie-warszawa-praga-poludnie-ul-lukowska-3-pokojowe-e5q7k4,https://s2.adresowa.pl/oi/11/4a/372e28_32cc_cover-3-pokojowe-mieszkanie-warszawa-praga-poludnie-ul-lukowska.jpg,,,810,1978.0,blok,,,,,,,,,52.237999,21.103001
Warszawa Ursynów,ul. Kłobucka,3.0,56.0,999000,18000.0,Bez pośredników,ponad tydzień temu,8.0,https://adresowo.pl/o/mieszkanie-warszawa-ursynow-ul-klobucka-3-pokojowe-o6p1k9,https://s2.adresowa.pl/oi/64/60/3b3f22_d002_cover-3-pokojowe-mieszkanie-warszawa-ursynow-ul-klobucka.jpg,,,4,,blok,,,,,,,,,,
Warszawa Mokotów,ul. Śródziemnomorska,4.0,83.0,1800001,21687.0,Bez pośredników,ponad tydzień temu,21.0,https://adresowo.pl/o/mieszkanie-warszawa-mokotow-ul-srodziemnomorska-4-pokojowe-o4r6y7,https://s2.adresowa.pl/oi/7f/5d/3b3f1a_69e1_cover-4-pokojowe-mieszkanie-warszawa-mokotow-ul-srodziemnomorska.jpg,,,3,2007.0,blok,,,,,,,,,,
Warszawa Wilanów,ul. Sarmacka,1.0,37.0,599000,16357.0,Oferta biura nieruchomości,ponad tydzień temu,7.0,https://adresowo.pl/o/mieszkanie-warszawa-wilanow-ul-sarmacka-1-pokoj-s4y0i3,https://s2.adresowa.pl/oi/41/72/3b3f74_59ea_cover-1-pokojowe-mieszkanie-warszawa-wilanow-ul-sarmacka.jpg,,,parter,2010.0,blok,,,,,,,,,,
Warszawa Targówek,ul. Toruńska,2.0,34.0,530000,15821.0,Oferta biura nieruchomości,ponad tydzień temu,14.0,https://adresowo.pl/o/mieszkanie-warszawa-targowek-ul-torunska-2-pokojowe-w5o4n3,https://s2.adresowa.pl/oi/3c/66/3b3f66_bdab_cover-2-pokojowe-mieszkanie-warszawa-targowek-ul-torunska.jpg,,,8,1969.0,blok,,,,,,,,,,
Warszawa Praga-Północ,ul. Tadeusza Korsaka,1.0,30.0,450000,15000.0,Bez pośredników,ponad tydzień temu,6.0,https://adresowo.pl/o/mieszkanie-warszawa-praga-polnoc-ul-tadeusza-korsaka-1-pokoj-i7m9h8,https://s2.adresowa.pl/oi/37/18/3b3ec6_f4bd_cover-1-pokojowe-mieszkanie-warszawa-praga-polnoc-ul-tadeusza-korsaka.jpg,,,450,1969.0,blok,,,,,,,,,52.254298,21.050802
Warszawa Targówek,ul. Pszczyńska,2.0,53.0,762000,14377.0,Bez pośredników,ponad tydzień temu,8.0,https://adresowo.pl/o/mieszkanie-warszawa-targowek-ul-pszczynska-2-pokojowe-c0t8a0,https://s2.adresowa.pl/oi/47/70/3b3e9c_a46f_cover-2-pokojowe-mieszkanie-warszawa-targowek-ul-pszczynska.jpg,,,1,2007.0,blok,,,,,,,,,,
Warszawa Ursynów,ul. Przy Bażantarni,4.0,113.0,2099000,18575.0,Oferta biura nieruchomości,ponad tydzień temu,13.0,https://adresowo.pl/o/mieszkanie-warszawa-ursynow-ul-przy-bazantarni-4-pokojowe-l5r3z9,https://s2.adresowa.pl/oi/41/6e/3b3f5c_907a_cover-4-pokojowe-mieszkanie-warszawa-ursynow-ul-przy-bazantarni.jpg,,,parter,2001.0,blok,,,,,,,,,52.135329,21.060029
Warszawa Śródmieście,ul. Zajęcza,5.0,110.0,2679000,24394.0,Oferta biura nieruchomości,ponad tydzień temu,17.0,https://adresowo.pl/o/mieszkanie-warszawa-srodmiescie-ul-zajecza-5-pokojowe-v3n9u2,https://s2.adresowa.pl/oi/61/5e/3b39da_3d33_cover-5-pokojowe-mieszkanie-warszawa-srodmiescie-ul-zajecza.jpg,,,parter,1913.0,kamienica,,,,,,,,,52.238716,21.026985
Warszawa Żoliborz,ul. Ludwika Rydygiera,3.0,60.0,1740000,29000.0,Bez pośredników,ponad tydzień temu,16.0,https://adresowo.pl/o/mieszkanie-warszawa-zoliborz-ul-ludwika-rydygiera-3-pokojowe-l9u9d6,https://s2.adresowa.pl/oi/7f/2b/3b3df2_307b_cover-3-pokojowe-mieszkanie-warszawa-zoliborz-ul-ludwika-rydygiera.jpg,,,2,2018.0,blok,,,,,,,,,52.259123,20.972058
Warszawa Saska Kępa,al. Stanów Zjednoczonych,1.0,27.0,599000,22185.0,Bez pośredników,ponad tydzień temu,7.0,https://adresowo.pl/o/mieszkanie-warszawa-saska-kepa-al-stanow-zjednoczonych-1-pokoj-y9n9t1,https://s2.adresowa.pl/oi/6d/19/3b3d64_98ce_cover-1-pokojowe-mieszkanie-warszawa-saska-kepa-al-stanow-zjednoczonych.jpg,,,1,1960.0,,,,,,,,,,,
Warszawa Targówek,ul. Kartograficzna,2.0,42.0,599000,14262.0,Bez pośredników,ponad tydzień temu,20.0,https://adresowo.pl/o/mieszkanie-warszawa-targowek-ul-kartograficzna-2-pokojowe-l4w8a7,https://s2.adresowa.pl/oi/54/2d/3b3cf8_65dc_cover-2-pokojowe-mieszkanie-warszawa-targowek-ul-kartograficzna.jpg,,,parter,2012.0,blok,,,,,,,,,,
Warszawa Białołęka,ul. Geometryczna,2.0,41.0,651900,15900.0,Oferta biura nieruchomości,ponad tydzień temu,7.0,https://adresowo.pl/o/mieszkanie-warszawa-bialoleka-ul-geometryczna-2-pokojowe-l0z6e2,https://s2.adresowa.pl/oi/41/5c/3b39be_4e7b_cover-2-pokojowe-mieszkanie-warszawa-bialoleka-ul-geometryczna.jpg,,,parter,2024.0,blok,,,,,,,,,52.31117,21.071541
Warszawa Śródmieście,ul. gen. Władysława Andersa,2.0,38.0,780000,20526.0,Oferta biura nieruchomości,ponad tydzień temu,8.0,https://adresowo.pl/o/mieszkanie-warszawa-srodmiescie-ul-gen-wladyslawa-andersa-2-pokojowe-x7o8v5,https://s2.adresowa.pl/oi/1b/72/3b3968_2ef0_cover-2-pokojowe-mieszkanie-warszawa-srodmiescie-ul-gen-wladyslawa-andersa.jpg,,,14,1956.0,kamienica,,,,,,,,,52.251415,20.998228
Warszawa Białołęka,ul. Aluzyjna,2.0,46.0,699000,15196.0,Bez pośredników,ponad tydzień temu,7.0,https://adresowo.pl/o/mieszkanie-warszawa-bialoleka-ul-aluzyjna-2-pokojowe-r1h5d7,https://s2.adresowa.pl/oi/31/34/3b3da8_900b_cover-2-pokojowe-mieszkanie-warszawa-bialoleka-ul-aluzyjna.jpg,,,parter,2018.0,blok,,,,,,,,,52.342603,20.942834
Warszawa Bielany,ul. Efraima Schroegera,2.0,48.0,765000,15938.0,Bez pośredników,ponad tydzień temu,6.0,https://adresowo.pl/o/mieszkanie-warszawa-bielany-ul-efraima-schroegera-2-pokojowe-v0c6p2,https://s2.adresowa.pl/oi/59/3d/3b3d90_828b_cover-2-pokojowe-mieszkanie-warszawa-bielany-ul-efraima-schroegera.jpg,,,parter,1976.0,blok,,,,,,,,,,
Warszawa Praga-Południe,ul. Jana Nowaka-Jeziorańskiego,2.0,54.0,990000,18256.0,Oferta biura nieruchomości,ponad tydzień temu,8.0,https://adresowo.pl/o/mieszkanie-warszawa-praga-poludnie-ul-jana-nowaka-jezioranskiego-2-pokojowe-f6c0j6,https://s2.adresowa.pl/oi/45/2a/3b3960_c25a_cover-2-pokojowe-mieszkanie-warszawa-praga-poludnie-ul-jana-nowaka-jezioranskiego.jpg,,,4,2011.0,blok,,,,,,,,,,
Warszawa Wola,ul. Grzybowska,2.0,35.0,1164000,33087.0,Oferta biura nieruchomości,ponad tydzień temu,6.0,https://adresowo.pl/o/mieszkanie-warszawa-wola-ul-grzybowska-2-pokojowe-j1m7k5,https://s2.adresowa.pl/oi/33/5b/3b38ba_8809_cover-2-pokojowe-mieszkanie-warszawa-wola-ul-grzybowska.jpg,,,11,2020.0,blok,,,,,,,,,52.233844,20.990745
Warszawa Powiśle,ul. Dobra,1.0,27.0,650000,24074.0,Bez pośredników,ponad tydzień temu,8.0,https://adresowo.pl/o/mieszkanie-warszawa-powisle-ul-dobra-1-pokoj-f0t8y6,https://s2.adresowa.pl/oi/18/17/3b3d10_5f43_cover-1-pokojowe-mieszkanie-warszawa-powisle-ul-dobra.jpg,,,7,1950.0,kamienica,,,,,,,,,,
Warszawa Żoliborz,ul. Przasnyska,2.0,41.0,960000,23415.0,Bez pośredników,ponad tydzień temu,10.0,https://adresowo.pl/o/mieszkanie-warszawa-zoliborz-ul-przasnyska-2-pokojowe-q3n5l4,https://s2.adresowa.pl/oi/32/72/3b3cd2_b356_cover-2-pokojowe-mieszkanie-warszawa-zoliborz-ul-przasnyska.jpg,,,parter,,,,,,,,,,,,
Warszawa Wola,ul. Karolkowa,3.0,71.0,2750670,39000.0,Bez pośredników,ponad tydzień temu,19.0,https://adresowo.pl/o/mieszkanie-warszawa-wola-ul-karolkowa-3-pokojowe-f6x0y7,https://s2.adresowa.pl/oi/4d/72/3b3cc4_a650_cover-3-pokojowe-mieszkanie-warszawa-wola-ul-karolkowa.jpg,,,parter,2009.0,blok,,,,,,,,,,
Warszawa,ul. Szosowa,2.0,46.0,789000,16986.0,Oferta biura nieruchomości,ponad tydzień temu,10.0,https://adresowo.pl/o/mieszkanie-warszawa-ul-szosowa-2-pokojowe-m3u2e6,https://s2.adresowa.pl/oi/22/39/3b36c8_8471_cover-2-pokojowe-mieszkanie-warszawa-ul-szosowa.jpg,,,789,2021.0,blok,,,,,,,,,52.246736,21.185287
Warszawa Śródmieście,al. Jana Pawła II,2.0,35.0,649000,18623.0,Oferta biura nieruchomości,ponad tydzień temu,8.0,https://adresowo.pl/o/mieszkanie-warszawa-srodmiescie-al-jana-pawla-ii-2-pokojowe-e2q0o8,https://s2.adresowa.pl/oi/6b/54/3b3678_6867_cover-2-pokojowe-mieszkanie-warszawa-srodmiescie-al-jana-pawla-ii.jpg,,,599,1958.0,kamienica,,,,,,,,,52.24107,20.993862
Warszawa Praga-Południe,ul. Żupnicza,2.0,41.0,740000,18093.0,Bez pośredników,ponad tydzień temu,18.0,https://adresowo.pl/o/mieszkanie-warszawa-praga-poludnie-ul-zupnicza-2-pokojowe-u8g9q7,https://s2.adresowa.pl/oi/17/31/3b3c4c_9eee_cover-2-pokojowe-mieszkanie-warszawa-praga-poludnie-ul-zupnicza.jpg,,,parter,2025.0,blok,,,,,,,,,52.255819,21.072417
Warszawa Ursynów,ul. Hilarego Koprowskiego,2.0,41.0,720000,17557.0,Bez pośredników,ponad tydzień temu,1.0,https://adresowo.pl/o/mieszkanie-warszawa-ursynow-ul-hilarego-koprowskiego-2-pokojowe-b0q1j1,https://s2.adresowa.pl/oi/16/55/3b3c3e_e23b_cover-2-pokojowe-mieszkanie-warszawa-ursynow-ul-hilarego-koprowskiego.jpg,,,2026,2026.0,blok,,,,,,,,,52.159171,20.994164
Warszawa Żoliborz,ul. Powązkowska,3.0,68.0,1895000,28008.0,Bez pośredników,ponad tydzień temu,17.0,https://adresowo.pl/o/mieszkanie-warszawa-zoliborz-ul-powazkowska-3-pokojowe-i9e4z8,https://s2.adresowa.pl/oi/31/57/3b3c36_cf80_cover-3-pokojowe-mieszkanie-warszawa-zoliborz-ul-powazkowska.jpg,,,1,2021.0,blok,,,,,,,,,52.25796,20.966865
Warszawa Śródmieście,ul. Sędziowska,1.0,27.0,760000,28148.0,Oferta biura nieruchomości,ponad tydzień temu,11.0,https://adresowo.pl/o/mieszkanie-warszawa-srodmiescie-ul-sedziowska-1-pokoj-s5z7d4,https://s2.adresowa.pl/oi/6b/5a/3b3634_9cef_cover-1-pokojowe-mieszkanie-warszawa-srodmiescie-ul-sedziowska.jpg,,,parter,1939.0,kamienica,,,,,,,,,52.217534,21.004326
Warszawa Śródmieście,ul. Mokotowska,3.0,52.0,1650000,31731.0,Oferta biura nieruchomości,ponad tydzień temu,14.0,https://adresowo.pl/o/mieszkanie-warszawa-srodmiescie-ul-mokotowska-3-pokojowe-u9f6t6,https://s2.adresowa.pl/oi/5f/56/3b33f2_f21e_cover-3-pokojowe-mieszkanie-warszawa-srodmiescie-ul-mokotowska.jpg,,,parter,1967.0,blok,,,,,,,,,52.226451,21.022456
Warszawa Wola,ul. Okopowa,3.0,51.0,980000,19406.0,Bez pośredników,ponad tydzień temu,8.0,https://adresowo.pl/o/mieszkanie-warszawa-wola-ul-okopowa-3-pokojowe-f6y9l3,https://s2.adresowa.pl/oi/74/5c/3b3c30_a5ec_cover-3-pokojowe-mieszkanie-warszawa-wola-ul-okopowa.jpg,,,parter,1949.0,kamienica,,,,,,,,,52.244959,20.97735
Warszawa Śródmieście,ul. Krucza,3.0,77.0,1807620,23500.0,Bez pośredników,ponad tydzień temu,12.0,https://adresowo.pl/o/mieszkanie-warszawa-srodmiescie-ul-krucza-3-pokojowe-n6j3b4,https://s2.adresowa.pl/oi/1b/16/3b3c0e_d20c_cover-3-pokojowe-mieszkanie-warszawa-srodmiescie-ul-krucza.jpg,,,parter,2019.0,kamienica,,,,,,,,,52.227555,21.018097
Warszawa Wilanów,ul. Adama Branickiego,2.0,37.0,810000,21892.0,Bez pośredników,ponad tydzień temu,9.0,https://adresowo.pl/o/mieszkanie-warszawa-wilanow-ul-adama-branickiego-2-pokojowe-n2b3a3,https://s2.adresowa.pl/oi/26/24/3b3bf2_c5a9_cover-2-pokojowe-mieszkanie-warszawa-wilanow-ul-adama-branickiego.jpg,,,1,2017.0,blok,,,,,,,,,52.15517,21.072471
Warszawa Śródmieście,"al. ""Solidarności""",2.0,50.0,855000,16998.0,Oferta biura nieruchomości,ponad tydzień temu,7.0,https://adresowo.pl/o/mieszkanie-warszawa-srodmiescie-al-solidarnosci-2-pokojowe-y4n8l5,https://s2.adresowa.pl/oi/28/79/3b33e4_f298_cover-2-pokojowe-mieszkanie-warszawa-srodmiescie-al-solidarnosci-.jpg,,,2,1955.0,blok,,,,,,,,,,
Warszawa Ursynów,al. Komisji Edukacji Narodowej,2.0,58.0,1277000,21979.0,Oferta biura nieruchomości,ponad tydzień temu,14.0,https://adresowo.pl/o/mieszkanie-warszawa-ursynow-al-komisji-edukacji-narodowej-2-pokojowe-k0p5b7,https://s2.adresowa.pl/oi/6e/6c/3b325a_6a3b_cover-2-pokojowe-mieszkanie-warszawa-ursynow-al-komisji-edukacji-narodowej.jpg,,,parter,1998.0,blok,,,,,,,,,52.15703,21.032107
Warszawa Białołęka,ul. Dzikiej Kaczki,3.0,59.0,859000,14559.0,Bez pośredników,ponad tydzień temu,9.0,https://adresowo.pl/o/mieszkanie-warszawa-bialoleka-ul-dzikiej-kaczki-3-pokojowe-l6e5b6,https://s2.adresowa.pl/oi/1e/5e/3b3a4c_8ec6_cover-3-pokojowe-mieszkanie-warszawa-bialoleka-ul-dzikiej-kaczki.jpg,,,parter,2020.0,blok,,,,,,,,,,
Warszawa Białołęka,ul. Marcina z Wrocimowic,3.0,56.0,770000,13812.0,Bez pośredników,ponad tydzień temu,16.0,https://adresowo.pl/o/mieszkanie-warszawa-bialoleka-ul-marcina-z-wrocimowic-3-pokojowe-s5d4e4,https://s2.adresowa.pl/oi/58/6f/3b3966_f38c_cover-3-pokojowe-mieszkanie-warszawa-bialoleka-ul-marcina-z-wrocimowic.jpg,,,parter,2009.0,blok,,,,,,,,,52.34226,20.937412
Warszawa Praga-Północ,ul. Szwedzka,3.0,44.0,960000,21973.0,Bez pośredników,ponad tydzień temu,12.0,https://adresowo.pl/o/mieszkanie-warszawa-praga-polnoc-ul-szwedzka-3-pokojowe-k4q5j4,https://s2.adresowa.pl/oi/3b/26/3b38e4_c6f9_cover-3-pokojowe-mieszkanie-warszawa-praga-polnoc-ul-szwedzka.jpg,,,1,2016.0,blok,,,,,,,,,,
Warszawa Bielany,ul. Szegedyńska,2.0,37.0,579000,15863.0,Oferta biura nieruchomości,ponad tydzień temu,9.0,https://adresowo.pl/o/mieszkanie-warszawa-bielany-ul-szegedynska-2-pokojowe-i5l8j8,https://s2.adresowa.pl/oi/29/68/3b3258_f7b5_cover-2-pokojowe-mieszkanie-warszawa-bielany-ul-szegedynska.jpg,,,1,1968.0,blok,,,,,,,,,52.292223,20.943183
Warszawa Bemowo,ul. gen. Sylwestra Kaliskiego,3.0,55.0,909000,16527.0,Bez pośredników,ponad tydzień temu,8.0,https://adresowo.pl/o/mieszkanie-warszawa-bemowo-ul-gen-sylwestra-kaliskiego-3-pokojowe-u5o6h7,https://s2.adresowa.pl/oi/15/1c/3b37e8_f717_cover-3-pokojowe-mieszkanie-warszawa-bemowo-ul-gen-sylwestra-kaliskiego.jpg,,,parter,1980.0,blok,,,,,,,,,,
Warszawa Mokotów,ul. Aleja Polski Walczącej,2.0,38.0,875000,22984.0,Bez pośredników,ponad tydzień temu,19.0,https://adresowo.pl/o/mieszkanie-warszawa-mokotow-ul-aleja-polski-walczacej-2-pokojowe-j1p6o5,https://s2.adresowa.pl/oi/5d/1d/3b37bc_8f3c_cover-2-pokojowe-mieszkanie-warszawa-mokotow-ul-aleja-polski-walczacej.jpg,,,parter,2025.0,,,,,,,,,,52.206901,21.049942
Warszawa Ochota,ul. Baśniowa,1.0,34.0,580000,17039.0,Oferta biura nieruchomości,ponad tydzień temu,9.0,https://adresowo.pl/o/mieszkanie-warszawa-ochota-ul-basniowa-1-pokoj-t9x1k6,https://s2.adresowa.pl/oi/3e/16/3b3256_67b5_cover-1-pokojowe-mieszkanie-warszawa-ochota-ul-basniowa.jpg,,,2,1955.0,blok,,,,,,,,,,
Warszawa Praga-Południe,ul. Jana Nowaka-Jeziorańskiego,3.0,69.0,1399000,20275.0,Oferta biura nieruchomości,ponad tydzień temu,18.0,https://adresowo.pl/o/mieszkanie-warszawa-praga-poludnie-ul-jana-nowaka-jezioranskiego-3-pokojowe-c5o8z3,https://s2.adresowa.pl/oi/3e/76/3b3252_af2d_cover-3-pokojowe-mieszkanie-warszawa-praga-poludnie-ul-jana-nowaka-jezioranskiego.jpg,,,parter,2016.0,blok,,,,,,,,,52.230143,21.074253
Warszawa Wola,ul. Jana Kazimierza,2.0,34.0,760000,22653.0,Bez pośredników,ponad tydzień temu,7.0,https://adresowo.pl/o/mieszkanie-warszawa-wola-ul-jana-kazimierza-2-pokojowe-o9d6r8,https://s2.adresowa.pl/oi/5d/58/3b37a6_597d_cover-2-pokojowe-mieszkanie-warszawa-wola-ul-jana-kazimierza.jpg,,,4,2017.0,blok,,,,,,,,,52.222921,20.939317
Warszawa Białołęka,ul. Starowiślna,3.0,58.0,920000,15772.0,Bez pośredników,ponad tydzień temu,20.0,https://adresowo.pl/o/mieszkanie-warszawa-bialoleka-ul-starowislna-3-pokojowe-s5l3u8,https://s2.adresowa.pl/oi/41/52/3b3746_aca8_cover-3-pokojowe-mieszkanie-warszawa-bialoleka-ul-starowislna.jpg,,,parter,2019.0,blok,,,,,,,,,,
Warszawa Służew,ul. Puławska,2.0,45.0,1150000,25556.0,Bez pośredników,ponad tydzień temu,10.0,https://adresowo.pl/o/mieszkanie-warszawa-sluzew-ul-pulawska-2-pokojowe-p2l8t5,https://s2.adresowa.pl/oi/28/6a/3b373a_8b79_cover-2-pokojowe-mieszkanie-warszawa-sluzew-ul-pulawska.jpg,,,parter,2010.0,blok,,,,,,,,,52.169257,21.019468
Warszawa Wola,ul. Sokołowska,2.0,42.0,770000,18381.0,Oferta biura nieruchomości,ponad tydzień temu,15.0,https://adresowo.pl/o/mieszkanie-warszawa-wola-ul-sokolowska-2-pokojowe-d1y8x8,https://s2.adresowa.pl/oi/3d/61/3b3242_8bf8_cover-2-pokojowe-mieszkanie-warszawa-wola-ul-sokolowska.jpg,,,1936,1936.0,blok,,,,,,,,,,
Warszawa Białołęka,ul. Marcina z Wrocimowic,2.0,56.0,680000,12143.0,Oferta biura nieruchomości,ponad tydzień temu,11.0,https://adresowo.pl/o/mieszkanie-warszawa-bialoleka-ul-marcina-z-wrocimowic-2-pokojowe-l5u9j2,https://s2.adresowa.pl/oi/11/24/3b3222_5fbd_cover-2-pokojowe-mieszkanie-warszawa-bialoleka-ul-marcina-z-wrocimowic.jpg,,,parter,2010.0,blok,,,,,,,,,52.342308,20.93782
Warszawa Mokotów,ul. Ligocka,3.0,79.0,1780000,22532.0,Bez pośredników,ponad tydzień temu,20.0,https://adresowo.pl/o/mieszkanie-warszawa-mokotow-ul-ligocka-3-pokojowe-h9r3j4,https://s2.adresowa.pl/oi/5e/55/3b3730_b38e_cover-3-pokojowe-mieszkanie-warszawa-mokotow-ul-ligocka.jpg,,,parter,1930.0,,,,,,,,,,52.204083,21.00984
Warszawa Wola,ul. Pańska,3.0,46.0,860000,18777.0,Bez pośredników,ponad tydzień temu,9.0,https://adresowo.pl/o/mieszkanie-warszawa-wola-ul-panska-3-pokojowe-o0c3s8,https://s2.adresowa.pl/oi/46/2f/3b369c_31d1_cover-3-pokojowe-mieszkanie-warszawa-wola-ul-panska.jpg,,,parter,,blok,,,,,,,,,52.231537,20.993455
Warszawa Włochy,ul. 1 Sierpnia,3.0,57.0,920000,16140.0,Bez pośredników,ponad tydzień temu,19.0,https://adresowo.pl/o/mieszkanie-warszawa-wlochy-ul-1-sierpnia-3-pokojowe-b6i1p9,https://s2.adresowa.pl/oi/3c/21/3b35c4_626a_cover-3-pokojowe-mieszkanie-warszawa-wlochy-ul-1-sierpnia.jpg,,,parter,2014.0,blok,,,,,,,,,,
Warszawa Wola,ul. Leszno,2.0,46.0,789000,17152.0,Oferta biura nieruchomości,ponad tydzień temu,9.0,https://adresowo.pl/o/mieszkanie-warszawa-wola-ul-leszno-2-pokojowe-m7l9n5,https://s2.adresowa.pl/oi/15/4b/3b3208_d181_cover-2-pokojowe-mieszkanie-warszawa-wola-ul-leszno.jpg,,,parter,1963.0,blok,,,,,,,,,52.23886,20.97739
Warszawa Praga,ul. Optyków,3.0,59.0,1163000,19699.0,Oferta biura nieruchomości,ponad tydzień temu,11.0,https://adresowo.pl/o/mieszkanie-warszawa-praga-ul-optykow-3-pokojowe-j2b0r8,https://s2.adresowa.pl/oi/1d/3d/3b31f6_f98b_cover-3-pokojowe-mieszkanie-warszawa-praga-ul-optykow.jpg,,,2,2020.0,blok,,,,,,,,,,
Warszawa Muranów,ul. Mordechaja Anielewicza,2.0,40.0,869000,21590.0,Bez pośredników,ponad tydzień temu,20.0,https://adresowo.pl/o/mieszkanie-warszawa-muranow-ul-mordechaja-anielewicza-2-pokojowe-g2w3f3,https://s2.adresowa.pl/oi/6f/40/3b3570_c7eb_cover-2-pokojowe-mieszkanie-warszawa-muranow-ul-mordechaja-anielewicza.jpg,,,parter,1956.0,blok,,,,,,,,,,
Warszawa Śródmieście,ul. Hoża,1.0,28.0,922000,32929.0,Bez pośredników,ponad tydzień temu,13.0,https://adresowo.pl/o/mieszkanie-warszawa-srodmiescie-ul-hoza-1-pokoj-h0y1m2,https://s2.adresowa.pl/oi/11/11/3b354a_6155_cover-1-pokojowe-mieszkanie-warszawa-srodmiescie-ul-hoza.jpg,,,8,1911.0,kamienica,,,,,,,,,,
Warszawa Tarchomin,ul. Aluzyjna,3.0,57.0,897000,15876.0,Bez pośredników,ponad tydzień temu,10.0,https://adresowo.pl/o/mieszkanie-warszawa-tarchomin-ul-aluzyjna-3-pokojowe-t3j1v8,https://s2.adresowa.pl/oi/45/58/3b34cc_f7a5_cover-3-pokojowe-mieszkanie-warszawa-tarchomin-ul-aluzyjna.jpg,,,parter,2024.0,blok,,,,,,,,,52.346239,20.936418
Warszawa Mokotów,ul. Czerniakowska,3.0,75.0,1100000,14667.0,Oferta biura nieruchomości,ponad tydzień temu,12.0,https://adresowo.pl/o/mieszkanie-warszawa-mokotow-ul-czerniakowska-3-pokojowe-q2q4i0,https://s2.adresowa.pl/oi/22/48/3b31f4_2f29_cover-3-pokojowe-mieszkanie-warszawa-mokotow-ul-czerniakowska.jpg,,,7,1936.0,blok,,,,,,,,,52.202498,21.051688
Warszawa Mokotów,ul. Cybernetyki,3.0,69.0,1630000,23796.0,Oferta biura nieruchomości,ponad tydzień temu,14.0,https://adresowo.pl/o/mieszkanie-warszawa-mokotow-ul-cybernetyki-3-pokojowe-t1i6m5,https://s2.adresowa.pl/oi/47/30/3b31ee_378f_cover-3-pokojowe-mieszkanie-warszawa-mokotow-ul-cybernetyki.jpg,,,4,2018.0,blok,,,,,,,,,52.176566,21.000507
Warszawa Wola,al. Jana Pawła II,4.0,91.0,1790000,19735.0,Bez pośredników,ponad tydzień temu,16.0,https://adresowo.pl/o/mieszkanie-warszawa-wola-al-jana-pawla-ii-4-pokojowe-s1u6l2,https://s2.adresowa.pl/oi/25/5b/3b336a_b6b0_cover-4-pokojowe-mieszkanie-warszawa-wola-al-jana-pawla-ii.jpg,,,20,1998.0,blok,,,,,,,,,,
Warszawa Ursynów,ul. Belgradzka,2.0,44.0,848000,19405.0,Bez pośredników,ponad tydzień temu,16.0,https://adresowo.pl/o/mieszkanie-warszawa-ursynow-ul-belgradzka-2-pokojowe-h7h8s7,https://s2.adresowa.pl/oi/50/60/3b3356_9193_cover-2-pokojowe-mieszkanie-warszawa-ursynow-ul-belgradzka.jpg,,,848,2005.0,blok,,,,,,,,,52.139992,21.057982
Warszawa Rembertów,ul. Zygmuntów,5.0,147.0,1099000,7476.0,Oferta biura nieruchomości,ponad tydzień temu,15.0,https://adresowo.pl/o/mieszkanie-warszawa-rembertow-ul-zygmuntow-5-pokojowe-k4o0h1,https://s2.adresowa.pl/oi/53/7d/3b31e2_ee71_cover-5-pokojowe-mieszkanie-warszawa-rembertow-ul-zygmuntow.jpg,,,parter,2016.0,,,,,,,,,,52.269512,21.157756
Warszawa Praga-Południe,ul. Stanisława Augusta,1.0,32.0,615000,19219.0,Oferta biura nieruchomości,ponad tydzień temu,8.0,https://adresowo.pl/o/mieszkanie-warszawa-praga-poludnie-ul-stanislawa-augusta-1-pokoj-n1u9m5,https://s2.adresowa.pl/oi/26/7d/3b2f7e_b43d_cover-1-pokojowe-mieszkanie-warszawa-praga-poludnie-ul-stanislawa-augusta.jpg,,,parter,1936.0,,,,,,,,,,,
Warszawa Białołęka,ul. Głębocka,3.0,65.0,961900,14899.0,Bez pośredników,ponad tydzień temu,14.0,https://adresowo.pl/o/mieszkanie-warszawa-bialoleka-ul-glebocka-3-pokojowe-s6c7m2,https://s2.adresowa.pl/oi/60/71/3b3342_968b_cover-3-pokojowe-mieszkanie-warszawa-bialoleka-ul-glebocka.jpg,,,3,2004.0,blok,,,,,,,,,,
Warszawa Białołęka,ul. Luciana Pavarottiego,3.0,55.0,797000,14491.0,Bez pośredników,ponad tydzień temu,12.0,https://adresowo.pl/o/mieszkanie-warszawa-bialoleka-ul-luciana-pavarottiego-3-pokojowe-k2q4q6,https://s2.adresowa.pl/oi/2d/30/3b3338_a105_cover-3-pokojowe-mieszkanie-warszawa-bialoleka-ul-luciana-pavarottiego.jpg,,,parter,2018.0,blok,,,,,,,,,,
Warszawa Białołęka,ul. Trakt Nadwiślański,2.0,43.0,769700,17900.0,Oferta biura nieruchomości,ponad tydzień temu,8.0,https://adresowo.pl/o/mieszkanie-warszawa-bialoleka-ul-trakt-nadwislanski-2-pokojowe-f2h2z5,https://s2.adresowa.pl/oi/7e/1f/3b2f80_6a63_cover-2-pokojowe-mieszkanie-warszawa-bialoleka-ul-trakt-nadwislanski.jpg,,,parter,2022.0,blok,,,,,,,,,52.32022,21.03253
Warszawa Praga-Południe,ul. Brazylijska,2.0,39.0,600000,15353.0,Oferta biura nieruchomości,ponad tydzień temu,2.0,https://adresowo.pl/o/mieszkanie-warszawa-praga-poludnie-ul-brazylijska-2-pokojowe-w8c8w0,https://s2.adresowa.pl/oi/5a/48/3b2f7a_e08b_cover-2-pokojowe-mieszkanie-warszawa-praga-poludnie-ul-brazylijska.jpg,,,parter,1964.0,blok,,,,,,,,,,
Warszawa Ursus,ul. Edwarda Habicha,2.0,45.0,780000,17222.0,Bez pośredników,ponad tydzień temu,15.0,https://adresowo.pl/o/mieszkanie-warszawa-ursus-ul-edwarda-habicha-2-pokojowe-b6d9k0,https://s2.adresowa.pl/oi/7a/28/3b32f8_64f4_cover-2-pokojowe-mieszkanie-warszawa-ursus-ul-edwarda-habicha.jpg,,,2,2024.0,blok,,,,,,,,,,
Warszawa Mokotów,ul. Bukowińska,1.0,31.0,690000,21975.0,Bez pośredników,ponad tydzień temu,10.0,https://adresowo.pl/o/mieszkanie-warszawa-mokotow-ul-bukowinska-1-pokoj-r1r9e1,https://s2.adresowa.pl/oi/5d/32/3b3296_f070_cover-1-pokojowe-mieszkanie-warszawa-mokotow-ul-bukowinska.jpg,,,7,2007.0,apartamentowiec,,,,,,,,,52.17997,21.027801
Warszawa Mokotów,ul. Aleja Polski Walczącej,1.0,27.0,672500,24954.0,Oferta biura nieruchomości,ponad tydzień temu,16.0,https://adresowo.pl/o/mieszkanie-warszawa-mokotow-ul-aleja-polski-walczacej-1-pokoj-l0z0m5,https://s2.adresowa.pl/oi/7c/6d/3b2f2c_fdab_cover-1-pokojowe-mieszkanie-warszawa-mokotow-ul-aleja-polski-walczacej.jpg,,,parter,2025.0,blok,,,,,,,,,,
Warszawa Mokotów,ul. Postępu,3.0,75.0,2300000,30667.0,Oferta biura nieruchomości,ponad tydzień temu,1.0,https://adresowo.pl/o/mieszkanie-warszawa-mokotow-ul-postepu-3-pokojowe-x7x5p4,https://s2.adresowa.pl/oi/70/2a/3b2f24_fbb5_cover-3-pokojowe-mieszkanie-warszawa-mokotow-ul-postepu.jpg,,,7,2020.0,blok,,,,,,,,,,
Warszawa Praga-Południe,ul. Drwęcka,2.0,40.0,755000,18979.0,Bez pośredników,ponad tydzień temu,10.0,https://adresowo.pl/o/mieszkanie-warszawa-praga-poludnie-ul-drwecka-2-pokojowe-d6u4n5,https://s2.adresowa.pl/oi/4f/1c/3b31d2_3220_cover-2-pokojowe-mieszkanie-warszawa-praga-poludnie-ul-drwecka.jpg,,,parter,2022.0,blok,,,,,,,,,52.254968,21.080201
Warszawa Włochy,ul. Fasolowa,2.0,39.0,600000,15267.0,Bez pośredników,ponad tydzień temu,9.0,https://adresowo.pl/o/mieszkanie-warszawa-wlochy-ul-fasolowa-2-pokojowe-l7e9w7,https://s2.adresowa.pl/oi/67/77/3b31c6_5414_cover-2-pokojowe-mieszkanie-warszawa-wlochy-ul-fasolowa.jpg,,,parter,1999.0,blok,,,,,,,,,52.199511,20.905118
Warszawa Targówek,ul. Chodecka,3.0,48.0,680000,14316.0,Bez pośredników,ponad tydzień temu,19.0,https://adresowo.pl/o/mieszkanie-warszawa-targowek-ul-chodecka-3-pokojowe-h1l8u9,https://s2.adresowa.pl/oi/21/6f/3b3188_4f5f_cover-3-pokojowe-mieszkanie-warszawa-targowek-ul-chodecka.jpg,,,6,1971.0,blok,,,,,,,,,52.292264,21.041534
Warszawa Targówek,ul. Nadwiślańska,2.0,38.0,680000,17824.0,Oferta biura nieruchomości,ponad tydzień temu,14.0,https://adresowo.pl/o/mieszkanie-warszawa-targowek-ul-nadwislanska-2-pokojowe-x8u7b7,https://s2.adresowa.pl/oi/7c/5f/3b2de8_47c9_cover-2-pokojowe-mieszkanie-warszawa-targowek-ul-nadwislanska.jpg,,,parter,2002.0,blok,,,,,,,,,52.286246,21.027471
Warszawa Bemowo,ul. Szeligowska,2.0,51.0,745000,14608.0,Oferta biura nieruchomości,ponad tydzień temu,14.0,https://adresowo.pl/o/mieszkanie-warszawa-bemowo-ul-szeligowska-2-pokojowe-u2h0w0,https://s2.adresowa.pl/oi/37/40/3b2de6_e0de_cover-2-pokojowe-mieszkanie-warszawa-bemowo-ul-szeligowska.jpg,,,3,1992.0,blok,,,,,,,,,,
Warszawa Dolny Mokotów,ul. Iwicka,1.0,34.0,599000,17881.0,Bez pośredników,ponad tydzień temu,9.0,https://adresowo.pl/o/mieszkanie-warszawa-dolny-mokotow-ul-iwicka-1-pokoj-y6u3q0,https://s2.adresowa.pl/oi/31/49/3b3172_a608_cover-1-pokojowe-mieszkanie-warszawa-dolny-mokotow-ul-iwicka.jpg,,,1,1960.0,blok,,,,,,,,,52.203317,21.043047
Warszawa Wola,ul. Deotymy,1.0,19.0,365500,19237.0,Bez pośredników,ponad tydzień temu,12.0,https://adresowo.pl/o/mieszkanie-warszawa-wola-ul-deotymy-1-pokoj-u4k7w0,https://s2.adresowa.pl/oi/51/70/3b30f6_55a9_cover-1-pokojowe-mieszkanie-warszawa-wola-ul-deotymy.jpg,,,parter,1960.0,kamienica,,,,,,,,,,
Warszawa Bielany,ul. Stanisława Przybyszewskiego,1.0,20.0,490000,24500.0,Bez pośredników,ponad tydzień temu,7.0,https://adresowo.pl/o/mieszkanie-warszawa-bielany-ul-stanislawa-przybyszewskiego-1-pokoj-s4n0e2,https://s2.adresowa.pl/oi/64/12/3b3050_7181_cover-1-pokojowe-mieszkanie-warszawa-bielany-ul-stanislawa-przybyszewskiego.jpg,,,parter,1954.0,blok,,,,,,,,,52.278563,20.942881
Warszawa Ochota,ul. Żwirki i Wigury,3.0,46.0,790000,17174.0,Oferta biura nieruchomości,ponad tydzień temu,6.0,https://adresowo.pl/o/mieszkanie-warszawa-ochota-ul-zwirki-i-wigury-3-pokojowe-n0r9h3,https://s2.adresowa.pl/oi/64/33/3b2de0_42d3_cover-3-pokojowe-mieszkanie-warszawa-ochota-ul-zwirki-i-wigury.jpg,,,parter,1970.0,blok,,,,,,,,,,
Warszawa Ursynów,ul. Jurajska,2.0,50.0,850000,16905.0,Oferta biura nieruchomości,ponad tydzień temu,15.0,https://adresowo.pl/o/mieszkanie-warszawa-ursynow-ul-jurajska-2-pokojowe-a8c3k0,https://s2.adresowa.pl/oi/28/7e/3b2db4_6f9a_cover-2-pokojowe-mieszkanie-warszawa-ursynow-ul-jurajska.jpg,,,3,2017.0,blok,,,,,,,,,52.162603,20.994421
Warszawa Bródno,ul. Piotra Wysockiego,3.0,71.0,1449000,20553.0,Bez pośredników,ponad tydzień temu,13.0,https://adresowo.pl/o/mieszkanie-warszawa-brodno-ul-piotra-wysockiego-3-pokojowe-n2l4j2,https://s2.adresowa.pl/oi/42/1b/3b2ed2_e825_cover-3-pokojowe-mieszkanie-warszawa-brodno-ul-piotra-wysockiego.jpg,,,1,2024.0,blok,,,,,,,,,52.28766,21.020759
Warszawa Żerań,ul. Krzyżówki,3.0,57.0,1149000,20158.0,Bez pośredników,ponad tydzień temu,20.0,https://adresowo.pl/o/mieszkanie-warszawa-zeran-ul-krzyzowki-3-pokojowe-x1p4m8,https://s2.adresowa.pl/oi/38/1a/3b2dec_5656_cover-3-pokojowe-mieszkanie-warszawa-zeran-ul-krzyzowki.jpg,,,2,2020.0,blok,,,,,,,,,52.307847,20.993846
Warszawa Praga,ul. Władysława Umińskiego,2.0,33.0,777000,23496.0,Oferta biura nieruchomości,ponad tydzień temu,14.0,https://adresowo.pl/o/mieszkanie-warszawa-praga-ul-wladyslawa-uminskiego-2-pokojowe-z1d0v6,https://s2.adresowa.pl/oi/4d/22/3b2da8_4303_cover-2-pokojowe-mieszkanie-warszawa-praga-ul-wladyslawa-uminskiego.jpg,,,parter,2024.0,blok,,,,,,,,,52.223809,21.102517
Warszawa Wilanów,ul. Krzysztofa Kieślowskiego,3.0,79.0,2650000,33544.0,Oferta biura nieruchomości,ponad tydzień temu,14.0,https://adresowo.pl/o/mieszkanie-warszawa-wilanow-ul-krzysztofa-kieslowskiego-3-pokojowe-w5u9b7,https://s2.adresowa.pl/oi/63/5a/3b27da_b6e2_cover-3-pokojowe-mieszkanie-warszawa-wilanow-ul-krzysztofa-kieslowskiego.jpg,,,parter,2016.0,blok,,,,,,,,,52.165335,21.079207
Warszawa Targówek,ul. Rembielińska,2.0,41.0,794000,19225.0,Bez pośredników,ponad tydzień temu,20.0,https://adresowo.pl/o/mieszkanie-warszawa-targowek-ul-rembielinska-2-pokojowe-c0w3j9,https://s2.adresowa.pl/oi/16/63/3b2de4_27b3_cover-2-pokojowe-mieszkanie-warszawa-targowek-ul-rembielinska.jpg,,,794,2008.0,blok,,,,,,,,,52.289998,21.029627
Warszawa Śródmieście,ul. Koźmińska,1.0,25.0,570000,22800.0,Bez pośredników,ponad tydzień temu,6.0,https://adresowo.pl/o/mieszkanie-warszawa-srodmiescie-ul-kozminska-1-pokoj-q4u6l0,https://s2.adresowa.pl/oi/7e/78/3b2d5e_3cab_cover-1-pokojowe-mieszkanie-warszawa-srodmiescie-ul-kozminska.jpg,,,5,,blok,,,,,,,,,,
Warszawa Wola,ul. Szulborska,1.0,24.0,550000,22917.0,Oferta biura nieruchomości,ponad tydzień temu,8.0,https://adresowo.pl/o/mieszkanie-warszawa-wola-ul-szulborska-1-pokoj-a7x6b1,https://s2.adresowa.pl/oi/76/31/3b262a_46f3_cover-1-pokojowe-mieszkanie-warszawa-wola-ul-szulborska.jpg,,,9,1970.0,blok,,,,,,,,,52.231198,20.934835
Warszawa Ursynów,ul. Puszczyka,4.0,89.0,1470000,16591.0,Oferta biura nieruchomości,ponad tydzień temu,9.0,https://adresowo.pl/o/mieszkanie-warszawa-ursynow-ul-puszczyka-4-pokojowe-s9n3a8,https://s2.adresowa.pl/oi/2b/6d/3b2628_4fd7_cover-4-pokojowe-mieszkanie-warszawa-ursynow-ul-puszczyka.jpg,,,parter,1977.0,blok,,,,,,,,,52.159342,21.023444
Warszawa Targówek,ul. Łojewska,2.0,40.0,540000,13416.0,Bez pośredników,ponad tydzień temu,11.0,https://adresowo.pl/o/mieszkanie-warszawa-targowek-ul-lojewska-2-pokojowe-v3z2o7,https://s2.adresowa.pl/oi/54/2a/3b2c3e_800f_cover-2-pokojowe-mieszkanie-warszawa-targowek-ul-lojewska.jpg,,,parter,1969.0,blok,,,,,,,,,,
Warszawa Targówek,ul. Wyszogrodzka,2.0,37.0,530000,14209.0,Bez pośredników,ponad tydzień temu,8.0,https://adresowo.pl/o/mieszkanie-warszawa-targowek-ul-wyszogrodzka-2-pokojowe-g5d4n5,https://s2.adresowa.pl/oi/54/28/3b2c06_6e26_cover-2-pokojowe-mieszkanie-warszawa-targowek-ul-wyszogrodzka.jpg,,,8,2005.0,blok,,,,,,,,,,
Warszawa Wola,ul. Towarowa,4.0,106.0,5496400,52000.0,Oferta biura nieruchomości,ponad tydzień temu,10.0,https://adresowo.pl/o/mieszkanie-warszawa-wola-ul-towarowa-4-pokojowe-w4n3m7,https://s2.adresowa.pl/oi/25/6d/3b2610_dcf4_cover-4-pokojowe-mieszkanie-warszawa-wola-ul-towarowa.jpg,,,parter,2026.0,blok,,,,,,,,,,
Warszawa Ochota,ul. Karola Bohdanowicza,2.0,55.0,965000,17412.0,Oferta biura nieruchomości,ponad tydzień temu,17.0,https://adresowo.pl/o/mieszkanie-warszawa-ochota-ul-karola-bohdanowicza-2-pokojowe-g1f9a8,https://s2.adresowa.pl/oi/31/57/3b260e_92e7_cover-2-pokojowe-mieszkanie-warszawa-ochota-ul-karola-bohdanowicza.jpg,,,parter,2002.0,blok,,,,,,,,,,
Warszawa Wilanów,ul. Herbu Janina,2.0,55.0,920000,16586.0,Bez pośredników,ponad tydzień temu,10.0,https://adresowo.pl/o/mieszkanie-warszawa-wilanow-ul-herbu-janina-2-pokojowe-n7c8k5,https://s2.adresowa.pl/oi/61/7a/3b2bc0_500f_cover-2-pokojowe-mieszkanie-warszawa-wilanow-ul-herbu-janina.jpg,,,parter,2020.0,blok,,,,,,,,,52.154316,21.075751
Warszawa Bemowo,ul. Aleksandra Świętochowskiego,2.0,37.0,635000,17397.0,Bez pośredników,ponad tydzień temu,13.0,https://adresowo.pl/o/mieszkanie-warszawa-bemowo-ul-aleksandra-swietochowskiego-2-pokojowe-k0f3r1,https://s2.adresowa.pl/oi/55/7e/3b2bfa_55ec_cover-2-pokojowe-mieszkanie-warszawa-bemowo-ul-aleksandra-swietochowskiego.jpg,,,5,1979.0,apartamentowiec,,,,,,,,,,
Warszawa Chomiczówka,ul. Pabla Nerudy,2.0,46.0,695000,15027.0,Bez pośredników,ponad tydzień temu,9.0,https://adresowo.pl/o/mieszkanie-warszawa-chomiczowka-ul-pabla-nerudy-2-pokojowe-z9c6y9,https://s2.adresowa.pl/oi/4f/64/3b2bda_ea90_cover-2-pokojowe-mieszkanie-warszawa-chomiczowka-ul-pabla-nerudy.jpg,,,4,1975.0,blok,,,,,,,,,,
Warszawa Mokotów,ul. Bartycka,3.0,73.0,1600000,21918.0,Oferta biura nieruchomości,ponad tydzień temu,9.0,https://adresowo.pl/o/mieszkanie-warszawa-mokotow-ul-bartycka-3-pokojowe-y9e3b6,https://s2.adresowa.pl/oi/71/15/3b260a_e3c8_cover-3-pokojowe-mieszkanie-warszawa-mokotow-ul-bartycka.jpg,,,parter,2019.0,blok,,,,,,,,,52.211946,21.066359
Warszawa Białołęka,ul. Książkowa,2.0,40.0,545000,13659.0,Oferta biura nieruchomości,ponad tydzień temu,6.0,https://adresowo.pl/o/mieszkanie-warszawa-bialoleka-ul-ksiazkowa-2-pokojowe-e8b6g7,https://s2.adresowa.pl/oi/6a/5e/3b2604_ba74_cover-2-pokojowe-mieszkanie-warszawa-bialoleka-ul-ksiazkowa.jpg,,,parter,2000.0,blok,,,,,,,,,,
Warszawa Tarchomin,ul. Sprawna,2.0,39.0,605000,15324.0,Bez pośredników,ponad tydzień temu,11.0,https://adresowo.pl/o/mieszkanie-warszawa-tarchomin-ul-sprawna-2-pokojowe-l8f0j3,https://s2.adresowa.pl/oi/4b/12/3b2afe_a03a_cover-2-pokojowe-mieszkanie-warszawa-tarchomin-ul-sprawna.jpg,,,605,2013.0,blok,,,,,,,,,52.341242,20.940761
Warszawa Wola,ul. Zawiszy,1.0,35.0,920000,26286.0,Bez pośredników,ponad tydzień temu,13.0,https://adresowo.pl/o/mieszkanie-warszawa-wola-ul-zawiszy-1-pokoj-n4b3b4,https://s2.adresowa.pl/oi/48/2e/3b2b2e_dde9_cover-1-pokojowe-mieszkanie-warszawa-wola-ul-zawiszy.jpg,,,8,2005.0,blok,,,,,,,,,,
Warszawa Tarchomin,ul. Książkowa,1.0,34.0,567600,16500.0,Bez pośredników,ponad tydzień temu,14.0,https://adresowo.pl/o/mieszkanie-warszawa-tarchomin-ul-ksiazkowa-1-pokoj-e9z6g3,https://s2.adresowa.pl/oi/3f/22/3b2ad0_f067_cover-1-pokojowe-mieszkanie-warszawa-tarchomin-ul-ksiazkowa.jpg,,,parter,2001.0,blok,,,,,,,,,52.329211,20.94006
Warszawa Praga-Południe,ul. Żupnicza,1.0,30.0,649000,21349.0,Oferta biura nieruchomości,ponad tydzień temu,5.0,https://adresowo.pl/o/mieszkanie-warszawa-praga-poludnie-ul-zupnicza-1-pokoj-k8t9l6,https://s2.adresowa.pl/oi/36/3b/3b25fc_cae8_cover-1-pokojowe-mieszkanie-warszawa-praga-poludnie-ul-zupnicza.jpg,,,parter,2025.0,blok,,,,,,,,,,
Warszawa Włochy,ul. Obywatelska,3.0,58.0,980000,16897.0,Oferta biura nieruchomości,ponad tydzień temu,20.0,https://adresowo.pl/o/mieszkanie-warszawa-wlochy-ul-obywatelska-3-pokojowe-b2m0v7,https://s2.adresowa.pl/oi/1d/3b/3b25ee_8b66_cover-3-pokojowe-mieszkanie-warszawa-wlochy-ul-obywatelska.jpg,,,980,2014.0,blok,,,,,,,,,52.206063,20.89322
Warszawa Wola,ul. Jana Olbrachta,3.0,51.0,819000,16218.0,Bez pośredników,ponad tydzień temu,10.0,https://adresowo.pl/o/mieszkanie-warszawa-wola-ul-jana-olbrachta-3-pokojowe-q4c9a8,https://s2.adresowa.pl/oi/56/20/3b2aae_a235_cover-3-pokojowe-mieszkanie-warszawa-wola-ul-jana-olbrachta.jpg,,,parter,1980.0,blok,,,,,,,,,52.233879,20.928441
Warszawa Targówek,ul. Łabiszyńska,3.0,47.0,650000,13830.0,Bez pośredników,ponad tydzień temu,7.0,https://adresowo.pl/o/mieszkanie-warszawa-targowek-ul-labiszynska-3-pokojowe-r8b4m9,https://s2.adresowa.pl/oi/7e/3a/3b2aa8_ac69_cover-3-pokojowe-mieszkanie-warszawa-targowek-ul-labiszynska.jpg,,,4,1968.0,blok,,,,,,,,,,
Warszawa Skorosze,ul. Ryżowa,3.0,64.0,980000,15313.0,Bez pośredników,ponad tydzień temu,20.0,https://adresowo.pl/o/mieszkanie-warszawa-skorosze-ul-ryzowa-3-pokojowe-r6f0i8,https://s2.adresowa.pl/oi/67/77/3b2a98_d1a6_cover-3-pokojowe-mieszkanie-warszawa-skorosze-ul-ryzowa.jpg,,,parter,2011.0,blok,,,,,,,,,52.190443,20.906958
Warszawa Bielany,ul. Maszewska,1.0,34.0,540000,16115.0,Oferta biura nieruchomości,ponad tydzień temu,15.0,https://adresowo.pl/o/mieszkanie-warszawa-bielany-ul-maszewska-1-pokoj-b7b9x8,https://s2.adresowa.pl/oi/5a/1b/3b23ac_93dc_cover-1-pokojowe-mieszkanie-warszawa-bielany-ul-maszewska.jpg,,,parter,2000.0,blok,,,,,,,,,52.276757,20.914843
Warszawa Praga,ul. Igańska,3.0,63.0,829000,13159.0,Oferta biura nieruchomości,ponad tydzień temu,9.0,https://adresowo.pl/o/mieszkanie-warszawa-praga-ul-iganska-3-pokojowe-p2f8u8,https://s2.adresowa.pl/oi/57/56/3b23a6_a8e6_cover-3-pokojowe-mieszkanie-warszawa-praga-ul-iganska.jpg,,,829,1981.0,blok,,,,,,,,,52.240865,21.090346
Warszawa Mokotów,ul. J. R. R. Tolkiena,3.0,71.0,1395000,19759.0,Bez pośredników,ponad tydzień temu,14.0,https://adresowo.pl/o/mieszkanie-warszawa-mokotow-ul-j-r-r-tolkiena-3-pokojowe-k0t7c7,https://s2.adresowa.pl/oi/29/5f/3b2a8e_5f0a_cover-3-pokojowe-mieszkanie-warszawa-mokotow-ul-j-r-r-tolkiena.jpg,,,4,2014.0,blok,,,,,,,,,,
Warszawa Mokotów,ul. Mariana Zdziechowskiego,1.0,28.0,822000,29357.0,Bez pośredników,ponad tydzień temu,15.0,https://adresowo.pl/o/mieszkanie-warszawa-mokotow-ul-mariana-zdziechowskiego-1-pokoj-s1f8j2,https://s2.adresowa.pl/oi/71/4a/3b2a70_7811_cover-1-pokojowe-mieszkanie-warszawa-mokotow-ul-mariana-zdziechowskiego.jpg,,,822,2025.0,blok,,,,,,,,,52.184679,21.010466
Warszawa Ursynów,ul. Gawota,2.0,56.0,912000,16199.0,Bez pośredników,ponad tydzień temu,15.0,https://adresowo.pl/o/mieszkanie-warszawa-ursynow-ul-gawota-2-pokojowe-o0c8w3,https://s2.adresowa.pl/oi/21/33/3b2a30_2736_cover-2-pokojowe-mieszkanie-warszawa-ursynow-ul-gawota.jpg,,,912,2002.0,blok,,,,,,,,,52.137945,21.011946
Warszawa Wesoła,ul. Wspólna,2.0,36.0,615000,16980.0,Oferta biura nieruchomości,ponad tydzień temu,12.0,https://adresowo.pl/o/mieszkanie-warszawa-wesola-ul-wspolna-2-pokojowe-d4e4t5,https://s2.adresowa.pl/oi/4e/7b/3b237e_e9f9_cover-2-pokojowe-mieszkanie-warszawa-wesola-ul-wspolna.jpg,,,parter,2012.0,blok,,,,,,,,,52.245114,21.178756
Warszawa Białołęka,ul. Aleksandra Kamińskiego,2.0,42.0,665000,15721.0,Oferta biura nieruchomości,ponad tydzień temu,5.0,https://adresowo.pl/o/mieszkanie-warszawa-bialoleka-ul-aleksandra-kaminskiego-2-pokojowe-f8u9f8,https://s2.adresowa.pl/oi/37/4d/3b209e_6310_cover-2-pokojowe-mieszkanie-warszawa-bialoleka-ul-aleksandra-kaminskiego.jpg,,,parter,1998.0,blok,,,,,,,,,,
Warszawa Saska Kępa,ul. Międzynarodowa,3.0,54.0,783000,14500.0,Bez pośredników,ponad tydzień temu,19.0,https://adresowo.pl/o/mieszkanie-warszawa-saska-kepa-ul-miedzynarodowa-3-pokojowe-e3n6o2,https://s2.adresowa.pl/oi/6f/6a/3b146c_fff1_cover-3-pokojowe-mieszkanie-warszawa-saska-kepa-ul-miedzynarodowa.jpg,,,1,1971.0,blok,,,,,,,,,52.231309,21.068294
Warszawa Grochów,ul. Garwolińska,2.0,45.0,720000,16180.0,Bez pośredników,ponad tydzień temu,12.0,https://adresowo.pl/o/mieszkanie-warszawa-grochow-ul-garwolinska-2-pokojowe-l2n8j1,https://s2.adresowa.pl/oi/55/26/3b2a14_4478_cover-2-pokojowe-mieszkanie-warszawa-grochow-ul-garwolinska.jpg,,,parter,1959.0,blok,,,,,,,,,,
Warszawa Gocław,ul. Optyków,2.0,48.0,1300000,26982.0,Bez pośredników,ponad tydzień temu,3.0,https://adresowo.pl/o/mieszkanie-warszawa-goclaw-ul-optykow-2-pokojowe-v0u4c4,https://s2.adresowa.pl/oi/58/7d/3b299a_d88a_cover-2-pokojowe-mieszkanie-warszawa-goclaw-ul-optykow.jpg,,,6,2021.0,blok,,,,,,,,,52.2313,21.109766
Warszawa Wola,ul. Juliana Konstantego Ordona,3.0,64.0,903750,14016.0,Bez pośredników,ponad tydzień temu,1.0,https://adresowo.pl/o/mieszkanie-warszawa-wola-ul-juliana-konstantego-ordona-3-pokojowe-e9d7e1,https://s2.adresowa.pl/oi/5d/3b/3b2996_a10c_cover-3-pokojowe-mieszkanie-warszawa-wola-ul-juliana-konstantego-ordona.jpg,,,parter,1953.0,,,,,,,,,,,
Warszawa Żoliborz,ul. ks. Teofila Boguckiego,3.0,51.0,949000,18608.0,Oferta biura nieruchomości,ponad tydzień temu,6.0,https://adresowo.pl/o/mieszkanie-warszawa-zoliborz-ul-ks-teofila-boguckiego-3-pokojowe-o2c6p4,https://s2.adresowa.pl/oi/2f/55/3b1f98_53ee_cover-3-pokojowe-mieszkanie-warszawa-zoliborz-ul-ks-teofila-boguckiego.jpg,,,parter,2016.0,blok,,,,,,,,,,
Warszawa Targówek,ul. Poborzańska,4.0,101.0,1950000,19307.0,Oferta biura nieruchomości,ponad tydzień temu,9.0,https://adresowo.pl/o/mieszkanie-warszawa-targowek-ul-poborzanska-4-pokojowe-p7g0g8,https://s2.adresowa.pl/oi/5b/52/3b1f94_7d58_cover-4-pokojowe-mieszkanie-warszawa-targowek-ul-poborzanska.jpg,,,parter,2017.0,blok,,,,,,,,,52.290664,21.030978
Warszawa Włochy,ul. Aleje Jerozolimskie,2.0,37.0,656800,17799.0,Bez pośredników,ponad tydzień temu,11.0,https://adresowo.pl/o/mieszkanie-warszawa-wlochy-ul-aleje-jerozolimskie-2-pokojowe-u3v5b0,https://s2.adresowa.pl/oi/34/12/3b2970_2f9c_cover-2-pokojowe-mieszkanie-warszawa-wlochy-ul-aleje-jerozolimskie.jpg,,,4,2025.0,blok,,,,,,,,,52.19948,20.930572
Warszawa Praga-Południe,ul. Libijska,4.0,87.0,1880000,21609.0,Bez pośredników,ponad tydzień temu,14.0,https://adresowo.pl/o/mieszkanie-warszawa-praga-poludnie-ul-libijska-4-pokojowe-k0s1h4,https://s2.adresowa.pl/oi/59/7f/3b296e_8929_cover-4-pokojowe-mieszkanie-warszawa-praga-poludnie-ul-libijska.jpg,,,2,2001.0,blok,,,,,,,,,,
Warszawa Praga-Południe,ul. Józefa Dwernickiego,2.0,51.0,725000,14146.0,Bez pośredników,ponad tydzień temu,4.0,https://adresowo.pl/o/mieszkanie-warszawa-praga-poludnie-ul-jozefa-dwernickiego-2-pokojowe-l2w4f6,https://s2.adresowa.pl/oi/7d/69/3b294a_55cc_cover-2-pokojowe-mieszkanie-warszawa-praga-poludnie-ul-jozefa-dwernickiego.jpg,,,2,1955.0,blok,,,,,,,,,52.250201,21.082254
Warszawa Ochota,ul. Włodarzewska,4.0,91.0,2400000,26290.0,Oferta biura nieruchomości,ponad tydzień temu,5.0,https://adresowo.pl/o/mieszkanie-warszawa-ochota-ul-wlodarzewska-4-pokojowe-n0j0r4,https://s2.adresowa.pl/oi/39/1c/3b1ef4_5daf_cover-4-pokojowe-mieszkanie-warszawa-ochota-ul-wlodarzewska.jpg,,,parter,2005.0,blok,,,,,,,,,52.201692,20.957868
Warszawa Wola,ul. Sokołowska,3.0,67.0,1800000,26866.0,Oferta biura nieruchomości,ponad tydzień temu,12.0,https://adresowo.pl/o/mieszkanie-warszawa-wola-ul-sokolowska-3-pokojowe-w5t5y2,https://s2.adresowa.pl/oi/2f/56/3b1ef2_8a6b_cover-3-pokojowe-mieszkanie-warszawa-wola-ul-sokolowska.jpg,,,20,2009.0,blok,,,,,,,,,52.233909,20.958603
Warszawa Bemowo,ul. Pirenejska,2.0,50.0,620000,12400.0,Bez pośredników,ponad tydzień temu,12.0,https://adresowo.pl/o/mieszkanie-warszawa-bemowo-ul-pirenejska-2-pokojowe-c4l8c3,https://s2.adresowa.pl/oi/2a/3b/3b28f0_9878_cover-2-pokojowe-mieszkanie-warszawa-bemowo-ul-pirenejska.jpg,,,parter,1975.0,blok,,,,,,,,,,
Warszawa Włochy,ul. Marcina Flisa,2.0,59.0,710000,12102.0,Bez pośredników,ponad tydzień temu,34.0,https://adresowo.pl/o/mieszkanie-warszawa-wlochy-ul-marcina-flisa-2-pokojowe-e5i7u2,https://s2.adresowa.pl/oi/50/20/3b288c_5cea_cover-2-pokojowe-mieszkanie-warszawa-wlochy-ul-marcina-flisa.jpg,,,parter,1950.0,blok,,,,,,,,,52.189488,20.95223
Warszawa Białołęka,ul. Przaśna,3.0,44.0,675000,15175.0,Bez pośredników,ponad tydzień temu,9.0,https://adresowo.pl/o/mieszkanie-warszawa-bialoleka-ul-przasna-3-pokojowe-i9v3y5,https://s2.adresowa.pl/oi/68/46/3b283e_9dc5_cover-3-pokojowe-mieszkanie-warszawa-bialoleka-ul-przasna.jpg,,,parter,2016.0,blok,,,,,,,,,,
Warszawa Śródmieście,ul. Fabryczna,3.0,49.0,715000,14709.0,Oferta biura nieruchomości,ponad tydzień temu,9.0,https://adresowo.pl/o/mieszkanie-warszawa-srodmiescie-ul-fabryczna-3-pokojowe-l9n3r3,https://s2.adresowa.pl/oi/79/68/3b1ee8_748d_cover-3-pokojowe-mieszkanie-warszawa-srodmiescie-ul-fabryczna.jpg,,,2,1968.0,blok,,,,,,,,,,
Warszawa Ursynów,ul. Rybitwy,2.0,50.0,940000,18800.0,Bez pośredników,ponad tydzień temu,9.0,https://adresowo.pl/o/mieszkanie-warszawa-ursynow-ul-rybitwy-2-pokojowe-o8u7l1,https://s2.adresowa.pl/oi/12/1a/3b274a_9a90_cover-2-pokojowe-mieszkanie-warszawa-ursynow-ul-rybitwy.jpg,,,5,2008.0,blok,,,,,,,,,52.150295,21.019438
Warszawa Górny Mokotów,ul. Puławska,2.0,82.0,1795000,21917.0,Bez pośredników,ponad tydzień temu,18.0,https://adresowo.pl/o/mieszkanie-warszawa-gorny-mokotow-ul-pulawska-2-pokojowe-h7m4a3,https://s2.adresowa.pl/oi/74/4d/3b2666_ff13_cover-2-pokojowe-mieszkanie-warszawa-gorny-mokotow-ul-pulawska.jpg,,,1,1938.0,kamienica,,,,,,,,,52.19374,21.025082
Warszawa Praga-Północ,ul. ks. Piotra Skargi,2.0,45.0,675000,14920.0,Bez pośredników,ponad tydzień temu,7.0,https://adresowo.pl/o/mieszkanie-warszawa-praga-polnoc-ul-ks-piotra-skargi-2-pokojowe-a6i1h8,https://s2.adresowa.pl/oi/64/68/3b25f8_5e80_cover-2-pokojowe-mieszkanie-warszawa-praga-polnoc-ul-ks-piotra-skargi.jpg,,,1,1935.0,kamienica,,,,,,,,,52.270902,21.043681
Warszawa Ochota,ul. Sanocka,1.0,20.0,389000,19646.0,Oferta biura nieruchomości,ponad tydzień temu,7.0,https://adresowo.pl/o/mieszkanie-warszawa-ochota-ul-sanocka-1-pokoj-t2x9m2,https://s2.adresowa.pl/oi/36/1b/3b1eb6_6363_cover-1-pokojowe-mieszkanie-warszawa-ochota-ul-sanocka.jpg,,,2,1967.0,blok,,,,,,,,,,
Warszawa Bemowo,ul. gen. Meriana C. Coopera,2.0,51.0,877000,17366.0,Oferta biura nieruchomości,ponad tydzień temu,11.0,https://adresowo.pl/o/mieszkanie-warszawa-bemowo-ul-gen-meriana-c-coopera-2-pokojowe-u9g2a4,https://s2.adresowa.pl/oi/17/6c/3b1eb0_c24d_cover-2-pokojowe-mieszkanie-warszawa-bemowo-ul-gen-meriana-c-coopera.jpg,,,parter,2009.0,blok,,,,,,,,,52.24635,20.90441
Warszawa Żoliborz,ul. Władysława Broniewskiego,3.0,57.0,860000,15088.0,Bez pośredników,ponad tydzień temu,9.0,https://adresowo.pl/o/mieszkanie-warszawa-zoliborz-ul-wladyslawa-broniewskiego-3-pokojowe-l1a2u2,https://s2.adresowa.pl/oi/14/55/3b25b8_9885_cover-3-pokojowe-mieszkanie-warszawa-zoliborz-ul-wladyslawa-broniewskiego.jpg,,,2,1970.0,blok,,,,,,,,,52.266809,20.965434
Warszawa Praga-Północ,ul. Wołomińska,1.0,31.0,469000,15129.0,Bez pośredników,ponad tydzień temu,8.0,https://adresowo.pl/o/mieszkanie-warszawa-praga-polnoc-ul-wolominska-1-pokoj-w7b9h4,https://s2.adresowa.pl/oi/20/57/3b2562_c5b5_cover-1-pokojowe-mieszkanie-warszawa-praga-polnoc-ul-wolominska.jpg,,,469,1937.0,blok,,,,,,,,,52.258787,21.053339
Warszawa Ursynów,ul. Kłobucka,3.0,77.0,1430000,18555.0,Oferta biura nieruchomości,ponad tydzień temu,10.0,https://adresowo.pl/o/mieszkanie-warszawa-ursynow-ul-klobucka-3-pokojowe-y6o7j5,https://s2.adresowa.pl/oi/3c/55/3b1ea8_e61d_cover-3-pokojowe-mieszkanie-warszawa-ursynow-ul-klobucka.jpg,,,parter,2013.0,blok,,,,,,,,,,
Warszawa Białołęka,ul. Konik Polny,3.0,44.0,515000,11657.0,Oferta biura nieruchomości,ponad tydzień temu,9.0,https://adresowo.pl/o/mieszkanie-warszawa-bialoleka-ul-konik-polny-3-pokojowe-r4v0r6,https://s2.adresowa.pl/oi/14/45/3b1ea6_e643_cover-3-pokojowe-mieszkanie-warszawa-bialoleka-ul-konik-polny.jpg,,,2,2025.0,blok,,,,,,,,,52.315422,21.080159
Warszawa Białołęka,ul. Sieczna,3.0,57.0,759900,13332.0,Bez pośredników,ponad tydzień temu,11.0,https://adresowo.pl/o/mieszkanie-warszawa-bialoleka-ul-sieczna-3-pokojowe-u3e4e7,https://s2.adresowa.pl/oi/6e/56/3b24e6_c598_cover-3-pokojowe-mieszkanie-warszawa-bialoleka-ul-sieczna.jpg,,,parter,2013.0,blok,,,,,,,,,,
Warszawa Ursynów,ul. Kłobucka,3.0,74.0,1350000,18330.0,Bez pośredników,ponad tydzień temu,12.0,https://adresowo.pl/o/mieszkanie-warszawa-ursynow-ul-klobucka-3-pokojowe-a8x7j0,https://s2.adresowa.pl/oi/63/79/3b24c2_34c6_cover-3-pokojowe-mieszkanie-warszawa-ursynow-ul-klobucka.jpg,,,parter,2016.0,blok,,,,,,,,,,
Warszawa Ochota,ul. Karola Bohdanowicza,3.0,57.0,1299000,22789.0,Oferta biura nieruchomości,ponad tydzień temu,13.0,https://adresowo.pl/o/mieszkanie-warszawa-ochota-ul-karola-bohdanowicza-3-pokojowe-v7i8p1,https://s2.adresowa.pl/oi/6c/13/3b1e9a_3a25_cover-3-pokojowe-mieszkanie-warszawa-ochota-ul-karola-bohdanowicza.jpg,,,10,2012.0,blok,,,,,,,,,,
Warszawa Bielany,ul. Gwiaździsta,4.0,88.0,1320000,15000.0,Oferta biura nieruchomości,ponad tydzień temu,12.0,https://adresowo.pl/o/mieszkanie-warszawa-bielany-ul-gwiazdzista-4-pokojowe-e3p3l8,https://s2.adresowa.pl/oi/51/2e/3b1e9c_b779_cover-4-pokojowe-mieszkanie-warszawa-bielany-ul-gwiazdzista.jpg,,,parter,1981.0,blok,,,,,,,,,52.283479,20.978232
Warszawa Wawer,ul. Króla Maciusia,2.0,36.0,555000,15417.0,Bez pośredników,ponad tydzień temu,8.0,https://adresowo.pl/o/mieszkanie-warszawa-wawer-ul-krola-maciusia-2-pokojowe-b5w6c1,https://s2.adresowa.pl/oi/4e/48/3b24a4_e986_cover-2-pokojowe-mieszkanie-warszawa-wawer-ul-krola-maciusia.jpg,,,parter,1970.0,blok,,,,,,,,,52.239258,21.144458
Warszawa Praga-Północ,ul. Szwedzka,3.0,47.0,1190000,25191.0,Bez pośredników,ponad tydzień temu,9.0,https://adresowo.pl/o/mieszkanie-warszawa-praga-polnoc-ul-szwedzka-3-pokojowe-l4b0k4,https://s2.adresowa.pl/oi/6f/3b/3b2498_e352_cover-3-pokojowe-mieszkanie-warszawa-praga-polnoc-ul-szwedzka.jpg,,,1,2023.0,blok,,,,,,,,,52.264097,21.042762
Warszawa Ochota,ul. Nowowiejska,3.0,66.0,1199000,18090.0,Bez pośredników,ponad tydzień temu,3.0,https://adresowo.pl/o/mieszkanie-warszawa-ochota-ul-nowowiejska-3-pokojowe-w9e1f3,https://s2.adresowa.pl/oi/4b/25/3b241e_7107_cover-3-pokojowe-mieszkanie-warszawa-ochota-ul-nowowiejska.jpg,,,parter,1936.0,blok,,,,,,,,,,
Warszawa Wola,ul. Mordechaja Anielewicza,3.0,46.0,920000,20105.0,Oferta biura nieruchomości,ponad tydzień temu,12.0,https://adresowo.pl/o/mieszkanie-warszawa-wola-ul-mordechaja-anielewicza-3-pokojowe-d9x3h7,https://s2.adresowa.pl/oi/36/1f/3b1e98_d011_cover-3-pokojowe-mieszkanie-warszawa-wola-ul-mordechaja-anielewicza.jpg,,,1,1968.0,blok,,,,,,,,,,
Warszawa Targówek,ul. św. Wincentego,3.0,82.0,1435000,17500.0,Bez pośredników,ponad tydzień temu,20.0,https://adresowo.pl/o/mieszkanie-warszawa-targowek-ul-sw-wincentego-3-pokojowe-w9o8a6,https://s2.adresowa.pl/oi/7a/55/3b2420_5cb9_cover-3-pokojowe-mieszkanie-warszawa-targowek-ul-sw-wincentego.jpg,,,5,2002.0,blok,,,,,,,,,52.290223,21.05058
Warszawa Ochota,ul. Walentego Skorochód-Majewskiego,3.0,44.0,785000,17720.0,Bez pośredników,ponad tydzień temu,9.0,https://adresowo.pl/o/mieszkanie-warszawa-ochota-ul-walentego-skorochod-majewskiego-3-pokojowe-w4l6o0,https://s2.adresowa.pl/oi/64/32/3b23e6_fa3a_cover-3-pokojowe-mieszkanie-warszawa-ochota-ul-walentego-skorochod-majewskiego.jpg,,,2,1960.0,blok,,,,,,,,,,
Warszawa Pelcowizna,ul. Aleksandra Kotsisa,2.0,40.0,739000,18379.0,Bez pośredników,ponad tydzień temu,4.0,https://adresowo.pl/o/mieszkanie-warszawa-pelcowizna-ul-aleksandra-kotsisa-2-pokojowe-k0g1j6,https://s2.adresowa.pl/oi/2e/37/3b2308_8aae_cover-2-pokojowe-mieszkanie-warszawa-pelcowizna-ul-aleksandra-kotsisa.jpg,,,739,2022.0,blok,,,,,,,,,52.277221,21.014176
Warszawa Bielany,ul. Honoriusza Balzaka,2.0,51.0,650000,12745.0,Oferta biura nieruchomości,ponad tydzień temu,15.0,https://adresowo.pl/o/mieszkanie-warszawa-bielany-ul-honoriusza-balzaka-2-pokojowe-l1w1e7,https://s2.adresowa.pl/oi/3d/59/3b1b0c_e4a6_cover-2-pokojowe-mieszkanie-warszawa-bielany-ul-honoriusza-balzaka.jpg,,,2,1975.0,blok,,,,,,,,,52.283666,20.929889
Warszawa Targówek,ul. Teofila Piecyka,3.0,57.0,908844,15900.0,Oferta biura nieruchomości,ponad tydzień temu,14.0,https://adresowo.pl/o/mieszkanie-warszawa-targowek-ul-teofila-piecyka-3-pokojowe-p3s1s1,https://s2.adresowa.pl/oi/7c/4a/3b1ae2_d070_cover-3-pokojowe-mieszkanie-warszawa-targowek-ul-teofila-piecyka.jpg,,,parter,2019.0,blok,,,,,,,,,52.277375,21.070145
Warszawa Brzeziny,ul. Mariana Hemara,4.0,83.0,1230000,14891.0,Bez pośredników,ponad tydzień temu,20.0,https://adresowo.pl/o/mieszkanie-warszawa-brzeziny-ul-mariana-hemara-4-pokojowe-s7i9c0,https://s2.adresowa.pl/oi/6e/21/3b226e_f396_cover-4-pokojowe-mieszkanie-warszawa-brzeziny-ul-mariana-hemara.jpg,,,parter,2021.0,blok,,,,,,,,,,
Warszawa Targówek,ul. Pszczyńska,6.0,152.0,2399000,15783.0,Bez pośredników,ponad tydzień temu,16.0,https://adresowo.pl/o/mieszkanie-warszawa-targowek-ul-pszczynska-6-pokojowe-f4y8a9,https://s2.adresowa.pl/oi/21/40/3b2266_a2ad_cover-6-pokojowe-mieszkanie-warszawa-targowek-ul-pszczynska.jpg,,,parter,1999.0,,,,,,,,,,,
Warszawa Bielany,ul. Wojciecha Bogusławskiego,2.0,52.0,599000,11412.0,Bez pośredników,ponad tydzień temu,8.0,https://adresowo.pl/o/mieszkanie-warszawa-bielany-ul-wojciecha-boguslawskiego-2-pokojowe-p6w1j6,https://s2.adresowa.pl/oi/6f/69/3b21b4_b3ac_cover-2-pokojowe-mieszkanie-warszawa-bielany-ul-wojciecha-boguslawskiego.jpg,,,579,1977.0,blok,,,,,,,,,52.275517,20.916681
Warszawa Mokotów,ul. Wynalazek,2.0,29.0,830000,28279.0,Oferta biura nieruchomości,ponad tydzień temu,8.0,https://adresowo.pl/o/mieszkanie-warszawa-mokotow-ul-wynalazek-2-pokojowe-t1m2b3,https://s2.adresowa.pl/oi/49/47/3b198e_9014_cover-2-pokojowe-mieszkanie-warszawa-mokotow-ul-wynalazek.jpg,,,5,2023.0,blok,,,,,,,,,,
Warszawa Bielany,ul. Dantego Alighieri,4.0,64.0,810000,12756.0,Oferta biura nieruchomości,ponad tydzień temu,13.0,https://adresowo.pl/o/mieszkanie-warszawa-bielany-ul-dantego-alighieri-4-pokojowe-m4k7o7,https://s2.adresowa.pl/oi/4f/69/3b198c_3440_cover-4-pokojowe-mieszkanie-warszawa-bielany-ul-dantego-alighieri.jpg,,,parter,1975.0,blok,,,,,,,,,,
Warszawa Bródno,ul. Rembielińska,2.0,38.0,525000,13816.0,Bez pośredników,ponad tydzień temu,10.0,https://adresowo.pl/o/mieszkanie-warszawa-brodno-ul-rembielinska-2-pokojowe-q1k5n0,https://s2.adresowa.pl/oi/72/69/3b2116_9c6b_cover-2-pokojowe-mieszkanie-warszawa-brodno-ul-rembielinska.jpg,,,parter,1974.0,blok,,,,,,,,,52.285139,21.033942
Warszawa Rembertów,ul. Admiralska,3.0,69.0,750000,10949.0,Bez pośredników,ponad tydzień temu,12.0,https://adresowo.pl/o/mieszkanie-warszawa-rembertow-ul-admiralska-3-pokojowe-y3y1c6,https://s2.adresowa.pl/oi/45/43/3b20fa_89ac_cover-3-pokojowe-mieszkanie-warszawa-rembertow-ul-admiralska.jpg,,,parter,1926.0,blok,,,,,,,,,52.261817,21.181514
Warszawa Targówek,ul. Obwodowa,1.0,19.0,420000,21886.0,Bez pośredników,ponad tydzień temu,14.0,https://adresowo.pl/o/mieszkanie-warszawa-targowek-ul-obwodowa-1-pokoj-j3p6y1,https://s2.adresowa.pl/oi/43/30/3b20e2_b5bc_cover-1-pokojowe-mieszkanie-warszawa-targowek-ul-obwodowa.jpg,,,1,2019.0,blok,,,,,,,,,52.274136,21.042338
Warszawa Żoliborz,ul. Stanisława Wyspiańskiego,2.0,41.0,889000,21448.0,Oferta biura nieruchomości,ponad tydzień temu,17.0,https://adresowo.pl/o/mieszkanie-warszawa-zoliborz-ul-stanislawa-wyspianskiego-2-pokojowe-x3g5f5,https://s2.adresowa.pl/oi/4e/29/3b1986_8297_cover-2-pokojowe-mieszkanie-warszawa-zoliborz-ul-stanislawa-wyspianskiego.jpg,,,2,1949.0,kamienica,,,,,,,,,,
Warszawa Włochy,ul. Wschodu Słońca,3.0,55.0,1049000,19073.0,Oferta biura nieruchomości,ponad tydzień temu,5.0,https://adresowo.pl/o/mieszkanie-warszawa-wlochy-ul-wschodu-slonca-3-pokojowe-l8c8a2,https://s2.adresowa.pl/oi/6a/71/3b197e_7eb6_cover-3-pokojowe-mieszkanie-warszawa-wlochy-ul-wschodu-slonca.jpg,,,1,2023.0,blok,,,,,,,,,52.200384,20.940948
Warszawa Mokotów,ul. Korsykańska,2.0,31.0,509000,16472.0,Bez pośredników,ponad tydzień temu,12.0,https://adresowo.pl/o/mieszkanie-warszawa-mokotow-ul-korsykanska-2-pokojowe-f4e5v0,https://s2.adresowa.pl/oi/5b/59/3b1fcc_6b3c_cover-2-pokojowe-mieszkanie-warszawa-mokotow-ul-korsykanska.jpg,,,parter,1975.0,blok,,,,,,,,,,
Warszawa Białołęka,ul. Leona Berensona,2.0,45.0,649000,14387.0,Bez pośredników,ponad tydzień temu,20.0,https://adresowo.pl/o/mieszkanie-warszawa-bialoleka-ul-leona-berensona-2-pokojowe-k9t2n1,https://s2.adresowa.pl/oi/6e/47/3b1f82_2d71_cover-2-pokojowe-mieszkanie-warszawa-bialoleka-ul-leona-berensona.jpg,,,parter,2014.0,blok,,,,,,,,,52.32442,21.053925
Warszawa Bielany,ul. Kluczowa,2.0,37.0,590000,15946.0,Bez pośredników,ponad tydzień temu,8.0,https://adresowo.pl/o/mieszkanie-warszawa-bielany-ul-kluczowa-2-pokojowe-g4m7e5,https://s2.adresowa.pl/oi/7f/41/3b1f5c_2852_cover-2-pokojowe-mieszkanie-warszawa-bielany-ul-kluczowa.jpg,,,parter,1978.0,blok,,,,,,,,,52.272632,20.922163
Warszawa Bielany,ul. Słodowiec,2.0,37.0,560000,15342.0,Oferta biura nieruchomości,ponad tydzień temu,7.0,https://adresowo.pl/o/mieszkanie-warszawa-bielany-ul-slodowiec-2-pokojowe-i9z7n7,https://s2.adresowa.pl/oi/27/1d/3b1970_a63d_cover-2-pokojowe-mieszkanie-warszawa-bielany-ul-slodowiec.jpg,,,2,1969.0,blok,,,,,,,,,,
Warszawa Ursus,ul. Królów Polskich,4.0,134.0,1749000,13101.0,Oferta biura nieruchomości,ponad tydzień temu,20.0,https://adresowo.pl/o/mieszkanie-warszawa-ursus-ul-krolow-polskich-4-pokojowe-s0j9y2,https://s2.adresowa.pl/oi/65/1e/3b1944_d064_cover-4-pokojowe-mieszkanie-warszawa-ursus-ul-krolow-polskich.jpg,,,parter,2006.0,kamienica,,,,,,,,,52.196382,20.860334
Warszawa Bielany,ul. Jana Kasprowicza,2.0,33.0,655000,19848.0,Bez pośredników,ponad tydzień temu,17.0,https://adresowo.pl/o/mieszkanie-warszawa-bielany-ul-jana-kasprowicza-2-pokojowe-l7x7l3,https://s2.adresowa.pl/oi/36/2b/3b1dba_73f1_cover-2-pokojowe-mieszkanie-warszawa-bielany-ul-jana-kasprowicza.jpg,,,10,1950.0,kamienica,,,,,,,,,,
Warszawa Wola,ul. Nowolipki,2.0,36.0,830000,22834.0,Bez pośredników,ponad tydzień temu,9.0,https://adresowo.pl/o/mieszkanie-warszawa-wola-ul-nowolipki-2-pokojowe-z4g7v8,https://s2.adresowa.pl/oi/40/1c/3b1da4_8428_cover-2-pokojowe-mieszkanie-warszawa-wola-ul-nowolipki.jpg,,,parter,1950.0,blok,,,,,,,,,,
Warszawa Ursus,ul. Skoroszewska,4.0,80.0,1199000,14920.0,Oferta biura nieruchomości,ponad tydzień temu,26.0,https://adresowo.pl/o/mieszkanie-warszawa-ursus-ul-skoroszewska-4-pokojowe-d1p8z3,https://s2.adresowa.pl/oi/1c/71/3b1934_a93f_cover-4-pokojowe-mieszkanie-warszawa-ursus-ul-skoroszewska.jpg,,,3,2003.0,blok,,,,,,,,,52.192429,20.902617
Warszawa Mokotów,ul. Komputerowa,2.0,33.0,830000,25382.0,Oferta biura nieruchomości,ponad tydzień temu,8.0,https://adresowo.pl/o/mieszkanie-warszawa-mokotow-ul-komputerowa-2-pokojowe-h3o6z9,https://s2.adresowa.pl/oi/7a/1b/3b1930_f2d7_cover-2-pokojowe-mieszkanie-warszawa-mokotow-ul-komputerowa.jpg,,,4,2021.0,blok,,,,,,,,,,
Warszawa Targówek,ul. Witebska,3.0,51.0,1070000,20980.0,Bez pośredników,ponad tydzień temu,20.0,https://adresowo.pl/o/mieszkanie-warszawa-targowek-ul-witebska-3-pokojowe-l6x1o6,https://s2.adresowa.pl/oi/38/7d/3b1d96_326c_cover-3-pokojowe-mieszkanie-warszawa-targowek-ul-witebska.jpg,,,parter,2021.0,blok,,,,,,,,,,
Warszawa Ochota,ul. Stefana Baleya,2.0,39.0,579000,15039.0,Bez pośredników,ponad tydzień temu,8.0,https://adresowo.pl/o/mieszkanie-warszawa-ochota-ul-stefana-baleya-2-pokojowe-b9j9f8,https://s2.adresowa.pl/oi/18/4c/3b1d18_345e_cover-2-pokojowe-mieszkanie-warszawa-ochota-ul-stefana-baleya.jpg,,,parter,1968.0,blok,,,,,,,,,52.197614,20.978427
Warszawa Ursus,ul. Herbu Oksza,4.0,82.0,1099000,13331.0,Oferta biura nieruchomości,ponad tydzień temu,8.0,https://adresowo.pl/o/mieszkanie-warszawa-ursus-ul-herbu-oksza-4-pokojowe-a8n3z8,https://s2.adresowa.pl/oi/53/3e/3b1928_3236_cover-4-pokojowe-mieszkanie-warszawa-ursus-ul-herbu-oksza.jpg,,,parter,2025.0,blok,,,,,,,,,52.199206,20.888245
Warszawa Śródmieście,ul. Wiejska,4.0,82.0,3000000,36585.0,Oferta biura nieruchomości,ponad tydzień temu,6.0,https://adresowo.pl/o/mieszkanie-warszawa-srodmiescie-ul-wiejska-4-pokojowe-j9w5g0,https://s2.adresowa.pl/oi/5d/5a/3b18d8_b187_cover-4-pokojowe-mieszkanie-warszawa-srodmiescie-ul-wiejska.jpg,,,parter,1912.0,apartamentowiec,,,,,,,,,52.226658,21.02474
Warszawa Wola,ul. Jana Kazimierza,2.0,43.0,1099000,25558.0,Bez pośredników,ponad tydzień temu,31.0,https://adresowo.pl/o/mieszkanie-warszawa-wola-ul-jana-kazimierza-2-pokojowe-k9s5h0,https://s2.adresowa.pl/oi/35/33/3b1cc4_c183_cover-2-pokojowe-mieszkanie-warszawa-wola-ul-jana-kazimierza.jpg,,,11,2018.0,blok,,,,,,,,,52.222921,20.939317
Warszawa Praga-Południe,ul. gen. Tadeusza Bora-Komorowskiego,3.0,76.0,1480000,19474.0,Bez pośredników,ponad tydzień temu,5.0,https://adresowo.pl/o/mieszkanie-warszawa-praga-poludnie-ul-gen-tadeusza-bora-komorowskiego-3-pokojowe-s7v3r1,https://s2.adresowa.pl/oi/6e/4e/3b1cb8_d2e8_cover-3-pokojowe-mieszkanie-warszawa-praga-poludnie-ul-gen-tadeusza-bora-komorowskiego.jpg,,,parter,2010.0,blok,,,,,,,,,52.225557,21.089016
Warszawa Mokotów,ul. Wojciecha Żywnego,2.0,36.0,679000,18861.0,Bez pośredników,ponad tydzień temu,10.0,https://adresowo.pl/o/mieszkanie-warszawa-mokotow-ul-wojciecha-zywnego-2-pokojowe-e6r4g2,https://s2.adresowa.pl/oi/7e/26/3b1c6e_cc4d_cover-2-pokojowe-mieszkanie-warszawa-mokotow-ul-wojciecha-zywnego.jpg,,,parter,1960.0,blok,,,,,,,,,,
Warszawa Wola,ul. Ludwiki,2.0,42.0,1200000,28874.0,Oferta biura nieruchomości,ponad tydzień temu,16.0,https://adresowo.pl/o/mieszkanie-warszawa-wola-ul-ludwiki-2-pokojowe-b4b6x0,https://s2.adresowa.pl/oi/6c/25/3b18ca_ca44_cover-2-pokojowe-mieszkanie-warszawa-wola-ul-ludwiki.jpg,,,parter,2023.0,blok,,,,,,,,,,
Warszawa Włochy,ul. Hejnałowa,2.0,49.0,762900,15500.0,Oferta biura nieruchomości,ponad tydzień temu,12.0,https://adresowo.pl/o/mieszkanie-warszawa-wlochy-ul-hejnalowa-2-pokojowe-k0k3m0,https://s2.adresowa.pl/oi/6b/4c/3b18aa_ce1b_cover-2-pokojowe-mieszkanie-warszawa-wlochy-ul-hejnalowa.jpg,,,parter,2025.0,blok,,,,,,,,,,
Warszawa Włochy,ul. Równoległa,3.0,48.0,1000000,20833.0,Bez pośredników,ponad tydzień temu,8.0,https://adresowo.pl/o/mieszkanie-warszawa-wlochy-ul-rownolegla-3-pokojowe-x7d2k9,https://s2.adresowa.pl/oi/2e/2c/3b1c4a_6a1a_cover-3-pokojowe-mieszkanie-warszawa-wlochy-ul-rownolegla.jpg,,,3,2023.0,blok,,,,,,,,,52.199863,20.944383
Warszawa Żoliborz,ul. Władysława Broniewskiego,3.0,57.0,849000,15027.0,Bez pośredników,ponad tydzień temu,34.0,https://adresowo.pl/o/mieszkanie-warszawa-zoliborz-ul-wladyslawa-broniewskiego-3-pokojowe-d2c8j7,https://s2.adresowa.pl/oi/1f/5b/3b1c3e_67e1_cover-3-pokojowe-mieszkanie-warszawa-zoliborz-ul-wladyslawa-broniewskiego.jpg,,,parter,1967.0,blok,,,,,,,,,,
Warszawa Ursus,ul. Piastowska,3.0,60.0,999000,16650.0,Bez pośredników,ponad tydzień temu,10.0,https://adresowo.pl/o/mieszkanie-warszawa-ursus-ul-piastowska-3-pokojowe-k6i6m9,https://s2.adresowa.pl/oi/56/46/3b1c32_c6da_cover-3-pokojowe-mieszkanie-warszawa-ursus-ul-piastowska.jpg,,,parter,2021.0,blok,,,,,,,,,,
Warszawa Śródmieście,ul. Wilcza,3.0,72.0,1990000,27639.0,Oferta biura nieruchomości,ponad tydzień temu,13.0,https://adresowo.pl/o/mieszkanie-warszawa-srodmiescie-ul-wilcza-3-pokojowe-c3a8o2,https://s2.adresowa.pl/oi/58/53/3b168a_4c1c_cover-3-pokojowe-mieszkanie-warszawa-srodmiescie-ul-wilcza.jpg,,,1,1957.0,kamienica,,,,,,,,,52.22556,21.018984
Warszawa Targówek,ul. Malborska,3.0,69.0,1178000,16989.0,Oferta biura nieruchomości,ponad tydzień temu,27.0,https://adresowo.pl/o/mieszkanie-warszawa-targowek-ul-malborska-3-pokojowe-p2i2z6,https://s2.adresowa.pl/oi/46/60/3b15ea_a71d_cover-3-pokojowe-mieszkanie-warszawa-targowek-ul-malborska.jpg,,,1,2008.0,blok,,,,,,,,,52.294739,21.052538
Warszawa Praga-Północ,ul. Wrzesińska,1.0,24.0,699999,28830.0,Bez pośredników,ponad tydzień temu,12.0,https://adresowo.pl/o/mieszkanie-warszawa-praga-polnoc-ul-wrzesinska-1-pokoj-d7o2y3,https://s2.adresowa.pl/oi/3b/2d/3b1a86_b14d_cover-1-pokojowe-mieszkanie-warszawa-praga-polnoc-ul-wrzesinska.jpg,,,parter,2019.0,apartamentowiec,,,,,,,,,52.249777,21.035613
Warszawa Śródmieście,ul. Ludwika Waryńskiego,1.0,88.0,1600000,18234.0,Bez pośredników,ponad tydzień temu,1.0,https://adresowo.pl/o/mieszkanie-warszawa-srodmiescie-ul-ludwika-warynskiego-1-pokoj-g1j6s6,https://s2.adresowa.pl/oi/4a/57/3b1a74_8397_cover-1-pokojowe-mieszkanie-warszawa-srodmiescie-ul-ludwika-warynskiego.jpg,,,10,1975.0,blok,,,,,,,,,52.220689,21.015156
Warszawa Wawer,ul. Chodzieska,4.0,78.0,1159000,14778.0,Oferta biura nieruchomości,ponad tydzień temu,14.0,https://adresowo.pl/o/mieszkanie-warszawa-wawer-ul-chodzieska-4-pokojowe-h2l0d7,https://s2.adresowa.pl/oi/2d/7b/3b13a0_c264_cover-4-pokojowe-mieszkanie-warszawa-wawer-ul-chodzieska.jpg,,,parter,2023.0,,,,,,,,,,,
Warszawa Bemowo,ul. Żołnierzy Wyklętych,2.0,57.0,986500,17368.0,Oferta biura nieruchomości,ponad tydzień temu,18.0,https://adresowo.pl/o/mieszkanie-warszawa-bemowo-ul-zolnierzy-wykletych-2-pokojowe-p8x2i5,https://s2.adresowa.pl/oi/70/52/3b1392_6e0d_cover-2-pokojowe-mieszkanie-warszawa-bemowo-ul-zolnierzy-wykletych.jpg,,,parter,2013.0,blok,,,,,,,,,,
Warszawa Praga-Południe,ul. Liwiecka,3.0,79.0,1295000,16392.0,Bez pośredników,ponad tydzień temu,20.0,https://adresowo.pl/o/mieszkanie-warszawa-praga-poludnie-ul-liwiecka-3-pokojowe-d0t2z8,https://s2.adresowa.pl/oi/58/6b/3b19f6_bb69_cover-3-pokojowe-mieszkanie-warszawa-praga-poludnie-ul-liwiecka.jpg,,,parter,2014.0,apartamentowiec,,,,,,,,,52.241147,21.117862
Warszawa Mokotów,ul. Jałtańska,2.0,42.0,630000,14929.0,Bez pośredników,ponad tydzień temu,18.0,https://adresowo.pl/o/mieszkanie-warszawa-mokotow-ul-jaltanska-2-pokojowe-f8l0d7,https://s2.adresowa.pl/oi/3b/79/3b19d0_81cc_cover-2-pokojowe-mieszkanie-warszawa-mokotow-ul-jaltanska.jpg,,,8,1976.0,blok,,,,,,,,,,
Warszawa Wola,ul. Okopowa,3.0,47.0,889000,19114.0,Oferta biura nieruchomości,ponad tydzień temu,15.0,https://adresowo.pl/o/mieszkanie-warszawa-wola-ul-okopowa-3-pokojowe-f3h9e8,https://s2.adresowa.pl/oi/42/43/3b1390_632c_cover-3-pokojowe-mieszkanie-warszawa-wola-ul-okopowa.jpg,,,2,1970.0,blok,,,,,,,,,52.23362,20.95361
Warszawa Białołęka,ul. Marywilska,1.0,27.0,529000,19470.0,Bez pośredników,ponad tydzień temu,7.0,https://adresowo.pl/o/mieszkanie-warszawa-bialoleka-ul-marywilska-1-pokoj-o5u8t5,https://s2.adresowa.pl/oi/27/33/3b199a_5947_cover-1-pokojowe-mieszkanie-warszawa-bialoleka-ul-marywilska.jpg,,,2,2024.0,blok,,,,,,,,,52.309138,21.005134
Warszawa Żoliborz,ul. Władysława Broniewskiego,2.0,38.0,675000,18000.0,Bez pośredników,ponad tydzień temu,12.0,https://adresowo.pl/o/mieszkanie-warszawa-zoliborz-ul-wladyslawa-broniewskiego-2-pokojowe-e5a5l0,https://s2.adresowa.pl/oi/69/54/3b1992_2faa_cover-2-pokojowe-mieszkanie-warszawa-zoliborz-ul-wladyslawa-broniewskiego.jpg,,,675,,blok,,,,,,,,,52.268247,20.958281
Warszawa Mokotów,ul. Wincentego Rzymowskiego,2.0,35.0,575000,16335.0,Bez pośredników,ponad tydzień temu,3.0,https://adresowo.pl/o/mieszkanie-warszawa-mokotow-ul-wincentego-rzymowskiego-2-pokojowe-z7m4q4,https://s2.adresowa.pl/oi/30/47/3b1982_aabf_cover-2-pokojowe-mieszkanie-warszawa-mokotow-ul-wincentego-rzymowskiego.jpg,,,2,,blok,,,,,,,,,,
Warszawa,ul. Namysłowska,2.0,49.0,720000,14845.0,Oferta biura nieruchomości,ponad miesiąc temu,16.0,https://adresowo.pl/o/mieszkanie-warszawa-ul-namyslowska-2-pokojowe-w9n6v3,https://s2.adresowa.pl/oi/6c/23/3b1168_6337_cover-2-pokojowe-mieszkanie-warszawa-ul-namyslowska.jpg,,,3,,blok,,,,,,,,,52.261962,21.034062
Warszawa Ochota,ul. Stefana Baleya,3.0,65.0,899000,13788.0,Oferta biura nieruchomości,ponad miesiąc temu,15.0,https://adresowo.pl/o/mieszkanie-warszawa-ochota-ul-stefana-baleya-3-pokojowe-g2i9j2,https://s2.adresowa.pl/oi/46/69/3b10f2_892e_cover-3-pokojowe-mieszkanie-warszawa-ochota-ul-stefana-baleya.jpg,,,4,1970.0,blok,,,,,,,,,52.195969,20.981775
Warszawa Bródno,ul. Wyszogrodzka,2.0,38.0,580000,15263.0,Bez pośredników,ponad tydzień temu,10.0,https://adresowo.pl/o/mieszkanie-warszawa-brodno-ul-wyszogrodzka-2-pokojowe-z6w5k2,https://s2.adresowa.pl/oi/76/66/3b197c_e938_cover-2-pokojowe-mieszkanie-warszawa-brodno-ul-wyszogrodzka.jpg,,,parter,1975.0,blok,,,,,,,,,,
Warszawa Wola,ul. Pawia,2.0,39.0,790000,20256.0,Bez pośredników,ponad tydzień temu,13.0,https://adresowo.pl/o/mieszkanie-warszawa-wola-ul-pawia-2-pokojowe-f5y8b1,https://s2.adresowa.pl/oi/78/34/3b193c_3054_cover-2-pokojowe-mieszkanie-warszawa-wola-ul-pawia.jpg,,,parter,1972.0,blok,,,,,,,,,,
Warszawa Gocław,ul. Samolotowa,3.0,63.0,970000,15397.0,Bez pośredników,ponad tydzień temu,20.0,https://adresowo.pl/o/mieszkanie-warszawa-goclaw-ul-samolotowa-3-pokojowe-a8z8h7,https://s2.adresowa.pl/oi/42/6e/3b192a_619d_cover-3-pokojowe-mieszkanie-warszawa-goclaw-ul-samolotowa.jpg,,,parter,1986.0,blok,,,,,,,,,,
Warszawa Bemowo,ul. Waleriana Czumy,3.0,60.0,845000,14037.0,Oferta biura nieruchomości,ponad miesiąc temu,8.0,https://adresowo.pl/o/mieszkanie-warszawa-bemowo-ul-waleriana-czumy-3-pokojowe-a6o6y8,https://s2.adresowa.pl/oi/1f/27/3b10ea_8ddc_cover-3-pokojowe-mieszkanie-warszawa-bemowo-ul-waleriana-czumy.jpg,,,1980,1980.0,,,,,,,,,,52.237114,20.906413
Warszawa Ursus,ul. Starodęby,3.0,58.0,959000,16416.0,Bez pośredników,ponad tydzień temu,18.0,https://adresowo.pl/o/mieszkanie-warszawa-ursus-ul-starodeby-3-pokojowe-j1t7z0,https://s2.adresowa.pl/oi/48/3f/3b18ea_d382_cover-3-pokojowe-mieszkanie-warszawa-ursus-ul-starodeby.jpg,,,7,2017.0,blok,,,,,,,,,,
Warszawa Powiśle,ul. Tamka,2.0,52.0,1553482,29990.0,Bez pośredników,ponad tydzień temu,17.0,https://adresowo.pl/o/mieszkanie-warszawa-powisle-ul-tamka-2-pokojowe-j8w5d1,https://s2.adresowa.pl/oi/76/3f/3b1894_4642_cover-2-pokojowe-mieszkanie-warszawa-powisle-ul-tamka.jpg,,,3,2001.0,blok,,,,,,,,,52.23736,21.026088
Warszawa Śródmieście,ul. Marszałkowska,2.0,28.0,690000,24784.0,Oferta biura nieruchomości,ponad miesiąc temu,8.0,https://adresowo.pl/o/mieszkanie-warszawa-srodmiescie-ul-marszalkowska-2-pokojowe-x4j7s5,https://s2.adresowa.pl/oi/70/4f/3b10e8_cc68_cover-2-pokojowe-mieszkanie-warszawa-srodmiescie-ul-marszalkowska.jpg,,,parter,1957.0,,,,,,,,,,,
Warszawa Mokotów,ul. Stępińska,4.0,139.0,3623620,26000.0,Oferta biura nieruchomości,ponad miesiąc temu,9.0,https://adresowo.pl/o/mieszkanie-warszawa-mokotow-ul-stepinska-4-pokojowe-j8v9b3,https://s2.adresowa.pl/oi/16/77/3b10c8_f718_cover-4-pokojowe-mieszkanie-warszawa-mokotow-ul-stepinska.jpg,,,1937,1937.0,kamienica,,,,,,,,,52.204293,21.037487
Warszawa Mokotów,ul. Czerniakowska,2.0,36.0,570000,15833.0,Bez pośredników,ponad tydzień temu,19.0,https://adresowo.pl/o/mieszkanie-warszawa-mokotow-ul-czerniakowska-2-pokojowe-k4l0m2,https://s2.adresowa.pl/oi/1d/12/3b1826_63fd_cover-2-pokojowe-mieszkanie-warszawa-mokotow-ul-czerniakowska.jpg,,,parter,1961.0,blok,,,,,,,,,52.211712,21.047182
Warszawa Włochy,ul. Jutrzenki,3.0,57.0,899999,15904.0,Bez pośredników,ponad tydzień temu,3.0,https://adresowo.pl/o/mieszkanie-warszawa-wlochy-ul-jutrzenki-3-pokojowe-p9d3m2,https://s2.adresowa.pl/oi/4e/25/3b17dc_db54_cover-3-pokojowe-mieszkanie-warszawa-wlochy-ul-jutrzenki.jpg,,,5,2025.0,blok,,,,,,,,,,
Warszawa Gocławek,ul. Czechowicka,1.0,29.0,499000,17207.0,Bez pośredników,ponad tydzień temu,8.0,https://adresowo.pl/o/mieszkanie-warszawa-goclawek-ul-czechowicka-1-pokoj-m2g4l6,https://s2.adresowa.pl/oi/1c/2a/3b179a_9cab_cover-1-pokojowe-mieszkanie-warszawa-goclawek-ul-czechowicka.jpg,,,2,2003.0,blok,,,,,,,,,,
Warszawa Żoliborz,ul. ks. Teofila Boguckiego,2.0,47.0,798000,16979.0,Oferta biura nieruchomości,ponad miesiąc temu,2.0,https://adresowo.pl/o/mieszkanie-warszawa-zoliborz-ul-ks-teofila-boguckiego-2-pokojowe-j6k1n9,https://s2.adresowa.pl/oi/77/30/3b1062_c03a_cover-2-pokojowe-mieszkanie-warszawa-zoliborz-ul-ks-teofila-boguckiego.jpg,,,2,1961.0,blok,,,,,,,,,52.261679,20.984001
Warszawa Bemowo,ul. Powstańców Śląskich,3.0,51.0,720000,13986.0,Bez pośredników,ponad tydzień temu,20.0,https://adresowo.pl/o/mieszkanie-warszawa-bemowo-ul-powstancow-slaskich-3-pokojowe-i3o1u4,https://s2.adresowa.pl/oi/11/25/3b1776_a94f_cover-3-pokojowe-mieszkanie-warszawa-bemowo-ul-powstancow-slaskich.jpg,,,2,1975.0,blok,,,,,,,,,,
Warszawa Mokotów,ul. Domaniewska,4.0,92.0,1999000,21728.0,Bez pośredników,ponad tydzień temu,8.0,https://adresowo.pl/o/mieszkanie-warszawa-mokotow-ul-domaniewska-4-pokojowe-x0n7l2,https://s2.adresowa.pl/oi/5e/1b/3b166a_e8d9_cover-4-pokojowe-mieszkanie-warszawa-mokotow-ul-domaniewska.jpg,,,3,2018.0,blok,,,,,,,,,,
Warszawa Mokotów,ul. Cybernetyki,2.0,33.0,799000,24479.0,Oferta biura nieruchomości,ponad miesiąc temu,15.0,https://adresowo.pl/o/mieszkanie-warszawa-mokotow-ul-cybernetyki-2-pokojowe-m6o5p3,https://s2.adresowa.pl/oi/21/30/3b0fdc_f455_cover-2-pokojowe-mieszkanie-warszawa-mokotow-ul-cybernetyki.jpg,,,3,2020.0,blok,,,,,,,,,52.175579,20.99159
Warszawa Wola,ul. Chmielna,1.0,30.0,739000,24975.0,Oferta biura nieruchomości,ponad miesiąc temu,12.0,https://adresowo.pl/o/mieszkanie-warszawa-wola-ul-chmielna-1-pokoj-z3m8l4,https://s2.adresowa.pl/oi/60/1c/3b0fd8_f5f9_cover-1-pokojowe-mieszkanie-warszawa-wola-ul-chmielna.jpg,,,parter,1913.0,kamienica,,,,,,,,,52.228205,20.995626
Warszawa Stegny,ul. Korczyńska,2.0,37.0,555000,15000.0,Bez pośredników,ponad tydzień temu,8.0,https://adresowo.pl/o/mieszkanie-warszawa-stegny-ul-korczynska-2-pokojowe-e8k4w9,https://s2.adresowa.pl/oi/44/53/3b164a_575c_cover-2-pokojowe-mieszkanie-warszawa-stegny-ul-korczynska.jpg,,,9,1980.0,blok,,,,,,,,,52.189676,21.051371
Warszawa Bielany,ul. Stefana Żeromskiego,2.0,30.0,660000,22000.0,Bez pośredników,ponad tydzień temu,8.0,https://adresowo.pl/o/mieszkanie-warszawa-bielany-ul-stefana-zeromskiego-2-pokojowe-t4c5q4,https://s2.adresowa.pl/oi/7b/13/3b15f4_d0a0_cover-2-pokojowe-mieszkanie-warszawa-bielany-ul-stefana-zeromskiego.jpg,,,parter,,blok,,,,,,,,,,
Warszawa Praga-Południe,ul. Siennicka,2.0,52.0,813000,15545.0,Bez pośredników,ponad tydzień temu,10.0,https://adresowo.pl/o/mieszkanie-warszawa-praga-poludnie-ul-siennicka-2-pokojowe-i0s2s3,https://s2.adresowa.pl/oi/2f/1b/3b1422_4512_cover-2-pokojowe-mieszkanie-warszawa-praga-poludnie-ul-siennicka.jpg,,,2,1952.0,,,,,,,,,,52.248388,21.077204
Warszawa Śródmieście,ul. Zygmunta Słomińskiego,3.0,120.0,2800000,23333.0,Oferta biura nieruchomości,ponad miesiąc temu,18.0,https://adresowo.pl/o/mieszkanie-warszawa-srodmiescie-ul-zygmunta-slominskiego-3-pokojowe-j4b2h1,https://s2.adresowa.pl/oi/2f/6a/3b0fbe_7e71_cover-3-pokojowe-mieszkanie-warszawa-srodmiescie-ul-zygmunta-slominskiego.jpg,,,2,2000.0,blok,,,,,,,,,52.254741,20.984968
Warszawa Śródmieście,ul. Solec,2.0,36.0,899000,25035.0,Oferta biura nieruchomości,ponad miesiąc temu,16.0,https://adresowo.pl/o/mieszkanie-warszawa-srodmiescie-ul-solec-2-pokojowe-o0g2h9,https://s2.adresowa.pl/oi/36/40/3b0fb4_f134_cover-2-pokojowe-mieszkanie-warszawa-srodmiescie-ul-solec.jpg,,,8,1965.0,blok,,,,,,,,,52.23728,21.027739
Warszawa Saska Kępa,ul. Zwycięzców,1.0,20.0,474000,23700.0,Bez pośredników,ponad tydzień temu,8.0,https://adresowo.pl/o/mieszkanie-warszawa-saska-kepa-ul-zwyciezcow-1-pokoj-x3w8a1,https://s2.adresowa.pl/oi/72/37/3b1320_371a_cover-1-pokojowe-mieszkanie-warszawa-saska-kepa-ul-zwyciezcow.jpg,,,parter,1983.0,blok,,,,,,,,,,
Warszawa Ursus,ul. Dzieci Warszawy,2.0,52.0,745000,14327.0,Bez pośredników,ponad miesiąc temu,5.0,https://adresowo.pl/o/mieszkanie-warszawa-ursus-ul-dzieci-warszawy-2-pokojowe-v7r6s0,https://s2.adresowa.pl/oi/60/46/3b115e_97e3_cover-2-pokojowe-mieszkanie-warszawa-ursus-ul-dzieci-warszawy.jpg,,,1,2003.0,blok,,,,,,,,,52.193951,20.902555
Warszawa Mokotów,ul. Zygmunta Modzelewskiego,3.0,54.0,850000,15888.0,Oferta biura nieruchomości,ponad miesiąc temu,17.0,https://adresowo.pl/o/mieszkanie-warszawa-mokotow-ul-zygmunta-modzelewskiego-3-pokojowe-n6w4l3,https://s2.adresowa.pl/oi/6b/12/3b0dc4_3e70_cover-3-pokojowe-mieszkanie-warszawa-mokotow-ul-zygmunta-modzelewskiego.jpg,,,1990,1990.0,blok,,,,,,,,,,
Warszawa Wawer,ul. Korkowa,2.0,40.0,649000,16052.0,Oferta biura nieruchomości,ponad miesiąc temu,11.0,https://adresowo.pl/o/mieszkanie-warszawa-wawer-ul-korkowa-2-pokojowe-j2o0x5,https://s2.adresowa.pl/oi/3e/27/3b0cce_4cb9_cover-2-pokojowe-mieszkanie-warszawa-wawer-ul-korkowa.jpg,,,2,2016.0,blok,,,,,,,,,,
Warszawa Ochota,ul. Walentego Skorochód-Majewskiego,3.0,46.0,790000,17026.0,Bez pośredników,ponad miesiąc temu,12.0,https://adresowo.pl/o/mieszkanie-warszawa-ochota-ul-walentego-skorochod-majewskiego-3-pokojowe-z5p7p3,https://s2.adresowa.pl/oi/14/43/3b114e_4c61_cover-3-pokojowe-mieszkanie-warszawa-ochota-ul-walentego-skorochod-majewskiego.jpg,,,parter,1966.0,blok,,,,,,,,,,
Warszawa Ursynów,ul. Belgradzka,2.0,41.0,699000,16917.0,Bez pośredników,ponad miesiąc temu,20.0,https://adresowo.pl/o/mieszkanie-warszawa-ursynow-ul-belgradzka-2-pokojowe-m5e8i7,https://s2.adresowa.pl/oi/3d/1a/3b1074_ab72_cover-2-pokojowe-mieszkanie-warszawa-ursynow-ul-belgradzka.jpg,,,7,1990.0,blok,,,,,,,,,,
Warszawa Śródmieście,ul. Chmielna,2.0,52.0,1300000,25000.0,Bez pośredników,ponad miesiąc temu,9.0,https://adresowo.pl/o/mieszkanie-warszawa-srodmiescie-ul-chmielna-2-pokojowe-h7t9p5,https://s2.adresowa.pl/oi/32/57/3b1072_e5e0_cover-2-pokojowe-mieszkanie-warszawa-srodmiescie-ul-chmielna.jpg,,,1,,blok,,,,,,,,,52.229275,21.000637
Warszawa Ochota,ul. Jasielska,1.0,19.0,425000,22251.0,Oferta biura nieruchomości,ponad miesiąc temu,11.0,https://adresowo.pl/o/mieszkanie-warszawa-ochota-ul-jasielska-1-pokoj-f5m4w1,https://s2.adresowa.pl/oi/7d/3c/3b0cc4_35b2_cover-1-pokojowe-mieszkanie-warszawa-ochota-ul-jasielska.jpg,,,3,1970.0,blok,,,,,,,,,,
Warszawa Wola,ul. Rabsztyńska,3.0,52.0,770000,14808.0,Oferta biura nieruchomości,ponad miesiąc temu,11.0,https://adresowo.pl/o/mieszkanie-warszawa-wola-ul-rabsztynska-3-pokojowe-z0p0x9,https://s2.adresowa.pl/oi/46/23/3b0cbe_432e_cover-3-pokojowe-mieszkanie-warszawa-wola-ul-rabsztynska.jpg,,,parter,1954.0,blok,,,,,,,,,52.236564,20.961291
Warszawa Śródmieście,ul. Wilcza,1.0,47.0,1250000,26624.0,Bez pośredników,ponad miesiąc temu,17.0,https://adresowo.pl/o/mieszkanie-warszawa-srodmiescie-ul-wilcza-1-pokoj-r9j8a5,https://s2.adresowa.pl/oi/25/44/3b0ef4_88ae_cover-1-pokojowe-mieszkanie-warszawa-srodmiescie-ul-wilcza.jpg,,,4,1936.0,kamienica,,,,,,,,,,
Warszawa Wola,ul. Chłodna,2.0,36.0,999000,27430.0,Oferta biura nieruchomości,ponad miesiąc temu,19.0,https://adresowo.pl/o/mieszkanie-warszawa-wola-ul-chlodna-2-pokojowe-r4x0u8,https://s2.adresowa.pl/oi/1e/4e/3b0cb4_a9ef_cover-2-pokojowe-mieszkanie-warszawa-wola-ul-chlodna.jpg,,,5,2018.0,apartamentowiec,,,,,,,,,,
Warszawa Bielany,ul. Skalbmierska,2.0,47.0,750000,15819.0,Oferta biura nieruchomości,ponad miesiąc temu,18.0,https://adresowo.pl/o/mieszkanie-warszawa-bielany-ul-skalbmierska-2-pokojowe-x9j8q8,https://s2.adresowa.pl/oi/2f/1c/3b0b8a_4373_cover-2-pokojowe-mieszkanie-warszawa-bielany-ul-skalbmierska.jpg,,,parter,1955.0,,,,,,,,,,,
Warszawa Mokotów,ul. Artura Grottgera,6.0,198.0,3200000,16171.0,Bez pośredników,ponad miesiąc temu,1.0,https://adresowo.pl/o/mieszkanie-warszawa-mokotow-ul-artura-grottgera-6-pokojowe-w0g5l4,https://s2.adresowa.pl/oi/61/2b/3b0dfc_646e_cover-6-pokojowe-mieszkanie-warszawa-mokotow-ul-artura-grottgera.jpg,,,parter,1930.0,blok,,,,,,,,,52.205732,21.031366
Warszawa Mokotów,ul. Zygmunta Modzelewskiego,2.0,54.0,845000,15648.0,Bez pośredników,ponad miesiąc temu,11.0,https://adresowo.pl/o/mieszkanie-warszawa-mokotow-ul-zygmunta-modzelewskiego-2-pokojowe-m7q4m2,https://s2.adresowa.pl/oi/2c/19/3b0d96_674a_cover-2-pokojowe-mieszkanie-warszawa-mokotow-ul-zygmunta-modzelewskiego.jpg,,,845,1991.0,blok,,,,,,,,,52.181292,21.014445
Warszawa Targówek,ul. ks. Piotra Skargi,1.0,29.0,450000,15306.0,Bez pośredników,ponad miesiąc temu,7.0,https://adresowo.pl/o/mieszkanie-warszawa-targowek-ul-ks-piotra-skargi-1-pokoj-c8y5s4,https://s2.adresowa.pl/oi/69/32/3b0c4e_2755_cover-1-pokojowe-mieszkanie-warszawa-targowek-ul-ks-piotra-skargi.jpg,,,3,1997.0,blok,,,,,,,,,,
Warszawa Ursynów,ul. Kłobucka,3.0,53.0,950000,17861.0,Oferta biura nieruchomości,ponad miesiąc temu,18.0,https://adresowo.pl/o/mieszkanie-warszawa-ursynow-ul-klobucka-3-pokojowe-l5n1b4,https://s2.adresowa.pl/oi/45/4c/3b0b46_6b3d_cover-3-pokojowe-mieszkanie-warszawa-ursynow-ul-klobucka.jpg,,,5,2015.0,blok,,,,,,,,,,
Warszawa Śródmieście,ul. Grzybowska,2.0,41.0,717000,17488.0,Bez pośredników,ponad miesiąc temu,18.0,https://adresowo.pl/o/mieszkanie-warszawa-srodmiescie-ul-grzybowska-2-pokojowe-h8p5k0,https://s2.adresowa.pl/oi/6e/3e/3b0ba2_8034_cover-2-pokojowe-mieszkanie-warszawa-srodmiescie-ul-grzybowska.jpg,,,11,1972.0,blok,,,,,,,,,52.234669,20.990782
Warszawa Praga-Południe,ul. Franciszka Żymirskiego,4.0,60.0,777000,12950.0,Bez pośredników,ponad miesiąc temu,8.0,https://adresowo.pl/o/mieszkanie-warszawa-praga-poludnie-ul-franciszka-zymirskiego-4-pokojowe-o7p7g8,https://s2.adresowa.pl/oi/6a/19/3b0ba0_860c_cover-4-pokojowe-mieszkanie-warszawa-praga-poludnie-ul-franciszka-zymirskiego.jpg,,,13,1971.0,blok,,,,,,,,,52.232173,21.081903
Warszawa Sadyba,ul. Jaszowiecka,2.0,32.0,789000,24656.0,Oferta biura nieruchomości,ponad miesiąc temu,16.0,https://adresowo.pl/o/mieszkanie-warszawa-sadyba-ul-jaszowiecka-2-pokojowe-a4y6l0,https://s2.adresowa.pl/oi/59/6a/3b075a_fdbb_cover-2-pokojowe-mieszkanie-warszawa-sadyba-ul-jaszowiecka.jpg,,,9,1974.0,blok,,,,,,,,,52.188345,21.053742
Warszawa Wilanów,al. Rzeczypospolitej,3.0,89.0,1680000,18876.0,Oferta biura nieruchomości,ponad miesiąc temu,21.0,https://adresowo.pl/o/mieszkanie-warszawa-wilanow-al-rzeczypospolitej-3-pokojowe-q0m8z8,https://s2.adresowa.pl/oi/79/57/3b05be_48c7_cover-3-pokojowe-mieszkanie-warszawa-wilanow-al-rzeczypospolitej.jpg,,,3,2008.0,blok,,,,,,,,,52.155038,21.081866
Warszawa Marysin Wawerski,ul. Korkowa,3.0,64.0,1050000,16406.0,Bez pośredników,ponad miesiąc temu,8.0,https://adresowo.pl/o/mieszkanie-warszawa-marysin-wawerski-ul-korkowa-3-pokojowe-d6o1v4,https://s2.adresowa.pl/oi/58/13/3b0b78_d72a_cover-3-pokojowe-mieszkanie-warszawa-marysin-wawerski-ul-korkowa.jpg,,,1,2011.0,blok,,,,,,,,,,
Warszawa Białołęka,ul. Sprawna,4.0,78.0,1150000,14837.0,Bez pośredników,ponad miesiąc temu,7.0,https://adresowo.pl/o/mieszkanie-warszawa-bialoleka-ul-sprawna-4-pokojowe-m7g7v8,https://s2.adresowa.pl/oi/6b/66/3b0b62_de69_cover-4-pokojowe-mieszkanie-warszawa-bialoleka-ul-sprawna.jpg,,,2,2016.0,blok,,,,,,,,,52.341242,20.940761
Warszawa Wola,ul. Młynarska,3.0,48.0,800000,16824.0,Oferta biura nieruchomości,ponad miesiąc temu,6.0,https://adresowo.pl/o/mieszkanie-warszawa-wola-ul-mlynarska-3-pokojowe-g9i6q7,https://s2.adresowa.pl/oi/7b/24/3b05c0_f060_cover-3-pokojowe-mieszkanie-warszawa-wola-ul-mlynarska.jpg,,,parter,1969.0,blok,,,,,,,,,,
Warszawa Praga-Południe,al. Stanów Zjednoczonych,3.0,77.0,1450000,18734.0,Oferta biura nieruchomości,ponad miesiąc temu,10.0,https://adresowo.pl/o/mieszkanie-warszawa-praga-poludnie-al-stanow-zjednoczonych-3-pokojowe-c9n8u3,https://s2.adresowa.pl/oi/3f/7c/3b05c2_c5ff_cover-3-pokojowe-mieszkanie-warszawa-praga-poludnie-al-stanow-zjednoczonych.jpg,,,parter,2004.0,blok,,,,,,,,,52.242948,21.084326
Warszawa Mokotów,ul. Antoniego Edwarda Odyńca,3.0,51.0,835000,16341.0,Bez pośredników,ponad miesiąc temu,7.0,https://adresowo.pl/o/mieszkanie-warszawa-mokotow-ul-antoniego-edwarda-odynca-3-pokojowe-g8m5e9,https://s2.adresowa.pl/oi/36/29/3b0b32_f819_cover-3-pokojowe-mieszkanie-warszawa-mokotow-ul-antoniego-edwarda-odynca.jpg,,,parter,1957.0,,,,,,,,,,52.19599,21.013328
Warszawa Wilanów,ul. Syta,2.0,37.0,819000,22237.0,Bez pośredników,ponad miesiąc temu,17.0,https://adresowo.pl/o/mieszkanie-warszawa-wilanow-ul-syta-2-pokojowe-h9b3t1,https://s2.adresowa.pl/oi/60/37/3b0b26_c9e9_cover-2-pokojowe-mieszkanie-warszawa-wilanow-ul-syta.jpg,,,1,2021.0,blok,,,,,,,,,,
Warszawa Targówek,ul. Wyspowa,2.0,39.0,515000,13205.0,Bez pośredników,ponad miesiąc temu,8.0,https://adresowo.pl/o/mieszkanie-warszawa-targowek-ul-wyspowa-2-pokojowe-x1j2i1,https://s2.adresowa.pl/oi/1b/62/3b0a9c_b93f_cover-2-pokojowe-mieszkanie-warszawa-targowek-ul-wyspowa.jpg,,,1,2005.0,blok,,,,,,,,,,
Warszawa Włochy,ul. Lechicka,3.0,65.0,1037000,15954.0,Oferta biura nieruchomości,ponad miesiąc temu,9.0,https://adresowo.pl/o/mieszkanie-warszawa-wlochy-ul-lechicka-3-pokojowe-d7m1w3,https://s2.adresowa.pl/oi/4c/55/3b05b4_4fda_cover-3-pokojowe-mieszkanie-warszawa-wlochy-ul-lechicka.jpg,,,parter,1995.0,blok,,,,,,,,,52.191789,20.968597
Warszawa Mokotów,ul. Cybernetyki,2.0,50.0,1000000,20000.0,Oferta biura nieruchomości,ponad miesiąc temu,8.0,https://adresowo.pl/o/mieszkanie-warszawa-mokotow-ul-cybernetyki-2-pokojowe-u3c4q1,https://s2.adresowa.pl/oi/3b/2f/3b024c_5f8d_cover-2-pokojowe-mieszkanie-warszawa-mokotow-ul-cybernetyki.jpg,,,4,2015.0,blok,,,,,,,,,,
Warszawa Włochy,ul. 1 Sierpnia,1.0,31.0,620000,20000.0,Bez pośredników,ponad miesiąc temu,8.0,https://adresowo.pl/o/mieszkanie-warszawa-wlochy-ul-1-sierpnia-1-pokoj-w2k9e2,https://s2.adresowa.pl/oi/32/37/3b0a8c_344c_cover-1-pokojowe-mieszkanie-warszawa-wlochy-ul-1-sierpnia.jpg,,,parter,1965.0,blok,,,,,,,,,52.193137,20.973743
Warszawa Śródmieście,ul. Chmielna,3.0,57.0,1145000,20088.0,Bez pośredników,ponad miesiąc temu,8.0,https://adresowo.pl/o/mieszkanie-warszawa-srodmiescie-ul-chmielna-3-pokojowe-i7v9d6,https://s2.adresowa.pl/oi/46/71/3b0a30_3399_cover-3-pokojowe-mieszkanie-warszawa-srodmiescie-ul-chmielna.jpg,,,1,1970.0,kamienica,,,,,,,,,52.228588,20.996627
Warszawa Białołęka,ul. Myśliborska,3.0,64.0,860000,13417.0,Bez pośredników,ponad miesiąc temu,8.0,https://adresowo.pl/o/mieszkanie-warszawa-bialoleka-ul-mysliborska-3-pokojowe-i2x0g2,https://s2.adresowa.pl/oi/36/55/3b0a1c_cde9_cover-3-pokojowe-mieszkanie-warszawa-bialoleka-ul-mysliborska.jpg,,,parter,2008.0,blok,,,,,,,,,,
Warszawa Białołęka,ul. Myśliborska,4.0,128.0,1600000,12500.0,Oferta biura nieruchomości,ponad miesiąc temu,13.0,https://adresowo.pl/o/mieszkanie-warszawa-bialoleka-ul-mysliborska-4-pokojowe-o3a8c2,https://s2.adresowa.pl/oi/1e/41/3b0234_980e_cover-4-pokojowe-mieszkanie-warszawa-bialoleka-ul-mysliborska.jpg,,,parter,1989.0,blok,,,,,,,,,52.322563,20.950935
Warszawa Ochota,ul. Pruszkowska,2.0,39.0,599000,15558.0,Oferta biura nieruchomości,ponad miesiąc temu,7.0,https://adresowo.pl/o/mieszkanie-warszawa-ochota-ul-pruszkowska-2-pokojowe-n9x5z3,https://s2.adresowa.pl/oi/4a/70/3b0224_5a8d_cover-2-pokojowe-mieszkanie-warszawa-ochota-ul-pruszkowska.jpg,,,1970,1970.0,blok,,,,,,,,,,
Warszawa Bemowo,ul. Kazimierza Wyki,3.0,62.0,889000,14432.0,Bez pośredników,ponad miesiąc temu,17.0,https://adresowo.pl/o/mieszkanie-warszawa-bemowo-ul-kazimierza-wyki-3-pokojowe-q2z0p9,https://s2.adresowa.pl/oi/5b/7b/3b091a_8a06_cover-3-pokojowe-mieszkanie-warszawa-bemowo-ul-kazimierza-wyki.jpg,,,4,1980.0,blok,,,,,,,,,52.229962,20.901999
Warszawa Ursynów,ul. Benedykta Dybowskiego,2.0,47.0,785000,16631.0,Bez pośredników,ponad miesiąc temu,17.0,https://adresowo.pl/o/mieszkanie-warszawa-ursynow-ul-benedykta-dybowskiego-2-pokojowe-p8i2r0,https://s2.adresowa.pl/oi/23/22/3b0904_27df_cover-2-pokojowe-mieszkanie-warszawa-ursynow-ul-benedykta-dybowskiego.jpg,,,2,1978.0,blok,,,,,,,,,,
Warszawa Białołęka,ul. Marywilska,3.0,54.0,850000,15741.0,Bez pośredników,ponad miesiąc temu,17.0,https://adresowo.pl/o/mieszkanie-warszawa-bialoleka-ul-marywilska-3-pokojowe-s8c3h0,https://s2.adresowa.pl/oi/3f/57/3b08de_50e9_cover-3-pokojowe-mieszkanie-warszawa-bialoleka-ul-marywilska.jpg,,,2,2020.0,blok,,,,,,,,,,
Warszawa Bemowo,ul. Powstańców Śląskich,3.0,76.0,1524000,20053.0,Oferta biura nieruchomości,ponad miesiąc temu,15.0,https://adresowo.pl/o/mieszkanie-warszawa-bemowo-ul-powstancow-slaskich-3-pokojowe-z3n7p1,https://s2.adresowa.pl/oi/56/2e/3b020a_3402_cover-3-pokojowe-mieszkanie-warszawa-bemowo-ul-powstancow-slaskich.jpg,,,parter,2018.0,apartamentowiec,,,,,,,,,52.24382,20.91236
Warszawa Wilanów,ul. Oś Królewska,2.0,41.0,943000,23000.0,Oferta biura nieruchomości,ponad miesiąc temu,15.0,https://adresowo.pl/o/mieszkanie-warszawa-wilanow-ul-os-krolewska-2-pokojowe-r8o5u4,https://s2.adresowa.pl/oi/37/2f/3b0208_cd22_cover-2-pokojowe-mieszkanie-warszawa-wilanow-ul-os-krolewska.jpg,,,parter,2023.0,kamienica,,,,,,,,,,
Warszawa Mokotów,ul. Nowosielecka,4.0,61.0,1020000,16821.0,Bez pośredników,ponad miesiąc temu,21.0,https://adresowo.pl/o/mieszkanie-warszawa-mokotow-ul-nowosielecka-4-pokojowe-j5p5u9,https://s2.adresowa.pl/oi/46/50/3b083c_f9e6_cover-4-pokojowe-mieszkanie-warszawa-mokotow-ul-nowosielecka.jpg,,,parter,1950.0,,,,,,,,,,52.21081,21.045718
Warszawa Białołęka,ul. Vincenza Belliniego,2.0,44.0,612000,14008.0,Bez pośredników,ponad miesiąc temu,10.0,https://adresowo.pl/o/mieszkanie-warszawa-bialoleka-ul-vincenza-belliniego-2-pokojowe-z1d0j3,https://s2.adresowa.pl/oi/1b/7f/3b0834_4686_cover-2-pokojowe-mieszkanie-warszawa-bialoleka-ul-vincenza-belliniego.jpg,,,parter,2017.0,blok,,,,,,,,,52.345378,21.050475
Warszawa Bemowo,ul. Widawska,3.0,63.0,740000,11690.0,Bez pośredników,ponad miesiąc temu,8.0,https://adresowo.pl/o/mieszkanie-warszawa-bemowo-ul-widawska-3-pokojowe-v4p1c2,https://s2.adresowa.pl/oi/3c/31/3b0730_6876_cover-3-pokojowe-mieszkanie-warszawa-bemowo-ul-widawska.jpg,,,1,1986.0,blok,,,,,,,,,,
Warszawa Wilanów,ul. Księdza Prymasa Augusta Hlonda,2.0,49.0,892330,18211.0,Oferta biura nieruchomości,ponad miesiąc temu,13.0,https://adresowo.pl/o/mieszkanie-warszawa-wilanow-ul-ksiedza-prymasa-augusta-hlonda-2-pokojowe-s2a4i5,https://s2.adresowa.pl/oi/74/23/3b01fe_f092_cover-2-pokojowe-mieszkanie-warszawa-wilanow-ul-ksiedza-prymasa-augusta-hlonda.jpg,,,parter,2010.0,kamienica,,,,,,,,,52.159627,21.067035
Warszawa Praga-Południe,ul. Suflerska,3.0,86.0,1725313,19999.0,Oferta biura nieruchomości,ponad miesiąc temu,15.0,https://adresowo.pl/o/mieszkanie-warszawa-praga-poludnie-ul-suflerska-3-pokojowe-q6b6w8,https://s2.adresowa.pl/oi/22/49/3b01fa_3a38_cover-3-pokojowe-mieszkanie-warszawa-praga-poludnie-ul-suflerska.jpg,,,parter,2019.0,kamienica,,,,,,,,,52.25605,21.15432
Warszawa Żoliborz,ul. Ludwika Rydygiera,1.0,29.0,820000,28423.0,Bez pośredników,ponad miesiąc temu,16.0,https://adresowo.pl/o/mieszkanie-warszawa-zoliborz-ul-ludwika-rydygiera-1-pokoj-h5z4z1,https://s2.adresowa.pl/oi/5a/12/3b072a_7abf_cover-1-pokojowe-mieszkanie-warszawa-zoliborz-ul-ludwika-rydygiera.jpg,,,parter,2017.0,kamienica,,,,,,,,,,
Warszawa Bemowo,ul. mjr. Henryka Sucharskiego,2.0,41.0,635000,15327.0,Bez pośredników,ponad miesiąc temu,8.0,https://adresowo.pl/o/mieszkanie-warszawa-bemowo-ul-mjr-henryka-sucharskiego-2-pokojowe-q2f6d0,https://s2.adresowa.pl/oi/60/7e/3b0694_834c_cover-2-pokojowe-mieszkanie-warszawa-bemowo-ul-mjr-henryka-sucharskiego.jpg,,,631,1978.0,blok,,,,,,,,,52.227208,20.914853
Warszawa Praga-Północ,ul. Karola Szymanowskiego,1.0,31.0,560000,18065.0,Bez pośredników,ponad miesiąc temu,11.0,https://adresowo.pl/o/mieszkanie-warszawa-praga-polnoc-ul-karola-szymanowskiego-1-pokoj-r8p1i7,https://s2.adresowa.pl/oi/55/28/3b061a_eb52_cover-1-pokojowe-mieszkanie-warszawa-praga-polnoc-ul-karola-szymanowskiego.jpg,,,1,1956.0,blok,,,,,,,,,52.261485,21.032703
Warszawa Ursynów,ul. Stanisława Herbsta,2.0,38.0,550000,14474.0,Oferta biura nieruchomości,ponad miesiąc temu,11.0,https://adresowo.pl/o/mieszkanie-warszawa-ursynow-ul-stanislawa-herbsta-2-pokojowe-w5q1c5,https://s2.adresowa.pl/oi/17/24/3b01f8_4c7f_cover-2-pokojowe-mieszkanie-warszawa-ursynow-ul-stanislawa-herbsta.jpg,,,3,1970.0,kamienica,,,,,,,,,,
Warszawa Bemowo,ul. Kopalniana,3.0,92.0,1650000,17935.0,Oferta biura nieruchomości,ponad miesiąc temu,15.0,https://adresowo.pl/o/mieszkanie-warszawa-bemowo-ul-kopalniana-3-pokojowe-s3w0s0,https://s2.adresowa.pl/oi/37/3e/3b01f6_7c0a_cover-3-pokojowe-mieszkanie-warszawa-bemowo-ul-kopalniana.jpg,,,parter,2021.0,kamienica,,,,,,,,,52.21965,20.8943
Warszawa Praga-Północ,ul. Dąbrowszczaków,1.0,16.0,340000,21250.0,Bez pośredników,ponad miesiąc temu,8.0,https://adresowo.pl/o/mieszkanie-warszawa-praga-polnoc-ul-dabrowszczakow-1-pokoj-t6h7c3,https://s2.adresowa.pl/oi/4c/23/3b0392_79a8_cover-1-pokojowe-mieszkanie-warszawa-praga-polnoc-ul-dabrowszczakow.jpg,,,4,1956.0,kamienica,,,,,,,,,,
Warszawa Ochota,ul. Częstochowska,2.0,47.0,940000,20000.0,Bez pośredników,ponad miesiąc temu,17.0,https://adresowo.pl/o/mieszkanie-warszawa-ochota-ul-czestochowska-2-pokojowe-r6i3r2,https://s2.adresowa.pl/oi/17/39/3b02c2_c8de_cover-2-pokojowe-mieszkanie-warszawa-ochota-ul-czestochowska.jpg,,,9,1938.0,kamienica,,,,,,,,,,
Warszawa Śródmieście,ul. Nowy Świat,4.0,90.0,2850000,31667.0,Oferta biura nieruchomości,ponad miesiąc temu,15.0,https://adresowo.pl/o/mieszkanie-warszawa-srodmiescie-ul-nowy-swiat-4-pokojowe-q7c8z5,https://s2.adresowa.pl/oi/27/63/3b01f4_c515_cover-4-pokojowe-mieszkanie-warszawa-srodmiescie-ul-nowy-swiat.jpg,,,4,1908.0,kamienica,,,,,,,,,,
Warszawa Żoliborz,ul. Gwiaździsta,2.0,35.0,665000,19000.0,Oferta biura nieruchomości,ponad miesiąc temu,15.0,https://adresowo.pl/o/mieszkanie-warszawa-zoliborz-ul-gwiazdzista-2-pokojowe-h0y2o7,https://s2.adresowa.pl/oi/50/23/3b01f2_e7ab_cover-2-pokojowe-mieszkanie-warszawa-zoliborz-ul-gwiazdzista.jpg,,,10,1962.0,kamienica,,,,,,,,,52.27256,20.99062
Warszawa Marysin Wawerski,ul. Korkowa,2.0,30.0,550000,18333.0,Bez pośredników,ponad miesiąc temu,8.0,https://adresowo.pl/o/mieszkanie-warszawa-marysin-wawerski-ul-korkowa-2-pokojowe-n2m1t5,https://s2.adresowa.pl/oi/50/70/3b009e_c3a9_cover-2-pokojowe-mieszkanie-warszawa-marysin-wawerski-ul-korkowa.jpg,,,2009,2009.0,blok,,,,,,,,,,
Warszawa Ursus,ul. Herbu Oksza,3.0,53.0,984000,18482.0,Bez pośredników,ponad miesiąc temu,10.0,https://adresowo.pl/o/mieszkanie-warszawa-ursus-ul-herbu-oksza-3-pokojowe-e2a7h5,https://s2.adresowa.pl/oi/47/58/3aff04_3845_cover-3-pokojowe-mieszkanie-warszawa-ursus-ul-herbu-oksza.jpg,,,2,2000.0,blok,,,,,,,,,,
Warszawa Wilanów,ul. Księdza Prymasa Augusta Hlonda,3.0,73.0,1700000,23288.0,Bez pośredników,ponad miesiąc temu,20.0,https://adresowo.pl/o/mieszkanie-warszawa-wilanow-ul-ksiedza-prymasa-augusta-hlonda-3-pokojowe-q6m4w4,https://s2.adresowa.pl/oi/5b/4e/3afe9e_3375_cover-3-pokojowe-mieszkanie-warszawa-wilanow-ul-ksiedza-prymasa-augusta-hlonda.jpg,,,parter,2007.0,blok,,,,,,,,,52.159627,21.067035
Warszawa Wola,ul. Jana Pawła II,2.0,49.0,798000,16420.0,Oferta biura nieruchomości,ponad miesiąc temu,11.0,https://adresowo.pl/o/mieszkanie-warszawa-wola-ul-jana-pawla-ii-2-pokojowe-b7p1g1,https://s2.adresowa.pl/oi/1c/7e/3b016a_a178_cover-2-pokojowe-mieszkanie-warszawa-wola-ul-jana-pawla-ii.jpg,,,parter,1966.0,blok,,,,,,,,,52.247663,20.986934
Warszawa Czyste,ul. Jaktorowska,3.0,64.0,2500000,38904.0,Bez pośredników,ponad miesiąc temu,18.0,https://adresowo.pl/o/mieszkanie-warszawa-czyste-ul-jaktorowska-3-pokojowe-b0m8c6,https://s2.adresowa.pl/oi/41/11/3afe4e_ef57_cover-3-pokojowe-mieszkanie-warszawa-czyste-ul-jaktorowska.jpg,,,parter,2017.0,blok,,,,,,,,,,
Warszawa Praga-Południe,ul. Międzynarodowa,3.0,47.0,690000,14588.0,Bez pośredników,ponad miesiąc temu,10.0,https://adresowo.pl/o/mieszkanie-warszawa-praga-poludnie-ul-miedzynarodowa-3-pokojowe-m5c5s9,https://s2.adresowa.pl/oi/4f/31/3afe04_e731_cover-3-pokojowe-mieszkanie-warszawa-praga-poludnie-ul-miedzynarodowa.jpg,,,1,1970.0,blok,,,,,,,,,,
Warszawa Praga-Południe,ul. Optyków,2.0,46.0,1150000,25000.0,Bez pośredników,ponad miesiąc temu,8.0,https://adresowo.pl/o/mieszkanie-warszawa-praga-poludnie-ul-optykow-2-pokojowe-u2z0x7,https://s2.adresowa.pl/oi/73/26/3afde0_a0ff_cover-2-pokojowe-mieszkanie-warszawa-praga-poludnie-ul-optykow.jpg,,,parter,2019.0,,,,,,,,,,52.231135,21.109513
Warszawa Włochy,ul. Aleje Jerozolimskie,5.0,125.0,2125000,16966.0,Oferta biura nieruchomości,ponad miesiąc temu,15.0,https://adresowo.pl/o/mieszkanie-warszawa-wlochy-ul-aleje-jerozolimskie-5-pokojowe-g6r1o0,https://s2.adresowa.pl/oi/25/5e/3b0160_4a27_cover-5-pokojowe-mieszkanie-warszawa-wlochy-ul-aleje-jerozolimskie.jpg,,,parter,2000.0,apartamentowiec,,,,,,,,,52.198785,20.930065
Warszawa Bielany,ul. Antoniego Magiera,2.0,37.0,575000,15562.0,Oferta biura nieruchomości,ponad miesiąc temu,25.0,https://adresowo.pl/o/mieszkanie-warszawa-bielany-ul-antoniego-magiera-2-pokojowe-n3q5s7,https://s2.adresowa.pl/oi/35/6e/3b0108_7227_cover-2-pokojowe-mieszkanie-warszawa-bielany-ul-antoniego-magiera.jpg,,,2,1963.0,blok,,,,,,,,,,
Warszawa Bielany,al. Zjednoczenia,2.0,38.0,649000,17079.0,Bez pośredników,ponad miesiąc temu,8.0,https://adresowo.pl/o/mieszkanie-warszawa-bielany-al-zjednoczenia-2-pokojowe-d5f9n5,https://s2.adresowa.pl/oi/1c/11/3afab0_e8cf_cover-2-pokojowe-mieszkanie-warszawa-bielany-al-zjednoczenia.jpg,,,parter,1955.0,kamienica,,,,,,,,,52.281112,20.950634
Warszawa Stary Rembertów,ul. Michała Okurzałego,1.0,59.0,665000,11310.0,Bez pośredników,ponad miesiąc temu,4.0,https://adresowo.pl/o/mieszkanie-warszawa-stary-rembertow-ul-michala-okurzalego-1-pokoj-l5k1e4,https://s2.adresowa.pl/oi/1e/7a/3afa36_2eec_cover-1-pokojowe-mieszkanie-warszawa-stary-rembertow-ul-michala-okurzalego.jpg,,,6,1952.0,blok,,,,,,,,,,
Warszawa Ursus,ul. Dzieci Warszawy,2.0,35.0,590000,16857.0,Bez pośredników,ponad miesiąc temu,11.0,https://adresowo.pl/o/mieszkanie-warszawa-ursus-ul-dzieci-warszawy-2-pokojowe-e8r2b7,https://s2.adresowa.pl/oi/6f/6a/3af92e_6d08_cover-2-pokojowe-mieszkanie-warszawa-ursus-ul-dzieci-warszawy.jpg,,,8,2004.0,blok,,,,,,,,,,
Warszawa Wola,ul. Marcina Kasprzaka,2.0,43.0,1010000,23353.0,Oferta biura nieruchomości,ponad miesiąc temu,10.0,https://adresowo.pl/o/mieszkanie-warszawa-wola-ul-marcina-kasprzaka-2-pokojowe-a1s4g1,https://s2.adresowa.pl/oi/3c/70/3b0064_e321_cover-2-pokojowe-mieszkanie-warszawa-wola-ul-marcina-kasprzaka.jpg,,,parter,2018.0,kamienica,,,,,,,,,52.22734,20.95284
Warszawa Białołęka,ul. Kartograficzna,2.0,42.0,629000,14976.0,Bez pośredników,ponad miesiąc temu,16.0,https://adresowo.pl/o/mieszkanie-warszawa-bialoleka-ul-kartograficzna-2-pokojowe-v9z5n5,https://s2.adresowa.pl/oi/50/18/3af7d0_4cd0_cover-2-pokojowe-mieszkanie-warszawa-bialoleka-ul-kartograficzna.jpg,,,parter,2012.0,blok,,,,,,,,,52.312742,21.072975
Warszawa Wola,ul. Płocka,3.0,52.0,896970,17400.0,Bez pośredników,ponad miesiąc temu,23.0,https://adresowo.pl/o/mieszkanie-warszawa-wola-ul-plocka-3-pokojowe-d9q1q9,https://s2.adresowa.pl/oi/2c/23/3af61a_e56e_cover-3-pokojowe-mieszkanie-warszawa-wola-ul-plocka.jpg,,,896,1975.0,blok,,,,,,,,,52.230758,20.967461
Warszawa Ochota,ul. Kurhan,3.0,87.0,1830000,20938.0,Oferta biura nieruchomości,ponad miesiąc temu,19.0,https://adresowo.pl/o/mieszkanie-warszawa-ochota-ul-kurhan-3-pokojowe-t9y1j4,https://s2.adresowa.pl/oi/65/32/3b005e_71e1_cover-3-pokojowe-mieszkanie-warszawa-ochota-ul-kurhan.jpg,,,parter,2000.0,blok,,,,,,,,,52.21128,20.9552
Warszawa Praga-Południe,ul. Samolotowa,3.0,45.0,780000,17528.0,Oferta biura nieruchomości,ponad miesiąc temu,8.0,https://adresowo.pl/o/mieszkanie-warszawa-praga-poludnie-ul-samolotowa-3-pokojowe-i3r3a1,https://s2.adresowa.pl/oi/66/28/3b0058_dab1_cover-3-pokojowe-mieszkanie-warszawa-praga-poludnie-ul-samolotowa.jpg,,,4,,blok,,,,,,,,,52.222156,21.097136
Warszawa Wola,ul. Siedmiogrodzka,3.0,134.0,4200000,31343.0,Bez pośredników,ponad miesiąc temu,20.0,https://adresowo.pl/o/mieszkanie-warszawa-wola-ul-siedmiogrodzka-3-pokojowe-v0o4g9,https://s2.adresowa.pl/oi/2a/41/3af5fa_4a19_cover-3-pokojowe-mieszkanie-warszawa-wola-ul-siedmiogrodzka.jpg,,,parter,2020.0,,,,,,,,,,52.231759,20.973551
Warszawa Śródmieście,ul. Mokotowska,4.0,183.0,7550000,41257.0,Bez pośredników,ponad miesiąc temu,16.0,https://adresowo.pl/o/mieszkanie-warszawa-srodmiescie-ul-mokotowska-4-pokojowe-t8i9z0,https://s2.adresowa.pl/oi/19/33/3af5f6_678e_cover-4-pokojowe-mieszkanie-warszawa-srodmiescie-ul-mokotowska.jpg,,,6,,blok,,,,,,,,,52.224161,21.021072
Warszawa Kabaty,ul. Romualda Mielczarskiego,4.0,141.0,2550000,18085.0,Bez pośredników,ponad miesiąc temu,9.0,https://adresowo.pl/o/mieszkanie-warszawa-kabaty-ul-romualda-mielczarskiego-4-pokojowe-o6m1h4,https://s2.adresowa.pl/oi/5b/1d/3af51a_6c93_cover-4-pokojowe-mieszkanie-warszawa-kabaty-ul-romualda-mielczarskiego.jpg,,,3,1979.0,blok,,,,,,,,,52.129745,21.060405
Warszawa Ursus,ul. Skoroszewska,2.0,37.0,604000,16503.0,Oferta biura nieruchomości,ponad miesiąc temu,6.0,https://adresowo.pl/o/mieszkanie-warszawa-ursus-ul-skoroszewska-2-pokojowe-d4f2h9,https://s2.adresowa.pl/oi/13/11/3afd3a_9390_cover-2-pokojowe-mieszkanie-warszawa-ursus-ul-skoroszewska.jpg,,,3,2008.0,blok,,,,,,,,,,
Warszawa Białołęka,ul. Odkryta,3.0,66.0,850000,12879.0,Oferta biura nieruchomości,ponad miesiąc temu,17.0,https://adresowo.pl/o/mieszkanie-warszawa-bialoleka-ul-odkryta-3-pokojowe-y3w3y7,https://s2.adresowa.pl/oi/71/22/3afd06_373a_cover-3-pokojowe-mieszkanie-warszawa-bialoleka-ul-odkryta.jpg,,,parter,2001.0,blok,,,,,,,,,,
Warszawa Tarchomin,ul. Śreniawitów,2.0,48.0,479000,9979.0,Bez pośredników,ponad miesiąc temu,20.0,https://adresowo.pl/o/mieszkanie-warszawa-tarchomin-ul-sreniawitow-2-pokojowe-s8x4n7,https://s2.adresowa.pl/oi/39/79/3af378_7d43_cover-2-pokojowe-mieszkanie-warszawa-tarchomin-ul-sreniawitow.jpg,,,2,1980.0,blok,,,,,,,,,,
Warszawa Powiśle,ul. Solec,3.0,47.0,865000,18562.0,Bez pośredników,ponad miesiąc temu,12.0,https://adresowo.pl/o/mieszkanie-warszawa-powisle-ul-solec-3-pokojowe-z9a6m5,https://s2.adresowa.pl/oi/70/5b/3af370_4b06_cover-3-pokojowe-mieszkanie-warszawa-powisle-ul-solec.jpg,,,7,1955.0,blok,,,,,,,,,52.232191,21.038895
Warszawa Ochota,ul. Grójecka,1.0,25.0,499000,19960.0,Bez pośredników,ponad miesiąc temu,11.0,https://adresowo.pl/o/mieszkanie-warszawa-ochota-ul-grojecka-1-pokoj-a3z4z7,https://s2.adresowa.pl/oi/50/53/3af342_c492_cover-1-pokojowe-mieszkanie-warszawa-ochota-ul-grojecka.jpg,,,10,1969.0,blok,,,,,,,,,,
Warszawa Bielany,ul. Wólczyńska,3.0,57.0,1087313,18999.0,Oferta biura nieruchomości,ponad miesiąc temu,14.0,https://adresowo.pl/o/mieszkanie-warszawa-bielany-ul-wolczynska-3-pokojowe-v0k7d5,https://s2.adresowa.pl/oi/66/22/3afb62_8fb1_cover-3-pokojowe-mieszkanie-warszawa-bielany-ul-wolczynska.jpg,,,5,2017.0,blok,,,,,,,,,,
Warszawa Żoliborz,ul. Gwiaździsta,2.0,69.0,1229990,17904.0,Oferta biura nieruchomości,ponad miesiąc temu,14.0,https://adresowo.pl/o/mieszkanie-warszawa-zoliborz-ul-gwiazdzista-2-pokojowe-g2v6e4,https://s2.adresowa.pl/oi/75/65/3afb5e_b15e_cover-2-pokojowe-mieszkanie-warszawa-zoliborz-ul-gwiazdzista.jpg,,,parter,2007.0,blok,,,,,,,,,52.281306,20.984739
Warszawa Wilanów,ul. Sarmacka,2.0,44.0,970000,22045.0,Bez pośredników,ponad miesiąc temu,9.0,https://adresowo.pl/o/mieszkanie-warszawa-wilanow-ul-sarmacka-2-pokojowe-p6x2w6,https://s2.adresowa.pl/oi/7f/13/3af2cc_ab6b_cover-2-pokojowe-mieszkanie-warszawa-wilanow-ul-sarmacka.jpg,,,parter,2018.0,blok,,,,,,,,,52.160473,21.078477
Warszawa Wesoła,ul. Dworkowa,2.0,79.0,1050000,13274.0,Bez pośredników,ponad miesiąc temu,14.0,https://adresowo.pl/o/mieszkanie-warszawa-wesola-ul-dworkowa-2-pokojowe-c1f3v1,https://s2.adresowa.pl/oi/34/49/3af2c2_a4ce_cover-2-pokojowe-mieszkanie-warszawa-wesola-ul-dworkowa.jpg,,,parter,1997.0,blok,,,,,,,,,,
Warszawa Dolny Mokotów,ul. Bobrowiecka,2.0,70.0,1310000,18714.0,Bez pośredników,ponad miesiąc temu,17.0,https://adresowo.pl/o/mieszkanie-warszawa-dolny-mokotow-ul-bobrowiecka-2-pokojowe-b6v2p0,https://s2.adresowa.pl/oi/33/1f/3af26c_bd78_cover-2-pokojowe-mieszkanie-warszawa-dolny-mokotow-ul-bobrowiecka.jpg,,,1,2006.0,blok,,,,,,,,,52.198785,21.046405
Warszawa Ursus,ul. Giserska,4.0,94.0,1699000,18074.0,Oferta biura nieruchomości,ponad miesiąc temu,8.0,https://adresowo.pl/o/mieszkanie-warszawa-ursus-ul-giserska-4-pokojowe-s6e9p0,https://s2.adresowa.pl/oi/62/13/3afafe_6e2a_cover-4-pokojowe-mieszkanie-warszawa-ursus-ul-giserska.jpg,,,parter,2025.0,kamienica,,,,,,,,,52.2012,20.882021
Warszawa Powiśle,al. 3 Maja,2.0,38.0,795000,20921.0,Oferta biura nieruchomości,ponad miesiąc temu,17.0,https://adresowo.pl/o/mieszkanie-warszawa-powisle-al-3-maja-2-pokojowe-c7l0i2,https://s2.adresowa.pl/oi/37/5f/3afaec_f898_cover-2-pokojowe-mieszkanie-warszawa-powisle-al-3-maja.jpg,,,parter,1930.0,kamienica,,,,,,,,,,
Warszawa Włochy,ul. Śląska,3.0,62.0,1219000,19728.0,Bez pośredników,ponad miesiąc temu,17.0,https://adresowo.pl/o/mieszkanie-warszawa-wlochy-ul-slaska-3-pokojowe-k3p7p2,https://s2.adresowa.pl/oi/3e/15/3af220_5bad_cover-3-pokojowe-mieszkanie-warszawa-wlochy-ul-slaska.jpg,,,parter,2018.0,blok,,,,,,,,,,
Warszawa Wesoła,pl. Wojska Polskiego,2.0,57.0,710000,12560.0,Bez pośredników,ponad miesiąc temu,16.0,https://adresowo.pl/o/mieszkanie-warszawa-wesola-pl-wojska-polskiego-2-pokojowe-c8f3a8,https://s2.adresowa.pl/oi/5f/22/3af196_d49a_cover-2-pokojowe-mieszkanie-warszawa-wesola-pl-wojska-polskiego.jpg,,,4,1938.0,blok,,,,,,,,,,
Warszawa,ul. Santocka,3.0,75.0,1338741,17900.0,Oferta biura nieruchomości,ponad miesiąc temu,12.0,https://adresowo.pl/o/mieszkanie-warszawa-ul-santocka-3-pokojowe-p6t5n6,https://s2.adresowa.pl/oi/16/4e/3afad8_f94b_cover-3-pokojowe-mieszkanie-warszawa-ul-santocka.jpg,,,4,2022.0,blok,,,,,,,,,52.184197,21.076345
Warszawa Praga-Południe,ul. Mińska,3.0,60.0,1295000,21472.0,Oferta biura nieruchomości,ponad miesiąc temu,11.0,https://adresowo.pl/o/mieszkanie-warszawa-praga-poludnie-ul-minska-3-pokojowe-s3s4o4,https://s2.adresowa.pl/oi/7b/41/3afac6_a8c5_cover-3-pokojowe-mieszkanie-warszawa-praga-poludnie-ul-minska.jpg,,,1,2012.0,blok,,,,,,,,,52.251637,21.072344
Warszawa Gocław,ul. Władysława Umińskiego,3.0,59.0,889000,14992.0,Bez pośredników,ponad miesiąc temu,20.0,https://adresowo.pl/o/mieszkanie-warszawa-goclaw-ul-wladyslawa-uminskiego-3-pokojowe-j7f4o2,https://s2.adresowa.pl/oi/5b/10/3af17a_625d_cover-3-pokojowe-mieszkanie-warszawa-goclaw-ul-wladyslawa-uminskiego.jpg,,,8,1982.0,blok,,,,,,,,,,
Warszawa Bielany,ul. Zbigniewa Romaszewskiego,2.0,45.0,764000,16978.0,Bez pośredników,ponad miesiąc temu,12.0,https://adresowo.pl/o/mieszkanie-warszawa-bielany-ul-zbigniewa-romaszewskiego-2-pokojowe-i3y2u8,https://s2.adresowa.pl/oi/53/6d/3af0f0_efdc_cover-2-pokojowe-mieszkanie-warszawa-bielany-ul-zbigniewa-romaszewskiego.jpg,,,parter,1965.0,blok,,,,,,,,,,
Warszawa Piaski,ul. Władysława Broniewskiego,3.0,56.0,745000,13423.0,Bez pośredników,ponad miesiąc temu,14.0,https://adresowo.pl/o/mieszkanie-warszawa-piaski-ul-wladyslawa-broniewskiego-3-pokojowe-c7e5h9,https://s2.adresowa.pl/oi/71/1e/3af03c_ebc5_cover-3-pokojowe-mieszkanie-warszawa-piaski-ul-wladyslawa-broniewskiego.jpg,,,parter,1971.0,blok,,,,,,,,,,
Warszawa Wilanów,al. Rzeczypospolitej,2.0,53.0,989000,18838.0,Oferta biura nieruchomości,ponad miesiąc temu,10.0,https://adresowo.pl/o/mieszkanie-warszawa-wilanow-al-rzeczypospolitej-2-pokojowe-b3w1p7,https://s2.adresowa.pl/oi/31/28/3afac4_8b0c_cover-2-pokojowe-mieszkanie-warszawa-wilanow-al-rzeczypospolitej.jpg,,,parter,2015.0,apartamentowiec,,,,,,,,,,
Warszawa Praga-Północ,ul. Jadowska,1.0,35.0,490000,13881.0,Oferta biura nieruchomości,ponad miesiąc temu,7.0,https://adresowo.pl/o/mieszkanie-warszawa-praga-polnoc-ul-jadowska-1-pokoj-a5y9o6,https://s2.adresowa.pl/oi/47/6d/3af7cc_e452_cover-1-pokojowe-mieszkanie-warszawa-praga-polnoc-ul-jadowska.jpg,,,2,1932.0,,,,,,,,,,52.261979,21.056784
Warszawa Białołęka,ul. Leona Berensona,2.0,41.0,660000,16098.0,Bez pośredników,ponad miesiąc temu,7.0,https://adresowo.pl/o/mieszkanie-warszawa-bialoleka-ul-leona-berensona-2-pokojowe-n4e8f0,https://s2.adresowa.pl/oi/47/2b/3aefda_7330_cover-2-pokojowe-mieszkanie-warszawa-bialoleka-ul-leona-berensona.jpg,,,parter,1982.0,blok,,,,,,,,,52.32418,21.069108
Warszawa Muranów,ul. Pawia,2.0,35.0,700000,20000.0,Bez pośredników,ponad miesiąc temu,13.0,https://adresowo.pl/o/mieszkanie-warszawa-muranow-ul-pawia-2-pokojowe-d1u7l5,https://s2.adresowa.pl/oi/7d/68/3aefb6_604c_cover-2-pokojowe-mieszkanie-warszawa-muranow-ul-pawia.jpg,,,4,1960.0,blok,,,,,,,,,52.245156,20.986029
Warszawa Mirów,ul. Ogrodowa,3.0,65.0,1234815,19100.0,Bez pośredników,ponad miesiąc temu,20.0,https://adresowo.pl/o/mieszkanie-warszawa-mirow-ul-ogrodowa-3-pokojowe-q6m4i6,https://s2.adresowa.pl/oi/2d/12/3aef94_daa8_cover-3-pokojowe-mieszkanie-warszawa-mirow-ul-ogrodowa.jpg,,,4,1950.0,blok,,,,,,,,,,
Warszawa Mokotów,ul. Gotarda,2.0,37.0,640000,17158.0,Oferta biura nieruchomości,ponad miesiąc temu,16.0,https://adresowo.pl/o/mieszkanie-warszawa-mokotow-ul-gotarda-2-pokojowe-s8l6i4,https://s2.adresowa.pl/oi/43/5b/3af7ba_8189_cover-2-pokojowe-mieszkanie-warszawa-mokotow-ul-gotarda.jpg,,,6,1970.0,blok,,,,,,,,,52.169764,21.00029
Warszawa Śródmieście,ul. Krakowskie Przedmieście,4.0,85.0,2380000,28000.0,Oferta biura nieruchomości,ponad miesiąc temu,10.0,https://adresowo.pl/o/mieszkanie-warszawa-srodmiescie-ul-krakowskie-przedmiescie-4-pokojowe-f8o4a4,https://s2.adresowa.pl/oi/1d/43/3af7ae_b848_cover-4-pokojowe-mieszkanie-warszawa-srodmiescie-ul-krakowskie-przedmiescie.jpg,,,parter,1949.0,kamienica,,,,,,,,,52.239366,21.017566
Warszawa Żerań,ul. Modlińska,3.0,58.0,920000,15945.0,Bez pośredników,ponad miesiąc temu,14.0,https://adresowo.pl/o/mieszkanie-warszawa-zeran-ul-modlinska-3-pokojowe-q2p1q6,https://s2.adresowa.pl/oi/4e/6f/3aef24_3699_cover-3-pokojowe-mieszkanie-warszawa-zeran-ul-modlinska.jpg,,,parter,2012.0,blok,,,,,,,,,52.329095,20.966846
Warszawa Mokotów,ul. Mariana Zdziechowskiego,3.0,66.0,1868000,28235.0,Bez pośredników,ponad miesiąc temu,20.0,https://adresowo.pl/o/mieszkanie-warszawa-mokotow-ul-mariana-zdziechowskiego-3-pokojowe-d9w3d8,https://s2.adresowa.pl/oi/15/34/3aeede_9784_cover-3-pokojowe-mieszkanie-warszawa-mokotow-ul-mariana-zdziechowskiego.jpg,,,1,2023.0,blok,,,,,,,,,52.184679,21.010466
Warszawa Śródmieście,ul. Bagatela,4.0,77.0,1896300,24500.0,Bez pośredników,ponad miesiąc temu,1.0,https://adresowo.pl/o/mieszkanie-warszawa-srodmiescie-ul-bagatela-4-pokojowe-o9v5i0,https://s2.adresowa.pl/oi/52/62/3aee3e_c6a8_cover-4-pokojowe-mieszkanie-warszawa-srodmiescie-ul-bagatela.jpg,,,parter,1928.0,blok,,,,,,,,,52.213649,21.023905
Warszawa Ursynów,ul. Franciszka Marii Lanciego,4.0,95.0,1699000,17884.0,Oferta biura nieruchomości,ponad miesiąc temu,12.0,https://adresowo.pl/o/mieszkanie-warszawa-ursynow-ul-franciszka-marii-lanciego-4-pokojowe-v4q2m4,https://s2.adresowa.pl/oi/1e/44/3af7a0_bbe0_cover-4-pokojowe-mieszkanie-warszawa-ursynow-ul-franciszka-marii-lanciego.jpg,,,5,1997.0,blok,,,,,,,,,52.143771,21.057357
Warszawa Śródmieście,ul. Solec,2.0,54.0,1450000,26852.0,Oferta biura nieruchomości,ponad miesiąc temu,7.0,https://adresowo.pl/o/mieszkanie-warszawa-srodmiescie-ul-solec-2-pokojowe-x0m4g5,https://s2.adresowa.pl/oi/44/1b/3af666_88ec_cover-2-pokojowe-mieszkanie-warszawa-srodmiescie-ul-solec.jpg,,,parter,2004.0,blok,,,,,,,,,52.23545,21.032853
Warszawa Białołęka,ul. Płochocińska,2.0,49.0,631800,13000.0,Bez pośredników,ponad miesiąc temu,15.0,https://adresowo.pl/o/mieszkanie-warszawa-bialoleka-ul-plochocinska-2-pokojowe-g0d5e3,https://s2.adresowa.pl/oi/7f/7a/3aee9e_2ff0_cover-2-pokojowe-mieszkanie-warszawa-bialoleka-ul-plochocinska.jpg,,,parter,2015.0,blok,,,,,,,,,,
Warszawa Wesoła,ul. Władysława Sikorskiego,1.0,18.0,350000,19444.0,Bez pośredników,ponad miesiąc temu,3.0,https://adresowo.pl/o/mieszkanie-warszawa-wesola-ul-wladyslawa-sikorskiego-1-pokoj-e4d8v9,https://s2.adresowa.pl/oi/55/5f/3aee16_cefd_cover-1-pokojowe-mieszkanie-warszawa-wesola-ul-wladyslawa-sikorskiego.jpg,,,parter,1956.0,kamienica,,,,,,,,,52.251973,21.239125
Warszawa Wola,ul. Karolkowa,2.0,28.0,795000,28393.0,Oferta biura nieruchomości,ponad miesiąc temu,12.0,https://adresowo.pl/o/mieszkanie-warszawa-wola-ul-karolkowa-2-pokojowe-q4i5a9,https://s2.adresowa.pl/oi/2a/70/3af656_8e9b_cover-2-pokojowe-mieszkanie-warszawa-wola-ul-karolkowa.jpg,,,parter,2020.0,blok,,,,,,,,,,
Warszawa Mokotów,ul. Jana III Sobieskiego,3.0,167.0,2650000,15868.0,Oferta biura nieruchomości,ponad miesiąc temu,20.0,https://adresowo.pl/o/mieszkanie-warszawa-mokotow-ul-jana-iii-sobieskiego-3-pokojowe-j1o1z9,https://s2.adresowa.pl/oi/4e/5e/3af650_4dad_cover-3-pokojowe-mieszkanie-warszawa-mokotow-ul-jana-iii-sobieskiego.jpg,,,2,2000.0,blok,,,,,,,,,52.170562,21.066604
Warszawa Mokotów,ul. Jurija Gagarina,2.0,51.0,760000,14902.0,Bez pośredników,ponad miesiąc temu,7.0,https://adresowo.pl/o/mieszkanie-warszawa-mokotow-ul-jurija-gagarina-2-pokojowe-b8f2p6,https://s2.adresowa.pl/oi/1a/10/3aecba_d330_cover-2-pokojowe-mieszkanie-warszawa-mokotow-ul-jurija-gagarina.jpg,,,1958,1958.0,blok,,,,,,,,,,
Warszawa Mokotów,ul. Obrzeżna,4.0,78.0,1690000,21584.0,Bez pośredników,ponad miesiąc temu,13.0,https://adresowo.pl/o/mieszkanie-warszawa-mokotow-ul-obrzezna-4-pokojowe-k8e0x5,https://s2.adresowa.pl/oi/7f/40/3aec70_f836_cover-4-pokojowe-mieszkanie-warszawa-mokotow-ul-obrzezna.jpg,,,parter,2016.0,blok,,,,,,,,,52.173523,20.999927
Warszawa Wola,ul. Ogrodowa,1.0,38.0,1150000,30311.0,Oferta biura nieruchomości,ponad miesiąc temu,16.0,https://adresowo.pl/o/mieszkanie-warszawa-wola-ul-ogrodowa-1-pokoj-w0e9u8,https://s2.adresowa.pl/oi/12/3f/3af642_4b52_cover-1-pokojowe-mieszkanie-warszawa-wola-ul-ogrodowa.jpg,,,11,1914.0,kamienica,,,,,,,,,52.239307,20.99
Warszawa Mokotów,ul. Gotarda,4.0,64.0,780000,12188.0,Oferta biura nieruchomości,ponad miesiąc temu,7.0,https://adresowo.pl/o/mieszkanie-warszawa-mokotow-ul-gotarda-4-pokojowe-s7x3k8,https://s2.adresowa.pl/oi/6a/58/3af4e4_8a76_cover-4-pokojowe-mieszkanie-warszawa-mokotow-ul-gotarda.jpg,,,1973,1973.0,blok,,,,,,,,,52.170332,21.002635
Warszawa Praga-Południe,ul. Motorowa,1.0,43.0,695000,16125.0,Bez pośredników,ponad miesiąc temu,6.0,https://adresowo.pl/o/mieszkanie-warszawa-praga-poludnie-ul-motorowa-1-pokoj-j7j7u5,https://s2.adresowa.pl/oi/69/6c/3928e6_5650_cover-1-pokojowe-mieszkanie-warszawa-praga-poludnie-ul-motorowa.jpg,,,parter,2001.0,blok,,,,,,,,,52.233314,21.083092
Warszawa Białołęka,ul. Krzyżówki,3.0,58.0,899000,15447.0,Bez pośredników,ponad miesiąc temu,10.0,https://adresowo.pl/o/mieszkanie-warszawa-bialoleka-ul-krzyzowki-3-pokojowe-q6b8i8,https://s2.adresowa.pl/oi/18/23/3aec4a_fb10_cover-3-pokojowe-mieszkanie-warszawa-bialoleka-ul-krzyzowki.jpg,,,parter,2020.0,blok,,,,,,,,,52.307847,20.993846
Warszawa Ursynów,ul. Franciszka Marii Lanciego,2.0,50.0,749000,14980.0,Bez pośredników,ponad miesiąc temu,7.0,https://adresowo.pl/o/mieszkanie-warszawa-ursynow-ul-franciszka-marii-lanciego-2-pokojowe-p9k9m9,https://s2.adresowa.pl/oi/71/17/3aebb2_a757_cover-2-pokojowe-mieszkanie-warszawa-ursynow-ul-franciszka-marii-lanciego.jpg,,,1,1983.0,blok,,,,,,,,,52.142971,21.060558
Warszawa Białołęka,ul. Odkryta,2.0,48.0,639000,13285.0,Bez pośredników,ponad miesiąc temu,14.0,https://adresowo.pl/o/mieszkanie-warszawa-bialoleka-ul-odkryta-2-pokojowe-m4g0l0,https://s2.adresowa.pl/oi/10/74/3aeb28_a322_cover-2-pokojowe-mieszkanie-warszawa-bialoleka-ul-odkryta.jpg,,,parter,2008.0,blok,,,,,,,,,52.323573,20.937709
Warszawa Praga-Południe,ul. Józefa Dwernickiego,1.0,34.0,569000,16735.0,Oferta biura nieruchomości,ponad miesiąc temu,6.0,https://adresowo.pl/o/mieszkanie-warszawa-praga-poludnie-ul-jozefa-dwernickiego-1-pokoj-a7d5o2,https://s2.adresowa.pl/oi/44/3f/3af256_991e_cover-1-pokojowe-mieszkanie-warszawa-praga-poludnie-ul-jozefa-dwernickiego.jpg,,,1965,1965.0,blok,,,,,,,,,52.250476,21.08009
Warszawa Mokotów,ul. Iwicka,2.0,50.0,1119000,22380.0,Oferta biura nieruchomości,ponad miesiąc temu,12.0,https://adresowo.pl/o/mieszkanie-warszawa-mokotow-ul-iwicka-2-pokojowe-h3b8s6,https://s2.adresowa.pl/oi/49/79/3af252_cad0_cover-2-pokojowe-mieszkanie-warszawa-mokotow-ul-iwicka.jpg,,,1958,1958.0,kamienica,,,,,,,,,52.208323,21.042218
Warszawa Chrzanów,ul. Kopalniana,3.0,58.0,1050000,18191.0,Bez pośredników,ponad miesiąc temu,18.0,https://adresowo.pl/o/mieszkanie-warszawa-chrzanow-ul-kopalniana-3-pokojowe-s4z4b2,https://s2.adresowa.pl/oi/77/28/3aeab4_2714_cover-3-pokojowe-mieszkanie-warszawa-chrzanow-ul-kopalniana.jpg,,,1,2021.0,blok,,,,,,,,,52.220321,20.889118
Warszawa Wola,ul. Wronia,3.0,83.0,2780000,33494.0,Bez pośredników,ponad miesiąc temu,13.0,https://adresowo.pl/o/mieszkanie-warszawa-wola-ul-wronia-3-pokojowe-a2n3y7,https://s2.adresowa.pl/oi/57/4d/3ae98a_3404_cover-3-pokojowe-mieszkanie-warszawa-wola-ul-wronia.jpg,,,2,2013.0,apartamentowiec,,,,,,,,,,
Warszawa Ochota,ul. Barska,1.0,23.0,530000,22796.0,Bez pośredników,ponad miesiąc temu,12.0,https://adresowo.pl/o/mieszkanie-warszawa-ochota-ul-barska-1-pokoj-a3i4u8,https://s2.adresowa.pl/oi/22/43/3ae97a_4005_cover-1-pokojowe-mieszkanie-warszawa-ochota-ul-barska.jpg,,,7,1950.0,kamienica,,,,,,,,,,
Warszawa Gocław,ul. Cyrklowa,2.0,38.0,599000,15763.0,Oferta biura nieruchomości,ponad miesiąc temu,7.0,https://adresowo.pl/o/mieszkanie-warszawa-goclaw-ul-cyrklowa-2-pokojowe-c2f3u5,https://s2.adresowa.pl/oi/20/21/3af24e_980f_cover-2-pokojowe-mieszkanie-warszawa-goclaw-ul-cyrklowa.jpg,,,2,1974.0,blok,,,,,,,,,,
Warszawa Mokotów,ul. Magazynowa,3.0,55.0,1089000,19800.0,Oferta biura nieruchomości,ponad miesiąc temu,14.0,https://adresowo.pl/o/mieszkanie-warszawa-mokotow-ul-magazynowa-3-pokojowe-u6z0r9,https://s2.adresowa.pl/oi/1f/13/3af240_c03b_cover-3-pokojowe-mieszkanie-warszawa-mokotow-ul-magazynowa.jpg,,,2,2016.0,blok,,,,,,,,,52.187038,21.004505
Warszawa Ursynów,ul. Wiolinowa,2.0,42.0,640000,15202.0,Bez pośredników,ponad miesiąc temu,9.0,https://adresowo.pl/o/mieszkanie-warszawa-ursynow-ul-wiolinowa-2-pokojowe-l9y9t3,https://s2.adresowa.pl/oi/63/45/3ae922_9819_cover-2-pokojowe-mieszkanie-warszawa-ursynow-ul-wiolinowa.jpg,,,2,1978.0,blok,,,,,,,,,52.159787,21.027391
Warszawa Białołęka,ul. Pawła Włodkowica,2.0,44.0,599000,13651.0,Bez pośredników,ponad miesiąc temu,7.0,https://adresowo.pl/o/mieszkanie-warszawa-bialoleka-ul-pawla-wlodkowica-2-pokojowe-v8o2s7,https://s2.adresowa.pl/oi/14/15/3ae8a4_bd1e_cover-2-pokojowe-mieszkanie-warszawa-bialoleka-ul-pawla-wlodkowica.jpg,,,parter,2025.0,blok,,,,,,,,,,
Warszawa Włochy,ul. Jutrzenki,4.0,75.0,1095975,14711.0,Bez pośredników,ponad miesiąc temu,1.0,https://adresowo.pl/o/mieszkanie-warszawa-wlochy-ul-jutrzenki-4-pokojowe-m0j0c8,https://s2.adresowa.pl/oi/55/37/3ae846_af42_cover-4-pokojowe-mieszkanie-warszawa-wlochy-ul-jutrzenki.jpg,,,parter,2025.0,blok,,,,,,,,,52.191396,20.927935
Warszawa Ursynów,ul. Zięby,2.0,49.0,1039000,21204.0,Oferta biura nieruchomości,ponad miesiąc temu,8.0,https://adresowo.pl/o/mieszkanie-warszawa-ursynow-ul-zieby-2-pokojowe-m3d6z0,https://s2.adresowa.pl/oi/3c/26/3af232_c085_cover-2-pokojowe-mieszkanie-warszawa-ursynow-ul-zieby.jpg,,,2,2019.0,blok,,,,,,,,,52.14998,21.027586
Warszawa Praga-Południe,ul. Opinogórska,3.0,48.0,679000,14146.0,Oferta biura nieruchomości,ponad miesiąc temu,7.0,https://adresowo.pl/o/mieszkanie-warszawa-praga-poludnie-ul-opinogorska-3-pokojowe-l1q4w1,https://s2.adresowa.pl/oi/77/53/3af22e_5ae6_cover-3-pokojowe-mieszkanie-warszawa-praga-poludnie-ul-opinogorska.jpg,,,1,1975.0,blok,,,,,,,,,,
Warszawa Włochy,ul. Jutrzenki,3.0,61.0,953000,15654.0,Bez pośredników,ponad miesiąc temu,4.0,https://adresowo.pl/o/mieszkanie-warszawa-wlochy-ul-jutrzenki-3-pokojowe-x2p4t8,https://s2.adresowa.pl/oi/7f/3d/3ae810_d81c_cover-3-pokojowe-mieszkanie-warszawa-wlochy-ul-jutrzenki.jpg,,,10,2025.0,blok,,,,,,,,,,
Warszawa Mokotów,ul. Kiwi,3.0,71.0,1719000,24383.0,Bez pośredników,ponad miesiąc temu,9.0,https://adresowo.pl/o/mieszkanie-warszawa-mokotow-ul-kiwi-3-pokojowe-h8o8a3,https://s2.adresowa.pl/oi/1f/35/3ae802_a322_cover-3-pokojowe-mieszkanie-warszawa-mokotow-ul-kiwi.jpg,,,parter,,blok,,,,,,,,,52.206761,21.071037
Warszawa Ursynów,ul. Romualda Gutta,2.0,33.0,528000,16000.0,Bez pośredników,ponad miesiąc temu,8.0,https://adresowo.pl/o/mieszkanie-warszawa-ursynow-ul-romualda-gutta-2-pokojowe-g9t0r4,https://s2.adresowa.pl/oi/53/7c/3ae560_dbe2_cover-2-pokojowe-mieszkanie-warszawa-ursynow-ul-romualda-gutta.jpg,,,3,,blok,,,,,,,,,,
Warszawa Bielany,ul. Leopolda Staffa,2.0,36.0,669000,18583.0,Oferta biura nieruchomości,ponad miesiąc temu,9.0,https://adresowo.pl/o/mieszkanie-warszawa-bielany-ul-leopolda-staffa-2-pokojowe-g6k4s2,https://s2.adresowa.pl/oi/43/18/3af22a_7820_cover-2-pokojowe-mieszkanie-warszawa-bielany-ul-leopolda-staffa.jpg,,,11,1972.0,kamienica,,,,,,,,,,
Warszawa Praga-Południe,ul. Lubomira,4.0,65.0,1685000,25923.0,Oferta biura nieruchomości,ponad miesiąc temu,22.0,https://adresowo.pl/o/mieszkanie-warszawa-praga-poludnie-ul-lubomira-4-pokojowe-q5r1p2,https://s2.adresowa.pl/oi/27/54/3af1ec_6bd7_cover-4-pokojowe-mieszkanie-warszawa-praga-poludnie-ul-lubomira.jpg,,,parter,2018.0,blok,,,,,,,,,52.244917,21.076824
Warszawa Skorosze,ul. Ryżowa,2.0,43.0,856114,19998.0,Bez pośredników,ponad miesiąc temu,9.0,https://adresowo.pl/o/mieszkanie-warszawa-skorosze-ul-ryzowa-2-pokojowe-z5t0c0,https://s2.adresowa.pl/oi/32/70/3ae49a_f43b_cover-2-pokojowe-mieszkanie-warszawa-skorosze-ul-ryzowa.jpg,,,parter,2025.0,blok,,,,,,,,,52.189141,20.906022
Warszawa Wola,ul. Monte Cassino,2.0,37.0,589000,15919.0,Bez pośredników,ponad miesiąc temu,1.0,https://adresowo.pl/o/mieszkanie-warszawa-wola-ul-monte-cassino-2-pokojowe-m3v3r0,https://s2.adresowa.pl/oi/71/6d/3ae428_757c_cover-2-pokojowe-mieszkanie-warszawa-wola-ul-monte-cassino.jpg,,,7,1960.0,blok,,,,,,,,,,
Warszawa Bielany,ul. Skalbmierska,2.0,37.0,644000,17500.0,Bez pośredników,ponad miesiąc temu,12.0,https://adresowo.pl/o/mieszkanie-warszawa-bielany-ul-skalbmierska-2-pokojowe-g1z1c6,https://s2.adresowa.pl/oi/13/3d/3ae29e_4479_cover-2-pokojowe-mieszkanie-warszawa-bielany-ul-skalbmierska.jpg,,,parter,1958.0,kamienica,,,,,,,,,,
Warszawa Mokotów,ul. Dolna,2.0,49.0,700000,14286.0,Oferta biura nieruchomości,ponad miesiąc temu,6.0,https://adresowo.pl/o/mieszkanie-warszawa-mokotow-ul-dolna-2-pokojowe-b1b7g7,https://s2.adresowa.pl/oi/7e/1b/3af140_898d_cover-2-pokojowe-mieszkanie-warszawa-mokotow-ul-dolna.jpg,,,4,1986.0,blok,,,,,,,,,,
Warszawa Śródmieście,ul. Górnośląska,1.0,31.0,590000,19032.0,Oferta biura nieruchomości,ponad miesiąc temu,13.0,https://adresowo.pl/o/mieszkanie-warszawa-srodmiescie-ul-gornoslaska-1-pokoj-k8f0f7,https://s2.adresowa.pl/oi/6b/10/3af134_49c6_cover-1-pokojowe-mieszkanie-warszawa-srodmiescie-ul-gornoslaska.jpg,,,5,1953.0,kamienica,,,,,,,,,,
Warszawa Ursynów,ul. Jana Rosoła,3.0,57.0,1015000,17807.0,Bez pośredników,ponad miesiąc temu,6.0,https://adresowo.pl/o/mieszkanie-warszawa-ursynow-ul-jana-rosola-3-pokojowe-a0i2a6,https://s2.adresowa.pl/oi/77/25/3ae284_e86b_cover-3-pokojowe-mieszkanie-warszawa-ursynow-ul-jana-rosola.jpg,,,parter,2000.0,blok,,,,,,,,,,
Warszawa Ursus,ul. Dzieci Warszawy,2.0,47.0,669000,14234.0,Bez pośredników,ponad miesiąc temu,17.0,https://adresowo.pl/o/mieszkanie-warszawa-ursus-ul-dzieci-warszawy-2-pokojowe-m2k3s0,https://s2.adresowa.pl/oi/6e/61/3ae26e_5d7f_cover-2-pokojowe-mieszkanie-warszawa-ursus-ul-dzieci-warszawy.jpg,,,parter,1965.0,blok,,,,,,,,,52.193951,20.902555
Warszawa Białołęka,ul. Dziatwy,2.0,44.0,780000,17671.0,Bez pośredników,ponad miesiąc temu,12.0,https://adresowo.pl/o/mieszkanie-warszawa-bialoleka-ul-dziatwy-2-pokojowe-t1a0w3,https://s2.adresowa.pl/oi/11/2d/3ae16c_6f1d_cover-2-pokojowe-mieszkanie-warszawa-bialoleka-ul-dziatwy.jpg,,,parter,2016.0,blok,,,,,,,,,52.331558,20.971177
Warszawa Targówek,ul. Uznamska,2.0,55.0,812000,14684.0,Oferta biura nieruchomości,ponad miesiąc temu,17.0,https://adresowo.pl/o/mieszkanie-warszawa-targowek-ul-uznamska-2-pokojowe-j7a7w3,https://s2.adresowa.pl/oi/2f/5f/3af130_4ab9_cover-2-pokojowe-mieszkanie-warszawa-targowek-ul-uznamska.jpg,,,3,2009.0,blok,,,,,,,,,52.288674,21.079784
Warszawa Targówek,ul. Bolesławicka,1.0,31.0,539000,17672.0,Oferta biura nieruchomości,ponad miesiąc temu,8.0,https://adresowo.pl/o/mieszkanie-warszawa-targowek-ul-boleslawicka-1-pokoj-u3z2x2,https://s2.adresowa.pl/oi/15/4d/3af12c_b2b6_cover-1-pokojowe-mieszkanie-warszawa-targowek-ul-boleslawicka.jpg,,,1,1970.0,blok,,,,,,,,,,
Warszawa Targówek,ul. Żuromińska,2.0,38.0,579999,15263.0,Bez pośredników,ponad miesiąc temu,18.0,https://adresowo.pl/o/mieszkanie-warszawa-targowek-ul-zurominska-2-pokojowe-n0f4z1,https://s2.adresowa.pl/oi/1a/22/3ade92_d4e2_cover-2-pokojowe-mieszkanie-warszawa-targowek-ul-zurominska.jpg,,,parter,1972.0,blok,,,,,,,,,52.287372,21.041899
Warszawa Wola,ul. Okopowa,3.0,47.0,780000,16738.0,Bez pośredników,ponad miesiąc temu,8.0,https://adresowo.pl/o/mieszkanie-warszawa-wola-ul-okopowa-3-pokojowe-c6k4r6,https://s2.adresowa.pl/oi/71/1c/3ade58_3cc1_cover-3-pokojowe-mieszkanie-warszawa-wola-ul-okopowa.jpg,,,parter,1980.0,blok,,,,,,,,,52.244959,20.97735
Warszawa Wola,ul. Księcia Janusza,3.0,48.0,790000,16458.0,Bez pośredników,ponad miesiąc temu,8.0,https://adresowo.pl/o/mieszkanie-warszawa-wola-ul-ksiecia-janusza-3-pokojowe-l5a4s4,https://s2.adresowa.pl/oi/44/23/3ade52_8e73_cover-3-pokojowe-mieszkanie-warszawa-wola-ul-ksiecia-janusza.jpg,,,parter,1980.0,blok,,,,,,,,,52.244201,20.940068
Warszawa Bielany,ul. Gwiaździsta,3.0,54.0,728000,13481.0,Oferta biura nieruchomości,ponad miesiąc temu,18.0,https://adresowo.pl/o/mieszkanie-warszawa-bielany-ul-gwiazdzista-3-pokojowe-u7o1x7,https://s2.adresowa.pl/oi/41/3e/3af0c8_8125_cover-3-pokojowe-mieszkanie-warszawa-bielany-ul-gwiazdzista.jpg,,,9,1980.0,blok,,,,,,,,,52.28426,20.978459
Warszawa Śródmieście,ul. Zagórna,4.0,72.0,2350000,32639.0,Oferta biura nieruchomości,ponad miesiąc temu,27.0,https://adresowo.pl/o/mieszkanie-warszawa-srodmiescie-ul-zagorna-4-pokojowe-r8j9j3,https://s2.adresowa.pl/oi/2f/39/3aeffc_835d_cover-4-pokojowe-mieszkanie-warszawa-srodmiescie-ul-zagorna.jpg,,,parter,1984.0,apartamentowiec,,,,,,,,,52.227061,21.041311
Warszawa Odolany,ul. Boguszewska,1.0,29.0,420000,14483.0,Bez pośredników,ponad miesiąc temu,7.0,https://adresowo.pl/o/mieszkanie-warszawa-odolany-ul-boguszewska-1-pokoj-w0z2h8,https://s2.adresowa.pl/oi/12/51/3add2a_3f5d_cover-1-pokojowe-mieszkanie-warszawa-odolany-ul-boguszewska.jpg,,,parter,1975.0,blok,,,,,,,,,52.221732,20.939284
Warszawa Wola,ul. Chłodna,2.0,39.0,775000,19974.0,Bez pośredników,ponad miesiąc temu,14.0,https://adresowo.pl/o/mieszkanie-warszawa-wola-ul-chlodna-2-pokojowe-c7v8a6,https://s2.adresowa.pl/oi/4e/3d/3adcb2_6baf_cover-2-pokojowe-mieszkanie-warszawa-wola-ul-chlodna.jpg,,,parter,1969.0,kamienica,,,,,,,,,,
Warszawa,ul. Eustachego Tyszkiewicza,2.0,44.0,767000,17392.0,Oferta biura nieruchomości,ponad miesiąc temu,26.0,https://adresowo.pl/o/mieszkanie-warszawa-ul-eustachego-tyszkiewicza-2-pokojowe-v8a7g9,https://s2.adresowa.pl/oi/71/50/3aeff6_9094_cover-2-pokojowe-mieszkanie-warszawa-ul-eustachego-tyszkiewicza.jpg,,,1962,1962.0,blok,,,,,,,,,,
Warszawa Białołęka,ul. Krokwi,3.0,74.0,1049970,14247.0,Oferta biura nieruchomości,ponad miesiąc temu,12.0,https://adresowo.pl/o/mieszkanie-warszawa-bialoleka-ul-krokwi-3-pokojowe-g6n6w3,https://s2.adresowa.pl/oi/63/72/3aef6a_d779_cover-3-pokojowe-mieszkanie-warszawa-bialoleka-ul-krokwi.jpg,,,parter,2012.0,blok,,,,,,,,,,
Warszawa Ochota,ul. Geodetów,2.0,37.0,589000,15919.0,Bez pośredników,ponad miesiąc temu,7.0,https://adresowo.pl/o/mieszkanie-warszawa-ochota-ul-geodetow-2-pokojowe-w2y0k5,https://s2.adresowa.pl/oi/64/35/3adca2_308b_cover-2-pokojowe-mieszkanie-warszawa-ochota-ul-geodetow.jpg,,,6,1970.0,blok,,,,,,,,,,
Warszawa,ul. Waleriana Czumy,2.0,50.0,670000,13400.0,Bez pośredników,ponad miesiąc temu,11.0,https://adresowo.pl/o/mieszkanie-warszawa-ul-waleriana-czumy-2-pokojowe-e5a3v6,https://s2.adresowa.pl/oi/74/68/3adc9a_96df_cover-2-pokojowe-mieszkanie-warszawa-ul-waleriana-czumy.jpg,,,3,1978.0,blok,,,,,,,,,,
Warszawa Mokotów,ul. Egejska,2.0,40.0,850000,21250.0,Bez pośredników,ponad miesiąc temu,20.0,https://adresowo.pl/o/mieszkanie-warszawa-mokotow-ul-egejska-2-pokojowe-p7a9h0,https://s2.adresowa.pl/oi/19/6d/3adc92_fdb0_cover-2-pokojowe-mieszkanie-warszawa-mokotow-ul-egejska.jpg,,,parter,2008.0,blok,,,,,,,,,52.179261,21.054742
Warszawa Ursynów,ul. Wojciecha Bogumiła Jastrzębowskiego,2.0,58.0,1199000,20566.0,Oferta biura nieruchomości,ponad miesiąc temu,5.0,https://adresowo.pl/o/mieszkanie-warszawa-ursynow-ul-wojciecha-bogumila-jastrzebowskiego-2-pokojowe-b9i3o9,https://s2.adresowa.pl/oi/58/4d/3aef60_625d_cover-2-pokojowe-mieszkanie-warszawa-ursynow-ul-wojciecha-bogumila-jastrzebowskiego.jpg,,,parter,2004.0,blok,,,,,,,,,52.161375,21.037523
Warszawa Śródmieście,ul. Grzybowska,3.0,97.0,2800000,28807.0,Oferta biura nieruchomości,ponad miesiąc temu,23.0,https://adresowo.pl/o/mieszkanie-warszawa-srodmiescie-ul-grzybowska-3-pokojowe-g1c8a9,https://s2.adresowa.pl/oi/27/77/3aef5e_f160_cover-3-pokojowe-mieszkanie-warszawa-srodmiescie-ul-grzybowska.jpg,,,parter,2004.0,blok,,,,,,,,,52.23725,20.99989
Warszawa Wola,ul. Leszno,2.0,64.0,1250000,19531.0,Bez pośredników,ponad miesiąc temu,11.0,https://adresowo.pl/o/mieszkanie-warszawa-wola-ul-leszno-2-pokojowe-p2x0k9,https://s2.adresowa.pl/oi/5d/3b/3adc7a_b7e1_cover-2-pokojowe-mieszkanie-warszawa-wola-ul-leszno.jpg,,,2,2008.0,blok,,,,,,,,,,
Warszawa Powsinek,ul. Sarmacka,2.0,38.0,740000,19474.0,Bez pośredników,ponad miesiąc temu,6.0,https://adresowo.pl/o/mieszkanie-warszawa-powsinek-ul-sarmacka-2-pokojowe-m2i0k3,https://s2.adresowa.pl/oi/2e/67/3adc62_b89f_cover-2-pokojowe-mieszkanie-warszawa-powsinek-ul-sarmacka.jpg,,,2,2023.0,blok,,,,,,,,,,
Warszawa Białołęka,ul. Marii Callas,2.0,37.0,629000,17167.0,Bez pośredników,ponad miesiąc temu,5.0,https://adresowo.pl/o/mieszkanie-warszawa-bialoleka-ul-marii-callas-2-pokojowe-k7q1t9,https://s2.adresowa.pl/oi/6b/11/3adbec_331b_cover-2-pokojowe-mieszkanie-warszawa-bialoleka-ul-marii-callas.jpg,,,parter,2023.0,blok,,,,,,,,,,
Warszawa Wola,ul. Grzybowska,3.0,57.0,910000,15892.0,Oferta biura nieruchomości,ponad miesiąc temu,15.0,https://adresowo.pl/o/mieszkanie-warszawa-wola-ul-grzybowska-3-pokojowe-v2j5f0,https://s2.adresowa.pl/oi/7b/39/3aef50_d4be_cover-3-pokojowe-mieszkanie-warszawa-wola-ul-grzybowska.jpg,,,2,1970.0,blok,,,,,,,,,,
Warszawa Wola,ul. Jana Kazimierza,2.0,39.0,959420,24500.0,Oferta biura nieruchomości,ponad miesiąc temu,14.0,https://adresowo.pl/o/mieszkanie-warszawa-wola-ul-jana-kazimierza-2-pokojowe-m0l3j5,https://s2.adresowa.pl/oi/55/46/3aeca6_c0e8_cover-2-pokojowe-mieszkanie-warszawa-wola-ul-jana-kazimierza.jpg,,,parter,2018.0,blok,,,,,,,,,,
Warszawa Mokotów,ul. Bukietowa,2.0,36.0,580000,15917.0,Bez pośredników,ponad miesiąc temu,7.0,https://adresowo.pl/o/mieszkanie-warszawa-mokotow-ul-bukietowa-2-pokojowe-n6k1r4,https://s2.adresowa.pl/oi/73/5f/3adb5a_3247_cover-2-pokojowe-mieszkanie-warszawa-mokotow-ul-bukietowa.jpg,,,3,1962.0,blok,,,,,,,,,52.189745,21.012669
Warszawa Śródmieście,ul. Pańska,3.0,47.0,1150000,24468.0,Bez pośredników,ponad miesiąc temu,6.0,https://adresowo.pl/o/mieszkanie-warszawa-srodmiescie-ul-panska-3-pokojowe-p5j4m5,https://s2.adresowa.pl/oi/4e/6b/3ada9a_c3ab_cover-3-pokojowe-mieszkanie-warszawa-srodmiescie-ul-panska.jpg,,,1,,blok,,,,,,,,,52.231537,20.993455
Warszawa Ursynów,ul. Hawajska,3.0,60.0,845000,14083.0,Bez pośredników,ponad miesiąc temu,9.0,https://adresowo.pl/o/mieszkanie-warszawa-ursynow-ul-hawajska-3-pokojowe-d8b4l8,https://s2.adresowa.pl/oi/71/2a/3ada92_b9b1_cover-3-pokojowe-mieszkanie-warszawa-ursynow-ul-hawajska.jpg,,,11,1979.0,blok,,,,,,,,,,
Warszawa Białołęka,ul. Aluzyjna,3.0,61.0,960000,15730.0,Oferta biura nieruchomości,ponad miesiąc temu,12.0,https://adresowo.pl/o/mieszkanie-warszawa-bialoleka-ul-aluzyjna-3-pokojowe-x0r0x3,https://s2.adresowa.pl/oi/6b/1c/3aec94_366e_cover-3-pokojowe-mieszkanie-warszawa-bialoleka-ul-aluzyjna.jpg,,,parter,2021.0,blok,,,,,,,,,52.344261,20.94326
Warszawa Białołęka,ul. Marii Callas,2.0,39.0,499000,12795.0,Oferta biura nieruchomości,ponad miesiąc temu,6.0,https://adresowo.pl/o/mieszkanie-warszawa-bialoleka-ul-marii-callas-2-pokojowe-c6t8s2,https://s2.adresowa.pl/oi/7b/4f/3aec30_eaa0_cover-2-pokojowe-mieszkanie-warszawa-bialoleka-ul-marii-callas.jpg,,,2,2025.0,blok,,,,,,,,,52.34528,21.0565
Warszawa Kabaty,ul. Wąwozowa,2.0,67.0,1299000,19388.0,Bez pośredników,ponad miesiąc temu,16.0,https://adresowo.pl/o/mieszkanie-warszawa-kabaty-ul-wawozowa-2-pokojowe-l4o6r4,https://s2.adresowa.pl/oi/33/6c/3ada7e_8525_cover-2-pokojowe-mieszkanie-warszawa-kabaty-ul-wawozowa.jpg,,,2,2005.0,blok,,,,,,,,,,
Warszawa Bemowo,ul. Juliusza Kaden-Bandrowskiego,4.0,74.0,1249000,16878.0,Bez pośredników,ponad miesiąc temu,17.0,https://adresowo.pl/o/mieszkanie-warszawa-bemowo-ul-juliusza-kaden-bandrowskiego-4-pokojowe-k5f7s9,https://s2.adresowa.pl/oi/4d/1c/3ada74_429b_cover-4-pokojowe-mieszkanie-warszawa-bemowo-ul-juliusza-kaden-bandrowskiego.jpg,,,parter,1987.0,blok,,,,,,,,,52.249951,20.923372
Warszawa Bródno,ul. Rembielińska,3.0,61.0,750000,12336.0,Bez pośredników,ponad miesiąc temu,9.0,https://adresowo.pl/o/mieszkanie-warszawa-brodno-ul-rembielinska-3-pokojowe-r1k6o1,https://s2.adresowa.pl/oi/49/72/3ad9f0_8c0f_cover-3-pokojowe-mieszkanie-warszawa-brodno-ul-rembielinska.jpg,,,20,1980.0,blok,,,,,,,,,52.28726,21.032136
Warszawa Białołęka,ul. Marii Callas,4.0,78.0,790000,10128.0,Oferta biura nieruchomości,ponad miesiąc temu,8.0,https://adresowo.pl/o/mieszkanie-warszawa-bialoleka-ul-marii-callas-4-pokojowe-v7y8s6,https://s2.adresowa.pl/oi/6c/18/3aec2e_e050_cover-4-pokojowe-mieszkanie-warszawa-bialoleka-ul-marii-callas.jpg,,,parter,2025.0,blok,,,,,,,,,52.34077,21.05574
Warszawa Wola,ul. Antka Rozpylacza,2.0,39.0,595000,15451.0,Bez pośredników,ponad miesiąc temu,10.0,https://adresowo.pl/o/mieszkanie-warszawa-wola-ul-antka-rozpylacza-2-pokojowe-w5g3t4,https://s2.adresowa.pl/oi/21/61/3ad8dc_79bc_cover-2-pokojowe-mieszkanie-warszawa-wola-ul-antka-rozpylacza.jpg,,,4,1964.0,blok,,,,,,,,,,
Warszawa Białołęka,ul. Aluzyjna,2.0,50.0,600000,11976.0,Bez pośredników,ponad miesiąc temu,13.0,https://adresowo.pl/o/mieszkanie-warszawa-bialoleka-ul-aluzyjna-2-pokojowe-d3s8z0,https://s2.adresowa.pl/oi/26/31/3ad656_9ab9_cover-2-pokojowe-mieszkanie-warszawa-bialoleka-ul-aluzyjna.jpg,,,parter,2002.0,blok,,,,,,,,,52.346239,20.936418
Warszawa Żerań,ul. Modlińska,4.0,77.0,1250000,16293.0,Bez pośredników,ponad miesiąc temu,13.0,https://adresowo.pl/o/mieszkanie-warszawa-zeran-ul-modlinska-4-pokojowe-a1f1q2,https://s2.adresowa.pl/oi/34/43/3ad638_79d4_cover-4-pokojowe-mieszkanie-warszawa-zeran-ul-modlinska.jpg,,,parter,2018.0,blok,,,,,,,,,,
Warszawa Praga-Południe,ul. Pawła Włodkowica,3.0,41.0,555000,13537.0,Oferta biura nieruchomości,ponad miesiąc temu,5.0,https://adresowo.pl/o/mieszkanie-warszawa-praga-poludnie-ul-pawla-wlodkowica-3-pokojowe-q0d9j6,https://s2.adresowa.pl/oi/65/45/3aec2a_c46c_cover-3-pokojowe-mieszkanie-warszawa-praga-poludnie-ul-pawla-wlodkowica.jpg,,,1,2025.0,blok,,,,,,,,,52.307504,21.031604
Warszawa Śródmieście,ul. Poznańska,3.0,71.0,1495000,21056.0,Oferta biura nieruchomości,ponad miesiąc temu,6.0,https://adresowo.pl/o/mieszkanie-warszawa-srodmiescie-ul-poznanska-3-pokojowe-q4s6i2,https://s2.adresowa.pl/oi/1b/18/3aea32_295c_cover-3-pokojowe-mieszkanie-warszawa-srodmiescie-ul-poznanska.jpg,,,parter,1930.0,blok,,,,,,,,,52.2246,21.011931
Warszawa Wola,ul. Wolska,1.0,24.0,441540,18398.0,Bez pośredników,ponad miesiąc temu,6.0,https://adresowo.pl/o/mieszkanie-warszawa-wola-ul-wolska-1-pokoj-n1k3l3,https://s2.adresowa.pl/oi/62/41/3ad450_2da3_cover-1-pokojowe-mieszkanie-warszawa-wola-ul-wolska.jpg,,,1,1935.0,apartamentowiec,,,,,,,,,52.230333,20.954032
Warszawa Śródmieście,ul. Grzybowska,2.0,39.0,755000,19459.0,Bez pośredników,ponad miesiąc temu,8.0,https://adresowo.pl/o/mieszkanie-warszawa-srodmiescie-ul-grzybowska-2-pokojowe-v8o2p7,https://s2.adresowa.pl/oi/2f/46/3ad420_57ed_cover-2-pokojowe-mieszkanie-warszawa-srodmiescie-ul-grzybowska.jpg,,,14,1972.0,blok,,,,,,,,,,
Warszawa Białołęka,ul. Podłużna,2.0,40.0,540000,13500.0,Bez pośredników,ponad miesiąc temu,6.0,https://adresowo.pl/o/mieszkanie-warszawa-bialoleka-ul-podluzna-2-pokojowe-t4o6a3,https://s2.adresowa.pl/oi/2f/6a/3ad376_eb1a_cover-2-pokojowe-mieszkanie-warszawa-bialoleka-ul-podluzna.jpg,,,2,2010.0,blok,,,,,,,,,,
Warszawa Mokotów,ul. Puławska,2.0,35.0,759000,21686.0,Oferta biura nieruchomości,ponad miesiąc temu,14.0,https://adresowo.pl/o/mieszkanie-warszawa-mokotow-ul-pulawska-2-pokojowe-k4r0e0,https://s2.adresowa.pl/oi/28/52/3aea30_f081_cover-2-pokojowe-mieszkanie-warszawa-mokotow-ul-pulawska.jpg,,,parter,2021.0,blok,,,,,,,,,,
Warszawa Praga-Południe,ul. Perkuna,3.0,82.0,980000,11951.0,Oferta biura nieruchomości,ponad miesiąc temu,17.0,https://adresowo.pl/o/mieszkanie-warszawa-praga-poludnie-ul-perkuna-3-pokojowe-y2c1x6,https://s2.adresowa.pl/oi/3d/70/3aea24_f283_cover-3-pokojowe-mieszkanie-warszawa-praga-poludnie-ul-perkuna.jpg,,,1,1995.0,blok,,,,,,,,,,
Warszawa Bródno,ul. Chodecka,2.0,37.0,490000,13137.0,Bez pośredników,ponad miesiąc temu,15.0,https://adresowo.pl/o/mieszkanie-warszawa-brodno-ul-chodecka-2-pokojowe-n4i8o3,https://s2.adresowa.pl/oi/6a/3c/3ad352_7bbb_cover-2-pokojowe-mieszkanie-warszawa-brodno-ul-chodecka.jpg,,,parter,1970.0,blok,,,,,,,,,,
Warszawa Bemowo,ul. Budy,2.0,55.0,822000,15000.0,Bez pośredników,ponad miesiąc temu,17.0,https://adresowo.pl/o/mieszkanie-warszawa-bemowo-ul-budy-2-pokojowe-r9n4h5,https://s2.adresowa.pl/oi/32/19/3ad324_cad5_cover-2-pokojowe-mieszkanie-warszawa-bemowo-ul-budy.jpg,,,4,1991.0,blok,,,,,,,,,52.24136,20.921044
Warszawa Ursynów,ul. Jana Rosoła,4.0,85.0,1450000,17059.0,Bez pośredników,ponad miesiąc temu,21.0,https://adresowo.pl/o/mieszkanie-warszawa-ursynow-ul-jana-rosola-4-pokojowe-d8b8z7,https://s2.adresowa.pl/oi/75/4c/3ad316_d4f3_cover-4-pokojowe-mieszkanie-warszawa-ursynow-ul-jana-rosola.jpg,,,parter,1992.0,blok,,,,,,,,,52.146016,21.062667
Warszawa Bielany,ul. Mistrzowska,2.0,45.0,850000,18847.0,Oferta biura nieruchomości,ponad miesiąc temu,17.0,https://adresowo.pl/o/mieszkanie-warszawa-bielany-ul-mistrzowska-2-pokojowe-b5v2z3,https://s2.adresowa.pl/oi/3a/2a/3ae800_ca32_cover-2-pokojowe-mieszkanie-warszawa-bielany-ul-mistrzowska.jpg,,,parter,2017.0,blok,,,,,,,,,,
Warszawa Mokotów,ul. Jurija Gagarina,3.0,50.0,985000,19700.0,Oferta biura nieruchomości,ponad miesiąc temu,8.0,https://adresowo.pl/o/mieszkanie-warszawa-mokotow-ul-jurija-gagarina-3-pokojowe-u9l0m1,https://s2.adresowa.pl/oi/19/3b/3ae750_e6b2_cover-3-pokojowe-mieszkanie-warszawa-mokotow-ul-jurija-gagarina.jpg,,,4,1972.0,blok,,,,,,,,,,
Warszawa Mokotów,ul. Stefana Bryły,1.0,27.0,577800,21400.0,Bez pośredników,ponad miesiąc temu,7.0,https://adresowo.pl/o/mieszkanie-warszawa-mokotow-ul-stefana-bryly-1-pokoj-h6j9d7,https://s2.adresowa.pl/oi/16/29/3ad26c_ed20_cover-1-pokojowe-mieszkanie-warszawa-mokotow-ul-stefana-bryly.jpg,,,3,1970.0,blok,,,,,,,,,,
Warszawa Śródmieście,ul. Bagno,1.0,21.0,750000,35714.0,Bez pośredników,ponad miesiąc temu,16.0,https://adresowo.pl/o/mieszkanie-warszawa-srodmiescie-ul-bagno-1-pokoj-v0a3d7,https://s2.adresowa.pl/oi/2d/5c/3ad262_dda9_cover-1-pokojowe-mieszkanie-warszawa-srodmiescie-ul-bagno.jpg,,,11,1967.0,blok,,,,,,,,,52.235778,21.005584
Warszawa Praga-Południe,al. Jerzego Waszyngtona,2.0,41.0,690000,16772.0,Bez pośredników,ponad miesiąc temu,13.0,https://adresowo.pl/o/mieszkanie-warszawa-praga-poludnie-al-jerzego-waszyngtona-2-pokojowe-m8o2v7,https://s2.adresowa.pl/oi/5a/17/3aca14_8bf6_cover-2-pokojowe-mieszkanie-warszawa-praga-poludnie-al-jerzego-waszyngtona.jpg,,,parter,1959.0,blok,,,,,,,,,52.24361,21.079738
Warszawa Mokotów,ul. Huculska,2.0,38.0,988000,26000.0,Oferta biura nieruchomości,ponad miesiąc temu,14.0,https://adresowo.pl/o/mieszkanie-warszawa-mokotow-ul-huculska-2-pokojowe-h1c7o7,https://s2.adresowa.pl/oi/12/4c/3ae72c_d421_cover-2-pokojowe-mieszkanie-warszawa-mokotow-ul-huculska.jpg,,,5,2016.0,blok,,,,,,,,,,
Warszawa Białołęka,ul. Przejezdna,3.0,49.0,637000,12939.0,Oferta biura nieruchomości,ponad miesiąc temu,15.0,https://adresowo.pl/o/mieszkanie-warszawa-bialoleka-ul-przejezdna-3-pokojowe-r8y2t5,https://s2.adresowa.pl/oi/39/62/3ae728_afb2_cover-3-pokojowe-mieszkanie-warszawa-bialoleka-ul-przejezdna.jpg,,,1,2018.0,blok,,,,,,,,,,
Warszawa Białołęka,ul. Józefa Mehoffera,5.0,96.0,1574400,16400.0,Bez pośredników,ponad miesiąc temu,14.0,https://adresowo.pl/o/mieszkanie-warszawa-bialoleka-ul-jozefa-mehoffera-5-pokojowe-j5c5k7,https://s2.adresowa.pl/oi/66/1b/3acfa0_4cd6_cover-5-pokojowe-mieszkanie-warszawa-bialoleka-ul-jozefa-mehoffera.jpg,,,parter,2022.0,blok,,,,,,,,,52.337726,20.965548
Warszawa Bemowo,ul. Powstańców Śląskich,2.0,47.0,749000,15936.0,Bez pośredników,ponad miesiąc temu,14.0,https://adresowo.pl/o/mieszkanie-warszawa-bemowo-ul-powstancow-slaskich-2-pokojowe-d1n9h6,https://s2.adresowa.pl/oi/51/71/3ace64_9504_cover-2-pokojowe-mieszkanie-warszawa-bemowo-ul-powstancow-slaskich.jpg,,,parter,2008.0,blok,,,,,,,,,,
Warszawa Mokotów,ul. Giordana Bruna,2.0,37.0,680000,18378.0,Oferta biura nieruchomości,ponad miesiąc temu,6.0,https://adresowo.pl/o/mieszkanie-warszawa-mokotow-ul-giordana-bruna-2-pokojowe-y1o0u7,https://s2.adresowa.pl/oi/48/3b/3ae704_e53d_cover-2-pokojowe-mieszkanie-warszawa-mokotow-ul-giordana-bruna.jpg,,,4,1971.0,blok,,,,,,,,,52.209015,21.003139
Warszawa Mokotów,ul. Huculska,2.0,74.0,1924000,26000.0,Oferta biura nieruchomości,ponad miesiąc temu,17.0,https://adresowo.pl/o/mieszkanie-warszawa-mokotow-ul-huculska-2-pokojowe-j9p7z4,https://s2.adresowa.pl/oi/60/41/3ae6fa_2bf6_cover-2-pokojowe-mieszkanie-warszawa-mokotow-ul-huculska.jpg,,,3,2016.0,blok,,,,,,,,,,
Warszawa Dolny Mokotów,ul. Jana Feliksa Piwarskiego,2.0,37.0,560000,15058.0,Bez pośredników,ponad miesiąc temu,6.0,https://adresowo.pl/o/mieszkanie-warszawa-dolny-mokotow-ul-jana-feliksa-piwarskiego-2-pokojowe-e9o9h1,https://s2.adresowa.pl/oi/59/65/3ace34_6100_cover-2-pokojowe-mieszkanie-warszawa-dolny-mokotow-ul-jana-feliksa-piwarskiego.jpg,,,parter,,blok,,,,,,,,,,
Warszawa Bemowo,ul. Waleriana Czumy,2.0,50.0,675000,13500.0,Bez pośredników,ponad miesiąc temu,8.0,https://adresowo.pl/o/mieszkanie-warszawa-bemowo-ul-waleriana-czumy-2-pokojowe-b8t3v8,https://s2.adresowa.pl/oi/43/2b/3ace28_d1ef_cover-2-pokojowe-mieszkanie-warszawa-bemowo-ul-waleriana-czumy.jpg,,,6,1974.0,blok,,,,,,,,,,
Warszawa Wola,ul. Jana Kazimierza,3.0,72.0,1640000,22934.0,Bez pośredników,ponad miesiąc temu,17.0,https://adresowo.pl/o/mieszkanie-warszawa-wola-ul-jana-kazimierza-3-pokojowe-s3j3k9,https://s2.adresowa.pl/oi/48/21/3ace0a_765e_cover-3-pokojowe-mieszkanie-warszawa-wola-ul-jana-kazimierza.jpg,,,parter,2016.0,blok,,,,,,,,,,
Warszawa Ursynów,ul. Filipiny Płaskowickiej,4.0,114.0,2000000,17527.0,Oferta biura nieruchomości,ponad miesiąc temu,31.0,https://adresowo.pl/o/mieszkanie-warszawa-ursynow-ul-filipiny-plaskowickiej-4-pokojowe-a2b2m2,https://s2.adresowa.pl/oi/4a/2a/3ae6dc_5b96_cover-4-pokojowe-mieszkanie-warszawa-ursynow-ul-filipiny-plaskowickiej.jpg,,,parter,2008.0,blok,,,,,,,,,,
Warszawa Mokotów,ul. Konstancińska,3.0,75.0,1300000,17333.0,Oferta biura nieruchomości,ponad miesiąc temu,18.0,https://adresowo.pl/o/mieszkanie-warszawa-mokotow-ul-konstancinska-3-pokojowe-h0n2t2,https://s2.adresowa.pl/oi/41/3a/3ae6d8_d8f4_cover-3-pokojowe-mieszkanie-warszawa-mokotow-ul-konstancinska.jpg,,,4,2008.0,blok,,,,,,,,,52.186458,21.062508
Warszawa Ochota,ul. Białobrzeska,2.0,37.0,720000,19459.0,Bez pośredników,ponad miesiąc temu,14.0,https://adresowo.pl/o/mieszkanie-warszawa-ochota-ul-bialobrzeska-2-pokojowe-v2h8j8,https://s2.adresowa.pl/oi/77/27/3ace06_5d9c_cover-2-pokojowe-mieszkanie-warszawa-ochota-ul-bialobrzeska.jpg,,,1960,1960.0,blok,,,,,,,,,,
Warszawa Wilanów,ul. Syta,3.0,61.0,1620000,26501.0,Bez pośredników,ponad miesiąc temu,20.0,https://adresowo.pl/o/mieszkanie-warszawa-wilanow-ul-syta-3-pokojowe-g0m5t4,https://s2.adresowa.pl/oi/27/72/3acdea_f3c5_cover-3-pokojowe-mieszkanie-warszawa-wilanow-ul-syta.jpg,,,parter,2021.0,blok,,,,,,,,,52.171917,21.10727
Warszawa Praga-Południe,ul. Kamionkowska,2.0,60.0,1360000,22667.0,Bez pośredników,ponad miesiąc temu,18.0,https://adresowo.pl/o/mieszkanie-warszawa-praga-poludnie-ul-kamionkowska-2-pokojowe-q1j2v7,https://s2.adresowa.pl/oi/22/14/3acde0_a958_cover-2-pokojowe-mieszkanie-warszawa-praga-poludnie-ul-kamionkowska.jpg,,,1,1934.0,kamienica,,,,,,,,,52.247526,21.06369
Warszawa Bemowo,ul. Człuchowska,2.0,48.0,700000,14737.0,Oferta biura nieruchomości,ponad miesiąc temu,19.0,https://adresowo.pl/o/mieszkanie-warszawa-bemowo-ul-czluchowska-2-pokojowe-k6x2b3,https://s2.adresowa.pl/oi/5a/28/3ae4a4_5f7f_cover-2-pokojowe-mieszkanie-warszawa-bemowo-ul-czluchowska.jpg,,,4,1998.0,blok,,,,,,,,,,
Warszawa,ul. Krzyżówki,3.0,58.0,899000,15449.0,Oferta biura nieruchomości,ponad miesiąc temu,13.0,https://adresowo.pl/o/mieszkanie-warszawa-ul-krzyzowki-3-pokojowe-m5l2a6,https://s2.adresowa.pl/oi/47/57/3ae47c_5416_cover-3-pokojowe-mieszkanie-warszawa-ul-krzyzowki.jpg,,,1,2018.0,blok,,,,,,,,,,
Warszawa Bemowo,ul. Hery,2.0,46.0,870000,18996.0,Bez pośredników,ponad miesiąc temu,11.0,https://adresowo.pl/o/mieszkanie-warszawa-bemowo-ul-hery-2-pokojowe-t6x4v3,https://s2.adresowa.pl/oi/74/50/3acd8a_be52_cover-2-pokojowe-mieszkanie-warszawa-bemowo-ul-hery.jpg,,,parter,2012.0,blok,,,,,,,,,,
Warszawa Mokotów,ul. Orzycka,3.0,47.0,795000,16850.0,Bez pośredników,ponad miesiąc temu,20.0,https://adresowo.pl/o/mieszkanie-warszawa-mokotow-ul-orzycka-3-pokojowe-d5h0t6,https://s2.adresowa.pl/oi/6e/5e/3acd80_fc67_cover-3-pokojowe-mieszkanie-warszawa-mokotow-ul-orzycka.jpg,,,795,1970.0,blok,,,,,,,,,52.172797,21.004775
Warszawa Śródmieście,ul. Nowolipki,3.0,65.0,1300000,20000.0,Bez pośredników,ponad miesiąc temu,14.0,https://adresowo.pl/o/mieszkanie-warszawa-srodmiescie-ul-nowolipki-3-pokojowe-u3e9v4,https://s2.adresowa.pl/oi/31/71/3acd6e_dbbd_cover-3-pokojowe-mieszkanie-warszawa-srodmiescie-ul-nowolipki.jpg,,,14,1952.0,,,,,,,,,,,
Warszawa Mokotów,ul. Marsylska,3.0,56.0,790000,14057.0,Oferta biura nieruchomości,ponad miesiąc temu,19.0,https://adresowo.pl/o/mieszkanie-warszawa-mokotow-ul-marsylska-3-pokojowe-d3y2r7,https://s2.adresowa.pl/oi/3c/48/3ae3de_4470_cover-3-pokojowe-mieszkanie-warszawa-mokotow-ul-marsylska.jpg,,,7,1975.0,blok,,,,,,,,,,
Warszawa Mokotów,ul. Przebiśniegów,4.0,107.0,2499000,23264.0,Oferta biura nieruchomości,ponad miesiąc temu,4.0,https://adresowo.pl/o/mieszkanie-warszawa-mokotow-ul-przebisniegow-4-pokojowe-s8j2r3,https://s2.adresowa.pl/oi/6a/13/3ae3e0_4dfd_cover-4-pokojowe-mieszkanie-warszawa-mokotow-ul-przebisniegow.jpg,,,parter,2024.0,blok,,,,,,,,,,
Warszawa Wola,ul. Skierniewicka,2.0,42.0,760000,18095.0,Bez pośredników,ponad miesiąc temu,11.0,https://adresowo.pl/o/mieszkanie-warszawa-wola-ul-skierniewicka-2-pokojowe-r8e2t3,https://s2.adresowa.pl/oi/50/27/3acc8e_3f13_cover-2-pokojowe-mieszkanie-warszawa-wola-ul-skierniewicka.jpg,,,parter,,blok,,,,,,,,,52.231297,20.968974
Warszawa Wilanów,ul. Franciszka Klimczaka,2.0,64.0,1480000,23042.0,Bez pośredników,ponad miesiąc temu,12.0,https://adresowo.pl/o/mieszkanie-warszawa-wilanow-ul-franciszka-klimczaka-2-pokojowe-d0n0a1,https://s2.adresowa.pl/oi/4f/6b/3acc7c_c073_cover-2-pokojowe-mieszkanie-warszawa-wilanow-ul-franciszka-klimczaka.jpg,,,parter,2016.0,,,,,,,,,,52.162484,21.078143
Warszawa Ochota,ul. Karola Bohdanowicza,4.0,104.0,1980000,19015.0,Bez pośredników,ponad miesiąc temu,12.0,https://adresowo.pl/o/mieszkanie-warszawa-ochota-ul-karola-bohdanowicza-4-pokojowe-u1h7t3,https://s2.adresowa.pl/oi/4b/18/3acc0a_a4f3_cover-4-pokojowe-mieszkanie-warszawa-ochota-ul-karola-bohdanowicza.jpg,,,parter,2014.0,blok,,,,,,,,,,
Warszawa Wola,ul. Grzybowska,2.0,67.0,1830000,27334.0,Oferta biura nieruchomości,ponad miesiąc temu,15.0,https://adresowo.pl/o/mieszkanie-warszawa-wola-ul-grzybowska-2-pokojowe-c4v9z0,https://s2.adresowa.pl/oi/2b/30/3ae37a_53fe_cover-2-pokojowe-mieszkanie-warszawa-wola-ul-grzybowska.jpg,,,parter,2009.0,blok,,,,,,,,,52.233259,20.987108
Warszawa Praga-Południe,ul. Targowa,1.0,25.0,483600,19500.0,Oferta biura nieruchomości,ponad miesiąc temu,11.0,https://adresowo.pl/o/mieszkanie-warszawa-praga-poludnie-ul-targowa-1-pokoj-b7t6x0,https://s2.adresowa.pl/oi/14/23/3ae314_a3cd_cover-1-pokojowe-mieszkanie-warszawa-praga-poludnie-ul-targowa.jpg,,,parter,2022.0,blok,,,,,,,,,,
Warszawa Białołęka,ul. Strumykowa,3.0,70.0,910000,13052.0,Bez pośredników,ponad miesiąc temu,10.0,https://adresowo.pl/o/mieszkanie-warszawa-bialoleka-ul-strumykowa-3-pokojowe-l8g7e4,https://s2.adresowa.pl/oi/36/63/3acb5e_a487_cover-3-pokojowe-mieszkanie-warszawa-bialoleka-ul-strumykowa.jpg,,,parter,2009.0,blok,,,,,,,,,,
Warszawa Bielany,ul. Marii Dąbrowskiej,3.0,57.0,699000,12306.0,Oferta biura nieruchomości,ponad miesiąc temu,16.0,https://adresowo.pl/o/mieszkanie-warszawa-bielany-ul-marii-dabrowskiej-3-pokojowe-s3m2n6,https://s2.adresowa.pl/oi/6c/73/3ae308_5226_cover-3-pokojowe-mieszkanie-warszawa-bielany-ul-marii-dabrowskiej.jpg,,,3,1980.0,blok,,,,,,,,,,
Warszawa Białołęka,ul. Józefa Mehoffera,3.0,50.0,625000,12468.0,Oferta biura nieruchomości,ponad miesiąc temu,13.0,https://adresowo.pl/o/mieszkanie-warszawa-bialoleka-ul-jozefa-mehoffera-3-pokojowe-q3o7q9,https://s2.adresowa.pl/oi/39/67/3ae2ea_e274_cover-3-pokojowe-mieszkanie-warszawa-bialoleka-ul-jozefa-mehoffera.jpg,,,parter,2010.0,blok,,,,,,,,,52.329283,20.954475
Warszawa Rembertów,"al. gen. Antoniego Chruściela ""Montera""",3.0,64.0,850000,13281.0,Bez pośredników,ponad miesiąc temu,19.0,https://adresowo.pl/o/mieszkanie-warszawa-rembertow-al-gen-antoniego-chrusciela-montera-3-pokojowe-g2g3s3,https://s2.adresowa.pl/oi/75/74/3aca86_77ad_cover-3-pokojowe-mieszkanie-warszawa-rembertow-al-gen-antoniego-chrusciela-montera-.jpg,,,3,2003.0,blok,,,,,,,,,52.260009,21.162184
Warszawa Praga-Południe,ul. Garwolińska,2.0,43.0,630000,14824.0,Bez pośredników,ponad miesiąc temu,16.0,https://adresowo.pl/o/mieszkanie-warszawa-praga-poludnie-ul-garwolinska-2-pokojowe-u3m1u8,https://s2.adresowa.pl/oi/72/49/3aca4e_571e_cover-2-pokojowe-mieszkanie-warszawa-praga-poludnie-ul-garwolinska.jpg,,,parter,1966.0,blok,,,,,,,,,,
Warszawa Ochota,ul. Grójecka,2.0,38.0,790000,20899.0,Bez pośredników,ponad miesiąc temu,8.0,https://adresowo.pl/o/mieszkanie-warszawa-ochota-ul-grojecka-2-pokojowe-o6p6i9,https://s2.adresowa.pl/oi/7e/47/3ac956_f2c7_cover-2-pokojowe-mieszkanie-warszawa-ochota-ul-grojecka.jpg,,,2,1969.0,blok,,,,,,,,,52.211334,20.9775
Warszawa Rembertów,ul. Chełmżyńska,4.0,70.0,950000,13564.0,Oferta biura nieruchomości,ponad miesiąc temu,20.0,https://adresowo.pl/o/mieszkanie-warszawa-rembertow-ul-chelmzynska-4-pokojowe-g1n2y6,https://s2.adresowa.pl/oi/7f/34/3ae29c_6cc9_cover-4-pokojowe-mieszkanie-warszawa-rembertow-ul-chelmzynska.jpg,,,1,2022.0,blok,,,,,,,,,,
Warszawa Bemowo,ul. Batalionów Chłopskich,3.0,100.0,1299900,12999.0,Oferta biura nieruchomości,ponad miesiąc temu,25.0,https://adresowo.pl/o/mieszkanie-warszawa-bemowo-ul-batalionow-chlopskich-3-pokojowe-d9w4z0,https://s2.adresowa.pl/oi/4f/5f/3ae25e_d533_cover-3-pokojowe-mieszkanie-warszawa-bemowo-ul-batalionow-chlopskich.jpg,,,parter,2009.0,blok,,,,,,,,,,
Warszawa Mokotów,ul. Cieszyńska,3.0,63.0,940000,14921.0,Bez pośredników,ponad miesiąc temu,11.0,https://adresowo.pl/o/mieszkanie-warszawa-mokotow-ul-cieszynska-3-pokojowe-l3q7l3,https://s2.adresowa.pl/oi/6e/4b/3ac76e_8302_cover-3-pokojowe-mieszkanie-warszawa-mokotow-ul-cieszynska.jpg,,,parter,1972.0,blok,,,,,,,,,,
Warszawa Białołęka,ul. Marii Callas,2.0,41.0,590000,14320.0,Bez pośredników,ponad miesiąc temu,16.0,https://adresowo.pl/o/mieszkanie-warszawa-bialoleka-ul-marii-callas-2-pokojowe-d8h9u7,https://s2.adresowa.pl/oi/78/4b/3ac708_c7de_cover-2-pokojowe-mieszkanie-warszawa-bialoleka-ul-marii-callas.jpg,,,parter,2025.0,blok,,,,,,,,,,
Warszawa Mokotów,ul. Jaszowiecka,4.0,102.0,1900000,18627.0,Bez pośredników,ponad miesiąc temu,14.0,https://adresowo.pl/o/mieszkanie-warszawa-mokotow-ul-jaszowiecka-4-pokojowe-s4l9f8,https://s2.adresowa.pl/oi/5f/6d/3ac6e2_55cb_cover-4-pokojowe-mieszkanie-warszawa-mokotow-ul-jaszowiecka.jpg,,,parter,2000.0,blok,,,,,,,,,52.18756,21.053235
Warszawa Białołęka,ul. Chęcińska,5.0,121.0,1340000,11050.0,Oferta biura nieruchomości,ponad miesiąc temu,14.0,https://adresowo.pl/o/mieszkanie-warszawa-bialoleka-ul-checinska-5-pokojowe-h3s2j6,https://s2.adresowa.pl/oi/44/62/3adf00_bfe2_cover-5-pokojowe-mieszkanie-warszawa-bialoleka-ul-checinska.jpg,,,parter,2026.0,,,,,,,,,,52.33292,20.958543
Warszawa Śródmieście,ul. Kościelna,2.0,55.0,1200000,21986.0,Oferta biura nieruchomości,ponad miesiąc temu,18.0,https://adresowo.pl/o/mieszkanie-warszawa-srodmiescie-ul-koscielna-2-pokojowe-f5j3a8,https://s2.adresowa.pl/oi/39/1f/3adee2_9148_cover-2-pokojowe-mieszkanie-warszawa-srodmiescie-ul-koscielna.jpg,,,2,1950.0,,,,,,,,,,52.253968,21.008328
Warszawa Anin,ul. Odrodzenia,4.0,206.0,2058100,10000.0,Bez pośredników,ponad miesiąc temu,7.0,https://adresowo.pl/o/mieszkanie-warszawa-anin-ul-odrodzenia-4-pokojowe-s9t7b6,https://s2.adresowa.pl/oi/5a/19/3ac5bc_cfff_cover-4-pokojowe-mieszkanie-warszawa-anin-ul-odrodzenia.jpg,,,parter,2003.0,,,,,,,,,,52.22227,21.170695
Warszawa Białołęka,ul. Białołęcka,2.0,51.0,867100,17002.0,Bez pośredników,ponad miesiąc temu,7.0,https://adresowo.pl/o/mieszkanie-warszawa-bialoleka-ul-bialolecka-2-pokojowe-n7z5w9,https://s2.adresowa.pl/oi/1e/75/3ac58e_faea_cover-2-pokojowe-mieszkanie-warszawa-bialoleka-ul-bialolecka.jpg,,,1,2021.0,blok,,,,,,,,,52.31558,21.029347
Warszawa Praga-Północ,ul. Mała,1.0,22.0,550000,24664.0,Bez pośredników,ponad miesiąc temu,6.0,https://adresowo.pl/o/mieszkanie-warszawa-praga-polnoc-ul-mala-1-pokoj-w3n3t2,https://s2.adresowa.pl/oi/67/2b/3ac45a_6ac4_cover-1-pokojowe-mieszkanie-warszawa-praga-polnoc-ul-mala.jpg,,,parter,2018.0,blok,,,,,,,,,52.258331,21.037605
Warszawa Wilanów,ul. Królewska,2.0,41.0,960000,23415.0,Oferta biura nieruchomości,ponad miesiąc temu,8.0,https://adresowo.pl/o/mieszkanie-warszawa-wilanow-ul-krolewska-2-pokojowe-q7c4z0,https://s2.adresowa.pl/oi/70/3a/3adec2_314a_cover-2-pokojowe-mieszkanie-warszawa-wilanow-ul-krolewska.jpg,,,parter,2023.0,blok,,,,,,,,,,
Warszawa Wola,"al. ""Solidarności""",2.0,53.0,1475000,27674.0,Oferta biura nieruchomości,ponad miesiąc temu,9.0,https://adresowo.pl/o/mieszkanie-warszawa-wola-al-solidarnosci-2-pokojowe-k5z8h2,https://s2.adresowa.pl/oi/68/12/3adeba_59f3_cover-2-pokojowe-mieszkanie-warszawa-wola-al-solidarnosci-.jpg,,,3,2024.0,blok,,,,,,,,,,
Warszawa Grochów,ul. Ludwika Kickiego,2.0,69.0,949000,13810.0,Bez pośredników,ponad miesiąc temu,17.0,https://adresowo.pl/o/mieszkanie-warszawa-grochow-ul-ludwika-kickiego-2-pokojowe-i7p8h1,https://s2.adresowa.pl/oi/27/24/3ac36a_5316_cover-2-pokojowe-mieszkanie-warszawa-grochow-ul-ludwika-kickiego.jpg,,,parter,1961.0,blok,,,,,,,,,,
Warszawa Ochota,ul. Władysława Korotyńskiego,1.0,23.0,495000,21522.0,Bez pośredników,ponad miesiąc temu,10.0,https://adresowo.pl/o/mieszkanie-warszawa-ochota-ul-wladyslawa-korotynskiego-1-pokoj-x4z5c2,https://s2.adresowa.pl/oi/60/30/3ac368_3b9f_cover-1-pokojowe-mieszkanie-warszawa-ochota-ul-wladyslawa-korotynskiego.jpg,,,parter,1970.0,,,,,,,,,,52.201075,20.974279
Warszawa Bielany,ul. Zbigniewa Romaszewskiego,1.0,27.0,470000,17736.0,Bez pośredników,ponad miesiąc temu,6.0,https://adresowo.pl/o/mieszkanie-warszawa-bielany-ul-zbigniewa-romaszewskiego-1-pokoj-c4l6j7,https://s2.adresowa.pl/oi/26/58/3ac300_92df_cover-1-pokojowe-mieszkanie-warszawa-bielany-ul-zbigniewa-romaszewskiego.jpg,,,8,1967.0,blok,,,,,,,,,52.272228,20.956813
Warszawa,ul. Wileńska,1.0,27.0,450000,16747.0,Oferta biura nieruchomości,ponad miesiąc temu,10.0,https://adresowo.pl/o/mieszkanie-warszawa-ul-wilenska-1-pokoj-s9p1i2,https://s2.adresowa.pl/oi/6a/47/3adeb8_37e1_cover-1-pokojowe-mieszkanie-warszawa-ul-wilenska.jpg,,,450,1958.0,blok,,,,,,,,,52.259869,21.045864
Warszawa Praga-Północ,ul. Jagiellońska,3.0,57.0,1099999,19414.0,Oferta biura nieruchomości,ponad miesiąc temu,19.0,https://adresowo.pl/o/mieszkanie-warszawa-praga-polnoc-ul-jagiellonska-3-pokojowe-t5y2v8,https://s2.adresowa.pl/oi/2d/7d/3adeaa_faa2_cover-3-pokojowe-mieszkanie-warszawa-praga-polnoc-ul-jagiellonska.jpg,,,1,2023.0,blok,,,,,,,,,,
Warszawa Służew,ul. Jadźwingów,2.0,42.0,590000,14048.0,Bez pośredników,ponad miesiąc temu,10.0,https://adresowo.pl/o/mieszkanie-warszawa-sluzew-ul-jadzwingow-2-pokojowe-v3s3w2,https://s2.adresowa.pl/oi/56/38/3ac2b0_7956_cover-2-pokojowe-mieszkanie-warszawa-sluzew-ul-jadzwingow.jpg,,,3,1970.0,blok,,,,,,,,,52.169809,21.004679
Warszawa Ursynów,ul. Stefana Szolc-Rogozińskiego,2.0,47.0,710000,15106.0,Bez pośredników,ponad miesiąc temu,9.0,https://adresowo.pl/o/mieszkanie-warszawa-ursynow-ul-stefana-szolc-rogozinskiego-2-pokojowe-b0d6u5,https://s2.adresowa.pl/oi/70/37/3abffc_379e_cover-2-pokojowe-mieszkanie-warszawa-ursynow-ul-stefana-szolc-rogozinskiego.jpg,,,710,1982.0,blok,,,,,,,,,52.151401,21.051376
Warszawa Powiśle,ul. Topiel,3.0,55.0,1599000,29073.0,Bez pośredników,ponad miesiąc temu,6.0,https://adresowo.pl/o/mieszkanie-warszawa-powisle-ul-topiel-3-pokojowe-k6i3x4,https://s2.adresowa.pl/oi/6d/5d/3abfc2_3515_cover-3-pokojowe-mieszkanie-warszawa-powisle-ul-topiel.jpg,,,1930,1930.0,blok,,,,,,,,,,
Warszawa Ursus,ul. Dzieci Warszawy,2.0,64.0,969000,15141.0,Oferta biura nieruchomości,ponad miesiąc temu,19.0,https://adresowo.pl/o/mieszkanie-warszawa-ursus-ul-dzieci-warszawy-2-pokojowe-x8z1r5,https://s2.adresowa.pl/oi/7a/6c/3adea4_d28c_cover-2-pokojowe-mieszkanie-warszawa-ursus-ul-dzieci-warszawy.jpg,,,1,2007.0,blok,,,,,,,,,52.192143,20.905275
Warszawa Ursus,ul. Królów Polskich,2.0,48.0,715000,14896.0,Oferta biura nieruchomości,ponad miesiąc temu,1.0,https://adresowo.pl/o/mieszkanie-warszawa-ursus-ul-krolow-polskich-2-pokojowe-n2k9w5,https://s2.adresowa.pl/oi/47/3b/3ade8a_2f38_cover-2-pokojowe-mieszkanie-warszawa-ursus-ul-krolow-polskich.jpg,,,1,2005.0,blok,,,,,,,,,,
Warszawa Bielany,ul. Starej Baśni,3.0,56.0,795000,14299.0,Bez pośredników,ponad miesiąc temu,9.0,https://adresowo.pl/o/mieszkanie-warszawa-bielany-ul-starej-basni-3-pokojowe-o9v4o2,https://s2.adresowa.pl/oi/3c/54/3abf96_90a4_cover-3-pokojowe-mieszkanie-warszawa-bielany-ul-starej-basni.jpg,,,795,,blok,,,,,,,,,52.27364,20.942535
Warszawa Białołęka,ul. Kartograficzna,1.0,29.0,420000,14483.0,Bez pośredników,ponad miesiąc temu,8.0,https://adresowo.pl/o/mieszkanie-warszawa-bialoleka-ul-kartograficzna-1-pokoj-r6a8h3,https://s2.adresowa.pl/oi/1c/13/3abf22_ccf5_cover-1-pokojowe-mieszkanie-warszawa-bialoleka-ul-kartograficzna.jpg,,,parter,2021.0,blok,,,,,,,,,,
Warszawa Ochota,ul. Juliana Ursyna Niemcewicza,2.0,64.0,1278000,19969.0,Bez pośredników,ponad miesiąc temu,9.0,https://adresowo.pl/o/mieszkanie-warszawa-ochota-ul-juliana-ursyna-niemcewicza-2-pokojowe-m8l5s3,https://s2.adresowa.pl/oi/51/6b/3abf0e_5eef_cover-2-pokojowe-mieszkanie-warszawa-ochota-ul-juliana-ursyna-niemcewicza.jpg,,,1,1938.0,kamienica,,,,,,,,,52.220744,20.986516
Warszawa Wola,ul. Prosta,3.0,81.0,2990000,36914.0,Oferta biura nieruchomości,ponad miesiąc temu,13.0,https://adresowo.pl/o/mieszkanie-warszawa-wola-ul-prosta-3-pokojowe-w4h8l3,https://s2.adresowa.pl/oi/11/56/3ade82_4a86_cover-3-pokojowe-mieszkanie-warszawa-wola-ul-prosta.jpg,,,parter,2025.0,apartamentowiec,,,,,,,,,52.229356,20.984346
Warszawa Wilanów,ul. Franciszka Klimczaka,3.0,99.0,2450000,24825.0,Oferta biura nieruchomości,ponad miesiąc temu,16.0,https://adresowo.pl/o/mieszkanie-warszawa-wilanow-ul-franciszka-klimczaka-3-pokojowe-m5f4h5,https://s2.adresowa.pl/oi/4d/5e/3ade26_9c0b_cover-3-pokojowe-mieszkanie-warszawa-wilanow-ul-franciszka-klimczaka.jpg,,,2,2007.0,blok,,,,,,,,,52.16251,21.080123
Warszawa Wilanów,ul. Chorągwi Pancernej,3.0,102.0,2646020,26000.0,Bez pośredników,ponad miesiąc temu,9.0,https://adresowo.pl/o/mieszkanie-warszawa-wilanow-ul-choragwi-pancernej-3-pokojowe-c7v4s4,https://s2.adresowa.pl/oi/34/7e/3aba2c_b70a_cover-3-pokojowe-mieszkanie-warszawa-wilanow-ul-choragwi-pancernej.jpg,,,parter,2026.0,apartamentowiec,,,,,,,,,,
Warszawa Bródno,ul. Warszawski Świt,3.0,54.0,960000,17934.0,Bez pośredników,ponad miesiąc temu,20.0,https://adresowo.pl/o/mieszkanie-warszawa-brodno-ul-warszawski-swit-3-pokojowe-v9t6r7,https://s2.adresowa.pl/oi/7f/4a/3ab818_b097_cover-3-pokojowe-mieszkanie-warszawa-brodno-ul-warszawski-swit.jpg,,,960,2020.0,blok,,,,,,,,,52.287306,21.018917
Warszawa Muranów,ul. Dzielna,2.0,41.0,690000,16829.0,Bez pośredników,ponad miesiąc temu,8.0,https://adresowo.pl/o/mieszkanie-warszawa-muranow-ul-dzielna-2-pokojowe-u1p4z4,https://s2.adresowa.pl/oi/17/70/3ab7d2_f67b_cover-2-pokojowe-mieszkanie-warszawa-muranow-ul-dzielna.jpg,,,4,1951.0,blok,,,,,,,,,52.244966,20.987715
Warszawa Śródmieście,ul. Nowolipki,1.0,41.0,799000,19407.0,Oferta biura nieruchomości,ponad miesiąc temu,11.0,https://adresowo.pl/o/mieszkanie-warszawa-srodmiescie-ul-nowolipki-1-pokoj-i8m1g2,https://s2.adresowa.pl/oi/61/28/3ade20_2a8f_cover-1-pokojowe-mieszkanie-warszawa-srodmiescie-ul-nowolipki.jpg,,,1952,1952.0,,,,,,,,,,52.245545,20.993021
Warszawa Ursynów,ul. Alternatywy,3.0,86.0,1399000,16267.0,Oferta biura nieruchomości,ponad miesiąc temu,31.0,https://adresowo.pl/o/mieszkanie-warszawa-ursynow-ul-alternatywy-3-pokojowe-z7o2u7,https://s2.adresowa.pl/oi/17/18/3adc52_2dd3_cover-3-pokojowe-mieszkanie-warszawa-ursynow-ul-alternatywy.jpg,,,parter,2006.0,blok,,,,,,,,,,
Warszawa Mokotów,ul. Łukowa,2.0,48.0,739350,15500.0,Bez pośredników,ponad miesiąc temu,8.0,https://adresowo.pl/o/mieszkanie-warszawa-mokotow-ul-lukowa-2-pokojowe-o8p0w1,https://s2.adresowa.pl/oi/1d/31/3ab7ac_c579_cover-2-pokojowe-mieszkanie-warszawa-mokotow-ul-lukowa.jpg,,,8,,blok,,,,,,,,,52.173868,21.041185
Warszawa Praga-Południe,ul. Jarocińska,4.0,66.0,1180000,17988.0,Bez pośredników,ponad miesiąc temu,16.0,https://adresowo.pl/o/mieszkanie-warszawa-praga-poludnie-ul-jarocinska-4-pokojowe-u1u4w7,https://s2.adresowa.pl/oi/5f/1f/3ab724_df39_cover-4-pokojowe-mieszkanie-warszawa-praga-poludnie-ul-jarocinska.jpg,,,5,2021.0,blok,,,,,,,,,,
Warszawa Śródmieście,ul. Podwale,2.0,51.0,1269000,24882.0,Bez pośredników,ponad miesiąc temu,6.0,https://adresowo.pl/o/mieszkanie-warszawa-srodmiescie-ul-podwale-2-pokojowe-d0p3f9,https://s2.adresowa.pl/oi/7b/28/3ab70a_51a6_cover-2-pokojowe-mieszkanie-warszawa-srodmiescie-ul-podwale.jpg,,,4,,kamienica,,,,,,,,,52.248236,21.010316
Warszawa Bielany,al. Aleja Władysława Reymonta,1.0,26.0,519000,19962.0,Oferta biura nieruchomości,ponad miesiąc temu,15.0,https://adresowo.pl/o/mieszkanie-warszawa-bielany-al-aleja-wladyslawa-reymonta-1-pokoj-o3p2o7,https://s2.adresowa.pl/oi/67/18/3adc3a_f94d_cover-1-pokojowe-mieszkanie-warszawa-bielany-al-aleja-wladyslawa-reymonta.jpg,,,parter,1975.0,blok,,,,,,,,,,
Warszawa Raków,ul. Przedpole,4.0,93.0,1860000,19976.0,Bez pośredników,ponad miesiąc temu,17.0,https://adresowo.pl/o/mieszkanie-warszawa-rakow-ul-przedpole-4-pokojowe-o4d3u7,https://s2.adresowa.pl/oi/6e/29/3ab6f2_d137_cover-4-pokojowe-mieszkanie-warszawa-rakow-ul-przedpole.jpg,,,parter,2021.0,kamienica,,,,,,,,,,
Warszawa Bemowo,ul. Rozłogi,2.0,36.0,605000,16806.0,Bez pośredników,ponad miesiąc temu,15.0,https://adresowo.pl/o/mieszkanie-warszawa-bemowo-ul-rozlogi-2-pokojowe-t9c1r6,https://s2.adresowa.pl/oi/52/69/3ab6b6_8888_cover-2-pokojowe-mieszkanie-warszawa-bemowo-ul-rozlogi.jpg,,,5,2025.0,apartamentowiec,,,,,,,,,,
Warszawa Mokotów,ul. Stefana Batorego,3.0,43.0,699000,16256.0,Oferta biura nieruchomości,ponad miesiąc temu,12.0,https://adresowo.pl/o/mieszkanie-warszawa-mokotow-ul-stefana-batorego-3-pokojowe-j5r3d1,https://s2.adresowa.pl/oi/25/69/3adb36_9193_cover-3-pokojowe-mieszkanie-warszawa-mokotow-ul-stefana-batorego.jpg,,,parter,1968.0,blok,,,,,,,,,52.210157,21.004885
Warszawa Mokotów,al. Wilanowska,2.0,44.0,699000,15959.0,Oferta biura nieruchomości,ponad miesiąc temu,12.0,https://adresowo.pl/o/mieszkanie-warszawa-mokotow-al-wilanowska-2-pokojowe-g2b3y9,https://s2.adresowa.pl/oi/19/23/3adb04_8ee8_cover-2-pokojowe-mieszkanie-warszawa-mokotow-al-wilanowska.jpg,,,4,1981.0,blok,,,,,,,,,,
Warszawa Mokotów,ul. Józefa Piusa Dziekońskiego,3.0,60.0,1347000,22364.0,Bez pośredników,ponad miesiąc temu,10.0,https://adresowo.pl/o/mieszkanie-warszawa-mokotow-ul-jozefa-piusa-dziekonskiego-3-pokojowe-e6p7v3,https://s2.adresowa.pl/oi/1c/6f/3ab6a2_3861_cover-3-pokojowe-mieszkanie-warszawa-mokotow-ul-jozefa-piusa-dziekonskiego.jpg,,,4,2026.0,blok,,,,,,,,,,
Warszawa Odolany,ul. Jana Kazimierza,2.0,55.0,1170000,21273.0,Bez pośredników,ponad miesiąc temu,14.0,https://adresowo.pl/o/mieszkanie-warszawa-odolany-ul-jana-kazimierza-2-pokojowe-q7h6g7,https://s2.adresowa.pl/oi/32/4f/3ab68a_f211_cover-2-pokojowe-mieszkanie-warszawa-odolany-ul-jana-kazimierza.jpg,,,2,2009.0,blok,,,,,,,,,,
Warszawa Targówek,ul. Zamkowa,3.0,69.0,1080000,15675.0,Bez pośredników,ponad miesiąc temu,20.0,https://adresowo.pl/o/mieszkanie-warszawa-targowek-ul-zamkowa-3-pokojowe-z2d5o3,https://s2.adresowa.pl/oi/2f/66/3ab688_93e1_cover-3-pokojowe-mieszkanie-warszawa-targowek-ul-zamkowa.jpg,,,2,2012.0,blok,,,,,,,,,,
Warszawa Praga-Północ,ul. Kawęczyńska,3.0,50.0,1020000,20278.0,Oferta biura nieruchomości,ponad miesiąc temu,15.0,https://adresowo.pl/o/mieszkanie-warszawa-praga-polnoc-ul-kaweczynska-3-pokojowe-x8z7p4,https://s2.adresowa.pl/oi/61/40/3adaf2_b600_cover-3-pokojowe-mieszkanie-warszawa-praga-polnoc-ul-kaweczynska.jpg,,,parter,1920.0,blok,,,,,,,,,,
Warszawa Wawer,ul. Ogrody,4.0,101.0,1440000,14257.0,Oferta biura nieruchomości,ponad miesiąc temu,7.0,https://adresowo.pl/o/mieszkanie-warszawa-wawer-ul-ogrody-4-pokojowe-p2f6v2,https://s2.adresowa.pl/oi/19/4f/3adae8_506e_cover-4-pokojowe-mieszkanie-warszawa-wawer-ul-ogrody.jpg,,,parter,2018.0,,,,,,,,,,52.214071,21.108334
Warszawa Służewiec,ul. Domaniewska,1.0,34.0,839130,24900.0,Bez pośredników,ponad miesiąc temu,16.0,https://adresowo.pl/o/mieszkanie-warszawa-sluzewiec-ul-domaniewska-1-pokoj-s8k0r7,https://s2.adresowa.pl/oi/15/34/3ab454_fb31_cover-1-pokojowe-mieszkanie-warszawa-sluzewiec-ul-domaniewska.jpg,,,parter,2023.0,blok,,,,,,,,,,
Warszawa Nowodwory,ul. Winorośli,2.0,36.0,545000,14973.0,Bez pośredników,ponad miesiąc temu,8.0,https://adresowo.pl/o/mieszkanie-warszawa-nowodwory-ul-winorosli-2-pokojowe-y0x4o6,https://s2.adresowa.pl/oi/6b/34/3ab42e_30e2_cover-2-pokojowe-mieszkanie-warszawa-nowodwory-ul-winorosli.jpg,,,parter,2025.0,blok,,,,,,,,,52.340527,20.953294
Warszawa Mokotów,ul. Bartłomieja,4.0,67.0,830000,12388.0,Bez pośredników,ponad miesiąc temu,8.0,https://adresowo.pl/o/mieszkanie-warszawa-mokotow-ul-bartlomieja-4-pokojowe-r7z0u6,https://s2.adresowa.pl/oi/1a/17/3ab2e6_578a_cover-4-pokojowe-mieszkanie-warszawa-mokotow-ul-bartlomieja.jpg,,,3,1978.0,blok,,,,,,,,,,
Warszawa Mokotów,"ul. Dywizjonu AK ""Jeleń""",3.0,53.0,1219000,23000.0,Oferta biura nieruchomości,ponad miesiąc temu,10.0,https://adresowo.pl/o/mieszkanie-warszawa-mokotow-ul-dywizjonu-ak-jelen-3-pokojowe-e3q8c5,https://s2.adresowa.pl/oi/56/7e/3ad99e_eef5_cover-3-pokojowe-mieszkanie-warszawa-mokotow-ul-dywizjonu-ak-jelen-.jpg,,,parter,2023.0,blok,,,,,,,,,,
Warszawa Mokotów,ul. Zygmunta Modzelewskiego,3.0,52.0,790000,15105.0,Oferta biura nieruchomości,ponad miesiąc temu,16.0,https://adresowo.pl/o/mieszkanie-warszawa-mokotow-ul-zygmunta-modzelewskiego-3-pokojowe-g1b3g1,https://s2.adresowa.pl/oi/2d/25/3ad976_e9d3_cover-3-pokojowe-mieszkanie-warszawa-mokotow-ul-zygmunta-modzelewskiego.jpg,,,5,1975.0,blok,,,,,,,,,,
Warszawa Mokotów,ul. Czerska,3.0,81.0,1499000,18506.0,Bez pośredników,ponad miesiąc temu,8.0,https://adresowo.pl/o/mieszkanie-warszawa-mokotow-ul-czerska-3-pokojowe-p0a5e2,https://s2.adresowa.pl/oi/69/6b/3ab1cc_a445_cover-3-pokojowe-mieszkanie-warszawa-mokotow-ul-czerska.jpg,,,3,2020.0,,,,,,,,,,52.205275,21.045924
Warszawa Bemowo,ul. Obrońców Tobruku,2.0,50.0,899000,17880.0,Bez pośredników,ponad miesiąc temu,20.0,https://adresowo.pl/o/mieszkanie-warszawa-bemowo-ul-obroncow-tobruku-2-pokojowe-r4l2t3,https://s2.adresowa.pl/oi/7f/24/3ab17e_58d9_cover-2-pokojowe-mieszkanie-warszawa-bemowo-ul-obroncow-tobruku.jpg,,,1,2005.0,blok,,,,,,,,,,
Warszawa Mokotów,ul. Hilarego Koprowskiego,2.0,38.0,685000,17918.0,Oferta biura nieruchomości,ponad miesiąc temu,12.0,https://adresowo.pl/o/mieszkanie-warszawa-mokotow-ul-hilarego-koprowskiego-2-pokojowe-l1i4w9,https://s2.adresowa.pl/oi/22/78/3ad96e_c072_cover-2-pokojowe-mieszkanie-warszawa-mokotow-ul-hilarego-koprowskiego.jpg,,,8,2025.0,blok,,,,,,,,,,
Warszawa Mokotów,ul. Podchorążych,3.0,56.0,1085000,19375.0,Oferta biura nieruchomości,ponad miesiąc temu,18.0,https://adresowo.pl/o/mieszkanie-warszawa-mokotow-ul-podchorazych-3-pokojowe-z0w9x6,https://s2.adresowa.pl/oi/7d/2a/3ad96c_5280_cover-3-pokojowe-mieszkanie-warszawa-mokotow-ul-podchorazych.jpg,,,4,1970.0,blok,,,,,,,,,,
Warszawa Bemowo,ul. gen. Tadeusza Pełczyńskiego,2.0,51.0,955000,18583.0,Bez pośredników,ponad miesiąc temu,19.0,https://adresowo.pl/o/mieszkanie-warszawa-bemowo-ul-gen-tadeusza-pelczynskiego-2-pokojowe-k2e1j0,https://s2.adresowa.pl/oi/1c/4d/3ab130_f121_cover-2-pokojowe-mieszkanie-warszawa-bemowo-ul-gen-tadeusza-pelczynskiego.jpg,,,parter,2010.0,blok,,,,,,,,,,
Warszawa Białołęka,ul. Leona Berensona,2.0,47.0,710000,15106.0,Bez pośredników,ponad miesiąc temu,8.0,https://adresowo.pl/o/mieszkanie-warszawa-bialoleka-ul-leona-berensona-2-pokojowe-u0i8w5,https://s2.adresowa.pl/oi/62/3a/3aaf98_97c2_cover-2-pokojowe-mieszkanie-warszawa-bialoleka-ul-leona-berensona.jpg,,,parter,,blok,,,,,,,,,52.32418,21.069108
Warszawa Białołęka,ul. Myśliborska,3.0,64.0,850000,13281.0,Bez pośredników,ponad miesiąc temu,13.0,https://adresowo.pl/o/mieszkanie-warszawa-bialoleka-ul-mysliborska-3-pokojowe-k4d5q2,https://s2.adresowa.pl/oi/29/48/3aaf68_5e68_cover-3-pokojowe-mieszkanie-warszawa-bialoleka-ul-mysliborska.jpg,,,parter,2006.0,blok,,,,,,,,,,
Warszawa Śródmieście,ul. Miła,3.0,66.0,1099000,16652.0,Oferta biura nieruchomości,ponad miesiąc temu,8.0,https://adresowo.pl/o/mieszkanie-warszawa-srodmiescie-ul-mila-3-pokojowe-c0e8i7,https://s2.adresowa.pl/oi/45/6f/3ad96a_a339_cover-3-pokojowe-mieszkanie-warszawa-srodmiescie-ul-mila.jpg,,,6,2000.0,blok,,,,,,,,,,
Warszawa Mokotów,ul. Bernardyńska,2.0,36.0,649000,18282.0,Oferta biura nieruchomości,ponad miesiąc temu,8.0,https://adresowo.pl/o/mieszkanie-warszawa-mokotow-ul-bernardynska-2-pokojowe-d7m3m5,https://s2.adresowa.pl/oi/2c/67/3ad966_69b8_cover-2-pokojowe-mieszkanie-warszawa-mokotow-ul-bernardynska.jpg,,,4,1978.0,blok,,,,,,,,,52.192801,21.064597
Warszawa Grochów,ul. Szaserów,2.0,36.0,490000,13611.0,Bez pośredników,ponad miesiąc temu,1.0,https://adresowo.pl/o/mieszkanie-warszawa-grochow-ul-szaserow-2-pokojowe-h0m7c8,https://s2.adresowa.pl/oi/2b/49/3aaeaa_431a_cover-2-pokojowe-mieszkanie-warszawa-grochow-ul-szaserow.jpg,,,2,1968.0,kamienica,,,,,,,,,52.247068,21.101672
Warszawa Targówek,ul. Wyspowa,1.0,35.0,550000,15714.0,Bez pośredników,ponad miesiąc temu,8.0,https://adresowo.pl/o/mieszkanie-warszawa-targowek-ul-wyspowa-1-pokoj-l7t1o6,https://s2.adresowa.pl/oi/34/6e/3aae90_6dbb_cover-1-pokojowe-mieszkanie-warszawa-targowek-ul-wyspowa.jpg,,,515,2005.0,blok,,,,,,,,,52.28859,21.083114
Warszawa Wilanów,ul. Herbu Janina,1.0,32.0,539990,16838.0,Bez pośredników,ponad miesiąc temu,7.0,https://adresowo.pl/o/mieszkanie-warszawa-wilanow-ul-herbu-janina-1-pokoj-u3m8t2,https://s2.adresowa.pl/oi/57/7c/3aae5a_78e1_cover-1-pokojowe-mieszkanie-warszawa-wilanow-ul-herbu-janina.jpg,,,parter,2016.0,,,,,,,,,,,
Warszawa Praga-Północ,ul. Józefa Szanajcy,2.0,47.0,715000,15343.0,Oferta biura nieruchomości,ponad miesiąc temu,24.0,https://adresowo.pl/o/mieszkanie-warszawa-praga-polnoc-ul-jozefa-szanajcy-2-pokojowe-s2w1v7,https://s2.adresowa.pl/oi/22/2c/3ad960_6798_cover-2-pokojowe-mieszkanie-warszawa-praga-polnoc-ul-jozefa-szanajcy.jpg,,,1,1955.0,blok,,,,,,,,,,
Warszawa Wola,"al. ""Solidarności""",1.0,20.0,390000,19500.0,Oferta biura nieruchomości,ponad miesiąc temu,11.0,https://adresowo.pl/o/mieszkanie-warszawa-wola-al-solidarnosci-1-pokoj-r9z6m2,https://s2.adresowa.pl/oi/58/2d/3ad95c_e62f_cover-1-pokojowe-mieszkanie-warszawa-wola-al-solidarnosci-.jpg,,,2,1970.0,blok,,,,,,,,,52.239479,20.984668
Warszawa Targówek,ul. Krasiczyńska,2.0,37.0,570000,15405.0,Bez pośredników,ponad miesiąc temu,4.0,https://adresowo.pl/o/mieszkanie-warszawa-targowek-ul-krasiczynska-2-pokojowe-m7c3y8,https://s2.adresowa.pl/oi/1a/39/3aae26_7a9d_cover-2-pokojowe-mieszkanie-warszawa-targowek-ul-krasiczynska.jpg,,,parter,1972.0,blok,,,,,,,,,,
Warszawa Bemowo,ul. Górczewska,2.0,57.0,960000,16931.0,Bez pośredników,ponad miesiąc temu,18.0,https://adresowo.pl/o/mieszkanie-warszawa-bemowo-ul-gorczewska-2-pokojowe-f9m3t2,https://s2.adresowa.pl/oi/16/32/3aae00_900d_cover-2-pokojowe-mieszkanie-warszawa-bemowo-ul-gorczewska.jpg,,,10,2005.0,blok,,,,,,,,,52.24005,20.933529
Warszawa Chomiczówka,ul. Josepha Conrada,3.0,60.0,730000,12167.0,Bez pośredników,ponad miesiąc temu,18.0,https://adresowo.pl/o/mieszkanie-warszawa-chomiczowka-ul-josepha-conrada-3-pokojowe-j7n1u1,https://s2.adresowa.pl/oi/37/7b/3aade0_7384_cover-3-pokojowe-mieszkanie-warszawa-chomiczowka-ul-josepha-conrada.jpg,,,9,1980.0,blok,,,,,,,,,52.272621,20.926623
Warszawa Ursynów,ul. Rybitwy,5.0,112.0,1970000,17589.0,Oferta biura nieruchomości,ponad miesiąc temu,10.0,https://adresowo.pl/o/mieszkanie-warszawa-ursynow-ul-rybitwy-5-pokojowe-d9f9k0,https://s2.adresowa.pl/oi/53/47/3ad956_5837_cover-5-pokojowe-mieszkanie-warszawa-ursynow-ul-rybitwy.jpg,,,parter,2009.0,blok,,,,,,,,,,
Warszawa Śródmieście,ul. Karmelicka,1.0,27.0,525000,19663.0,Oferta biura nieruchomości,ponad miesiąc temu,10.0,https://adresowo.pl/o/mieszkanie-warszawa-srodmiescie-ul-karmelicka-1-pokoj-j9a2q8,https://s2.adresowa.pl/oi/62/6f/3ad946_f7ca_cover-1-pokojowe-mieszkanie-warszawa-srodmiescie-ul-karmelicka.jpg,,,parter,1967.0,blok,,,,,,,,,,
Warszawa Śródmieście,ul. Kościelna,1.0,29.0,640000,22393.0,Bez pośredników,ponad miesiąc temu,9.0,https://adresowo.pl/o/mieszkanie-warszawa-srodmiescie-ul-koscielna-1-pokoj-g5e6b0,https://s2.adresowa.pl/oi/50/56/3aad9a_f6e7_cover-1-pokojowe-mieszkanie-warszawa-srodmiescie-ul-koscielna.jpg,,,3,,blok,,,,,,,,,52.25402,21.009164
Warszawa Wilanów,ul. abp. Józefa Teodorowicza,2.0,56.0,1065000,18950.0,Bez pośredników,ponad miesiąc temu,6.0,https://adresowo.pl/o/mieszkanie-warszawa-wilanow-ul-abp-jozefa-teodorowicza-2-pokojowe-w5g0z7,https://s2.adresowa.pl/oi/1c/3d/3aac54_931d_cover-2-pokojowe-mieszkanie-warszawa-wilanow-ul-abp-jozefa-teodorowicza.jpg,,,parter,2014.0,blok,,,,,,,,,,
Warszawa Ochota,ul. Grójecka,2.0,43.0,820000,19070.0,Bez pośredników,ponad miesiąc temu,8.0,https://adresowo.pl/o/mieszkanie-warszawa-ochota-ul-grojecka-2-pokojowe-f4o7k8,https://s2.adresowa.pl/oi/4c/14/3aac0e_7f1b_cover-2-pokojowe-mieszkanie-warszawa-ochota-ul-grojecka.jpg,,,4,1954.0,blok,,,,,,,,,52.211124,20.976782
Warszawa Żoliborz,ul. Braci Załuskich,1.0,27.0,430000,16226.0,Oferta biura nieruchomości,ponad miesiąc temu,17.0,https://adresowo.pl/o/mieszkanie-warszawa-zoliborz-ul-braci-zaluskich-1-pokoj-t2a7e4,https://s2.adresowa.pl/oi/30/6f/3ad93a_5d2b_cover-1-pokojowe-mieszkanie-warszawa-zoliborz-ul-braci-zaluskich.jpg,,,parter,1970.0,blok,,,,,,,,,52.267471,20.96888
Warszawa Mokotów,ul. Rabindranatha Tagore'a,4.0,106.0,2780000,26226.0,Oferta biura nieruchomości,ponad miesiąc temu,9.0,https://adresowo.pl/o/mieszkanie-warszawa-mokotow-ul-rabindranatha-tagore-a-4-pokojowe-d2z0y5,https://s2.adresowa.pl/oi/52/66/3ad938_3833_cover-4-pokojowe-mieszkanie-warszawa-mokotow-ul-rabindranatha-tagore-a.jpg,,,parter,2024.0,blok,,,,,,,,,52.194107,21.007212
Warszawa Odolany,ul. Stańczyka,2.0,40.0,871620,21900.0,Bez pośredników,ponad miesiąc temu,6.0,https://adresowo.pl/o/mieszkanie-warszawa-odolany-ul-stanczyka-2-pokojowe-y2u6n4,https://s2.adresowa.pl/oi/27/71/3aabb4_bc49_cover-2-pokojowe-mieszkanie-warszawa-odolany-ul-stanczyka.jpg,,,10,2019.0,blok,,,,,,,,,,
Warszawa Ochota,ul. Karola Dickensa,1.0,27.0,540000,20000.0,Bez pośredników,ponad miesiąc temu,12.0,https://adresowo.pl/o/mieszkanie-warszawa-ochota-ul-karola-dickensa-1-pokoj-h7v7l9,https://s2.adresowa.pl/oi/35/4c/3aabae_4fe3_cover-1-pokojowe-mieszkanie-warszawa-ochota-ul-karola-dickensa.jpg,,,9,1961.0,blok,,,,,,,,,52.206432,20.969995
Warszawa Śródmieście,ul. Laskowa,3.0,56.0,864000,15429.0,Bez pośredników,ponad miesiąc temu,10.0,https://adresowo.pl/o/mieszkanie-warszawa-srodmiescie-ul-laskowa-3-pokojowe-u0t2p3,https://s2.adresowa.pl/oi/30/2a/3aaafe_8d66_cover-3-pokojowe-mieszkanie-warszawa-srodmiescie-ul-laskowa.jpg,,,3,1958.0,kamienica,,,,,,,,,52.227761,20.975261
Warszawa Praga-Północ,ul. Szwedzka,3.0,61.0,1590000,26066.0,Oferta biura nieruchomości,ponad miesiąc temu,20.0,https://adresowo.pl/o/mieszkanie-warszawa-praga-polnoc-ul-szwedzka-3-pokojowe-c9w2s0,https://s2.adresowa.pl/oi/1c/39/3ad914_c5cd_cover-3-pokojowe-mieszkanie-warszawa-praga-polnoc-ul-szwedzka.jpg,,,3,2025.0,blok,,,,,,,,,52.265445,21.041705
Warszawa Bielany,ul. Lisowska,3.0,51.0,815000,15856.0,Oferta biura nieruchomości,ponad miesiąc temu,19.0,https://adresowo.pl/o/mieszkanie-warszawa-bielany-ul-lisowska-3-pokojowe-f8j3d5,https://s2.adresowa.pl/oi/66/72/3ad910_d8cc_cover-3-pokojowe-mieszkanie-warszawa-bielany-ul-lisowska.jpg,,,parter,1956.0,blok,,,,,,,,,,
Warszawa Mokotów,ul. Jana III Sobieskiego,2.0,50.0,1250000,25000.0,Bez pośredników,ponad miesiąc temu,18.0,https://adresowo.pl/o/mieszkanie-warszawa-mokotow-ul-jana-iii-sobieskiego-2-pokojowe-j3e4w8,https://s2.adresowa.pl/oi/4f/23/3aaabc_8fc4_cover-2-pokojowe-mieszkanie-warszawa-mokotow-ul-jana-iii-sobieskiego.jpg,,,parter,2021.0,blok,,,,,,,,,,
Warszawa Praga,ul. Białostocka,2.0,33.0,599999,18462.0,Bez pośredników,ponad miesiąc temu,14.0,https://adresowo.pl/o/mieszkanie-warszawa-praga-ul-bialostocka-2-pokojowe-k8d5k2,https://s2.adresowa.pl/oi/20/22/3aaaba_42ba_cover-2-pokojowe-mieszkanie-warszawa-praga-ul-bialostocka.jpg,,,2,1978.0,blok,,,,,,,,,,
Warszawa Ursynów,al. Komisji Edukacji Narodowej,3.0,81.0,1610000,20000.0,Bez pośredników,ponad miesiąc temu,20.0,https://adresowo.pl/o/mieszkanie-warszawa-ursynow-al-komisji-edukacji-narodowej-3-pokojowe-o8h4g8,https://s2.adresowa.pl/oi/2d/36/3aaab0_9f25_cover-3-pokojowe-mieszkanie-warszawa-ursynow-al-komisji-edukacji-narodowej.jpg,,,parter,2010.0,blok,,,,,,,,,52.14752,21.049
Warszawa Praga-Południe,ul. Jana Nagórskiego,3.0,63.0,950000,15079.0,Oferta biura nieruchomości,ponad miesiąc temu,9.0,https://adresowo.pl/o/mieszkanie-warszawa-praga-poludnie-ul-jana-nagorskiego-3-pokojowe-u6a0j3,https://s2.adresowa.pl/oi/11/3f/3ad90a_3446_cover-3-pokojowe-mieszkanie-warszawa-praga-poludnie-ul-jana-nagorskiego.jpg,,,6,1980.0,blok,,,,,,,,,52.224634,21.089752
Warszawa Mokotów,ul. Chełmska,3.0,73.0,1599000,21964.0,Oferta biura nieruchomości,ponad miesiąc temu,14.0,https://adresowo.pl/o/mieszkanie-warszawa-mokotow-ul-chelmska-3-pokojowe-o7x2f4,https://s2.adresowa.pl/oi/49/3c/3ad8fe_6615_cover-3-pokojowe-mieszkanie-warszawa-mokotow-ul-chelmska.jpg,,,parter,2007.0,blok,,,,,,,,,52.20154,21.046806
Warszawa Wesoła,ul. Armii Krajowej,3.0,64.0,1200000,18838.0,Bez pośredników,ponad miesiąc temu,11.0,https://adresowo.pl/o/mieszkanie-warszawa-wesola-ul-armii-krajowej-3-pokojowe-h6q5d8,https://s2.adresowa.pl/oi/25/4e/3aaa4c_d953_cover-3-pokojowe-mieszkanie-warszawa-wesola-ul-armii-krajowej.jpg,,,parter,2018.0,blok,,,,,,,,,52.249527,21.234373
Warszawa Nowodwory,ul. Pasłęcka,3.0,80.0,890000,11125.0,Bez pośredników,ponad miesiąc temu,14.0,https://adresowo.pl/o/mieszkanie-warszawa-nowodwory-ul-paslecka-3-pokojowe-j0o8m5,https://s2.adresowa.pl/oi/3c/36/3aa9fa_2b31_cover-3-pokojowe-mieszkanie-warszawa-nowodwory-ul-paslecka.jpg,,,8,2003.0,blok,,,,,,,,,52.333343,20.94999
Warszawa Praga-Południe,ul. Przeworska,3.0,47.0,840000,17872.0,Bez pośredników,ponad miesiąc temu,11.0,https://adresowo.pl/o/mieszkanie-warszawa-praga-poludnie-ul-przeworska-3-pokojowe-s6t9v5,https://s2.adresowa.pl/oi/3d/61/3aa9a6_d924_cover-3-pokojowe-mieszkanie-warszawa-praga-poludnie-ul-przeworska.jpg,,,parter,2019.0,blok,,,,,,,,,,
Warszawa Bielany,park im. Stefana Żeromskiego,2.0,36.0,599000,16639.0,Oferta biura nieruchomości,ponad miesiąc temu,15.0,https://adresowo.pl/o/mieszkanie-warszawa-bielany-park-im-stefana-zeromskiego-2-pokojowe-q9v0p9,https://s2.adresowa.pl/oi/2a/65/3ad902_7ce2_cover-2-pokojowe-mieszkanie-warszawa-bielany-park-im-stefana-zeromskiego.jpg,,,1,1960.0,blok,,,,,,,,,52.275996,20.951998
Warszawa Wola,ul. Jana Kazimierza,4.0,79.0,1800000,22785.0,Oferta biura nieruchomości,ponad miesiąc temu,14.0,https://adresowo.pl/o/mieszkanie-warszawa-wola-ul-jana-kazimierza-4-pokojowe-u0h7r8,https://s2.adresowa.pl/oi/22/6c/3ad8de_7ec6_cover-4-pokojowe-mieszkanie-warszawa-wola-ul-jana-kazimierza.jpg,,,1,2017.0,blok,,,,,,,,,,
Warszawa Ochota,ul. Maszynowa,2.0,48.0,1130000,23542.0,Bez pośredników,ponad miesiąc temu,21.0,https://adresowo.pl/o/mieszkanie-warszawa-ochota-ul-maszynowa-2-pokojowe-x6o8t9,https://s2.adresowa.pl/oi/2e/71/3aa952_ba3a_cover-2-pokojowe-mieszkanie-warszawa-ochota-ul-maszynowa.jpg,,,parter,2010.0,blok,,,,,,,,,,
Warszawa Mokotów,ul. Króżańska,3.0,65.0,1590000,24462.0,Bez pośredników,ponad miesiąc temu,21.0,https://adresowo.pl/o/mieszkanie-warszawa-mokotow-ul-krozanska-3-pokojowe-t2l4p5,https://s2.adresowa.pl/oi/23/74/3aa92c_d377_cover-3-pokojowe-mieszkanie-warszawa-mokotow-ul-krozanska.jpg,,,parter,1935.0,kamienica,,,,,,,,,52.202517,21.011517
Warszawa Ursus,ul. Górna Droga,2.0,45.0,615000,13728.0,Bez pośredników,ponad miesiąc temu,19.0,https://adresowo.pl/o/mieszkanie-warszawa-ursus-ul-gorna-droga-2-pokojowe-v6b1v6,https://s2.adresowa.pl/oi/20/29/3aa928_791e_cover-2-pokojowe-mieszkanie-warszawa-ursus-ul-gorna-droga.jpg,,,1,2001.0,blok,,,,,,,,,,
Warszawa Wesoła,al. Jana Pawła II,3.0,85.0,990000,11647.0,Oferta biura nieruchomości,ponad miesiąc temu,22.0,https://adresowo.pl/o/mieszkanie-warszawa-wesola-al-jana-pawla-ii-3-pokojowe-n2g7l4,https://s2.adresowa.pl/oi/14/25/3ad8d2_3687_cover-3-pokojowe-mieszkanie-warszawa-wesola-al-jana-pawla-ii.jpg,,,1,1996.0,blok,,,,,,,,,52.218964,21.24255
Warszawa Praga-Północ,ul. Namysłowska,2.0,35.0,599000,17114.0,Oferta biura nieruchomości,ponad miesiąc temu,1.0,https://adresowo.pl/o/mieszkanie-warszawa-praga-polnoc-ul-namyslowska-2-pokojowe-i9u9j7,https://s2.adresowa.pl/oi/44/42/3ad8cc_aa72_cover-2-pokojowe-mieszkanie-warszawa-praga-polnoc-ul-namyslowska.jpg,,,parter,2025.0,blok,,,,,,,,,,
Warszawa Targówek,ul. Kolonijna,4.0,69.0,1299000,18821.0,Bez pośredników,ponad miesiąc temu,5.0,https://adresowo.pl/o/mieszkanie-warszawa-targowek-ul-kolonijna-4-pokojowe-b8n6q0,https://s2.adresowa.pl/oi/11/50/3aa900_87b9_cover-4-pokojowe-mieszkanie-warszawa-targowek-ul-kolonijna.jpg,,,parter,2019.0,blok,,,,,,,,,52.277037,21.046392
Warszawa Targówek,ul. Chodecka,2.0,38.0,655000,17237.0,Bez pośredników,ponad miesiąc temu,7.0,https://adresowo.pl/o/mieszkanie-warszawa-targowek-ul-chodecka-2-pokojowe-v1z2b4,https://s2.adresowa.pl/oi/14/14/3aa902_e484_cover-2-pokojowe-mieszkanie-warszawa-targowek-ul-chodecka.jpg,,,4,1970.0,blok,,,,,,,,,52.293073,21.042626
Warszawa Bielany,ul. Jana Kasprowicza,2.0,27.0,529000,19680.0,Bez pośredników,ponad miesiąc temu,21.0,https://adresowo.pl/o/mieszkanie-warszawa-bielany-ul-jana-kasprowicza-2-pokojowe-q3y6v4,https://s2.adresowa.pl/oi/49/26/3aa882_6860_cover-2-pokojowe-mieszkanie-warszawa-bielany-ul-jana-kasprowicza.jpg,,,parter,1965.0,blok,,,,,,,,,52.289234,20.935678
Warszawa Mokotów,ul. Modra,5.0,195.0,4200000,21499.0,Oferta biura nieruchomości,ponad miesiąc temu,20.0,https://adresowo.pl/o/mieszkanie-warszawa-mokotow-ul-modra-5-pokojowe-g0u3o6,https://s2.adresowa.pl/oi/15/7c/3ad838_7532_cover-5-pokojowe-mieszkanie-warszawa-mokotow-ul-modra.jpg,,,parter,2015.0,,,,,,,,,,52.17879,21.017824
Warszawa Praga-Południe,al. Jerzego Waszyngtona,2.0,40.0,749900,18748.0,Oferta biura nieruchomości,ponad miesiąc temu,14.0,https://adresowo.pl/o/mieszkanie-warszawa-praga-poludnie-al-jerzego-waszyngtona-2-pokojowe-c2v0e3,https://s2.adresowa.pl/oi/43/70/3ad828_7727_cover-2-pokojowe-mieszkanie-warszawa-praga-poludnie-al-jerzego-waszyngtona.jpg,,,parter,1938.0,kamienica,,,,,,,,,,
Warszawa Żoliborz,ul. Gwiaździsta,3.0,90.0,1790000,19889.0,Bez pośredników,ponad miesiąc temu,15.0,https://adresowo.pl/o/mieszkanie-warszawa-zoliborz-ul-gwiazdzista-3-pokojowe-t5g7p8,https://s2.adresowa.pl/oi/42/61/3aa80e_9f03_cover-3-pokojowe-mieszkanie-warszawa-zoliborz-ul-gwiazdzista.jpg,,,1,2007.0,apartamentowiec,,,,,,,,,,
Warszawa Marysin Wawerski,ul. Korkowa,2.0,38.0,575000,15333.0,Bez pośredników,ponad miesiąc temu,10.0,https://adresowo.pl/o/mieszkanie-warszawa-marysin-wawerski-ul-korkowa-2-pokojowe-k8e7t9,https://s2.adresowa.pl/oi/41/30/3aa7f8_aa5d_cover-2-pokojowe-mieszkanie-warszawa-marysin-wawerski-ul-korkowa.jpg,,,parter,1968.0,blok,,,,,,,,,52.239314,21.152979
Warszawa Wilanów,ul. Adama Branickiego,4.0,120.0,2600000,21667.0,Bez pośredników,ponad miesiąc temu,20.0,https://adresowo.pl/o/mieszkanie-warszawa-wilanow-ul-adama-branickiego-4-pokojowe-a5s5k2,https://s2.adresowa.pl/oi/4c/13/3aa7ae_2afb_cover-4-pokojowe-mieszkanie-warszawa-wilanow-ul-adama-branickiego.jpg,,,parter,2011.0,blok,,,,,,,,,52.15517,21.072471
Warszawa Żoliborz,ul. Tylżycka,3.0,63.0,1195000,18884.0,Oferta biura nieruchomości,ponad miesiąc temu,13.0,https://adresowo.pl/o/mieszkanie-warszawa-zoliborz-ul-tylzycka-3-pokojowe-p7s3d2,https://s2.adresowa.pl/oi/5b/1b/3ad824_4e08_cover-3-pokojowe-mieszkanie-warszawa-zoliborz-ul-tylzycka.jpg,,,parter,1988.0,blok,,,,,,,,,,
Warszawa Wawer,ul. Celulozy,4.0,160.0,1150000,7188.0,Oferta biura nieruchomości,ponad miesiąc temu,12.0,https://adresowo.pl/o/mieszkanie-warszawa-wawer-ul-celulozy-4-pokojowe-m9f1j4,https://s2.adresowa.pl/oi/3e/32/3ad81e_64c7_cover-4-pokojowe-mieszkanie-warszawa-wawer-ul-celulozy.jpg,,,parter,2020.0,,,,,,,,,,52.16353,21.18061
Warszawa Białołęka,ul. Vincenza Belliniego,2.0,43.0,630000,14651.0,Bez pośredników,ponad miesiąc temu,8.0,https://adresowo.pl/o/mieszkanie-warszawa-bialoleka-ul-vincenza-belliniego-2-pokojowe-y7o6a3,https://s2.adresowa.pl/oi/32/1a/3aa77c_2722_cover-2-pokojowe-mieszkanie-warszawa-bialoleka-ul-vincenza-belliniego.jpg,,,parter,2017.0,blok,,,,,,,,,,
Warszawa Praga-Południe,ul. Czapelska,2.0,30.0,535000,17833.0,Bez pośredników,ponad miesiąc temu,10.0,https://adresowo.pl/o/mieszkanie-warszawa-praga-poludnie-ul-czapelska-2-pokojowe-l1k4j5,https://s2.adresowa.pl/oi/53/73/3aa6a0_5328_cover-2-pokojowe-mieszkanie-warszawa-praga-poludnie-ul-czapelska.jpg,,,1,1935.0,apartamentowiec,,,,,,,,,52.242592,21.086033
Warszawa Włochy,ul. Łopuszańska,4.0,73.0,1199000,16425.0,Oferta biura nieruchomości,ponad miesiąc temu,20.0,https://adresowo.pl/o/mieszkanie-warszawa-wlochy-ul-lopuszanska-4-pokojowe-w2v2t0,https://s2.adresowa.pl/oi/4e/3c/3ad820_7e01_cover-4-pokojowe-mieszkanie-warszawa-wlochy-ul-lopuszanska.jpg,,,2,2023.0,blok,,,,,,,,,,
Warszawa Mokotów,ul. Postępu,2.0,61.0,999000,16469.0,Oferta biura nieruchomości,ponad miesiąc temu,10.0,https://adresowo.pl/o/mieszkanie-warszawa-mokotow-ul-postepu-2-pokojowe-a5c4s2,https://s2.adresowa.pl/oi/69/61/3ad812_6754_cover-2-pokojowe-mieszkanie-warszawa-mokotow-ul-postepu.jpg,,,4,2013.0,blok,,,,,,,,,52.1756,20.995146
Warszawa Śródmieście,ul. Stanisława Noakowskiego,2.0,59.0,1390000,23559.0,Bez pośredników,ponad miesiąc temu,8.0,https://adresowo.pl/o/mieszkanie-warszawa-srodmiescie-ul-stanislawa-noakowskiego-2-pokojowe-c9o7d4,https://s2.adresowa.pl/oi/79/71/3aa314_73cd_cover-2-pokojowe-mieszkanie-warszawa-srodmiescie-ul-stanislawa-noakowskiego.jpg,,,1,1912.0,kamienica,,,,,,,,,52.221316,21.011242
Warszawa Wola,"ul. Danuty Siedzikówny ""Inki""",1.0,28.0,499000,18145.0,Bez pośredników,ponad miesiąc temu,8.0,https://adresowo.pl/o/mieszkanie-warszawa-wola-ul-danuty-siedzikowny-inki-1-pokoj-a5d6n2,https://s2.adresowa.pl/oi/25/3d/3aa03c_eda4_cover-1-pokojowe-mieszkanie-warszawa-wola-ul-danuty-siedzikowny-inki-.jpg,,,parter,1963.0,blok,,,,,,,,,52.24075,20.943806
Warszawa Wilanów,ul. Sarmacka,2.0,43.0,950000,22353.0,Bez pośredników,ponad miesiąc temu,12.0,https://adresowo.pl/o/mieszkanie-warszawa-wilanow-ul-sarmacka-2-pokojowe-f1j6t5,https://s2.adresowa.pl/oi/27/73/3a9cda_ae78_cover-2-pokojowe-mieszkanie-warszawa-wilanow-ul-sarmacka.jpg,,,parter,2008.0,blok,,,,,,,,,,
Warszawa Wawer,ul. Celulozy,3.0,75.0,1120000,14933.0,Oferta biura nieruchomości,ponad miesiąc temu,10.0,https://adresowo.pl/o/mieszkanie-warszawa-wawer-ul-celulozy-3-pokojowe-r7p7q4,https://s2.adresowa.pl/oi/37/3a/3ad81a_ce1c_cover-3-pokojowe-mieszkanie-warszawa-wawer-ul-celulozy.jpg,,,parter,2018.0,,,,,,,,,,52.16555,21.16768
Warszawa Praga-Południe,ul. Saska,4.0,92.0,1399000,15207.0,Oferta biura nieruchomości,ponad miesiąc temu,15.0,https://adresowo.pl/o/mieszkanie-warszawa-praga-poludnie-ul-saska-4-pokojowe-g9w3l2,https://s2.adresowa.pl/oi/2e/22/3ad80c_cb61_cover-4-pokojowe-mieszkanie-warszawa-praga-poludnie-ul-saska.jpg,,,parter,1938.0,kamienica,,,,,,,,,,
Warszawa Białołęka,ul. Światowida,4.0,78.0,1550000,19961.0,Bez pośredników,ponad miesiąc temu,20.0,https://adresowo.pl/o/mieszkanie-warszawa-bialoleka-ul-swiatowida-4-pokojowe-y7v8u8,https://s2.adresowa.pl/oi/6c/6a/3a9c40_99cd_cover-4-pokojowe-mieszkanie-warszawa-bialoleka-ul-swiatowida.jpg,,,parter,2013.0,blok,,,,,,,,,,
Warszawa Wola,ul. Jana Kazimierza,2.0,48.0,1300000,27083.0,Bez pośredników,ponad miesiąc temu,25.0,https://adresowo.pl/o/mieszkanie-warszawa-wola-ul-jana-kazimierza-2-pokojowe-e8p5e0,https://s2.adresowa.pl/oi/2a/46/3a9bf4_f2f2_cover-2-pokojowe-mieszkanie-warszawa-wola-ul-jana-kazimierza.jpg,,,3,2024.0,blok,,,,,,,,,,
Warszawa Wola,ul. Okopowa,1.0,27.0,590000,21612.0,Oferta biura nieruchomości,ponad miesiąc temu,13.0,https://adresowo.pl/o/mieszkanie-warszawa-wola-ul-okopowa-1-pokoj-r8i6q1,https://s2.adresowa.pl/oi/4c/33/3ad808_bf71_cover-1-pokojowe-mieszkanie-warszawa-wola-ul-okopowa.jpg,,,15,1955.0,kamienica,,,,,,,,,,
Warszawa Mokotów,ul. Cybernetyki,2.0,43.0,961856,22400.0,Oferta biura nieruchomości,ponad miesiąc temu,15.0,https://adresowo.pl/o/mieszkanie-warszawa-mokotow-ul-cybernetyki-2-pokojowe-x7w3s9,https://s2.adresowa.pl/oi/68/5f/3ad802_f0f5_cover-2-pokojowe-mieszkanie-warszawa-mokotow-ul-cybernetyki.jpg,,,4,2026.0,blok,,,,,,,,,52.175133,20.998179
Warszawa Okęcie,ul. Astronautów,2.0,52.0,810000,15577.0,Bez pośredników,ponad miesiąc temu,12.0,https://adresowo.pl/o/mieszkanie-warszawa-okecie-ul-astronautow-2-pokojowe-x6g4v3,https://s2.adresowa.pl/oi/19/6f/3a9bda_63d1_cover-2-pokojowe-mieszkanie-warszawa-okecie-ul-astronautow.jpg,,,parter,1960.0,blok,,,,,,,,,52.183997,20.974721
Warszawa Wilanów,ul. Sejmu Czteroletniego,2.0,59.0,1240000,20868.0,Bez pośredników,ponad miesiąc temu,16.0,https://adresowo.pl/o/mieszkanie-warszawa-wilanow-ul-sejmu-czteroletniego-2-pokojowe-m5l4j3,https://s2.adresowa.pl/oi/5a/29/3a9b4e_47a2_cover-2-pokojowe-mieszkanie-warszawa-wilanow-ul-sejmu-czteroletniego.jpg,,,1,2012.0,blok,,,,,,,,,52.15661,21.072297
Warszawa Ursus,ul. Stanisława Wojciechowskiego,2.0,40.0,720000,17893.0,Bez pośredników,ponad miesiąc temu,19.0,https://adresowo.pl/o/mieszkanie-warszawa-ursus-ul-stanislawa-wojciechowskiego-2-pokojowe-k5u9a1,https://s2.adresowa.pl/oi/4e/33/3a9b02_f6f0_cover-2-pokojowe-mieszkanie-warszawa-ursus-ul-stanislawa-wojciechowskiego.jpg,,,parter,2017.0,blok,,,,,,,,,,
Warszawa Włochy,ul. Rakowska,2.0,40.0,739000,18475.0,Oferta biura nieruchomości,ponad miesiąc temu,8.0,https://adresowo.pl/o/mieszkanie-warszawa-wlochy-ul-rakowska-2-pokojowe-c1b6g3,https://s2.adresowa.pl/oi/2c/2e/3ad7fc_e4a1_cover-2-pokojowe-mieszkanie-warszawa-wlochy-ul-rakowska.jpg,,,6,2016.0,blok,,,,,,,,,52.196149,20.951125
Warszawa Ursus,ul. Józefa Chełmońskiego,3.0,71.0,999999,14084.0,Oferta biura nieruchomości,ponad miesiąc temu,13.0,https://adresowo.pl/o/mieszkanie-warszawa-ursus-ul-jozefa-chelmonskiego-3-pokojowe-g2q7k6,https://s2.adresowa.pl/oi/4a/6d/3ad800_d632_cover-3-pokojowe-mieszkanie-warszawa-ursus-ul-jozefa-chelmonskiego.jpg,,,1,2002.0,blok,,,,,,,,,,
Warszawa Mokotów,ul. Cybernetyki,2.0,45.0,860000,19283.0,Bez pośredników,ponad miesiąc temu,7.0,https://adresowo.pl/o/mieszkanie-warszawa-mokotow-ul-cybernetyki-2-pokojowe-k0k3q9,https://s2.adresowa.pl/oi/40/6f/3a9aee_985e_cover-2-pokojowe-mieszkanie-warszawa-mokotow-ul-cybernetyki.jpg,,,parter,2014.0,blok,,,,,,,,,,
Warszawa Bemowo,ul. Zenona Klemensiewicza,2.0,53.0,769000,14509.0,Bez pośredników,ponad miesiąc temu,12.0,https://adresowo.pl/o/mieszkanie-warszawa-bemowo-ul-zenona-klemensiewicza-2-pokojowe-d8k3j2,https://s2.adresowa.pl/oi/4b/65/3a9a94_8475_cover-2-pokojowe-mieszkanie-warszawa-bemowo-ul-zenona-klemensiewicza.jpg,,,3,1986.0,blok,,,,,,,,,,
Warszawa Targówek,ul. Tużycka,3.0,75.0,2200000,29333.0,Bez pośredników,ponad miesiąc temu,20.0,https://adresowo.pl/o/mieszkanie-warszawa-targowek-ul-tuzycka-3-pokojowe-m2x6v2,https://s2.adresowa.pl/oi/2d/47/3a9a5e_7cd6_cover-3-pokojowe-mieszkanie-warszawa-targowek-ul-tuzycka.jpg,,,parter,2024.0,kamienica,,,,,,,,,,
Warszawa Praga-Południe,ul. Franciszka Żymirskiego,3.0,56.0,749000,13375.0,Oferta biura nieruchomości,ponad miesiąc temu,14.0,https://adresowo.pl/o/mieszkanie-warszawa-praga-poludnie-ul-franciszka-zymirskiego-3-pokojowe-z8v0d9,https://s2.adresowa.pl/oi/10/28/3ad7fa_e4d1_cover-3-pokojowe-mieszkanie-warszawa-praga-poludnie-ul-franciszka-zymirskiego.jpg,,,3,1975.0,blok,,,,,,,,,,
Warszawa Praga,ul. Międzynarodowa,3.0,47.0,845000,17979.0,Oferta biura nieruchomości,ponad miesiąc temu,5.0,https://adresowo.pl/o/mieszkanie-warszawa-praga-ul-miedzynarodowa-3-pokojowe-p8l6z6,https://s2.adresowa.pl/oi/25/4d/3ad7f6_8e65_cover-3-pokojowe-mieszkanie-warszawa-praga-ul-miedzynarodowa.jpg,,,3,1972.0,blok,,,,,,,,,52.232016,21.064049
Warszawa Praga-Południe,ul. Komorska,3.0,66.0,999000,15229.0,Bez pośredników,ponad miesiąc temu,20.0,https://adresowo.pl/o/mieszkanie-warszawa-praga-poludnie-ul-komorska-3-pokojowe-a7z8u9,https://s2.adresowa.pl/oi/4b/55/3a9a42_caa1_cover-3-pokojowe-mieszkanie-warszawa-praga-poludnie-ul-komorska.jpg,,,2,1999.0,blok,,,,,,,,,52.238505,21.101691
Warszawa Targówek,ul. Gilarska,2.0,60.0,999000,16650.0,Bez pośredników,ponad miesiąc temu,13.0,https://adresowo.pl/o/mieszkanie-warszawa-targowek-ul-gilarska-2-pokojowe-n2h7r3,https://s2.adresowa.pl/oi/3b/72/3a99a8_e403_cover-2-pokojowe-mieszkanie-warszawa-targowek-ul-gilarska.jpg,,,parter,2016.0,,,,,,,,,,52.280792,21.054202
Warszawa Ochota,ul. Rokosowska,3.0,46.0,1158000,24984.0,Bez pośredników,ponad miesiąc temu,16.0,https://adresowo.pl/o/mieszkanie-warszawa-ochota-ul-rokosowska-3-pokojowe-y6f4e3,https://s2.adresowa.pl/oi/14/5f/3a9958_fcab_cover-3-pokojowe-mieszkanie-warszawa-ochota-ul-rokosowska.jpg,,,4,1952.0,blok,,,,,,,,,,
Warszawa Stare Miasto,ul. Piekarska,3.0,110.0,2150000,19545.0,Oferta biura nieruchomości,ponad miesiąc temu,19.0,https://adresowo.pl/o/mieszkanie-warszawa-stare-miasto-ul-piekarska-3-pokojowe-i0l1o6,https://s2.adresowa.pl/oi/4d/26/3ad7f8_f62d_cover-3-pokojowe-mieszkanie-warszawa-stare-miasto-ul-piekarska.jpg,,,parter,1956.0,kamienica,,,,,,,,,52.24859,21.01094
Warszawa Wola,ul. Jana Olbrachta,2.0,37.0,699000,18892.0,Oferta biura nieruchomości,ponad miesiąc temu,13.0,https://adresowo.pl/o/mieszkanie-warszawa-wola-ul-jana-olbrachta-2-pokojowe-o5i3f2,https://s2.adresowa.pl/oi/4c/36/3ad7f2_3f06_cover-2-pokojowe-mieszkanie-warszawa-wola-ul-jana-olbrachta.jpg,,,2,1966.0,blok,,,,,,,,,52.235206,20.940706
Warszawa Bemowo,ul. Powstańców Śląskich,2.0,35.0,599000,16921.0,Bez pośredników,ponad miesiąc temu,20.0,https://adresowo.pl/o/mieszkanie-warszawa-bemowo-ul-powstancow-slaskich-2-pokojowe-u6p3v5,https://s2.adresowa.pl/oi/72/2f/3a9808_3252_cover-2-pokojowe-mieszkanie-warszawa-bemowo-ul-powstancow-slaskich.jpg,,,7,2001.0,blok,,,,,,,,,,
Warszawa Białołęka,ul. Przejezdna,3.0,53.0,740000,13973.0,Bez pośredników,ponad miesiąc temu,12.0,https://adresowo.pl/o/mieszkanie-warszawa-bialoleka-ul-przejezdna-3-pokojowe-u4o7x5,https://s2.adresowa.pl/oi/5e/71/3a9616_4a61_cover-3-pokojowe-mieszkanie-warszawa-bialoleka-ul-przejezdna.jpg,,,parter,2016.0,blok,,,,,,,,,52.343732,21.041909
Warszawa Ursynów,ul. Hilarego Koprowskiego,2.0,36.0,660000,18187.0,Oferta biura nieruchomości,ponad miesiąc temu,13.0,https://adresowo.pl/o/mieszkanie-warszawa-ursynow-ul-hilarego-koprowskiego-2-pokojowe-p7e5m7,https://s2.adresowa.pl/oi/42/71/3ad7f4_b2c0_cover-2-pokojowe-mieszkanie-warszawa-ursynow-ul-hilarego-koprowskiego.jpg,,,3,2025.0,blok,,,,,,,,,,
Warszawa Mokotów,ul. Juliana Bruna,3.0,48.0,750000,15625.0,Oferta biura nieruchomości,ponad miesiąc temu,13.0,https://adresowo.pl/o/mieszkanie-warszawa-mokotow-ul-juliana-bruna-3-pokojowe-d1d1o4,https://s2.adresowa.pl/oi/38/3e/3ad7ec_a17c_cover-3-pokojowe-mieszkanie-warszawa-mokotow-ul-juliana-bruna.jpg,,,parter,1970.0,blok,,,,,,,,,52.208781,20.999673
Warszawa Praga-Południe,ul. gen. Romana Abrahama,2.0,77.0,1300000,16813.0,Bez pośredników,ponad miesiąc temu,8.0,https://adresowo.pl/o/mieszkanie-warszawa-praga-poludnie-ul-gen-romana-abrahama-2-pokojowe-b3e3a5,https://s2.adresowa.pl/oi/1a/6f/3a9518_5d67_cover-2-pokojowe-mieszkanie-warszawa-praga-poludnie-ul-gen-romana-abrahama.jpg,,,2000,2000.0,kamienica,,,,,,,,,52.226924,21.092943
Warszawa Żoliborz,ul. Adama Mickiewicza,3.0,85.0,2500000,29516.0,Bez pośredników,ponad miesiąc temu,12.0,https://adresowo.pl/o/mieszkanie-warszawa-zoliborz-ul-adama-mickiewicza-3-pokojowe-x6q2a6,https://s2.adresowa.pl/oi/5a/27/3a951a_70fb_cover-3-pokojowe-mieszkanie-warszawa-zoliborz-ul-adama-mickiewicza.jpg,,,parter,1937.0,,,,,,,,,,52.269773,20.986061
Warszawa Śródmieście,"al. ""Solidarności""",3.0,56.0,1099999,19538.0,Oferta biura nieruchomości,ponad miesiąc temu,13.0,https://adresowo.pl/o/mieszkanie-warszawa-srodmiescie-al-solidarnosci-3-pokojowe-h9c4n5,https://s2.adresowa.pl/oi/71/6d/3ad7ee_ca8f_cover-3-pokojowe-mieszkanie-warszawa-srodmiescie-al-solidarnosci-.jpg,,,1,1970.0,blok,,,,,,,,,52.245596,21.006812
Warszawa Wola,ul. Giełdowa,2.0,77.0,1924750,25000.0,Oferta biura nieruchomości,ponad miesiąc temu,20.0,https://adresowo.pl/o/mieszkanie-warszawa-wola-ul-gieldowa-2-pokojowe-f3f9l0,https://s2.adresowa.pl/oi/5c/63/3ad7f0_9776_cover-2-pokojowe-mieszkanie-warszawa-wola-ul-gieldowa.jpg,,,5,2008.0,apartamentowiec,,,,,,,,,52.231164,20.97431
Warszawa Bielany,ul. Przy Agorze,2.0,37.0,650000,17568.0,Bez pośredników,ponad miesiąc temu,3.0,https://adresowo.pl/o/mieszkanie-warszawa-bielany-ul-przy-agorze-2-pokojowe-j9j1a8,https://s2.adresowa.pl/oi/39/6d/3a94fe_51c0_cover-2-pokojowe-mieszkanie-warszawa-bielany-ul-przy-agorze.jpg,,,parter,,blok,,,,,,,,,52.292421,20.938383
Warszawa Ochota,ul. Księcia Trojdena,2.0,35.0,739110,21300.0,Bez pośredników,ponad miesiąc temu,20.0,https://adresowo.pl/o/mieszkanie-warszawa-ochota-ul-ksiecia-trojdena-2-pokojowe-w2p8m1,https://s2.adresowa.pl/oi/38/72/3a94a4_974a_cover-2-pokojowe-mieszkanie-warszawa-ochota-ul-ksiecia-trojdena.jpg,,,parter,1961.0,blok,,,,,,,,,,
Warszawa Bemowo,ul. mjr. Henryka Sucharskiego,3.0,49.0,779000,15898.0,Oferta biura nieruchomości,ponad miesiąc temu,9.0,https://adresowo.pl/o/mieszkanie-warszawa-bemowo-ul-mjr-henryka-sucharskiego-3-pokojowe-j4h4y1,https://s2.adresowa.pl/oi/50/66/3ad7e8_677f_cover-3-pokojowe-mieszkanie-warszawa-bemowo-ul-mjr-henryka-sucharskiego.jpg,,,parter,1961.0,blok,,,,,,,,,,
Warszawa Ursus,ul. Silnikowa,4.0,86.0,1540000,17886.0,Oferta biura nieruchomości,ponad miesiąc temu,10.0,https://adresowo.pl/o/mieszkanie-warszawa-ursus-ul-silnikowa-4-pokojowe-v3w6p3,https://s2.adresowa.pl/oi/64/56/3ad7e6_4c74_cover-4-pokojowe-mieszkanie-warszawa-ursus-ul-silnikowa.jpg,,,1,2022.0,blok,,,,,,,,,52.201335,20.887536
Warszawa Wola,ul. Jana Kazimierza,1.0,33.0,695000,21125.0,Bez pośredników,ponad miesiąc temu,10.0,https://adresowo.pl/o/mieszkanie-warszawa-wola-ul-jana-kazimierza-1-pokoj-z1n2g8,https://s2.adresowa.pl/oi/7f/64/3a9338_8531_cover-1-pokojowe-mieszkanie-warszawa-wola-ul-jana-kazimierza.jpg,,,2,2018.0,blok,,,,,,,,,,
Warszawa Wola,ul. Esperanto,2.0,38.0,689000,18132.0,Bez pośredników,ponad miesiąc temu,18.0,https://adresowo.pl/o/mieszkanie-warszawa-wola-ul-esperanto-2-pokojowe-s9e5r0,https://s2.adresowa.pl/oi/60/67/3a9152_da89_cover-2-pokojowe-mieszkanie-warszawa-wola-ul-esperanto.jpg,,,2,1968.0,blok,,,,,,,,,52.245777,20.980186
Warszawa Powiśle,ul. Topiel,3.0,48.0,1099000,22896.0,Bez pośredników,ponad miesiąc temu,18.0,https://adresowo.pl/o/mieszkanie-warszawa-powisle-ul-topiel-3-pokojowe-f8l2d9,https://s2.adresowa.pl/oi/44/39/3937b6_9bc2_cover-3-pokojowe-mieszkanie-warszawa-powisle-ul-topiel.jpg,,,parter,1965.0,blok,,,,,,,,,52.239002,21.024133
Warszawa,ul. Instalatorów,4.0,74.0,1445000,19585.0,Oferta biura nieruchomości,ponad miesiąc temu,13.0,https://adresowo.pl/o/mieszkanie-warszawa-ul-instalatorow-4-pokojowe-p2i5l6,https://s2.adresowa.pl/oi/12/15/3ad7e2_bc49_cover-4-pokojowe-mieszkanie-warszawa-ul-instalatorow.jpg,,,5,2020.0,blok,,,,,,,,,,
Warszawa Wola,ul. Gumińska,3.0,53.0,1075000,20188.0,Oferta biura nieruchomości,ponad miesiąc temu,4.0,https://adresowo.pl/o/mieszkanie-warszawa-wola-ul-guminska-3-pokojowe-c8s0j9,https://s2.adresowa.pl/oi/1d/66/3ad7de_ed4f_cover-3-pokojowe-mieszkanie-warszawa-wola-ul-guminska.jpg,,,parter,2017.0,blok,,,,,,,,,,
Warszawa Ursus,ul. Górna Droga,2.0,44.0,640000,14414.0,Bez pośredników,ponad miesiąc temu,13.0,https://adresowo.pl/o/mieszkanie-warszawa-ursus-ul-gorna-droga-2-pokojowe-e1s3o1,https://s2.adresowa.pl/oi/29/44/3a9090_6116_cover-2-pokojowe-mieszkanie-warszawa-ursus-ul-gorna-droga.jpg,,,4,2025.0,blok,,,,,,,,,,
Warszawa Włochy,ul. Równoległa,2.0,37.0,643000,17378.0,Bez pośredników,ponad miesiąc temu,13.0,https://adresowo.pl/o/mieszkanie-warszawa-wlochy-ul-rownolegla-2-pokojowe-l4l9m5,https://s2.adresowa.pl/oi/63/7e/3a8ef8_c83f_cover-2-pokojowe-mieszkanie-warszawa-wlochy-ul-rownolegla.jpg,,,4,2022.0,blok,,,,,,,,,52.229676,21.012229
Warszawa Białołęka,ul. Ostródzka,2.0,37.0,559000,15108.0,Bez pośredników,ponad miesiąc temu,9.0,https://adresowo.pl/o/mieszkanie-warszawa-bialoleka-ul-ostrodzka-2-pokojowe-y7a9d0,https://s2.adresowa.pl/oi/61/67/3a8d64_fd26_cover-2-pokojowe-mieszkanie-warszawa-bialoleka-ul-ostrodzka.jpg,,,parter,2025.0,blok,,,,,,,,,52.321859,21.049379
Warszawa Białołęka,ul. Odkryta,1.0,30.0,484000,15974.0,Oferta biura nieruchomości,ponad miesiąc temu,11.0,https://adresowo.pl/o/mieszkanie-warszawa-bialoleka-ul-odkryta-1-pokoj-z3a6o3,https://s2.adresowa.pl/oi/4e/67/3ad7d4_2f0a_cover-1-pokojowe-mieszkanie-warszawa-bialoleka-ul-odkryta.jpg,,,1,2005.0,blok,,,,,,,,,,
Warszawa Mokotów,ul. Konstruktorska,3.0,60.0,1355000,22773.0,Oferta biura nieruchomości,ponad miesiąc temu,14.0,https://adresowo.pl/o/mieszkanie-warszawa-mokotow-ul-konstruktorska-3-pokojowe-g9f5y7,https://s2.adresowa.pl/oi/3d/39/3ad7ce_ca75_cover-3-pokojowe-mieszkanie-warszawa-mokotow-ul-konstruktorska.jpg,,,4,2023.0,blok,,,,,,,,,52.185312,20.994838
Warszawa Stegny,ul. Katalońska,4.0,67.0,829000,12447.0,Bez pośredników,ponad miesiąc temu,5.0,https://adresowo.pl/o/mieszkanie-warszawa-stegny-ul-katalonska-4-pokojowe-n8s4t0,https://s2.adresowa.pl/oi/7f/56/3a8c7c_a76c_cover-4-pokojowe-mieszkanie-warszawa-stegny-ul-katalonska.jpg,,,1,1976.0,blok,,,,,,,,,,
Warszawa Praga-Północ,ul. Łochowska,2.0,40.0,690000,17468.0,Bez pośredników,ponad miesiąc temu,11.0,https://adresowo.pl/o/mieszkanie-warszawa-praga-polnoc-ul-lochowska-2-pokojowe-l8v8f5,https://s2.adresowa.pl/oi/59/20/3a8c5c_69db_cover-2-pokojowe-mieszkanie-warszawa-praga-polnoc-ul-lochowska.jpg,,,1,1969.0,blok,,,,,,,,,52.259638,21.056154
Warszawa Mokotów,ul. Kłobucka,2.0,44.0,799000,18280.0,Oferta biura nieruchomości,ponad miesiąc temu,12.0,https://adresowo.pl/o/mieszkanie-warszawa-mokotow-ul-klobucka-2-pokojowe-f8u8f2,https://s2.adresowa.pl/oi/2f/3e/3ad7cc_f797_cover-2-pokojowe-mieszkanie-warszawa-mokotow-ul-klobucka.jpg,,,1,2017.0,blok,,,,,,,,,52.163409,20.992271
Warszawa Wilanów,ul. Sarmacka,2.0,54.0,949000,17616.0,Oferta biura nieruchomości,ponad miesiąc temu,16.0,https://adresowo.pl/o/mieszkanie-warszawa-wilanow-ul-sarmacka-2-pokojowe-y8y2r6,https://s2.adresowa.pl/oi/34/75/3ad7ca_e372_cover-2-pokojowe-mieszkanie-warszawa-wilanow-ul-sarmacka.jpg,,,parter,2008.0,blok,,,,,,,,,,
Warszawa Bemowo,ul. Łagowska,3.0,66.0,923000,13985.0,Bez pośredników,ponad miesiąc temu,3.0,https://adresowo.pl/o/mieszkanie-warszawa-bemowo-ul-lagowska-3-pokojowe-k0z3j9,https://s2.adresowa.pl/oi/4e/37/3a8c52_acbc_cover-3-pokojowe-mieszkanie-warszawa-bemowo-ul-lagowska.jpg,,,3,1985.0,blok,,,,,,,,,52.241891,20.914742
Warszawa Śródmieście,ul. Nowolipie,2.0,46.0,870000,18913.0,Bez pośredników,ponad miesiąc temu,14.0,https://adresowo.pl/o/mieszkanie-warszawa-srodmiescie-ul-nowolipie-2-pokojowe-a6m7n2,https://s2.adresowa.pl/oi/65/73/3a8a70_7688_cover-2-pokojowe-mieszkanie-warszawa-srodmiescie-ul-nowolipie.jpg,,,1,,blok,,,,,,,,,,
Warszawa Bemowo,ul. Karola Irzykowskiego,2.0,46.0,620000,13537.0,Oferta biura nieruchomości,ponad miesiąc temu,12.0,https://adresowo.pl/o/mieszkanie-warszawa-bemowo-ul-karola-irzykowskiego-2-pokojowe-w0w6a9,https://s2.adresowa.pl/oi/3e/5a/3ad7c6_9711_cover-2-pokojowe-mieszkanie-warszawa-bemowo-ul-karola-irzykowskiego.jpg,,,2,1981.0,apartamentowiec,,,,,,,,,,
Warszawa Włochy,ul. Aleje Jerozolimskie,3.0,60.0,1180000,19514.0,Oferta biura nieruchomości,ponad miesiąc temu,7.0,https://adresowo.pl/o/mieszkanie-warszawa-wlochy-ul-aleje-jerozolimskie-3-pokojowe-u2o0d2,https://s2.adresowa.pl/oi/69/1f/3ad7c4_e0d2_cover-3-pokojowe-mieszkanie-warszawa-wlochy-ul-aleje-jerozolimskie.jpg,,,parter,2023.0,blok,,,,,,,,,52.202062,20.93228
Warszawa Gocław,ul. gen. Romana Abrahama,2.0,53.0,850000,15930.0,Bez pośredników,ponad miesiąc temu,10.0,https://adresowo.pl/o/mieszkanie-warszawa-goclaw-ul-gen-romana-abrahama-2-pokojowe-d4d0q1,https://s2.adresowa.pl/oi/66/30/3a8a54_f908_cover-2-pokojowe-mieszkanie-warszawa-goclaw-ul-gen-romana-abrahama.jpg,,,parter,1999.0,blok,,,,,,,,,52.226924,21.092943
Warszawa Włochy,ul. Długopolska,1.0,13.0,278000,21719.0,Bez pośredników,ponad miesiąc temu,6.0,https://adresowo.pl/o/mieszkanie-warszawa-wlochy-ul-dlugopolska-1-pokoj-a3p2p3,https://s2.adresowa.pl/oi/2e/1c/3a8a4a_f939_cover-1-pokojowe-mieszkanie-warszawa-wlochy-ul-dlugopolska.jpg,,,1934,1934.0,kamienica,,,,,,,,,52.177341,20.941479
Warszawa Ursynów,ul. Pieskowa Skała,3.0,66.0,1399000,21197.0,Bez pośredników,ponad miesiąc temu,11.0,https://adresowo.pl/o/mieszkanie-warszawa-ursynow-ul-pieskowa-skala-3-pokojowe-v3b6s3,https://s2.adresowa.pl/oi/27/13/3a899a_2b29_cover-3-pokojowe-mieszkanie-warszawa-ursynow-ul-pieskowa-skala.jpg,,,parter,2020.0,blok,,,,,,,,,,
Warszawa Wola,ul. Gumińska,3.0,86.0,1570000,18363.0,Oferta biura nieruchomości,ponad miesiąc temu,4.0,https://adresowo.pl/o/mieszkanie-warszawa-wola-ul-guminska-3-pokojowe-u8e8l0,https://s2.adresowa.pl/oi/2b/45/3ad7b6_b5df_cover-3-pokojowe-mieszkanie-warszawa-wola-ul-guminska.jpg,,,3,1998.0,blok,,,,,,,,,,
Warszawa Wola,ul. Żytnia,2.0,47.0,719000,15396.0,Oferta biura nieruchomości,ponad miesiąc temu,13.0,https://adresowo.pl/o/mieszkanie-warszawa-wola-ul-zytnia-2-pokojowe-p5w4g0,https://s2.adresowa.pl/oi/2f/23/3ad7b8_aed6_cover-2-pokojowe-mieszkanie-warszawa-wola-ul-zytnia.jpg,,,1965,1965.0,blok,,,,,,,,,52.239204,20.970156
Warszawa Żoliborz,ul. Elbląska,3.0,47.0,760000,16170.0,Bez pośredników,ponad miesiąc temu,5.0,https://adresowo.pl/o/mieszkanie-warszawa-zoliborz-ul-elblaska-3-pokojowe-q8m2m1,https://s2.adresowa.pl/oi/1f/42/3a8966_e1a2_cover-3-pokojowe-mieszkanie-warszawa-zoliborz-ul-elblaska.jpg,,,3,1966.0,blok,,,,,,,,,52.263126,20.961929
Warszawa Służewiec,ul. Taśmowa,3.0,63.0,1590000,25122.0,Bez pośredników,ponad miesiąc temu,20.0,https://adresowo.pl/o/mieszkanie-warszawa-sluzewiec-ul-tasmowa-3-pokojowe-o5n5p4,https://s2.adresowa.pl/oi/64/29/3a8908_f103_cover-3-pokojowe-mieszkanie-warszawa-sluzewiec-ul-tasmowa.jpg,,,3,2020.0,blok,,,,,,,,,,
Warszawa Wola,ul. Jana Kazimierza,3.0,62.0,1395000,22500.0,Bez pośredników,ponad miesiąc temu,20.0,https://adresowo.pl/o/mieszkanie-warszawa-wola-ul-jana-kazimierza-3-pokojowe-f6w4k7,https://s2.adresowa.pl/oi/2d/4c/3a8880_fe90_cover-3-pokojowe-mieszkanie-warszawa-wola-ul-jana-kazimierza.jpg,,,4,2016.0,blok,,,,,,,,,,
Warszawa Mokotów,ul. Komputerowa,2.0,33.0,757000,23150.0,Oferta biura nieruchomości,ponad miesiąc temu,11.0,https://adresowo.pl/o/mieszkanie-warszawa-mokotow-ul-komputerowa-2-pokojowe-i7n0a4,https://s2.adresowa.pl/oi/46/65/3ad7bc_70ab_cover-2-pokojowe-mieszkanie-warszawa-mokotow-ul-komputerowa.jpg,,,4,2022.0,blok,,,,,,,,,,
Warszawa Wola,ul. Syreny,2.0,51.0,790000,15490.0,Bez pośredników,ponad miesiąc temu,7.0,https://adresowo.pl/o/mieszkanie-warszawa-wola-ul-syreny-2-pokojowe-w4d9g2,https://s2.adresowa.pl/oi/7f/74/3a881a_5b26_cover-2-pokojowe-mieszkanie-warszawa-wola-ul-syreny.jpg,,,parter,,blok,,,,,,,,,52.238085,20.962145
Warszawa Ursus,ul. Posag 7 Panien,2.0,45.0,832500,18500.0,Bez pośredników,ponad miesiąc temu,13.0,https://adresowo.pl/o/mieszkanie-warszawa-ursus-ul-posag-7-panien-2-pokojowe-q2m1e7,https://s2.adresowa.pl/oi/70/66/3a8764_73c2_cover-2-pokojowe-mieszkanie-warszawa-ursus-ul-posag-7-panien.jpg,,,5,2020.0,blok,,,,,,,,,,
Warszawa Białołęka,ul. Aluzyjna,1.0,30.0,680000,22667.0,Bez pośredników,ponad miesiąc temu,8.0,https://adresowo.pl/o/mieszkanie-warszawa-bialoleka-ul-aluzyjna-1-pokoj-h8v4u2,https://s2.adresowa.pl/oi/15/54/3a875c_6eb4_cover-1-pokojowe-mieszkanie-warszawa-bialoleka-ul-aluzyjna.jpg,,,parter,2021.0,blok,,,,,,,,,52.346239,20.936418
Warszawa Ochota,ul. Włodarzewska,3.0,50.0,899000,17980.0,Oferta biura nieruchomości,ponad miesiąc temu,6.0,https://adresowo.pl/o/mieszkanie-warszawa-ochota-ul-wlodarzewska-3-pokojowe-e9o9l2,https://s2.adresowa.pl/oi/19/24/3ad7b4_b973_cover-3-pokojowe-mieszkanie-warszawa-ochota-ul-wlodarzewska.jpg,,,3,1998.0,blok,,,,,,,,,,
Warszawa Bemowo,ul. Szeligowska,2.0,40.0,890000,22317.0,Oferta biura nieruchomości,ponad miesiąc temu,5.0,https://adresowo.pl/o/mieszkanie-warszawa-bemowo-ul-szeligowska-2-pokojowe-p9z4t4,https://s2.adresowa.pl/oi/2e/52/3ad7a6_f4e5_cover-2-pokojowe-mieszkanie-warszawa-bemowo-ul-szeligowska.jpg,,,parter,2024.0,blok,,,,,,,,,,
Warszawa Praga-Południe,ul. Żupnicza,2.0,40.0,759000,18984.0,Bez pośredników,ponad miesiąc temu,17.0,https://adresowo.pl/o/mieszkanie-warszawa-praga-poludnie-ul-zupnicza-2-pokojowe-w1b7i8,https://s2.adresowa.pl/oi/5f/73/3a875a_8036_cover-2-pokojowe-mieszkanie-warszawa-praga-poludnie-ul-zupnicza.jpg,,,parter,2025.0,blok,,,,,,,,,52.25194,21.064895
Warszawa Wola,ul. Krochmalna,2.0,36.0,1320000,36394.0,Bez pośredników,ponad miesiąc temu,12.0,https://adresowo.pl/o/mieszkanie-warszawa-wola-ul-krochmalna-2-pokojowe-t1w8q2,https://s2.adresowa.pl/oi/27/51/3a86d2_bb1d_cover-2-pokojowe-mieszkanie-warszawa-wola-ul-krochmalna.jpg,,,1,2020.0,blok,,,,,,,,,52.236373,20.990696
Warszawa Żoliborz,al. Wojska Polskiego,1.0,30.0,480000,16000.0,Bez pośredników,ponad miesiąc temu,12.0,https://adresowo.pl/o/mieszkanie-warszawa-zoliborz-al-wojska-polskiego-1-pokoj-a5u4v0,https://s2.adresowa.pl/oi/3a/2a/3a85da_d19b_cover-1-pokojowe-mieszkanie-warszawa-zoliborz-al-wojska-polskiego.jpg,,,parter,1962.0,blok,,,,,,,,,,
Warszawa Ochota,ul. Aleje Jerozolimskie,2.0,36.0,613500,16990.0,Oferta biura nieruchomości,ponad miesiąc temu,4.0,https://adresowo.pl/o/mieszkanie-warszawa-ochota-ul-aleje-jerozolimskie-2-pokojowe-u6v5p5,https://s2.adresowa.pl/oi/42/18/3ad7aa_ed96_cover-2-pokojowe-mieszkanie-warszawa-ochota-ul-aleje-jerozolimskie.jpg,,,613,1968.0,blok,,,,,,,,,52.219522,20.973433
Warszawa Bielany,ul. Przy Agorze,3.0,80.0,1275000,15938.0,Oferta biura nieruchomości,ponad miesiąc temu,14.0,https://adresowo.pl/o/mieszkanie-warszawa-bielany-ul-przy-agorze-3-pokojowe-e5a7h6,https://s2.adresowa.pl/oi/73/1a/3ad7a4_a0c2_cover-3-pokojowe-mieszkanie-warszawa-bielany-ul-przy-agorze.jpg,,,parter,2001.0,blok,,,,,,,,,52.291942,20.940233
Warszawa Ursus,ul. Kolorowa,2.0,53.0,655000,12358.0,Bez pośredników,ponad miesiąc temu,8.0,https://adresowo.pl/o/mieszkanie-warszawa-ursus-ul-kolorowa-2-pokojowe-t3e6v5,https://s2.adresowa.pl/oi/7b/33/3a8572_a3bd_cover-2-pokojowe-mieszkanie-warszawa-ursus-ul-kolorowa.jpg,,,parter,1960.0,blok,,,,,,,,,52.190571,20.894109
Warszawa Dolny Mokotów,ul. Czerniakowska,2.0,37.0,620000,16757.0,Bez pośredników,ponad miesiąc temu,8.0,https://adresowo.pl/o/mieszkanie-warszawa-dolny-mokotow-ul-czerniakowska-2-pokojowe-q7i4r9,https://s2.adresowa.pl/oi/24/73/3a854c_bb69_cover-2-pokojowe-mieszkanie-warszawa-dolny-mokotow-ul-czerniakowska.jpg,,,parter,2012.0,blok,,,,,,,,,52.211712,21.047182
Warszawa Włochy,ul. Potrzebna,1.0,16.0,349000,21745.0,Bez pośredników,ponad miesiąc temu,9.0,https://adresowo.pl/o/mieszkanie-warszawa-wlochy-ul-potrzebna-1-pokoj-y7h4m8,https://s2.adresowa.pl/oi/1c/32/3a8486_7dba_cover-1-pokojowe-mieszkanie-warszawa-wlochy-ul-potrzebna.jpg,,,parter,1927.0,kamienica,,,,,,,,,52.212683,20.922028
Warszawa Wola,ul. Marcina Kasprzaka,2.0,44.0,950000,21591.0,Oferta biura nieruchomości,ponad miesiąc temu,17.0,https://adresowo.pl/o/mieszkanie-warszawa-wola-ul-marcina-kasprzaka-2-pokojowe-f1f7v5,https://s2.adresowa.pl/oi/14/17/3ad7a0_d51d_cover-2-pokojowe-mieszkanie-warszawa-wola-ul-marcina-kasprzaka.jpg,,,1,2016.0,blok,,,,,,,,,,
Warszawa Mokotów,ul. Antoniewska,1.0,31.0,499000,15917.0,Bez pośredników,ponad miesiąc temu,5.0,https://adresowo.pl/o/mieszkanie-warszawa-mokotow-ul-antoniewska-1-pokoj-y4q7i8,https://s2.adresowa.pl/oi/3b/59/3a844c_73b8_cover-1-pokojowe-mieszkanie-warszawa-mokotow-ul-antoniewska.jpg,,,parter,1966.0,blok,,,,,,,,,,
Warszawa Bródno,ul. Toruńska,3.0,47.0,689000,14660.0,Bez pośredników,ponad miesiąc temu,7.0,https://adresowo.pl/o/mieszkanie-warszawa-brodno-ul-torunska-3-pokojowe-j7f3p1,https://s2.adresowa.pl/oi/1c/40/3a83ec_3924_cover-3-pokojowe-mieszkanie-warszawa-brodno-ul-torunska.jpg,,,20,1980.0,blok,,,,,,,,,52.294421,21.017939
Warszawa Wesoła,pl. Wojska Polskiego,3.0,63.0,850500,13500.0,Bez pośredników,ponad miesiąc temu,8.0,https://adresowo.pl/o/mieszkanie-warszawa-wesola-pl-wojska-polskiego-3-pokojowe-d5l7j8,https://s2.adresowa.pl/oi/3f/18/3a83be_f5ac_cover-3-pokojowe-mieszkanie-warszawa-wesola-pl-wojska-polskiego.jpg,,,4,1990.0,blok,,,,,,,,,52.257738,21.228916
Warszawa Żoliborz,ul. Władysława Broniewskiego,2.0,38.0,749000,19920.0,Oferta biura nieruchomości,ponad miesiąc temu,9.0,https://adresowo.pl/o/mieszkanie-warszawa-zoliborz-ul-wladyslawa-broniewskiego-2-pokojowe-b3t5u2,https://s2.adresowa.pl/oi/1e/60/3ad794_88b5_cover-2-pokojowe-mieszkanie-warszawa-zoliborz-ul-wladyslawa-broniewskiego.jpg,,,3,1980.0,blok,,,,,,,,,,
Warszawa Ursus,ul. Felicjana Sławoja-Składkowskiego,3.0,54.0,799000,14769.0,Oferta biura nieruchomości,ponad miesiąc temu,9.0,https://adresowo.pl/o/mieszkanie-warszawa-ursus-ul-felicjana-slawoja-skladkowskiego-3-pokojowe-e6i1r5,https://s2.adresowa.pl/oi/57/64/3ad790_c30d_cover-3-pokojowe-mieszkanie-warszawa-ursus-ul-felicjana-slawoja-skladkowskiego.jpg,,,4,2011.0,blok,,,,,,,,,,
Warszawa Rembertów,ul. Admiralska,2.0,49.0,615000,12680.0,Bez pośredników,ponad miesiąc temu,14.0,https://adresowo.pl/o/mieszkanie-warszawa-rembertow-ul-admiralska-2-pokojowe-t3m4f9,https://s2.adresowa.pl/oi/78/51/3a83a4_d3f2_cover-2-pokojowe-mieszkanie-warszawa-rembertow-ul-admiralska.jpg,,,1,1956.0,kamienica,,,,,,,,,52.261712,21.181741
Warszawa Praga-Południe,ul. Ludwika Mycielskiego,2.0,38.0,570000,15180.0,Bez pośredników,ponad miesiąc temu,18.0,https://adresowo.pl/o/mieszkanie-warszawa-praga-poludnie-ul-ludwika-mycielskiego-2-pokojowe-k4x0w1,https://s2.adresowa.pl/oi/54/54/3a8330_9819_cover-2-pokojowe-mieszkanie-warszawa-praga-poludnie-ul-ludwika-mycielskiego.jpg,,,parter,1958.0,blok,,,,,,,,,52.250426,21.082192
Warszawa Ochota,ul. Włodarzewska,4.0,36.0,365000,10097.0,Bez pośredników,ponad miesiąc temu,7.0,https://adresowo.pl/o/mieszkanie-warszawa-ochota-ul-wlodarzewska-4-pokojowe-h7j9m0,https://s2.adresowa.pl/oi/53/10/3a820a_be98_cover-4-pokojowe-mieszkanie-warszawa-ochota-ul-wlodarzewska.jpg,,,parter,2001.0,,,,,,,,,,52.202131,20.955485
Warszawa Ursynów,ul. Polki,3.0,52.0,995000,19135.0,Oferta biura nieruchomości,ponad miesiąc temu,7.0,https://adresowo.pl/o/mieszkanie-warszawa-ursynow-ul-polki-3-pokojowe-j4q5h0,https://s2.adresowa.pl/oi/79/60/3ad78c_ac47_cover-3-pokojowe-mieszkanie-warszawa-ursynow-ul-polki.jpg,,,parter,2019.0,blok,,,,,,,,,,
Warszawa Ursus,ul. płk. Stanisława Dąbka,3.0,75.0,895000,11933.0,Bez pośredników,ponad miesiąc temu,10.0,https://adresowo.pl/o/mieszkanie-warszawa-ursus-ul-plk-stanislawa-dabka-3-pokojowe-x6s5q8,https://s2.adresowa.pl/oi/23/15/3a81ee_88e6_cover-3-pokojowe-mieszkanie-warszawa-ursus-ul-plk-stanislawa-dabka.jpg,,,parter,1992.0,blok,,,,,,,,,52.193007,20.889651
Warszawa Wola,ul. Górczewska,3.0,50.0,620000,12400.0,Bez pośredników,ponad miesiąc temu,8.0,https://adresowo.pl/o/mieszkanie-warszawa-wola-ul-gorczewska-3-pokojowe-s4k2f7,https://s2.adresowa.pl/oi/20/76/3a8196_2cba_cover-3-pokojowe-mieszkanie-warszawa-wola-ul-gorczewska.jpg,,,2,1961.0,blok,,,,,,,,,,
Warszawa Ursus,ul. Rakietników,2.0,45.0,800000,17778.0,Bez pośredników,ponad miesiąc temu,9.0,https://adresowo.pl/o/mieszkanie-warszawa-ursus-ul-rakietnikow-2-pokojowe-l8y3e7,https://s2.adresowa.pl/oi/2c/4b/3a818a_6bdb_cover-2-pokojowe-mieszkanie-warszawa-ursus-ul-rakietnikow.jpg,,,parter,1958.0,blok,,,,,,,,,52.194836,20.890631
Warszawa Śródmieście,ul. Emilii Plater,3.0,80.0,3520000,44000.0,Oferta biura nieruchomości,ponad miesiąc temu,33.0,https://adresowo.pl/o/mieszkanie-warszawa-srodmiescie-ul-emilii-plater-3-pokojowe-j9n5k8,https://s2.adresowa.pl/oi/25/72/3ad75e_577c_cover-3-pokojowe-mieszkanie-warszawa-srodmiescie-ul-emilii-plater.jpg,,,1,2024.0,kamienica,,,,,,,,,,
Warszawa,ul. Edwarda Warchałowskiego,3.0,47.0,835000,17691.0,Oferta biura nieruchomości,ponad miesiąc temu,12.0,https://adresowo.pl/o/mieszkanie-warszawa-ul-edwarda-warchalowskiego-3-pokojowe-j2o9p0,https://s2.adresowa.pl/oi/59/5b/3ad760_a9de_cover-3-pokojowe-mieszkanie-warszawa-ul-edwarda-warchalowskiego.jpg,,,parter,1984.0,blok,,,,,,,,,,
Warszawa Praga-Południe,ul. Bliska,3.0,48.0,630000,13019.0,Bez pośredników,ponad miesiąc temu,20.0,https://adresowo.pl/o/mieszkanie-warszawa-praga-poludnie-ul-bliska-3-pokojowe-w9j4f4,https://s2.adresowa.pl/oi/3e/51/3a8158_9d5e_cover-3-pokojowe-mieszkanie-warszawa-praga-poludnie-ul-bliska.jpg,,,630,1969.0,blok,,,,,,,,,52.248982,21.056814
Warszawa Mokotów,ul. Wincentego Rzymowskiego,1.0,23.0,445000,19181.0,Bez pośredników,ponad miesiąc temu,9.0,https://adresowo.pl/o/mieszkanie-warszawa-mokotow-ul-wincentego-rzymowskiego-1-pokoj-o5l4b0,https://s2.adresowa.pl/oi/63/36/3a8154_3ea6_cover-1-pokojowe-mieszkanie-warszawa-mokotow-ul-wincentego-rzymowskiego.jpg,,,parter,1983.0,blok,,,,,,,,,,
Warszawa Mokotów,ul. Antoniego Edwarda Odyńca,2.0,49.0,799000,16184.0,Oferta biura nieruchomości,ponad miesiąc temu,13.0,https://adresowo.pl/o/mieszkanie-warszawa-mokotow-ul-antoniego-edwarda-odynca-2-pokojowe-v4o7n4,https://s2.adresowa.pl/oi/32/5b/3ad756_d4a4_cover-2-pokojowe-mieszkanie-warszawa-mokotow-ul-antoniego-edwarda-odynca.jpg,,,parter,1954.0,blok,,,,,,,,,,
Warszawa Włochy,ul. Aleje Jerozolimskie,3.0,56.0,999000,17839.0,Oferta biura nieruchomości,ponad miesiąc temu,14.0,https://adresowo.pl/o/mieszkanie-warszawa-wlochy-ul-aleje-jerozolimskie-3-pokojowe-m6t8w5,https://s2.adresowa.pl/oi/1e/53/3ad752_9ea9_cover-3-pokojowe-mieszkanie-warszawa-wlochy-ul-aleje-jerozolimskie.jpg,,,3,2005.0,blok,,,,,,,,,,
Warszawa Zacisze,ul. Wyspowa,3.0,84.0,1050000,12500.0,Bez pośredników,ponad miesiąc temu,15.0,https://adresowo.pl/o/mieszkanie-warszawa-zacisze-ul-wyspowa-3-pokojowe-q3t7x8,https://s2.adresowa.pl/oi/13/5e/3a7c72_57f5_cover-3-pokojowe-mieszkanie-warszawa-zacisze-ul-wyspowa.jpg,,,4,2009.0,blok,,,,,,,,,,
Warszawa Wola,ul. Fort Wola,2.0,43.0,879000,20442.0,Bez pośredników,ponad miesiąc temu,8.0,https://adresowo.pl/o/mieszkanie-warszawa-wola-ul-fort-wola-2-pokojowe-g2s9j8,https://s2.adresowa.pl/oi/47/52/3a7bee_dc56_cover-2-pokojowe-mieszkanie-warszawa-wola-ul-fort-wola.jpg,,,2,2021.0,blok,,,,,,,,,52.226492,20.930603
Warszawa Grochów,ul. Łukowska,2.0,52.0,749000,14349.0,Bez pośredników,ponad miesiąc temu,10.0,https://adresowo.pl/o/mieszkanie-warszawa-grochow-ul-lukowska-2-pokojowe-r2n6l0,https://s2.adresowa.pl/oi/6a/1a/3a7a88_31af_cover-2-pokojowe-mieszkanie-warszawa-grochow-ul-lukowska.jpg,,,parter,1994.0,blok,,,,,,,,,52.239295,21.097335
Warszawa Śródmieście,al. Jana Pawła II,2.0,39.0,720000,18557.0,Oferta biura nieruchomości,ponad miesiąc temu,12.0,https://adresowo.pl/o/mieszkanie-warszawa-srodmiescie-al-jana-pawla-ii-2-pokojowe-u3k3n3,https://s2.adresowa.pl/oi/50/29/3ad744_68e1_cover-2-pokojowe-mieszkanie-warszawa-srodmiescie-al-jana-pawla-ii.jpg,,,3,1965.0,blok,,,,,,,,,,
Warszawa Praga-Północ,ul. Stalowa,2.0,23.0,550000,23913.0,Oferta biura nieruchomości,ponad miesiąc temu,10.0,https://adresowo.pl/o/mieszkanie-warszawa-praga-polnoc-ul-stalowa-2-pokojowe-i6b6o1,https://s2.adresowa.pl/oi/63/29/3ad748_395b_cover-2-pokojowe-mieszkanie-warszawa-praga-polnoc-ul-stalowa.jpg,,,parter,2018.0,blok,,,,,,,,,,
Warszawa Mokotów,ul. Blacharska,3.0,53.0,770000,14528.0,Bez pośredników,ponad miesiąc temu,10.0,https://adresowo.pl/o/mieszkanie-warszawa-mokotow-ul-blacharska-3-pokojowe-c4m5n2,https://s2.adresowa.pl/oi/16/5e/3a7a76_bb29_cover-3-pokojowe-mieszkanie-warszawa-mokotow-ul-blacharska.jpg,,,3,1977.0,blok,,,,,,,,,,
Warszawa Ursynów,ul. Hilarego Koprowskiego,2.0,38.0,660000,17400.0,Bez pośredników,ponad miesiąc temu,8.0,https://adresowo.pl/o/mieszkanie-warszawa-ursynow-ul-hilarego-koprowskiego-2-pokojowe-g9v1t2,https://s2.adresowa.pl/oi/77/19/3a75a0_907a_cover-2-pokojowe-mieszkanie-warszawa-ursynow-ul-hilarego-koprowskiego.jpg,,,1,2025.0,blok,,,,,,,,,52.159171,20.994164
Warszawa Ursynów,ul. Polinezyjska,1.0,31.0,560000,18123.0,Bez pośredników,ponad miesiąc temu,10.0,https://adresowo.pl/o/mieszkanie-warszawa-ursynow-ul-polinezyjska-1-pokoj-n4r6y3,https://s2.adresowa.pl/oi/75/6c/3a7550_f583_cover-1-pokojowe-mieszkanie-warszawa-ursynow-ul-polinezyjska.jpg,,,parter,,blok,,,,,,,,,,
Warszawa Wola,ul. Jana Olbrachta,2.0,38.0,699000,18346.0,Oferta biura nieruchomości,ponad miesiąc temu,7.0,https://adresowo.pl/o/mieszkanie-warszawa-wola-ul-jana-olbrachta-2-pokojowe-a0q3b6,https://s2.adresowa.pl/oi/4c/47/3ad740_cc1d_cover-2-pokojowe-mieszkanie-warszawa-wola-ul-jana-olbrachta.jpg,,,2,1972.0,blok,,,,,,,,,52.234922,20.934216
Warszawa Mokotów,ul. Wincentego Rzymowskiego,3.0,56.0,778000,13988.0,Oferta biura nieruchomości,ponad miesiąc temu,15.0,https://adresowo.pl/o/mieszkanie-warszawa-mokotow-ul-wincentego-rzymowskiego-3-pokojowe-h6r7l1,https://s2.adresowa.pl/oi/1b/62/3ad730_7f89_cover-3-pokojowe-mieszkanie-warszawa-mokotow-ul-wincentego-rzymowskiego.jpg,,,778,1974.0,blok,,,,,,,,,52.173715,21.002543
Warszawa Muranów,ul. Mordechaja Anielewicza,1.0,27.0,570000,21111.0,Bez pośredników,ponad miesiąc temu,11.0,https://adresowo.pl/o/mieszkanie-warszawa-muranow-ul-mordechaja-anielewicza-1-pokoj-p1f9y5,https://s2.adresowa.pl/oi/6b/6b/3a7506_3d12_cover-1-pokojowe-mieszkanie-warszawa-muranow-ul-mordechaja-anielewicza.jpg,,,3,1960.0,blok,,,,,,,,,52.24597,20.987572
Warszawa Bielany,ul. Lisowska,2.0,44.0,750000,17202.0,Bez pośredników,ponad miesiąc temu,9.0,https://adresowo.pl/o/mieszkanie-warszawa-bielany-ul-lisowska-2-pokojowe-s5q8m5,https://s2.adresowa.pl/oi/1b/58/3a7488_2db5_cover-2-pokojowe-mieszkanie-warszawa-bielany-ul-lisowska.jpg,,,parter,1956.0,blok,,,,,,,,,,
Warszawa Praga-Południe,ul. Bracławska,2.0,37.0,619000,16730.0,Bez pośredników,ponad miesiąc temu,8.0,https://adresowo.pl/o/mieszkanie-warszawa-praga-poludnie-ul-braclawska-2-pokojowe-c8u7g5,https://s2.adresowa.pl/oi/69/28/3a7464_e11d_cover-2-pokojowe-mieszkanie-warszawa-praga-poludnie-ul-braclawska.jpg,,,3,1961.0,blok,,,,,,,,,52.232372,21.078019
Warszawa Białołęka,ul. Sprawna,5.0,85.0,1280000,14997.0,Oferta biura nieruchomości,ponad miesiąc temu,10.0,https://adresowo.pl/o/mieszkanie-warszawa-bialoleka-ul-sprawna-5-pokojowe-c2z6m7,https://s2.adresowa.pl/oi/62/31/3ad72a_48e8_cover-5-pokojowe-mieszkanie-warszawa-bialoleka-ul-sprawna.jpg,,,parter,2022.0,blok,,,,,,,,,52.34239,20.93282
Warszawa Targówek,ul. Wyspowa,2.0,41.0,535000,12954.0,Oferta biura nieruchomości,ponad miesiąc temu,7.0,https://adresowo.pl/o/mieszkanie-warszawa-targowek-ul-wyspowa-2-pokojowe-o4r8k7,https://s2.adresowa.pl/oi/70/2d/3ad72c_caf8_cover-2-pokojowe-mieszkanie-warszawa-targowek-ul-wyspowa.jpg,,,2003,2003.0,blok,,,,,,,,,,
Warszawa Mokotów,ul. Kaukaska,2.0,42.0,659000,15690.0,Bez pośredników,ponad miesiąc temu,16.0,https://adresowo.pl/o/mieszkanie-warszawa-mokotow-ul-kaukaska-2-pokojowe-i0s5h5,https://s2.adresowa.pl/oi/2d/1f/3a73ce_6760_cover-2-pokojowe-mieszkanie-warszawa-mokotow-ul-kaukaska.jpg,,,659,1975.0,blok,,,,,,,,,52.180998,21.05083
Warszawa Ursus,ul. Orląt Lwowskich,2.0,48.0,590000,12241.0,Bez pośredników,ponad miesiąc temu,16.0,https://adresowo.pl/o/mieszkanie-warszawa-ursus-ul-orlat-lwowskich-2-pokojowe-q3p9f6,https://s2.adresowa.pl/oi/2c/5b/3a730a_d12c_cover-2-pokojowe-mieszkanie-warszawa-ursus-ul-orlat-lwowskich.jpg,,,590,1977.0,blok,,,,,,,,,52.191755,20.864967
Warszawa Bemowo,ul. Szeligowska,2.0,39.0,769900,19541.0,Bez pośredników,ponad miesiąc temu,8.0,https://adresowo.pl/o/mieszkanie-warszawa-bemowo-ul-szeligowska-2-pokojowe-i3a8v0,https://s2.adresowa.pl/oi/46/60/3a7010_bd24_cover-2-pokojowe-mieszkanie-warszawa-bemowo-ul-szeligowska.jpg,,,parter,2015.0,blok,,,,,,,,,52.228895,20.887915
Warszawa Białołęka,ul. Claudia Monteverdiego,2.0,38.0,649000,17297.0,Oferta biura nieruchomości,ponad miesiąc temu,11.0,https://adresowo.pl/o/mieszkanie-warszawa-bialoleka-ul-claudia-monteverdiego-2-pokojowe-s1n3a6,https://s2.adresowa.pl/oi/5b/3c/3ad720_6dd3_cover-2-pokojowe-mieszkanie-warszawa-bialoleka-ul-claudia-monteverdiego.jpg,,,parter,2019.0,blok,,,,,,,,,,
Warszawa Włochy,ul. Budki Szczęśliwickie,3.0,62.0,1099000,17692.0,Oferta biura nieruchomości,ponad miesiąc temu,12.0,https://adresowo.pl/o/mieszkanie-warszawa-wlochy-ul-budki-szczesliwickie-3-pokojowe-i4j9g4,https://s2.adresowa.pl/oi/39/57/3ad71c_b8e0_cover-3-pokojowe-mieszkanie-warszawa-wlochy-ul-budki-szczesliwickie.jpg,,,parter,2020.0,blok,,,,,,,,,,
Warszawa Mokotów,ul. Żegiestowska,2.0,47.0,839833,17999.0,Bez pośredników,ponad miesiąc temu,14.0,https://adresowo.pl/o/mieszkanie-warszawa-mokotow-ul-zegiestowska-2-pokojowe-b7q6f4,https://s2.adresowa.pl/oi/40/12/3a6fa0_9d15_cover-2-pokojowe-mieszkanie-warszawa-mokotow-ul-zegiestowska.jpg,,,parter,1954.0,blok,,,,,,,,,52.178842,21.067806
Warszawa Praga-Północ,ul. Józefa Nusbauma-Hilarowicza,2.0,31.0,550000,17725.0,Bez pośredników,ponad miesiąc temu,15.0,https://adresowo.pl/o/mieszkanie-warszawa-praga-polnoc-ul-jozefa-nusbauma-hilarowicza-2-pokojowe-m3h3c3,https://s2.adresowa.pl/oi/11/59/3a6ec0_d2ab_cover-2-pokojowe-mieszkanie-warszawa-praga-polnoc-ul-jozefa-nusbauma-hilarowicza.jpg,,,6,1961.0,blok,,,,,,,,,,
Warszawa Bielany,ul. Gdańska,4.0,92.0,2021800,22000.0,Bez pośredników,ponad miesiąc temu,17.0,https://adresowo.pl/o/mieszkanie-warszawa-bielany-ul-gdanska-4-pokojowe-s1z4n6,https://s2.adresowa.pl/oi/7d/7c/3a6e48_ec28_cover-4-pokojowe-mieszkanie-warszawa-bielany-ul-gdanska.jpg,,,parter,1992.0,kamienica,,,,,,,,,52.276608,20.970884
Warszawa Ursynów,ul. Xawerego Dunikowskiego,2.0,57.0,1244000,21998.0,Oferta biura nieruchomości,ponad miesiąc temu,20.0,https://adresowo.pl/o/mieszkanie-warszawa-ursynow-ul-xawerego-dunikowskiego-2-pokojowe-w2g2z0,https://s2.adresowa.pl/oi/38/6c/3ad6f2_ce5f_cover-2-pokojowe-mieszkanie-warszawa-ursynow-ul-xawerego-dunikowskiego.jpg,,,parter,2022.0,blok,,,,,,,,,52.15434,21.026803
Warszawa Wola,ul. Marcina Kasprzaka,3.0,63.0,1682000,26741.0,Oferta biura nieruchomości,ponad miesiąc temu,13.0,https://adresowo.pl/o/mieszkanie-warszawa-wola-ul-marcina-kasprzaka-3-pokojowe-a8s6y5,https://s2.adresowa.pl/oi/4c/14/3ad6e8_59d0_cover-3-pokojowe-mieszkanie-warszawa-wola-ul-marcina-kasprzaka.jpg,,,parter,2021.0,blok,,,,,,,,,52.226891,20.955648
Warszawa Praga-Północ,ul. Konopacka,1.0,26.0,599000,23380.0,Bez pośredników,ponad miesiąc temu,20.0,https://adresowo.pl/o/mieszkanie-warszawa-praga-polnoc-ul-konopacka-1-pokoj-a8f2b2,https://s2.adresowa.pl/oi/79/29/3a6d2e_7e0a_cover-1-pokojowe-mieszkanie-warszawa-praga-polnoc-ul-konopacka.jpg,,,parter,1900.0,kamienica,,,,,,,,,,
Warszawa Ochota,ul. Włodarzewska,3.0,69.0,1699000,24767.0,Oferta biura nieruchomości,ponad miesiąc temu,16.0,https://adresowo.pl/o/mieszkanie-warszawa-ochota-ul-wlodarzewska-3-pokojowe-v4t3o7,https://s2.adresowa.pl/oi/18/49/3ad6dc_5bd7_cover-3-pokojowe-mieszkanie-warszawa-ochota-ul-wlodarzewska.jpg,,,1,2010.0,blok,,,,,,,,,,
Warszawa Śródmieście,ul. Fabryczna,2.0,35.0,745000,21243.0,Oferta biura nieruchomości,ponad miesiąc temu,10.0,https://adresowo.pl/o/mieszkanie-warszawa-srodmiescie-ul-fabryczna-2-pokojowe-i6o8c6,https://s2.adresowa.pl/oi/62/56/3ad6e0_f101_cover-2-pokojowe-mieszkanie-warszawa-srodmiescie-ul-fabryczna.jpg,,,parter,1969.0,blok,,,,,,,,,52.224923,21.040386
