locality,street,rooms,area,price_total_zl,price_sqm_zl,owner_type,date_posted,photo_count,url,image_url
Lublin Czechów,ul. Szwajcarska,5,84,929999,11071,bez pośredników,,20,https://adresowo.pl/o/mieszkanie-lublin-czechow-ul-szwajcarska-5-pokojowe-y6t1b6,https://s2.adresowa.pl/oi/4a/67/395d50_9462_cover@2x-5-pokojowe-mieszkanie-lublin-czechow-ul-szwajcarska.webp
Lublin Bronowice,ul. Jerzego Rudlickiego,2,35,359000,10257,bez pośredników,,1,https://adresowo.pl/o/mieszkanie-lublin-bronowice-ul-jerzego-rudlickiego-2-pokojowe-b0k1o1,https://s2.adresowa.pl/oi/24/69/3dbc44_496e_cover@2x-2-pokojowe-mieszkanie-lublin-bronowice-ul-jerzego-rudlickiego.webp
Lublin LSM,ul. Jana Sawy,3,48,549999,11458,bez pośredników,,9,https://adresowo.pl/o/mieszkanie-lublin-lsm-ul-jana-sawy-3-pokojowe-x7w8i4,https://s2.adresowa.pl/oi/3f/64/3dbbe4_8eb8_cover@2x-3-pokojowe-mieszkanie-lublin-lsm-ul-jana-sawy.webp
Lublin Czechów,ul. Witolda Chodźki,2,58,595000,10259,bez pośredników,,10,https://adresowo.pl/o/mieszkanie-lublin-czechow-ul-witolda-chodzki-2-pokojowe-j6e0l9,https://s2.adresowa.pl/oi/24/66/3dba44_d8b9_cover@2x-2-pokojowe-mieszkanie-lublin-czechow-ul-witolda-chodzki.webp
Lublin Rury,ul. Filaretów,2,46,603648,13123,Pośrednik,,6,https://adresowo.pl/o/mieszkanie-lublin-rury-ul-filaretow-2-pokojowe-k6j9y6,https://s2.adresowa.pl/oi/27/3a/3dbd90_2955_cover@2x-2-pokojowe-mieszkanie-lublin-rury-ul-filaretow.webp
Lublin,ul. Turkusowa,3,76,739000,9724,Pośrednik,,32,https://adresowo.pl/o/mieszkanie-lublin-ul-turkusowa-3-pokojowe-p0j0x0,https://s2.adresowa.pl/oi/49/3b/3dbd02_5d76_cover@2x-3-pokojowe-mieszkanie-lublin-ul-turkusowa.webp
Lublin,Węglinek,2,44,700000,15909,bez pośredników,,9,https://adresowo.pl/o/mieszkanie-lublin-weglinek-2-pokojowe-44-m2-w9p0f1,https://s2.adresowa.pl/oi/65/66/3dba0c_7237_cover@2x-2-pokojowe-mieszkanie-lublin-weglinek.webp
Lublin Wrotków,ul. Nałkowskich,3,48,430000,8958,bez pośredników,,12,https://adresowo.pl/o/mieszkanie-lublin-wrotkow-ul-nalkowskich-3-pokojowe-f8z0h3,https://s2.adresowa.pl/oi/56/31/3db844_fd5f_cover@2x-3-pokojowe-mieszkanie-lublin-wrotkow-ul-nalkowskich.webp
Lublin Węglin,ul. Koralowa,4,75,920000,12267,bez pośredników,,14,https://adresowo.pl/o/mieszkanie-lublin-weglin-ul-koralowa-4-pokojowe-s3y7z5,https://s2.adresowa.pl/oi/33/3b/3db774_d5b8_cover@2x-4-pokojowe-mieszkanie-lublin-weglin-ul-koralowa.webp
Lublin,ul. Montażowa,2,37,269100,7273,Pośrednik,,12,https://adresowo.pl/o/mieszkanie-lublin-ul-montazowa-2-pokojowe-r4o9e2,https://s2.adresowa.pl/oi/55/65/3db7e6_3f2c_cover@2x-2-pokojowe-mieszkanie-lublin-ul-montazowa.webp
Lublin Rury,ul. Filaretów,2,36,494775,13744,Pośrednik,,6,https://adresowo.pl/o/mieszkanie-lublin-rury-ul-filaretow-2-pokojowe-c8c9t1,https://s2.adresowa.pl/oi/4a/28/3dafd4_cf19_cover@2x-2-pokojowe-mieszkanie-lublin-rury-ul-filaretow.webp
Lublin Kalinowszczyzna,ul. Kazimierza Tumidajskiego,2,39,380000,9744,bez pośredników,,16,https://adresowo.pl/o/mieszkanie-lublin-kalinowszczyzna-ul-kazimierza-tumidajskiego-2-pokojowe-d3l4p1,https://s2.adresowa.pl/oi/7c/4a/3db712_c967_cover@2x-2-pokojowe-mieszkanie-lublin-kalinowszczyzna-ul-kazimierza-tumidajskiego.webp
Lublin Dziesiąta,ul. Zbigniewa Herberta,3,47,526000,11191,bez pośredników,,18,https://adresowo.pl/o/mieszkanie-lublin-dziesiata-ul-zbigniewa-herberta-3-pokojowe-t1u8x9,https://s2.adresowa.pl/oi/4f/20/3d5562_d371_cover@2x-3-pokojowe-mieszkanie-lublin-dziesiata-ul-zbigniewa-herberta.webp
Lublin Bronowice,ul. Startowa,2,43,430000,10000,bez pośredników,,5,https://adresowo.pl/o/mieszkanie-lublin-bronowice-ul-startowa-2-pokojowe-v8z6r0,https://s2.adresowa.pl/oi/6b/1d/3db40c_d8be_cover@2x-2-pokojowe-mieszkanie-lublin-bronowice-ul-startowa.webp
Lublin Dziesiąta,ul. Młodzieżowa,3,47,369000,7851,Pośrednik,,11,https://adresowo.pl/o/mieszkanie-lublin-dziesiata-ul-mlodziezowa-3-pokojowe-w5l2w2,https://s2.adresowa.pl/oi/42/7b/3dafce_a351_cover@2x-3-pokojowe-mieszkanie-lublin-dziesiata-ul-mlodziezowa.webp
Lublin,LSM,2,51,625000,12255,Pośrednik,,12,https://adresowo.pl/o/mieszkanie-lublin-lsm-2-pokojowe-51-m2-n3t0z8,https://s2.adresowa.pl/oi/2a/5c/3dacd0_c5b1_cover@2x-2-pokojowe-mieszkanie-lublin-lsm.webp
Lublin LSM,ul. Zygmunta Krasińskiego 6,3,57,459000,8053,bez pośredników,,1,https://adresowo.pl/o/mieszkanie-lublin-lsm-ul-zygmunta-krasinskiego-3-pokojowe-i6p7t7,https://s2.adresowa.pl/oi/56/31/3daf26_4dd8_cover@2x-3-pokojowe-mieszkanie-lublin-lsm-ul-zygmunta-krasinskiego.webp
Lublin Kalinowszczyzna,ul. Józefa Kustronia,2,49,460000,9388,bez pośredników,,10,https://adresowo.pl/o/mieszkanie-lublin-kalinowszczyzna-ul-jozefa-kustronia-2-pokojowe-f8d6u4,https://s2.adresowa.pl/oi/29/42/3da6c8_5485_cover@2x-2-pokojowe-mieszkanie-lublin-kalinowszczyzna-ul-jozefa-kustronia.webp
Lublin Węglinek,ul. Kwarcowa,3,56,710000,12679,bez pośredników,,15,https://adresowo.pl/o/mieszkanie-lublin-weglinek-ul-kwarcowa-3-pokojowe-z5k5e2,https://s2.adresowa.pl/oi/16/7b/3dabbc_843c_cover@2x-3-pokojowe-mieszkanie-lublin-weglinek-ul-kwarcowa.webp
Lublin Czuby,ul. Kaczeńcowa,2,54,589145,10910,Pośrednik,,9,https://adresowo.pl/o/mieszkanie-lublin-czuby-ul-kaczencowa-2-pokojowe-e8n7l7,https://s2.adresowa.pl/oi/46/5d/3da234_cc22_cover@2x-2-pokojowe-mieszkanie-lublin-czuby-ul-kaczencowa.webp
Lublin Wrotków,ul. Zemborzycka,2,37,454098,12273,Pośrednik,,2,https://adresowo.pl/o/mieszkanie-lublin-wrotkow-ul-zemborzycka-2-pokojowe-m3u0c4,https://s2.adresowa.pl/oi/7c/73/3da096_f0de_cover@2x-2-pokojowe-mieszkanie-lublin-wrotkow-ul-zemborzycka.webp
Lublin Wieniawa,al. Racławickie,4,104,1450000,13942,bez pośredników,,1,https://adresowo.pl/o/mieszkanie-lublin-wieniawa-al-raclawickie-4-pokojowe-n2e4q2,https://s2.adresowa.pl/oi/33/2e/3dab00_eb69_cover@2x-4-pokojowe-mieszkanie-lublin-wieniawa-al-raclawickie.webp
Lublin Węglin,ul. Jemiołuszki,3,59,829000,14051,bez pośredników,,19,https://adresowo.pl/o/mieszkanie-lublin-weglin-ul-jemioluszki-3-pokojowe-g7k0e5,https://s2.adresowa.pl/oi/3f/36/3da988_7c83_cover@2x-3-pokojowe-mieszkanie-lublin-weglin-ul-jemioluszki.webp
Lublin,ul. Szczytowa,2,46,550000,11957,bez pośredników,,7,https://adresowo.pl/o/mieszkanie-lublin-ul-szczytowa-2-pokojowe-y6u9c5,https://s2.adresowa.pl/oi/1e/78/3da572_b06f_cover@2x-2-pokojowe-mieszkanie-lublin-ul-szczytowa.webp
Lublin Czuby,ul. Kaczeńcowa,1,31,364435,11756,Pośrednik,,10,https://adresowo.pl/o/mieszkanie-lublin-czuby-ul-kaczencowa-1-pokoj-z0t3l6,https://s2.adresowa.pl/oi/63/52/3d9b06_2b04_cover@2x-1-pokojowe-mieszkanie-lublin-czuby-ul-kaczencowa.webp
Lublin,Czechów,3,69,619000,8971,Pośrednik,,11,https://adresowo.pl/o/mieszkanie-lublin-czechow-3-pokojowe-69-m2-g3q8y0,https://s2.adresowa.pl/oi/40/68/3d84ba_8584_cover@2x-3-pokojowe-mieszkanie-lublin-czechow.webp
Lublin Wiktoryn,ul. Tadeusza Dymowskiego,2,45,715000,15889,bez pośredników,,7,https://adresowo.pl/o/mieszkanie-lublin-wiktoryn-ul-tadeusza-dymowskiego-2-pokojowe-t8l7m8,https://s2.adresowa.pl/oi/72/42/3da46c_e4e3_cover@2x-2-pokojowe-mieszkanie-lublin-wiktoryn-ul-tadeusza-dymowskiego.webp
Lublin Wrotków,ul. Henryka Wolińskiego,2,45,539000,11978,bez pośredników,,8,https://adresowo.pl/o/mieszkanie-lublin-wrotkow-ul-henryka-wolinskiego-2-pokojowe-d5r7m5,https://s2.adresowa.pl/oi/10/59/3da132_fdbe_cover@2x-2-pokojowe-mieszkanie-lublin-wrotkow-ul-henryka-wolinskiego.webp
Lublin Wrotków,ul. Henryka Wolińskiego,4,104,1095000,10529,bez pośredników,,20,https://adresowo.pl/o/mieszkanie-lublin-wrotkow-ul-henryka-wolinskiego-4-pokojowe-k5d9k3,https://s2.adresowa.pl/oi/56/6d/3da106_d490_cover@2x-4-pokojowe-mieszkanie-lublin-wrotkow-ul-henryka-wolinskiego.webp
Lublin Wieniawa,ul. Skautów,5,69,729900,10578,Pośrednik,,13,https://adresowo.pl/o/mieszkanie-lublin-wieniawa-ul-skautow-5-pokojowe-z2e3q7,https://s2.adresowa.pl/oi/1e/45/3d7bfa_e9fe_cover@2x-5-pokojowe-mieszkanie-lublin-wieniawa-ul-skautow.webp
Lublin,ul. Marii Curie-Skłodowskiej,3,87,950000,10920,Pośrednik,,35,https://adresowo.pl/o/mieszkanie-lublin-ul-marii-curie-sklodowskiej-3-pokojowe-p3f7u8,https://s2.adresowa.pl/oi/1c/20/3d72c6_7efd_cover@2x-3-pokojowe-mieszkanie-lublin-ul-marii-curie-sklodowskiej.webp
Lublin Wieniawa,al. Racławickie,3,70,1199000,17129,bez pośredników,,1,https://adresowo.pl/o/mieszkanie-lublin-wieniawa-al-raclawickie-3-pokojowe-h0z6a8,https://s2.adresowa.pl/oi/46/58/3d9f2a_be83_cover@2x-3-pokojowe-mieszkanie-lublin-wieniawa-al-raclawickie.webp
Lublin Bronowice,ul. Zimowa,3,60,529000,8817,bez pośredników,,11,https://adresowo.pl/o/mieszkanie-lublin-bronowice-ul-zimowa-3-pokojowe-z7m1v2,https://s2.adresowa.pl/oi/2b/72/3d9ec2_368d_cover@2x-3-pokojowe-mieszkanie-lublin-bronowice-ul-zimowa.webp
Lublin,ul. Ks. Wincentego Granata,2,48,570000,11875,bez pośredników,,8,https://adresowo.pl/o/mieszkanie-lublin-ul-ks-wincentego-granata-2-pokojowe-t3r5j7,https://s2.adresowa.pl/oi/58/2a/3d9e48_75ed_cover@2x-2-pokojowe-mieszkanie-lublin-ul-ks-wincentego-granata.webp
Lublin,Sławin,2,36,431732,11993,Pośrednik,,5,https://adresowo.pl/o/mieszkanie-lublin-slawin-2-pokojowe-36-m2-b0w6x0,https://s2.adresowa.pl/oi/38/79/3d5d2e_342a_cover@2x-2-pokojowe-mieszkanie-lublin-slawin.webp
Lublin,Sławin,2,36,431732,11993,Pośrednik,,5,https://adresowo.pl/o/mieszkanie-lublin-slawin-2-pokojowe-36-m2-m3d3d6,https://s2.adresowa.pl/oi/3a/5f/3d5d2a_ee52_cover@2x-2-pokojowe-mieszkanie-lublin-slawin.webp
Lublin Wrotków,ul. Ludwika Zalewskiego,2,51,599999,11765,bez pośredników,,11,https://adresowo.pl/o/mieszkanie-lublin-wrotkow-ul-ludwika-zalewskiego-2-pokojowe-y2u2e0,https://s2.adresowa.pl/oi/4f/1b/3d9bf0_bd85_cover@2x-2-pokojowe-mieszkanie-lublin-wrotkow-ul-ludwika-zalewskiego.webp
Lublin,Kośminek,3,52,670000,12885,bez pośredników,,8,https://adresowo.pl/o/mieszkanie-lublin-kosminek-3-pokojowe-52-m2-f8n3s8,https://s2.adresowa.pl/oi/11/6c/3d991a_81c9_cover@2x-3-pokojowe-mieszkanie-lublin-kosminek.webp
Lublin Helenów,ul. Nałęczowska,3,67,879902,13133,Pośrednik,,14,https://adresowo.pl/o/mieszkanie-lublin-helenow-ul-naleczowska-3-pokojowe-z4z1i3,https://s2.adresowa.pl/oi/5c/2a/3d42f8_e65d_cover@2x-3-pokojowe-mieszkanie-lublin-helenow-ul-naleczowska.webp
Lublin,Szerokie,12,298,2900000,9732,Pośrednik,,14,https://adresowo.pl/o/mieszkanie-lublin-szerokie-12-pokojowe-298-m2-r4z1b4,https://s2.adresowa.pl/oi/3c/29/3d3b84_404e_cover@2x-12-pokojowe-mieszkanie-lublin-szerokie.webp
Lublin Czechów,ul. Szwajcarska,5,84,929999,11071,bez pośredników,,20,https://adresowo.pl/o/mieszkanie-lublin-czechow-ul-szwajcarska-5-pokojowe-y6t1b6,https://s2.adresowa.pl/oi/4a/67/395d50_9462_cover@2x-5-pokojowe-mieszkanie-lublin-czechow-ul-szwajcarska.webp
Lublin Wieniawa,al. gen. Władysława Sikorskiego,4,74,777000,10500,bez pośredników,,17,https://adresowo.pl/o/mieszkanie-lublin-wieniawa-al-gen-wladyslawa-sikorskiego-4-pokojowe-k7x4p1,https://s2.adresowa.pl/oi/68/27/3d9816_dbd3_cover@2x-4-pokojowe-mieszkanie-lublin-wieniawa-al-gen-wladyslawa-sikorskiego.webp
Lublin,ul. Laurowa,3,68,850000,12500,bez pośredników,,8,https://adresowo.pl/o/mieszkanie-lublin-ul-laurowa-3-pokojowe-o6i4g8,https://s2.adresowa.pl/oi/4b/5e/3d961a_a60b_cover@2x-3-pokojowe-mieszkanie-lublin-ul-laurowa.webp
Lublin,ul. Dożynkowa,2,46,475000,10326,bez pośredników,,8,https://adresowo.pl/o/mieszkanie-lublin-ul-dozynkowa-2-pokojowe-q8d0n8,https://s2.adresowa.pl/oi/5e/76/3d9588_b2a5_cover@2x-2-pokojowe-mieszkanie-lublin-ul-dozynkowa.webp
Lublin,ul. Chabrowa,5,100,859000,8590,Pośrednik,,18,https://adresowo.pl/o/mieszkanie-lublin-ul-chabrowa-5-pokojowe-h7i5z7,https://s2.adresowa.pl/oi/3f/7a/3d2ed8_ab84_cover@2x-5-pokojowe-mieszkanie-lublin-ul-chabrowa.webp
Lublin Czuby,ul. Kaczeńcowa,3,63,893000,14175,Pośrednik,,6,https://adresowo.pl/o/mieszkanie-lublin-czuby-ul-kaczencowa-3-pokojowe-k1m0y6,https://s2.adresowa.pl/oi/54/3a/3d2944_8496_cover@2x-3-pokojowe-mieszkanie-lublin-czuby-ul-kaczencowa.webp
Lublin Czechów Górny,ul. Koncertowa,3,45,610000,13556,bez pośredników,,15,https://adresowo.pl/o/mieszkanie-lublin-czechow-gorny-ul-koncertowa-3-pokojowe-e1f9i2,https://s2.adresowa.pl/oi/78/7c/3d93d0_9a16_cover@2x-3-pokojowe-mieszkanie-lublin-czechow-gorny-ul-koncertowa.webp
Lublin Czuby,ul. Bursztynowa,2,48,490000,10208,bez pośredników,,5,https://adresowo.pl/o/mieszkanie-lublin-czuby-ul-bursztynowa-2-pokojowe-f3v8y8,https://s2.adresowa.pl/oi/74/4a/3d9382_b109_cover@2x-2-pokojowe-mieszkanie-lublin-czuby-ul-bursztynowa.webp
Lublin Bronowice,ul. Startowa,2,57,700000,12281,bez pośredników,,8,https://adresowo.pl/o/mieszkanie-lublin-bronowice-ul-startowa-2-pokojowe-a9q3a1,https://s2.adresowa.pl/oi/6a/78/3d929c_7905_cover@2x-2-pokojowe-mieszkanie-lublin-bronowice-ul-startowa.webp
Lublin Śródmieście,ul. Probostwo,4,59,578200,9800,Pośrednik,,13,https://adresowo.pl/o/mieszkanie-lublin-srodmiescie-ul-probostwo-4-pokojowe-t8b0f6,https://s2.adresowa.pl/oi/61/1a/3d27c8_6259_cover@2x-4-pokojowe-mieszkanie-lublin-srodmiescie-ul-probostwo.webp
Lublin Ponikwoda,ul. Migdałowa,2,35,505000,14429,Pośrednik,,12,https://adresowo.pl/o/mieszkanie-lublin-ponikwoda-ul-migdalowa-2-pokojowe-k3g3c7,https://s2.adresowa.pl/oi/3f/1a/3d273c_c124_cover@2x-2-pokojowe-mieszkanie-lublin-ponikwoda-ul-migdalowa.webp
Lublin LSM,ul. Pana Wołodyjowskiego,3,48,460000,9583,bez pośredników,,17,https://adresowo.pl/o/mieszkanie-lublin-lsm-ul-pana-wolodyjowskiego-3-pokojowe-j7m8x9,https://s2.adresowa.pl/oi/6f/3a/3d9024_89ac_cover@2x-3-pokojowe-mieszkanie-lublin-lsm-ul-pana-wolodyjowskiego.webp
Lublin Węglin,ul. Kryształowa,3,55,745000,13545,bez pośredników,,18,https://adresowo.pl/o/mieszkanie-lublin-weglin-ul-krysztalowa-3-pokojowe-b4s2f5,https://s2.adresowa.pl/oi/39/5e/3d8e90_6ccd_cover@2x-3-pokojowe-mieszkanie-lublin-weglin-ul-krysztalowa.webp
Lublin Bronowice,ul. Krańcowa,3,53,699999,13208,bez pośredników,,12,https://adresowo.pl/o/mieszkanie-lublin-bronowice-ul-krancowa-3-pokojowe-n9s9y9,https://s2.adresowa.pl/oi/48/72/3d8e16_aa3e_cover@2x-3-pokojowe-mieszkanie-lublin-bronowice-ul-krancowa.webp
Lublin,Sławin,4,70,763000,10900,Pośrednik,,6,https://adresowo.pl/o/mieszkanie-lublin-slawin-4-pokojowe-70-m2-p2g4j5,https://s2.adresowa.pl/oi/51/1c/3d1e2a_335e_cover@2x-4-pokojowe-mieszkanie-lublin-slawin.webp
Lublin,Sławin,4,59,643248,10903,Pośrednik,,5,https://adresowo.pl/o/mieszkanie-lublin-slawin-4-pokojowe-59-m2-s4m2e4,https://s2.adresowa.pl/oi/1c/32/3d1e0c_f0cf_cover@2x-4-pokojowe-mieszkanie-lublin-slawin.webp
Lublin Czechów,ul. Koncertowa,3,48,680000,14167,bez pośredników,,13,https://adresowo.pl/o/mieszkanie-lublin-czechow-ul-koncertowa-3-pokojowe-w0p9c7,https://s2.adresowa.pl/oi/2d/33/3d8af6_529c_cover@2x-3-pokojowe-mieszkanie-lublin-czechow-ul-koncertowa.webp
Lublin Węglinek,ul. Jaspisowa,2,40,460000,11500,bez pośredników,,1,https://adresowo.pl/o/mieszkanie-lublin-weglinek-ul-jaspisowa-2-pokojowe-o8i1n5,https://s2.adresowa.pl/oi/20/63/3d8ac2_d1b9_cover@2x-2-pokojowe-mieszkanie-lublin-weglinek-ul-jaspisowa.webp
Lublin Wieniawa,al. Racławickie,2,35,595000,17000,bez pośredników,,1,https://adresowo.pl/o/mieszkanie-lublin-wieniawa-al-raclawickie-2-pokojowe-w2o0m7,https://s2.adresowa.pl/oi/44/3e/3d87ba_5185_cover@2x-2-pokojowe-mieszkanie-lublin-wieniawa-al-raclawickie.webp
Lublin,Sławin,3,53,584349,11025,Pośrednik,,5,https://adresowo.pl/o/mieszkanie-lublin-slawin-3-pokojowe-53-m2-o5w4c3,https://s2.adresowa.pl/oi/1d/60/3d1e08_46c9_cover@2x-3-pokojowe-mieszkanie-lublin-slawin.webp
Lublin Stare Miasto,ul. Prymasa Stefana Wyszyńskiego,2,60,586000,9767,Pośrednik,,7,https://adresowo.pl/o/mieszkanie-lublin-stare-miasto-ul-prymasa-stefana-wyszynskiego-2-pokojowe-w5g1h3,https://s2.adresowa.pl/oi/6e/31/3d139e_89a7_cover@2x-2-pokojowe-mieszkanie-lublin-stare-miasto-ul-prymasa-stefana-wyszynskiego.webp
Lublin Sławinek,ul. Emilii Plater,3,57,349000,6123,bez pośredników,,7,https://adresowo.pl/o/mieszkanie-lublin-slawinek-ul-emilii-plater-3-pokojowe-c8o7i9,https://s2.adresowa.pl/oi/70/31/3d7fd8_dfe0_cover@2x-3-pokojowe-mieszkanie-lublin-slawinek-ul-emilii-plater.webp
Lublin Węglin,ul. Szwoleżerów,2,50,449000,8980,bez pośredników,,1,https://adresowo.pl/o/mieszkanie-lublin-weglin-ul-szwolezerow-2-pokojowe-r9e3k5,https://s2.adresowa.pl/oi/7e/52/3d7ee0_dd3e_cover@2x-2-pokojowe-mieszkanie-lublin-weglin-ul-szwolezerow.webp
Lublin Czuby,ul. Różana,2,53,800000,15094,bez pośredników,,8,https://adresowo.pl/o/mieszkanie-lublin-czuby-ul-rozana-2-pokojowe-z1o0d2,https://s2.adresowa.pl/oi/39/47/3d7db0_97f1_cover@2x-2-pokojowe-mieszkanie-lublin-czuby-ul-rozana.webp
Lublin Stare Miasto,ul. Prymasa Stefana Wyszyńskiego,1,22,270000,12273,Pośrednik,,6,https://adresowo.pl/o/mieszkanie-lublin-stare-miasto-ul-prymasa-stefana-wyszynskiego-1-pokoj-f3s9q1,https://s2.adresowa.pl/oi/26/10/3d139a_fac5_cover@2x-1-pokojowe-mieszkanie-lublin-stare-miasto-ul-prymasa-stefana-wyszynskiego.webp
Lublin Śródmieście,al. Racławickie,2,48,499000,10396,Pośrednik,,9,https://adresowo.pl/o/mieszkanie-lublin-srodmiescie-al-raclawickie-2-pokojowe-e6q4d6,https://s2.adresowa.pl/oi/2a/4b/3d139c_ca56_cover@2x-2-pokojowe-mieszkanie-lublin-srodmiescie-al-raclawickie.webp
Lublin,ul. Ignacego Jana Paderewskiego,3,65,600000,9231,bez pośredników,,8,https://adresowo.pl/o/mieszkanie-lublin-ul-ignacego-jana-paderewskiego-3-pokojowe-a0q5o2,https://s2.adresowa.pl/oi/26/13/3d7c9c_3ab1_cover@2x-3-pokojowe-mieszkanie-lublin-ul-ignacego-jana-paderewskiego.webp
Lublin,ul. Kolorowa,3,59,590000,10000,bez pośredników,,8,https://adresowo.pl/o/mieszkanie-lublin-ul-kolorowa-3-pokojowe-t9r4d0,https://s2.adresowa.pl/oi/59/7f/3d7830_ff5f_cover@2x-3-pokojowe-mieszkanie-lublin-ul-kolorowa.webp
Lublin,Wrotków,3,60,465000,7750,bez pośredników,,11,https://adresowo.pl/o/mieszkanie-lublin-wrotkow-3-pokojowe-60-m2-f0c0d5,https://s2.adresowa.pl/oi/78/7d/3d773c_9382_cover@2x-3-pokojowe-mieszkanie-lublin-wrotkow.webp
Lublin Śródmieście,ul. Prymasa Stefana Wyszyńskiego,2,37,399000,10784,Pośrednik,,8,https://adresowo.pl/o/mieszkanie-lublin-srodmiescie-ul-prymasa-stefana-wyszynskiego-2-pokojowe-h4y4i6,https://s2.adresowa.pl/oi/14/1f/3d1398_ab5e_cover@2x-2-pokojowe-mieszkanie-lublin-srodmiescie-ul-prymasa-stefana-wyszynskiego.webp
Lublin Śródmieście,ul. Prymasa Stefana Wyszyńskiego,8,149,1600000,10738,Pośrednik,,14,https://adresowo.pl/o/mieszkanie-lublin-srodmiescie-ul-prymasa-stefana-wyszynskiego-8-pokojowe-v5o7u5,https://s2.adresowa.pl/oi/40/19/3d1396_d92a_cover@2x-8-pokojowe-mieszkanie-lublin-srodmiescie-ul-prymasa-stefana-wyszynskiego.webp
Lublin Stare Miasto,ul. Furmańska,3,48,429900,8956,bez pośredników,,10,https://adresowo.pl/o/mieszkanie-lublin-stare-miasto-ul-furmanska-3-pokojowe-a7m2s3,https://s2.adresowa.pl/oi/7c/35/3d744c_5cff_cover@2x-3-pokojowe-mieszkanie-lublin-stare-miasto-ul-furmanska.webp
Lublin Kalinowszczyzna,ul. Ignacego Daszyńskiego 20-250,2,47,465500,9904,bez pośredników,,10,https://adresowo.pl/o/mieszkanie-lublin-kalinowszczyzna-ul-ignacego-daszynskiego-2-pokojowe-x3c7d6,https://s2.adresowa.pl/oi/5f/6c/3d7384_f458_cover@2x-2-pokojowe-mieszkanie-lublin-kalinowszczyzna-ul-ignacego-daszynskiego.webp
Lublin Czechów,ul. Ireny Kosmowskiej,1,26,275000,10577,bez pośredników,,7,https://adresowo.pl/o/mieszkanie-lublin-czechow-ul-ireny-kosmowskiej-1-pokoj-c7j0p1,https://s2.adresowa.pl/oi/33/56/3d6f1c_7832_cover@2x-1-pokojowe-mieszkanie-lublin-czechow-ul-ireny-kosmowskiej.webp
Lublin Stare Miasto,ul. Cyrulicza,3,64,790000,12344,Pośrednik,,9,https://adresowo.pl/o/mieszkanie-lublin-stare-miasto-ul-cyrulicza-3-pokojowe-c7d1t3,https://s2.adresowa.pl/oi/72/38/3d1394_9c7e_cover@2x-3-pokojowe-mieszkanie-lublin-stare-miasto-ul-cyrulicza.webp
Lublin Czechów,ul. gen. Bolesława Ducha,6,128,1300000,10156,Pośrednik,,12,https://adresowo.pl/o/mieszkanie-lublin-czechow-ul-gen-boleslawa-ducha-6-pokojowe-c4r8l8,https://s2.adresowa.pl/oi/62/49/3d1392_a50f_cover@2x-6-pokojowe-mieszkanie-lublin-czechow-ul-gen-boleslawa-ducha.webp
Lublin,ul. Nowy Świat,3,61,750000,12295,bez pośredników,,8,https://adresowo.pl/o/mieszkanie-lublin-ul-nowy-swiat-3-pokojowe-c4p3q9,https://s2.adresowa.pl/oi/5e/39/3d6bdc_532e_cover@2x-3-pokojowe-mieszkanie-lublin-ul-nowy-swiat.webp
Lublin Czechów Południowy,ul. Organowa,2,51,630000,12353,bez pośredników,,5,https://adresowo.pl/o/mieszkanie-lublin-czechow-poludniowy-ul-organowa-2-pokojowe-r7o9v2,https://s2.adresowa.pl/oi/1b/39/3d6a9e_a511_cover@2x-2-pokojowe-mieszkanie-lublin-czechow-poludniowy-ul-organowa.webp
Lublin Czechów Dolny,ul. Braci Wieniawskich 1,3,62,530000,8548,bez pośredników,,12,https://adresowo.pl/o/mieszkanie-lublin-czechow-dolny-ul-braci-wieniawskich-3-pokojowe-y6h5q2,https://s2.adresowa.pl/oi/7d/63/3d6468_ca64_cover@2x-3-pokojowe-mieszkanie-lublin-czechow-dolny-ul-braci-wieniawskich.webp
Lublin Czuby,ul. Rubinowa,4,96,995000,10365,Pośrednik,,11,https://adresowo.pl/o/mieszkanie-lublin-czuby-ul-rubinowa-4-pokojowe-t3v0g0,https://s2.adresowa.pl/oi/28/3c/3d1390_be07_cover@2x-4-pokojowe-mieszkanie-lublin-czuby-ul-rubinowa.webp
Lublin Śródmieście,ul. Prymasa Stefana Wyszyńskiego,1,28,345000,12321,Pośrednik,,5,https://adresowo.pl/o/mieszkanie-lublin-srodmiescie-ul-prymasa-stefana-wyszynskiego-1-pokoj-b2e1y7,https://s2.adresowa.pl/oi/71/7b/3d138e_de6b_cover@2x-1-pokojowe-mieszkanie-lublin-srodmiescie-ul-prymasa-stefana-wyszynskiego.webp
Lublin LSM,ul. Magdaleny Brzeskiej,3,48,519000,10812,bez pośredników,,12,https://adresowo.pl/o/mieszkanie-lublin-lsm-ul-magdaleny-brzeskiej-3-pokojowe-s8j1v4,https://s2.adresowa.pl/oi/31/2c/3d63d8_aa87_cover@2x-3-pokojowe-mieszkanie-lublin-lsm-ul-magdaleny-brzeskiej.webp
Lublin Węglin,ul. Cyrkoniowa,4,70,949000,13557,bez pośredników,,11,https://adresowo.pl/o/mieszkanie-lublin-weglin-ul-cyrkoniowa-4-pokojowe-q9j7u2,https://s2.adresowa.pl/oi/50/5c/3d6340_6c9e_cover@2x-4-pokojowe-mieszkanie-lublin-weglin-ul-cyrkoniowa.webp
Lublin,LSM,3,48,456000,9500,bez pośredników,,8,https://adresowo.pl/o/mieszkanie-lublin-lsm-3-pokojowe-48-m2-c4n2u9,https://s2.adresowa.pl/oi/2a/54/3d6220_9298_cover@2x-3-pokojowe-mieszkanie-lublin-lsm.webp
Lublin,ul. Marii Koryznowej,3,48,429000,8938,Pośrednik,,10,https://adresowo.pl/o/mieszkanie-lublin-ul-marii-koryznowej-3-pokojowe-r2c4w1,https://s2.adresowa.pl/oi/7a/3e/3d1228_6a59_cover@2x-3-pokojowe-mieszkanie-lublin-ul-marii-koryznowej.webp
Lublin,Czuby,1,32,368000,11500,Pośrednik,,6,https://adresowo.pl/o/mieszkanie-lublin-czuby-1-pokoj-32-m2-f4s1d9,https://s2.adresowa.pl/oi/29/3a/3d122c_3137_cover@2x-1-pokojowe-mieszkanie-lublin-czuby.webp
Lublin Bronowice,ul. Bukowa,2,38,395000,10395,bez pośredników,,8,https://adresowo.pl/o/mieszkanie-lublin-bronowice-ul-bukowa-2-pokojowe-g8q7w4,https://s2.adresowa.pl/oi/4f/1d/3d61e4_7361_cover@2x-2-pokojowe-mieszkanie-lublin-bronowice-ul-bukowa.webp
Lublin,Zemborzyce,3,84,989000,11774,bez pośredników,,8,https://adresowo.pl/o/mieszkanie-lublin-zemborzyce-3-pokojowe-84-m2-i2d1v8,https://s2.adresowa.pl/oi/5f/17/3d60ee_ebb4_cover@2x-3-pokojowe-mieszkanie-lublin-zemborzyce.webp
Lublin Czechów,ul. Młodej Polski,2,50,599000,11980,bez pośredników,,8,https://adresowo.pl/o/mieszkanie-lublin-czechow-ul-mlodej-polski-2-pokojowe-i1m8q2,https://s2.adresowa.pl/oi/64/3d/3d5e38_da81_cover@2x-2-pokojowe-mieszkanie-lublin-czechow-ul-mlodej-polski.webp
Lublin Śródmieście,ul. Niecała 12,2,52,575000,11058,Pośrednik,,16,https://adresowo.pl/o/mieszkanie-lublin-srodmiescie-ul-niecala-2-pokojowe-f4y6b2,https://s2.adresowa.pl/oi/26/13/3d097c_767f_cover@2x-2-pokojowe-mieszkanie-lublin-srodmiescie-ul-niecala.webp
Lublin,Dziesiąta,2,32,289000,9031,Pośrednik,,1,https://adresowo.pl/o/mieszkanie-lublin-dziesiata-2-pokojowe-32-m2-y4a3i0,https://s2.adresowa.pl/oi/4c/77/3d0978_2bb7_cover@2x-2-pokojowe-mieszkanie-lublin-dziesiata.webp
Lublin Sławinek,ul. Baśniowa,2,49,550000,11224,bez pośredników,,14,https://adresowo.pl/o/mieszkanie-lublin-slawinek-ul-basniowa-2-pokojowe-h4b1f7,https://s2.adresowa.pl/oi/2b/5c/3d581a_c778_cover@2x-2-pokojowe-mieszkanie-lublin-slawinek-ul-basniowa.webp
Lublin Czechów Południowy,ul. Kurantowa,4,57,550000,9649,bez pośredników,,17,https://adresowo.pl/o/mieszkanie-lublin-czechow-poludniowy-ul-kurantowa-4-pokojowe-p2r7k8,https://s2.adresowa.pl/oi/6f/61/3d56b4_dc97_cover@2x-4-pokojowe-mieszkanie-lublin-czechow-poludniowy-ul-kurantowa.webp
Lublin Konstantynów,ul. Jana Śnieżyńskiego,4,87,990000,11379,bez pośredników,,9,https://adresowo.pl/o/mieszkanie-lublin-konstantynow-ul-jana-sniezynskiego-4-pokojowe-l3m1l6,https://s2.adresowa.pl/oi/3c/31/3d5612_8d03_cover@2x-4-pokojowe-mieszkanie-lublin-konstantynow-ul-jana-sniezynskiego.webp
Lublin,Sławin,4,63,752199,11940,Pośrednik,,6,https://adresowo.pl/o/mieszkanie-lublin-slawin-4-pokojowe-63-m2-c1z7d5,https://s2.adresowa.pl/oi/1e/3d/3d097a_8215_cover@2x-4-pokojowe-mieszkanie-lublin-slawin.webp
Lublin,Sławin,2,36,386688,10741,Pośrednik,,6,https://adresowo.pl/o/mieszkanie-lublin-slawin-2-pokojowe-36-m2-e6z2u9,https://s2.adresowa.pl/oi/15/11/3d0972_ebdb_cover@2x-2-pokojowe-mieszkanie-lublin-slawin.webp
Lublin Czuby,ul. Wyżynna,3,59,599999,10169,bez pośredników,,13,https://adresowo.pl/o/mieszkanie-lublin-czuby-ul-wyzynna-3-pokojowe-o3l4i7,https://s2.adresowa.pl/oi/5b/3e/3d51f0_4fb6_cover@2x-3-pokojowe-mieszkanie-lublin-czuby-ul-wyzynna.webp
Lublin,ul. Gospodarcza,2,45,349000,7756,bez pośredników,,6,https://adresowo.pl/o/mieszkanie-lublin-ul-gospodarcza-2-pokojowe-k5q3i8,https://s2.adresowa.pl/oi/71/55/3d50bc_6ec3_cover@2x-2-pokojowe-mieszkanie-lublin-ul-gospodarcza.webp
Lublin,ul. Koralowa,3,64,950000,14844,bez pośredników,,8,https://adresowo.pl/o/mieszkanie-lublin-ul-koralowa-3-pokojowe-l9r8x5,https://s2.adresowa.pl/oi/3a/6b/3d4ff2_6e74_cover@2x-3-pokojowe-mieszkanie-lublin-ul-koralowa.webp
Lublin,Sławin,4,70,708900,10127,Pośrednik,,10,https://adresowo.pl/o/mieszkanie-lublin-slawin-4-pokojowe-70-m2-d7t9x0,https://s2.adresowa.pl/oi/30/6b/3d096a_46d8_cover@2x-4-pokojowe-mieszkanie-lublin-slawin.webp
Lublin,Sławin,4,77,884640,11489,Pośrednik,,5,https://adresowo.pl/o/mieszkanie-lublin-slawin-4-pokojowe-77-m2-w3b8l2,https://s2.adresowa.pl/oi/34/5b/3d0966_f9ec_cover@2x-4-pokojowe-mieszkanie-lublin-slawin.webp
Lublin LSM,ul. Leonarda,2,31,360000,11613,bez pośredników,,7,https://adresowo.pl/o/mieszkanie-lublin-lsm-ul-leonarda-2-pokojowe-b5a7g6,https://s2.adresowa.pl/oi/1f/13/3d4ece_e0b1_cover@2x-2-pokojowe-mieszkanie-lublin-lsm-ul-leonarda.webp
Lublin,ul. Nałkowskich,4,78,779844,9998,bez pośredników,,8,https://adresowo.pl/o/mieszkanie-lublin-ul-nalkowskich-4-pokojowe-t7q6s9,https://s2.adresowa.pl/oi/6c/2b/3d4e14_2fe9_cover@2x-4-pokojowe-mieszkanie-lublin-ul-nalkowskich.webp
Lublin Szerokie,ul. Nałęczowska,3,67,864384,12901,bez pośredników,,9,https://adresowo.pl/o/mieszkanie-lublin-szerokie-ul-naleczowska-3-pokojowe-h1x8q2,https://s2.adresowa.pl/oi/7a/61/3d4da2_890c_cover@2x-3-pokojowe-mieszkanie-lublin-szerokie-ul-naleczowska.webp
Lublin LSM,ul. Jana Sawy,3,70,690000,9857,Pośrednik,,15,https://adresowo.pl/o/mieszkanie-lublin-lsm-ul-jana-sawy-3-pokojowe-e5c2i6,https://s2.adresowa.pl/oi/17/20/3d095a_cf71_cover@2x-3-pokojowe-mieszkanie-lublin-lsm-ul-jana-sawy.webp
Lublin,Śródmieście,4,128,1499000,11711,Pośrednik,,19,https://adresowo.pl/o/mieszkanie-lublin-srodmiescie-4-pokojowe-128-m2-v6h7l6,https://s2.adresowa.pl/oi/63/4a/3d095e_a280_cover@2x-4-pokojowe-mieszkanie-lublin-srodmiescie.webp
Lublin Dziesiąta,ul. Nowy Świat,3,66,720000,10909,bez pośredników,,20,https://adresowo.pl/o/mieszkanie-lublin-dziesiata-ul-nowy-swiat-3-pokojowe-e6w9z4,https://s2.adresowa.pl/oi/54/67/3d4ca2_50e0_cover@2x-3-pokojowe-mieszkanie-lublin-dziesiata-ul-nowy-swiat.webp
Lublin Wieniawa,ul. Puławska,1,31,355000,11452,bez pośredników,,4,https://adresowo.pl/o/mieszkanie-lublin-wieniawa-ul-pulawska-1-pokoj-k9v8h7,https://s2.adresowa.pl/oi/7c/3e/3d497a_a4a5_cover@2x-1-pokojowe-mieszkanie-lublin-wieniawa-ul-pulawska.webp
Lublin,ul. Władysława Orkana,3,75,749900,9999,bez pośredników,,16,https://adresowo.pl/o/mieszkanie-lublin-ul-wladyslawa-orkana-3-pokojowe-v9z5q4,https://s2.adresowa.pl/oi/73/35/3d4928_7f34_cover@2x-3-pokojowe-mieszkanie-lublin-ul-wladyslawa-orkana.webp
Lublin Wieniawa,ul. Józefa Bema,3,89,890000,10000,Pośrednik,,24,https://adresowo.pl/o/mieszkanie-lublin-wieniawa-ul-jozefa-bema-3-pokojowe-x9r1h1,https://s2.adresowa.pl/oi/4c/10/3d0954_c927_cover@2x-3-pokojowe-mieszkanie-lublin-wieniawa-ul-jozefa-bema.webp
Lublin,Śródmieście,4,98,1479000,15092,Pośrednik,,24,https://adresowo.pl/o/mieszkanie-lublin-srodmiescie-4-pokojowe-98-m2-d1q6q4,https://s2.adresowa.pl/oi/7b/70/3d0942_7d94_cover@2x-4-pokojowe-mieszkanie-lublin-srodmiescie.webp
Lublin Węglin,ul. Kwarcowa,3,56,715000,12768,bez pośredników,,10,https://adresowo.pl/o/mieszkanie-lublin-weglin-ul-kwarcowa-3-pokojowe-v8f6f0,https://s2.adresowa.pl/oi/7e/77/3d4898_b721_cover@2x-3-pokojowe-mieszkanie-lublin-weglin-ul-kwarcowa.webp
Lublin,ul. Różana,2,52,639000,12288,bez pośredników,,8,https://adresowo.pl/o/mieszkanie-lublin-ul-rozana-2-pokojowe-d0b1s4,https://s2.adresowa.pl/oi/6c/23/3d4880_9719_cover@2x-2-pokojowe-mieszkanie-lublin-ul-rozana.webp
Lublin LSM,ul. Tomasza Zana,2,52,572000,11000,bez pośredników,,8,https://adresowo.pl/o/mieszkanie-lublin-lsm-ul-tomasza-zana-2-pokojowe-j1n3h3,https://s2.adresowa.pl/oi/26/17/3d46ba_b57b_cover@2x-2-pokojowe-mieszkanie-lublin-lsm-ul-tomasza-zana.webp
Lublin LSM,ul. Grażyny,3,56,452000,8071,Pośrednik,,15,https://adresowo.pl/o/mieszkanie-lublin-lsm-ul-grazyny-3-pokojowe-o8l3c4,https://s2.adresowa.pl/oi/7e/65/3d093c_c4d4_cover@2x-3-pokojowe-mieszkanie-lublin-lsm-ul-grazyny.webp
Lublin Konstantynów,ul. Farmaceutyczna,4,83,830000,10000,Pośrednik,,15,https://adresowo.pl/o/mieszkanie-lublin-konstantynow-ul-farmaceutyczna-4-pokojowe-a8h8f9,https://s2.adresowa.pl/oi/37/1a/3d0932_eeea_cover@2x-4-pokojowe-mieszkanie-lublin-konstantynow-ul-farmaceutyczna.webp
Lublin Rury,ul. Tomasza Zana,1,28,359000,12821,bez pośredników,,7,https://adresowo.pl/o/mieszkanie-lublin-rury-ul-tomasza-zana-1-pokoj-p6y0m6,https://s2.adresowa.pl/oi/2c/74/3d45e6_3872_cover@2x-1-pokojowe-mieszkanie-lublin-rury-ul-tomasza-zana.webp
Lublin Wrotków,ul. Jana Samsonowicza,3,49,420000,8571,bez pośredników,,11,https://adresowo.pl/o/mieszkanie-lublin-wrotkow-ul-jana-samsonowicza-3-pokojowe-l3y0q5,https://s2.adresowa.pl/oi/5e/4b/3d43c0_7cb9_cover@2x-3-pokojowe-mieszkanie-lublin-wrotkow-ul-jana-samsonowicza.webp
Lublin Wrotków,ul. Eugeniusza Romera,4,58,399000,6879,bez pośredników,,8,https://adresowo.pl/o/mieszkanie-lublin-wrotkow-ul-eugeniusza-romera-4-pokojowe-r6h4j6,https://s2.adresowa.pl/oi/58/2f/3d42d0_cee3_cover@2x-4-pokojowe-mieszkanie-lublin-wrotkow-ul-eugeniusza-romera.webp
Lublin,Czuby,3,64,498000,7781,Pośrednik,,1,https://adresowo.pl/o/mieszkanie-lublin-czuby-3-pokojowe-64-m2-e6h9p0,https://s2.adresowa.pl/oi/37/31/3d092c_7dba_cover@2x-3-pokojowe-mieszkanie-lublin-czuby.webp
Lublin,Sławin,3,51,560696,10994,Pośrednik,,5,https://adresowo.pl/o/mieszkanie-lublin-slawin-3-pokojowe-51-m2-n2p7o5,https://s2.adresowa.pl/oi/6d/24/3d0926_f195_cover@2x-3-pokojowe-mieszkanie-lublin-slawin.webp
Lublin Czuby,ul. Herbowa,3,67,720000,10746,bez pośredników,,12,https://adresowo.pl/o/mieszkanie-lublin-czuby-ul-herbowa-3-pokojowe-q5d3m7,https://s2.adresowa.pl/oi/3b/61/3d3fe6_c230_cover@2x-3-pokojowe-mieszkanie-lublin-czuby-ul-herbowa.webp
Lublin,ul. Zbigniewa Herberta,3,48,425000,8854,bez pośredników,,6,https://adresowo.pl/o/mieszkanie-lublin-ul-zbigniewa-herberta-3-pokojowe-e9q7a0,https://s2.adresowa.pl/oi/29/1b/3d3d4c_6832_cover@2x-3-pokojowe-mieszkanie-lublin-ul-zbigniewa-herberta.webp
Lublin Czechów,ul. Jana Kiepury 15,4,62,559000,9016,bez pośredników,,9,https://adresowo.pl/o/mieszkanie-lublin-czechow-ul-jana-kiepury-4-pokojowe-m9x9z9,https://s2.adresowa.pl/oi/6e/3a/3d3aac_5dd2_cover@2x-4-pokojowe-mieszkanie-lublin-czechow-ul-jana-kiepury.webp
Lublin,Śródmieście,2,25,313125,12525,Pośrednik,,8,https://adresowo.pl/o/mieszkanie-lublin-srodmiescie-2-pokojowe-25-m2-c3i4l3,https://s2.adresowa.pl/oi/78/61/3d0922_e95a_cover@2x-2-pokojowe-mieszkanie-lublin-srodmiescie.webp
Lublin,Śródmieście,1,26,258489,9942,Pośrednik,,6,https://adresowo.pl/o/mieszkanie-lublin-srodmiescie-1-pokoj-26-m2-y4g2v1,https://s2.adresowa.pl/oi/11/4f/3d091e_4866_cover@2x-1-pokojowe-mieszkanie-lublin-srodmiescie.webp
Lublin Czechów,ul. Żelazowej Woli,3,48,499000,10396,bez pośredników,,11,https://adresowo.pl/o/mieszkanie-lublin-czechow-ul-zelazowej-woli-3-pokojowe-x4g8b5,https://s2.adresowa.pl/oi/7d/35/3d3872_2e28_cover@2x-3-pokojowe-mieszkanie-lublin-czechow-ul-zelazowej-woli.webp
Lublin Czuby,ul. Romantyczna,3,61,579500,9500,bez pośredników,,14,https://adresowo.pl/o/mieszkanie-lublin-czuby-ul-romantyczna-3-pokojowe-q6d3g5,https://s2.adresowa.pl/oi/7f/69/3d3798_57dd_cover@2x-3-pokojowe-mieszkanie-lublin-czuby-ul-romantyczna.webp
Lublin Stary Gaj,ul. Onyksowa,2,53,669000,12623,bez pośredników,,14,https://adresowo.pl/o/mieszkanie-lublin-stary-gaj-ul-onyksowa-2-pokojowe-v8e8d3,https://s2.adresowa.pl/oi/4e/71/3d371c_69c0_cover@2x-2-pokojowe-mieszkanie-lublin-stary-gaj-ul-onyksowa.webp
Lublin,Śródmieście,2,38,467880,12313,Pośrednik,,8,https://adresowo.pl/o/mieszkanie-lublin-srodmiescie-2-pokojowe-38-m2-w0r8i9,https://s2.adresowa.pl/oi/24/2d/3d091a_a243_cover@2x-2-pokojowe-mieszkanie-lublin-srodmiescie.webp
Lublin,Śródmieście,2,94,949600,10102,Pośrednik,,9,https://adresowo.pl/o/mieszkanie-lublin-srodmiescie-2-pokojowe-94-m2-p4t8y3,https://s2.adresowa.pl/oi/42/55/3d0910_b166_cover@2x-2-pokojowe-mieszkanie-lublin-srodmiescie.webp
Lublin Wieniawa,ul. Legionowa,3,55,598700,10885,bez pośredników,,9,https://adresowo.pl/o/mieszkanie-lublin-wieniawa-ul-legionowa-3-pokojowe-q7i1a8,https://s2.adresowa.pl/oi/3b/7a/3d3516_949e_cover@2x-3-pokojowe-mieszkanie-lublin-wieniawa-ul-legionowa.webp
Lublin Czechów,ul. Koncertowa,3,70,699000,9986,bez pośredników,,6,https://adresowo.pl/o/mieszkanie-lublin-czechow-ul-koncertowa-3-pokojowe-q1f4p2,https://s2.adresowa.pl/oi/1b/24/3d3462_e295_cover@2x-3-pokojowe-mieszkanie-lublin-czechow-ul-koncertowa.webp
Lublin Stare Miasto,ul. Migdałowa,2,34,486000,14294,bez pośredników,,12,https://adresowo.pl/o/mieszkanie-lublin-stare-miasto-ul-migdalowa-2-pokojowe-y9e0y7,https://s2.adresowa.pl/oi/3e/52/3d3420_d6d1_cover@2x-2-pokojowe-mieszkanie-lublin-stare-miasto-ul-migdalowa.webp
Lublin Śródmieście,ul. Fryderyka Chopina,4,98,1150000,11735,Pośrednik,,24,https://adresowo.pl/o/mieszkanie-lublin-srodmiescie-ul-fryderyka-chopina-4-pokojowe-t5m5j7,https://s2.adresowa.pl/oi/68/3c/3d01d0_3d28_cover@2x-4-pokojowe-mieszkanie-lublin-srodmiescie-ul-fryderyka-chopina.webp
Lublin Dziesiąta,ul. Piaskowa,2,140,680000,4857,Pośrednik,,7,https://adresowo.pl/o/mieszkanie-lublin-dziesiata-ul-piaskowa-2-pokojowe-p0g6g2,https://s2.adresowa.pl/oi/5a/36/3ceccc_f3aa_cover@2x-2-pokojowe-mieszkanie-lublin-dziesiata-ul-piaskowa.webp
Lublin,ul. Ksawerego Dunikowskiego,3,56,589000,10518,bez pośredników,,7,https://adresowo.pl/o/mieszkanie-lublin-ul-ksawerego-dunikowskiego-3-pokojowe-k8u5j7,https://s2.adresowa.pl/oi/34/70/3d33d8_df49_cover@2x-3-pokojowe-mieszkanie-lublin-ul-ksawerego-dunikowskiego.webp
Lublin Kalinowszczyzna,ul. Edwarda Dembowskiego,3,58,579999,10000,bez pośredników,,21,https://adresowo.pl/o/mieszkanie-lublin-kalinowszczyzna-ul-edwarda-dembowskiego-3-pokojowe-l2c6y1,https://s2.adresowa.pl/oi/36/4b/3d3348_3aae_cover@2x-3-pokojowe-mieszkanie-lublin-kalinowszczyzna-ul-edwarda-dembowskiego.webp
Lublin Kalinowszczyzna,ul. Lwowska,2,36,350000,9722,bez pośredników,,11,https://adresowo.pl/o/mieszkanie-lublin-kalinowszczyzna-ul-lwowska-2-pokojowe-p9z2n1,https://s2.adresowa.pl/oi/75/5c/3d302a_a960_cover@2x-2-pokojowe-mieszkanie-lublin-kalinowszczyzna-ul-lwowska.webp
Lublin Czechów Dolny,ul. Braci Wieniawskich,4,62,499466,8056,Pośrednik,,11,https://adresowo.pl/o/mieszkanie-lublin-czechow-dolny-ul-braci-wieniawskich-4-pokojowe-v8j2h6,https://s2.adresowa.pl/oi/33/5c/3ce894_b57f_cover@2x-4-pokojowe-mieszkanie-lublin-czechow-dolny-ul-braci-wieniawskich.webp
Lublin Bronowice,ul. Jastrzębia,3,67,499000,7448,Pośrednik,,16,https://adresowo.pl/o/mieszkanie-lublin-bronowice-ul-jastrzebia-3-pokojowe-j3n8g9,https://s2.adresowa.pl/oi/44/22/3cdd44_dd63_cover@2x-3-pokojowe-mieszkanie-lublin-bronowice-ul-jastrzebia.webp
Lublin Kalinowszczyzna,ul. Franciszka Kleeberga,2,37,372000,10054,bez pośredników,,6,https://adresowo.pl/o/mieszkanie-lublin-kalinowszczyzna-ul-franciszka-kleeberga-2-pokojowe-z1r8g9,https://s2.adresowa.pl/oi/61/2b/3d2a82_4c90_cover@2x-2-pokojowe-mieszkanie-lublin-kalinowszczyzna-ul-franciszka-kleeberga.webp
Lublin Wrotków,ul. Ks. Wincentego Granata,2,38,495000,13026,bez pośredników,,10,https://adresowo.pl/o/mieszkanie-lublin-wrotkow-ul-ks-wincentego-granata-2-pokojowe-a7b5u0,https://s2.adresowa.pl/oi/30/32/3d28c0_fbc8_cover@2x-2-pokojowe-mieszkanie-lublin-wrotkow-ul-ks-wincentego-granata.webp
Lublin Węglin,ul. Onyksowa,3,57,729000,12789,bez pośredników,,9,https://adresowo.pl/o/mieszkanie-lublin-weglin-ul-onyksowa-3-pokojowe-m5j6z4,https://s2.adresowa.pl/oi/4b/25/3d287e_678b_cover@2x-3-pokojowe-mieszkanie-lublin-weglin-ul-onyksowa.webp
Lublin LSM,ul. Magdaleny Brzeskiej,3,60,544626,9077,Pośrednik,,16,https://adresowo.pl/o/mieszkanie-lublin-lsm-ul-magdaleny-brzeskiej-3-pokojowe-c7l7p1,https://s2.adresowa.pl/oi/5f/4b/3cd2c0_853f_cover@2x-3-pokojowe-mieszkanie-lublin-lsm-ul-magdaleny-brzeskiej.webp
Lublin,Czechów,2,36,511000,14194,Pośrednik,,10,https://adresowo.pl/o/mieszkanie-lublin-czechow-2-pokojowe-36-m2-l3i5t4,https://s2.adresowa.pl/oi/3d/35/3cb47a_613f_cover@2x-2-pokojowe-mieszkanie-lublin-czechow.webp
Lublin Czuby,ul. Bursztynowa,3,65,670000,10308,bez pośredników,,12,https://adresowo.pl/o/mieszkanie-lublin-czuby-ul-bursztynowa-3-pokojowe-q2n1o3,https://s2.adresowa.pl/oi/7a/6c/3d261e_b2d4_cover@2x-3-pokojowe-mieszkanie-lublin-czuby-ul-bursztynowa.webp
Lublin,ul. Środkowa,3,54,455000,8426,bez pośredników,,7,https://adresowo.pl/o/mieszkanie-lublin-ul-srodkowa-3-pokojowe-n7h0o9,https://s2.adresowa.pl/oi/77/45/3d2150_a72a_cover@2x-3-pokojowe-mieszkanie-lublin-ul-srodkowa.webp
Lublin,ul. Tarasowa,3,68,690000,10147,bez pośredników,,8,https://adresowo.pl/o/mieszkanie-lublin-ul-tarasowa-3-pokojowe-f4w1n8,https://s2.adresowa.pl/oi/74/2b/3d1f58_eb82_cover@2x-3-pokojowe-mieszkanie-lublin-ul-tarasowa.webp
Lublin Wieniawa,ul. Puławska,3,55,619000,11255,Pośrednik,,17,https://adresowo.pl/o/mieszkanie-lublin-wieniawa-ul-pulawska-3-pokojowe-s4g2e7,https://s2.adresowa.pl/oi/2f/71/3cb182_e2b5_cover@2x-3-pokojowe-mieszkanie-lublin-wieniawa-ul-pulawska.webp
Lublin Wrotków,ul. Ks. Wincentego Granata,3,64,668200,10441,Pośrednik,,3,https://adresowo.pl/o/mieszkanie-lublin-wrotkow-ul-ks-wincentego-granata-3-pokojowe-z9d8t2,https://s2.adresowa.pl/oi/6f/5b/3ca908_2d45_cover@2x-3-pokojowe-mieszkanie-lublin-wrotkow-ul-ks-wincentego-granata.webp
Lublin Wrotków,ul. Henryka Wolińskiego,4,85,722668,8502,bez pośredników,,18,https://adresowo.pl/o/mieszkanie-lublin-wrotkow-ul-henryka-wolinskiego-4-pokojowe-n7e4l4,https://s2.adresowa.pl/oi/7e/4b/3d1d54_e0f0_cover@2x-4-pokojowe-mieszkanie-lublin-wrotkow-ul-henryka-wolinskiego.webp
Lublin LSM,ul. Balladyny,3,45,539800,11996,bez pośredników,,14,https://adresowo.pl/o/mieszkanie-lublin-lsm-ul-balladyny-3-pokojowe-p4l1q2,https://s2.adresowa.pl/oi/43/61/3d1a5e_2738_cover@2x-3-pokojowe-mieszkanie-lublin-lsm-ul-balladyny.webp
Lublin,Śródmieście,1,39,399000,10231,bez pośredników,,4,https://adresowo.pl/o/mieszkanie-lublin-srodmiescie-1-pokoj-39-m2-p9c6t0,https://s2.adresowa.pl/oi/70/6a/3d1942_b29d_cover@2x-1-pokojowe-mieszkanie-lublin-srodmiescie.webp
Lublin Rury,ul. Grażyny,1,41,354000,8634,Pośrednik,,9,https://adresowo.pl/o/mieszkanie-lublin-rury-ul-grazyny-1-pokoj-c5w5w4,https://s2.adresowa.pl/oi/29/7f/3ca1b8_d56e_cover@2x-1-pokojowe-mieszkanie-lublin-rury-ul-grazyny.webp
Lublin,ul. Roztocze,2,42,531500,12655,Pośrednik,,11,https://adresowo.pl/o/mieszkanie-lublin-ul-roztocze-2-pokojowe-f9f9p3,https://s2.adresowa.pl/oi/5f/41/3c9a2a_606c_cover@2x-2-pokojowe-mieszkanie-lublin-ul-roztocze.webp
Lublin,Choiny,3,69,670000,9710,bez pośredników,,17,https://adresowo.pl/o/mieszkanie-lublin-choiny-3-pokojowe-69-m2-g0l8y1,https://s2.adresowa.pl/oi/29/70/3d17de_3e88_cover@2x-3-pokojowe-mieszkanie-lublin-choiny.webp
Lublin Bronowice,ul. Pogodna,2,51,495000,9706,bez pośredników,,20,https://adresowo.pl/o/mieszkanie-lublin-bronowice-ul-pogodna-2-pokojowe-r5x7d1,https://s2.adresowa.pl/oi/38/4e/3d1424_6ca0_cover@2x-2-pokojowe-mieszkanie-lublin-bronowice-ul-pogodna.webp
Lublin Sławin,ul. Kameliowa,3,77,1050000,13636,bez pośredników,,13,https://adresowo.pl/o/mieszkanie-lublin-slawin-ul-kameliowa-3-pokojowe-d0s3l7,https://s2.adresowa.pl/oi/4d/7b/3d140a_3ed4_cover@2x-3-pokojowe-mieszkanie-lublin-slawin-ul-kameliowa.webp
Lublin,ul. Podzamcze,1,42,399000,9500,Pośrednik,,12,https://adresowo.pl/o/mieszkanie-lublin-ul-podzamcze-1-pokoj-t5n6v3,https://s2.adresowa.pl/oi/23/71/3c9a28_ebfa_cover@2x-1-pokojowe-mieszkanie-lublin-ul-podzamcze.webp
Lublin Węglinek,ul. Jaspisowa 4,1,32,399000,12469,Pośrednik,,14,https://adresowo.pl/o/mieszkanie-lublin-weglinek-ul-jaspisowa-1-pokoj-o1u7p4,https://s2.adresowa.pl/oi/58/73/3c91d6_593c_cover@2x-1-pokojowe-mieszkanie-lublin-weglinek-ul-jaspisowa.webp
Lublin Czechów,ul. Szwajcarska,5,84,929999,11071,bez pośredników,,20,https://adresowo.pl/o/mieszkanie-lublin-czechow-ul-szwajcarska-5-pokojowe-y6t1b6,https://s2.adresowa.pl/oi/4a/67/395d50_9462_cover@2x-5-pokojowe-mieszkanie-lublin-czechow-ul-szwajcarska.webp
Lublin Czechów,ul. Niccolo Paganiniego,2,35,466000,13314,bez pośredników,,8,https://adresowo.pl/o/mieszkanie-lublin-czechow-ul-niccolo-paganiniego-2-pokojowe-f2f2s1,https://s2.adresowa.pl/oi/17/38/3d1338_8b1d_cover@2x-2-pokojowe-mieszkanie-lublin-czechow-ul-niccolo-paganiniego.webp
Lublin Konstantynów,ul. Irydiona,3,48,495000,10312,bez pośredników,,14,https://adresowo.pl/o/mieszkanie-lublin-konstantynow-ul-irydiona-3-pokojowe-c5u6n3,https://s2.adresowa.pl/oi/57/1e/3d0df4_7996_cover@2x-3-pokojowe-mieszkanie-lublin-konstantynow-ul-irydiona.webp
Lublin,ul. Hetmańska,3,70,735000,10500,bez pośredników,,8,https://adresowo.pl/o/mieszkanie-lublin-ul-hetmanska-3-pokojowe-f7b1m1,https://s2.adresowa.pl/oi/4c/3d/3d0bc4_e7ce_cover@2x-3-pokojowe-mieszkanie-lublin-ul-hetmanska.webp
Lublin Czechów,ul. Koncertowa 7,4,62,645000,10403,Pośrednik,,17,https://adresowo.pl/o/mieszkanie-lublin-czechow-ul-koncertowa-4-pokojowe-f5b8d3,https://s2.adresowa.pl/oi/6f/6c/3c87da_b9ef_cover@2x-4-pokojowe-mieszkanie-lublin-czechow-ul-koncertowa.webp
Lublin Kalinowszczyzna,ul. Kazimierza Tumidajskiego,2,31,395000,12742,Pośrednik,,12,https://adresowo.pl/o/mieszkanie-lublin-kalinowszczyzna-ul-kazimierza-tumidajskiego-2-pokojowe-e0f8g2,https://s2.adresowa.pl/oi/32/30/3c8712_4861_cover@2x-2-pokojowe-mieszkanie-lublin-kalinowszczyzna-ul-kazimierza-tumidajskiego.webp
Lublin Czuby,ul. Wyżynna,2,34,374000,11000,bez pośredników,,9,https://adresowo.pl/o/mieszkanie-lublin-czuby-ul-wyzynna-2-pokojowe-z5r7m8,https://s2.adresowa.pl/oi/49/36/3d0b68_3970_cover@2x-2-pokojowe-mieszkanie-lublin-czuby-ul-wyzynna.webp
Lublin Szerokie,ul. Wołynian,5,100,749000,7490,bez pośredników,,17,https://adresowo.pl/o/mieszkanie-lublin-szerokie-ul-wolynian-5-pokojowe-q1g9q7,https://s2.adresowa.pl/oi/41/34/3d09e8_b2e8_cover@2x-5-pokojowe-mieszkanie-lublin-szerokie-ul-wolynian.webp
Lublin Wieniawa,ul. Puławska,3,57,559000,9807,bez pośredników,,9,https://adresowo.pl/o/mieszkanie-lublin-wieniawa-ul-pulawska-3-pokojowe-n6w0j9,https://s2.adresowa.pl/oi/56/29/3d0662_4661_cover@2x-3-pokojowe-mieszkanie-lublin-wieniawa-ul-pulawska.webp
Lublin Śródmieście,ul. Okopowa,4,70,839000,11986,Pośrednik,,13,https://adresowo.pl/o/mieszkanie-lublin-srodmiescie-ul-okopowa-4-pokojowe-r6k2d2,https://s2.adresowa.pl/oi/54/23/3c80a8_ebb0_cover@2x-4-pokojowe-mieszkanie-lublin-srodmiescie-ul-okopowa.webp
Lublin,Bronowice,3,45,499000,11089,Pośrednik,,12,https://adresowo.pl/o/mieszkanie-lublin-bronowice-3-pokojowe-45-m2-v8u8x0,https://s2.adresowa.pl/oi/33/27/3c806c_5208_cover@2x-3-pokojowe-mieszkanie-lublin-bronowice.webp
Lublin Felin,ul. Zygmunta Augusta,3,62,729000,11758,bez pośredników,,12,https://adresowo.pl/o/mieszkanie-lublin-felin-ul-zygmunta-augusta-3-pokojowe-s1l2i1,https://s2.adresowa.pl/oi/68/65/3d017a_945e_cover@2x-3-pokojowe-mieszkanie-lublin-felin-ul-zygmunta-augusta.webp
Lublin,ul. Relaksowa,3,55,599000,10891,bez pośredników,,8,https://adresowo.pl/o/mieszkanie-lublin-ul-relaksowa-3-pokojowe-c6f5j2,https://s2.adresowa.pl/oi/3c/4a/3cfe94_8ab0_cover@2x-3-pokojowe-mieszkanie-lublin-ul-relaksowa.webp
Lublin Czechów,al. Kompozytorów Polskich,3,52,755424,14527,bez pośredników,,8,https://adresowo.pl/o/mieszkanie-lublin-czechow-al-kompozytorow-polskich-3-pokojowe-m2g9q2,https://s2.adresowa.pl/oi/41/41/3cfe6e_f463_cover@2x-3-pokojowe-mieszkanie-lublin-czechow-al-kompozytorow-polskich.webp
Lublin Śródmieście,ul. Wschodnia 13,1,35,379000,10829,Pośrednik,,6,https://adresowo.pl/o/mieszkanie-lublin-srodmiescie-ul-wschodnia-1-pokoj-n1v3b5,https://s2.adresowa.pl/oi/7e/47/3c8066_2c1e_cover@2x-1-pokojowe-mieszkanie-lublin-srodmiescie-ul-wschodnia.webp
Lublin,ul. Relaksowa,2,51,519000,10176,Pośrednik,,12,https://adresowo.pl/o/mieszkanie-lublin-ul-relaksowa-2-pokojowe-j3y4m7,https://s2.adresowa.pl/oi/54/37/3c8064_e240_cover@2x-2-pokojowe-mieszkanie-lublin-ul-relaksowa.webp
Lublin LSM,ul. Żarnowiecka,4,72,649000,9014,bez pośredników,,8,https://adresowo.pl/o/mieszkanie-lublin-lsm-ul-zarnowiecka-4-pokojowe-e5t6l4,https://s2.adresowa.pl/oi/7e/51/3cfd94_b69b_cover@2x-4-pokojowe-mieszkanie-lublin-lsm-ul-zarnowiecka.webp
Lublin Bronowice,ul. Droga Męczenników Majdanka,2,32,370000,11562,bez pośredników,,8,https://adresowo.pl/o/mieszkanie-lublin-bronowice-ul-droga-meczennikow-majdanka-2-pokojowe-c1i5q7,https://s2.adresowa.pl/oi/31/1b/3cf812_c6ef_cover@2x-2-pokojowe-mieszkanie-lublin-bronowice-ul-droga-meczennikow-majdanka.webp
Lublin Czechów,ul. Harnasie,4,72,784000,10889,bez pośredników,,14,https://adresowo.pl/o/mieszkanie-lublin-czechow-ul-harnasie-4-pokojowe-c8u9r1,https://s2.adresowa.pl/oi/3f/1b/3cf560_f88f_cover@2x-4-pokojowe-mieszkanie-lublin-czechow-ul-harnasie.webp
Lublin,,3,70,1200000,17143,Pośrednik,,4,https://adresowo.pl/o/mieszkanie-lublin-3-pokojowe-70-m2-x6m9y9,https://s2.adresowa.pl/oi/30/63/3c7a5e_882c_cover@2x-3-pokojowe-mieszkanie-lublin.webp
Lublin,ul. Franciszka Kleeberga,2,32,329600,10300,Pośrednik,,5,https://adresowo.pl/o/mieszkanie-lublin-ul-franciszka-kleeberga-2-pokojowe-c0x2b4,https://s2.adresowa.pl/oi/5d/49/3c7a4c_890f_cover@2x-2-pokojowe-mieszkanie-lublin-ul-franciszka-kleeberga.webp
Lublin,ul. Karola Namysłowskiego,4,108,780000,7222,bez pośredników,,8,https://adresowo.pl/o/mieszkanie-lublin-ul-karola-namyslowskiego-4-pokojowe-n4e0x3,https://s2.adresowa.pl/oi/20/4d/3ce8d6_f87e_cover@2x-4-pokojowe-mieszkanie-lublin-ul-karola-namyslowskiego.webp
Lublin Kalinowszczyzna,ul. Walecznych 4,3,63,650000,10317,bez pośredników,,10,https://adresowo.pl/o/mieszkanie-lublin-kalinowszczyzna-ul-walecznych-3-pokojowe-u3c3c7,https://s2.adresowa.pl/oi/77/73/3ce730_9470_cover@2x-3-pokojowe-mieszkanie-lublin-kalinowszczyzna-ul-walecznych.webp
Lublin Śródmieście,ul. Gabriela Narutowicza,1,35,365000,10429,bez pośredników,,9,https://adresowo.pl/o/mieszkanie-lublin-srodmiescie-ul-gabriela-narutowicza-1-pokoj-t3q0v6,https://s2.adresowa.pl/oi/5c/38/3ce4ba_370b_cover@2x-1-pokojowe-mieszkanie-lublin-srodmiescie-ul-gabriela-narutowicza.webp
Lublin Kalinowszczyzna,ul. Lwowska,4,58,519370,8955,Pośrednik,,9,https://adresowo.pl/o/mieszkanie-lublin-kalinowszczyzna-ul-lwowska-4-pokojowe-g3p6c1,https://s2.adresowa.pl/oi/61/7d/3c2dca_ce09_cover@2x-4-pokojowe-mieszkanie-lublin-kalinowszczyzna-ul-lwowska.webp
Lublin,ul. Hetmańska,2,47,479789,10208,Pośrednik,,11,https://adresowo.pl/o/mieszkanie-lublin-ul-hetmanska-2-pokojowe-s7q8e0,https://s2.adresowa.pl/oi/4c/66/3c2d7a_36dd_cover@2x-2-pokojowe-mieszkanie-lublin-ul-hetmanska.webp
Lublin Bronowice,ul. Wrońska,2,39,590000,15128,bez pośredników,,8,https://adresowo.pl/o/mieszkanie-lublin-bronowice-ul-wronska-2-pokojowe-s0t3d8,https://s2.adresowa.pl/oi/4d/3a/3ce45e_8abb_cover@2x-2-pokojowe-mieszkanie-lublin-bronowice-ul-wronska.webp
Lublin Stare Miasto,ul. Furmańska,2,39,509000,13051,bez pośredników,,5,https://adresowo.pl/o/mieszkanie-lublin-stare-miasto-ul-furmanska-2-pokojowe-t7h6b4,https://s2.adresowa.pl/oi/35/1f/3ce3be_7f8e_cover@2x-2-pokojowe-mieszkanie-lublin-stare-miasto-ul-furmanska.webp
Lublin Ponikwoda,ul. Konrada Bielskiego,2,42,520000,12381,bez pośredników,,7,https://adresowo.pl/o/mieszkanie-lublin-ponikwoda-ul-konrada-bielskiego-2-pokojowe-v9t9a6,https://s2.adresowa.pl/oi/16/69/3ce0fe_3b7a_cover@2x-2-pokojowe-mieszkanie-lublin-ponikwoda-ul-konrada-bielskiego.webp
Lublin Czuby,ul. Szafirowa,3,63,659000,10460,Pośrednik,,20,https://adresowo.pl/o/mieszkanie-lublin-czuby-ul-szafirowa-3-pokojowe-d6j1z5,https://s2.adresowa.pl/oi/67/1a/3c1bba_d6b7_cover@2x-3-pokojowe-mieszkanie-lublin-czuby-ul-szafirowa.webp
Lublin Ponikwoda,ul. Dożynkowa,4,71,775000,10915,Pośrednik,,20,https://adresowo.pl/o/mieszkanie-lublin-ponikwoda-ul-dozynkowa-4-pokojowe-q0u9d3,https://s2.adresowa.pl/oi/68/40/3c1b80_d2b5_cover@2x-4-pokojowe-mieszkanie-lublin-ponikwoda-ul-dozynkowa.webp
Lublin Czechów,ul. Braci Wieniawskich,3,57,520000,9123,bez pośredników,,11,https://adresowo.pl/o/mieszkanie-lublin-czechow-ul-braci-wieniawskich-3-pokojowe-c6q2q8,https://s2.adresowa.pl/oi/11/51/3ce0ac_f72c_cover@2x-3-pokojowe-mieszkanie-lublin-czechow-ul-braci-wieniawskich.webp
Lublin,ul. Józefa Kustronia,3,49,535000,10918,bez pośredników,,8,https://adresowo.pl/o/mieszkanie-lublin-ul-jozefa-kustronia-3-pokojowe-h3y0i7,https://s2.adresowa.pl/oi/4a/56/3ce086_cb59_cover@2x-3-pokojowe-mieszkanie-lublin-ul-jozefa-kustronia.webp
Lublin,ul. Powstania Styczniowego,2,42,429000,10214,bez pośredników,,11,https://adresowo.pl/o/mieszkanie-lublin-ul-powstania-styczniowego-2-pokojowe-y8t9t9,https://s2.adresowa.pl/oi/43/6b/3cdfe6_6115_cover@2x-2-pokojowe-mieszkanie-lublin-ul-powstania-styczniowego.webp
Lublin,ul. Edwarda Dembowskiego,4,59,469000,7949,Pośrednik,,8,https://adresowo.pl/o/mieszkanie-lublin-ul-edwarda-dembowskiego-4-pokojowe-n1c7n3,https://s2.adresowa.pl/oi/3f/19/3c0bc8_e047_cover@2x-4-pokojowe-mieszkanie-lublin-ul-edwarda-dembowskiego.webp
Lublin,ul. Pana Wołodyjowskiego,3,57,549000,9632,Pośrednik,,14,https://adresowo.pl/o/mieszkanie-lublin-ul-pana-wolodyjowskiego-3-pokojowe-b4t0a9,https://s2.adresowa.pl/oi/70/6f/3bfe2e_311a_cover@2x-3-pokojowe-mieszkanie-lublin-ul-pana-wolodyjowskiego.webp
Lublin Śródmieście,ul. Probostwo,2,40,499000,12475,bez pośredników,,11,https://adresowo.pl/o/mieszkanie-lublin-srodmiescie-ul-probostwo-2-pokojowe-b8j1c7,https://s2.adresowa.pl/oi/5d/22/3cdf54_3a42_cover@2x-2-pokojowe-mieszkanie-lublin-srodmiescie-ul-probostwo.webp
Lublin Śródmieście,ul. Lipowa,2,47,540000,11489,bez pośredników,,11,https://adresowo.pl/o/mieszkanie-lublin-srodmiescie-ul-lipowa-2-pokojowe-y5u5r1,https://s2.adresowa.pl/oi/3b/7b/3cdf08_6d11_cover@2x-2-pokojowe-mieszkanie-lublin-srodmiescie-ul-lipowa.webp
Lublin Kalinowszczyzna,ul. Niepodległości,3,49,595000,12143,bez pośredników,,14,https://adresowo.pl/o/mieszkanie-lublin-kalinowszczyzna-ul-niepodleglosci-3-pokojowe-s1u7s1,https://s2.adresowa.pl/oi/2d/3f/3cde08_762f_cover@2x-3-pokojowe-mieszkanie-lublin-kalinowszczyzna-ul-niepodleglosci.webp
Lublin,ul. ks. Jerzego Popiełuszki,3,48,450000,9375,Pośrednik,,18,https://adresowo.pl/o/mieszkanie-lublin-ul-ks-jerzego-popieluszki-3-pokojowe-x1a8c3,https://s2.adresowa.pl/oi/46/26/3bddb0_a11d_cover@2x-3-pokojowe-mieszkanie-lublin-ul-ks-jerzego-popieluszki.webp
Lublin Śródmieście,ul. Zamojska,4,80,615000,7688,Pośrednik,,8,https://adresowo.pl/o/mieszkanie-lublin-srodmiescie-ul-zamojska-4-pokojowe-t9b8d9,https://s2.adresowa.pl/oi/4c/6a/3bba5a_64e3_cover@2x-4-pokojowe-mieszkanie-lublin-srodmiescie-ul-zamojska.webp
Lublin Węglin,ul. Jaspisowa,2,40,460000,11500,bez pośredników,,20,https://adresowo.pl/o/mieszkanie-lublin-weglin-ul-jaspisowa-2-pokojowe-f0n6k2,https://s2.adresowa.pl/oi/50/48/3cda7a_709a_cover@2x-2-pokojowe-mieszkanie-lublin-weglin-ul-jaspisowa.webp
Lublin Bazylianówka,ul. Bazylianówka,2,48,409000,8521,bez pośredników,,9,https://adresowo.pl/o/mieszkanie-lublin-bazylianowka-ul-bazylianowka-2-pokojowe-t5k6w8,https://s2.adresowa.pl/oi/6a/6e/3cd816_d3a5_cover@2x-2-pokojowe-mieszkanie-lublin-bazylianowka-ul-bazylianowka.webp
Lublin Bronowice,ul. Pogodna,1,28,330000,11786,bez pośredników,,16,https://adresowo.pl/o/mieszkanie-lublin-bronowice-ul-pogodna-1-pokoj-h8f8i3,https://s2.adresowa.pl/oi/6f/65/3cd246_bccc_cover@2x-1-pokojowe-mieszkanie-lublin-bronowice-ul-pogodna.webp
Lublin LSM,ul. Nadbystrzycka,2,35,364230,10407,Pośrednik,,12,https://adresowo.pl/o/mieszkanie-lublin-lsm-ul-nadbystrzycka-2-pokojowe-m2y9i1,https://s2.adresowa.pl/oi/63/47/3bb4b0_feaa_cover@2x-2-pokojowe-mieszkanie-lublin-lsm-ul-nadbystrzycka.webp
Lublin Felin,ul. Władysława Jagiełły,2,54,469000,8685,Pośrednik,,10,https://adresowo.pl/o/mieszkanie-lublin-felin-ul-wladyslawa-jagielly-2-pokojowe-q6u2h6,https://s2.adresowa.pl/oi/5c/3e/3b934c_6336_cover@2x-2-pokojowe-mieszkanie-lublin-felin-ul-wladyslawa-jagielly.webp
Lublin,ul. Ksawerego Dunikowskiego,3,63,730000,11587,bez pośredników,,8,https://adresowo.pl/o/mieszkanie-lublin-ul-ksawerego-dunikowskiego-3-pokojowe-z4q6j9,https://s2.adresowa.pl/oi/31/52/3cd14c_94d7_cover@2x-3-pokojowe-mieszkanie-lublin-ul-ksawerego-dunikowskiego.webp
Lublin Węglinek,ul. Gęsia,4,119,1390000,11681,bez pośredników,,18,https://adresowo.pl/o/mieszkanie-lublin-weglinek-ul-gesia-4-pokojowe-y9t5e8,https://s2.adresowa.pl/oi/5f/63/3cd120_9ca0_cover@2x-4-pokojowe-mieszkanie-lublin-weglinek-ul-gesia.webp
Lublin Czechów,ul. Żelazowej Woli,3,61,495000,8115,bez pośredników,,19,https://adresowo.pl/o/mieszkanie-lublin-czechow-ul-zelazowej-woli-3-pokojowe-r3s9g7,https://s2.adresowa.pl/oi/58/78/3cd0a8_538c_cover@2x-3-pokojowe-mieszkanie-lublin-czechow-ul-zelazowej-woli.webp
Lublin Kalinowszczyzna,ul. Wilhelma Orlika-Ruckemanna,2,47,399000,8489,Pośrednik,,16,https://adresowo.pl/o/mieszkanie-lublin-kalinowszczyzna-ul-wilhelma-orlika-ruckemanna-2-pokojowe-i0t8j1,https://s2.adresowa.pl/oi/3f/2f/3b4a22_f68e_cover@2x-2-pokojowe-mieszkanie-lublin-kalinowszczyzna-ul-wilhelma-orlika-ruckemanna.webp
Lublin Czuby,ul. Turkusowa,4,77,666500,8656,Pośrednik,,8,https://adresowo.pl/o/mieszkanie-lublin-czuby-ul-turkusowa-4-pokojowe-a4l4x1,https://s2.adresowa.pl/oi/2f/28/3b0b72_f18a_cover@2x-4-pokojowe-mieszkanie-lublin-czuby-ul-turkusowa.webp
Lublin Ponikwoda,al. Spółdzielczości Pracy,3,49,645000,13163,bez pośredników,,14,https://adresowo.pl/o/mieszkanie-lublin-ponikwoda-al-spoldzielczosci-pracy-3-pokojowe-f3i4h9,https://s2.adresowa.pl/oi/71/1e/3ccdd4_9d57_cover@2x-3-pokojowe-mieszkanie-lublin-ponikwoda-al-spoldzielczosci-pracy.webp
Lublin Bronowice,ul. Puchacza,1,37,320000,8649,bez pośredników,,9,https://adresowo.pl/o/mieszkanie-lublin-bronowice-ul-puchacza-1-pokoj-g5m9q8,https://s2.adresowa.pl/oi/40/6b/3ccb70_8704_cover@2x-1-pokojowe-mieszkanie-lublin-bronowice-ul-puchacza.webp
Lublin Dziesiąta,ul. Wyścigowa,2,49,598000,12204,bez pośredników,,8,https://adresowo.pl/o/mieszkanie-lublin-dziesiata-ul-wyscigowa-2-pokojowe-f8d2w8,https://s2.adresowa.pl/oi/46/6e/3cc6dc_8a7d_cover@2x-2-pokojowe-mieszkanie-lublin-dziesiata-ul-wyscigowa.webp
Lublin Rury,ul. Magdaleny Brzeskiej,4,62,649000,10468,Pośrednik,,18,https://adresowo.pl/o/mieszkanie-lublin-rury-ul-magdaleny-brzeskiej-4-pokojowe-z4o6f8,https://s2.adresowa.pl/oi/67/49/3adf54_80a7_cover@2x-4-pokojowe-mieszkanie-lublin-rury-ul-magdaleny-brzeskiej.webp
Lublin Śródmieście,ul. Gabriela Narutowicza,2,64,450000,7031,Pośrednik,,8,https://adresowo.pl/o/mieszkanie-lublin-srodmiescie-ul-gabriela-narutowicza-2-pokojowe-a4t6d2,https://s2.adresowa.pl/oi/2f/23/3ad8f2_e8a9_cover@2x-2-pokojowe-mieszkanie-lublin-srodmiescie-ul-gabriela-narutowicza.webp
Lublin Bazylianówka,ul. Czesława Strzeszewskiego,2,43,535000,12442,bez pośredników,,19,https://adresowo.pl/o/mieszkanie-lublin-bazylianowka-ul-czeslawa-strzeszewskiego-2-pokojowe-z3w4u5,https://s2.adresowa.pl/oi/59/7c/3cc55a_5b20_cover@2x-2-pokojowe-mieszkanie-lublin-bazylianowka-ul-czeslawa-strzeszewskiego.webp
Lublin,ul. Nowy Świat,3,48,449000,9354,bez pośredników,,8,https://adresowo.pl/o/mieszkanie-lublin-ul-nowy-swiat-3-pokojowe-p1k7f6,https://s2.adresowa.pl/oi/65/39/3cc4ea_76a4_cover@2x-3-pokojowe-mieszkanie-lublin-ul-nowy-swiat.webp
Lublin,ul. Jemiołowa,3,77,1050000,13636,bez pośredników,,8,https://adresowo.pl/o/mieszkanie-lublin-ul-jemiolowa-3-pokojowe-n2d0k2,https://s2.adresowa.pl/oi/62/57/3cc474_7530_cover@2x-3-pokojowe-mieszkanie-lublin-ul-jemiolowa.webp
Lublin,ul. Krańcowa,4,61,549000,9000,Pośrednik,,13,https://adresowo.pl/o/mieszkanie-lublin-ul-krancowa-4-pokojowe-f9c3e7,https://s2.adresowa.pl/oi/60/5f/3ac796_2b36_cover@2x-4-pokojowe-mieszkanie-lublin-ul-krancowa.webp
Lublin Bronowice,ul. Lotnicza,2,35,425000,12143,Pośrednik,,12,https://adresowo.pl/o/mieszkanie-lublin-bronowice-ul-lotnicza-2-pokojowe-y8f9n0,https://s2.adresowa.pl/oi/52/18/3ac4ac_f923_cover@2x-2-pokojowe-mieszkanie-lublin-bronowice-ul-lotnicza.webp
Lublin,Wrotków,3,48,480000,10000,bez pośredników,,8,https://adresowo.pl/o/mieszkanie-lublin-wrotkow-3-pokojowe-48-m2-b9w5z4,https://s2.adresowa.pl/oi/29/17/3cc46c_5e43_cover@2x-3-pokojowe-mieszkanie-lublin-wrotkow.webp
Lublin Wrotków,ul. Henryka Wolińskiego,2,40,560000,14000,bez pośredników,,7,https://adresowo.pl/o/mieszkanie-lublin-wrotkow-ul-henryka-wolinskiego-2-pokojowe-s2j6k3,https://s2.adresowa.pl/oi/69/5a/3cc2fa_5a12_cover@2x-2-pokojowe-mieszkanie-lublin-wrotkow-ul-henryka-wolinskiego.webp
Lublin Kalinowszczyzna,ul. Kazimierza Tumidajskiego,3,48,430000,8958,bez pośredników,,5,https://adresowo.pl/o/mieszkanie-lublin-kalinowszczyzna-ul-kazimierza-tumidajskiego-3-pokojowe-q5r2o6,https://s2.adresowa.pl/oi/3c/2b/3cc272_cb36_cover@2x-3-pokojowe-mieszkanie-lublin-kalinowszczyzna-ul-kazimierza-tumidajskiego.webp
Lublin Wrotków,ul. Zemborzycka,2,35,418591,11960,Pośrednik,,4,https://adresowo.pl/o/mieszkanie-lublin-wrotkow-ul-zemborzycka-2-pokojowe-z5t5h5,https://s2.adresowa.pl/oi/1c/1a/3ac490_ba6c_cover@2x-2-pokojowe-mieszkanie-lublin-wrotkow-ul-zemborzycka.webp
Lublin Węglinek,ul. Jantarowa 26,2,49,599000,12224,Pośrednik,,9,https://adresowo.pl/o/mieszkanie-lublin-weglinek-ul-jantarowa-2-pokojowe-b8z9m5,https://s2.adresowa.pl/oi/42/3c/3ac194_3e7a_cover@2x-2-pokojowe-mieszkanie-lublin-weglinek-ul-jantarowa.webp
Lublin Czechów,al. Kompozytorów Polskich,2,39,639000,16385,bez pośredników,,19,https://adresowo.pl/o/mieszkanie-lublin-czechow-al-kompozytorow-polskich-2-pokojowe-s1p7c3,https://s2.adresowa.pl/oi/38/1e/3cc06a_53e3_cover@2x-2-pokojowe-mieszkanie-lublin-czechow-al-kompozytorow-polskich.webp
Lublin Felin,ul. Generała Stanisława Skalskiego,1,32,480000,15000,bez pośredników,,5,https://adresowo.pl/o/mieszkanie-lublin-felin-ul-generala-stanislawa-skalskiego-1-pokoj-i5e4g7,https://s2.adresowa.pl/oi/2e/77/3cbfbe_f143_cover@2x-1-pokojowe-mieszkanie-lublin-felin-ul-generala-stanislawa-skalskiego.webp
Lublin Sławinek,ul. Baśniowa,4,70,800000,11429,bez pośredników,,11,https://adresowo.pl/o/mieszkanie-lublin-slawinek-ul-basniowa-4-pokojowe-q7p1v7,https://s2.adresowa.pl/oi/51/21/3cbf52_615d_cover@2x-4-pokojowe-mieszkanie-lublin-slawinek-ul-basniowa.webp
Lublin Węglin,ul. Jantarowa,2,59,835000,14153,Pośrednik,,15,https://adresowo.pl/o/mieszkanie-lublin-weglin-ul-jantarowa-2-pokojowe-c4k0g6,https://s2.adresowa.pl/oi/74/1b/3ac190_c461_cover@2x-2-pokojowe-mieszkanie-lublin-weglin-ul-jantarowa.webp
Lublin Wieniawa,ul. Czwartaków,2,75,795000,10600,Pośrednik,,15,https://adresowo.pl/o/mieszkanie-lublin-wieniawa-ul-czwartakow-2-pokojowe-y6i8h6,https://s2.adresowa.pl/oi/2e/1e/3ac18a_df9c_cover@2x-2-pokojowe-mieszkanie-lublin-wieniawa-ul-czwartakow.webp
Lublin,Czechów,4,98,1528800,15600,bez pośredników,,8,https://adresowo.pl/o/mieszkanie-lublin-czechow-4-pokojowe-98-m2-u4o7j5,https://s2.adresowa.pl/oi/5f/17/3cbd84_6cd7_cover@2x-4-pokojowe-mieszkanie-lublin-czechow.webp
Lublin,LSM,4,64,739000,11547,bez pośredników,,8,https://adresowo.pl/o/mieszkanie-lublin-lsm-4-pokojowe-64-m2-p0o7h0,https://s2.adresowa.pl/oi/1f/57/3cb9da_730a_cover@2x-4-pokojowe-mieszkanie-lublin-lsm.webp
Lublin,,2,42,375000,8929,bez pośredników,,8,https://adresowo.pl/o/mieszkanie-lublin-2-pokojowe-42-m2-s6b9s1,https://s2.adresowa.pl/oi/18/13/3cb54e_864f_cover@2x-2-pokojowe-mieszkanie-lublin.webp
Lublin Śródmieście,ul. Niecała 20,2,30,519000,17300,Pośrednik,,12,https://adresowo.pl/o/mieszkanie-lublin-srodmiescie-ul-niecala-2-pokojowe-f1w8m4,https://s2.adresowa.pl/oi/2c/3b/3ac186_8da4_cover@2x-2-pokojowe-mieszkanie-lublin-srodmiescie-ul-niecala.webp
Lublin Śródmieście,ul. Wieniawska,1,25,519000,20760,Pośrednik,,6,https://adresowo.pl/o/mieszkanie-lublin-srodmiescie-ul-wieniawska-1-pokoj-t6h8o1,https://s2.adresowa.pl/oi/11/52/3ac182_5616_cover@2x-1-pokojowe-mieszkanie-lublin-srodmiescie-ul-wieniawska.webp
Lublin Czechów,ul. Teodora Leszetyckiego,3,60,595000,9917,bez pośredników,,8,https://adresowo.pl/o/mieszkanie-lublin-czechow-ul-teodora-leszetyckiego-3-pokojowe-r0v9f5,https://s2.adresowa.pl/oi/4a/40/3cb4ae_7c4a_cover@2x-3-pokojowe-mieszkanie-lublin-czechow-ul-teodora-leszetyckiego.webp
Lublin,ul. Przyjaźni,3,46,479000,10413,bez pośredników,,1,https://adresowo.pl/o/mieszkanie-lublin-ul-przyjazni-3-pokojowe-r9v4h2,https://s2.adresowa.pl/oi/7e/62/3cb470_6a3e_cover@2x-3-pokojowe-mieszkanie-lublin-ul-przyjazni.webp
Lublin Kalinowszczyzna,ul. Niepodległości,2,38,450000,11842,bez pośredników,,8,https://adresowo.pl/o/mieszkanie-lublin-kalinowszczyzna-ul-niepodleglosci-2-pokojowe-e0z2o8,https://s2.adresowa.pl/oi/3d/60/3cb3a6_d3ff_cover@2x-2-pokojowe-mieszkanie-lublin-kalinowszczyzna-ul-niepodleglosci.webp
Lublin Kalinowszczyzna,ul. Szkolna,4,70,499000,7129,Pośrednik,,9,https://adresowo.pl/o/mieszkanie-lublin-kalinowszczyzna-ul-szkolna-4-pokojowe-f1p1v8,https://s2.adresowa.pl/oi/67/60/3ac17e_2eec_cover@2x-4-pokojowe-mieszkanie-lublin-kalinowszczyzna-ul-szkolna.webp
Lublin LSM,ul. Faraona,3,48,470000,9792,Pośrednik,,7,https://adresowo.pl/o/mieszkanie-lublin-lsm-ul-faraona-3-pokojowe-f6l5g1,https://s2.adresowa.pl/oi/49/5a/3ac17c_3f17_cover@2x-3-pokojowe-mieszkanie-lublin-lsm-ul-faraona.webp
Lublin,ul. Kaczeńcowa,3,60,485000,8083,bez pośredników,,8,https://adresowo.pl/o/mieszkanie-lublin-ul-kaczencowa-3-pokojowe-c7t0f9,https://s2.adresowa.pl/oi/4c/1f/3cb13a_d9fe_cover@2x-3-pokojowe-mieszkanie-lublin-ul-kaczencowa.webp
Lublin Kalinowszczyzna,ul. Franciszka Kleeberga,3,49,485000,9898,bez pośredników,,8,https://adresowo.pl/o/mieszkanie-lublin-kalinowszczyzna-ul-franciszka-kleeberga-3-pokojowe-i7j3t7,https://s2.adresowa.pl/oi/6d/38/3cb0b6_da35_cover@2x-3-pokojowe-mieszkanie-lublin-kalinowszczyzna-ul-franciszka-kleeberga.webp
Lublin Wieniawa,ul. Puławska,3,54,530000,9815,bez pośredników,,12,https://adresowo.pl/o/mieszkanie-lublin-wieniawa-ul-pulawska-3-pokojowe-k8z6z1,https://s2.adresowa.pl/oi/32/1c/3cae74_d2ae_cover@2x-3-pokojowe-mieszkanie-lublin-wieniawa-ul-pulawska.webp
Lublin Śródmieście,ul. Probostwo 9,3,63,599000,9508,Pośrednik,,11,https://adresowo.pl/o/mieszkanie-lublin-srodmiescie-ul-probostwo-3-pokojowe-a2k4y3,https://s2.adresowa.pl/oi/41/57/3ac178_a877_cover@2x-3-pokojowe-mieszkanie-lublin-srodmiescie-ul-probostwo.webp
Lublin Dziesiąta,ul. Wojenna,3,52,494190,9504,Pośrednik,,4,https://adresowo.pl/o/mieszkanie-lublin-dziesiata-ul-wojenna-3-pokojowe-b9a0t2,https://s2.adresowa.pl/oi/3d/57/3ab628_b5b3_cover@2x-3-pokojowe-mieszkanie-lublin-dziesiata-ul-wojenna.webp
Lublin Ponikwoda,ul. Laurowa,3,69,820000,11884,bez pośredników,,7,https://adresowo.pl/o/mieszkanie-lublin-ponikwoda-ul-laurowa-3-pokojowe-a9g9o1,https://s2.adresowa.pl/oi/5b/28/3cadda_c258_cover@2x-3-pokojowe-mieszkanie-lublin-ponikwoda-ul-laurowa.webp
Lublin LSM,ul. Skrzetuskiego,2,38,449000,11816,bez pośredników,,12,https://adresowo.pl/o/mieszkanie-lublin-lsm-ul-skrzetuskiego-2-pokojowe-h7q1f5,https://s2.adresowa.pl/oi/4d/52/3cacfc_335a_cover@2x-2-pokojowe-mieszkanie-lublin-lsm-ul-skrzetuskiego.webp
Lublin Śródmieście,ul. Lipowa,1,33,385000,11667,bez pośredników,,21,https://adresowo.pl/o/mieszkanie-lublin-srodmiescie-ul-lipowa-1-pokoj-u1b7n5,https://s2.adresowa.pl/oi/46/14/3caba4_b26e_cover@2x-1-pokojowe-mieszkanie-lublin-srodmiescie-ul-lipowa.webp
Lublin,ul. Kwarcowa,2,39,529000,13564,Pośrednik,,9,https://adresowo.pl/o/mieszkanie-lublin-ul-kwarcowa-2-pokojowe-p2k1i6,https://s2.adresowa.pl/oi/29/2b/3a913a_c675_cover@2x-2-pokojowe-mieszkanie-lublin-ul-kwarcowa.webp
Lublin,ul. Nowy Świat,2,26,299000,11500,Pośrednik,,8,https://adresowo.pl/o/mieszkanie-lublin-ul-nowy-swiat-2-pokojowe-z7q7t1,https://s2.adresowa.pl/oi/39/60/3a6fd4_646e_cover@2x-2-pokojowe-mieszkanie-lublin-ul-nowy-swiat.webp
Lublin Kośminek,ul. Generała Witolda Urbanowicza,3,65,699000,10754,bez pośredników,,6,https://adresowo.pl/o/mieszkanie-lublin-kosminek-ul-generala-witolda-urbanowicza-3-pokojowe-h5g4j8,https://s2.adresowa.pl/oi/47/4d/3c751e_58ef_cover@2x-3-pokojowe-mieszkanie-lublin-kosminek-ul-generala-witolda-urbanowicza.webp
Lublin Węglinek,ul. Jantarowa,3,59,760000,12881,bez pośredników,,1,https://adresowo.pl/o/mieszkanie-lublin-weglinek-ul-jantarowa-3-pokojowe-b4m1x3,https://s2.adresowa.pl/oi/10/4a/3ca63e_80e1_cover@2x-3-pokojowe-mieszkanie-lublin-weglinek-ul-jantarowa.webp
Lublin Czechów,ul. Niccolo Paganiniego,4,72,650000,9028,bez pośredników,,6,https://adresowo.pl/o/mieszkanie-lublin-czechow-ul-niccolo-paganiniego-4-pokojowe-v6d8p9,https://s2.adresowa.pl/oi/15/7b/3ca396_3039_cover@2x-4-pokojowe-mieszkanie-lublin-czechow-ul-niccolo-paganiniego.webp
Lublin,ul. Dożynkowa 13A,2,46,550000,11957,Pośrednik,,16,https://adresowo.pl/o/mieszkanie-lublin-ul-dozynkowa-2-pokojowe-z2p0e0,https://s2.adresowa.pl/oi/65/12/3a6fd0_2c70_cover@2x-2-pokojowe-mieszkanie-lublin-ul-dozynkowa.webp
Lublin,ul. Zielone Wzgórze,2,49,599777,12240,Pośrednik,,16,https://adresowo.pl/o/mieszkanie-lublin-ul-zielone-wzgorze-2-pokojowe-g7d1s6,https://s2.adresowa.pl/oi/4a/44/3a399a_e07d_cover@2x-2-pokojowe-mieszkanie-lublin-ul-zielone-wzgorze.webp
Lublin LSM,ul. Zygmunta Krasińskiego,3,48,450000,9375,bez pośredników,,12,https://adresowo.pl/o/mieszkanie-lublin-lsm-ul-zygmunta-krasinskiego-3-pokojowe-v7y5k2,https://s2.adresowa.pl/oi/4c/7e/3ca32e_da1c_cover@2x-3-pokojowe-mieszkanie-lublin-lsm-ul-zygmunta-krasinskiego.webp
Lublin Kalinowszczyzna,ul. Lwowska,2,35,385000,11000,bez pośredników,,6,https://adresowo.pl/o/mieszkanie-lublin-kalinowszczyzna-ul-lwowska-2-pokojowe-t5d4y8,https://s2.adresowa.pl/oi/1b/18/3b142e_3cc8_cover@2x-2-pokojowe-mieszkanie-lublin-kalinowszczyzna-ul-lwowska.webp
Lublin,Czuby,2,49,520000,10612,bez pośredników,,8,https://adresowo.pl/o/mieszkanie-lublin-czuby-2-pokojowe-49-m2-v1w1a1,https://s2.adresowa.pl/oi/17/1c/3ca0d0_52c1_cover@2x-2-pokojowe-mieszkanie-lublin-czuby.webp
Lublin,ul. Wyścigowa,2,36,440640,12240,Pośrednik,,5,https://adresowo.pl/o/mieszkanie-lublin-ul-wyscigowa-2-pokojowe-w1c4j3,https://s2.adresowa.pl/oi/24/30/3a07f6_e7a4_cover@2x-2-pokojowe-mieszkanie-lublin-ul-wyscigowa.webp
Lublin Sławinek,ul. Żołnierska,2,55,499000,9073,Pośrednik,,8,https://adresowo.pl/o/mieszkanie-lublin-slawinek-ul-zolnierska-2-pokojowe-u3p1g5,https://s2.adresowa.pl/oi/4b/1a/39fd3c_5c2b_cover@2x-2-pokojowe-mieszkanie-lublin-slawinek-ul-zolnierska.webp
Lublin,LSM,3,60,557000,9283,bez pośredników,,8,https://adresowo.pl/o/mieszkanie-lublin-lsm-3-pokojowe-60-m2-f3o3c3,https://s2.adresowa.pl/oi/7e/35/3c9ddc_6911_cover@2x-3-pokojowe-mieszkanie-lublin-lsm.webp
Lublin Bronowice,ul. Wrońska,3,58,680000,11724,bez pośredników,,20,https://adresowo.pl/o/mieszkanie-lublin-bronowice-ul-wronska-3-pokojowe-r6e0y7,https://s2.adresowa.pl/oi/63/51/3c9cee_6b7f_cover@2x-3-pokojowe-mieszkanie-lublin-bronowice-ul-wronska.webp
Lublin Czuby,ul. Perłowa,3,59,585000,9915,bez pośredników,,17,https://adresowo.pl/o/mieszkanie-lublin-czuby-ul-perlowa-3-pokojowe-k1p6j1,https://s2.adresowa.pl/oi/36/17/3c990c_42c9_cover@2x-3-pokojowe-mieszkanie-lublin-czuby-ul-perlowa.webp
Lublin Węglin,ul. Jemiołuszki,2,31,449588,14503,Pośrednik,,20,https://adresowo.pl/o/mieszkanie-lublin-weglin-ul-jemioluszki-2-pokojowe-z1s6j5,https://s2.adresowa.pl/oi/7c/5c/39ebf0_4da1_cover@2x-2-pokojowe-mieszkanie-lublin-weglin-ul-jemioluszki.webp
Lublin,ul. Solna,3,53,619000,11679,Pośrednik,,6,https://adresowo.pl/o/mieszkanie-lublin-ul-solna-3-pokojowe-n4w0q0,https://s2.adresowa.pl/oi/70/5a/39eaee_5782_cover@2x-3-pokojowe-mieszkanie-lublin-ul-solna.webp
Lublin Tatary,ul. Montażowa,1,21,249000,11857,bez pośredników,,5,https://adresowo.pl/o/mieszkanie-lublin-tatary-ul-montazowa-1-pokoj-x6x5w4,https://s2.adresowa.pl/oi/6e/57/3c979a_e2d9_cover@2x-1-pokojowe-mieszkanie-lublin-tatary-ul-montazowa.webp
Lublin Czuby,ul. Rycerska,3,59,585000,9915,bez pośredników,,13,https://adresowo.pl/o/mieszkanie-lublin-czuby-ul-rycerska-3-pokojowe-q0c6a0,https://s2.adresowa.pl/oi/45/79/3c9424_8644_cover@2x-3-pokojowe-mieszkanie-lublin-czuby-ul-rycerska.webp
Lublin Ponikwoda,ul. Dożynkowa,3,70,770000,11000,bez pośredników,,17,https://adresowo.pl/o/mieszkanie-lublin-ponikwoda-ul-dozynkowa-3-pokojowe-t9o2d6,https://s2.adresowa.pl/oi/7f/3a/3c93ee_b838_cover@2x-3-pokojowe-mieszkanie-lublin-ponikwoda-ul-dozynkowa.webp
Lublin Rury,ul. Skrzetuskiego,2,34,409000,12029,Pośrednik,,11,https://adresowo.pl/o/mieszkanie-lublin-rury-ul-skrzetuskiego-2-pokojowe-n9p9q1,https://s2.adresowa.pl/oi/6f/41/39eada_da06_cover@2x-2-pokojowe-mieszkanie-lublin-rury-ul-skrzetuskiego.webp
Lublin LSM,ul. Juranda,4,61,549000,9000,Pośrednik,,9,https://adresowo.pl/o/mieszkanie-lublin-lsm-ul-juranda-4-pokojowe-u2u3q4,https://s2.adresowa.pl/oi/52/64/39eabe_7eb6_cover@2x-4-pokojowe-mieszkanie-lublin-lsm-ul-juranda.webp
Lublin Sławinek,ul. Sielankowa,4,104,900000,8654,bez pośredników,,8,https://adresowo.pl/o/mieszkanie-lublin-slawinek-ul-sielankowa-4-pokojowe-n1q2h5,https://s2.adresowa.pl/oi/6e/4a/3c8a3a_8cfe_cover@2x-4-pokojowe-mieszkanie-lublin-slawinek-ul-sielankowa.webp
Lublin Śródmieście,ul. Wieniawska,1,25,480000,19200,bez pośredników,,12,https://adresowo.pl/o/mieszkanie-lublin-srodmiescie-ul-wieniawska-1-pokoj-k0m2v9,https://s2.adresowa.pl/oi/50/1b/3c894a_c7df_cover@2x-1-pokojowe-mieszkanie-lublin-srodmiescie-ul-wieniawska.webp
Lublin Wieniawa,ul. Przy Stawie,2,39,489000,12538,bez pośredników,,5,https://adresowo.pl/o/mieszkanie-lublin-wieniawa-ul-przy-stawie-2-pokojowe-t0f0s3,https://s2.adresowa.pl/oi/34/7d/3c84b4_96f3_cover@2x-2-pokojowe-mieszkanie-lublin-wieniawa-ul-przy-stawie.webp
Lublin LSM,ul. Emancypantek,3,48,520000,10833,Pośrednik,,17,https://adresowo.pl/o/mieszkanie-lublin-lsm-ul-emancypantek-3-pokojowe-p1p8z1,https://s2.adresowa.pl/oi/23/6a/39d4c4_be09_cover@2x-3-pokojowe-mieszkanie-lublin-lsm-ul-emancypantek.webp
Lublin Dziesiąta,ul. Władysława Kunickiego,2,31,377000,12161,Pośrednik,,15,https://adresowo.pl/o/mieszkanie-lublin-dziesiata-ul-wladyslawa-kunickiego-2-pokojowe-y6f1v5,https://s2.adresowa.pl/oi/78/71/3974f8_f82a_cover@2x-2-pokojowe-mieszkanie-lublin-dziesiata-ul-wladyslawa-kunickiego.webp
Lublin Śródmieście,ul. Witolda Chodźki,2,46,583250,12679,bez pośredników,,6,https://adresowo.pl/o/mieszkanie-lublin-srodmiescie-ul-witolda-chodzki-2-pokojowe-f1c1w3,https://s2.adresowa.pl/oi/1f/15/3c8186_5ab7_cover@2x-2-pokojowe-mieszkanie-lublin-srodmiescie-ul-witolda-chodzki.webp
Lublin,ul. Lwowska,2,35,389000,11114,bez pośredników,,6,https://adresowo.pl/o/mieszkanie-lublin-ul-lwowska-2-pokojowe-o5i4d2,https://s2.adresowa.pl/oi/28/33/3c7dc2_3cc8_cover@2x-2-pokojowe-mieszkanie-lublin-ul-lwowska.webp
Lublin,,3,56,532000,9500,bez pośredników,,8,https://adresowo.pl/o/mieszkanie-lublin-3-pokojowe-56-m2-b9z2x3,https://s2.adresowa.pl/oi/24/4e/3c7cf2_fb10_cover@2x-3-pokojowe-mieszkanie-lublin.webp
Lublin Czechów Górny,ul. Edwarda Wojtasa,3,52,549432,10566,Pośrednik,,4,https://adresowo.pl/o/mieszkanie-lublin-czechow-gorny-ul-edwarda-wojtasa-3-pokojowe-b0y6x4,https://s2.adresowa.pl/oi/5a/42/390e84_915f_cover@2x-3-pokojowe-mieszkanie-lublin-czechow-gorny-ul-edwarda-wojtasa.webp
Lublin Czechów,ul. Edwarda Wojtasa,3,49,529864,10814,Pośrednik,,4,https://adresowo.pl/o/mieszkanie-lublin-czechow-ul-edwarda-wojtasa-3-pokojowe-t0l9f1,https://s2.adresowa.pl/oi/5d/2f/390e80_9122_cover@2x-3-pokojowe-mieszkanie-lublin-czechow-ul-edwarda-wojtasa.webp
Lublin Czechów,ul. Szwajcarska,5,84,929999,11071,bez pośredników,,20,https://adresowo.pl/o/mieszkanie-lublin-czechow-ul-szwajcarska-5-pokojowe-y6t1b6,https://s2.adresowa.pl/oi/4a/67/395d50_9462_cover@2x-5-pokojowe-mieszkanie-lublin-czechow-ul-szwajcarska.webp
Lublin Czuby,ul. Biedronki,3,60,582144,9702,bez pośredników,,18,https://adresowo.pl/o/mieszkanie-lublin-czuby-ul-biedronki-3-pokojowe-a3c8p2,https://s2.adresowa.pl/oi/2e/7f/3c7c8a_ab3f_cover@2x-3-pokojowe-mieszkanie-lublin-czuby-ul-biedronki.webp
Lublin Czuby,ul. Szafirowa,2,63,690000,10952,bez pośredników,,8,https://adresowo.pl/o/mieszkanie-lublin-czuby-ul-szafirowa-2-pokojowe-q0l9z7,https://s2.adresowa.pl/oi/64/57/3c77ac_fd13_cover@2x-2-pokojowe-mieszkanie-lublin-czuby-ul-szafirowa.webp
Lublin Wrotków,ul. Jacka Woronieckiego,4,92,899000,9772,bez pośredników,,19,https://adresowo.pl/o/mieszkanie-lublin-wrotkow-ul-jacka-woronieckiego-4-pokojowe-a4o6e4,https://s2.adresowa.pl/oi/73/69/3c759e_32b5_cover@2x-4-pokojowe-mieszkanie-lublin-wrotkow-ul-jacka-woronieckiego.webp
Lublin Konstantynów,ul. Nałęczowska,3,67,666468,9947,Pośrednik,,4,https://adresowo.pl/o/mieszkanie-lublin-konstantynow-ul-naleczowska-3-pokojowe-n4y2f8,https://s2.adresowa.pl/oi/1b/69/39093c_c1ba_cover@2x-3-pokojowe-mieszkanie-lublin-konstantynow-ul-naleczowska.webp
Lublin Ponikwoda,ul. Bluszczowa,3,48,425000,8854,Pośrednik,,4,https://adresowo.pl/o/mieszkanie-lublin-ponikwoda-ul-bluszczowa-3-pokojowe-n6d6d8,https://s2.adresowa.pl/oi/56/48/38ea5a_d40f_cover@2x-3-pokojowe-mieszkanie-lublin-ponikwoda-ul-bluszczowa.webp
Lublin Czuby,ul. Watykańska,2,50,525000,10500,bez pośredników,,10,https://adresowo.pl/o/mieszkanie-lublin-czuby-ul-watykanska-2-pokojowe-r8i8s2,https://s2.adresowa.pl/oi/56/38/3c72ee_d71b_cover@2x-2-pokojowe-mieszkanie-lublin-czuby-ul-watykanska.webp
Lublin Kalinowszczyzna,ul. Krzemieniecka,4,59,472000,8000,bez pośredników,,11,https://adresowo.pl/o/mieszkanie-lublin-kalinowszczyzna-ul-krzemieniecka-4-pokojowe-h2w6g4,https://s2.adresowa.pl/oi/28/3f/3c6cc6_72f0_cover@2x-4-pokojowe-mieszkanie-lublin-kalinowszczyzna-ul-krzemieniecka.webp
Lublin LSM,ul. Pozytywistów,4,62,615000,9919,bez pośredników,,3,https://adresowo.pl/o/mieszkanie-lublin-lsm-ul-pozytywistow-4-pokojowe-b9f3p7,https://s2.adresowa.pl/oi/36/7c/3c6a30_3026_cover@2x-4-pokojowe-mieszkanie-lublin-lsm-ul-pozytywistow.webp
Lublin Wieniawa,ul. Weteranów,1,35,375000,10714,Pośrednik,,11,https://adresowo.pl/o/mieszkanie-lublin-wieniawa-ul-weteranow-1-pokoj-q0k6b9,https://s2.adresowa.pl/oi/7a/36/38e446_5410_cover@2x-1-pokojowe-mieszkanie-lublin-wieniawa-ul-weteranow.webp
Lublin Czuby,ul. Gościnna 11,4,61,635000,10410,Pośrednik,,23,https://adresowo.pl/o/mieszkanie-lublin-czuby-ul-goscinna-4-pokojowe-w5h4s4,https://s2.adresowa.pl/oi/1d/13/38d6fc_cf13_cover@2x-4-pokojowe-mieszkanie-lublin-czuby-ul-goscinna.webp
Lublin Czuby,ul. Wyżynna,3,65,620000,9538,bez pośredników,,8,https://adresowo.pl/o/mieszkanie-lublin-czuby-ul-wyzynna-3-pokojowe-n0u0q8,https://s2.adresowa.pl/oi/51/43/3c6844_5872_cover@2x-3-pokojowe-mieszkanie-lublin-czuby-ul-wyzynna.webp
Lublin,ul. Startowa,2,45,450000,10000,bez pośredników,,8,https://adresowo.pl/o/mieszkanie-lublin-ul-startowa-2-pokojowe-k9a9b8,https://s2.adresowa.pl/oi/5a/45/3c64ba_5a9e_cover@2x-2-pokojowe-mieszkanie-lublin-ul-startowa.webp
Lublin,ul. Odlewnicza,2,35,365000,10429,bez pośredników,,8,https://adresowo.pl/o/mieszkanie-lublin-ul-odlewnicza-2-pokojowe-n0u3x6,https://s2.adresowa.pl/oi/34/71/3c635c_99db_cover@2x-2-pokojowe-mieszkanie-lublin-ul-odlewnicza.webp
Lublin Wrotków,ul. Ks. Wincentego Granata,2,35,403560,11530,Pośrednik,,4,https://adresowo.pl/o/mieszkanie-lublin-wrotkow-ul-ks-wincentego-granata-2-pokojowe-l7d6n5,https://s2.adresowa.pl/oi/2d/3e/38d6d0_3015_cover@2x-2-pokojowe-mieszkanie-lublin-wrotkow-ul-ks-wincentego-granata.webp
Lublin LSM,ul. Pozytywistów,3,48,399000,8312,Pośrednik,,15,https://adresowo.pl/o/mieszkanie-lublin-lsm-ul-pozytywistow-3-pokojowe-m7i4d3,https://s2.adresowa.pl/oi/7a/7b/38c380_b25c_cover@2x-3-pokojowe-mieszkanie-lublin-lsm-ul-pozytywistow.webp
Lublin Konstantynów,ul. Wojciechowska,1,30,403000,13433,bez pośredników,,6,https://adresowo.pl/o/mieszkanie-lublin-konstantynow-ul-wojciechowska-1-pokoj-a4u4z0,https://s2.adresowa.pl/oi/5d/2c/3c6354_98a9_cover@2x-1-pokojowe-mieszkanie-lublin-konstantynow-ul-wojciechowska.webp
Lublin,ul. Lesława Pagi,2,43,650000,15116,bez pośredników,,7,https://adresowo.pl/o/mieszkanie-lublin-ul-leslawa-pagi-2-pokojowe-r8b6l2,https://s2.adresowa.pl/oi/5e/6a/3c6350_5196_cover@2x-2-pokojowe-mieszkanie-lublin-ul-leslawa-pagi.webp
Lublin Węglin,ul. Kryształowa,3,60,619000,10317,bez pośredników,,1,https://adresowo.pl/o/mieszkanie-lublin-weglin-ul-krysztalowa-3-pokojowe-g0w8v9,https://s2.adresowa.pl/oi/43/5e/3c61d8_98df_cover@2x-3-pokojowe-mieszkanie-lublin-weglin-ul-krysztalowa.webp
Lublin,ul. Spadochroniarzy,2,46,499000,10848,Pośrednik,,17,https://adresowo.pl/o/mieszkanie-lublin-ul-spadochroniarzy-2-pokojowe-j3j7i1,https://s2.adresowa.pl/oi/74/60/38a112_e483_cover@2x-2-pokojowe-mieszkanie-lublin-ul-spadochroniarzy.webp
Lublin Ponikwoda,ul. Bluszczowa,2,31,310930,10030,Pośrednik,,8,https://adresowo.pl/o/mieszkanie-lublin-ponikwoda-ul-bluszczowa-2-pokojowe-a8y9k8,https://s2.adresowa.pl/oi/13/50/389084_622d_cover@2x-2-pokojowe-mieszkanie-lublin-ponikwoda-ul-bluszczowa.webp
Lublin,ul. Koncertowa,2,35,598740,17107,bez pośredników,,8,https://adresowo.pl/o/mieszkanie-lublin-ul-koncertowa-2-pokojowe-s5e2v7,https://s2.adresowa.pl/oi/50/5c/3c5ed8_fc56_cover@2x-2-pokojowe-mieszkanie-lublin-ul-koncertowa.webp
Lublin Sławinek,ul. Baśniowa,3,72,820000,11389,bez pośredników,,14,https://adresowo.pl/o/mieszkanie-lublin-slawinek-ul-basniowa-3-pokojowe-r4z9r7,https://s2.adresowa.pl/oi/66/78/3c5d26_ee6e_cover@2x-3-pokojowe-mieszkanie-lublin-slawinek-ul-basniowa.webp
Lublin Węglinek,ul. Kryształowa,4,76,955500,12572,bez pośredników,,11,https://adresowo.pl/o/mieszkanie-lublin-weglinek-ul-krysztalowa-4-pokojowe-z8l5f8,https://s2.adresowa.pl/oi/77/4a/3c57a8_9855_cover@2x-4-pokojowe-mieszkanie-lublin-weglinek-ul-krysztalowa.webp
Lublin,ul. Wrotkowska,2,53,399000,7528,Pośrednik,,12,https://adresowo.pl/o/mieszkanie-lublin-ul-wrotkowska-2-pokojowe-m9l9c1,https://s2.adresowa.pl/oi/11/65/38865c_6489_cover@2x-2-pokojowe-mieszkanie-lublin-ul-wrotkowska.webp
Lublin,ul. Bursztynowa,3,78,690000,8846,Pośrednik,,42,https://adresowo.pl/o/mieszkanie-lublin-ul-bursztynowa-3-pokojowe-r6p6i3,https://s2.adresowa.pl/oi/22/47/387c3a_e885_cover@2x-3-pokojowe-mieszkanie-lublin-ul-bursztynowa.webp
Lublin Sławin,ul. Chabrowa,3,65,915000,14077,bez pośredników,,37,https://adresowo.pl/o/mieszkanie-lublin-slawin-ul-chabrowa-3-pokojowe-p7y4a6,https://s2.adresowa.pl/oi/57/24/3c4bda_f027_cover@2x-3-pokojowe-mieszkanie-lublin-slawin-ul-chabrowa.webp
Lublin,ul. Wojciechowska,2,33,445500,13500,bez pośredników,,8,https://adresowo.pl/o/mieszkanie-lublin-ul-wojciechowska-2-pokojowe-g8h4a1,https://s2.adresowa.pl/oi/59/16/3c4aee_75b5_cover@2x-2-pokojowe-mieszkanie-lublin-ul-wojciechowska.webp
Lublin Czuby,ul. Sympatyczna,1,28,399000,14250,bez pośredników,,17,https://adresowo.pl/o/mieszkanie-lublin-czuby-ul-sympatyczna-1-pokoj-f6z0o5,https://s2.adresowa.pl/oi/5c/7b/3c4972_38fc_cover@2x-1-pokojowe-mieszkanie-lublin-czuby-ul-sympatyczna.webp
Lublin Wrotków,ul. bp. Mariana Fulmana,2,46,499000,10848,Pośrednik,,14,https://adresowo.pl/o/mieszkanie-lublin-wrotkow-ul-bp-mariana-fulmana-2-pokojowe-d0p3d0,https://s2.adresowa.pl/oi/21/24/385df0_c482_cover@2x-2-pokojowe-mieszkanie-lublin-wrotkow-ul-bp-mariana-fulmana.webp
Lublin,ul. Wędrowna,2,38,479000,12605,Pośrednik,,4,https://adresowo.pl/o/mieszkanie-lublin-ul-wedrowna-2-pokojowe-k8x3i3,https://s2.adresowa.pl/oi/34/6f/38578e_90cd_cover@2x-2-pokojowe-mieszkanie-lublin-ul-wedrowna.webp
Lublin,Wrotków,2,40,545000,13625,bez pośredników,,20,https://adresowo.pl/o/mieszkanie-lublin-wrotkow-2-pokojowe-40-m2-l5y0b6,https://s2.adresowa.pl/oi/55/74/3c4948_c498_cover@2x-2-pokojowe-mieszkanie-lublin-wrotkow.webp
Lublin Dziesiąta,ul. Zbigniewa Herberta,3,47,499000,10617,bez pośredników,,16,https://adresowo.pl/o/mieszkanie-lublin-dziesiata-ul-zbigniewa-herberta-3-pokojowe-f7m2r7,https://s2.adresowa.pl/oi/4b/64/3c4402_8fd5_cover@2x-3-pokojowe-mieszkanie-lublin-dziesiata-ul-zbigniewa-herberta.webp
Lublin Śródmieście,al. Józefa Piłsudskiego,3,87,650000,7471,bez pośredników,,6,https://adresowo.pl/o/mieszkanie-lublin-srodmiescie-al-jozefa-pilsudskiego-3-pokojowe-o3o5f4,https://s2.adresowa.pl/oi/73/7b/3c4202_9334_cover@2x-3-pokojowe-mieszkanie-lublin-srodmiescie-al-jozefa-pilsudskiego.webp
Lublin Czechów,ul. Radzyńska,4,66,542840,8225,Pośrednik,,19,https://adresowo.pl/o/mieszkanie-lublin-czechow-ul-radzynska-4-pokojowe-q6g1e5,https://s2.adresowa.pl/oi/1e/1a/384d6c_e5cd_cover@2x-4-pokojowe-mieszkanie-lublin-czechow-ul-radzynska.webp
Lublin Stare Miasto,ul. Furmańska,1,17,285000,16765,Pośrednik,,4,https://adresowo.pl/o/mieszkanie-lublin-stare-miasto-ul-furmanska-1-pokoj-m2e6h2,https://s2.adresowa.pl/oi/2f/30/383f64_863a_cover@2x-1-pokojowe-mieszkanie-lublin-stare-miasto-ul-furmanska.webp
Lublin,Tatary,2,37,355000,9595,bez pośredników,,12,https://adresowo.pl/o/mieszkanie-lublin-tatary-2-pokojowe-37-m2-y2k8b5,https://s2.adresowa.pl/oi/75/7a/3c3dc0_da2f_cover@2x-2-pokojowe-mieszkanie-lublin-tatary.webp
Lublin,Sławinek,3,65,749000,11523,bez pośredników,,8,https://adresowo.pl/o/mieszkanie-lublin-slawinek-3-pokojowe-65-m2-b2s1o2,https://s2.adresowa.pl/oi/34/5e/3c3dac_3d48_cover@2x-3-pokojowe-mieszkanie-lublin-slawinek.webp
Lublin Wieniawa,ul. Józefa Sowińskiego,3,88,871200,9900,bez pośredników,,11,https://adresowo.pl/o/mieszkanie-lublin-wieniawa-ul-jozefa-sowinskiego-3-pokojowe-w8f7s9,https://s2.adresowa.pl/oi/6a/5d/3c28be_9671_cover@2x-3-pokojowe-mieszkanie-lublin-wieniawa-ul-jozefa-sowinskiego.webp
Lublin,ul. Władysława Kunickiego,2,35,415000,11857,Pośrednik,,13,https://adresowo.pl/o/mieszkanie-lublin-ul-wladyslawa-kunickiego-2-pokojowe-s8z0d9,https://s2.adresowa.pl/oi/2a/66/37cfbc_e190_cover@2x-2-pokojowe-mieszkanie-lublin-ul-wladyslawa-kunickiego.webp
Lublin,ul. Władysława Kunickiego,3,49,598000,12204,Pośrednik,,14,https://adresowo.pl/o/mieszkanie-lublin-ul-wladyslawa-kunickiego-3-pokojowe-k9g0o1,https://s2.adresowa.pl/oi/54/10/37cfb2_78b6_cover@2x-3-pokojowe-mieszkanie-lublin-ul-wladyslawa-kunickiego.webp
Lublin LSM,ul. Ignacego Rzeckiego,2,33,490000,14848,bez pośredników,,18,https://adresowo.pl/o/mieszkanie-lublin-lsm-ul-ignacego-rzeckiego-2-pokojowe-o2i0h8,https://s2.adresowa.pl/oi/52/5c/3c1c12_cb3a_cover@2x-2-pokojowe-mieszkanie-lublin-lsm-ul-ignacego-rzeckiego.webp
Lublin Ponikwoda,ul. Laurowa,2,48,560000,11667,bez pośredników,,7,https://adresowo.pl/o/mieszkanie-lublin-ponikwoda-ul-laurowa-2-pokojowe-h2y2z6,https://s2.adresowa.pl/oi/2d/53/3c16e8_d224_cover@2x-2-pokojowe-mieszkanie-lublin-ponikwoda-ul-laurowa.webp
Lublin,al. gen. Władysława Sikorskiego,4,110,835000,7591,bez pośredników,,7,https://adresowo.pl/o/mieszkanie-lublin-al-gen-wladyslawa-sikorskiego-4-pokojowe-f0x9n3,https://s2.adresowa.pl/oi/43/41/3c109e_7c67_cover@2x-4-pokojowe-mieszkanie-lublin-al-gen-wladyslawa-sikorskiego.webp
Lublin Śródmieście,ul. Stanisława Staszica,2,53,615000,11604,Pośrednik,,9,https://adresowo.pl/o/mieszkanie-lublin-srodmiescie-ul-stanislawa-staszica-2-pokojowe-v6n7y1,https://s2.adresowa.pl/oi/5b/3b/37ce6c_a59d_cover@2x-2-pokojowe-mieszkanie-lublin-srodmiescie-ul-stanislawa-staszica.webp
Lublin Rury Bonifraterskie,ul. Kredowa,6,142,899955,6338,Pośrednik,,18,https://adresowo.pl/o/mieszkanie-lublin-rury-bonifraterskie-ul-kredowa-6-pokojowe-p9t4z1,https://s2.adresowa.pl/oi/26/62/37c5ac_2da4_cover@2x-6-pokojowe-mieszkanie-lublin-rury-bonifraterskie-ul-kredowa.webp
Lublin LSM,ul. Bolesława Śmiałego,4,83,913000,11000,bez pośredników,,8,https://adresowo.pl/o/mieszkanie-lublin-lsm-ul-boleslawa-smialego-4-pokojowe-h4q6d1,https://s2.adresowa.pl/oi/4b/1e/3c0e52_a2dc_cover@2x-4-pokojowe-mieszkanie-lublin-lsm-ul-boleslawa-smialego.webp
Lublin Czuby,ul. Różana,5,113,799000,7071,bez pośredników,,7,https://adresowo.pl/o/mieszkanie-lublin-czuby-ul-rozana-5-pokojowe-s4l7p0,https://s2.adresowa.pl/oi/6f/5c/3c0dc6_a08a_cover@2x-5-pokojowe-mieszkanie-lublin-czuby-ul-rozana.webp
Lublin Wrotków,ul. Jacka Woronieckiego,5,85,960000,11294,bez pośredników,,18,https://adresowo.pl/o/mieszkanie-lublin-wrotkow-ul-jacka-woronieckiego-5-pokojowe-o9q6x1,https://s2.adresowa.pl/oi/36/5d/3c0d18_3be1_cover@2x-5-pokojowe-mieszkanie-lublin-wrotkow-ul-jacka-woronieckiego.webp
Lublin Dziesiąta,ul. Piaskowa,2,40,349000,8725,Pośrednik,,12,https://adresowo.pl/o/mieszkanie-lublin-dziesiata-ul-piaskowa-2-pokojowe-n0r8i1,https://s2.adresowa.pl/oi/7d/56/37b428_6717_cover@2x-2-pokojowe-mieszkanie-lublin-dziesiata-ul-piaskowa.webp
Lublin Czechów Południowy,ul. Karola Lipińskiego,4,62,466500,7524,Pośrednik,,8,https://adresowo.pl/o/mieszkanie-lublin-czechow-poludniowy-ul-karola-lipinskiego-4-pokojowe-l4a0q2,https://s2.adresowa.pl/oi/46/32/37482a_cac3_cover@2x-4-pokojowe-mieszkanie-lublin-czechow-poludniowy-ul-karola-lipinskiego.webp
Lublin Wrotków,ul. Bernarda Wapowskiego,3,60,664000,11067,bez pośredników,,8,https://adresowo.pl/o/mieszkanie-lublin-wrotkow-ul-bernarda-wapowskiego-3-pokojowe-r5w8u1,https://s2.adresowa.pl/oi/14/31/3bf838_96ee_cover@2x-3-pokojowe-mieszkanie-lublin-wrotkow-ul-bernarda-wapowskiego.webp
Lublin Bronowice,ul. Majdan Tatarski,2,48,478000,9958,bez pośredników,,11,https://adresowo.pl/o/mieszkanie-lublin-bronowice-ul-majdan-tatarski-2-pokojowe-a1n0v3,https://s2.adresowa.pl/oi/14/20/3bf478_32fa_cover@2x-2-pokojowe-mieszkanie-lublin-bronowice-ul-majdan-tatarski.webp
Lublin,ul. Składowa,2,43,249000,5791,bez pośredników,,8,https://adresowo.pl/o/mieszkanie-lublin-ul-skladowa-2-pokojowe-c0i2a2,https://s2.adresowa.pl/oi/35/44/3bf182_47d3_cover@2x-2-pokojowe-mieszkanie-lublin-ul-skladowa.webp
Lublin Wrotków,ul. Henryka Wolińskiego,2,40,400399,10010,Pośrednik,,3,https://adresowo.pl/o/mieszkanie-lublin-wrotkow-ul-henryka-wolinskiego-2-pokojowe-b0k9z7,https://s2.adresowa.pl/oi/65/1e/36a0d2_e4b2_cover@2x-2-pokojowe-mieszkanie-lublin-wrotkow-ul-henryka-wolinskiego.webp
Lublin Ponikwoda,ul. Czesława Strzeszewskiego,3,74,769000,10392,Pośrednik,,20,https://adresowo.pl/o/mieszkanie-lublin-ponikwoda-ul-czeslawa-strzeszewskiego-3-pokojowe-j7x5x3,https://s2.adresowa.pl/oi/73/2a/36128c_7a75_cover@2x-3-pokojowe-mieszkanie-lublin-ponikwoda-ul-czeslawa-strzeszewskiego.webp
Lublin Czechów Południowy,ul. Lawinowa,4,83,699000,8422,bez pośredników,,12,https://adresowo.pl/o/mieszkanie-lublin-czechow-poludniowy-ul-lawinowa-4-pokojowe-e9f3k9,https://s2.adresowa.pl/oi/22/7b/3bef1c_f1d1_cover@2x-4-pokojowe-mieszkanie-lublin-czechow-poludniowy-ul-lawinowa.webp
Lublin LSM,ul. Konrada Wallenroda,3,45,549000,12200,bez pośredników,,15,https://adresowo.pl/o/mieszkanie-lublin-lsm-ul-konrada-wallenroda-3-pokojowe-z1s5b0,https://s2.adresowa.pl/oi/3d/2d/3bec36_cabf_cover@2x-3-pokojowe-mieszkanie-lublin-lsm-ul-konrada-wallenroda.webp
Lublin Bazylianówka,ul. Cyprysowa,3,76,770000,10132,bez pośredników,,12,https://adresowo.pl/o/mieszkanie-lublin-bazylianowka-ul-cyprysowa-3-pokojowe-n8i1a0,https://s2.adresowa.pl/oi/45/77/3beaf6_b64c_cover@2x-3-pokojowe-mieszkanie-lublin-bazylianowka-ul-cyprysowa.webp
Lublin LSM,ul. Balladyny,2,36,375000,10417,Pośrednik,,17,https://adresowo.pl/o/mieszkanie-lublin-lsm-ul-balladyny-2-pokojowe-w3h7t0,https://s2.adresowa.pl/oi/63/63/35d564_d9af_cover@2x-2-pokojowe-mieszkanie-lublin-lsm-ul-balladyny.webp
Lublin Ponikwoda,ul. Rumiankowa,3,57,641872,11261,Pośrednik,,7,https://adresowo.pl/o/mieszkanie-lublin-ponikwoda-ul-rumiankowa-3-pokojowe-d6f3a1,https://s2.adresowa.pl/oi/24/4a/35be3e_dce4_cover@2x-3-pokojowe-mieszkanie-lublin-ponikwoda-ul-rumiankowa.webp
Lublin Dziesiąta,ul. Piaskowa,2,35,180000,5143,bez pośredników,,8,https://adresowo.pl/o/mieszkanie-lublin-dziesiata-ul-piaskowa-2-pokojowe-d5h7q4,https://s2.adresowa.pl/oi/28/76/3be8ae_84c7_cover@2x-2-pokojowe-mieszkanie-lublin-dziesiata-ul-piaskowa.webp
Lublin Wieniawa,ul. Mieczysławy Ćwiklińskiej,3,63,515000,8175,bez pośredników,,5,https://adresowo.pl/o/mieszkanie-lublin-wieniawa-ul-mieczyslawy-cwiklinskiej-3-pokojowe-w4n0h3,https://s2.adresowa.pl/oi/47/15/3b746e_50e6_cover@2x-3-pokojowe-mieszkanie-lublin-wieniawa-ul-mieczyslawy-cwiklinskiej.webp
Lublin Czuby,ul. Romantyczna,3,73,640000,8767,bez pośredników,,18,https://adresowo.pl/o/mieszkanie-lublin-czuby-ul-romantyczna-3-pokojowe-u4d5e6,https://s2.adresowa.pl/oi/3a/11/3be5aa_bbe3_cover@2x-3-pokojowe-mieszkanie-lublin-czuby-ul-romantyczna.webp
Lublin Ponikwoda,ul. Rumiankowa,4,75,738234,9843,Pośrednik,,7,https://adresowo.pl/o/mieszkanie-lublin-ponikwoda-ul-rumiankowa-4-pokojowe-h2h0d9,https://s2.adresowa.pl/oi/4b/19/35be36_b63e_cover@2x-4-pokojowe-mieszkanie-lublin-ponikwoda-ul-rumiankowa.webp
Lublin Felin,ul. Generała Witolda Urbanowicza,2,41,382580,9331,Pośrednik,,4,https://adresowo.pl/o/mieszkanie-lublin-felin-ul-generala-witolda-urbanowicza-2-pokojowe-g9z1r2,https://s2.adresowa.pl/oi/37/7c/359e4c_8850_cover@2x-2-pokojowe-mieszkanie-lublin-felin-ul-generala-witolda-urbanowicza.webp
Lublin Wieniawa,ul. Spadochroniarzy,3,64,832000,13000,bez pośredników,,9,https://adresowo.pl/o/mieszkanie-lublin-wieniawa-ul-spadochroniarzy-3-pokojowe-z3k3v6,https://s2.adresowa.pl/oi/5d/12/3be498_7361_cover@2x-3-pokojowe-mieszkanie-lublin-wieniawa-ul-spadochroniarzy.webp
Lublin,ul. Krańcowa,3,47,545000,11596,bez pośredników,,7,https://adresowo.pl/o/mieszkanie-lublin-ul-krancowa-3-pokojowe-d5c0x4,https://s2.adresowa.pl/oi/79/5f/3be180_ec15_cover@2x-3-pokojowe-mieszkanie-lublin-ul-krancowa.webp
Lublin Czechów,ul. Organowa,4,80,1100000,13750,bez pośredników,,16,https://adresowo.pl/o/mieszkanie-lublin-czechow-ul-organowa-4-pokojowe-q3c8k1,https://s2.adresowa.pl/oi/17/5a/3bde9a_7b3d_cover@2x-4-pokojowe-mieszkanie-lublin-czechow-ul-organowa.webp
Lublin Felin,ul. Generała Witolda Urbanowicza,3,58,582516,10043,Pośrednik,,4,https://adresowo.pl/o/mieszkanie-lublin-felin-ul-generala-witolda-urbanowicza-3-pokojowe-t4f3g8,https://s2.adresowa.pl/oi/65/60/359bfe_3857_cover@2x-3-pokojowe-mieszkanie-lublin-felin-ul-generala-witolda-urbanowicza.webp
Lublin Ponikwoda,ul. Rumiankowa,2,34,420168,12358,Pośrednik,,7,https://adresowo.pl/o/mieszkanie-lublin-ponikwoda-ul-rumiankowa-2-pokojowe-c6p7b4,https://s2.adresowa.pl/oi/2c/10/359354_c321_cover@2x-2-pokojowe-mieszkanie-lublin-ponikwoda-ul-rumiankowa.webp
Lublin,,3,79,950000,12025,bez pośredników,,8,https://adresowo.pl/o/mieszkanie-lublin-3-pokojowe-79-m2-t5v5u9,https://s2.adresowa.pl/oi/16/63/3bdd6a_96a8_cover@2x-3-pokojowe-mieszkanie-lublin.webp
Lublin Stare Miasto,pl. Zamkowy,2,65,799000,12292,bez pośredników,,10,https://adresowo.pl/o/mieszkanie-lublin-stare-miasto-pl-zamkowy-2-pokojowe-g8j9k5,https://s2.adresowa.pl/oi/78/22/3bdcf8_c7c8_cover@2x-2-pokojowe-mieszkanie-lublin-stare-miasto-pl-zamkowy.webp
Lublin,,3,75,790000,10533,bez pośredników,,2,https://adresowo.pl/o/mieszkanie-lublin-3-pokojowe-75-m2-z2p3o2,https://s2.adresowa.pl/oi/62/1c/3bce6c_df04_cover@2x-3-pokojowe-mieszkanie-lublin.webp
Lublin Ponikwoda,ul. Rumiankowa,2,28,355375,12692,Pośrednik,,6,https://adresowo.pl/o/mieszkanie-lublin-ponikwoda-ul-rumiankowa-2-pokojowe-f0b6z2,https://s2.adresowa.pl/oi/77/37/34f9da_d609_cover@2x-2-pokojowe-mieszkanie-lublin-ponikwoda-ul-rumiankowa.webp
Lublin Dziesiąta,ul. Wyścigowa,2,45,493884,10975,Pośrednik,,3,https://adresowo.pl/o/mieszkanie-lublin-dziesiata-ul-wyscigowa-2-pokojowe-y5v1d8,https://s2.adresowa.pl/oi/4c/30/341afc_f3e6_cover@2x-2-pokojowe-mieszkanie-lublin-dziesiata-ul-wyscigowa.webp
Lublin Sławinek,ul. Czeremchowa,3,73,619000,8479,bez pośredników,,9,https://adresowo.pl/o/mieszkanie-lublin-slawinek-ul-czeremchowa-3-pokojowe-a1x8j7,https://s2.adresowa.pl/oi/75/5b/3bc74a_2925_cover@2x-3-pokojowe-mieszkanie-lublin-slawinek-ul-czeremchowa.webp
Lublin Wrotków,ul. Antoniego Słomkowskiego,2,35,465000,13286,bez pośredników,,14,https://adresowo.pl/o/mieszkanie-lublin-wrotkow-ul-antoniego-slomkowskiego-2-pokojowe-n4r0z5,https://s2.adresowa.pl/oi/26/77/3bc37e_8cbc_cover@2x-2-pokojowe-mieszkanie-lublin-wrotkow-ul-antoniego-slomkowskiego.webp
Lublin Czechów,ul. Kurantowa,4,57,460000,8070,bez pośredników,,38,https://adresowo.pl/o/mieszkanie-lublin-czechow-ul-kurantowa-4-pokojowe-n9q9t9,https://s2.adresowa.pl/oi/4e/4a/3bc33a_a786_cover@2x-4-pokojowe-mieszkanie-lublin-czechow-ul-kurantowa.webp
Lublin Konstantynów,ul. Nałęczowska,2,42,506280,12054,Pośrednik,,4,https://adresowo.pl/o/mieszkanie-lublin-konstantynow-ul-naleczowska-2-pokojowe-t1l7l5,https://s2.adresowa.pl/oi/5b/10/341afa_6ba6_cover@2x-2-pokojowe-mieszkanie-lublin-konstantynow-ul-naleczowska.webp
Lublin Dziesiąta,ul. Wyścigowa,3,55,570826,10379,Pośrednik,,3,https://adresowo.pl/o/mieszkanie-lublin-dziesiata-ul-wyscigowa-3-pokojowe-h4n7r8,https://s2.adresowa.pl/oi/3c/7f/341312_f0ea_cover@2x-3-pokojowe-mieszkanie-lublin-dziesiata-ul-wyscigowa.webp
Lublin Bronowice,ul. Elektryczna,2,32,389400,12169,bez pośredników,,7,https://adresowo.pl/o/mieszkanie-lublin-bronowice-ul-elektryczna-2-pokojowe-r2o8p7,https://s2.adresowa.pl/oi/56/2d/3bc356_cc1b_cover@2x-2-pokojowe-mieszkanie-lublin-bronowice-ul-elektryczna.webp
Lublin Czechów Dolny,ul. Michała Ludomira Rogowskiego,3,60,620000,10333,bez pośredników,,11,https://adresowo.pl/o/mieszkanie-lublin-czechow-dolny-ul-michala-ludomira-rogowskiego-3-pokojowe-w4g3p9,https://s2.adresowa.pl/oi/1e/2c/3bbb36_6f26_cover@2x-3-pokojowe-mieszkanie-lublin-czechow-dolny-ul-michala-ludomira-rogowskiego.webp
Lublin,,3,48,519000,10812,bez pośredników,,8,https://adresowo.pl/o/mieszkanie-lublin-3-pokojowe-48-m2-y9o5j7,https://s2.adresowa.pl/oi/69/21/3bb662_c698_cover@2x-3-pokojowe-mieszkanie-lublin.webp
Lublin,ul. Onyksowa,1,30,440000,14667,Pośrednik,,8,https://adresowo.pl/o/mieszkanie-lublin-ul-onyksowa-1-pokoj-i3q9c8,https://s2.adresowa.pl/oi/79/70/325670_70c8_cover@2x-1-pokojowe-mieszkanie-lublin-ul-onyksowa.webp
Lublin,ul. Jemiołuszki,2,40,546000,13650,Pośrednik,,17,https://adresowo.pl/o/mieszkanie-lublin-ul-jemioluszki-2-pokojowe-g6r9q4,https://s2.adresowa.pl/oi/3a/76/316d40_b150_cover@2x-2-pokojowe-mieszkanie-lublin-ul-jemioluszki.webp
Lublin,Śródmieście,2,52,479000,9212,bez pośredników,,6,https://adresowo.pl/o/mieszkanie-lublin-srodmiescie-2-pokojowe-52-m2-o4f0n5,https://s2.adresowa.pl/oi/53/17/3baf5a_4092_cover@2x-2-pokojowe-mieszkanie-lublin-srodmiescie.webp
Lublin Wieniawa,al. Racławickie,3,46,549000,11935,bez pośredników,,10,https://adresowo.pl/o/mieszkanie-lublin-wieniawa-al-raclawickie-3-pokojowe-i5e2s3,https://s2.adresowa.pl/oi/13/6a/3bacfc_52e9_cover@2x-3-pokojowe-mieszkanie-lublin-wieniawa-al-raclawickie.webp
Lublin,Sławin,4,117,1190000,10171,bez pośredników,,18,https://adresowo.pl/o/mieszkanie-lublin-slawin-4-pokojowe-117-m2-t8u7g0,https://s2.adresowa.pl/oi/28/14/3bacd8_4688_cover@2x-4-pokojowe-mieszkanie-lublin-slawin.webp
Lublin Bronowice,ul. Lotnicza,2,50,459000,9180,Pośrednik,,8,https://adresowo.pl/o/mieszkanie-lublin-bronowice-ul-lotnicza-2-pokojowe-g7i8x5,https://s2.adresowa.pl/oi/59/4d/310f6c_2d3b_cover@2x-2-pokojowe-mieszkanie-lublin-bronowice-ul-lotnicza.webp
Lublin Dziesiąta,ul. Nowy Świat,2,47,519000,11043,Pośrednik,,8,https://adresowo.pl/o/b0b3c1,https://s2.adresowa.pl/oi/61/6a/30f7b2_93c0_cover@2x-2-pokojowe-mieszkanie-lublin-dziesiata-ul-nowy-swiat.webp
Lublin Bronowice,ul. Olchowa,3,57,499000,8754,bez pośredników,,8,https://adresowo.pl/o/mieszkanie-lublin-bronowice-ul-olchowa-3-pokojowe-h1q8j6,https://s2.adresowa.pl/oi/70/2a/3b9de6_9a63_cover@2x-3-pokojowe-mieszkanie-lublin-bronowice-ul-olchowa.webp
Lublin LSM,ul. Skrzatów,4,62,566000,9129,bez pośredników,,22,https://adresowo.pl/o/mieszkanie-lublin-lsm-ul-skrzatow-4-pokojowe-y1r0k3,https://s2.adresowa.pl/oi/37/19/3b9c3c_749f_cover@2x-4-pokojowe-mieszkanie-lublin-lsm-ul-skrzatow.webp
Lublin Ponikwoda,ul. Dożynkowa,2,49,503000,10265,bez pośredników,,9,https://adresowo.pl/o/mieszkanie-lublin-ponikwoda-ul-dozynkowa-2-pokojowe-u3u8w0,https://s2.adresowa.pl/oi/5f/46/3b9a60_41d4_cover@2x-2-pokojowe-mieszkanie-lublin-ponikwoda-ul-dozynkowa.webp
Lublin,Czuby,4,130,1170000,9000,bez pośredników,,6,https://adresowo.pl/o/mieszkanie-lublin-czuby-4-pokojowe-130-m2-e4m2r6,https://s2.adresowa.pl/oi/75/61/3b977c_a335_cover@2x-4-pokojowe-mieszkanie-lublin-czuby.webp
Lublin Rury,ul. Gliniana,3,71,729000,10268,bez pośredników,,19,https://adresowo.pl/o/mieszkanie-lublin-rury-ul-gliniana-3-pokojowe-e3k2v8,https://s2.adresowa.pl/oi/3a/10/3b9622_5560_cover@2x-3-pokojowe-mieszkanie-lublin-rury-ul-gliniana.webp
Lublin Kośminek,ul. Obrońców Lublina,2,43,549000,12767,bez pośredników,,8,https://adresowo.pl/o/mieszkanie-lublin-kosminek-ul-obroncow-lublina-2-pokojowe-n7h1o8,https://s2.adresowa.pl/oi/68/12/3b8d7c_351c_cover@2x-2-pokojowe-mieszkanie-lublin-kosminek-ul-obroncow-lublina.webp
Lublin Węglin,ul. Jantarowa,3,53,648000,12226,bez pośredników,,8,https://adresowo.pl/o/mieszkanie-lublin-weglin-ul-jantarowa-3-pokojowe-w6e8n5,https://s2.adresowa.pl/oi/5f/44/3b7f28_fbfb_cover@2x-3-pokojowe-mieszkanie-lublin-weglin-ul-jantarowa.webp
Lublin Czechów Południowy,ul. Witolda Chodźki,2,31,542500,17500,bez pośredników,,13,https://adresowo.pl/o/mieszkanie-lublin-czechow-poludniowy-ul-witolda-chodzki-2-pokojowe-t0s1q6,https://s2.adresowa.pl/oi/69/1c/3b7df2_31a2_cover@2x-2-pokojowe-mieszkanie-lublin-czechow-poludniowy-ul-witolda-chodzki.webp
Lublin Śródmieście,ul. Graniczna,2,60,569000,9483,bez pośredników,,7,https://adresowo.pl/o/mieszkanie-lublin-srodmiescie-ul-graniczna-2-pokojowe-b2l0o4,https://s2.adresowa.pl/oi/1c/26/3b7b6a_c64c_cover@2x-2-pokojowe-mieszkanie-lublin-srodmiescie-ul-graniczna.webp
Lublin Węglinek,ul. Jaspisowa,1,35,385000,11000,bez pośredników,,8,https://adresowo.pl/o/mieszkanie-lublin-weglinek-ul-jaspisowa-1-pokoj-o0u1q9,https://s2.adresowa.pl/oi/16/7f/3b7516_e595_cover@2x-1-pokojowe-mieszkanie-lublin-weglinek-ul-jaspisowa.webp
Lublin Tatary,ul. Gospodarcza,2,45,399000,8867,bez pośredników,,12,https://adresowo.pl/o/mieszkanie-lublin-tatary-ul-gospodarcza-2-pokojowe-o0l8i4,https://s2.adresowa.pl/oi/2b/6e/3b7450_e1fb_cover@2x-2-pokojowe-mieszkanie-lublin-tatary-ul-gospodarcza.webp
Lublin Felin,ul. Generała Witolda Urbanowicza,3,57,665000,11667,bez pośredników,,15,https://adresowo.pl/o/mieszkanie-lublin-felin-ul-generala-witolda-urbanowicza-3-pokojowe-z9g3l1,https://s2.adresowa.pl/oi/2a/38/3b708c_2bc4_cover@2x-3-pokojowe-mieszkanie-lublin-felin-ul-generala-witolda-urbanowicza.webp
Lublin Bronowice,ul. Wrońska,2,42,473000,11262,bez pośredników,,5,https://adresowo.pl/o/mieszkanie-lublin-bronowice-ul-wronska-2-pokojowe-e5m6f9,https://s2.adresowa.pl/oi/3a/17/3b6aa0_36f1_cover@2x-2-pokojowe-mieszkanie-lublin-bronowice-ul-wronska.webp
Lublin Bronowice,ul. Wrońska,3,58,739000,12741,bez pośredników,,11,https://adresowo.pl/o/mieszkanie-lublin-bronowice-ul-wronska-3-pokojowe-m0u1i6,https://s2.adresowa.pl/oi/41/63/3b6696_a57c_cover@2x-3-pokojowe-mieszkanie-lublin-bronowice-ul-wronska.webp
Lublin LSM,ul. Jana Sawy,4,75,745000,9933,bez pośredników,,18,https://adresowo.pl/o/mieszkanie-lublin-lsm-ul-jana-sawy-4-pokojowe-f8x1z9,https://s2.adresowa.pl/oi/73/67/3b63ca_a190_cover@2x-4-pokojowe-mieszkanie-lublin-lsm-ul-jana-sawy.webp
Lublin Sławin,ul. Zielone Wzgórze,3,65,740000,11385,bez pośredników,,19,https://adresowo.pl/o/mieszkanie-lublin-slawin-ul-zielone-wzgorze-3-pokojowe-w1a4h5,https://s2.adresowa.pl/oi/5a/10/3b5df4_562e_cover@2x-3-pokojowe-mieszkanie-lublin-slawin-ul-zielone-wzgorze.webp
Lublin Węglin,ul. Onyksowa,3,56,690000,12321,bez pośredników,,17,https://adresowo.pl/o/mieszkanie-lublin-weglin-ul-onyksowa-3-pokojowe-d7k5c4,https://s2.adresowa.pl/oi/38/46/3b5b98_a210_cover@2x-3-pokojowe-mieszkanie-lublin-weglin-ul-onyksowa.webp
Lublin Czechów,ul. Młodej Polski,3,80,640000,8000,bez pośredników,,13,https://adresowo.pl/o/mieszkanie-lublin-czechow-ul-mlodej-polski-3-pokojowe-v1o9i0,https://s2.adresowa.pl/oi/4a/76/3b4eb6_91a3_cover@2x-3-pokojowe-mieszkanie-lublin-czechow-ul-mlodej-polski.webp
Lublin,,4,70,715000,10214,bez pośredników,,8,https://adresowo.pl/o/mieszkanie-lublin-4-pokojowe-70-m2-o2v9w1,https://s2.adresowa.pl/oi/7a/20/3b4daa_40eb_cover@2x-4-pokojowe-mieszkanie-lublin.webp
Lublin,ul. Szwoleżerów,3,83,569000,6855,bez pośredników,,8,https://adresowo.pl/o/mieszkanie-lublin-ul-szwolezerow-3-pokojowe-i6j7v8,https://s2.adresowa.pl/oi/40/29/3b3cd0_8f15_cover@2x-3-pokojowe-mieszkanie-lublin-ul-szwolezerow.webp
Lublin Sławin,ul. Relaksowa,3,68,748000,11000,bez pośredników,,28,https://adresowo.pl/o/mieszkanie-lublin-slawin-ul-relaksowa-3-pokojowe-z4s3u5,https://s2.adresowa.pl/oi/30/32/3b3a76_2a89_cover@2x-3-pokojowe-mieszkanie-lublin-slawin-ul-relaksowa.webp
Lublin,LSM,3,49,579000,11816,bez pośredników,,3,https://adresowo.pl/o/mieszkanie-lublin-lsm-3-pokojowe-49-m2-p4e4e4,https://s2.adresowa.pl/oi/52/1a/3b35b4_7832_cover@2x-3-pokojowe-mieszkanie-lublin-lsm.webp
Lublin Czuby,ul. Kaczeńcowa,3,60,600000,10000,bez pośredników,,15,https://adresowo.pl/o/mieszkanie-lublin-czuby-ul-kaczencowa-3-pokojowe-o8k0e8,https://s2.adresowa.pl/oi/5d/45/3b2f4c_8aa6_cover@2x-3-pokojowe-mieszkanie-lublin-czuby-ul-kaczencowa.webp
Lublin Czechów,ul. Michała Ludomira Rogowskiego,2,53,499000,9415,bez pośredników,,8,https://adresowo.pl/o/mieszkanie-lublin-czechow-ul-michala-ludomira-rogowskiego-2-pokojowe-d4z3z0,https://s2.adresowa.pl/oi/43/6f/3b2cd2_59b9_cover@2x-2-pokojowe-mieszkanie-lublin-czechow-ul-michala-ludomira-rogowskiego.webp
Lublin Węglin,ul. Jantarowa,3,62,779000,12565,bez pośredników,,14,https://adresowo.pl/o/mieszkanie-lublin-weglin-ul-jantarowa-3-pokojowe-t4z4m5,https://s2.adresowa.pl/oi/2d/4b/3b2b38_32e0_cover@2x-3-pokojowe-mieszkanie-lublin-weglin-ul-jantarowa.webp
Lublin Czuby,ul. Kaczeńcowa,3,60,670000,11167,bez pośredników,,19,https://adresowo.pl/o/mieszkanie-lublin-czuby-ul-kaczencowa-3-pokojowe-d1b5m5,https://s2.adresowa.pl/oi/67/49/3b2a2e_4476_cover@2x-3-pokojowe-mieszkanie-lublin-czuby-ul-kaczencowa.webp
Lublin Wieniawa,al. gen. Władysława Sikorskiego,6,120,790000,6583,bez pośredników,,10,https://adresowo.pl/o/mieszkanie-lublin-wieniawa-al-gen-wladyslawa-sikorskiego-6-pokojowe-t5e4j5,https://s2.adresowa.pl/oi/48/59/3b2852_b06c_cover@2x-6-pokojowe-mieszkanie-lublin-wieniawa-al-gen-wladyslawa-sikorskiego.webp
Lublin Ponikwoda,ul. Daliowa,2,43,595000,13837,bez pośredników,,10,https://adresowo.pl/o/mieszkanie-lublin-ponikwoda-ul-daliowa-2-pokojowe-u9c1k7,https://s2.adresowa.pl/oi/16/7b/3b2908_ec3b_cover@2x-2-pokojowe-mieszkanie-lublin-ponikwoda-ul-daliowa.webp
Lublin Śródmieście,ul. Henryka Raabego,2,39,589000,15103,bez pośredników,,7,https://adresowo.pl/o/mieszkanie-lublin-srodmiescie-ul-henryka-raabego-2-pokojowe-k5r3u5,https://s2.adresowa.pl/oi/2b/24/3b24b0_a9c7_cover@2x-2-pokojowe-mieszkanie-lublin-srodmiescie-ul-henryka-raabego.webp
Lublin Śródmieście,ul. Fryderyka Chopina,3,47,467500,9947,bez pośredników,,15,https://adresowo.pl/o/mieszkanie-lublin-srodmiescie-ul-fryderyka-chopina-3-pokojowe-n7u3r5,https://s2.adresowa.pl/oi/5f/4a/3b2414_8540_cover@2x-3-pokojowe-mieszkanie-lublin-srodmiescie-ul-fryderyka-chopina.webp
Lublin Czechów,ul. Szwajcarska,5,84,929999,11071,bez pośredników,,20,https://adresowo.pl/o/mieszkanie-lublin-czechow-ul-szwajcarska-5-pokojowe-y6t1b6,https://s2.adresowa.pl/oi/4a/67/395d50_9462_cover@2x-5-pokojowe-mieszkanie-lublin-czechow-ul-szwajcarska.webp
Lublin Czuby,ul. Ułanów,3,64,457000,7141,bez pośredników,,20,https://adresowo.pl/o/mieszkanie-lublin-czuby-ul-ulanow-3-pokojowe-u0k0m5,https://s2.adresowa.pl/oi/1f/19/3b23d6_6a6c_cover@2x-3-pokojowe-mieszkanie-lublin-czuby-ul-ulanow.webp
Lublin Czuby,ul. Dragonów,2,49,474000,9673,bez pośredników,,11,https://adresowo.pl/o/mieszkanie-lublin-czuby-ul-dragonow-2-pokojowe-n1w1n8,https://s2.adresowa.pl/oi/1c/6d/3b2206_80b8_cover@2x-2-pokojowe-mieszkanie-lublin-czuby-ul-dragonow.webp
Lublin Czechów,ul. Radzyńska,2,60,540000,9000,bez pośredników,,18,https://adresowo.pl/o/mieszkanie-lublin-czechow-ul-radzynska-2-pokojowe-x0o7m1,https://s2.adresowa.pl/oi/26/44/3b1b00_a00c_cover@2x-2-pokojowe-mieszkanie-lublin-czechow-ul-radzynska.webp
Lublin,Dziesiąta,3,56,668470,11937,bez pośredników,,9,https://adresowo.pl/o/mieszkanie-lublin-dziesiata-3-pokojowe-56-m2-e6k2f7,https://s2.adresowa.pl/oi/5b/24/3b0e32_deb9_cover@2x-3-pokojowe-mieszkanie-lublin-dziesiata.webp
Lublin Felin,ul. Władysława Jagiełły,1,32,350000,10938,bez pośredników,,10,https://adresowo.pl/o/mieszkanie-lublin-felin-ul-wladyslawa-jagielly-1-pokoj-z7q4r9,https://s2.adresowa.pl/oi/5a/74/3b0d1c_e9ca_cover@2x-1-pokojowe-mieszkanie-lublin-felin-ul-wladyslawa-jagielly.webp
Lublin Czechów,ul. Kurantowa,1,23,290000,12609,bez pośredników,,8,https://adresowo.pl/o/mieszkanie-lublin-czechow-ul-kurantowa-1-pokoj-f4c5m4,https://s2.adresowa.pl/oi/69/70/3b0a54_b049_cover@2x-1-pokojowe-mieszkanie-lublin-czechow-ul-kurantowa.webp
Lublin Czuby,ul. Szmaragdowa,3,60,590000,9833,bez pośredników,,18,https://adresowo.pl/o/mieszkanie-lublin-czuby-ul-szmaragdowa-3-pokojowe-s4j8j2,https://s2.adresowa.pl/oi/5e/5a/3b039c_32ba_cover@2x-3-pokojowe-mieszkanie-lublin-czuby-ul-szmaragdowa.webp
Lublin,al. gen. Władysława Sikorskiego,2,60,610000,10167,bez pośredników,,8,https://adresowo.pl/o/mieszkanie-lublin-al-gen-wladyslawa-sikorskiego-2-pokojowe-y4d3f5,https://s2.adresowa.pl/oi/71/37/3b038e_c661_cover@2x-2-pokojowe-mieszkanie-lublin-al-gen-wladyslawa-sikorskiego.webp
Lublin Śródmieście,ul. Probostwo,1,30,360000,12000,bez pośredników,,9,https://adresowo.pl/o/mieszkanie-lublin-srodmiescie-ul-probostwo-1-pokoj-z1g7g8,https://s2.adresowa.pl/oi/11/56/3b0226_4659_cover@2x-1-pokojowe-mieszkanie-lublin-srodmiescie-ul-probostwo.webp
Lublin Bronowice,ul. Pogodna,4,60,495000,8250,bez pośredników,,7,https://adresowo.pl/o/mieszkanie-lublin-bronowice-ul-pogodna-4-pokojowe-p8b7k2,https://s2.adresowa.pl/oi/64/44/3affd8_8025_cover@2x-4-pokojowe-mieszkanie-lublin-bronowice-ul-pogodna.webp
Lublin Wrotków,ul. Nałkowskich,4,48,705000,14688,bez pośredników,,20,https://adresowo.pl/o/mieszkanie-lublin-wrotkow-ul-nalkowskich-4-pokojowe-h3p7v6,https://s2.adresowa.pl/oi/6e/2b/3af062_d0a5_cover@2x-4-pokojowe-mieszkanie-lublin-wrotkow-ul-nalkowskich.webp
Lublin Sławinek,ul. Żołnierska,2,55,529000,9618,bez pośredników,,4,https://adresowo.pl/o/mieszkanie-lublin-slawinek-ul-zolnierska-2-pokojowe-n4i3h6,https://s2.adresowa.pl/oi/3f/7f/3aefb4_9d93_cover@2x-2-pokojowe-mieszkanie-lublin-slawinek-ul-zolnierska.webp
Lublin Kalinowszczyzna,ul. Kazimierza Tumidajskiego,3,57,469000,8228,bez pośredników,,8,https://adresowo.pl/o/mieszkanie-lublin-kalinowszczyzna-ul-kazimierza-tumidajskiego-3-pokojowe-x8t0o9,https://s2.adresowa.pl/oi/10/6a/3aef1c_d36d_cover@2x-3-pokojowe-mieszkanie-lublin-kalinowszczyzna-ul-kazimierza-tumidajskiego.webp
Lublin Sławin,ul. Bukszpanowa,2,58,759800,13100,bez pośredników,,8,https://adresowo.pl/o/mieszkanie-lublin-slawin-ul-bukszpanowa-2-pokojowe-c7g0p4,https://s2.adresowa.pl/oi/5a/4c/3aeb00_9b1f_cover@2x-2-pokojowe-mieszkanie-lublin-slawin-ul-bukszpanowa.webp
Lublin,ul. Wędrowna,2,33,430000,13030,bez pośredników,,1,https://adresowo.pl/o/mieszkanie-lublin-ul-wedrowna-2-pokojowe-e0h1w3,https://s2.adresowa.pl/oi/55/1a/3accee_e80e_cover@2x-2-pokojowe-mieszkanie-lublin-ul-wedrowna.webp
Lublin Śródmieście,ul. 3 Maja,2,41,780000,19024,bez pośredników,,8,https://adresowo.pl/o/mieszkanie-lublin-srodmiescie-ul-3-maja-2-pokojowe-g2k1e9,https://s2.adresowa.pl/oi/2a/21/3ab34e_e654_cover@2x-2-pokojowe-mieszkanie-lublin-srodmiescie-ul-3-maja.webp
Lublin LSM,ul. Pana Balcera,3,60,515000,8583,bez pośredników,,13,https://adresowo.pl/o/mieszkanie-lublin-lsm-ul-pana-balcera-3-pokojowe-t7e4h1,https://s2.adresowa.pl/oi/11/4a/3ab2f6_df08_cover@2x-3-pokojowe-mieszkanie-lublin-lsm-ul-pana-balcera.webp
Lublin Wieniawa,ul. Lesława Pagi,3,50,995000,19900,bez pośredników,,6,https://adresowo.pl/o/mieszkanie-lublin-wieniawa-ul-leslawa-pagi-3-pokojowe-p8v9g4,https://s2.adresowa.pl/oi/7f/45/3aaeb8_55d3_cover@2x-3-pokojowe-mieszkanie-lublin-wieniawa-ul-leslawa-pagi.webp
Lublin Węglin,ul. Koralowa,2,55,648500,11791,bez pośredników,,8,https://adresowo.pl/o/mieszkanie-lublin-weglin-ul-koralowa-2-pokojowe-p3s9j5,https://s2.adresowa.pl/oi/19/6c/3aaeac_6e6e_cover@2x-2-pokojowe-mieszkanie-lublin-weglin-ul-koralowa.webp
Lublin,,4,78,637000,8167,bez pośredników,,3,https://adresowo.pl/o/mieszkanie-lublin-4-pokojowe-78-m2-d0w9i5,https://s2.adresowa.pl/oi/16/13/3aac38_c576_cover@2x-4-pokojowe-mieszkanie-lublin.webp
Lublin Śródmieście,ul. Okopowa,4,70,849000,12129,bez pośredników,,6,https://adresowo.pl/o/mieszkanie-lublin-srodmiescie-ul-okopowa-4-pokojowe-i1b2h1,https://s2.adresowa.pl/oi/57/6d/3aabc6_9256_cover@2x-4-pokojowe-mieszkanie-lublin-srodmiescie-ul-okopowa.webp
Lublin,ul. Nałęczowska,3,69,899000,13029,bez pośredników,,8,https://adresowo.pl/o/mieszkanie-lublin-ul-naleczowska-3-pokojowe-m7g3q3,https://s2.adresowa.pl/oi/1e/36/3aab06_684f_cover@2x-3-pokojowe-mieszkanie-lublin-ul-naleczowska.webp
Lublin Tatary,ul. Odlewnicza,3,46,330000,7174,bez pośredników,,6,https://adresowo.pl/o/mieszkanie-lublin-tatary-ul-odlewnicza-3-pokojowe-g6j1v4,https://s2.adresowa.pl/oi/3d/18/3aa54c_80da_cover@2x-3-pokojowe-mieszkanie-lublin-tatary-ul-odlewnicza.webp
Lublin,Śródmieście,4,92,930000,10109,bez pośredników,,1,https://adresowo.pl/o/mieszkanie-lublin-srodmiescie-4-pokojowe-92-m2-k1m3n9,https://s2.adresowa.pl/oi/49/27/3a9f98_783d_cover@2x-4-pokojowe-mieszkanie-lublin-srodmiescie.webp
Lublin Wrotków,ul. Jana Samsonowicza,4,69,535000,7754,bez pośredników,,14,https://adresowo.pl/o/mieszkanie-lublin-wrotkow-ul-jana-samsonowicza-4-pokojowe-p2f9n0,https://s2.adresowa.pl/oi/1d/33/3a93f2_c369_cover@2x-4-pokojowe-mieszkanie-lublin-wrotkow-ul-jana-samsonowicza.webp
Lublin Rury,ul. Tomasza Zana,5,143,1950000,13636,bez pośredników,,18,https://adresowo.pl/o/mieszkanie-lublin-rury-ul-tomasza-zana-5-pokojowe-u7b3c4,https://s2.adresowa.pl/oi/38/6e/3a660c_fa38_cover@2x-5-pokojowe-mieszkanie-lublin-rury-ul-tomasza-zana.webp
Lublin Wieniawa,ul. Ogródkowa,3,57,539000,9456,bez pośredników,,10,https://adresowo.pl/o/mieszkanie-lublin-wieniawa-ul-ogrodkowa-3-pokojowe-j9o0k8,https://s2.adresowa.pl/oi/20/75/3a6188_2b6f_cover@2x-3-pokojowe-mieszkanie-lublin-wieniawa-ul-ogrodkowa.webp
Lublin Czuby,ul. Jutrzenki,2,54,550000,10185,bez pośredników,,7,https://adresowo.pl/o/mieszkanie-lublin-czuby-ul-jutrzenki-2-pokojowe-b4k3n6,https://s2.adresowa.pl/oi/1c/69/3a5ff8_3375_cover@2x-2-pokojowe-mieszkanie-lublin-czuby-ul-jutrzenki.webp
Lublin Bronowice,ul. Droga Męczenników Majdanka,1,35,379000,10829,bez pośredników,,12,https://adresowo.pl/o/mieszkanie-lublin-bronowice-ul-droga-meczennikow-majdanka-1-pokoj-i3v3x1,https://s2.adresowa.pl/oi/13/62/3a5f1e_69d7_cover@2x-1-pokojowe-mieszkanie-lublin-bronowice-ul-droga-meczennikow-majdanka.webp
Lublin Śródmieście,ul. Bursztynowa,3,74,799000,10797,bez pośredników,,14,https://adresowo.pl/o/mieszkanie-lublin-srodmiescie-ul-bursztynowa-3-pokojowe-t1c1o4,https://s2.adresowa.pl/oi/4d/38/3a5c22_eace_cover@2x-3-pokojowe-mieszkanie-lublin-srodmiescie-ul-bursztynowa.webp
Lublin Śródmieście,ul. Bolesława Prusa,2,51,663000,13000,bez pośredników,,17,https://adresowo.pl/o/mieszkanie-lublin-srodmiescie-ul-boleslawa-prusa-2-pokojowe-i4c3f4,https://s2.adresowa.pl/oi/11/5b/3a580e_37e6_cover@2x-2-pokojowe-mieszkanie-lublin-srodmiescie-ul-boleslawa-prusa.webp
Lublin Węglin,ul. Gęsia,3,53,629000,11868,bez pośredników,,9,https://adresowo.pl/o/mieszkanie-lublin-weglin-ul-gesia-3-pokojowe-l2z3d7,https://s2.adresowa.pl/oi/2f/29/3a57ac_5fba_cover@2x-3-pokojowe-mieszkanie-lublin-weglin-ul-gesia.webp
Lublin Tatary,ul. Przyjaźni,3,49,475000,9694,bez pośredników,,7,https://adresowo.pl/o/mieszkanie-lublin-tatary-ul-przyjazni-3-pokojowe-o1i2h9,https://s2.adresowa.pl/oi/32/29/3a549a_7b17_cover@2x-3-pokojowe-mieszkanie-lublin-tatary-ul-przyjazni.webp
Lublin LSM,ul. Pana Balcera,4,57,524000,9193,bez pośredników,,7,https://adresowo.pl/o/mieszkanie-lublin-lsm-ul-pana-balcera-4-pokojowe-w9o0t7,https://s2.adresowa.pl/oi/78/71/3a49f4_3093_cover@2x-4-pokojowe-mieszkanie-lublin-lsm-ul-pana-balcera.webp
Lublin Wieniawa,al. gen. Władysława Sikorskiego,4,112,790000,7054,bez pośredników,,8,https://adresowo.pl/o/mieszkanie-lublin-wieniawa-al-gen-wladyslawa-sikorskiego-4-pokojowe-e1i1w8,https://s2.adresowa.pl/oi/65/79/3a464a_d660_cover@2x-4-pokojowe-mieszkanie-lublin-wieniawa-al-gen-wladyslawa-sikorskiego.webp
Lublin Sławinek,ul. Willowa,2,54,538000,9963,bez pośredników,,14,https://adresowo.pl/o/mieszkanie-lublin-slawinek-ul-willowa-2-pokojowe-w0o4p0,https://s2.adresowa.pl/oi/5b/61/3a404c_ae31_cover@2x-2-pokojowe-mieszkanie-lublin-slawinek-ul-willowa.webp
Lublin Sławin,ul. Bukszpanowa,3,69,890000,12899,bez pośredników,,8,https://adresowo.pl/o/mieszkanie-lublin-slawin-ul-bukszpanowa-3-pokojowe-o1q9d8,https://s2.adresowa.pl/oi/4f/48/3a2d64_cfaa_cover@2x-3-pokojowe-mieszkanie-lublin-slawin-ul-bukszpanowa.webp
Lublin Sławinek,ul. Baśniowa,3,55,570000,10364,bez pośredników,,9,https://adresowo.pl/o/mieszkanie-lublin-slawinek-ul-basniowa-3-pokojowe-s6w5v9,https://s2.adresowa.pl/oi/75/14/3a1d6a_aa4c_cover@2x-3-pokojowe-mieszkanie-lublin-slawinek-ul-basniowa.webp
Lublin Kalinowszczyzna,ul. Stefana Okrzei,2,36,389000,10806,bez pośredników,,12,https://adresowo.pl/o/mieszkanie-lublin-kalinowszczyzna-ul-stefana-okrzei-2-pokojowe-i6e7l6,https://s2.adresowa.pl/oi/34/75/3a074e_dd02_cover@2x-2-pokojowe-mieszkanie-lublin-kalinowszczyzna-ul-stefana-okrzei.webp
Lublin,ul. Cyrkoniowa,3,63,600000,9524,bez pośredników,,8,https://adresowo.pl/o/mieszkanie-lublin-ul-cyrkoniowa-3-pokojowe-m5g0v2,https://s2.adresowa.pl/oi/73/1c/39f28c_858c_cover@2x-3-pokojowe-mieszkanie-lublin-ul-cyrkoniowa.webp
Lublin Czechów,ul. Józefa Mackiewicza,4,100,1100000,11000,bez pośredników,,8,https://adresowo.pl/o/mieszkanie-lublin-czechow-ul-jozefa-mackiewicza-4-pokojowe-u5x8i2,https://s2.adresowa.pl/oi/58/36/39eb50_e2f2_cover@2x-4-pokojowe-mieszkanie-lublin-czechow-ul-jozefa-mackiewicza.webp
Lublin Kalinowszczyzna,ul. Edwarda Dembowskiego,3,45,505000,11222,bez pośredników,,12,https://adresowo.pl/o/mieszkanie-lublin-kalinowszczyzna-ul-edwarda-dembowskiego-3-pokojowe-y8r6n0,https://s2.adresowa.pl/oi/10/13/39e54a_df52_cover@2x-3-pokojowe-mieszkanie-lublin-kalinowszczyzna-ul-edwarda-dembowskiego.webp
Lublin Sławinek,ul. Botaniczna,10,280,1750000,6250,bez pośredników,,23,https://adresowo.pl/o/mieszkanie-lublin-slawinek-ul-botaniczna-10-pokojowe-a8g0n9,https://s2.adresowa.pl/oi/22/5d/39d8d0_80e4_cover@2x-10-pokojowe-mieszkanie-lublin-slawinek-ul-botaniczna.webp
Lublin Czechów,ul. Karola Lipińskiego,3,59,595000,10085,bez pośredników,,10,https://adresowo.pl/o/mieszkanie-lublin-czechow-ul-karola-lipinskiego-3-pokojowe-c2w3w1,https://s2.adresowa.pl/oi/50/70/39d1ce_8842_cover@2x-3-pokojowe-mieszkanie-lublin-czechow-ul-karola-lipinskiego.webp
Lublin Konstantynów,ul. Ułanów,2,55,530000,9636,bez pośredników,,14,https://adresowo.pl/o/mieszkanie-lublin-konstantynow-ul-ulanow-2-pokojowe-d3h5o2,https://s2.adresowa.pl/oi/13/25/39b910_7890_cover@2x-2-pokojowe-mieszkanie-lublin-konstantynow-ul-ulanow.webp
Lublin Czechów,ul. Młodej Polski,2,54,429000,7944,bez pośredników,,6,https://adresowo.pl/o/mieszkanie-lublin-czechow-ul-mlodej-polski-2-pokojowe-e2w0z6,https://s2.adresowa.pl/oi/2d/53/39b064_f1a6_cover@2x-2-pokojowe-mieszkanie-lublin-czechow-ul-mlodej-polski.webp
Lublin,Czuby,3,58,640000,11034,bez pośredników,,17,https://adresowo.pl/o/mieszkanie-lublin-czuby-3-pokojowe-58-m2-e8p9a8,https://s2.adresowa.pl/oi/35/33/39948e_a4c1_cover@2x-3-pokojowe-mieszkanie-lublin-czuby.webp
Lublin Czechów,ul. Wojciecha Żywnego,2,48,474000,9875,bez pośredników,,8,https://adresowo.pl/o/mieszkanie-lublin-czechow-ul-wojciecha-zywnego-2-pokojowe-w1x3h7,https://s2.adresowa.pl/oi/36/37/39934c_df90_cover@2x-2-pokojowe-mieszkanie-lublin-czechow-ul-wojciecha-zywnego.webp
Lublin,ul. Gęsia,2,50,599000,11980,bez pośredników,,9,https://adresowo.pl/o/mieszkanie-lublin-ul-gesia-2-pokojowe-c0t6q6,https://s2.adresowa.pl/oi/6e/12/39865e_5522_cover@2x-2-pokojowe-mieszkanie-lublin-ul-gesia.webp
Lublin Czuby,ul. Fantastyczna,4,60,599000,9983,bez pośredników,,17,https://adresowo.pl/o/mieszkanie-lublin-czuby-ul-fantastyczna-4-pokojowe-r9w7s8,https://s2.adresowa.pl/oi/3d/62/397e6c_c6d5_cover@2x-4-pokojowe-mieszkanie-lublin-czuby-ul-fantastyczna.webp
Lublin,ul. Lesława Pagi,3,57,794700,13942,bez pośredników,,7,https://adresowo.pl/o/mieszkanie-lublin-ul-leslawa-pagi-3-pokojowe-p0k0q2,https://s2.adresowa.pl/oi/15/6f/39712c_2817_cover@2x-3-pokojowe-mieszkanie-lublin-ul-leslawa-pagi.webp
Lublin Kalinowszczyzna,ul. Edwarda Dembowskiego,3,48,405000,8438,bez pośredników,,18,https://adresowo.pl/o/mieszkanie-lublin-kalinowszczyzna-ul-edwarda-dembowskiego-3-pokojowe-d2r2m7,https://s2.adresowa.pl/oi/31/1a/39613a_b509_cover@2x-3-pokojowe-mieszkanie-lublin-kalinowszczyzna-ul-edwarda-dembowskiego.webp
Lublin Czuby,ul. Władysława Orkana,2,52,530000,10192,bez pośredników,,8,https://adresowo.pl/o/mieszkanie-lublin-czuby-ul-wladyslawa-orkana-2-pokojowe-x9l1c8,https://s2.adresowa.pl/oi/78/74/395616_9f49_cover@2x-2-pokojowe-mieszkanie-lublin-czuby-ul-wladyslawa-orkana.webp
Lublin Wrotków,ul. Ks. Wincentego Granata,2,35,640000,18286,bez pośredników,,21,https://adresowo.pl/o/mieszkanie-lublin-wrotkow-ul-ks-wincentego-granata-2-pokojowe-i1c9a6,https://s2.adresowa.pl/oi/79/52/394cb4_e7c1_cover@2x-2-pokojowe-mieszkanie-lublin-wrotkow-ul-ks-wincentego-granata.webp
Lublin Kalinowszczyzna,ul. Niepodległości,2,49,489000,9980,bez pośredników,,8,https://adresowo.pl/o/mieszkanie-lublin-kalinowszczyzna-ul-niepodleglosci-2-pokojowe-m6v3n5,https://s2.adresowa.pl/oi/53/3a/3944e6_28e7_cover@2x-2-pokojowe-mieszkanie-lublin-kalinowszczyzna-ul-niepodleglosci.webp
Lublin,ul. Nowy Świat,2,42,460000,10952,bez pośredników,,8,https://adresowo.pl/o/mieszkanie-lublin-ul-nowy-swiat-2-pokojowe-y0d2r1,https://s2.adresowa.pl/oi/18/75/39361c_4589_cover@2x-2-pokojowe-mieszkanie-lublin-ul-nowy-swiat.webp
Lublin Tatary,ul. Przyjaźni,3,53,450000,8491,bez pośredników,,13,https://adresowo.pl/o/mieszkanie-lublin-tatary-ul-przyjazni-3-pokojowe-z0f2f0,https://s2.adresowa.pl/oi/14/7d/3935d4_68ba_cover@2x-3-pokojowe-mieszkanie-lublin-tatary-ul-przyjazni.webp
Lublin Felin,ul. Zygmunta Augusta,3,65,790000,12154,bez pośredników,,1,https://adresowo.pl/o/mieszkanie-lublin-felin-ul-zygmunta-augusta-3-pokojowe-p3c4w0,https://s2.adresowa.pl/oi/30/7e/391f34_f0eb_cover@2x-3-pokojowe-mieszkanie-lublin-felin-ul-zygmunta-augusta.webp
Lublin Węglin,ul. Jaspisowa,3,55,585000,10636,bez pośredników,,8,https://adresowo.pl/o/mieszkanie-lublin-weglin-ul-jaspisowa-3-pokojowe-a2w5l9,https://s2.adresowa.pl/oi/7b/25/392d5e_f302_cover@2x-3-pokojowe-mieszkanie-lublin-weglin-ul-jaspisowa.webp
Lublin Czechów,ul. Młodej Polski,3,61,540000,8852,bez pośredników,,7,https://adresowo.pl/o/mieszkanie-lublin-czechow-ul-mlodej-polski-3-pokojowe-l3g6v4,https://s2.adresowa.pl/oi/41/26/38f884_f638_cover@2x-3-pokojowe-mieszkanie-lublin-czechow-ul-mlodej-polski.webp
Lublin Czuby,ul. Dziewanny,3,62,550000,8871,bez pośredników,,15,https://adresowo.pl/o/mieszkanie-lublin-czuby-ul-dziewanny-3-pokojowe-g0s7l3,https://s2.adresowa.pl/oi/61/45/38f70e_5a97_cover@2x-3-pokojowe-mieszkanie-lublin-czuby-ul-dziewanny.webp
Lublin Dziesiąta,ul. Wyścigowa,2,46,605000,13152,bez pośredników,,13,https://adresowo.pl/o/mieszkanie-lublin-dziesiata-ul-wyscigowa-2-pokojowe-k2b8l0,https://s2.adresowa.pl/oi/4b/6f/38ebd6_44ce_cover@2x-2-pokojowe-mieszkanie-lublin-dziesiata-ul-wyscigowa.webp
Lublin Węglin,ul. Gęsia,1,35,385000,11000,bez pośredników,,9,https://adresowo.pl/o/mieszkanie-lublin-weglin-ul-gesia-1-pokoj-t2l6b3,https://s2.adresowa.pl/oi/13/37/38e79a_31b5_cover@2x-1-pokojowe-mieszkanie-lublin-weglin-ul-gesia.webp
Lublin Bronowice,ul. Startowa,3,68,659000,9691,bez pośredników,,8,https://adresowo.pl/o/mieszkanie-lublin-bronowice-ul-startowa-3-pokojowe-g2e3z2,https://s2.adresowa.pl/oi/41/6b/38dcf8_92df_cover@2x-3-pokojowe-mieszkanie-lublin-bronowice-ul-startowa.webp
Lublin Wieniawa,ul. Puławska,3,56,520000,9286,bez pośredników,,9,https://adresowo.pl/o/mieszkanie-lublin-wieniawa-ul-pulawska-3-pokojowe-y0e0p6,https://s2.adresowa.pl/oi/65/6d/38db8e_5572_cover@2x-3-pokojowe-mieszkanie-lublin-wieniawa-ul-pulawska.webp
Lublin Dziesiąta,ul. Władysława Kunickiego,3,54,574000,10630,bez pośredników,,7,https://adresowo.pl/o/mieszkanie-lublin-dziesiata-ul-wladyslawa-kunickiego-3-pokojowe-d3e8z8,https://s2.adresowa.pl/oi/1a/25/38d2c2_795f_cover@2x-3-pokojowe-mieszkanie-lublin-dziesiata-ul-wladyslawa-kunickiego.webp
Lublin Rury,ul. Pozytywistów,4,62,zapytaj,,bez pośredników,,12,https://adresowo.pl/o/mieszkanie-lublin-rury-ul-pozytywistow-4-pokojowe-z1u8x1,https://s2.adresowa.pl/oi/6c/6a/38c0ba_739f_cover@2x-4-pokojowe-mieszkanie-lublin-rury-ul-pozytywistow.webp
Lublin Bronowice,ul. Majdanek,3,44,370000,8409,bez pośredników,,8,https://adresowo.pl/o/mieszkanie-lublin-bronowice-ul-majdanek-3-pokojowe-h8a8p8,https://s2.adresowa.pl/oi/58/16/38bd64_d109_cover@2x-3-pokojowe-mieszkanie-lublin-bronowice-ul-majdanek.webp
Lublin,ul. Pielęgniarek,4,80,880000,11000,bez pośredników,,23,https://adresowo.pl/o/mieszkanie-lublin-ul-pielegniarek-4-pokojowe-y2n2d4,https://s2.adresowa.pl/oi/62/71/38bd5e_a8e9_cover@2x-4-pokojowe-mieszkanie-lublin-ul-pielegniarek.webp
Lublin Śródmieście,ul. Wschodnia,2,35,350000,10000,bez pośredników,,9,https://adresowo.pl/o/mieszkanie-lublin-srodmiescie-ul-wschodnia-2-pokojowe-w0z7m3,https://s2.adresowa.pl/oi/4c/48/38ae5c_5319_cover@2x-2-pokojowe-mieszkanie-lublin-srodmiescie-ul-wschodnia.webp
Lublin Wrotków,ul. Nałkowskich,3,48,469000,9771,bez pośredników,,12,https://adresowo.pl/o/mieszkanie-lublin-wrotkow-ul-nalkowskich-3-pokojowe-n5o3h7,https://s2.adresowa.pl/oi/59/78/38a314_7ffc_cover@2x-3-pokojowe-mieszkanie-lublin-wrotkow-ul-nalkowskich.webp
Lublin Felin,ul. Królowej Jadwigi,2,39,477000,12231,bez pośredników,,8,https://adresowo.pl/o/mieszkanie-lublin-felin-ul-krolowej-jadwigi-2-pokojowe-u9h3q6,https://s2.adresowa.pl/oi/70/78/389fc0_ceba_cover@2x-2-pokojowe-mieszkanie-lublin-felin-ul-krolowej-jadwigi.webp
Lublin,Czuby,3,86,688000,8000,bez pośredników,,9,https://adresowo.pl/o/mieszkanie-lublin-czuby-3-pokojowe-86-m2-s3n1u6,https://s2.adresowa.pl/oi/67/66/387cf6_bf64_cover@2x-3-pokojowe-mieszkanie-lublin-czuby.webp
Lublin Bronowice,ul. Zimowa,3,60,625321,10422,bez pośredników,,8,https://adresowo.pl/o/mieszkanie-lublin-bronowice-ul-zimowa-3-pokojowe-k9t1x6,https://s2.adresowa.pl/oi/4c/4f/3878d2_6c82_cover@2x-3-pokojowe-mieszkanie-lublin-bronowice-ul-zimowa.webp
Lublin LSM,ul. Konrada Wallenroda,2,58,599000,10328,bez pośredników,,16,https://adresowo.pl/o/mieszkanie-lublin-lsm-ul-konrada-wallenroda-2-pokojowe-d6c1g0,https://s2.adresowa.pl/oi/2d/64/385c28_4f0a_cover@2x-2-pokojowe-mieszkanie-lublin-lsm-ul-konrada-wallenroda.webp
Lublin Czechów,ul. Wojciecha Żywnego,3,60,570000,9500,bez pośredników,,8,https://adresowo.pl/o/mieszkanie-lublin-czechow-ul-wojciecha-zywnego-3-pokojowe-e4z8a7,https://s2.adresowa.pl/oi/6a/75/38750e_7970_cover@2x-3-pokojowe-mieszkanie-lublin-czechow-ul-wojciecha-zywnego.webp
Lublin Dziesiąta,ul. Kwiatowa,3,44,405000,9205,bez pośredników,,14,https://adresowo.pl/o/mieszkanie-lublin-dziesiata-ul-kwiatowa-3-pokojowe-z5c6m8,https://s2.adresowa.pl/oi/49/12/386aa8_69db_cover@2x-3-pokojowe-mieszkanie-lublin-dziesiata-ul-kwiatowa.webp
Lublin Śródmieście,ul. Lipowa,3,59,495000,8390,bez pośredników,,19,https://adresowo.pl/o/mieszkanie-lublin-srodmiescie-ul-lipowa-3-pokojowe-s7f2x2,https://s2.adresowa.pl/oi/20/45/386508_b08b_cover@2x-3-pokojowe-mieszkanie-lublin-srodmiescie-ul-lipowa.webp
Lublin Bronowice,ul. Pogodna,2,50,504500,10090,bez pośredników,,19,https://adresowo.pl/o/mieszkanie-lublin-bronowice-ul-pogodna-2-pokojowe-m5j1z9,https://s2.adresowa.pl/oi/6a/31/385750_872c_cover@2x-2-pokojowe-mieszkanie-lublin-bronowice-ul-pogodna.webp
Lublin Śródmieście,ul. Zamojska,3,50,350000,7000,bez pośredników,,11,https://adresowo.pl/o/mieszkanie-lublin-srodmiescie-ul-zamojska-3-pokojowe-c9t3l1,https://s2.adresowa.pl/oi/5e/39/383ad4_f0bf_cover@2x-3-pokojowe-mieszkanie-lublin-srodmiescie-ul-zamojska.webp
Lublin Sławin,ul. Willowa,4,82,998800,12180,bez pośredników,,4,https://adresowo.pl/o/mieszkanie-lublin-slawin-ul-willowa-4-pokojowe-x2n7y1,https://s2.adresowa.pl/oi/65/6b/384e66_4561_cover@2x-4-pokojowe-mieszkanie-lublin-slawin-ul-willowa.webp
Lublin LSM,ul. Skrzatów,4,62,539000,8694,bez pośredników,,6,https://adresowo.pl/o/mieszkanie-lublin-lsm-ul-skrzatow-4-pokojowe-h0k2d5,https://s2.adresowa.pl/oi/62/3d/384b1c_38a6_cover@2x-4-pokojowe-mieszkanie-lublin-lsm-ul-skrzatow.webp
Lublin Śródmieście,ul. Krakowskie Przedmieście,3,74,790000,10676,bez pośredników,,7,https://adresowo.pl/o/mieszkanie-lublin-srodmiescie-ul-krakowskie-przedmiescie-3-pokojowe-u3p7d7,https://s2.adresowa.pl/oi/76/5e/383c0e_40be_cover@2x-3-pokojowe-mieszkanie-lublin-srodmiescie-ul-krakowskie-przedmiescie.webp
Lublin Śródmieście,ul. Gabriela Narutowicza,2,54,490000,9074,bez pośredników,,8,https://adresowo.pl/o/mieszkanie-lublin-srodmiescie-ul-gabriela-narutowicza-2-pokojowe-r5l3d7,https://s2.adresowa.pl/oi/77/58/383398_c206_cover@2x-2-pokojowe-mieszkanie-lublin-srodmiescie-ul-gabriela-narutowicza.webp
Lublin Ponikwoda,ul. Ignacego Czumy,3,97,1160000,11959,bez pośredników,,17,https://adresowo.pl/o/mieszkanie-lublin-ponikwoda-ul-ignacego-czumy-3-pokojowe-b5u2t7,https://s2.adresowa.pl/oi/23/7b/3826c2_cbbc_cover@2x-3-pokojowe-mieszkanie-lublin-ponikwoda-ul-ignacego-czumy.webp
Lublin Bronowice,ul. Kościelna,2,51,450000,8824,bez pośredników,,13,https://adresowo.pl/o/mieszkanie-lublin-bronowice-ul-koscielna-2-pokojowe-c1m1i0,https://s2.adresowa.pl/oi/65/4e/3815fe_4170_cover@2x-2-pokojowe-mieszkanie-lublin-bronowice-ul-koscielna.webp
Lublin Czuby,ul. Szafirowa,3,57,630500,11061,bez pośredników,,9,https://adresowo.pl/o/mieszkanie-lublin-czuby-ul-szafirowa-3-pokojowe-c6v5u3,https://s2.adresowa.pl/oi/43/76/3812a6_ec57_cover@2x-3-pokojowe-mieszkanie-lublin-czuby-ul-szafirowa.webp
Lublin Wieniawa,ul. Puławska,3,61,570000,9344,bez pośredników,,14,https://adresowo.pl/o/mieszkanie-lublin-wieniawa-ul-pulawska-3-pokojowe-s7u5i4,https://s2.adresowa.pl/oi/56/23/37fdb2_2ce2_cover@2x-3-pokojowe-mieszkanie-lublin-wieniawa-ul-pulawska.webp
Lublin,LSM,2,34,435000,12794,bez pośredników,,6,https://adresowo.pl/o/mieszkanie-lublin-lsm-2-pokojowe-34-m2-t7o1o7,https://s2.adresowa.pl/oi/72/4d/37f074_f5e5_cover@2x-2-pokojowe-mieszkanie-lublin-lsm.webp
Lublin Węglin,ul. Kielecka,3,64,558000,8719,bez pośredników,,8,https://adresowo.pl/o/mieszkanie-lublin-weglin-ul-kielecka-3-pokojowe-t0i5n5,https://s2.adresowa.pl/oi/20/17/37df12_9b5c_cover@2x-3-pokojowe-mieszkanie-lublin-weglin-ul-kielecka.webp
Lublin Węglin,ul. Jemiołuszki,2,57,539000,9456,bez pośredników,,7,https://adresowo.pl/o/mieszkanie-lublin-weglin-ul-jemioluszki-2-pokojowe-d1c3b4,https://s2.adresowa.pl/oi/5a/32/37b19e_c5af_cover@2x-2-pokojowe-mieszkanie-lublin-weglin-ul-jemioluszki.webp
Lublin Węglinek,ul. Kryształowa,4,82,790000,9634,bez pośredników,,9,https://adresowo.pl/o/mieszkanie-lublin-weglinek-ul-krysztalowa-4-pokojowe-q6k3g9,https://s2.adresowa.pl/oi/7e/71/378d98_62d5_cover@2x-4-pokojowe-mieszkanie-lublin-weglinek-ul-krysztalowa.webp
Lublin Dziesiąta,ul. Juliana Tuwima,2,61,350000,5738,bez pośredników,,5,https://adresowo.pl/o/mieszkanie-lublin-dziesiata-ul-juliana-tuwima-2-pokojowe-m6u3k9,https://s2.adresowa.pl/oi/1f/61/3799c6_e538_cover@2x-2-pokojowe-mieszkanie-lublin-dziesiata-ul-juliana-tuwima.webp
Lublin Sławinek,ul. Kameliowa,3,109,999000,9165,bez pośredników,,17,https://adresowo.pl/o/mieszkanie-lublin-slawinek-ul-kameliowa-3-pokojowe-w4l7w1,https://s2.adresowa.pl/oi/6e/12/3746e4_ff27_cover@2x-3-pokojowe-mieszkanie-lublin-slawinek-ul-kameliowa.webp
Lublin Czechów,ul. Koncertowa,3,71,855000,12042,bez pośredników,,5,https://adresowo.pl/o/mieszkanie-lublin-czechow-ul-koncertowa-3-pokojowe-y4t4w4,https://s2.adresowa.pl/oi/7c/49/3738ae_541a_cover@2x-3-pokojowe-mieszkanie-lublin-czechow-ul-koncertowa.webp
Lublin,ul. Tarasowa,3,54,549000,10167,bez pośredników,,8,https://adresowo.pl/o/mieszkanie-lublin-ul-tarasowa-3-pokojowe-m1a8i9,https://s2.adresowa.pl/oi/68/22/373886_5213_cover@2x-3-pokojowe-mieszkanie-lublin-ul-tarasowa.webp
Lublin Rury,ul. Nadbystrzycka,3,62,639000,10306,bez pośredników,,4,https://adresowo.pl/o/mieszkanie-lublin-rury-ul-nadbystrzycka-3-pokojowe-q2w0o0,https://s2.adresowa.pl/oi/47/24/371614_fa3b_cover@2x-3-pokojowe-mieszkanie-lublin-rury-ul-nadbystrzycka.webp
Lublin Dziesiąta,ul. Młodzieżowa,3,48,435000,9062,bez pośredników,,11,https://adresowo.pl/o/mieszkanie-lublin-dziesiata-ul-mlodziezowa-3-pokojowe-t6b1e8,https://s2.adresowa.pl/oi/50/66/36e4be_c5bc_cover@2x-3-pokojowe-mieszkanie-lublin-dziesiata-ul-mlodziezowa.webp
Lublin,ul. Mełgiewska,2,38,410000,10789,bez pośredników,,7,https://adresowo.pl/o/mieszkanie-lublin-ul-melgiewska-2-pokojowe-o2k8n6,https://s2.adresowa.pl/oi/76/34/36aa7a_4726_cover@2x-2-pokojowe-mieszkanie-lublin-ul-melgiewska.webp
Lublin Ponikwoda,ul. Ignacego Czumy,2,43,zapytaj,,bez pośredników,,6,https://adresowo.pl/o/mieszkanie-lublin-ponikwoda-ul-ignacego-czumy-2-pokojowe-e2k5o8,https://s2.adresowa.pl/oi/6e/18/358d4a_ebab_cover@2x-2-pokojowe-mieszkanie-lublin-ponikwoda-ul-ignacego-czumy.webp
Lublin Śródmieście,ul. Środkowa,3,50,579900,11598,bez pośredników,,17,https://adresowo.pl/o/mieszkanie-lublin-srodmiescie-ul-srodkowa-3-pokojowe-r2j5y5,https://s2.adresowa.pl/oi/6a/3e/3593f0_2dbb_cover@2x-3-pokojowe-mieszkanie-lublin-srodmiescie-ul-srodkowa.webp
Lublin Czuby,ul. Przedwiośnie,4,49,533000,10878,bez pośredników,,14,https://adresowo.pl/o/mieszkanie-lublin-czuby-ul-przedwiosnie-4-pokojowe-r5b5a3,https://s2.adresowa.pl/oi/29/6b/3587c6_d880_cover@2x-4-pokojowe-mieszkanie-lublin-czuby-ul-przedwiosnie.webp
Lublin Wola Sławińska,ul. Zbożowa,3,60,455000,7583,bez pośredników,,9,https://adresowo.pl/o/mieszkanie-lublin-wola-slawinska-ul-zbozowa-3-pokojowe-p0i6m5,https://s2.adresowa.pl/oi/4a/28/34e05c_7b29_cover@2x-3-pokojowe-mieszkanie-lublin-wola-slawinska-ul-zbozowa.webp
Lublin Śródmieście,ul. Jana Sawy,4,76,770000,10132,bez pośredników,,9,https://adresowo.pl/o/mieszkanie-lublin-srodmiescie-ul-jana-sawy-4-pokojowe-i5v5w5,https://s2.adresowa.pl/oi/5f/58/34c6ca_b3d1_cover@2x-4-pokojowe-mieszkanie-lublin-srodmiescie-ul-jana-sawy.webp
Lublin Kalinowszczyzna,ul. Niepodległości,2,48,420000,8750,bez pośredników,,11,https://adresowo.pl/o/mieszkanie-lublin-kalinowszczyzna-ul-niepodleglosci-2-pokojowe-t6y1r9,https://s2.adresowa.pl/oi/5d/58/3457ec_7d9b_cover@2x-2-pokojowe-mieszkanie-lublin-kalinowszczyzna-ul-niepodleglosci.webp
Lublin Sławinek,ul. Baśniowa,3,58,690000,11897,bez pośredników,,8,https://adresowo.pl/o/mieszkanie-lublin-slawinek-ul-basniowa-3-pokojowe-z9v9i3,https://s2.adresowa.pl/oi/22/3c/344aa2_a725_cover@2x-3-pokojowe-mieszkanie-lublin-slawinek-ul-basniowa.webp
Lublin Czechów,ul. Braci Wieniawskich,3,62,579000,9339,bez pośredników,,17,https://adresowo.pl/o/mieszkanie-lublin-czechow-ul-braci-wieniawskich-3-pokojowe-q8b5v5,https://s2.adresowa.pl/oi/48/54/3410bc_4a41_cover@2x-3-pokojowe-mieszkanie-lublin-czechow-ul-braci-wieniawskich.webp
Lublin Węglinek,ul. Koralowa,3,61,729000,11951,bez pośredników,,8,https://adresowo.pl/o/mieszkanie-lublin-weglinek-ul-koralowa-3-pokojowe-u7u3m5,https://s2.adresowa.pl/oi/59/58/33fdc8_de4a_cover@2x-3-pokojowe-mieszkanie-lublin-weglinek-ul-koralowa.webp
Lublin,ul. Wyżynna,2,48,499000,10396,bez pośredników,,8,https://adresowo.pl/o/mieszkanie-lublin-ul-wyzynna-2-pokojowe-q1h3w5,https://s2.adresowa.pl/oi/68/4e/33f1f8_45fc_cover@2x-2-pokojowe-mieszkanie-lublin-ul-wyzynna.webp
Lublin,Śródmieście,3,88,824000,9364,bez pośredników,,12,https://adresowo.pl/o/mieszkanie-lublin-srodmiescie-3-pokojowe-88-m2-s0s8v0,https://s2.adresowa.pl/oi/73/46/33f1ac_6ca3_cover@2x-3-pokojowe-mieszkanie-lublin-srodmiescie.webp
Lublin Bronowice,ul. Droga Męczenników Majdanka,2,52,499000,9596,bez pośredników,,5,https://adresowo.pl/o/mieszkanie-lublin-bronowice-ul-droga-meczennikow-majdanka-2-pokojowe-x4o1d1,https://s2.adresowa.pl/oi/53/4f/339ab8_684d_cover@2x-2-pokojowe-mieszkanie-lublin-bronowice-ul-droga-meczennikow-majdanka.webp
Lublin Sławinek,ul. Bajkowa,2,46,519000,11283,bez pośredników,,4,https://adresowo.pl/o/mieszkanie-lublin-slawinek-ul-bajkowa-2-pokojowe-b0t9p6,https://s2.adresowa.pl/oi/27/60/32adfa_b4a0_cover@2x-2-pokojowe-mieszkanie-lublin-slawinek-ul-bajkowa.webp
Lublin Śródmieście,ul. Chmielna,2,52,520000,10000,bez pośredników,,8,https://adresowo.pl/o/mieszkanie-lublin-srodmiescie-ul-chmielna-2-pokojowe-n7v2z8,https://s2.adresowa.pl/oi/39/1e/335a40_a476_cover@2x-2-pokojowe-mieszkanie-lublin-srodmiescie-ul-chmielna.webp
Lublin,Kośminek,1,23,140000,6087,bez pośredników,,3,https://adresowo.pl/o/mieszkanie-lublin-kosminek-1-pokoj-23-m2-v4x2j6,https://s2.adresowa.pl/oi/17/5f/332794_c28b_cover@2x-1-pokojowe-mieszkanie-lublin-kosminek.webp
Lublin,Kośminek,1,28,150000,5357,bez pośredników,,1,https://adresowo.pl/o/mieszkanie-lublin-kosminek-1-pokoj-28-m2-g3e2l5,https://s2.adresowa.pl/oi/53/74/332792_5c3e_cover@2x-1-pokojowe-mieszkanie-lublin-kosminek.webp
Lublin Czuby,ul. Fantastyczna,3,61,540000,8852,bez pośredników,,8,https://adresowo.pl/o/mieszkanie-lublin-czuby-ul-fantastyczna-3-pokojowe-t2e6e0,https://s2.adresowa.pl/oi/6e/4c/331098_a7f5_cover@2x-3-pokojowe-mieszkanie-lublin-czuby-ul-fantastyczna.webp
Lublin Czuby,ul. Jemiołuszki,2,57,539000,9456,bez pośredników,,14,https://adresowo.pl/o/mieszkanie-lublin-czuby-ul-jemioluszki-2-pokojowe-k7q1f2,https://s2.adresowa.pl/oi/7f/24/321790_2716_cover@2x-2-pokojowe-mieszkanie-lublin-czuby-ul-jemioluszki.webp
Lublin Wrotków,ul. Ignacego Domeyki,3,63,650000,10317,bez pośredników,,10,https://adresowo.pl/o/mieszkanie-lublin-wrotkow-ul-ignacego-domeyki-3-pokojowe-w8l2o0,https://s2.adresowa.pl/oi/5c/67/321440_64b1_cover@2x-3-pokojowe-mieszkanie-lublin-wrotkow-ul-ignacego-domeyki.webp
Lublin Ponikwoda,ul. Laurowa,3,65,700000,10769,bez pośredników,,8,https://adresowo.pl/o/mieszkanie-lublin-ponikwoda-ul-laurowa-3-pokojowe-m2h8m1,https://s2.adresowa.pl/oi/2b/5a/317752_3fe0_cover@2x-3-pokojowe-mieszkanie-lublin-ponikwoda-ul-laurowa.webp
Lublin Czechów,ul. Szwajcarska,5,84,929999,11071,bez pośredników,,20,https://adresowo.pl/o/mieszkanie-lublin-czechow-ul-szwajcarska-5-pokojowe-y6t1b6,https://s2.adresowa.pl/oi/4a/67/395d50_9462_cover@2x-5-pokojowe-mieszkanie-lublin-czechow-ul-szwajcarska.webp
Lublin Śródmieście,ul. Mariana Langiewicza,4,60,650000,10833,bez pośredników,,3,https://adresowo.pl/o/mieszkanie-lublin-srodmiescie-ul-mariana-langiewicza-4-pokojowe-a4b0o0,https://s2.adresowa.pl/oi/7d/25/3176b6_74fe_cover@2x-4-pokojowe-mieszkanie-lublin-srodmiescie-ul-mariana-langiewicza.webp
Lublin Felin,ul. Generała Stanisława Skalskiego,2,39,499999,12820,bez pośredników,,16,https://adresowo.pl/o/mieszkanie-lublin-felin-ul-generala-stanislawa-skalskiego-2-pokojowe-m3d7q5,https://s2.adresowa.pl/oi/3c/7c/31735e_6bfc_cover@2x-2-pokojowe-mieszkanie-lublin-felin-ul-generala-stanislawa-skalskiego.webp
Lublin Felin,ul. Zygmunta Augusta,4,72,790000,10972,bez pośredników,,14,https://adresowo.pl/o/mieszkanie-lublin-felin-ul-zygmunta-augusta-4-pokojowe-w3v7p6,https://s2.adresowa.pl/oi/2e/5d/30a7d6_60c4_cover@2x-4-pokojowe-mieszkanie-lublin-felin-ul-zygmunta-augusta.webp
Lublin Śródmieście,ul. Lipowa,3,73,600000,8219,bez pośredników,,14,https://adresowo.pl/o/mieszkanie-lublin-srodmiescie-ul-lipowa-3-pokojowe-c7m4x4,https://s2.adresowa.pl/oi/7e/62/30a396_d523_cover@2x-3-pokojowe-mieszkanie-lublin-srodmiescie-ul-lipowa.webp
Lublin LSM,ul. Pana Wołodyjowskiego,5,72,798000,11083,bez pośredników,,11,https://adresowo.pl/o/mieszkanie-lublin-lsm-ul-pana-wolodyjowskiego-5-pokojowe-a7t0q6,https://s2.adresowa.pl/oi/54/1c/3050f6_5a75_cover@2x-5-pokojowe-mieszkanie-lublin-lsm-ul-pana-wolodyjowskiego.webp
Lublin Śródmieście,ul. Niecała,2,50,650000,13000,bez pośredników,,4,https://adresowo.pl/o/mieszkanie-lublin-srodmiescie-ul-niecala-2-pokojowe-q1n0o3,https://s2.adresowa.pl/oi/70/64/2ffffa_71e2_cover@2x-2-pokojowe-mieszkanie-lublin-srodmiescie-ul-niecala.webp
Lublin Ponikwoda,ul. Cyprysowa,4,84,815000,9702,bez pośredników,,11,https://adresowo.pl/o/mieszkanie-lublin-ponikwoda-ul-cyprysowa-4-pokojowe-q9k1a1,https://s2.adresowa.pl/oi/69/24/2f5978_f650_cover@2x-4-pokojowe-mieszkanie-lublin-ponikwoda-ul-cyprysowa.webp
Lublin,ul. Motorowa,3,52,475000,9135,bez pośredników,,8,https://adresowo.pl/o/mieszkanie-lublin-ul-motorowa-3-pokojowe-i0d7u4,https://s2.adresowa.pl/oi/34/58/2f1b5c_4efb_cover@2x-3-pokojowe-mieszkanie-lublin-ul-motorowa.webp
Lublin Śródmieście,ul. Niecała,2,75,740000,9867,bez pośredników,,15,https://adresowo.pl/o/mieszkanie-lublin-srodmiescie-ul-niecala-2-pokojowe-u5t7q8,https://s2.adresowa.pl/oi/7f/71/2ee250_b647_cover@2x-2-pokojowe-mieszkanie-lublin-srodmiescie-ul-niecala.webp
Lublin Bronowice,ul. Droga Męczenników Majdanka,3,57,475000,8333,bez pośredników,,8,https://adresowo.pl/o/mieszkanie-lublin-bronowice-ul-droga-meczennikow-majdanka-3-pokojowe-u9c1b9,https://s2.adresowa.pl/oi/3c/7d/2ed66a_9c62_cover@2x-3-pokojowe-mieszkanie-lublin-bronowice-ul-droga-meczennikow-majdanka.webp
Lublin,ul. Władysława Kunickiego,2,56,430000,7679,bez pośredników,,8,https://adresowo.pl/o/mieszkanie-lublin-ul-wladyslawa-kunickiego-2-pokojowe-s5j6a0,https://s2.adresowa.pl/oi/1e/4c/2ec6e8_70f4_cover@2x-2-pokojowe-mieszkanie-lublin-ul-wladyslawa-kunickiego.webp
Lublin Czuby,ul. Sasankowa,3,62,680000,10968,bez pośredników,,15,https://adresowo.pl/o/mieszkanie-lublin-czuby-ul-sasankowa-3-pokojowe-y9u7n2,https://s2.adresowa.pl/oi/18/79/2e99cc_64aa_cover@2x-3-pokojowe-mieszkanie-lublin-czuby-ul-sasankowa.webp
Lublin Wrotków,ul. Nałkowskich,4,68,735000,10809,bez pośredników,,4,https://adresowo.pl/o/mieszkanie-lublin-wrotkow-ul-nalkowskich-4-pokojowe-r8r2e0,https://s2.adresowa.pl/oi/5a/43/2ccff0_9acb_cover@2x-4-pokojowe-mieszkanie-lublin-wrotkow-ul-nalkowskich.webp
Lublin Wrotków,ul. Diamentowa,3,71,830000,11690,bez pośredników,,7,https://adresowo.pl/o/mieszkanie-lublin-wrotkow-ul-diamentowa-3-pokojowe-d0z1i7,https://s2.adresowa.pl/oi/4a/5e/2c6bf2_d3db_cover@2x-3-pokojowe-mieszkanie-lublin-wrotkow-ul-diamentowa.webp
Lublin Felin,ul. Królowej Jadwigi,3,63,570000,9048,bez pośredników,,8,https://adresowo.pl/o/mieszkanie-lublin-felin-ul-krolowej-jadwigi-3-pokojowe-l0j0z3,https://s2.adresowa.pl/oi/73/5b/2c55f6_86c3_cover@2x-3-pokojowe-mieszkanie-lublin-felin-ul-krolowej-jadwigi.webp
Lublin Śródmieście,ul. Lipowa,3,60,670000,11167,bez pośredników,,1,https://adresowo.pl/o/mieszkanie-lublin-srodmiescie-ul-lipowa-3-pokojowe-i5f1v4,https://s2.adresowa.pl/oi/44/40/2bcc00_dede_cover@2x-3-pokojowe-mieszkanie-lublin-srodmiescie-ul-lipowa.webp
Lublin Śródmieście,ul. Fryderyka Chopina,5,93,629000,6763,bez pośredników,,7,https://adresowo.pl/o/mieszkanie-lublin-srodmiescie-ul-fryderyka-chopina-5-pokojowe-o8c6r9,https://s2.adresowa.pl/oi/3c/39/2b9fba_9944_cover@2x-5-pokojowe-mieszkanie-lublin-srodmiescie-ul-fryderyka-chopina.webp
Lublin Czuby,ul. Romantyczna,4,73,620000,8493,bez pośredników,,1,https://adresowo.pl/o/mieszkanie-lublin-czuby-ul-romantyczna-4-pokojowe-r5k6p6,https://s2.adresowa.pl/oi/3b/19/2b1c40_7ded_cover@2x-4-pokojowe-mieszkanie-lublin-czuby-ul-romantyczna.webp
Lublin Kalinowszczyzna,ul. Stefana Okrzei,3,53,535000,10094,bez pośredników,,20,https://adresowo.pl/o/mieszkanie-lublin-kalinowszczyzna-ul-stefana-okrzei-3-pokojowe-m5f9e8,https://s2.adresowa.pl/oi/20/64/27874c_673c_cover@2x-3-pokojowe-mieszkanie-lublin-kalinowszczyzna-ul-stefana-okrzei.webp
Lublin,ul. Konrada Wallenroda,2,56,598000,10679,bez pośredników,,15,https://adresowo.pl/o/mieszkanie-lublin-ul-konrada-wallenroda-2-pokojowe-f0o9a7,https://s2.adresowa.pl/oi/23/25/227ae4_6b30_cover@2x-2-pokojowe-mieszkanie-lublin-ul-konrada-wallenroda.webp
Lublin Wieniawa,al. Racławickie,3,64,750000,11719,bez pośredników,,13,https://adresowo.pl/o/mieszkanie-lublin-wieniawa-al-raclawickie-3-pokojowe-z4l5b0,https://s2.adresowa.pl/oi/4e/60/1dfd60_58ef_cover@2x-3-pokojowe-mieszkanie-lublin-wieniawa-al-raclawickie.webp
