locality,street,rooms,area,price_total_zl,price_sqm_zl,owner_type,date_posted,photo_count,url,image_url
Kraków Bronowice,ul. Stelmachów,2,44,749990,17045,bez pośredników,,20,https://adresowo.pl/o/mieszkanie-krakow-bronowice-ul-stelmachow-2-pokojowe-g9p8q9,https://s2.adresowa.pl/oi/4a/71/3ee6b0_8651_cover@2x-2-pokojowe-mieszkanie-krakow-bronowice-ul-stelmachow.webp
Kraków,Podgórze Duchackie,3,61,1190000,19508,bez pośredników,,8,https://adresowo.pl/o/mieszkanie-krakow-podgorze-duchackie-3-pokojowe-61-m2-u7j8l5,https://s2.adresowa.pl/oi/3b/42/3ff572_563e_cover@2x-3-pokojowe-mieszkanie-krakow-podgorze-duchackie.webp
Kraków Prądnik Biały,ul. Piaszczysta,3,53,1100000,20755,bez pośredników,,8,https://adresowo.pl/o/mieszkanie-krakow-pradnik-bialy-ul-piaszczysta-3-pokojowe-z9g2v5,https://s2.adresowa.pl/oi/73/11/3ff4ea_97f1_cover@2x-3-pokojowe-mieszkanie-krakow-pradnik-bialy-ul-piaszczysta.webp
Kraków Czyżyny,ul. Romana Ciesielskiego,2,40,zapytaj,,bez pośredników,,+92 podobne oferty,https://adresowo.pl/o/mieszkanie-krakow-czyzyny-ul-romana-ciesielskiego-2-pokojowe-q0j5i8,https://s2.adresowa.pl/development/671242/nowe-mieszkania-centralna-vita-def1_cover.jpg
Kraków Mistrzejowice,os. Bohaterów Września,1,31,465000,15000,Pośrednik,,23,https://adresowo.pl/o/mieszkanie-krakow-mistrzejowice-os-bohaterow-wrzesnia-1-pokoj-n3u0z0,https://s2.adresowa.pl/oi/19/73/3ff120_f62d_cover@2x-1-pokojowe-mieszkanie-krakow-mistrzejowice-os-bohaterow-wrzesnia.webp
Kraków Prądnik Czerwony,ul. Powstańców,3,51,670000,13137,Pośrednik,,14,https://adresowo.pl/o/mieszkanie-krakow-pradnik-czerwony-ul-powstancow-3-pokojowe-n8f5c3,https://s2.adresowa.pl/oi/1b/25/3fecfa_d234_cover@2x-3-pokojowe-mieszkanie-krakow-pradnik-czerwony-ul-powstancow.webp
Kraków Nowa Huta,os. Jagiellońskie,2,43,680000,15814,bez pośredników,,13,https://adresowo.pl/o/mieszkanie-krakow-nowa-huta-os-jagiellonskie-2-pokojowe-a9c5k3,https://s2.adresowa.pl/oi/4f/5c/3ff352_4734_cover@2x-2-pokojowe-mieszkanie-krakow-nowa-huta-os-jagiellonskie.webp
Kraków Mistrzejowice,os. Tysiąclecia,2,34,459000,13500,bez pośredników,,9,https://adresowo.pl/o/mieszkanie-krakow-mistrzejowice-os-tysiaclecia-2-pokojowe-y7l4m6,https://s2.adresowa.pl/oi/3c/18/3ff272_2e3d_cover@2x-2-pokojowe-mieszkanie-krakow-mistrzejowice-os-tysiaclecia.webp
Kraków Krowodrza,ul. Żabiniec,2,51,zapytaj,,bez pośredników,,+35 podobnych ofert,https://adresowo.pl/o/mieszkanie-krakow-krowodrza-ul-zabiniec-2-pokojowe-o1b4n0,https://s2.adresowa.pl/development/671656/nowe-mieszkania-zabiniec-vita-c08d_cover.jpg
Kraków Prądnik Czerwony,ul. Strzelców 9A,4,64,899000,14047,Pośrednik,,40,https://adresowo.pl/o/mieszkanie-krakow-pradnik-czerwony-ul-strzelcow-4-pokojowe-y3q2y9,https://s2.adresowa.pl/oi/2f/72/3fecf2_a5c5_cover@2x-4-pokojowe-mieszkanie-krakow-pradnik-czerwony-ul-strzelcow.webp
Kraków Dębniki,ul. Obozowa 118,1,38,600000,15789,Pośrednik,,19,https://adresowo.pl/o/mieszkanie-krakow-debniki-ul-obozowa-1-pokoj-g7i2o8,https://s2.adresowa.pl/oi/68/28/3fecee_fe69_cover@2x-1-pokojowe-mieszkanie-krakow-debniki-ul-obozowa.webp
Kraków Grzegórzki,ul. ks. bp. Władysława Bandurskiego,2,42,700000,16667,bez pośredników,,9,https://adresowo.pl/o/mieszkanie-krakow-grzegorzki-ul-ks-bp-wladyslawa-bandurskiego-2-pokojowe-c8q1l7,https://s2.adresowa.pl/oi/60/60/3ff138_e981_cover@2x-2-pokojowe-mieszkanie-krakow-grzegorzki-ul-ks-bp-wladyslawa-bandurskiego.webp
Kraków Podgórze,ul. Zakopiańska,2,38,580000,15263,bez pośredników,,12,https://adresowo.pl/o/mieszkanie-krakow-podgorze-ul-zakopianska-2-pokojowe-k0y4t3,https://s2.adresowa.pl/oi/60/3a/3fede2_e316_cover@2x-2-pokojowe-mieszkanie-krakow-podgorze-ul-zakopianska.webp
Kraków Bieżanów,ul. Henryka i Karola Czeczów,2,42,zapytaj,,bez pośredników,,+4 podobne oferty,https://adresowo.pl/o/mieszkanie-krakow-biezanow-ul-henryka-i-karola-czeczow-2-pokojowe-a3b2u3,https://s2.adresowa.pl/development/449945/nowe-mieszkania-sloneczne-miasteczko-c8e4_cover.jpg
Kraków Grzegórzki,ul. Masarska,2,38,1000000,26316,Pośrednik,,12,https://adresowo.pl/o/mieszkanie-krakow-grzegorzki-ul-masarska-2-pokojowe-n1y2v5,https://s2.adresowa.pl/oi/2b/68/3feabc_6568_cover@2x-2-pokojowe-mieszkanie-krakow-grzegorzki-ul-masarska.webp
Kraków Krowodrza,ul. Wrocławska 53,2,42,889980,21190,Pośrednik,,8,https://adresowo.pl/o/mieszkanie-krakow-krowodrza-ul-wroclawska-2-pokojowe-z2u7k6,https://s2.adresowa.pl/oi/28/48/3fe9ca_7f78_cover@2x-2-pokojowe-mieszkanie-krakow-krowodrza-ul-wroclawska.webp
Kraków Rżąka,ul. Ludwika Rydygiera,3,59,730000,12373,bez pośredników,,7,https://adresowo.pl/o/mieszkanie-krakow-rzaka-ul-ludwika-rydygiera-3-pokojowe-m1v6e9,https://s2.adresowa.pl/oi/20/2e/3fee7e_b474_cover@2x-3-pokojowe-mieszkanie-krakow-rzaka-ul-ludwika-rydygiera.webp
Kraków Prądnik Biały,ul. Prądnicka,3,66,1325000,20076,bez pośredników,,13,https://adresowo.pl/o/mieszkanie-krakow-pradnik-bialy-ul-pradnicka-3-pokojowe-k1n6t7,https://s2.adresowa.pl/oi/32/33/3fee5a_ede6_cover@2x-3-pokojowe-mieszkanie-krakow-pradnik-bialy-ul-pradnicka.webp
Kraków Bieżanów,ul. Henryka i Karola Czeczów,3,57,zapytaj,,bez pośredników,,+9 podobnych ofert,https://adresowo.pl/o/mieszkanie-krakow-biezanow-ul-henryka-i-karola-czeczow-3-pokojowe-k9t9l3,https://s2.adresowa.pl/development/449945/nowe-mieszkania-sloneczne-miasteczko-c8e4_cover.jpg
Kraków Bieńczyce,os. Albertyńskie,1,25,418000,16720,Pośrednik,,9,https://adresowo.pl/o/mieszkanie-krakow-bienczyce-os-albertynskie-1-pokoj-y5v0v1,https://s2.adresowa.pl/oi/29/22/3fe9b4_2ba1_cover@2x-1-pokojowe-mieszkanie-krakow-bienczyce-os-albertynskie.webp
Kraków Grzegórzki,ul. Stefana Bobrowskiego,2,34,450000,13235,Pośrednik,,12,https://adresowo.pl/o/mieszkanie-krakow-grzegorzki-ul-stefana-bobrowskiego-2-pokojowe-n3o2k8,https://s2.adresowa.pl/oi/50/59/3fe958_5dcc_cover@2x-2-pokojowe-mieszkanie-krakow-grzegorzki-ul-stefana-bobrowskiego.webp
Kraków,Salwator,2,59,998500,16924,bez pośredników,,8,https://adresowo.pl/o/mieszkanie-krakow-salwator-2-pokojowe-59-m2-q6e4p3,https://s2.adresowa.pl/oi/36/13/3fee22_90f1_cover@2x-2-pokojowe-mieszkanie-krakow-salwator.webp
Kraków Stare Miasto,ul. Wielopole,1,21,649000,30905,bez pośredników,,8,https://adresowo.pl/o/mieszkanie-krakow-stare-miasto-ul-wielopole-1-pokoj-t6l7c8,https://s2.adresowa.pl/oi/36/55/3fecfe_279c_cover@2x-1-pokojowe-mieszkanie-krakow-stare-miasto-ul-wielopole.webp
Kraków Czyżyny,ul. Romana Ciesielskiego,3,64,zapytaj,,bez pośredników,,+30 podobnych ofert,https://adresowo.pl/o/mieszkanie-krakow-czyzyny-ul-romana-ciesielskiego-3-pokojowe-j1s2n9,https://s2.adresowa.pl/development/671242/nowe-mieszkania-centralna-vita-def1_cover.jpg
Kraków Bieżanów,ul. Okólna,2,44,539000,12250,Pośrednik,,13,https://adresowo.pl/o/mieszkanie-krakow-biezanow-ul-okolna-2-pokojowe-v1n5i2,https://s2.adresowa.pl/oi/4c/55/3fe468_cd26_cover@2x-2-pokojowe-mieszkanie-krakow-biezanow-ul-okolna.webp
Kraków Bronowice,ul. Na Błonie 11,3,54,779000,14426,Pośrednik,,19,https://adresowo.pl/o/mieszkanie-krakow-bronowice-ul-na-blonie-3-pokojowe-v8a7e0,https://s2.adresowa.pl/oi/4b/38/3fe25a_5faa_cover@2x-3-pokojowe-mieszkanie-krakow-bronowice-ul-na-blonie.webp
Kraków Mistrzejowice,os. Bohaterów Września,3,50,849000,16980,bez pośredników,,21,https://adresowo.pl/o/mieszkanie-krakow-mistrzejowice-os-bohaterow-wrzesnia-3-pokojowe-n8l2p4,https://s2.adresowa.pl/oi/49/2f/3fec3e_77fd_cover@2x-3-pokojowe-mieszkanie-krakow-mistrzejowice-os-bohaterow-wrzesnia.webp
Kraków Prądnik Biały,ul. Krowoderskich Zuchów,1,34,559000,16441,bez pośredników,,6,https://adresowo.pl/o/mieszkanie-krakow-pradnik-bialy-ul-krowoderskich-zuchow-1-pokoj-k8k1d0,https://s2.adresowa.pl/oi/30/58/3fec3c_3ac4_cover@2x-1-pokojowe-mieszkanie-krakow-pradnik-bialy-ul-krowoderskich-zuchow.webp
Kraków Krowodrza,ul. Żabiniec,3,60,zapytaj,,bez pośredników,,+9 podobnych ofert,https://adresowo.pl/o/mieszkanie-krakow-krowodrza-ul-zabiniec-3-pokojowe-e8v4i6,https://s2.adresowa.pl/development/671656/nowe-mieszkania-zabiniec-vita-c08d_cover.jpg
Kraków Nowa Huta,os. Krakowiaków,3,86,899000,10453,Pośrednik,,18,https://adresowo.pl/o/mieszkanie-krakow-nowa-huta-os-krakowiakow-3-pokojowe-q9k9g8,https://s2.adresowa.pl/oi/39/35/3fe258_636d_cover@2x-3-pokojowe-mieszkanie-krakow-nowa-huta-os-krakowiakow.webp
Kraków Bieżanów,ul. Barbary,2,50,595000,11900,Pośrednik,,17,https://adresowo.pl/o/mieszkanie-krakow-biezanow-ul-barbary-2-pokojowe-i0q6x9,https://s2.adresowa.pl/oi/7a/46/3fe256_d4c2_cover@2x-2-pokojowe-mieszkanie-krakow-biezanow-ul-barbary.webp
Kraków Krowodrza,ul. Krowoderskich Zuchów 16,3,59,1400000,23729,bez pośredników,,15,https://adresowo.pl/o/mieszkanie-krakow-krowodrza-ul-krowoderskich-zuchow-3-pokojowe-j3p8k8,https://s2.adresowa.pl/oi/7e/41/3fc8be_7046_cover@2x-3-pokojowe-mieszkanie-krakow-krowodrza-ul-krowoderskich-zuchow.webp
Kraków Podgórze Duchackie,ul. Puszkarska,1,36,619000,17194,bez pośredników,,19,https://adresowo.pl/o/mieszkanie-krakow-podgorze-duchackie-ul-puszkarska-1-pokoj-g3z1k1,https://s2.adresowa.pl/oi/37/72/3feb7c_4f15_cover@2x-1-pokojowe-mieszkanie-krakow-podgorze-duchackie-ul-puszkarska.webp
Kraków Krowodrza,ul. Żabiniec,1,36,zapytaj,,bez pośredników,,+22 podobne oferty,https://adresowo.pl/o/mieszkanie-krakow-krowodrza-ul-zabiniec-1-pokoj-l6o3v4,https://s2.adresowa.pl/development/671656/nowe-mieszkania-zabiniec-vita-c08d_cover.jpg
Kraków Bieżanów,ul. Lilli Wenedy,2,46,695000,15109,Pośrednik,,20,https://adresowo.pl/o/mieszkanie-krakow-biezanow-ul-lilli-wenedy-2-pokojowe-p5d7s9,https://s2.adresowa.pl/oi/5a/60/3fe254_378c_cover@2x-2-pokojowe-mieszkanie-krakow-biezanow-ul-lilli-wenedy.webp
Kraków Bieżanów,ul. Snycerska,3,46,630000,13696,Pośrednik,,8,https://adresowo.pl/o/mieszkanie-krakow-biezanow-ul-snycerska-3-pokojowe-v9o1k9,https://s2.adresowa.pl/oi/29/49/3fe22a_d7c2_cover@2x-3-pokojowe-mieszkanie-krakow-biezanow-ul-snycerska.webp
Kraków Prądnik Biały,ul. Henryka Pachońskiego,3,63,898000,14254,bez pośredników,,10,https://adresowo.pl/o/mieszkanie-krakow-pradnik-bialy-ul-henryka-pachonskiego-3-pokojowe-i3r9e1,https://s2.adresowa.pl/oi/12/3b/3feb38_4f3d_cover@2x-3-pokojowe-mieszkanie-krakow-pradnik-bialy-ul-henryka-pachonskiego.webp
Kraków Czyżyny,ul. Romana Ciesielskiego,1,33,zapytaj,,bez pośredników,,+53 podobne oferty,https://adresowo.pl/o/mieszkanie-krakow-czyzyny-ul-romana-ciesielskiego-1-pokoj-e3j1m1,https://s2.adresowa.pl/development/671242/nowe-mieszkania-centralna-vita-def1_cover.jpg
Kraków Prądnik Czerwony,ul. Na Barciach 12,2,41,486000,11854,Pośrednik,,15,https://adresowo.pl/o/mieszkanie-krakow-pradnik-czerwony-ul-na-barciach-2-pokojowe-o5c4i7,https://s2.adresowa.pl/oi/4e/64/3fe200_fbf6_cover@2x-2-pokojowe-mieszkanie-krakow-pradnik-czerwony-ul-na-barciach.webp
Kraków Podgórze,ul. Wolności 2,2,47,662200,14089,Pośrednik,,7,https://adresowo.pl/o/mieszkanie-krakow-podgorze-ul-wolnosci-2-pokojowe-l0q5y3,https://s2.adresowa.pl/oi/19/2d/3fdcde_aaf8_cover@2x-2-pokojowe-mieszkanie-krakow-podgorze-ul-wolnosci.webp
Kraków Bronowice,ul. Stelmachów,2,44,749990,17045,bez pośredników,,20,https://adresowo.pl/o/mieszkanie-krakow-bronowice-ul-stelmachow-2-pokojowe-g9p8q9,https://s2.adresowa.pl/oi/4a/71/3ee6b0_8651_cover@2x-2-pokojowe-mieszkanie-krakow-bronowice-ul-stelmachow.webp
Kraków Dębniki,ul. Czerwone Maki 59,3,66,949000,14379,bez pośredników,,20,https://adresowo.pl/o/mieszkanie-krakow-debniki-ul-czerwone-maki-3-pokojowe-q6h9s1,https://s2.adresowa.pl/oi/3f/23/3feafc_5e0a_cover@2x-3-pokojowe-mieszkanie-krakow-debniki-ul-czerwone-maki.webp
Kraków Mistrzejowice,os. Piastów,3,46,750000,16304,bez pośredników,,8,https://adresowo.pl/o/mieszkanie-krakow-mistrzejowice-os-piastow-3-pokojowe-c9t7j5,https://s2.adresowa.pl/oi/6f/44/3fe936_90bb_cover@2x-3-pokojowe-mieszkanie-krakow-mistrzejowice-os-piastow.webp
Kraków Czyżyny,ul. Romana Ciesielskiego,4,77,zapytaj,,bez pośredników,,+27 podobnych ofert,https://adresowo.pl/o/mieszkanie-krakow-czyzyny-ul-romana-ciesielskiego-4-pokojowe-x1t7i2,https://s2.adresowa.pl/development/671242/nowe-mieszkania-centralna-vita-def1_cover.jpg
Kraków Stare Miasto,ul. Bracka,2,72,1590000,22083,Pośrednik,,36,https://adresowo.pl/o/mieszkanie-krakow-stare-miasto-ul-bracka-2-pokojowe-q6l6o2,https://s2.adresowa.pl/oi/2a/2c/3fdc2a_ee49_cover@2x-2-pokojowe-mieszkanie-krakow-stare-miasto-ul-bracka.webp
Kraków Bronowice,ul. Starego Dębu,3,63,923000,14651,Pośrednik,,17,https://adresowo.pl/o/mieszkanie-krakow-bronowice-ul-starego-debu-3-pokojowe-z8l1g8,https://s2.adresowa.pl/oi/5d/18/3fdb2c_fdca_cover@2x-3-pokojowe-mieszkanie-krakow-bronowice-ul-starego-debu.webp
Kraków Krowodrza,ul. Juliusza Lea,2,40,715000,17875,bez pośredników,,11,https://adresowo.pl/o/mieszkanie-krakow-krowodrza-ul-juliusza-lea-2-pokojowe-x8l7i4,https://s2.adresowa.pl/oi/2e/7f/3fe92a_a269_cover@2x-2-pokojowe-mieszkanie-krakow-krowodrza-ul-juliusza-lea.webp
Kraków Krowodrza,ul. Leopolda Staffa,3,64,1360000,21250,bez pośredników,,24,https://adresowo.pl/o/mieszkanie-krakow-krowodrza-ul-leopolda-staffa-3-pokojowe-j4s6u0,https://s2.adresowa.pl/oi/17/76/3fe7f2_6dce_cover@2x-3-pokojowe-mieszkanie-krakow-krowodrza-ul-leopolda-staffa.webp
Kraków Bieżanów,ul. Henryka i Karola Czeczów,4,86,zapytaj,,bez pośredników,,+12 podobnych ofert,https://adresowo.pl/o/mieszkanie-krakow-biezanow-ul-henryka-i-karola-czeczow-4-pokojowe-s6p3w4,https://s2.adresowa.pl/development/449945/nowe-mieszkania-sloneczne-miasteczko-c8e4_cover.jpg
Kraków Nowa Huta,os. Stalowe,1,37,510000,13784,Pośrednik,,14,https://adresowo.pl/o/mieszkanie-krakow-nowa-huta-os-stalowe-1-pokoj-t8g7x1,https://s2.adresowa.pl/oi/79/1a/3fd8a0_2dd7_cover@2x-1-pokojowe-mieszkanie-krakow-nowa-huta-os-stalowe.webp
Kraków Grzegórzki,ul. płk. Francesco Nullo,3,46,723850,15736,Pośrednik,,16,https://adresowo.pl/o/mieszkanie-krakow-grzegorzki-ul-plk-francesco-nullo-3-pokojowe-y8h6x3,https://s2.adresowa.pl/oi/68/34/3fd88c_ca51_cover@2x-3-pokojowe-mieszkanie-krakow-grzegorzki-ul-plk-francesco-nullo.webp
Kraków,Dębniki,1,31,840000,27097,bez pośredników,,8,https://adresowo.pl/o/mieszkanie-krakow-debniki-1-pokoj-31-m2-j8j1n8,https://s2.adresowa.pl/oi/35/62/3fe5ee_d939_cover@2x-1-pokojowe-mieszkanie-krakow-debniki.webp
Kraków Zabłocie,ul. Pana Tadeusza,2,49,749000,15286,bez pośredników,,13,https://adresowo.pl/o/mieszkanie-krakow-zablocie-ul-pana-tadeusza-2-pokojowe-c7y6h8,https://s2.adresowa.pl/oi/35/3e/3e3cc8_4831_cover@2x-2-pokojowe-mieszkanie-krakow-zablocie-ul-pana-tadeusza.webp
Kraków Krowodrza,ul. Żabiniec,4,80,zapytaj,,bez pośredników,,+5 podobnych ofert,https://adresowo.pl/o/mieszkanie-krakow-krowodrza-ul-zabiniec-4-pokojowe-n0x0r3,https://s2.adresowa.pl/development/671656/nowe-mieszkania-zabiniec-vita-c08d_cover.jpg
Kraków Prądnik Biały,ul. Eljasza Walerego Radzikowskiego,2,59,930000,15763,Pośrednik,,25,https://adresowo.pl/o/mieszkanie-krakow-pradnik-bialy-ul-eljasza-walerego-radzikowskiego-2-pokojowe-m4t0d1,https://s2.adresowa.pl/oi/60/66/3fd860_9ae9_cover@2x-2-pokojowe-mieszkanie-krakow-pradnik-bialy-ul-eljasza-walerego-radzikowskiego.webp
Kraków Krowodrza,ul. Racławicka,2,40,630000,15750,Pośrednik,,39,https://adresowo.pl/o/mieszkanie-krakow-krowodrza-ul-raclawicka-2-pokojowe-u3s2n5,https://s2.adresowa.pl/oi/2b/6f/3fd568_c2bd_cover@2x-2-pokojowe-mieszkanie-krakow-krowodrza-ul-raclawicka.webp
Kraków Dąbie,ul. Widok,2,50,749000,14980,bez pośredników,,16,https://adresowo.pl/o/mieszkanie-krakow-dabie-ul-widok-2-pokojowe-c1n5c4,https://s2.adresowa.pl/oi/25/53/3fe5ba_cc49_cover@2x-2-pokojowe-mieszkanie-krakow-dabie-ul-widok.webp
Kraków Bieńczyce,os. Albertyńskie,2,37,619000,16730,bez pośredników,,12,https://adresowo.pl/o/mieszkanie-krakow-bienczyce-os-albertynskie-2-pokojowe-k2n3c1,https://s2.adresowa.pl/oi/48/7d/3fe592_68ba_cover@2x-2-pokojowe-mieszkanie-krakow-bienczyce-os-albertynskie.webp
Kraków Krowodrza,ul. Krowoderskich Zuchów,1,27,559000,20704,bez pośredników,,5,https://adresowo.pl/o/mieszkanie-krakow-krowodrza-ul-krowoderskich-zuchow-1-pokoj-o8h9o1,https://s2.adresowa.pl/oi/22/31/3fe53a_e926_cover@2x-1-pokojowe-mieszkanie-krakow-krowodrza-ul-krowoderskich-zuchow.webp
Kraków Dębniki,ul. prof. Michała Bobrzyńskiego,2,32,599000,18719,Pośrednik,,16,https://adresowo.pl/o/mieszkanie-krakow-debniki-ul-prof-michala-bobrzynskiego-2-pokojowe-h4s8v4,https://s2.adresowa.pl/oi/60/35/3fd344_c635_cover@2x-2-pokojowe-mieszkanie-krakow-debniki-ul-prof-michala-bobrzynskiego.webp
Kraków Podgórze Duchackie,ul. por. Halszki,2,50,675000,13500,Pośrednik,,17,https://adresowo.pl/o/mieszkanie-krakow-podgorze-duchackie-ul-por-halszki-2-pokojowe-p5e9k8,https://s2.adresowa.pl/oi/7e/21/3fd2b4_72c5_cover@2x-2-pokojowe-mieszkanie-krakow-podgorze-duchackie-ul-por-halszki.webp
Kraków Prokocim,ul. Konrada Wallenroda,3,56,890000,15893,bez pośredników,,10,https://adresowo.pl/o/mieszkanie-krakow-prokocim-ul-konrada-wallenroda-3-pokojowe-e3o9n0,https://s2.adresowa.pl/oi/7f/38/3fe518_72bd_cover@2x-3-pokojowe-mieszkanie-krakow-prokocim-ul-konrada-wallenroda.webp
Kraków Podgórze,ul. Janowa Wola,2,53,965000,18208,bez pośredników,,12,https://adresowo.pl/o/mieszkanie-krakow-podgorze-ul-janowa-wola-2-pokojowe-d3w0l7,https://s2.adresowa.pl/oi/62/33/3fe3c6_6942_cover@2x-2-pokojowe-mieszkanie-krakow-podgorze-ul-janowa-wola.webp
Kraków Azory,ul. Marii Jaremy,2,35,595000,17000,bez pośredników,,19,https://adresowo.pl/o/mieszkanie-krakow-azory-ul-marii-jaremy-2-pokojowe-o2u4p2,https://s2.adresowa.pl/oi/17/6b/3fdae4_7f68_cover@2x-2-pokojowe-mieszkanie-krakow-azory-ul-marii-jaremy.webp
Kraków Podgórze,ul. Puszkarska,3,50,869000,17380,Pośrednik,,20,https://adresowo.pl/o/mieszkanie-krakow-podgorze-ul-puszkarska-3-pokojowe-k9a4p8,https://s2.adresowa.pl/oi/57/78/3fd020_989b_cover@2x-3-pokojowe-mieszkanie-krakow-podgorze-ul-puszkarska.webp
Kraków Ruczaj,ul. Raciborska,2,52,710000,13654,Pośrednik,,6,https://adresowo.pl/o/mieszkanie-krakow-ruczaj-ul-raciborska-2-pokojowe-d6d0p0,https://s2.adresowa.pl/oi/68/4d/3fcd7c_a284_cover@2x-2-pokojowe-mieszkanie-krakow-ruczaj-ul-raciborska.webp
Kraków,Prądnik Czerwony,3,46,730000,15870,bez pośredników,,8,https://adresowo.pl/o/mieszkanie-krakow-pradnik-czerwony-3-pokojowe-46-m2-w7k6a9,https://s2.adresowa.pl/oi/5f/2f/3fda8e_e74e_cover@2x-3-pokojowe-mieszkanie-krakow-pradnik-czerwony.webp
Kraków Prądnik Biały,ul. Zygmuntowska,1,30,529000,17633,bez pośredników,,9,https://adresowo.pl/o/mieszkanie-krakow-pradnik-bialy-ul-zygmuntowska-1-pokoj-c0o0n5,https://s2.adresowa.pl/oi/4a/4a/3fd9e0_9cdb_cover@2x-1-pokojowe-mieszkanie-krakow-pradnik-bialy-ul-zygmuntowska.webp
Kraków Bronowice Małe,ul. Na Błonie,1,24,404000,16833,bez pośredników,,5,https://adresowo.pl/o/mieszkanie-krakow-bronowice-male-ul-na-blonie-1-pokoj-u3x7h5,https://s2.adresowa.pl/oi/73/41/3fd86e_2867_cover@2x-1-pokojowe-mieszkanie-krakow-bronowice-male-ul-na-blonie.webp
Kraków Ruczaj,ul. Kobierzyńska,3,62,834150,13454,Pośrednik,,10,https://adresowo.pl/o/mieszkanie-krakow-ruczaj-ul-kobierzynska-3-pokojowe-j2b0c4,https://s2.adresowa.pl/oi/2f/7e/3fcc98_c607_cover@2x-3-pokojowe-mieszkanie-krakow-ruczaj-ul-kobierzynska.webp
Kraków Grzegórzki,ul. Mogilska,3,65,930000,14308,Pośrednik,,33,https://adresowo.pl/o/mieszkanie-krakow-grzegorzki-ul-mogilska-3-pokojowe-d9b6n1,https://s2.adresowa.pl/oi/6e/14/3fcc8e_3eb3_cover@2x-3-pokojowe-mieszkanie-krakow-grzegorzki-ul-mogilska.webp
Kraków Nowa Huta,os. Przy Arce,1,30,529000,17633,bez pośredników,,7,https://adresowo.pl/o/mieszkanie-krakow-nowa-huta-os-przy-arce-1-pokoj-q3i2u1,https://s2.adresowa.pl/oi/3d/31/3fd71a_445c_cover@2x-1-pokojowe-mieszkanie-krakow-nowa-huta-os-przy-arce.webp
Kraków Prądnik Czerwony,ul. Reduta,2,35,662000,18914,bez pośredników,,13,https://adresowo.pl/o/mieszkanie-krakow-pradnik-czerwony-ul-reduta-2-pokojowe-d4f9g5,https://s2.adresowa.pl/oi/3d/6f/3fd6e4_a05c_cover@2x-2-pokojowe-mieszkanie-krakow-pradnik-czerwony-ul-reduta.webp
Kraków Łagiewniki-Borek Fałęcki,ul. Borsucza,2,30,459000,15300,bez pośredników,,8,https://adresowo.pl/o/mieszkanie-krakow-lagiewniki-borek-falecki-ul-borsucza-2-pokojowe-b6i1m8,https://s2.adresowa.pl/oi/52/54/3fd6e0_6113_cover@2x-2-pokojowe-mieszkanie-krakow-lagiewniki-borek-falecki-ul-borsucza.webp
Kraków Podgórze Duchackie,ul. Beskidzka,3,62,829000,13371,Pośrednik,,28,https://adresowo.pl/o/mieszkanie-krakow-podgorze-duchackie-ul-beskidzka-3-pokojowe-w3r8y7,https://s2.adresowa.pl/oi/43/58/3fcc44_4efb_cover@2x-3-pokojowe-mieszkanie-krakow-podgorze-duchackie-ul-beskidzka.webp
Kraków Grzegórzki,al. płk. Władysława Beliny-Prażmowskiego,2,54,795000,14722,Pośrednik,,16,https://adresowo.pl/o/mieszkanie-krakow-grzegorzki-al-plk-wladyslawa-beliny-prazmowskiego-2-pokojowe-v4n4a7,https://s2.adresowa.pl/oi/6a/50/3fc6b0_be6b_cover@2x-2-pokojowe-mieszkanie-krakow-grzegorzki-al-plk-wladyslawa-beliny-prazmowskiego.webp
Kraków Dębniki,ul. Rozdroże,3,66,995000,15076,bez pośredników,,17,https://adresowo.pl/o/mieszkanie-krakow-debniki-ul-rozdroze-3-pokojowe-w4k0f8,https://s2.adresowa.pl/oi/5e/55/3fd6be_8652_cover@2x-3-pokojowe-mieszkanie-krakow-debniki-ul-rozdroze.webp
Kraków Prądnik Czerwony,ul. Żułowska,2,34,595000,17500,bez pośredników,,8,https://adresowo.pl/o/mieszkanie-krakow-pradnik-czerwony-ul-zulowska-2-pokojowe-x5k6j3,https://s2.adresowa.pl/oi/59/37/3fd6a2_a697_cover@2x-2-pokojowe-mieszkanie-krakow-pradnik-czerwony-ul-zulowska.webp
Kraków Prokocim,ul. Snycerska,3,49,750000,15306,bez pośredników,,8,https://adresowo.pl/o/mieszkanie-krakow-prokocim-ul-snycerska-3-pokojowe-m6k8w3,https://s2.adresowa.pl/oi/61/19/3fd5c0_592a_cover@2x-3-pokojowe-mieszkanie-krakow-prokocim-ul-snycerska.webp
Kraków Bronowice,ul. Stańczyka,1,37,780000,21081,Pośrednik,,6,https://adresowo.pl/o/mieszkanie-krakow-bronowice-ul-stanczyka-1-pokoj-r4k6o0,https://s2.adresowa.pl/oi/7e/16/3fc6ae_db8e_cover@2x-1-pokojowe-mieszkanie-krakow-bronowice-ul-stanczyka.webp
Kraków Bieńczyce,os. Jagiellońskie,2,44,589000,13386,Pośrednik,,13,https://adresowo.pl/o/mieszkanie-krakow-bienczyce-os-jagiellonskie-2-pokojowe-q6x5g8,https://s2.adresowa.pl/oi/74/3e/3fc6a6_c560_cover@2x-2-pokojowe-mieszkanie-krakow-bienczyce-os-jagiellonskie.webp
Kraków Podgórze Duchackie,ul. Adama Bochenka,2,54,795000,14722,bez pośredników,,8,https://adresowo.pl/o/mieszkanie-krakow-podgorze-duchackie-ul-adama-bochenka-2-pokojowe-k6u6s7,https://s2.adresowa.pl/oi/12/6f/3fd5c4_5c40_cover@2x-2-pokojowe-mieszkanie-krakow-podgorze-duchackie-ul-adama-bochenka.webp
Kraków Czyżyny,ul. Sołtysowska,2,44,750000,17045,bez pośredników,,17,https://adresowo.pl/o/mieszkanie-krakow-czyzyny-ul-soltysowska-2-pokojowe-n1p2b1,https://s2.adresowa.pl/oi/5e/63/3fd56a_2e32_cover@2x-2-pokojowe-mieszkanie-krakow-czyzyny-ul-soltysowska.webp
Kraków Prądnik Biały,ul. abp. Zygmunta Szczęsnego Felińskiego,1,39,640000,16410,bez pośredników,,5,https://adresowo.pl/o/mieszkanie-krakow-pradnik-bialy-ul-abp-zygmunta-szczesnego-felinskiego-1-pokoj-g6r4n8,https://s2.adresowa.pl/oi/61/26/3fd400_7775_cover@2x-1-pokojowe-mieszkanie-krakow-pradnik-bialy-ul-abp-zygmunta-szczesnego-felinskiego.webp
Kraków Krowodrza,ul. Kołowa,2,41,717000,17488,Pośrednik,,13,https://adresowo.pl/o/mieszkanie-krakow-krowodrza-ul-kolowa-2-pokojowe-y7n3x8,https://s2.adresowa.pl/oi/49/52/3fc694_43cf_cover@2x-2-pokojowe-mieszkanie-krakow-krowodrza-ul-kolowa.webp
Kraków Stare Miasto,ul. Kremerowska,2,61,649000,10639,Pośrednik,,35,https://adresowo.pl/o/mieszkanie-krakow-stare-miasto-ul-kremerowska-2-pokojowe-l4x1p3,https://s2.adresowa.pl/oi/48/3d/3fc3b0_6e86_cover@2x-2-pokojowe-mieszkanie-krakow-stare-miasto-ul-kremerowska.webp
Kraków Prądnik Czerwony,ul. Pawła Włodkowica,1,36,600000,16667,bez pośredników,,13,https://adresowo.pl/o/mieszkanie-krakow-pradnik-czerwony-ul-pawla-wlodkowica-1-pokoj-t2k5z8,https://s2.adresowa.pl/oi/71/68/3fd336_b278_cover@2x-1-pokojowe-mieszkanie-krakow-pradnik-czerwony-ul-pawla-wlodkowica.webp
Kraków Bieżanów,ul. Aleksandry,1,38,500000,13158,bez pośredników,,20,https://adresowo.pl/o/mieszkanie-krakow-biezanow-ul-aleksandry-1-pokoj-k1y6e8,https://s2.adresowa.pl/oi/17/23/3fd30e_a3fc_cover@2x-1-pokojowe-mieszkanie-krakow-biezanow-ul-aleksandry.webp
Kraków Płaszów,ul. Myśliwska,3,60,1150000,19167,bez pośredników,,21,https://adresowo.pl/o/mieszkanie-krakow-plaszow-ul-mysliwska-3-pokojowe-e5i8o6,https://s2.adresowa.pl/oi/27/7e/3fd1b8_5aa9_cover@2x-3-pokojowe-mieszkanie-krakow-plaszow-ul-mysliwska.webp
Kraków Kurdwanów,ul. Jakuba Bojki,2,48,685000,14271,Pośrednik,,11,https://adresowo.pl/o/mieszkanie-krakow-kurdwanow-ul-jakuba-bojki-2-pokojowe-m5f3d1,https://s2.adresowa.pl/oi/77/36/3fc3a4_e29a_cover@2x-2-pokojowe-mieszkanie-krakow-kurdwanow-ul-jakuba-bojki.webp
Kraków Kazimierz,ul. Starowiślna,3,64,1340000,20938,Pośrednik,,8,https://adresowo.pl/o/mieszkanie-krakow-kazimierz-ul-starowislna-3-pokojowe-t1y8b4,https://s2.adresowa.pl/oi/30/71/3fc25a_d28d_cover@2x-3-pokojowe-mieszkanie-krakow-kazimierz-ul-starowislna.webp
Kraków Bronowice,ul. Gabrieli Zapolskiej,2,57,1080000,18947,bez pośredników,,12,https://adresowo.pl/o/mieszkanie-krakow-bronowice-ul-gabrieli-zapolskiej-2-pokojowe-i0h8p5,https://s2.adresowa.pl/oi/31/3b/3fd012_84dc_cover@2x-2-pokojowe-mieszkanie-krakow-bronowice-ul-gabrieli-zapolskiej.webp
Kraków Prądnik Biały,ul. Dożynkowa,3,50,999000,19980,bez pośredników,,11,https://adresowo.pl/o/mieszkanie-krakow-pradnik-bialy-ul-dozynkowa-3-pokojowe-k1v6q7,https://s2.adresowa.pl/oi/54/7a/3fcb82_e3cf_cover@2x-3-pokojowe-mieszkanie-krakow-pradnik-bialy-ul-dozynkowa.webp
Kraków Stare Miasto,ul. Łobzowska,2,46,990000,21522,bez pośredników,,15,https://adresowo.pl/o/mieszkanie-krakow-stare-miasto-ul-lobzowska-2-pokojowe-q5e3s1,https://s2.adresowa.pl/oi/7b/4d/3fcb4c_e477_cover@2x-2-pokojowe-mieszkanie-krakow-stare-miasto-ul-lobzowska.webp
Kraków Krowodrza,ul. Rusznikarska,2,46,699000,15196,Pośrednik,,9,https://adresowo.pl/o/mieszkanie-krakow-krowodrza-ul-rusznikarska-2-pokojowe-o1y8m6,https://s2.adresowa.pl/oi/36/51/3fc14a_5cb1_cover@2x-2-pokojowe-mieszkanie-krakow-krowodrza-ul-rusznikarska.webp
Kraków Stare Miasto,al. 29 Listopada,2,49,745000,15204,Pośrednik,,17,https://adresowo.pl/o/mieszkanie-krakow-stare-miasto-al-29-listopada-2-pokojowe-w3i8b4,https://s2.adresowa.pl/oi/51/10/3fbd60_72b1_cover@2x-2-pokojowe-mieszkanie-krakow-stare-miasto-al-29-listopada.webp
Kraków Grzegórzki,ul. Widok,1,23,405000,17609,bez pośredników,,8,https://adresowo.pl/o/mieszkanie-krakow-grzegorzki-ul-widok-1-pokoj-w2r3s4,https://s2.adresowa.pl/oi/5e/65/3fc91e_cf7e_cover@2x-1-pokojowe-mieszkanie-krakow-grzegorzki-ul-widok.webp
Kraków Podgórze Duchackie,ul. Serbska,3,53,669000,12623,bez pośredników,,9,https://adresowo.pl/o/mieszkanie-krakow-podgorze-duchackie-ul-serbska-3-pokojowe-i9a6x5,https://s2.adresowa.pl/oi/52/37/3fc820_fdb2_cover@2x-3-pokojowe-mieszkanie-krakow-podgorze-duchackie-ul-serbska.webp
Kraków Nowa Huta,os. Kolorowe,2,54,895000,16574,bez pośredników,,18,https://adresowo.pl/o/mieszkanie-krakow-nowa-huta-os-kolorowe-2-pokojowe-x2w8o5,https://s2.adresowa.pl/oi/28/7f/3fc800_350d_cover@2x-2-pokojowe-mieszkanie-krakow-nowa-huta-os-kolorowe.webp
Kraków Krowodrza,ul. Kazimierza Wielkiego,3,44,795000,18068,Pośrednik,,12,https://adresowo.pl/o/mieszkanie-krakow-krowodrza-ul-kazimierza-wielkiego-3-pokojowe-y7b3w6,https://s2.adresowa.pl/oi/4b/12/3fbd56_5ab1_cover@2x-3-pokojowe-mieszkanie-krakow-krowodrza-ul-kazimierza-wielkiego.webp
Kraków Kurdwanów,ul. por. Halszki,2,51,690000,13529,Pośrednik,,15,https://adresowo.pl/o/mieszkanie-krakow-kurdwanow-ul-por-halszki-2-pokojowe-s1y0c0,https://s2.adresowa.pl/oi/35/33/3fbc7a_916a_cover@2x-2-pokojowe-mieszkanie-krakow-kurdwanow-ul-por-halszki.webp
Kraków Wola Justowska,ul. Piotra Borowego,4,105,1950000,18571,bez pośredników,,14,https://adresowo.pl/o/mieszkanie-krakow-wola-justowska-ul-piotra-borowego-4-pokojowe-k5o9r8,https://s2.adresowa.pl/oi/31/17/3fc7d8_c1c0_cover@2x-4-pokojowe-mieszkanie-krakow-wola-justowska-ul-piotra-borowego.webp
Kraków Płaszów,ul. ks. Wincentego Turka,1,27,450000,16667,bez pośredników,,15,https://adresowo.pl/o/mieszkanie-krakow-plaszow-ul-ks-wincentego-turka-1-pokoj-s3v2r1,https://s2.adresowa.pl/oi/2a/52/3fc7a2_f602_cover@2x-1-pokojowe-mieszkanie-krakow-plaszow-ul-ks-wincentego-turka.webp
Kraków Grzegórzki,ul. Grzegórzecka,2,59,1850000,31356,bez pośredników,,8,https://adresowo.pl/o/mieszkanie-krakow-grzegorzki-ul-grzegorzecka-2-pokojowe-i8i3q1,https://s2.adresowa.pl/oi/5e/2c/3fc75c_f11b_cover@2x-2-pokojowe-mieszkanie-krakow-grzegorzki-ul-grzegorzecka.webp
Kraków Prądnik Biały,ul. Piaszczysta,2,42,730000,17381,Pośrednik,,13,https://adresowo.pl/o/mieszkanie-krakow-pradnik-bialy-ul-piaszczysta-2-pokojowe-k4g1e9,https://s2.adresowa.pl/oi/70/55/3fbb50_7e11_cover@2x-2-pokojowe-mieszkanie-krakow-pradnik-bialy-ul-piaszczysta.webp
Kraków Krowodrza,ul. Krowoderskich Zuchów,3,50,729000,14580,Pośrednik,,29,https://adresowo.pl/o/mieszkanie-krakow-krowodrza-ul-krowoderskich-zuchow-3-pokojowe-s4g6i0,https://s2.adresowa.pl/oi/76/3a/3fbb48_4564_cover@2x-3-pokojowe-mieszkanie-krakow-krowodrza-ul-krowoderskich-zuchow.webp
Kraków,Prądnik Biały,4,57,850000,14912,bez pośredników,,8,https://adresowo.pl/o/mieszkanie-krakow-pradnik-bialy-4-pokojowe-57-m2-w9b1r4,https://s2.adresowa.pl/oi/16/45/3fc734_5549_cover@2x-4-pokojowe-mieszkanie-krakow-pradnik-bialy.webp
Kraków Podgórze,ul. Kącik,3,47,859000,18277,bez pośredników,,21,https://adresowo.pl/o/mieszkanie-krakow-podgorze-ul-kacik-3-pokojowe-y2v1b2,https://s2.adresowa.pl/oi/17/5d/3fc732_495a_cover@2x-3-pokojowe-mieszkanie-krakow-podgorze-ul-kacik.webp
Kraków Prądnik Czerwony,ul. Celarowska,1,26,380000,14615,bez pośredników,,6,https://adresowo.pl/o/mieszkanie-krakow-pradnik-czerwony-ul-celarowska-1-pokoj-s2y7l9,https://s2.adresowa.pl/oi/52/30/3fc71a_c3fb_cover@2x-1-pokojowe-mieszkanie-krakow-pradnik-czerwony-ul-celarowska.webp
Kraków Podgórze Duchackie,ul. Gołaśka,3,52,630000,12115,Pośrednik,,11,https://adresowo.pl/o/mieszkanie-krakow-podgorze-duchackie-ul-golaska-3-pokojowe-n0v2y8,https://s2.adresowa.pl/oi/12/2d/3fb7f8_8610_cover@2x-3-pokojowe-mieszkanie-krakow-podgorze-duchackie-ul-golaska.webp
Kraków Grzegórzki,al. Pokoju,3,48,788000,16417,Pośrednik,,26,https://adresowo.pl/o/mieszkanie-krakow-grzegorzki-al-pokoju-3-pokojowe-l0g4r3,https://s2.adresowa.pl/oi/4d/5d/3fb6c2_e20a_cover@2x-3-pokojowe-mieszkanie-krakow-grzegorzki-al-pokoju.webp
Kraków Bieńczyce,os. Złotej Jesieni,2,37,579000,15649,bez pośredników,,17,https://adresowo.pl/o/mieszkanie-krakow-bienczyce-os-zlotej-jesieni-2-pokojowe-z8t7i1,https://s2.adresowa.pl/oi/4b/27/3fc66e_5d2d_cover@2x-2-pokojowe-mieszkanie-krakow-bienczyce-os-zlotej-jesieni.webp
Kraków Podgórze,ul. Kalwaryjska,2,61,915000,15000,bez pośredników,,14,https://adresowo.pl/o/mieszkanie-krakow-podgorze-ul-kalwaryjska-2-pokojowe-s8k2p8,https://s2.adresowa.pl/oi/49/66/3fc466_4e3e_cover@2x-2-pokojowe-mieszkanie-krakow-podgorze-ul-kalwaryjska.webp
Kraków Podgórze,ul. Wielicka,2,49,784000,16000,bez pośredników,,15,https://adresowo.pl/o/mieszkanie-krakow-podgorze-ul-wielicka-2-pokojowe-a6h5g3,https://s2.adresowa.pl/oi/36/6c/3fc436_8f02_cover@2x-2-pokojowe-mieszkanie-krakow-podgorze-ul-wielicka.webp
Kraków Nowa Huta,os. Zielone,2,45,610000,13556,Pośrednik,,40,https://adresowo.pl/o/mieszkanie-krakow-nowa-huta-os-zielone-2-pokojowe-v6j0a7,https://s2.adresowa.pl/oi/3d/27/3fb6be_70aa_cover@2x-2-pokojowe-mieszkanie-krakow-nowa-huta-os-zielone.webp
Kraków Rakowice,al. 29 Listopada,3,62,929000,14984,Pośrednik,,2,https://adresowo.pl/o/mieszkanie-krakow-rakowice-al-29-listopada-3-pokojowe-l1u3l1,https://s2.adresowa.pl/oi/11/65/3fb658_6c6e_cover@2x-3-pokojowe-mieszkanie-krakow-rakowice-al-29-listopada.webp
Kraków Zabłocie,ul. Zabłocie,2,40,990000,24750,bez pośredników,,15,https://adresowo.pl/o/mieszkanie-krakow-zablocie-ul-zablocie-2-pokojowe-t9g1m3,https://s2.adresowa.pl/oi/48/57/3fc16a_f056_cover@2x-2-pokojowe-mieszkanie-krakow-zablocie-ul-zablocie.webp
Kraków Czyżyny,ul. Sołtysowska,1,35,619000,17686,bez pośredników,,5,https://adresowo.pl/o/mieszkanie-krakow-czyzyny-ul-soltysowska-1-pokoj-p6o7y1,https://s2.adresowa.pl/oi/69/55/3fc08e_8f8c_cover@2x-1-pokojowe-mieszkanie-krakow-czyzyny-ul-soltysowska.webp
Kraków Krowodrza,ul. Litewska,1,25,535000,21400,bez pośredników,,10,https://adresowo.pl/o/mieszkanie-krakow-krowodrza-ul-litewska-1-pokoj-a4u7r8,https://s2.adresowa.pl/oi/20/6c/3fc062_4b8c_cover@2x-1-pokojowe-mieszkanie-krakow-krowodrza-ul-litewska.webp
Kraków,ul. Na Błonie,1,25,380000,15200,Pośrednik,,2,https://adresowo.pl/o/mieszkanie-krakow-ul-na-blonie-1-pokoj-l2a0g7,https://s2.adresowa.pl/oi/2a/2a/3fb656_839a_cover@2x-1-pokojowe-mieszkanie-krakow-ul-na-blonie.webp
Kraków Bronowice,ul. Władysława Podkowińskiego,2,43,590000,13721,Pośrednik,,40,https://adresowo.pl/o/mieszkanie-krakow-bronowice-ul-wladyslawa-podkowinskiego-2-pokojowe-r2o8o6,https://s2.adresowa.pl/oi/28/70/3fb61e_4598_cover@2x-2-pokojowe-mieszkanie-krakow-bronowice-ul-wladyslawa-podkowinskiego.webp
Kraków Prądnik Czerwony,ul. Kazimierza Chałupnika,1,33,629000,19061,bez pośredników,,8,https://adresowo.pl/o/mieszkanie-krakow-pradnik-czerwony-ul-kazimierza-chalupnika-1-pokoj-g8x8c9,https://s2.adresowa.pl/oi/34/79/3fc052_44a1_cover@2x-1-pokojowe-mieszkanie-krakow-pradnik-czerwony-ul-kazimierza-chalupnika.webp
Kraków Mistrzejowice,os. Piastów,4,66,1150000,17424,bez pośredników,,15,https://adresowo.pl/o/mieszkanie-krakow-mistrzejowice-os-piastow-4-pokojowe-u4r7r1,https://s2.adresowa.pl/oi/7e/68/3fc042_44d4_cover@2x-4-pokojowe-mieszkanie-krakow-mistrzejowice-os-piastow.webp
Kraków Prądnik Biały,ul. Kuźnicy Kołłątajowskiej,4,118,1690000,14322,bez pośredników,,8,https://adresowo.pl/o/mieszkanie-krakow-pradnik-bialy-ul-kuznicy-kollatajowskiej-4-pokojowe-r2x5q7,https://s2.adresowa.pl/oi/43/7e/3fbfae_31d7_cover@2x-4-pokojowe-mieszkanie-krakow-pradnik-bialy-ul-kuznicy-kollatajowskiej.webp
Kraków Prądnik Biały,ul. Szopkarzy,3,32,439000,13719,Pośrednik,,19,https://adresowo.pl/o/mieszkanie-krakow-pradnik-bialy-ul-szopkarzy-3-pokojowe-u5x5k9,https://s2.adresowa.pl/oi/72/31/3fb566_dd0d_cover@2x-3-pokojowe-mieszkanie-krakow-pradnik-bialy-ul-szopkarzy.webp
Kraków Podgórze,ul. Celna 12,3,79,1050000,13291,Pośrednik,,16,https://adresowo.pl/o/mieszkanie-krakow-podgorze-ul-celna-3-pokojowe-s2d9r5,https://s2.adresowa.pl/oi/5b/38/3fb1de_866a_cover@2x-3-pokojowe-mieszkanie-krakow-podgorze-ul-celna.webp
Kraków Prądnik Biały,ul. Wielkotyrnowska,1,16,319000,19938,bez pośredników,,8,https://adresowo.pl/o/mieszkanie-krakow-pradnik-bialy-ul-wielkotyrnowska-1-pokoj-s2o7t8,https://s2.adresowa.pl/oi/25/52/3fbf84_72aa_cover@2x-1-pokojowe-mieszkanie-krakow-pradnik-bialy-ul-wielkotyrnowska.webp
Kraków Ruczaj,ul. Przemiarki,2,49,850000,17347,bez pośredników,,16,https://adresowo.pl/o/mieszkanie-krakow-ruczaj-ul-przemiarki-2-pokojowe-d4r1o0,https://s2.adresowa.pl/oi/67/11/3fbf42_433d_cover@2x-2-pokojowe-mieszkanie-krakow-ruczaj-ul-przemiarki.webp
Kraków Podgórze Duchackie,ul. Beskidzka,2,36,620000,17222,bez pośredników,,1,https://adresowo.pl/o/mieszkanie-krakow-podgorze-duchackie-ul-beskidzka-2-pokojowe-w8r3q4,https://s2.adresowa.pl/oi/18/4a/3fbf08_5d63_cover@2x-2-pokojowe-mieszkanie-krakow-podgorze-duchackie-ul-beskidzka.webp
Kraków Ruczaj,ul. Kobierzyńska,2,48,811710,16911,Pośrednik,,10,https://adresowo.pl/o/mieszkanie-krakow-ruczaj-ul-kobierzynska-2-pokojowe-c6d6l1,https://s2.adresowa.pl/oi/21/3f/3fb07a_803b_cover@2x-2-pokojowe-mieszkanie-krakow-ruczaj-ul-kobierzynska.webp
Kraków Ruczaj,ul. Lubostroń 22G,2,30,560000,18667,Pośrednik,,16,https://adresowo.pl/o/mieszkanie-krakow-ruczaj-ul-lubostron-2-pokojowe-k7x1e3,https://s2.adresowa.pl/oi/37/5c/3fa6de_58a2_cover@2x-2-pokojowe-mieszkanie-krakow-ruczaj-ul-lubostron.webp
Kraków Prądnik Czerwony,ul. Mariana Słoneckiego,2,48,829000,17271,bez pośredników,,12,https://adresowo.pl/o/mieszkanie-krakow-pradnik-czerwony-ul-mariana-sloneckiego-2-pokojowe-r3v1p8,https://s2.adresowa.pl/oi/36/14/3fbe60_845c_cover@2x-2-pokojowe-mieszkanie-krakow-pradnik-czerwony-ul-mariana-sloneckiego.webp
Kraków Kurdwanów,ul. por. Halszki,3,61,899000,14738,bez pośredników,,14,https://adresowo.pl/o/mieszkanie-krakow-kurdwanow-ul-por-halszki-3-pokojowe-e2x9x9,https://s2.adresowa.pl/oi/7b/37/3fbe0a_d8fd_cover@2x-3-pokojowe-mieszkanie-krakow-kurdwanow-ul-por-halszki.webp
Kraków Prądnik Biały,ul. Bratysławska 2C,1,40,765000,19125,bez pośredników,,5,https://adresowo.pl/o/mieszkanie-krakow-pradnik-bialy-ul-bratyslawska-1-pokoj-h1i3r7,https://s2.adresowa.pl/oi/45/68/3fbe0e_7f20_cover@2x-1-pokojowe-mieszkanie-krakow-pradnik-bialy-ul-bratyslawska.webp
Kraków Krowodrza,ul. Wrocławska,2,37,791910,21403,Pośrednik,,13,https://adresowo.pl/o/mieszkanie-krakow-krowodrza-ul-wroclawska-2-pokojowe-a4a6e7,https://s2.adresowa.pl/oi/7b/4d/3fa360_4813_cover@2x-2-pokojowe-mieszkanie-krakow-krowodrza-ul-wroclawska.webp
Kraków Podgórze,ul. Wolności 2,3,91,1183000,13000,Pośrednik,,16,https://adresowo.pl/o/mieszkanie-krakow-podgorze-ul-wolnosci-3-pokojowe-x9c8d7,https://s2.adresowa.pl/oi/74/16/3f9fd4_9f0a_cover@2x-3-pokojowe-mieszkanie-krakow-podgorze-ul-wolnosci.webp
Kraków Krowodrza,ul. Kazimierza Wielkiego,1,20,530000,26500,bez pośredników,,7,https://adresowo.pl/o/mieszkanie-krakow-krowodrza-ul-kazimierza-wielkiego-1-pokoj-y7v3o9,https://s2.adresowa.pl/oi/79/17/3fbdbc_8fc5_cover@2x-1-pokojowe-mieszkanie-krakow-krowodrza-ul-kazimierza-wielkiego.webp
Kraków Prądnik Czerwony,ul. Mogilska,3,55,1397000,25400,bez pośredników,,21,https://adresowo.pl/o/mieszkanie-krakow-pradnik-czerwony-ul-mogilska-3-pokojowe-b6a3e4,https://s2.adresowa.pl/oi/6e/6b/3fb9e8_3cf7_cover@2x-3-pokojowe-mieszkanie-krakow-pradnik-czerwony-ul-mogilska.webp
Kraków Czyżyny,os. Dywizjonu 303,3,65,895000,13769,bez pośredników,,7,https://adresowo.pl/o/mieszkanie-krakow-czyzyny-os-dywizjonu-303-3-pokojowe-g8f8i6,https://s2.adresowa.pl/oi/63/5d/3fb75e_4f76_cover@2x-3-pokojowe-mieszkanie-krakow-czyzyny-os-dywizjonu-303.webp
Kraków Podgórze,ul. Wolności 2,1,47,662200,14089,Pośrednik,,12,https://adresowo.pl/o/mieszkanie-krakow-podgorze-ul-wolnosci-1-pokoj-n9v6q2,https://s2.adresowa.pl/oi/7c/31/3f9f84_7fe8_cover@2x-1-pokojowe-mieszkanie-krakow-podgorze-ul-wolnosci.webp
Kraków Kurdwanów,ul. Marii i Bolesława Wysłouchów,1,27,429000,15889,Pośrednik,,13,https://adresowo.pl/o/mieszkanie-krakow-kurdwanow-ul-marii-i-boleslawa-wyslouchow-1-pokoj-k0b9m3,https://s2.adresowa.pl/oi/1c/3d/3f9a8c_4bd1_cover@2x-1-pokojowe-mieszkanie-krakow-kurdwanow-ul-marii-i-boleslawa-wyslouchow.webp
Kraków Prądnik Czerwony,ul. Reduta,3,60,998000,16633,bez pośredników,,9,https://adresowo.pl/o/mieszkanie-krakow-pradnik-czerwony-ul-reduta-3-pokojowe-f2e7m4,https://s2.adresowa.pl/oi/57/15/3fb6ce_ef1a_cover@2x-3-pokojowe-mieszkanie-krakow-pradnik-czerwony-ul-reduta.webp
Kraków,Podgórze,2,46,900000,19565,bez pośredników,,8,https://adresowo.pl/o/mieszkanie-krakow-podgorze-2-pokojowe-46-m2-d6t3g8,https://s2.adresowa.pl/oi/57/3e/3fb570_f1c8_cover@2x-2-pokojowe-mieszkanie-krakow-podgorze.webp
Kraków Opatkowice,ul. Macieja Dębskiego,3,50,720000,14400,bez pośredników,,8,https://adresowo.pl/o/mieszkanie-krakow-opatkowice-ul-macieja-debskiego-3-pokojowe-i6n2x7,https://s2.adresowa.pl/oi/53/3d/3fb356_bcb3_cover@2x-3-pokojowe-mieszkanie-krakow-opatkowice-ul-macieja-debskiego.webp
Kraków Podgórze,ul. Kordiana,3,62,745000,12016,Pośrednik,,10,https://adresowo.pl/o/mieszkanie-krakow-podgorze-ul-kordiana-3-pokojowe-y5a2p4,https://s2.adresowa.pl/oi/43/2e/3f978c_3470_cover@2x-3-pokojowe-mieszkanie-krakow-podgorze-ul-kordiana.webp
Kraków,ul. Myśliwska,4,82,1439000,17549,Pośrednik,,20,https://adresowo.pl/o/mieszkanie-krakow-ul-mysliwska-4-pokojowe-w3e1f7,https://s2.adresowa.pl/oi/28/5b/3f95d8_4126_cover@2x-4-pokojowe-mieszkanie-krakow-ul-mysliwska.webp
Kraków Ruczaj,ul. dr. Jana Piltza,2,41,690000,16829,bez pośredników,,14,https://adresowo.pl/o/mieszkanie-krakow-ruczaj-ul-dr-jana-piltza-2-pokojowe-j1t8g3,https://s2.adresowa.pl/oi/70/48/3fb246_a15b_cover@2x-2-pokojowe-mieszkanie-krakow-ruczaj-ul-dr-jana-piltza.webp
Kraków Czyżyny,ul. Bolesława Orlińskiego,2,35,635000,18143,bez pośredników,,8,https://adresowo.pl/o/mieszkanie-krakow-czyzyny-ul-boleslawa-orlinskiego-2-pokojowe-y4x6l4,https://s2.adresowa.pl/oi/30/43/3fb084_b773_cover@2x-2-pokojowe-mieszkanie-krakow-czyzyny-ul-boleslawa-orlinskiego.webp
Kraków,Wzgórza Krzesławickie,2,45,710000,15778,bez pośredników,,8,https://adresowo.pl/o/mieszkanie-krakow-wzgorza-krzeslawickie-2-pokojowe-45-m2-o4p4g3,https://s2.adresowa.pl/oi/2f/71/3faeaa_35a2_cover@2x-2-pokojowe-mieszkanie-krakow-wzgorza-krzeslawickie.webp
Kraków Kurdwanów,ul. gen. Juliana Filipowicza,2,34,559000,16441,Pośrednik,,12,https://adresowo.pl/o/mieszkanie-krakow-kurdwanow-ul-gen-juliana-filipowicza-2-pokojowe-e7v9p2,https://s2.adresowa.pl/oi/40/52/3f9394_31a4_cover@2x-2-pokojowe-mieszkanie-krakow-kurdwanow-ul-gen-juliana-filipowicza.webp
Kraków Dębniki,ul. Zygmunta Miłkowskiego,2,41,595000,14512,Pośrednik,,39,https://adresowo.pl/o/mieszkanie-krakow-debniki-ul-zygmunta-milkowskiego-2-pokojowe-b1f7l8,https://s2.adresowa.pl/oi/11/6d/3f927c_6353_cover@2x-2-pokojowe-mieszkanie-krakow-debniki-ul-zygmunta-milkowskiego.webp
Kraków Podgórze Duchackie,ul. Przyjaźni Polsko-Węgierskiej,5,98,1990000,20306,bez pośredników,,19,https://adresowo.pl/o/mieszkanie-krakow-podgorze-duchackie-ul-przyjazni-polsko-wegierskiej-5-pokojowe-k9c5j4,https://s2.adresowa.pl/oi/20/1f/3fa738_fe09_cover@2x-5-pokojowe-mieszkanie-krakow-podgorze-duchackie-ul-przyjazni-polsko-wegierskiej.webp
Kraków Bieżanów,ul. Polonijna,1,25,426000,17040,bez pośredników,,10,https://adresowo.pl/o/mieszkanie-krakow-biezanow-ul-polonijna-1-pokoj-n4c1s6,https://s2.adresowa.pl/oi/10/17/3fa52e_3a18_cover@2x-1-pokojowe-mieszkanie-krakow-biezanow-ul-polonijna.webp
Kraków Dębniki,ul. Zalesie,4,60,897000,14950,bez pośredników,,1,https://adresowo.pl/o/mieszkanie-krakow-debniki-ul-zalesie-4-pokojowe-r3e8d1,https://s2.adresowa.pl/oi/4f/61/3fa508_6107_cover@2x-4-pokojowe-mieszkanie-krakow-debniki-ul-zalesie.webp
Kraków Prądnik Czerwony,ul. Żytnia,5,72,860000,11944,Pośrednik,,22,https://adresowo.pl/o/mieszkanie-krakow-pradnik-czerwony-ul-zytnia-5-pokojowe-h1b7h7,https://s2.adresowa.pl/oi/2b/4b/3f9036_4a29_cover@2x-5-pokojowe-mieszkanie-krakow-pradnik-czerwony-ul-zytnia.webp
Kraków Bieżanów,ul. Leonida Teligi 26B,3,62,890000,14355,Pośrednik,,11,https://adresowo.pl/o/mieszkanie-krakow-biezanow-ul-leonida-teligi-3-pokojowe-s3y9g4,https://s2.adresowa.pl/oi/27/27/3f8fda_8aeb_cover@2x-3-pokojowe-mieszkanie-krakow-biezanow-ul-leonida-teligi.webp
Kraków Bieńczyce,os. Handlowe,2,54,675000,12500,bez pośredników,,8,https://adresowo.pl/o/mieszkanie-krakow-bienczyce-os-handlowe-2-pokojowe-b2y1v4,https://s2.adresowa.pl/oi/1b/31/3fa496_a8e5_cover@2x-2-pokojowe-mieszkanie-krakow-bienczyce-os-handlowe.webp
Kraków Dąbie,al. Pokoju,2,34,570000,16765,bez pośredników,,15,https://adresowo.pl/o/mieszkanie-krakow-dabie-al-pokoju-2-pokojowe-o5x9u6,https://s2.adresowa.pl/oi/5b/3d/3fa3b8_aace_cover@2x-2-pokojowe-mieszkanie-krakow-dabie-al-pokoju.webp
Kraków Mistrzejowice,os. Kalinowe,1,24,380000,15833,bez pośredników,,8,https://adresowo.pl/o/mieszkanie-krakow-mistrzejowice-os-kalinowe-1-pokoj-z7t7o3,https://s2.adresowa.pl/oi/1a/5b/3fa326_8835_cover@2x-1-pokojowe-mieszkanie-krakow-mistrzejowice-os-kalinowe.webp
Kraków Podgórze Duchackie,ul. Czarnogórska,4,72,950000,13194,Pośrednik,,4,https://adresowo.pl/o/mieszkanie-krakow-podgorze-duchackie-ul-czarnogorska-4-pokojowe-f4y8b4,https://s2.adresowa.pl/oi/69/7e/3f8f58_f612_cover@2x-4-pokojowe-mieszkanie-krakow-podgorze-duchackie-ul-czarnogorska.webp
Kraków Bieżanów,ul. Bieżanowska,3,60,719000,11983,Pośrednik,,16,https://adresowo.pl/o/mieszkanie-krakow-biezanow-ul-biezanowska-3-pokojowe-c9x0q8,https://s2.adresowa.pl/oi/2f/44/3f8bdc_b033_cover@2x-3-pokojowe-mieszkanie-krakow-biezanow-ul-biezanowska.webp
Kraków Bronowice,ul. Stelmachów,2,44,749990,17045,bez pośredników,,20,https://adresowo.pl/o/mieszkanie-krakow-bronowice-ul-stelmachow-2-pokojowe-g9p8q9,https://s2.adresowa.pl/oi/4a/71/3ee6b0_8651_cover@2x-2-pokojowe-mieszkanie-krakow-bronowice-ul-stelmachow.webp
Kraków Kurdwanów,ul. Marii i Bolesława Wysłouchów,4,77,1299000,16870,bez pośredników,,20,https://adresowo.pl/o/mieszkanie-krakow-kurdwanow-ul-marii-i-boleslawa-wyslouchow-4-pokojowe-d3k5q5,https://s2.adresowa.pl/oi/46/22/3fa318_2dd3_cover@2x-4-pokojowe-mieszkanie-krakow-kurdwanow-ul-marii-i-boleslawa-wyslouchow.webp
Kraków Prądnik Biały,ul. Prądnicka,3,66,1325000,20076,bez pośredników,,2,https://adresowo.pl/o/mieszkanie-krakow-pradnik-bialy-ul-pradnicka-3-pokojowe-b1b8k8,https://s2.adresowa.pl/oi/6f/5d/3fa278_57e9_cover@2x-3-pokojowe-mieszkanie-krakow-pradnik-bialy-ul-pradnicka.webp
Kraków Nowa Huta,os. Stalowe,2,50,799000,15980,bez pośredników,,9,https://adresowo.pl/o/mieszkanie-krakow-nowa-huta-os-stalowe-2-pokojowe-w6z1k4,https://s2.adresowa.pl/oi/76/58/3fa252_b7ce_cover@2x-2-pokojowe-mieszkanie-krakow-nowa-huta-os-stalowe.webp
Kraków Stare Miasto,ul. Bocheńska 8,2,45,775000,17222,Pośrednik,,27,https://adresowo.pl/o/mieszkanie-krakow-stare-miasto-ul-bochenska-2-pokojowe-e2m4x1,https://s2.adresowa.pl/oi/37/5b/3f8baa_5f86_cover@2x-2-pokojowe-mieszkanie-krakow-stare-miasto-ul-bochenska.webp
Kraków Krowodrza,ul. Mazowiecka,2,49,760000,15510,Pośrednik,,40,https://adresowo.pl/o/mieszkanie-krakow-krowodrza-ul-mazowiecka-2-pokojowe-c0z4e0,https://s2.adresowa.pl/oi/7d/50/3f85ec_b5d1_cover@2x-2-pokojowe-mieszkanie-krakow-krowodrza-ul-mazowiecka.webp
Kraków Podgórze,os. Złotego Wieku,3,47,735000,15638,bez pośredników,,8,https://adresowo.pl/o/mieszkanie-krakow-podgorze-os-zlotego-wieku-3-pokojowe-f3v9f1,https://s2.adresowa.pl/oi/3c/2d/3f9f3c_67c5_cover@2x-3-pokojowe-mieszkanie-krakow-podgorze-os-zlotego-wieku.webp
Kraków Podgórze Duchackie,ul. Sebastiana Klonowica,3,53,870000,16415,bez pośredników,,10,https://adresowo.pl/o/mieszkanie-krakow-podgorze-duchackie-ul-sebastiana-klonowica-3-pokojowe-n5f6k5,https://s2.adresowa.pl/oi/26/3e/3f9ef6_86df_cover@2x-3-pokojowe-mieszkanie-krakow-podgorze-duchackie-ul-sebastiana-klonowica.webp
Kraków Krowodrza,al. Kijowska 57,2,49,950000,19388,bez pośredników,,14,https://adresowo.pl/o/mieszkanie-krakow-krowodrza-al-kijowska-2-pokojowe-k2b9m2,https://s2.adresowa.pl/oi/16/15/3f84e6_c71c_cover@2x-2-pokojowe-mieszkanie-krakow-krowodrza-al-kijowska.webp
Kraków Nowa Huta,ul. Stanisława Augusta Poniatowskiego,5,166,1380000,8313,Pośrednik,,28,https://adresowo.pl/o/mieszkanie-krakow-nowa-huta-ul-stanislawa-augusta-poniatowskiego-5-pokojowe-t8t4g7,https://s2.adresowa.pl/oi/30/71/3f8436_56e9_cover@2x-5-pokojowe-mieszkanie-krakow-nowa-huta-ul-stanislawa-augusta-poniatowskiego.webp
Kraków,ul. Bieżanowska,3,60,699000,11650,Pośrednik,,21,https://adresowo.pl/o/mieszkanie-krakow-ul-biezanowska-3-pokojowe-q5z0t4,https://s2.adresowa.pl/oi/34/56/3f7b26_c69a_cover@2x-3-pokojowe-mieszkanie-krakow-ul-biezanowska.webp
Kraków Grzegórzki,al. Pokoju,3,70,1099000,15700,bez pośredników,,12,https://adresowo.pl/o/mieszkanie-krakow-grzegorzki-al-pokoju-3-pokojowe-e4e6g7,https://s2.adresowa.pl/oi/1c/26/3f9dd6_9966_cover@2x-3-pokojowe-mieszkanie-krakow-grzegorzki-al-pokoju.webp
Kraków Grzegórzki,al. Pokoju 9,2,47,935000,19894,bez pośredników,,15,https://adresowo.pl/o/mieszkanie-krakow-grzegorzki-al-pokoju-2-pokojowe-k0d2e8,https://s2.adresowa.pl/oi/20/51/3f9cfa_6945_cover@2x-2-pokojowe-mieszkanie-krakow-grzegorzki-al-pokoju.webp
Kraków Podgórze Duchackie,ul. Cechowa,3,49,838000,17102,bez pośredników,,9,https://adresowo.pl/o/mieszkanie-krakow-podgorze-duchackie-ul-cechowa-3-pokojowe-t2l8v6,https://s2.adresowa.pl/oi/2e/23/3f9ba4_86b0_cover@2x-3-pokojowe-mieszkanie-krakow-podgorze-duchackie-ul-cechowa.webp
Kraków Stare Miasto,ul. Zwierzyniecka,3,93,1900000,20430,Pośrednik,,21,https://adresowo.pl/o/mieszkanie-krakow-stare-miasto-ul-zwierzyniecka-3-pokojowe-n8z3w7,https://s2.adresowa.pl/oi/45/7c/3f7b1a_2a1d_cover@2x-3-pokojowe-mieszkanie-krakow-stare-miasto-ul-zwierzyniecka.webp
Kraków Nowa Huta,os. Sportowe,2,51,670000,13137,Pośrednik,,18,https://adresowo.pl/o/mieszkanie-krakow-nowa-huta-os-sportowe-2-pokojowe-w7x0y3,https://s2.adresowa.pl/oi/44/17/3f7b12_c65b_cover@2x-2-pokojowe-mieszkanie-krakow-nowa-huta-os-sportowe.webp
Kraków Dębniki,ul. Gabriela Słońskiego,4,85,1600000,18824,bez pośredników,,19,https://adresowo.pl/o/mieszkanie-krakow-debniki-ul-gabriela-slonskiego-4-pokojowe-r2z9t6,https://s2.adresowa.pl/oi/71/4b/3f9900_9271_cover@2x-4-pokojowe-mieszkanie-krakow-debniki-ul-gabriela-slonskiego.webp
Kraków Krowodrza,ul. Urzędnicza,2,39,670000,17179,bez pośredników,,16,https://adresowo.pl/o/mieszkanie-krakow-krowodrza-ul-urzednicza-2-pokojowe-m1s4w6,https://s2.adresowa.pl/oi/7e/3d/3f9880_b527_cover@2x-2-pokojowe-mieszkanie-krakow-krowodrza-ul-urzednicza.webp
Kraków Podgórze,ul. Lasówka,1,38,610000,16053,bez pośredników,,1,https://adresowo.pl/o/mieszkanie-krakow-podgorze-ul-lasowka-1-pokoj-c5h0s0,https://s2.adresowa.pl/oi/7e/6b/3f97c2_dc1f_cover@2x-1-pokojowe-mieszkanie-krakow-podgorze-ul-lasowka.webp
Kraków Dębniki,ul. bpa Albina Małysiaka,4,87,1490000,17126,Pośrednik,,14,https://adresowo.pl/o/mieszkanie-krakow-debniki-ul-bpa-albina-malysiaka-4-pokojowe-h8b6n3,https://s2.adresowa.pl/oi/78/4c/3f78c0_942f_cover@2x-4-pokojowe-mieszkanie-krakow-debniki-ul-bpa-albina-malysiaka.webp
Kraków,Grzegórzki,2,55,1771726,32213,Pośrednik,,15,https://adresowo.pl/o/mieszkanie-krakow-grzegorzki-2-pokojowe-55-m2-x4k2y4,https://s2.adresowa.pl/oi/5f/20/3f78b6_6f38_cover@2x-2-pokojowe-mieszkanie-krakow-grzegorzki.webp
Kraków Dębniki,os. Podwawelskie,3,47,719000,15298,bez pośredników,,8,https://adresowo.pl/o/mieszkanie-krakow-debniki-os-podwawelskie-3-pokojowe-n1s4k4,https://s2.adresowa.pl/oi/4b/32/3f940e_df84_cover@2x-3-pokojowe-mieszkanie-krakow-debniki-os-podwawelskie.webp
Kraków Nowa Huta,os. Zgody,2,37,647000,17486,bez pośredników,,15,https://adresowo.pl/o/mieszkanie-krakow-nowa-huta-os-zgody-2-pokojowe-f2b0n1,https://s2.adresowa.pl/oi/4e/32/3f8e9a_8fd6_cover@2x-2-pokojowe-mieszkanie-krakow-nowa-huta-os-zgody.webp
Kraków,Nowa Huta,3,47,729000,15511,bez pośredników,,5,https://adresowo.pl/o/mieszkanie-krakow-nowa-huta-3-pokojowe-47-m2-u7z2y7,https://s2.adresowa.pl/oi/27/2e/3f8d94_3f8a_cover@2x-3-pokojowe-mieszkanie-krakow-nowa-huta.webp
Kraków Bronowice,ul. Sosnowiecka,3,58,870600,15010,Pośrednik,,11,https://adresowo.pl/o/mieszkanie-krakow-bronowice-ul-sosnowiecka-3-pokojowe-g0j2f4,https://s2.adresowa.pl/oi/67/7b/3f78ac_9cfa_cover@2x-3-pokojowe-mieszkanie-krakow-bronowice-ul-sosnowiecka.webp
Kraków Bronowice,ul. Sosnowiecka,4,82,1133949,13829,Pośrednik,,13,https://adresowo.pl/o/mieszkanie-krakow-bronowice-ul-sosnowiecka-4-pokojowe-w4x9o3,https://s2.adresowa.pl/oi/79/35/3f78a6_8dc8_cover@2x-4-pokojowe-mieszkanie-krakow-bronowice-ul-sosnowiecka.webp
Kraków Prądnik Czerwony,ul. Reduta 26C,2,42,630000,15000,bez pośredników,,10,https://adresowo.pl/o/mieszkanie-krakow-pradnik-czerwony-ul-reduta-2-pokojowe-d4t5y6,https://s2.adresowa.pl/oi/26/36/3f8c10_42bc_cover@2x-2-pokojowe-mieszkanie-krakow-pradnik-czerwony-ul-reduta.webp
Kraków Prądnik Czerwony,ul. Reduta 26C,3,60,899000,14983,bez pośredników,,11,https://adresowo.pl/o/mieszkanie-krakow-pradnik-czerwony-ul-reduta-3-pokojowe-q6z5e5,https://s2.adresowa.pl/oi/16/51/3f8bfa_58c2_cover@2x-3-pokojowe-mieszkanie-krakow-pradnik-czerwony-ul-reduta.webp
Kraków Krowodrza,ul. Stanisława Przybyszewskiego,3,60,1299000,21650,bez pośredników,,12,https://adresowo.pl/o/mieszkanie-krakow-krowodrza-ul-stanislawa-przybyszewskiego-3-pokojowe-h1t2q0,https://s2.adresowa.pl/oi/67/29/3f8a78_b4a3_cover@2x-3-pokojowe-mieszkanie-krakow-krowodrza-ul-stanislawa-przybyszewskiego.webp
Kraków Prądnik Biały,ul. Rusznikarska,1,44,665000,15114,Pośrednik,,8,https://adresowo.pl/o/mieszkanie-krakow-pradnik-bialy-ul-rusznikarska-1-pokoj-e9t3x7,https://s2.adresowa.pl/oi/5a/3a/3f78a2_7435_cover@2x-1-pokojowe-mieszkanie-krakow-pradnik-bialy-ul-rusznikarska.webp
Kraków Bronowice,ul. Stelmachów,2,43,695200,16167,Pośrednik,,7,https://adresowo.pl/o/mieszkanie-krakow-bronowice-ul-stelmachow-2-pokojowe-i4m1d7,https://s2.adresowa.pl/oi/13/17/3f789c_563c_cover@2x-2-pokojowe-mieszkanie-krakow-bronowice-ul-stelmachow.webp
Kraków Podgórze,ul. Tadeusza Szafrana,2,51,939999,18431,bez pośredników,,18,https://adresowo.pl/o/mieszkanie-krakow-podgorze-ul-tadeusza-szafrana-2-pokojowe-d5u6b3,https://s2.adresowa.pl/oi/5d/59/3f8a1c_e7bb_cover@2x-2-pokojowe-mieszkanie-krakow-podgorze-ul-tadeusza-szafrana.webp
Kraków Ruczaj,ul. Kobierzyńska,3,67,1250000,18657,bez pośredników,,16,https://adresowo.pl/o/mieszkanie-krakow-ruczaj-ul-kobierzynska-3-pokojowe-d1u2c7,https://s2.adresowa.pl/oi/28/3a/3f86d2_b362_cover@2x-3-pokojowe-mieszkanie-krakow-ruczaj-ul-kobierzynska.webp
Kraków Zabłocie,ul. Przemysłowa,2,63,1300000,20635,bez pośredników,,11,https://adresowo.pl/o/mieszkanie-krakow-zablocie-ul-przemyslowa-2-pokojowe-q8n4q6,https://s2.adresowa.pl/oi/2f/79/3f86be_62a2_cover@2x-2-pokojowe-mieszkanie-krakow-zablocie-ul-przemyslowa.webp
Kraków Krowodrza,al. Kijowska,4,86,1800000,20930,Pośrednik,,11,https://adresowo.pl/o/mieszkanie-krakow-krowodrza-al-kijowska-4-pokojowe-s1z2x0,https://s2.adresowa.pl/oi/74/4f/3f7884_d502_cover@2x-4-pokojowe-mieszkanie-krakow-krowodrza-al-kijowska.webp
Kraków Bieńczyce,os. Spółdzielcze,2,54,609000,11278,Pośrednik,,6,https://adresowo.pl/o/mieszkanie-krakow-bienczyce-os-spoldzielcze-2-pokojowe-x0p6n9,https://s2.adresowa.pl/oi/1a/63/3f7880_2df1_cover@2x-2-pokojowe-mieszkanie-krakow-bienczyce-os-spoldzielcze.webp
Kraków Prądnik Biały,ul. Gryczana,4,66,949000,14379,bez pośredników,,7,https://adresowo.pl/o/mieszkanie-krakow-pradnik-bialy-ul-gryczana-4-pokojowe-g3h7g3,https://s2.adresowa.pl/oi/18/29/3f8580_db62_cover@2x-4-pokojowe-mieszkanie-krakow-pradnik-bialy-ul-gryczana.webp
Kraków,Stare Miasto,1,31,649000,20935,bez pośredników,,9,https://adresowo.pl/o/mieszkanie-krakow-stare-miasto-1-pokoj-31-m2-h8n4p8,https://s2.adresowa.pl/oi/5a/3a/3f83a8_385c_cover@2x-1-pokojowe-mieszkanie-krakow-stare-miasto.webp
Kraków Prądnik Czerwony,ul. Kazimierza Chałupnika,2,49,801796,16363,bez pośredników,,10,https://adresowo.pl/o/mieszkanie-krakow-pradnik-czerwony-ul-kazimierza-chalupnika-2-pokojowe-k3y8i2,https://s2.adresowa.pl/oi/23/45/3f837c_5c70_cover@2x-2-pokojowe-mieszkanie-krakow-pradnik-czerwony-ul-kazimierza-chalupnika.webp
Kraków Krowodrza,ul. Armii Krajowej,3,76,1150000,15132,Pośrednik,,21,https://adresowo.pl/o/mieszkanie-krakow-krowodrza-ul-armii-krajowej-3-pokojowe-k6b5n6,https://s2.adresowa.pl/oi/37/70/3f787e_d1c2_cover@2x-3-pokojowe-mieszkanie-krakow-krowodrza-ul-armii-krajowej.webp
Kraków Bronowice,ul. Sosnowiecka,2,47,686492,14606,Pośrednik,,14,https://adresowo.pl/o/mieszkanie-krakow-bronowice-ul-sosnowiecka-2-pokojowe-h3s6w9,https://s2.adresowa.pl/oi/79/66/3f787a_3e8d_cover@2x-2-pokojowe-mieszkanie-krakow-bronowice-ul-sosnowiecka.webp
Kraków Płaszów,ul. Myśliwska,3,65,1169900,17998,bez pośredników,,20,https://adresowo.pl/o/mieszkanie-krakow-plaszow-ul-mysliwska-3-pokojowe-h7n5b3,https://s2.adresowa.pl/oi/23/5d/3f81ea_274c_cover@2x-3-pokojowe-mieszkanie-krakow-plaszow-ul-mysliwska.webp
Kraków Bieżanów,ul. Karpacka,3,46,630000,13696,bez pośredników,,11,https://adresowo.pl/o/mieszkanie-krakow-biezanow-ul-karpacka-3-pokojowe-n6d0s8,https://s2.adresowa.pl/oi/4b/1a/3f8118_7891_cover@2x-3-pokojowe-mieszkanie-krakow-biezanow-ul-karpacka.webp
Kraków Kurdwanów,ul. Marii i Bolesława Wysłouchów,3,62,799000,12887,bez pośredników,,20,https://adresowo.pl/o/mieszkanie-krakow-kurdwanow-ul-marii-i-boleslawa-wyslouchow-3-pokojowe-z6x2h4,https://s2.adresowa.pl/oi/28/2a/3f8094_5524_cover@2x-3-pokojowe-mieszkanie-krakow-kurdwanow-ul-marii-i-boleslawa-wyslouchow.webp
Kraków Bronowice,ul. Bronowicka,3,84,1850000,22024,Pośrednik,,15,https://adresowo.pl/o/mieszkanie-krakow-bronowice-ul-bronowicka-3-pokojowe-w4e4i3,https://s2.adresowa.pl/oi/3b/38/3f7870_fdc8_cover@2x-3-pokojowe-mieszkanie-krakow-bronowice-ul-bronowicka.webp
Kraków Borek Fałęcki,ul. Stefana Ziobrowskiego,3,51,715000,14020,Pośrednik,,18,https://adresowo.pl/o/mieszkanie-krakow-borek-falecki-ul-stefana-ziobrowskiego-3-pokojowe-t6t4h1,https://s2.adresowa.pl/oi/1c/56/3f786e_f789_cover@2x-3-pokojowe-mieszkanie-krakow-borek-falecki-ul-stefana-ziobrowskiego.webp
Kraków Bronowice,ul. Eljasza Walerego Radzikowskiego,2,53,799000,15075,bez pośredników,,7,https://adresowo.pl/o/mieszkanie-krakow-bronowice-ul-eljasza-walerego-radzikowskiego-2-pokojowe-q6s2j6,https://s2.adresowa.pl/oi/3b/20/3f8036_a458_cover@2x-2-pokojowe-mieszkanie-krakow-bronowice-ul-eljasza-walerego-radzikowskiego.webp
Kraków Grzegórzki,ul. Rakowicka,3,41,545000,13293,bez pośredników,,9,https://adresowo.pl/o/mieszkanie-krakow-grzegorzki-ul-rakowicka-3-pokojowe-a3a6k1,https://s2.adresowa.pl/oi/2f/3b/3f7ea8_7530_cover@2x-3-pokojowe-mieszkanie-krakow-grzegorzki-ul-rakowicka.webp
Kraków Nowa Huta,os. Willowe,3,63,850500,13500,bez pośredników,,7,https://adresowo.pl/o/mieszkanie-krakow-nowa-huta-os-willowe-3-pokojowe-z0i6x9,https://s2.adresowa.pl/oi/67/5c/3f7e1a_d644_cover@2x-3-pokojowe-mieszkanie-krakow-nowa-huta-os-willowe.webp
Kraków Mistrzejowice,os. Oświecenia,3,63,949000,15063,Pośrednik,,16,https://adresowo.pl/o/mieszkanie-krakow-mistrzejowice-os-oswiecenia-3-pokojowe-c2f6u1,https://s2.adresowa.pl/oi/51/17/3f785e_a73b_cover@2x-3-pokojowe-mieszkanie-krakow-mistrzejowice-os-oswiecenia.webp
Kraków Krowodrza,ul. Adama Chmiela,3,47,799000,17000,Pośrednik,,18,https://adresowo.pl/o/mieszkanie-krakow-krowodrza-ul-adama-chmiela-3-pokojowe-g8v4m6,https://s2.adresowa.pl/oi/52/11/3f785c_5536_cover@2x-3-pokojowe-mieszkanie-krakow-krowodrza-ul-adama-chmiela.webp
Kraków Bieńczyce,os. Dywizjonu 303,3,52,710000,13654,bez pośredników,,8,https://adresowo.pl/o/mieszkanie-krakow-bienczyce-os-dywizjonu-303-3-pokojowe-f1s5l6,https://s2.adresowa.pl/oi/6b/2e/3f7c48_6099_cover@2x-3-pokojowe-mieszkanie-krakow-bienczyce-os-dywizjonu-303.webp
Kraków Grzegórzki,ul. Jana Karola Chodkiewicza,2,33,800000,24242,bez pośredników,,17,https://adresowo.pl/o/mieszkanie-krakow-grzegorzki-ul-jana-karola-chodkiewicza-2-pokojowe-v3t9n6,https://s2.adresowa.pl/oi/3f/18/3f7c42_8d79_cover@2x-2-pokojowe-mieszkanie-krakow-grzegorzki-ul-jana-karola-chodkiewicza.webp
Kraków Podgórze,ul. Wielicka,1,36,595000,16528,bez pośredników,,8,https://adresowo.pl/o/mieszkanie-krakow-podgorze-ul-wielicka-1-pokoj-y9a0z5,https://s2.adresowa.pl/oi/4e/46/3f7c36_7fab_cover@2x-1-pokojowe-mieszkanie-krakow-podgorze-ul-wielicka.webp
Kraków Krowodrza,ul. Bakałarzy,4,96,2044740,21299,Pośrednik,,8,https://adresowo.pl/o/mieszkanie-krakow-krowodrza-ul-bakalarzy-4-pokojowe-u0k3l5,https://s2.adresowa.pl/oi/1b/44/3f7852_ccd4_cover@2x-4-pokojowe-mieszkanie-krakow-krowodrza-ul-bakalarzy.webp
Kraków Nowa Huta,ul. Edwarda Szymańskiego,3,44,550025,12501,Pośrednik,,7,https://adresowo.pl/o/mieszkanie-krakow-nowa-huta-ul-edwarda-szymanskiego-3-pokojowe-y0c2c7,https://s2.adresowa.pl/oi/2f/67/3f7850_eddb_cover@2x-3-pokojowe-mieszkanie-krakow-nowa-huta-ul-edwarda-szymanskiego.webp
Kraków,Mistrzejowice,2,37,530000,14324,bez pośredników,,12,https://adresowo.pl/o/mieszkanie-krakow-mistrzejowice-2-pokojowe-37-m2-i5o8z0,https://s2.adresowa.pl/oi/2b/6b/3f794a_baba_cover@2x-2-pokojowe-mieszkanie-krakow-mistrzejowice.webp
Kraków,Mistrzejowice,3,58,877500,15129,bez pośredników,,5,https://adresowo.pl/o/mieszkanie-krakow-mistrzejowice-3-pokojowe-58-m2-v7p3b7,https://s2.adresowa.pl/oi/33/1f/3f76e8_7d8e_cover@2x-3-pokojowe-mieszkanie-krakow-mistrzejowice.webp
Kraków Dębniki,ul. Obozowa,2,51,895000,17549,bez pośredników,,16,https://adresowo.pl/o/mieszkanie-krakow-debniki-ul-obozowa-2-pokojowe-a3b8b0,https://s2.adresowa.pl/oi/4d/51/3f7668_f27d_cover@2x-2-pokojowe-mieszkanie-krakow-debniki-ul-obozowa.webp
Kraków Podgórze,ul. Walerego Sławka,2,52,925710,17802,Pośrednik,,12,https://adresowo.pl/o/mieszkanie-krakow-podgorze-ul-walerego-slawka-2-pokojowe-f5m6a7,https://s2.adresowa.pl/oi/36/27/3f783c_6965_cover@2x-2-pokojowe-mieszkanie-krakow-podgorze-ul-walerego-slawka.webp
Kraków Bronowice,ul. Złoty Róg,4,131,2970000,22672,Pośrednik,,10,https://adresowo.pl/o/mieszkanie-krakow-bronowice-ul-zloty-rog-4-pokojowe-s6n6y0,https://s2.adresowa.pl/oi/11/34/3f782e_297a_cover@2x-4-pokojowe-mieszkanie-krakow-bronowice-ul-zloty-rog.webp
Kraków Prądnik Biały,ul. abp. Zygmunta Szczęsnego Felińskiego,2,40,645000,16125,bez pośredników,,7,https://adresowo.pl/o/mieszkanie-krakow-pradnik-bialy-ul-abp-zygmunta-szczesnego-felinskiego-2-pokojowe-t2i8w8,https://s2.adresowa.pl/oi/17/23/3f76aa_c188_cover@2x-2-pokojowe-mieszkanie-krakow-pradnik-bialy-ul-abp-zygmunta-szczesnego-felinskiego.webp
Kraków Prokocim,ul. gen. Jakuba Jasińskiego,1,20,399000,19950,bez pośredników,,8,https://adresowo.pl/o/mieszkanie-krakow-prokocim-ul-gen-jakuba-jasinskiego-1-pokoj-e6m6u2,https://s2.adresowa.pl/oi/77/2d/3f7614_ddb2_cover@2x-1-pokojowe-mieszkanie-krakow-prokocim-ul-gen-jakuba-jasinskiego.webp
Kraków Salwator,ul. Juliana Fałata,1,32,749000,23406,bez pośredników,,8,https://adresowo.pl/o/mieszkanie-krakow-salwator-ul-juliana-falata-1-pokoj-m4z2u4,https://s2.adresowa.pl/oi/78/48/3f7512_2bdb_cover@2x-1-pokojowe-mieszkanie-krakow-salwator-ul-juliana-falata.webp
Kraków Bronowice,ul. Złoty Róg,5,152,3600000,23684,Pośrednik,,12,https://adresowo.pl/o/mieszkanie-krakow-bronowice-ul-zloty-rog-5-pokojowe-q0z7j8,https://s2.adresowa.pl/oi/7f/76/3f7830_312c_cover@2x-5-pokojowe-mieszkanie-krakow-bronowice-ul-zloty-rog.webp
Kraków Łagiewniki,ul. Klementyny Hoffmanowej,2,46,730000,15870,Pośrednik,,16,https://adresowo.pl/o/mieszkanie-krakow-lagiewniki-ul-klementyny-hoffmanowej-2-pokojowe-l2h8m2,https://s2.adresowa.pl/oi/1b/58/3f7826_6f1b_cover@2x-2-pokojowe-mieszkanie-krakow-lagiewniki-ul-klementyny-hoffmanowej.webp
Kraków Podgórze,ul. Romualda Traugutta,3,53,1290000,24340,bez pośredników,,20,https://adresowo.pl/o/mieszkanie-krakow-podgorze-ul-romualda-traugutta-3-pokojowe-r0x7s2,https://s2.adresowa.pl/oi/27/79/3f7394_e2a1_cover@2x-3-pokojowe-mieszkanie-krakow-podgorze-ul-romualda-traugutta.webp
Kraków Górka Narodowa,ul. Macieja Słomczyńskiego,1,30,590000,19667,bez pośredników,,10,https://adresowo.pl/o/mieszkanie-krakow-gorka-narodowa-ul-macieja-slomczynskiego-1-pokoj-v5x2e3,https://s2.adresowa.pl/oi/2e/3e/3f6fc0_560e_cover@2x-1-pokojowe-mieszkanie-krakow-gorka-narodowa-ul-macieja-slomczynskiego.webp
Kraków Płaszów,ul. Myśliwska,2,54,799000,14796,bez pośredników,,10,https://adresowo.pl/o/mieszkanie-krakow-plaszow-ul-mysliwska-2-pokojowe-r4d9r6,https://s2.adresowa.pl/oi/36/41/3f6f16_d760_cover@2x-2-pokojowe-mieszkanie-krakow-plaszow-ul-mysliwska.webp
Kraków Bronowice,ul. Złoty Róg,3,88,2070000,23523,Pośrednik,,11,https://adresowo.pl/o/mieszkanie-krakow-bronowice-ul-zloty-rog-3-pokojowe-y7l7b3,https://s2.adresowa.pl/oi/1d/68/3f781c_f7ac_cover@2x-3-pokojowe-mieszkanie-krakow-bronowice-ul-zloty-rog.webp
Kraków Bieżanów,ul. Leonida Teligi,3,46,630000,13696,Pośrednik,,17,https://adresowo.pl/o/mieszkanie-krakow-biezanow-ul-leonida-teligi-3-pokojowe-j2j3k4,https://s2.adresowa.pl/oi/7b/3e/3f781e_b6af_cover@2x-3-pokojowe-mieszkanie-krakow-biezanow-ul-leonida-teligi.webp
Kraków Krowodrza,al. Kijowska,3,73,1330000,18219,bez pośredników,,6,https://adresowo.pl/o/mieszkanie-krakow-krowodrza-al-kijowska-3-pokojowe-k5m4s3,https://s2.adresowa.pl/oi/4d/13/3f6f18_564e_cover@2x-3-pokojowe-mieszkanie-krakow-krowodrza-al-kijowska.webp
Kraków Nowa Huta,os. Hutnicze,2,48,680000,14167,bez pośredników,,4,https://adresowo.pl/o/mieszkanie-krakow-nowa-huta-os-hutnicze-2-pokojowe-v6f7a3,https://s2.adresowa.pl/oi/6d/47/3f6efa_b752_cover@2x-2-pokojowe-mieszkanie-krakow-nowa-huta-os-hutnicze.webp
Kraków Mistrzejowice,Os. Piastów,2,33,535000,16212,bez pośredników,,11,https://adresowo.pl/o/mieszkanie-krakow-mistrzejowice-os-piastow-2-pokojowe-l5c0y9,https://s2.adresowa.pl/oi/5e/64/3f6c54_97c9_cover@2x-2-pokojowe-mieszkanie-krakow-mistrzejowice-os-piastow.webp
Kraków Mistrzejowice,ul. Piasta Kołodzieja,1,33,543000,16455,Pośrednik,,15,https://adresowo.pl/o/mieszkanie-krakow-mistrzejowice-ul-piasta-kolodzieja-1-pokoj-s6m3z7,https://s2.adresowa.pl/oi/48/29/3f7816_b6c9_cover@2x-1-pokojowe-mieszkanie-krakow-mistrzejowice-ul-piasta-kolodzieja.webp
Kraków Płaszów,ul. Myśliwska,3,55,1020000,18545,Pośrednik,,21,https://adresowo.pl/o/mieszkanie-krakow-plaszow-ul-mysliwska-3-pokojowe-i7v2n8,https://s2.adresowa.pl/oi/51/74/3f7814_94e4_cover@2x-3-pokojowe-mieszkanie-krakow-plaszow-ul-mysliwska.webp
Kraków Prokocim,ul. Leonida Teligi,2,39,700000,17949,bez pośredników,,19,https://adresowo.pl/o/mieszkanie-krakow-prokocim-ul-leonida-teligi-2-pokojowe-l1h2i9,https://s2.adresowa.pl/oi/61/48/3f6bd2_4101_cover@2x-2-pokojowe-mieszkanie-krakow-prokocim-ul-leonida-teligi.webp
Kraków Prądnik Biały,ul. Wincentego Danka,4,47,689000,14660,bez pośredników,,10,https://adresowo.pl/o/mieszkanie-krakow-pradnik-bialy-ul-wincentego-danka-4-pokojowe-b6a2j8,https://s2.adresowa.pl/oi/15/56/3f6a7e_e687_cover@2x-4-pokojowe-mieszkanie-krakow-pradnik-bialy-ul-wincentego-danka.webp
Kraków Prądnik Biały,ul. Górka Narodowa,3,47,760000,16170,bez pośredników,,8,https://adresowo.pl/o/mieszkanie-krakow-pradnik-bialy-ul-gorka-narodowa-3-pokojowe-z1j6o5,https://s2.adresowa.pl/oi/43/28/3f68a6_80ae_cover@2x-3-pokojowe-mieszkanie-krakow-pradnik-bialy-ul-gorka-narodowa.webp
Kraków Bronowice Małe,ul. Kompozytorów,2,54,850000,15741,Pośrednik,,16,https://adresowo.pl/o/mieszkanie-krakow-bronowice-male-ul-kompozytorow-2-pokojowe-r2l2i4,https://s2.adresowa.pl/oi/1a/43/3f7806_4c39_cover@2x-2-pokojowe-mieszkanie-krakow-bronowice-male-ul-kompozytorow.webp
Kraków Kazimierz,ul. Bocheńska 8,1,25,439999,17600,Pośrednik,,9,https://adresowo.pl/o/mieszkanie-krakow-kazimierz-ul-bochenska-1-pokoj-z0o7e5,https://s2.adresowa.pl/oi/75/47/3f7468_800b_cover@2x-1-pokojowe-mieszkanie-krakow-kazimierz-ul-bochenska.webp
Kraków Podgórze Duchackie,ul. Gołaśka,3,62,992000,16000,bez pośredników,,16,https://adresowo.pl/o/mieszkanie-krakow-podgorze-duchackie-ul-golaska-3-pokojowe-u8j0x8,https://s2.adresowa.pl/oi/26/35/3f6704_ee2d_cover@2x-3-pokojowe-mieszkanie-krakow-podgorze-duchackie-ul-golaska.webp
Kraków Mistrzejowice,os. Tysiąclecia,2,44,550000,12500,bez pośredników,,8,https://adresowo.pl/o/mieszkanie-krakow-mistrzejowice-os-tysiaclecia-2-pokojowe-h6z7z7,https://s2.adresowa.pl/oi/35/43/3f66e4_9485_cover@2x-2-pokojowe-mieszkanie-krakow-mistrzejowice-os-tysiaclecia.webp
Kraków Grzegórzki,ul. Józefa Brodowicza,2,57,790000,13860,bez pośredników,,12,https://adresowo.pl/o/mieszkanie-krakow-grzegorzki-ul-jozefa-brodowicza-2-pokojowe-n3k1c4,https://s2.adresowa.pl/oi/6b/79/3f64b6_7685_cover@2x-2-pokojowe-mieszkanie-krakow-grzegorzki-ul-jozefa-brodowicza.webp
Kraków Mistrzejowice,os. Tysiąclecia,2,44,690000,15682,Pośrednik,,11,https://adresowo.pl/o/mieszkanie-krakow-mistrzejowice-os-tysiaclecia-2-pokojowe-u0v7f1,https://s2.adresowa.pl/oi/71/75/3f6e5a_772e_cover@2x-2-pokojowe-mieszkanie-krakow-mistrzejowice-os-tysiaclecia.webp
Kraków Krowodrza,ul. Stanisława Konarskiego,1,39,699000,17923,Pośrednik,,15,https://adresowo.pl/o/mieszkanie-krakow-krowodrza-ul-stanislawa-konarskiego-1-pokoj-c0g8n4,https://s2.adresowa.pl/oi/47/37/3f6e56_c57a_cover@2x-1-pokojowe-mieszkanie-krakow-krowodrza-ul-stanislawa-konarskiego.webp
Kraków Zakrzówek,ul. św. Jacka,1,26,450000,17308,bez pośredników,,1,https://adresowo.pl/o/mieszkanie-krakow-zakrzowek-ul-sw-jacka-1-pokoj-w9v9w9,https://s2.adresowa.pl/oi/6b/13/3f5e86_8e80_cover@2x-1-pokojowe-mieszkanie-krakow-zakrzowek-ul-sw-jacka.webp
Kraków Prądnik Biały,ul. Kluczborska 50,3,72,1590000,22083,bez pośredników,,22,https://adresowo.pl/o/mieszkanie-krakow-pradnik-bialy-ul-kluczborska-3-pokojowe-d2k2u8,https://s2.adresowa.pl/oi/41/62/3f5e8e_555d_cover@2x-3-pokojowe-mieszkanie-krakow-pradnik-bialy-ul-kluczborska.webp
Kraków Zakrzówek,ul. św. Jacka,2,46,719000,15630,bez pośredników,,1,https://adresowo.pl/o/mieszkanie-krakow-zakrzowek-ul-sw-jacka-2-pokojowe-o0p0f4,https://s2.adresowa.pl/oi/60/61/3f5e7c_bbed_cover@2x-2-pokojowe-mieszkanie-krakow-zakrzowek-ul-sw-jacka.webp
Kraków Stare Miasto,ul. Wrzesińska,2,41,1099000,26805,Pośrednik,,35,https://adresowo.pl/o/mieszkanie-krakow-stare-miasto-ul-wrzesinska-2-pokojowe-i2e1a7,https://s2.adresowa.pl/oi/42/11/3f6a48_49e5_cover@2x-2-pokojowe-mieszkanie-krakow-stare-miasto-ul-wrzesinska.webp
Kraków Dębniki,ul. Wacława Lipińskiego,2,35,535000,15286,Pośrednik,,15,https://adresowo.pl/o/mieszkanie-krakow-debniki-ul-waclawa-lipinskiego-2-pokojowe-l8e7s5,https://s2.adresowa.pl/oi/7d/1f/3f69d4_e475_cover@2x-2-pokojowe-mieszkanie-krakow-debniki-ul-waclawa-lipinskiego.webp
Kraków,Mydlniki,1,31,509000,16419,bez pośredników,,5,https://adresowo.pl/o/mieszkanie-krakow-mydlniki-1-pokoj-31-m2-r8d5y0,https://s2.adresowa.pl/oi/25/3e/3f5dce_b778_cover@2x-1-pokojowe-mieszkanie-krakow-mydlniki.webp
Kraków Podgórze Duchackie,ul. Nowosądecka,1,23,310945,13519,bez pośredników,,2,https://adresowo.pl/o/mieszkanie-krakow-podgorze-duchackie-ul-nowosadecka-1-pokoj-l8r9d4,https://s2.adresowa.pl/oi/74/57/3f5d92_f663_cover@2x-1-pokojowe-mieszkanie-krakow-podgorze-duchackie-ul-nowosadecka.webp
Kraków,Podgórze Duchackie,2,47,705000,15000,bez pośredników,,8,https://adresowo.pl/o/mieszkanie-krakow-podgorze-duchackie-2-pokojowe-47-m2-l8x5r9,https://s2.adresowa.pl/oi/39/44/3f5da8_7f8b_cover@2x-2-pokojowe-mieszkanie-krakow-podgorze-duchackie.webp
Kraków Prądnik Czerwony,ul. Zaułek Wileński,3,60,759900,12665,Pośrednik,,14,https://adresowo.pl/o/mieszkanie-krakow-pradnik-czerwony-ul-zaulek-wilenski-3-pokojowe-j8c6d3,https://s2.adresowa.pl/oi/1d/34/3f668a_d206_cover@2x-3-pokojowe-mieszkanie-krakow-pradnik-czerwony-ul-zaulek-wilenski.webp
Kraków Krowodrza,ul. Krzywy Zaułek,1,31,465000,15000,Pośrednik,,8,https://adresowo.pl/o/mieszkanie-krakow-krowodrza-ul-krzywy-zaulek-1-pokoj-w6x6d0,https://s2.adresowa.pl/oi/31/24/3f5c5c_ab40_cover@2x-1-pokojowe-mieszkanie-krakow-krowodrza-ul-krzywy-zaulek.webp
Kraków Grzegórzki,ul. Bajeczna,3,58,1350000,23276,bez pośredników,,17,https://adresowo.pl/o/mieszkanie-krakow-grzegorzki-ul-bajeczna-3-pokojowe-x7t5o8,https://s2.adresowa.pl/oi/65/6d/3f5908_c876_cover@2x-3-pokojowe-mieszkanie-krakow-grzegorzki-ul-bajeczna.webp
Kraków Bieżanów,ul. Telimeny,1,37,470000,12703,bez pośredników,,7,https://adresowo.pl/o/mieszkanie-krakow-biezanow-ul-telimeny-1-pokoj-a1a3h0,https://s2.adresowa.pl/oi/43/6e/3f58ea_e5b0_cover@2x-1-pokojowe-mieszkanie-krakow-biezanow-ul-telimeny.webp
Kraków Olsza,ul. Macieja Miechowity,2,53,759000,14321,bez pośredników,,17,https://adresowo.pl/o/mieszkanie-krakow-olsza-ul-macieja-miechowity-2-pokojowe-t1k7x2,https://s2.adresowa.pl/oi/36/51/3f5870_be56_cover@2x-2-pokojowe-mieszkanie-krakow-olsza-ul-macieja-miechowity.webp
Kraków,ul. Przyjaźni Polsko-Węgierskiej,3,67,1150000,17164,Pośrednik,,8,https://adresowo.pl/o/mieszkanie-krakow-ul-przyjazni-polsko-wegierskiej-3-pokojowe-k3g5f5,https://s2.adresowa.pl/oi/4e/44/3f5b4c_aadd_cover@2x-3-pokojowe-mieszkanie-krakow-ul-przyjazni-polsko-wegierskiej.webp
Kraków,ul. Lwowska 1,2,34,700000,20588,Pośrednik,,11,https://adresowo.pl/o/mieszkanie-krakow-ul-lwowska-2-pokojowe-s8y7p0,https://s2.adresowa.pl/oi/2c/1b/3f5b4a_6734_cover@2x-2-pokojowe-mieszkanie-krakow-ul-lwowska.webp
Kraków Bielany,ul. Księcia Józefa,2,36,640000,17778,bez pośredników,,8,https://adresowo.pl/o/mieszkanie-krakow-bielany-ul-ksiecia-jozefa-2-pokojowe-l6z1v3,https://s2.adresowa.pl/oi/30/35/3f569e_6095_cover@2x-2-pokojowe-mieszkanie-krakow-bielany-ul-ksiecia-jozefa.webp
Kraków Bieżanów,ul. Mariana Domagały,3,53,849000,16019,bez pośredników,,17,https://adresowo.pl/o/mieszkanie-krakow-biezanow-ul-mariana-domagaly-3-pokojowe-p8w6a7,https://s2.adresowa.pl/oi/6c/4e/3f5496_e013_cover@2x-3-pokojowe-mieszkanie-krakow-biezanow-ul-mariana-domagaly.webp
Kraków Bronowice,ul. Na Błonie,3,53,850000,16038,bez pośredników,,14,https://adresowo.pl/o/mieszkanie-krakow-bronowice-ul-na-blonie-3-pokojowe-g7y6n0,https://s2.adresowa.pl/oi/52/25/3f4dda_df86_cover@2x-3-pokojowe-mieszkanie-krakow-bronowice-ul-na-blonie.webp
Kraków Nowa Huta,os. Na Skarpie,2,46,564000,12261,Pośrednik,,7,https://adresowo.pl/o/mieszkanie-krakow-nowa-huta-os-na-skarpie-2-pokojowe-i4w1q9,https://s2.adresowa.pl/oi/3c/19/3f5b42_3b5a_cover@2x-2-pokojowe-mieszkanie-krakow-nowa-huta-os-na-skarpie.webp
Kraków Kleparz,ul. Zygmunta Wróblewskiego,3,54,649000,12019,Pośrednik,,5,https://adresowo.pl/o/mieszkanie-krakow-kleparz-ul-zygmunta-wroblewskiego-3-pokojowe-o2q2d4,https://s2.adresowa.pl/oi/67/69/3f5b3e_87a1_cover@2x-3-pokojowe-mieszkanie-krakow-kleparz-ul-zygmunta-wroblewskiego.webp
Kraków Kliny,ul. Borkowska,2,39,640000,16410,bez pośredników,,8,https://adresowo.pl/o/mieszkanie-krakow-kliny-ul-borkowska-2-pokojowe-b1r8g7,https://s2.adresowa.pl/oi/68/33/3f4d2a_6f10_cover@2x-2-pokojowe-mieszkanie-krakow-kliny-ul-borkowska.webp
Kraków Wzgórza Krzesławickie,ul. Sandora Petöfiego,3,63,699000,11095,bez pośredników,,5,https://adresowo.pl/o/mieszkanie-krakow-wzgorza-krzeslawickie-ul-sandora-petofiego-3-pokojowe-a4o6r2,https://s2.adresowa.pl/oi/6b/3d/3f4aa2_e710_cover@2x-3-pokojowe-mieszkanie-krakow-wzgorza-krzeslawickie-ul-sandora-petofiego.webp
Kraków Stare Miasto,ul. Radziwiłłowska,3,66,1050000,15909,bez pośredników,,9,https://adresowo.pl/o/mieszkanie-krakow-stare-miasto-ul-radziwillowska-3-pokojowe-t4w0c7,https://s2.adresowa.pl/oi/2b/58/3f49bc_ce97_cover@2x-3-pokojowe-mieszkanie-krakow-stare-miasto-ul-radziwillowska.webp
Kraków Kurdwanów,ul. Stanisława Stojałowskiego,5,85,1190000,14000,Pośrednik,,21,https://adresowo.pl/o/mieszkanie-krakow-kurdwanow-ul-stanislawa-stojalowskiego-5-pokojowe-o3k0e2,https://s2.adresowa.pl/oi/25/38/3f5946_d3b4_cover@2x-5-pokojowe-mieszkanie-krakow-kurdwanow-ul-stanislawa-stojalowskiego.webp
Kraków Nowa Huta,os. Kolorowe,2,51,680000,13333,Pośrednik,,14,https://adresowo.pl/o/mieszkanie-krakow-nowa-huta-os-kolorowe-2-pokojowe-f0i5x6,https://s2.adresowa.pl/oi/60/6f/3f5830_a828_cover@2x-2-pokojowe-mieszkanie-krakow-nowa-huta-os-kolorowe.webp
Kraków Mistrzejowice,os. Tysiąclecia,3,47,720000,15319,bez pośredników,,11,https://adresowo.pl/o/mieszkanie-krakow-mistrzejowice-os-tysiaclecia-3-pokojowe-y4f4a7,https://s2.adresowa.pl/oi/71/13/3f495c_9633_cover@2x-3-pokojowe-mieszkanie-krakow-mistrzejowice-os-tysiaclecia.webp
Kraków Bieńczyce,ul. Kocmyrzowska,2,46,650000,14130,bez pośredników,,5,https://adresowo.pl/o/mieszkanie-krakow-bienczyce-ul-kocmyrzowska-2-pokojowe-b6p2h3,https://s2.adresowa.pl/oi/68/15/3f4744_c5a0_cover@2x-2-pokojowe-mieszkanie-krakow-bienczyce-ul-kocmyrzowska.webp
Kraków Stare Miasto,ul. Floriańska,2,50,1300000,26000,bez pośredników,,15,https://adresowo.pl/o/mieszkanie-krakow-stare-miasto-ul-florianska-2-pokojowe-k5z2b2,https://s2.adresowa.pl/oi/2b/6e/3f41e4_b682_cover@2x-2-pokojowe-mieszkanie-krakow-stare-miasto-ul-florianska.webp
Kraków Grzegórzki,ul. Mogilska,2,50,799000,15980,Pośrednik,,11,https://adresowo.pl/o/mieszkanie-krakow-grzegorzki-ul-mogilska-2-pokojowe-k5n5j9,https://s2.adresowa.pl/oi/20/21/3f5832_65cf_cover@2x-2-pokojowe-mieszkanie-krakow-grzegorzki-ul-mogilska.webp
Kraków Mistrzejowice,ul. Powstańców 82,2,37,729000,19703,Pośrednik,,12,https://adresowo.pl/o/mieszkanie-krakow-mistrzejowice-ul-powstancow-2-pokojowe-h8l9y5,https://s2.adresowa.pl/oi/10/3c/3f56de_8ac9_cover@2x-2-pokojowe-mieszkanie-krakow-mistrzejowice-ul-powstancow.webp
Kraków Nowa Huta,os. Centrum B,3,45,650000,14444,bez pośredników,,16,https://adresowo.pl/o/mieszkanie-krakow-nowa-huta-os-centrum-b-3-pokojowe-p8l5y6,https://s2.adresowa.pl/oi/21/19/3f418e_61df_cover@2x-3-pokojowe-mieszkanie-krakow-nowa-huta-os-centrum-b.webp
Kraków Salwator,ul. Józefa Ignacego Kraszewskiego,1,20,490000,24500,bez pośredników,,9,https://adresowo.pl/o/mieszkanie-krakow-salwator-ul-jozefa-ignacego-kraszewskiego-1-pokoj-u9o8p3,https://s2.adresowa.pl/oi/54/3c/3f4082_35a4_cover@2x-1-pokojowe-mieszkanie-krakow-salwator-ul-jozefa-ignacego-kraszewskiego.webp
Kraków Podgórze,ul. Strycharska,2,41,849000,20707,bez pośredników,,8,https://adresowo.pl/o/mieszkanie-krakow-podgorze-ul-strycharska-2-pokojowe-k0h6w5,https://s2.adresowa.pl/oi/61/4a/3f3d52_44fd_cover@2x-2-pokojowe-mieszkanie-krakow-podgorze-ul-strycharska.webp
Kraków Krowodrza,ul. Chocimska,5,119,1550000,13025,Pośrednik,,22,https://adresowo.pl/o/mieszkanie-krakow-krowodrza-ul-chocimska-5-pokojowe-a6w0r4,https://s2.adresowa.pl/oi/28/6e/3f5670_3897_cover@2x-5-pokojowe-mieszkanie-krakow-krowodrza-ul-chocimska.webp
Kraków Nowa Huta,os. Krakowiaków,2,36,580000,16111,Pośrednik,,35,https://adresowo.pl/o/mieszkanie-krakow-nowa-huta-os-krakowiakow-2-pokojowe-z4r0f0,https://s2.adresowa.pl/oi/2c/1c/3f5664_c89d_cover@2x-2-pokojowe-mieszkanie-krakow-nowa-huta-os-krakowiakow.webp
Kraków Bronowice,ul. Stelmachów,2,44,749990,17045,bez pośredników,,20,https://adresowo.pl/o/mieszkanie-krakow-bronowice-ul-stelmachow-2-pokojowe-g9p8q9,https://s2.adresowa.pl/oi/4a/71/3ee6b0_8651_cover@2x-2-pokojowe-mieszkanie-krakow-bronowice-ul-stelmachow.webp
Kraków Górka Narodowa,ul. ks. Józefa Meiera,2,56,899000,16054,bez pośredników,,17,https://adresowo.pl/o/mieszkanie-krakow-gorka-narodowa-ul-ks-jozefa-meiera-2-pokojowe-j3d4p5,https://s2.adresowa.pl/oi/60/38/3f3b00_e1f3_cover@2x-2-pokojowe-mieszkanie-krakow-gorka-narodowa-ul-ks-jozefa-meiera.webp
Kraków Podgórze,ul. Śliska 9,2,27,590000,21852,bez pośredników,,12,https://adresowo.pl/o/mieszkanie-krakow-podgorze-ul-sliska-2-pokojowe-h9t3h3,https://s2.adresowa.pl/oi/20/76/3f3a28_f607_cover@2x-2-pokojowe-mieszkanie-krakow-podgorze-ul-sliska.webp
Kraków Prądnik Czerwony,ul. Pilotów,3,72,1050000,14583,bez pośredników,,13,https://adresowo.pl/o/mieszkanie-krakow-pradnik-czerwony-ul-pilotow-3-pokojowe-j2d4e3,https://s2.adresowa.pl/oi/6b/33/3f3804_fb74_cover@2x-3-pokojowe-mieszkanie-krakow-pradnik-czerwony-ul-pilotow.webp
Kraków Kurdwanów,ul. Marii i Bolesława Wysłouchów 32,2,48,569777,11870,Pośrednik,,12,https://adresowo.pl/o/mieszkanie-krakow-kurdwanow-ul-marii-i-boleslawa-wyslouchow-2-pokojowe-t1p1h1,https://s2.adresowa.pl/oi/2e/4f/3f5424_dce8_cover@2x-2-pokojowe-mieszkanie-krakow-kurdwanow-ul-marii-i-boleslawa-wyslouchow.webp
Kraków Dębniki,ul. Lubostroń,1,35,519000,14829,Pośrednik,,21,https://adresowo.pl/o/mieszkanie-krakow-debniki-ul-lubostron-1-pokoj-v1q6w4,https://s2.adresowa.pl/oi/7e/1c/3f51b8_b7f1_cover@2x-1-pokojowe-mieszkanie-krakow-debniki-ul-lubostron.webp
Kraków,Grzegórzki,3,68,1150000,16912,bez pośredników,,8,https://adresowo.pl/o/mieszkanie-krakow-grzegorzki-3-pokojowe-68-m2-w2f2p3,https://s2.adresowa.pl/oi/41/54/3f377e_7f75_cover@2x-3-pokojowe-mieszkanie-krakow-grzegorzki.webp
Kraków Borek Fałęcki,ul. Wiktora Zina,1,15,185000,12333,bez pośredników,,4,https://adresowo.pl/o/mieszkanie-krakow-borek-falecki-ul-wiktora-zina-1-pokoj-v2c5k7,https://s2.adresowa.pl/oi/21/5e/3f3766_ded1_cover@2x-1-pokojowe-mieszkanie-krakow-borek-falecki-ul-wiktora-zina.webp
Kraków Swoszowice,ul. prof. Adama Bochnaka,1,14,159000,11357,bez pośredników,,7,https://adresowo.pl/o/mieszkanie-krakow-swoszowice-ul-prof-adama-bochnaka-1-pokoj-w3h8k7,https://s2.adresowa.pl/oi/23/26/3f35cc_2d93_cover@2x-1-pokojowe-mieszkanie-krakow-swoszowice-ul-prof-adama-bochnaka.webp
Kraków Bieżanów,ul. Erazma Jerzmanowskiego,2,42,550000,13095,Pośrednik,,1,https://adresowo.pl/o/mieszkanie-krakow-biezanow-ul-erazma-jerzmanowskiego-2-pokojowe-q4r6b8,https://s2.adresowa.pl/oi/74/69/3f4fd8_a220_cover@2x-2-pokojowe-mieszkanie-krakow-biezanow-ul-erazma-jerzmanowskiego.webp
Kraków,ul. Kordiana,2,38,679000,17868,Pośrednik,,14,https://adresowo.pl/o/mieszkanie-krakow-ul-kordiana-2-pokojowe-z9d7b0,https://s2.adresowa.pl/oi/68/1a/3f4dd6_6f38_cover@2x-2-pokojowe-mieszkanie-krakow-ul-kordiana.webp
Kraków Borek Fałęcki,ul. Wiktora Zina,2,32,349000,10906,bez pośredników,,6,https://adresowo.pl/o/mieszkanie-krakow-borek-falecki-ul-wiktora-zina-2-pokojowe-m2w5j2,https://s2.adresowa.pl/oi/64/79/3f35b8_ddf4_cover@2x-2-pokojowe-mieszkanie-krakow-borek-falecki-ul-wiktora-zina.webp
Kraków Olsza,ul. Brogi,2,30,596000,19867,bez pośredników,,31,https://adresowo.pl/o/mieszkanie-krakow-olsza-ul-brogi-2-pokojowe-j4z3o3,https://s2.adresowa.pl/oi/21/3b/3f3536_8399_cover@2x-2-pokojowe-mieszkanie-krakow-olsza-ul-brogi.webp
Kraków Ruczaj,ul. Drukarska,4,88,1175000,13352,bez pośredników,,16,https://adresowo.pl/o/mieszkanie-krakow-ruczaj-ul-drukarska-4-pokojowe-w4o8g7,https://s2.adresowa.pl/oi/5b/7c/3f340e_5a8c_cover@2x-4-pokojowe-mieszkanie-krakow-ruczaj-ul-drukarska.webp
Kraków Grzegórzki,ul. Grzegórzecka,1,36,820000,22778,Pośrednik,,11,https://adresowo.pl/o/mieszkanie-krakow-grzegorzki-ul-grzegorzecka-1-pokoj-r7x8v0,https://s2.adresowa.pl/oi/62/1a/3f4bda_64b3_cover@2x-1-pokojowe-mieszkanie-krakow-grzegorzki-ul-grzegorzecka.webp
Kraków,ul. Stanisława Moniuszki,5,109,1650000,15138,Pośrednik,,9,https://adresowo.pl/o/mieszkanie-krakow-ul-stanislawa-moniuszki-5-pokojowe-n9j2n4,https://s2.adresowa.pl/oi/29/71/3f4472_a02b_cover@2x-5-pokojowe-mieszkanie-krakow-ul-stanislawa-moniuszki.webp
Kraków Bieżanów,ul. Podłęska,2,54,795000,14722,bez pośredników,,8,https://adresowo.pl/o/mieszkanie-krakow-biezanow-ul-podleska-2-pokojowe-x0v6j4,https://s2.adresowa.pl/oi/74/63/3f342e_fa7e_cover@2x-2-pokojowe-mieszkanie-krakow-biezanow-ul-podleska.webp
Kraków Śródmieście,ul. Dąbska,2,42,777420,18510,bez pośredników,,12,https://adresowo.pl/o/mieszkanie-krakow-srodmiescie-ul-dabska-2-pokojowe-x6p4l7,https://s2.adresowa.pl/oi/16/34/3f3410_79bb_cover@2x-2-pokojowe-mieszkanie-krakow-srodmiescie-ul-dabska.webp
Kraków,Grzegórzki,1,16,380000,23750,bez pośredników,,8,https://adresowo.pl/o/mieszkanie-krakow-grzegorzki-1-pokoj-16-m2-q1n3p5,https://s2.adresowa.pl/oi/2f/73/3f3038_c1a1_cover@2x-1-pokojowe-mieszkanie-krakow-grzegorzki.webp
Kraków Krowodrza,"ul. Batalionu ""Skała"" AK",3,57,898000,15754,Pośrednik,,39,https://adresowo.pl/o/mieszkanie-krakow-krowodrza-ul-batalionu-skala-ak-3-pokojowe-r4p6g8,https://s2.adresowa.pl/oi/76/37/3f3ff6_7b23_cover@2x-3-pokojowe-mieszkanie-krakow-krowodrza-ul-batalionu-skala-ak.webp
Kraków Podgórze,ul. por. Halszki,2,44,682000,15500,Pośrednik,,6,https://adresowo.pl/o/mieszkanie-krakow-podgorze-ul-por-halszki-2-pokojowe-a0s1u0,https://s2.adresowa.pl/oi/13/4e/3f3fea_2763_cover@2x-2-pokojowe-mieszkanie-krakow-podgorze-ul-por-halszki.webp
Kraków Krowodrza,ul. Kazimierza Wielkiego,3,50,939000,18780,bez pośredników,,20,https://adresowo.pl/o/mieszkanie-krakow-krowodrza-ul-kazimierza-wielkiego-3-pokojowe-e9j7a7,https://s2.adresowa.pl/oi/25/79/3f2c84_45d7_cover@2x-3-pokojowe-mieszkanie-krakow-krowodrza-ul-kazimierza-wielkiego.webp
Kraków,ul. Dożynkowa,6,102,1599000,15676,bez pośredników,,19,https://adresowo.pl/o/mieszkanie-krakow-ul-dozynkowa-6-pokojowe-n2s5z6,https://s2.adresowa.pl/oi/49/3c/3f2b72_3c0d_cover@2x-6-pokojowe-mieszkanie-krakow-ul-dozynkowa.webp
Kraków Podgórze Duchackie,ul. Skowronia,3,58,1199000,20672,bez pośredników,,19,https://adresowo.pl/o/mieszkanie-krakow-podgorze-duchackie-ul-skowronia-3-pokojowe-b7o8n8,https://s2.adresowa.pl/oi/24/39/3f292e_d410_cover@2x-3-pokojowe-mieszkanie-krakow-podgorze-duchackie-ul-skowronia.webp
Kraków Wola Justowska,ul. Królowej Jadwigi 307,5,120,1795301,14961,Pośrednik,,14,https://adresowo.pl/o/mieszkanie-krakow-wola-justowska-ul-krolowej-jadwigi-5-pokojowe-e3p2a3,https://s2.adresowa.pl/oi/17/65/3f3ece_48cd_cover@2x-5-pokojowe-mieszkanie-krakow-wola-justowska-ul-krolowej-jadwigi.webp
Kraków Wola Justowska,ul. Pylna,3,110,1754088,15946,Pośrednik,,6,https://adresowo.pl/o/mieszkanie-krakow-wola-justowska-ul-pylna-3-pokojowe-v4i9j3,https://s2.adresowa.pl/oi/77/21/3f3d94_ce90_cover@2x-3-pokojowe-mieszkanie-krakow-wola-justowska-ul-pylna.webp
Kraków Prądnik Czerwony,ul. Strzelców,3,61,1250000,20492,bez pośredników,,1,https://adresowo.pl/o/mieszkanie-krakow-pradnik-czerwony-ul-strzelcow-3-pokojowe-l4v7v4,https://s2.adresowa.pl/oi/1d/4f/3f2856_71fc_cover@2x-3-pokojowe-mieszkanie-krakow-pradnik-czerwony-ul-strzelcow.webp
Kraków Ruczaj,ul. Obozowa,2,57,775000,13596,bez pośredników,,16,https://adresowo.pl/o/mieszkanie-krakow-ruczaj-ul-obozowa-2-pokojowe-l0d4b5,https://s2.adresowa.pl/oi/6d/6a/3f26a2_b516_cover@2x-2-pokojowe-mieszkanie-krakow-ruczaj-ul-obozowa.webp
Kraków Podgórze Duchackie,ul. Walerego Sławka,3,56,889000,15875,bez pośredników,,20,https://adresowo.pl/o/mieszkanie-krakow-podgorze-duchackie-ul-walerego-slawka-3-pokojowe-d8l3e0,https://s2.adresowa.pl/oi/77/15/3f23ea_8f81_cover@2x-3-pokojowe-mieszkanie-krakow-podgorze-duchackie-ul-walerego-slawka.webp
Kraków Podgórze Duchackie,ul. Malwowa,2,54,850000,15741,Pośrednik,,17,https://adresowo.pl/o/mieszkanie-krakow-podgorze-duchackie-ul-malwowa-2-pokojowe-o3e8n6,https://s2.adresowa.pl/oi/21/27/3f3984_b882_cover@2x-2-pokojowe-mieszkanie-krakow-podgorze-duchackie-ul-malwowa.webp
Kraków Łagiewniki-Borek Fałęcki,ul. Piasta Kołodzieja,3,64,820000,12812,Pośrednik,,14,https://adresowo.pl/o/mieszkanie-krakow-lagiewniki-borek-falecki-ul-piasta-kolodzieja-3-pokojowe-w9n0w1,https://s2.adresowa.pl/oi/5e/2f/3f3982_494d_cover@2x-3-pokojowe-mieszkanie-krakow-lagiewniki-borek-falecki-ul-piasta-kolodzieja.webp
Kraków Grzegórzki,ul. Dąbska,4,79,1564200,19800,bez pośredników,,8,https://adresowo.pl/o/mieszkanie-krakow-grzegorzki-ul-dabska-4-pokojowe-m3t5c3,https://s2.adresowa.pl/oi/7f/5a/3f1eb2_d4a8_cover@2x-4-pokojowe-mieszkanie-krakow-grzegorzki-ul-dabska.webp
Kraków Nowa Huta,os. Zgody,1,33,460000,13939,bez pośredników,,16,https://adresowo.pl/o/mieszkanie-krakow-nowa-huta-os-zgody-1-pokoj-z2j4e3,https://s2.adresowa.pl/oi/7c/39/3f1dec_ae61_cover@2x-1-pokojowe-mieszkanie-krakow-nowa-huta-os-zgody.webp
Kraków Dębniki,ul. prof. Michała Bobrzyńskiego 27,2,49,720000,14694,bez pośredników,,8,https://adresowo.pl/o/mieszkanie-krakow-debniki-ul-prof-michala-bobrzynskiego-2-pokojowe-s0z4r4,https://s2.adresowa.pl/oi/68/74/3f1dcc_74ab_cover@2x-2-pokojowe-mieszkanie-krakow-debniki-ul-prof-michala-bobrzynskiego.webp
Kraków Ugorek,ul. Fiołkowa,2,35,570000,16286,Pośrednik,,31,https://adresowo.pl/o/mieszkanie-krakow-ugorek-ul-fiolkowa-2-pokojowe-x3p2a8,https://s2.adresowa.pl/oi/66/53/3f3784_e4d5_cover@2x-2-pokojowe-mieszkanie-krakow-ugorek-ul-fiolkowa.webp
Kraków Prądnik Czerwony,ul. Celarowska,2,36,549000,15250,Pośrednik,,8,https://adresowo.pl/o/mieszkanie-krakow-pradnik-czerwony-ul-celarowska-2-pokojowe-p9e6m1,https://s2.adresowa.pl/oi/3c/7a/3f377a_3af5_cover@2x-2-pokojowe-mieszkanie-krakow-pradnik-czerwony-ul-celarowska.webp
Kraków Czyżyny,ul. Bolesława Orlińskiego,2,43,842205,19586,bez pośredników,,9,https://adresowo.pl/o/mieszkanie-krakow-czyzyny-ul-boleslawa-orlinskiego-2-pokojowe-v1a8z0,https://s2.adresowa.pl/oi/48/12/3effd2_8431_cover@2x-2-pokojowe-mieszkanie-krakow-czyzyny-ul-boleslawa-orlinskiego.webp
Kraków Stare Miasto,ul. marsz. Józefa Piłsudskiego,2,53,1888000,35623,bez pośredników,,17,https://adresowo.pl/o/mieszkanie-krakow-stare-miasto-ul-marsz-jozefa-pilsudskiego-2-pokojowe-o4a9u3,https://s2.adresowa.pl/oi/78/4e/3f1b72_a033_cover@2x-2-pokojowe-mieszkanie-krakow-stare-miasto-ul-marsz-jozefa-pilsudskiego.webp
Kraków Stare Miasto,ul. Długa,1,40,525000,13125,bez pośredników,,15,https://adresowo.pl/o/mieszkanie-krakow-stare-miasto-ul-dluga-1-pokoj-v1i4q7,https://s2.adresowa.pl/oi/36/6b/3f12b0_905d_cover@2x-1-pokojowe-mieszkanie-krakow-stare-miasto-ul-dluga.webp
Kraków Nowa Huta,os. Bohaterów Września,3,64,890000,13906,Pośrednik,,36,https://adresowo.pl/o/mieszkanie-krakow-nowa-huta-os-bohaterow-wrzesnia-3-pokojowe-c9k4w2,https://s2.adresowa.pl/oi/2c/7c/3f3746_6906_cover@2x-3-pokojowe-mieszkanie-krakow-nowa-huta-os-bohaterow-wrzesnia.webp
Kraków Podgórze,ul. Kalwaryjska,3,58,1100000,18966,Pośrednik,,18,https://adresowo.pl/o/mieszkanie-krakow-podgorze-ul-kalwaryjska-3-pokojowe-h0n3w6,https://s2.adresowa.pl/oi/1b/7d/3f3284_38fd_cover@2x-3-pokojowe-mieszkanie-krakow-podgorze-ul-kalwaryjska.webp
Kraków Prądnik Czerwony,al. 29 Listopada,3,70,900000,12857,bez pośredników,,20,https://adresowo.pl/o/mieszkanie-krakow-pradnik-czerwony-al-29-listopada-3-pokojowe-q3r6a3,https://s2.adresowa.pl/oi/24/31/3f121e_4f62_cover@2x-3-pokojowe-mieszkanie-krakow-pradnik-czerwony-al-29-listopada.webp
Kraków Grzegórzki,al. Pokoju,3,47,710000,15106,bez pośredników,,18,https://adresowo.pl/o/mieszkanie-krakow-grzegorzki-al-pokoju-3-pokojowe-n2w5i1,https://s2.adresowa.pl/oi/24/4b/3f121a_d95b_cover@2x-3-pokojowe-mieszkanie-krakow-grzegorzki-al-pokoju.webp
Kraków Grzegórzki,ul. Dąbska,4,100,2100000,21000,bez pośredników,,8,https://adresowo.pl/o/mieszkanie-krakow-grzegorzki-ul-dabska-4-pokojowe-q9t4z2,https://s2.adresowa.pl/oi/50/58/3f11d6_7a28_cover@2x-4-pokojowe-mieszkanie-krakow-grzegorzki-ul-dabska.webp
Kraków Podgórze,ul. Okólna 24,3,52,649000,12481,Pośrednik,,17,https://adresowo.pl/o/mieszkanie-krakow-podgorze-ul-okolna-3-pokojowe-h1w0a9,https://s2.adresowa.pl/oi/64/6c/3f3182_de75_cover@2x-3-pokojowe-mieszkanie-krakow-podgorze-ul-okolna.webp
Kraków Bronowice,ul. Zielony Most,4,60,995000,16583,Pośrednik,,23,https://adresowo.pl/o/mieszkanie-krakow-bronowice-ul-zielony-most-4-pokojowe-q1i2b6,https://s2.adresowa.pl/oi/43/4e/3f30f0_6eda_cover@2x-4-pokojowe-mieszkanie-krakow-bronowice-ul-zielony-most.webp
Kraków Prądnik Czerwony,ul. Mogilska,3,54,1500000,27778,bez pośredników,,18,https://adresowo.pl/o/mieszkanie-krakow-pradnik-czerwony-ul-mogilska-3-pokojowe-d9k7i3,https://s2.adresowa.pl/oi/74/2c/3f11aa_9239_cover@2x-3-pokojowe-mieszkanie-krakow-pradnik-czerwony-ul-mogilska.webp
Kraków Dębniki,ul. Pychowicka,3,49,1060000,21633,bez pośredników,,9,https://adresowo.pl/o/mieszkanie-krakow-debniki-ul-pychowicka-3-pokojowe-e8n6f3,https://s2.adresowa.pl/oi/33/1b/3f1108_3774_cover@2x-3-pokojowe-mieszkanie-krakow-debniki-ul-pychowicka.webp
Kraków Mistrzejowice,os. Tysiąclecia,3,47,560000,11915,bez pośredników,,1,https://adresowo.pl/o/mieszkanie-krakow-mistrzejowice-os-tysiaclecia-3-pokojowe-h2b7i9,https://s2.adresowa.pl/oi/64/66/3f100e_a1db_cover@2x-3-pokojowe-mieszkanie-krakow-mistrzejowice-os-tysiaclecia.webp
Kraków Ruczaj,ul. Zachodnia,2,31,559000,18032,Pośrednik,,8,https://adresowo.pl/o/mieszkanie-krakow-ruczaj-ul-zachodnia-2-pokojowe-w7d7n8,https://s2.adresowa.pl/oi/61/4e/3f30ba_9f75_cover@2x-2-pokojowe-mieszkanie-krakow-ruczaj-ul-zachodnia.webp
Kraków Piaski Wielkie,ul. Tuchowska,2,55,715000,13000,Pośrednik,,18,https://adresowo.pl/o/mieszkanie-krakow-piaski-wielkie-ul-tuchowska-2-pokojowe-y8v3i9,https://s2.adresowa.pl/oi/7a/68/3f295c_53db_cover@2x-2-pokojowe-mieszkanie-krakow-piaski-wielkie-ul-tuchowska.webp
Kraków Przewóz,ul. Przewóz,3,55,1140000,20727,bez pośredników,,8,https://adresowo.pl/o/mieszkanie-krakow-przewoz-ul-przewoz-3-pokojowe-j1u0t5,https://s2.adresowa.pl/oi/4b/6b/3f0ff0_dc6a_cover@2x-3-pokojowe-mieszkanie-krakow-przewoz-ul-przewoz.webp
Kraków Piaski Wielkie,ul. Podedworze,5,55,698000,12691,bez pośredników,,13,https://adresowo.pl/o/mieszkanie-krakow-piaski-wielkie-ul-podedworze-5-pokojowe-e7h6o3,https://s2.adresowa.pl/oi/49/17/3f0f84_e813_cover@2x-5-pokojowe-mieszkanie-krakow-piaski-wielkie-ul-podedworze.webp
Kraków Dąbie,ul. Dąbska,2,37,669000,18081,bez pośredników,,5,https://adresowo.pl/o/mieszkanie-krakow-dabie-ul-dabska-2-pokojowe-f5o8b4,https://s2.adresowa.pl/oi/77/6e/3f0f08_dbb7_cover@2x-2-pokojowe-mieszkanie-krakow-dabie-ul-dabska.webp
Kraków Kurdwanów,ul. Cechowa 11B,5,74,877032,11852,Pośrednik,,14,https://adresowo.pl/o/mieszkanie-krakow-kurdwanow-ul-cechowa-5-pokojowe-p2y7n0,https://s2.adresowa.pl/oi/27/21/3f255e_9a5d_cover@2x-5-pokojowe-mieszkanie-krakow-kurdwanow-ul-cechowa.webp
Kraków Stare Miasto,ul. Długa,3,65,1250000,19231,Pośrednik,,27,https://adresowo.pl/o/mieszkanie-krakow-stare-miasto-ul-dluga-3-pokojowe-c6l4p9,https://s2.adresowa.pl/oi/7e/2f/3f232e_b7fc_cover@2x-3-pokojowe-mieszkanie-krakow-stare-miasto-ul-dluga.webp
Kraków Prądnik Biały,ul. Wincentego Danka,1,39,680000,17436,bez pośredników,,20,https://adresowo.pl/o/mieszkanie-krakow-pradnik-bialy-ul-wincentego-danka-1-pokoj-j4g9r3,https://s2.adresowa.pl/oi/2c/2b/3f0bd2_e75a_cover@2x-1-pokojowe-mieszkanie-krakow-pradnik-bialy-ul-wincentego-danka.webp
Kraków Ruczaj,ul. Obozowa,4,82,1220000,14878,bez pośredników,,17,https://adresowo.pl/o/mieszkanie-krakow-ruczaj-ul-obozowa-4-pokojowe-p6r7q2,https://s2.adresowa.pl/oi/67/1a/3f0bd0_3774_cover@2x-4-pokojowe-mieszkanie-krakow-ruczaj-ul-obozowa.webp
Kraków Bronowice,ul. Starego Dębu,3,63,900000,14286,bez pośredników,,1,https://adresowo.pl/o/mieszkanie-krakow-bronowice-ul-starego-debu-3-pokojowe-l7z8j4,https://s2.adresowa.pl/oi/61/5b/3f095e_c0ec_cover@2x-3-pokojowe-mieszkanie-krakow-bronowice-ul-starego-debu.webp
Kraków Bronowice,ul. Włodzimierza Tetmajera,4,71,1054204,14848,Pośrednik,,20,https://adresowo.pl/o/mieszkanie-krakow-bronowice-ul-wlodzimierza-tetmajera-4-pokojowe-j1p5h3,https://s2.adresowa.pl/oi/4f/57/3f232c_52b7_cover@2x-4-pokojowe-mieszkanie-krakow-bronowice-ul-wlodzimierza-tetmajera.webp
Kraków Podgórze Duchackie,ul. Cechowa,3,49,725000,14796,Pośrednik,,40,https://adresowo.pl/o/mieszkanie-krakow-podgorze-duchackie-ul-cechowa-3-pokojowe-p2k4g5,https://s2.adresowa.pl/oi/35/16/3f2324_3d03_cover@2x-3-pokojowe-mieszkanie-krakow-podgorze-duchackie-ul-cechowa.webp
Kraków Krowodrza,ul. Antoniego Augustynka-Wichury,3,92,1469000,15967,bez pośredników,,20,https://adresowo.pl/o/mieszkanie-krakow-krowodrza-ul-antoniego-augustynka-wichury-3-pokojowe-o7q4o0,https://s2.adresowa.pl/oi/1b/13/3f08e8_50a2_cover@2x-3-pokojowe-mieszkanie-krakow-krowodrza-ul-antoniego-augustynka-wichury.webp
Kraków,Nowa Huta,2,43,602000,14000,bez pośredników,,14,https://adresowo.pl/o/mieszkanie-krakow-nowa-huta-2-pokojowe-43-m2-l5u3a6,https://s2.adresowa.pl/oi/30/55/3f07a6_b46c_cover@2x-2-pokojowe-mieszkanie-krakow-nowa-huta.webp
Kraków Podgórze,ul. Jerozolimska,2,46,1190000,25870,bez pośredników,,13,https://adresowo.pl/o/mieszkanie-krakow-podgorze-ul-jerozolimska-2-pokojowe-t6g1v6,https://s2.adresowa.pl/oi/23/22/3f070c_87b4_cover@2x-2-pokojowe-mieszkanie-krakow-podgorze-ul-jerozolimska.webp
Kraków Podgórze,ul. Tadeusza Romanowicza 5,2,41,1099000,26805,Pośrednik,,31,https://adresowo.pl/o/mieszkanie-krakow-podgorze-ul-tadeusza-romanowicza-2-pokojowe-l5i1j9,https://s2.adresowa.pl/oi/38/7f/3f20ea_9a8b_cover@2x-2-pokojowe-mieszkanie-krakow-podgorze-ul-tadeusza-romanowicza.webp
Kraków Podgórze,ul. Stanisława Mitery,3,50,525000,10500,Pośrednik,,16,https://adresowo.pl/o/mieszkanie-krakow-podgorze-ul-stanislawa-mitery-3-pokojowe-m9p1l0,https://s2.adresowa.pl/oi/27/2c/3f1b48_444e_cover@2x-3-pokojowe-mieszkanie-krakow-podgorze-ul-stanislawa-mitery.webp
Kraków Bieńczyce,ul. Kocmyrzowska,2,69,976128,14147,bez pośredników,,17,https://adresowo.pl/o/mieszkanie-krakow-bienczyce-ul-kocmyrzowska-2-pokojowe-n3e7f5,https://s2.adresowa.pl/oi/1e/75/3f0660_952c_cover@2x-2-pokojowe-mieszkanie-krakow-bienczyce-ul-kocmyrzowska.webp
Kraków Bieńczyce,ul. Kocmyrzowska,2,49,734899,14998,bez pośredników,,20,https://adresowo.pl/o/mieszkanie-krakow-bienczyce-ul-kocmyrzowska-2-pokojowe-v1w5j8,https://s2.adresowa.pl/oi/4b/30/3f065a_7547_cover@2x-2-pokojowe-mieszkanie-krakow-bienczyce-ul-kocmyrzowska.webp
Kraków Bieńczyce,ul. Kocmyrzowska,3,62,928574,14977,bez pośredników,,19,https://adresowo.pl/o/mieszkanie-krakow-bienczyce-ul-kocmyrzowska-3-pokojowe-t9m2f0,https://s2.adresowa.pl/oi/4b/2d/3f0656_38d1_cover@2x-3-pokojowe-mieszkanie-krakow-bienczyce-ul-kocmyrzowska.webp
Kraków Bieżanów,ul. Agatowa,4,78,1090000,13974,Pośrednik,,10,https://adresowo.pl/o/mieszkanie-krakow-biezanow-ul-agatowa-4-pokojowe-o7m0l3,https://s2.adresowa.pl/oi/6b/6a/3f1b44_2f79_cover@2x-4-pokojowe-mieszkanie-krakow-biezanow-ul-agatowa.webp
Kraków Grzegórzki,al. Ignacego Daszyńskiego,2,48,890000,18542,Pośrednik,,24,https://adresowo.pl/o/mieszkanie-krakow-grzegorzki-al-ignacego-daszynskiego-2-pokojowe-z5g3k1,https://s2.adresowa.pl/oi/32/49/3f1b0a_ce02_cover@2x-2-pokojowe-mieszkanie-krakow-grzegorzki-al-ignacego-daszynskiego.webp
Kraków Bieńczyce,os. Osiedle Kazimierzowskie,3,54,639000,11833,bez pośredników,,9,https://adresowo.pl/o/mieszkanie-krakow-bienczyce-os-osiedle-kazimierzowskie-3-pokojowe-x8u6u2,https://s2.adresowa.pl/oi/34/47/3f0632_c418_cover@2x-3-pokojowe-mieszkanie-krakow-bienczyce-os-osiedle-kazimierzowskie.webp
Kraków Prądnik Czerwony,ul. Pilotów,3,45,645000,14333,bez pośredników,,13,https://adresowo.pl/o/mieszkanie-krakow-pradnik-czerwony-ul-pilotow-3-pokojowe-d5s6z7,https://s2.adresowa.pl/oi/68/55/3f0332_b969_cover@2x-3-pokojowe-mieszkanie-krakow-pradnik-czerwony-ul-pilotow.webp
Kraków Czyżyny,ul. Bolesława Orlińskiego,3,50,950000,19000,bez pośredników,,10,https://adresowo.pl/o/mieszkanie-krakow-czyzyny-ul-boleslawa-orlinskiego-3-pokojowe-v0a9w7,https://s2.adresowa.pl/oi/3a/50/3f0308_e5ba_cover@2x-3-pokojowe-mieszkanie-krakow-czyzyny-ul-boleslawa-orlinskiego.webp
Kraków Bieńczyce,ul. Fatimska,2,43,750000,17442,Pośrednik,,28,https://adresowo.pl/o/mieszkanie-krakow-bienczyce-ul-fatimska-2-pokojowe-o1g1p4,https://s2.adresowa.pl/oi/26/27/3f1afa_7a4e_cover@2x-2-pokojowe-mieszkanie-krakow-bienczyce-ul-fatimska.webp
Kraków Podgórze Duchackie,ul. Adama Bochenka,2,35,629000,17971,Pośrednik,,10,https://adresowo.pl/o/mieszkanie-krakow-podgorze-duchackie-ul-adama-bochenka-2-pokojowe-g9t9l2,https://s2.adresowa.pl/oi/29/62/3f1616_daff_cover@2x-2-pokojowe-mieszkanie-krakow-podgorze-duchackie-ul-adama-bochenka.webp
Kraków Dębniki,ul. Barska,2,32,900000,28125,bez pośredników,,15,https://adresowo.pl/o/mieszkanie-krakow-debniki-ul-barska-2-pokojowe-o8p2s3,https://s2.adresowa.pl/oi/2b/5c/3efca4_ee16_cover@2x-2-pokojowe-mieszkanie-krakow-debniki-ul-barska.webp
Kraków,Bronowice,4,103,2000000,19417,bez pośredników,,8,https://adresowo.pl/o/mieszkanie-krakow-bronowice-4-pokojowe-103-m2-x2p0o8,https://s2.adresowa.pl/oi/18/7c/3efb2e_ea93_cover@2x-4-pokojowe-mieszkanie-krakow-bronowice.webp
Kraków Bieńczyce,os. Jagiellońskie 37,3,44,693900,15770,bez pośredników,,28,https://adresowo.pl/o/mieszkanie-krakow-bienczyce-os-jagiellonskie-3-pokojowe-r6n6r7,https://s2.adresowa.pl/oi/74/48/3ef938_bf1b_cover@2x-3-pokojowe-mieszkanie-krakow-bienczyce-os-jagiellonskie.webp
Kraków Podgórze,ul. ks. Ignacego Stoszki,2,55,777000,14127,Pośrednik,,6,https://adresowo.pl/o/mieszkanie-krakow-podgorze-ul-ks-ignacego-stoszki-2-pokojowe-e8y7l4,https://s2.adresowa.pl/oi/69/2e/3f1562_4029_cover@2x-2-pokojowe-mieszkanie-krakow-podgorze-ul-ks-ignacego-stoszki.webp
Kraków Bieżanów,ul. Złocieniowa,2,46,619000,13457,Pośrednik,,14,https://adresowo.pl/o/mieszkanie-krakow-biezanow-ul-zlocieniowa-2-pokojowe-c0o7k1,https://s2.adresowa.pl/oi/47/5e/3f1426_a220_cover@2x-2-pokojowe-mieszkanie-krakow-biezanow-ul-zlocieniowa.webp
Kraków Wzgórza Krzesławickie,ul. Gustawa Morcinka,2,49,799000,16306,bez pośredników,,13,https://adresowo.pl/o/mieszkanie-krakow-wzgorza-krzeslawickie-ul-gustawa-morcinka-2-pokojowe-z6o2y5,https://s2.adresowa.pl/oi/20/60/3ef8f4_2f85_cover@2x-2-pokojowe-mieszkanie-krakow-wzgorza-krzeslawickie-ul-gustawa-morcinka.webp
Kraków Opatkowice,ul. Zakarczmie,6,136,1859000,13669,bez pośredników,,13,https://adresowo.pl/o/mieszkanie-krakow-opatkowice-ul-zakarczmie-6-pokojowe-a3d1z5,https://s2.adresowa.pl/oi/78/5d/3ef7c6_d64a_cover@2x-6-pokojowe-mieszkanie-krakow-opatkowice-ul-zakarczmie.webp
Kraków Kurdwanów,ul. Łowienicka,1,29,498000,17172,bez pośredników,,9,https://adresowo.pl/o/mieszkanie-krakow-kurdwanow-ul-lowienicka-1-pokoj-q5j2s3,https://s2.adresowa.pl/oi/66/29/3ef6aa_634e_cover@2x-1-pokojowe-mieszkanie-krakow-kurdwanow-ul-lowienicka.webp
Kraków Bronowice,ul. Starego Dębu,3,56,843600,15064,Pośrednik,,11,https://adresowo.pl/o/mieszkanie-krakow-bronowice-ul-starego-debu-3-pokojowe-j2c8n2,https://s2.adresowa.pl/oi/68/57/3f10ac_4669_cover@2x-3-pokojowe-mieszkanie-krakow-bronowice-ul-starego-debu.webp
Kraków Bronowice,ul. Zarzecze,4,90,1100000,12222,Pośrednik,,39,https://adresowo.pl/o/mieszkanie-krakow-bronowice-ul-zarzecze-4-pokojowe-p5d6m1,https://s2.adresowa.pl/oi/47/67/3f0dd4_c4b2_cover@2x-4-pokojowe-mieszkanie-krakow-bronowice-ul-zarzecze.webp
Kraków Krowodrza,ul. Krowoderskich Zuchów,3,63,1400000,22222,bez pośredników,,25,https://adresowo.pl/o/mieszkanie-krakow-krowodrza-ul-krowoderskich-zuchow-3-pokojowe-a6t6g6,https://s2.adresowa.pl/oi/75/61/3ef502_b9b3_cover@2x-3-pokojowe-mieszkanie-krakow-krowodrza-ul-krowoderskich-zuchow.webp
Kraków Stare Miasto,ul. św. Tomasza,4,116,2990000,25776,bez pośredników,,10,https://adresowo.pl/o/mieszkanie-krakow-stare-miasto-ul-sw-tomasza-4-pokojowe-d6l8m7,https://s2.adresowa.pl/oi/3a/49/3ef39c_4fe9_cover@2x-4-pokojowe-mieszkanie-krakow-stare-miasto-ul-sw-tomasza.webp
Kraków Bronowice,ul. Stańczyka,3,51,1120000,21961,bez pośredników,,19,https://adresowo.pl/o/mieszkanie-krakow-bronowice-ul-stanczyka-3-pokojowe-n6e9x0,https://s2.adresowa.pl/oi/74/5c/3ebfa2_715f_cover@2x-3-pokojowe-mieszkanie-krakow-bronowice-ul-stanczyka.webp
Kraków Nowa Huta,os. Kościuszkowskie,2,39,665000,17051,Pośrednik,,36,https://adresowo.pl/o/mieszkanie-krakow-nowa-huta-os-kosciuszkowskie-2-pokojowe-p2j1p3,https://s2.adresowa.pl/oi/17/10/3f0da4_e655_cover@2x-2-pokojowe-mieszkanie-krakow-nowa-huta-os-kosciuszkowskie.webp
Kraków Nowa Huta,os. Piastów,3,45,587600,13058,Pośrednik,,12,https://adresowo.pl/o/mieszkanie-krakow-nowa-huta-os-piastow-3-pokojowe-l9i6q1,https://s2.adresowa.pl/oi/5d/2e/3f0c74_e220_cover@2x-3-pokojowe-mieszkanie-krakow-nowa-huta-os-piastow.webp
Kraków Prądnik Czerwony,ul. mjr. Ryszarda Nuszkiewicza,2,47,720000,15319,bez pośredników,,11,https://adresowo.pl/o/mieszkanie-krakow-pradnik-czerwony-ul-mjr-ryszarda-nuszkiewicza-2-pokojowe-u9j5x1,https://s2.adresowa.pl/oi/79/6e/3ef33e_c348_cover@2x-2-pokojowe-mieszkanie-krakow-pradnik-czerwony-ul-mjr-ryszarda-nuszkiewicza.webp
Kraków Podgórze,ul. Na Zakolu Wisły,3,62,1129000,18210,bez pośredników,,8,https://adresowo.pl/o/mieszkanie-krakow-podgorze-ul-na-zakolu-wisly-3-pokojowe-o0x3a2,https://s2.adresowa.pl/oi/35/5a/3ef2f2_54b8_cover@2x-3-pokojowe-mieszkanie-krakow-podgorze-ul-na-zakolu-wisly.webp
Kraków Mistrzejowice,os. Bohaterów Września,3,63,940000,14921,bez pośredników,,20,https://adresowo.pl/o/mieszkanie-krakow-mistrzejowice-os-bohaterow-wrzesnia-3-pokojowe-c2j2r9,https://s2.adresowa.pl/oi/1f/30/3ef22e_d707_cover@2x-3-pokojowe-mieszkanie-krakow-mistrzejowice-os-bohaterow-wrzesnia.webp
Kraków,Krowodrza,3,44,747000,16977,Pośrednik,,21,https://adresowo.pl/o/mieszkanie-krakow-krowodrza-3-pokojowe-44-m2-j0o1i4,https://s2.adresowa.pl/oi/4f/32/3f0420_e2a8_cover@2x-3-pokojowe-mieszkanie-krakow-krowodrza.webp
Kraków Stare Miasto,ul. Krowoderska,3,74,1418000,19162,Pośrednik,,16,https://adresowo.pl/o/mieszkanie-krakow-stare-miasto-ul-krowoderska-3-pokojowe-i5y4w6,https://s2.adresowa.pl/oi/2c/34/3efc9a_d3b0_cover@2x-3-pokojowe-mieszkanie-krakow-stare-miasto-ul-krowoderska.webp
Kraków Pychowice,ul. Sodowa,2,32,579000,18094,bez pośredników,,5,https://adresowo.pl/o/mieszkanie-krakow-pychowice-ul-sodowa-2-pokojowe-l5w6r6,https://s2.adresowa.pl/oi/71/32/3eefa8_83a4_cover@2x-2-pokojowe-mieszkanie-krakow-pychowice-ul-sodowa.webp
Kraków Krowodrza,ul. Krowoderskich Zuchów,1,30,499000,16633,bez pośredników,,10,https://adresowo.pl/o/mieszkanie-krakow-krowodrza-ul-krowoderskich-zuchow-1-pokoj-j6d6s2,https://s2.adresowa.pl/oi/13/35/3ee868_71c3_cover@2x-1-pokojowe-mieszkanie-krakow-krowodrza-ul-krowoderskich-zuchow.webp
Kraków Dębniki,ul. Bułgarska,2,37,485000,13108,bez pośredników,,5,https://adresowo.pl/o/mieszkanie-krakow-debniki-ul-bulgarska-2-pokojowe-z8x1d4,https://s2.adresowa.pl/oi/61/66/3ee762_673a_cover@2x-2-pokojowe-mieszkanie-krakow-debniki-ul-bulgarska.webp
Kraków Łagiewniki-Borek Fałęcki,ul. Sucha,3,65,844000,12985,Pośrednik,,17,https://adresowo.pl/o/mieszkanie-krakow-lagiewniki-borek-falecki-ul-sucha-3-pokojowe-v1z8m1,https://s2.adresowa.pl/oi/5e/2c/3efc80_3b2b_cover@2x-3-pokojowe-mieszkanie-krakow-lagiewniki-borek-falecki-ul-sucha.webp
Kraków Nowa Huta,os. Krakowiaków,4,84,935000,11131,Pośrednik,,20,https://adresowo.pl/o/mieszkanie-krakow-nowa-huta-os-krakowiakow-4-pokojowe-i3b9h7,https://s2.adresowa.pl/oi/5d/5b/3efc6e_4b95_cover@2x-4-pokojowe-mieszkanie-krakow-nowa-huta-os-krakowiakow.webp
Kraków Dąbie,ul. Dąbska 11A,2,39,781000,20026,bez pośredników,,14,https://adresowo.pl/o/mieszkanie-krakow-dabie-ul-dabska-2-pokojowe-d6j4g3,https://s2.adresowa.pl/oi/46/16/3ee628_d610_cover@2x-2-pokojowe-mieszkanie-krakow-dabie-ul-dabska.webp
Kraków Bieżanów,ul. ks. Prałata Mariana Łaczka,5,186,1590000,8548,bez pośredników,,7,https://adresowo.pl/o/mieszkanie-krakow-biezanow-ul-ks-pralata-mariana-laczka-5-pokojowe-e0k0b6,https://s2.adresowa.pl/oi/68/35/3ee602_27bd_cover@2x-5-pokojowe-mieszkanie-krakow-biezanow-ul-ks-pralata-mariana-laczka.webp
Kraków Wzgórza Krzesławickie,os. Na Stoku,1,27,359000,13296,bez pośredników,,5,https://adresowo.pl/o/mieszkanie-krakow-wzgorza-krzeslawickie-os-na-stoku-1-pokoj-j5e4q3,https://s2.adresowa.pl/oi/10/28/3ee46c_affa_cover@2x-1-pokojowe-mieszkanie-krakow-wzgorza-krzeslawickie-os-na-stoku.webp
Kraków Stare Miasto,ul. Obrońców Krzyża,7,84,2100000,25000,Pośrednik,,14,https://adresowo.pl/o/mieszkanie-krakow-stare-miasto-ul-obroncow-krzyza-7-pokojowe-q5n6g4,https://s2.adresowa.pl/oi/53/44/3efc60_706a_cover@2x-7-pokojowe-mieszkanie-krakow-stare-miasto-ul-obroncow-krzyza.webp
Kraków Stare Miasto,ul. Karmelicka,1,24,498000,20750,Pośrednik,,23,https://adresowo.pl/o/mieszkanie-krakow-stare-miasto-ul-karmelicka-1-pokoj-n8q0h7,https://s2.adresowa.pl/oi/5c/30/3efc34_8715_cover@2x-1-pokojowe-mieszkanie-krakow-stare-miasto-ul-karmelicka.webp
Kraków Mistrzejowice,ul. Powstańców,2,43,779000,18116,bez pośredników,,8,https://adresowo.pl/o/mieszkanie-krakow-mistrzejowice-ul-powstancow-2-pokojowe-m1o9f1,https://s2.adresowa.pl/oi/37/78/3ee1c6_c086_cover@2x-2-pokojowe-mieszkanie-krakow-mistrzejowice-ul-powstancow.webp
Kraków Ludwinów,ul. Komandosów,3,59,1097000,18593,bez pośredników,,5,https://adresowo.pl/o/mieszkanie-krakow-ludwinow-ul-komandosow-3-pokojowe-q5b2y3,https://s2.adresowa.pl/oi/7c/54/3ee0ae_9b19_cover@2x-3-pokojowe-mieszkanie-krakow-ludwinow-ul-komandosow.webp
Kraków Bronowice Wielkie,ul. Józefa Chełmońskiego,2,56,929000,16589,bez pośredników,,13,https://adresowo.pl/o/mieszkanie-krakow-bronowice-wielkie-ul-jozefa-chelmonskiego-2-pokojowe-u1o1j0,https://s2.adresowa.pl/oi/10/13/3ee030_4620_cover@2x-2-pokojowe-mieszkanie-krakow-bronowice-wielkie-ul-jozefa-chelmonskiego.webp
Kraków Stare Miasto,ul. Obrońców Krzyża,7,42,1050000,25000,Pośrednik,,12,https://adresowo.pl/o/mieszkanie-krakow-stare-miasto-ul-obroncow-krzyza-7-pokojowe-q6q1p3,https://s2.adresowa.pl/oi/75/2f/3efc30_950c_cover@2x-7-pokojowe-mieszkanie-krakow-stare-miasto-ul-obroncow-krzyza.webp
Kraków Stare Miasto,ul. Obrońców Krzyża,7,46,1150000,25000,Pośrednik,,13,https://adresowo.pl/o/mieszkanie-krakow-stare-miasto-ul-obroncow-krzyza-7-pokojowe-w0x9i1,https://s2.adresowa.pl/oi/4e/36/3efc2a_f57b_cover@2x-7-pokojowe-mieszkanie-krakow-stare-miasto-ul-obroncow-krzyza.webp
Kraków Bronowice Małe,ul. Stanisława Witkiewicza,4,108,1590000,14722,bez pośredników,,9,https://adresowo.pl/o/mieszkanie-krakow-bronowice-male-ul-stanislawa-witkiewicza-4-pokojowe-f8e8m8,https://s2.adresowa.pl/oi/23/37/3ee008_433a_cover@2x-4-pokojowe-mieszkanie-krakow-bronowice-male-ul-stanislawa-witkiewicza.webp
Kraków Borek Fałęcki,ul. Zdunów,5,88,1350000,15341,bez pośredników,,22,https://adresowo.pl/o/mieszkanie-krakow-borek-falecki-ul-zdunow-5-pokojowe-s8j0n1,https://s2.adresowa.pl/oi/6e/58/3edf08_5466_cover@2x-5-pokojowe-mieszkanie-krakow-borek-falecki-ul-zdunow.webp
Kraków Borek Fałęcki,ul. Józefa Montwiłła-Mireckiego,3,65,849000,13062,bez pośredników,,18,https://adresowo.pl/o/mieszkanie-krakow-borek-falecki-ul-jozefa-montwilla-mireckiego-3-pokojowe-x7z6l9,https://s2.adresowa.pl/oi/57/78/3ededa_9391_cover@2x-3-pokojowe-mieszkanie-krakow-borek-falecki-ul-jozefa-montwilla-mireckiego.webp
Kraków Stare Miasto,ul. Obrońców Krzyża,7,32,800000,25000,Pośrednik,,13,https://adresowo.pl/o/mieszkanie-krakow-stare-miasto-ul-obroncow-krzyza-7-pokojowe-b2w0o2,https://s2.adresowa.pl/oi/65/7a/3efc20_4140_cover@2x-7-pokojowe-mieszkanie-krakow-stare-miasto-ul-obroncow-krzyza.webp
Kraków Stare Miasto,ul. Obrońców Krzyża,7,125,2812500,22500,Pośrednik,,20,https://adresowo.pl/o/mieszkanie-krakow-stare-miasto-ul-obroncow-krzyza-7-pokojowe-r7i7p4,https://s2.adresowa.pl/oi/11/22/3efc12_d591_cover@2x-7-pokojowe-mieszkanie-krakow-stare-miasto-ul-obroncow-krzyza.webp
Kraków Kliny,ul. Anny Szwed-Śniadowskiej,3,46,710000,15435,bez pośredników,,19,https://adresowo.pl/o/mieszkanie-krakow-kliny-ul-anny-szwed-sniadowskiej-3-pokojowe-a4w0g7,https://s2.adresowa.pl/oi/29/6b/3eda06_2b07_cover@2x-3-pokojowe-mieszkanie-krakow-kliny-ul-anny-szwed-sniadowskiej.webp
Kraków Prądnik Biały,ul. Ignacego Grabczaka,3,49,895000,18265,bez pośredników,,20,https://adresowo.pl/o/mieszkanie-krakow-pradnik-bialy-ul-ignacego-grabczaka-3-pokojowe-f2k5p4,https://s2.adresowa.pl/oi/49/29/3ed9a6_e606_cover@2x-3-pokojowe-mieszkanie-krakow-pradnik-bialy-ul-ignacego-grabczaka.webp
Kraków Stare Miasto,ul. Obrońców Krzyża,7,250,5250000,21000,Pośrednik,,29,https://adresowo.pl/o/mieszkanie-krakow-stare-miasto-ul-obroncow-krzyza-7-pokojowe-z4n2y5,https://s2.adresowa.pl/oi/22/49/3efc0c_efd9_cover@2x-7-pokojowe-mieszkanie-krakow-stare-miasto-ul-obroncow-krzyza.webp
Kraków Kurdwanów,ul. Turniejowa,2,55,749000,13618,Pośrednik,,17,https://adresowo.pl/o/mieszkanie-krakow-kurdwanow-ul-turniejowa-2-pokojowe-q4h6q5,https://s2.adresowa.pl/oi/69/58/3ef7aa_be2d_cover@2x-2-pokojowe-mieszkanie-krakow-kurdwanow-ul-turniejowa.webp
Kraków Bronowice,ul. Stelmachów,2,44,749990,17045,bez pośredników,,20,https://adresowo.pl/o/mieszkanie-krakow-bronowice-ul-stelmachow-2-pokojowe-g9p8q9,https://s2.adresowa.pl/oi/4a/71/3ee6b0_8651_cover@2x-2-pokojowe-mieszkanie-krakow-bronowice-ul-stelmachow.webp
Kraków Olsza,ul. Gdańska,3,48,688000,14333,bez pośredników,,18,https://adresowo.pl/o/mieszkanie-krakow-olsza-ul-gdanska-3-pokojowe-n6m6i2,https://s2.adresowa.pl/oi/25/76/3ed666_cc3d_cover@2x-3-pokojowe-mieszkanie-krakow-olsza-ul-gdanska.webp
Kraków Podgórze,ul. por. Halszki,2,51,700000,13725,bez pośredników,,1,https://adresowo.pl/o/mieszkanie-krakow-podgorze-ul-por-halszki-2-pokojowe-o5g7x6,https://s2.adresowa.pl/oi/6f/2d/3ecde6_d6fc_cover@2x-2-pokojowe-mieszkanie-krakow-podgorze-ul-por-halszki.webp
Kraków Dębniki,ul. Pychowicka,3,133,3499000,26308,bez pośredników,,11,https://adresowo.pl/o/mieszkanie-krakow-debniki-ul-pychowicka-3-pokojowe-c9j5u3,https://s2.adresowa.pl/oi/64/34/3ed180_2ab2_cover@2x-3-pokojowe-mieszkanie-krakow-debniki-ul-pychowicka.webp
Kraków,ul. Wita Stwosza,1,35,779000,22257,Pośrednik,,12,https://adresowo.pl/o/mieszkanie-krakow-ul-wita-stwosza-1-pokoj-o1o0q1,https://s2.adresowa.pl/oi/62/22/3ef7a2_acf7_cover@2x-1-pokojowe-mieszkanie-krakow-ul-wita-stwosza.webp
Kraków Azory,ul. Marii Jaremy,1,36,560000,15556,Pośrednik,,9,https://adresowo.pl/o/mieszkanie-krakow-azory-ul-marii-jaremy-1-pokoj-d0v5p5,https://s2.adresowa.pl/oi/27/79/3eeda6_2b8d_cover@2x-1-pokojowe-mieszkanie-krakow-azory-ul-marii-jaremy.webp
Kraków Czyżyny,os. Akademickie,3,58,870000,15000,bez pośredników,,9,https://adresowo.pl/o/mieszkanie-krakow-czyzyny-os-akademickie-3-pokojowe-k3z7p6,https://s2.adresowa.pl/oi/21/52/3ece68_3b2c_cover@2x-3-pokojowe-mieszkanie-krakow-czyzyny-os-akademickie.webp
Kraków Podgórze,ul. Śliska,2,51,879000,17235,bez pośredników,,13,https://adresowo.pl/o/mieszkanie-krakow-podgorze-ul-sliska-2-pokojowe-n1j4i6,https://s2.adresowa.pl/oi/6c/47/3ecbc4_fc7d_cover@2x-2-pokojowe-mieszkanie-krakow-podgorze-ul-sliska.webp
Kraków Wola Justowska,ul. Piotra Borowego,2,59,1416000,24000,bez pośredników,,13,https://adresowo.pl/o/mieszkanie-krakow-wola-justowska-ul-piotra-borowego-2-pokojowe-w7q6a6,https://s2.adresowa.pl/oi/5b/68/3ecb96_5635_cover@2x-2-pokojowe-mieszkanie-krakow-wola-justowska-ul-piotra-borowego.webp
Kraków Krowodrza,ul. Wrocławska 26,2,51,620000,12157,Pośrednik,,20,https://adresowo.pl/o/mieszkanie-krakow-krowodrza-ul-wroclawska-2-pokojowe-m6u2x0,https://s2.adresowa.pl/oi/68/23/3eeda0_87d4_cover@2x-2-pokojowe-mieszkanie-krakow-krowodrza-ul-wroclawska.webp
Kraków Śródmieście,ul. Felicjanek 17,1,35,759000,21686,Pośrednik,,15,https://adresowo.pl/o/mieszkanie-krakow-srodmiescie-ul-felicjanek-1-pokoj-j3r4m1,https://s2.adresowa.pl/oi/16/1a/3eec98_b3b9_cover@2x-1-pokojowe-mieszkanie-krakow-srodmiescie-ul-felicjanek.webp
Kraków Dębniki,ul. Czerwone Maki,1,35,575000,16429,bez pośredników,,5,https://adresowo.pl/o/mieszkanie-krakow-debniki-ul-czerwone-maki-1-pokoj-i8v2y8,https://s2.adresowa.pl/oi/64/4d/3ec632_54e4_cover@2x-1-pokojowe-mieszkanie-krakow-debniki-ul-czerwone-maki.webp
Kraków Krowodrza,ul. Henryka Sienkiewicza,3,40,750000,18750,bez pośredników,,8,https://adresowo.pl/o/mieszkanie-krakow-krowodrza-ul-henryka-sienkiewicza-3-pokojowe-z2m3a8,https://s2.adresowa.pl/oi/1a/6a/3ec4ec_4f50_cover@2x-3-pokojowe-mieszkanie-krakow-krowodrza-ul-henryka-sienkiewicza.webp
Kraków Mistrzejowice,os. Piastów,2,40,672843,16821,bez pośredników,,19,https://adresowo.pl/o/mieszkanie-krakow-mistrzejowice-os-piastow-2-pokojowe-i6u2s1,https://s2.adresowa.pl/oi/22/77/3ec45e_9dcb_cover@2x-2-pokojowe-mieszkanie-krakow-mistrzejowice-os-piastow.webp
Kraków,ul. Felicjanek 17,1,46,1099000,23891,Pośrednik,,16,https://adresowo.pl/o/mieszkanie-krakow-ul-felicjanek-1-pokoj-q5v2i5,https://s2.adresowa.pl/oi/7e/49/3eeb9e_8eb7_cover@2x-1-pokojowe-mieszkanie-krakow-ul-felicjanek.webp
Kraków,ul. Felicjanek 17,1,25,649000,25960,Pośrednik,,12,https://adresowo.pl/o/mieszkanie-krakow-ul-felicjanek-1-pokoj-b1l8p5,https://s2.adresowa.pl/oi/72/7f/3eeb98_9f0e_cover@2x-1-pokojowe-mieszkanie-krakow-ul-felicjanek.webp
Kraków Bronowice Małe,ul. Kompozytorów,2,53,895000,16887,bez pośredników,,17,https://adresowo.pl/o/mieszkanie-krakow-bronowice-male-ul-kompozytorow-2-pokojowe-o9l3b2,https://s2.adresowa.pl/oi/45/1f/3ec23a_5697_cover@2x-2-pokojowe-mieszkanie-krakow-bronowice-male-ul-kompozytorow.webp
Kraków Łagiewniki,ul. Borsucza,2,41,690000,16829,bez pośredników,,8,https://adresowo.pl/o/mieszkanie-krakow-lagiewniki-ul-borsucza-2-pokojowe-q6v9w1,https://s2.adresowa.pl/oi/6f/7c/3ec07a_e7f7_cover@2x-2-pokojowe-mieszkanie-krakow-lagiewniki-ul-borsucza.webp
Kraków Podgórze,ul. Lasówka,3,53,999000,18849,bez pośredników,,15,https://adresowo.pl/o/mieszkanie-krakow-podgorze-ul-lasowka-3-pokojowe-y3o1v8,https://s2.adresowa.pl/oi/5e/72/3eb418_b824_cover@2x-3-pokojowe-mieszkanie-krakow-podgorze-ul-lasowka.webp
Kraków Mistrzejowice,os. Oświecenia,2,63,899000,14270,Pośrednik,,14,https://adresowo.pl/o/mieszkanie-krakow-mistrzejowice-os-oswiecenia-2-pokojowe-s9i5x6,https://s2.adresowa.pl/oi/13/4a/3eeb38_aa4a_cover@2x-2-pokojowe-mieszkanie-krakow-mistrzejowice-os-oswiecenia.webp
Kraków Prokocim,ul. Erazma Jerzmanowskiego,3,47,685000,14574,Pośrednik,,22,https://adresowo.pl/o/mieszkanie-krakow-prokocim-ul-erazma-jerzmanowskiego-3-pokojowe-q9p4v0,https://s2.adresowa.pl/oi/76/1d/3eeb0e_f366_cover@2x-3-pokojowe-mieszkanie-krakow-prokocim-ul-erazma-jerzmanowskiego.webp
Kraków Ruczaj,ul. Zachodnia,2,40,675000,16875,bez pośredników,,15,https://adresowo.pl/o/mieszkanie-krakow-ruczaj-ul-zachodnia-2-pokojowe-u2l7k5,https://s2.adresowa.pl/oi/58/79/3eaea6_b33d_cover@2x-2-pokojowe-mieszkanie-krakow-ruczaj-ul-zachodnia.webp
Kraków Grzegórzki,ul. Grzegórzecka,3,108,1950000,18056,bez pośredników,,8,https://adresowo.pl/o/mieszkanie-krakow-grzegorzki-ul-grzegorzecka-3-pokojowe-q6y3h8,https://s2.adresowa.pl/oi/15/57/3ead86_533b_cover@2x-3-pokojowe-mieszkanie-krakow-grzegorzki-ul-grzegorzecka.webp
Kraków Ugorek,ul. Mariana Markowskiego,2,44,800000,18182,bez pośredników,,1,https://adresowo.pl/o/mieszkanie-krakow-ugorek-ul-mariana-markowskiego-2-pokojowe-i1h9q9,https://s2.adresowa.pl/oi/2b/3c/3eac50_a09e_cover@2x-2-pokojowe-mieszkanie-krakow-ugorek-ul-mariana-markowskiego.webp
Kraków Krowodrza,ul. Józefa Wybickiego,1,30,549000,18300,Pośrednik,,10,https://adresowo.pl/o/mieszkanie-krakow-krowodrza-ul-jozefa-wybickiego-1-pokoj-f3n1f2,https://s2.adresowa.pl/oi/64/53/3edaba_3915_cover@2x-1-pokojowe-mieszkanie-krakow-krowodrza-ul-jozefa-wybickiego.webp
Kraków Bronowice,ul. Na Błonie,3,52,730000,14038,Pośrednik,,23,https://adresowo.pl/o/mieszkanie-krakow-bronowice-ul-na-blonie-3-pokojowe-t2k7f1,https://s2.adresowa.pl/oi/14/6d/3ed9f0_452b_cover@2x-3-pokojowe-mieszkanie-krakow-bronowice-ul-na-blonie.webp
Kraków Grzegórzki,ul. Bajeczna,3,67,1269000,18940,bez pośredników,,1,https://adresowo.pl/o/mieszkanie-krakow-grzegorzki-ul-bajeczna-3-pokojowe-b5d0a8,https://s2.adresowa.pl/oi/78/31/3eac34_67a7_cover@2x-3-pokojowe-mieszkanie-krakow-grzegorzki-ul-bajeczna.webp
Kraków Bronowice,ul. Samuela Lindego,3,58,999000,17224,bez pośredników,,15,https://adresowo.pl/o/mieszkanie-krakow-bronowice-ul-samuela-lindego-3-pokojowe-f7q2l1,https://s2.adresowa.pl/oi/27/47/3eaac4_af41_cover@2x-3-pokojowe-mieszkanie-krakow-bronowice-ul-samuela-lindego.webp
Kraków Podgórze Duchackie,ul. Franciszka Bujaka,2,44,260000,5909,bez pośredników,,14,https://adresowo.pl/o/mieszkanie-krakow-podgorze-duchackie-ul-franciszka-bujaka-2-pokojowe-z1g8q8,https://s2.adresowa.pl/oi/2a/28/3ea9f8_d0d0_cover@2x-2-pokojowe-mieszkanie-krakow-podgorze-duchackie-ul-franciszka-bujaka.webp
Kraków Ruczaj,ul. Zachodnia,4,75,995000,13267,Pośrednik,,24,https://adresowo.pl/o/mieszkanie-krakow-ruczaj-ul-zachodnia-4-pokojowe-z8s8q5,https://s2.adresowa.pl/oi/10/64/3ed6cc_d10e_cover@2x-4-pokojowe-mieszkanie-krakow-ruczaj-ul-zachodnia.webp
Kraków Prądnik Biały,ul. Białoprądnicka,2,39,595000,15256,Pośrednik,,39,https://adresowo.pl/o/mieszkanie-krakow-pradnik-bialy-ul-bialopradnicka-2-pokojowe-i9g1d5,https://s2.adresowa.pl/oi/28/33/3ed6b6_9ae2_cover@2x-2-pokojowe-mieszkanie-krakow-pradnik-bialy-ul-bialopradnicka.webp
Kraków Bronowice Wielkie,ul. Sosnowiecka,2,42,930000,22143,bez pośredników,,13,https://adresowo.pl/o/mieszkanie-krakow-bronowice-wielkie-ul-sosnowiecka-2-pokojowe-f6p5g4,https://s2.adresowa.pl/oi/42/34/3ea95e_8d11_cover@2x-2-pokojowe-mieszkanie-krakow-bronowice-wielkie-ul-sosnowiecka.webp
Kraków Dębniki,ul. Komandosów,3,59,965000,16356,bez pośredników,,20,https://adresowo.pl/o/mieszkanie-krakow-debniki-ul-komandosow-3-pokojowe-n9y7e8,https://s2.adresowa.pl/oi/52/63/3ea928_e883_cover@2x-3-pokojowe-mieszkanie-krakow-debniki-ul-komandosow.webp
Kraków Bronowice Małe,ul. Na Błonie,3,56,769000,13732,bez pośredników,,9,https://adresowo.pl/o/mieszkanie-krakow-bronowice-male-ul-na-blonie-3-pokojowe-n5i8w2,https://s2.adresowa.pl/oi/17/5a/3ea8be_c3f2_cover@2x-3-pokojowe-mieszkanie-krakow-bronowice-male-ul-na-blonie.webp
Kraków Prądnik Biały,ul. Bociana,4,84,1060537,12625,Pośrednik,,6,https://adresowo.pl/o/mieszkanie-krakow-pradnik-bialy-ul-bociana-4-pokojowe-v3x3r8,https://s2.adresowa.pl/oi/15/65/3ed682_e390_cover@2x-4-pokojowe-mieszkanie-krakow-pradnik-bialy-ul-bociana.webp
Kraków Prądnik Biały,ul. Józefa Chełmońskiego,4,79,1130000,14304,Pośrednik,,16,https://adresowo.pl/o/mieszkanie-krakow-pradnik-bialy-ul-jozefa-chelmonskiego-4-pokojowe-v7d1e4,https://s2.adresowa.pl/oi/2b/10/3ed450_c165_cover@2x-4-pokojowe-mieszkanie-krakow-pradnik-bialy-ul-jozefa-chelmonskiego.webp
Kraków Bieńczyce,os. Kalinowe,2,36,599000,16639,bez pośredników,,7,https://adresowo.pl/o/mieszkanie-krakow-bienczyce-os-kalinowe-2-pokojowe-l0c0u5,https://s2.adresowa.pl/oi/60/6c/3ea6cc_6e64_cover@2x-2-pokojowe-mieszkanie-krakow-bienczyce-os-kalinowe.webp
Kraków Krowodrza,ul. Bratysławska,2,56,1100000,19643,bez pośredników,,7,https://adresowo.pl/o/mieszkanie-krakow-krowodrza-ul-bratyslawska-2-pokojowe-n1d9a4,https://s2.adresowa.pl/oi/6e/75/3ea584_61f8_cover@2x-2-pokojowe-mieszkanie-krakow-krowodrza-ul-bratyslawska.webp
Kraków Podgórze Duchackie,ul. Turniejowa,1,37,588000,15892,bez pośredników,,12,https://adresowo.pl/o/mieszkanie-krakow-podgorze-duchackie-ul-turniejowa-1-pokoj-e9b0x9,https://s2.adresowa.pl/oi/2d/65/3ea572_58b7_cover@2x-1-pokojowe-mieszkanie-krakow-podgorze-duchackie-ul-turniejowa.webp
Kraków Prądnik Czerwony,ul. Strzelców,4,67,964678,14398,Pośrednik,,5,https://adresowo.pl/o/mieszkanie-krakow-pradnik-czerwony-ul-strzelcow-4-pokojowe-f5m8r9,https://s2.adresowa.pl/oi/5d/48/3ecfd8_2c6f_cover@2x-4-pokojowe-mieszkanie-krakow-pradnik-czerwony-ul-strzelcow.webp
Kraków,ul. Duża Góra,3,54,865000,16019,Pośrednik,,7,https://adresowo.pl/o/mieszkanie-krakow-ul-duza-gora-3-pokojowe-c5e5f3,https://s2.adresowa.pl/oi/34/1d/3ecf40_32d5_cover@2x-3-pokojowe-mieszkanie-krakow-ul-duza-gora.webp
Kraków Stare Miasto,ul. Stefana Batorego,2,40,615000,15375,bez pośredników,,9,https://adresowo.pl/o/mieszkanie-krakow-stare-miasto-ul-stefana-batorego-2-pokojowe-y2a5o5,https://s2.adresowa.pl/oi/79/6e/3e9e62_ec64_cover@2x-2-pokojowe-mieszkanie-krakow-stare-miasto-ul-stefana-batorego.webp
Kraków Kurdwanów,ul. Kordiana,3,51,860000,16863,bez pośredników,,7,https://adresowo.pl/o/mieszkanie-krakow-kurdwanow-ul-kordiana-3-pokojowe-h0v9i1,https://s2.adresowa.pl/oi/21/15/3e9a12_8e4a_cover@2x-3-pokojowe-mieszkanie-krakow-kurdwanow-ul-kordiana.webp
Kraków Dębniki,ul. Rozdroże,3,91,1999999,21978,bez pośredników,,19,https://adresowo.pl/o/mieszkanie-krakow-debniki-ul-rozdroze-3-pokojowe-k2m6r7,https://s2.adresowa.pl/oi/12/1a/3e9944_e075_cover@2x-3-pokojowe-mieszkanie-krakow-debniki-ul-rozdroze.webp
Kraków Nowa Huta,os. Albertyńskie,3,49,699000,14265,Pośrednik,,9,https://adresowo.pl/o/mieszkanie-krakow-nowa-huta-os-albertynskie-3-pokojowe-c2m3r2,https://s2.adresowa.pl/oi/25/26/3ecf3c_78db_cover@2x-3-pokojowe-mieszkanie-krakow-nowa-huta-os-albertynskie.webp
Kraków Wola Justowska,ul. Pod Stokiem,4,124,1926805,15539,Pośrednik,,6,https://adresowo.pl/o/mieszkanie-krakow-wola-justowska-ul-pod-stokiem-4-pokojowe-g5y6v1,https://s2.adresowa.pl/oi/3d/75/3ec818_ae1b_cover@2x-4-pokojowe-mieszkanie-krakow-wola-justowska-ul-pod-stokiem.webp
Kraków Podgórze,ul. Wielicka,2,33,390000,11818,bez pośredników,,15,https://adresowo.pl/o/mieszkanie-krakow-podgorze-ul-wielicka-2-pokojowe-a5z1w3,https://s2.adresowa.pl/oi/37/7b/3e9892_5dab_cover@2x-2-pokojowe-mieszkanie-krakow-podgorze-ul-wielicka.webp
Kraków Dąbie,ul. Dąbska,2,35,715000,20429,bez pośredników,,10,https://adresowo.pl/o/mieszkanie-krakow-dabie-ul-dabska-2-pokojowe-l9w9s2,https://s2.adresowa.pl/oi/52/79/3e9212_cb0e_cover@2x-2-pokojowe-mieszkanie-krakow-dabie-ul-dabska.webp
Kraków Dąbie,ul. Bajeczna,1,30,599000,19967,bez pośredników,,14,https://adresowo.pl/o/mieszkanie-krakow-dabie-ul-bajeczna-1-pokoj-o9x5k9,https://s2.adresowa.pl/oi/6f/37/3e9108_5390_cover@2x-1-pokojowe-mieszkanie-krakow-dabie-ul-bajeczna.webp
Kraków Krowodrza,ul. Kazimierza Wielkiego,3,56,810000,14464,Pośrednik,,34,https://adresowo.pl/o/mieszkanie-krakow-krowodrza-ul-kazimierza-wielkiego-3-pokojowe-b4u7y6,https://s2.adresowa.pl/oi/4c/17/3ec366_c560_cover@2x-3-pokojowe-mieszkanie-krakow-krowodrza-ul-kazimierza-wielkiego.webp
Kraków Grzegórzki,ul. Cypriana Kamila Norwida,2,42,540000,12857,Pośrednik,,26,https://adresowo.pl/o/mieszkanie-krakow-grzegorzki-ul-cypriana-kamila-norwida-2-pokojowe-h2d5o7,https://s2.adresowa.pl/oi/16/68/3ec35c_94f8_cover@2x-2-pokojowe-mieszkanie-krakow-grzegorzki-ul-cypriana-kamila-norwida.webp
Kraków Kliny,ul. Borkowska,2,38,599000,15763,bez pośredników,,7,https://adresowo.pl/o/mieszkanie-krakow-kliny-ul-borkowska-2-pokojowe-u4e5o5,https://s2.adresowa.pl/oi/58/35/3e9082_7100_cover@2x-2-pokojowe-mieszkanie-krakow-kliny-ul-borkowska.webp
Kraków Dębniki,ul. Czerwone Maki,2,48,790000,16458,bez pośredników,,16,https://adresowo.pl/o/mieszkanie-krakow-debniki-ul-czerwone-maki-2-pokojowe-f9x2m3,https://s2.adresowa.pl/oi/13/3c/3e8f4c_cd16_cover@2x-2-pokojowe-mieszkanie-krakow-debniki-ul-czerwone-maki.webp
Kraków Płaszów,ul. Przewóz,2,31,649000,20935,bez pośredników,,7,https://adresowo.pl/o/mieszkanie-krakow-plaszow-ul-przewoz-2-pokojowe-k3a6k3,https://s2.adresowa.pl/oi/41/4f/3e8a46_ff5b_cover@2x-2-pokojowe-mieszkanie-krakow-plaszow-ul-przewoz.webp
Kraków Prądnik Czerwony,ul. Strzelców,3,79,889000,11253,Pośrednik,,15,https://adresowo.pl/o/mieszkanie-krakow-pradnik-czerwony-ul-strzelcow-3-pokojowe-k9o0i6,https://s2.adresowa.pl/oi/7f/74/3ec098_c7f0_cover@2x-3-pokojowe-mieszkanie-krakow-pradnik-czerwony-ul-strzelcow.webp
Kraków Dębniki,ul. prof. Wojciecha Marii Bartla,2,48,629000,13104,Pośrednik,,24,https://adresowo.pl/o/mieszkanie-krakow-debniki-ul-prof-wojciecha-marii-bartla-2-pokojowe-n9a6z9,https://s2.adresowa.pl/oi/68/64/3ebd60_a82a_cover@2x-2-pokojowe-mieszkanie-krakow-debniki-ul-prof-wojciecha-marii-bartla.webp
Kraków Grzegórzki,ul. Dąbska,4,71,1550000,21831,bez pośredników,,15,https://adresowo.pl/o/mieszkanie-krakow-grzegorzki-ul-dabska-4-pokojowe-i7j4a9,https://s2.adresowa.pl/oi/73/34/3e8960_e332_cover@2x-4-pokojowe-mieszkanie-krakow-grzegorzki-ul-dabska.webp
Kraków Prądnik Biały,ul. Gabrieli Zapolskiej,1,29,700000,24138,bez pośredników,,8,https://adresowo.pl/o/mieszkanie-krakow-pradnik-bialy-ul-gabrieli-zapolskiej-1-pokoj-c3f0t6,https://s2.adresowa.pl/oi/7c/1e/3e82f6_64f0_cover@2x-1-pokojowe-mieszkanie-krakow-pradnik-bialy-ul-gabrieli-zapolskiej.webp
Kraków Nowa Huta,os. Teatralne,2,61,849900,13933,bez pośredników,,10,https://adresowo.pl/o/mieszkanie-krakow-nowa-huta-os-teatralne-2-pokojowe-a4d7u5,https://s2.adresowa.pl/oi/24/67/3e8252_f8b9_cover@2x-2-pokojowe-mieszkanie-krakow-nowa-huta-os-teatralne.webp
Kraków Prądnik Czerwony,ul. mjr. Ryszarda Nuszkiewicza,3,69,869000,12594,Pośrednik,,38,https://adresowo.pl/o/mieszkanie-krakow-pradnik-czerwony-ul-mjr-ryszarda-nuszkiewicza-3-pokojowe-t7u0e2,https://s2.adresowa.pl/oi/3c/18/3eb67e_501d_cover@2x-3-pokojowe-mieszkanie-krakow-pradnik-czerwony-ul-mjr-ryszarda-nuszkiewicza.webp
Kraków Ruczaj,ul. Obozowa,1,55,649000,11800,Pośrednik,,13,https://adresowo.pl/o/mieszkanie-krakow-ruczaj-ul-obozowa-1-pokoj-c8q9h0,https://s2.adresowa.pl/oi/39/77/3eb2a6_e611_cover@2x-1-pokojowe-mieszkanie-krakow-ruczaj-ul-obozowa.webp
Kraków,Podgórze Duchackie,3,63,1100000,17460,bez pośredników,,8,https://adresowo.pl/o/mieszkanie-krakow-podgorze-duchackie-3-pokojowe-63-m2-a3f7v8,https://s2.adresowa.pl/oi/2e/6b/3e725a_457b_cover@2x-3-pokojowe-mieszkanie-krakow-podgorze-duchackie.webp
Kraków Nowa Huta,os. Spółdzielcze,3,58,580000,10000,bez pośredników,,5,https://adresowo.pl/o/mieszkanie-krakow-nowa-huta-os-spoldzielcze-3-pokojowe-s5o2x2,https://s2.adresowa.pl/oi/4d/59/3e6c20_368b_cover@2x-3-pokojowe-mieszkanie-krakow-nowa-huta-os-spoldzielcze.webp
Kraków,Krowodrza,3,51,699000,13706,bez pośredników,,7,https://adresowo.pl/o/mieszkanie-krakow-krowodrza-3-pokojowe-51-m2-h3m6r6,https://s2.adresowa.pl/oi/2a/38/3e6bc4_3c08_cover@2x-3-pokojowe-mieszkanie-krakow-krowodrza.webp
Kraków Wola Justowska,ul. Morelowa,4,87,1652616,18996,Pośrednik,,13,https://adresowo.pl/o/mieszkanie-krakow-wola-justowska-ul-morelowa-4-pokojowe-f3w8x8,https://s2.adresowa.pl/oi/12/21/3eb044_473a_cover@2x-4-pokojowe-mieszkanie-krakow-wola-justowska-ul-morelowa.webp
Kraków Mistrzejowice,os. Bohaterów Września,3,49,580000,11837,Pośrednik,,21,https://adresowo.pl/o/mieszkanie-krakow-mistrzejowice-os-bohaterow-wrzesnia-3-pokojowe-d1p4z9,https://s2.adresowa.pl/oi/3b/50/3eaeb0_878f_cover@2x-3-pokojowe-mieszkanie-krakow-mistrzejowice-os-bohaterow-wrzesnia.webp
Kraków Stare Miasto,ul. Długa,1,23,530000,23043,bez pośredników,,12,https://adresowo.pl/o/mieszkanie-krakow-stare-miasto-ul-dluga-1-pokoj-h3b9m4,https://s2.adresowa.pl/oi/5a/36/3e68d0_58ea_cover@2x-1-pokojowe-mieszkanie-krakow-stare-miasto-ul-dluga.webp
Kraków Ruczaj,ul. Karola Bunscha,3,65,1550000,23846,bez pośredników,,10,https://adresowo.pl/o/mieszkanie-krakow-ruczaj-ul-karola-bunscha-3-pokojowe-h6d7q3,https://s2.adresowa.pl/oi/4e/69/3e668e_8bff_cover@2x-3-pokojowe-mieszkanie-krakow-ruczaj-ul-karola-bunscha.webp
Kraków Bieńczyce,os. Kazimierzowskie,3,54,589000,10907,bez pośredników,,16,https://adresowo.pl/o/mieszkanie-krakow-bienczyce-os-kazimierzowskie-3-pokojowe-z1a2e2,https://s2.adresowa.pl/oi/77/2a/3e6594_a13d_cover@2x-3-pokojowe-mieszkanie-krakow-bienczyce-os-kazimierzowskie.webp
Kraków,os. Bohaterów Września,2,39,799000,20487,Pośrednik,,7,https://adresowo.pl/o/mieszkanie-krakow-os-bohaterow-wrzesnia-2-pokojowe-l3l0n0,https://s2.adresowa.pl/oi/2e/7f/3eabd0_e032_cover@2x-2-pokojowe-mieszkanie-krakow-os-bohaterow-wrzesnia.webp
Kraków Stare Miasto,ul. Starowiślna,1,31,569000,18355,Pośrednik,,9,https://adresowo.pl/o/mieszkanie-krakow-stare-miasto-ul-starowislna-1-pokoj-b1y5u6,https://s2.adresowa.pl/oi/70/1b/3eabbe_9e70_cover@2x-1-pokojowe-mieszkanie-krakow-stare-miasto-ul-starowislna.webp
Kraków Nowa Huta,os. Kolorowe,2,53,690150,13022,bez pośredników,,12,https://adresowo.pl/o/mieszkanie-krakow-nowa-huta-os-kolorowe-2-pokojowe-f4w1v6,https://s2.adresowa.pl/oi/24/62/3e6296_843a_cover@2x-2-pokojowe-mieszkanie-krakow-nowa-huta-os-kolorowe.webp
Kraków Bieżanów,ul. Henryka i Karola Czeczów,3,65,819000,12600,bez pośredników,,10,https://adresowo.pl/o/mieszkanie-krakow-biezanow-ul-henryka-i-karola-czeczow-3-pokojowe-j8q7h4,https://s2.adresowa.pl/oi/39/69/3e622e_6540_cover@2x-3-pokojowe-mieszkanie-krakow-biezanow-ul-henryka-i-karola-czeczow.webp
Kraków Śródmieście,ul. Grzegórzecka,6,130,1798000,13831,bez pośredników,,19,https://adresowo.pl/o/mieszkanie-krakow-srodmiescie-ul-grzegorzecka-6-pokojowe-q5y5e9,https://s2.adresowa.pl/oi/73/44/3e598c_6e01_cover@2x-6-pokojowe-mieszkanie-krakow-srodmiescie-ul-grzegorzecka.webp
Kraków Prądnik Biały,ul. Józefa Chełmońskiego,4,117,1749000,14949,Pośrednik,,36,https://adresowo.pl/o/mieszkanie-krakow-pradnik-bialy-ul-jozefa-chelmonskiego-4-pokojowe-l4h7h2,https://s2.adresowa.pl/oi/67/53/3eaa58_d453_cover@2x-4-pokojowe-mieszkanie-krakow-pradnik-bialy-ul-jozefa-chelmonskiego.webp
Kraków Czyżyny,ul. Sołtysowska,2,38,639000,16816,Pośrednik,,13,https://adresowo.pl/o/mieszkanie-krakow-czyzyny-ul-soltysowska-2-pokojowe-b8s9n3,https://s2.adresowa.pl/oi/74/65/3eaa18_9b0f_cover@2x-2-pokojowe-mieszkanie-krakow-czyzyny-ul-soltysowska.webp
Kraków Podgórze Duchackie,ul. Walerego Sławka,2,55,879000,15982,bez pośredników,,17,https://adresowo.pl/o/mieszkanie-krakow-podgorze-duchackie-ul-walerego-slawka-2-pokojowe-o1e9r7,https://s2.adresowa.pl/oi/59/5e/3e5816_d6d6_cover@2x-2-pokojowe-mieszkanie-krakow-podgorze-duchackie-ul-walerego-slawka.webp
Kraków Kliny,ul. prof. Bolesława Wiktora Wicherkiewicza,5,95,360000,3789,bez pośredników,,8,https://adresowo.pl/o/mieszkanie-krakow-kliny-ul-prof-boleslawa-wiktora-wicherkiewicza-5-pokojowe-f0b9a1,https://s2.adresowa.pl/oi/4f/24/3e56cc_ea19_cover@2x-5-pokojowe-mieszkanie-krakow-kliny-ul-prof-boleslawa-wiktora-wicherkiewicza.webp
Kraków,Podgórze,2,55,1150000,20909,bez pośredników,,3,https://adresowo.pl/o/mieszkanie-krakow-podgorze-2-pokojowe-55-m2-h5b6t5,https://s2.adresowa.pl/oi/48/7e/3e569e_6197_cover@2x-2-pokojowe-mieszkanie-krakow-podgorze.webp
Kraków Wzgórza Krzesławickie,ul. Niebyła,3,69,1090000,15797,Pośrednik,,30,https://adresowo.pl/o/mieszkanie-krakow-wzgorza-krzeslawickie-ul-niebyla-3-pokojowe-q8k6y4,https://s2.adresowa.pl/oi/2b/38/3e9d1c_cfb3_cover@2x-3-pokojowe-mieszkanie-krakow-wzgorza-krzeslawickie-ul-niebyla.webp
Kraków Krowodrza,al. Juliusza Słowackiego,4,110,1996500,18150,Pośrednik,,21,https://adresowo.pl/o/mieszkanie-krakow-krowodrza-al-juliusza-slowackiego-4-pokojowe-h7x3r5,https://s2.adresowa.pl/oi/73/45/3e989e_bd73_cover@2x-4-pokojowe-mieszkanie-krakow-krowodrza-al-juliusza-slowackiego.webp
Kraków Łagiewniki-Borek Fałęcki,ul. Zdunów,2,57,749000,13140,bez pośredników,,8,https://adresowo.pl/o/mieszkanie-krakow-lagiewniki-borek-falecki-ul-zdunow-2-pokojowe-w7f1i0,https://s2.adresowa.pl/oi/43/10/3e5578_656c_cover@2x-2-pokojowe-mieszkanie-krakow-lagiewniki-borek-falecki-ul-zdunow.webp
Kraków Łagiewniki-Borek Fałęcki,ul. Zbrojarzy,2,35,640000,18286,bez pośredników,,8,https://adresowo.pl/o/mieszkanie-krakow-lagiewniki-borek-falecki-ul-zbrojarzy-2-pokojowe-u0o3p4,https://s2.adresowa.pl/oi/65/4f/3e5528_853c_cover@2x-2-pokojowe-mieszkanie-krakow-lagiewniki-borek-falecki-ul-zbrojarzy.webp
Kraków Wzgórza Krzesławickie,os. Na Stoku,2,40,529000,13225,bez pośredników,,7,https://adresowo.pl/o/mieszkanie-krakow-wzgorza-krzeslawickie-os-na-stoku-2-pokojowe-c2r8r3,https://s2.adresowa.pl/oi/12/58/3e5018_80bf_cover@2x-2-pokojowe-mieszkanie-krakow-wzgorza-krzeslawickie-os-na-stoku.webp
Kraków Nowa Huta,os. Na Skarpie,2,45,499000,11089,Pośrednik,,20,https://adresowo.pl/o/mieszkanie-krakow-nowa-huta-os-na-skarpie-2-pokojowe-f9y7t7,https://s2.adresowa.pl/oi/19/79/3e985a_90aa_cover@2x-2-pokojowe-mieszkanie-krakow-nowa-huta-os-na-skarpie.webp
Kraków Zwierzyniec,ul. Królowej Jadwigi,2,65,1348000,20738,Pośrednik,,34,https://adresowo.pl/o/mieszkanie-krakow-zwierzyniec-ul-krolowej-jadwigi-2-pokojowe-p4b0e2,https://s2.adresowa.pl/oi/31/76/3e9040_b6b0_cover@2x-2-pokojowe-mieszkanie-krakow-zwierzyniec-ul-krolowej-jadwigi.webp
Kraków Bronowice,ul. Na Błonie,2,45,1099900,24442,bez pośredników,,19,https://adresowo.pl/o/mieszkanie-krakow-bronowice-ul-na-blonie-2-pokojowe-v5v4d7,https://s2.adresowa.pl/oi/15/42/3e47c0_afef_cover@2x-2-pokojowe-mieszkanie-krakow-bronowice-ul-na-blonie.webp
Kraków Kliny,ul. Babinicza,2,50,799000,15980,bez pośredników,,15,https://adresowo.pl/o/mieszkanie-krakow-kliny-ul-babinicza-2-pokojowe-e2a1k7,https://s2.adresowa.pl/oi/2a/7d/3e4764_ba6f_cover@2x-2-pokojowe-mieszkanie-krakow-kliny-ul-babinicza.webp
Kraków,Ruczaj,4,75,995000,13267,bez pośredników,,8,https://adresowo.pl/o/mieszkanie-krakow-ruczaj-4-pokojowe-75-m2-l2r9y7,https://s2.adresowa.pl/oi/7b/5c/3e3fd8_a6ce_cover@2x-4-pokojowe-mieszkanie-krakow-ruczaj.webp
Kraków Ruczaj,ul. Chmieleniec,3,72,1167000,16208,Pośrednik,,8,https://adresowo.pl/o/mieszkanie-krakow-ruczaj-ul-chmieleniec-3-pokojowe-d2x3y3,https://s2.adresowa.pl/oi/2d/3c/3e8d86_5296_cover@2x-3-pokojowe-mieszkanie-krakow-ruczaj-ul-chmieleniec.webp
Kraków Prądnik Biały,ul. Krowoderskich Zuchów,3,51,680000,13333,Pośrednik,,12,https://adresowo.pl/o/mieszkanie-krakow-pradnik-bialy-ul-krowoderskich-zuchow-3-pokojowe-y4f4x1,https://s2.adresowa.pl/oi/43/31/3e821e_e471_cover@2x-3-pokojowe-mieszkanie-krakow-pradnik-bialy-ul-krowoderskich-zuchow.webp
Kraków Bronowice,ul. Stawowa,2,34,690000,20294,bez pośredników,,13,https://adresowo.pl/o/mieszkanie-krakow-bronowice-ul-stawowa-2-pokojowe-c2u2s0,https://s2.adresowa.pl/oi/65/4f/3e3eb4_c319_cover@2x-2-pokojowe-mieszkanie-krakow-bronowice-ul-stawowa.webp
Kraków Stare Miasto,ul. Garbarska,3,59,1120000,18983,bez pośredników,,9,https://adresowo.pl/o/mieszkanie-krakow-stare-miasto-ul-garbarska-3-pokojowe-b0c3h6,https://s2.adresowa.pl/oi/66/3d/3e3d3a_f67e_cover@2x-3-pokojowe-mieszkanie-krakow-stare-miasto-ul-garbarska.webp
Kraków Stare Miasto,ul. Mikołaja Zyblikiewicza,1,26,549000,21115,bez pośredników,,8,https://adresowo.pl/o/mieszkanie-krakow-stare-miasto-ul-mikolaja-zyblikiewicza-1-pokoj-u5h8y6,https://s2.adresowa.pl/oi/76/67/3e3c8c_bf01_cover@2x-1-pokojowe-mieszkanie-krakow-stare-miasto-ul-mikolaja-zyblikiewicza.webp
Kraków Bronowice,ul. Stańczyka,2,47,999999,21277,Pośrednik,,13,https://adresowo.pl/o/mieszkanie-krakow-bronowice-ul-stanczyka-2-pokojowe-d5d8p4,https://s2.adresowa.pl/oi/31/27/3e801e_a32a_cover@2x-2-pokojowe-mieszkanie-krakow-bronowice-ul-stanczyka.webp
Kraków Dębniki,ul. Komuny Paryskiej,3,56,780000,13929,Pośrednik,,18,https://adresowo.pl/o/mieszkanie-krakow-debniki-ul-komuny-paryskiej-3-pokojowe-q6w7e0,https://s2.adresowa.pl/oi/7f/72/3e7fa4_5368_cover@2x-3-pokojowe-mieszkanie-krakow-debniki-ul-komuny-paryskiej.webp
Kraków Podgórze Duchackie,ul. Łużycka,2,45,682880,15175,bez pośredników,,20,https://adresowo.pl/o/mieszkanie-krakow-podgorze-duchackie-ul-luzycka-2-pokojowe-a6e0q3,https://s2.adresowa.pl/oi/2f/62/3e3c8a_821e_cover@2x-2-pokojowe-mieszkanie-krakow-podgorze-duchackie-ul-luzycka.webp
Kraków Podgórze Duchackie,ul. Przykopy,2,39,639000,16385,bez pośredników,,9,https://adresowo.pl/o/mieszkanie-krakow-podgorze-duchackie-ul-przykopy-2-pokojowe-c8u6z7,https://s2.adresowa.pl/oi/15/7c/3e37e2_dabd_cover@2x-2-pokojowe-mieszkanie-krakow-podgorze-duchackie-ul-przykopy.webp
Kraków Kurdwanów,ul. Jakuba Bojki,2,53,694990,13113,bez pośredników,,8,https://adresowo.pl/o/mieszkanie-krakow-kurdwanow-ul-jakuba-bojki-2-pokojowe-g3z2e9,https://s2.adresowa.pl/oi/7d/44/3e356a_40a3_cover@2x-2-pokojowe-mieszkanie-krakow-kurdwanow-ul-jakuba-bojki.webp
Kraków Kurdwanów,ul. Stanisława Stojałowskiego,3,61,710000,11639,Pośrednik,,13,https://adresowo.pl/o/mieszkanie-krakow-kurdwanow-ul-stanislawa-stojalowskiego-3-pokojowe-k2i6f1,https://s2.adresowa.pl/oi/3e/36/3e76b2_4d8f_cover@2x-3-pokojowe-mieszkanie-krakow-kurdwanow-ul-stanislawa-stojalowskiego.webp
Kraków Podgórze,ul. Walerego Sławka,2,40,689000,17225,Pośrednik,,12,https://adresowo.pl/o/mieszkanie-krakow-podgorze-ul-walerego-slawka-2-pokojowe-r4w3m2,https://s2.adresowa.pl/oi/2a/6f/3e6496_5267_cover@2x-2-pokojowe-mieszkanie-krakow-podgorze-ul-walerego-slawka.webp
Kraków Dębniki,ul. Topografów,2,42,599000,14262,bez pośredników,,9,https://adresowo.pl/o/mieszkanie-krakow-debniki-ul-topografow-2-pokojowe-z2w3o1,https://s2.adresowa.pl/oi/78/22/3e2e02_a90e_cover@2x-2-pokojowe-mieszkanie-krakow-debniki-ul-topografow.webp
Kraków Nowa Huta,os. Na Stoku,2,42,599000,14262,bez pośredników,,6,https://adresowo.pl/o/mieszkanie-krakow-nowa-huta-os-na-stoku-2-pokojowe-o4g2s0,https://s2.adresowa.pl/oi/17/26/3e2a8c_abd8_cover@2x-2-pokojowe-mieszkanie-krakow-nowa-huta-os-na-stoku.webp
Kraków Podgórze,ul. Stefana Czarnieckiego,1,18,485000,26944,bez pośredników,,8,https://adresowo.pl/o/mieszkanie-krakow-podgorze-ul-stefana-czarnieckiego-1-pokoj-u8x6u4,https://s2.adresowa.pl/oi/51/72/3e23ee_2e3f_cover@2x-1-pokojowe-mieszkanie-krakow-podgorze-ul-stefana-czarnieckiego.webp
Kraków Prądnik Biały,ul. Józefa Mackiewicza,4,70,859000,12271,Pośrednik,,38,https://adresowo.pl/o/mieszkanie-krakow-pradnik-bialy-ul-jozefa-mackiewicza-4-pokojowe-a0q9b2,https://s2.adresowa.pl/oi/7d/4b/3e6488_477b_cover@2x-4-pokojowe-mieszkanie-krakow-pradnik-bialy-ul-jozefa-mackiewicza.webp
Kraków Kazimierz,ul. Paulińska 30,1,39,789000,20231,Pośrednik,,13,https://adresowo.pl/o/mieszkanie-krakow-kazimierz-ul-paulinska-1-pokoj-r5r6u1,https://s2.adresowa.pl/oi/44/38/3e61d2_59d0_cover@2x-1-pokojowe-mieszkanie-krakow-kazimierz-ul-paulinska.webp
Kraków Grzegórzki,ul. Grzegórzecka,2,36,620000,17222,bez pośredników,,8,https://adresowo.pl/o/mieszkanie-krakow-grzegorzki-ul-grzegorzecka-2-pokojowe-t8p9p8,https://s2.adresowa.pl/oi/31/6b/3e1d76_8b7a_cover@2x-2-pokojowe-mieszkanie-krakow-grzegorzki-ul-grzegorzecka.webp
Kraków Podgórze,ul. Rydlówka,2,36,699000,19417,bez pośredników,,13,https://adresowo.pl/o/mieszkanie-krakow-podgorze-ul-rydlowka-2-pokojowe-b9a5h3,https://s2.adresowa.pl/oi/73/25/3e1682_c7bb_cover@2x-2-pokojowe-mieszkanie-krakow-podgorze-ul-rydlowka.webp
Kraków Krowodrza,ul. Kazimierza Wielkiego,3,51,800000,15686,bez pośredników,,1,https://adresowo.pl/o/mieszkanie-krakow-krowodrza-ul-kazimierza-wielkiego-3-pokojowe-u4y2n7,https://s2.adresowa.pl/oi/4d/43/3e15a2_7484_cover@2x-3-pokojowe-mieszkanie-krakow-krowodrza-ul-kazimierza-wielkiego.webp
Kraków Mistrzejowice,os. Bohaterów Września,1,33,549000,16636,Pośrednik,,19,https://adresowo.pl/o/mieszkanie-krakow-mistrzejowice-os-bohaterow-wrzesnia-1-pokoj-u2p0e6,https://s2.adresowa.pl/oi/2d/6c/3e50d0_8fee_cover@2x-1-pokojowe-mieszkanie-krakow-mistrzejowice-os-bohaterow-wrzesnia.webp
Kraków Krowodrza,ul. Mazowiecka,3,49,718000,14653,Pośrednik,,19,https://adresowo.pl/o/mieszkanie-krakow-krowodrza-ul-mazowiecka-3-pokojowe-i9a7y3,https://s2.adresowa.pl/oi/63/49/3e5014_d673_cover@2x-3-pokojowe-mieszkanie-krakow-krowodrza-ul-mazowiecka.webp
Kraków Prądnik Czerwony,ul. Promienistych,3,44,680000,15455,bez pośredników,,8,https://adresowo.pl/o/mieszkanie-krakow-pradnik-czerwony-ul-promienistych-3-pokojowe-u1x3s3,https://s2.adresowa.pl/oi/69/6a/3e1552_34d3_cover@2x-3-pokojowe-mieszkanie-krakow-pradnik-czerwony-ul-promienistych.webp
Kraków Dębniki,ul. Kazimierza Pułaskiego,2,50,980000,19600,bez pośredników,,6,https://adresowo.pl/o/mieszkanie-krakow-debniki-ul-kazimierza-pulaskiego-2-pokojowe-u0t1s9,https://s2.adresowa.pl/oi/74/53/3e151e_c31b_cover@2x-2-pokojowe-mieszkanie-krakow-debniki-ul-kazimierza-pulaskiego.webp
Kraków Łagiewniki,ul. Odrzańska,2,40,610000,15250,bez pośredników,,8,https://adresowo.pl/o/mieszkanie-krakow-lagiewniki-ul-odrzanska-2-pokojowe-f8v0a9,https://s2.adresowa.pl/oi/41/77/3e13e4_36d4_cover@2x-2-pokojowe-mieszkanie-krakow-lagiewniki-ul-odrzanska.webp
Kraków Bronowice,ul. Bolesława Czerwieńskiego 10,4,55,849000,15436,Pośrednik,,20,https://adresowo.pl/o/mieszkanie-krakow-bronowice-ul-boleslawa-czerwienskiego-4-pokojowe-z6v6f7,https://s2.adresowa.pl/oi/7e/21/3e4800_58be_cover@2x-4-pokojowe-mieszkanie-krakow-bronowice-ul-boleslawa-czerwienskiego.webp
Kraków Krowodrza,ul. Wrocławska,2,43,655000,15233,Pośrednik,,15,https://adresowo.pl/o/mieszkanie-krakow-krowodrza-ul-wroclawska-2-pokojowe-i6h1f8,https://s2.adresowa.pl/oi/3d/2f/3e3eac_a342_cover@2x-2-pokojowe-mieszkanie-krakow-krowodrza-ul-wroclawska.webp
Kraków Kliny,ul. Borkowska,2,50,688000,13760,bez pośredników,,19,https://adresowo.pl/o/mieszkanie-krakow-kliny-ul-borkowska-2-pokojowe-c4t5o4,https://s2.adresowa.pl/oi/13/61/3e124e_8a34_cover@2x-2-pokojowe-mieszkanie-krakow-kliny-ul-borkowska.webp
Kraków Stare Miasto,ul. św. Sebastiana,2,76,1270000,16711,bez pośredników,,10,https://adresowo.pl/o/mieszkanie-krakow-stare-miasto-ul-sw-sebastiana-2-pokojowe-b1j4f3,https://s2.adresowa.pl/oi/55/18/3e1240_860b_cover@2x-2-pokojowe-mieszkanie-krakow-stare-miasto-ul-sw-sebastiana.webp
Kraków Kurdwanów,ul. Kordiana,1,36,510000,14167,bez pośredników,,15,https://adresowo.pl/o/mieszkanie-krakow-kurdwanow-ul-kordiana-1-pokoj-q1t1q8,https://s2.adresowa.pl/oi/67/17/3e0e98_d011_cover@2x-1-pokojowe-mieszkanie-krakow-kurdwanow-ul-kordiana.webp
Kraków Grzegórzki,ul. Półkole,3,48,670000,13958,Pośrednik,,22,https://adresowo.pl/o/mieszkanie-krakow-grzegorzki-ul-polkole-3-pokojowe-z8f8i2,https://s2.adresowa.pl/oi/33/55/3e3530_8545_cover@2x-3-pokojowe-mieszkanie-krakow-grzegorzki-ul-polkole.webp
Kraków Zwierzyniec,ul. Królowej Jadwigi,3,65,1364500,20992,Pośrednik,,32,https://adresowo.pl/o/mieszkanie-krakow-zwierzyniec-ul-krolowej-jadwigi-3-pokojowe-v6q6n2,https://s2.adresowa.pl/oi/35/21/3e352a_2df7_cover@2x-3-pokojowe-mieszkanie-krakow-zwierzyniec-ul-krolowej-jadwigi.webp
Kraków Bronowice,ul. Stelmachów,2,44,749990,17045,bez pośredników,,20,https://adresowo.pl/o/mieszkanie-krakow-bronowice-ul-stelmachow-2-pokojowe-g9p8q9,https://s2.adresowa.pl/oi/4a/71/3ee6b0_8651_cover@2x-2-pokojowe-mieszkanie-krakow-bronowice-ul-stelmachow.webp
Kraków Prądnik Czerwony,ul. Powstańców,3,59,840000,14237,bez pośredników,,13,https://adresowo.pl/o/mieszkanie-krakow-pradnik-czerwony-ul-powstancow-3-pokojowe-b4g3u1,https://s2.adresowa.pl/oi/74/54/3e0dfa_a9ce_cover@2x-3-pokojowe-mieszkanie-krakow-pradnik-czerwony-ul-powstancow.webp
Kraków Ruczaj,ul. Raciborska 16,1,35,515000,14714,bez pośredników,,8,https://adresowo.pl/o/mieszkanie-krakow-ruczaj-ul-raciborska-1-pokoj-i4t1x2,https://s2.adresowa.pl/oi/16/72/3e0762_d6d4_cover@2x-1-pokojowe-mieszkanie-krakow-ruczaj-ul-raciborska.webp
Kraków Bieżanów,ul. Henryka i Karola Czeczów,4,74,1100000,14865,bez pośredników,,20,https://adresowo.pl/o/mieszkanie-krakow-biezanow-ul-henryka-i-karola-czeczow-4-pokojowe-k0t8r0,https://s2.adresowa.pl/oi/2f/78/3e06c4_a729_cover@2x-4-pokojowe-mieszkanie-krakow-biezanow-ul-henryka-i-karola-czeczow.webp
Kraków Prądnik Biały,ul. Wincentego Danka,3,56,999000,17839,Pośrednik,,8,https://adresowo.pl/o/mieszkanie-krakow-pradnik-bialy-ul-wincentego-danka-3-pokojowe-w5a3c2,https://s2.adresowa.pl/oi/4d/4a/3e3374_d04e_cover@2x-3-pokojowe-mieszkanie-krakow-pradnik-bialy-ul-wincentego-danka.webp
Kraków Dębniki,ul. Rydlówka,2,57,1150000,20175,Pośrednik,,18,https://adresowo.pl/o/mieszkanie-krakow-debniki-ul-rydlowka-2-pokojowe-z8x5i5,https://s2.adresowa.pl/oi/4b/15/3e3210_5339_cover@2x-2-pokojowe-mieszkanie-krakow-debniki-ul-rydlowka.webp
Kraków Stare Miasto,ul. Trynitarska,4,107,3400000,31776,bez pośredników,,18,https://adresowo.pl/o/mieszkanie-krakow-stare-miasto-ul-trynitarska-4-pokojowe-d2u6c0,https://s2.adresowa.pl/oi/35/21/3e022a_48e7_cover@2x-4-pokojowe-mieszkanie-krakow-stare-miasto-ul-trynitarska.webp
Kraków Bieżanów,ul. Henryka i Karola Czeczów,4,74,1000000,13514,bez pośredników,,25,https://adresowo.pl/o/mieszkanie-krakow-biezanow-ul-henryka-i-karola-czeczow-4-pokojowe-l0q4x7,https://s2.adresowa.pl/oi/7f/54/3dfe32_3f73_cover@2x-4-pokojowe-mieszkanie-krakow-biezanow-ul-henryka-i-karola-czeczow.webp
Kraków,ul. Krowoderskich Zuchów,3,54,749000,13870,bez pośredników,,8,https://adresowo.pl/o/mieszkanie-krakow-ul-krowoderskich-zuchow-3-pokojowe-j7m1g0,https://s2.adresowa.pl/oi/69/36/3dfa54_eb40_cover@2x-3-pokojowe-mieszkanie-krakow-ul-krowoderskich-zuchow.webp
Kraków Dąbie,ul. Widok,1,23,399000,17348,Pośrednik,,34,https://adresowo.pl/o/mieszkanie-krakow-dabie-ul-widok-1-pokoj-n9n7t9,https://s2.adresowa.pl/oi/4e/7f/3e30e6_97a0_cover@2x-1-pokojowe-mieszkanie-krakow-dabie-ul-widok.webp
Kraków Mistrzejowice,os. Bohaterów Września,4,82,1250000,15244,Pośrednik,,39,https://adresowo.pl/o/mieszkanie-krakow-mistrzejowice-os-bohaterow-wrzesnia-4-pokojowe-z2b0b9,https://s2.adresowa.pl/oi/2e/6c/3e30e2_bcfb_cover@2x-4-pokojowe-mieszkanie-krakow-mistrzejowice-os-bohaterow-wrzesnia.webp
Kraków Krowodrza,ul. Antoniego Augustynka-Wichury,1,31,599000,19323,bez pośredników,,10,https://adresowo.pl/o/mieszkanie-krakow-krowodrza-ul-antoniego-augustynka-wichury-1-pokoj-t6l2n5,https://s2.adresowa.pl/oi/3a/40/3dfa26_a017_cover@2x-1-pokojowe-mieszkanie-krakow-krowodrza-ul-antoniego-augustynka-wichury.webp
Kraków Podgórze,ul. Lanckorońska,1,22,339000,15409,bez pośredników,,8,https://adresowo.pl/o/mieszkanie-krakow-podgorze-ul-lanckoronska-1-pokoj-u2v4g6,https://s2.adresowa.pl/oi/21/2c/3df84c_9dff_cover@2x-1-pokojowe-mieszkanie-krakow-podgorze-ul-lanckoronska.webp
Kraków,Żabiniec,1,26,569000,21885,bez pośredników,,7,https://adresowo.pl/o/mieszkanie-krakow-zabiniec-1-pokoj-26-m2-k4q8t9,https://s2.adresowa.pl/oi/6e/66/3df7ea_cf2e_cover@2x-1-pokojowe-mieszkanie-krakow-zabiniec.webp
Kraków Czyżyny,ul. Konstantego Ildefonsa Gałczyńskiego,5,80,1628541,20357,Pośrednik,,10,https://adresowo.pl/o/mieszkanie-krakow-czyzyny-ul-konstantego-ildefonsa-galczynskiego-5-pokojowe-e9c7a9,https://s2.adresowa.pl/oi/7d/4c/3e30da_32d4_cover@2x-5-pokojowe-mieszkanie-krakow-czyzyny-ul-konstantego-ildefonsa-galczynskiego.webp
Kraków Czyżyny,ul. Konstantego Ildefonsa Gałczyńskiego,5,80,1411460,17643,Pośrednik,,8,https://adresowo.pl/o/mieszkanie-krakow-czyzyny-ul-konstantego-ildefonsa-galczynskiego-5-pokojowe-a1m1f0,https://s2.adresowa.pl/oi/20/19/3e30cc_58d0_cover@2x-5-pokojowe-mieszkanie-krakow-czyzyny-ul-konstantego-ildefonsa-galczynskiego.webp
Kraków Czyżyny,os. Dywizjonu 303,4,73,915000,12534,bez pośredników,,8,https://adresowo.pl/o/mieszkanie-krakow-czyzyny-os-dywizjonu-303-4-pokojowe-u7e6u3,https://s2.adresowa.pl/oi/42/4e/3df0d8_ac07_cover@2x-4-pokojowe-mieszkanie-krakow-czyzyny-os-dywizjonu-303.webp
Kraków Stare Miasto,ul. gen. Romana Sołtyka,2,40,950000,23750,bez pośredników,,7,https://adresowo.pl/o/mieszkanie-krakow-stare-miasto-ul-gen-romana-soltyka-2-pokojowe-l4v1l2,https://s2.adresowa.pl/oi/75/5c/3de98e_31e6_cover@2x-2-pokojowe-mieszkanie-krakow-stare-miasto-ul-gen-romana-soltyka.webp
Kraków Prądnik Biały,ul. Zygmunta Glogera,1,27,480000,17778,bez pośredników,,8,https://adresowo.pl/o/mieszkanie-krakow-pradnik-bialy-ul-zygmunta-glogera-1-pokoj-i4j7l3,https://s2.adresowa.pl/oi/5e/12/3de738_82f0_cover@2x-1-pokojowe-mieszkanie-krakow-pradnik-bialy-ul-zygmunta-glogera.webp
Kraków Krowodrza,ul. Śląska 9,3,62,1140000,18387,Pośrednik,,28,https://adresowo.pl/o/mieszkanie-krakow-krowodrza-ul-slaska-3-pokojowe-c3o6u3,https://s2.adresowa.pl/oi/46/29/3e2f02_6790_cover@2x-3-pokojowe-mieszkanie-krakow-krowodrza-ul-slaska.webp
Kraków Stare Miasto,ul. Ariańska,2,25,649000,25960,Pośrednik,,8,https://adresowo.pl/o/mieszkanie-krakow-stare-miasto-ul-arianska-2-pokojowe-m7p3a6,https://s2.adresowa.pl/oi/51/33/3e2622_a42f_cover@2x-2-pokojowe-mieszkanie-krakow-stare-miasto-ul-arianska.webp
Kraków Krowodrza,ul. Lubelska,1,20,445000,22250,bez pośredników,,6,https://adresowo.pl/o/mieszkanie-krakow-krowodrza-ul-lubelska-1-pokoj-n4f9s8,https://s2.adresowa.pl/oi/47/43/3de0ae_bd46_cover@2x-1-pokojowe-mieszkanie-krakow-krowodrza-ul-lubelska.webp
Kraków Prądnik Czerwony,ul. Dobrego Pasterza,4,115,2987000,25974,bez pośredników,,18,https://adresowo.pl/o/mieszkanie-krakow-pradnik-czerwony-ul-dobrego-pasterza-4-pokojowe-j0x8y3,https://s2.adresowa.pl/oi/16/59/3ddf56_512d_cover@2x-4-pokojowe-mieszkanie-krakow-pradnik-czerwony-ul-dobrego-pasterza.webp
Kraków Płaszów,ul. ks. Wincentego Turka,1,34,540000,15882,bez pośredników,,10,https://adresowo.pl/o/mieszkanie-krakow-plaszow-ul-ks-wincentego-turka-1-pokoj-x0f5n3,https://s2.adresowa.pl/oi/3f/79/3dda2e_4364_cover@2x-1-pokojowe-mieszkanie-krakow-plaszow-ul-ks-wincentego-turka.webp
Kraków Ruczaj,ul. Lubostroń 7A,2,40,649000,16225,Pośrednik,,15,https://adresowo.pl/o/mieszkanie-krakow-ruczaj-ul-lubostron-2-pokojowe-s6y1g6,https://s2.adresowa.pl/oi/60/2e/3e261c_3958_cover@2x-2-pokojowe-mieszkanie-krakow-ruczaj-ul-lubostron.webp
Kraków Podgórze,ul. Walerego Sławka,3,62,985000,15887,Pośrednik,,2,https://adresowo.pl/o/mieszkanie-krakow-podgorze-ul-walerego-slawka-3-pokojowe-g5z1i9,https://s2.adresowa.pl/oi/2c/39/3e23cc_5b7d_cover@2x-3-pokojowe-mieszkanie-krakow-podgorze-ul-walerego-slawka.webp
Kraków Olsza,ul. Bohaterów Wietnamu,2,36,546000,15167,bez pośredników,,3,https://adresowo.pl/o/mieszkanie-krakow-olsza-ul-bohaterow-wietnamu-2-pokojowe-o3d1j2,https://s2.adresowa.pl/oi/78/1a/3d6502_a461_cover@2x-2-pokojowe-mieszkanie-krakow-olsza-ul-bohaterow-wietnamu.webp
Kraków Grzegórzki,ul. płk. pil. Stefana Łaszkiewicza,2,37,790000,21351,bez pośredników,,4,https://adresowo.pl/o/mieszkanie-krakow-grzegorzki-ul-plk-pil-stefana-laszkiewicza-2-pokojowe-r1w2p7,https://s2.adresowa.pl/oi/17/63/3dd066_8ecf_cover@2x-2-pokojowe-mieszkanie-krakow-grzegorzki-ul-plk-pil-stefana-laszkiewicza.webp
Kraków,Bieńczyce,2,50,720000,14400,bez pośredników,,7,https://adresowo.pl/o/mieszkanie-krakow-bienczyce-2-pokojowe-50-m2-h4a6q5,https://s2.adresowa.pl/oi/30/51/3dd02c_a597_cover@2x-2-pokojowe-mieszkanie-krakow-bienczyce.webp
Kraków Wzgórza Krzesławickie,ul. Burzowa,3,75,775000,10333,Pośrednik,,15,https://adresowo.pl/o/mieszkanie-krakow-wzgorza-krzeslawickie-ul-burzowa-3-pokojowe-c2j5p0,https://s2.adresowa.pl/oi/16/4d/3e21c0_ca35_cover@2x-3-pokojowe-mieszkanie-krakow-wzgorza-krzeslawickie-ul-burzowa.webp
Kraków Bronowice,ul. Emila Godlewskiego,3,68,897000,13191,Pośrednik,,22,https://adresowo.pl/o/mieszkanie-krakow-bronowice-ul-emila-godlewskiego-3-pokojowe-a7l9i3,https://s2.adresowa.pl/oi/67/12/3e17ec_ce02_cover@2x-3-pokojowe-mieszkanie-krakow-bronowice-ul-emila-godlewskiego.webp
Kraków Borek Fałęcki,ul. Ruczaj,3,62,890000,14355,bez pośredników,,12,https://adresowo.pl/o/mieszkanie-krakow-borek-falecki-ul-ruczaj-3-pokojowe-d7g9a5,https://s2.adresowa.pl/oi/2a/3f/3dc578_2f12_cover@2x-3-pokojowe-mieszkanie-krakow-borek-falecki-ul-ruczaj.webp
Kraków Czyżyny,ul. Galicyjska,1,26,533000,20500,bez pośredników,,10,https://adresowo.pl/o/mieszkanie-krakow-czyzyny-ul-galicyjska-1-pokoj-c7g2r8,https://s2.adresowa.pl/oi/3a/78/3dc4b6_5c69_cover@2x-1-pokojowe-mieszkanie-krakow-czyzyny-ul-galicyjska.webp
Kraków,Kurdwanów,3,60,320000,5333,bez pośredników,,8,https://adresowo.pl/o/mieszkanie-krakow-kurdwanow-3-pokojowe-60-m2-v5h9x9,https://s2.adresowa.pl/oi/3e/3e/3dc1ae_91c9_cover@2x-3-pokojowe-mieszkanie-krakow-kurdwanow.webp
Kraków Prądnik Czerwony,ul. Dobrego Pasterza,2,45,870000,19333,Pośrednik,,11,https://adresowo.pl/o/mieszkanie-krakow-pradnik-czerwony-ul-dobrego-pasterza-2-pokojowe-y8u7h7,https://s2.adresowa.pl/oi/33/39/3e17de_3b29_cover@2x-2-pokojowe-mieszkanie-krakow-pradnik-czerwony-ul-dobrego-pasterza.webp
Kraków Podgórze,ul. Celna,3,47,790000,16809,Pośrednik,,7,https://adresowo.pl/o/mieszkanie-krakow-podgorze-ul-celna-3-pokojowe-e4t2w9,https://s2.adresowa.pl/oi/4b/45/3e10ca_67a3_cover@2x-3-pokojowe-mieszkanie-krakow-podgorze-ul-celna.webp
Kraków Krowodrza,ul. Eljasza Walerego Radzikowskiego,2,41,645000,15732,bez pośredników,,18,https://adresowo.pl/o/mieszkanie-krakow-krowodrza-ul-eljasza-walerego-radzikowskiego-2-pokojowe-w4r7u7,https://s2.adresowa.pl/oi/11/36/3db5a6_7437_cover@2x-2-pokojowe-mieszkanie-krakow-krowodrza-ul-eljasza-walerego-radzikowskiego.webp
Kraków Dębniki,ul. Lubostroń,3,65,939000,14446,bez pośredników,,15,https://adresowo.pl/o/mieszkanie-krakow-debniki-ul-lubostron-3-pokojowe-z2p9p0,https://s2.adresowa.pl/oi/41/7e/3db21e_f28d_cover@2x-3-pokojowe-mieszkanie-krakow-debniki-ul-lubostron.webp
Kraków Krowodrza,ul. Obopólna,3,68,895500,13169,bez pośredników,,9,https://adresowo.pl/o/mieszkanie-krakow-krowodrza-ul-obopolna-3-pokojowe-g9g7l0,https://s2.adresowa.pl/oi/13/7c/3daf8e_918b_cover@2x-3-pokojowe-mieszkanie-krakow-krowodrza-ul-obopolna.webp
Kraków Nowa Huta,os. Kolorowe,2,52,729000,14019,Pośrednik,,23,https://adresowo.pl/o/mieszkanie-krakow-nowa-huta-os-kolorowe-2-pokojowe-q1k8g3,https://s2.adresowa.pl/oi/2a/19/3e100e_4e78_cover@2x-2-pokojowe-mieszkanie-krakow-nowa-huta-os-kolorowe.webp
Kraków Grzegórzki,ul. Stefana Bobrowskiego,1,30,565000,18833,Pośrednik,,9,https://adresowo.pl/o/mieszkanie-krakow-grzegorzki-ul-stefana-bobrowskiego-1-pokoj-b0p5h3,https://s2.adresowa.pl/oi/1e/2e/3e0aaa_89f6_cover@2x-1-pokojowe-mieszkanie-krakow-grzegorzki-ul-stefana-bobrowskiego.webp
Kraków Dębniki,ul. Stefana Kołaczkowskiego,3,56,579462,10348,bez pośredników,,5,https://adresowo.pl/o/mieszkanie-krakow-debniki-ul-stefana-kolaczkowskiego-3-pokojowe-i6b2p7,https://s2.adresowa.pl/oi/61/36/3daa86_656b_cover@2x-3-pokojowe-mieszkanie-krakow-debniki-ul-stefana-kolaczkowskiego.webp
Kraków Krowodrza,ul. Mazowiecka,3,83,1240000,14940,bez pośredników,,8,https://adresowo.pl/o/mieszkanie-krakow-krowodrza-ul-mazowiecka-3-pokojowe-p0n8x5,https://s2.adresowa.pl/oi/2d/59/3da73c_ce76_cover@2x-3-pokojowe-mieszkanie-krakow-krowodrza-ul-mazowiecka.webp
Kraków Stare Miasto,ul. Józefa Sarego,1,25,579000,23160,bez pośredników,,9,https://adresowo.pl/o/mieszkanie-krakow-stare-miasto-ul-jozefa-sarego-1-pokoj-e9n7m5,https://s2.adresowa.pl/oi/7d/73/3da1a0_47ca_cover@2x-1-pokojowe-mieszkanie-krakow-stare-miasto-ul-jozefa-sarego.webp
Kraków Azory,ul. Marii Jaremy,2,36,560000,15556,Pośrednik,,12,https://adresowo.pl/o/mieszkanie-krakow-azory-ul-marii-jaremy-2-pokojowe-k3e9o9,https://s2.adresowa.pl/oi/67/61/3e0a98_cdf4_cover@2x-2-pokojowe-mieszkanie-krakow-azory-ul-marii-jaremy.webp
Kraków Podgórze,ul. Stefana Czarnieckiego,2,33,499000,15121,Pośrednik,,7,https://adresowo.pl/o/mieszkanie-krakow-podgorze-ul-stefana-czarnieckiego-2-pokojowe-k3g0p3,https://s2.adresowa.pl/oi/68/35/3e0a92_2903_cover@2x-2-pokojowe-mieszkanie-krakow-podgorze-ul-stefana-czarnieckiego.webp
Kraków Mistrzejowice,ul. Bohdana Arcta,2,53,630000,11887,bez pośredników,,12,https://adresowo.pl/o/mieszkanie-krakow-mistrzejowice-ul-bohdana-arcta-2-pokojowe-g1x0q6,https://s2.adresowa.pl/oi/3c/41/3da0d6_676a_cover@2x-2-pokojowe-mieszkanie-krakow-mistrzejowice-ul-bohdana-arcta.webp
Kraków Stare Miasto,ul. Garncarska,3,97,1499000,15454,bez pośredników,,10,https://adresowo.pl/o/mieszkanie-krakow-stare-miasto-ul-garncarska-3-pokojowe-d1p9x4,https://s2.adresowa.pl/oi/22/64/3d94b8_4823_cover@2x-3-pokojowe-mieszkanie-krakow-stare-miasto-ul-garncarska.webp
Kraków Bieżanów,ul. Henryka i Karola Czeczów,2,43,615000,14302,bez pośredników,,13,https://adresowo.pl/o/mieszkanie-krakow-biezanow-ul-henryka-i-karola-czeczow-2-pokojowe-e8j4d9,https://s2.adresowa.pl/oi/2a/56/3d9264_9f08_cover@2x-2-pokojowe-mieszkanie-krakow-biezanow-ul-henryka-i-karola-czeczow.webp
Kraków Pychowice,ul. Jemiołowa,2,48,545000,11354,Pośrednik,,4,https://adresowo.pl/o/mieszkanie-krakow-pychowice-ul-jemiolowa-2-pokojowe-s9a9n6,https://s2.adresowa.pl/oi/4d/28/3e0a6e_9b2a_cover@2x-2-pokojowe-mieszkanie-krakow-pychowice-ul-jemiolowa.webp
Kraków Kurdwanów,ul. Kordiana,5,155,1699000,10961,Pośrednik,,26,https://adresowo.pl/o/mieszkanie-krakow-kurdwanow-ul-kordiana-5-pokojowe-d4j5f4,https://s2.adresowa.pl/oi/20/1f/3e03fa_c6f5_cover@2x-5-pokojowe-mieszkanie-krakow-kurdwanow-ul-kordiana.webp
Kraków Dąbie,ul. Na Szaniec,2,41,710000,17317,bez pośredników,,6,https://adresowo.pl/o/mieszkanie-krakow-dabie-ul-na-szaniec-2-pokojowe-a2m6f2,https://s2.adresowa.pl/oi/54/7f/3d8d94_2ca2_cover@2x-2-pokojowe-mieszkanie-krakow-dabie-ul-na-szaniec.webp
Kraków Mistrzejowice,os. Piastów,4,69,929000,13464,bez pośredników,,11,https://adresowo.pl/o/mieszkanie-krakow-mistrzejowice-os-piastow-4-pokojowe-n4f7u2,https://s2.adresowa.pl/oi/62/35/3d8466_aa37_cover@2x-4-pokojowe-mieszkanie-krakow-mistrzejowice-os-piastow.webp
Kraków Wzgórza Krzesławickie,ul. Gustawa Morcinka,3,56,759000,13554,bez pośredników,,10,https://adresowo.pl/o/mieszkanie-krakow-wzgorza-krzeslawickie-ul-gustawa-morcinka-3-pokojowe-b9n9s9,https://s2.adresowa.pl/oi/1c/2c/3d803c_c9d3_cover@2x-3-pokojowe-mieszkanie-krakow-wzgorza-krzeslawickie-ul-gustawa-morcinka.webp
Kraków Ruczaj,ul. dr. Jana Piltza,3,60,990000,16500,Pośrednik,,15,https://adresowo.pl/o/mieszkanie-krakow-ruczaj-ul-dr-jana-piltza-3-pokojowe-i8x7b6,https://s2.adresowa.pl/oi/30/27/3e02f8_4972_cover@2x-3-pokojowe-mieszkanie-krakow-ruczaj-ul-dr-jana-piltza.webp
Kraków Podgórze,ul. Wielicka,2,36,550000,15278,Pośrednik,,7,https://adresowo.pl/o/mieszkanie-krakow-podgorze-ul-wielicka-2-pokojowe-f0t1a6,https://s2.adresowa.pl/oi/24/51/3e02c6_5521_cover@2x-2-pokojowe-mieszkanie-krakow-podgorze-ul-wielicka.webp
Kraków Podgórze,ul. ks. Ignacego Stoszki,2,61,759000,12443,bez pośredników,,16,https://adresowo.pl/o/mieszkanie-krakow-podgorze-ul-ks-ignacego-stoszki-2-pokojowe-i3o8g8,https://s2.adresowa.pl/oi/7f/39/3d727c_8a9b_cover@2x-2-pokojowe-mieszkanie-krakow-podgorze-ul-ks-ignacego-stoszki.webp
Kraków Podgórze,ul. Koszykarska,2,45,759000,16867,bez pośredników,,9,https://adresowo.pl/o/mieszkanie-krakow-podgorze-ul-koszykarska-2-pokojowe-d2y3d9,https://s2.adresowa.pl/oi/7d/47/3d6a90_dced_cover@2x-2-pokojowe-mieszkanie-krakow-podgorze-ul-koszykarska.webp
Kraków Podgórze,ul. Parkowa,2,34,575000,16912,bez pośredników,,8,https://adresowo.pl/o/mieszkanie-krakow-podgorze-ul-parkowa-2-pokojowe-o6m4w6,https://s2.adresowa.pl/oi/56/64/3d676c_acbf_cover@2x-2-pokojowe-mieszkanie-krakow-podgorze-ul-parkowa.webp
Kraków Śródmieście,ul. Rakowicka,2,28,699000,24964,Pośrednik,,13,https://adresowo.pl/o/mieszkanie-krakow-srodmiescie-ul-rakowicka-2-pokojowe-z1x5u1,https://s2.adresowa.pl/oi/3d/51/3e0108_6fca_cover@2x-2-pokojowe-mieszkanie-krakow-srodmiescie-ul-rakowicka.webp
Kraków Krowodrza,ul. Bratysławska,2,51,789900,15488,Pośrednik,,19,https://adresowo.pl/o/mieszkanie-krakow-krowodrza-ul-bratyslawska-2-pokojowe-t6f7m4,https://s2.adresowa.pl/oi/38/4c/3dfac0_f14c_cover@2x-2-pokojowe-mieszkanie-krakow-krowodrza-ul-bratyslawska.webp
Kraków Salwator,ul. Bolesława Komorowskiego,3,98,2150000,21939,bez pośredników,,21,https://adresowo.pl/o/mieszkanie-krakow-salwator-ul-boleslawa-komorowskiego-3-pokojowe-s1g2y6,https://s2.adresowa.pl/oi/42/6f/3d64d2_ee77_cover@2x-3-pokojowe-mieszkanie-krakow-salwator-ul-boleslawa-komorowskiego.webp
Kraków Prądnik Biały,ul. Papierni Prądnickich,2,43,875000,20349,bez pośredników,,15,https://adresowo.pl/o/mieszkanie-krakow-pradnik-bialy-ul-papierni-pradnickich-2-pokojowe-s1h3e4,https://s2.adresowa.pl/oi/5e/15/3d6472_8e3c_cover@2x-2-pokojowe-mieszkanie-krakow-pradnik-bialy-ul-papierni-pradnickich.webp
Kraków Grzegórzki,ul. Szklarska,1,24,400000,16667,bez pośredników,,8,https://adresowo.pl/o/mieszkanie-krakow-grzegorzki-ul-szklarska-1-pokoj-g4n2z1,https://s2.adresowa.pl/oi/6a/77/3d629a_cb15_cover@2x-1-pokojowe-mieszkanie-krakow-grzegorzki-ul-szklarska.webp
Kraków Kurdwanów,ul. Cechowa,4,90,1024458,11383,Pośrednik,,9,https://adresowo.pl/o/mieszkanie-krakow-kurdwanow-ul-cechowa-4-pokojowe-d6p7f7,https://s2.adresowa.pl/oi/7a/79/3dfa6c_cfb8_cover@2x-4-pokojowe-mieszkanie-krakow-kurdwanow-ul-cechowa.webp
Kraków Kurdwanów,ul. Cechowa,3,47,696192,14813,Pośrednik,,7,https://adresowo.pl/o/mieszkanie-krakow-kurdwanow-ul-cechowa-3-pokojowe-w5h9p6,https://s2.adresowa.pl/oi/3a/5e/3dfa68_4f6f_cover@2x-3-pokojowe-mieszkanie-krakow-kurdwanow-ul-cechowa.webp
Kraków Zabłocie,ul. Stanisława Klimeckiego,3,71,1590000,22394,bez pośredników,,9,https://adresowo.pl/o/mieszkanie-krakow-zablocie-ul-stanislawa-klimeckiego-3-pokojowe-n5v0u0,https://s2.adresowa.pl/oi/4b/58/3d6084_d4fe_cover@2x-3-pokojowe-mieszkanie-krakow-zablocie-ul-stanislawa-klimeckiego.webp
Kraków Borek Fałęcki,ul. Borkowska,1,32,445000,13906,bez pośredników,,9,https://adresowo.pl/o/mieszkanie-krakow-borek-falecki-ul-borkowska-1-pokoj-g7c2u9,https://s2.adresowa.pl/oi/1b/7b/3d5714_3311_cover@2x-1-pokojowe-mieszkanie-krakow-borek-falecki-ul-borkowska.webp
Kraków Nowa Huta,os. Hutnicze,2,54,767000,14204,bez pośredników,,19,https://adresowo.pl/o/mieszkanie-krakow-nowa-huta-os-hutnicze-2-pokojowe-y5r2s6,https://s2.adresowa.pl/oi/3c/34/3d5658_7602_cover@2x-2-pokojowe-mieszkanie-krakow-nowa-huta-os-hutnicze.webp
Kraków Mistrzejowice,os. Oświecenia,3,63,770000,12222,Pośrednik,,34,https://adresowo.pl/o/mieszkanie-krakow-mistrzejowice-os-oswiecenia-3-pokojowe-g9k1t2,https://s2.adresowa.pl/oi/57/69/3df7c8_81de_cover@2x-3-pokojowe-mieszkanie-krakow-mistrzejowice-os-oswiecenia.webp
Kraków Prądnik Czerwony,ul. Lublańska,3,72,949000,13181,Pośrednik,,13,https://adresowo.pl/o/mieszkanie-krakow-pradnik-czerwony-ul-lublanska-3-pokojowe-s5k1d2,https://s2.adresowa.pl/oi/4a/79/3df37c_9986_cover@2x-3-pokojowe-mieszkanie-krakow-pradnik-czerwony-ul-lublanska.webp
Kraków Zabłocie,ul. Tadeusza Romanowicza,2,30,799000,26633,bez pośredników,,20,https://adresowo.pl/o/mieszkanie-krakow-zablocie-ul-tadeusza-romanowicza-2-pokojowe-p1z3l0,https://s2.adresowa.pl/oi/64/5d/3d5110_b8d2_cover@2x-2-pokojowe-mieszkanie-krakow-zablocie-ul-tadeusza-romanowicza.webp
Kraków Dębniki,ul. Czerwone Maki,2,46,780000,16957,bez pośredników,,11,https://adresowo.pl/o/mieszkanie-krakow-debniki-ul-czerwone-maki-2-pokojowe-c7z5m2,https://s2.adresowa.pl/oi/5f/76/3d468a_ca3c_cover@2x-2-pokojowe-mieszkanie-krakow-debniki-ul-czerwone-maki.webp
Kraków Krowodrza,ul. Racławicka,2,41,745000,18171,bez pośredników,,10,https://adresowo.pl/o/mieszkanie-krakow-krowodrza-ul-raclawicka-2-pokojowe-s0x6y3,https://s2.adresowa.pl/oi/5c/2e/3d3ecc_8992_cover@2x-2-pokojowe-mieszkanie-krakow-krowodrza-ul-raclawicka.webp
Kraków Łagiewniki-Borek Fałęcki,ul. Zdunów,2,47,750000,15957,Pośrednik,,36,https://adresowo.pl/o/mieszkanie-krakow-lagiewniki-borek-falecki-ul-zdunow-2-pokojowe-f0t0g9,https://s2.adresowa.pl/oi/50/79/3df1b0_46ab_cover@2x-2-pokojowe-mieszkanie-krakow-lagiewniki-borek-falecki-ul-zdunow.webp
Kraków Prądnik Czerwony,ul. Śliczna,2,49,699000,14265,Pośrednik,,16,https://adresowo.pl/o/mieszkanie-krakow-pradnik-czerwony-ul-sliczna-2-pokojowe-d1i1s8,https://s2.adresowa.pl/oi/71/73/3dedbc_8028_cover@2x-2-pokojowe-mieszkanie-krakow-pradnik-czerwony-ul-sliczna.webp
Kraków Borek Fałęcki,ul. Józefa Montwiłła-Mireckiego,1,32,479000,14969,bez pośredników,,20,https://adresowo.pl/o/mieszkanie-krakow-borek-falecki-ul-jozefa-montwilla-mireckiego-1-pokoj-r8x5p0,https://s2.adresowa.pl/oi/40/60/3d38ea_94aa_cover@2x-1-pokojowe-mieszkanie-krakow-borek-falecki-ul-jozefa-montwilla-mireckiego.webp
Kraków Prądnik Biały,ul. Władysława Łokietka,2,39,644000,16513,bez pośredników,,17,https://adresowo.pl/o/mieszkanie-krakow-pradnik-bialy-ul-wladyslawa-lokietka-2-pokojowe-k2l6i3,https://s2.adresowa.pl/oi/33/20/3d3652_feac_cover@2x-2-pokojowe-mieszkanie-krakow-pradnik-bialy-ul-wladyslawa-lokietka.webp
Kraków Podgórze,ul. Andrzeja Potebni,1,40,659000,16475,bez pośredników,,8,https://adresowo.pl/o/mieszkanie-krakow-podgorze-ul-andrzeja-potebni-1-pokoj-y7e5z5,https://s2.adresowa.pl/oi/29/7e/3d33b6_4913_cover@2x-1-pokojowe-mieszkanie-krakow-podgorze-ul-andrzeja-potebni.webp
Kraków Prądnik Biały,ul. abp. Zygmunta Szczęsnego Felińskiego,2,38,614000,16158,Pośrednik,,16,https://adresowo.pl/o/mieszkanie-krakow-pradnik-bialy-ul-abp-zygmunta-szczesnego-felinskiego-2-pokojowe-u5z0t6,https://s2.adresowa.pl/oi/60/61/3deb1c_d5aa_cover@2x-2-pokojowe-mieszkanie-krakow-pradnik-bialy-ul-abp-zygmunta-szczesnego-felinskiego.webp
Kraków Krowodrza,ul. Poznańska,2,56,977200,17450,Pośrednik,,18,https://adresowo.pl/o/mieszkanie-krakow-krowodrza-ul-poznanska-2-pokojowe-k2l2x9,https://s2.adresowa.pl/oi/4d/41/3de8f4_7cc5_cover@2x-2-pokojowe-mieszkanie-krakow-krowodrza-ul-poznanska.webp
Kraków Czyżyny,ul. Bolesława Orlińskiego,2,48,749000,15604,bez pośredników,,12,https://adresowo.pl/o/mieszkanie-krakow-czyzyny-ul-boleslawa-orlinskiego-2-pokojowe-y2e0a0,https://s2.adresowa.pl/oi/1b/5a/3d25c0_7628_cover@2x-2-pokojowe-mieszkanie-krakow-czyzyny-ul-boleslawa-orlinskiego.webp
Kraków Podgórze,ul. Ignacego Krasickiego,2,38,825000,21711,bez pośredników,,10,https://adresowo.pl/o/mieszkanie-krakow-podgorze-ul-ignacego-krasickiego-2-pokojowe-d8l3e7,https://s2.adresowa.pl/oi/22/6b/3d218c_b38c_cover@2x-2-pokojowe-mieszkanie-krakow-podgorze-ul-ignacego-krasickiego.webp
Kraków Podgórze,ul. Myśliwska,2,41,800000,19512,bez pośredników,,8,https://adresowo.pl/o/mieszkanie-krakow-podgorze-ul-mysliwska-2-pokojowe-b2z1i9,https://s2.adresowa.pl/oi/4e/35/3d2152_3406_cover@2x-2-pokojowe-mieszkanie-krakow-podgorze-ul-mysliwska.webp
Kraków Stare Miasto,ul. Kremerowska,1,34,489000,14382,Pośrednik,,15,https://adresowo.pl/o/mieszkanie-krakow-stare-miasto-ul-kremerowska-1-pokoj-m9d3v3,https://s2.adresowa.pl/oi/49/1a/3de220_ef1a_cover@2x-1-pokojowe-mieszkanie-krakow-stare-miasto-ul-kremerowska.webp
Kraków Kurdwanów,ul. Cechowa,3,43,720000,16744,Pośrednik,,12,https://adresowo.pl/o/mieszkanie-krakow-kurdwanow-ul-cechowa-3-pokojowe-d1o7f1,https://s2.adresowa.pl/oi/43/6d/3de208_e397_cover@2x-3-pokojowe-mieszkanie-krakow-kurdwanow-ul-cechowa.webp
Kraków Stare Miasto,ul. Krupnicza,2,52,1014000,19500,bez pośredników,,7,https://adresowo.pl/o/mieszkanie-krakow-stare-miasto-ul-krupnicza-2-pokojowe-h7v3y8,https://s2.adresowa.pl/oi/6f/6b/3d1d82_5074_cover@2x-2-pokojowe-mieszkanie-krakow-stare-miasto-ul-krupnicza.webp
Kraków Śródmieście,ul. Smoleńsk,3,75,1300000,17333,bez pośredników,,4,https://adresowo.pl/o/mieszkanie-krakow-srodmiescie-ul-smolensk-3-pokojowe-b5h8u8,https://s2.adresowa.pl/oi/6f/45/3d0e4c_c3be_cover@2x-3-pokojowe-mieszkanie-krakow-srodmiescie-ul-smolensk.webp
Kraków Dębniki,ul. Słomiana,3,57,839000,14719,bez pośredników,,12,https://adresowo.pl/o/mieszkanie-krakow-debniki-ul-slomiana-3-pokojowe-m3h5t8,https://s2.adresowa.pl/oi/35/5a/3d0ae6_d366_cover@2x-3-pokojowe-mieszkanie-krakow-debniki-ul-slomiana.webp
Kraków Bieńczyce,os. Na Lotnisku,2,43,545000,12674,Pośrednik,,9,https://adresowo.pl/o/mieszkanie-krakow-bienczyce-os-na-lotnisku-2-pokojowe-e2r0d0,https://s2.adresowa.pl/oi/2f/59/3de134_59ed_cover@2x-2-pokojowe-mieszkanie-krakow-bienczyce-os-na-lotnisku.webp
Kraków Prądnik Biały,ul. Siewna,5,135,1950000,14444,Pośrednik,,4,https://adresowo.pl/o/mieszkanie-krakow-pradnik-bialy-ul-siewna-5-pokojowe-a8t5s4,https://s2.adresowa.pl/oi/1b/1e/3ddf66_d8f4_cover@2x-5-pokojowe-mieszkanie-krakow-pradnik-bialy-ul-siewna.webp
Kraków Nowa Huta,os. Urocze,1,31,469000,15129,bez pośredników,,10,https://adresowo.pl/o/mieszkanie-krakow-nowa-huta-os-urocze-1-pokoj-w4b3n3,https://s2.adresowa.pl/oi/24/32/3d03ec_4df4_cover@2x-1-pokojowe-mieszkanie-krakow-nowa-huta-os-urocze.webp
Kraków Grzegórzki,al. Pokoju,2,27,539000,19963,bez pośredników,,16,https://adresowo.pl/o/mieszkanie-krakow-grzegorzki-al-pokoju-2-pokojowe-n3v3x4,https://s2.adresowa.pl/oi/7a/43/3cfd7e_ec87_cover@2x-2-pokojowe-mieszkanie-krakow-grzegorzki-al-pokoju.webp
Kraków Krowodrza,ul. Racławicka,1,27,490000,18148,bez pośredników,,1,https://adresowo.pl/o/mieszkanie-krakow-krowodrza-ul-raclawicka-1-pokoj-u4u6m8,https://s2.adresowa.pl/oi/7f/5d/3cf8a4_d7c7_cover@2x-1-pokojowe-mieszkanie-krakow-krowodrza-ul-raclawicka.webp
Kraków Bronowice,ul. Eljasza Walerego Radzikowskiego,3,70,1060000,15143,Pośrednik,,29,https://adresowo.pl/o/mieszkanie-krakow-bronowice-ul-eljasza-walerego-radzikowskiego-3-pokojowe-b4n5s3,https://s2.adresowa.pl/oi/33/24/3ddde0_7e6c_cover@2x-3-pokojowe-mieszkanie-krakow-bronowice-ul-eljasza-walerego-radzikowskiego.webp
Kraków Prądnik Biały,ul. Piaszczysta,2,38,565241,14875,Pośrednik,,5,https://adresowo.pl/o/mieszkanie-krakow-pradnik-bialy-ul-piaszczysta-2-pokojowe-o0t6s9,https://s2.adresowa.pl/oi/13/67/3ddd14_7016_cover@2x-2-pokojowe-mieszkanie-krakow-pradnik-bialy-ul-piaszczysta.webp
Kraków Kliny,ul. Anny Szwed-Śniadowskiej,1,36,499000,13861,bez pośredników,,9,https://adresowo.pl/o/mieszkanie-krakow-kliny-ul-anny-szwed-sniadowskiej-1-pokoj-r9r1k0,https://s2.adresowa.pl/oi/50/62/3cec98_2d52_cover@2x-1-pokojowe-mieszkanie-krakow-kliny-ul-anny-szwed-sniadowskiej.webp
Kraków Prądnik Biały,ul. Władysława Syrokomli,5,106,1798000,16962,bez pośredników,,20,https://adresowo.pl/o/mieszkanie-krakow-pradnik-bialy-ul-wladyslawa-syrokomli-5-pokojowe-w4x8m1,https://s2.adresowa.pl/oi/53/50/3ce6f6_750a_cover@2x-5-pokojowe-mieszkanie-krakow-pradnik-bialy-ul-wladyslawa-syrokomli.webp
Kraków Salwator,ul. Królowej Jadwigi,2,33,675000,20455,bez pośredników,,8,https://adresowo.pl/o/mieszkanie-krakow-salwator-ul-krolowej-jadwigi-2-pokojowe-p1h1g5,https://s2.adresowa.pl/oi/34/2d/3cd2ba_da61_cover@2x-2-pokojowe-mieszkanie-krakow-salwator-ul-krolowej-jadwigi.webp
Kraków Kurdwanów,ul. Wincentego Witosa,2,37,550700,14884,Pośrednik,,13,https://adresowo.pl/o/mieszkanie-krakow-kurdwanow-ul-wincentego-witosa-2-pokojowe-a7y3y1,https://s2.adresowa.pl/oi/11/71/3dd752_53a3_cover@2x-2-pokojowe-mieszkanie-krakow-kurdwanow-ul-wincentego-witosa.webp
Kraków Wola Justowska,ul. Olszanicka,4,102,1683000,16500,Pośrednik,,21,https://adresowo.pl/o/mieszkanie-krakow-wola-justowska-ul-olszanicka-4-pokojowe-u2j0j1,https://s2.adresowa.pl/oi/32/5e/3dd4e2_656f_cover@2x-4-pokojowe-mieszkanie-krakow-wola-justowska-ul-olszanicka.webp
Kraków,Mistrzejowice,3,80,748000,9350,bez pośredników,,12,https://adresowo.pl/o/mieszkanie-krakow-mistrzejowice-3-pokojowe-80-m2-h0f7l5,https://s2.adresowa.pl/oi/52/35/3ccbe2_62a2_cover@2x-3-pokojowe-mieszkanie-krakow-mistrzejowice.webp
Kraków Dębniki,ul. Borkowska,1,29,449000,15483,bez pośredników,,8,https://adresowo.pl/o/mieszkanie-krakow-debniki-ul-borkowska-1-pokoj-k5s1h3,https://s2.adresowa.pl/oi/22/10/3cc66c_b73b_cover@2x-1-pokojowe-mieszkanie-krakow-debniki-ul-borkowska.webp
Kraków Bieńczyce,os. Na Wzgórzach,1,27,390000,14444,bez pośredników,,8,https://adresowo.pl/o/mieszkanie-krakow-bienczyce-os-na-wzgorzach-1-pokoj-b8e3t6,https://s2.adresowa.pl/oi/49/3a/3cc4c6_f50f_cover@2x-1-pokojowe-mieszkanie-krakow-bienczyce-os-na-wzgorzach.webp
Kraków Grzegórzki,ul. płk. pil. Stefana Łaszkiewicza 88,2,36,790000,21944,Pośrednik,,31,https://adresowo.pl/o/mieszkanie-krakow-grzegorzki-ul-plk-pil-stefana-laszkiewicza-2-pokojowe-k3c3b4,https://s2.adresowa.pl/oi/15/57/3dca90_8245_cover@2x-2-pokojowe-mieszkanie-krakow-grzegorzki-ul-plk-pil-stefana-laszkiewicza.webp
Kraków Dębniki,ul. Borkowska,2,46,639000,13891,Pośrednik,,32,https://adresowo.pl/o/mieszkanie-krakow-debniki-ul-borkowska-2-pokojowe-f3j6z9,https://s2.adresowa.pl/oi/3e/44/3dc96c_c355_cover@2x-2-pokojowe-mieszkanie-krakow-debniki-ul-borkowska.webp
Kraków Nowa Huta,os. Bohaterów Września,3,66,855000,12955,bez pośredników,,2,https://adresowo.pl/o/mieszkanie-krakow-nowa-huta-os-bohaterow-wrzesnia-3-pokojowe-w9q6e6,https://s2.adresowa.pl/oi/38/1f/3cabcc_6a61_cover@2x-3-pokojowe-mieszkanie-krakow-nowa-huta-os-bohaterow-wrzesnia.webp
Kraków Krowodrza,ul. Władysława Łokietka,3,53,850000,16038,bez pośredników,,10,https://adresowo.pl/o/mieszkanie-krakow-krowodrza-ul-wladyslawa-lokietka-3-pokojowe-h4j3h3,https://s2.adresowa.pl/oi/24/1d/3ca6c0_bd54_cover@2x-3-pokojowe-mieszkanie-krakow-krowodrza-ul-wladyslawa-lokietka.webp
Kraków Podgórze Duchackie,ul. Włoska,2,53,910000,17170,bez pośredników,,15,https://adresowo.pl/o/mieszkanie-krakow-podgorze-duchackie-ul-wloska-2-pokojowe-l8r2m4,https://s2.adresowa.pl/oi/1c/21/3ca072_8e4e_cover@2x-2-pokojowe-mieszkanie-krakow-podgorze-duchackie-ul-wloska.webp
Kraków Kliny,ul. bpa Albina Małysiaka,3,72,970000,13472,Pośrednik,,38,https://adresowo.pl/o/mieszkanie-krakow-kliny-ul-bpa-albina-malysiaka-3-pokojowe-x0c6i4,https://s2.adresowa.pl/oi/6d/44/3dc248_e985_cover@2x-3-pokojowe-mieszkanie-krakow-kliny-ul-bpa-albina-malysiaka.webp
Kraków Grzegórzki,ul. Grzegórzecka,2,48,1075500,22406,Pośrednik,,16,https://adresowo.pl/o/mieszkanie-krakow-grzegorzki-ul-grzegorzecka-2-pokojowe-b7p4y9,https://s2.adresowa.pl/oi/42/5c/3dbf08_cd0b_cover@2x-2-pokojowe-mieszkanie-krakow-grzegorzki-ul-grzegorzecka.webp
Kraków,Grzegórzki,2,23,360000,15652,bez pośredników,,8,https://adresowo.pl/o/mieszkanie-krakow-grzegorzki-2-pokojowe-23-m2-w9i2k5,https://s2.adresowa.pl/oi/70/22/3c988e_951d_cover@2x-2-pokojowe-mieszkanie-krakow-grzegorzki.webp
Kraków Dębniki,ul. Jana Gutenberga,1,38,529000,13921,bez pośredników,,7,https://adresowo.pl/o/mieszkanie-krakow-debniki-ul-jana-gutenberga-1-pokoj-r6q5h3,https://s2.adresowa.pl/oi/5b/5b/3c92ee_63d1_cover@2x-1-pokojowe-mieszkanie-krakow-debniki-ul-jana-gutenberga.webp
Kraków Grzegórzki,ul. Janusza Meissnera,2,43,665000,15465,bez pośredników,,6,https://adresowo.pl/o/mieszkanie-krakow-grzegorzki-ul-janusza-meissnera-2-pokojowe-a1q4w1,https://s2.adresowa.pl/oi/22/6b/3c8b6c_a521_cover@2x-2-pokojowe-mieszkanie-krakow-grzegorzki-ul-janusza-meissnera.webp
Kraków Wzgórza Krzesławickie,os. Na Wzgórzach,2,51,629000,12333,Pośrednik,,9,https://adresowo.pl/o/mieszkanie-krakow-wzgorza-krzeslawickie-os-na-wzgorzach-2-pokojowe-q8b1q7,https://s2.adresowa.pl/oi/39/32/3dbd9e_e2e2_cover@2x-2-pokojowe-mieszkanie-krakow-wzgorza-krzeslawickie-os-na-wzgorzach.webp
Kraków Krowodrza,ul. Juliusza Lea,2,41,1049000,25585,Pośrednik,,6,https://adresowo.pl/o/mieszkanie-krakow-krowodrza-ul-juliusza-lea-2-pokojowe-x3a0m6,https://s2.adresowa.pl/oi/20/25/3db6b4_f99d_cover@2x-2-pokojowe-mieszkanie-krakow-krowodrza-ul-juliusza-lea.webp
Kraków Ruczaj,ul. Obozowa,3,62,860000,13871,bez pośredników,,8,https://adresowo.pl/o/mieszkanie-krakow-ruczaj-ul-obozowa-3-pokojowe-d1t8k0,https://s2.adresowa.pl/oi/16/73/3c7df0_58e5_cover@2x-3-pokojowe-mieszkanie-krakow-ruczaj-ul-obozowa.webp
Kraków Podgórze Duchackie,ul. Trybuny Ludów,3,52,1200000,23077,bez pośredników,,8,https://adresowo.pl/o/mieszkanie-krakow-podgorze-duchackie-ul-trybuny-ludow-3-pokojowe-l8s8v8,https://s2.adresowa.pl/oi/10/52/3c79ae_b5a4_cover@2x-3-pokojowe-mieszkanie-krakow-podgorze-duchackie-ul-trybuny-ludow.webp
Kraków Dąbie,al. Pokoju,2,34,549000,16147,bez pośredników,,5,https://adresowo.pl/o/mieszkanie-krakow-dabie-al-pokoju-2-pokojowe-o2t2m4,https://s2.adresowa.pl/oi/73/7d/3c7768_aeb4_cover@2x-2-pokojowe-mieszkanie-krakow-dabie-al-pokoju.webp
Kraków Podgórze,ul. Koszykarska,3,61,999000,16377,Pośrednik,,35,https://adresowo.pl/o/mieszkanie-krakow-podgorze-ul-koszykarska-3-pokojowe-l3n3k1,https://s2.adresowa.pl/oi/5c/56/3daa64_50a9_cover@2x-3-pokojowe-mieszkanie-krakow-podgorze-ul-koszykarska.webp
Kraków,ul. Okólna,2,37,400000,10811,Pośrednik,,15,https://adresowo.pl/o/mieszkanie-krakow-ul-okolna-2-pokojowe-a1z8b7,https://s2.adresowa.pl/oi/41/14/3daa4c_8140_cover@2x-2-pokojowe-mieszkanie-krakow-ul-okolna.webp
Kraków Bronowice,ul. Stelmachów,2,44,749990,17045,bez pośredników,,20,https://adresowo.pl/o/mieszkanie-krakow-bronowice-ul-stelmachow-2-pokojowe-g9p8q9,https://s2.adresowa.pl/oi/4a/71/3ee6b0_8651_cover@2x-2-pokojowe-mieszkanie-krakow-bronowice-ul-stelmachow.webp
Kraków,ul. Zachodnia,2,56,1150000,20536,bez pośredników,,8,https://adresowo.pl/o/mieszkanie-krakow-ul-zachodnia-2-pokojowe-x4z4r9,https://s2.adresowa.pl/oi/35/5c/3c7350_95f0_cover@2x-2-pokojowe-mieszkanie-krakow-ul-zachodnia.webp
Kraków Krowodrza,ul. Wrocławska,3,60,900000,15000,bez pośredników,,9,https://adresowo.pl/o/mieszkanie-krakow-krowodrza-ul-wroclawska-3-pokojowe-d9c0j4,https://s2.adresowa.pl/oi/3f/60/3c656c_8317_cover@2x-3-pokojowe-mieszkanie-krakow-krowodrza-ul-wroclawska.webp
Kraków Kazimierz,ul. Brzozowa,1,29,650000,22414,bez pośredników,,19,https://adresowo.pl/o/mieszkanie-krakow-kazimierz-ul-brzozowa-1-pokoj-i0w7l0,https://s2.adresowa.pl/oi/33/48/3c6490_53da_cover@2x-1-pokojowe-mieszkanie-krakow-kazimierz-ul-brzozowa.webp
Kraków Śródmieście,ul. Stanisława Staszica,3,70,1050000,15000,Pośrednik,,7,https://adresowo.pl/o/mieszkanie-krakow-srodmiescie-ul-stanislawa-staszica-3-pokojowe-d2b9v2,https://s2.adresowa.pl/oi/29/6e/3da94e_3617_cover@2x-3-pokojowe-mieszkanie-krakow-srodmiescie-ul-stanislawa-staszica.webp
Kraków,,3,90,1124555,12495,Pośrednik,,3,https://adresowo.pl/o/mieszkanie-krakow-3-pokojowe-90-m2-i5s4q5,https://s2.adresowa.pl/oi/60/57/3da93c_844f_cover@2x-3-pokojowe-mieszkanie-krakow.webp
Kraków Wawel,ul. Monte Cassino,2,60,1890000,31500,bez pośredników,,11,https://adresowo.pl/o/mieszkanie-krakow-wawel-ul-monte-cassino-2-pokojowe-g3f3g0,https://s2.adresowa.pl/oi/22/75/3c60c4_2dae_cover@2x-2-pokojowe-mieszkanie-krakow-wawel-ul-monte-cassino.webp
Kraków Dąbie,ul. Widok,2,45,599000,13311,bez pośredników,,8,https://adresowo.pl/o/mieszkanie-krakow-dabie-ul-widok-2-pokojowe-h3o0f9,https://s2.adresowa.pl/oi/5f/1e/3c49d8_49b3_cover@2x-2-pokojowe-mieszkanie-krakow-dabie-ul-widok.webp
Kraków,Nowa Huta,1,37,609000,16459,bez pośredników,,19,https://adresowo.pl/o/mieszkanie-krakow-nowa-huta-1-pokoj-37-m2-t9b8a2,https://s2.adresowa.pl/oi/3b/58/3c3eb8_cadf_cover@2x-1-pokojowe-mieszkanie-krakow-nowa-huta.webp
Kraków Śródmieście,ul. Krowoderska,3,60,1299000,21650,Pośrednik,,12,https://adresowo.pl/o/mieszkanie-krakow-srodmiescie-ul-krowoderska-3-pokojowe-r5e8k7,https://s2.adresowa.pl/oi/62/56/3da932_d6be_cover@2x-3-pokojowe-mieszkanie-krakow-srodmiescie-ul-krowoderska.webp
Kraków Stare Miasto,ul. Helclów,2,35,499000,14257,Pośrednik,,7,https://adresowo.pl/o/mieszkanie-krakow-stare-miasto-ul-helclow-2-pokojowe-m5j6b5,https://s2.adresowa.pl/oi/3d/62/3da916_6999_cover@2x-2-pokojowe-mieszkanie-krakow-stare-miasto-ul-helclow.webp
Kraków Górka Narodowa,ul. Papierni Prądnickich,2,34,686000,20176,bez pośredników,,15,https://adresowo.pl/o/mieszkanie-krakow-gorka-narodowa-ul-papierni-pradnickich-2-pokojowe-z4f6v9,https://s2.adresowa.pl/oi/39/22/3c36ca_b74d_cover@2x-2-pokojowe-mieszkanie-krakow-gorka-narodowa-ul-papierni-pradnickich.webp
Kraków Prądnik Biały,ul. Władysława Łokietka,3,54,955000,17685,bez pośredników,,15,https://adresowo.pl/o/mieszkanie-krakow-pradnik-bialy-ul-wladyslawa-lokietka-3-pokojowe-z1h0m0,https://s2.adresowa.pl/oi/11/1f/3c34ee_8b07_cover@2x-3-pokojowe-mieszkanie-krakow-pradnik-bialy-ul-wladyslawa-lokietka.webp
Kraków Prądnik Czerwony,ul. Dobrego Pasterza,3,55,849000,15436,bez pośredników,,8,https://adresowo.pl/o/mieszkanie-krakow-pradnik-czerwony-ul-dobrego-pasterza-3-pokojowe-q9l0f0,https://s2.adresowa.pl/oi/3c/7b/3c33c8_6979_cover@2x-3-pokojowe-mieszkanie-krakow-pradnik-czerwony-ul-dobrego-pasterza.webp
Kraków,ul. Siewna,4,91,1049470,11533,Pośrednik,,5,https://adresowo.pl/o/mieszkanie-krakow-ul-siewna-4-pokojowe-r5u5d3,https://s2.adresowa.pl/oi/20/17/3da906_f9e9_cover@2x-4-pokojowe-mieszkanie-krakow-ul-siewna.webp
Kraków,,2,51,786252,15417,Pośrednik,,3,https://adresowo.pl/o/mieszkanie-krakow-2-pokojowe-51-m2-j4s4c2,https://s2.adresowa.pl/oi/43/29/3da8d6_f755_cover@2x-2-pokojowe-mieszkanie-krakow.webp
Kraków Krowodrza,ul. Królewska,2,52,798000,15346,bez pośredników,,20,https://adresowo.pl/o/mieszkanie-krakow-krowodrza-ul-krolewska-2-pokojowe-r6u7f9,https://s2.adresowa.pl/oi/36/41/3c309a_ce4c_cover@2x-2-pokojowe-mieszkanie-krakow-krowodrza-ul-krolewska.webp
Kraków Śródmieście,ul. Wiśniowa,2,52,699000,13442,bez pośredników,,9,https://adresowo.pl/o/mieszkanie-krakow-srodmiescie-ul-wisniowa-2-pokojowe-q3n2e7,https://s2.adresowa.pl/oi/7d/46/3c2b42_f438_cover@2x-2-pokojowe-mieszkanie-krakow-srodmiescie-ul-wisniowa.webp
Kraków Grzegórzki,ul. Kielecka,3,95,2100000,22105,bez pośredników,,5,https://adresowo.pl/o/mieszkanie-krakow-grzegorzki-ul-kielecka-3-pokojowe-d4m4o8,https://s2.adresowa.pl/oi/37/3f/3c1c30_f97e_cover@2x-3-pokojowe-mieszkanie-krakow-grzegorzki-ul-kielecka.webp
Kraków,ul. Dobrego Pasterza,3,72,862000,11972,Pośrednik,,5,https://adresowo.pl/o/mieszkanie-krakow-ul-dobrego-pasterza-3-pokojowe-a8f6e2,https://s2.adresowa.pl/oi/69/3a/3da8bc_3269_cover@2x-3-pokojowe-mieszkanie-krakow-ul-dobrego-pasterza.webp
Kraków,,4,85,1165500,13712,Pośrednik,,4,https://adresowo.pl/o/mieszkanie-krakow-4-pokojowe-85-m2-j1q5y9,https://s2.adresowa.pl/oi/34/68/3da89c_aa43_cover@2x-4-pokojowe-mieszkanie-krakow.webp
Kraków Nowa Huta,os. Zielone,1,20,370000,18500,bez pośredników,,8,https://adresowo.pl/o/mieszkanie-krakow-nowa-huta-os-zielone-1-pokoj-e6g7w5,https://s2.adresowa.pl/oi/3b/2a/3c1ae8_3f82_cover@2x-1-pokojowe-mieszkanie-krakow-nowa-huta-os-zielone.webp
Kraków Bieżanów,ul. por. Halszki,3,62,319000,5145,bez pośredników,,8,https://adresowo.pl/o/mieszkanie-krakow-biezanow-ul-por-halszki-3-pokojowe-s1j0f7,https://s2.adresowa.pl/oi/10/79/3c1aaa_872f_cover@2x-3-pokojowe-mieszkanie-krakow-biezanow-ul-por-halszki.webp
Kraków Mistrzejowice,os. Bohaterów Września,1,20,295000,14750,bez pośredników,,4,https://adresowo.pl/o/mieszkanie-krakow-mistrzejowice-os-bohaterow-wrzesnia-1-pokoj-l4z0o2,https://s2.adresowa.pl/oi/68/52/3c1a58_396f_cover@2x-1-pokojowe-mieszkanie-krakow-mistrzejowice-os-bohaterow-wrzesnia.webp
Kraków,,2,68,894360,13152,Pośrednik,,3,https://adresowo.pl/o/mieszkanie-krakow-2-pokojowe-68-m2-v7p4j4,https://s2.adresowa.pl/oi/3c/57/3da7d8_4ad3_cover@2x-2-pokojowe-mieszkanie-krakow.webp
Kraków,,3,71,917450,12922,Pośrednik,,3,https://adresowo.pl/o/mieszkanie-krakow-3-pokojowe-71-m2-u0b5s5,https://s2.adresowa.pl/oi/55/28/3da7d6_6c77_cover@2x-3-pokojowe-mieszkanie-krakow.webp
Kraków Prądnik Czerwony,al. 29 Listopada,3,75,899000,11987,bez pośredników,,19,https://adresowo.pl/o/mieszkanie-krakow-pradnik-czerwony-al-29-listopada-3-pokojowe-q1r0c0,https://s2.adresowa.pl/oi/42/52/3c1a44_a8d3_cover@2x-3-pokojowe-mieszkanie-krakow-pradnik-czerwony-al-29-listopada.webp
Kraków Prądnik Czerwony,al. 29 Listopada,1,19,265000,13947,bez pośredników,,2,https://adresowo.pl/o/mieszkanie-krakow-pradnik-czerwony-al-29-listopada-1-pokoj-k3f4s1,https://s2.adresowa.pl/oi/48/2e/3c1a18_28ae_cover@2x-1-pokojowe-mieszkanie-krakow-pradnik-czerwony-al-29-listopada.webp
Kraków,Prądnik Czerwony,3,49,650000,13265,bez pośredników,,8,https://adresowo.pl/o/mieszkanie-krakow-pradnik-czerwony-3-pokojowe-49-m2-b3e4u7,https://s2.adresowa.pl/oi/51/50/3c1934_c07e_cover@2x-3-pokojowe-mieszkanie-krakow-pradnik-czerwony.webp
Kraków,,1,32,556700,17397,Pośrednik,,4,https://adresowo.pl/o/mieszkanie-krakow-1-pokoj-32-m2-c1d4v7,https://s2.adresowa.pl/oi/3e/30/3da780_6275_cover@2x-1-pokojowe-mieszkanie-krakow.webp
Kraków,,3,62,958400,15458,Pośrednik,,4,https://adresowo.pl/o/mieszkanie-krakow-3-pokojowe-62-m2-e4h7f4,https://s2.adresowa.pl/oi/3f/60/3da77c_dfde_cover@2x-3-pokojowe-mieszkanie-krakow.webp
Kraków Grzegórzki,ul. Bajeczna,3,47,650000,13830,bez pośredników,,12,https://adresowo.pl/o/mieszkanie-krakow-grzegorzki-ul-bajeczna-3-pokojowe-o0r2f4,https://s2.adresowa.pl/oi/3c/3e/3c16e6_6bf4_cover@2x-3-pokojowe-mieszkanie-krakow-grzegorzki-ul-bajeczna.webp
Kraków Prądnik Biały,ul. Józefa Wybickiego,1,26,560000,21538,bez pośredników,,7,https://adresowo.pl/o/mieszkanie-krakow-pradnik-bialy-ul-jozefa-wybickiego-1-pokoj-w1h3a7,https://s2.adresowa.pl/oi/3a/77/3b9842_a1b7_cover@2x-1-pokojowe-mieszkanie-krakow-pradnik-bialy-ul-jozefa-wybickiego.webp
Kraków,Dębniki,1,29,519000,17897,bez pośredników,,8,https://adresowo.pl/o/mieszkanie-krakow-debniki-1-pokoj-29-m2-k6v5b7,https://s2.adresowa.pl/oi/7e/74/3bd3ba_9372_cover@2x-1-pokojowe-mieszkanie-krakow-debniki.webp
Kraków,,2,40,623800,15595,Pośrednik,,4,https://adresowo.pl/o/mieszkanie-krakow-2-pokojowe-40-m2-l1t9y2,https://s2.adresowa.pl/oi/2e/75/3da77a_8cad_cover@2x-2-pokojowe-mieszkanie-krakow.webp
Kraków,Zabłocie,3,58,931890,16067,Pośrednik,,4,https://adresowo.pl/o/mieszkanie-krakow-zablocie-3-pokojowe-58-m2-f3k3i7,https://s2.adresowa.pl/oi/43/2e/3da724_a36e_cover@2x-3-pokojowe-mieszkanie-krakow-zablocie.webp
Kraków Zwierzyniec,ul. Piotra Borowego,3,61,1455000,23852,bez pośredników,,9,https://adresowo.pl/o/mieszkanie-krakow-zwierzyniec-ul-piotra-borowego-3-pokojowe-f7g9r1,https://s2.adresowa.pl/oi/28/54/3bce68_7ac6_cover@2x-3-pokojowe-mieszkanie-krakow-zwierzyniec-ul-piotra-borowego.webp
Kraków Śródmieście,ul. Wincentego Pola,3,65,1600000,24615,bez pośredników,,23,https://adresowo.pl/o/mieszkanie-krakow-srodmiescie-ul-wincentego-pola-3-pokojowe-p4t7o0,https://s2.adresowa.pl/oi/4f/34/3bc91e_8d97_cover@2x-3-pokojowe-mieszkanie-krakow-srodmiescie-ul-wincentego-pola.webp
Kraków Ruczaj,ul. Pszczelna,3,59,885928,15016,bez pośredników,,16,https://adresowo.pl/o/mieszkanie-krakow-ruczaj-ul-pszczelna-3-pokojowe-e6j5u4,https://s2.adresowa.pl/oi/57/3d/3bb392_fdf2_cover@2x-3-pokojowe-mieszkanie-krakow-ruczaj-ul-pszczelna.webp
Kraków Bieńczyce,os. Wysokie,2,38,525000,13816,Pośrednik,,10,https://adresowo.pl/o/mieszkanie-krakow-bienczyce-os-wysokie-2-pokojowe-q8e1b1,https://s2.adresowa.pl/oi/65/1f/3da0e2_a01d_cover@2x-2-pokojowe-mieszkanie-krakow-bienczyce-os-wysokie.webp
Kraków Nowa Huta,os. Stalowe,2,40,520000,13000,Pośrednik,,23,https://adresowo.pl/o/mieszkanie-krakow-nowa-huta-os-stalowe-2-pokojowe-h8m6p7,https://s2.adresowa.pl/oi/76/1a/3d98ea_7917_cover@2x-2-pokojowe-mieszkanie-krakow-nowa-huta-os-stalowe.webp
Kraków Bronowice Małe,ul. Jabłonkowska,3,56,816930,14588,bez pośredników,,21,https://adresowo.pl/o/mieszkanie-krakow-bronowice-male-ul-jablonkowska-3-pokojowe-e4p4w1,https://s2.adresowa.pl/oi/64/4d/3bb35a_9b10_cover@2x-3-pokojowe-mieszkanie-krakow-bronowice-male-ul-jablonkowska.webp
Kraków Azory,ul. Eljasza Walerego Radzikowskiego,3,64,1299000,20297,bez pośredników,,6,https://adresowo.pl/o/mieszkanie-krakow-azory-ul-eljasza-walerego-radzikowskiego-3-pokojowe-s4x6f3,https://s2.adresowa.pl/oi/3e/45/3b793e_7e50_cover@2x-3-pokojowe-mieszkanie-krakow-azory-ul-eljasza-walerego-radzikowskiego.webp
Kraków Prądnik Biały,ul. Adama Vetulaniego,3,51,800000,15686,bez pośredników,,8,https://adresowo.pl/o/mieszkanie-krakow-pradnik-bialy-ul-adama-vetulaniego-3-pokojowe-g0l3y1,https://s2.adresowa.pl/oi/62/1c/3b78e8_7c2a_cover@2x-3-pokojowe-mieszkanie-krakow-pradnik-bialy-ul-adama-vetulaniego.webp
Kraków Zwierzyniec,al. Zygmunta Krasińskiego,2,47,689000,14660,Pośrednik,,14,https://adresowo.pl/o/mieszkanie-krakow-zwierzyniec-al-zygmunta-krasinskiego-2-pokojowe-z8a9a9,https://s2.adresowa.pl/oi/77/5c/3d9830_5ee8_cover@2x-2-pokojowe-mieszkanie-krakow-zwierzyniec-al-zygmunta-krasinskiego.webp
Kraków Łagiewniki,ul. Cechowa,3,57,827541,14518,Pośrednik,,11,https://adresowo.pl/o/mieszkanie-krakow-lagiewniki-ul-cechowa-3-pokojowe-q6v6i4,https://s2.adresowa.pl/oi/23/40/3d9102_b978_cover@2x-3-pokojowe-mieszkanie-krakow-lagiewniki-ul-cechowa.webp
Kraków Śródmieście,ul. Marii Skłodowskiej-Curie,3,54,1130000,20926,bez pośredników,,20,https://adresowo.pl/o/mieszkanie-krakow-srodmiescie-ul-marii-sklodowskiej-curie-3-pokojowe-o4g0k8,https://s2.adresowa.pl/oi/1b/45/3b7790_b5df_cover@2x-3-pokojowe-mieszkanie-krakow-srodmiescie-ul-marii-sklodowskiej-curie.webp
Kraków Mistrzejowice,os. Piastów,2,40,619000,15475,bez pośredników,,14,https://adresowo.pl/o/mieszkanie-krakow-mistrzejowice-os-piastow-2-pokojowe-y6l2m9,https://s2.adresowa.pl/oi/3a/5d/3b7718_e930_cover@2x-2-pokojowe-mieszkanie-krakow-mistrzejowice-os-piastow.webp
Kraków Krowodrza,ul. Juliusza Lea,2,55,880000,16000,bez pośredników,,5,https://adresowo.pl/o/mieszkanie-krakow-krowodrza-ul-juliusza-lea-2-pokojowe-p1b1w9,https://s2.adresowa.pl/oi/51/6d/3b6df2_3787_cover@2x-2-pokojowe-mieszkanie-krakow-krowodrza-ul-juliusza-lea.webp
Kraków Kurdwanów,ul. Cechowa,5,91,1024458,11258,Pośrednik,,12,https://adresowo.pl/o/mieszkanie-krakow-kurdwanow-ul-cechowa-5-pokojowe-z5m4h0,https://s2.adresowa.pl/oi/4e/45/3d8e96_59c8_cover@2x-5-pokojowe-mieszkanie-krakow-kurdwanow-ul-cechowa.webp
Kraków Bieńczyce,os. Józefa Strusia,3,45,550000,12222,Pośrednik,,22,https://adresowo.pl/o/mieszkanie-krakow-bienczyce-os-jozefa-strusia-3-pokojowe-e2r6f4,https://s2.adresowa.pl/oi/15/6c/3d8be8_e7a1_cover@2x-3-pokojowe-mieszkanie-krakow-bienczyce-os-jozefa-strusia.webp
Kraków Nowa Huta,os. Piastów,2,51,730000,14314,bez pośredników,,4,https://adresowo.pl/o/mieszkanie-krakow-nowa-huta-os-piastow-2-pokojowe-s3t0w1,https://s2.adresowa.pl/oi/16/61/3b5876_b347_cover@2x-2-pokojowe-mieszkanie-krakow-nowa-huta-os-piastow.webp
Kraków Krowodrza,ul. Władysława Podkowińskiego,3,66,999000,15136,bez pośredników,,40,https://adresowo.pl/o/mieszkanie-krakow-krowodrza-ul-wladyslawa-podkowinskiego-3-pokojowe-q2u8h1,https://s2.adresowa.pl/oi/29/72/3b5258_e3f5_cover@2x-3-pokojowe-mieszkanie-krakow-krowodrza-ul-wladyslawa-podkowinskiego.webp
Kraków Swoszowice,ul. Macieja Dębskiego,3,56,869000,15518,bez pośredników,,9,https://adresowo.pl/o/mieszkanie-krakow-swoszowice-ul-macieja-debskiego-3-pokojowe-l5k9u4,https://s2.adresowa.pl/oi/1c/6d/3b4fca_e04a_cover@2x-3-pokojowe-mieszkanie-krakow-swoszowice-ul-macieja-debskiego.webp
Kraków Nowa Huta,os. Słoneczne,2,50,569000,11380,Pośrednik,,10,https://adresowo.pl/o/mieszkanie-krakow-nowa-huta-os-sloneczne-2-pokojowe-q1o4a3,https://s2.adresowa.pl/oi/6f/51/3d8bdc_7d0c_cover@2x-2-pokojowe-mieszkanie-krakow-nowa-huta-os-sloneczne.webp
Kraków Wzgórza Krzesławickie,ul. Gustawa Morcinka,3,51,668460,13107,Pośrednik,,4,https://adresowo.pl/o/mieszkanie-krakow-wzgorza-krzeslawickie-ul-gustawa-morcinka-3-pokojowe-r2n2l2,https://s2.adresowa.pl/oi/4f/60/3d8b46_9451_cover@2x-3-pokojowe-mieszkanie-krakow-wzgorza-krzeslawickie-ul-gustawa-morcinka.webp
Kraków Prądnik Czerwony,ul. Powstańców,3,45,699000,15533,bez pośredników,,12,https://adresowo.pl/o/mieszkanie-krakow-pradnik-czerwony-ul-powstancow-3-pokojowe-x4w3l8,https://s2.adresowa.pl/oi/53/5b/3b4eee_d880_cover@2x-3-pokojowe-mieszkanie-krakow-pradnik-czerwony-ul-powstancow.webp
Kraków,Prądnik Czerwony,3,52,1108400,21315,bez pośredników,,3,https://adresowo.pl/o/mieszkanie-krakow-pradnik-czerwony-3-pokojowe-52-m2-b6h3q4,https://s2.adresowa.pl/oi/36/60/3b3c68_b0bc_cover@2x-3-pokojowe-mieszkanie-krakow-pradnik-czerwony.webp
Kraków Stare Miasto,pl. Juliusza Kossaka,3,77,1399000,18169,bez pośredników,,10,https://adresowo.pl/o/mieszkanie-krakow-stare-miasto-pl-juliusza-kossaka-3-pokojowe-m2z7n2,https://s2.adresowa.pl/oi/5e/31/3b37ee_38d2_cover@2x-3-pokojowe-mieszkanie-krakow-stare-miasto-pl-juliusza-kossaka.webp
Kraków Podgórze,ul. Feliksa Wrobela,4,72,935000,12986,Pośrednik,,24,https://adresowo.pl/o/mieszkanie-krakow-podgorze-ul-feliksa-wrobela-4-pokojowe-h1l4m0,https://s2.adresowa.pl/oi/76/75/3d85b4_dc2f_cover@2x-4-pokojowe-mieszkanie-krakow-podgorze-ul-feliksa-wrobela.webp
Kraków Podgórze,ul. Feliksa Wrobela,4,63,798000,12667,Pośrednik,,23,https://adresowo.pl/o/mieszkanie-krakow-podgorze-ul-feliksa-wrobela-4-pokojowe-g8s3u3,https://s2.adresowa.pl/oi/2c/2b/3d85b0_9e60_cover@2x-4-pokojowe-mieszkanie-krakow-podgorze-ul-feliksa-wrobela.webp
Kraków Podgórze,ul. Henryka i Karola Czeczów,3,55,770000,14000,bez pośredników,,9,https://adresowo.pl/o/mieszkanie-krakow-podgorze-ul-henryka-i-karola-czeczow-3-pokojowe-y1p0g3,https://s2.adresowa.pl/oi/6c/67/3b30a6_d4dd_cover@2x-3-pokojowe-mieszkanie-krakow-podgorze-ul-henryka-i-karola-czeczow.webp
Kraków Bieżanów,ul. Na Kozłówce,2,32,500000,15625,bez pośredników,,17,https://adresowo.pl/o/mieszkanie-krakow-biezanow-ul-na-kozlowce-2-pokojowe-v0n4v5,https://s2.adresowa.pl/oi/3e/78/3b2a06_6e20_cover@2x-2-pokojowe-mieszkanie-krakow-biezanow-ul-na-kozlowce.webp
Kraków Dębniki,ul. Komuny Paryskiej,3,63,890000,14127,bez pośredników,,21,https://adresowo.pl/o/mieszkanie-krakow-debniki-ul-komuny-paryskiej-3-pokojowe-v7z3u0,https://s2.adresowa.pl/oi/3b/7b/3b27f2_368f_cover@2x-3-pokojowe-mieszkanie-krakow-debniki-ul-komuny-paryskiej.webp
Kraków Prokocim,ul. Spółdzielców,2,44,620000,14091,Pośrednik,,8,https://adresowo.pl/o/mieszkanie-krakow-prokocim-ul-spoldzielcow-2-pokojowe-z3r1v6,https://s2.adresowa.pl/oi/48/1d/3d7c46_bcde_cover@2x-2-pokojowe-mieszkanie-krakow-prokocim-ul-spoldzielcow.webp
Kraków Podgórze Duchackie,ul. Gołaśka,3,62,810000,13065,Pośrednik,,17,https://adresowo.pl/o/mieszkanie-krakow-podgorze-duchackie-ul-golaska-3-pokojowe-g3q4t3,https://s2.adresowa.pl/oi/39/4d/3d7b9c_bcee_cover@2x-3-pokojowe-mieszkanie-krakow-podgorze-duchackie-ul-golaska.webp
Kraków Łagiewniki,ul. ks. Józefa Tischnera,3,71,919000,12944,bez pośredników,,7,https://adresowo.pl/o/mieszkanie-krakow-lagiewniki-ul-ks-jozefa-tischnera-3-pokojowe-k4m2y1,https://s2.adresowa.pl/oi/73/32/3b26b2_76bf_cover@2x-3-pokojowe-mieszkanie-krakow-lagiewniki-ul-ks-jozefa-tischnera.webp
Kraków Skotniki,ul. prof. Michała Bobrzyńskiego,2,52,770000,14808,bez pośredników,,17,https://adresowo.pl/o/mieszkanie-krakow-skotniki-ul-prof-michala-bobrzynskiego-2-pokojowe-a2m9j1,https://s2.adresowa.pl/oi/72/68/3b254c_b9a1_cover@2x-2-pokojowe-mieszkanie-krakow-skotniki-ul-prof-michala-bobrzynskiego.webp
Kraków Stare Miasto,ul. Henryka Siemiradzkiego,1,17,520000,30588,bez pośredników,,4,https://adresowo.pl/o/mieszkanie-krakow-stare-miasto-ul-henryka-siemiradzkiego-1-pokoj-k5e9q8,https://s2.adresowa.pl/oi/66/4b/3b1b46_4d90_cover@2x-1-pokojowe-mieszkanie-krakow-stare-miasto-ul-henryka-siemiradzkiego.webp
Kraków Stare Miasto,ul. Krakowska,3,77,1250000,16234,Pośrednik,,34,https://adresowo.pl/o/mieszkanie-krakow-stare-miasto-ul-krakowska-3-pokojowe-a3s5p1,https://s2.adresowa.pl/oi/14/4b/3d72e6_bfa7_cover@2x-3-pokojowe-mieszkanie-krakow-stare-miasto-ul-krakowska.webp
Kraków Podgórze,ul. Kalwaryjska,2,34,579000,17029,Pośrednik,,20,https://adresowo.pl/o/mieszkanie-krakow-podgorze-ul-kalwaryjska-2-pokojowe-z3z6p7,https://s2.adresowa.pl/oi/3a/6f/3d72e0_d532_cover@2x-2-pokojowe-mieszkanie-krakow-podgorze-ul-kalwaryjska.webp
Kraków Dębniki,ul. Anny Szwed-Śniadowskiej,1,21,499999,23809,bez pośredników,,26,https://adresowo.pl/o/mieszkanie-krakow-debniki-ul-anny-szwed-sniadowskiej-1-pokoj-y8x4y3,https://s2.adresowa.pl/oi/35/3d/3b121a_f9b1_cover@2x-1-pokojowe-mieszkanie-krakow-debniki-ul-anny-szwed-sniadowskiej.webp
Kraków Dębniki,ul. Anny Szwed-Śniadowskiej,1,24,520000,21667,bez pośredników,,20,https://adresowo.pl/o/mieszkanie-krakow-debniki-ul-anny-szwed-sniadowskiej-1-pokoj-e6n2h3,https://s2.adresowa.pl/oi/72/1f/3b1214_35a6_cover@2x-1-pokojowe-mieszkanie-krakow-debniki-ul-anny-szwed-sniadowskiej.webp
Kraków Podgórze Duchackie,ul. Kordiana,2,28,610000,21786,bez pośredników,,21,https://adresowo.pl/o/mieszkanie-krakow-podgorze-duchackie-ul-kordiana-2-pokojowe-y9r4x4,https://s2.adresowa.pl/oi/15/35/3b11f0_7de0_cover@2x-2-pokojowe-mieszkanie-krakow-podgorze-duchackie-ul-kordiana.webp
Kraków Dębniki,ul. Karola Bunscha,5,127,2200000,17323,Pośrednik,,32,https://adresowo.pl/o/mieszkanie-krakow-debniki-ul-karola-bunscha-5-pokojowe-h7y0r4,https://s2.adresowa.pl/oi/4c/7a/3d5268_3f92_cover@2x-5-pokojowe-mieszkanie-krakow-debniki-ul-karola-bunscha.webp
Kraków Czyżyny,ul. Stanisława Lema,4,79,1790000,22658,Pośrednik,,23,https://adresowo.pl/o/mieszkanie-krakow-czyzyny-ul-stanislawa-lema-4-pokojowe-i8y7z3,https://s2.adresowa.pl/oi/6b/6a/3d5234_5ad5_cover@2x-4-pokojowe-mieszkanie-krakow-czyzyny-ul-stanislawa-lema.webp
Kraków Podgórze Duchackie,ul. Zabawa,2,25,599999,24000,bez pośredników,,28,https://adresowo.pl/o/mieszkanie-krakow-podgorze-duchackie-ul-zabawa-2-pokojowe-t4t0c8,https://s2.adresowa.pl/oi/7c/30/3b11ee_e52d_cover@2x-2-pokojowe-mieszkanie-krakow-podgorze-duchackie-ul-zabawa.webp
Kraków Prądnik Biały,ul. Stefana Banacha,1,30,599999,20000,bez pośredników,,20,https://adresowo.pl/o/mieszkanie-krakow-pradnik-bialy-ul-stefana-banacha-1-pokoj-b1o4s5,https://s2.adresowa.pl/oi/22/35/3b11e8_b0aa_cover@2x-1-pokojowe-mieszkanie-krakow-pradnik-bialy-ul-stefana-banacha.webp
Kraków Prokocim,ul. Facimiech,1,25,560000,22400,bez pośredników,,20,https://adresowo.pl/o/mieszkanie-krakow-prokocim-ul-facimiech-1-pokoj-o3v4b2,https://s2.adresowa.pl/oi/6f/1f/3b11e2_b269_cover@2x-1-pokojowe-mieszkanie-krakow-prokocim-ul-facimiech.webp
Kraków,ul. Jana Kurczaba,3,55,680000,12364,Pośrednik,,8,https://adresowo.pl/o/mieszkanie-krakow-ul-jana-kurczaba-3-pokojowe-i7o0u5,https://s2.adresowa.pl/oi/55/3d/3d4a74_aff8_cover@2x-3-pokojowe-mieszkanie-krakow-ul-jana-kurczaba.webp
Kraków Bronowice,ul. Krzywy Zaułek,2,49,693000,14143,Pośrednik,,6,https://adresowo.pl/o/mieszkanie-krakow-bronowice-ul-krzywy-zaulek-2-pokojowe-z2w2o4,https://s2.adresowa.pl/oi/34/6a/3d390c_b644_cover@2x-2-pokojowe-mieszkanie-krakow-bronowice-ul-krzywy-zaulek.webp
Kraków Czyżyny,ul. Galicyjska,1,25,580000,23200,bez pośredników,,20,https://adresowo.pl/o/mieszkanie-krakow-czyzyny-ul-galicyjska-1-pokoj-m2n2s0,https://s2.adresowa.pl/oi/38/16/3b11e0_634f_cover@2x-1-pokojowe-mieszkanie-krakow-czyzyny-ul-galicyjska.webp
Kraków Podgórze,ul. Marii Konopnickiej,1,27,620000,22963,bez pośredników,,19,https://adresowo.pl/o/mieszkanie-krakow-podgorze-ul-marii-konopnickiej-1-pokoj-x1d6d5,https://s2.adresowa.pl/oi/24/38/3a5808_63fc_cover@2x-1-pokojowe-mieszkanie-krakow-podgorze-ul-marii-konopnickiej.webp
Kraków Podgórze Duchackie,ul. Wiktora Heltmana,2,54,1300000,24074,bez pośredników,,12,https://adresowo.pl/o/mieszkanie-krakow-podgorze-duchackie-ul-wiktora-heltmana-2-pokojowe-l1b4f0,https://s2.adresowa.pl/oi/61/1a/3b0a96_ed5e_cover@2x-2-pokojowe-mieszkanie-krakow-podgorze-duchackie-ul-wiktora-heltmana.webp
Kraków,ul. Mała Góra,3,54,760000,14074,Pośrednik,,11,https://adresowo.pl/o/mieszkanie-krakow-ul-mala-gora-3-pokojowe-b6l0m7,https://s2.adresowa.pl/oi/47/20/3d38e0_ee12_cover@2x-3-pokojowe-mieszkanie-krakow-ul-mala-gora.webp
Kraków Kurdwanów,ul. Cechowa,5,90,1024458,11383,Pośrednik,,10,https://adresowo.pl/o/mieszkanie-krakow-kurdwanow-ul-cechowa-5-pokojowe-v3r6e1,https://s2.adresowa.pl/oi/56/39/3d3864_2be3_cover@2x-5-pokojowe-mieszkanie-krakow-kurdwanow-ul-cechowa.webp
Kraków Prokocim,ul. Jana Kozietulskiego,2,54,695000,12870,bez pośredników,,7,https://adresowo.pl/o/mieszkanie-krakow-prokocim-ul-jana-kozietulskiego-2-pokojowe-g3i6q9,https://s2.adresowa.pl/oi/74/1a/3afc64_5670_cover@2x-2-pokojowe-mieszkanie-krakow-prokocim-ul-jana-kozietulskiego.webp
Kraków Podgórze,ul. Kazimierza Siemienowicza,4,70,1255000,17929,bez pośredników,,19,https://adresowo.pl/o/mieszkanie-krakow-podgorze-ul-kazimierza-siemienowicza-4-pokojowe-g5i6d5,https://s2.adresowa.pl/oi/3c/11/3ab866_ab84_cover@2x-4-pokojowe-mieszkanie-krakow-podgorze-ul-kazimierza-siemienowicza.webp
Kraków,Stare Miasto,3,60,1390000,23167,bez pośredników,,4,https://adresowo.pl/o/mieszkanie-krakow-stare-miasto-3-pokojowe-60-m2-k2n4x2,https://s2.adresowa.pl/oi/43/11/3aabb2_c806_cover@2x-3-pokojowe-mieszkanie-krakow-stare-miasto.webp
Kraków Podgórze,ul. Wielicka,3,60,770000,12833,Pośrednik,,8,https://adresowo.pl/o/mieszkanie-krakow-podgorze-ul-wielicka-3-pokojowe-m5d2y0,https://s2.adresowa.pl/oi/47/2f/3d37ca_c1c7_cover@2x-3-pokojowe-mieszkanie-krakow-podgorze-ul-wielicka.webp
Kraków Prądnik Biały,ul. Legnicka,2,45,598000,13289,Pośrednik,,21,https://adresowo.pl/o/mieszkanie-krakow-pradnik-bialy-ul-legnicka-2-pokojowe-q0r9h8,https://s2.adresowa.pl/oi/43/33/3d2ed2_fbd7_cover@2x-2-pokojowe-mieszkanie-krakow-pradnik-bialy-ul-legnicka.webp
Kraków,Czyżyny,2,38,630000,16579,bez pośredników,,6,https://adresowo.pl/o/mieszkanie-krakow-czyzyny-2-pokojowe-38-m2-g7q8t2,https://s2.adresowa.pl/oi/33/66/3a94aa_6ed0_cover@2x-2-pokojowe-mieszkanie-krakow-czyzyny.webp
Kraków Wzgórza Krzesławickie,ul. Niebyła,3,52,770000,14808,bez pośredników,,8,https://adresowo.pl/o/mieszkanie-krakow-wzgorza-krzeslawickie-ul-niebyla-3-pokojowe-w4x5x2,https://s2.adresowa.pl/oi/3a/14/3a93ca_ec37_cover@2x-3-pokojowe-mieszkanie-krakow-wzgorza-krzeslawickie-ul-niebyla.webp
Kraków Stare Miasto,ul. Helclów,1,27,485000,17963,bez pośredników,,2,https://adresowo.pl/o/mieszkanie-krakow-stare-miasto-ul-helclow-1-pokoj-q9r6s7,https://s2.adresowa.pl/oi/47/30/3a93ce_7d87_cover@2x-1-pokojowe-mieszkanie-krakow-stare-miasto-ul-helclow.webp
Kraków Prądnik Biały,ul. Stanisława Przybyszewskiego,2,40,865000,21625,Pośrednik,,9,https://adresowo.pl/o/mieszkanie-krakow-pradnik-bialy-ul-stanislawa-przybyszewskiego-2-pokojowe-u6g8l6,https://s2.adresowa.pl/oi/4f/72/3d2766_e26d_cover@2x-2-pokojowe-mieszkanie-krakow-pradnik-bialy-ul-stanislawa-przybyszewskiego.webp
Kraków Bieżanów,ul. Duża Góra,1,34,469000,13794,Pośrednik,,14,https://adresowo.pl/o/mieszkanie-krakow-biezanow-ul-duza-gora-1-pokoj-k7y5x1,https://s2.adresowa.pl/oi/31/70/3d1f22_b62e_cover@2x-1-pokojowe-mieszkanie-krakow-biezanow-ul-duza-gora.webp
Kraków Krowodrza,ul. Władysława Łokietka,3,47,698000,14851,bez pośredników,,11,https://adresowo.pl/o/mieszkanie-krakow-krowodrza-ul-wladyslawa-lokietka-3-pokojowe-m3r2s5,https://s2.adresowa.pl/oi/7e/49/3a7a30_a9ac_cover@2x-3-pokojowe-mieszkanie-krakow-krowodrza-ul-wladyslawa-lokietka.webp
Kraków Ruczaj,ul. Raciborska,2,36,682000,18944,bez pośredników,,28,https://adresowo.pl/o/mieszkanie-krakow-ruczaj-ul-raciborska-2-pokojowe-l7x1h7,https://s2.adresowa.pl/oi/65/36/3a745a_861e_cover@2x-2-pokojowe-mieszkanie-krakow-ruczaj-ul-raciborska.webp
Kraków Górka Narodowa,ul. Macieja Słomczyńskiego,2,52,770000,14808,bez pośredników,,8,https://adresowo.pl/o/mieszkanie-krakow-gorka-narodowa-ul-macieja-slomczynskiego-2-pokojowe-c5q1p4,https://s2.adresowa.pl/oi/63/53/3a6b32_9f2d_cover@2x-2-pokojowe-mieszkanie-krakow-gorka-narodowa-ul-macieja-slomczynskiego.webp
Kraków Bieńczyce,os. Kalinowe,2,46,595000,12935,Pośrednik,,32,https://adresowo.pl/o/mieszkanie-krakow-bienczyce-os-kalinowe-2-pokojowe-n4i4h1,https://s2.adresowa.pl/oi/15/61/3d133a_c316_cover@2x-2-pokojowe-mieszkanie-krakow-bienczyce-os-kalinowe.webp
Kraków Bieżanów,ul. Henryka Hoyera,7,200,1095000,5475,Pośrednik,,19,https://adresowo.pl/o/mieszkanie-krakow-biezanow-ul-henryka-hoyera-7-pokojowe-o3q7b5,https://s2.adresowa.pl/oi/30/3f/3d12f2_fd4c_cover@2x-7-pokojowe-mieszkanie-krakow-biezanow-ul-henryka-hoyera.webp
Kraków Dębniki,ul. Obozowa,1,23,529999,23043,bez pośredników,,15,https://adresowo.pl/o/mieszkanie-krakow-debniki-ul-obozowa-1-pokoj-f5b6k7,https://s2.adresowa.pl/oi/18/35/3a5800_bee4_cover@2x-1-pokojowe-mieszkanie-krakow-debniki-ul-obozowa.webp
Kraków Prokocim,ul. Jana Kozietulskiego,3,52,799900,15383,bez pośredników,,36,https://adresowo.pl/o/mieszkanie-krakow-prokocim-ul-jana-kozietulskiego-3-pokojowe-w8v1j1,https://s2.adresowa.pl/oi/21/23/3a3462_49d0_cover@2x-3-pokojowe-mieszkanie-krakow-prokocim-ul-jana-kozietulskiego.webp
Kraków Górka Narodowa,ul. Stefana Banacha,2,37,670000,18108,bez pośredników,,8,https://adresowo.pl/o/mieszkanie-krakow-gorka-narodowa-ul-stefana-banacha-2-pokojowe-p1j8f7,https://s2.adresowa.pl/oi/56/33/3a29b2_dc14_cover@2x-2-pokojowe-mieszkanie-krakow-gorka-narodowa-ul-stefana-banacha.webp
Kraków Łagiewniki,ul. Cechowa,5,90,1024458,11383,Pośrednik,,13,https://adresowo.pl/o/mieszkanie-krakow-lagiewniki-ul-cechowa-5-pokojowe-m1b1y9,https://s2.adresowa.pl/oi/36/7d/3d071a_fe73_cover@2x-5-pokojowe-mieszkanie-krakow-lagiewniki-ul-cechowa.webp
Kraków Krowodrza,ul. Józefa Wybickiego,2,38,680000,17895,Pośrednik,,4,https://adresowo.pl/o/mieszkanie-krakow-krowodrza-ul-jozefa-wybickiego-2-pokojowe-b9f8a7,https://s2.adresowa.pl/oi/41/72/3d0710_44ce_cover@2x-2-pokojowe-mieszkanie-krakow-krowodrza-ul-jozefa-wybickiego.webp
Kraków Ruczaj,ul. Obozowa,4,73,975000,13356,bez pośredników,,17,https://adresowo.pl/o/mieszkanie-krakow-ruczaj-ul-obozowa-4-pokojowe-l3w6p6,https://s2.adresowa.pl/oi/72/5a/3a232a_ddb5_cover@2x-4-pokojowe-mieszkanie-krakow-ruczaj-ul-obozowa.webp
Kraków Nowa Huta,os. Zielone,3,67,1049000,15657,bez pośredników,,16,https://adresowo.pl/o/mieszkanie-krakow-nowa-huta-os-zielone-3-pokojowe-m2m5i4,https://s2.adresowa.pl/oi/55/55/3a1358_5ee1_cover@2x-3-pokojowe-mieszkanie-krakow-nowa-huta-os-zielone.webp
Kraków Stare Miasto,ul. Kremerowska,5,112,1915000,17098,bez pośredników,,15,https://adresowo.pl/o/mieszkanie-krakow-stare-miasto-ul-kremerowska-5-pokojowe-w0q0h9,https://s2.adresowa.pl/oi/56/7b/3a1072_65c7_cover@2x-5-pokojowe-mieszkanie-krakow-stare-miasto-ul-kremerowska.webp
Kraków Zwierzyniec,ul. Emaus,4,89,2173826,24425,Pośrednik,,3,https://adresowo.pl/o/mieszkanie-krakow-zwierzyniec-ul-emaus-4-pokojowe-e9z5n5,https://s2.adresowa.pl/oi/71/24/3d0708_e6e1_cover@2x-4-pokojowe-mieszkanie-krakow-zwierzyniec-ul-emaus.webp
Kraków Podgórze,ul. Cechowa,3,47,649000,13809,Pośrednik,,17,https://adresowo.pl/o/mieszkanie-krakow-podgorze-ul-cechowa-3-pokojowe-u7o5j8,https://s2.adresowa.pl/oi/50/62/3d06fc_de62_cover@2x-3-pokojowe-mieszkanie-krakow-podgorze-ul-cechowa.webp
Kraków,ul. Juliana Fałata,2,60,1800000,30000,bez pośredników,,8,https://adresowo.pl/o/mieszkanie-krakow-ul-juliana-falata-2-pokojowe-p9v1d8,https://s2.adresowa.pl/oi/29/40/3a0cc6_cf8f_cover@2x-2-pokojowe-mieszkanie-krakow-ul-juliana-falata.webp
Kraków Czyżyny,ul. Śliwkowa,2,51,799000,15667,bez pośredników,,15,https://adresowo.pl/o/mieszkanie-krakow-czyzyny-ul-sliwkowa-2-pokojowe-k7n3l0,https://s2.adresowa.pl/oi/33/76/3a03ea_52c0_cover@2x-2-pokojowe-mieszkanie-krakow-czyzyny-ul-sliwkowa.webp
Kraków Podgórze Duchackie,ul. Sanocka,3,50,669000,13380,bez pośredników,,9,https://adresowo.pl/o/mieszkanie-krakow-podgorze-duchackie-ul-sanocka-3-pokojowe-t3d0h7,https://s2.adresowa.pl/oi/61/3e/39f384_bf52_cover@2x-3-pokojowe-mieszkanie-krakow-podgorze-duchackie-ul-sanocka.webp
Kraków Kurdwanów,ul. Cechowa,4,74,892024,12054,Pośrednik,,15,https://adresowo.pl/o/mieszkanie-krakow-kurdwanow-ul-cechowa-4-pokojowe-y6m6l7,https://s2.adresowa.pl/oi/21/1e/3d06f0_e3a9_cover@2x-4-pokojowe-mieszkanie-krakow-kurdwanow-ul-cechowa.webp
Kraków Krowodrza,ul. Bratysławska,4,94,1990000,21170,Pośrednik,,22,https://adresowo.pl/o/mieszkanie-krakow-krowodrza-ul-bratyslawska-4-pokojowe-u4n6z9,https://s2.adresowa.pl/oi/22/60/3d06ee_a5a8_cover@2x-4-pokojowe-mieszkanie-krakow-krowodrza-ul-bratyslawska.webp
Kraków Nowy Świat,al. Zygmunta Krasińskiego,1,22,479000,21773,bez pośredników,,8,https://adresowo.pl/o/mieszkanie-krakow-nowy-swiat-al-zygmunta-krasinskiego-1-pokoj-i5k0t2,https://s2.adresowa.pl/oi/23/60/39f2d2_645e_cover@2x-1-pokojowe-mieszkanie-krakow-nowy-swiat-al-zygmunta-krasinskiego.webp
Kraków,os. Piastów,2,44,699000,15886,bez pośredników,,13,https://adresowo.pl/o/mieszkanie-krakow-os-piastow-2-pokojowe-y0k0z8,https://s2.adresowa.pl/oi/77/55/39e72a_87af_cover@2x-2-pokojowe-mieszkanie-krakow-os-piastow.webp
Kraków,,4,80,1250000,15625,bez pośredników,,8,https://adresowo.pl/o/mieszkanie-krakow-4-pokojowe-80-m2-r4g2g5,https://s2.adresowa.pl/oi/26/6a/39d40e_cb23_cover@2x-4-pokojowe-mieszkanie-krakow.webp
Kraków Prądnik Biały,ul. Władysława Łokietka,5,121,1699000,14041,Pośrednik,,16,https://adresowo.pl/o/mieszkanie-krakow-pradnik-bialy-ul-wladyslawa-lokietka-5-pokojowe-d8f7z0,https://s2.adresowa.pl/oi/67/19/3d01d2_ed57_cover@2x-5-pokojowe-mieszkanie-krakow-pradnik-bialy-ul-wladyslawa-lokietka.webp
Kraków Podgórze Duchackie,ul. Podedworze,3,55,749000,13618,Pośrednik,,16,https://adresowo.pl/o/mieszkanie-krakow-podgorze-duchackie-ul-podedworze-3-pokojowe-n6h6c8,https://s2.adresowa.pl/oi/2d/7c/3cfaf6_d227_cover@2x-3-pokojowe-mieszkanie-krakow-podgorze-duchackie-ul-podedworze.webp
Kraków Bronowice,ul. Stelmachów,2,44,749990,17045,bez pośredników,,20,https://adresowo.pl/o/mieszkanie-krakow-bronowice-ul-stelmachow-2-pokojowe-g9p8q9,https://s2.adresowa.pl/oi/4a/71/3ee6b0_8651_cover@2x-2-pokojowe-mieszkanie-krakow-bronowice-ul-stelmachow.webp
Kraków Śródmieście,ul. Krowoderska,5,173,3129000,18087,bez pośredników,,10,https://adresowo.pl/o/mieszkanie-krakow-srodmiescie-ul-krowoderska-5-pokojowe-l3x2p5,https://s2.adresowa.pl/oi/51/5a/39c7bc_b152_cover@2x-5-pokojowe-mieszkanie-krakow-srodmiescie-ul-krowoderska.webp
Kraków Kliny,ul. Mieczykowa,2,52,835000,16058,bez pośredników,,9,https://adresowo.pl/o/mieszkanie-krakow-kliny-ul-mieczykowa-2-pokojowe-c0c0k3,https://s2.adresowa.pl/oi/6a/42/39c448_8901_cover@2x-2-pokojowe-mieszkanie-krakow-kliny-ul-mieczykowa.webp
Kraków Ruczaj,ul. Zygmunta Miłkowskiego,3,67,999999,14925,bez pośredników,,11,https://adresowo.pl/o/mieszkanie-krakow-ruczaj-ul-zygmunta-milkowskiego-3-pokojowe-p0y8e9,https://s2.adresowa.pl/oi/48/36/39bb7e_d66c_cover@2x-3-pokojowe-mieszkanie-krakow-ruczaj-ul-zygmunta-milkowskiego.webp
Kraków Wzgórza Krzesławickie,os. Na Stoku,3,55,649000,11800,Pośrednik,,10,https://adresowo.pl/o/mieszkanie-krakow-wzgorza-krzeslawickie-os-na-stoku-3-pokojowe-s6f9k7,https://s2.adresowa.pl/oi/4d/29/3cf5c4_6a72_cover@2x-3-pokojowe-mieszkanie-krakow-wzgorza-krzeslawickie-os-na-stoku.webp
Kraków Dębniki,ul. Spacerowa,3,58,715000,12328,Pośrednik,,13,https://adresowo.pl/o/mieszkanie-krakow-debniki-ul-spacerowa-3-pokojowe-r7d2z7,https://s2.adresowa.pl/oi/52/72/3cf22e_4684_cover@2x-3-pokojowe-mieszkanie-krakow-debniki-ul-spacerowa.webp
Kraków Podgórze,ul. Mały Płaszów,3,60,970000,16167,bez pośredników,,10,https://adresowo.pl/o/mieszkanie-krakow-podgorze-ul-maly-plaszow-3-pokojowe-k7m8y2,https://s2.adresowa.pl/oi/13/19/39b9ea_53fe_cover@2x-3-pokojowe-mieszkanie-krakow-podgorze-ul-maly-plaszow.webp
Kraków Prądnik Czerwony,ul. Dobrego Pasterza,4,65,748000,11508,bez pośredników,,9,https://adresowo.pl/o/mieszkanie-krakow-pradnik-czerwony-ul-dobrego-pasterza-4-pokojowe-e7h5q7,https://s2.adresowa.pl/oi/78/5a/399fa2_bfed_cover@2x-4-pokojowe-mieszkanie-krakow-pradnik-czerwony-ul-dobrego-pasterza.webp
Kraków,Bieżanów,3,57,700000,12281,bez pośredników,,7,https://adresowo.pl/o/mieszkanie-krakow-biezanow-3-pokojowe-57-m2-s0w6i2,https://s2.adresowa.pl/oi/2d/73/3972aa_8308_cover@2x-3-pokojowe-mieszkanie-krakow-biezanow.webp
Kraków Zakrzówek,ul. Zygmunta Miłkowskiego,2,51,823000,16137,Pośrednik,,28,https://adresowo.pl/o/mieszkanie-krakow-zakrzowek-ul-zygmunta-milkowskiego-2-pokojowe-l2n0j4,https://s2.adresowa.pl/oi/36/4a/3ceb7a_92ae_cover@2x-2-pokojowe-mieszkanie-krakow-zakrzowek-ul-zygmunta-milkowskiego.webp
Kraków Nowa Huta,os. Zgody,3,56,957723,17102,Pośrednik,,22,https://adresowo.pl/o/mieszkanie-krakow-nowa-huta-os-zgody-3-pokojowe-v0r9j8,https://s2.adresowa.pl/oi/6b/55/3cdd50_c85b_cover@2x-3-pokojowe-mieszkanie-krakow-nowa-huta-os-zgody.webp
Kraków Prądnik Czerwony,ul. Strzelców,3,58,799000,13776,bez pośredników,,20,https://adresowo.pl/o/mieszkanie-krakow-pradnik-czerwony-ul-strzelcow-3-pokojowe-o4j5b6,https://s2.adresowa.pl/oi/1a/34/396ac0_636d_cover@2x-3-pokojowe-mieszkanie-krakow-pradnik-czerwony-ul-strzelcow.webp
Kraków Dębniki,ul. Drukarska,3,71,499000,7028,bez pośredników,,7,https://adresowo.pl/o/mieszkanie-krakow-debniki-ul-drukarska-3-pokojowe-p9l6q9,https://s2.adresowa.pl/oi/61/75/3955cc_7bb3_cover@2x-3-pokojowe-mieszkanie-krakow-debniki-ul-drukarska.webp
Kraków Nowa Huta,os. Piastów,3,64,869000,13578,bez pośredników,,11,https://adresowo.pl/o/mieszkanie-krakow-nowa-huta-os-piastow-3-pokojowe-d1t6y0,https://s2.adresowa.pl/oi/57/75/394484_95c9_cover@2x-3-pokojowe-mieszkanie-krakow-nowa-huta-os-piastow.webp
Kraków Nowa Huta,os. Na Stoku,2,34,458000,13471,Pośrednik,,30,https://adresowo.pl/o/mieszkanie-krakow-nowa-huta-os-na-stoku-2-pokojowe-o1v5l7,https://s2.adresowa.pl/oi/36/51/3cd26e_eb66_cover@2x-2-pokojowe-mieszkanie-krakow-nowa-huta-os-na-stoku.webp
Kraków Borek Fałęcki,ul. Zdunów,3,67,1222400,18245,Pośrednik,,22,https://adresowo.pl/o/mieszkanie-krakow-borek-falecki-ul-zdunow-3-pokojowe-y6q7l1,https://s2.adresowa.pl/oi/7a/4e/3cc0fc_933a_cover@2x-3-pokojowe-mieszkanie-krakow-borek-falecki-ul-zdunow.webp
Kraków Krowodrza,ul. Racławicka,1,18,479000,26611,bez pośredników,,9,https://adresowo.pl/o/mieszkanie-krakow-krowodrza-ul-raclawicka-1-pokoj-s4w9w0,https://s2.adresowa.pl/oi/7b/62/39487a_851f_cover@2x-1-pokojowe-mieszkanie-krakow-krowodrza-ul-raclawicka.webp
Kraków Dębniki,ul. dr. Jana Piltza,3,77,1150000,14935,bez pośredników,,19,https://adresowo.pl/o/mieszkanie-krakow-debniki-ul-dr-jana-piltza-3-pokojowe-l8u9n4,https://s2.adresowa.pl/oi/23/62/393f9a_d573_cover@2x-3-pokojowe-mieszkanie-krakow-debniki-ul-dr-jana-piltza.webp
Kraków Nowa Huta,os. Centrum B,2,30,480000,16000,bez pośredników,,10,https://adresowo.pl/o/mieszkanie-krakow-nowa-huta-os-centrum-b-2-pokojowe-v7u7k4,https://s2.adresowa.pl/oi/3f/56/39312a_f72d_cover@2x-2-pokojowe-mieszkanie-krakow-nowa-huta-os-centrum-b.webp
Kraków Krowodrza,ul. Kazimierza Wierzyńskiego,3,79,940000,11899,Pośrednik,,34,https://adresowo.pl/o/mieszkanie-krakow-krowodrza-ul-kazimierza-wierzynskiego-3-pokojowe-m2c8z3,https://s2.adresowa.pl/oi/33/11/3cb184_559c_cover@2x-3-pokojowe-mieszkanie-krakow-krowodrza-ul-kazimierza-wierzynskiego.webp
Kraków Stare Miasto,ul. Mikołaja Zyblikiewicza 5,2,64,1499000,23422,Pośrednik,,19,https://adresowo.pl/o/mieszkanie-krakow-stare-miasto-ul-mikolaja-zyblikiewicza-2-pokojowe-m7f6o4,https://s2.adresowa.pl/oi/60/63/3ca992_831f_cover@2x-2-pokojowe-mieszkanie-krakow-stare-miasto-ul-mikolaja-zyblikiewicza.webp
Kraków Podgórze Duchackie,ul. Podedworze,1,34,533000,15676,bez pośredników,,7,https://adresowo.pl/o/mieszkanie-krakow-podgorze-duchackie-ul-podedworze-1-pokoj-v7g0j9,https://s2.adresowa.pl/oi/6d/71/38e90e_b053_cover@2x-1-pokojowe-mieszkanie-krakow-podgorze-duchackie-ul-podedworze.webp
Kraków Grzegórzki,ul. Jana Karola Chodkiewicza,1,36,638000,17722,bez pośredników,,6,https://adresowo.pl/o/mieszkanie-krakow-grzegorzki-ul-jana-karola-chodkiewicza-1-pokoj-c7y1c5,https://s2.adresowa.pl/oi/13/7a/385d60_d6a1_cover@2x-1-pokojowe-mieszkanie-krakow-grzegorzki-ul-jana-karola-chodkiewicza.webp
Kraków Stare Miasto,ul. Rakowicka,2,35,670000,19143,bez pośredników,,12,https://adresowo.pl/o/mieszkanie-krakow-stare-miasto-ul-rakowicka-2-pokojowe-c3d1e3,https://s2.adresowa.pl/oi/6b/42/38cf98_5cf1_cover@2x-2-pokojowe-mieszkanie-krakow-stare-miasto-ul-rakowicka.webp
Kraków Podgórze,ul. Na Zakolu Wisły,4,75,1090000,14533,Pośrednik,,18,https://adresowo.pl/o/mieszkanie-krakow-podgorze-ul-na-zakolu-wisly-4-pokojowe-s6j7g0,https://s2.adresowa.pl/oi/26/71/3ca888_ae86_cover@2x-4-pokojowe-mieszkanie-krakow-podgorze-ul-na-zakolu-wisly.webp
Kraków Opatkowice,ul. Władysława Taklińskiego,5,92,1169000,12707,Pośrednik,,16,https://adresowo.pl/o/mieszkanie-krakow-opatkowice-ul-wladyslawa-taklinskiego-5-pokojowe-u5r3l2,https://s2.adresowa.pl/oi/29/12/3ca886_c355_cover@2x-5-pokojowe-mieszkanie-krakow-opatkowice-ul-wladyslawa-taklinskiego.webp
Kraków Podgórze,ul. Józefińska,2,70,1399000,19986,bez pośredników,,13,https://adresowo.pl/o/mieszkanie-krakow-podgorze-ul-jozefinska-2-pokojowe-u5q3t0,https://s2.adresowa.pl/oi/70/6a/38be02_a60d_cover@2x-2-pokojowe-mieszkanie-krakow-podgorze-ul-jozefinska.webp
Kraków Stare Miasto,ul. Krowoderska,4,108,1630000,15093,bez pośredników,,7,https://adresowo.pl/o/mieszkanie-krakow-stare-miasto-ul-krowoderska-4-pokojowe-n2s7c3,https://s2.adresowa.pl/oi/4e/76/388ab6_3ece_cover@2x-4-pokojowe-mieszkanie-krakow-stare-miasto-ul-krowoderska.webp
Kraków Stare Miasto,ul. Krowoderska,4,133,1950000,14662,bez pośredników,,10,https://adresowo.pl/o/mieszkanie-krakow-stare-miasto-ul-krowoderska-4-pokojowe-m6z0r5,https://s2.adresowa.pl/oi/39/11/38791c_273b_cover@2x-4-pokojowe-mieszkanie-krakow-stare-miasto-ul-krowoderska.webp
Kraków Stare Miasto,ul. Tadeusza Pawlikowskiego,1,43,419000,9744,Pośrednik,,10,https://adresowo.pl/o/mieszkanie-krakow-stare-miasto-ul-tadeusza-pawlikowskiego-1-pokoj-l4t9x2,https://s2.adresowa.pl/oi/7a/55/3ca1e6_65f0_cover@2x-1-pokojowe-mieszkanie-krakow-stare-miasto-ul-tadeusza-pawlikowskiego.webp
Kraków Prądnik Czerwony,ul. Kwartowa,2,29,499000,17207,Pośrednik,,23,https://adresowo.pl/o/mieszkanie-krakow-pradnik-czerwony-ul-kwartowa-2-pokojowe-o4w9a3,https://s2.adresowa.pl/oi/71/56/3c94ba_f5f3_cover@2x-2-pokojowe-mieszkanie-krakow-pradnik-czerwony-ul-kwartowa.webp
Kraków Nowa Huta,os. Słoneczne,1,24,389000,16208,bez pośredników,,8,https://adresowo.pl/o/mieszkanie-krakow-nowa-huta-os-sloneczne-1-pokoj-t7r2q0,https://s2.adresowa.pl/oi/13/7d/387ce6_b332_cover@2x-1-pokojowe-mieszkanie-krakow-nowa-huta-os-sloneczne.webp
Kraków Bronowice,ul. Lucjana Rydla,1,42,709000,16881,bez pośredników,,14,https://adresowo.pl/o/mieszkanie-krakow-bronowice-ul-lucjana-rydla-1-pokoj-s8a2f8,https://s2.adresowa.pl/oi/37/2e/3855ae_7d07_cover@2x-1-pokojowe-mieszkanie-krakow-bronowice-ul-lucjana-rydla.webp
Kraków Stare Miasto,ul. Krowoderska,1,278,1564400,5627,bez pośredników,,6,https://adresowo.pl/o/mieszkanie-krakow-stare-miasto-ul-krowoderska-1-pokoj-g8j0p8,https://s2.adresowa.pl/oi/4c/65/38440c_b96c_cover@2x-1-pokojowe-mieszkanie-krakow-stare-miasto-ul-krowoderska.webp
Kraków Krowodrza,ul. Racławicka,1,21,460000,21905,Pośrednik,,23,https://adresowo.pl/o/mieszkanie-krakow-krowodrza-ul-raclawicka-1-pokoj-c0g5v7,https://s2.adresowa.pl/oi/49/7f/3c91e8_4f2d_cover@2x-1-pokojowe-mieszkanie-krakow-krowodrza-ul-raclawicka.webp
Kraków Dębniki,ul. Spacerowa,3,49,599000,12224,Pośrednik,,16,https://adresowo.pl/o/mieszkanie-krakow-debniki-ul-spacerowa-3-pokojowe-h0i1u7,https://s2.adresowa.pl/oi/59/2a/3c8d60_912b_cover@2x-3-pokojowe-mieszkanie-krakow-debniki-ul-spacerowa.webp
Kraków Podgórze,ul. Na Zakolu Wisły,3,56,1000000,17857,bez pośredników,,4,https://adresowo.pl/o/mieszkanie-krakow-podgorze-ul-na-zakolu-wisly-3-pokojowe-y0v7d1,https://s2.adresowa.pl/oi/7e/76/382d86_a883_cover@2x-3-pokojowe-mieszkanie-krakow-podgorze-ul-na-zakolu-wisly.webp
Kraków Podgórze,ul. Marii i Bolesława Wysłouchów,2,51,699000,13706,bez pośredników,,8,https://adresowo.pl/o/mieszkanie-krakow-podgorze-ul-marii-i-boleslawa-wyslouchow-2-pokojowe-x5o4j7,https://s2.adresowa.pl/oi/53/4c/381734_8e6e_cover@2x-2-pokojowe-mieszkanie-krakow-podgorze-ul-marii-i-boleslawa-wyslouchow.webp
Kraków Podgórze,ul. Stanisława Smolki,2,55,850000,15455,bez pośredników,,17,https://adresowo.pl/o/mieszkanie-krakow-podgorze-ul-stanislawa-smolki-2-pokojowe-n9b4k9,https://s2.adresowa.pl/oi/57/1b/37ec30_4416_cover@2x-2-pokojowe-mieszkanie-krakow-podgorze-ul-stanislawa-smolki.webp
Kraków Stare Miasto,ul. Józefa Szujskiego,3,144,4200000,29167,Pośrednik,,40,https://adresowo.pl/o/mieszkanie-krakow-stare-miasto-ul-jozefa-szujskiego-3-pokojowe-y3n3m0,https://s2.adresowa.pl/oi/66/3e/3c80b6_a913_cover@2x-3-pokojowe-mieszkanie-krakow-stare-miasto-ul-jozefa-szujskiego.webp
Kraków Podgórze,ul. Walerego Sławka,3,59,919796,15590,Pośrednik,,12,https://adresowo.pl/o/mieszkanie-krakow-podgorze-ul-walerego-slawka-3-pokojowe-z3u6b2,https://s2.adresowa.pl/oi/52/4d/3c7ba0_51a7_cover@2x-3-pokojowe-mieszkanie-krakow-podgorze-ul-walerego-slawka.webp
Kraków Śródmieście,ul. Rydlówka,3,63,1070000,16984,bez pośredników,,8,https://adresowo.pl/o/mieszkanie-krakow-srodmiescie-ul-rydlowka-3-pokojowe-t9m8v4,https://s2.adresowa.pl/oi/7b/48/37c61c_7873_cover@2x-3-pokojowe-mieszkanie-krakow-srodmiescie-ul-rydlowka.webp
Kraków Krowodrza,al. Juliusza Słowackiego,1,28,474000,16929,bez pośredników,,9,https://adresowo.pl/o/mieszkanie-krakow-krowodrza-al-juliusza-slowackiego-1-pokoj-f9s7n7,https://s2.adresowa.pl/oi/7c/5b/37939a_fbff_cover@2x-1-pokojowe-mieszkanie-krakow-krowodrza-al-juliusza-slowackiego.webp
Kraków Śródmieście,ul. Edmunda Biernackiego,2,84,1100000,13095,bez pośredników,,20,https://adresowo.pl/o/mieszkanie-krakow-srodmiescie-ul-edmunda-biernackiego-2-pokojowe-v7i1c0,https://s2.adresowa.pl/oi/66/20/3773c8_e5fe_cover@2x-2-pokojowe-mieszkanie-krakow-srodmiescie-ul-edmunda-biernackiego.webp
Kraków Zwierzyniec,ul. gen. Tadeusza Kościuszki,2,45,949000,21089,Pośrednik,,18,https://adresowo.pl/o/mieszkanie-krakow-zwierzyniec-ul-gen-tadeusza-kosciuszki-2-pokojowe-e6j8s7,https://s2.adresowa.pl/oi/2d/3c/3c7a58_7585_cover@2x-2-pokojowe-mieszkanie-krakow-zwierzyniec-ul-gen-tadeusza-kosciuszki.webp
Kraków Bronowice,ul. Kaspra Żelechowskiego,2,50,748000,14960,Pośrednik,,33,https://adresowo.pl/o/mieszkanie-krakow-bronowice-ul-kaspra-zelechowskiego-2-pokojowe-q4n5a5,https://s2.adresowa.pl/oi/49/28/3c7270_610d_cover@2x-2-pokojowe-mieszkanie-krakow-bronowice-ul-kaspra-zelechowskiego.webp
Kraków Dębniki,ul. dr. Jana Piltza,3,76,1130000,14868,bez pośredników,,16,https://adresowo.pl/o/mieszkanie-krakow-debniki-ul-dr-jana-piltza-3-pokojowe-h1m6g6,https://s2.adresowa.pl/oi/1e/51/376e7e_c95d_cover@2x-3-pokojowe-mieszkanie-krakow-debniki-ul-dr-jana-piltza.webp
Kraków Krowodrza,ul. Juliusza Lea,4,61,1200000,19672,bez pośredników,,8,https://adresowo.pl/o/mieszkanie-krakow-krowodrza-ul-juliusza-lea-4-pokojowe-z7a4r7,https://s2.adresowa.pl/oi/3a/6a/376e00_c395_cover@2x-4-pokojowe-mieszkanie-krakow-krowodrza-ul-juliusza-lea.webp
Kraków Bieżanów,ul. Bieżanowska,1,16,219000,13688,bez pośredników,,8,https://adresowo.pl/o/mieszkanie-krakow-biezanow-ul-biezanowska-1-pokoj-h1m7t6,https://s2.adresowa.pl/oi/31/7f/373f16_4936_cover@2x-1-pokojowe-mieszkanie-krakow-biezanow-ul-biezanowska.webp
Kraków Prądnik Czerwony,ul. Franciszka Bohomolca,4,79,1498000,18962,Pośrednik,,18,https://adresowo.pl/o/mieszkanie-krakow-pradnik-czerwony-ul-franciszka-bohomolca-4-pokojowe-a1w6r9,https://s2.adresowa.pl/oi/38/56/3c6a52_b1cb_cover@2x-4-pokojowe-mieszkanie-krakow-pradnik-czerwony-ul-franciszka-bohomolca.webp
Kraków Czyżyny,os. Akademickie,1,30,580000,19333,Pośrednik,,30,https://adresowo.pl/o/mieszkanie-krakow-czyzyny-os-akademickie-1-pokoj-k1s5t4,https://s2.adresowa.pl/oi/1c/32/3c69c4_3bbb_cover@2x-1-pokojowe-mieszkanie-krakow-czyzyny-os-akademickie.webp
Kraków Dębniki,ul. Zakrzowiecka,4,118,2270000,19237,bez pośredników,,39,https://adresowo.pl/o/mieszkanie-krakow-debniki-ul-zakrzowiecka-4-pokojowe-y4n5f9,https://s2.adresowa.pl/oi/75/4a/373614_a2a1_cover@2x-4-pokojowe-mieszkanie-krakow-debniki-ul-zakrzowiecka.webp
Kraków Stare Miasto,ul. Szlak,2,57,1349000,23667,bez pośredników,,8,https://adresowo.pl/o/mieszkanie-krakow-stare-miasto-ul-szlak-2-pokojowe-n9c7g3,https://s2.adresowa.pl/oi/7d/5c/36ecae_9ca0_cover@2x-2-pokojowe-mieszkanie-krakow-stare-miasto-ul-szlak.webp
Kraków Dębniki,ul. dr. Jana Piltza,3,73,1320000,18082,bez pośredników,,14,https://adresowo.pl/o/mieszkanie-krakow-debniki-ul-dr-jana-piltza-3-pokojowe-n8t2h9,https://s2.adresowa.pl/oi/63/3c/36c664_7146_cover@2x-3-pokojowe-mieszkanie-krakow-debniki-ul-dr-jana-piltza.webp
Kraków Śródmieście,ul. Żelazna,1,20,460000,23000,Pośrednik,,8,https://adresowo.pl/o/mieszkanie-krakow-srodmiescie-ul-zelazna-1-pokoj-m5s8w2,https://s2.adresowa.pl/oi/49/3a/3c691a_b11c_cover@2x-1-pokojowe-mieszkanie-krakow-srodmiescie-ul-zelazna.webp
Kraków Dębniki,ul. św. Jacka,2,46,499000,10848,Pośrednik,,16,https://adresowo.pl/o/mieszkanie-krakow-debniki-ul-sw-jacka-2-pokojowe-b2e7d0,https://s2.adresowa.pl/oi/48/18/3c55fc_5b05_cover@2x-2-pokojowe-mieszkanie-krakow-debniki-ul-sw-jacka.webp
Kraków Prądnik Biały,ul. Pękowicka,2,49,895000,18265,bez pośredników,,8,https://adresowo.pl/o/mieszkanie-krakow-pradnik-bialy-ul-pekowicka-2-pokojowe-j6q6a0,https://s2.adresowa.pl/oi/26/6b/36bc64_9a25_cover@2x-2-pokojowe-mieszkanie-krakow-pradnik-bialy-ul-pekowicka.webp
Kraków,ul. Piaskowa,1,27,590000,21852,bez pośredników,,7,https://adresowo.pl/o/mieszkanie-krakow-ul-piaskowa-1-pokoj-z2s7j6,https://s2.adresowa.pl/oi/7e/33/3650c8_769f_cover@2x-1-pokojowe-mieszkanie-krakow-ul-piaskowa.webp
Kraków Podgórze,ul. Zdunów,2,57,750000,13158,bez pośredników,,6,https://adresowo.pl/o/mieszkanie-krakow-podgorze-ul-zdunow-2-pokojowe-j2e1s0,https://s2.adresowa.pl/oi/2e/54/362e32_773c_cover@2x-2-pokojowe-mieszkanie-krakow-podgorze-ul-zdunow.webp
Kraków Prądnik Czerwony,ul. ks. Józefa Meiera,1,35,550000,15714,Pośrednik,,22,https://adresowo.pl/o/mieszkanie-krakow-pradnik-czerwony-ul-ks-jozefa-meiera-1-pokoj-s4g5h2,https://s2.adresowa.pl/oi/79/6d/3c55ea_cd29_cover@2x-1-pokojowe-mieszkanie-krakow-pradnik-czerwony-ul-ks-jozefa-meiera.webp
Kraków Podgórze,ul. Jana Sas-Zubrzyckiego,3,47,670000,14255,Pośrednik,,1,https://adresowo.pl/o/mieszkanie-krakow-podgorze-ul-jana-sas-zubrzyckiego-3-pokojowe-u9b6g9,https://s2.adresowa.pl/oi/1c/67/3c4f18_ea4b_cover@2x-3-pokojowe-mieszkanie-krakow-podgorze-ul-jana-sas-zubrzyckiego.webp
Kraków Stare Miasto,ul. Długa,4,76,1340500,17638,bez pośredników,,11,https://adresowo.pl/o/mieszkanie-krakow-stare-miasto-ul-dluga-4-pokojowe-v4b2w2,https://s2.adresowa.pl/oi/36/28/3627a8_f487_cover@2x-4-pokojowe-mieszkanie-krakow-stare-miasto-ul-dluga.webp
Kraków Bronowice Wielkie,ul. Balicka,4,220,2569000,11677,bez pośredników,,8,https://adresowo.pl/o/mieszkanie-krakow-bronowice-wielkie-ul-balicka-4-pokojowe-u7l3x2,https://s2.adresowa.pl/oi/3a/6e/35f7dc_c8f7_cover@2x-4-pokojowe-mieszkanie-krakow-bronowice-wielkie-ul-balicka.webp
Kraków Grzegórzki,ul. Stanisława Moniuszki,5,143,1900000,13287,bez pośredników,,16,https://adresowo.pl/o/mieszkanie-krakow-grzegorzki-ul-stanislawa-moniuszki-5-pokojowe-g1z8c1,https://s2.adresowa.pl/oi/3e/43/35a3d8_f75e_cover@2x-5-pokojowe-mieszkanie-krakow-grzegorzki-ul-stanislawa-moniuszki.webp
Kraków Grzegórzki,ul. Masarska,2,47,1220000,25957,Pośrednik,,28,https://adresowo.pl/o/mieszkanie-krakow-grzegorzki-ul-masarska-2-pokojowe-y9w8n9,https://s2.adresowa.pl/oi/7d/5c/3c482c_6295_cover@2x-2-pokojowe-mieszkanie-krakow-grzegorzki-ul-masarska.webp
Kraków Krowodrza,ul. św. Teresy,2,41,998640,24357,Pośrednik,,5,https://adresowo.pl/o/mieszkanie-krakow-krowodrza-ul-sw-teresy-2-pokojowe-b3h8k7,https://s2.adresowa.pl/oi/6c/4b/3c43ca_f0ef_cover@2x-2-pokojowe-mieszkanie-krakow-krowodrza-ul-sw-teresy.webp
Kraków Podgórze,ul. Stanisława Mitery,3,59,920000,15593,bez pośredników,,12,https://adresowo.pl/o/mieszkanie-krakow-podgorze-ul-stanislawa-mitery-3-pokojowe-n9p5c3,https://s2.adresowa.pl/oi/17/4d/356c90_dc43_cover@2x-3-pokojowe-mieszkanie-krakow-podgorze-ul-stanislawa-mitery.webp
Kraków Krowodrza,ul. ks. Kazimierza Siemaszki,2,43,558000,12977,bez pośredników,,8,https://adresowo.pl/o/mieszkanie-krakow-krowodrza-ul-ks-kazimierza-siemaszki-2-pokojowe-a9x3w1,https://s2.adresowa.pl/oi/74/22/353d7e_a89e_cover@2x-2-pokojowe-mieszkanie-krakow-krowodrza-ul-ks-kazimierza-siemaszki.webp
Kraków Śródmieście,os. Akademickie,4,98,1112000,11347,bez pośredników,,16,https://adresowo.pl/o/mieszkanie-krakow-srodmiescie-os-akademickie-4-pokojowe-i9l0c2,https://s2.adresowa.pl/oi/33/2a/353242_5084_cover@2x-4-pokojowe-mieszkanie-krakow-srodmiescie-os-akademickie.webp
Kraków Swoszowice,ul. Mirosława Krzyżańskiego,3,64,789990,12344,Pośrednik,,14,https://adresowo.pl/o/mieszkanie-krakow-swoszowice-ul-miroslawa-krzyzanskiego-3-pokojowe-b0d4p9,https://s2.adresowa.pl/oi/49/78/3c4156_8d13_cover@2x-3-pokojowe-mieszkanie-krakow-swoszowice-ul-miroslawa-krzyzanskiego.webp
Kraków Prądnik Czerwony,ul. Józefa Łepkowskiego,3,63,951450,15102,Pośrednik,,8,https://adresowo.pl/o/mieszkanie-krakow-pradnik-czerwony-ul-jozefa-lepkowskiego-3-pokojowe-m1q2o5,https://s2.adresowa.pl/oi/74/29/3c40f4_296b_cover@2x-3-pokojowe-mieszkanie-krakow-pradnik-czerwony-ul-jozefa-lepkowskiego.webp
Kraków Krowodrza,ul. Wrocławska,2,40,699000,17475,bez pośredników,,10,https://adresowo.pl/o/mieszkanie-krakow-krowodrza-ul-wroclawska-2-pokojowe-w0d1x0,https://s2.adresowa.pl/oi/42/21/351cb6_ff64_cover@2x-2-pokojowe-mieszkanie-krakow-krowodrza-ul-wroclawska.webp
Kraków Śródmieście,al. płk. Władysława Beliny-Prażmowskiego,2,43,775000,18023,bez pośredników,,18,https://adresowo.pl/o/mieszkanie-krakow-srodmiescie-al-plk-wladyslawa-beliny-prazmowskiego-2-pokojowe-b5s9y8,https://s2.adresowa.pl/oi/7e/63/3503d4_b998_cover@2x-2-pokojowe-mieszkanie-krakow-srodmiescie-al-plk-wladyslawa-beliny-prazmowskiego.webp
Kraków Dębniki,ul. Barska,1,28,850000,30357,bez pośredników,,15,https://adresowo.pl/o/mieszkanie-krakow-debniki-ul-barska-1-pokoj-m3c2q9,https://s2.adresowa.pl/oi/56/34/34fb36_bf94_cover@2x-1-pokojowe-mieszkanie-krakow-debniki-ul-barska.webp
Kraków Podgórze Duchackie,ul. Walerego Sławka,3,56,959000,17125,Pośrednik,,21,https://adresowo.pl/o/mieszkanie-krakow-podgorze-duchackie-ul-walerego-slawka-3-pokojowe-o7n2t3,https://s2.adresowa.pl/oi/1a/3e/3c2d9e_3ab6_cover@2x-3-pokojowe-mieszkanie-krakow-podgorze-duchackie-ul-walerego-slawka.webp
Kraków,Kurdwanów,3,46,779000,16935,Pośrednik,,19,https://adresowo.pl/o/mieszkanie-krakow-kurdwanow-3-pokojowe-46-m2-y1d5f2,https://s2.adresowa.pl/oi/5d/37/3c226c_3eb3_cover@2x-3-pokojowe-mieszkanie-krakow-kurdwanow.webp
Kraków Dębniki,ul. Kobierzyńska,1,23,379000,16478,bez pośredników,,15,https://adresowo.pl/o/mieszkanie-krakow-debniki-ul-kobierzynska-1-pokoj-k4l9q8,https://s2.adresowa.pl/oi/54/4b/34c8de_efe7_cover@2x-1-pokojowe-mieszkanie-krakow-debniki-ul-kobierzynska.webp
Kraków Prokocim,ul. Leonida Teligi,3,56,829000,14804,bez pośredników,,23,https://adresowo.pl/o/mieszkanie-krakow-prokocim-ul-leonida-teligi-3-pokojowe-k9i7u3,https://s2.adresowa.pl/oi/1e/37/348a02_731b_cover@2x-3-pokojowe-mieszkanie-krakow-prokocim-ul-leonida-teligi.webp
Kraków Podgórze,ul. Rydlówka,2,62,1280000,20645,bez pośredników,,18,https://adresowo.pl/o/mieszkanie-krakow-podgorze-ul-rydlowka-2-pokojowe-j3l4p0,https://s2.adresowa.pl/oi/6a/5d/3448ba_eadb_cover@2x-2-pokojowe-mieszkanie-krakow-podgorze-ul-rydlowka.webp
Kraków Bieńczyce,os. Albertyńskie,2,45,570000,12667,Pośrednik,,25,https://adresowo.pl/o/mieszkanie-krakow-bienczyce-os-albertynskie-2-pokojowe-g9s8s0,https://s2.adresowa.pl/oi/69/46/3c1d44_4ef0_cover@2x-2-pokojowe-mieszkanie-krakow-bienczyce-os-albertynskie.webp
Kraków Czyżyny,al. Jana Pawła II,2,47,720000,15319,Pośrednik,,11,https://adresowo.pl/o/mieszkanie-krakow-czyzyny-al-jana-pawla-ii-2-pokojowe-e1l7z4,https://s2.adresowa.pl/oi/37/3d/3c1b5e_4bfb_cover@2x-2-pokojowe-mieszkanie-krakow-czyzyny-al-jana-pawla-ii.webp
Kraków Podgórze Duchackie,ul. Kalwaryjska,3,58,750000,12931,bez pośredników,,8,https://adresowo.pl/o/mieszkanie-krakow-podgorze-duchackie-ul-kalwaryjska-3-pokojowe-q5n7y3,https://s2.adresowa.pl/oi/4f/4e/342f4a_4a2d_cover@2x-3-pokojowe-mieszkanie-krakow-podgorze-duchackie-ul-kalwaryjska.webp
Kraków Krowodrza,ul. Rusznikarska,3,46,699000,15196,bez pośredników,,1,https://adresowo.pl/o/mieszkanie-krakow-krowodrza-ul-rusznikarska-3-pokojowe-h1i7e9,https://s2.adresowa.pl/oi/48/25/33e924_652e_cover@2x-3-pokojowe-mieszkanie-krakow-krowodrza-ul-rusznikarska.webp
Kraków Dębniki,ul. Czerwone Maki,2,51,800000,15686,bez pośredników,,8,https://adresowo.pl/o/mieszkanie-krakow-debniki-ul-czerwone-maki-2-pokojowe-m0t8q5,https://s2.adresowa.pl/oi/1f/60/33c3c2_4fbd_cover@2x-2-pokojowe-mieszkanie-krakow-debniki-ul-czerwone-maki.webp
Kraków Podgórze,ul. Wielicka,3,71,990000,13944,Pośrednik,,13,https://adresowo.pl/o/mieszkanie-krakow-podgorze-ul-wielicka-3-pokojowe-x8r7m9,https://s2.adresowa.pl/oi/2d/2b/3c151c_919e_cover@2x-3-pokojowe-mieszkanie-krakow-podgorze-ul-wielicka.webp
Kraków Swoszowice,ul. Macieja Dębskiego,3,49,675000,13776,Pośrednik,,20,https://adresowo.pl/o/mieszkanie-krakow-swoszowice-ul-macieja-debskiego-3-pokojowe-c7m3v0,https://s2.adresowa.pl/oi/42/2f/3c0ba0_cfa1_cover@2x-3-pokojowe-mieszkanie-krakow-swoszowice-ul-macieja-debskiego.webp
Kraków Azory,ul. Stanisława Lentza,2,40,600000,15000,bez pośredników,,7,https://adresowo.pl/o/mieszkanie-krakow-azory-ul-stanislawa-lentza-2-pokojowe-g4q4g1,https://s2.adresowa.pl/oi/64/27/338448_b5db_cover@2x-2-pokojowe-mieszkanie-krakow-azory-ul-stanislawa-lentza.webp
Kraków Krowodrza,ul. Litewska,2,46,705900,15346,bez pośredników,,6,https://adresowo.pl/o/mieszkanie-krakow-krowodrza-ul-litewska-2-pokojowe-s2m5k5,https://s2.adresowa.pl/oi/28/30/3349d4_f60f_cover@2x-2-pokojowe-mieszkanie-krakow-krowodrza-ul-litewska.webp
Kraków,os. Niepodległości,3,48,630000,13125,bez pośredników,,8,https://adresowo.pl/o/mieszkanie-krakow-os-niepodleglosci-3-pokojowe-o4w7u1,https://s2.adresowa.pl/oi/5b/4f/32ea7e_b3e7_cover@2x-3-pokojowe-mieszkanie-krakow-os-niepodleglosci.webp
Kraków Nowa Huta,ul. Klasztorna,3,49,679900,13876,Pośrednik,,10,https://adresowo.pl/o/mieszkanie-krakow-nowa-huta-ul-klasztorna-3-pokojowe-o4k1z8,https://s2.adresowa.pl/oi/11/6f/3bf1ee_822f_cover@2x-3-pokojowe-mieszkanie-krakow-nowa-huta-ul-klasztorna.webp
Kraków Dębniki,ul. Borkowska,2,40,615000,15375,Pośrednik,,22,https://adresowo.pl/o/mieszkanie-krakow-debniki-ul-borkowska-2-pokojowe-w5z3x7,https://s2.adresowa.pl/oi/4e/50/3be308_5bbc_cover@2x-2-pokojowe-mieszkanie-krakow-debniki-ul-borkowska.webp
Kraków Kurdwanów,ul. Pagórkowa,3,62,360000,5806,bez pośredników,,8,https://adresowo.pl/o/mieszkanie-krakow-kurdwanow-ul-pagorkowa-3-pokojowe-m9q2z2,https://s2.adresowa.pl/oi/74/72/32dffe_d383_cover@2x-3-pokojowe-mieszkanie-krakow-kurdwanow-ul-pagorkowa.webp
Kraków Nowa Huta,ul. Burzowa,3,96,835000,8698,bez pośredników,,6,https://adresowo.pl/o/mieszkanie-krakow-nowa-huta-ul-burzowa-3-pokojowe-y7i9c6,https://s2.adresowa.pl/oi/58/26/32d56c_ae45_cover@2x-3-pokojowe-mieszkanie-krakow-nowa-huta-ul-burzowa.webp
Kraków Bieżanów,ul. ks. Piotra Ściegiennego,3,68,910000,13382,bez pośredników,,17,https://adresowo.pl/o/mieszkanie-krakow-biezanow-ul-ks-piotra-sciegiennego-3-pokojowe-x0e8f9,https://s2.adresowa.pl/oi/59/4d/32bcb4_97d0_cover@2x-3-pokojowe-mieszkanie-krakow-biezanow-ul-ks-piotra-sciegiennego.webp
Kraków Stare Miasto,ul. marsz. Józefa Piłsudskiego,1,21,499000,23762,Pośrednik,,12,https://adresowo.pl/o/mieszkanie-krakow-stare-miasto-ul-marsz-jozefa-pilsudskiego-1-pokoj-q5x3d0,https://s2.adresowa.pl/oi/58/60/3bd6e4_a274_cover@2x-1-pokojowe-mieszkanie-krakow-stare-miasto-ul-marsz-jozefa-pilsudskiego.webp
Kraków Dębniki,ul. Spacerowa,4,58,749000,12914,Pośrednik,,20,https://adresowo.pl/o/mieszkanie-krakow-debniki-ul-spacerowa-4-pokojowe-w3s1q3,https://s2.adresowa.pl/oi/6b/4e/3bd4b2_71b4_cover@2x-4-pokojowe-mieszkanie-krakow-debniki-ul-spacerowa.webp
Kraków Nowa Huta,ul. Stare Wiślisko,4,95,1329905,13999,bez pośredników,,10,https://adresowo.pl/o/mieszkanie-krakow-nowa-huta-ul-stare-wislisko-4-pokojowe-h0n5a2,https://s2.adresowa.pl/oi/2c/58/31fdcc_6a19_cover@2x-4-pokojowe-mieszkanie-krakow-nowa-huta-ul-stare-wislisko.webp
Kraków Kazimierz,ul. Starowiślna,4,104,1650000,15865,bez pośredników,,17,https://adresowo.pl/o/mieszkanie-krakow-kazimierz-ul-starowislna-4-pokojowe-e1c2u9,https://s2.adresowa.pl/oi/71/7a/31ee70_cccc_cover@2x-4-pokojowe-mieszkanie-krakow-kazimierz-ul-starowislna.webp
Kraków Bieńczyce,ul. Łużycka,2,45,598500,13300,bez pośredników,,8,https://adresowo.pl/o/mieszkanie-krakow-bienczyce-ul-luzycka-2-pokojowe-q0o0e3,https://s2.adresowa.pl/oi/2e/44/31af2c_ffff_cover@2x-2-pokojowe-mieszkanie-krakow-bienczyce-ul-luzycka.webp
Kraków Dębniki,ul. Babinicza,3,74,950000,12838,Pośrednik,,26,https://adresowo.pl/o/mieszkanie-krakow-debniki-ul-babinicza-3-pokojowe-r2n8b6,https://s2.adresowa.pl/oi/1b/36/3bc1ec_a8e1_cover@2x-3-pokojowe-mieszkanie-krakow-debniki-ul-babinicza.webp
Kraków Krowodrza,ul. Fryderyka Chopina,2,67,1239000,18493,Pośrednik,,24,https://adresowo.pl/o/mieszkanie-krakow-krowodrza-ul-fryderyka-chopina-2-pokojowe-k3g2f6,https://s2.adresowa.pl/oi/1b/37/3bc10c_8ce8_cover@2x-2-pokojowe-mieszkanie-krakow-krowodrza-ul-fryderyka-chopina.webp
Kraków Prądnik Czerwony,ul. Strzelców,3,51,825000,16176,bez pośredników,,16,https://adresowo.pl/o/mieszkanie-krakow-pradnik-czerwony-ul-strzelcow-3-pokojowe-d0k6b6,https://s2.adresowa.pl/oi/42/62/3185fe_46e4_cover@2x-3-pokojowe-mieszkanie-krakow-pradnik-czerwony-ul-strzelcow.webp
Kraków Bieżanów,ul. Henryka Hoyera,6,236,1150000,4873,bez pośredników,,13,https://adresowo.pl/o/mieszkanie-krakow-biezanow-ul-henryka-hoyera-6-pokojowe-o0g0m9,https://s2.adresowa.pl/oi/4b/5d/313294_dba9_cover@2x-6-pokojowe-mieszkanie-krakow-biezanow-ul-henryka-hoyera.webp
Kraków Borek Fałęcki,ul. Ernesta Solvaya,3,84,1100000,13095,bez pośredników,,10,https://adresowo.pl/o/mieszkanie-krakow-borek-falecki-ul-ernesta-solvaya-3-pokojowe-o6r3d3,https://s2.adresowa.pl/oi/6f/37/30fc4e_c1b1_cover@2x-3-pokojowe-mieszkanie-krakow-borek-falecki-ul-ernesta-solvaya.webp
Kraków Podgórze,ul. Kosocicka,4,78,1134000,14538,Pośrednik,,14,https://adresowo.pl/o/mieszkanie-krakow-podgorze-ul-kosocicka-4-pokojowe-f7u5u8,https://s2.adresowa.pl/oi/57/7d/3bc0ca_d5ee_cover@2x-4-pokojowe-mieszkanie-krakow-podgorze-ul-kosocicka.webp
Kraków,ul. Josepha Conrada 27,2,34,585000,17206,Pośrednik,,5,https://adresowo.pl/o/mieszkanie-krakow-ul-josepha-conrada-2-pokojowe-w9c3w5,https://s2.adresowa.pl/oi/41/24/3ba41c_73fe_cover@2x-2-pokojowe-mieszkanie-krakow-ul-josepha-conrada.webp
Kraków Podgórze,ul. Ludwika Rydygiera,2,48,799000,16646,bez pośredników,,14,https://adresowo.pl/o/mieszkanie-krakow-podgorze-ul-ludwika-rydygiera-2-pokojowe-h8l5o8,https://s2.adresowa.pl/oi/5f/76/30d088_4467_cover@2x-2-pokojowe-mieszkanie-krakow-podgorze-ul-ludwika-rydygiera.webp
Kraków Nowa Huta,os. Szkolne,3,53,835000,15755,bez pośredników,,19,https://adresowo.pl/o/mieszkanie-krakow-nowa-huta-os-szkolne-3-pokojowe-v2o4z0,https://s2.adresowa.pl/oi/2e/58/305590_3334_cover@2x-3-pokojowe-mieszkanie-krakow-nowa-huta-os-szkolne.webp
Kraków Dębniki,ul. Lubostroń,2,37,590000,15946,bez pośredników,,9,https://adresowo.pl/o/mieszkanie-krakow-debniki-ul-lubostron-2-pokojowe-y9l1o7,https://s2.adresowa.pl/oi/27/15/2ff6c8_34ac_cover@2x-2-pokojowe-mieszkanie-krakow-debniki-ul-lubostron.webp
Kraków Prądnik Biały,os. Wolfganga Amadeusa Mozarta,3,77,1330000,17273,Pośrednik,,21,https://adresowo.pl/o/mieszkanie-krakow-pradnik-bialy-os-wolfganga-amadeusa-mozarta-3-pokojowe-r4w1o5,https://s2.adresowa.pl/oi/5f/5d/3b7b22_48cb_cover@2x-3-pokojowe-mieszkanie-krakow-pradnik-bialy-os-wolfganga-amadeusa-mozarta.webp
Kraków Prądnik Biały,ul. Łukasza Górnickiego,2,72,599000,8319,Pośrednik,,38,https://adresowo.pl/o/mieszkanie-krakow-pradnik-bialy-ul-lukasza-gornickiego-2-pokojowe-n3o0w7,https://s2.adresowa.pl/oi/25/4b/3b70e6_58df_cover@2x-2-pokojowe-mieszkanie-krakow-pradnik-bialy-ul-lukasza-gornickiego.webp
Kraków Prądnik Czerwony,ul. Fiołkowa,3,42,650000,15476,bez pośredników,,17,https://adresowo.pl/o/mieszkanie-krakow-pradnik-czerwony-ul-fiolkowa-3-pokojowe-p9l0v4,https://s2.adresowa.pl/oi/5b/53/2fef84_a463_cover@2x-3-pokojowe-mieszkanie-krakow-pradnik-czerwony-ul-fiolkowa.webp
Kraków Krowodrza,ul. Władysława Łokietka,1,30,625000,20833,bez pośredników,,12,https://adresowo.pl/o/mieszkanie-krakow-krowodrza-ul-wladyslawa-lokietka-1-pokoj-a1x3t1,https://s2.adresowa.pl/oi/68/15/2fca9c_5298_cover@2x-1-pokojowe-mieszkanie-krakow-krowodrza-ul-wladyslawa-lokietka.webp
Kraków Podgórze,ul. Romana Kiełkowskiego,1,31,699000,22548,bez pośredników,,14,https://adresowo.pl/o/mieszkanie-krakow-podgorze-ul-romana-kielkowskiego-1-pokoj-v9q6m1,https://s2.adresowa.pl/oi/49/15/2f8696_2d2a_cover@2x-1-pokojowe-mieszkanie-krakow-podgorze-ul-romana-kielkowskiego.webp
Kraków Prądnik Biały,ul. abp. Zygmunta Szczęsnego Felińskiego,2,47,619000,13170,Pośrednik,,24,https://adresowo.pl/o/mieszkanie-krakow-pradnik-bialy-ul-abp-zygmunta-szczesnego-felinskiego-2-pokojowe-a1m3j6,https://s2.adresowa.pl/oi/44/72/3b6cc8_b7cf_cover@2x-2-pokojowe-mieszkanie-krakow-pradnik-bialy-ul-abp-zygmunta-szczesnego-felinskiego.webp
Kraków Bronowice,ul. Samuela Lindego,4,102,2199000,21559,Pośrednik,,10,https://adresowo.pl/o/mieszkanie-krakow-bronowice-ul-samuela-lindego-4-pokojowe-n9h7f7,https://s2.adresowa.pl/oi/44/11/3b65a8_7f36_cover@2x-4-pokojowe-mieszkanie-krakow-bronowice-ul-samuela-lindego.webp
Kraków Podgórze,ul. Kalwaryjska,2,56,819000,14625,bez pośredników,,14,https://adresowo.pl/o/mieszkanie-krakow-podgorze-ul-kalwaryjska-2-pokojowe-z3n1q0,https://s2.adresowa.pl/oi/6b/26/2f85a2_4304_cover@2x-2-pokojowe-mieszkanie-krakow-podgorze-ul-kalwaryjska.webp
Kraków Swoszowice,ul. Macieja Dębskiego,3,49,730000,14898,bez pośredników,,20,https://adresowo.pl/o/mieszkanie-krakow-swoszowice-ul-macieja-debskiego-3-pokojowe-i8k2k7,https://s2.adresowa.pl/oi/15/5c/2f35e8_d6d2_cover@2x-3-pokojowe-mieszkanie-krakow-swoszowice-ul-macieja-debskiego.webp
Kraków Prokocim,ul. Erazma Jerzmanowskiego,3,68,899000,13221,bez pośredników,,18,https://adresowo.pl/o/mieszkanie-krakow-prokocim-ul-erazma-jerzmanowskiego-3-pokojowe-w3g3l8,https://s2.adresowa.pl/oi/16/20/2df016_a539_cover@2x-3-pokojowe-mieszkanie-krakow-prokocim-ul-erazma-jerzmanowskiego.webp
Kraków Śródmieście,ul. Mogilska,3,57,1301850,22839,Pośrednik,,6,https://adresowo.pl/o/mieszkanie-krakow-srodmiescie-ul-mogilska-3-pokojowe-h9x8u6,https://s2.adresowa.pl/oi/2e/62/3b6480_b234_cover@2x-3-pokojowe-mieszkanie-krakow-srodmiescie-ul-mogilska.webp
Kraków Śródmieście,ul. Mogilska,3,70,1647820,23540,Pośrednik,,6,https://adresowo.pl/o/mieszkanie-krakow-srodmiescie-ul-mogilska-3-pokojowe-y9k5q4,https://s2.adresowa.pl/oi/38/3f/3b646c_3896_cover@2x-3-pokojowe-mieszkanie-krakow-srodmiescie-ul-mogilska.webp
Kraków Bronowice,ul. Stelmachów,2,44,749990,17045,bez pośredników,,20,https://adresowo.pl/o/mieszkanie-krakow-bronowice-ul-stelmachow-2-pokojowe-g9p8q9,https://s2.adresowa.pl/oi/4a/71/3ee6b0_8651_cover@2x-2-pokojowe-mieszkanie-krakow-bronowice-ul-stelmachow.webp
Kraków Śródmieście,ul. Czarnowiejska,1,34,679000,19971,bez pośredników,,8,https://adresowo.pl/o/mieszkanie-krakow-srodmiescie-ul-czarnowiejska-1-pokoj-o7t4n0,https://s2.adresowa.pl/oi/1a/3c/2d4836_cc56_cover@2x-1-pokojowe-mieszkanie-krakow-srodmiescie-ul-czarnowiejska.webp
Kraków Zabłocie,ul. Tadeusza Romanowicza,2,37,850000,22973,bez pośredników,,6,https://adresowo.pl/o/mieszkanie-krakow-zablocie-ul-tadeusza-romanowicza-2-pokojowe-s1u4k8,https://s2.adresowa.pl/oi/2f/48/2cfafc_27e0_cover@2x-2-pokojowe-mieszkanie-krakow-zablocie-ul-tadeusza-romanowicza.webp
Kraków Śródmieście,ul. Podskale,2,34,768000,22588,bez pośredników,,7,https://adresowo.pl/o/mieszkanie-krakow-srodmiescie-ul-podskale-2-pokojowe-q1i6f7,https://s2.adresowa.pl/oi/49/60/2bdcb6_fd65_cover@2x-2-pokojowe-mieszkanie-krakow-srodmiescie-ul-podskale.webp
Kraków Śródmieście,ul. Mogilska,2,47,1023400,21774,Pośrednik,,5,https://adresowo.pl/o/mieszkanie-krakow-srodmiescie-ul-mogilska-2-pokojowe-d4e4e2,https://s2.adresowa.pl/oi/46/1e/3b6424_c544_cover@2x-2-pokojowe-mieszkanie-krakow-srodmiescie-ul-mogilska.webp
Kraków Śródmieście,ul. Mogilska,2,36,958880,26636,Pośrednik,,25,https://adresowo.pl/o/mieszkanie-krakow-srodmiescie-ul-mogilska-2-pokojowe-b6s6w5,https://s2.adresowa.pl/oi/39/11/3b6412_75aa_cover@2x-2-pokojowe-mieszkanie-krakow-srodmiescie-ul-mogilska.webp
Kraków Grębałów,ul. Grębałowska,2,29,360000,12414,bez pośredników,,7,https://adresowo.pl/o/mieszkanie-krakow-grebalow-ul-grebalowska-2-pokojowe-y8d9j3,https://s2.adresowa.pl/oi/5c/33/2b0d7c_6b06_cover@2x-2-pokojowe-mieszkanie-krakow-grebalow-ul-grebalowska.webp
Kraków Kazimierz,ul. św. Wawrzyńca,2,42,748000,17810,bez pośredników,,11,https://adresowo.pl/o/mieszkanie-krakow-kazimierz-ul-sw-wawrzynca-2-pokojowe-i0z0m3,https://s2.adresowa.pl/oi/6e/69/2a329e_dc1c_cover@2x-2-pokojowe-mieszkanie-krakow-kazimierz-ul-sw-wawrzynca.webp
Kraków Krowodrza,ul. gen. Augusta Fieldorfa-Nila,3,73,1320000,18082,bez pośredników,,8,https://adresowo.pl/o/mieszkanie-krakow-krowodrza-ul-gen-augusta-fieldorfa-nila-3-pokojowe-n1c7y6,https://s2.adresowa.pl/oi/10/60/2a169c_ce86_cover@2x-3-pokojowe-mieszkanie-krakow-krowodrza-ul-gen-augusta-fieldorfa-nila.webp
Kraków Śródmieście,ul. Mogilska,3,68,1570440,23095,Pośrednik,,6,https://adresowo.pl/o/mieszkanie-krakow-srodmiescie-ul-mogilska-3-pokojowe-y3z0o2,https://s2.adresowa.pl/oi/3a/3f/3b63f4_f03f_cover@2x-3-pokojowe-mieszkanie-krakow-srodmiescie-ul-mogilska.webp
Kraków Śródmieście,ul. Mogilska,3,57,1330780,23347,Pośrednik,,5,https://adresowo.pl/o/mieszkanie-krakow-srodmiescie-ul-mogilska-3-pokojowe-e2y4m4,https://s2.adresowa.pl/oi/6d/40/3b63d2_40ba_cover@2x-3-pokojowe-mieszkanie-krakow-srodmiescie-ul-mogilska.webp
Kraków Nowa Huta,os. Centrum A,2,47,570000,12128,Pośrednik,,29,https://adresowo.pl/o/mieszkanie-krakow-nowa-huta-os-centrum-a-2-pokojowe-e2u0s3,https://s2.adresowa.pl/oi/2e/4e/3b5a44_eb89_cover@2x-2-pokojowe-mieszkanie-krakow-nowa-huta-os-centrum-a.webp
Kraków Śródmieście,ul. św. Tomasza,3,87,2650000,30460,Pośrednik,,21,https://adresowo.pl/o/mieszkanie-krakow-srodmiescie-ul-sw-tomasza-3-pokojowe-r7l4t4,https://s2.adresowa.pl/oi/26/68/3b54c6_442a_cover@2x-3-pokojowe-mieszkanie-krakow-srodmiescie-ul-sw-tomasza.webp
Kraków Stare Miasto,ul. Mikołaja Zyblikiewicza,4,107,1999000,18682,bez pośredników,,1,https://adresowo.pl/o/mieszkanie-krakow-stare-miasto-ul-mikolaja-zyblikiewicza-4-pokojowe-w7m0k3,https://s2.adresowa.pl/oi/62/53/26f142_7c29_cover@2x-4-pokojowe-mieszkanie-krakow-stare-miasto-ul-mikolaja-zyblikiewicza.webp
Kraków Ruczaj,ul. Zygmunta Miłkowskiego,3,80,997000,12462,Pośrednik,,9,https://adresowo.pl/o/mieszkanie-krakow-ruczaj-ul-zygmunta-milkowskiego-3-pokojowe-z8x0f4,https://s2.adresowa.pl/oi/78/16/3b4d1a_78ef_cover@2x-3-pokojowe-mieszkanie-krakow-ruczaj-ul-zygmunta-milkowskiego.webp
Kraków Nowa Huta,os. Słoneczne,3,36,499000,13861,Pośrednik,,14,https://adresowo.pl/o/mieszkanie-krakow-nowa-huta-os-sloneczne-3-pokojowe-q1y2k2,https://s2.adresowa.pl/oi/2e/7c/3b4a2e_c8d9_cover@2x-3-pokojowe-mieszkanie-krakow-nowa-huta-os-sloneczne.webp
Kraków Dębniki,ul. Ruczaj,2,49,675000,13776,Pośrednik,,12,https://adresowo.pl/o/mieszkanie-krakow-debniki-ul-ruczaj-2-pokojowe-a4p2v0,https://s2.adresowa.pl/oi/73/27/3b2f12_730b_cover@2x-2-pokojowe-mieszkanie-krakow-debniki-ul-ruczaj.webp
Kraków Krowodrza,ul. Emilii Plater,2,41,590000,14390,Pośrednik,,14,https://adresowo.pl/o/mieszkanie-krakow-krowodrza-ul-emilii-plater-2-pokojowe-z5b0x3,https://s2.adresowa.pl/oi/72/7d/3b1af8_9783_cover@2x-2-pokojowe-mieszkanie-krakow-krowodrza-ul-emilii-plater.webp
Kraków Stare Miasto,ul. Grodzka 15,3,117,2650000,22650,Pośrednik,,28,https://adresowo.pl/o/mieszkanie-krakow-stare-miasto-ul-grodzka-3-pokojowe-a3p8v3,https://s2.adresowa.pl/oi/79/38/3b12e8_d28d_cover@2x-3-pokojowe-mieszkanie-krakow-stare-miasto-ul-grodzka.webp
Kraków,ul. Rakowicka 20L,2,46,1242810,27018,Pośrednik,,11,https://adresowo.pl/o/mieszkanie-krakow-ul-rakowicka-2-pokojowe-y3r2s4,https://s2.adresowa.pl/oi/4c/6b/3b017e_8d82_cover@2x-2-pokojowe-mieszkanie-krakow-ul-rakowicka.webp
Kraków Kurdwanów,ul. Jana Hallera,2,50,639000,12780,Pośrednik,,10,https://adresowo.pl/o/mieszkanie-krakow-kurdwanow-ul-jana-hallera-2-pokojowe-c1y2g7,https://s2.adresowa.pl/oi/3f/64/3b0050_ac28_cover@2x-2-pokojowe-mieszkanie-krakow-kurdwanow-ul-jana-hallera.webp
Kraków Bronowice,ul. Adama Staszczyka 2,3,59,849000,14390,Pośrednik,,20,https://adresowo.pl/o/mieszkanie-krakow-bronowice-ul-adama-staszczyka-3-pokojowe-k5l9o5,https://s2.adresowa.pl/oi/3c/5c/3afade_493a_cover@2x-3-pokojowe-mieszkanie-krakow-bronowice-ul-adama-staszczyka.webp
Kraków Czyżyny,os. Dywizjonu 303,2,50,650000,13000,Pośrednik,,14,https://adresowo.pl/o/mieszkanie-krakow-czyzyny-os-dywizjonu-303-2-pokojowe-e2q8c2,https://s2.adresowa.pl/oi/66/17/3af79c_eed1_cover@2x-2-pokojowe-mieszkanie-krakow-czyzyny-os-dywizjonu-303.webp
Kraków Podgórze Duchackie,ul. Podedworze,3,55,698000,12691,Pośrednik,,19,https://adresowo.pl/o/mieszkanie-krakow-podgorze-duchackie-ul-podedworze-3-pokojowe-y9l4p4,https://s2.adresowa.pl/oi/18/7b/3ae6f8_27fe_cover@2x-3-pokojowe-mieszkanie-krakow-podgorze-duchackie-ul-podedworze.webp
Kraków Mistrzejowice,os. Bohaterów Września,2,53,638000,12038,Pośrednik,,19,https://adresowo.pl/o/mieszkanie-krakow-mistrzejowice-os-bohaterow-wrzesnia-2-pokojowe-b1n1f1,https://s2.adresowa.pl/oi/48/67/3ae302_27ec_cover@2x-2-pokojowe-mieszkanie-krakow-mistrzejowice-os-bohaterow-wrzesnia.webp
Kraków Stare Miasto,ul. Mikołaja Zyblikiewicza,4,98,1850000,18878,Pośrednik,,27,https://adresowo.pl/o/mieszkanie-krakow-stare-miasto-ul-mikolaja-zyblikiewicza-4-pokojowe-j8k1d9,https://s2.adresowa.pl/oi/28/52/3ac3bc_c36b_cover@2x-4-pokojowe-mieszkanie-krakow-stare-miasto-ul-mikolaja-zyblikiewicza.webp
Kraków,ul. Edwarda Szymańskiego,3,46,593979,12913,Pośrednik,,3,https://adresowo.pl/o/mieszkanie-krakow-ul-edwarda-szymanskiego-3-pokojowe-j5a4f0,https://s2.adresowa.pl/oi/55/2d/3abd12_9a67_cover@2x-3-pokojowe-mieszkanie-krakow-ul-edwarda-szymanskiego.webp
Kraków Dębniki,ul. Mieczykowa,3,84,995000,11845,Pośrednik,,40,https://adresowo.pl/o/mieszkanie-krakow-debniki-ul-mieczykowa-3-pokojowe-o2w4m6,https://s2.adresowa.pl/oi/7a/2a/3a96d4_da8e_cover@2x-3-pokojowe-mieszkanie-krakow-debniki-ul-mieczykowa.webp
Kraków Prądnik Biały,ul. Papierni Prądnickich 80,3,81,1599000,19741,Pośrednik,,28,https://adresowo.pl/o/mieszkanie-krakow-pradnik-bialy-ul-papierni-pradnickich-3-pokojowe-j1f3a2,https://s2.adresowa.pl/oi/2b/22/3a84ee_d0de_cover@2x-3-pokojowe-mieszkanie-krakow-pradnik-bialy-ul-papierni-pradnickich.webp
Kraków Stare Miasto,ul. Bonerowska,1,22,350000,15909,Pośrednik,,21,https://adresowo.pl/o/mieszkanie-krakow-stare-miasto-ul-bonerowska-1-pokoj-m2k1p2,https://s2.adresowa.pl/oi/19/53/3a7226_3dd0_cover@2x-1-pokojowe-mieszkanie-krakow-stare-miasto-ul-bonerowska.webp
Kraków Bieńczyce,os. Józefa Strusia,2,44,615000,13977,Pośrednik,,8,https://adresowo.pl/o/mieszkanie-krakow-bienczyce-os-jozefa-strusia-2-pokojowe-u5h0s0,https://s2.adresowa.pl/oi/50/7c/3a6a50_4b8b_cover@2x-2-pokojowe-mieszkanie-krakow-bienczyce-os-jozefa-strusia.webp
Kraków Azory,ul. Marii Jaremy,3,54,719000,13315,Pośrednik,,16,https://adresowo.pl/o/mieszkanie-krakow-azory-ul-marii-jaremy-3-pokojowe-o0b3p1,https://s2.adresowa.pl/oi/59/26/3a5ed4_6663_cover@2x-3-pokojowe-mieszkanie-krakow-azory-ul-marii-jaremy.webp
Kraków Prądnik Biały,al. 29 Listopada,3,49,839000,17122,Pośrednik,,27,https://adresowo.pl/o/mieszkanie-krakow-pradnik-bialy-al-29-listopada-3-pokojowe-v9b6n6,https://s2.adresowa.pl/oi/4e/2f/3a5e36_bd70_cover@2x-3-pokojowe-mieszkanie-krakow-pradnik-bialy-al-29-listopada.webp
Kraków Bieńczyce,os. Józefa Strusia,3,54,645000,11944,Pośrednik,,18,https://adresowo.pl/o/mieszkanie-krakow-bienczyce-os-jozefa-strusia-3-pokojowe-v9f5v9,https://s2.adresowa.pl/oi/76/12/3a54dc_fa2d_cover@2x-3-pokojowe-mieszkanie-krakow-bienczyce-os-jozefa-strusia.webp
Kraków Prądnik Biały,ul. Kuźnicy Kołłątajowskiej,6,110,1150000,10455,Pośrednik,,27,https://adresowo.pl/o/mieszkanie-krakow-pradnik-bialy-ul-kuznicy-kollatajowskiej-6-pokojowe-r8h4f6,https://s2.adresowa.pl/oi/39/16/3a3dee_f029_cover@2x-6-pokojowe-mieszkanie-krakow-pradnik-bialy-ul-kuznicy-kollatajowskiej.webp
Kraków Krowodrza,ul. Juliusza Lea,3,46,763240,16592,Pośrednik,,19,https://adresowo.pl/o/mieszkanie-krakow-krowodrza-ul-juliusza-lea-3-pokojowe-t1u9h6,https://s2.adresowa.pl/oi/16/10/3a3270_d5c6_cover@2x-3-pokojowe-mieszkanie-krakow-krowodrza-ul-juliusza-lea.webp
Kraków,ul. Walerego Sławka,1,14,185000,13214,Pośrednik,,6,https://adresowo.pl/o/mieszkanie-krakow-ul-walerego-slawka-1-pokoj-p7o0f6,https://s2.adresowa.pl/oi/49/2f/3a2c9a_34f3_cover@2x-1-pokojowe-mieszkanie-krakow-ul-walerego-slawka.webp
Kraków Grzegórzki,ul. Fabryczna,3,63,999000,15857,Pośrednik,,21,https://adresowo.pl/o/mieszkanie-krakow-grzegorzki-ul-fabryczna-3-pokojowe-g0m1p7,https://s2.adresowa.pl/oi/5c/3d/3a1bd0_3df3_cover@2x-3-pokojowe-mieszkanie-krakow-grzegorzki-ul-fabryczna.webp
Kraków,ul. Szymona Czechowicza,2,73,709000,9712,Pośrednik,,32,https://adresowo.pl/o/mieszkanie-krakow-ul-szymona-czechowicza-2-pokojowe-n7o2v4,https://s2.adresowa.pl/oi/50/49/3a0eb8_e091_cover@2x-2-pokojowe-mieszkanie-krakow-ul-szymona-czechowicza.webp
Kraków Swoszowice,ul. Mirosława Krzyżańskiego,4,84,969105,11537,Pośrednik,,15,https://adresowo.pl/o/mieszkanie-krakow-swoszowice-ul-miroslawa-krzyzanskiego-4-pokojowe-k4t4o4,https://s2.adresowa.pl/oi/2c/4f/3a0548_60e6_cover@2x-4-pokojowe-mieszkanie-krakow-swoszowice-ul-miroslawa-krzyzanskiego.webp
Kraków Podgórze Duchackie,ul. por. Halszki,3,66,829000,12561,Pośrednik,,17,https://adresowo.pl/o/mieszkanie-krakow-podgorze-duchackie-ul-por-halszki-3-pokojowe-y0o0x8,https://s2.adresowa.pl/oi/3e/36/3a0492_d428_cover@2x-3-pokojowe-mieszkanie-krakow-podgorze-duchackie-ul-por-halszki.webp
Kraków Kurdwanów,ul. Kordiana,3,59,659000,11169,Pośrednik,,9,https://adresowo.pl/o/mieszkanie-krakow-kurdwanow-ul-kordiana-3-pokojowe-e4g8x1,https://s2.adresowa.pl/oi/28/2e/3a0470_c096_cover@2x-3-pokojowe-mieszkanie-krakow-kurdwanow-ul-kordiana.webp
Kraków Prądnik Biały,ul. Władysława Łokietka,2,38,640000,16842,Pośrednik,,26,https://adresowo.pl/o/mieszkanie-krakow-pradnik-bialy-ul-wladyslawa-lokietka-2-pokojowe-e0q0t2,https://s2.adresowa.pl/oi/41/3f/39fd20_bb49_cover@2x-2-pokojowe-mieszkanie-krakow-pradnik-bialy-ul-wladyslawa-lokietka.webp
Kraków Krowodrza,ul. Wrocławska,5,115,860000,7478,Pośrednik,,39,https://adresowo.pl/o/mieszkanie-krakow-krowodrza-ul-wroclawska-5-pokojowe-w2j0a6,https://s2.adresowa.pl/oi/4a/47/39ed1a_d9cb_cover@2x-5-pokojowe-mieszkanie-krakow-krowodrza-ul-wroclawska.webp
Kraków Bieżanów,ul. Pawła Morawiańskiego,4,76,1195000,15724,Pośrednik,,30,https://adresowo.pl/o/mieszkanie-krakow-biezanow-ul-pawla-morawianskiego-4-pokojowe-t6h0c9,https://s2.adresowa.pl/oi/43/22/39d97e_4d14_cover@2x-4-pokojowe-mieszkanie-krakow-biezanow-ul-pawla-morawianskiego.webp
Kraków Zwierzyniec,ul. Piotra Borowego,1,38,930000,24474,Pośrednik,,19,https://adresowo.pl/o/mieszkanie-krakow-zwierzyniec-ul-piotra-borowego-1-pokoj-o8m8q4,https://s2.adresowa.pl/oi/17/17/39d8e0_a394_cover@2x-1-pokojowe-mieszkanie-krakow-zwierzyniec-ul-piotra-borowego.webp
Kraków Stare Miasto,ul. Wenecja,3,86,1799000,20919,Pośrednik,,11,https://adresowo.pl/o/mieszkanie-krakow-stare-miasto-ul-wenecja-3-pokojowe-g7d2y3,https://s2.adresowa.pl/oi/1c/4e/39d540_972f_cover@2x-3-pokojowe-mieszkanie-krakow-stare-miasto-ul-wenecja.webp
Kraków Dębniki,ul. Kobierzyńska,3,64,1295000,20234,Pośrednik,,19,https://adresowo.pl/o/mieszkanie-krakow-debniki-ul-kobierzynska-3-pokojowe-i7g7b0,https://s2.adresowa.pl/oi/38/25/39d53c_31cf_cover@2x-3-pokojowe-mieszkanie-krakow-debniki-ul-kobierzynska.webp
Kraków Prądnik Biały,ul. Macieja Słomczyńskiego,2,42,609000,14500,Pośrednik,,19,https://adresowo.pl/o/mieszkanie-krakow-pradnik-bialy-ul-macieja-slomczynskiego-2-pokojowe-j5d1x6,https://s2.adresowa.pl/oi/43/3f/39d514_91cc_cover@2x-2-pokojowe-mieszkanie-krakow-pradnik-bialy-ul-macieja-slomczynskiego.webp
Kraków,Podgórze Duchackie,3,76,952341,12531,Pośrednik,,4,https://adresowo.pl/o/mieszkanie-krakow-podgorze-duchackie-3-pokojowe-76-m2-y3a4u1,https://s2.adresowa.pl/oi/51/77/39cd3a_69e5_cover@2x-3-pokojowe-mieszkanie-krakow-podgorze-duchackie.webp
Kraków,,3,49,599000,12224,Pośrednik,,4,https://adresowo.pl/o/mieszkanie-krakow-3-pokojowe-49-m2-f0s4e4,https://s2.adresowa.pl/oi/76/2c/39cc14_292a_cover@2x-3-pokojowe-mieszkanie-krakow.webp
Kraków,ul. Edwarda Szymańskiego,3,44,546595,12423,Pośrednik,,3,https://adresowo.pl/o/mieszkanie-krakow-ul-edwarda-szymanskiego-3-pokojowe-y7n5e8,https://s2.adresowa.pl/oi/44/39/39bd82_8607_cover@2x-3-pokojowe-mieszkanie-krakow-ul-edwarda-szymanskiego.webp
Kraków Krowodrza,ul. gen. Augusta Fieldorfa-Nila,3,59,845000,14322,Pośrednik,,18,https://adresowo.pl/o/mieszkanie-krakow-krowodrza-ul-gen-augusta-fieldorfa-nila-3-pokojowe-s2l2h8,https://s2.adresowa.pl/oi/5a/5b/39ae60_3e8d_cover@2x-3-pokojowe-mieszkanie-krakow-krowodrza-ul-gen-augusta-fieldorfa-nila.webp
Kraków,ul. Klementyny Hoffmanowej,3,72,1428000,19833,Pośrednik,,18,https://adresowo.pl/o/mieszkanie-krakow-ul-klementyny-hoffmanowej-3-pokojowe-m5r8v4,https://s2.adresowa.pl/oi/12/47/397d00_cded_cover@2x-3-pokojowe-mieszkanie-krakow-ul-klementyny-hoffmanowej.webp
Kraków Dębniki,ul. Borkowska,4,65,960000,14769,Pośrednik,,24,https://adresowo.pl/o/mieszkanie-krakow-debniki-ul-borkowska-4-pokojowe-f3c9p6,https://s2.adresowa.pl/oi/66/67/395e30_7644_cover@2x-4-pokojowe-mieszkanie-krakow-debniki-ul-borkowska.webp
Kraków Stare Miasto,ul. Krowoderska,3,72,2200000,30556,Pośrednik,,19,https://adresowo.pl/o/mieszkanie-krakow-stare-miasto-ul-krowoderska-3-pokojowe-r6a3c7,https://s2.adresowa.pl/oi/2f/6b/395c86_3987_cover@2x-3-pokojowe-mieszkanie-krakow-stare-miasto-ul-krowoderska.webp
Kraków Mydlniki,ul. prof. Stefana Myczkowskiego,1,35,640000,18286,Pośrednik,,15,https://adresowo.pl/o/mieszkanie-krakow-mydlniki-ul-prof-stefana-myczkowskiego-1-pokoj-f2y4a4,https://s2.adresowa.pl/oi/7e/13/3941ee_b0a1_cover@2x-1-pokojowe-mieszkanie-krakow-mydlniki-ul-prof-stefana-myczkowskiego.webp
Kraków Ruczaj,ul. Kobierzyńska,2,58,849000,14638,Pośrednik,,28,https://adresowo.pl/o/mieszkanie-krakow-ruczaj-ul-kobierzynska-2-pokojowe-u8y4u0,https://s2.adresowa.pl/oi/5f/60/393daa_ef21_cover@2x-2-pokojowe-mieszkanie-krakow-ruczaj-ul-kobierzynska.webp
Kraków Zwierzyniec,ul. Niezapominajek,2,51,1030000,20196,Pośrednik,,23,https://adresowo.pl/o/mieszkanie-krakow-zwierzyniec-ul-niezapominajek-2-pokojowe-l3v1g1,https://s2.adresowa.pl/oi/11/4a/393946_8d3c_cover@2x-2-pokojowe-mieszkanie-krakow-zwierzyniec-ul-niezapominajek.webp
Kraków Krowodrza,al. Kijowska,4,68,1786000,26265,Pośrednik,,18,https://adresowo.pl/o/mieszkanie-krakow-krowodrza-al-kijowska-4-pokojowe-u4x1i0,https://s2.adresowa.pl/oi/2b/49/3936ac_dfdf_cover@2x-4-pokojowe-mieszkanie-krakow-krowodrza-al-kijowska.webp
Kraków Mistrzejowice,os. Tysiąclecia,3,63,675000,10714,Pośrednik,,25,https://adresowo.pl/o/mieszkanie-krakow-mistrzejowice-os-tysiaclecia-3-pokojowe-d2a8z3,https://s2.adresowa.pl/oi/3e/38/393550_8de3_cover@2x-3-pokojowe-mieszkanie-krakow-mistrzejowice-os-tysiaclecia.webp
Kraków Czyżyny,os. Dywizjonu 303,3,63,790000,12540,Pośrednik,,32,https://adresowo.pl/o/mieszkanie-krakow-czyzyny-os-dywizjonu-303-3-pokojowe-n9s7g3,https://s2.adresowa.pl/oi/77/2d/393110_633c_cover@2x-3-pokojowe-mieszkanie-krakow-czyzyny-os-dywizjonu-303.webp
Kraków Bieńczyce,os. Kalinowe,3,47,699000,14872,Pośrednik,,16,https://adresowo.pl/o/mieszkanie-krakow-bienczyce-os-kalinowe-3-pokojowe-y2p8l3,https://s2.adresowa.pl/oi/55/78/3926aa_e823_cover@2x-3-pokojowe-mieszkanie-krakow-bienczyce-os-kalinowe.webp
Kraków,ul. Facimiech,2,38,625000,16447,Pośrednik,,11,https://adresowo.pl/o/mieszkanie-krakow-ul-facimiech-2-pokojowe-k4q1o1,https://s2.adresowa.pl/oi/67/35/3925e8_90f6_cover@2x-2-pokojowe-mieszkanie-krakow-ul-facimiech.webp
Kraków Nowa Huta,os. Willowe,1,33,425000,12879,Pośrednik,,13,https://adresowo.pl/o/mieszkanie-krakow-nowa-huta-os-willowe-1-pokoj-m8v0g0,https://s2.adresowa.pl/oi/45/34/391e10_57e2_cover@2x-1-pokojowe-mieszkanie-krakow-nowa-huta-os-willowe.webp
Kraków Prądnik Czerwony,ul. Ułanów,2,37,821000,22189,Pośrednik,,13,https://adresowo.pl/o/mieszkanie-krakow-pradnik-czerwony-ul-ulanow-2-pokojowe-e8g9q8,https://s2.adresowa.pl/oi/12/6c/38ff46_a551_cover@2x-2-pokojowe-mieszkanie-krakow-pradnik-czerwony-ul-ulanow.webp
Kraków Zabłocie,ul. Pana Tadeusza,2,40,691030,17276,Pośrednik,,2,https://adresowo.pl/o/mieszkanie-krakow-zablocie-ul-pana-tadeusza-2-pokojowe-j3o0x4,https://s2.adresowa.pl/oi/35/6e/38f022_ab6a_cover@2x-2-pokojowe-mieszkanie-krakow-zablocie-ul-pana-tadeusza.webp
Kraków Prądnik Czerwony,ul. Jana Sabały,1,27,396000,14667,Pośrednik,,31,https://adresowo.pl/o/mieszkanie-krakow-pradnik-czerwony-ul-jana-sabaly-1-pokoj-y5d4x0,https://s2.adresowa.pl/oi/13/7a/38dd4e_6aff_cover@2x-1-pokojowe-mieszkanie-krakow-pradnik-czerwony-ul-jana-sabaly.webp
Kraków Stare Miasto,ul. Mikołaja Zyblikiewicza 5,3,65,1290000,19846,Pośrednik,,31,https://adresowo.pl/o/mieszkanie-krakow-stare-miasto-ul-mikolaja-zyblikiewicza-3-pokojowe-r8m3a9,https://s2.adresowa.pl/oi/7b/64/38d6d4_e42d_cover@2x-3-pokojowe-mieszkanie-krakow-stare-miasto-ul-mikolaja-zyblikiewicza.webp
Kraków,ul. Rakowicka,2,47,1282500,27287,Pośrednik,,11,https://adresowo.pl/o/mieszkanie-krakow-ul-rakowicka-2-pokojowe-o7s8p0,https://s2.adresowa.pl/oi/69/23/38d328_566d_cover@2x-2-pokojowe-mieszkanie-krakow-ul-rakowicka.webp
Kraków Ruczaj,ul. Obozowa,2,58,748000,12897,Pośrednik,,10,https://adresowo.pl/o/mieszkanie-krakow-ruczaj-ul-obozowa-2-pokojowe-j7i0t4,https://s2.adresowa.pl/oi/24/1b/38c86c_7aef_cover@2x-2-pokojowe-mieszkanie-krakow-ruczaj-ul-obozowa.webp
Kraków,ul. Agatowa,4,60,780367,13006,Pośrednik,,9,https://adresowo.pl/o/mieszkanie-krakow-ul-agatowa-4-pokojowe-n3x6v9,https://s2.adresowa.pl/oi/73/4e/38c5e2_9987_cover@2x-4-pokojowe-mieszkanie-krakow-ul-agatowa.webp
Kraków,ul. Bukowa,2,42,542798,12924,Pośrednik,,12,https://adresowo.pl/o/mieszkanie-krakow-ul-bukowa-2-pokojowe-d4e4y0,https://s2.adresowa.pl/oi/4f/3d/38bdbe_90e7_cover@2x-2-pokojowe-mieszkanie-krakow-ul-bukowa.webp
Kraków Łagiewniki-Borek Fałęcki,ul. Zdunów,2,51,779000,15275,Pośrednik,,20,https://adresowo.pl/o/mieszkanie-krakow-lagiewniki-borek-falecki-ul-zdunow-2-pokojowe-h8l7s9,https://s2.adresowa.pl/oi/24/59/38b4a8_f7a9_cover@2x-2-pokojowe-mieszkanie-krakow-lagiewniki-borek-falecki-ul-zdunow.webp
Kraków,Wola Justowska,5,118,1750000,14831,Pośrednik,,6,https://adresowo.pl/o/mieszkanie-krakow-wola-justowska-5-pokojowe-118-m2-j2x5y9,https://s2.adresowa.pl/oi/2e/36/38b33a_c939_cover@2x-5-pokojowe-mieszkanie-krakow-wola-justowska.webp
Kraków Podgórze Duchackie,ul. Walerego Sławka 7,3,61,913604,14977,Pośrednik,,14,https://adresowo.pl/o/mieszkanie-krakow-podgorze-duchackie-ul-walerego-slawka-3-pokojowe-l4x6c4,https://s2.adresowa.pl/oi/61/14/38a0d4_36cd_cover@2x-3-pokojowe-mieszkanie-krakow-podgorze-duchackie-ul-walerego-slawka.webp
Kraków,ul. Podedworze,3,55,807964,14690,Pośrednik,,21,https://adresowo.pl/o/mieszkanie-krakow-ul-podedworze-3-pokojowe-p2w5q0,https://s2.adresowa.pl/oi/13/6d/388af0_ecd4_cover@2x-3-pokojowe-mieszkanie-krakow-ul-podedworze.webp
Kraków Rakowice,ul. Śliczna,1,38,519000,13658,Pośrednik,,4,https://adresowo.pl/o/mieszkanie-krakow-rakowice-ul-sliczna-1-pokoj-j5y6o7,https://s2.adresowa.pl/oi/3b/4b/388240_8e8f_cover@2x-1-pokojowe-mieszkanie-krakow-rakowice-ul-sliczna.webp
Kraków,ul. Odlewnicza,2,40,920664,23017,Pośrednik,,12,https://adresowo.pl/o/mieszkanie-krakow-ul-odlewnicza-2-pokojowe-u4m8r6,https://s2.adresowa.pl/oi/2c/7f/387cbe_ff08_cover@2x-2-pokojowe-mieszkanie-krakow-ul-odlewnicza.webp
Kraków Bronowice Wielkie,ul. Sosnowiecka,2,37,602945,16296,Pośrednik,,11,https://adresowo.pl/o/mieszkanie-krakow-bronowice-wielkie-ul-sosnowiecka-2-pokojowe-r0x4i1,https://s2.adresowa.pl/oi/23/3c/3868de_a1eb_cover@2x-2-pokojowe-mieszkanie-krakow-bronowice-wielkie-ul-sosnowiecka.webp
Kraków,ul. Piasta Kołodzieja,2,44,650916,14794,Pośrednik,,7,https://adresowo.pl/o/mieszkanie-krakow-ul-piasta-kolodzieja-2-pokojowe-r3o9z2,https://s2.adresowa.pl/oi/6d/52/385790_69fd_cover@2x-2-pokojowe-mieszkanie-krakow-ul-piasta-kolodzieja.webp
Kraków,ul. Karola Bunscha,2,46,825882,17954,Pośrednik,,24,https://adresowo.pl/o/mieszkanie-krakow-ul-karola-bunscha-2-pokojowe-q3v2y7,https://s2.adresowa.pl/oi/36/62/385732_fb99_cover@2x-2-pokojowe-mieszkanie-krakow-ul-karola-bunscha.webp
Kraków,ul. Saska 7,6,104,1310000,12596,Pośrednik,,28,https://adresowo.pl/o/mieszkanie-krakow-ul-saska-6-pokojowe-j2a1t7,https://s2.adresowa.pl/oi/1d/4d/3830c4_d79d_cover@2x-6-pokojowe-mieszkanie-krakow-ul-saska.webp
Kraków Dębniki,ul. prof. Wojciecha Marii Bartla,2,48,695000,14479,Pośrednik,,20,https://adresowo.pl/o/mieszkanie-krakow-debniki-ul-prof-wojciecha-marii-bartla-2-pokojowe-i3q8r8,https://s2.adresowa.pl/oi/54/11/38164c_3afa_cover@2x-2-pokojowe-mieszkanie-krakow-debniki-ul-prof-wojciecha-marii-bartla.webp
Kraków Czyżyny,os. Dywizjonu 303,4,72,870000,12083,Pośrednik,,24,https://adresowo.pl/o/mieszkanie-krakow-czyzyny-os-dywizjonu-303-4-pokojowe-b2w6t9,https://s2.adresowa.pl/oi/29/2a/38121c_b102_cover@2x-4-pokojowe-mieszkanie-krakow-czyzyny-os-dywizjonu-303.webp
Kraków Prądnik Biały,ul. Zawodzie,3,74,938000,12676,Pośrednik,,25,https://adresowo.pl/o/mieszkanie-krakow-pradnik-bialy-ul-zawodzie-3-pokojowe-d5g4f7,https://s2.adresowa.pl/oi/36/58/38050c_c2bc_cover@2x-3-pokojowe-mieszkanie-krakow-pradnik-bialy-ul-zawodzie.webp
Kraków Dębniki,ul. Słomiana,3,47,719000,15298,Pośrednik,,7,https://adresowo.pl/o/mieszkanie-krakow-debniki-ul-slomiana-3-pokojowe-h0s4a3,https://s2.adresowa.pl/oi/38/51/37f43c_a783_cover@2x-3-pokojowe-mieszkanie-krakow-debniki-ul-slomiana.webp
Kraków Podgórze,ul. Myśliwska,5,123,1480000,12033,Pośrednik,,9,https://adresowo.pl/o/mieszkanie-krakow-podgorze-ul-mysliwska-5-pokojowe-e9x9k4,https://s2.adresowa.pl/oi/6b/54/37e6ca_731c_cover@2x-5-pokojowe-mieszkanie-krakow-podgorze-ul-mysliwska.webp
Kraków Podgórze,ul. Myśliwska,3,53,859000,16208,Pośrednik,,9,https://adresowo.pl/o/mieszkanie-krakow-podgorze-ul-mysliwska-3-pokojowe-t0e9x6,https://s2.adresowa.pl/oi/77/11/37e6b2_27bc_cover@2x-3-pokojowe-mieszkanie-krakow-podgorze-ul-mysliwska.webp
Kraków Krowodrza,ul. Edmunda Biernackiego,3,110,1550000,14091,Pośrednik,,17,https://adresowo.pl/o/mieszkanie-krakow-krowodrza-ul-edmunda-biernackiego-3-pokojowe-w8u9f6,https://s2.adresowa.pl/oi/1e/6d/37c9ac_7ed3_cover@2x-3-pokojowe-mieszkanie-krakow-krowodrza-ul-edmunda-biernackiego.webp
Kraków Podgórze,ul. Przewóz,3,59,838000,14203,Pośrednik,,8,https://adresowo.pl/o/mieszkanie-krakow-podgorze-ul-przewoz-3-pokojowe-l5q8l6,https://s2.adresowa.pl/oi/4f/75/37aa38_8fb3_cover@2x-3-pokojowe-mieszkanie-krakow-podgorze-ul-przewoz.webp
Kraków Podgórze,ul. Przewóz,2,35,588700,16820,Pośrednik,,9,https://adresowo.pl/o/mieszkanie-krakow-podgorze-ul-przewoz-2-pokojowe-s3u6m3,https://s2.adresowa.pl/oi/69/33/37aa30_e1b9_cover@2x-2-pokojowe-mieszkanie-krakow-podgorze-ul-przewoz.webp
Kraków Podgórze,ul. Przewóz,1,30,521000,17367,Pośrednik,,9,https://adresowo.pl/o/mieszkanie-krakow-podgorze-ul-przewoz-1-pokoj-k5l2w2,https://s2.adresowa.pl/oi/46/78/37aa34_d023_cover@2x-1-pokojowe-mieszkanie-krakow-podgorze-ul-przewoz.webp
Kraków Swoszowice,ul. Macieja Dębskiego,3,49,770000,15714,Pośrednik,,17,https://adresowo.pl/o/mieszkanie-krakow-swoszowice-ul-macieja-debskiego-3-pokojowe-x8l1y1,https://s2.adresowa.pl/oi/76/27/379bc6_5170_cover@2x-3-pokojowe-mieszkanie-krakow-swoszowice-ul-macieja-debskiego.webp
Kraków Bronowice,ul. Na Błonie,1,25,429000,17160,Pośrednik,,6,https://adresowo.pl/o/mieszkanie-krakow-bronowice-ul-na-blonie-1-pokoj-z6i9u1,https://s2.adresowa.pl/oi/6d/2a/378dec_2d3f_cover@2x-1-pokojowe-mieszkanie-krakow-bronowice-ul-na-blonie.webp
Kraków Dębniki,ul. Jana Kantego Federowicza,2,46,749000,16283,Pośrednik,,17,https://adresowo.pl/o/mieszkanie-krakow-debniki-ul-jana-kantego-federowicza-2-pokojowe-f3p3p9,https://s2.adresowa.pl/oi/3c/5e/3739b6_c602_cover@2x-2-pokojowe-mieszkanie-krakow-debniki-ul-jana-kantego-federowicza.webp
Kraków Śródmieście,ul. Rakowicka 20L,2,46,1166067,25349,Pośrednik,,23,https://adresowo.pl/o/mieszkanie-krakow-srodmiescie-ul-rakowicka-2-pokojowe-u2q0i7,https://s2.adresowa.pl/oi/2d/71/37378c_4c65_cover@2x-2-pokojowe-mieszkanie-krakow-srodmiescie-ul-rakowicka.webp
Kraków,ul. Rakowicka 20J,2,46,1112640,24188,Pośrednik,,9,https://adresowo.pl/o/mieszkanie-krakow-ul-rakowicka-2-pokojowe-j4t3l7,https://s2.adresowa.pl/oi/6c/10/373772_7870_cover@2x-2-pokojowe-mieszkanie-krakow-ul-rakowicka.webp
Kraków,ul. Rakowicka 20J,2,56,1348320,24077,Pośrednik,,9,https://adresowo.pl/o/mieszkanie-krakow-ul-rakowicka-2-pokojowe-p0p0s8,https://s2.adresowa.pl/oi/6c/61/373750_e8ce_cover@2x-2-pokojowe-mieszkanie-krakow-ul-rakowicka.webp
Kraków Krowodrza,ul. Teofila Aleksandra Lenartowicza,3,101,1590000,15743,Pośrednik,,15,https://adresowo.pl/o/mieszkanie-krakow-krowodrza-ul-teofila-aleksandra-lenartowicza-3-pokojowe-l9y0e5,https://s2.adresowa.pl/oi/7d/3f/372eb2_9f15_cover@2x-3-pokojowe-mieszkanie-krakow-krowodrza-ul-teofila-aleksandra-lenartowicza.webp
Kraków,Zesławice,3,66,762864,11559,Pośrednik,,5,https://adresowo.pl/o/mieszkanie-krakow-zeslawice-3-pokojowe-66-m2-c7b0o3,https://s2.adresowa.pl/oi/19/56/371f18_6868_cover@2x-3-pokojowe-mieszkanie-krakow-zeslawice.webp
Kraków Mistrzejowice,os. Kombatantów,3,53,680000,12830,Pośrednik,,1,https://adresowo.pl/o/mieszkanie-krakow-mistrzejowice-os-kombatantow-3-pokojowe-x0l3h2,https://s2.adresowa.pl/oi/26/53/371824_8ecd_cover@2x-3-pokojowe-mieszkanie-krakow-mistrzejowice-os-kombatantow.webp
Kraków Krowodrza,ul. Gramatyka,3,47,940000,20000,Pośrednik,,11,https://adresowo.pl/o/mieszkanie-krakow-krowodrza-ul-gramatyka-3-pokojowe-i7q2y4,https://s2.adresowa.pl/oi/47/28/370a36_b2b7_cover@2x-3-pokojowe-mieszkanie-krakow-krowodrza-ul-gramatyka.webp
Kraków Podgórze,ul. Myśliwska,3,64,829000,12953,Pośrednik,,27,https://adresowo.pl/o/mieszkanie-krakow-podgorze-ul-mysliwska-3-pokojowe-j4c1l5,https://s2.adresowa.pl/oi/3a/35/36eebc_7e85_cover@2x-3-pokojowe-mieszkanie-krakow-podgorze-ul-mysliwska.webp
Kraków,ul. Wrocławska 53M,2,44,905075,20570,Pośrednik,,17,https://adresowo.pl/o/mieszkanie-krakow-ul-wroclawska-2-pokojowe-y9f9u2,https://s2.adresowa.pl/oi/69/50/36eb8a_2fad_cover@2x-2-pokojowe-mieszkanie-krakow-ul-wroclawska.webp
Kraków,ul. Wrocławska 53M,2,44,903230,20528,Pośrednik,,13,https://adresowo.pl/o/mieszkanie-krakow-ul-wroclawska-2-pokojowe-c0x4d6,https://s2.adresowa.pl/oi/62/2c/36eb84_b770_cover@2x-2-pokojowe-mieszkanie-krakow-ul-wroclawska.webp
Kraków,ul. Wrocławska 53M,2,42,869815,20710,Pośrednik,,8,https://adresowo.pl/o/mieszkanie-krakow-ul-wroclawska-2-pokojowe-n6v0f2,https://s2.adresowa.pl/oi/66/33/36e1fc_e1f9_cover@2x-2-pokojowe-mieszkanie-krakow-ul-wroclawska.webp
Kraków,ul. Wrocławska 53,2,44,905075,20570,Pośrednik,,8,https://adresowo.pl/o/mieszkanie-krakow-ul-wroclawska-2-pokojowe-v0b6s3,https://s2.adresowa.pl/oi/73/30/36e0fa_4792_cover@2x-2-pokojowe-mieszkanie-krakow-ul-wroclawska.webp
Kraków,ul. Podedworze 13,2,34,535000,15735,Pośrednik,,11,https://adresowo.pl/o/mieszkanie-krakow-ul-podedworze-2-pokojowe-y8k6d4,https://s2.adresowa.pl/oi/20/66/36c022_fb0a_cover@2x-2-pokojowe-mieszkanie-krakow-ul-podedworze.webp
Kraków Stare Miasto,ul. Starowiślna,1,33,639000,19364,Pośrednik,,22,https://adresowo.pl/o/mieszkanie-krakow-stare-miasto-ul-starowislna-1-pokoj-l5o2c8,https://s2.adresowa.pl/oi/61/4b/36a784_2f6e_cover@2x-1-pokojowe-mieszkanie-krakow-stare-miasto-ul-starowislna.webp
Kraków Kurdwanów,ul. Cechowa,3,66,630000,9545,Pośrednik,,17,https://adresowo.pl/o/mieszkanie-krakow-kurdwanow-ul-cechowa-3-pokojowe-d3l5g9,https://s2.adresowa.pl/oi/33/11/3662d6_5cc2_cover@2x-3-pokojowe-mieszkanie-krakow-kurdwanow-ul-cechowa.webp
Kraków Podgórze Duchackie,ul. Przyjaźni Polsko-Węgierskiej,4,81,1215000,15000,Pośrednik,,22,https://adresowo.pl/o/mieszkanie-krakow-podgorze-duchackie-ul-przyjazni-polsko-wegierskiej-4-pokojowe-m6p8a5,https://s2.adresowa.pl/oi/27/7d/366244_a815_cover@2x-4-pokojowe-mieszkanie-krakow-podgorze-duchackie-ul-przyjazni-polsko-wegierskiej.webp
Kraków Stare Miasto,ul. Skałeczna,1,26,614000,23615,Pośrednik,,4,https://adresowo.pl/o/mieszkanie-krakow-stare-miasto-ul-skaleczna-1-pokoj-k2a8h1,https://s2.adresowa.pl/oi/12/6a/364750_915f_cover@2x-1-pokojowe-mieszkanie-krakow-stare-miasto-ul-skaleczna.webp
Kraków Zabłocie,ul. Przemysłowa,3,72,1460000,20278,Pośrednik,,38,https://adresowo.pl/o/mieszkanie-krakow-zablocie-ul-przemyslowa-3-pokojowe-a7y0m2,https://s2.adresowa.pl/oi/4f/2d/363be0_e0fe_cover@2x-3-pokojowe-mieszkanie-krakow-zablocie-ul-przemyslowa.webp
Kraków Borek Fałęcki,ul. Żywiecka,2,51,669000,13118,Pośrednik,,28,https://adresowo.pl/o/mieszkanie-krakow-borek-falecki-ul-zywiecka-2-pokojowe-i9d4z3,https://s2.adresowa.pl/oi/4b/12/361bee_e0ce_cover@2x-2-pokojowe-mieszkanie-krakow-borek-falecki-ul-zywiecka.webp
Kraków Stare Miasto,ul. Bosacka,2,59,1250000,21186,Pośrednik,,16,https://adresowo.pl/o/mieszkanie-krakow-stare-miasto-ul-bosacka-2-pokojowe-d5z6q8,https://s2.adresowa.pl/oi/45/21/360f40_492a_cover@2x-2-pokojowe-mieszkanie-krakow-stare-miasto-ul-bosacka.webp
Kraków Krowodrza,ul. Krowoderskich Zuchów,2,44,879000,19977,Pośrednik,,38,https://adresowo.pl/o/mieszkanie-krakow-krowodrza-ul-krowoderskich-zuchow-2-pokojowe-g6b8h4,https://s2.adresowa.pl/oi/3f/62/360f24_5d3b_cover@2x-2-pokojowe-mieszkanie-krakow-krowodrza-ul-krowoderskich-zuchow.webp
Kraków Grzegórzki,ul. Stanisława Moniuszki,4,146,1900000,13014,Pośrednik,,26,https://adresowo.pl/o/mieszkanie-krakow-grzegorzki-ul-stanislawa-moniuszki-4-pokojowe-b1s4i0,https://s2.adresowa.pl/oi/55/7b/35fdd8_38ee_cover@2x-4-pokojowe-mieszkanie-krakow-grzegorzki-ul-stanislawa-moniuszki.webp
Kraków Podgórze,ul. Rydlówka,2,36,790000,21944,Pośrednik,,29,https://adresowo.pl/o/mieszkanie-krakow-podgorze-ul-rydlowka-2-pokojowe-e0g8m8,https://s2.adresowa.pl/oi/1c/27/35c6d4_a8c0_cover@2x-2-pokojowe-mieszkanie-krakow-podgorze-ul-rydlowka.webp
Kraków Mistrzejowice,os. Piastów,3,66,1150000,17424,Pośrednik,,16,https://adresowo.pl/o/mieszkanie-krakow-mistrzejowice-os-piastow-3-pokojowe-s7b6f2,https://s2.adresowa.pl/oi/4d/65/35bebc_956f_cover@2x-3-pokojowe-mieszkanie-krakow-mistrzejowice-os-piastow.webp
Kraków Zabłocie,ul. Portowa,2,39,706659,18119,Pośrednik,,6,https://adresowo.pl/o/mieszkanie-krakow-zablocie-ul-portowa-2-pokojowe-m2e5l0,https://s2.adresowa.pl/oi/72/2e/359636_28c1_cover@2x-2-pokojowe-mieszkanie-krakow-zablocie-ul-portowa.webp
Kraków Bronowice,ul. Stelmachów,2,44,749990,17045,bez pośredników,,20,https://adresowo.pl/o/mieszkanie-krakow-bronowice-ul-stelmachow-2-pokojowe-g9p8q9,https://s2.adresowa.pl/oi/4a/71/3ee6b0_8651_cover@2x-2-pokojowe-mieszkanie-krakow-bronowice-ul-stelmachow.webp
Kraków Kurdwanów,ul. Marii i Bolesława Wysłouchów,3,56,980000,17500,Pośrednik,,13,https://adresowo.pl/o/mieszkanie-krakow-kurdwanow-ul-marii-i-boleslawa-wyslouchow-3-pokojowe-l2f2j0,https://s2.adresowa.pl/oi/64/7b/358f06_a6ef_cover@2x-3-pokojowe-mieszkanie-krakow-kurdwanow-ul-marii-i-boleslawa-wyslouchow.webp
Kraków Bieżanów,ul. Mariana Domagały,3,67,1180000,17612,Pośrednik,,26,https://adresowo.pl/o/mieszkanie-krakow-biezanow-ul-mariana-domagaly-3-pokojowe-b8d6i5,https://s2.adresowa.pl/oi/77/59/356934_738f_cover@2x-3-pokojowe-mieszkanie-krakow-biezanow-ul-mariana-domagaly.webp
Kraków,ul. Podedworze 13,2,34,535000,15735,Pośrednik,,11,https://adresowo.pl/o/mieszkanie-krakow-ul-podedworze-2-pokojowe-v1k5e8,https://s2.adresowa.pl/oi/64/17/34b88a_e475_cover@2x-2-pokojowe-mieszkanie-krakow-ul-podedworze.webp
Kraków,ul. Henryka i Karola Czeczów,3,62,948000,15290,Pośrednik,,13,https://adresowo.pl/o/mieszkanie-krakow-ul-henryka-i-karola-czeczow-3-pokojowe-u0x4z2,https://s2.adresowa.pl/oi/4d/22/34690a_e80d_cover@2x-3-pokojowe-mieszkanie-krakow-ul-henryka-i-karola-czeczow.webp
Kraków Śródmieście,al. Zygmunta Krasińskiego,3,73,1560000,21370,Pośrednik,,20,https://adresowo.pl/o/mieszkanie-krakow-srodmiescie-al-zygmunta-krasinskiego-3-pokojowe-i2v0z1,https://s2.adresowa.pl/oi/2c/44/341b6e_58ca_cover@2x-3-pokojowe-mieszkanie-krakow-srodmiescie-al-zygmunta-krasinskiego.webp
Kraków,ul. Wrocławska 53G,2,38,779820,20522,Pośrednik,,6,https://adresowo.pl/o/mieszkanie-krakow-ul-wroclawska-2-pokojowe-h3p5l4,https://s2.adresowa.pl/oi/1f/2c/341380_7a41_cover@2x-2-pokojowe-mieszkanie-krakow-ul-wroclawska.webp
Kraków Prądnik Biały,ul. Józefa Chełmońskiego,2,52,959000,18442,Pośrednik,,14,https://adresowo.pl/o/mieszkanie-krakow-pradnik-bialy-ul-jozefa-chelmonskiego-2-pokojowe-h7a2i6,https://s2.adresowa.pl/oi/59/2c/340ca0_e4a8_cover@2x-2-pokojowe-mieszkanie-krakow-pradnik-bialy-ul-jozefa-chelmonskiego.webp
Kraków,ul. Wrocławska 53B,2,45,935210,20782,Pośrednik,,8,https://adresowo.pl/o/mieszkanie-krakow-ul-wroclawska-2-pokojowe-k1q9w7,https://s2.adresowa.pl/oi/4e/66/33d7ee_3ea4_cover@2x-2-pokojowe-mieszkanie-krakow-ul-wroclawska.webp
Kraków Krowodrza,ul. Wrocławska,2,44,878922,19976,Pośrednik,,12,https://adresowo.pl/o/mieszkanie-krakow-krowodrza-ul-wroclawska-2-pokojowe-c7o1t6,https://s2.adresowa.pl/oi/7e/19/33d7e4_896b_cover@2x-2-pokojowe-mieszkanie-krakow-krowodrza-ul-wroclawska.webp
Kraków Śródmieście,ul. Rakowicka 20A,3,70,1764000,25200,Pośrednik,,18,https://adresowo.pl/o/x6u3h2,https://s2.adresowa.pl/oi/7b/4b/3393aa_5681_cover@2x-3-pokojowe-mieszkanie-krakow-srodmiescie-ul-rakowicka.webp
Kraków Bronowice,ul. Josepha Conrada 27,2,45,679000,15089,Pośrednik,,5,https://adresowo.pl/o/mieszkanie-krakow-bronowice-ul-josepha-conrada-2-pokojowe-m8b3i2,https://s2.adresowa.pl/oi/44/2d/3376f0_709a_cover@2x-2-pokojowe-mieszkanie-krakow-bronowice-ul-josepha-conrada.webp
Kraków Podgórze,ul. Stanisława Mitery,2,35,689000,19686,Pośrednik,,13,https://adresowo.pl/o/mieszkanie-krakow-podgorze-ul-stanislawa-mitery-2-pokojowe-l5f9d0,https://s2.adresowa.pl/oi/44/6c/33465e_3e8a_cover@2x-2-pokojowe-mieszkanie-krakow-podgorze-ul-stanislawa-mitery.webp
Kraków Podgórze,ul. Wielicka,2,37,650000,17568,Pośrednik,,18,https://adresowo.pl/o/mieszkanie-krakow-podgorze-ul-wielicka-2-pokojowe-w5h9s7,https://s2.adresowa.pl/oi/36/6c/33193a_e86e_cover@2x-2-pokojowe-mieszkanie-krakow-podgorze-ul-wielicka.webp
Kraków Śródmieście,ul. Wrocławska 53G,2,50,1044065,20881,Pośrednik,,12,https://adresowo.pl/o/mieszkanie-krakow-srodmiescie-ul-wroclawska-2-pokojowe-q9p1j4,https://s2.adresowa.pl/oi/20/12/32fa60_59f8_cover@2x-2-pokojowe-mieszkanie-krakow-srodmiescie-ul-wroclawska.webp
Kraków,ul. Wrocławska,2,38,791300,20824,Pośrednik,,8,https://adresowo.pl/o/mieszkanie-krakow-ul-wroclawska-2-pokojowe-m5q5j4,https://s2.adresowa.pl/oi/24/55/32f402_7ed4_cover@2x-2-pokojowe-mieszkanie-krakow-ul-wroclawska.webp
Kraków Mistrzejowice,os. Piastów,3,51,629000,12333,Pośrednik,,1,https://adresowo.pl/o/mieszkanie-krakow-mistrzejowice-os-piastow-3-pokojowe-w7h8u0,https://s2.adresowa.pl/oi/27/79/32f076_5afb_cover@2x-3-pokojowe-mieszkanie-krakow-mistrzejowice-os-piastow.webp
Kraków,ul. Wrocławska,1,27,603900,22367,Pośrednik,,5,https://adresowo.pl/o/q2w2h4,https://s2.adresowa.pl/oi/56/4b/32dbfc_4a93_cover@2x-1-pokojowe-mieszkanie-krakow-ul-wroclawska.webp
Kraków Grzegórzki,ul. Rakowicka,3,75,1887250,25163,Pośrednik,,10,https://adresowo.pl/o/c0x6w7,https://s2.adresowa.pl/oi/26/2a/32d180_e335_cover@2x-3-pokojowe-mieszkanie-krakow-grzegorzki-ul-rakowicka.webp
Kraków,ul. Wrocławska 53G,2,39,805650,20658,Pośrednik,,4,https://adresowo.pl/o/w6r9s1,https://s2.adresowa.pl/oi/30/5a/32c738_2a2f_cover@2x-2-pokojowe-mieszkanie-krakow-ul-wroclawska.webp
Kraków Czyżyny,ul. Sołtysowska 12,3,67,997000,14881,Pośrednik,,15,https://adresowo.pl/o/mieszkanie-krakow-czyzyny-ul-soltysowska-3-pokojowe-c0h5x0,https://s2.adresowa.pl/oi/66/34/32bd58_e3f4_cover@2x-3-pokojowe-mieszkanie-krakow-czyzyny-ul-soltysowska.webp
Kraków Grzegórzki,ul. Masarska 8,3,58,1459000,25155,Pośrednik,,23,https://adresowo.pl/o/mieszkanie-krakow-grzegorzki-ul-masarska-3-pokojowe-k5q4b1,https://s2.adresowa.pl/oi/57/31/32ae94_b654_cover@2x-3-pokojowe-mieszkanie-krakow-grzegorzki-ul-masarska.webp
Kraków Stare Miasto,ul. Nowa,2,48,1050000,21875,Pośrednik,,18,https://adresowo.pl/o/mieszkanie-krakow-stare-miasto-ul-nowa-2-pokojowe-c6s1f9,https://s2.adresowa.pl/oi/63/12/32ae8a_a731_cover@2x-2-pokojowe-mieszkanie-krakow-stare-miasto-ul-nowa.webp
Kraków Zwierzyniec,ul. Wiosenna,2,71,1100000,15493,Pośrednik,,38,https://adresowo.pl/o/mieszkanie-krakow-zwierzyniec-ul-wiosenna-2-pokojowe-r5g6k8,https://s2.adresowa.pl/oi/4b/25/32ae84_bf0d_cover@2x-2-pokojowe-mieszkanie-krakow-zwierzyniec-ul-wiosenna.webp
Kraków Ruczaj,ul. Norymberska,2,50,830000,16600,Pośrednik,,3,https://adresowo.pl/o/mieszkanie-krakow-ruczaj-ul-norymberska-2-pokojowe-a0n9b5,https://s2.adresowa.pl/oi/7c/76/32973a_4d8c_cover@2x-2-pokojowe-mieszkanie-krakow-ruczaj-ul-norymberska.webp
Kraków,Podgórze Duchackie,3,65,1060000,16308,Pośrednik,,5,https://adresowo.pl/o/d0x4u1,https://s2.adresowa.pl/oi/7a/3b/327d68_b0cb_cover@2x-3-pokojowe-mieszkanie-krakow-podgorze-duchackie.webp
Kraków,ul. Poznańska,4,67,1120000,16716,Pośrednik,,11,https://adresowo.pl/o/m4e1o5,https://s2.adresowa.pl/oi/45/45/325502_3572_cover@2x-4-pokojowe-mieszkanie-krakow-ul-poznanska.webp
Kraków Opatkowice,ul. Opatkowicka,4,45,750000,16667,Pośrednik,,16,https://adresowo.pl/o/j6w5e7,https://s2.adresowa.pl/oi/61/23/324712_681e_cover@2x-4-pokojowe-mieszkanie-krakow-opatkowice-ul-opatkowicka.webp
Kraków,ul. Leonida Teligi,3,53,699000,13189,Pośrednik,,10,https://adresowo.pl/o/a0h6j1,https://s2.adresowa.pl/oi/24/71/31ddb8_3ab1_cover@2x-3-pokojowe-mieszkanie-krakow-ul-leonida-teligi.webp
Kraków,ul. Krowoderskich Zuchów,,52,740000,14231,Pośrednik,,13,https://adresowo.pl/o/a4p8t1,https://s2.adresowa.pl/oi/1e/6d/31ddb6_7e3b_cover@2x-mieszkanie-krakow-ul-krowoderskich-zuchow.webp
Kraków,Mistrzejowice,2,47,775000,16489,Pośrednik,,11,https://adresowo.pl/o/f0s7k4,https://s2.adresowa.pl/oi/2c/74/31cfea_5676_cover@2x-2-pokojowe-mieszkanie-krakow-mistrzejowice.webp
Kraków,,3,72,1097000,15236,Pośrednik,,10,https://adresowo.pl/o/r5v7u2,https://s2.adresowa.pl/oi/74/4a/3184da_a89c_cover@2x-3-pokojowe-mieszkanie-krakow.webp
Kraków Bieńczyce,ul. Bieńczycka,2,40,820000,20500,Pośrednik,,18,https://adresowo.pl/o/mieszkanie-krakow-bienczyce-ul-bienczycka-2-pokojowe-z6w7g2,https://s2.adresowa.pl/oi/68/15/315e9a_7039_cover@2x-2-pokojowe-mieszkanie-krakow-bienczyce-ul-bienczycka.webp
Kraków Stare Miasto,ul. Długa,2,93,1999000,21495,Pośrednik,,18,https://adresowo.pl/o/mieszkanie-krakow-stare-miasto-ul-dluga-2-pokojowe-s3r0f0,https://s2.adresowa.pl/oi/27/45/314490_96d6_cover@2x-2-pokojowe-mieszkanie-krakow-stare-miasto-ul-dluga.webp
Kraków Podgórze,ul. Światowida,4,94,1150000,12234,Pośrednik,,11,https://adresowo.pl/o/mieszkanie-krakow-podgorze-ul-swiatowida-4-pokojowe-h1n1a8,https://s2.adresowa.pl/oi/1b/40/31369a_4c06_cover@2x-4-pokojowe-mieszkanie-krakow-podgorze-ul-swiatowida.webp
Kraków Dębniki,ul. Obozowa,3,75,1050000,14000,Pośrednik,,37,https://adresowo.pl/o/mieszkanie-krakow-debniki-ul-obozowa-3-pokojowe-l8o9i7,https://s2.adresowa.pl/oi/41/22/3111c6_761e_cover@2x-3-pokojowe-mieszkanie-krakow-debniki-ul-obozowa.webp
Kraków Swoszowice,ul. Opatkowicka,3,44,660000,15000,Pośrednik,,20,https://adresowo.pl/o/mieszkanie-krakow-swoszowice-ul-opatkowicka-3-pokojowe-h7h2j0,https://s2.adresowa.pl/oi/7c/2b/2fef90_faa6_cover@2x-3-pokojowe-mieszkanie-krakow-swoszowice-ul-opatkowicka.webp
Kraków Dąbie,ul. Świtezianki,2,44,670000,15227,Pośrednik,,8,https://adresowo.pl/o/mieszkanie-krakow-dabie-ul-switezianki-2-pokojowe-w6d5z8,https://s2.adresowa.pl/oi/42/3f/2f17b4_e24b_cover@2x-2-pokojowe-mieszkanie-krakow-dabie-ul-switezianki.webp
Kraków Nowa Huta,os. Hutnicze,1,20,479000,23950,Pośrednik,,15,https://adresowo.pl/o/mieszkanie-krakow-nowa-huta-os-hutnicze-1-pokoj-h7e6u4,https://s2.adresowa.pl/oi/18/5d/2d0ca0_f5cb_cover@2x-1-pokojowe-mieszkanie-krakow-nowa-huta-os-hutnicze.webp
Kraków Górka Narodowa,ul. Macieja Słomczyńskiego,1,40,690000,17250,Pośrednik,,9,https://adresowo.pl/o/mieszkanie-krakow-gorka-narodowa-ul-macieja-slomczynskiego-1-pokoj-n3f7a1,https://s2.adresowa.pl/oi/57/16/2c53a0_d985_cover@2x-1-pokojowe-mieszkanie-krakow-gorka-narodowa-ul-macieja-slomczynskiego.webp
Kraków Grzegórzki,ul. Cystersów,2,43,920000,21395,Pośrednik,,12,https://adresowo.pl/o/mieszkanie-krakow-grzegorzki-ul-cystersow-2-pokojowe-r9x6l9,https://s2.adresowa.pl/oi/7e/37/2bd4c8_d7dd_cover@2x-2-pokojowe-mieszkanie-krakow-grzegorzki-ul-cystersow.webp
Kraków Grzegórzki,al. Pokoju,1,24,490000,20417,Pośrednik,,7,https://adresowo.pl/o/mieszkanie-krakow-grzegorzki-al-pokoju-1-pokoj-p4e1a2,https://s2.adresowa.pl/oi/65/7f/190a0d_614d_cover@2x-1-pokojowe-mieszkanie-krakow-grzegorzki-al-pokoju.webp
Kraków Czyżyny,ul. Romana Ciesielskiego,4,72,867053,12042,Pośrednik,,6,https://adresowo.pl/o/mieszkanie-krakow-czyzyny-ul-romana-ciesielskiego-4-pokojowe-f8o0g2,https://s2.adresowa.pl/oi/30/43/3a22f0_b8f1_cover@2x-4-pokojowe-mieszkanie-krakow-czyzyny-ul-romana-ciesielskiego.webp
Kraków Czyżyny,ul. Romana Ciesielskiego,3,51,743021,14569,Pośrednik,,6,https://adresowo.pl/o/mieszkanie-krakow-czyzyny-ul-romana-ciesielskiego-3-pokojowe-m3w3q4,https://s2.adresowa.pl/oi/7d/55/3a22f4_46a2_cover@2x-3-pokojowe-mieszkanie-krakow-czyzyny-ul-romana-ciesielskiego.webp
Kraków Czyżyny,ul. Romana Ciesielskiego,2,46,614056,13349,Pośrednik,,4,https://adresowo.pl/o/mieszkanie-krakow-czyzyny-ul-romana-ciesielskiego-2-pokojowe-q6t7p6,https://s2.adresowa.pl/oi/70/5f/3a22de_b38d_cover@2x-2-pokojowe-mieszkanie-krakow-czyzyny-ul-romana-ciesielskiego.webp
Kraków Czyżyny,ul. Romana Ciesielskiego,3,57,719050,12615,Pośrednik,,6,https://adresowo.pl/o/mieszkanie-krakow-czyzyny-ul-romana-ciesielskiego-3-pokojowe-i2c2p7,https://s2.adresowa.pl/oi/45/3c/3a22d6_6ed1_cover@2x-3-pokojowe-mieszkanie-krakow-czyzyny-ul-romana-ciesielskiego.webp
Kraków Czyżyny,ul. Romana Ciesielskiego,1,32,498134,15567,Pośrednik,,3,https://adresowo.pl/o/mieszkanie-krakow-czyzyny-ul-romana-ciesielskiego-1-pokoj-l8k7h4,https://s2.adresowa.pl/oi/7c/5f/3a22dc_753f_cover@2x-1-pokojowe-mieszkanie-krakow-czyzyny-ul-romana-ciesielskiego.webp
