locality,street,rooms,area,price_total_zl,price_sqm_zl,owner_type,date_posted,photo_count,url,image_url,city_district,full_address,floor,year_built,building_type,price_per_sqm_detailed,description_text,has_basement,has_parking,kitchen_type,window_type,ownership_type,equipment,latitude,longitude
Poznań Dębiec,ul. Czeremchowa,2,42,525000,12500.0,bez pośredników,,24,https://adresowo.pl/o/mieszkanie-poznan-debiec-ul-czeremchowa-2-pokojowe-h7s1r8,https://s2.adresowa.pl/oi/5a/2b/3e9360_27db_cover@2x-2-pokojowe-mieszkanie-poznan-debiec-ul-czeremchowa.webp,Poznań Dębiec,Czeremchowa,3,2012.0,blok,,"Sprzedam 2 pokojowe mieszkanie na 3 piętrze, w 4 piętrowym bloku z windą. Niski czynsz ok. 400 zł. Mieszkanie ciepłe i energooszczędne z uwagi na ekspozycję mieszkania na południe. Salon z aneksem kuchennym (18,74 m2) oraz z wyjściem na duży balkon (3,76 m2). Drugi pokój idealny na sypialnię czy pokój dziecka (13,76 m2). Łazienka z wanną (3,77 m2). Korytarz (5,02 m2) oraz pomieszczenie gospodarcze na okrycia wierzchnie, czy odkurzacz (0,73 m2). W oknach rolety zewnętrzne manualne. Parapety marmurowe. Niektóre sprzęty, meble czy kuchnia mogą zostać w mieszkaniu (wszystko do uzgodnienia). Nowszy blok z 2012 roku. W bloku są 2 dość duże windy, podjazd dla wózków i hala garażowa (można wynająć miejsce postojowe). Klatki schodowe szerokie i niedawno odnowione. W bloku jest światłowód. Ogrzewanie gazowe z własnej kotłowni. Na dachu energooszczędne panele fotowoltaiczne. Spokojna zielona okolica. W pobliżu pełna infrastruktura, punkty usługowe, sklepy, pętla tramwajowa i autobusowa oraz szkoły, przedszkola i żłobki (Dębinka, Kaczka Dziwaczka, Uśmiechnięte Wiewiórki). Około 2 km do autostrady A2, węzeł Poznań Luboń. W okolicy tereny zielone: Łegi Dębińskie czy Szachty. W bloku obok na ul. Grabowej przychodnia lekarza rodzinnego na NFZ. Sklep Netto 3 min pieszo od bloku, trochę dalej Biedronka. W okolicy centrum handlowe Panorama i nowo wybudowany Lidl. W sąsiednim bloku Żabka. Do pętli tramwajowej Dębiec PKM 6 min pieszo (tramwajem do centrum dojeżdża się w 15 min). Z pętli odjeżdżają tramwaje nr 7,9,10,17,19. Z pętli autobusowej Dębiec odjeżdżają autobusy nr [numer], [numer]. .Idealna propozycja dla singla, pary, rodziny z dzieckiem lub jako inwestycja na wynajem. Termin oddania także do uzgodnienia.",,tak,aneks,plastikowe,własność,,52.373314,16.900166
Poznań Dębiec,os. Dębina,3,49,589000,12020.0,bez pośredników,,8,https://adresowo.pl/o/mieszkanie-poznan-debiec-os-debina-3-pokojowe-y2n1l1,https://s2.adresowa.pl/oi/79/53/3e9354_6ac1_cover@2x-3-pokojowe-mieszkanie-poznan-debiec-os-debina.webp,Poznań Dębiec,os. Dębina,2,1980.0,blok,,"Mieszkanie 49,7 m² | 2 sypialnie + salon z aneksem | Loggia | Winda | Osiedle Dębina Na sprzedaż funkcjonalne i nowocześnie urządzone mieszkanie o powierzchni 49,7 m², położone na 2. piętrze w 10-piętrowym bloku z windą na Osiedlu Dębina. Mieszkanie składa się z salonu z aneksem kuchennym, dwóch sypialni, łazienki, przedpokoju oraz loggii. Do mieszkania przynależy również piwnica oraz dodatkowy schowek znajdujący się na piętrze. Lokal jest zadbany, gotowy do zamieszkania. Funkcjonalny układ pomieszczeń sprawia, że jest to idealna propozycja dla rodziny, pary lub osób pracujących zdalnie. Jednym z największych atutów nieruchomości jest lokalizacja. Osiedle Dębina łączy wygodę miejskiego życia z dostępem do pełnej infrastruktury oraz bliskością terenów zielonych. W odległości zaledwie 1–2 minut spacerem znajdują się sklepy, punkty usługowe, apteka, przychodnia, szkoły, przedszkola oraz przystanki komunikacji miejskiej. Osoby ceniące aktywny wypoczynek docenią bliskość terenów rekreacyjnych Dębiny. W okolicy znajdują się liczne alejki spacerowe, trasy biegowe, place zabaw oraz ścieżki rowerowe prowadzące do Wartostrady i nadwarciańskich terenów rekreacyjnych. To doskonałe miejsce zarówno dla rodzin z dziećmi, jak i osób aktywnie spędzających wolny czas. Dodatkowym atutem jest szybki dojazd do centrum miasta oraz dogodny dostęp do autostrady A2. Budynek został wybudowany w 1980 roku i jest sukcesywnie modernizowany. W planach znajduje się termomodernizacja budynku oraz odnowienie wejść i części wspólnych w drugiej połowie 2026 roku. Najważniejsze atuty nieruchomości: powierzchnia 49,7 m², 2 sypialnie i salon z aneksem kuchennym, loggia, 2 piętro, winda, piwnica, schowek na piętrze, pełna infrastruktura osiedlowa w najbliższym otoczeniu, przystanek autobusowy około 2 minuty od bloku, tereny spacerowe i rowerowe Dębiny, szybki dojazd do centrum miasta i autostrady A2. Mieszkanie łączy funkcjonalny układ, bardzo dobrą lokalizację oraz dostęp do pełnej infrastruktury, a jednocześnie pozwala korzystać z terenów zielonych i rekreacyjnych znajdujących się tuż obok osiedla. Zapraszam do kontaktu i umówienia prezentacji.",tak,,aneks,plastikowe,spółdzielcze własnościowe,,52.361385,16.906611
Poznań Grunwald,ul. Żmigrodzka,3,62,749000,12081.0,Pośrednik,,23,https://adresowo.pl/o/mieszkanie-poznan-grunwald-ul-zmigrodzka-3-pokojowe-a2j9y9,https://s2.adresowa.pl/oi/59/16/3e8eea_d6c8_cover@2x-3-pokojowe-mieszkanie-poznan-grunwald-ul-zmigrodzka.webp,Poznań Grunwald,Żmigrodzka,1,2006.0,blok,,"Kupujący nie płaci prowizji - wynagrodzenie doradcy pokrywa sprzedający! Dwupoziomowe mieszkanie blisko Lasku Marcelińskiego | Żmigrodzka | Grunwald | 62,10 m² | 3 balkony Na sprzedaż wyjątkowe, dwupoziomowe mieszkanie o powierzchni 62,10 m², położone przy ul. Żmigrodzkiej na poznańskim Grunwaldzie - w spokojnej, kameralnej okolicy, tuż przy Lasku Marcelińskim, z doskonałym dostępem do komunikacji miejskiej i pełnej infrastruktury handlowo-usługowej. Nieruchomość znajduje się na kameralnym osiedlu niskiej zabudowy wielorodzinnej, które zapewnia większy komfort, prywatność i spokojniejszy charakter niż klasyczne duże osiedla mieszkaniowe. Mieszkanie wyróżnia się funkcjonalnym, dwupoziomowym układem, który daje poczucie przestrzeni i pozwala na wygodne oddzielenie strefy dziennej od prywatnej. Najważniejsze atuty nieruchomości: - powierzchnia: 62,10 m² - dwupoziomowy układ mieszkania - 3 pokoje, oddzielna kuchnia - 3 balkony: dodatkowa przestrzeń do wypoczynku - 3-szybowe okna: bardzo dobra izolacja termiczna i akustyczna - oszczędny system ogrzewania gazowego - większość / pełne wyposażenie i meble pozostają w cenie mieszkania - gotowe do zamieszkania lub dalszej aranżacji według własnych potrzeb - spokojne osiedle o niskiej zabudowie Lokalizacja: To miejsce idealne dla osób, które cenią balans między naturą a wygodą miasta. W bezpośrednim sąsiedztwie znajduje się Lasek Marceliński - świetna przestrzeń do spacerów, biegania i rekreacji. Dodatkowym atutem dla właścicieli czworonogów jest znajdujący się w pobliżu wybieg dla psów. Lokalizacja zapewnia także bardzo dobrą komunikację: - pętla tramwajowo-autobusowa Junikowo: ok. 3 minuty pieszo - szybki dojazd do centrum Poznania - wygodny wyjazd w kierunku autostrady A2 oraz obwodnicy S11 W pobliżu znajdują się liczne sklepy i punkty usługowe, m.in.: - Biedronka - Lidl - Żabka - apteki - piekarnie - punkty gastronomiczne - szkoły i przedszkola Parking: Na osiedlu dostępne są ogólnodostępne miejsca parkingowe, a w najbliższym czasie planowany jest montaż szlabanu oraz wydzielenie miejsc parkingowych wyłącznie dla mieszkańców, co dodatkowo podniesie komfort i bezpieczeństwo użytkowania osiedla. FORMA WŁASNOŚCI - pełna własność z udziałem w gruncie. Czynsz: 543 zł Cena: 749 000 zł To idealna propozycja dla osób szukających nietuzinkowego, dwupoziomowego mieszkania w spokojnej lokalizacji blisko zieleni, a jednocześnie z bardzo dobrą komunikacją i pełną infrastrukturą miejską. Oferta skierowana również dla klientów kredytowych, którym zapewniamy kompleksową, sprawną oraz skuteczną obsługę całego procesu kredytowania. Serdecznie zapraszam na prezentację. Informacja dla pośredników - współpracuję przy każdej ofercie.",,,,,własność,,52.381505,16.836668
Poznań Rataje,os. Oświecenia,2,42,541000,12881.0,Pośrednik,,16,https://adresowo.pl/o/mieszkanie-poznan-rataje-os-oswiecenia-2-pokojowe-u7r5u2,https://s2.adresowa.pl/oi/15/64/3e8a1c_d108_cover@2x-2-pokojowe-mieszkanie-poznan-rataje-os-oswiecenia.webp,Poznań Rataje,os. Oświecenia,6,1973.0,blok,,"Zapraszamy do zapoznania się z ofertą mieszkania z charakterem, położonego na cenionych poznańskich Ratajach — w jednej z najlepiej zaplanowanych i najbardziej zielonych części miasta. To propozycja idealna zarówno dla osób ceniących miejski styl życia, jak i dla rodzin szukających komfortowej przestrzeni z szybkim dostępem do centrum Poznania. Mieszkanie o powierzchni 42,20 m² znajduje się na wysokim piętrze kultowego budynku z lat 70., dzięki czemu oferuje piękną panoramę okolicy, dużą prywatność oraz bardzo dobre doświetlenie wnętrz naturalnym światłem. Najważniejsze atuty nieruchomości: • Doskonała lokalizacja na poznańskich Ratajach • Budynek z wielkiej płyty z lat 70. • Wysokie piętro z panoramicznym widokiem • Duże przestrzenie między budynkami oraz liczna zieleń • Funkcjonalny układ pomieszczeń • Ogólnodostępny parking dla mieszkańców • Bliskość terenów rekreacyjnych i centrum miasta Mieszkanie składa się z: - Salonu, - Sypialni, - Oddzielnej Kuchni, - Łazienki z prysznicem, - Korytarza. Do mieszkania przynależy również piwnica. Budynek: Nieruchomość znajduje się w budynku z wielkiej płyty z lat 70., cenionym za trwałość konstrukcji, bardzo dobrą izolację termiczną oraz funkcjonalne układy mieszkań. Ogromnym atutem osiedla są duże przestrzenie pomiędzy budynkami, które zapewniają komfort codziennego życia oraz dużą ilość zieleni wokół. Wysokie piętro gwarantuje większą prywatność, ciszę oraz atrakcyjny widok na panoramę okolicy. Przed budynkiem dostępny jest duży parking ogólnodostępny dla mieszkańców. Lokalizacja: Rataje to jedna z najbardziej zielonych i najlepiej rozwiniętych dzielnic Poznania, oferująca doskonałą infrastrukturę oraz szybki dostęp do centrum miasta. W pobliżu znajdują się liczne tereny rekreacyjne i sportowe, takie jak Jezioro Maltańskie, Malta Ski, Nowe Zoo oraz Wartostrada, które sprzyjają aktywnemu stylowi życia. Dużym atutem lokalizacji jest również bliskość galerii handlowej Posnania oraz bardzo szybki wyjazd na autostradę A2. Okolica oferuje świetnie rozwiniętą komunikację tramwajową i autobusową, dzięki czemu codzienne przemieszczanie się po mieście jest wygodne i szybkie. Zapraszamy do kontaktu w celu uzyskania dodatkowych informacji oraz umówienia prezentacji nieruchomości w dogodnym terminie. Chętnie odpowiemy na wszystkie pytania oraz pokażemy mieszkanie na żywo podczas indywidualnego spotkania. TEKTON PROPERTY TO NAJLEPSZE BIURO NIERUCHOMOŚCI W POLSCE WG KONKURSU LIDER NIERUCHOMOŚCI OTODOM 2020. Znajdź nas w swoim mieście: Gdańsk, ul. Chmielna 10 - Warszawa, Plac Dąbrowskiego 1/311 - Kraków, ul. Józefitów 7/4 - Poznań, ul. Wojskowa 6/D6 - Łódź, ul. Zachodnia 70 pok. 223, Opole, Gen. Tadeusza Kościuszki 1, lok. 1C. Podejmując współpracę z przedstawicielami Tekton Property zyskujesz: - oszczędność czasu, - weryfikację dokumentów od strony formalno-prawnej, - wsparcie agenta na każdym etapie transakcji, - pomoc przy uzyskaniu kredytu hipotecznego w kilkunastu bankach, - wgląd do umów przed zawarciem aktu notarialnego u sprawdzonych Notariuszy, - własne analizy makroekonomiczne i raporty z prowadzonych działań, - dostęp do cen transakcyjnych z okolicy. Skontaktuj się z opiekunem oferty, a on poprowadzi Cię przez wszystkie etapy transakcji. Zapraszamy do współpracy! Niniejsze ogłoszenie nie stanowi oferty handlowej w rozumieniu przepisów art. 66 k.c., a przedstawione dane mają charakter informacyjny.",,,,,spółdzielcze własnościowe,,52.389418,16.962767
Poznań Chartowo,Osiedle Rusa,2,49,650000,13265.0,bez pośredników,,16,https://adresowo.pl/o/mieszkanie-poznan-chartowo-osiedle-rusa-2-pokojowe-l6q1q1,https://s2.adresowa.pl/oi/13/2a/3e927c_9f82_cover@2x-2-pokojowe-mieszkanie-poznan-chartowo-osiedle-rusa.webp,Poznań Chartowo,Osiedle Rusa,2,1980.0,blok,,"Witam. Oferuje swoje 2-pokojowe mieszkanie. 95% mebli w mieszkaniu wykonane pod wymiar i zostaja na wyposażeniu mieszkania wraz ze sprzętem AGD. W bloku wymienione wszystkie piony, w mieszkaniu wszystkie rury podczas remontu. Przy bloku duży parking, nie mamy problemu z zaparkowaniem. Mieszkanie z księgą wieczystą i udziałem w gruncie. Cena bez negocjacji. Więcej informacji udziele telefonicznie: [numer]",tak,,osobna,plastikowe,spółdzielcze własnościowe,,52.405679,16.931277
Poznań Centrum,ul. św. Marcin,2,47,480000,10213.0,Pośrednik,,10,https://adresowo.pl/o/mieszkanie-poznan-centrum-ul-sw-marcin-2-pokojowe-f0s3n5,https://s2.adresowa.pl/oi/44/16/3e8a00_b415_cover@2x-2-pokojowe-mieszkanie-poznan-centrum-ul-sw-marcin.webp,Poznań Centrum,św. Marcin,1,1920.0,kamienica,,"TOP lokalizacja | ul. Św. Marcin | 47 m² | 2 pokoje + piwnica Mieszkanie z klimatem w samym sercu Poznania - - - NAJWAŻNIEJSZE ATUTY NIERUCHOMOŚCI - - - TOP lokalizacja w samym centrum Poznania ul. Św. Marcin — prestiżowy adres tuż przy Kinie Muza, kilka minut od Starego Browaru, Placu Wolności i Starego Rynku. Idealne pod inwestycję Świetna propozycja pod najem długo- i krótkoterminowy dzięki lokalizacji poszukiwanej przez studentów, turystów i osoby pracujące w centrum. Funkcjonalny układ + 1. piętro Przestronny salon, osobna sypialnia, duża łazienka oraz komfortowe położenie mieszkania na 1. piętrze. Ogromny potencjał wzrostu wartości Nieruchomości przy ul. Święty Marcin należą do najbardziej pożądanych adresów w Poznaniu i od lat utrzymują wysokie zainteresowanie rynku. PTAK Nieruchomości – ponad 30 lat doświadczenia na rynku nieruchomości. - - - OFERTA, KTÓRA PRZYCIĄGA UWAGĘ OD PIERWSZEGO SPOJRZENIA - - - Są adresy, które nigdy nie wychodzą z mody — i właśnie takim miejscem jest ul. Święty Marcin. To wyjątkowa propozycja dla osób, które szukają mieszkania z charakterem, w jednej z najbardziej rozpoznawalnych lokalizacji Poznania. Centrum | ul. Św. Marcin | przy Kinie Muza Przestronne mieszkanie 2-pokojowe położone w sąsiedztwie Galerii MM, Starego Browaru, Placu Wolności oraz poznańskiego Starego Rynku. - 47 m² - 2 pokoje - piwnica - 1. piętro - ogromny potencjał inwestycyjny Tylko teraz! Nie szukaj dalej — to mieszkanie ma dokładnie to „coś”, czego brakuje większości ofertom w centrum miasta. Idealne do zamieszkania lub pod inwestycję Szukasz nieruchomości w prestiżowej lokalizacji z ponadczasowym potencjałem? To miejsce idealne dla: - pary, - singla, - studenta, - osób ceniących miejski styl życia, - inwestora szukającego pewnej lokaty kapitału. Mieszkanie świetnie sprawdzi się zarówno jako komfortowe miejsce do życia, jak i inwestycja pod najem długo- lub krótkoterminowy. - - - MIESZKANIE - - - 2 pokoje | Centrum | ul. Św. Marcin 47 m² czystego potencjału aranżacyjnego i inwestycyjnego. Układ pomieszczeń: - przestronny salon z aneksem kuchennym, - ustawna sypialnia, - duża łazienka. Mieszkanie znajduje się na 1. piętrze kamienicy. Na kondygnacji znajdują się jedynie dwa mieszkania — gwarancja większego komfortu i prywatności. Ogrzewanie gazowe. Lokal do remontu — możliwość stworzenia wnętrza dokładnie według własnej wizji i potrzeb. To propozycja dla osób, które potrafią dostrzec potencjał miejsc z duszą i charakterem. - - - LOKALIZACJA - - - Centrum miasta na wyciągnięcie ręki To miejsce doskonale skomunikowane z każdą częścią Poznania. Wszystko, czego potrzebujesz na co dzień, znajduje się w zasięgu krótkiego spaceru. Komunikacja: - Tramwaj, Autobus | przystanki Św. Marcin, Marcinkowskiego, Plac Wolności – 2 min pieszo - Rondo Kaponiera | 10 min pieszo W najbliższym sąsiedztwie: - restauracje i klimatyczne kawiarnie, - sklepy spożywcze i punkty usługowe, - placówki medyczne i szpital, - szkoły, licea oraz renomowane uczelnie wyższe, - centra kultury i tereny spacerowe. Najważniejsze punkty miasta: - Plac Wolności – 4 min - Stary Browar – 5 min - Zamek Cesarski – 6 min - Park im. Karola Marcinkowskiego – 7 min - Stary Rynek – ok. 10 min - Dworzec Główny / Avenida – ok. 12 min Lokalizacja przy ul. Święty Marcin to jedno z najbardziej prestiżowych i klimatycznych miejsc na mapie Poznania — idealne zarówno do życia, jak i pod inwestycję. - - - DODATKOWE INFORMACJE - - - Wolne od zaraz Niskie opłaty eksploatacyjne — ok. 350 zł/mies. (w tym zaliczka na wodę, fundusz remontowy oraz wywóz odpadów) Stan prawny: pełna własność Zapraszam na prezentację! Maria Adamczewska",tak,,,plastikowe,,,52.405816,16.926447
Poznań Winiary,os. Winiary,3,53,569000,10736.0,Pośrednik,,17,https://adresowo.pl/o/mieszkanie-poznan-winiary-os-winiary-3-pokojowe-i7e8f8,https://s2.adresowa.pl/oi/34/24/3e7c18_8710_cover@2x-3-pokojowe-mieszkanie-poznan-winiary-os-winiary.webp,Poznań Winiary,os. Winiary,1,1980.0,blok,,"Zapraszamy do zapoznania się z ofertą słonecznego i funkcjonalnego mieszkania 3-pokojowego, położonego na poznańskich Winiarach — jednej z najbardziej cenionych lokalizacji, łączącej bliskość centrum miasta z dużą ilością zieleni oraz świetnie rozwiniętą infrastrukturą miejską. Mieszkanie o powierzchni 53,7 m² znajduje się na 1. piętrze budynku, a dodatkowym atutem jest fakt, że na piętrze znajdują się wyłącznie dwa lokale mieszkalne, co zapewnia większy komfort oraz prywatność mieszkańców. Najważniejsze atuty nieruchomości: • 3 niezależne i ustawne pokoje. • Piętro. • Balkon. • Piwnica z oknem. • Tylko 2 mieszkania na piętrze. • Duża ilość miejsc parkingowych przy budynku. • Świetna lokalizacja blisko centrum Poznania. Mieszkanie składa się z: - Pokoju dziennego z balkonem, - Pokoju, - Pokoju, - Niezależnej Kuchni z oknem, - Łazienki z wanną, - Toalety, - Korytarza z szafami w zabudowie. Do mieszkania przynależy również przestronna piwnica z oknem, która doskonale sprawdzi się jako miejsce do przechowywania rowerów, wózka, nart, sanek oraz innych sezonowych przedmiotów. Budynek i opłaty: Nieruchomość znajduje się w zadbanym budynku z czystą i dobrze utrzymaną klatką schodową. Przy budynku dostępnych jest wiele ogólnodostępnych miejsc parkingowych oraz parking strzeżony. Mieszkanie wyposażone jest w plastikowe okna z roletami wewnętrznymi, domofon, światłowód oraz telewizję kablową. Obecne umeblowanie może pozostać w mieszkaniu lub zostać usunięte zgodnie z preferencjami przyszłego właściciela. Czynsz administracyjny wynosi około 850 zł miesięcznie i obejmuje między innymi opłaty za ogrzewanie, śmieci oraz fundusz remontowy. Lokalizacja: Położenie mieszkania zapewnia szybki dostęp do centrum Poznania oraz bardzo dobrą komunikację tramwajową i autobusową. To lokalizacja wygodna zarówno dla rodzin, jak i osób studiujących lub pracujących w różnych częściach miasta. W pobliżu znajdują się sklepy spożywcze, warzywniaki, paczkomaty, punkty usługowe, żłobek, przedszkole, szkoła, restauracje, punkty gastronomiczne, apteka, szpital oraz przychodnie. Dużym atutem jest również bliskość centrów handlowych Poznań Pestka i Poznań Plaza oraz terenów zielonych i placów zabaw. Zapraszamy do kontaktu w celu uzyskania dodatkowych informacji oraz umówienia prezentacji nieruchomości w dogodnym terminie. Chętnie odpowiemy na wszystkie pytania oraz pokażemy mieszkanie na żywo podczas indywidualnego spotkania. TEKTON PROPERTY TO NAJLEPSZE BIURO NIERUCHOMOŚCI W POLSCE WG KONKURSU LIDER NIERUCHOMOŚCI OTODOM 2020. Znajdź nas w swoim mieście: Gdańsk, ul. Chmielna 10 - Warszawa, Plac Dąbrowskiego 1/311 - Kraków, ul. Józefitów 7/4 - Poznań, ul. Wojskowa 6/D6 - Łódź, ul. Zachodnia 70 pok. 223, Opole, Gen. Tadeusza Kościuszki 1, lok. 1C. Podejmując współpracę z przedstawicielami Tekton Property zyskujesz: - oszczędność czasu, - weryfikację dokumentów od strony formalno-prawnej, - wsparcie agenta na każdym etapie transakcji, - pomoc przy uzyskaniu kredytu hipotecznego w kilkunastu bankach, - wgląd do umów przed zawarciem aktu notarialnego u sprawdzonych Notariuszy, - własne analizy makroekonomiczne i raporty z prowadzonych działań, - dostęp do cen transakcyjnych z okolicy. Skontaktuj się z opiekunem oferty, a on poprowadzi Cię przez wszystkie etapy transakcji. Zapraszamy do współpracy! Niniejsze ogłoszenie nie stanowi oferty handlowej w rozumieniu przepisów art. 66 k.c., a przedstawione dane mają charakter informacyjny.",,tak,,,,,52.434323,16.909963
Poznań Winogrady,os. Zwycięstwa,3,47,610000,12979.0,bez pośredników,,6,https://adresowo.pl/o/mieszkanie-poznan-winogrady-os-zwyciestwa-3-pokojowe-u4b8c4,https://s2.adresowa.pl/oi/38/3d/3e8f58_a241_cover@2x-3-pokojowe-mieszkanie-poznan-winogrady-os-zwyciestwa.webp,Poznań Winogrady,os. Zwycięstwa,3,,blok,,"Na sprzedaż funkcjonalne mieszkanie o powierzchni 47,3 m², położone na os. Zwycięstwa w Poznaniu. Nieruchomość znajduje się w bardzo dobrze skomunikowanej części miasta - kilka minut pieszo do przystanku PST, co zapewnia szybki dojazd do centrum Poznania oraz kampusu UAM Morasko. W najbliższej okolicy znajdują się sklepy, punkty usługowe, tereny zielone oraz galerie handlowe. Mieszkanie składa się z: - trzech niezależnych pokoi, - osobnej kuchni, - łazienki, - przedpokoju. Lokal jest jasny, ustawny i funkcjonalny. Układ pomieszczeń sprawdzi się zarówno dla rodziny, pary, jak i jako mieszkanie inwestycyjne pod wynajem dla studentów lub pracowników. Mieszkanie jest w większości umeblowane. Najmniejszy pokój pozostaje bez mebli, co daje możliwość własnej aranżacji przestrzeni, np. na sypialnię, gabinet lub pokój dziecięcy. Wyposażenie kuchni obejmuje: - kuchenkę z piekarnikiem, - mikrofalówkę, - zmywarkę, - lodówkę z zamrażalnikiem. W łazience znajduje się pralka. Do mieszkania przynależy przestronna piwnica. Mieszkańcy mają również możliwość korzystania z rowerowni. Atuty nieruchomości: - świetna lokalizacja, - szybki dojazd do centrum, - bliskość PST, - funkcjonalny układ 3 pokoi, - osobna kuchnia, - dobra opcja inwestycyjna pod wynajem, - spokojna i zielona okolica. Czynsz administracyjny wynosi obecnie ok. 774 zł. Sprzedaż bezpośrednio od właściciela. Pośrednikom dziękuję. Zapraszam do kontaktu telefonicznego lub przez wiadomość w serwisie oraz do umówienia prezentacji mieszkania.",tak,,osobna,,,"Wyposażenie: kuchenkę, lodówkę, piekarnik, pralka, zmywarkę",52.440926,16.927833
Poznań Wilda,ul. Łozowa,3,58,750000,12931.0,bez pośredników,,11,https://adresowo.pl/o/mieszkanie-poznan-wilda-ul-lozowa-3-pokojowe-e6r6a6,https://s2.adresowa.pl/oi/17/12/3e8e94_8ef0_cover@2x-3-pokojowe-mieszkanie-poznan-wilda-ul-lozowa.webp,Poznań Wilda,Łozowa,4,1920.0,blok,,"Mieszkanie po kapitalnym remoncie, wykończone w wysokim standardzie zgodnie z projektem architekta. - Nowe okna plastikowe 3-szybowe. - Nowa instalacja elektryczna, kanalizacyjna, wodna. - Nowe kaloryfery w całym mieszkaniu. - Nowe tynki i sufity, plus wykończenie nida-gips. - Nowe posadzki, plus wykończenie podłóg na całym mieszkaniu - wysokiej klasy panelami winylowymi (300 zł/m2). - Nowa łazienka, kabina prysznicowa, płytki, sanitariaty. - Nowe oświetlenie. - Nowe drzwi wejściowe i w mieszkaniu. - Ściany - tapeta, farba. - Kuchnia umeblowana wraz z AGD. - Pokoje umeblowane - szafy plus panele ścienne. - Brak kanap i krzeseł pokazanych na zdjęciach. Klatka schodowa wejściowa w budynku odnowiona w 2025 roku. Blok ocieplony. Zielone otoczenie.",tak,,,plastikowe,,,52.368039,16.908046
Poznań Grunwald,ul. Szamotulska,1,36,348000,9667.0,Pośrednik,,14,https://adresowo.pl/o/mieszkanie-poznan-grunwald-ul-szamotulska-1-pokoj-k9k5x2,https://s2.adresowa.pl/oi/3f/24/3e78d0_eac2_cover@2x-1-pokojowe-mieszkanie-poznan-grunwald-ul-szamotulska.webp,Poznań Grunwald,Szamotulska,2,1960.0,blok,,"Okazja - obszerna kawalerka 36,6 m2 w znakomitej lokalizacji na Jeżycach - przy ul. Szamotulskiej w Poznaniu, na 2 piętrze, w niskim, kameralnym i estetycznym bloku z cegły, po termoizolacji, z ładną elewacją i zadbaną klatką schodową, 250 m od przystanku autobusowego. Lokal ze względu na usytuowanie na II piętrze wygodny nie tylko dla młodych. Mieszkanie z nutką klasyki dzięki podłogom z parkietu oraz wysokim wnętrzom , funkcjonalne i słoneczne, z potencjałem do łatwego przekształcenia w 2-pokojowe mieszkanie - wówczas salon z aneksem kuchennym a w miejscu aktualnej kuchni sypialnia 11 m2, opcjonalnie pod najem studencki / pracowniczy - mała kuchnia w korytarzu i 2 niezależne pokoje sypialne. Lokal usytuowany wygodnie na II piętrze, w niskim bloku, z ładnym widokiem z jednej strony na zadbany, zazieleniony, do wyłącznej dyspozycji członków wspólnoty ogrodzony teren a z drugiej strony na niską zabudowę Jeżyc. Nieruchomość zadowoli także zmotoryzowanych - miejsce parkingowe znajduje się tuż obok budynku, na terenie należącym do wspólnoty mieszkaniowej, co gwarantuje łatwe parkowanie bez konieczności męczącego szukania wolnego miejsca. Forma prawna: wyodrębniony lokal mieszkalny z księgą wieczystą bez obciążeń, łatwy w zakupie z finansowaniem kredytem hipotecznym. Układ: funkcjonalny, mieszkanie składa się z pokoju 20 m2, jasnej kuchni 11 m2, przedpokoju oraz łazienki 3 m2. Do mieszkania przynależy obszerna piwnica 5,8 m2. Ze względu na spory rozmiar szafy wnękowej w korytarzu można oszczędzić miejsce w pokoju. Dzięki dużym oknom w pokoju i w kuchni odbiera się wrażenie przestronnej powierzchni dziennej. Dla kogo: dla młodego małżeństwa z dzieckiem lub inwestycyjnie do najmu (obszerny pokój dzienny, swobodnych rozmiarów osobna kuchnia (z możliwością przekształcenia na pokój sypialny), sąsiedztwo Wydziału Nauk Społecznych Uniwersytetu Adama Mickiewicza (narożnik ulic szamotulskiej i Szamarzewskiego), dobry dojazd komunikacją miejską do uczelni w Centrum oraz do kampusu uniwersyteckiego na Morasku. Standard : Budynek z cegły z odnowioną w klasycznym stylu elewacją, bezpiecznie - wejście przez furtkę na ogrodzony teren wspólnoty mieszkaniowej, domofon przy drzwiach wejściowych. Łazienka po remoncie generalnym w 2023 r., w pozostałej części m ieszkanie wykończone w starszym stylu za to bardzo zadbane i czyste, do komercyjnego, studenckiego najmu nie wymaga żadnego wkładu. Ogrzewanie centralne z własnej kotłowni, co gwarantuje rozsądne rachunki za ogrzewanie, woda użytkowa w kuchni i łazience ogrzewana równie ekonomicznie gazowym przepływowym ogrzewaczem wody usytuowanym w łazience. Okna nowe PCV, z wystawą skierowaną na południowy - zachód. Podłogi: w pokoju i korytarzu parkiet zabezpieczony wykładziną dywanową, w kuchni i łazience - płytki. Ściany: w pokojach i przedpokoju oraz w kuchni gładź gipsowa, malowane. Kuchnia z oknem, szafki stojące i wiszące starego typu oraz AGD (lodówka, kuchenka gazową z piekarnikiem, okap). Łazienka z kabiną prysznicową oraz pralką - glazura i terakota nowego typu. W korytarzu szafa garderobiana w zabudowie starego typu. Infrastruktura : znakomita, ""pod ręką"" pełny wybór sklepów i punktów usługowych, szkoła podstawowa, przedszkole, przychodnia lekarza rodzinnego, kościół. Atuty: otoczenie ulicy Szamotulskiej wyraźnie odróżnia je od innych obszarów Jeżyc - w otoczeniu przyjazne architektonicznie i zadbane budynki, w odległości 20 min. pieszo w kierunku północnym jezioro Rusałka a w kierunku zachodnim Lasek Marceliński, oba atrakcyjny przyrodniczo obszary z licznymi ścieżkami spacerowymi, rowerowymi i biegowymi zachęcającymi do aktywnej rekreacji. Komunikacja: autobusem do Centrum miasta (Stary Rynek) 20 min., do przystanku autobusowego 1 min., do przystanku tramwajowego 10 min. Linie autobusowe nr: [numer], linie tramwajowe nr: 1, 6, 13, 15 . Parkowanie: miejsca parkingowe tuż pod blokiem, z przeznaczeniem wyłącznie dla mieszkańców wspólnoty mieszkaniowej, bezpłatne. Parkowanie dla gości również bezpłatne, bez strefy płatnego parkowania. Koszty eksploatacyjne: Czynsz administracyjny: 570 zł - obejmuje zaliczki na centralne ogrzewanie, wodę zimną, wywóz śmieci, sprzątanie terenu, zarządzanie, fundusz remontowy. Dodatkowo płatne - prąd i gaz do kuchenki gazowej oraz do termy gazowej do podgrzewania wody w kuchni i łazience - wg wskazań licznika - dotychczas nie więcej niż ok. 120 zł na miesiąc, przy 2 osobach zamieszkujących. Zapraszam do kontaktu i na prezentację z licencjonowanym pośrednikiem: Marek Fabiański tel. kom. [numer]. Pomagamy nieodpłatnie w uzyskaniu źródeł finansowania zakupu nieruchomości - duży wybór kredytów hipotecznych. POWYŻSZY OPIS MA CHARAKTER INFORMACYJNY I NIE STANOWI OFERTY W ROZUMIENIU PRZEPISÓW KODEKSU CYWILNEGO.",tak,tak,,,własność,"Wyposażenie: kuchenka, lodówka, piekarnik",52.411315,16.883575
Poznań Jeżyce,ul. Piątkowska,3,62,699000,11274.0,Pośrednik,,39,https://adresowo.pl/o/mieszkanie-poznan-jezyce-ul-piatkowska-3-pokojowe-c9f9o0,https://s2.adresowa.pl/oi/47/20/3e71f0_c841_cover@2x-3-pokojowe-mieszkanie-poznan-jezyce-ul-piatkowska.webp,Poznań Jeżyce,Piątkowska,7,1986.0,blok,,"Zapraszamy do zapoznania się z ofertą sprzedaży przestronnego i funkcjonalnego mieszkania 3-pokojowego położonego przy ul. Piątkowskiej w Poznaniu. Nieruchomość znajduje się na 7. piętrze w 10-piętrowym budynku wyposażonym w dwie windy i oferuje piękny widok na panoramę miasta oraz bardzo dobre doświetlenie wnętrz dzięki ekspozycji południowo-zachodniej. To propozycja dla osób poszukujących wygodnego mieszkania z funkcjonalnym układem pomieszczeń, dużym balkonem oraz świetnym dostępem do komunikacji miejskiej i pełnej infrastruktury handlowo-usługowej. Najważniejsze atuty nieruchomości: • 3 niezależne i ustawne pokoje • Duży balkon z widokiem na panoramę miasta • Ekspozycja południowo-zachodnia zapewniająca dużo światła • piętro gwarantujące większą prywatność i przestrzeń • Dwie windy w budynku • Ogrodzony teren oraz parking wyłącznie dla mieszkańców • Piwnica / komórka lokatorska o powierzchni 1,9 m² Mieszkanie składa się z: - Salonu - 21,7 m² - Pokoju - 10,5 m² - Pokoju - 8,8 m² - Jasnej Kuchni - 6,5 m² - Łazienki - 3,3 m² - Osobnego WC - 1,1 m² - Przedpokoju - 3,3 m² oraz 7,6 m² - Dużego Balkonu - Piwnicy / Komórki Lokatorskiej - 1,9 m² Budynek: Mieszkanie znajduje się w zadbanym, 10-piętrowym budynku wyposażonym w dwie windy. Teren wokół nieruchomości jest ogrodzony, a mieszkańcy mają dostęp do parkingu przeznaczonego wyłącznie dla lokatorów, co znacząco podnosi komfort codziennego użytkowania. Lokal posiada bardzo funkcjonalny układ pomieszczeń, dzięki czemu daje szerokie możliwości aranżacyjne i wygodną przestrzeń do życia. Lokalizacja: Nieruchomość położona jest w jednej z najbardziej wygodnych i najlepiej skomunikowanych części Poznania. W najbliższej okolicy znajdują się sklepy spożywcze, piekarnia, punkty usługowe oraz liczne przystanki komunikacji miejskiej. W pobliżu dostępne są przystanki autobusowe Koronna oraz Powstańców Warszawy, przystanek tramwajowy Św. Leonarda, szybki tramwaj PST Aleje Solidarności, Galeria Pestka i Galeria Plaza, Makro, szkoły oraz Uniwersytet Przyrodniczy, co zapewnia wygodny dostęp zarówno do centrum miasta, jak i pozostałych części Poznania. To lokalizacja zapewniająca wygodny dostęp zarówno do centrum miasta, jak i pozostałych części Poznania. Zapraszamy do kontaktu w celu uzyskania dodatkowych informacji oraz umówienia prezentacji nieruchomości w dogodnym terminie. Chętnie odpowiemy na wszystkie pytania oraz pokażemy mieszkanie na żywo podczas indywidualnego spotkania. TEKTON PROPERTY TO NAJLEPSZE BIURO NIERUCHOMOŚCI W POLSCE WG KONKURSU LIDER NIERUCHOMOŚCI OTODOM 2020. Znajdź nas w swoim mieście: Gdańsk, ul. Chmielna 10 - Warszawa, Plac Dąbrowskiego 1/311 - Kraków, ul. Józefitów 7/4 - Poznań, ul. Wojskowa 6/D6 - Łódź, ul. Zachodnia 70 pok. 223, Opole, Gen. Tadeusza Kościuszki 1, lok. 1C. Podejmując współpracę z przedstawicielami Tekton Property zyskujesz: - oszczędność czasu, - weryfikację dokumentów od strony formalno-prawnej, - wsparcie agenta na każdym etapie transakcji, - pomoc przy uzyskaniu kredytu hipotecznego w kilkunastu bankach, - wgląd do umów przed zawarciem aktu notarialnego u sprawdzonych Notariuszy, - własne analizy makroekonomiczne i raporty z prowadzonych działań, - dostęp do cen transakcyjnych z okolicy. Skontaktuj się z opiekunem oferty, a on poprowadzi Cię przez wszystkie etapy transakcji. Zapraszamy do współpracy! Niniejsze ogłoszenie nie stanowi oferty handlowej w rozumieniu przepisów art. 66 k.c., a przedstawione dane mają charakter informacyjny.",,tak,,,własność,,52.433484,16.91319
Poznań Wilda,ul. Saperska,2,49,675000,13776.0,bez pośredników,,17,https://adresowo.pl/o/mieszkanie-poznan-wilda-ul-saperska-2-pokojowe-q4a2h7,https://s2.adresowa.pl/oi/4f/63/3e8c10_f259_cover@2x-2-pokojowe-mieszkanie-poznan-wilda-ul-saperska.webp,Poznań Wilda,Saperska,6,2011.0,blok,,"Opis nieruchomości Na sprzedaż komfortowe i funkcjonalne mieszkanie o powierzchni 49,7 m², położone na ostatnim, 6. piętrze nowoczesnego budynku przy ul. Saperskiej w Poznaniu. Dzięki lokalizacji na najwyższej kondygnacji, mieszkanie zapewnia ciszę, prywatność oraz brak sąsiadów nad głową, co znacząco wpływa na komfort codziennego życia. Nieruchomość wyróżnia się obecnością aż dwóch balkonów, które stanowią idealną przestrzeń do wypoczynku, porannej kawy czy relaksu po pracy. W mieszkaniu została zainstalowana klimatyzacja, gwarantująca komfort nawet w najcieplejsze dni. Lokal jest sprzedawany z pełnym umeblowaniem, dzięki czemu nadaje się do natychmiastowego zamieszkania lub wynajmu - bez dodatkowych nakładów finansowych. Dodatkowym atutem jest możliwość dokupienia miejsca parkingowego oraz komórki lokatorskiej, co znacząco zwiększa wygodę użytkowania i stanowi dużą wartość dodaną dla przyszłego właściciela. Najważniejsze atuty: - Powierzchnia 49,7 m² - Ostatnie piętro - cisza i prywatność - Dwa balkony (po niedawnym remoncie) - Klimatyzacja - Mieszkanie w pełni umeblowane - Możliwość zakupu miejsca parkingowego - Możliwość zakupu komórki lokatorskiej - Funkcjonalny układ - Dobra lokalizacja Okolica i komunikacja: Mieszkanie zlokalizowane jest w rozwiniętej części Poznania, która łączy wygodę życia w mieście z dostępem do terenów rekreacyjnych. - Tereny zielone: w niewielkiej odległości znajdują się miejsca do spacerów i aktywności na świeżym powietrzu (ok. 5-10 minut). - Sklepy i usługi: sklepy spożywcze, punkty usługowe oraz markety w zasięgu kilku minut (ok. 2-5 minut). - Komunikacja miejska: przystanki tramwajowe i autobusowe w odległości ok. 3-7 minut pieszo. Lokalizacja zapewnia idealne połączenie spokojnego otoczenia z dobrą komunikacją i pełną infrastrukturą miejską.",tak,tak,,plastikowe,własność,Wyposażenie: klimatyzacja,52.380114,16.91793
Poznań Górna Wilda,ul. Wierzbięcice,1,39,495000,12692.0,bez pośredników,,8,https://adresowo.pl/o/mieszkanie-poznan-gorna-wilda-ul-wierzbiecice-1-pokoj-u5u1v6,https://s2.adresowa.pl/oi/64/48/3e8adc_d185_cover@2x-1-pokojowe-mieszkanie-poznan-gorna-wilda-ul-wierzbiecice.webp,Poznań Górna Wilda,Wierzbięcice,1,1905.0,kamienica,,"Na sprzedaż mieszkanie 39 m² z piwnicą - Poznań, ul. Wierzbięcice, Górna Wilda. + centrum Poznania (10min do Starego Browaru, 13 min do Starego Rynku, 10min do Dworca Kolejowego, 15 min do UAM) + 1 piętro + ciche - okna na zamknięte podwórze + miejsca parkingowe dla lokatorów w podwórzu (brama na pilot) + przystanek tramwajowy przy budynku + niski czynsz - ok. 340 zł Układ: - pokój z aneksem - łazienka - korytarz - Piwnica 3m2 Stan: - stan mieszkania bardzo dobry. Mieszkanie czyste i zadbane. - okna aluminiowe - nowy piec gazowy dwufunkcyjny z 2025 - nowy nierdzewny wkład kominowy z 2025 - do zamieszkania lub odświeżenia/aranżacji według gustu i potrzeb - ogrzewanie gazowe (etażowe) Dodatkowe informacje: + piwnica 3m2 + zamknięte podwórze + spokojna lokalizacja mimo centrum + zadbana klatka schodowa + kamienica po rewitalizacji Zapraszam do kontaktu - duże zainteresowanie. Oględziny w ustalonym telefonicznie terminie. Oferta prywatna. Więcej zdjęć na życzenie.",tak,tak,aneks,,własność,,52.396192,16.921311
Poznań Grunwald,ul. Izaaka Newtona,3,56,559000,9982.0,Pośrednik,,21,https://adresowo.pl/o/mieszkanie-poznan-grunwald-ul-izaaka-newtona-3-pokojowe-g9d2p1,https://s2.adresowa.pl/oi/34/6d/3e71d2_f14d_cover@2x-3-pokojowe-mieszkanie-poznan-grunwald-ul-izaaka-newtona.webp,Poznań Grunwald,Izaaka Newtona,5,1982.0,blok,,"Okazja ! Na sprzedaż funkcjonalne mieszkanie 3 - pokojowe o powierzchni 56,1 m2 z niezależną kuchnią i dużym balkonem typu loggia na 5 piętrze, w odnowionym i ocieplonym 11 piętrowym bloku, w kameralnej lokalizacji na Osiedlu Kopernika na Grunwaldzie w Poznaniu. Słoneczne mieszkanie o bardzo miłym i radosnym wystroju, które może spodobać się zarówno młodszym jak i starszym łączy architekturę z lat 80 m- tych z nowszym wystrojem wnętrza. Usytuowanie na 5 piętrze zapewnia rozległe widoki na zielone płuca rejonu - Park im. Jasińskiego a z drugiej strony na panoramę Grunwaldu. Znakomita logistycznie lokalizacja przy ul. Newtona w Poznaniu, w odległości ok. 5 minut przystanki tramwajowy i autobusowy oraz ok. 10 minut tramwajowe (Górczyn, Bułgarska). Bliskość tramwaju zadowoli każdego, kto planuje na co dzień unikać korków w ruchu samochodowym. Wystawa okienna dwustronna pozwala cieszyć się słońcem o każdej porze dnia a salon z balkonem typu loggia umożliwia wypoczynek w każdej pogodzie dzięki zadaszeniu, nawet gdy z nieba leje się żar lub nawet, gdy pada. Przed blokiem bezpłatne miejsca parkingowe , blisko bezpieczny plac zabaw i boisko, rozległy i wygodny parking strzeżony . Forma prawna: pełna własność, wyodrębniony lokal mieszkalny z księgą wieczystą - (uregulowana sytuacja prawna gruntu) - można bez problemu zakupić to mieszkanie na kredyt hipoteczny ! Układ: funkcjonalny, mieszkanie składa się z 3 niezależnych pokoi: 18 m2 (powiększony względem pierwotnego projektu dzięki usunięciu ścianki działowej), 10,6 m2 i 9 m2, niezależnej, jasnej kuchni 6,6 m2, przedpokoju 9,8 m2 oraz łazienki 3,1 m2 oraz odrębnego wc 1 m2. Do mieszkania przynależy piwnica 2 m2 oraz dodatkowo istnieje możliwość najmu komórki lokatorskiej 3 m2 idealnej np. do trzymania rowerów. Dla kogo: Dzięki funkcjonalnemu układowi i optymalnej powierzchni mieszkanie jest idealną propozycją zarówno dla rodziny z 1-2 dzieci, jak i świetną inwestycją pod wynajem dla 3 niezależnych najemców. Nieruchomość posiada 3 niezależne pokoje, przestronną, osobną kuchnię oraz łazienkę i oddzielne WC. Dodatkowym atutem jest bardzo dobry dojazd komunikacją miejską do centrum i pobliskich uczelni, co czyni to miejsce atrakcyjnym dla studentów oraz osób pracujących. Standard: Mieszkanie nie wymaga żadnego pilnego wkładu, było niedawno malowane, jest czyste i wyposażone w konieczne meble. Okna PCV nowszego typu, z wystawą skierowaną na wschód i zachód, z niczym nie przysłoniętym widokiem na park z jednej strony i panoramę miasta z drugiej strony. Mieszkanie jasne, dwustronne , klatka schodowa czysta , wymalowana, cicha winda w budynku, w bezpośrednim otoczeniu parking i zieleń osiedlowa. W budynku po remoncie piony centralnego ogrzewania, co gwarantuje zamieszkiwanie niezakłócone ciężkimi pracami remontowymi przez wiele kolejnych lat. Na ścianach w mniejszych pokojach oraz w kuchni gładzie gipsowe , malowane, nadające wnętrzu w pełni współczesny charakter. Podłogi: w pokojach i korytarzu parkiet, w kuchni oraz łazience i wc - płytki. Ściany: w dużym pokoju i przedpokoju tapeta, w pozostałych pokojach i w kuchni gładź gipsowa, malowane. Kuchnia z oknem, mieści swobodnie codzienny stół jadalny, szafki stojące i wiszące nowego typu w zabudowie z AGD (lodówka, kuchenka gazowa z piekarnikiem). Łazienka z wanną i pralką - glazura i terakota nowego typu. W salonie duża 3 - drzwiowa szafa typu komandor, w pokojach również pełne umeblowanie. Ogrzewanie centralne oraz woda użytkowa w kuchni i łazience wygodnie z cieplika miejskiego, zapewnia komfort i rozsądne koszty eksploatacyjne. Infrastruktura: znakomita, ""pod ręką"": duże markety, pełny wybór sklepów i punktów usługowych, przychodnia lekarza rodzinnego, szkoła podstawowa, przedszkole, kościół. Atuty: Otoczenie ulicy Newtona wyraźnie odróżnia je od innych obszarów Grunwaldu - w bezpośrednim sąsiedztwie Park, w otoczeniu zadbane budynki wielorodzinne, plac zabaw oraz boisko, w odległości 15 - 20 min pieszo Lasek Marceliński i po drugiej stronie Poznańskie Szachty z licznymi ścieżkami rowerowymi i biegowymi zachęcającymi do aktywnej rekreacji lub spaceru z psem. Poza tym: - mieszkanie z nakomicie sprawdzi się komercyjnie np. do najmu, bez konieczności ponoszenia nakładów lub do wygodnego życia rodziny z dzieckiem, - ogrzewane w wygodny sposób z cieplika miejskiego, - salon z wyjściem na balkon 5,5 m2, - funkcjonalne - osobna łazienka i wc, - posiada piwnicę/komórkę lokatorską o powierzchni 2 m2, idealną np. dla rowerów, nart i innych sprzętów do aktywności i rekreacji, - estetyczna elewacja i o toczenie bloku z bujną zielenią powodują, że mieszka się tu miło i dobrze wypoczywa, - rozległy parking bezpłatny oraz parking strzeżony, - sklepy w odległości 20 0 - 500 m, - s zkoła podstawowa i przedszkole - 500 m, - Internet światłowodowy i telewizja kablowa. Mieszkanie może być sprzedane jako umeblowane w cenie, wg uzgodnień, na wyposażenie składa się: - kuchnia: kuchenka gazowa z piekarnikiem, lodówka, zlewozmywak i wygodny blat, meble kuchenne stojące i wiszące, okap - pochłaniacz, - przedpokój - szafka na buty, wieszak na ubrania, domofon, - salon - wygodne meble wypoczynkowe, sofa rozkładana 2 - osobowa, stolik, szafka RTV, stół, 4 krzesła, - sypialnia - łóżko duże, szafa, - pokój mniejszy - kanapa, szafki, - łazienka - pralka i szafka. Komunikacja: tramwajem do Centrum miasta (Stary Rynek) 20 min., do przystanku tramwajowego i do przystanku autobusowego ok. 5 min. Linie tramwajowe: Bułgarska - nr 1, 6, 13, 15; Górczyn - 5,14,17. Linie autobusowe nr [numer], 191, 193. Parkowanie: miejsca parkingowe tuż pod blokiem, bezpłatne lub na pobliskim, strzeżonym parkingu. Koszty eksploatacyjne: Czynsz administracyjny: 1130 zł (2 osoby dorosłe) - obejmujący zaliczki na ogrzewanie, wodę zimną i ciepłą, wywóz śmieci, zarządzanie, fundusz remontowy. Dodatkowo płatny - prąd i gaz do kuchenki - wg wskazań licznika - wg wskazań licznika, dotychczas nie więcej niż 120 zł na miesiąc, przy 2 osobach zamieszkujących. Dostępność: Od zaraz. Polecam i zapraszam do oglądania z licencjonowanym pośrednikiem: Marek Fabiański tel. kom. [numer]. Pomagamy nieodpłatnie w uzyskaniu źródeł finansowania zakupu nieruchomości - szeroki wybór kredytów hipotecznych. POWYŻSZY OPIS MA CHARAKTER INFORMACYJNY I NIE STANOWI OFERTY W ROZUMIENIU PRZEPISÓW KODEKSU CYWILNEGO.",tak,tak,,plastikowe,,"Wyposażenie: internet, kuchenka, lodówka, piekarnik, pralka, tv",52.383507,16.867128
Poznań Wilda,ul. Wierzbięcice,6,165,1599000,9691.0,Pośrednik,,20,https://adresowo.pl/o/mieszkanie-poznan-wilda-ul-wierzbiecice-6-pokojowe-k6r2r1,https://s2.adresowa.pl/oi/4b/28/3e6f02_d984_cover@2x-6-pokojowe-mieszkanie-poznan-wilda-ul-wierzbiecice.webp,Poznań Wilda,Wierzbięcice,2,1930.0,kamienica,,"0% PROWIZJI Polecam ofertę rzadko spotykanego, 165-metrowego, narożnikowego mieszkania w kamienicy. Klimat tego mieszkania trudno uchwycić na zdjęciach. Jeśli szukasz czegoś w tym stylu, ale wahasz się po obejrzeniu fotografii, koniecznie umów się na prezentację. LOKALIZACJA I OTOCZENIE: Mieszkanie przy Wierzbięcice 57 znajduje się w świetnej lokalizacji na poznańskiej Wildzie, zaledwie 5 minut tramwajem od ścisłego centrum. Mimo odległości od Cetrum miasta, tuż obok znajduje się Park Jana Pawła II, idealny na spacery, jazdę rowerem czy czas z dziećmi. KAMIENICA: Kamienica z 1912 roku jest w dobrym stanie technicznym: posiada nowy dach, odnowioną ok. 8 lat temu elewację od podwórza oraz elewację frontową remontowaną ok. 20 lat temu. Budynek wyróżnia się oryginalnymi stropami z prefabrykatów żelbetowych z wylewką jastrychową, a nie drewnianym belkowaniem, co zapewnia solidność konstrukcji i lepszą akustykę. Do dyspozycji mieszkańców jest zadbane podwórko z kwietnikami oraz zjazd dla rowerów do piwnicy. MIESZKANIE: Lokal usytuowany jest na 2 piętrze w 5-piętrowej kamienicy Wnętrze mieszkania jest wyjątkowo jasne - dzięki ekspozycji na 3 strony świata (wschód, północ i południe) przez cały dzień dociera tu mnóstwo naturalnego światła. Niesamowity klimat mieszkania tworzy kilka kluczowych elementów - dwa balkony z widokiem na rosnące drzewa, wysokie sufity (3,3 m) oraz liczne duże okna, które zapewniają doskonałe doświetlenie wnętrz. Niespotykany aspekt tworzy układ i metraż - aż 165 m², co w dzisiejszych czasach jest rzadkością w kamienicach. Pokoje są wyjątkowo duże i przestronne. Układ mieszkania jest bardzo funkcjonalny: -osobna kuchnia ze spiżarnią i dużym oknem -łazienka z wanna i prysznicem -salon z wyjściem na balkon i czterema oknami od strony północnej -sypialnia 1 z wyjściem na balkon -sypialnia 2 -sypialnia 3 i 4 -pokój do pracy -duży korytarz z szafami w zabudowie -zamykany przedsionek W 2005r przeprowadzono kompleksowy remont i modernizację mieszkania: - wykonanie instalacji co ( miedź) z kotłem gazowym dwufunkcyjnym (istnieje możliwośc podłączenia się pod cieplik) -generalny remont kuchni i łazienki - wymiana wszystkich instalacji : elektrycznej, wodnej, gazowej - założenie sufitów podwieszanych (płyty g-k z wytłumieniem hałasu welną mineralną) w sypialni, kuchni, korytarzu, łazience - wymiana części okien - wymiana drzwi wewnętrznych wraz z futrynami (drewniane) - skucie i położenie nowych tynków wraz z gipsowaniem - postawienie nowej ściany działowej lekkiej (konstrukcja stalowa, z obłożeniem płytą gipsowo-kartonową, z przekładką z wełny mineralnej - nowe posadzki - przesunięcie ściany działowej w łazience - nowe drzwi antywłamaniowe pomiędzy przedsionkiem a korytarzem Comiesięczne koszty utrzymiania nieruchomości to około 1200 zł + gaz (nie więcej niż 3/4 tysiące rocznie) + prąd. Do budynku doprowadzony jest cieplik miejski, ale w mieszkaniu ogrzewanie oraz ciepłą wodę zapewnia piec gazowy. LOKALIZACJA: 200 metrów od budynku są przystanki tramwajowe i autobusowe - dojazd do centrum to zaledwie kilka minut. W bezpośrednim otoczeniu działa pełna infrastruktura: Rynek Wildecki, sklepy, piekarnie, drobne usługi, kosmetyczki, kawiarnie i Żabka - wszystko, czego potrzeba na co dzień. Tuż obok jest Park Jana Pawła II, idealny na spacer, jogging czy chwilę relaksu w zieleni. Co ważne, mimo miejskiego położenia i świetnych połączeń, mieszkanie jest zaskakująco spokojna i cicha. POWIERZCHNIA MIESZKANIA: 165,7 m² -salon - 33 m2 -kuchnia ze spiżarnią - 16,35 m2 -łazienka -8,8 m2 -sypialnia - 28 m2 -sypialnia z wyjściem na balkon - 25,3 m2 -pokój 1 - 12,5 m2 -pokój 2 - 10,8 m2 -pokój 3 - 7,2 m2 -korytarz - 20,5 m2 -przedsionek - 2,8 m2 SZCZEGÓŁY TECHNICZNE: Piętro: 2 z 5 Winda: nie Ogrzewanie: piec gazowy Czynsz: ok. 1200 zł/mies. KOMUNIKACJA: Autobusy: linia 215- przystanek ""Rynek Wildecki"" w odległości 170 m Tramwaje: linia [numer]9 - przystanek ""Rynek Wildecki"" w odległości 170 m FORMA WŁASNOŚCI Pełna własność z Księgą Wieczystą CENA 1 599 000 zł SERDECZNIE ZAPRASZAM NA PREZENTACJĘ! Informacja dla pośredników - współpracujemy przy każdej ofercie.",,,,,własność,,52.392149,16.921627
Poznań Podolany,ul. Jasielska,2,41,599000,14610.0,bez pośredników,,9,https://adresowo.pl/o/mieszkanie-poznan-podolany-ul-jasielska-2-pokojowe-y9e4n3,https://s2.adresowa.pl/oi/14/72/3e891e_bdcd_cover@2x-2-pokojowe-mieszkanie-poznan-podolany-ul-jasielska.webp,Poznań Podolany,Jasielska,1,2025.0,blok,,"Na sprzedaż gotowe, w pełni wykończone mieszkanie o powierzchni 41,29 m², położone na poznańskich Podolanach - przy ul. Jasielskiej 10a. Zachwyca nowoczesnym designem oraz faktem, że jest całkowicie nowy - bezpośrednio po generalnym remoncie. To idealna propozycja zarówno jako komfortowe mieszkanie dla singla lub pary, jak i gotowa inwestycja pod wynajem, niewymagająca żadnych dodatkowych nakładów finansowych. SZCZEGÓŁY NIERUCHOMOŚCI: Przestrzeń dzienna została zaprojektowana w jasnym, nowoczesnym stylu, z naciskiem na funkcjonalność i dobre doświetlenie. - nowoczesne wykończenie - wyjście z salonu na balkon - zabudowa kuchenna na wymiar wraz z pełnym wyposażeniem AGD - duże okna z ekspozycją wschodnio-południową STANDARD I BUDYNEK: Mieszkanie w budynku oddanym do użytkowania w 2025 roku jest świeżo po generalnym remoncie. Odbierasz klucze i od pierwszego dnia możesz z niego korzystać. Wszystkie meble oraz sprzęty widoczne na zdjęciach są zupełnie nowe. NAJWAŻNIEJSZE INFORMACJE: - budynek wyposażony w windę - pełna własność z założoną Księgą Wieczystą - w pełni wyposażone i umeblowane w cenie zakupu - do mieszkania przynależy balkon - czynsz administracyjny wynoszący 500 zł - miejsce w hali garażowej dodatkowo płatne - 35 000 - brak prowizji LOKALIZACJA: Ulica Jasielska 10a to adres, który łączy spokój nowoczesnego osiedla z bardzo dobrą i wygodną infrastrukturą. W promieniu kilku minut spacerem dotrzesz do przystanku autobusowego, niezbędnych punktów handlowo-usługowych, m.in. Galerii Podolany oraz dyskontów takich jak Biedronka i Chata Polska. Zapraszam na prezentację.",,tak,,plastikowe,własność,,52.44188,16.890752
Poznań Naramowice,ul. Naramowicka,2,42,329000,7833.0,bez pośredników,,14,https://adresowo.pl/o/mieszkanie-poznan-naramowice-ul-naramowicka-2-pokojowe-b1n5v8,https://s2.adresowa.pl/oi/16/7b/3e88a0_bf58_cover@2x-2-pokojowe-mieszkanie-poznan-naramowice-ul-naramowicka.webp,Poznań Naramowice,Naramowicka,1,1950.0,kamienica,,"Sprzedam mieszkanie 2 pokojowe o powierzchni 42,36 m2, do generalnego remontu w Poznaniu, ul. Naramowicka 155a. Zapraszam do kontaktu.",,,,plastikowe,własność,,52.445055,16.946182
Poznań Grunwald,ul. Antoniego Małeckiego 21,2,37,499000,13486.0,Pośrednik,,18,https://adresowo.pl/o/mieszkanie-poznan-grunwald-ul-antoniego-maleckiego-2-pokojowe-c5g3r4,https://s2.adresowa.pl/oi/2f/57/3e6dd6_5b4b_cover@2x-2-pokojowe-mieszkanie-poznan-grunwald-ul-antoniego-maleckiego.webp,Poznań Grunwald,Antoniego Małeckiego 21,1,1902.0,kamienica,,"NOWA OFERTA! ŚWIETNA OPCJA INWESTYCJI POD WYNAJEM! GOTOWE DO ZAMIESZKANIA! BEZ NAKŁADÓW! Mieszkanie usytuowane jest na 1 piętrze budynku oficynowego stylowej kamienicy przy ulicy Małeckiego 21 w Poznaniu, tuż Przy Rynku Łazarskim, kilka minut pieszo do tramwaju przy ulicy Głogowskiej. Łazarz to jedna z najbardziej stylowych dzielnic Poznania, w ostatnich latach pięknie zrewitalizowana, charakteryzująca się gęstą zabudową kamienic z przełomu XIX i XX wieku, świetną komunikacją miejską, bliskością dworca PKP, szybkim wyjazdem z Poznania w kierunku południowym (A2). Mieszanka starego klimatu z nową gastronomią i kulturą, położona w sąsiedztwie Parku Wilsona, Palmiarni i jednocześnie blisko Centrum. Stanowi doskonałą lokalizację zwłaszcza m.in. dla ludzi ceniących wygodny dostęp do życia w mieście, wyższych uczelni, zwana dzielnicą studencką, a zdecydowanie spokojniejsza niż pozostałe dzielnice Poznania. Lokal posiada powierzchnię użytkową 37,60 m2, na która składają się: -2 oddzielnie pokoje ok 11 m2 i 10 m2 -otwarta kuchnia ok 6,5 m2 -przedpokój ok 6 m2 -łazienka ok 4 m2 Kamienica wraz z podwórzem kompletnie zrewitalizowana w latach 2018-2020, podłączona do cieplika. Mieszkanie całkowicie odnowione, umeblowane jak na zdjęciach, wysokie sufity ok 3 m dające poczucie przestrzeni, bardzo zadbane, gotowe do zamieszkania, ciche, okna z widokiem na podwórze, od strony południowej. Podłogi w panelach, płytkach, okna PCV, drzwi wejściowe solidne podwójne anytwłamaniowe, w kuchni sprzęty AGD (zmywarka), łazienka z oknem. Czynsz administracyjny 775 zł do wspólnoty (zaliczki na ogrzewanie, wodę ciepłą i zimną, wywóz śmieci, opłaty za części wspólne, zaliczka na fundusz remontowy)/1 osoba. Wydanie lokalu do uzgodnienia. Forma własności: odrębna własność z KW, bez obciążeń. Oferta na wyłączność. Przy zakupie prowizja dla Kupującego 1,5%. Zapraszam do obejrzenia nieruchomości. Powyższa oferta ma charakter informacyjny i nie stanowi oferty handlowej w rozumieniu art. 66 §1 Kodeksu Cywilnego i innych właściwych przepisów prawnych.",,,,,własność,Wyposażenie: zmywarka,52.395289,16.902175
Poznań Łazarz,ul. Lodowa,1,38,415000,10921.0,Pośrednik,,15,https://adresowo.pl/o/mieszkanie-poznan-lazarz-ul-lodowa-1-pokoj-f1u0u2,https://s2.adresowa.pl/oi/38/7b/3e6dce_56be_cover@2x-1-pokojowe-mieszkanie-poznan-lazarz-ul-lodowa.webp,Poznań Łazarz,Lodowa,1,1976.0,blok,,"Kupujący nie płaci prowizji. Na sprzedaż kawalerka o powierzchni 38,10 m² z piwnicą 3,94 m², położona w Poznaniu przy ul. Lodowej na Łazarzu - w bardzo dobrze skomunikowanej, a jednocześnie spokojnej i zielonej części miasta. Lokal znajduje się na 1. piętrze w budynku z 1967 roku po termomodernizacji (2010 r.). Atuty nieruchomości: Świetna lokalizacja - Łazarz, blisko centrum Budynek po termomodernizacji (2010 r.) Kawalerka z wydzieloną częścią sypialnianą - funkcjonalny układ Osobna kuchnia z oknem - możliwość aranżacji otwartej przestrzeni Narożne mieszkanie - północny wschód/ północny zachód Piwnica 3,94 m² Ogrzewanie miejskie Ciepła woda - piecyk gazowy (Junkers) Parking na zamykanym podwórku ze szlabanem Niski czynsz - ok. 660 zł Pełna własność Układ mieszkania: * Pokój z wydzieloną częścią sypialnianą * Osobna kuchnia z oknem * Łazienka * Korytarz z dużą wnęką na szafę * Piwnica Stan mieszkania: Mieszkanie do remontu, co daje pełną swobodę aranżacyjną. Układ pozwala na przebudowę - np. otwarcie kuchni i stworzenie przestronnej kawalerki z wyraźną strefą dzienną i sypialnianą. Lokalizacja: Łazarz to jedna z najbardziej cenionych dzielnic Poznania - łączy bliskość centrum z kameralnym, spokojnym klimatem i dużą ilością zieleni. W okolicy pełna infrastruktura: sklepy, usługi, komunikacja miejska oraz tereny spacerowe. - Rynek Łazarski 270m - Biedronka 450m - Netto 400m - Park Jana Kasprowicza 800m - Pływalnia letnia POSiR 800m - Arena 1km - Fabryka Formy/Korty Arena 1km Komunikacja miejska zapewnia szybki dojazd do każdej części miasta. - Przystanek tramwajowy i autobusowy Głogowska/Hetmańska - linie: [numer] i 179 Podsumowanie: To mieszkanie dla osób szukających lokalizacji z potencjałem i możliwością własnej aranżacji. Idealne dla singla, pary lub jako inwestycja pod wynajem. Funkcjonalny układ i świetna lokalizacja sprawiają, że nieruchomość ma duży potencjał wzrostu wartości. Cena: 415 000 zł",,,,,własność,,52.392607,16.899657
Poznań Łazarz,ul. Klaudyny Potockiej 45B,2,52,565000,10865.0,bez pośredników,,16,https://adresowo.pl/o/mieszkanie-poznan-lazarz-ul-klaudyny-potockiej-2-pokojowe-r2i7w2,https://s2.adresowa.pl/oi/20/7a/3e8792_6bd0_cover@2x-2-pokojowe-mieszkanie-poznan-lazarz-ul-klaudyny-potockiej.webp,Poznań Łazarz,Klaudyny Potockiej 45B,3,1964.0,blok,,"Remont zakończony. Nowa oferta wchodzi na rynek. Prezentujemy 52,02-metrowe mieszkanie położone w spokojnej okolicy wschodniego Łazarza przy ulicy Potockiej 45 w sąsiedztwie starych drzew i ogrodów, w zmodernizowanym bloku z połowy lat 60-tych wybudowanym w całości z cegły, a obecnie docieplonym i pokrytym nowym tynkiem. Mieszkanie zostało w ostatnich miesiącach poddane całkowitej modernizacji (wymiana instalacji elektrycznej, nowa rozdzielnia prądu, nowe tynki na ścianach, nowe listwy przypodłogowe, ściany w kuchni i łazience przygotowane do montażu płytek lub gresów i aramtury, wymienione piony z ciepłą i zimną wodą, ogrzewanie centralne z cieplika , ciepła woda z cieplika). Szanując upodobania przyszłych właścicieli oddajemy mieszkanie do sprzedaży w stanie określanym jako deweloperski, tak aby kuchnia i łazienka mogły być zaprojektowane i wykonane zgodnie z życzeniami i oczekiwaniami nowych lokatorów. Dzięki temu udało się obniżyć koszt sprzedaży mieszkania do kwoty 565 000 czyli średnio około 10,8 tys. za mkw. powierzchni mieszkalnej. Ta atrakcyjna cena obowiązuje do końca czerwca 2026. Mieszkanie jest bardzo jasne, słoneczne, pozwala na pełny relaks i odpoczynek. Balkon typu loggia daje dodatkową powierzchnię około 5 mkw. i oferuje widok na stare drzewa i ogrody. Do mieszkania przynależy pomieszczenie w piwnicy, które można zagospodarować dla celów magazynowych, przechować tam rowery itp. Mieszkańcy mieszkania posiadają także bezpłatny dostęp do placu parkingowego (wjazd po otwarciu szlabanu na pilota). Zachęcamy do sprawdzenia na żywo potencjału mieszkania i lokalizacji bardzo dobrze skomunikowanej z centrum Poznania.",tak,tak,osobna,plastikowe,spółdzielcze własnościowe,,52.39017,16.901919
Poznań Grunwald,ul. Niecała 1,3,71,760000,10704.0,bez pośredników,,19,https://adresowo.pl/o/mieszkanie-poznan-grunwald-ul-niecala-3-pokojowe-e5t8v5,https://s2.adresowa.pl/oi/57/57/3e861e_761f_cover@2x-3-pokojowe-mieszkanie-poznan-grunwald-ul-niecala.webp,Poznań Grunwald,Niecała 1,3,1929.0,kamienica,,"Dzień dobry. Na sprzedaż oferuję mieszkanie mieszczące się w Poznaniu na Grunwaldzie przy ul. Niecałej. Mieszkanie mieści się na 3 piętrze w zabytkowej kamienicy. Jest to jedna z 4 kamienic stanowiąca zespół zabytkowych budynków, wzniesionych na przełomie 1928 i 1929 roku dla pracowników Spółdzielni Urzędników Państwowych. Budynki te zaprojektowane zostały przez Mariana Pospieszalskiego. Pomiędzy tymi budynkami znajduje się zielony teren rekreacyjny. Mieszkanie składa się z następujących pomieszczeń: salon, 2 sypialnie, kuchnia, łazienka, korytarz oraz dwie skrytki: jedna znajduje się na korytarzu druga w kuchni. Do mieszkania przynależy piwnica. Obecnie mieszkanie jest wynajmowane - najemcy mają umowę do lipca. Mieszkanie znajduje się w spokojnej okolicy. Kamienica sąsiaduje z zielonym placem Kazimierza Nowakowskiego, zaraz obok znajduje się również Park Manitiusa. W okolicy ul. Niecałej znajduje się między innymi: * Collegium Pharmaceuticum (po drugiej stronie ulicy) * Biblioteka Główna Uniwersytetu Medycznego * Centrum Biologii Medycznej UM * Katedra i zaklad Genetyki Medycznej Z mieszkania idzie się 3 minuty pieszo zarówno na przystanki tramwajowe jak i autobusowe. W odległości 1,3 km (5 min tramwajem) od kamienicy znajdują się Międzynarodowe Targi Poznańskie, 1,5 km jest do Parku Wilsona, 900m jest do hali Widowiskowo-Sportowej Arena. Czynsz wynosi 1311,16zł - w skład czynszu wchodzi: * koszty utrzymania nieruchomości wspólnej - 2,25zł za m² * fundusz remontowy - 3,50zł za m² * zaliczka na zimną wodę i kanalizację - 16,18zł za m³ * zaliczka na podgrzanie wody - 56zł za m³ * centralne ogrzewanie - 7,89zł za m² * wywóz nieczystości - 25zł za osobę Raz w roku uiszcza się opłatę za przekształcenie prawa użytkowania wieczystego - kwota 448zł Sprzedaż bez pośredników.",tak,,osobna,plastikowe,własność,,52.404866,16.890361
Poznań Centrum,ul. Powstańców Wielkopolskich,2,46,649000,14109.0,Pośrednik,,14,https://adresowo.pl/o/mieszkanie-poznan-centrum-ul-powstancow-wielkopolskich-2-pokojowe-r9r5g1,https://s2.adresowa.pl/oi/3a/18/3e6d9a_8bed_cover@2x-2-pokojowe-mieszkanie-poznan-centrum-ul-powstancow-wielkopolskich.webp,Poznań Centrum,Powstańców Wielkopolskich,5,1960.0,blok,,"Kupujący nie płaci prowizji - wynagrodzenie doradcy pokrywa sprzedający! Polecam ofertę sprzedaży dwupokojowego mieszkania położonego w samym sercu Poznania przy ul. Powstańców Wielkopolskich. Lokal wyróżnia się nowoczesnym układem oraz funkcjonalnymi rozwiązaniami, które zapewniają wygodę codziennego życia. Mieszkanie przeszło generalny remont w 2021 roku, obejmujący wymianę wszystkich instalacji: elektrycznej, gazowej oraz hydraulicznej. Nieruchomość jest w pełni wyposażona i gotowa do zamieszkania bez dodatkowych nakładów finansowych. Najważniejsze atuty nieruchomości: • możliwość przemalowania wszystkich ścian w cenie nieruchomości — według preferencji kupującego • wysokiej jakości elementy z naturalnego drewna: blat kuchenny, parapety, szafka łazienkowa oraz podłogi w pokojach • zabudowana loggia pełniąca funkcję klimatycznego ogrodu zimowego • funkcjonalny układ pomieszczeń • mieszkanie gotowe do wprowadzenia • bezpłatne miejsca parkingowe znajdujące się bezpośrednio przy budynku za bramą na pilota • świetna lokalizacja w centrum miasta • bardzo dobra komunikacja z każdą częścią Poznania To idealna propozycja zarówno dla osób szukających komfortowego mieszkania dla siebie jak i dla inwestorów poszukujących atrakcyjnej nieruchomości pod wynajem. Opis lokalu: Mieszkanie o powierzchni 46,9 m² składa się z: • salonu o powierzchni 17 m² • sypialni o powierzchni 14,91 m² • łazienki o powierzchni 2,7 m² • kuchni o powierzchni 7,6 m² • korytarza o powierzchni 4,6 m² Do lokalu przynależą: • loggia o powierzchni 2,2 m² • piwnica (wpisana w KW lokalu) o powierzchni 3 m² Wyposażenie: • zabudowa kuchenna • zmywarka • piekarnik • kuchenka gazowa • lodówka • pralka • łóżko sypialniane o wymiarach 200 x 220 • zabudowa w sypialni z pojemną garderobą • duży wygodny narożnik w salonie • rolety wewnętrzne • klimatyzacja Dodatkowe informacje: • Wystawa okien: południowy zachód - salon, północny wschód - sypialnia, kuchnia • Piętro 5 w 8 piętrowym bloku z windą • Blok z 1960 roku • Media: ogrzewanie miejskie, gaz, woda, prąd 3 fazowy, światłowód w bloku • Wysokość czynszu: 700 zł (ogrzewanie, woda, śmieci, fundusz remontowy) Lokalizacja: Położenie nieruchomości zapewnia doskonały dostęp do komunikacji miejskiej oraz pełnej infrastruktury handlowo-usługowej. W pobliżu znajdują się uczelnie wyższe, galeria Stary Browar, restauracje, sklepy oraz poznańska starówka — wszystko w zasięgu krótkiego spaceru. Komunikacja: linie tramwajowe: [numer]4 - przystanek Święty Marcin (ok. 300m) linie autobusowe: 171, 215 - przystanek Poznań Główny (ok. 500m) stacja PKP oraz PKS - przystanek Poznań główny (ok. 600m) Forma własności: Odrębna własność lokalu Cena: 649 000 zł Oferta dostępna również dla osób kupujących na kredyt - zapewniam kompleksowe, sprawne i skuteczne wsparcie na każdym etapie procesu finansowania zakupu nieruchomości. SERDECZNIE ZAPRASZAM NA PREZENTACJE! Informacja dla pośredników - współpracujemy przy każdej ofercie.",,,,,własność,"Wyposażenie: klimatyzacja, kuchenka, lodówka, piekarnik, pralka, zmywarka",52.404232,16.923984
Poznań Jeżyce,ul. Strzeszyńska,4,77,896000,11636.0,Pośrednik,,13,https://adresowo.pl/o/mieszkanie-poznan-jezyce-ul-strzeszynska-4-pokojowe-p5j3l7,https://s2.adresowa.pl/oi/55/4d/3e6498_e6fb_cover@2x-4-pokojowe-mieszkanie-poznan-jezyce-ul-strzeszynska.webp,Poznań Jeżyce,Strzeszyńska,parter,2011.0,blok,,"4-pokojowe mieszkanie z tarasem przy Galerii Podolany | Komfort i świetna lokalizacja Szukasz mieszkania dla rodziny, które łączy wygodę życia w mieście z bliskością terenów zielonych? Ta oferta może być idealnym wyborem. Na sprzedaż przestronne, 4-pokojowe mieszkanie z dużym, zadaszonym tarasem, położone na parterze kameralnego budynku z windą na poznańskich Podolanach — tuż przy Galerii Podolany. To miejsce stworzone dla osób ceniących funkcjonalny układ pomieszczeń, komfort codziennego życia oraz szybki dostęp do pełnej infrastruktury miejskiej. Powierzchnia: 77,77 m² W skład mieszkania wchodzą: salon z aneksem kuchennym - 23 m²,przestronna sypialnia główna - 20,36 m²,dwa dodatkowe pokoje - 11,62 m² oraz 9,91 m²,łazienka - 4,69 m²,funkcjonalny hall - 7,89 m²,zadaszony, drewniany taras.[/list]Dwustronna ekspozycja okien (północ-południe) zapewnia bardzo dobre doświetlenie wnętrz i komfort użytkowania przez cały dzień. Umeblowanie pokoi jest efektem wizualizacji - propozycją urządzenia mieszkania. Gotowe do zamieszkania. Mieszkanie zostało wykończone z dobrej jakości materiałów - na podłodze deska barlinecka - dzięki czemu zainstalowano OGRZEWANIE PODŁOGOWE, łazienka i podłogi z naturalnego kamienia. Możesz wprowadzić się bez konieczności przeprowadzania większych prac remontowych. Komfortowy układ dla rodziny. Trzy niezależne sypialnie oraz część dzienna zapewniają wygodną przestrzeń zarówno dla rodziny z dziećmi, jak i osób pracujących zdalnie. Prywatny taras. Zadaszony taras wykończony drewnem tworzy przyjemną przestrzeń do odpoczynku, spotkań i codziennego relaksu. Kameralne osiedle. Niski, 4-piętrowy budynek z cegły oraz winda zapewniają wygodę i poczucie prywatności. Świetna lokalizacja. Podolany to jedna z najbardziej cenionych dzielnic Poznania — spokojna, zielona i bardzo dobrze skomunikowana. W pobliżu znajdują się: 200 m piekarnia600 m do kompleksu handlowego przy ul. Druskiennickiej (Spar, Action, Apteka, Rossman)1,2 km Biedronka2,3 km Lidl2 km Tereny zielone przy RusałceJezioro Rusałka i Jez. StrzeszyńskieW okolicy liczne ścieżki rowerowe. Najbliższe szkoły: Żłobek w sąsiednim blokuNiepubliczne Akademickie Liceum Ogólnokształcące CogitoSzkoła Podstawowa nr 62Społeczna Szkoła MuzycznaPrzedszkole nr 142Przedszkole Zgromadzenia zakonnego Sióstr św. DominikaSzkoła Podstawowa nr 12,3 km Przedszkole nr 7[/list]siłownia,przychodnie,przystanki autobusowe,.[/list]Szybki dojazd do centrum miasta to dodatkowy atut tej lokalizacji. Najbliższe przystanki: 300 m do przystanku autobusowego Strzeszyńska Lisner (linie: [numer])500 m do przystanku autobusowego Dukielska (linia: 160)900 m do przystanku autobusowego Druskiennicka (linie: [numer], 226)1,2 km stacja PKP Podolany5 km do centrum Poznania5 min autem do przystanku PST[/list] Standard wykończenia deska barlinecka oraz kamień naturalny na podłogach,kuchnia wyposażona w sprzęt AGD - nowyzabudowa łazienkowa wykonana na wymiar,drewniany taras,budynek z cegły,odnowienie elewacji budynku przez wspólnotę jeszcze w tym roku![/list] Dodatkowe informacje czynsz administracyjny: 780 zł,ogrzewanie centralne i zaliczki na wodę w czynszu,możliwość zakupu miejsca postojowego w hali garażowej — 35 000 zł (zakup nieobligatoryjny).[/list]Zapraszam do kontaktu oraz umówienia prezentacji tej nieruchomości. To mieszkanie warto zobaczyć na żywo. Agnieszka Chaniewicz tel. [numer]. [www]",tak,,,plastikowe,własność,,52.448014,16.892667
Poznań Naramowice,ul. Sielawy,3,58,760000,13103.0,bez pośredników,,17,https://adresowo.pl/o/mieszkanie-poznan-naramowice-ul-sielawy-3-pokojowe-r6l8p4,https://s2.adresowa.pl/oi/60/43/3e852c_dd97_cover@2x-3-pokojowe-mieszkanie-poznan-naramowice-ul-sielawy.webp,Poznań Naramowice,Sielawy,2,2019.0,blok,,"3-pokojowe mieszkanie | 58,26 m² | 2 balkony | Naramowice - ul. Sielawy Na sprzedaż wyjątkowe i gotowe do zamieszkania mieszkanie o powierzchni 58,26 m², położone na 2. piętrze budynku z 2019 roku z windą, na poznańskich Naramowicach przy ul. Sielawy. Mieszkanie zostało wykończone w bardzo dobrym standardzie, z dbałością o spójny design i komfort codziennego użytkowania. Jasne wnętrza, duże przeszklenia oraz dwa balkony sprawiają, że lokal jest niezwykle przestronny i dobrze doświetlony. Układ mieszkania: - przestronny salon z aneksem kuchennym, - dwie niezależne sypialnie, - nowoczesna łazienka z dużym prysznicem typu walk-in, - funkcjonalny korytarz, - dwa balkony, w tym jeden bardzo duży. Najważniejsze atuty: - gotowe do zamieszkania - nowoczesne budownictwo z windą - dwa balkony - duże okna i świetne doświetlenie - nowoczesna kuchnia w zabudowie - ogrzewanie miejskie - bardzo dobry standard wykończenia - spokojna i zielona okolica - blisko terenów rekreacyjnych nad Wartą. Lokalizacja: Naramowice to jedna z najszybciej rozwijających się dzielnic Poznania. W najbliższej okolicy znajdują się: - tramwaj, - sklepy i punkty usługowe, - szkoła, - przedszkole, - żłobek, - tereny spacerowe i rowerowe nad Wartą. Lokalizacja zapewnia bardzo dobre połączenie z centrum miasta, jednocześnie oferując komfort życia blisko natury. Dodatkowe informacje: - piętro: 2 z 4 - winda - ogrzewanie miejskie - cena mieszkania: 760 000 zł - dodatkowo 2 miejsca postojowe w hali garażowej - 30 000 zł każde. Mieszkanie idealne zarówno dla rodziny, pary, jak i pod inwestycję. Zapraszam do kontaktu oraz na prezentację.",,tak,aneks,plastikowe,własność,,52.446241,16.952086
Poznań Grunwald,ul. Elizy Orzeszkowej,3,88,898000,10205.0,bez pośredników,,16,https://adresowo.pl/o/mieszkanie-poznan-grunwald-ul-elizy-orzeszkowej-3-pokojowe-n4u5a9,https://s2.adresowa.pl/oi/23/65/3e84c2_5def_cover@2x-3-pokojowe-mieszkanie-poznan-grunwald-ul-elizy-orzeszkowej.webp,Poznań Grunwald,Elizy Orzeszkowej,parter,1896.0,blok,,"Na sprzedaż ostatni lokal użytkowy o powierzchni 88,28 mkw w pięknie zrewitalizowanej willi miejskiej w Poznaniu, pod jednym z najlepszych adresów w mieście - ul. Elizy Orzeszkowej 6. Doskonała propozycja na inwestycję (najem krótko/długoterminowy), na własne cele mieszkalne lub na cele działalności gospodarczej - swojej lub lokal biurowy/usługowy pod wynajem. Lokal został podzielony na 3 apartamenty, każdy ze swoją łazienką. Księga wieczysta bez obciążeń. Cena sprzedaży w obecnym stanie, łącznie z wyposażeniem i umeblowaniem.",,,,plastikowe,własność,,52.402681,16.900543
Poznań Chwaliszewo,ul. Wenecjańska 8,1,43,660000,15349.0,Pośrednik,,18,https://adresowo.pl/o/mieszkanie-poznan-chwaliszewo-ul-wenecjanska-1-pokoj-g3e4t4,https://s2.adresowa.pl/oi/3c/19/3e61f8_6304_cover@2x-1-pokojowe-mieszkanie-poznan-chwaliszewo-ul-wenecjanska.webp,Poznań Chwaliszewo,Wenecjańska 8,3,2015.0,apartamentowiec,,"Zapraszamy do zapoznania się z ofertą wyjątkowego apartamentu położonego w prestiżowej inwestycji przy ul. Wenecjańskiej 8, w samym sercu poznańskiego Chwaliszewa. To propozycja dla osób ceniących miejski styl życia, nowoczesny design oraz komfort codziennego funkcjonowania w jednej z najbardziej pożądanych lokalizacji w Poznaniu. Elegancka kawalerka o powierzchni 43,46 m² z wydzieloną sypialnią została zaprojektowana według indywidualnego projektu biura architektonicznego. Wnętrze jest w pełni umeblowane oraz wyposażone, dzięki czemu mieszkanie jest gotowe do zamieszkania od zaraz. Najważniejsze atuty nieruchomości: • Apartamentowiec w stylu Art Deco • Wydzielona sypialnia ze szklaną przesuwną ścianą • Balkon ze szklaną balustradą • Taras widokowy na dachu z panoramą Poznania • Całodobowa ochrona oraz monitoring • Dwie nowoczesne windy • Świetna lokalizacja w centrum Poznania Mieszkanie składa się z: - Salonu z Aneksem Kuchennym, - Sypialni, - Łazienki, - Przedpokoju, - Balkonu. Budynek: Apartament znajduje się na 3. piętrze nowoczesnego apartamentowca wykończonego w eleganckim stylu Art Deco. Budynek wyposażony jest w dwie windy, całodobową ochronę oraz monitoring, co zapewnia mieszkańcom wysoki poziom bezpieczeństwa i komfortu. Do dyspozycji mieszkańców pozostaje również taras widokowy na dachu z panoramą Poznania oraz wyznaczona przestrzeń do przechowywania rowerów. Dodatkowym atutem inwestycji jest hala garażowa. Mieszkanie zostało urządzone z dużą dbałością o estetykę i funkcjonalność. W salonie znajduje się welurowa sofa oraz dekoracyjne wykończenie ścian lamelami. Kuchnia została wyposażona w zabudowę meblową oraz sprzęt AGD, w tym lodówkę, zmywarkę, pralkę i suszarkę. W sypialni zastosowano eleganckie przesuwne drzwi szklane, lustra oraz pojemną szafę. Lokalizacja: Nieruchomość położona jest w jednej z najbardziej atrakcyjnych części Poznania — na Chwaliszewie, tuż przy Warcie oraz Ostrowie Tumskim. Lokalizacja pozwala korzystać z uroków centrum miasta, jednocześnie zapewniając bliskość terenów spacerowych i rekreacyjnych. W najbliższej okolicy znajdują się restauracje, sklepy, poczta, Wartostrada oraz liczne punkty usługowe. Stary Rynek oddalony jest o około 500 metrów, a przystanki tramwajowe i autobusowe znajdują się zaledwie kilka minut spacerem od budynku. Zapraszamy do kontaktu w celu uzyskania dodatkowych informacji oraz umówienia prezentacji nieruchomości w dogodnym terminie. Chętnie odpowiemy na wszystkie pytania oraz pokażemy apartament na żywo podczas indywidualnego spotkania. TEKTON PROPERTY TO NAJLEPSZE BIURO NIERUCHOMOŚCI W POLSCE WG KONKURSU LIDER NIERUCHOMOŚCI OTODOM 2020. Znajdź nas w swoim mieście: Gdańsk, ul. Chmielna 10 - Warszawa, Plac Dąbrowskiego 1/311 - Kraków, ul. Józefitów 7/4 - Poznań, ul. Wojskowa 6/D6 - Łódź, ul. Zachodnia 70 pok. 223, Opole, Gen. Tadeusza Kościuszki 1, lok. 1C. Podejmując współpracę z przedstawicielami Tekton Property zyskujesz: - oszczędność czasu, - weryfikację dokumentów od strony formalno-prawnej, - wsparcie agenta na każdym etapie transakcji, - pomoc przy uzyskaniu kredytu hipotecznego w kilkunastu bankach, - wgląd do umów przed zawarciem aktu notarialnego u sprawdzonych Notariuszy, - własne analizy makroekonomiczne i raporty z prowadzonych działań, - dostęp do cen transakcyjnych z okolicy. Skontaktuj się z opiekunem oferty, a on poprowadzi Cię przez wszystkie etapy transakcji. Zapraszamy do współpracy! Niniejsze ogłoszenie nie stanowi oferty handlowej w rozumieniu przepisów art. 66 k.c., a przedstawione dane mają charakter informacyjny.",,,,,własność,"Wyposażenie: lodówkę, pralkę, suszarkę, zmywarkę",52.408872,16.940547
Poznań Nowe Miasto,ul. ks. Zdzisława Bernata 10,2,44,789000,17932.0,Pośrednik,,19,https://adresowo.pl/o/mieszkanie-poznan-nowe-miasto-ul-ks-zdzislawa-bernata-2-pokojowe-b9j5f5,https://s2.adresowa.pl/oi/64/72/3e61a8_30ab_cover@2x-2-pokojowe-mieszkanie-poznan-nowe-miasto-ul-ks-zdzislawa-bernata.webp,Poznań Nowe Miasto,ks. Zdzisława Bernata 10,parter,2022.0,blok,,"Kupujący nie płaci prowizji Wyjątkowe 2-pokojowe mieszkanie z ogrodem i widokiem na katedrę • Śródka Na sprzedaż jasne i funkcjonalne w pełni wyposażone 2-pokojowe mieszkanie z prywatnym ogródkiem, położone w nowoczesnej inwestycji Śródka OdNowa 2 z 2022 r przy ul. ks. Zdzisława Bernata 10 w Poznaniu. To propozycja dla osób szukających połączenia klimatycznej lokalizacji blisko centrum, terenów zielonych oraz nowoczesnego, komfortowego budownictwa. Ogromnym atutem nieruchomości jest wyjście na ogródek zarówno z salonu jak i sypialni i widok na zieleń i katedrę, co zapewnia poczucie przestrzeni, prywatności i wyjątkowy klimat tego miejsca. OPIS LOKALU: Mieszkanie składa się z: • jasnego salonu z aneksem kuchennym w pełni wyposażonym w lodówkę, piekarnik, płytę indukcyjną i zmywarką oraz funkcjonalnym półwyspem (20,1 m2) • komfortowej sypialni (11.9 m2) • łazienki z prysznicem (3,9 m2) • dodatkowego pomieszczenia, które idealnie sprawdzi się jako garderoba, pralnia lub przestrzeń gospodarcza (2,9 m2) • funkcjonalnego korytarza (5,6 m2) Do nieruchomości dla chętnych istnieje możliwość kupienia również dwóch komórek lokatorskich i miejsca postojowego w hali garażowej (koszt 50 tys. zł) Atuty Nieruchomości: • prywatny ogródek, • widok na katedrę, • rolety zewnętrzne, • pomieszczenie, które można zagospodarować na garderobę / pralnie • drzwi antywłamaniowe, • wideodomofon, • nowoczesny budynek z windą, • panele fotowoltaiczne zasilające części wspólne budynku - niższe koszty eksploatacyjne, • rowerownia / wózkownia, • kameralna inwestycja • bliskość wartostrady • wyjście na ogród z obu pokojów Lokalizacja: Śródka to jedna z najbardziej klimatycznych i rozwijających się części Poznania, łącząca historyczny charakter miasta z nowoczesną infrastrukturą i bliskością natury. W bezpośrednim sąsiedztwie znajdują się: • Ostrów Tumski i katedra, • Brama Poznania, • Wartostrada, • tereny spacerowe i rowerowe nad Wartą oraz Cybiną, • klimatyczne restauracje i kawiarnie Śródki. To idealna lokalizacja dla osób aktywnych - szybki dostęp do Wartostrady pozwala wygodnie poruszać się rowerem po całym mieście, spacerować czy korzystać z terenów rekreacyjnych nad rzeką. Doskonała komunikacja: • ok 5-8 minut pieszo do tramwajów ( linie: 5,6,7,8,17) • ok5 minut do autobusów. Najbliższe przystanki: • Rondo Śródka • Katedra • Zawady. Dostępnych jest również bardzo dużo linii autobusowych miejskich i podmiejskich, dzięki czemu lokalizacja jest świetnie skomunikowana praktycznie z całym Poznaniem. Dużym atutem tej lokalizacji jest to, że do centrum można dojechać w kilka minut, szybki jest dojazd na Maltę, Politechnikę, Rataje czy Winogrady a jednocześnie okolica pozostaje spokojniejsza i bardziej zielona niż ścisłe centrum miasta. FORMA WŁASNOŚCI - pełna własność z księgą wieczystą. Serdecznie zapraszam na prezentację! Informacja dla pośredników - współpracuję przy każdej ofercie.",,tak,,,własność,"Wyposażenie: lodówkę, piekarnik",52.416646,16.957589
Poznań Rataje,os. Bohaterów II Wojny Światowej,3,47,540000,11489.0,bez pośredników,,8,https://adresowo.pl/o/mieszkanie-poznan-rataje-os-bohaterow-ii-wojny-swiatowej-3-pokojowe-d7s2t7,https://s2.adresowa.pl/oi/59/55/3e83bc_aeac_cover@2x-3-pokojowe-mieszkanie-poznan-rataje-os-bohaterow-ii-wojny-swiatowej.webp,Poznań Rataje,os. Bohaterów II Wojny Światowej,2,1973.0,blok,,"Na sprzedaż mieszkanie 3-pokojowe, na drugim piętrze w czteropiętrowym bloku na Ratajach, na os. Bohaterów II Wojny Światowej. Mieszkanie posiada Księgę Wieczystą, forma prawna: spółdzielcze własnościowe prawo do lokalu. Wielkość pokoi to: 16m2 (pokój z loggią), 9m2 i 7m2. Kuchnia około 7 m2. W 2019 roku mieszkanie przeszło generalny remont: zostały wymienione instalacje elektryczna, wodno-kanalizacyjna i gazowa. Na ścianach została położona nowa gładź, w pokojach panele, a w kuchni, korytarzu i łazience nowe płytki. Blok jest ocieplony. Do mieszkania przynależy piwnica. Opłaty administracyjne wynoszą około 850 zł (czynsz, zaliczki na wodę i ogrzewanie). W mieszkaniu jest obecnie światłowód. W pobliżu bloku znajdują się żłobek, przedszkola, szkoły, place zabaw, sklepy (np. Biedronka, pasaż Rondo, Żabka, Ryneczek), apteka. Mieszkanie jest bardzo dobrze skomunikowane - do przystanku autobusowego 3 minuty, do przystanku tramwajowego 5 minut. Pod blokiem nie ma problemów z miejscami parkingowymi. Kontakt bezpośrednio do właścicieli.",tak,,,,spółdzielcze własnościowe,,52.382921,16.949114
Poznań Stare Miasto,ul. Ku Cytadeli,2,38,749000,19711.0,Pośrednik,,22,https://adresowo.pl/o/mieszkanie-poznan-stare-miasto-ul-ku-cytadeli-2-pokojowe-l3v9r1,https://s2.adresowa.pl/oi/41/67/3e617a_b7ef_cover@2x-2-pokojowe-mieszkanie-poznan-stare-miasto-ul-ku-cytadeli.webp,Poznań Stare Miasto,Ku Cytadeli,1,2016.0,apartamentowiec,,"Kupujący nie płaci prowizji Jasne 2-pokojowe mieszkanie przy Parku Cytadela • gotowe do zamieszkania • garaż opcjonalnie Na sprzedaż komfortowe, w pełni wyposażone i umeblowane mieszkanie położone na 1. piętrze nowoczesnego budynku inwestycji Cytadela Centrum, zrealizowanej przez renomowanego dewelopera Jakon i oddanej do użytku w 2016/2017 roku. Nieruchomość znajduje się na zamkniętym osiedlu ze stróżówką i monitoringiem, w jednej z najbardziej pożądanych lokalizacji w Poznaniu - tuż przy Cytadeli, największym i najpiękniejszym parku w mieście. Park znajduje się zaledwie ok. 3-5 minut spacerem od mieszkania. Opis lokalu: Mieszkanie składa się: • przestronnego salonu z aneksem kuchennym (18,8m2), • przytulnej sypialni (10,2m2) • łazienki z prysznicem i pralką (4,3m2) • funkcjonalnego korytarza z dużą zabudowaną szafą z przesuwnymi drzwiami i lustrem, pełniącą funkcję mini garderoby (5,5m2) Zarówno z salonu, jak i sypialni rozciąga się przyjemny widok na zieleń i drzewa, co daje poczucie prywatności i spokoju. Z salonu znajduje się wyjście na balkon, idealny na poranną kawę lub wieczorny odpoczynek. Mieszkanie jest jasne, przestronne i gotowe do zamieszkania od zaraz - bez dodatkowych nakładów finansowych. Dodatkowe atuty: • komórka lokatorska w cenie - dodatkowa przestrzeń do przechowywania • wózkownia / rowerownia w budynku dostępna dla mieszkańców • dla chętnych możliwość zakupu miejsca w garażu podziemnym ( koszt 70 tys.) Lokalizacja - ogromny atut nieruchomości To mieszkanie świetnie sprawdzi się zarówno dla osób szukających wygodnego miejsca do życia, jak i inwestycyjnie pod wynajem. W najbliższej okolicy znajdują się: • Uniwersytet SWPS - ok. 3 min pieszo • Collegium Da Vinci - ok. 3 min pieszo • Wydział Prawa i Administracji UAM oraz Collegium Rubrum UAM - ok 10 min pieszo Do Starego Rynku dojdziesz spacerem w około 15 minut, co pozwala cieszyć się urokami centrum bez konieczności mieszkania w jego ścisłym, głośnym sercu. Naprzeciwko dynamicznie rozwija się nowa inwestycja na terenie Starej Rzeźni - nowoczesna przestrzeń miejska z biurami, lokalami usługowo-handlowymi z dużą częścią gastronomiczną, restauracjami oraz salą koncertowo-widowiskowo-teatralną, która wzbogaci okolicę o wydarzenia kulturalne, rozrywkę i nową infrastrukturę. Doskonała komunikacja: Do najbliższych przystanków dojdziesz mniej więcej w: • 4-6 minut pieszo do tramwaju, • około 3-5 minut do autobusów. Najbliższe ważniejsze przystanki to m.in.: • Cytadela • Plac Wielkopolski • Małe Garbary • al. Niepodległości. Z okolicznych przystanków kursują m.in. tramwaje: 3, 4, 8, 10,17 oraz liczne autobusy miejskie i nocne. To oznacza bardzo wygodny dojazd praktycznie do każdej części Poznania: • stacja kolejowa Poznań Garbary 7 minut pieszo - wygodne połączenie kolejowe i komunikacyjne. To idealna propozycja dla osób ceniących: • życie blisko centrum, • dostęp do terenów zielonych, • bezpieczeństwo zamkniętego osiedla, • rozwijającą się i prestiżową lokalizację. FORMA WŁASNOŚCI - pełna własność z księgą wieczystą. Serdecznie zapraszam na prezentację. Informacja dla pośredników - współpracuję przy każdej ofercie.",,tak,,,własność,,52.415217,16.934684
Poznań,Naramowice,4,75,1195000,15933.0,Pośrednik,,23,https://adresowo.pl/o/mieszkanie-poznan-naramowice-4-pokojowe-75-m2-e6d8n3,https://s2.adresowa.pl/oi/59/65/3e5a4e_a022_cover@2x-4-pokojowe-mieszkanie-poznan-naramowice.webp,Poznań Naramowice,,parter,2019.0,blok,,"Zapraszamy do zapoznania się z ofertą sprzedaży przestronnego i funkcjonalnego mieszkania o wysokim standardzie, położonego na parterze nowoczesnego budynku na poznańskich Naramowicach. Nieruchomość wyróżnia się bardzo wygodnym układem pomieszczeń, dużym ogrodem z tarasem oraz dwoma miejscami postojowymi w hali garażowej zawartymi w cenie sprzedaży. To propozycja dla osób poszukujących komfortowej przestrzeni do życia, nowoczesnych rozwiązań oraz wygody codziennego funkcjonowania w jednej z najlepiej rozwijających się części Poznania. Najważniejsze atuty nieruchomości: • 4 funkcjonalne i niezależne pokoje • Duży ogród z tarasem o powierzchni 36,1 m² • Dwie nowoczesne łazienki • Dwa miejsca postojowe w hali garażowej w cenie • Nowoczesna zabudowa kuchenna wykonana na wymiar • Pełne wyposażenie AGD marki Samsung • Parter zapewniający wygodę codziennego użytkowania Mieszkanie składa się z: - Salonu z Aneksem Kuchennym - ok. 28 m², - Pokoju - ok. 11 m², - Pokoju - ok. 10 m², - Pokoju - ok. 12 m², - Dużego Przedpokoju - ok. 11 m², - Dwóch Niezależnych Łazienek, - Ogrodu z Tarasem - 36,1 m². Budynek: Nieruchomość znajduje się w nowoczesnym budynku położonym na rozwijającym się osiedlu na poznańskich Naramowicach. Dużym atutem są dwa miejsca postojowe w hali garażowej zawarte w cenie mieszkania oraz dodatkowa przestrzeń przeznaczona na rowery lub motor. Mieszkanie jest częściowo umeblowane i wyposażone w pojemne szafy przesuwne oraz wysokiej klasy sprzęt AGD marki Samsung, w tym piekarnik Dual Cook, płytę indukcyjną, dużą zmywarkę oraz lodówkę z zamrażalnikiem. Czynsz administracyjny wynosi około 1200 zł dla czteroosobowej rodziny, dodatkowo internet światłowodowy 1 GB to koszt około 81 zł miesięcznie, a prąd rozliczany jest według zużycia. Lokalizacja: Nieruchomość położona jest w jednej z najbardziej rozwijających się części Poznania — na Naramowicach. W najbliższym otoczeniu znajdują się sklepy takie jak Kaufland, Lidl, Biedronka oraz Netto, a także apteki, punkty usługowe i tereny zielone. Dużym atutem lokalizacji jest bliskość Rezerwatu Żurawiniec oraz Kampusu Morasko, a także bardzo dobra komunikacja miejska zapewniająca szybki dojazd do pozostałych części miasta. W pobliżu znajdują się linie tramwajowe nr 3 i 10 oraz autobusy 151 i 169. To mieszkanie łączy funkcjonalny układ, nowoczesne wykończenie, dużą przestrzeń zewnętrzną oraz komfort codziennego życia w spokojnej i dobrze skomunikowanej części miasta. Zapraszam do kontaktu oraz umówienia prezentacji nieruchomości w dogodnym dla Państwa terminie. Chętnie odpowiem na wszystkie pytania oraz pokażę mieszkanie na żywo podczas indywidualnego spotkania. TEKTON PROPERTY TO NAJLEPSZE BIURO NIERUCHOMOŚCI W POLSCE WG KONKURSU LIDER NIERUCHOMOŚCI OTODOM 2020. Znajdź nas w swoim mieście: Gdańsk, ul. Chmielna 10 - Warszawa, Plac Dąbrowskiego 1/311 - Kraków, ul. Józefitów 7/4 - Poznań, ul. Wojskowa 6/D6 - Łódź, ul. Zachodnia 70 pok. 223, Opole, Gen. Tadeusza Kościuszki 1, lok. 1C. Podejmując współpracę z przedstawicielami Tekton Property zyskujesz: - oszczędność czasu, - weryfikację dokumentów od strony formalno-prawnej, - wsparcie agenta na każdym etapie transakcji, - pomoc przy uzyskaniu kredytu hipotecznego w kilkunastu bankach, - wgląd do umów przed zawarciem aktu notarialnego u sprawdzonych Notariuszy, - własne analizy makroekonomiczne i raporty z prowadzonych działań, - dostęp do cen transakcyjnych z okolicy. Skontaktuj się z opiekunem oferty, a on poprowadzi Cię przez wszystkie etapy transakcji. Zapraszamy do współpracy! Niniejsze ogłoszenie nie stanowi oferty handlowej w rozumieniu przepisów art. 66 k.c., a przedstawione dane mają charakter informacyjny.",,tak,,,własność,"Wyposażenie: internet, lodówkę, piekarnik, zmywarkę",52.444307,16.956561
Poznań Podolany,ul. Jasielska,3,58,790000,13621.0,bez pośredników,,20,https://adresowo.pl/o/mieszkanie-poznan-podolany-ul-jasielska-3-pokojowe-v8a3y6,https://s2.adresowa.pl/oi/17/33/3e828a_a619_cover@2x-3-pokojowe-mieszkanie-poznan-podolany-ul-jasielska.webp,Poznań Podolany,Jasielska,2,2019.0,blok,,"Sprzedam mieszkanie 3-pokojowe z osobną garderobą, która ma meble zrobione na wymiar. Powierzchnia garderoby to 2,39 metrów kwadratowych. Pierwszy pokój ma powierzchnię 11,26 metrów kwadratowych. Znajdują się w nim dwie komody, dwie szafki nocne, szafka wisząca oraz łoże małżeńskie. Okno posiada rolety zewnętrzne oraz moskitierę. Drugi pokój ma 8,66 metrów kwadratowych. Pokój jest nieumeblowany. Okno posiada rolety zewnętrzne oraz moskitierę. Łazienka ma powierzchnię 4,03 metrów kwadratowych z pełnym wyposażeniem: prysznic, toaleta, zlew, lustro, pralka oraz szafka wisząca. Przedpokój ma 5,25 metrów kwadratowych i pozostanie nieumeblowany. Salon z aneksem kuchennym o powierzchni 26,92 metrów kwadratowych. Kuchnia w pełni wyposażona: lodówka, meble, piekarnik w zabudowie, płyta indukcyjna oraz okap. W oknie kuchennym założona jest moskitiera. W salonie założona klimatyzacja obsługiwana pilotem oraz aplikacją. W oknie balkonowym założone rolety zewnętrzne, natomiast w oknie między kuchnią a salonem tylko rolety wewnętrzne (tak jak w każdym oknie w całym mieszkaniu). Salon pozostanie nieumeblowany. Do mieszkania przynależy balkon o powierzchni 10,37 metrów kwadratowych. Mieszkanie znajduje się na zamkniętym osiedlu w spokojnej, zielonej i zadbanej dzielnicy Poznania. W pobliżu znajduje się szkoła, przedszkole, gabinet lekarski, sklep spożywczy Spar oraz dwie piekarnie. Blok jest blisko przystanków autobusowych linii 168 i 183. Dostępność mieszkania w ciągu trzech miesięcy od zakupu.",,,aneks,plastikowe,własność,"Wyposażenie: klimatyzacja, lodówka, piekarnik, pralka",52.443959,16.893797
Poznań Chartowo,os. Rusa,3,62,630000,10161.0,bez pośredników,,13,https://adresowo.pl/o/mieszkanie-poznan-chartowo-os-rusa-3-pokojowe-e0k1c2,https://s2.adresowa.pl/oi/65/2e/3e8280_c82b_cover@2x-3-pokojowe-mieszkanie-poznan-chartowo-os-rusa.webp,Poznań Chartowo,os. Rusa,3,,blok,,"Nie jestem zainteresowana współpracą z pośrednikami, mieszkanie sprzedaję bezpośrednio i bez dodatkowych prowizji. Oferuję na sprzedaż przestronne, słoneczne mieszkanie o powierzchni 62,9 m² (okna na dwie strony świata - wschód i zachód), z widokiem z balkonu i sypialni na piękny osiedlowy park. Znajduje się na 3. piętrze w 4-piętrowym budynku. Mieszkanie jest zadbane i gotowe do zamieszkania. Ma dwie ustawne sypialnie (11,4 i 12,4 m²) i przestronny salon (18 m²). Łazienka i toaleta są osobnymi pomieszczeniami. Są w nim piękne wbudowane szafy w korytarzu, a w 2025 wymieniono drzwi wewnętrzne, wykonano gładzie i pomalowano. W skład nieruchomości wchodzą: - 3 pokoje - oddzielna kuchnia - balkon - piwnica Ogrzewanie z MPEC. Czynsz wynosi 1100 PLN, w tym zaliczki na wodę i CO. Mieszkanie dostępne od czerwca 2026 roku. Czysta księga wieczysta bez żadnych obciążeń. Niniejsze ogłoszenie nie stanowi oferty w rozumieniu Kodeksu Cywilnego, lecz ma charakter informacyjny.",tak,,osobna,,,,52.388878,16.983676
Poznań Wilda,ul. Antoniego Józefa Madalińskiego,1,44,399000,9068.0,Pośrednik,,14,https://adresowo.pl/o/mieszkanie-poznan-wilda-ul-antoniego-jozefa-madalinskiego-1-pokoj-f9k7l8,https://s2.adresowa.pl/oi/6b/30/3e5a0c_51af_cover@2x-1-pokojowe-mieszkanie-poznan-wilda-ul-antoniego-jozefa-madalinskiego.webp,Poznań Wilda,Antoniego Józefa Madalińskiego,2,,blok,,"Przedmiotem sprzedaży jest lokal mieszkalny położony przy ul. Madalińskiego w Poznaniu, na terenie jednej z najbardziej płynnych inwestycyjnie części Wildy. Nieruchomość znajduje się w zrewitalizowanej kamienicy i stanowi ciekawą propozycję dla inwestorów poszukujących mieszkania z dużym potencjałem wzrostu wartości po remoncie. S P E C Y F I K A C J A • cena: 399 000 zł • powierzchnia: 44,61 m² • piętro: 2 • forma własności: pełna własność • rodzaj zabudowy: kamienica • budynek po rewitalizacji części wspólnych • mieszkanie do generalnego remontu • ogrzewanie gazowe • czynsz administracyjny: ok. 500 zł • okna i instalacje do wymiany • monitoring / domofon P O W I E R Z C H N I A Powierzchnia w księdze wieczystej wraz z piwnicą: 47,38 m² • salon: 29,79 m² • oddzielna kuchnia: 7,03 m² • łazienka: 3,17 m² • korytarz: 4,62 m² Duża powierzchnia głównego pomieszczenia daje możliwość stworzenia funkcjonalnego układu 2-pokojowego z salonem i wydzieloną sypialnią lub przeniesienia aneksu kuchennego do części dziennej. To rozwiązanie często stosowane przy projektach inwestycyjnych zwiększających finalną wartość nieruchomości. Lokal wymaga kompleksowego remontu, jednak jego układ oraz lokalizacja tworzą solidną bazę pod projekt typu flip lub najem długoterminowy. Najważniejsze atuty inwestycyjne: • możliwość zmiany układu funkcjonalnego mieszkania, • duży salon umożliwiający wydzielenie dodatkowej sypialni, • kamienica po rewitalizacji części wspólnych, • pełna własność, • bardzo dobra lokalizacja pod wynajem, • wysoki potencjał wzrostu wartości po modernizacji, • ograniczona dostępność podobnych lokali w tej części Wildy. To propozycja dla inwestora, który szuka nieruchomości z realnym potencjałem do wygenerowania wartości dodanej poprzez odpowiednio przeprowadzony remont. L O K A L I Z A C J A Wilda od lat pozostaje jedną z najbardziej dynamicznie rozwijających się dzielnic Poznania. Historyczna zabudowa, rozwijająca się infrastruktura oraz bliskość centrum sprawiają, że lokalizacja stale przyciąga zarówno mieszkańców, jak i inwestorów. W najbliższym otoczeniu znajdują się: • restauracje i kawiarnie, • sklepy i punkty usługowe, • komunikacja tramwajowa i autobusowa, • tereny spacerowe i rekreacyjne, • szybki dojazd do centrum miasta oraz dworca. To lokalizacja o wysokiej płynności sprzedażowej i stabilnym popycie na rynku najmu. - Prezentowane ogłoszenie dot. sprzedaży nieruchomości nie stanowi oferty w rozumieniu przepisów Kodeksu Cywilnego.",,,,,własność,,52.387584,16.915193
Poznań,os. Wichrowe Wzgórze,2,45,469000,10422.0,Pośrednik,,15,https://adresowo.pl/o/mieszkanie-poznan-os-wichrowe-wzgorze-2-pokojowe-l7q3d6,https://s2.adresowa.pl/oi/53/3d/3e59ac_616f_cover@2x-2-pokojowe-mieszkanie-poznan-os-wichrowe-wzgorze.webp,Poznań ,os. Wichrowe Wzgórze,parter,1981.0,blok,,"Jasne,parter ok.43m2/ 2-wa niezależne pokoje,balkon,oddzielna kuchnia,łazienka,piwnica os.Wichrowe Wzgórza,Poznań. Bardzo fajne mieszkanie pod inwestycję (najem) lub dla rodziny . Mieszkanie znajduje się w bardzo dobrej lokalizacji na parterze ocieplonego bloku mieszkalnego i składa się z: - z dużego jasnego umeblowanego pokoju ok.21m2 z bezpośrednim wyjściem na balkon,okna z roletami z widokiem na zieleń - jasnego pokoju (obecnie sypialni) ok.10m2 , - wyposażonej i umeblowanej kuchni ok.7m2 ze stołem i krzesłami (sprzęt AGD - duża nowoczesna lodówka z oddzielnym zamrażalnikiem,kuchenka mikrofalowa, piekarnik,kuchenka gazowa,okap itp. - łazienki ok.3m2 z wanną,umywalką WC i pralką - korytarza ok.5m2 z miejscem na ubrania - piwnica, Wszystkie okna wyposażone w rolety, do mieszkania podłączony szybki internet światłowodowy. Przed blokiem bezpłatne miejsca parkingowe a bardzo blisko jest parking strzeżony z możliwością wykupienia karnetu okresowego. Przed blokiem również ogrodzony plac zabaw dla dzieci. Rampa wjazdowa na klatkę schodową do bloku dla wózków. W pobliżu osiedlowy sklep spożywczy,Żabka,apteka, Pizzeria, Castorama,Meble Polskie,park osiedlowy,plac zabaw, przedszkole z dużym placem zabaw, szkoła,dom kultury,przychodnia medyczna,sklepy typu Biedronka,Castorama, kościół i co ważne bardzo dużo zieleni ,alejek spacerowych z ławkami . Bardzo dobra komunikacja z centrum - autobusy miejskie oraz nowa linia tramwajowa ,,Naramowicka"" z szybkim dojazdem do centrum. Mieszkanie Spółdzielczo-Własnościowe bez KW Obecnie czynsz najmu to 890zł/mies. (przy 2 osobach mieszkających)- mieszkanie jest wynajmowane z możliwością kontynuowania najmu lub jego zakończenia) . Cena mieszkania : 469.000zł Dostępne od zaraz w przypadku zakupu inwestycyjnego ( obecnie są najemcy)- możliwość kontynuowania najmu lub w terminie - do uzgodnienia w przypadku zakupu w celach zamieszkania. Możliwość bezpłatnej prezentacji przez cały tydzień również w sobotę i niedzielę tel.[numer] - po ustaleniu terminu. Powyższa prezentacja ma charakter informacyjny i nie stanowi oferty handlowej w myśl przepisów art 66par.1 kodeksu cywilnego.",tak,tak,,plastikowe,spółdzielcze własnościowe,"Wyposażenie: internet, kuchenka, lodówka, piekarnik",52.43648,16.938055
Poznań Piątkowo,os. Bolesława Chrobrego,4,74,770000,10405.0,bez pośredników,,8,https://adresowo.pl/o/mieszkanie-poznan-piatkowo-os-boleslawa-chrobrego-4-pokojowe-u4z4u0,https://s2.adresowa.pl/oi/18/6d/3e8232_736e_cover@2x-4-pokojowe-mieszkanie-poznan-piatkowo-os-boleslawa-chrobrego.webp,Poznań Piątkowo,os. Bolesława Chrobrego,2,,blok,,"Oferuję piękne, zadbane mieszkanie 4-pokojowe o metrażu 74 m². Mieszkanie zlokalizowane na drugim piętrze niskiego bloku (4 piętra). Jest to mieszkanie szczytowe, narożne, ze sąsiadem tylko z jednej strony (w jednym pokoju) i klatką schodową w drugim pokoju. Na każdym piętrze są 2 mieszkania. Pięknie doświetlone okna: z jednej strony od strony wschodniej, z drugiej od strony zachodniej. Mieszkanie znajduje się na Piątkowie, osiedle Bolesława Chrobrego. 7 minut od przystanku Kurpińskiego (PST szybki tramwaj). Sam blok jest ocieplony i odnowiony. Klatka schodowa odnowiona, światło na fotokomórkę. Ładne drzwi wejściowe do mieszkania, podwójne. Do mieszkania przynależy spora piwnica. Można korzystać z wózkarni, w której można przechowywać rower. Opis mieszkania: 4 osobne, piękne pokoje, w tym jeden duży salon (pokój gościnny) z wyjściem na spory balkon wyłożony płytkami. Przestronny korytarz z pojemnymi szafami. Łazienka osobno, ubikacja również osobno. Kuchnia oddzielona od reszty pokoi. Większość mebli zostaje na wyposażeniu mieszkania, są ładne, praktyczne i zadbane. W łazience znajduje się wanna, umywalka oraz pralka. W kuchni lodówka, zmywarka i piekarnik (prawie nowy). Okna plastikowe, szczelne. Na załączonych zdjęciach nie wszystkie ozdoby zostają z racji tego, że mieszkanie jest w ciągłym użytkowaniu (nie mogłem sprzątnąć do zdjęć). Reasumując: jest gotowe do zamieszkania i wszystkie niezbędne elementy do życia w nim są. Oczywiście można zrobić sobie lifting po swojemu. Korytarz wyłożony płytkami, ale miejscami odchodzi fuga, więc można by sobie zafugować na nowo w wybranym kolorze. Dwa pokoje były niedawno odmalowane, ściany z sufitem wyłożone włóknem szklanym. W salonie również włókno szklane, ale było to robione kilka lat temu. Tapety na ścianach nie są najnowsze, ale wszystko wygląda ładnie i schludnie. Nowi właściciele zawsze chcą z czasem zrobić po swojemu. Czas przekazania mieszkania do umówienia. Czynsz aktualnie 1080 PLN (po podwyżkach). Co drugi miesiąc prąd. Do tego należy doliczyć internet z telewizją (np. w Netii). Lokalizacja jest świetna: Komunikacja miejska na wyciągnięcie ręki: 7 minut do szybkiego tramwaju (przystanek Kurpińskiego), 10 minut do Plazy (przystanek Lechicka). Mnóstwo terenów spacerowych: park, las, trasy rowerowe. Kawałek na Morasko i do UAM. Na osiedlu mnóstwo sklepów i piekarni, przychodnia, kilka Lidli, Biedronek itp... Parkingów jest sporo i nie ma problemu ze znalezieniem miejsca parkingowego. W okolicy są również parkingi płatne strzeżone. Pod blokiem place zabaw, za blokiem boiska, liczne ławki, salony fryzjerskie. Jak to na osiedlu. Piątkowo - północ Poznania, mieszka się tutaj naprawdę bardzo dobrze. Księga własności. Sprzedaż od osoby prywatnej, bez prowizji! W mieszkaniu nigdy nie było palone.",tak,,,,,"Wyposażenie: internet, lodówka, piekarnik, pralka, zmywarka",52.449347,16.91409
Poznań Naramowice,ul. Boranta,2,54,705775,13070.0,bez pośredników,,20,https://adresowo.pl/o/mieszkanie-poznan-naramowice-ul-boranta-2-pokojowe-p0d7f6,https://s2.adresowa.pl/oi/5e/58/3e7f3e_bb2f_cover@2x-2-pokojowe-mieszkanie-poznan-naramowice-ul-boranta.webp,Poznań Naramowice,Boranta,3,2019.0,blok,,"Oferuję na sprzedaż jasne i przestronne mieszkanie o powierzchni 54,5 m², położone w spokojnej i dobrze skomunikowanej części Poznania. Dzięki dużym oknom oraz ekspozycji na trzy strony świata mieszkanie jest bardzo dobrze doświetlone przez cały dzień. Do mieszkania przynależy piwnica o powierzchni 6,5 m² - w cenie mieszkania. Układ mieszkania: - 2 pokoje - słoneczny salon z oknami wychodzącymi na południe, wschód i północ - przytulna sypialnia - oddzielna, przestronna kuchnia - duża łazienka - pojemna szafa w korytarzu z dużą ilością miejsca do przechowywania Dodatkowym atutem jest układ mieszkania oddzielony od klatki schodowej wspólnym korytarzem z tylko jednym sąsiadem, dzięki czemu mieszkanie jest ciche i zapewnia większy komfort. W bloku znajdują się: - Żabka - Lodziarnia - Fryzjer - Vet Cat - Przychodnia W okolicy znajdują się: - Przystanek autobusowy - 50 m - Przystanek tramwajowy - 600 m - Tereny zielone idealne na spacery i odpoczynek (las, łąki, jezioro) - Szkoła podstawowa - 200 m - Żłobek - 300 m - Kampus Morasko - ok. 2 km pieszo - Wydział Geografii UAM - ok. 1,5 km pieszo - Obiekty sportowe Wzdłuż ulic dostępne są ogólnodostępne miejsca parkingowe. Dodatkowo na końcu osiedla znajduje się parking za szlabanem. Mieszkanie sprawdzi się zarówno dla pary, singla, rodziny, jak i pod inwestycję dzięki bliskości kampusu UAM. Zapraszam do kontaktu oraz umówienia się na oglądanie mieszkania. Chętnie odpowiem na dodatkowe pytania.",tak,,osobna,plastikowe,własność,,52.45656,16.950924
Poznań Winogrady,os. Na Murawie,4,121,1500000,12397.0,Pośrednik,,7,https://adresowo.pl/o/mieszkanie-poznan-winogrady-os-na-murawie-4-pokojowe-j6r7d5,https://s2.adresowa.pl/oi/2e/6b/3e4ff8_d15d_cover@2x-4-pokojowe-mieszkanie-poznan-winogrady-os-na-murawie.webp,Poznań Winogrady,os. Na Murawie,3,1995.0,apartamentowiec,,"Na sprzedaż unikatowy, dwupoziomowy apartament o powierzchni 121 m² z dodatkowymi 10 m (skosy) położony w jednej z najbardziej prestiżowych i pożądanych lokalizacji Poznania – na Winogradach, os. Murawa. To propozycja dla osób poszukujących czegoś więcej niż standardowego mieszkania – przestrzeni, komfortu i wyjątkowego klimatu, który tworzy prawdziwy dom. Opis nieruchomości Układ • 3 przestronne i ustawne pokoje-sypialnie o wym. 18 m, 14m, 11m • 2 eleganckie łazienki, o wymiarach : 4,3 m , i 7m • część dzienna o pow. 32,19 m klimatyzowana • kuchnia z jadalnią 17,7m • hol o wym. 6,73m • garderoba 10 m • klimatyczny balkon z pięknym widokiem na wewnętrzny dziedziniec Dwupoziomowy układ zapewnia wyraźny podział na strefę dzienną i prywatną, co daje poczucie komfortu i niezależności. Apartament został zaprojektowany z myślą o wygodzie i funkcjonalności, oferując, dzięki południowo-zachodniej ekspozycji doskonale doświetlone mieszkanie przez cały dzień, a naturalne światło podkreśla jego przestronność i przytulny charakter Budynek i otoczenie Nieruchomość znajduje się w kameralnym, czteropiętrowym budynku o nowoczesnej architekturze z 1995r. • widok na zielone atrium sprzyjające relaksowi, • z drugiej strony panorama miasta, która zachwyca szczególnie wieczorem, • spokojne i ciche otoczenie z dużą ilością zieleni. Lokalizacja Winogrady to jedna z najlepiej skomunikowanych i najbardziej cenionych dzielnic Poznania. W najbliższej okolicy znajdują się: • sklepy, kawiarnie i punkty usługowe, • szkoły i przedszkola, • tereny rekreacyjne oraz ścieżki spacerowe, • szybki dojazd do centrum miasta, • bliskość Parku Cytadela -150 m oraz terenów nad Wartą (ul. Szelągowska Najważniejsze atuty • prestiżowy, dwupoziomowy układ – namiastka domu w mieście, • przestronne i funkcjonalne wnętrza, • doskonałe doświetlenie naturalnym światłem, • cisza i zieleń w otoczeniu, • wyjątkowe widoki z okien • klimatyzacja To mieszkanie to coś więcej niż nieruchomość – to styl życia, który łączy komfort, przestrzeń i wyjątkową lokalizację. Zapraszam do kontaktu i na prezentację tej niezwykłej oferty.",,tak,osobna,plastikowe,własność,Wyposażenie: klimatyzacja,52.428162,16.935469
Poznań,ul. Jasna Rola,3,102,1090000,10686.0,Pośrednik,,15,https://adresowo.pl/o/mieszkanie-poznan-ul-jasna-rola-3-pokojowe-m7t7k4,https://s2.adresowa.pl/oi/7d/22/3e4ef0_ba11_cover@2x-3-pokojowe-mieszkanie-poznan-ul-jasna-rola.webp,Poznań ,Jasna Rola,5,2007.0,blok,,"Duże,jasne 3-4pok/102m2 z tarasem,piwnicą i miej.parkingowym w bloku z windą przy samym Rezerwacie Żurawiniec w Poznaniu ul.Jasna Rola / Naramowice do sprzedaży. Polecam mieszkanie ok.102m2 z piwnicą,mieszkanie na 5-tym piętrze bloku z windą i podziemnym miejscem garażowym na ogrodzonym osiedlu,składające się z: - urządzonego bardzo przestronnego salonu z wyposażoną otwartą kuchnią z ,,wyspą`(ok.53m2) (możliwość wydzielenia dodatkowo 1-2 pokoi) - pokoju (ok.12m2) nieumeblowanego. - sypialni (ok.9m2) z dużą szafą typu Komandor - dużego przedpokoju (ok.6m2) - dużej łazienki (ok.8m2) z dużą przestronną wanną ,umywalką,WC - dużej garderoby (ok.5m2) - dużej szafy/składziku (ok.3m2) - piwnica - dodatkowo miejsce garażowe Możliwość wydzielenia dodatkowych 1-2 pokoi (11-12m2) i dodatkowej łazienki lub garderoby.Łącznie może być od 3-5 pokoi. Kuchnia wyposażona jest w lodówkę, elektryczną płytę indukcyjną, stylowy piekarnik ,zmywarkę,meble kuchenne z długim eleganckim blatem ,okap itp. W bloku jest winda z bezpośrednim zjazdem do garaż podziemnego gdzie znajduje się własne miejsce parkingowym (koszt sprzedaży dla kupującego mieszkanie do uzgodnienia) Przed blokiem bezpłatny wydzielony parking -wjazd ograniczony szlabanem dla mieszkańców. Mieszkanie położone jest w bardzo atrakcyjnej lokalizacji przy Rezerwacie przyrody Żurawiniec (50m)a nieopodal lasy nad rzeką Wartą jako miejsce rekreacji,ścieżek do biega,jazdy na rowerze ,aktywnego wypoczynku. Bardzo blisko przystanek nowego ,,szybkiego tramwaju"". W pobliżu szkoła,przedszkole,bank,sklepy Żabka,Biedronka,Chata Polska oraz siłownia,korty tenisowe(fair Playce) przystanek autobusowy,restauracje lasy jeziorka dolina rzeki Warta i sama rzeka Warta jak basen czy Kampus Morasko (wydziały Matematyki, Informatyki, Biologii, Historii, Geografii, Lapidarium itp. Cena sprzedaży 1090.000 zł obejmuje cenę z piwnicą. Miejsce garażowe - cena do uzgodnienia - możliwość sprzedaży mieszkania bez miejsca parkingowego. Pomagamy bezpłatnie w uzyskaniu kredytu na zakup mieszkania poprzez profesjonalnych i doświadczonych agentów kredytowych współpracujących z Bankami. Mieszkanie własnościowe z Księgą Wieczystą. Możliwość prezentacji przez cały tydzień również w sobotę i niedzielę tel.[numer]. Powyższa prezentacja ma charakter informacyjny i nie stanowi oferty handlowej w myśl przepisów art 66par.1 kodeksu cywilnego.",tak,tak,,plastikowe,własność,"Wyposażenie: lodówkę, piekarnik, zmywarkę",52.45484,16.941483
Poznań Malta,ul. abp. Walentego Dymka,2,41,610900,14900.0,bez pośredników,,19,https://adresowo.pl/o/mieszkanie-poznan-malta-ul-abp-walentego-dymka-2-pokojowe-f1o0j6,https://s2.adresowa.pl/oi/70/46/3e7dd0_6a19_cover@2x-2-pokojowe-mieszkanie-poznan-malta-ul-abp-walentego-dymka.webp,Poznań Malta,abp. Walentego Dymka,1,2014.0,blok,,"Na sprzedaż komfortowe mieszkanie o powierzchni 41 m², położone w spokojnej, zielonej okolicy w pobliżu Jeziora Maltańskiego oraz terenów spacerowych przy Stawie Olszak. Mieszkanie znajduje się w bloku z końca 2014 roku i składa się z: - dwóch niezależnych pokoi, - aneksu kuchennego, - łazienki, - balkonu. Lokal jest funkcjonalny i dobrze doświetlony. Mieszkanie wymaga jedynie odświeżenia, co daje możliwość aranżacji według własnego gustu. W cenie pozostaje wyposażenie widoczne na zdjęciach, m.in.: - zabudowa kuchenna, - lodówka, - zmywarka, - piekarnik, - płyta indukcyjna, - kanapa, - funkcjonalne szafy w zabudowie. Atuty nieruchomości: - ogrzewanie miejskie, - zewnętrzna rowerownia, - spokojni i mili sąsiedzi, - blisko terenów rekreacyjnych i zieleni, - ok. 12 minut pieszo do tramwaju (przystanek os. Lecha), - w pobliżu 3 linie autobusowe, - zadbany teren wokół budynku z dużą ilością zieleni, - dogodny wyjazd na trasy S11, DK92 oraz autostradę A2, - piętro 1 z 3, - dostępność: od zaraz. Do mieszkania przypisane jest miejsce postojowe znajdujące się na parkingu za blokiem. Miejsce postojowe jest dodatkowo płatne 20 000 zł (zakup obowiązkowy wraz z mieszkaniem). Wjazd na teren parkingu zabezpieczony jest bramą na pilota. Czynsz: ok. 750 zł. Mieszkanie idealne dla pary, singla lub jako inwestycja pod wynajem. Informacja dla pośredników: zapraszam do kontaktu wyłącznie w przypadku posiadania konkretnego klienta poszukującego właśnie takiej nieruchomości. Nie jesteśmy zainteresowani zawieraniem umów pośrednictwa ani korzystaniem z usług biura nieruchomości.",,tak,aneks,plastikowe,własność,"Wyposażenie: lodówka, piekarnik, zmywarka",52.3957,16.984028
Poznań Dębiec,ul. Orzechowa,2,51,450000,8824.0,bez pośredników,,8,https://adresowo.pl/o/mieszkanie-poznan-debiec-ul-orzechowa-2-pokojowe-f5g3w0,https://s2.adresowa.pl/oi/41/69/3e7bd4_8191_cover@2x-2-pokojowe-mieszkanie-poznan-debiec-ul-orzechowa.webp,Poznań Dębiec,Orzechowa,3,1965.0,blok,,"Sprzedam przestronne, jasne mieszkanie o powierzchni 51m2, położone na 3. piętrze w zadbanym bloku z cegły po termomodernizacji przy ul. Orzechowej - Dębiec, Poznań. Lokalizacja zapewnia ciszę, a jednocześnie doskonały dostęp do infrastruktury miejskiej. Powierzchnia: 51m2 Piętro: 3. Liczba pokoi: 2. Układ: - kuchnia z oknem, - łazienka z okienkiem, - wejście z przedpokoju do każdego pokoju. Stan techniczny - do remontu / odświeżenia. Balkon: tak. Czynsz: 870 zł. Forma własności - spółdzielcze własnościowe. Ogrzewanie - miejskie. Ekspozycja okien (wymienione okna PCV) - północ-południe. Do mieszkania należy piwnica. Blok znajduje się w cichej okolicy, z daleka od głównej ulicy. W sąsiedztwie - przedszkole, szkoła, sklepy, ryneczek, przychodnia, przystanek komunikacji miejskiej, park. Atuty: - spokojne sąsiedztwo, - możliwość własnej aranżacji wnętrza, - zadbane otoczenie bloku (zieleń), - szybki termin wydania (mieszkanie wolne od zaraz), - świetna lokalizacja 5 min do przystanku, - spółdzielcze własnościowe. Zapraszam do kontaktu i oglądania.",tak,,,plastikowe,spółdzielcze własnościowe,,52.364212,16.909618
Poznań Rataje,os. Polan,3,60,549000,9150.0,Pośrednik,,11,https://adresowo.pl/o/mieszkanie-poznan-rataje-os-polan-3-pokojowe-k0t2y5,https://s2.adresowa.pl/oi/2e/45/3e4e3c_eb13_cover@2x-3-pokojowe-mieszkanie-poznan-rataje-os-polan.webp,Poznań Rataje,os. Polan,1,1986.0,blok,,"Mieszkanie w Poznaniu na os. Polan (Rataje) w znajduje się na 1 piętrze w niskim, 4-piętrowym bloku, na spokojnym i dobrze skomunikowanym osiedlu. Opis lokalu: Lokal o powierzchni 60,4 m² z ekspozycją okien na południowy - wschód oraz północny-zachód, składa się z: • pokoju z wyjściem na loggię - ok. 22 m² • pokoju - ok. 11 m² • pokoju - ok. 11 m² • oddzielnej, jasnej kuchni z oknem - ok. 6 m² • łazienki - ok. 3 m² • WC - ok. 1,4 m² • korytarza z szafami - ok. 6 m² Do mieszkania przynależy: • piwnica • loggia Najważniejsze atuty: Mieszkanie o bardzo funkcjonalnym układzie - trzy niezależne pokoje oraz oddzielna, jasna kuchnia zapewniają wygodę zarówno dla rodziny, jak i najemców. Duża loggia stanowi dodatkową przestrzeń do wypoczynku i relaksu. Dwustronna ekspozycja sprawia, że wnętrze jest dobrze doświetlone przez cały dzień. Standard wykończenia: • mieszkanie do remontu - możliwość aranżacji według własnych potrzeb • podłogi: linoleum oraz wykładziny • ściany: tynk • okna: PCV • ogrzewanie i ciepła woda: z sieci miejskiej Lokalizacja: Nieruchomość położona jest na Ratajach - os. Polan, w miejscu łączącym spokój z bardzo dobrą dostępnością komunikacyjną. Bliskość komunikacji miejskiej gwarantuje szybki i wygodny dojazd do centrum miasta. W najbliższej okolicy znajdują się: • tereny spacerowe • szkoła, przedszkole, żłobek • sklepy spożywcze i punkty handlowo-usługowe • kościół Komunikacja: • tramwaj: przystanek Żegrze II - ok 450 m (linia 1, 3, 10, 17, 19, linia nocna 201) • autobus: przystanki os. Polan - ok 300 m (linia 152) Opłaty: • czynsz: ok. 970 zł • dodatkowo: prąd i gaz (kuchenka) według zużycia Informacje prawne: • forma własności: spółdzielcze własnościowe prawo do lokalu bez księgi wieczystej (istnieje możliwość założenia) • brak obciążeń • zarządzanie: Spółdzielnia Osiedle Młodych w Poznaniu Funkcjonalność, lokalizacja i potencjał inwestycyjny w jednym miejscu. To mieszkanie daje szerokie możliwości - zarówno jako wygodny lokal dla rodziny, jak i dochodowa inwestycja pod wynajem. Zapraszam do kontaktu i na prezentację! Informacja dla biur nieruchomości - współpracuję przy każdej ofercie.",,,,,,Wyposażenie: kuchenka,52.383758,16.959126
Poznań,os. Stefana Batorego,1,37,469000,12676.0,Pośrednik,,16,https://adresowo.pl/o/mieszkanie-poznan-os-stefana-batorego-1-pokoj-a4v3a1,https://s2.adresowa.pl/oi/3e/57/3e4b8a_58e2_cover@2x-1-pokojowe-mieszkanie-poznan-os-stefana-batorego.webp,Poznań ,os. Stefana Batorego,2,2006.0,blok,,"Przedstawiamy Państwu funkcjonalne i przytulne mieszkanie na sprzedaż, zlokalizowane na cenionym osiedlu Stefana Batorego w Poznaniu. Nieruchomość o powierzchni około 35 m² (37,4m² razem z piwnicą) to doskonała propozycja zarówno dla osób szukających komfortowego miejsca do życia, jak i inwestorów poszukujących mieszkania pod wynajem. Lokal znajduje się w niskim bloku z cegły wybudowanym w 2006 roku. W skład mieszkania wchodzą: - przestronny pokój dzienny z wyjściem na balkon, - strefa sypialna wydzielona zabudową, widoczna na zdjęciach, - funkcjonalna kuchnia we wnęce z oknem, wykonana w zabudowie, - przedpokój z dużą szafą w zabudowie, - łazienka, - piwnica o powierzchni około 2,5 m². Dodatkowym atutem nieruchomości są części wspólne dostępne wyłącznie dla mieszkańców klatki: - duża suszarnia, - osobna wózkownia. Osiedle Stefana Batorego to jedna z najbardziej cenionych lokalizacji w północnej części Poznania — spokojna, zielona okolica z bardzo dobrze rozwiniętą infrastrukturą. W pobliżu znajdują się sklepy, punkty usługowe, restauracje, tereny spacerowe oraz liczne tereny zielone. Dużym atutem nieruchomości jest bliskość Campusu Morasko Uniwersytetu im. Adama Mickiewicza, co sprawia, że mieszkanie świetnie sprawdzi się również jako inwestycja pod wynajem dla studentów. Dodatkowym atutem jest bliskość Rezerwatu Żurawiniec — zaledwie około 5 minut spacerem. To idealne miejsce na spacery, jogging czy odpoczynek wśród zieleni, co znacząco podnosi komfort codziennego życia mieszkańców. Lokalizacja zapewnia bardzo dobre połączenia komunikacyjne z centrum miasta dzięki szybkiemu tramwajowi PST oraz licznym liniom autobusowym. Dojazd do centrum Poznania jest szybki i wygodny zarówno komunikacją miejską, jak i samochodem. Mieszkanie idealnie sprawdzi się dla singla, pary, studenta lub jako inwestycja pod wynajem. Istnieje możliwość zakupu miejsca postojowego w hali garażowej (w bloku sąsiadującym) za dodatkową opłatą 50 000 zł.",,tak,,plastikowe,,,52.460875,16.924317
Poznań Łazarz,ul. Józefa Łukaszewicza,2,45,450000,10000.0,bez pośredników,,8,https://adresowo.pl/o/mieszkanie-poznan-lazarz-ul-jozefa-lukaszewicza-2-pokojowe-c5m6q4,https://s2.adresowa.pl/oi/38/25/3e7b98_9d2c_cover@2x-2-pokojowe-mieszkanie-poznan-lazarz-ul-jozefa-lukaszewicza.webp,Poznań Łazarz,Józefa Łukaszewicza,5,,blok,,"Sprzedam mieszkanie o powierzchni 45,50 m2. - Zlokalizowane w centrum Poznania, dzielnica Łazarz. - W mieszkaniu są dwa oddzielne pokoje, kuchnia oraz łazienka. - Wymieniona została instalacja elektryczna oraz gazowa. - Mieszkanie ogrzewane jest z miejskiej sieci ciepłowniczej. - Mieszkanie znajduje się na 5. piętrze budynku wielorodzinnego bez windy. - Do mieszkania przynależy piwnica o powierzchni 13,30 m2. - Do mieszkania przynależy udział w działce przed budynkiem. - Przeprowadzona termomodernizacja budynku. - Przed budynkiem znajdują się miejsca parkingowe ogólnodostępne. - Mieszkanie jasne i słoneczne. Mieszkanie sprzedaje osoba prywatna. Wolne od zaraz. POŚREDNIKOM DZIĘKUJEMY, PROSZĘ NIE DZWONIĆ. Zapraszam do oglądania. Pozdrawiam.",tak,,osobna,,,,52.391657,16.902948
Poznań Winogrady,os. Pod Lipami,1,28,350000,12500.0,bez pośredników,,1,https://adresowo.pl/o/mieszkanie-poznan-winogrady-os-pod-lipami-1-pokoj-u4n0v3,https://s2.adresowa.pl/oi/1c/59/3e7b62_45b0_cover@2x-1-pokojowe-mieszkanie-poznan-winogrady-os-pod-lipami.webp,Poznań Winogrady,os. Pod Lipami,2,,blok,,"Kawalerka do odświeżenia, umeblowana. Sklep 50 m, szybki tramwaj 200 m, Castorama 300 m. Pod Lipami 11/38, drugie piętro.",,,,,,,52.43277,16.940294
Poznań Piątkowo,os. Stefana Batorego,4,74,779000,10527.0,Pośrednik,,20,https://adresowo.pl/o/mieszkanie-poznan-piatkowo-os-stefana-batorego-4-pokojowe-l2v2g6,https://s2.adresowa.pl/oi/50/6b/3e4b86_6198_cover@2x-4-pokojowe-mieszkanie-poznan-piatkowo-os-stefana-batorego.webp,Poznań Piątkowo,os. Stefana Batorego,4,1988.0,blok,,"0% PROWIZJI Polecam ofertę 3-pokojowego mieszkania położonego w Poznaniu Piątkowie na os. Batorego. Komfort codziennego życia zapewnia zarówno świetna komunikacja, jak i bliskość terenów zielonych. W niedalekiej odległości znajduje się przystanek autobusowy jak i szybki tramwaj PST, który zapewnia sprawny i bezpośredni dojazd do centrum. Dla aktywnych - ogormne tereny zielone rezerwatu Żurawiniec i Rezerwatu Morasko. W promieniu kilku minut spacerem znajdują się Kampus Uniwersytecki UAM, sklepy spożywcze, osiedlowe, punkty usługowe, restauracje czy kościół. Układ budynków dookoła jest świetnie przemyślany - zapewniona jest prywatność i brak sąsiadów w oknie, a wspólne przestrzenie wypełniają drzewa. Wnętrze mieszkania jest wyjątkowo jasne - dzięki północno-południowej ekspozycji przez cały dzień dociera tu mnóstwo naturalnego światła. Mieszkanie nie wymaga nakładów finanspowych - w 2019r. przeszło generalny remont - wymiana stolarki okiennej oraz drzwiowej, remont łazienki, WC oraz kuchni oraz wyprowadzenia sieci internetowej i telewizyjnej. Układ mieszkania jest bardzo funkcjonalny, został dostosowany przez właścicieli aby maksymalnie wykorzystać przestrzeń lokalu: -wyjątkowo przestronny hol, powstał po wyburzeniu części ścianek, -jasna, duża kuchnia połączona z częścią jadalnianą, -salon z wyjściem na loggię z widokiem na zieleń, -sypialnia z miejsem na dużą szafę, -dodatkowa sypialnia lub biuro , -łazienka -WC Ogromnym atutem jest również jasna piwnica z oknem o powierzchni 10,5 m2, która znajduje się zaraz przy zejściu z klatki - idealna do przechowyania roweru. W cenie mieszkania zawarte jest pełne wyposażenie: lodówka, piekarnik, płyta gazowa, zmywarka oraz pralka oraz pełne wyposażenie salonu widoczne na zdjęciach. Lokal usytuowany jest na 4 piętrze w 4-piętrowym budynku. Comiesięczne koszty utrzymiania nieruchomości na ten moment wynoszą 995 zł. SZCZEGÓŁY TECHNICZNE: Piętro: 4 z 4 Winda: nie Ogrzewanie: cieplik miejski Czynsz: ok. 995 zł/mies. Osiedle przy ul. Batorego to spokojna i dobrze skomunikowana część Poznania, która jednocześnie daje szybki dostęp do jednych z najlepszych terenów zielonych w mieście. Lokalizacja łączy wygodę życia miejskiego z możliwością codziennej aktywności na świeżym powietrzu. W niedalekiej odległości znajduje się Park Żurawiniec - popularne miejsce spacerów, biegania i treningów na świeżym powietrzu, idealne dla osób aktywnych. Jeszcze większe możliwości rekreacyjne oferuje Morasko z rozległymi terenami leśnymi oraz rezerwatem przyrody „Meteoryt Morasko”, gdzie znajdują się malownicze ścieżki biegowe, trasy rowerowe i spokojne miejsca do odpoczynku wśród natury. Dzięki temu okolica świetnie sprawdza się dla osób, które cenią aktywny tryb życia - można tu biegać, jeździć na rowerze, spacerować czy trenować na świeżym powietrzu, nie oddalając się od domu. Jednocześnie w zasięgu kilku minut są sklepy, komunikacja miejska i pełna miejska infrastruktura. OPIS LOKALIZACJI W najbliższej okolicy znajdują się: Przedszkole - 900 m Szkoła Podstawowa nr 67 - 600 m Żabka - 100 m Market Aldi - 400 m Kaufland- 450m Lidl - 1 km KOMUNIKACJA: Tramwaje: linie 12, 14, 15, 16 - przystanek Szymanowskiwgo (450 m) Autobusy: linia [numer], 218, 348 - przystanek Opieńskiego (200 m) FORMA WŁASNOŚCI Spółdzielcze własnościowe z możliwością założenia księgi wieczystej CENA 779 000 zł SERDECZNIE ZAPRASZAM NA PREZENTACJĘ! Informacja dla pośredników - współpracujemy przy każdej ofercie.",,tak,,,,"Wyposażenie: internet, lodówka, piekarnik, pralka, zmywarka",52.459201,16.921545
Poznań Wilda,ul. Górna Wilda,4,105,890000,8476.0,Pośrednik,,15,https://adresowo.pl/o/mieszkanie-poznan-wilda-ul-gorna-wilda-4-pokojowe-s7d4p0,https://s2.adresowa.pl/oi/7e/24/3e4b84_9ccc_cover@2x-4-pokojowe-mieszkanie-poznan-wilda-ul-gorna-wilda.webp,Poznań Wilda,Górna Wilda,1,1930.0,kamienica,,"Zapraszamy do zapoznania się z ofertą sprzedaży 4-pokojowego mieszkania z osobną kuchnią o powierzchni 105,73 m², położonego na 1. piętrze klimatycznej kamienicy w samym sercu poznańskiej Wildy. To propozycja dla osób ceniących przestrzeń, charakter przedwojennej zabudowy oraz wygodę życia w centrum miasta. Nieruchomość doskonale sprawdzi się zarówno jako komfortowe mieszkanie dla rodziny, jak i przestrzeń pod biuro, kancelarię lub pracownię. Najważniejsze atuty: • 4 niezależne, ustawne pokoje • Osobna kuchnia • Pierwsze piętro w kamienicy • Duży potencjał aranżacyjny • Piwnica o powierzchni 19,04 m² • Świetna lokalizacja w centrum Wildy • Bliskość komunikacji miejskiej i terenów zielonych. Mieszkanie składa się z: - Korytarza (13,11 m²) - Łazienki (5,46 m²) - Kuchni (8,14 m²) - Pokoju 1 (13,80 m²) - Pokoju 2 (23,83 m²) - Pokoju 3 (20,60 m²) - Pokoju 4 (20,79 m²) Dodatkowo do mieszkania przynależy piwnica o powierzchni 19,04 m², uwzględniona w księdze wieczystej. Budynek: Mieszkanie znajduje się na 1. piętrze kamienicy, co zapewnia wygodę codziennego użytkowania. Budynek zachował charakterystyczny klimat poznańskiej zabudowy kamienicznej, cenionej za wysokie pomieszczenia oraz przestronne wnętrza. Parking ogólnodostępny znajduje się bezpośrednio przy ulicy, czynsz administracyjny wynosi około 1000 zł. Lokalizacja: Ulica Górna Wilda to jedna z najbardziej charakterystycznych części Poznania, łącząca historyczny klimat z wygodą miejskiego życia. W najbliższym otoczeniu znajdują się przystanki tramwajowe, liczne sklepy, restauracje, kawiarnie oraz punkty usługowe. W pobliżu dostępny jest również Rynek Wildecki, Stary Browar, Dworzec Główny PKP oraz tereny rekreacyjne, m.in. Park Jana Pawła II, Pływalnia Miejska i Lodowisko Chwiałka. Lokalizacja zapewnia szybki i wygodny dojazd do pozostałych części miasta. Zapraszamy do kontaktu w celu uzyskania dodatkowych informacji oraz umówienia się na prezentację nieruchomości. Chętnie odpowiemy na wszystkie pytania i pokażemy mieszkanie na żywo. TEKTON PROPERTY TO NAJLEPSZE BIURO NIERUCHOMOŚCI W POLSCE WG KONKURSU LIDER NIERUCHOMOŚCI OTODOM 2020. Znajdź nas w swoim mieście: Gdańsk, ul. Chmielna 10 - Warszawa, Plac Dąbrowskiego 1/311 - Kraków, ul. Józefitów 7/4 - Poznań, ul. Wojskowa 6/D6 - Łódź, ul. Zachodnia 70 pok. 223, Opole, Gen. Tadeusza Kościuszki 1, lok. 1C. Podejmując współpracę z przedstawicielami Tekton Property zyskujesz: - oszczędność czasu, - weryfikację dokumentów od strony formalno-prawnej, - wsparcie agenta na każdym etapie transakcji, - pomoc przy uzyskaniu kredytu hipotecznego w kilkunastu bankach, - wgląd do umów przed zawarciem aktu notarialnego u sprawdzonych Notariuszy, - własne analizy makroekonomiczne i raporty z prowadzonych działań, - dostęp do cen transakcyjnych z okolicy. Skontaktuj się z opiekunem oferty, a on poprowadzi Cię przez wszystkie etapy transakcji. Zapraszamy do współpracy! Niniejsze ogłoszenie nie stanowi oferty handlowej w rozumieniu przepisów art. 66 k.c., a przedstawione dane mają charakter informacyjny.",,,,,własność,,52.394829,16.922869
Poznań Jeżyce,ul. Druskienicka,2,34,520000,15294.0,bez pośredników,,13,https://adresowo.pl/o/mieszkanie-poznan-jezyce-ul-druskienicka-2-pokojowe-e2o7o4,https://s2.adresowa.pl/oi/14/29/3e7b5a_3605_cover@2x-2-pokojowe-mieszkanie-poznan-jezyce-ul-druskienicka.webp,Poznań Jeżyce,Druskienicka,4,2021.0,blok,,"Szukasz gotowego do wprowadzenia, klimatycznego mieszkania, w którym każdy centymetr został zaprojektowany przez architekta? A może szukasz inwestycji pod wynajem? Cenisz ciszę, prywatność i wysoki standard? Ta oferta jest dla Ciebie. Na sprzedaż wyjątkowe, niezwykle funkcjonalne 2-pokojowe mieszkanie o powierzchni 34,69 m², z balkonem, zlokalizowane na 4. (ostatnim) piętrze nowoczesnego bloku z 2021 roku z cichobieżną windą. Lokal znajduje się na bezpiecznym, zamkniętym i monitorowanym osiedlu. DLACZEGO TO MIESZKANIE JEST WYJĄTKOWE? - Inteligentny układ (2 pokoje w cenie kawalerki): Pierwotny rzut deweloperski został zmodyfikowany przez projektanta. Wydzielono przytulną, pełnowymiarową sypialnię, co zapewnia 100% prywatności. - Ostatnie piętro (4/4): Brak sąsiadów nad głową, doskonałe doświetlenie wnętrz i piękny widok z balkonu. - Zabudowa pod wymiar (maksymalizacja przestrzeni): W sypialni znajduje się pojemna szafa garderobiana na całą szerokość ściany, w korytarzu pojemna szafa na wymiar, w łazience pralka została całkowicie ukryta w estetycznej zabudowie. - Ergonomiczna kuchnia: Nowoczesny aneks z przemyślanym układem stref roboczych, wyposażony w wysokiej jakości sprzęt AGD w zabudowie (piekarnik, zmywarka, lodówka, płyta indukcyjna, okap skośny). - Designerskie detale: Wnętrze ocieplają lamele z podświetleniem LED w strefie jadalnianej oraz elegancka fototapeta z motywem eukaliptusa, która optycznie powiększa i spaja przestrzeń, oświetlenie podszafkowe w kuchni, oświetlenie LED w łazience. ROZKŁAD POMIESZCZEŃ: - Salon z ergonomicznym aneksem kuchennym i wyjściem na balkon - 18,68 m² - Prywatna sypialnia z szafą na wymiar - 7,80 m² - Nowoczesna łazienka z wanną i parawanem szklanym (funkcja 2w1) - 3,95 m² - Przedpokój z szafą wnękową na wymiar - 4,26 m² Lokalizacja: - Żabka 100 m (1 min pieszo) - Przystanek autobusowy 100 m (1 min pieszo) - Przystanek PKP ""Poznań Podolany"" 1 km (14 min pieszo) - Eurospar, Rossmann, Action, Kwiaciarnia, Cukiernia 750 m (10 min pieszo) Czynsz administracyjny: 550 PLN (przy dwóch osobach) + prąd, co 2 miesiące. Mieszkanie obecnie jest wynajmowane - możliwość kontynuowania umowy najmu. Miejsce postojowe w hali garażowej (osobna KW) - miejsce usytuowane tuż przy windzie, płatne - 37 000 zł (zakup obligatoryjny). Osoby zainteresowane proszę o kontakt telefoniczny. Oferta bezpośrednia. Biura nieruchomości proszę o niekontaktowanie się.",,tak,aneks,plastikowe,własność,"Wyposażenie: lodówka, piekarnik, pralka, zmywarka",52.44589,16.888544
Poznań Stare Miasto,ul. Garbary,2,36,850000,23611.0,bez pośredników,,8,https://adresowo.pl/o/mieszkanie-poznan-stare-miasto-ul-garbary-2-pokojowe-y9l7d6,https://s2.adresowa.pl/oi/63/7b/3e7afc_977b_cover@2x-2-pokojowe-mieszkanie-poznan-stare-miasto-ul-garbary.webp,Poznań Stare Miasto,Garbary,2,2021.0,apartamentowiec,,"Na sprzedaż 2-pokojowe mieszkanie na 2 piętrze w Inwestycji Apartamenty Esencja ul. Garbary 104 w Poznaniu. Mieszkanie ciche i bezpieczne: okna od strony dziedzińca, teren monitorowany z ochroną, wideodomofon. Dodatkowo mieszkańcy osiedla mają również do dyspozycji salon spotkań ze stołem bilardowym, paczkomat, miejsce do przechowywania wózków i rowerów. Na terenie osiedla znajdują się miejsca do ładowania aut elektrycznych. Mieszkanie posiada bazę Smart Home z możliwością rozbudowy. Nowoczesny 5- piętrowy budynek z 2021 roku, wyposażony w windę. W skład mieszkania wchodzą: - 2 pokoje, - w pełni wyposażony aneks kuchenny (płyta indukcyjna, piekarnik, zmywarka, duża lodówka z zamrażalnikiem), - łazienka z prysznicem, zabudowaną pralką, - duże garderoby, - balkon. Bardzo dobra lokalizacja, do płyty Starego Rynku 10 min spacerem (z osiedla widać Ratusz). Do Parku Cytadela 10 min spacerem. Bliskość komunikacji miejskiej. Prywatne miejsce postojowe w hali garażowej - w cenie.",,tak,aneks,,,"Wyposażenie: lodówka, piekarnik, zmywarka",52.413459,16.939314
Poznań Łazarz,ul. Lodowa,3,30,440000,14667.0,Pośrednik,,10,https://adresowo.pl/o/mieszkanie-poznan-lazarz-ul-lodowa-3-pokojowe-w3u6o7,https://s2.adresowa.pl/oi/2e/63/3e3fa4_f66c_cover@2x-3-pokojowe-mieszkanie-poznan-lazarz-ul-lodowa.webp,Poznań Łazarz,Lodowa,2,,blok,,"3-pokojowe mieszkanie, 31 m2, przy ul. Lodowej w Poznaniu z możliwością personalizacji wykończenia pod klucz! Mieszkanie wykończone pod Ciebie: KUP TERAZ - WYBIERZ STYL - ODBIERZ KLUCZE CO WIĘCEJ &gt; dostępne kilka mieszkań w tym budynku! Układ [załączony rzut]: • pokój I • pokój II (opcja gabinet) • salon z an. kuchennym • łazienka • korytarz [Na zdjęciach niektóre z przykładowych wykończeń] Za budynkiem mieścić się będzie parking naziemny! Nieruchomość znajduje w świetnej lokalizacji, ulica pełna zielonych drzew, niedaleko przystanki tramwajowe i ul. Głogowska, gdzie kupisz i załatwisz wszystko. Stan prawny: • Pełna własność z księgą wieczystą - możliwość zakupu na kredyt. Prace remontowe i modernizacyjne: • wymienione instalacje • nowa instalacja grzewcza; wspólna kotłownia, • doprowadzony światłowód, • monitoring, • ocieplenie, * obecnie trwają prace nad surowym stanem wnętrza i tyłu budynku. Po więcej informacji zapraszam do kontaktu: [numer] Joanna Smoleńska KD Nieruchomości.",,tak,,,własność,,52.389938,16.89655
Poznań Łazarz,ul. Lodowa,3,33,490000,14848.0,Pośrednik,,10,https://adresowo.pl/o/mieszkanie-poznan-lazarz-ul-lodowa-3-pokojowe-z7d2i2,https://s2.adresowa.pl/oi/75/36/3e3f1e_85c1_cover@2x-3-pokojowe-mieszkanie-poznan-lazarz-ul-lodowa.webp,Poznań Łazarz,Lodowa,parter,,blok,,"3-pokojowe mieszkanie (34 m2) z TARASEM, przy ul. Lodowej w Poznaniu z możliwością personalizacji wykończenia pod klucz! Mieszkanie wykończone pod Ciebie: KUP TERAZ - WYBIERZ STYL - ODBIERZ KLUCZE CO WIĘCEJ &gt; dostępne kilka mieszkań w tym budynku! Układ [załączony rzut]: • pokój I • pokój II • salon z an. kuchennym • łazienka • korytarz [Na zdjęciach niektóre z przykładowych wykończeń] Za budynkiem mieścić się będzie parking naziemny! Nieruchomość znajduje w świetnej lokalizacji, ulica pełna zielonych drzew, niedaleko przystanki tramwajowe i ul. Głogowska, gdzie kupisz i załatwisz wszystko. Stan prawny: • Pełna własność z księgą wieczystą - możliwość zakupu na kredyt. Prace remontowe i modernizacyjne: • wymienione instalacje • nowa instalacja grzewcza; wspólna kotłownia, • doprowadzony światłowód, • monitoring, • ocieplenie, * obecnie trwają prace nad surowym stanem wnętrza i tyłu budynku. Po więcej informacji zapraszam do kontaktu: [numer] Joanna Smoleńska KD Nieruchomości.",,tak,,,własność,,52.389938,16.89655
Poznań Naramowice,ul. Sielawy,1,27,449000,16630.0,bez pośredników,,16,https://adresowo.pl/o/mieszkanie-poznan-naramowice-ul-sielawy-1-pokoj-o5v4p7,https://s2.adresowa.pl/oi/6a/10/3e7a14_6a3c_cover@2x-1-pokojowe-mieszkanie-poznan-naramowice-ul-sielawy.webp,Poznań Naramowice,Sielawy,parter,2025.0,blok,,"Zakup bezpośrednio od właściciela. Wykończona, piękna kawalerka o powierzchni 27 mkw położona jest na parterze osiedla Zielony Żurawiniec ul. Sielawy w Poznaniu. Do mieszkania przynależy loggia o powierzchni 2 mkw. W mieszkaniu zainstalowano rolety zewnętrzne antywłamaniowe na pilota. Naziemne miejsce parkingowe zlokalizowane jest na terenie zamkniętego osiedla - wjazd zabezpieczony szlabanem, cena miejsca parkingowego: 15.000 zł. Mieszkanie zostało oddane w 2025 r., wykończone pod klucz przy zastosowaniu wysokiej jakości materiałów. Przestrzeń jest jasna, funkcjonalna i komfortowa. Zabudowa kuchenna, łazienkowa i szafa w przedpokoju z lustrem zostały zaprojektowane i wykonane na wymiar przez renomowaną firmę stolarską (fronty marki egger antyfinger kaszmir mat). Aneks kuchenny został wyposażony w sprzęt AGD marki Electrolux (płyta indukcyjna, piekarnik, zmywarka). Sufity w całości podwieszane, kompleksowe oświetlenie mieszkania. Na podłogach zastosowano panele wodoodporne marki Weninger jodełka Aquatus dąb alicante. W cenie mieszkania uwzględniono meble ruchome: narożnik, stół, komodę. Mieszkanie idealne dla singla lub pary. Lokalizacja jest świetna dla osób ceniących sobie dostęp do usług i zieleni. Niedaleko znajdują się sklepy, punkty usługowe, parki i nadwarciańskie tereny rekreacyjne. Żabka - 250 metrów, Lidl - 600 metrów, Kaufland - 600 metrów, Przystanek Autobusowy ""Karpia"" - 300 metrów, Przystanek Tramwajowy ""os. Łokietka"" (linie 3 i 10) - 800 metrów. Właściciele na chwilę obecną nie przewidują współpracy z Biurem Obrotu Nieruchomościami.",,tak,aneks,plastikowe,własność,"Wyposażenie: piekarnik, zmywarka",52.446241,16.952086
Poznań Łazarz,ul. Jakuba Krauthofera,2,56,570000,10179.0,bez pośredników,,11,https://adresowo.pl/o/mieszkanie-poznan-lazarz-ul-jakuba-krauthofera-2-pokojowe-i4x1a9,https://s2.adresowa.pl/oi/4d/5f/3e781a_6c54_cover@2x-2-pokojowe-mieszkanie-poznan-lazarz-ul-jakuba-krauthofera.webp,Poznań Łazarz,Jakuba Krauthofera,1,2001.0,blok,,"Na sprzedaż oferuję 2-pokojowe mieszkanie zlokalizowane w Poznaniu przy ul. Krauthofera. Lokal znajduje się na 1. piętrze w kameralnym, 3-piętrowym budynku. Mieszkanie składa się z: - przestronnego salonu z w pełni wyposażonym aneksem kuchennym (lodówka, płyta grzewcza, piekarnik, zmywarka itp.), - dużej sypialni z łóżkiem 160 cm, meblami oraz klimatyzacją, - łazienki z prysznicem, umywalką, pralką i szafką, - funkcjonalnego korytarza. Dużym atutem mieszkania jest świetna lokalizacja — bardzo blisko centrum miasta. W pobliżu znajdują się przystanki komunikacji miejskiej, sklepy (Kaufland, Lidl, Żabka) oraz liczne punkty usługowe. Mieszkanie jest ekonomiczne w utrzymaniu — niski czynsz do wspólnoty oraz bardzo niskie koszty ogrzewania. Dodatkowym atutem jest klimatyzacja, która skutecznie chłodzi mieszkanie latem, a zimą może również służyć jako dodatkowe, tanie źródło ogrzewania. Wzdłuż ulicy dostępna jest bezpłatna strefa parkowania. Sprzedaż bez pośredników — jestem właścicielem mieszkania. Zapraszam do kontaktu i obejrzenia mieszkania na żywo.",,,aneks,,własność,"Wyposażenie: klimatyzacja, lodówka, piekarnik, zmywarka",52.386194,16.896329
Poznań Łazarz,ul. Lodowa,1,15,200000,13333.0,Pośrednik,,10,https://adresowo.pl/o/mieszkanie-poznan-lazarz-ul-lodowa-1-pokoj-m3f3x6,https://s2.adresowa.pl/oi/30/65/3e3ec6_b194_cover@2x-1-pokojowe-mieszkanie-poznan-lazarz-ul-lodowa.webp,Poznań Łazarz,Lodowa,parter,,blok,,"Kawalerka (15 m2) przy ul. Lodowej w Poznaniu z możliwością personalizacji wykończenia pod klucz! Mieszkanie wykończone pod Ciebie: KUP TERAZ - WYBIERZ STYL - ODBIERZ KLUCZE CO WIĘCEJ &gt; dostępne kilka mieszkań w tym budynku! Układ [załączony rzut]: • salon z an. kuchennym • łazienka [Na zdjęciach niektóre z przykładowych wykończeń] Za budynkiem mieścić się będzie parking naziemny! Nieruchomość znajduje w świetnej lokalizacji, ulica pełna zielonych drzew, niedaleko przystanki tramwajowe i ul. Głogowska, gdzie kupisz i załatwisz wszystko. Stan prawny: • Pełna własność z księgą wieczystą - możliwość zakupu na kredyt. Prace remontowe i modernizacyjne: • wymienione instalacje • nowa instalacja grzewcza; wspólna kotłownia, • doprowadzony światłowód, • monitoring, • ocieplenie, * obecnie trwają prace nad surowym stanem wnętrza i tyłu budynku. Po więcej informacji zapraszam do kontaktu: [numer] Joanna Smoleńska KD Nieruchomości.",,tak,,,własność,,52.389938,16.89655
Poznań Łazarz,ul. Lodowa,3,43,580000,13488.0,Pośrednik,,10,https://adresowo.pl/o/mieszkanie-poznan-lazarz-ul-lodowa-3-pokojowe-x3t1v2,https://s2.adresowa.pl/oi/7c/2d/3e3ec0_3c91_cover@2x-3-pokojowe-mieszkanie-poznan-lazarz-ul-lodowa.webp,Poznań Łazarz,Lodowa,1,2019.0,blok,,"3-pokojowe mieszkanie (44 m2) przy ul. Lodowej w Poznaniu z możliwością personalizacji wykończenia pod klucz! Mieszkanie wykończone pod Ciebie: KUP TERAZ - WYBIERZ STYL - ODBIERZ KLUCZE CO WIĘCEJ &gt; dostępne kilka mieszkań w tym budynku! Układ [załączony rzut]: • pokój I • pokój II • salon z an. kuchennym • łazienka • korytarz [Na zdjęciach niektóre z przykładowych wykończeń] Za budynkiem mieścić się będzie parking naziemny! Nieruchomość znajduje w świetnej lokalizacji, ulica pełna zielonych drzew, niedaleko przystanki tramwajowe i ul. Głogowska, gdzie kupisz i załatwisz wszystko. Stan prawny: • Pełna własność z księgą wieczystą - możliwość zakupu na kredyt. Prace remontowe i modernizacyjne: • wymienione instalacje • nowa instalacja grzewcza; wspólna kotłownia, • doprowadzony światłowód, • monitoring, • ocieplenie, * obecnie trwają prace nad surowym stanem wnętrza i tyłu budynku. Po więcej informacji zapraszam do kontaktu: [numer] Joanna Smoleńska KD Nieruchomości.",,tak,,,własność,,52.389938,16.89655
Poznań Grunwald,ul. Ognik,2,38,385000,10132.0,bez pośredników,,8,https://adresowo.pl/o/mieszkanie-poznan-grunwald-ul-ognik-2-pokojowe-x9s4b2,https://s2.adresowa.pl/oi/64/26/3e74aa_8bb9_cover@2x-2-pokojowe-mieszkanie-poznan-grunwald-ul-ognik.webp,Poznań Grunwald,Ognik,2,,blok,,"Na sprzedaż przytulne mieszkanie o powierzchni niespełna 38 m², położone na 2. piętrze przy ul. Ognik w Poznaniu. Lokal znajduje się w spokojnej, zielonej okolicy, z dogodnym dostępem do sklepów i punktów usługowych. Do mieszkania przynależy piwnica, stanowiąca dodatkową przestrzeń do przechowywania. Czynsz administracyjny wynosi około 500 zł miesięcznie. Forma własności: spółdzielcze prawo do lokalu z wydzieloną księgą wieczystą. Wolne od zaraz. Idealna propozycja zarówno do zamieszkania, jak i pod inwestycję.",tak,,,,,,52.4073,16.869538
Poznań Sołacz,ul. Nad Potokiem,1,26,320000,12308.0,bez pośredników,,8,https://adresowo.pl/o/mieszkanie-poznan-solacz-ul-nad-potokiem-1-pokoj-x3m4n8,https://s2.adresowa.pl/oi/3c/1e/3e727a_bd90_cover@2x-1-pokojowe-mieszkanie-poznan-solacz-ul-nad-potokiem.webp,Poznań Sołacz,Nad Potokiem,1,,blok,,"Na sprzedaż kawalerka o powierzchni 26,17 m² z balkonem i piwnicą, w niskim bloku na Sołaczu przy ulicy Nad potokiem. Mieszkanie znajduje się na 1. piętrze. Pokój z korytarzem to około 19 m², oddzielna kuchnia około 4 m². Do lokalu przynależy piwnica o powierzchni 3,29 m². Czynsz do spółdzielni wynosi około 500,00 zł. Ogrzewanie miejskie. Forma własności: spółdzielcze własnościowe prawo do lokalu z księgą wieczystą, brak obciążeń. Przed blokiem i w okolicy ogólnodostępne miejsca parkingowe, brak strefy płatnego parkowania. Okolica z pełną infrastrukturą, w pobliżu Uniwersytetu Przyrodniczego i Parku Sołackiego. Bardzo dobrze skomunikowane osiedle: - tramwaj: 9, 11 (około 3-4 minuty) - autobusy: [numer] (około 2 minuty) - PST Słowiańska (około 10 minut) Mieszkanie wymaga remontu lub odświeżenia zgodnie z własnymi potrzebami. Idealne jako inwestycja pod wynajem lub na start. Zapraszam do kontaktu. Ogłoszenie prywatne. Pośrednikom dziękuję.",tak,,osobna,,spółdzielcze własnościowe,,52.42614,16.908858
Poznań Rataje,os. Jagiellońskie,3,58,699000,12052.0,Pośrednik,,21,https://adresowo.pl/o/mieszkanie-poznan-rataje-os-jagiellonskie-3-pokojowe-r1m6j3,https://s2.adresowa.pl/oi/38/4a/3e2bb4_a27f_cover@2x-3-pokojowe-mieszkanie-poznan-rataje-os-jagiellonskie.webp,Poznań Rataje,os. Jagiellońskie,3,,blok,,"Zapraszamy do zapoznania się z ofertą sprzedaży przytulnego i wyjątkowo klimatycznego mieszkania o powierzchni 58,50 m², położonego na poznańskich Ratajach. To nieruchomość urządzona z wyczuciem, gustem i dbałością o detale, która już od progu daje poczucie ciepła oraz domowej atmosfery. Stonowana kolorystyka, funkcjonalny układ pomieszczeń oraz wysoka jakość wykończenia tworzą spójną i komfortową przestrzeń do codziennego życia. Najważniejsze atuty: • Wnętrze urządzone w klasycznym stylu • Stonowana i ciepła kolorystyka wnętrz • Funkcjonalny oraz unikatowy układ pomieszczeń • Mieszkanie umeblowane i gotowe do zamieszkania • Wysoka jakość wykonania i wykończenia • Bardzo dobra lokalizacja z dostępem do terenów zielonych • Piwnica oraz miejsce parkingowe na zamkniętym parkingu Mieszkanie składa się z: - Salonu, - Oddzielnej Kuchni, - Sypialni, - Pokoju, - Łazienki z Prysznicem i Wanną, - Przestronnego Przedpokoju. Budynek: Mieszkanie znajduje się w budynku z wielkiej płyty na poznańskich Ratajach — osiedlu cenionym za dużą ilość przestrzeni pomiędzy budynkami, prywatność oraz dostęp do terenów rekreacyjnych. Budownictwo z lat 70. wyróżnia się funkcjonalnymi układami mieszkań oraz wygodą codziennego użytkowania. W nieruchomości przeprowadzono szereg modernizacji, w tym wymianę instalacji wodno-kanalizacyjnej w 2021 roku, instalacji elektrycznej w 2022 roku oraz montaż nowych, 3-szybowych okien plastikowych w 2024 roku. Do mieszkania przynależy piwnica, a dodatkowym udogodnieniem jest możliwość korzystania z miejsca parkingowego na zamkniętym parkingu w cenie około 160 zł miesięcznie. Lokalizacja: Rataje to jedna z najlepiej skomunikowanych i najbardziej zielonych części Poznania. W najbliższej okolicy znajdują się liczne tereny spacerowe i rekreacyjne, takie jak Wartostrada, Jezioro Maltańskie, Nowe Zoo czy miejsca do uprawiania sportów wodnych. Lokalizacja zapewnia bardzo wygodny dojazd do centrum miasta zarówno komunikacją miejską, samochodem, jak i rowerem. Dodatkowym atutem jest szybki wyjazd na autostradę A2 oraz bliskość galerii handlowej Posnania i pełnej infrastruktury handlowo-usługowej. To idealna propozycja dla osób, które chcą połączyć komfort życia blisko natury z wygodą mieszkania w dobrze skomunikowanej części miasta. Zapraszamy do kontaktu w celu uzyskania dodatkowych informacji oraz umówienia prezentacji nieruchomości. Chętnie odpowiemy na wszystkie pytania i pokażemy mieszkanie na żywo, aby mogli Państwo poczuć jego wyjątkowy klimat oraz komfort codziennego użytkowania. TEKTON PROPERTY TO NAJLEPSZE BIURO NIERUCHOMOŚCI W POLSCE WG KONKURSU LIDER NIERUCHOMOŚCI OTODOM 2020. Znajdź nas w swoim mieście: Gdańsk, ul. Chmielna 10 - Warszawa, Plac Dąbrowskiego 1/311 - Kraków, ul. Józefitów 7/4 - Poznań, ul. Wojskowa 6/D6 - Łódź, ul. Zachodnia 70 pok. 223, Opole, Gen. Tadeusza Kościuszki 1, lok. 1C. Podejmując współpracę z przedstawicielami Tekton Property zyskujesz: - oszczędność czasu, - weryfikację dokumentów od strony formalno-prawnej, - wsparcie agenta na każdym etapie transakcji, - pomoc przy uzyskaniu kredytu hipotecznego w kilkunastu bankach, - wgląd do umów przed zawarciem aktu notarialnego u sprawdzonych Notariuszy, - własne analizy makroekonomiczne i raporty z prowadzonych działań, - dostęp do cen transakcyjnych z okolicy. Skontaktuj się z opiekunem oferty, a on poprowadzi Cię przez wszystkie etapy transakcji. Zapraszamy do współpracy! Niniejsze ogłoszenie nie stanowi oferty handlowej w rozumieniu przepisów art. 66 k.c., a przedstawione dane mają charakter informacyjny.",,tak,,,spółdzielcze własnościowe,,52.389387,16.948243
Poznań Śródka,ul. Andrzeja Łaskarza 2,2,48,539000,11229.0,Pośrednik,,19,https://adresowo.pl/o/mieszkanie-poznan-srodka-ul-andrzeja-laskarza-2-pokojowe-i5d9q2,https://s2.adresowa.pl/oi/44/52/3e1be2_78d7_cover@2x-2-pokojowe-mieszkanie-poznan-srodka-ul-andrzeja-laskarza.webp,Poznań Śródka,Andrzeja Łaskarza 2,5,1985.0,blok,,"Na sprzedaż funkcjonalne i zadbane mieszkanie o powierzchni 48,7 m², położone na 5. piętrze w 10-piętrowym budynku z dwiema nowoczesnymi, niedawno wymienionymi windami. Lokal jest cichy i bardzo dobrze doświetlony. Salon z wyjściem na loggię posiada ekspozycję zachodnią, natomiast sypialnia i kuchnia skierowane są na północ. Układ pomieszczeń - 48,7 m²: - przestronny salon - 21,6 m² z wyjściem na loggię o powierzchni 5 m² - sypialnia - 9,1 m² - osobna, jasna kuchnia z oknem - 6,3 m² - łazienka z wanną - 3,3 m² - osobne WC - 1,1 m² - korytarz z dużą zabudowaną szafą - 7,3 m² Do mieszkania przynależy również: - piwnica o powierzchni ok. 2 m² Dodatkowym atutem jest zamykany korytarz o powierzchni 8,6 m², dostępny wyłącznie dla dwóch mieszkań - idealny jako dodatkowa przestrzeń do przechowywania (powierzchnia nie jest wliczona do metrażu mieszkania). Mieszkanie stanowi pełną własność z założoną księgą wieczystą i sprzedawane jest bez jakichkolwiek obciążeń. Standard i wyposażenie Mieszkanie jest zadbane i gotowe do zamieszkania bez dodatkowych nakładów finansowych. W cenie pozostaje: - kuchnia w zabudowie wraz ze sprzętem AGD: - lodówka - piekarnik - płyta gazowa - okap - duża szafa typu Komandor z lustrem w korytarzu - Na podłogach znajdują się panele oraz płytki. Najważniejsze atuty nieruchomości - funkcjonalny i praktyczny układ pomieszczeń - osobna kuchnia z oknem - ustawne, jasne wnętrza - loggia - cicha i spokojna okolica - dwie szybkie, nowoczesne windy - mieszkanie gotowe do wprowadzenia - dodatkowa zamykana przestrzeń wspólna - ogólnodostępny parking pod budynkiem Koszty utrzymania Czynsz do Wspólnoty wynosi ok. 625 zł i obejmuje: - centralne ogrzewanie - ciepłą i zimną wodę - ścieki - wywóz śmieci - fundusz remontowy - koszty eksploatacyjne Lokalizacja Mieszkanie znajduje się w bardzo dobrze skomunikowanej i rozwiniętej części Poznania, zapewniającej wygodny dostęp do pełnej infrastruktury miejskiej. W najbliższej okolicy znajdują się: - sklepy spożywcze i markety - apteki i piekarnie - punkty usługowe i gastronomiczne - szkoły i przedszkola - obiekty sportowe i rekreacyjne Komunikacja W odległości kilku minut spacerem znajdują się przystanki tramwajowe i autobusowe, zapewniające szybki dojazd do centrum miasta oraz innych części Poznania. Zieleń i rekreacja W pobliżu znajdują się tereny zielone oraz miejsca spacerowe i rekreacyjne, idealne do aktywnego wypoczynku. Lokalizacja łączy wygodę życia w mieście z dostępem do zieleni i bardzo dobrą komunikacją, co czyni nieruchomość atrakcyjną zarówno dla osób szukających mieszkania dla siebie, jak i inwestorów poszukujących lokalu pod wynajem. Zapraszam do kontaktu oraz na prezentację nieruchomości.",tak,tak,osobna,drewniane,własność,"Wyposażenie: lodówka, piekarnik",52.41215,16.963372
Poznań Grunwald,ul. Grochowska,2,34,475000,13971.0,bez pośredników,,8,https://adresowo.pl/o/mieszkanie-poznan-grunwald-ul-grochowska-2-pokojowe-w8n5m9,https://s2.adresowa.pl/oi/33/3a/3e7252_48b9_cover@2x-2-pokojowe-mieszkanie-poznan-grunwald-ul-grochowska.webp,Poznań Grunwald,Grochowska,3,,blok,,"Do sprzedania bardzo atrakcyjne mieszkanie, znajdujące się w Poznaniu na Grunwaldzie przy ul. Grochowskiej 141. Nowocześnie zaaranżowane, przytulne i komfortowe wnętrze. Mieszkanie o powierzchni 34m², III piętro, 2 pokojowe: - salon z aneksem kuchennym - 21m²; - sypialnia - 6m²; - łazienka - 3,9m²; - korytarz - 4,9m²; - przestronny balkon - 5,6m długości. Lokal wyposażony jest w nowy sprzęt AGD (lodówka, zmywarka, płyta indukcyjna, piekarnik oraz pralka). Na korytarzu znajduje się zabudowana szafa typu komandor. Łazienka w pełni wyposażona. Doskonała lokalizacja - bezpośredni dojazd do Centrum miasta, Dworca PKP (12min) oraz m.in. Uniwersytetu Medycznego i Uniwersytetu Ekonomicznego (15min). W bezpośrednim sąsiedztwie, 1 minuta drogi, znajdują się przystanki linii autobusowych: [numer]0, 82, 91. Pętla tramwajowa Ogrody, z której odjeżdżają tramwaje linii 2, 7, 17, 18 znajduje się ok 6 minut drogi od mieszkania. W pobliżu C.H. King Cross Marcelin, Rynek Świt, lotnisko Ławica, szkoły i przedszkola. W niedalekim sąsiedztwie znajduje się jezioro Rusałka i Lasek Marceliński. Opłaty wynoszą 600zł czynszu administracyjnego (ogrzewanie, woda ciepła, woda zimna, ścieki, śmieci)+prąd. Klatka schodowa przeszła pierwszy etap remontu. Kolejny zaplanowany jest na przyszły rok. W przypadku kontaktu biura nieruchomości informuję, iż jestem skłonny nawiązać współpracę tylko i wyłącznie na zasadach pobrania przez Państwa prowizji od kupującego. Zapraszamy do oglądania!",,,aneks,,,"Wyposażenie: lodówka, piekarnik, pralka, zmywarka",52.410936,16.876233
Poznań Grunwald,ul. Promienista,4,66,586293,8883.0,bez pośredników,,18,https://adresowo.pl/o/mieszkanie-poznan-grunwald-ul-promienista-4-pokojowe-i4p8k7,https://s2.adresowa.pl/oi/3f/57/3e7214_b317_cover@2x-4-pokojowe-mieszkanie-poznan-grunwald-ul-promienista.webp,Poznań Grunwald,Promienista,8,1978.0,blok,,"Na sprzedaż mieszkanie o powierzchni 66,70 m², położone w dzielnicy Grunwald w Poznaniu na Osiedlu Kopernika. Lokal znajduje się na 8. piętrze w bloku z windą, z pięknym widokiem na panoramę miasta. Mieszkanie składa się z: - salonu z wyjściem na balkon, - trzech oddzielnych pokoi, - kuchni, - łazienki z oddzielną toaletą, - przedpokoju. Dodatkowo do mieszkania przynależy piwnica. Świeża, czysta klatka schodowa, nowe windy. Atuty nieruchomości: - atrakcyjna lokalizacja, - bardzo dobra komunikacja, w pobliżu przystanki autobusowe/tramwajowe, - funkcjonalny układ pokoi, możliwość własnej aranżacji, - ogólnodostępny parking pod blokiem, - mieszkanie idealne pod inwestycję, - w pobliżu znajdują się sklepy, placówki edukacyjne, place zabaw, tereny rekreacyjne, park. Zapraszam do kontaktu.",tak,,osobna,drewniane,,,52.390847,16.875168
Poznań Łazarz,ul. Lodowa,3,45,580000,12889.0,Pośrednik,,7,https://adresowo.pl/o/mieszkanie-poznan-lazarz-ul-lodowa-3-pokojowe-k9n0o3,https://s2.adresowa.pl/oi/54/23/3e145e_cb8a_cover@2x-3-pokojowe-mieszkanie-poznan-lazarz-ul-lodowa.webp,Poznań Łazarz,Lodowa,2,1923.0,kamienica,,"Zapraszamy do zapoznania się z ofertą sprzedaży mieszkania po kapitalnym remoncie, położonego w kameralnym dwupiętrowym domu na poznańskim Łazarzu przy ul. Lodowej. Lokal o powierzchni 45,69m² stanowi doskonałą propozycję zarówno do zamieszkania, jak i pod wynajem. To miejsce dla osób, które cenią klimat urokliwych uliczek, centralną lokalizację oraz wygodny dostęp do miejskiej infrastruktury. Najważniejsze atuty: • Mieszkanie po kapitalnym remoncie. • Funkcjonalny układ z dwoma oddzielnymi sypialniami. • Ogrzewanie centralne. • Pełna własność z księgą wieczystą. • Świetna lokalizacja na Łazarzu. • Niski czynsz administracyjny. Mieszkanie składa się z: - Pokoju z aneksem kuchennym, - 2 Sypialni, - Łazienki. - Przedpokoju Budynek: W budynku przeprowadzanych jest obecnie szereg prac modernizacyjnych, Odnowiona zostanie klatka schodowa, co znacząco poprawi estetykę części wspólnych budynku oraz komfort codziennego użytkowania mieszkańców. Budynek posiadać będzie światłowód oraz monitoring. Lokalizacja: Łazarz to jedna z najbardziej klimatycznych dzielnic Poznania, ceniona za bliskość centrum i rozwiniętą infrastrukturę. Budynek znajduje się przy klimatycznej, cichej ulicy z odległości 150 m znajduje sie przystanek tramwajowy Głogowska/Hetmańska, co zapewnia świetną komunikację. Niedaleko znajdują się tereny zielone doskonałe na spacery z pupilem lub na jogging. Lokalizacja zapewnia szybki wyjazd z miasta na obwodnicę węzłem Komorniki. Opłaty: Czynsz administracyjny wynosi około 600 zł miesięcznie, jednak jego dokładny zakres może się różnić w zależności od zużycia oraz składników opłat. Szczegółowe informacje dotyczące składników czynszu oraz sposobu rozliczeń zostaną przekazane podczas kontaktu lub prezentacji nieruchomości. Nieruchomość jest w trakcie przygotowania i będzie dostępna w czerwcu 2026 r. Zapraszamy do kontaktu w celu uzyskania dodatkowych informacji oraz umówienia się na prezentację mieszkania. Chętnie odpowiemy na wszystkie pytania i przedstawimy szczegóły dotyczące oferty. TEKTON PROPERTY TO NAJLEPSZE BIURO NIERUCHOMOŚCI W POLSCE WG KONKURSU LIDER NIERUCHOMOŚCI OTODOM 2020. Znajdź nas w swoim mieście: Gdańsk, ul. Chmielna 10 - Warszawa, Plac Dąbrowskiego 1/311 - Kraków, ul. Józefitów 7/4 - Poznań, ul. Wojskowa 6/D6 - Łódź, ul. Zachodnia 70 pok. 223, Opole, Gen. Tadeusza Kościuszki 1, lok. 1C. Podejmując współpracę z przedstawicielami Tekton Property zyskujesz: - oszczędność czasu, - weryfikację dokumentów od strony formalno-prawnej, - wsparcie agenta na każdym etapie transakcji, - pomoc przy uzyskaniu kredytu hipotecznego w kilkunastu bankach, - wgląd do umów przed zawarciem aktu notarialnego u sprawdzonych Notariuszy, - własne analizy makroekonomiczne i raporty z prowadzonych działań, - dostęp do cen transakcyjnych z okolicy. Skontaktuj się z opiekunem oferty, a on poprowadzi Cię przez wszystkie etapy transakcji. Zapraszamy do współpracy! Niniejsze ogłoszenie nie stanowi oferty handlowej w rozumieniu przepisów art. 66 k.c., a przedstawione dane mają charakter informacyjny.",,,,,własność,,52.39391,16.90536
Poznań Grunwald,ul. Grochowska 38,2,57,485000,8509.0,Pośrednik,,10,https://adresowo.pl/o/mieszkanie-poznan-grunwald-ul-grochowska-2-pokojowe-a6y3f1,https://s2.adresowa.pl/oi/35/67/3e144c_bdf8_cover@2x-2-pokojowe-mieszkanie-poznan-grunwald-ul-grochowska.webp,Poznań Grunwald,Grochowska 38,4,1959.0,blok,,"Oferta dostępna wyłącznie u mnie! Kupujący nie płaci prowizji - wynagrodzenie doradcy pokrywa sprzedający! Polecam ofertę dwupokojowego mieszkania położonego w Poznaniu, na Grunwaldzie przy ulicy Grochowskiej 38. Nieruchomość o pow. 57,10 m² to świetna propozycja dla osób poszukujących przestrzeni z potencjałem aranżacyjnym. Stan do remontu oznacza atrakcyjniejszą cenę ofertową oraz możliwość urządzenia wnętrza w pełni według własnych potrzeb i stylu. Na uwagę zasługuje komfortowy układ mieszkania - to duże mieszkanie dwupokojowe z przestronnymi, ustawnymi pokojami, jasną i oddzielną kuchnią oraz korytarzem z miejscem na pojemną szafę w zabudowie, co przekłada się na wysoki komfort codziennego użytkowania. Zaledwie 15 minut samochodem do ścisłego centrum Poznania, a dla korzystających z komunikacji miejskiej w najbliższym otoczeniu znajduje się kilka przystanków autobusowych i tramwajowych, co zapewnia szybkie, wygodne dojazdy o każdej porze dnia. W najbliższej okolicy znajdziesz wszystkie niezbędne udogodnienia do codziennego życia - szkoły i przedszkola, sklepy, apteki oraz punkty usługowe, a także tereny rekreacyjne i parki. To idealne miejsce dla osób, które cenią wygodę, oszczędność czasu i dobrze zorganizowaną przestrzeń miejską. Opis lokalu Mieszkanie składa się z: • salonu - ok. 21,3 m2; • oddzielnej, jasnej kuchni - ok 9,4 m2; • sypialni - ok. 16,5 m2; • łazienki - ok. 3,1 m2; • korytarza - ok. 6,5 m2. Do lokalu przynależy: • piwnica o pow. 4,60 m2. Układ mieszkania: salon z sypialnią i jasną, oddzielną kuchnią. Piętro: 4 w niskim (4-piętrowym) bloku. Ogrzewanie: z sieci miejskiej. Ciepła woda: z sieci miejskiej. Wystawa okien: północno (sypialnia) - wschodnia (salon i kuchnia). Wysokość opłat administracyjnych: 928,73 zł (z zaliczkami m.in. na ogrzewanie, wodę i fundusz remontowy). Standard wykończenia • podłogi - parkiet (pokoje), wykładzina (kuchnia) oraz płytki (łazienka); • ściany - gładź (pokoje), tapeta (kuchnia i korytarz) oraz płytki (łazienka); • okna - PCV; • łazienka - z wanną. Oferta obejmuje wyposażenie widoczne na zdjęciach. Blok z cegły, wybudowany w 1959 roku. Wokół budynku znajdują się darmowe miejsca postojowe. Budynek sukcesywnie odświeżany. W ostatnich latach przeprowadzono remont instalacji odgromowej (2025), wymianę rur wywiewnych w pionach kanalizacyjnych (2019) oraz modernizację instalacji elektrycznej (2016). W kolejnych planowane są remonty klatki schodowej i elewacji. Opis lokalizacji W bliskiej odległości znajdziemy: • przedszkole - 300 m; • szkoła podstawowa - 550 m; • szkoła średnia - 800 m; • basen - 850 m; • fitness - 950 m; • siłownia - 1,3 km; • apteka - 260 m; • poczta - 500 m; • paczkomat - 270 m; • sklep spożywczy - 300 m; • Biedronka - 650 m; • plac zabaw - 110 m; • Park Manitiusa - 850 m; • Park Jana Kasprowicza - 1,9 km. Komunikacja • dojazd autem do ścisłego centrum Poznania zajmuje 15 minut; • linie autobusowe: 169 i 182 przystanek Grochowska w odległości 100 m; • linie autobusowe nocne: 214 i 224 przystanek Grochowska w odległości 220 m; • linie autobusowe: 145 i 169 przystanek Marcelińska w odległości 600 m; • linie tramwajowe: 1, 6, 13 i 15 przystanek Grochowska w odległości 210 m. Forma własności pełna własność z księgą wieczystą Cena 485.000 zł Oferta dostępna również dla osób kupujących na kredyt - zapewniam kompleksowe, sprawne i skuteczne wsparcie na każdym etapie procesu finansowania zakupu nieruchomości. Serdecznie zapraszam na prezentację! Informacja dla pośredników - współpracuję przy każdej ofercie.",,,,,własność,,52.399698,16.87666
Poznań Grunwald,ul. Jeleniogórska,3,60,1050000,17500.0,bez pośredników,,16,https://adresowo.pl/o/mieszkanie-poznan-grunwald-ul-jeleniogorska-3-pokojowe-z1x6o8,https://s2.adresowa.pl/oi/31/11/3e71ea_3147_cover@2x-3-pokojowe-mieszkanie-poznan-grunwald-ul-jeleniogorska.webp,Poznań Grunwald,Jeleniogórska,parter,2021.0,blok,,"Na sprzedaż słoneczne, narożnikowe mieszkanie o powierzchni 60,34 m², zlokalizowane na parterze nowoczesnego budynku firmy Jakon z 2021 roku przy ul. Jeleniogórskiej 6A/1. Nieruchomość łączy zalety domu z bezpieczeństwem i wygodą mieszkania na nowoczesnym osiedlu. Mieszkanie wykończone z dbałością o każdy detal, w wysokim standardzie — gotowe do wprowadzenia od zaraz, bez konieczności dodatkowych nakładów. Sprzedaż bezpośrednia - bez prowizji. PRYWATNA OAZA - ogród 150 m² + taras Unikatowy, narożnikowy ogród o powierzchni 150 m² z wyłącznym prawem korzystania. - Taras z bezpośrednim wyjściem z salonu - idealny na poranną kawę i wieczorny odpoczynek - Gotowy plac zabaw - domek ze zjeżdżalnią, huśtawki i piaskownica w cenie - Roślinność - liczne nasady tworzące naturalną barierę i zapewniające prywatność - Przestrzeń - bez trudu mieści trampolinę i komplet mebli ogrodowych - Idealne dla psa - brak schodów do pokonania, bezpieczne ogrodzenie - Przyłącza zewnętrzne - wyprowadzone gniazdko elektryczne oraz punkt poboru wody WNĘTRZE I STANDARD - 60,34 m² (metraż poinwentaryzacyjny) Mieszkanie narożnikowe z ekspozycją na południowy wschód i zachód - doskonale doświetlone przez cały dzień. Parter z podwyższonymi sufitami 2,75 m. - Salon z aneksem kuchennym (24,54 m²) - przestronny i ustawny - Dwie sypialnie: 10,13 m² oraz 8,07 m² - Łazienka (4,93 m²) i korytarz (12,67 m²) - funkcjonalne i przestronne - Podłogi: wysokiej jakości panele laminowane - W cenie: cała zabudowa stała (kuchnia, łazienka, korytarz) oraz szafy PAX w sypialniach WYPOSAŻENIE I INSTALACJE - Klimatyzacja (sypialnia) - Elektryczne rolety zewnętrzne we wszystkich oknach (dostępne wyłącznie na parterze i ostatnim piętrze budynku) - Wewnętrzne żaluzje harmonijkowe - Ogrzewanie miejskie LOKALIZACJA - Budynek osłonięty od ul. Grunwaldzkiej - osiedle zamknięte i monitorowane - 3 minuty do przystanku tramwajowego (szybki dojazd do centrum) - 10 minut spacerem do Lasku Marcelińskiego DODATKOWO PŁATNE - Miejsce postojowe w hali garażowej - 60 000 zł - Komórka lokatorska 3,75 m² (4 metry wysokości) - 25 000 zł *Ostatnie zdjęcie pokazuje ogród w pełni rozkwitu (sierpień 2025). Niniejsze ogłoszenie ma charakter informacyjny i nie stanowi oferty handlowej w rozumieniu art. 66 Kodeksu Cywilnego.",tak,tak,aneks,plastikowe,własność,Wyposażenie: klimatyzacja,52.390276,16.850399
Poznań Jeżyce,ul. Jana Henryka Dąbrowskiego,2,44,484000,11000.0,bez pośredników,,9,https://adresowo.pl/o/mieszkanie-poznan-jezyce-ul-jana-henryka-dabrowskiego-2-pokojowe-r6p7q2,https://s2.adresowa.pl/oi/50/52/3e7134_3d58_cover@2x-2-pokojowe-mieszkanie-poznan-jezyce-ul-jana-henryka-dabrowskiego.webp,Poznań Jeżyce,Jana Henryka Dąbrowskiego,5,1956.0,blok,,"Oferuję na sprzedaż przytulne mieszkanie o powierzchni 44 m². Mieszkanie znajduje się na 5. piętrze pięciopiętrowego bloku z cegły wybudowanego w 1956 roku. Jest w stanie do zamieszkania, co pozwala na szybkie wprowadzenie się. Nieruchomość posiada: - pełną własność - piwnicę - miejskie ogrzewanie - plastikowe okna - domofon - wyposażenie w meble oraz sprzęt AGD (pralka, zmywarka, lodówka, kuchenka, piekarnik). Czynsz wynosi 680 PLN, a dostępne media to internet oraz telewizja kablowa. Mieszkanie będzie dostępne od 1 czerwca 2026 roku. Więcej informacji udzielę telefonicznie.",tak,,,plastikowe,własność,"Wyposażenie: internet, kuchenka, lodówka, piekarnik, pralka, zmywarka",52.425677,16.860445
Poznań Komandoria,ul. Piotra Tomickiego,2,44,529000,12023.0,Pośrednik,,16,https://adresowo.pl/o/mieszkanie-poznan-komandoria-ul-piotra-tomickiego-2-pokojowe-s3h1r2,https://s2.adresowa.pl/oi/32/69/3e10b2_8944_cover@2x-2-pokojowe-mieszkanie-poznan-komandoria-ul-piotra-tomickiego.webp,Poznań Komandoria,Piotra Tomickiego,2,1950.0,blok,,"Poranna kawa nad Maltą, spacery nad Jeziorem i centrum kilka minut od domu — brzmi dobrze? Zapraszam do zapoznania się z ofertą wyjątkowej, klimatycznej nieruchomości o powierzchni 44,70m2 położonej w Poznaniu przy ul Piotra Tomickiego. Informacje o nieruchomości: Lokal mieści się na drugim piętrze w zadbanym i kameralnym bloku. Takie rozwiązanie gwarantuje Ci ciszę i spokój. Dodatkowo do nieruchomości przynależy piwnica, co daje mnóstwo dodatkowej przestrzeni do przechowywania. Wokół osiedla są dostępne bezpłatne miejsca parkingowe. W skład nieruchomości o powierzchni 44,70m2 wchodzi: - osobna kuchnia - salon - sypialnia - łazienka z prysznicem - przedpokój Czynsz do wspólnoty 700 zł a w nim: zaliczka na wodę, ogrzewanie, śmieci, fundusz remontowy. Media według zużycia. Standard wykończenia: Nieruchomość sprawdzi się pod wynajem oraz jako swoje 1 wymarzone M. Przestronny, doskonale doświetlony salon stanowi centralną część mieszkania i zachwyca swoją funkcjonalnością oraz eleganckim charakterem. Duże okna zapewniają naturalne światło przez cały dzień, podkreślając przestrzeń i wyjątkowy klimat wnętrza.. Układ pokoju pozwala na wygodne wydzielenie strefy wypoczynkowej oraz jadalnianej. Przytulna i ustawna sypialnia gwarantuje komfort oraz spokojny odpoczynek. Pomieszczenie jest bardzo ustawne, dzięki czemu tworzy funkcjonalną przestrzeń na łóżko, szafę oraz dodatkowe meble. Funkcjonalna i nowoczesna kuchnia została zaprojektowana z myślą o wygodzie codziennego użytkowania. Jasne, białe meble nadają wnętrzu elegancki i ponadczasowy charakter, a jednocześnie optycznie powiększają przestrzeń. Przemyślany układ zabudowy zapewnia dużą ilość miejsca do przechowywania oraz komfort podczas przygotowywania posiłków. Kuchnia jest w pełni wyposażona we wszystkie niezbędne sprzęty AGD. Łazienka z prysznicem utrzymana w jasnej kolorystyce to przestrzeń pełna świeżości i harmonii. Jasne płytki optycznie powiększają wnętrze, nadając mu lekkości i elegancji. Prysznic doskonale wpisuje się w minimalistyczny charakter takiej aranżacji. Dodatkową zaletą nieruchomości jest rozkładowy przedpokoju, z którego wchodzimy bezpośrednio do każdego z pomieszczeń. Lokalizacja: Komandoria to spokojna część prawobrzeżnego Poznania położona między Śródką, Jeziorem Maltańskim i ulicą Warszawską. To jedna z najbardziej atrakcyjnych i prestiżowych lokalizacji w Poznaniu — idealna dla osób ceniących komfort życia, bliskość natury oraz szybki dostęp do centrum miasta. Jej położenie oferuje unikalne połączenie miejskiej energii z codziennym spokojem. To miejsce stworzone dla aktywnych — w kilka minut można dotrzeć na tereny spacerowe, rowerowe i rekreacyjne wokół Malty, korzystać z licznych atrakcji sportowych i terenów zielonych, a jednocześnie cieszyć się doskonałą komunikacją z centrum Poznania. Okolica wyróżnia się nowoczesną zabudową, kameralnym charakterem oraz rosnącą wartością nieruchomości, dzięki czemu Komandoria jest doskonałym wyborem zarówno do zamieszkania, jak i jako inwestycja na przyszłość. Najważniejsze atuty lokalizacji: - bezpośrednie sąsiedztwo Jeziora Maltańskiego, - szybki dojazd do centrum i bardzo dobra komunikacja, - bliskość restauracji, kawiarni i klimatycznej Śródki, - dużo zieleni i terenów rekreacyjnych, - spokojna, nowoczesna i prestiżowa okolica, - jedna z najbardziej perspektywicznych części Poznania. Komandoria to miejsce, które pozwala cieszyć się wysoką jakością życia każdego dnia — w harmonii między miastem a naturą. Nasze Biuro Pośrednictwa Nieruchomości, towarzyszy państwu w całym procesie transakcji, współpracujemy z Biurem Notarialnym oraz Finansistą, pomagamy w uzyskaniu najkorzystniejszych warunków kredytu hipotecznego. Serdecznie zapraszam na prezentację! Katarzyna Szaj",tak,,,plastikowe,,,52.41122,16.961352
Poznań Łazarz,ul. Kolejowa,2,32,475000,14844.0,Pośrednik,,13,https://adresowo.pl/o/mieszkanie-poznan-lazarz-ul-kolejowa-2-pokojowe-s6k8r1,https://s2.adresowa.pl/oi/42/69/3dfd1c_9577_cover@2x-2-pokojowe-mieszkanie-poznan-lazarz-ul-kolejowa.webp,Poznań Łazarz,Kolejowa,1,,kamienica,,"Na sprzedaż 2-pokojowe mieszkanie przy ul. Kolejowej, Łazarz. 475 000 PLN 32,53 m2 wysoki parter, piętro 1./4, *dostępne są również inne mieszkania w tym budynku* Mieszkanie po generalnym remoncie, wykończone pod klucz, nowoczesny styl, jasne wnętrza, funkcjonalny układ oraz duży potencjał aranżacyjny. Układ [załączony rzut]: • salon z an. kuchennym 22,11 m2 (lodówka, zmywarka, piekarnik, płyta indukcyjna, okap) • pokój 6,29 m2 • łazienka 4,13 m2 (prysznic, WC) Stan prawny i opłaty: • Pełna własność z księgą wieczystą - możliwość zakupu na kredyt; • Czynsz administracyjny: ok. 350 PLN + media płatne według zużycia. Prace remontowe i modernizacyjne: - wymieniona instalacja wod-kan i elektryczna, - nowa instalacja grzewcza; wspólna kotłownia, - przeprowadzony remont elewacji frontowej, - nowe drzwi wejściowe do lokali i okna PCV, - doprowadzony światłowód, - monitoring, *obecnie trwa renowacja klatki schodowej i elewacji tylnej budynku. Oferujemy bezpłatną pomoc w uzyskaniu kredytu.",,,,,,"Wyposażenie: lodówka, piekarnik, zmywarka",52.393719,16.905268
Poznań Kobyle Pole,ul. Folwarczna,2,44,195000,4432.0,bez pośredników,,17,https://adresowo.pl/o/mieszkanie-poznan-kobyle-pole-ul-folwarczna-2-pokojowe-w1t2s9,https://s2.adresowa.pl/oi/7c/55/3e700a_c385_cover@2x-2-pokojowe-mieszkanie-poznan-kobyle-pole-ul-folwarczna.webp,Poznań Kobyle Pole,Folwarczna,5,2004.0,blok,,"2 pokoje | 44,8 m² | osobna kuchnia | balkon | winda | spokojna okolica – Poznań (Franowo), ul. Folwarczna (TBS) Odstąpię partycypację mieszkania TBS zlokalizowanego w Poznaniu (na Franowie) przy ul. Folwarcznej. Mieszkanie wolne od zaraz. Czynsz wynosi ok. 1100 zł za 3 osoby (z zaliczkami za wodę i ogrzewanie). Mieszkanie Lokal o powierzchni 44,8 m², położony na V (przedostatnim) piętrze w bloku z 2004 r. Mieszkanie jest jasne, ustawne i funkcjonalne, składa się z: • salonu – 17,6 m², • sypialni – 8,5 m², • osobnej kuchni – 7,7 m², • łazienki – 4,1 m², • przedpokoju – 6,8 m², • słonecznego balkonu. Do mieszkania przynależy piwnica. Lokal został odświeżony (malowanie na biało). W cenie pozostaje: • bardzo pojemna zabudowa kuchenna na wymiar, • 2 pojemne szafy typu Komandor z drzwiami przesuwnymi, • 2 pawlacze. Budynek i osiedle • blok wyposażony w 2 windy, • dodatkowa (trzecia) winda łącząca poziom chodnika z wysokim parterem (to duże ułatwienie dla rodzin z dziećmi i osób starszych), • miejsca parkingowe przy budynku oraz 2 dodatkowe parkingi na osiedlu. Lokalizacja Cicha i spokojna okolica z bardzo dużą ilością zieleni – w bezpośrednim sąsiedztwie rozległe tereny spacerowe i rowerowe (m.in. Staw Olszak, Staw Browarny, okolice Jeziora Maltańskiego i Nowego Zoo). W pobliżu: • sklepy i usługi (m.in. Biedronka, Lidl, M1, Ikea, Obi, Park Handlowy Franowo oraz punkty na osiedlu: m.in. sklepik osiedlowy, 2 Żabki, apteka, placówka pocztowa, piekarnia, kwiaciarnia, warzywniak, kilka salonów fryzjerskich, pizzeria, szkoła językowa, liczne paczkomaty); • placówki edukacyjne (publiczne: Szkoła Podstawowa nr 55, do której dojście nie wymaga od dziecka przejścia przez ulicę, Przedszkole nr 68; prywatne: przedszkole dwujęzyczne Montessori oraz polsko-angielska szkoła podstawowe przy ul. Piwnej i żłobek Maya przy ul. Borsuczej); • placówki ochrony zdrowia (szpital przy ul. Szwajcarskiej z nocną i weekendową opieką medyczną oraz prywatny gabinet dentystyczny i 2 prywatne gabinety fizjoterapeutyczne); • prężnie działające: Dom Kultury AZK (otwarty jesienią 2025 r.) i centrum inicjatyw lokalnych SCIL Kobylepolski Fyrtel; • place zabaw, boiska, ścieżki rowerowe, dojo karate, studio jogi, siłownia zewnętrzna, strefa street workoutu. Komunikacja • przystanki autobusowe w odległości 2 minut (przystanek Folwarczna – linie dzienne 425 i 166 oraz nocna 222) i 7 minut pieszo (przystanek os. Przemysława – linie dzienne 152 i 157); • szybki dojazd komunikacją miejską do pętli tramwajowej Franowo (odległość 1 przystanku autobusowego lub 15 minut spacerem), a także do Ronda Rataje i Ronda Środka; • wygodny wyjazd na A2, S11 i DK92; • stacja kolei miejskiej w rejonie Franowa (w trakcie budowy). Warunki Odstępne: 195 000 zł Kwota obejmuje partycypację, która w całości przechodzi na nabywcę. Zapraszam do kontaktu i obejrzenia mieszkania.",tak,tak,osobna,plastikowe,,,52.38914,17.007296
Poznań Jeżyce,ul. Polna,2,42,639500,15226.0,bez pośredników,,10,https://adresowo.pl/o/mieszkanie-poznan-jezyce-ul-polna-2-pokojowe-s1t9j5,https://s2.adresowa.pl/oi/6f/55/3e6fce_a7cb_cover@2x-2-pokojowe-mieszkanie-poznan-jezyce-ul-polna.webp,Poznań Jeżyce,Polna,1,1920.0,kamienica,,"Pośrednikom oraz agencjom nieruchomości dziękuję. Nie jestem zainteresowana współpracą. Na sprzedaż jasne i ciche mieszkanie o powierzchni 42,3 m², położone na 1. piętrze zadbanej kamienicy przy ul. Polnej 1 na poznańskich Jeżycach. Mieszkanie składa się z dwóch niezależnych i ustawnych pokoi o zbliżonej wielkości, osobnej jasnej kuchni, łazienki oraz korytarza. Lokal jest bardzo dobrze doświetlony dzięki dużym oknom i wysokim sufitom. Okna wychodzą na spokojne podwórze, co zapewnia ciszę mimo centralnej lokalizacji. Mieszkanie jest gotowe do zamieszkania: - nowa kuchnia wykonana w 2023 roku, - odświeżona łazienka z nowym prysznicem, - wymienione instalacje (ok. 11 lat temu), - ogrzewanie gazowe - piec dwufunkcyjny, - niski czynsz administracyjny - 230 zł przy 2 osobach. Pełna własność z księgą wieczystą. Kamienica jest zadbana, a wspólnota planuje odmalowanie klatki schodowej. Lokalizacja należy do najbardziej pożądanych części Jeżyc. W pobliżu znajdują się klimatyczne kawiarnie, restauracje, sklepy, uczelnie wyższe oraz świetna komunikacja z centrum miasta. Mieszkanie idealne zarówno do zamieszkania, jak i jako inwestycja pod wynajem.",,,osobna,plastikowe,własność,,52.413703,16.897549
Poznań Winogrady,al. Pod Lipami,3,44,449000,10205.0,Pośrednik,,7,https://adresowo.pl/o/mieszkanie-poznan-winogrady-al-pod-lipami-3-pokojowe-e6n6o7,https://s2.adresowa.pl/oi/30/7a/3df11a_89a4_cover@2x-3-pokojowe-mieszkanie-poznan-winogrady-al-pod-lipami.webp,Poznań Winogrady,Pod Lipami,4,,blok,,"Szukasz mieszkania w komfortowym i funkcjonalnym układzie pomieszczeń? Zależy Ci na spokojnej okolicy, a jednocześnie szybkim dostępie do centrum Poznania? Zapraszam do zapoznania się z ofertą 3-pokojowego mieszkania o powierzchni 44 m², zlokalizowanego w Poznaniu na Winogradach – osiedle Pod Lipami. Mieszkanie znajduje się w zadbanym bloku na osiedlu z pełną infrastrukturą. Lokal wolny od zaraz, idealny zarówno dla rodziny, pary, jak i pod inwestycję na wynajem. Informacje o nieruchomości: Na powierzchnię 44 m² składają się: - salon - dwie sypialnie - kuchnia - łazienka - korytarz Mieszkanie funkcjonalne i ustawne. Układ pomieszczeń pozwala na wygodne zagospodarowanie przestrzeni zarówno do codziennego życia, jak i pod wynajem. Opłaty: - czynsz administracyjny: 850 zł - media według zużycia Lokalizacja: Winogrady to jedna z najbardziej cenionych dzielnic Poznania. W okolicy liczne tereny zielone, ok 10 minut pieszo do Parku Szelągowskiego i Cytadeli, a jednocześnie pełna infrastruktura miejska: sklepy, punkty usługowe, szkoły, przedszkola oraz placówki medyczne. Doskonała komunikacja z centrum miasta, szybki dojazd tramwajem i autobusem. Nasze Biuro Pośrednictwa Nieruchomości zapewnia państwu kompleksową usługę i towarzyszy państwu w całym procesie transakcji, współpracujemy z Biurem Notarialnym oraz Finansistą, pomagamy w uzyskaniu najkorzystniejszych warunków kredytu hipotecznego. Zadzwoń i umów się na prezentację! [numer] Julia Jazienicka",,,,,własność,,52.43549,16.93072
Poznań,Winogrady,3,44,499000,11341.0,Pośrednik,,5,https://adresowo.pl/o/mieszkanie-poznan-winogrady-3-pokojowe-44-m2-y9f1z2,https://s2.adresowa.pl/oi/5b/46/3df0ee_2a51_cover@2x-3-pokojowe-mieszkanie-poznan-winogrady.webp,Poznań Winogrady,,3,1973.0,blok,,"Szukasz mieszkania w dobrze skomunikowanej części Poznania, z dostępem do zieleni i pełnej infrastruktury miejskiej? Przedstawiam ofertę 3-pokojowego mieszkania o powierzchni 44 m², położonego na Winogradach. Lokal usytuowany jest na 3 piętrze niskiego, zadbanego bloku. Mieszkanie jest dostępne od ręki i doskonale sprawdzi się zarówno jako miejsce do zamieszkania, jak i jako inwestycja pod wynajem. Układ mieszkania: Powierzchnia 44 m² obejmuje: - salon - dwa oddzielne pokoje - kuchnię - łazienkę - przedpokój Mieszkanie o funkcjonalnym rozkładzie, dającym wiele możliwości aranżacyjnych. Okna PCV zapewniają odpowiednie doświetlenie wnętrz. Koszty: - czynsz administracyjny: 720 zł - dodatkowo media według zużycia Lokalizacja: Winogrady to jedna z najbardziej lubianych części Poznania. W bezpośrednim sąsiedztwie znajdują się tereny zielone, parki, sklepy, punkty usługowe, szkoły i przedszkola. Atutem lokalizacji jest bardzo dobra komunikacja z centrum Poznania, liczne linie tramwajowe i autobusowe umożliwiają szybki dojazd do każdej części miasta. Nasze Biuro Pośrednictwa Nieruchomości zapewnia państwu kompleksową usługę i towarzyszy państwu w całym procesie transakcji, współpracujemy z Biurem Notarialnym oraz Finansistą, pomagamy w uzyskaniu najkorzystniejszych warunków kredytu hipotecznego. Zadzwoń i umów się na prezentację! [numer] Julia Jazienicka",,,,,spółdzielcze własnościowe,,52.43549,16.93072
Poznań Grunwald,ul. Smardzewska,2,47,580000,12340.0,bez pośredników,,19,https://adresowo.pl/o/mieszkanie-poznan-grunwald-ul-smardzewska-2-pokojowe-o4m9j0,https://s2.adresowa.pl/oi/2e/39/3e6e90_3788_cover@2x-2-pokojowe-mieszkanie-poznan-grunwald-ul-smardzewska.webp,Poznań Grunwald,Smardzewska,parter,2025.0,blok,,"Na sprzedaż 2-pokojowe mieszkanie z pięknym, słonecznym ogródkiem. W bliskim sąsiedztwie znajdują się tereny rekreacyjne: - Lasek Marceliński (15 min spacerem) - Park ks. Józefa Jasińskiego (11 min spacerem) Komunikacja miejska: - Przystanek tramwajowy: 2 min. spacerem - Przystanek autobusowy: 5 min. spacerem W okolicy znajdują się również: - Szkoła Podstawowa - Przedszkole - Poczta - Sklepy - Apteki - Piekarnie - Siłownia Jest możliwość dokupienia miejsca parkingowego w hali garażowej w cenie 35 000 zł. Kupujący zwolniony jest z podatku PCC.",,,,,własność,,52.389455,16.858845
Poznań,Winogrady,1,28,459000,16393.0,bez pośredników,,8,https://adresowo.pl/o/mieszkanie-poznan-winogrady-1-pokoj-28-m2-a2c1x3,https://s2.adresowa.pl/oi/78/3c/3e6cb0_8f9b_cover@2x-1-pokojowe-mieszkanie-poznan-winogrady.webp,Poznań Winogrady,,6,,apartamentowiec,,"BEZPOŚREDNIO OD WŁAŚCICIELA! Sprzedam kawalerkę, 6. piętro (ostatnie), 28,38 m kw, w nowym bloku ""Tarasy Wilczak"". Mieszkanie zamieszkane przez właściciela od 2024 roku. Pokój z aneksem kuchennym i balkonem, wystawa okien zachodnia. Czynsz do wspólnoty: 410 zł. Wolne od 01.12.2026. Sprzedaż z całym wyposażeniem. Atutem ""Tarasów Wilczak"" jest świetna lokalizacja, bardzo dobry dojazd do centrum: pętla tramwajowa, przystanek autobusowy wielu linii komunikacji miejskiej. W pobliżu liczne tereny rekreacyjne: Park Szelągowski, Cytadela, spacerowe brzegi Warty z Plażą Miejską. W najbliższej okolicy sklep Żabka, Piekarnia ""Zagrodnicza"".",,,aneks,,,,52.430601,16.936301
Poznań Jeżyce,ul. Bukowska,3,58,579000,9983.0,bez pośredników,,6,https://adresowo.pl/o/mieszkanie-poznan-jezyce-ul-bukowska-3-pokojowe-c8q4r6,https://s2.adresowa.pl/oi/13/17/3e6b88_4a8e_cover@2x-3-pokojowe-mieszkanie-poznan-jezyce-ul-bukowska.webp,Poznań Jeżyce,Bukowska,1,,kamienica,,"Mieszkanie w zabytkowej kamienicy przy ulicy Bukowskiej w trakcie rewitalizacji. Atrakcyjna lokalizacja, atrakcyjna lokata kapitału. 15 min do Ronda Kaponiera i Rynku Jezyckiego.",,,,,,,52.413467,16.822819
Poznań Winogrady,al. Pod Lipami,3,42,569000,13548.0,Pośrednik,,10,https://adresowo.pl/o/mieszkanie-poznan-winogrady-al-pod-lipami-3-pokojowe-h6h6d2,https://s2.adresowa.pl/oi/75/69/3df0e6_2d96_cover@2x-3-pokojowe-mieszkanie-poznan-winogrady-al-pod-lipami.webp,Poznań Winogrady,Pod Lipami,3,1969.0,blok,,"Szukasz mieszkania w dobrze skomunikowanej części Poznania, z dostępem do zieleni i pełnej infrastruktury miejskiej? Przedstawiam ofertę 3 pokojowego mieszkania o powierzchni 42 m², położonego na Osiedlu Pod Lipami na Winogradach. Lokal usytuowany jest na 3 piętrze niskiego, zadbanego bloku. Mieszkanie doskonale sprawdzi się zarówno jako miejsce do zamieszkania, jak i jako inwestycja pod wynajem. Powierzchnia 42 m² obejmuje: - salon - dwa oddzielne pokoje - kuchnię - łazienkę - przedpokój Mieszkanie o funkcjonalnym rozkładzie, dającym wiele możliwości aranżacyjnych. Okna PCV zapewniają dobre doświetlenie wnętrz. Koszty: • cena:zł • czynsz administracyjny: 1000 zł • dodatkowo media według zużycia Lokalizacja: Winogrady to jedna z najbardziej lubianych części Poznania. W bezpośrednim sąsiedztwie znajdują się tereny zielone, parki, sklepy, punkty usługowe, szkoły i przedszkola. Atutem lokalizacji jest bardzo dobra komunikacja z centrum Poznania, liczne linie tramwajowe i autobusowe umożliwiają szybki dojazd do każdej części miasta. Nasze Biuro Pośrednictwa Nieruchomości zapewnia Państwu kompleksową usługę i towarzyszy w całym procesie transakcji. Współpracujemy z biurem notarialnym oraz doradcą finansowym, pomagając w uzyskaniu najkorzystniejszych warunków kredytu hipotecznego. Zadzwoń i umów się na prezentację! Julia Jazienicka",,,,,,,52.43107,16.936261
Poznań Naramowice,ul. Sielawy,2,43,639000,14860.0,Pośrednik,,17,https://adresowo.pl/o/mieszkanie-poznan-naramowice-ul-sielawy-2-pokojowe-v0s2s7,https://s2.adresowa.pl/oi/16/35/3df0dc_4920_cover@2x-2-pokojowe-mieszkanie-poznan-naramowice-ul-sielawy.webp,Poznań Naramowice,Sielawy,2,2025.0,blok,,"Szukasz nowoczesnego, świeżo wykończonego mieszkania w spokojnej, a jednocześnie dobrze skomunikowanej części Poznania? Ta oferta jest właśnie dla Ciebie! Zapraszam do zapoznania się z dwupokojowym mieszkaniem o powierzchni 43,92 m², położonym na poznańskich Naramowicach, przy ul. Sielawy. Informacje o nieruchomości: Mieszkanie znajduje się w nowoczesnym, zadbanym budynku z 2025 roku. Lokal został niedawno wykończony, wszystko jest nowe i w idealnym stanie, co pozwala na natychmiastowe wprowadzenie się bez dodatkowych nakładów finansowych. W całym mieszkaniu zamontowane są trzyszybowe okna PCV oraz elektryczne rolety zewnętrzne, które zwiększają komfort i bezpieczeństwo. Na powierzchnię 43,9 m² składają się: - salon z aneksem kuchennym - sypialnia - łazienka - korytarz Dodatkowym atutem jest balkon, na który można wyjść bezpośrednio z salonu. Standard wykończenia: Mieszkanie zostało urządzone w wysokim standardzie, z dbałością o estetykę i funkcjonalność. Kuchnia wykonana na wymiar, wyposażona w sprzęty AGD: lodówkę, zmywarkę, płytę grzewczą oraz piekarnik. Przemyślana zabudowa zapewnia dużo miejsca do przechowywania. Salon jasny i przytulny, dobrze doświetlony dzięki dużym oknom, z wydzieloną częścią wypoczynkową. Bezpośrednie wyjście na balkon zwiększa komfort codziennego użytkowania. Sypialnia wyposażona w wygodne łóżko oraz pojemną szafę w zabudowie, która pomieści dużą ilość rzeczy. W korytarzu znajduje się kolejna pojemna szafa w zabudowie, idealna na okrycia wierzchnie i obuwie. Łazienka starannie wykończona, wyposażona w przestronny prysznic oraz pralkę. Dodatkowe informacje: Do mieszkania przynależą dwa miejsca postojowe w hali garażowej, każde w cenie 35 000 zł. Opłaty: Czynsz administracyjny wynosi około 500 zł. Lokalizacja: Naramowice to dynamicznie rozwijająca się część Poznania, ceniona za połączenie spokoju z dobrą infrastrukturą. W okolicy znajdują się sklepy, punkty usługowe, tereny zielone oraz trasy spacerowe i rowerowe. Bliskość komunikacji miejskiej zapewnia szybki dojazd do centrum miasta, co czyni tę lokalizację wygodną zarówno do życia, jak i pod inwestycję. To idealna propozycja dla osób szukających komfortowego, gotowego do zamieszkania mieszkania w nowym budownictwie. Zadzwoń i umów się na prezentację! [numer] Julia Jazienicka",,,,,,"Wyposażenie: lodówkę, piekarnik, pralkę, zmywarkę",52.445868,16.959071
Poznań Dębiec,ul. Czeremchowa,2,45,599000,13311.0,bez pośredników,,13,https://adresowo.pl/o/mieszkanie-poznan-debiec-ul-czeremchowa-2-pokojowe-z6s5e6,https://s2.adresowa.pl/oi/54/44/3e6ac4_6b89_cover@2x-2-pokojowe-mieszkanie-poznan-debiec-ul-czeremchowa.webp,Poznań Dębiec,Czeremchowa,1,2011.0,blok,,"Dwupokojowe mieszkanie na poznańskim Dębcu. Na sprzedaż dwupokojowe mieszkanie o powierzchni 45,18 m², zlokalizowane na ul. Czeremchowej 32. Mieszkanie znajduje się na pierwszym piętrze czteropiętrowego bloku. Blok z 2011 roku. W bloku dostępna winda, podjazd dla wózków i rowerów. Dwa odrębne pokoje, osobna kuchnia i łazienka oraz balkon. Spokojna okolica, zabudowa domków jednorodzinnych i niskich bloków. W pobliżu znajduje się pętla tramwajowa i autobusowa. Dojazd do centrum Poznania tramwajem zajmuje 15 minut. Z pętli odjeżdżają tramwaje: 10, 19, 9, 2. Z dworca autobusowego: [numer], 179 oraz nocny 215. W sąsiednim bloku Żabka, w okolicy Netto, Biedronka, Lidl. Niedaleko znajduje się też Centrum Handlowe Panorama. W sąsiednim bloku przychodnia lekarza rodzinnego. Żłobek ""Kaczka Dziwaczka"" naprzeciwko bloku, w okolicy kilka innych żłobków i przedszkoli, jedna prywatna i jedna publiczna szkoła podstawowa, Wyższa Szkoła Edukacji i Terapii, Zespół Szkół Mechanicznych. Serdecznie zapraszamy do kontaktu.",,,osobna,plastikowe,własność,,52.373314,16.900166
Poznań Winogrady,al. Pod Lipami,3,47,490000,10426.0,bez pośredników,,8,https://adresowo.pl/o/mieszkanie-poznan-winogrady-al-pod-lipami-3-pokojowe-l1j5p0,https://s2.adresowa.pl/oi/66/4f/3e6a50_f192_cover@2x-3-pokojowe-mieszkanie-poznan-winogrady-al-pod-lipami.webp,Poznań Winogrady,Pod Lipami,4,1972.0,blok,,"Na sprzedaż funkcjonalne, trzypokojowe mieszkanie o powierzchni 47,6 metrów kwadratowych, zlokalizowane na poznańskich Winogradach, Osiedle Pod Lipami 7. Idealne dla pary, rodziny lub jako inwestycja pod bezpieczny wynajem. Najważniejsze informacje: Powierzchnia: 47,6 metrów kwadratowych Piętro: 4 w bloku z 1972 roku Układ: trzy niezależne pokoje, osobna kuchnia oraz łazienka Do mieszkania przynależy piwnica o powierzchni około 6 metrów kwadratowych oraz balkon. Atuty nieruchomości: Doskonałe doświetlenie: Okna dwóch pokoi oraz balkon wychodzą na stronę południową, co zapewnia mnóstwo naturalnego światła przez cały dzień. Wyposażenie w cenie: Mieszkanie jest sprzedawane ze sprzętem AGD - lodówka, pralka oraz kuchenka gazowa z piekarnikiem. Lokalizacja i komunikacja: W najbliższym sąsiedztwie znajdują się przystanki tramwajowe i autobusowe, co gwarantuje błyskawiczny dojazd do centrum Poznania oraz na poznańskie uczelnie. Infrastruktura: Zielona, spokojna i bezpieczna okolica z pełnym zapleczem handlowo-usługowym. Blisko sklepy, punkty serwisowe oraz park. Stan mieszkania: Lokal jest obecnie zamieszkany i zadbany. Nieruchomość idealnie nadaje się do własnej aranżacji, odświeżenia lub remontu według potrzeb i uznania nowego właściciela. Cena: 490 000 złotych do negocjacji. Kontakt pod numerem telefonu:",tak,,osobna,,,"Wyposażenie: kuchenka, lodówka, piekarnik, pralka",52.430323,16.943968
Poznań Nowe Miasto,ul. Mariacka,3,64,795000,12422.0,bez pośredników,,10,https://adresowo.pl/o/mieszkanie-poznan-nowe-miasto-ul-mariacka-3-pokojowe-p5s7v9,https://s2.adresowa.pl/oi/2f/7a/3e69aa_9d8b_cover@2x-3-pokojowe-mieszkanie-poznan-nowe-miasto-ul-mariacka.webp,Poznań Nowe Miasto,Mariacka,3,2021.0,blok,,"Sprzedam 3 pokojowy apartament na III piętrze, ul. Mariackiej. Blok pod ochroną z 2021 roku, gdzie znajduje się winda i garaż podziemny z miejscem postojowym przynależnym do tego apartamentu. Salon o pow. 17,5 m², balkon o pow. 6,5 m² z ładnym widokiem w kierunku południowym. Sypialnia o pow. 13,5 m². Trzeci pokój o pow. 10,33 m². W pokojach podłoga z deski barlineckiej. Osobna kuchnia o pow. 9,5 m², umeblowana z zabudowaną lodówko-zamrażarką, zmywarką i pralką, oraz płytą indukcyjną z piekarnikiem. Łazienka o pow. 4,2 m² z wanną i osobną kabiną prysznicową. Osobne WC o pow. 1,5 m². W przedpokoju o pow. 8,5 m², szafa wnękowa o szerokości 120 cm i wolnostojąca o szerokości 100 cm.",,tak,osobna,plastikowe,własność,Wyposażenie: piekarnik,52.422763,16.969423
Poznań Zawady,ul. Krótka,1,14,239000,17071.0,Pośrednik,,14,https://adresowo.pl/o/mieszkanie-poznan-zawady-ul-krotka-1-pokoj-c2q8o3,https://s2.adresowa.pl/oi/2e/10/3df0da_7ac8_cover@2x-1-pokojowe-mieszkanie-poznan-zawady-ul-krotka.webp,Poznań Zawady,Krótka,2,1934.0,kamienica,,"Marzysz o mieszkaniu w idealnej lokalizacji ? Szukasz ciszy i spokoju? A może chcesz dobrze ulokować pieniądze? Z wielką przyjemnością mam zaszczyt zaprezentować nieruchomość położoną w urokliwej dzielnicy Zawady przy ul. Krótkiej. Informacje o nieruchomości: Nieruchomość usytuowana jest na 2 piętrze w kamienicy z 1934 roku. Takie rozwiązanie gwarantuje Ci ciszę i spokój. Powierzchnię 14,64 m² tworzą: - otwarta kuchnia z salonem - łazienka - korytarz Ogromnym atutem mieszkania jest piwnica i schowek. Pozwalają one na wygodne przechowywanie rzeczy, które nie są potrzebne na co dzień — sezonowych ubrań, sprzętu sportowego, narzędzi, walizek czy zapasów. Dzięki temu wnętrze mieszkania pozostaje uporządkowane i przestronniejsze Niski czynsz do wspólnoty 190 zł w tym: zaliczka na wodę, wywóz śmieci, fundusz remontowy + prąd co 2 miesiące. Standard wykończenia: Nieruchomość idealnie sprawdzi się pod wynajem lub jako swoje pierwsze wymarzone M. Otwarta kuchnia zaprojektowana na wymiar z pojemnymi szafkami oraz sprzętem AGD: płyta grzewcza, zmywarka, okap oraz miejsce na lodówko-zamrażarkę. Salon jasny, ustawny, dobrze doświetlony dużym oknem. Wydzielona strefa wypoczynkowa oraz jadalniana. Łazienka wykończona w dużych, jasnych kaflach, wyposażona w narożny prysznic, który daje praktyczne rozwiązanie, dodatkowo znacznie poprawia się komfort korzystania z łazienki, WC, pralkę oraz umywalkę. Na podłogach panele oraz płytki, na ścianach gładzie. Okna PCV. Ogrzewanie elektryczne. Lokalizacja: Zawady to jedna z najstarszych i najbardziej klimatycznych części Poznania, położona na wschód od śródmieścia, w rejonie pomiędzy Ostrowem Tumskim, Śródką i Główną. To dzielnica, która łączy w sobie spokojny, kameralny charakter z bliskością centrum miasta. Zawady z roku na rok zyskują na atrakcyjności dzięki inwestycjom miejskim i prywatnym. Powstają tu nowe sklepy, kawiarnie, punkty usługowe i inwestycje mieszkaniowe, które harmonijnie łączą nowoczesność z charakterem dawnej dzielnicy przemysłowej. Dzięki dogodnej lokalizacji, mieszkańcy Zawad mają łatwy dostęp do uczelni wyższych (np. Politechniki Poznańskiej, Uniwersytetu Ekonomicznego czy Uniwersytetu im. Adama Mickiewicza) oraz licznych biur i zakładów pracy w centrum i na wschodzie miasta. Zawady to doskonały kompromis między miejskim życiem a spokojem codzienności. To dzielnica dla osób, które chcą mieszkać blisko centrum, w otoczeniu zieleni i z klimatem dawnego Poznania. Nasze Biuro Pośrednictwa Nieruchomości, towarzyszy państwu w całym procesie transakcji, współpracujemy z Biurem Notarialnym oraz Finansistą, pomagamy w uzyskaniu najkorzystniejszych warunków kredytu hipotecznego. Zadzwoń i umów się na prezentację! Katarzyna Szaj",tak,,,plastikowe,,"Wyposażenie: pralkę, zmywarka",52.422406,16.970266
Poznań,Antoninek,4,95,1199000,12621.0,Pośrednik,,20,https://adresowo.pl/o/mieszkanie-poznan-antoninek-4-pokojowe-95-m2-z2w7k4,https://s2.adresowa.pl/oi/22/1a/3df0d6_f0ab_cover@2x-4-pokojowe-mieszkanie-poznan-antoninek.webp,Poznań Antoninek,,1,1986.0,,,"Marzysz o zamieszkaniu w jednej z najbardziej klimatycznych dzielnic Poznania? Szukasz miejsca, w którym naprawdę odpoczniesz po pracy? To mieszkanie jest gotowe, by stać się Twoim nowym domem. Na sprzedaż wyjątkowe, klimatyczne mieszkanie, które zachwyca przestrzenią, światłem i niepowtarzalnym charakterem. Informacje o nieruchomości: Lokal znajduje się na 1 piętrze w budynku z 1986r. To solidna, sprawdzona konstrukcja z czasów, gdy stawiano na trwałość i jakość wykonania. Niska zabudowa oraz kameralny charakter sprzyjają poczuciu prywatności i komfortu mieszkańców. Obiekt jest w całości podpiwniczony, co stanowi duży atut – oprócz prywatnej piwnicy przynależnej do mieszkania, konstrukcja budynku zapewnia lepszą izolację oraz dodatkową przestrzeń techniczną i gospodarczą. Podpiwniczenie wpływa również korzystnie na funkcjonalność całej nieruchomości, dając więcej miejsca do przechowywania i organizacji. To budynek z ugruntowaną historią, stabilny i dobrze wpisany w otoczenie – idealne miejsce dla osób szukających spokojnej, sprawdzonej lokalizacji. W skład 95,3m2 wchodzi: - salon z aneksem kuchennym - sypialna - 2 pokoje - łazienka - garderoba - spiżarnia - korytarz - komunikacja Dodatkowo nieruchomość posiada piwnicę oraz ogród. Stan wykończenia: Wnętrze mieszkania zostało wykończone z dbałością o detale i z wykorzystaniem wysokiej jakości materiałów. Na podłogach znajdują się eleganckie drewniane deski, które nadają przestrzeni ciepła i ponadczasowego charakteru. Naturalne drewno nie tylko pięknie się prezentuje, ale również jest trwałe i szlachetne, dzięki czemu wnętrze zachowuje swój wyjątkowy klimat przez lata. Całość tworzy harmonijną, spójną przestrzeń, łączącą styl, jakość i komfort codziennego życia. Sercem domu jest imponujący, ogromny salon z wysokim sufitem, który nadaje wnętrzu poczucie swobody i elegancji. Przestrzeń wypełnia naturalne światło, a otwarty układ sprzyja zarówno codziennemu relaksowi, jak i spotkaniom z rodziną i przyjaciółmi. Z salonem harmonijnie łączy się nowoczesny aneks kuchenny, wyremontowany 3 lata temu – funkcjonalny, estetyczny i gotowy do dalszego tworzenia kulinarnych historii. Tuż obok kuchni znajduje się praktyczna spiżarnia – idealna do przechowywania zapasów, przetworów i sprzętów, które warto mieć pod ręką, ale poza główną przestrzenią. Mieszkanie oferuje również klimatyczną sypialnię ze skosami, która tworzy przytulną, intymną przestrzeń sprzyjającą odpoczynkowi. Dodatkowym atutem jest osobna garderoba, pozwalająca zachować porządek i komfort codziennego użytkowania – koniec z przechowywaniem rzeczy w przypadkowych miejscach. Dwa osobne pokoje, które można dowolnie zaaranżować według własnych potrzeb. Idealnie sprawdzą się jako pokoje dziecięce, gabinet do pracy zdalnej, sypialnia gościnna czy przestrzeń hobby. Ich ustawność i niezależność dają dużą elastyczność aranżacyjną, dzięki czemu mieszkanie można łatwo dopasować do zmieniających się potrzeb domowników. Na szczególną uwagę zasługuje duża, przestronna łazienka wyposażona zarówno w wannę, jak i prysznic. To idealne rozwiązanie dla osób ceniących szybkie poranne prysznice, jak i długie, relaksujące kąpiele po ciężkim dniu. Dodatkowym atutem nieruchomości jest prywatny ogródek – wymarzone miejsce na poranną kawę, letnie kolacje czy bezpieczną przestrzeń do zabawy dla dzieci. Do dyspozycji jest także wiata, zapewniająca wygodne miejsce parkingowe lub dodatkową przestrzeń do przechowywania. To mieszkanie łączy w sobie przestronność domu z wygodą życia w mieszkaniu. Idealne dla osób, które cenią sobie światło, przestrzeń, funkcjonalność i niepowtarzalny klimat. Lokalizacja: Antoninek to jedna z najbardziej zielonych i spokojnych dzielnic Poznania — idealna dla osób, które chcą połączyć życie w mieście z bliskością natury. Okolica zachwyca licznymi terenami spacerowymi, jeziorami i lasami, a jednocześnie oferuje świetny dojazd do centrum i innych części miasta. W okolicy znajdziesz szkoły, przedszkola, sklepy, punkty usługowe oraz liczne ścieżki rowerowe, co sprawia, że codzienne życie jest tu naprawdę wygodne. Dodatkowym atutem jest szybki dostęp do autostrady A2 i drogi S11. To doskonałe miejsce dla rodzin z dziećmi, osób pracujących w Poznaniu, jak i wszystkich, którzy cenią ciszę, bezpieczeństwo i bliskość natury bez rezygnacji z miejskich udogodnień. Zapraszam na prezentacje! Katarzyna Szaj",,,,,,,52.405393,17.01791
Poznań Grunwald,ul. Poranek,2,42,499000,11881.0,bez pośredników,,14,https://adresowo.pl/o/mieszkanie-poznan-grunwald-ul-poranek-2-pokojowe-d4z6f8,https://s2.adresowa.pl/oi/61/2f/3e68ea_a772_cover@2x-2-pokojowe-mieszkanie-poznan-grunwald-ul-poranek.webp,Poznań Grunwald,Poranek,4,1970.0,blok,,"Słoneczne, ustawne, 2-pokojowe mieszkanie po remoncie na Grunwaldzie z widokiem na park. Szukasz mieszkania, w którym od progu czuć światło, wyjątkowy klimat i przestrzeń? To 2-pokojowe mieszkanie na Grunwaldzie może być właśnie Twoim miejscem do życia. Jest wyremontowane i gotowe do zamieszkania. Mieszkanie jest jasne, ustawne i przytulne, z oknami wychodzącymi na trzy strony świata oraz z pięknym widokiem na park. Dodatkowym plusem jest brak sąsiadów tuż za oknem. Mieszkanie znajduje się na 4. piętrze zadbanego bloku przy ul. Poranek, daje poczucie spokoju, a jednocześnie zapewnia wygodny dostęp do wszystkiego, co potrzebne na co dzień. Można spacerem przejść się do Lasku Marcelińskiego, nad Rusałkę czy na Jeżyce. Przystanek autobusowy jest w odległości 5 min. od bloku. Spokój wśród zieleni Serce tego przytulnego mieszkania to słoneczny salon o powierzchni 16 m² z dużym oknem wychodzącym na zachód, które każdego dnia zaprasza do podziwiania pięknych zachodów słońca. To idealne miejsce na spokojny wieczór z książką, poranną kawę na szerokim drewnianym parapecie czy stworzenie zielonego kącika pełnego kwiatów. Przestrzeń jest jasna i sprzyja odpoczynkowi po intensywnym dniu. Naprawdę duża sypialnia Ogromną zaletą tego mieszkania jest duża sypialnia – 16m2, w której obecnie znajduje się dwuosobowe łóżko z zagłówkiem, mniejszy regał, spora szafa PAX, biurko idealnie dopasowane na wymiar i rower spinningowy. Sypialnia jest azylem – widok za oknem to piękny zielony park. Jest też cicha, możesz wsłuchiwać się odgłosy ćwierkających ptaków. Naprawdę można tu odpocząć. Klimatyczne wnętrze • w mieszkaniu (w pokojach i przedpokoju) jest jednolita piękna podłoga (deska barlinecka), która optycznie powiększa przestrzeń, • w przedpokoju jest praktyczna szafa wykonana na wymiar, • w kuchni zostały przesunięte drzwi, aby wygodnie mieściła się duża lodówka, szafki w kuchni są bardzo dobrze zaplanowane pod względem praktyczności i przechowywania, • w całym mieszkaniu ze ścian został usunięty tynk tupu „baranek”, ściany są gładkie – bez problemu możesz pomalować je na inny kolor. Bardzo dobry standard wykończenia. Mieszkanie nie wymaga dużych nakładów finansowych, aby w nim zamieszkać. Dodatkowe informacje: • osobna kuchnia, • 2 duże pokoje (2x16m2) z dużymi oknami, • łazienka, • korytarz, • piwnica, • prywatne miejsce parkingowe (50zł/mc), • niski czynsz (ok. 560zł/2os.), • blok jest po termomodernizacji (niskie koszty ogrzewania miejskiego). Dodatkowe atuty: • mieszkanie w bardzo dobrym stanie, po remoncie, • deska barlinecka na podłodze, • dobre okna PCV + drewniane parapety, • budynek ocieplony, • blok ostatni w szeregu (brak sąsiadów tuż za oknem), • szybki dojazd do centrum, przystanek autobusowy 5 min. od bloku, • bardzo dobre doświetlenie wnętrza, • przemili, pomocni i cisi sąsiedzi, • pełna infrastruktura w odległości spacerowej: sklepy (Biedronka, Lidl, King Cross, Rossman, Żabka), szkoły, apteki, przychodnia, piekarnie (również rzemieślnicze), Lasek Marceliński. Stan prawny: • pełna własność, • KW bez obciążeń, • uregulowany stan prawny. Zachęcam do kontaktu.",tak,tak,osobna,plastikowe,własność,Wyposażenie: lodówka,52.405624,16.874038
Poznań Dębiec,ul. Bukowa,3,51,649000,12725.0,bez pośredników,,8,https://adresowo.pl/o/mieszkanie-poznan-debiec-ul-bukowa-3-pokojowe-k2i4h4,https://s2.adresowa.pl/oi/55/69/3e67ca_c148_cover@2x-3-pokojowe-mieszkanie-poznan-debiec-ul-bukowa.webp,Poznań Dębiec,Bukowa,2,1950.0,blok,,"Na sprzedaż komfortowe, świeżo wyremontowane mieszkanie zlokalizowane w Poznaniu, na osiedlu Dębiec przy ul. Bukowej - tuż obok ryneczku, w spokojnej i dobrze skomunikowanej okolicy. Lokal znajduje się na 2 piętrze w budynku z windą. Do mieszkania przynależy również piwnica. Przed blokiem dostępne są miejsca parkingowe dla mieszkańców. Mieszkanie ma bardzo funkcjonalny układ i składa się z: - przestronnego salonu z aneksem kuchennym (ok. 20 m²), - dwóch niezależnych pokoi (ok. 10 m² oraz 15 m²), - łazienki z prysznicem, - korytarza. Mieszkanie jest po generalnym remoncie - wymieniono instalację elektryczną oraz wodno-kanalizacyjną, zamontowano nowe drzwi wejściowe. Po remoncie nikt jeszcze w nim nie mieszkał, dzięki czemu nowy właściciel będzie pierwszym użytkownikiem. Lokal jest w pełni wyposażony i gotowy do zamieszkania. W cenie pozostaje m.in.: - zabudowa kuchenna, - piekarnik, - zmywarka, - płyta indukcyjna z okapem, - lodówka, - stół oraz krzesła w salonie. To idealna propozycja zarówno dla rodziny, pary, jak i pod inwestycję na wynajem. W pobliżu znajdują się sklepy, ryneczek, komunikacja miejska oraz tereny zielone. Zapraszam do kontaktu oraz na prezentację mieszkania. Pośredników zapraszam wyłącznie z zainteresowanymi klientami.",tak,,aneks,plastikowe,własność,"Wyposażenie: lodówka, piekarnik, zmywarka",52.36456,16.905174
Poznań Nowe Miasto,os. Orła Białego,2,48,515000,10729.0,bez pośredników,,15,https://adresowo.pl/o/mieszkanie-poznan-nowe-miasto-os-orla-bialego-2-pokojowe-w6e1v8,https://s2.adresowa.pl/oi/48/4d/3e67a6_d07f_cover@2x-2-pokojowe-mieszkanie-poznan-nowe-miasto-os-orla-bialego.webp,Poznań Nowe Miasto,os. Orła Białego,13,1990.0,blok,,"Oferuję na sprzedaż funkcjonalne mieszkanie o powierzchni 48,80m2, zlokalizowane na trzynastym piętrze w szesnastopiętrowym budynku, położonym na otoczonym zielenią osiedlu Orła Białego na poznańskich Ratajach. Osiedle Orła Białego to spokojna i bardzo dobrze skomunikowana część Poznania, blisko przystanki MPK autobusowy (300m) i tramwajowy (600m). W pobliżu znajduje się: osiedlowy ryneczek, apteka na parterze w tym samym budynku, sklepy (Lewiatan, Żabka, Biedronka, Lidl), poczta, szkoła, przedszkole, przychodnia, tereny zielone, place zabaw, parkingi. W skład mieszkania wchodzą: - Przestronny salon z balkonem typu loggia, - Sypialnia, - Kuchnia umeblowana, z kuchenką i piekarnikiem, zmywarką i lodówką, - Łazienka z szafkami na wymiar, wanną i WC, - Przedpokój z szafą wnękową, - do mieszkania przynależy piwnica. W mieszkaniu zamontowane są nowe drewniane okna, mieszkanie po remoncie. Do mieszkania doprowadzony jest światłowód. Wyposażenie widoczne na zdjęciach pozostaje na wyposażeniu sprzedawanego mieszkania. Budynek z dwiema nowymi windami, wokół budynku dużo ogólnodostępnych miejsc parkingowych, co zapewnia wygodę mieszkańcom i gościom. Czynsz około 550zł + zaliczki na ogrzewanie, wodę i zagospodarowanie odpadami (25zł/os.) Łącznie ok. 900zł/m-c. Mieszkanie gotowe do wprowadzenia, wolne od zaraz! Sprzedaż bez pośredników! Bardzo dobra inwestycja pod wynajem jak i do zamieszkania przez rodzinę. Forma własności: Spółdzielcze własnościowe prawo do lokalu z księgą wieczystą (możliwość zakupu na kredyt).",tak,,osobna,drewniane,spółdzielcze własnościowe,Wyposażenie: piekarnik,52.379037,16.965319
Poznań Rataje,os. Orła Białego,2,43,559000,13000.0,Pośrednik,,11,https://adresowo.pl/o/mieszkanie-poznan-rataje-os-orla-bialego-2-pokojowe-c1j4s8,https://s2.adresowa.pl/oi/21/48/3df0d2_5158_cover@2x-2-pokojowe-mieszkanie-poznan-rataje-os-orla-bialego.webp,Poznań Rataje,os. Orła Białego,11,1973.0,blok,,"Szukasz mieszkania gotowego do wprowadzenia, bez dodatkowych nakładów finansowych? Zależy Ci na dobrej lokalizacji i wygodnym układzie pomieszczeń? Zapraszam do zapoznania się z ofertą 2-pokojowego mieszkania o powierzchni 43 m², zlokalizowanego na Poznańskich Ratajach, os. Orła Białego. Mieszkanie znajduje się w zadbanym budynku na osiedlu z pełną infrastrukturą. Lokal jest po remoncie i nie wymaga żadnych dodatkowych nakładów finansowych – gotowy do zamieszkania od zaraz. Idealny dla pary, singla lub jako inwestycja pod wynajem. Informacje o nieruchomości: Na powierzchnię 43 m² składają się: - salon - sypialnia - oddzielna kuchnia - łazienka - korytarz - balkon Mieszkanie jest jasne, funkcjonalne i bardzo dobrze rozplanowane. Przemyślany układ pomieszczeń zapewnia komfort codziennego życia. Opłaty: - czynsz administracyjny: 850 zł - media według zużycia Lokalizacja: Rataje to jedna z najbardziej cenionych i dobrze skomunikowanych części Poznania. W pobliżu znajdują się liczne sklepy, punkty usługowe, szkoły, przedszkola oraz tereny rekreacyjne. Dogodny dostęp do komunikacji miejskiej (tramwaje i autobusy) umożliwia szybki dojazd do centrum miasta. Nasze Biuro Pośrednictwa Nieruchomości zapewnia kompleksową obsługę i wsparcie na każdym etapie transakcji. Współpracujemy z biurem notarialnym oraz doradcą finansowym, pomagając w uzyskaniu najkorzystniejszych warunków kredytu hipotecznego. Zadzwoń i umów się na prezentację! [numer] Julia Jazienicka",,,,,,,52.382227,16.970863
Poznań Wilda,ul. Wierzbięcice,4,129,949000,7357.0,Pośrednik,,19,https://adresowo.pl/o/mieszkanie-poznan-wilda-ul-wierzbiecice-4-pokojowe-e5u1i3,https://s2.adresowa.pl/oi/26/5e/3dee66_9bf0_cover@2x-4-pokojowe-mieszkanie-poznan-wilda-ul-wierzbiecice.webp,Poznań Wilda,Wierzbięcice,3,1930.0,kamienica,,"Zapraszamy do zapoznania się z ofertą sprzedaży przestronnego mieszkania o powierzchni 129,55 m², położonego na 3. piętrze kamienicy przy ul. Wierzbięcice na poznańskiej Wildzie. To nieruchomość z ogromnym potencjałem aranżacyjnym, idealna zarówno dla osób poszukujących reprezentacyjnej przestrzeni do życia w klimatycznej kamienicy, jak i dla klientów szukających nieruchomości z możliwością podziału na dwa niezależne lokale. Najważniejsze atuty: • Powierzchnia 129,55 m² • Dwie niezależne księgi wieczyste • Możliwość podziału na dwa mieszkania • Ekspozycja wschód-zachód • Wysokość pomieszczeń 3,15 m • Kamienica w trakcie renowacji • Lokalizacja w centrum Wildy Mieszkanie składa się z: Mieszkanie nr 1 - 83,32 m²: - Korytarza (9,99 m²), - Pokoju z Aneksem Kuchennym (23,48 m²), - Pokoju (23,94 m²), - Pokoju (19,57 m²), - Łazienki (6,34 m²), Mieszkanie nr 2 - 46,23 m²: - Kuchni (10,57 m²), - Łazienki (3,24 m²), - Korytarza (2,97 m²), - Sypialni (9,29 m²), - Pokoju Dziennego (20,16 m²). Dodatkowo do mieszkania przynależą dwie piwnice zapewniające dodatkową przestrzeń do przechowywania. Lokal jest w stanie do remontu, co daje możliwość aranżacji wnętrza zgodnie z własnym stylem i potrzebami. Budynek: Kamienica jest w trakcie renowacji, co znacząco wpłynie na estetykę budynku oraz wartość nieruchomości. Przygotowano projekt architektoniczno-budowlany obejmujący odnowienie elewacji, uzyskano zgodę konserwatora zabytków oraz podpisano umowę z wykonawcą prac. Wspólnota mieszkaniowa posiada zabezpieczone środki finansowe na realizację inwestycji. Lokalizacja: Nieruchomość położona jest przy ul. Wierzbięcice na Wildzie - jednej z najbardziej charakterystycznych i dynamicznie rozwijających się części Poznania. W pobliżu znajdują się Stary Browar, Dworzec Główny PKP, Park Drwęskich, liczne restauracje, sklepy, kawiarnie oraz punkty usługowe. Lokalizacja zapewnia bardzo dobrą komunikację miejską - najbliższy przystanek tramwajowy znajduje się zaledwie około 100 metrów od budynku. Opłaty: Czynsz administracyjny (eksploatacja + fundusz remontowy): ok. 765 zł, stan prawny to pełna własność z udziałem w gruncie, księgi wieczyste wolne od obciążeń. Parking ogólnodostępny przy ulicy Zapraszamy do kontaktu w celu uzyskania dodatkowych informacji oraz umówienia się na prezentację nieruchomości. Chętnie odpowiemy na wszystkie pytania i pokażemy mieszkanie na żywo. TEKTON PROPERTY TO NAJLEPSZE BIURO NIERUCHOMOŚCI W POLSCE WG KONKURSU LIDER NIERUCHOMOŚCI OTODOM 2020. Znajdź nas w swoim mieście: Gdańsk, ul. Chmielna 10 - Warszawa, Plac Dąbrowskiego 1/311 - Kraków, ul. Józefitów 7/4 - Poznań, ul. Wojskowa 6/D6 - Łódź, ul. Zachodnia 70 pok. 223, Opole, Gen. Tadeusza Kościuszki 1, lok. 1C. Podejmując współpracę z przedstawicielami Tekton Property zyskujesz: - oszczędność czasu, - weryfikację dokumentów od strony formalno-prawnej, - wsparcie agenta na każdym etapie transakcji, - pomoc przy uzyskaniu kredytu hipotecznego w kilkunastu bankach, - wgląd do umów przed zawarciem aktu notarialnego u sprawdzonych Notariuszy, - własne analizy makroekonomiczne i raporty z prowadzonych działań, - dostęp do cen transakcyjnych z okolicy. Skontaktuj się z opiekunem oferty, a on poprowadzi Cię przez wszystkie etapy transakcji. Zapraszamy do współpracy! Niniejsze ogłoszenie nie stanowi oferty handlowej w rozumieniu przepisów art. 66 k.c., a przedstawione dane mają charakter informacyjny.",,,,,własność,,52.397862,16.92107
Poznań Piątkowo,Os. Stefana Batorego,3,63,695000,11032.0,bez pośredników,,11,https://adresowo.pl/o/mieszkanie-poznan-piatkowo-os-stefana-batorego-3-pokojowe-p0d1k0,https://s2.adresowa.pl/oi/5c/2c/3e676e_2f35_cover@2x-3-pokojowe-mieszkanie-poznan-piatkowo-os-stefana-batorego.webp,Poznań Piątkowo,Os. Stefana Batorego,3,1990.0,blok,,"Przestronne 3 pokoje przy PST – os. Stefana Batorego (Piątkowo) Na sprzedaż jasne, funkcjonalne i gotowe do zamieszkania 3-pokojowe mieszkanie o powierzchni 64 m², zlokalizowane na popularnym i zielonym osiedlu Stefana Batorego w Poznaniu. To idealna propozycja dla rodziny, pary lub jako bezpieczna inwestycja pod wynajem! 📐 Układ pomieszczeń Mieszkanie cechuje się bardzo praktycznym, niezależnym układem: Salon z wyjściem na nowy balkon Dwie ustawne sypialnie Oddzielna, jasna kuchnia Łazienka Osobne WC Korytarz z przestrzenią na szafy 🏢 Budynek, piętro i przynależności Piętro: 3 z 4 (w niskim, kameralnym bloku bez windy) Stan budynku: Blok przeszedł pełną termomodernizację 2 lata temu (nowy tynk, świetna izolacja cieplna). Balkon: Całkowicie odnowiony. Dodatkowa przestrzeń: Do mieszkania przynależy piwnica. Części wspólne: Możliwość korzystania ze wspólnej suszarni oraz wózkarni/rowerowni. 📍 Doskonała lokalizacja Osiedle Batorego to jedna z najlepiej skomunikowanych i najbardziej samowystarczalnych części Poznania: Komunikacja: Tylko 5 minut pieszo do przystanku PST (Poznański Szybki Tramwaj). W bliskiej odległości znajdują się również przystanki autobusowe. Infrastruktura: Tuż obok sklepy spożywcze, punkty usługowe i market. Edukacja: W najbliższym otoczeniu przedszkole oraz szkoła. Serdecznie polecam i zapraszam na prezentację!",tak,,osobna,plastikowe,spółdzielcze własnościowe,,52.453237,16.911301
Poznań Śródka,ul. ks. Zdzisława Bernata,2,46,729500,15859.0,bez pośredników,,7,https://adresowo.pl/o/mieszkanie-poznan-srodka-ul-ks-zdzislawa-bernata-2-pokojowe-x8z6l5,https://s2.adresowa.pl/oi/1c/48/3e65fe_8618_cover@2x-2-pokojowe-mieszkanie-poznan-srodka-ul-ks-zdzislawa-bernata.webp,Poznań Śródka,ks. Zdzisława Bernata,2,2022.0,apartamentowiec,,"Na sprzedaż komfortowe i stylowo wykończone mieszkanie o powierzchni 45,6 m², położone w nowoczesnym budynku z 2022 roku, w zielonej i spokojnej okolicy, z doskonałym dostępem do centrum miasta. Idealna propozycja dla osób ceniących wygodę, funkcjonalność oraz wysoką jakość wykończenia. Układ mieszkania: • przestronny salon z aneksem kuchennym- 22,3 m² • ustawna sypialnia- 12,4 m² • funkcjonalny hol- 6,2 m² • łazienka- 4 m² • duży balkon- 7,8 m² Mieszkanie posiada zachodnią ekspozycję okien, dzięki czemu wnętrza są pięknie doświetlone popołudniowym słońcem. Najważniejsze atuty nieruchomości • lokalizacja- szczegółowy opis niżej • żaluzje zewnętrzne sterowane elektrycznie • klimatyzacja zapewniająca komfort przez cały rok • ogrzewanie miejskie • dostęp do światłowodu (wielu dostawców) • wysokiej jakości materiały wykończeniowe – m.in. drzwi bezprzylgowe DRE oraz płytki Paradyż • nowoczesna zabudowa kuchenna z wbudowaną lodówką i zmywarką • pojemne zabudowy w przedpokoju i sypialni • praktyczna zabudowa na pralkę i suszarkę w łazience • balkon zabezpieczony siatką • widok na tereny zielone (w oddali panorama miasta i Katedra) • wideofon • nowoczesny budynek z windą • fotowoltaika zasilająca części wspólne budynku, co wpływa na niższe koszty utrzymania Lokalizacja, która robi różnicę: • spokojna ulica w sąsiedztwie Wartostrady • Wartostrada- 150 m • przystanek tramwajowy- 450 m • przystanek autobusowy- 500 m • Rynek Śródecki- 1 km • Rondo Śródka- 1 km • Jezioro Maltańskie- 1,2 km • Stary Rynek- zaledwie 2 km Świetna lokalizacja pozwala cieszyć się spokojem i zielenią, jednocześnie pozostając blisko tętniącego życiem centrum miasta. Mieszkanie gotowe do zamieszkania bez dodatkowych nakładów finansowych. Idealne zarówno dla singla, pary, jak i jako inwestycja pod wynajem. Możliwość zakupu: -komórki lokatorskiej, -1 lub 2 miejsc postojowych. Cena 799 tys. zł Zapraszam do kontaktu!",tak,tak,aneks,plastikowe,własność,"Wyposażenie: klimatyzacja, pralkę, suszarkę",52.417373,16.957481
Poznań Rataje,os. Piastowskie,2,48,559000,11646.0,bez pośredników,,13,https://adresowo.pl/o/mieszkanie-poznan-rataje-os-piastowskie-2-pokojowe-s6z7w6,https://s2.adresowa.pl/oi/38/6b/3e6530_d420_cover@2x-2-pokojowe-mieszkanie-poznan-rataje-os-piastowskie.webp,Poznań Rataje,os. Piastowskie,9,1979.0,blok,,"Sprzedam bezpośrednio: 2-pokojowe mieszkanie na os. Piastowskim, Rataje, Poznań. Polecam przestronne i funkcjonalne 2-pokojowe mieszkanie o powierzchni 48,4 m², położone na 9 piętrze, ocieplonego bloku na os. Piastowskim. Na układ lokalu składają się: - przestronny salon z oknami i balkonem z pięknym widokiem na panoramę Poznania i zieleń (wystawa okien: zachód), - ustawna sypialnia, - oddzielna kuchnia z drzwiami, - łazienka z WC, - przestronny korytarz z szafą garderobianą. Światłowód, kablówka. Brak stopni przy wejściu do bloku oraz do mieszkania, brak progów w samym mieszkaniu, co jest dużym udogodnieniem do poruszania się osób starszych lub z wózkami. Mieszkanie w bardzo dobrze utrzymane, oryginalny parkiet w super stanie, w pełni wyposażone z wygodną zabudową kuchni i sypialni. Gotowe do zamieszkania bez żadnego wkładu. Dodatkowe informacje: Ogrzewanie miejskie. Do mieszkania przynależy piwnica. Blok po termomodernizacji i remoncie balkonów, wymienione piony wodne oraz gazowe i nowoczesne windy. Atuty lokalizacji: Świetnie skomunikowana okolica - 50m przystanki tramwajowe i autobusowe. Pełna infrastruktura: sklepy, szkoły, przedszkola, przychodnia, Pasaż na Piastowskim, Rynek Jagielloński, CH Posnania, uczelnie wyższe. Dużo zieleni, place zabaw, tereny spacerowe i rekreacyjne. Spokojne, przyjazne sąsiedztwo. Szybki i wygodny dojazd do drogi ekspresowej i autostrady/obwodnicy. Stan prawny: Spółdzielcze własnościowe prawo do lokalu z księgą wieczystą. Dla kogo? Idealne dla rodziny z dziećmi szukającej wygodnego lokum z bliskością placówek edukacyjnych oraz jako inwestycja pod wynajem, a także dla osób starszych. Kupujący nie płaci prowizji. Dodatkowo możemy pomóc w uzyskaniu kredytu oraz ubezpieczeń. Zapraszam do kontaktu i na prezentację! W tej ofercie nie ma żadnych minusów. Powyższa oferta ma charakter informacyjny i została utworzona na podstawie oświadczeń właściciela nieruchomości, niniejsza oferta nie stanowi oferty handlowej w rozumieniu art. 66 §1 kodeksu cywilnego oraz innych właściwych przepisów prawnych.",tak,,osobna,plastikowe,spółdzielcze własnościowe,,52.392387,16.947977
Poznań,ul. Marcelińska,1,31,495000,15968.0,Pośrednik,,7,https://adresowo.pl/o/mieszkanie-poznan-ul-marcelinska-1-pokoj-c6r0i5,https://s2.adresowa.pl/oi/4c/1b/3dede0_df76_cover@2x-1-pokojowe-mieszkanie-poznan-ul-marcelinska.webp,Poznań ,Marcelińska,6,2018.0,blok,,"Kawalerka z balkonem, jasna i w pełni wyposażona – Grunwald Szukasz mieszkania gotowego do zamieszkania lub atrakcyjnej inwestycji pod wynajem? Ta jasna, dobrze doświetlona kawalerka z balkonem w nowoczesnym budynku Atanera z 2018 roku jest w pełni umeblowana i wyposażona w sprzęt AGD – możesz wprowadzić się natychmiast lub od razu rozpocząć wynajem! Na 31,19 m² znajduje się przestronny salon z aneksem kuchennym i łazienka. Czynsz wynosi około 430 zł, a w cenie mieszkania jest dostęp do prywatnej siłowni dla mieszkańców. Lokalizacja idealna na co dzień: - Wszystko w zasięgu kilku minut pieszo: Biedronka (500 m), Lidl (800 m), Galeria King Cross Marcelin (600–700 m), piekarnie, cukiernie, apteki, paczkomaty, lokale usługowe, restauracje i kawiarnie. - Zaledwie 500–600 m do Lasku Marcelińskiego – świetne miejsce na spacery, jogging i relaks. - Przystanek autobusowy 50–100 m – szybki dojazd w każdą część Poznania. Pełne wyposażenie, balkon, jasne wnętrze i niskie koszty utrzymania czynią to mieszkanie doskonałym wyborem zarówno dla siebie, jak i jako inwestycja pod wynajem. Cena: 495 000 zł Zadzwoń lub napisz – chętnie pokażę Ci mieszkanie na żywo!",,,,,własność,,52.40457,16.862715
Poznań Jeżyce,ul. Kościelna,3,59,899000,15237.0,Pośrednik,,11,https://adresowo.pl/o/mieszkanie-poznan-jezyce-ul-koscielna-3-pokojowe-i4v4w2,https://s2.adresowa.pl/oi/70/62/3de95e_bc18_cover@2x-3-pokojowe-mieszkanie-poznan-jezyce-ul-koscielna.webp,Poznań Jeżyce,Kościelna,4,2016.0,blok,,"Nowoczesne, funkcjonalne mieszkanie o powierzchni 59,51 m² w sercu poznańskich Jeżyc. Świetna lokalizacja, cisza w mieszkaniu i gotowość do wprowadzenia - to idealna propozycja dla osób ceniących komfort życia w mieście. Opis nieruchomości - najważniejsze cechy Na sprzedaż 3-pokojowe mieszkanie o powierzchni 59,51 m², usytuowane na 4 piętrze w nowoczesnym apartamentowcu z 2016 roku. W skład nieruchomości wchodzą: ● salon z aneksem kuchennym ● dwie sypialnie (w tym jedna z garderobą) ● łazienka ● balkon ● garderoba Najważniejsze atuty: ● ekspozycja północ-południe ● balkon ● winda ● miejsce postojowe w hali garażowej ● komórka lokatorska ● funkcjonalny układ pomieszczeń ● mieszkanie gotowe do wprowadzenia ● cicho mimo centralnej lokalizacji ● nowoczesny budynek z 2016 roku Lokalizacja Nieruchomość położona jest w Poznaniu - Jeżyce (ul. Kościelna), w jednej z najbardziej pożądanych lokalizacji miasta. W bezpośrednim sąsiedztwie znajdują się: ● komunikacja miejska - tramwaje i autobusy ● restauracje, kawiarnie i punkty usługowe ● sklepy i markety ● tereny spacerowe i rekreacyjne ● szybki dojazd do centrum miasta To miejsce łączy dynamiczny, miejski styl życia z komfortem i spokojem wewnątrz mieszkania. Cena Cena: 899 000 PLN Czynsz administracyjny: 1 232 PLN Miejsce postojowe w hali garażowej: 40 000 PLN (zakup obligatoryjny) Komórka lokatorska: 20 000 PLN (zakup obligatoryjny) Opłaty za media: według zużycia Zadzwoń lub napisz, aby umówić się na prezentację. Chętnie pokażę wszystkie atuty nieruchomości na żywo. To może być Twój nowy dom - nie czekaj, sprawdź tę ofertę już dziś. Jeśli zastanawiasz się nad zakupem tej nieruchomości, ale nie jesteś pewien swojej zdolności kredytowej, mamy dla Ciebie świetną wiadomość! Współpracując z Movinest, możesz bezpłatnie sprawdzić swoją zdolność kredytową u renomowanego brokera. Skontaktuj się z nami, a pomożemy Ci przejść przez cały proces zakupu!",,tak,,,własność,,52.414787,16.903207
Poznań Winiary,ul. Piątkowska 84B,2,50,676500,13530.0,bez pośredników,,16,https://adresowo.pl/o/mieszkanie-poznan-winiary-ul-piatkowska-2-pokojowe-l2z2b3,https://s2.adresowa.pl/oi/45/12/3e6514_d55b_cover@2x-2-pokojowe-mieszkanie-poznan-winiary-ul-piatkowska.webp,Poznań Winiary,Piątkowska 84B,4,2006.0,apartamentowiec,,"Bez prowizji od Kupującego. Mieszkanie 2-pokojowe, narożnikowe, słoneczne południe-zachód, lokal w budynku ul.Piątkowska 84B w Poznaniu, budował Ataner 2006, mieszkanie na 4 piętrze z ośmiu. Doskonała lokalizacja, w pobliżu przystanek tramwajowy PST-ki, przystanki autobusowe, Centra handlowe Pestka, Plaza, Makro, sklep Biedronka, Lidl, apteka , poczta, akademiki... Obiekt monitorowany 24h/dobę, ochrona, winda. Jasny lokal z bardzo dużym balkonem od strony zachodniej ( ulica Piątkowska ). Salon z aneksem kuchennym posiada dwa duże okna oraz dodatkowo duże okno i drzwi balkonowe, sypialnia duże okno i drzwi balkonowe. Powierzchnia mieszkania 50,1m2, dodatkowa powierzchnia balkonu - 12 m2. Salon z aneksem kuchenny oraz oddzielna sypialnia. Na podłogach płytki. Ściany w kolorze białym. W sypialni duże łóżko i szafa, sofa w salonie. Łazienka z wanną i pralką. Aneks kuchenny: płyta ceramiczna, lodówka. Klimatyzacja indywidualna z zewnętrzna jednostką umieszczoną na dachu budynku. Koszty eksploatacji 850 zł ( z zaliczkami na wodę i na ogrzewanie oraz opłatą za śmieci za jedną osobę ), liczniki wody i ogrzewania rozliczane jeden raz w roku. Księga wieczysta bez żadnych obciążeń. Dostępne od zaraz. Pośrednikom dziękujemy",,tak,aneks,plastikowe,własność,"Wyposażenie: klimatyzacja, lodówka",52.428539,16.916588
Poznań,Grunwald,2,38,385000,10132.0,bez pośredników,,1,https://adresowo.pl/o/mieszkanie-poznan-grunwald-2-pokojowe-38-m2-y5s5x2,https://s2.adresowa.pl/oi/59/65/3e5cd6_ffe2_cover@2x-2-pokojowe-mieszkanie-poznan-grunwald.webp,Poznań Grunwald,,5,,blok,,"Sprzedam dwupokojowe mieszkanie własnościowe 38 m², z balkonem i piwnicą, w ładnie położonym budynku na Grunwaldzie, z łatwym połączeniem komunikacyjnym. Mieszkanie znajduje się na 5 piętrze w 10-piętrowym budynku. - Ogrzewane jest z instalacji miejskiej. - Czynsz miesięczny wynosi ok. 350 zł. Przed zamieszkaniem wskazane jest odświeżenie/pomalowanie sufitów i ścian oraz wklejenie kilku płytek w łazience po wymianie pionu. Zainteresowanych zapraszam do kontaktu i oglądania na żywo, telefon kontaktowy.",tak,,,,,,52.395524,16.862732
Poznań Rataje,os. Piastowskie,2,43,420000,9767.0,bez pośredników,,9,https://adresowo.pl/o/mieszkanie-poznan-rataje-os-piastowskie-2-pokojowe-p6r1q6,https://s2.adresowa.pl/oi/39/4a/3e5a9a_6085_cover@2x-2-pokojowe-mieszkanie-poznan-rataje-os-piastowskie.webp,Poznań Rataje,os. Piastowskie,4,1968.0,blok,,"Sprzedam 2 pokojowe mieszkanie położone na 4 piętrze w niskim 4-piętrowym bloku na Osiedlu Piastowskim na poznańskich Ratajach. Mieszkanie o powierzchni łącznej 43,7 m² składa się z dwóch pokoi, kuchni, łazienki, korytarza oraz loggii. Do mieszkania przynależy także piwnica. Poza kuchnią, mieszkanie jest do remontu. Mieszkanie ma wschodnią ekspozycją okien. Ostatnie piętro i narożnikowe położenie zapewnia dużo światła, ładne widoki, więcej prywatności – brak sąsiadów nad głową. Świetna komunikacja z centrum, blisko Politechniki i AWF. W pobliżu sklepy i zielone tereny nad Wartą.",tak,,osobna,plastikowe,spółdzielcze własnościowe,,52.388409,16.944265
Poznań Centrum,ul. Garncarska,1,32,419000,13094.0,Pośrednik,,16,https://adresowo.pl/o/mieszkanie-poznan-centrum-ul-garncarska-1-pokoj-x1x1g3,https://s2.adresowa.pl/oi/2c/6f/3dceb8_8948_cover@2x-1-pokojowe-mieszkanie-poznan-centrum-ul-garncarska.webp,Poznań Centrum,Garncarska,3,1920.0,kamienica,,"Zapraszamy do zapoznania się z ofertą sprzedaży klimatycznej kawalerki o powierzchni 32,1 m², położonej w przedwojennej kamienicy w samym sercu Poznania przy ul. Św. Marcin. To wyjątkowa przestrzeń, łącząca charakter historycznej zabudowy z dopracowanym, spójnym stylem wnętrza. Mieszkanie zostało urządzone z dużą dbałością o detale w estetyce Boho Soft Luxury, wykorzystującej naturalne materiały, stonowane kolory i przytulne tekstury. Całość tworzy harmonijną przestrzeń sprzyjającą codziennemu komfortowi. Najważniejsze atuty: • Lokalizacja w ścisłym centrum miasta (ul. Św. Marcin) • Kamienica z klimatem i charakterem • Mieszkanie od strony dziedzińca - cisza i spokój • Wnętrze w stylu Boho Soft Luxury • Mieszkanie umeblowane i gotowe do zamieszkania • Funkcjonalny układ pomieszczeń • Dodatkowy schowek gospodarczy Mieszkanie składa się z: - Przestronnego salonu, - Otwartej kuchni, - Łazienki z prysznicem, - Korytarza, - Schowka gospodarczego. Budynek: Mieszkanie znajduje się w przedwojennej kamienicy, która zachowała swój unikalny charakter architektoniczny. Budynek posiada wewnętrzny dziedziniec, dzięki czemu lokal jest oddzielony od miejskiego zgiełku. Klatka schodowa oraz części wspólne utrzymane są w klimacie odpowiadającym historycznej zabudowie, co podkreśla wyjątkowy charakter nieruchomości. Lokalizacja: Ul. Św. Marcin to jedna z najbardziej rozpoznawalnych i cenionych lokalizacji w Poznaniu, zapewniająca dostęp do pełnej infrastruktury miejskiej. W zasięgu kilku minut spaceru znajdują się galerie handlowe, restauracje, kawiarnie, punkty usługowe oraz miejsca kultury. W pobliżu znajdują się również uczelnie wyższe, w tym Collegium Altum, a także liczne instytucje kulturalne, takie jak Filharmonia Poznańska czy Zamek Cesarski. Bliskość komunikacji miejskiej umożliwia wygodne poruszanie się po całym mieście. Zapraszamy do kontaktu w celu uzyskania dodatkowych informacji oraz umówienia się na prezentację mieszkania. Chętnie odpowiemy na wszystkie pytania oraz przedstawimy szczegóły dotyczące oferty. TEKTON PROPERTY TO NAJLEPSZE BIURO NIERUCHOMOŚCI W POLSCE WG KONKURSU LIDER NIERUCHOMOŚCI OTODOM 2020. Znajdź nas w swoim mieście: Gdańsk, ul. Chmielna 10 - Warszawa, Plac Dąbrowskiego 1/311 - Kraków, ul. Józefitów 7/4 - Poznań, ul. Wojskowa 6/D6 - Łódź, ul. Zachodnia 70 pok. 223, Opole, Gen. Tadeusza Kościuszki 1, lok. 1C. Podejmując współpracę z przedstawicielami Tekton Property zyskujesz: - oszczędność czasu, - weryfikację dokumentów od strony formalno-prawnej, - wsparcie agenta na każdym etapie transakcji, - pomoc przy uzyskaniu kredytu hipotecznego w kilkunastu bankach, - wgląd do umów przed zawarciem aktu notarialnego u sprawdzonych Notariuszy, - własne analizy makroekonomiczne i raporty z prowadzonych działań, - dostęp do cen transakcyjnych z okolicy. Skontaktuj się z opiekunem oferty, a on poprowadzi Cię przez wszystkie etapy transakcji. Zapraszamy do współpracy! Niniejsze ogłoszenie nie stanowi oferty handlowej w rozumieniu przepisów art. 66 k.c., a przedstawione dane mają charakter informacyjny.",,,,,własność,,52.406267,16.922317
Poznań Ogrody,ul. Janusza Meissnera,4,59,796500,13500.0,Pośrednik,,15,https://adresowo.pl/o/mieszkanie-poznan-ogrody-ul-janusza-meissnera-4-pokojowe-s0n7y2,https://s2.adresowa.pl/oi/44/78/3dad50_cd6d_cover@2x-4-pokojowe-mieszkanie-poznan-ogrody-ul-janusza-meissnera.webp,Poznań Ogrody,Janusza Meissnera,1,2022.0,,,"Poznań, os. Lotników | 59 m² | 4 pokoje | 1. piętro | balkon | 2022 | opcja miejsca w garażu podziemnym Na sprzedaż eleganckie, w pełni wyposażone mieszkanie o pow. 59 m² w inwestycji z 2022 r. na os. Nowe Ogrody. Układ: salon z aneksem kuchennym, 2 sypialnie, dodatkowy pokój/pralnia-pom. gospodarcze, łazienka, korytarz oraz balkon. Lokal położony na 1. piętrze nowoczesnego budynku na zadbanym, kameralnym osiedlu. Atuty wysoki standard wykończenia: stolarka na wymiar, spójna paleta materiałów (fornir/drewno, konglomerat, gres, spieki, armatura w zabudowie), oświetlenie szynowe, zasłony „od sufitu”; pełne wyposażenie – AGD w zabudowie (płyta indukcyjna, piekarnik, lodówko-zamrażarka, zmywarka, okap) + pralnia z zabudową i pralką; funkcjonalny układ 4-pokojowy: 2 sypialnie + salon z aneksem + osobne pomieszczenie gospodarcze/pralnia; balkon od strony wewnętrznej części osiedla; pierwsze piętro w nowym budynku; możliwość zakupu miejsca postojowego w garażu podziemnym. Rozkład Strefa dzienna: jasny salon z wyjściem na balkon, komfortowa sofa; aneks kuchenny w zabudowie „L” z długim blatem roboczym i miejscem na stół. Sypialnia główna: duża zabudowa szaf, TV, nastrojowe oświetlenie. Pokój 2: idealny na sypialnię dziecka/gościnną lub gabinet. Pralnia/pom. gospodarcze: praktyczna zabudowa z półkami i miejscem na chemię/akcesoria. Łazienka: wanna z funkcją prysznica i deszczownią, podwieszane WC, pojemne meble, grzejnik drabinkowy; eleganckie płytki (marmur/cegiełka w jodełkę). Lokalizacja i okolica Nowoczesne os. Lotników – zielone, zadbane otoczenie z placami zabaw, ścieżkami spacerowymi i infrastrukturą na co dzień: sklepy, punkty usługowe, przedszkola/szkoły w pobliżu. Sprawny dojazd do centrum i innych części Poznania (dogodne połączenia komunikacją miejską i szybki wyjazd na główne arterie). Okolica spokojna i estetyczna. Dodatkowo Miejsce w garażu podziemnym – do dokupienia (dodatkowo płatne). Czynsz administracyjny: OK. 1000 zł. Forma własności/KW: do wglądu. Cena: 795 000 zł (do negocjacji) Zapraszam na prezentację – mieszkanie gotowe do wprowadzenia, bez nakładów. Dodatkowe wyposażenie: 1. Kuchnia • zawiasy BLUM z cichym domykiem • górne szafki laminowane, dolne lakierowane • zabudowany piekarnik i mikrofalówka • płyta indukcyjna • okap z wyprowadzeniem do wentylacji • zabudowana duża lodówka • oświetlenie LED • zabudowana zmywarka 45 cm 2. Salon • dużo miejsca na ścianie do wyświetlania z projektora • duża rozkładana sofa z regulowanymi zagłówkami 3. Korytarz • oświetlenie schodowe • 2 szafki na buty i miejsce do siedzenia 4. Garderoba • osobna pralka i miejsce na suszarkę • półki 5. Łazienka • ogrzewanie podłogowe • instalacja podtynkowa Grohe z deszczownicą • duże lustro z dodatkowym oświetleniem • dużo miejsca do przechowywania 6. Sypialnia • okna wychodzące na wewnętrzną część budynku, bez ruchu samochodowego, z widokiem na dwa place zabaw • oświetlenie schodowe • schowane kable od telewizora w ścianie • drogi, wysokiej jakości materac Perdormire Libra Fresh 3.0 FSP 160x200 (aktualna cena nowego: 8 190 zł) • telewizor Samsung FRAME 50’’ z matowym ekranem i wymiennymi ramkami, bardzo przylegający do ściany 7. Pokój dziecięcy • okna wychodzące na wewnętrzną część budynku, bez ruchu samochodowego, z widokiem na dwa place zabaw",,,,,własność,"Wyposażenie: lodówka, mikrofalówka, piekarnik, pralka, suszarkę, telewizor, tv, zmywarka",52.419855,16.864547
Poznań Sołacz,ul. Nad Wierzbakiem,3,46,595881,12954.0,bez pośredników,,15,https://adresowo.pl/o/mieszkanie-poznan-solacz-ul-nad-wierzbakiem-3-pokojowe-l7u3u7,https://s2.adresowa.pl/oi/77/37/3e5a62_d4c4_cover@2x-3-pokojowe-mieszkanie-poznan-solacz-ul-nad-wierzbakiem.webp,Poznań Sołacz,Nad Wierzbakiem,3,1970.0,blok,,"Mieszkanie na Sołaczu w bloku z ok. 1970 r., ocieplonym i regularnie remontowanym. 3-pokojowe mieszkanie o powierzchni 46,3 m2 przy ul. Nad Wierzbakiem, składające się z: - salonu - 2 sypialni - kuchni z oknem - łazienki z toaletą - przedpokoju - balkonu Do mieszkania przynależy piwnica z oknem o powierzchni 2,9 m2. Mieszkanie znajduje się na 3. piętrze w 4-piętrowym budynku, bez windy. Do klatki schodowej wchodzi się od strony wewnętrznego dziedzińca z ogrodem, który widać z obu sypialni. Dzięki temu pomieszczenia są jasne i żaden sąsiad nie zagląda przez okna. Okna od strony ul. Nad Wierzbakiem wychodzą na ul. Drzymały, co gwarantuje zieleń i brak sąsiadów naprzeciwko. Lokal wyposażony w kuchnię wraz z zabudową, został profesjonalnie wysprzątany. Jest w dobrym stanie technicznym, natomiast wymaga odświeżenia (malowania, ew. cyklinowania parkietu zachowanego w bardzo dobrym stanie). Lokalizacja: - Przystanek autobusowy 150 m - Przystanek tramwajowy 230 m - Uniwersytet Przyrodniczy 850 m - Liceum Ogólnokształcące 300 m - Park Sołacki 230 m - Park Adama Wodziczki 300 m - Sklep spożywczy 400 m - Jezioro Rusałka 2 km W najbliższej okolicy znajdują się sklepy, parki, ścieżki spacerowe, rowerowe oraz place zabaw. Grunty pod budynkiem uregulowane, pełna własność. Mieszkanie posiada księgę wieczystą, więc istnieje możliwość posiłkowania się kredytem. Zapraszam do kontaktu.",tak,,,,własność,,52.421144,16.908575
Poznań Grunwald,ul. Juliusza Kossaka,1,20,319000,15950.0,bez pośredników,,10,https://adresowo.pl/o/mieszkanie-poznan-grunwald-ul-juliusza-kossaka-1-pokoj-v9p1h9,https://s2.adresowa.pl/oi/38/37/3e5602_cc37_cover@2x-1-pokojowe-mieszkanie-poznan-grunwald-ul-juliusza-kossaka.webp,Poznań Grunwald,Juliusza Kossaka,5,1930.0,kamienica,,"Kawalerka po remoncie w świetnej lokalizacji — sprzedaż bez pośredników Sprzedam bezpośrednio kawalerkę po remoncie, gotową do zamieszkania po wstawieniu mebli. Mieszkanie idealnie sprawdzi się również jako inwestycja pod wynajem — dzięki lokalizacji praktycznie wynajmuje się samo. Lokal znajduje się w bardzo dobrej lokalizacji, między Parkiem Wilsona a Areną, około 100 m od City Parku i 3 km od Starego Rynku. W pobliżu znajduje się doskonała komunikacja miejska, a dworzec kolejowy oddalony jest o około 1 km. Mieszkanie mieści się na ostatnim piętrze zadbanej, secesyjnej kamienicy po rewitalizacji. Budynek znajduje się na liście zabytków i jest pod opieką konserwatora. Ostatnie piętro zapewnia ciszę i spokój — nikt nie tupie nad głową. W mieszkaniu znajduje się aneks kuchenny z nowymi szafkami, lodówką i płytą elektryczną. Łazienka wyposażona jest w pralkę, piec gazowy, kabinę prysznicową, WC i umywalkę. Ogrzewanie gazowe. Dużym atutem jest możliwość podniesienia sufitu i stworzenia antresoli — nad mieszkaniem znajduje się ponad metr wolnej przestrzeni. Posiadam gotowy projekt architektoniczny aranżacji, zatwierdzony przez konstruktora i administrację budynku. Projekt jest w cenie mieszkania, a jego wartość rynkowa to ok. 7–10 tys. zł. Opłaty są bardzo niskie — czynsz wynosi 185 zł, gaz i prąd według zużycia. W budynku dostępna jest rowerownia. Widok z okna na bajkowe zachody słońca, Arenę, stadion Lecha. Mieszkanie posiada odrębną księgę wieczystą bez obciążeń. Lokal dostępny od razu po podpisaniu aktu notarialnego. Sprzedaż bez pośredników — jestem właścicielką, więc kupujący nie ponosi dodatkowych kosztów prowizji.",,,aneks,plastikowe,własność,Wyposażenie: pralkę,52.399831,16.897562
Poznań,Łazarz,2,43,540000,12558.0,bez pośredników,,8,https://adresowo.pl/o/mieszkanie-poznan-lazarz-2-pokojowe-43-m2-o3x4u0,https://s2.adresowa.pl/oi/12/65/3e55d6_86de_cover@2x-2-pokojowe-mieszkanie-poznan-lazarz.webp,Poznań Łazarz,,1,2019.0,kamienica,,"Przytulne 2 pokoje (43 m²) z dużym balkonem - Poznań, Łazarz Na sprzedaż wyjątkowe, 2-pokojowe jasne mieszkanie o powierzchni 43 m² z dużym balkonem. Lokal znajduje się na pierwszym piętrze kameralnej, odrestaurowanej kamienicy w doskonałej lokalizacji (okolice skrzyżowania ul. Głogowskiej i Hetmańskiej). Budynek jest dobrze usytuowany, co zapewnia ciszę. Dodatkowo, w najbliższym otoczeniu kamienicy znajduje się bujna zieleń. Układ i wnętrze Mieszkanie jest w bardzo dobrym stanie, gotowe do wprowadzenia bez nakładów finansowych. Salon z aneksem kuchennym: ekspozycja wschodnia. Stylowy wykusz wpuszcza do wnętrza dużo naturalnego światła z południa. Sypialnia: ekspozycja północna, z bezpośrednim wyjściem na duży balkon. Kuchnia: nowoczesna zabudowa IKEA, w pełni wyposażona w sprzęt AGD (płyta indukcyjna, piekarnik, zmywarka, lodówko-zamrażarka). Łazienka: ogrzewanie podłogowe zapewnia komfort korzystania z łazienki. Podłogi: w pokojach i przedpokoju ułożona jest trwała i elegancka deska bambusowa. Meble: w dużym pokoju jest duża/przestronna szafa 200cm/240cm. Budynek i udogodnienia Ogrzewanie: centralne, zasilane z nowoczesnego pieca gazowego umieszczonego w piwnicy. Parking: do mieszkania przynależy bezpłatne miejsce parkingowe tuż przy kamienicy. Dla rowerzystów: na terenie wspólnoty znajduje się zamykany garaż pełniący funkcję bezpiecznej rowerowni. Doskonała lokalizacja: Węzeł komunikacyjny Głogowska/Hetmańska gwarantuje świetny dojazd w każdym kierunku, szybki dojazd do dworców PKP/PKS oraz poznańskich uczelni. Infrastruktura: w najbliższej okolicy sklepy, punkty usługowe, przychodnie, szkoły i przedszkola. Rekreacja: zaledwie kilka kroków do Parku Kasprowicza i Areny. Opłaty (miesięczne) Czynsz do wspólnoty: ok. 700 zł (zawiera zaliczki na wodę i ogrzewanie, wywóz śmieci, koszty administracyjne oraz fundusz remontowy). Prąd: ok. 120 zł (według zużycia). Zapraszam do kontaktu i na prezentację mieszkania!",tak,tak,aneks,,,"Wyposażenie: piekarnik, zmywarka",52.398065,16.900067
Poznań Naramowice,ul. Tyrwacka,4,67,739000,11030.0,Pośrednik,,12,https://adresowo.pl/o/mieszkanie-poznan-naramowice-ul-tyrwacka-4-pokojowe-l9d4s9,https://s2.adresowa.pl/oi/4d/31/3dac56_380d_cover@2x-4-pokojowe-mieszkanie-poznan-naramowice-ul-tyrwacka.webp,Poznań Naramowice,Tyrwacka,3,1979.0,blok,,"Mieszkanie o powierzchni 67,6 m² w spokojnej części Poznania - Naramowice, ul. Tyrwacka. Poznaj szczegóły tej wyjątkowej oferty - to może być Twoje nowe miejsce do życia. Na sprzedaż 4-pokojowe mieszkanie o powierzchni 67,6 m², usytuowane na 3. piętrze w bloku. W skład nieruchomości wchodzą: ● kuchnia ● 4 niezależne pokoje (idealne jako sypialnie, pokój dziecięcy lub gabinet) ● łazienka ● wc ● balkon ● piwnica (3m²) Najważniejsze atuty: ● przestronne mieszkanie ● funkcjonalny układ pomieszczeń ● balkon oraz piwnica ● jasne wnętrza ● idealne dla rodziny lub pod inwestycję Nieruchomość położona jest w Poznaniu - Naramowice (ul. Tyrwacka), w bezpośrednim sąsiedztwie: ● komunikacji miejskiej - tramwaje, autobusy ● sklepów i punktów usługowych ● terenów zielonych i spacerowych ● ścieżek rowerowych ● szkół i przedszkoli To miejsce łączy wygodę życia w mieście z ciszą i dostępem do natury. Cena: 739 000 PLN Czynsz administracyjny: ok. 1000 PLN (w tym zaliczki na ciepłą i zimną wodę, ścieki, ogrzewanie, odpady) Miejsce postojowe: ogólnodostępne, możliwość wykupienia abonamentu na parkingu Opłaty za media: wg zużycia Możliwość negocjacji - zapytaj o szczegóły. Mieszkanie dostępne od zaraz. Zadzwoń lub napisz, aby umówić się na prezentację. Chętnie pokażę wszystkie atuty nieruchomości na żywo. To może być Twoje nowe mieszkanie- nie czekaj, sprawdź tę ofertę już dziś. ________________________________________________ Jeśli zastanawiasz się nad zakupem tej nieruchomości, ale nie jesteś pewien swojej zdolności kredytowej, mamy dla Ciebie świetną wiadomość! Współpracując z Movinest, możesz bezpłatnie sprawdzić swoją zdolność kredytową u renomowanego brokera. Skontaktuj się z nami, a pomożemy Ci przejść przez cały proces zakupu!",,,,,własność,,52.447705,16.942363
Poznań,ul. Mostowa,3,92,1520000,16522.0,Pośrednik,,22,https://adresowo.pl/o/mieszkanie-poznan-ul-mostowa-3-pokojowe-h6m9g6,https://s2.adresowa.pl/oi/1f/54/3d9fe2_7044_cover@2x-3-pokojowe-mieszkanie-poznan-ul-mostowa.webp,Poznań ,Mostowa,4,2019.0,apartamentowiec,,"Zapraszamy do zapoznania się z ofertą sprzedaży wyjątkowego mieszkania o powierzchni 92,37 m², położonego na 4. piętrze nowoczesnego apartamentowca z 2019 roku, w jednej z najbardziej atrakcyjnych lokalizacji Poznania. Nieruchomość łączy wysoki standard wykończenia, funkcjonalny układ oraz komfort życia w centrum miasta, przy jednoczesnym zachowaniu prywatności. Najważniejsze atuty: - Powierzchnia 92,37 m² i funkcjonalny układ pomieszczeń, - Salon z aneksem kuchennym (33,29 m²), - Balkon oraz dwa prywatne tarasy, - Klimatyzacja w każdym pomieszczeniu, - Dwie łazienki + możliwość wydzielenia trzeciego pokoju, - Wysoki standard budynku z ochroną i monitoringiem, - Ścisłe centrum - blisko Starego Rynku i terenów nad Wartą. Mieszkanie składa się z: - Przestronnego salonu z aneksem kuchennym i wyjściem na balkon, - Dwóch sypialni (każda z wyjściem na taras), - Garderoby (z możliwością aranżacji na dodatkowy pokój), - Dwóch łazienek z prysznicami, - Przedpokoju. Budynek: Nowoczesny apartamentowiec z 2019 roku, wykończony w wysokim standardzie, oferujący mieszkańcom komfort i bezpieczeństwo. Budynek wyposażony jest w windę, monitoring oraz całodobową ochronę. Zadbane części wspólne oraz kameralny charakter inwestycji wpływają na wysoki komfort codziennego życia. Do mieszkania przynależy miejsce postojowe w hali garażowej oraz komórka lokatorska (zakup obligatoryjny - 80 000 zł). Istnieje możliwość montażu ładowarki do samochodu elektrycznego. Lokalizacja: Nieruchomość położona jest w ścisłym centrum Poznania - zaledwie kilka minut spacerem od Starego Rynku oraz terenów rekreacyjnych nad Wartą. To idealne miejsce dla osób ceniących miejski styl życia, dostęp do kultury, gastronomii oraz terenów spacerowych. W bezpośrednim sąsiedztwie znajdują się liczne restauracje, kawiarnie, sklepy, siłownie, gabinety lekarskie oraz punkty usługowe. Dodatkowym atutem jest doskonała komunikacja - przystanki tramwajowe i autobusowe oddalone są o około 50 metrów, co zapewnia szybki dojazd do każdej części miasta. Opłaty: Czynsz administracyjny wynosi ok. 1470 zł (dla 2 osób). To propozycja dla osób poszukujących komfortowego mieszkania w prestiżowej lokalizacji, z dostępem do pełnej infrastruktury miejskiej. Zapraszamy do kontaktu w celu uzyskania dodatkowych informacji oraz umówienia się na prezentację mieszkania. Chętnie odpowiemy na wszystkie pytania oraz ustalimy dogodny termin spotkania. TEKTON PROPERTY TO NAJLEPSZE BIURO NIERUCHOMOŚCI W POLSCE WG KONKURSU LIDER NIERUCHOMOŚCI OTODOM 2020. Znajdź nas w swoim mieście: Gdańsk, ul. Chmielna 10 - Warszawa, Plac Dąbrowskiego 1/311 - Kraków, ul. Józefitów 7/4 - Poznań, ul. Wojskowa 6/D6 - Łódź, ul. Zachodnia 70 pok. 223, Opole, Gen. Tadeusza Kościuszki 1, lok. 1C. Podejmując współpracę z przedstawicielami Tekton Property zyskujesz: - oszczędność czasu, - weryfikację dokumentów od strony formalno-prawnej, - wsparcie agenta na każdym etapie transakcji, - pomoc przy uzyskaniu kredytu hipotecznego w kilkunastu bankach, - wgląd do umów przed zawarciem aktu notarialnego u sprawdzonych Notariuszy, - własne analizy makroekonomiczne i raporty z prowadzonych działań, - dostęp do cen transakcyjnych z okolicy. Skontaktuj się z opiekunem oferty, a on poprowadzi Cię przez wszystkie etapy transakcji. Zapraszamy do współpracy! Niniejsze ogłoszenie nie stanowi oferty handlowej w rozumieniu przepisów art. 66 k.c., a przedstawione dane mają charakter informacyjny.",,tak,,,własność,Wyposażenie: klimatyzacja,52.404538,16.939352
Poznań Podolany,ul. Jasielska,3,49,770000,15714.0,bez pośredników,,8,https://adresowo.pl/o/mieszkanie-poznan-podolany-ul-jasielska-3-pokojowe-h8q8z5,https://s2.adresowa.pl/oi/5a/49/3e54ae_561a_cover@2x-3-pokojowe-mieszkanie-poznan-podolany-ul-jasielska.webp,Poznań Podolany,Jasielska,4,2018.0,blok,,"Na sprzedaż wyjątkowe mieszkanie wykończone w wysokim standardzie, położone na nowoczesnym, zamkniętym osiedlu przy ul. Jasielskiej w Poznaniu. Idealne dla osób ceniących komfort, estetykę oraz spokojną i bezpieczną okolicę. Najważniejsze informacje: * 3 pokoje * salon z aneksem kuchennym w zabudowie * blok z końca 2018 roku * wysoki standard wykończenia * osiedle zamknięte i monitorowane * komórka lokatorska w cenie mieszkania * dużo ogólnodostępnych miejsc parkingowych na terenie osiedla * możliwość dokupienia lub wynajęcia miejsca w hali garażowej * balkon * nowoczesna zabudowa i funkcjonalny układ pomieszczeń. Mieszkanie zostało urządzone z dużą dbałością o detale i jest gotowe do wprowadzenia bez dodatkowych nakładów finansowych. Jasne wnętrza, elegancka kuchnia w zabudowie oraz przytulny salon tworzą spójną i komfortową przestrzeń do życia. Układ mieszkania obejmuje: * przestronny salon z aneksem kuchennym i wyjściem na balkon, * sypialnię, * dodatkowy pokój idealny na gabinet lub pokój dziecięcy, * łazienkę z wanną, * funkcjonalny przedpokój z miejscem do przechowywania. Osiedle jest spokojne, zadbane i bardzo dobrze skomunikowane z pozostałą częścią miasta. W pobliżu znajdują się sklepy, punkty usługowe, tereny zielone oraz przystanki komunikacji miejskiej. To idealna propozycja zarówno dla rodziny, jak i osób szukających nowoczesnego mieszkania pod inwestycje. Zapraszam do kontaktu oraz na prezentację mieszkania.",tak,tak,aneks,,,,52.443959,16.893797
Poznań Junikowo,ul. Jeleniogórska,3,66,887000,13439.0,bez pośredników,,7,https://adresowo.pl/o/mieszkanie-poznan-junikowo-ul-jeleniogorska-3-pokojowe-b6x1j6,https://s2.adresowa.pl/oi/61/1f/3e5448_2e00_cover@2x-3-pokojowe-mieszkanie-poznan-junikowo-ul-jeleniogorska.webp,Poznań Junikowo,Jeleniogórska,3,2018.0,blok,,"Sprzedam bezpośrednio mieszkanie 3-pokojowe, w pełni rozkładowe, przy ul. Jeleniogórskiej. Świetna lokalizacja, w pobliżu: sklepy (piekarnia ze świeżymi bułeczkami dostępna niemalże w szlafroku), punkty gastronomiczne, żłobek, przedszkole, szkoła, przychodnia lekarska, kościół, przystanki komunikacji miejskiej. W sąsiedztwie Lasku Marcelińskiego. Lokal mieszkalny o powierzchni 66,12 m2 składa się z: - salonu z aneksem kuchennym (26,24 m2) z zabudową kuchenną oraz wyjściem na dużą loggie, - holu (6,42 m2), - 2 pokoi (odpowiednio 12,4 m2; 11,82 m2), - łazienki z wanną z prysznicem oraz ogrzewaniem podłogowym (4,42m2), - garderoby (1,28 m2), - korytarza (3,54 m2). Układ pomieszczeń: północno-wschodni - południowo-zachodni. Nieruchomość usytuowana jest na 3 piętrze w 4-piętrowym, nowym budynku z windą, oddanym do użytku w 2018 roku. Do mieszkania należy wysoka komórka lokatorska (3,73 m2). Do mieszkania przynależy miejsce postojowe w hali garażowej (dodatkowo płatne 40000 zł). Do mieszkania podłączona jest instalacja fotowoltaiczna, zapewniająca 100% rocznego zapotrzebowania na prąd. Opłaty: ok. 850 zł/miesiąc - czynsz (ciepła i zimna woda, ogrzewanie, hala garażowa, opłaty wspólnoty). Dodatkowo, co 2 miesiące, opłaty stałe za energię elektryczną ok. 75 zł. Osiedle jest zamknięte, dużo zieleni, plac zabaw, oczko wodne. Cena za mieszkanie: 887000 zł + hala garażowa 40000 zł; Razem: 927000 zł.",tak,tak,aneks,,,,52.39065,16.848276
Poznań,Jeżyce,2,37,425000,11486.0,bez pośredników,,6,https://adresowo.pl/o/mieszkanie-poznan-jezyce-2-pokojowe-37-m2-h2u6u8,https://s2.adresowa.pl/oi/59/4f/3e52d2_d2b4_cover@2x-2-pokojowe-mieszkanie-poznan-jezyce.webp,Poznań Jeżyce,,1,,blok,,"Na sprzedaż mieszkanie 37m2 na Jeżycach, okolice Galla Anonima. Mieszkanie znajduje się na 1 piętrze. Posiada centralne ogrzewanie. Czynsz wynosi 600 zł. W budynku dostępne są: domofon, monitoring, brama na pilota do wjazdu na podwórko. Do mieszkania przynależy piwnica lub inne pomieszczenie gospodarcze w budynku. Cena: 425 000 zł. Kontakt telefoniczny: Zapraszamy!",tak,,,,,,52.432479,16.851545
Poznań Grunwald,ul. Smardzewska,3,61,769000,12607.0,Pośrednik,,18,https://adresowo.pl/o/mieszkanie-poznan-grunwald-ul-smardzewska-3-pokojowe-i9l6d9,https://s2.adresowa.pl/oi/26/52/3d9e44_662b_cover@2x-3-pokojowe-mieszkanie-poznan-grunwald-ul-smardzewska.webp,Poznań Grunwald,Smardzewska,2,2007.0,apartamentowiec,,"Zapraszamy do zapoznania się z ofertą sprzedaży 3-pokojowego mieszkania o powierzchni 61,23 m², położonego przy ul. Smardzewskiej na poznańskim Grunwaldzie. Nieruchomość znajduje się w spokojnej, zielonej części dzielnicy, zapewniającej komfort codziennego życia. Mieszkanie wyróżnia się funkcjonalnym układem oraz dobrym doświetleniem wnętrz, a dwa balkony stanowią dodatkową przestrzeń do wypoczynku. Układ pomieszczeń sprzyja wygodnemu użytkowaniu zarówno dla pary, jak i rodziny. Najważniejsze atuty: • Powierzchnia 61,23 m² i funkcjonalny układ • 3 niezależne pokoje • Dwa balkony • Budynek z 2007 roku z windą • Zamknięte, zadbane osiedle • Spokojna, zielona okolica • Pełna własność z księgą wieczystą Mieszkanie składa się z: - Salonu z aneksem kuchennym i wyjściem na balkon - Dwóch sypialni (w tym jedna z wyjściem na drugi balkon) - Łazienki - Przedpokoju Budynek: Budynek z 2007 roku utrzymany jest w bardzo dobrym stanie technicznym i wizualnym. Wyposażony jest w windę oraz rozwiązania ułatwiające codzienne funkcjonowanie, takie jak bezprogowe wejścia i szerokie ciągi komunikacyjne. Osiedle jest zamknięte i oddalone od głównych ulic, co zapewnia ciszę, prywatność oraz poczucie bezpieczeństwa. Na jego terenie dostępne są miejsca postojowe, a dodatkowo istnieje możliwość zakupu miejsca w hali garażowej. Lokalizacja: Nieruchomość położona jest na Grunwaldzie - jednej z najbardziej cenionych dzielnic Poznania, oferującej doskonałe połączenie zieleni i infrastruktury miejskiej. W najbliższej okolicy znajdują się sklepy, punkty usługowe, placówki edukacyjne oraz tereny rekreacyjne. Bliskość Lasku Marcelińskiego (ok. 15 minut spacerem) zapewnia możliwość aktywnego wypoczynku na świeżym powietrzu. Lokalizacja oferuje również bardzo dobrą komunikację - przystanki tramwajowe i autobusowe znajdują się w zasięgu kilku minut pieszo, co umożliwia szybki dojazd do centrum miasta. Dodatkowym atutem jest dogodny wyjazd w kierunku obwodnicy oraz autostrady A2, co ułatwia codzienne przemieszczanie się. Zapraszamy do kontaktu w celu uzyskania dodatkowych informacji oraz umówienia się na prezentację nieruchomości. Chętnie odpowiemy na wszystkie pytania oraz ustalimy dogodny termin spotkania z Państwem. TEKTON PROPERTY TO NAJLEPSZE BIURO NIERUCHOMOŚCI W POLSCE WG KONKURSU LIDER NIERUCHOMOŚCI OTODOM 2020. Znajdź nas w swoim mieście: Gdańsk, ul. Chmielna 10 - Warszawa, Plac Dąbrowskiego 1/311 - Kraków, ul. Józefitów 7/4 - Poznań, ul. Wojskowa 6/D6 - Łódź, ul. Zachodnia 70 pok. 223, Opole, Gen. Tadeusza Kościuszki 1, lok. 1C. Podejmując współpracę z przedstawicielami Tekton Property zyskujesz: - oszczędność czasu, - weryfikację dokumentów od strony formalno-prawnej, - wsparcie agenta na każdym etapie transakcji, - pomoc przy uzyskaniu kredytu hipotecznego w kilkunastu bankach, - wgląd do umów przed zawarciem aktu notarialnego u sprawdzonych Notariuszy, - własne analizy makroekonomiczne i raporty z prowadzonych działań, - dostęp do cen transakcyjnych z okolicy. Skontaktuj się z opiekunem oferty, a on poprowadzi Cię przez wszystkie etapy transakcji. Zapraszamy do współpracy! Niniejsze ogłoszenie nie stanowi oferty handlowej w rozumieniu przepisów art. 66 k.c., a przedstawione dane mają charakter informacyjny.",,tak,,,własność,,52.390435,16.861567
Poznań Wilda,ul. Fabryczna 40A,3,63,590000,9365.0,Pośrednik,,25,https://adresowo.pl/o/mieszkanie-poznan-wilda-ul-fabryczna-3-pokojowe-q0x6g1,https://s2.adresowa.pl/oi/45/11/3d9b0c_3510_cover@2x-3-pokojowe-mieszkanie-poznan-wilda-ul-fabryczna.webp,Poznań Wilda,Fabryczna 40A,1,1954.0,blok,,"Zapraszamy do zapoznania się z ofertą sprzedaży 3-pokojowego mieszkania o powierzchni 63 m², położonego przy ul. Fabrycznej 40A w poznańskiej Wildzie. Nieruchomość wyróżnia się funkcjonalnym układem oraz możliwością aranżacji według własnych potrzeb. Mieszkanie znajduje się w zadbanym budynku i stanowi dobrą bazę do stworzenia komfortowej przestrzeni do życia. Rozkład pomieszczeń zapewnia wygodę codziennego użytkowania. Najważniejsze atuty: • 3 niezależne pokoje • Oddzielna kuchnia z oknem • Balkon • Piwnica przynależna do mieszkania • Parking dla mieszkańców (wjazd na pilota) • Funkcjonalny układ pomieszczeń • Możliwość własnej aranżacji Mieszkanie składa się z: - Trzech pokoi, - Kuchni, - Łazienki z wanną, - Osobnego WC, - Przedpokoju, - Balkonu. Budynek: Mieszkanie znajduje się w zadbanym budynku, który jest utrzymany w dobrym stanie technicznym. Do dyspozycji mieszkańców jest parking z wjazdem na pilota, co zapewnia wygodę i bezpieczeństwo parkowania. Otoczenie budynku jest uporządkowane, a jego kameralny charakter wpływa na komfort codziennego życia. Stan techniczny: Mieszkanie przeznaczone jest do remontu, co pozwala na dostosowanie wnętrza do własnych oczekiwań oraz stylu. To rozwiązanie dla osób, które chcą urządzić przestrzeń według własnej wizji. Lokalizacja: Nieruchomość położona jest w dzielnicy Wilda - jednej z najbardziej rozpoznawalnych części Poznania, która łączy charakter miejskiej zabudowy z rozwiniętą infrastrukturą. W najbliższej okolicy znajdują się sklepy, restauracje, ryneczek oraz liczne punkty usługowe. Dużym atutem jest bliskość terenów zielonych, takich jak Park Jana Pawła II oraz Wartostrada, które sprzyjają spacerom i aktywności na świeżym powietrzu. Lokalizacja zapewnia również bardzo dobrą komunikację - przystanki tramwajowe i autobusowe (Pamiątkowa, Kosińskiego) znajdują się w odległości około 5 minut spacerem. Zapraszamy do kontaktu w celu uzyskania dodatkowych informacji oraz umówienia się na prezentację mieszkania. Chętnie odpowiemy na wszystkie pytania oraz ustalimy dogodny termin spotkania z Państwem. TEKTON PROPERTY TO NAJLEPSZE BIURO NIERUCHOMOŚCI W POLSCE WG KONKURSU LIDER NIERUCHOMOŚCI OTODOM 2020. Znajdź nas w swoim mieście: Gdańsk, ul. Chmielna 10 - Warszawa, Plac Dąbrowskiego 1/311 - Kraków, ul. Józefitów 7/4 - Poznań, ul. Wojskowa 6/D6 - Łódź, ul. Zachodnia 70 pok. 223, Opole, Gen. Tadeusza Kościuszki 1, lok. 1C. Podejmując współpracę z przedstawicielami Tekton Property zyskujesz: - oszczędność czasu, - weryfikację dokumentów od strony formalno-prawnej, - wsparcie agenta na każdym etapie transakcji, - pomoc przy uzyskaniu kredytu hipotecznego w kilkunastu bankach, - wgląd do umów przed zawarciem aktu notarialnego u sprawdzonych Notariuszy, - własne analizy makroekonomiczne i raporty z prowadzonych działań, - dostęp do cen transakcyjnych z okolicy. Skontaktuj się z opiekunem oferty, a on poprowadzi Cię przez wszystkie etapy transakcji. Zapraszamy do współpracy! Niniejsze ogłoszenie nie stanowi oferty handlowej w rozumieniu przepisów art. 66 k.c., a przedstawione dane mają charakter informacyjny.",,tak,,,własność,,52.388112,16.916064
Poznań Wilda,ul. Hetmańska,3,69,699000,10130.0,bez pośredników,,9,https://adresowo.pl/o/mieszkanie-poznan-wilda-ul-hetmanska-3-pokojowe-u7l2n0,https://s2.adresowa.pl/oi/18/3d/3e4f5c_c0b0_cover@2x-3-pokojowe-mieszkanie-poznan-wilda-ul-hetmanska.webp,Poznań Wilda,Hetmańska,3,1962.0,blok,,"Sprzedam prywatnie 3-pokojowe mieszkanie - Poznań Wilda, ul. Hetmańska. Na sprzedaż przestronne i funkcjonalne mieszkanie o powierzchni 69,27 m², położone na 3. piętrze w 6-piętrowym bloku z windą, na poznańskiej Wildzie przy ul. Hetmańskiej. Mieszkanie składa się z: • 3 pokoi • osobnej kuchni • łazienki • przedpokoju • dodatkowo do mieszkania przynależy piwnica. Lokal jest po remoncie, gotowy do zamieszkania lub wynajmu. Dzięki dużym oknom wnętrze jest bardzo dobrze doświetlone przez cały dzień. Układ mieszkania daje również możliwość wydzielenia dodatkowego pokoju, co czyni nieruchomość atrakcyjną także inwestycyjnie. Budynek z 1962 roku po termomodernizacji, z wymienionymi pionami wodno-kanalizacyjnymi. Na dachu znajduje się instalacja fotowoltaiczna. W budynku dostępny jest światłowód. Do dyspozycji mieszkańców są liczne ogólnodostępne miejsca parkingowe za szlabanem. Świetna lokalizacja: - Przystanek tramwajowy Rolna znajduje się naprzeciw wyjścia z bloku. - W pobliżu sklepy, punkty usługowe, szkoły i tereny spacerowe. - Szybki dojazd do centrum miasta. Najważniejsze atuty: - 69,27 m² + piwnica - 3 piętro z windą (3/6) - Mieszkanie po remoncie - Osobna kuchnia i łazienka - Jasne, dobrze doświetlone wnętrze - Czysta księga wieczysta - Parking za szlabanem - Światłowód w budynku - Możliwość wydzielenia dodatkowego pokoju - Idealne dla rodziny lub pod inwestycję. Sprzedaż prywatna. Zapraszam do kontaktu i umówienia prezentacji mieszkania. Powyższe ogłoszenie ma charakter informacyjny i nie stanowi oferty w rozumieniu Kodeksu Cywilnego. Pośrednikom nieruchomości dziękuję za kontakt.",tak,,osobna,plastikowe,,,52.383812,16.920407
Poznań Wilda,ul. Mieczysława Niedziałkowskiego,2,55,490000,8909.0,bez pośredników,,17,https://adresowo.pl/o/mieszkanie-poznan-wilda-ul-mieczyslawa-niedzialkowskiego-2-pokojowe-d7y0h5,https://s2.adresowa.pl/oi/65/64/3e4f50_bba9_cover@2x-2-pokojowe-mieszkanie-poznan-wilda-ul-mieczyslawa-niedzialkowskiego.webp,Poznań Wilda,Mieczysława Niedziałkowskiego,3,1959.0,kamienica,,"Zapraszam do zapoznania się z ofertą funkcjonalnego, w pełni umeblowanego mieszkania o powierzchni 55 m², położonego na 3. piętrze budynku przy ul. Niedziałkowskiego, jednej z najbardziej cenionych lokalizacji Poznania. Wyjątkowe otoczenie — park Drwęskich na wyciągnięcie ręki. Funkcjonalne mieszkanie z dwustronną wystawą okien na wschód i zachód: - Salon z dużym oknem i balkonem wychodzącym na spokojne podwórko. - Sypialnia z widokiem na park — codziennie budzisz się z widokiem na zieleń. - Kuchnia - w pełni wyposażona, również z widokiem na park. - Korytarz z wbudowaną szafą. - Łazienka z toaletą. Układ mieszkania i jego doświetlenie sprawia wrażenie, że wydaje się ono większe i bardzo przestronne. Opis mieszkania: - Miejskie ogrzewanie i ciepła woda. - Pełne wyposażenie kuchni: kuchenka z piekarnikiem, pralka, lodówka, zmywarka, meble kuchenne i naczynia. - Umeblowane pokoje: łóżko, rozkładana kanapa, stół, krzesła, szafy, komody, biurko. - Duże okna, niemal na całą ścianę w salonie i sypialni. - Podłogi - klepka parkietowa, a w kuchni i łazience kafelki. - Antywłamaniowe drzwi zewnętrzne, drzwi wewnętrzne w kolorze białym. - Okna plastikowe. - Piwnica. - Zamykane podwórko z możliwością parkowania samochodu. - Mieszkanie z Księgą Wieczystą. Lokalizacja premium - idealne miejsce dla osób ceniących wygodę i szybki dostęp do infrastruktury miejskiej: - Ulica bardzo czysta i zielona. Duży park na drugiej stronie ulicy. - Szkoła podstawowa - 100m. - Doskonała komunikacja z każdą częścią Poznania. Przystanki tramwajowe na ulicach Wierzbięcice i Górna Wilda. - Dworzec Główny i galeria Avenida w odległości krótkiego spaceru. - Blisko Starego Browaru, centrum miasta, restauracji, sklepów i usług. Dlaczego to mieszkanie jest wyjątkowe? - Widok na park w centrum miasta. - W pełni wyposażone — gotowe do wprowadzenia. - Jasne, ustawne wnętrza. - Doskonała komunikacja i prestiżowa lokalizacja. - Idealne zarówno do zamieszkania, jak i jako inwestycja. Cena 490 000 zł. Zapraszam do kontaktu i na prezentację.",tak,tak,osobna,,własność,"Wyposażenie: kuchenka, lodówka, piekarnik, pralka, zmywarka",52.399052,16.92257
Poznań Grunwald,ul. Ceglana,4,74,824560,11143.0,bez pośredników,,12,https://adresowo.pl/o/mieszkanie-poznan-grunwald-ul-ceglana-4-pokojowe-b3y5r9,https://s2.adresowa.pl/oi/16/1c/3e4974_fe35_cover@2x-4-pokojowe-mieszkanie-poznan-grunwald-ul-ceglana.webp,Poznań Grunwald,Ceglana,1,2023.0,blok,,"Zapraszam do zapoznania się z ofertą mieszkania zlokalizowanego w inwestycji Stara Cegielnia przy ul. Ceglanej w Poznaniu. Lokal o powierzchni 74,92 m² położony jest na pierwszym piętrze. Przemyślany układ oraz ustawne pomieszczenia sprawiają, że mieszkanie sprawdzi się zarówno jako miejsce do życia dla rodziny, jak i jako inwestycja pod wynajem. Rozkład mieszkania obejmuje: * Pokój dzienny z aneksem kuchennym - 22,72 m² * Trzy oddzielne sypialnie - 13,71 m², 9,49 m², 9,12 m² * Łazienkę - 5,34 m² * Dodatkową łazienkę (z miejscem na prysznic) - 3,39 m² * Korytarz - 11,21 m² * Balkon - 7,58 m² Salon z aneksem kuchennym posiada duże przeszklenia i korzystną ekspozycję, dzięki czemu wnętrze jest dobrze doświetlone. Ustawny układ pomieszczenia pozwala na wydzielenie części wypoczynkowej oraz jadalnianej. Aneks kuchenny z łatwością można zabudować w sposób funkcjonalny i estetyczny. Trzy sypialnie mają klasyczny układ, który ułatwia aranżację. Najmniejszą z nich można zaanektować do salonu, tworząc ok. 35 m² przestrzeni dziennej. Sypialnie mogą również pełnić funkcję pokoju dziecięcego, gabinetu lub pokoju gościnnego. Balkon o powierzchni ponad 7 m² dostępny jest z salonu i stanowi wygodną przestrzeń do odpoczynku. Dodatkowa łazienka z miejscem na prysznic zwiększa komfort codziennego użytkowania, szczególnie przy większej liczbie domowników. W przedpokoju zaplanowano przestrzeń na zabudowaną szafę. Do mieszkania przynależą dwa miejsca postojowe (po 45 000 zł), dwa pomieszczenia na jednoślady (po 7000 zł) oraz komórka lokatorska (w cenie 12 500 zł). Osiedle Stara Cegielnia to kameralna zabudowa, spójna architektonicznie i wyposażona w nowoczesne udogodnienia. Budynek posiada windę i halę garażową - z możliwością zakupu miejsca postojowego oraz komórki lokatorskiej. Grunwald-Górczyn to wygodna lokalizacja - dobrze skomunikowana z centrum, z rozwiniętą infrastrukturą handlowo-usługową i licznymi terenami zielonymi. W pobliżu znajdują się sklepy, szkoły, przedszkola oraz punkty usługowe. Zapraszam do kontaktu i umówienia prezentacji. Krzysztof",tak,tak,aneks,plastikowe,własność,,52.372556,16.861176
Poznań Strzeszyn,ul. Strzeszyńska 263,1,31,449000,14484.0,Pośrednik,,13,https://adresowo.pl/o/mieszkanie-poznan-strzeszyn-ul-strzeszynska-1-pokoj-a2t3i3,https://s2.adresowa.pl/oi/18/37/3d99d0_a69c_cover@2x-1-pokojowe-mieszkanie-poznan-strzeszyn-ul-strzeszynska.webp,Poznań Strzeszyn,Strzeszyńska 263,2,2009.0,blok,,"Na sprzedaż funkcjonalne mieszkanie o powierzchni 31,46 m², położone w spokojnej i zielonej części Poznania przy ul. Strzeszyńskiej 263. Podstawowe informacje: - powierzchnia: 31,46 m² - piętro: II (ostatnie) - budynek: 3-kondygnacyjny (parter + 2 piętra), kameralny tylko 10 lokali - klatka schodowa ""A"" - łącznie 4 mieszkania na dwóch piętrach - forma własności: pełna własność z księgą wieczystą (brak obciążeń) - przynależne miejsce postojowe - mieszkanie wyposażone i gotowe do zamieszkania - nie wymaga nakładów Układ mieszkania: - pokój dzienny 16 m² - przedpokój 2,6 m² - osobna, jasna kuchnia 8,20 m² - łazienka z wanną 4,6 m² Mieszkanie jest ustawne i dobrze doświetlone, a osobna kuchnia stanowi duży atut zarówno dla osób prywatnych, jak i inwestorów pod wynajem. Dodatkowe atuty: - nowy piec kondensacyjny Junkers/Bosch Cerapur 2200W (2024 r.) - kameralny budynek i spokojne sąsiedztwo (tylko 10 lokali) - ogrodzone i zamknięte osiedle z bramą na pilota - osobna kuchnia (rzadkość w kawalerkach) - miejsce postojowe (duży plus w tej lokalizacji) - brak nakładów - gotowe do wejścia - Strzeszyn - jedna z droższych dzielnic Poznania - dostęp do mieszkania z wewnętrznej klatki schodowej - wystawa okien: pokój dzienny (południowy-wschód), kuchnia (północny-zachód) - Niskie koszty utrzymania mieszkania (1 osoba): Mieszkanie charakteryzuje się ekonomicznym utrzymaniem, co stanowi duży atut zarówno dla właściciela, jak i inwestora. Szacunkowe miesięczne koszty: -czynsz do wspólnoty: 367 zł /mc (fundusz remontowy, eksploatacyjny, woda, śmieci, ścieki,) - prąd: ok. 100 zł /mc - gaz: średnio ok. 200 zł /mc Niskie opłaty eksploatacyjne w połączeniu z funkcjonalnym układem mieszkania i atrakcyjną lokalizacją sprawiają, że jest to bardzo dobra propozycja zarówno do zamieszkania, jak i pod wynajem. Lokalizacja: Nieruchomość położona jest w spokojnej, zielonej części Poznania na Strzeszynie, który cieszy się dużą popularnością wśród osób szukających komfortu życia z dala od miejskiego zgiełku, ale z dobrym dostępem do centrum. W najbliższej okolicy znajdują się: - tereny rekreacyjne i spacerowe (bliskość jezior i lasów) - sklepy spożywcze i punkty usługowe - przystanki komunikacji miejskiej -szybki dojazd do centrum Poznania oraz do obwodnicy Idealne dla: - singla lub pary - jako inwestycja pod wynajem - dla osób ceniących ciszę i kameralną zabudowę Zapraszam do kontaktu oraz na prezentację mieszkania.",,tak,osobna,plastikowe,własność,,52.461763,16.869976
Poznań Centrum,ul. Łąkowa,3,72,930000,12917.0,Pośrednik,,24,https://adresowo.pl/o/mieszkanie-poznan-centrum-ul-lakowa-3-pokojowe-h3q7s2,https://s2.adresowa.pl/oi/45/75/3d98f0_9f3a_cover@2x-3-pokojowe-mieszkanie-poznan-centrum-ul-lakowa.webp,Poznań Centrum,Łąkowa,4,1910.0,kamienica,,"Kupujący nie płaci prowizji! Zapraszam do zapoznania się z ofertą sprzedaży mieszkania zlokalizowanego w ścisłym centrum Poznania - przy ul. Łąkowej. Nieruchomość znajduje się w klimatycznej kamienicy i stanowi ciekawą propozycję zarówno dla osób szukających miejsca do życia, jak i dla inwestora. Mieszkanie o powierzchni 72,79 m² zostało funkcjonalnie podzielone na dwa niezależne lokale: studio oraz mieszkanie dwupokojowe. To rozwiązanie daje dużą elastyczność - możesz zamieszkać w jednej części, a drugą wynajmować i generować stały dochód lub potraktować całość jako gotowy produkt inwestycyjny. Atuty nieruchomości: ✔ funkcjonalny podział na dwa niezależne lokale - możliwość uzyskania dwóch źródeł dochodu ✔ lokalizacja w ścisłym centrum miasta - wysoki i stabilny popyt najemców ✔ mieszkanie ciche, położone przy spokojniejszej ulicy - komfort mimo centralnej lokalizacji ✔ gotowe do wprowadzenia - brak konieczności dużych nakładów na start ✔ elastyczny układ - możliwość dopasowania pod własne potrzeby lub model wynajmu ✔ zachowane elementy oryginalne - parkiet, drzwi, klimat kamienicy Dane techniczne: Piętro: 4/5 Powierzchnia: 72,79 m² Liczba pokoi: 3 (w tym podział na 2 lokale) Łazienki: 2 Forma własności: pełna własność z księgą wieczystą Ogrzewanie: gazowe Opłaty: ok. 600 zł (czynsz administracyjny, fundusz remontowy, woda wg zużycia) Układ mieszkania: Mieszkanie składa się z dwóch części: • studio: salon z aneksem kuchennym oraz łazienka - idealne pod wynajem krótkoterminowy lub dla singla • mieszkanie 2-pokojowe: salon z aneksem kuchennym, sypialnia, łazienka oraz dodatkowe pomieszczenie (garderoba lub możliwość aranżacji drugiej łazienki - przygotowane instalacje) Układ pozwala na pełną niezależność obu części lub wygodne korzystanie z całości jako jednego mieszkania. Standard mieszkania: Mieszkanie jest po remoncie i gotowe do wprowadzenia. Zachowany oryginalny parkiet oraz drzwi Mieszkanie odświeżone, zadbane i funkcjonalne To przestrzeń, którą można od razu wykorzystać - zarówno do zamieszkania, jak i pod wynajem, bez konieczności przeprowadzania kosztownych prac. Część wyposażenia pozostaje - do uzgodnienia Budynek: Kamienica z domofonem Klatka schodowa po renowacji, z zachowanymi elementami dekoracyjnymi Wymienione instalacje elektryczne oraz wodno-kanalizacyjne (ok. 10 lat temu) Piony kanalizacyjne wymienione ok. 2 lata temu Wspólnota mieszkaniowa (zarządzanie wewnętrzne) Fundusz remontowy w bardzo dobrej kondycji - nadpłata ok. 30 000 zł przypisana do lokalu Planowane prace: remont elewacji oraz dachu - co dodatkowo może wpłynąć na wzrost wartości nieruchomości w przyszłości Lokalizacja: Nieruchomość położona jest w ścisłym centrum Poznania, przy ul. Łąkowej. To miejsce, które pozwala w pełni korzystać z miejskiego stylu życia - wszystko masz w zasięgu kilku minut spacerem. Jednocześnie sama ulica pozostaje spokojniejsza, co zapewnia komfort codziennego funkcjonowania. Do najbliższych atrakcji należą: - Stary Browar 450m - Kupiec Poznański 400m - Stary Rynek 500 m - Akademia Wychowania Fizycznego 600m - liczne restauracje, kawiarnie i sklepy - tereny zielone i rekreacyjne Komunikacja miejska - Przystanek tramwajowy Łąkowa 90m - linie 2, 9, 19 , - Przystanek tramwajowy Wrocławska 400m - linie 3, 5, 8, 13, 16, - Przystanek tramwajowy i autobusowy AWF 450 m - linie [numer], 19 o[numer]2, 174, 176 Dodatkowe informacje: To mieszkanie daje realną możliwość połączenia wygodnego życia w centrum z inwestowaniem. Możesz tu zamieszkać i jednocześnie budować dochód pasywny lub w pełni wykorzystać potencjał najmu w jednej z najbardziej pożądanych lokalizacji w mieście. CENA - 930 000 zł",,,,,własność,,52.402259,16.933552
Poznań Nowe Miasto,os. Jagiellońskie,3,77,798500,10370.0,bez pośredników,,14,https://adresowo.pl/o/mieszkanie-poznan-nowe-miasto-os-jagiellonskie-3-pokojowe-c2n8n0,https://s2.adresowa.pl/oi/2f/5f/3e4878_bd4e_cover@2x-3-pokojowe-mieszkanie-poznan-nowe-miasto-os-jagiellonskie.webp,Poznań Nowe Miasto,os. Jagiellońskie,4,2021.0,blok,,"Oferuję na sprzedaż przestronne mieszkanie o powierzchni 77,20 m², mieszczące się na 4. piętrze w bloku. Nieruchomość jest w stanie do zamieszkania, co oznacza, że możesz wprowadzić się od razu. Mieszkanie jest wyposażone w niezbędne sprzęty: meble, pralkę, zmywarkę, lodówkę, kuchenkę oraz piekarnik. Wśród dodatkowych atutów znajdziesz: - balkon, idealny na relaks - piwnicę do przechowywania - windę, która ułatwia codzienne życie - oddzielną kuchnię dla większej wygody - oddzielną łazienkę i WC. Ogrzewanie jest miejskie, a okna plastikowe zapewniają dobrą izolację. W budynku zainstalowane są zabezpieczenia, takie jak drzwi antywłamaniowe oraz domofon. Dostęp do mediów to internet i telewizja kablowa. To idealna oferta dla osób szukających komfortowego miejsca do życia dla rodziny lub pod wynajem. Najlepsza lokalizacja w Poznaniu: obok Galeria Posnania i Malta, Jezioro Maltańskie, Politechnika Poznańska. Pod blokiem parking, Biedronka, przystanek tramwajowy, obok pętla autobusowa. W pobliżu szkoły, przedszkole, basen. Nie czekaj! Skontaktuj się, aby umówić się na prezentację.",tak,,osobna,plastikowe,własność,"Wyposażenie: internet, kuchenkę, lodówkę, piekarnik, pralkę, zmywarkę",52.393895,16.951841
Poznań Jeżyce,ul. Witolda Gombrowicza,2,48,680000,14167.0,bez pośredników,,8,https://adresowo.pl/o/mieszkanie-poznan-jezyce-ul-witolda-gombrowicza-2-pokojowe-d1p1p4,https://s2.adresowa.pl/oi/6f/21/3e47e6_cf2a_cover@2x-2-pokojowe-mieszkanie-poznan-jezyce-ul-witolda-gombrowicza.webp,Poznań Jeżyce,Witolda Gombrowicza,2,2004.0,blok,,"Sprzedam mieszkanie dostępne od zaraz do zamieszkania w przepięknej, zielonej części Poznania, otoczonej lasami i jeziorami. Do mieszkania przynależy garaż zaraz przy klatce wejściowej. Przed garażem jest miejsce postojowe na drugi samochód. Blok jest położony przy ślepej uliczce, dzięki czemu jest cisza i spokój. Odległość do najbliższych sklepów, poczty i przychodni: 150 metrów. Odległość do Kościoła: 150 metrów. W pobliżu znajduje się przystanek autobusowy - 150 m. Na osiedlu znajdują się 2 szkoły podstawowe, w tym jedna oddana do użytku w 2025 r. Od samego początku mieszkanie było zamieszkiwane przez jednego właściciela. Z okien, zarówno w sypialni jak i kuchni, jest widok na zieleń. Mieszkanie ma w sobie niepowtarzalny urok.",tak,tak,,plastikowe,własność,,52.447113,16.872393
Poznań Rataje,ul. Rzeczańska,2,49,870000,17755.0,bez pośredników,,7,https://adresowo.pl/o/mieszkanie-poznan-rataje-ul-rzeczanska-2-pokojowe-y7g1g0,https://s2.adresowa.pl/oi/4a/15/3e45f2_cfa1_cover@2x-2-pokojowe-mieszkanie-poznan-rataje-ul-rzeczanska.webp,Poznań Rataje,Rzeczańska,2,2020.0,blok,,"Sprzedam komfortowe mieszkanie o powierzchni 49,24 m², wybudowane w 2020 roku. Mieszkanie zlokalizowane jest na 2. piętrze w nowoczesnym, 4-piętrowym bloku z windą na spokojnych Ratajach. Mieszkanie wykończone jest w standardzie premium i gotowe do zamieszkania bez dodatkowych nakładów finansowych. W cenie pozostaje pełne wyposażenie, w tym meble oraz sprzęt AGD: pralka, zmywarka, lodówka, kuchenka i piekarnik. Dodatkowe atuty nieruchomości: • balkon • miejsce postojowe w hali garażowej - dodatkowo płatne 30 000 zł • winda • ogrzewanie miejskie • rolety antywłamaniowe • domofon/wideofon • monitoring i ochrona Okolica jest bardzo spokojna i dobrze skomunikowana. W pobliżu znajdują się liczne markety, sklepy oraz punkty usługowe, co zapewnia wygodę codziennego życia. Czynsz wynosi około 700 zł miesięcznie. To idealna propozycja zarówno dla osób szukających komfortowego miejsca do życia, jak i pod inwestycję. Sprzedaż bez pośredników. Proszę o kontakt telefoniczny.",,tak,,plastikowe,własność,"Wyposażenie: kuchenka, lodówka, piekarnik, pralka, zmywarka",52.38258,16.965083
Poznań Naramowice,ul. Karpia,3,59,740000,12542.0,Pośrednik,,24,https://adresowo.pl/o/mieszkanie-poznan-naramowice-ul-karpia-3-pokojowe-v3w0v4,https://s2.adresowa.pl/oi/2d/75/3d908a_f155_cover@2x-3-pokojowe-mieszkanie-poznan-naramowice-ul-karpia.webp,Poznań Naramowice,Karpia,4,2020.0,blok,,"Na sprzedaż: Nowoczesne mieszkanie w Poznaniu, Naramowice, ul. Karpia! MIEJSCE W HALI GARAŻOWEJ W CENIE! KUPUJĄCY NIE PŁACI PROWIZJI Bezpośrednio pod blokiem przystanek autobusowy nr 151. Oferujemy na sprzedaż przestronne mieszkanie z balkonem o powierzchni 59,68 m², położone na 4. piętrze w nowej inwestycji dewelopera Grupa Inwest z 2020 roku. Mieszkanie składa się z: • Pokoju dziennego z aneksem kuchennym o powierzchni 20,73 m², zabudowa kuchenna na zamówienie, wyposażona w płytę indukcyjną, lodówkę, zmywarkę, piekarnik oraz okap, wykończona w gresie szkliwionym Verona black. • Sypialnia 1: 14,04 m². • Sypialnia 2: 13,68 m². • Łazienka: 4,41 m², z nowoczesną kabiną prysznicową i WC, wykończona gressem Calacatta White w satynie. • Przedpokój: 4,41 m². Mieszkanie wyróżnia się funkcjonalnym układem i estetyką wykończenia wnętrz, na podłodze panele Classen Dąb i biała stolarka drzwiowa. Ekspozycja południowo-zachodnia zapewnia dużo naturalnego światła przez cały dzień. W budynku znajdują się windy oraz podziemna hala garażowa. Lokalizacja: Mieszkanie znajduje się w cichej i zielonej okolicy na ul. Karpia w Poznaniu, blisko terenów zielonych (rzeka Warta, rezerwat Żurawiniec). W pobliżu przedszkola, apteki, sklepy spożywcze, salony kosmetyczne, plac zabaw oraz restauracje - pełna infrastruktura handlowo-usługowa. Dobra komunikacja autobusowa i tramwajowa zapewnia łatwy dostęp do innych części miasta. Czynsz administracyjny wynosi 995 zł, w tym: • Fundusz remontowy • Zaliczka na zimną i ciepłą wodę • Śmieci • Centralne ogrzewanie • Eksploatacja • Utrzymanie nieruchomości wspólnej • Eksploatacja 2 miejsc postojowych Do mieszkania przynależy podwójne miejsce postojowe w hali garażowej. Dodatkowe informacje: Mieszkanie wyposażone w domofon oraz światłowód. Gotowe do wprowadzenia, nowoczesne wykończenie i wysoka jakość materiałów.",,tak,,,własność,"Wyposażenie: lodówkę, piekarnik, zmywarkę",52.44422,16.95715
Poznań Dębiec,ul. Czeremchowa,3,66,719000,10894.0,Pośrednik,,19,https://adresowo.pl/o/mieszkanie-poznan-debiec-ul-czeremchowa-3-pokojowe-u4u9m6,https://s2.adresowa.pl/oi/1b/6e/3d907e_b5f4_cover@2x-3-pokojowe-mieszkanie-poznan-debiec-ul-czeremchowa.webp,Poznań Dębiec,Czeremchowa,1,2016.0,blok,,"Komfortowe, dobrze skomunikowanego mieszkania położonego przy ul. Czeremchowej w Poznaniu. Lokal znajduje się w budynku z 2016 roku, powierzchnia 66,91 m². To przestronne i funkcjonalne mieszkanie z dwoma balkonami, idealne zarówno dla rodziny, jak i jako inwestycja pod wynajem. Podstawowe informacje: - powierzchnia: 66,91 m2 - budynek: 2016 rok - układ: 3 niezależne pokoje, kuchnia, łazienka - balkony: 2 - ekspozycja: południe + wschód salon: jasny, dobrze doświetlony, wyjście na duży balkon 2 ustawne sypialnie (jedna z wyjściem na drugi balkon, okna na wschód) kuchnia: zabudowa na wymiar + AGD łazienka: prysznic, WC, zabudowa do przechowywania Dodatkowo: możliwość wynajęcia mc w hali garażowej Lokalizacja i komunikacja: - przystanek tramwajowy - ok. 500 m - stacja PKP Poznań Dębiec - ok. 600 m - dojazd do Poznań Główny - ok. 5 minut - sklepy, usługi, szkoły, przedszkola w pobliżu - tereny zielone- Łęgi Dębińskie Lokalizacja to spokojna część Dębca, otoczona kameralną zabudową jednorodzinną. Dużym atutem jest bardzo dobra komunikacja, przystanek tramwajowy znajduje się w odległości ok. 500 m, a stacja PKP Poznań Dębiec ok. 600 m od budynku. Pociągi do centrum kursują co kilka minut w godzinach szczytu, a dojazd do stacji Poznań Główny zajmuje około 5 minut. W najbliższej okolicy dostępne są sklepy, punkty usługowe, szkoły i przedszkola oraz pełna infrastruktura miejska. Dodatkowym atutem są tereny zielone, w tym Łęgi Dębińskie, jedno z najbardziej atrakcyjnych miejsc rekreacyjnych w Poznaniu. Zapraszam do kontaktu i umówienia się na prezentację. Kontakt Kinga Dombek [numer]",,,,,,,52.373741,16.900027
Poznań Centrum,ul. Droga Dębińska,3,62,1359000,21919.0,bez pośredników,,11,https://adresowo.pl/o/mieszkanie-poznan-centrum-ul-droga-debinska-3-pokojowe-r2i9b8,https://s2.adresowa.pl/oi/56/46/3e45e4_b8bd_cover@2x-3-pokojowe-mieszkanie-poznan-centrum-ul-droga-debinska.webp,Poznań Centrum,Droga Dębińska,4,2020.0,apartamentowiec,,"Mam przyjemność zaprezentować Państwu w sprzedaży bezpośredniej unikatowy apartament, położony w kameralnej inwestycji w centrum Poznania, nad pięknym odcinkiem Warty. To doskonała propozycja dla osób ceniących komfort, wysoką jakość wykończenia i doskonały dostęp do miejskich udogodnień. LOKALIZACJA Osiedle Vilda Park ma ugruntowaną opinię topowego osiedla na mapie Poznania. Centrum miasta, kawiarenki, restauracje i tereny zielone są tutaj na wyciągnięcie ręki. Wartostrada, korty tenisowe, basen, ogród jordanowski, wybieg dla psów to tylko niektóre z ulubionych miejsc mieszkańców. Wkrótce w sąsiedztwie powstanie także nowoczesny park w miejscu stadionu im. E. Szyca. APARTAMENT Wnętrze zostało zaprojektowane przez cenione poznańskie biuro architektoniczne, z wysokiej jakości materiałów, z dbałością o najmniejsze detale. Duże przeszklenia sprawiają, że apartament jest doskonale doświetlony, a duży balkon stanowi naturalne przedłużenie przestrzeni wypoczynkowej. Całość wykończona wysokiej klasy materiałami, w tym naturalnym drewnem, co nadaje wnętrzu ciepła i elegancji. Funkcjonalna zabudowa na wymiar zapewnia maksymalizację powierzchni do przechowywania. W całym mieszkaniu zainstalowana została pełna klimatyzacja. Kolejnym atutem mieszkania jest jego położenie, na czwartym, ostatnim piętrze. Rozkład pomieszczeń został zaplanowany tak, aby zapewnić domownikom pełną swobodę i prywatność: - przestronny salon z aneksem kuchennym, z wysokiej klasy sprzętem AGD oraz wyjściem na balkon - komfortowa sypialnia z wyjściem na balkon - drugi, ustawny pokój idealny dla dziecka, gości czy gabinet - elegancka łazienka z wysokiej jakości armaturą DODATKOWE INFORMACJE Ogrzewanie miejskie, światłowód. Istnieje możliwość zakupu miejsca postojowego w hali garażowej oraz komórki lokatorskiej w cenie 119 000 PLN. Zapraszam do osobistej wizyty. Możliwość zakupu nieruchomości w takiej lokalizacji pojawia się niezwykle rzadko. Powyższa oferta ma charakter informacyjny i nie stanowi oferty handlowej w rozumieniu art. 66 § 31 Kodeksu cywilnego oraz innych właściwych przepisów prawnych.",tak,tak,aneks,plastikowe,własność,Wyposażenie: klimatyzacja,52.383996,16.929314
Poznań Grunwald,ul. Ognik,2,37,549000,14838.0,bez pośredników,,8,https://adresowo.pl/o/mieszkanie-poznan-grunwald-ul-ognik-2-pokojowe-j9i2b3,https://s2.adresowa.pl/oi/28/41/3e4556_4760_cover@2x-2-pokojowe-mieszkanie-poznan-grunwald-ul-ognik.webp,Poznań Grunwald,Ognik,4,,blok,,"Na sprzedaż mieszkanie 37,5 m2, 2 pokoje, ul. Ognik, Grunwald. Mieszkanie w pełni wyposażone, nie wymaga wkładu finansowego. Zapraszam do zapoznania się z ofertą sprzedaży 2-pokojowego mieszkania, znajdującego się w doskonałej lokalizacji, jaką jest ul. Ognik w Poznaniu. Atutem nieruchomości jest jej lokalizacja, która zapewnia wygodny dostęp do pełnej infrastruktury miejskiej oraz wszystkich niezbędnych udogodnień codziennego życia. W najbliższym otoczeniu znajdują się sklepy, punkty usługowe i placówki edukacyjne, a także bardzo dobra komunikacja miejska. NAJWAŻNIEJSZE INFORMACJE Powierzchnia mieszkania: 37,5 m2 Liczba pokoi: 2 Piętro: 4 Piwnica. OPIS MIESZKANIA Lokal o powierzchni 37,5m2 znajduje się na 4. piętrze. Na metraż lokalu składają się dwa niezależne pokoje, kuchnia, łazienka oraz przedpokój, co zapewnia wygodny podział przestrzeni i komfort codziennego użytkowania. Mieszkanie jest po generalnym remoncie, w skład którego wchodzi: - wymiana całej instalacji elektrycznej, - wymiana okien, - wygładzenie i wymalowanie ścian, - panele/płytki na podłogach, - meble na wymiar w kuchni i sypialni, - zamontowane rolety zewnętrzne. W mieszkaniu zostaje wszystko oprócz pralki i łóżka w sypialni. Metraże pomieszczeń: - salon - 16,78 m2 - sypialnia - 11,01 m2 - kuchnia - 4,64 m2 - łazienka - 2,54 m2 - przedpokój - 2,53 m2. LOKALIZACJA W bezpośrednim sąsiedztwie znajdują się sklepy, punkty usługowe oraz niezbędna infrastruktura, co zapewnia pełną wygodę funkcjonowania bez konieczności dalszych dojazdów. Ogromnym atutem jest również bardzo dobra komunikacja miejska - w pobliżu dostępne są przystanki tramwajowe i autobusowe, które umożliwiają szybki dojazd do centrum oraz innych dzielnic Poznania. Dużym atutem lokalizacji jest bliskość zaplecza akademickiego. W niedalekiej odległości znajduje się Uniwersytet Medyczny im. Karola Marcinkowskiego w Poznaniu, a także inne ważne uczelnie, takie jak Uniwersytet im. Adama Mickiewicza w Poznaniu oraz Politechnika Poznańska. Dzięki temu okolica jest atrakcyjna również dla studentów. W okolicy znajduje się również Lasek Marceliński - jedno z najpopularniejszych miejsc rekreacyjnych w tej części miasta, idealne na spacery, bieganie oraz wypoczynek na świeżym powietrzu. Najważniejsze punkty lokalizacyjne: Handel: sklep Żabka - 190 m (3 min) sklep Lidl - 240 m (4 min) sklep Biedronka - 550 m (6 min). Komunikacja: przystanek autobusowy Ognik - 240 m (4 min) - linie [numer] przystanek tramwajowy Grochowska 1300 m (15 min) - linie 1, 6, 13, 15 Dworzec Główny PKP - 4,5 km (15 min) Enea Stadion - 1500 m. Tereny zielone i rekreacja: Lasek Marceliński - 1300 m (15 min) Ogród botaniczny - 2 km. MIEJSCA POSTOJOWE Miejsca postojowe niestrzeżone. STAN TECHNICZNY Mieszkanie wyremontowane, gotowe do wprowadzenia. INSTALACJE Wod-kan (ciepła woda z cieplika miejskiego). Ogrzewanie z cieplika miejskiego. Prąd. STAN PRAWNY Nieruchomość stanowi spółdzielcze własnościowe prawo do lokalu mieszkalnego. OPŁATY Miesięczny czynsz do wspólnoty mieszkaniowej dla 2 osób wynosi ok. 878 zł. Dodatkowo płatny prąd. Założony światłowód. Zapraszam do kontaktu.",tak,,,,spółdzielcze własnościowe,,52.4073,16.869538
Poznań Junikowo,os. Mikołaja Kopernika,2,42,569000,13548.0,bez pośredników,,8,https://adresowo.pl/o/mieszkanie-poznan-junikowo-os-mikolaja-kopernika-2-pokojowe-k9a8z2,https://s2.adresowa.pl/oi/5d/4d/3e44fc_4487_cover@2x-2-pokojowe-mieszkanie-poznan-junikowo-os-mikolaja-kopernika.webp,Poznań Junikowo,os. Mikołaja Kopernika,8,,blok,,"Oferuję na sprzedaż funkcjonalne mieszkanie z balkonem w super lokalizacji na os. Kopernika Poznań. Mieszkanie znajduje się na cichym osiedlu, z dostępem do usług: sklepy, szkoły, przedszkola, basen, kościół, przychodnie, tereny zielone - duży park, place zabaw. Osiedle bardzo dobrze skomunikowane z centrum miasta: autobusy i tramwaje, w niedalekiej odległości stacja PKP Poznań Górczyn. Szybki dojazd do autostrady. Mieszkanie znajduje się w bloku na 8 piętrze z 11. Na piętrze 4 mieszkania, każde z dwóch mieszkań posiada dodatkowe drzwi, zabezpieczające dostęp do mieszkania. Klatki schodowe po remoncie, dwie windy nowe, sprawnie działające. Mieszkanie jest częściowo umeblowane - pozostaje zabudowa w salonie, korytarzu, kuchni oraz szafki w łazience i WC. Na wyposażeniu pozostaje również sprzęt AGD, tj. zmywarka, piekarnik i płyta gazowa. Mieszkanie przeszło generalny remont. Wymieniono całą instalację elektryczną, wodno-kanalizacyjną, gazową. Wymieniono wszystkie kaloryfery. Ściany gipsowane i wygładzone. Na podłogach panele w pokojach, w pozostałych pomieszczeniach płytki. Wymieniono wszystkie okna (plastikowe) i drzwi z futrynami (wewnętrzne i zewnętrzne). Wszystkie okna zabezpieczone klamkami na zamek i z zamontowanymi moskitierami. Na oknach zamontowane rolety materiałowe. Mieszkanie jest w dobrym stanie, gotowe do zamieszkania. Ekspozycja okien wschód i południe, co sprawia, że mieszkanie jest doświetlone przez cały dzień. Mieszkanie jest środkowe, co znacznie ogranicza koszty ogrzewania. Dodatkowo w łazience znajduje się nie liczonikowany kaloryfer, z którego ciepło rozchodzi się na pozostałe pomieszczenia. W łazience znajduje się wanna ze szklanym składanym parawanem oraz umywalka. Pod szafką miejsce na pralkę. Osobne pomieszczenie WC. Osobna kuchnia z oknem, z meblami w zabudowie, wyposażona w płytę gazową, piekarnik i zmywarkę. W salonie meble w zabudowie. Z salonu wyjście na duży balkon, zabezpieczony siatką. Z balkonu można podziwiać widok na miasto. To idealne miejsce na poranną lub popołudniową kawę. Drugi pokój może pełnić funkcję sypialni lub pokoju dla dzieci. DODATKOWE ATUTY: Piwnica w cenie. Ogólnodostępna suszarnia dla mieszkańców. Miejsca postojowe przy budynku oraz bezpłatne parkingi. Wejście do bloku zabezpieczone domofonem. Ciepła woda i ogrzewanie z cieplika miejskiego. Dostęp do Internetu / w mieszkaniu doprowadzony światłowód. STAN PRAWNY: Spółdzielcze własnościowe prawo z Księgą Wieczystą. Jest możliwość dokupienia murowanego garażu tuż przy bloku, widocznego z balkonu w cenie 120 000 zł. Zapraszam do kontaktu celem umówienia prezentacji.",tak,tak,osobna,,spółdzielcze własnościowe,"Wyposażenie: internet, piekarnik, pralkę, zmywarka, zmywarkę",52.405679,16.931277
Poznań Grunwald,ul. Raszyńska,2,41,495000,12073.0,Pośrednik,,20,https://adresowo.pl/o/mieszkanie-poznan-grunwald-ul-raszynska-2-pokojowe-o3k3k2,https://s2.adresowa.pl/oi/26/2a/3d9074_49f4_cover@2x-2-pokojowe-mieszkanie-poznan-grunwald-ul-raszynska.webp,Poznań Grunwald,Raszyńska,2,1970.0,blok,,"Na sprzedaż dwupokojowe mieszkanie o pow. 41,8 m2 położone w Poznaniu przy ul. Raszyńskiej. Lokal znajduje się na 2 piętrze w czteropiętrowym bloku wybudowanym pod koniec lat 60tych. Mieszkanie bardzo ładne, zadbane, do wprowadzenia. Rozkład pomieszczeń: - salon z balkonem - sypialnia - niezależna kuchnia z oknem - łazienka z wanną - korytarz Wystawa okien: sypialnia i kuchnia - pn-wsch, salon - pd-zach. Blok po termomodernizacji i wymianie instalacji gazowej. Generalny remont mieszkania został przeprowadzony w 2014 roku (bez wymiany okien). Instalacja elektryczna miedziana. Mieszkanie ogrzewane z cieplika miejskiego, gaz do kuchenki i ogrzewania wody (piec Junkers). Piekarnik elektryczny. Czynsz ok. 565 zł (w tym zaliczki na ogrzewanie, wodę i ścieki, fundusz remontowy, wywóz śmieci). Dodatkowo płatny prąd i gaz wg zużycia. Do mieszkania przynależy piwnica. Możliwość pozostawienia części umeblowania (do uzgodnienia). Lokalizacja idealna zarówno dla rodzin jak i dla studentów. W najbliższej okolicy znajdują się żłobki, przedszkola oraz szkoły podstawowe. W bliskiej odległości sklepy spożywcze: Biedronka, Aldi oraz Żabki. W odległości ok. 750m znajduje się galeria handlowa N-PARK. Przystanek autobusowy w odległości ok. 350m. Spółdzielcze własnościowe prawo do lokalu z założoną księgą wieczystą. Mieszkanie dostępne do uzgodnienia. Możliwość zamiany na mieszkanie 2 pokojowe w Kołobrzegu. Osoba do kontaktu: Natalia Gembicka tel. [numer]",,,,,spółdzielcze własnościowe,Wyposażenie: piekarnik,52.388111,16.872182
Poznań Wilda,ul. Jana Umińskiego 5,2,39,520000,13333.0,Pośrednik,,16,https://adresowo.pl/o/mieszkanie-poznan-wilda-ul-jana-uminskiego-2-pokojowe-q0n8j3,https://s2.adresowa.pl/oi/3d/25/3d9072_4700_cover@2x-2-pokojowe-mieszkanie-poznan-wilda-ul-jana-uminskiego.webp,Poznań Wilda,Jana Umińskiego 5,parter,1910.0,kamienica,,"Na sprzedaż mieszkanie 2 pokojowe o powierzchni 39,81 m2 przy ulicy Umińskiego 5 na Wildzie. Mieszkanie znajduje się na wysokim parterze w kamienicy po remoncie. Lokal składa się z: - przedpokoju o pow. 4,21 m2, - łazienki o pow. 2,58 m2, - kuchni o pow. 8,37 m2, - pokoju dziennego o pow. 14,68 m2, - pokoju o pow. 9,97 m2. Ogrzewanie gazowe (piec dwufunkcyjny). Do lokalu przynależy piwnica. Mieszkanie po remoncie. Niskie opłaty: - fundusz remontowy - 2,81 zł za m2, - eksploatacja - 2,50 zł za m2. Atutem mieszkania jest lokalizacja, z której łatwo i szybko dostać się do centrum miasta, na dworzec PKP, do galerii Avenida czy Starego Browaru. Sklepy - Żabka i Biedronka, apteki, usługi. Żłobek, szkoła i przedszkole w promieniu 200 m. Wilda jest dzielnicą lubianą za dużą ilość restauracji i przyjemnych kawiarni. Mieszkanie idealne na zakup pod wynajem.",,,,,własność,,52.389796,16.913246
Poznań Jeżyce,ul. Polna 19,1,34,513560,15105.0,bez pośredników,,12,https://adresowo.pl/o/mieszkanie-poznan-jezyce-ul-polna-1-pokoj-g8h8l3,https://s2.adresowa.pl/oi/50/33/3e4258_97f8_cover@2x-1-pokojowe-mieszkanie-poznan-jezyce-ul-polna.webp,Poznań Jeżyce,Polna 19,4,2006.0,blok,,"Sprzedam kawalerkę (z opcją wydzielenia dodatkowego pomieszczenia z oknem). Kawalerka znajduje się na ul. Polnej 19 na Jeżycach, 2 min. do przystanku tramwajowego na ul. Dąbrowskiego, obok Biedronka i mnóstwo kafejek i restauracji. Do rynku jeżyckiego ok. 10 min. pieszo. Do rynku głównego 15 min. tramwajem. Mieszkanie położone jest na 4 piętrze, w głębi korytarza, więc jest cisza i spokój. Jest ciepłe i słoneczne, okna wychodzą na tył budynku na podwórko. Jest w pełni wyposażone i gotowe do zamieszkania. Sąsiedztwo bardzo spokojne. Mieszkanie zostało odświeżone i przemalowane na biało rok temu. Jest gotowe do zamieszkania. W kuchni lodówka, piekarnik i płyta ceramiczna. W łazience kabina prysznicowa. W budynku nie ma gazu. Aneks kuchenny jest wydzielony (jest możliwość przerobienia go na osobną sypialnię). W budynku znajdują się 2 windy, mieszkanie posiada spory balkon. Jest możliwość wykupienia dodatkowo miejsca postojowego w hali garażowej (w pobliżu windy) - 65.000 zł. Mieszkanie wolne od lipca 2026. Sprzedaje właściciel bezpośrednio. Zapraszam.",,tak,osobna,plastikowe,własność,"Wyposażenie: lodówka, piekarnik",52.41193,16.896659
Poznań Wilda,ul. Czechosłowacka,2,44,545000,12386.0,bez pośredników,,18,https://adresowo.pl/o/mieszkanie-poznan-wilda-ul-czechoslowacka-2-pokojowe-m6f5s7,https://s2.adresowa.pl/oi/69/3c/3e4032_36cf_cover@2x-2-pokojowe-mieszkanie-poznan-wilda-ul-czechoslowacka.webp,Poznań Wilda,Czechosłowacka,3,1964.0,blok,,"To może być Twoja bezpieczna przystań! Zadbane, przyjemne mieszkanie z dobrą energią, poleca się do kupna. Mieszkanie w stanie ""do wejścia"". Gdyby nie względy osobiste, to NIE chciałabym go sprzedać. Gdzie ono jest? Na Zielonym Dębcu! A formalnie to na zbiegu Wildy i Dębca, w bardzo bliskim sąsiedztwie Lasku Dębińskiego. Czechosłowacka 11 - czy to Twój nowy adres? W odświeżonym (czyszczenie i malowanie elewacji + malowanie klatki schodowej) bloku z cegły, z lat 60., gdzie parę lat temu gruntownie wyremontowano również balkony, na 3 piętrze znajduje się mieszkanie o powierzchni 44m2. Składają się na nie: - Mały przedpokoik (ALE z dużą szafą przesuwną z lustrem, szafkami na obuwie i wieszakiem ściennym) - Salon z wyjściem na balkon, do garderoby, kuchni i kolejnego przedpokoju - Kuchnia z AGD w bardzo dobrym stanie - Drugi przedpokój prowadzący do łazienki i sypialni - Mała łazienka (ALE z wanną z parawanem, pralką i wejdzie też spora kuweta dla kota ;) - Sypialnia z m.in. dwoma wiszącymi źródłami światła i gniazdem telewizyjnym - Do tego poza mieszkaniem jest oczywiście piwnica na rower, przetwory, wino lub cokolwiek :) Ważne informacje: - W 2018 mieszkanie przeszło gruntowny remont z m.in. wymianą instalacji elektrycznej, grzejników, cyklinowaniem parkietu, wymianą drzwi wewnętrznych, malowaniem wszystkich pomieszczeń, powstały także kompletnie nowa łazienka oraz kuchnia - Czynsz wynosi 700 zł (ogrzewanie, woda, śmieci, fundusz remontowy, sprzątanie części wspólnych) - Światłowód jest (obecnie PLAY) - Ekspozycja północ-południe - Z wnęki w salonie wydzielono garderobę - to wielka wygoda i sporo zaoszczędzonego miejsca w sypialni - Balkon zabezpieczony siatką (wykonawca gwarantował, że ""utrzyma dwa koty;"") i wyposażony w półeczki wspinaczkowe (oczywiście dla kota) - Całe mieszkanie, jak i sprzęty - ogólnie bardzo ZADBANE, w mieszkaniu mieszkała jedna osoba - Okna plastikowe, okno kuchenne wymienione podczas remontu w 2018 - Księga wieczysta bez obciążeń oraz brak jakichkolwiek zadłużeń Zalety: - Wszystko co opisano powyżej ;) - Balkon, na którym nie zobaczy Cię żaden z sąsiadów - Zielona i spokojna okolica, ścieżki rowerowe, mnóstwo miejsc na spacery - Sympatyczni i bezproblemowi sąsiedzi - Stojak na rowery przed wejściem do budynku - W bliskiej odległości ok. 300 m - Lasek Dębiński oraz duży park wraz z poligonem dla psiaków ;) - W odległości 200 m - przystanek autobusowy w stronę miasta - Naprawdę bliskie sąsiedztwo żłobków (np. po drugiej stronie ulicy), przedszkoli i szkół - Sklep spożywczy na osiedlu - Bliskość zjazdu na autostradę A2 Wady: - brak windy - brak wyznaczonego miejsca parkingowego (miejsca są ogólnie dostępne) Bonus: - W cenie mieszkania znajduje się większość umeblowania (m.in. całe duże AGD, sofa, wiszące szafki i półki w pokojach, oświetlenie sufitowe, regały w garderobie, łóżko), ALE jeśli kupujący zechce kupić całe wyposażenie lub czegoś nie zechce - wszystko do rozważenia - TV i mini siłownia widoczna na zdjęciach także wchodzi w grę;) SERDECZNIE DZIĘKUJĘ POŚREDNIKOM - nie jestem zainteresowana współpracą :( o ile nie macie Państwo klienta na to mieszkanie, proszę nie dzwonić. Jeśli nie mogę odebrać, proszę o SMS.",tak,,osobna,plastikowe,,Wyposażenie: tv,52.36937,16.912706
Poznań Rataje,os. Armii Krajowej,3,47,459000,9766.0,bez pośredników,,6,https://adresowo.pl/o/mieszkanie-poznan-rataje-os-armii-krajowej-3-pokojowe-g1g5r8,https://s2.adresowa.pl/oi/53/17/3e3f66_b364_cover@2x-3-pokojowe-mieszkanie-poznan-rataje-os-armii-krajowej.webp,Poznań Rataje,os. Armii Krajowej,4,1973.0,blok,,"Sprzedam mieszkanie o powierzchni ok. 47,2m² na 4. piętrze w 4-piętrowym bloku. Blok jest położony na spokojnym osiedlu z dużą ilością zieleni. Nieruchomość jest gotowa do zamieszkania w ciągu dwóch tygodni. Mieszkanie posiada niezależny układ pomieszczeń i składa się z trzech osobnych pokoi, oddzielnej kuchni oraz łazienki z WC. Mieszkanie jest wyposażone w niezbędne sprzęty AGD, takie jak pralka, piekarnik elektryczny, kuchenka gazowa oraz lodówka. W salonie znajduje się komplet mebli. Posiada duży balkon, co daje możliwość relaksu na świeżym powietrzu. Do mieszkania przynależy komórka lokatorska w piwnicy. Mieszkanie znajduje się na Ratajach w Poznaniu. W pobliżu znajdują się: - przystanek autobusowy (ok. 4 min) - przystanek tramwajowy (ok. 4 min) - ryneczek, piekarnie, sklepy mięsne i z nabiałem - szkoła podstawowa, liceum, przedszkole i żłobek - plac zabaw - kościół - parki: Park Nad Wartą, Park Rataje - sklepy: Carrefour Market, Biedronka, Selgros - Pasaż Rondo Dodatkowo w okolicy bloku jest wiele innych sklepów i usług. W bloku jest dostęp do światłowodu. Miejsca do parkowania są dostępne na terenie osiedla i nie ma strefy płatnego parkowania. Okolica zapewnia wygodę życia oraz dostęp do wszelkich udogodnień.",tak,,osobna,,,"Wyposażenie: kuchenka, lodówka, piekarnik, pralka",52.38009,16.951488
Poznań Winogrady,ul. Czapla,3,62,850000,13710.0,Pośrednik,,31,https://adresowo.pl/o/mieszkanie-poznan-winogrady-ul-czapla-3-pokojowe-d8a3v9,https://s2.adresowa.pl/oi/36/7c/3d9070_7468_cover@2x-3-pokojowe-mieszkanie-poznan-winogrady-ul-czapla.webp,Poznań Winogrady,Czapla,3,,blok,,"Oferta SPRZEDAŻY mieszkania 3 pokojowego na Wilczaku, ul. Czapla. powierzchnia 62,2 m2 piętro 3/4 balkon od strony Warty, z pięknym widokiem na tereny zielone nad Wartą salon z kuchnią w aneksie, z klimatyzacj kuchnia wyposażona we wszystkie niezbędne sprzęty AGD (piekarnik, czajnik, mikrofalówka SMEG, lodówka i zamrażalnik w zabudowie WHIRLPOOL, płyta ceramiczna, wyciąg kuchenny) sypialnia z dużym łóżkiem, TV i szafą garderobianą sypialnia druga, opcjonalnie gabinet do pracy łazienka z wanną garderoba z pralką i suszarką (BECK) Czynsz administracyjny ok. 1000 zł. Miejsce postojowe naziemne - teren zamknięty szlabanem. Mieszkanie w fenomenalnej lokalizacji, bardzo dobrze skomunikowane. dodatkowym atutem jest położenie parę kroków od zielonych terenów Wartostrady i wszystkich atrakcji do aktywnego spędzania czasu, spacerów, punktów gastronomicznych- między innymi Ogród Szeląg, Plaża Miejska Poznań na Szelągu, Park Szelągowski, Wodospad Szeląg. Cena: 850.000 zł",,,,,spółdzielcze własnościowe,"Wyposażenie: lodówka, mikrofalówka, piekarnik, tv",52.429023,16.952467
Poznań Łazarz,ul. Śniadeckich,5,126,1395000,11071.0,Pośrednik,,21,https://adresowo.pl/o/mieszkanie-poznan-lazarz-ul-sniadeckich-5-pokojowe-y5i8d0,https://s2.adresowa.pl/oi/78/35/3d906e_a41d_cover@2x-5-pokojowe-mieszkanie-poznan-lazarz-ul-sniadeckich.webp,Poznań Łazarz,Śniadeckich,1,,blok,,"Na sprzedaż: 5 kawalerek inwestycyjnych - Ścisłe Centrum, ul. Śniadeckich, Poznań Cena: 1 395 000 PLN Powierzchnia całkowita: 136 m² Powierzchnia użytkowa: 126 m² Piwnica: 9,45 m² Przedmiotem sprzedaży jest wyjątkowa nieruchomość inwestycyjna położona w samym centrum Poznania - przy ul. Śniadeckich. Lokal o łącznej powierzchni 136 m² został podzielony na 5 kompletnie wyposażonych, samodzielnych kawalerek, każda z własną kuchnią i łazienką. Wszystkie jednostki są obecnie wynajęte i generują stabilny, przewidywalny dochód, a obsługą najmu zajmuje się profesjonalna firma Mzuri. Idealna inwestycja dla osób szukających gotowca inwestycyego. 8 lat temu wykonano generalny remont całego lokalu: - nowe instalacje elektryczne - nowe instalacje wodne - nowe instalacje centralnego ogrzewania - wymieniany jest piec gazowy oraz cała instalacja przyłączeniowa Nieruchomość znajduje się w jednej z najlepiej skomunikowanych części miasta: 2 minuty do Parku Wilsona i Palmiarni 3 minuty do przystanku tramwajowego 5 minut pieszo na Międzynarodowe Targi Poznańskie Wokół pełna infrastruktura: sklepy, restauracje, uczelnie, komunikacja Kontakt Kinga Dombek [numer]",,,,,,,52.401901,16.904002
Poznań Chartowo,ul. Lwa,3,86,1299000,15105.0,bez pośredników,,20,https://adresowo.pl/o/mieszkanie-poznan-chartowo-ul-lwa-3-pokojowe-p1j8u1,https://s2.adresowa.pl/oi/2a/68/3e3f28_29a6_cover@2x-3-pokojowe-mieszkanie-poznan-chartowo-ul-lwa.webp,Poznań Chartowo,Lwa,4,2009.0,blok,,"Jedyne takie mieszkanie z drzewami wlewającymi się na balkon, na ostatnim piętrze w kameralnym, czteropiętrowym bloku z 2009 roku z windą, przy ul. Lwa na Chartowie. Wysoki standard - na podłodze dąb kanadyjski, parapety wymienione na drewniane, również drewniane żaluzje. Stonowana kolorystyka (venge / brąz / czekolada / zieleń) bez zbędnej ekstrawagancji. Bardzo pojemne szafy w zabudowie, dzięki którym wszystko schowasz, unikając bałaganu w przestrzeni mieszkania. Naprawdę duże okna. Dwa balkony. Drzwi antywłamaniowe. Wysokość pomieszczeń 270 cm. Gotowe do zamieszkania bez jakichkolwiek nakładów. Mieszkanie zostało przerobione z 4 na 3 pokoje z otwartą kuchnią. Bez problemu można przywrócić oryginalny układ, dostawiając usunięte ściany. W pomieszczeniu przewidzianym na planie jako dodatkowe WC jest obecnie pomieszczenie gospodarcze (pralka, wieszak na rower, półki, drabina, odkurzacz, itp.). Spójrz na zamieszczony rzut - plan mieszkania w obecnym układzie. Fantastyczna ekspozycja na południe i zachód - mieszkanie doświetlone i ciepłe. Zieleń za oknami, cisza i spokój, bez sąsiadów zaglądających w okno i gwarancja, że już nic nie zostanie wybudowane. Budynek zlokalizowany przy ślepej uliczce dojazdowej - brak tranzytu samochodów, tylko mieszkańcy. Wspólnota składająca się tylko z 3 budynków, teren ogrodzony i monitorowany. Przestronne części wspólne i zadbana mała zieleń na terenie (nasadzenia, ławeczki). Plac zabaw dla dzieci. Hala garażowa pod budynkiem - prawdziwy zamykany garaż, a nie miejsce wymalowane na posadzce, w cenie 60 tys., bez obowiązku wykupu (osobna księga). Sklepy, piekarnia, apteka, paczkomat, lekarz rodzinny, przedszkole - wszystko 300 metrów. Zdjęcia nie oddają walorów tego unikalnego apartamentu - trzeba to zobaczyć! Informacja dla pośredników: jeśli masz już konkretnego klienta poszukującego właśnie takiej nieruchomości, zapraszam do kontaktu, natomiast jeśli chcesz jedynie zaproponować zawarcie umowy na wyłączność, to proszę, zaoszczędźmy sobie czasu.",,tak,aneks,,własność,Wyposażenie: pralka,52.393656,16.985673
Poznań Łazarz,ul. Antoniego Małeckiego,2,42,483000,11500.0,bez pośredników,,9,https://adresowo.pl/o/mieszkanie-poznan-lazarz-ul-antoniego-maleckiego-2-pokojowe-t8q4u6,https://s2.adresowa.pl/oi/5b/53/3e3ede_4ff8_cover@2x-2-pokojowe-mieszkanie-poznan-lazarz-ul-antoniego-maleckiego.webp,Poznań Łazarz,Antoniego Małeckiego,4,1904.0,kamienica,,"Skrócone informacje: - 4 piętro; - 41,6 m2; - 2 pokoje; - 5 min do dworca PKP; - dostępne miejsce postojowe do wynajęcia; - instalacja elektryczna w miedzi; - dach świeżo po remoncie; - okna kompleksowo serwisowane przed zimą; - beż pośredników – tylko bezpośrednio, lub pośrednik na własny koszt; Opis: Na sprzedaż funkcjonalne mieszkanie w kamienicy z 1904, zlokalizowane w centrum Poznania – na Łazarzu, na ulicy Małeckiego. Nieruchomość położona jest w sąsiedztwie dwóch parków, dworca PKP oraz targów MTP, co czyni ją atrakcyjną propozycją zarówno do zamieszkania, jak i pod inwestycję. Mieszkanie może stanowić dobrą propozycję dla pary, inwestora lub artysty poszukującego klimatycznego lokalu w jednej z najbardziej rozwijających się lokalizacji Poznania. Opis mieszkania, rozkładu i budynku: Lokal mieszkalny o powierzchni 41,60 m² (zgodnie z księgą wieczystą) oraz piwnicą 10m2. W aktualnym układzie mieszkanie oferuje otwartą przestrzeń odpowiadającą 2 pokojom i garderobie. • Pierwszy pokój ~15 m2 jest przechodni i może pełnić rolę salonu/pokoju dziennego, lub pracowni. Przyleży do niego wykusz z oknem o powierzchni 1,7 m2. • Drugi pokój ma ~9,6 m2, do którego również przyleży wykusz podobnej powierzchni, aneks kuchenny i garderoba (2 m2). • Aneks kuchenny wyposażony jest w białą zabudowę meblową oraz sprzęt AGD, taki jak: płyta gazowa, piekarnik, zmywarka oraz lodówka z kostkarką. Mieszkanie było aranżowane z myślą ""open space"", co daje poczucie przestrzeni, jednak istnieje możliwość łatwego podziału na zamknięte pokoje. Między pomieszczeniami zachowane są oryginalne drewniane ościeżnice. Aktualnie wymaga jedynie odmalowania, bądź dostosowania do indywidualnych potrzeb kupującego. Wszystkie elementy wyposażenia były bieżąco konserwowane i nie wymagają dodatkowych nakładów. Mieszkanie położone jest na 4-tym piętrze w 4-piętrowej kamienicy, wybudowanej w 1904 roku. Budynek ma charakter historyczny, zbudowany jest z cegły, ma świeżo wyremontowany dach, oraz dobrze zgraną wspólnotę. Ta część Łazarza rozkwita w ostatnich latach. Jest świetnie skomunikowana, mało zakorkowana, a każdego roku tylko przybywa nowych kawiarni, restauracji, czy butików. Jak na centrum miasta jest tu wyjątkowo cicho i spokojnie. W okolicy budynku dostępne są miejsca parkingowe, zarówno w formie możliwości wynajmu, jak i parkowania w pasie drogowym – zgodnie z obowiązującą organizacją ruchu. Lokalizacja: Poznań – Łazarz, ul. Małeckiego 5. W niedużej odległości znajdują się: • Park Wilsona, Park Jana Kasprowicza • Międzynarodowe Targi Poznańskie • Dworzec Zachodni, Dworzec Główny PKP • Rynek Łazarski • Przystanki komunikacji miejskiej zapewniające dojazd w każde miejsce Poznania. Dodatkowe informacje: Czynsz administracyjny: ok. 400 zł/miesiąc (wg aktualnych danych, dla 1 osoby) Dostęp do internetu: światłowód Ogrzewanie: gazowe Forma własności: pełna własność z księgą wieczystą Sprzedam bezpośrednio. Wszystkim osobom pośredniczącym z góry serdecznie dziękuję. Zapraszam do kontaktu i umówienia się na prezentację nieruchomości. Michał ""Niniejsze ogłoszenie ma charakter informacyjny i nie stanowi oferty handlowej w rozumieniu art. 66 §1 Kodeksu cywilnego.""",tak,tak,aneks,plastikowe,własność,"Wyposażenie: internet, lodówka, piekarnik, zmywarka",52.398065,16.904821
Poznań,Stare Miasto,3,52,730000,14038.0,bez pośredników,,8,https://adresowo.pl/o/mieszkanie-poznan-stare-miasto-3-pokojowe-52-m2-k9c5n7,https://s2.adresowa.pl/oi/1c/48/3e3dee_72b1_cover@2x-3-pokojowe-mieszkanie-poznan-stare-miasto.webp,Poznań Stare Miasto,,4,,kamienica,,"Na sprzedaż mieszkanie o powierzchni 52,3 m², położone na 4. piętrze kamienicy. Głównym atutem mieszkania jest jego lokalizacja. Od dworca dzielą je tylko 2 przystanki tramwajem, a do płyty starego rynku jest około 300 m. Okolica jest atrakcyjna i dobrze skomunikowana. Mieszkanie świetnie sprawdzi się zarówno do zamieszkania, jak i pod inwestycję lub wynajem krótkoterminowy. • 52,3 m² • 4. piętro • kamienica • mieszkanie umeblowane • 2 przystanki tramwajem od dworca, 20 minut pieszo • około 300 m od płyty starego rynku • idealne pod inwestycję Kontakt tel.",,,,,,,52.40636,16.925153
Poznań Wilda,ul. Jana Umińskiego,2,39,389961,9999.0,Pośrednik,,10,https://adresowo.pl/o/mieszkanie-poznan-wilda-ul-jana-uminskiego-2-pokojowe-q3e7r7,https://s2.adresowa.pl/oi/60/1e/3d9064_503e_cover@2x-2-pokojowe-mieszkanie-poznan-wilda-ul-jana-uminskiego.webp,Poznań Wilda,Jana Umińskiego,4,,kamienica,,"Na sprzedaż mieszkanie 2 pokojowe o powierzchni 39,39 m2 przy ulicy Umińskiego na Wildzie. Mieszkanie znajduje się na czwartym piętrze w kamienicy. Lokal składa się z: - przedpokoju o pow. 3,54 m2, - łazienki o pow. 3,64 m2, - kuchni o pow. 6,13 m2, - pokoju dziennego o pow. 18,28 m2, - pokoju o pow. 7,80 m2. Ogrzewanie gazowe (piec dwufunkcyjny). Do lokalu przynależy piwnica. Niskie opłaty: - fundusz remontowy - 2,81 zł za m2, - eksploatacja - 2,50 zł za m2. Atutem mieszkania jest lokalizacja, z której łatwo i szybko dostać się do centrum miasta, na dworzec PKP, do galerii Avenida czy Starego Browaru. Sklepy - Żabka i Biedronka, apteki, usługi. Żłobek, szkoła i przedszkole w promieniu 200 m. Wilda jest dzielnicą lubianą za dużą ilość restauracji i przyjemnych kawiarni. Mieszkanie idealne na zakup pod wynajem. Ulica Umińskiego po remoncie: [www]/watch?v=ZY_WFJIBlcU Zapraszam do kontaktu, Katarzyna Dziąbor, tel. [numer].",,,,,własność,,52.3898,16.91325
Poznań Jeżyce,ul. Józefa Ignacego Kraszewskiego,3,66,629000,9530.0,Pośrednik,,18,https://adresowo.pl/o/mieszkanie-poznan-jezyce-ul-jozefa-ignacego-kraszewskiego-3-pokojowe-h9t5c2,https://s2.adresowa.pl/oi/10/66/3d9060_60b8_cover@2x-3-pokojowe-mieszkanie-poznan-jezyce-ul-jozefa-ignacego-kraszewskiego.webp,Poznań Jeżyce,Józefa Ignacego Kraszewskiego,1,1906.0,kamienica,,"Mieszkanie z parkingiem w cenie Na sprzedaż mieszkanie o powierzchni 66,5 m2 znajdujący się na pierwszym piętrze w kamienicy na Jeżycach. Kamienica z czerwonej cegły, 3 piętrowa. Budynek znajduje się na rogu Bukowskiej i Kraszewskiego, zaledwie kilometr od centrum miasta. W pobliżu wiele restauracji, kawiarni oraz punktów usługowych. W budynku obok Biedronka oraz Hebe. Mieszkanie o wygodnym układzie, dwustronne, wystawa północ - południe. Na powierzchnię 66,5 m2 składają się: duży korytarz, 3 osobne pokoje, kuchnia, osobna WC oraz łazienka. Do mieszkania przynależy piwnica o powierzchni 3,4 m2. Poprzedni układ zakładał 2 osobne pokoje oraz kuchnię, która w tym momencie znajduje się w przedpokoju. Ogrzewanie - nowy piec gazowy dwufunkcyjny (wymieniony w kwietniu 2023 roku),w WC ogrzewanie podłogowe. Instalacja wodna i elektryczna wymieniona (3 fazy). Lokal idealnie nadaje się d pod prowadzenie działalności. Na dole znajduje się kancelaria patentowa. Klatki, cała kamienica jak i teren należący do wspólnoty są zadbane. Wjazd na teren od strony ulicy Kraszewskiego, przez bramę na pilota. Miejsca postojowe dla mieszkańców. 100 metrów od przystanku autobusowego oraz tramwajowego. Zapraszam na prezentację, Katarzyna Dziąbor, tel. [numer]",,tak,,,własność,,52.40851,16.90143
Poznań Wilda,ul. Przemysłowa,2,30,469000,15633.0,bez pośredników,,14,https://adresowo.pl/o/mieszkanie-poznan-wilda-ul-przemyslowa-2-pokojowe-n6m4o3,https://s2.adresowa.pl/oi/77/56/3e3d6a_90cf_cover@2x-2-pokojowe-mieszkanie-poznan-wilda-ul-przemyslowa.webp,Poznań Wilda,Przemysłowa,2,2018.0,kamienica,,"Oferta prywatna | Bez prowizji | Gotowe do zamieszkania Na sprzedaż funkcjonalne i jasne mieszkanie 2 pokojowe o powierzchni 30 m², położone na 2. piętrze w 3-piętrowej kamienicy po remoncie (2018 r.). Budynek jest ogrodzony oraz wyposażony w windę, co zapewnia wygodę i bezpieczeństwo mieszkańców. Najważniejsze atuty: - 2 pokoje na kompaktowej, dobrze zaprojektowanej przestrzeni - osobna sypialnia z oknem oddzielona przesuwnymi drewnianymi drzwiami - ogrzewanie miejskie - winda - budynek po remoncie - mieszkanie gotowe do zamieszkania Układ mieszkania obejmuje: ● salon, ● wydzieloną sypialnię, ● łazienkę. Wnętrze jest jasne i dobrze doświetlone naturalnym światłem. Mieszkanie zostało zaprojektowane w sposób funkcjonalny, dzięki czemu zapewnia komfort codziennego użytkowania. Mieszkanie jest w pełni umeblowane! Lokalizacja: Nieruchomość znajduje się w bardzo dobrej okolicy, ul. Przemysłowa 46 (Wilda/Centrum), W pobliżu: - Największy kompleks Biurowców w Poznaniu: ""Nowy Rynek"" - Stary Browar - park - sklepy - kawiarnie - kino - placówki edukacyjne - Dobre połączenia komunikacyjne zapewniają szybki dojazd do centrum oraz innych części miasta Mieszkanie idealne dla singla lub pary, a także jako inwestycja pod wynajem. Zapraszam do kontaktu i umówienia się na prezentację. Kontakt: Właściciel *Ogłoszenie nie stanowi oferty w rozumieniu Kodeksu Cywilnego.",,,,plastikowe,własność,,52.395635,16.918781
Poznań Grunwald,ul. Grunwaldzka,2,33,460000,13939.0,bez pośredników,,13,https://adresowo.pl/o/mieszkanie-poznan-grunwald-ul-grunwaldzka-2-pokojowe-k4u4e2,https://s2.adresowa.pl/oi/43/16/3e3d16_bf83_cover@2x-2-pokojowe-mieszkanie-poznan-grunwald-ul-grunwaldzka.webp,Poznań Grunwald,Grunwaldzka,1,2001.0,blok,,"Chciałabym zaproponować na sprzedaż wyjątkowo funkcjonalne i jasne mieszkanie, które dzięki swojemu układowi oraz lokalizacji stanowi idealną propozycję zarówno do zamieszkania, jak i jako inwestycja pod wynajem. Opis nieruchomości: Na sprzedaż funkcjonalne i w pełni umeblowane mieszkanie 2-pokojowe o powierzchni 33 m², położone w bardzo dobrej lokalizacji w dzielnicy Grunwald w Poznaniu, w pobliżu Stadionu Miejskiego. Układ mieszkania: - salon, - sypialnia/pokój dziecka - oddzielna kuchnia z oknem, - łazienka z oknem, - przedpokój, - balkon. Mieszkanie jest bardzo funkcjonalne i dobrze doświetlone. Oba pokoje oraz balkon mają ekspozycję zachodnią, z pięknym widokiem na zieleń oraz Fort VIII. Kuchnia oraz łazienka posiadają okna skierowane na wschód, z widokiem na wewnętrzny dziedziniec. Dzięki temu kuchnia jest jasna, słoneczna i sprawia wrażenie wyjątkowo przestronnej. Mieszkanie jest w pełni umeblowane i gotowe do zamieszkania bez konieczności ponoszenia dodatkowych nakładów finansowych. Lokalizacja: Ogromnym atutem nieruchomości jest jej znakomite położenie. W bezpośrednim sąsiedztwie znajdują się przystanki autobusowe i tramwajowe, które zapewniają szybki dojazd do centrum miasta. Poznań Główny oraz główne uczelnie w Poznaniu są osiągalne w około 10 minut. W odległości krótkiego spaceru znajduje się Lasek Marceliński — idealne miejsce na spacery, bieganie, wycieczki rowerowe oraz codzienne wyjścia z psem. Atuty mieszkania: - 2 niezależne pokoje, - oddzielna kuchnia z oknem, - łazienka z oknem, - balkon, - pełne umeblowanie, - widok na zieleń i Fort VIII, - ekspozycja wschód-zachód, - cicha i spokojna okolica, - doskonała komunikacja miejska, - blisko terenów rekreacyjnych. Idealna propozycja dla singla, pary, studentów lub inwestora poszukującego mieszkania pod wynajem w świetnej lokalizacji. Mieszkanie sprzedawane jest bezpośrednio przez właściciela. Pośrednikom sprzedaży nieruchomości dziękuję — proszę o niekontaktowanie się.",,,osobna,plastikowe,własność,,52.384267,16.837549
Poznań,Wierzbięcice,4,116,1300000,11207.0,bez pośredników,,1,https://adresowo.pl/o/mieszkanie-poznan-wierzbiecice-4-pokojowe-116-m2-n9h6q2,https://s2.adresowa.pl/oi/30/3f/3e3b8e_4adf_cover@2x-4-pokojowe-mieszkanie-poznan-wierzbiecice.webp,Poznań Wierzbięcice,,4,2009.0,kamienica,,"Witam, Sprzedam czteropokojowe, przestronne mieszkanie z piwnicą w zabytkowej kamienicy, położone w centrum miasta. Miejskie ogrzewanie centralne. Kamienica po remoncie, ociepleniu, wymienione piony wodne i elektryka. Mieszkanie sprzedaję bez pośredników. Więcej informacji udzielę telefonicznie. Zapraszam do kontaktu.",tak,,,,,,52.405679,16.931277
Poznań Centrum,ul. Rybaki,1,31,399000,12871.0,Pośrednik,,11,https://adresowo.pl/o/mieszkanie-poznan-centrum-ul-rybaki-1-pokoj-n6m1s6,https://s2.adresowa.pl/oi/30/19/3d905a_495e_cover@2x-1-pokojowe-mieszkanie-poznan-centrum-ul-rybaki.webp,Poznań Centrum,Rybaki,3,,blok,,"[ENGLISH BELOW] Jasna kawalerka 31 m², 3 piętro, 2 balkony francuskie, po generalnym remoncie, ul. Rybaki. Na sprzedaż jasna i funkcjonalna kawalerka o powierzchni 31 m², położona w kamienicy przy ul. Rybaki w Poznań. Mieszkanie znajduje się na trzecim piętrze, wejście od podwórza. Rozkład pomieszczeń - pokój z aneksem kuchennym pow. 27,15 m² przestronna, dobrze doświetlona przestrzeń dzienna z dwoma balkonami francuskimi i dużymi oknami trzyszybowymi - łazienka pow. 4,16 m² Duże przeszklenia sprawiają, że mieszkanie jest bardzo jasne i słoneczne przez większość dnia. Istnieje możliwość wykonania zabudowy kuchennej przez właściciela. Mieszkanie przeszło kompleksowy remont: wymienione zostały instalacje, wykonano nowe podłogi z wygłuszeniem oraz ocieplenie dachu. Zastosowano wysokiej jakości materiały i nowoczesne rozwiązania zwiększające komfort użytkowania. W lokalu znajduje się klimatyzacja Panasonic z funkcją ogrzewania, która jest bardzo wydajna energetycznie i zapewnia dobrą jakość powietrza. Łazienka wyposażona w armaturę Grohe, kabinę prysznicową oraz bojler 50 l. Dodatkowo: - planowany remont elewacji połowa 2026r. - klatka schodowa będzie malowana w najbliższym czasie Mieszkanie idealne na start, dla singla lub jako inwestycja pod wynajem, lokalizacja blisko centrum, uczelni i komunikacji miejskiej. Kontakt Kinga Dombek [numer] [ENGLISH] Bright 31 m² studio apartment, 3rd floor, 2 French balconies, fully renovated, Rybaki Street. A bright and functional studio apartment of approx. 31 m², located in a tenement building on Rybaki Street in Poznań. The apartment is on the third floor, with access from the courtyard. Floor plan: - living room with kitchenette, 27.15 m² spacious, well-lit living area with two French balconies and large triple-pane windows - bathroom, 4.16 m² Large windows make the apartment very bright and sunny for most of the day. There is a possibility for the owner to install kitchen cabinetry. The apartment has been fully renovated: the utilities have been replaced, new soundproofed floors have been installed, and the roof has been insulated. High-quality materials and modern solutions have been used to enhance comfort. The apartment features a Panasonic air conditioning system with a heating function, which is highly energy-efficient and ensures good air quality. The bathroom is equipped with Grohe fixtures, a shower stall, and a 50l water heater. Additionally: - facade renovation planned for mid-2026 - the stairwell will be painted in the near future The apartment is ideal for a first home, for a single person, or as a rental investment. Near the city center, universities, and public transportation.",,,,,własność,Wyposażenie: klimatyzacja,52.40321,16.930715
Poznań Wilda,ul. Jana Umińskiego,2,35,371000,10600.0,Pośrednik,,5,https://adresowo.pl/o/mieszkanie-poznan-wilda-ul-jana-uminskiego-2-pokojowe-c9e0o1,https://s2.adresowa.pl/oi/6d/36/3d9056_cb3e_cover@2x-2-pokojowe-mieszkanie-poznan-wilda-ul-jana-uminskiego.webp,Poznań Wilda,Jana Umińskiego,parter,,blok,,"Mieszkanie na Wildzie, 2 pokoje !!! Na sprzedaż mieszkanie 2 pokojowe o powierzchni 35 m2 przy ulicy Umińskiego na Wildzie. Mieszkanie znajduje się na parterze w kamienicy, okna od dziedzińca. Ogrzewanie gazowe (piec dwufunkcyjny). Do lokalu przynależy piwnica. Atutem mieszkania jest lokalizacja, z której łatwo i szybko dostać się do centrum miasta, na dworzec PKP, do galerii Avenida czy Starego Browaru. Sklepy - Żabka i Biedronka, apteki, usługi. Żłobek, szkoła i przedszkole w promieniu 200 m. Wilda jest dzielnicą lubianą za dużą ilość restauracji i przyjemnych kawiarni. Mieszkanie idealne na zakup pod wynajem. Niskie opłaty: - fundusz remontowy - 2,81 zł za m2, - eksploatacja - 2,50 zł za m2. Zapraszam na prezentację: tel. [numer]",,,,,własność,,52.3898,16.91325
Poznań Jeżyce,ul. Kościelna,2,35,439000,12543.0,bez pośredników,,6,https://adresowo.pl/o/mieszkanie-poznan-jezyce-ul-koscielna-2-pokojowe-h8y1c5,https://s2.adresowa.pl/oi/56/5d/3e3a02_e4b7_cover@2x-2-pokojowe-mieszkanie-poznan-jezyce-ul-koscielna.webp,Poznań Jeżyce,Kościelna,5,,blok,,"Na sprzedaż mam moje mieszkanie o powierzchni 35 m² (powierzchnia z księgi wieczystej) z dodatkową przestrzenią użytkową pod skosami, co realnie daje ok. 38 m². Lokal znajduje się na piątym piętrze budynku z windą, w inwestycji Bamberski Dwór przy ul. Kościelnej 41A w Poznaniu. Mieszkanie składa się z osobnej sypialni, salonu z aneksem kuchennym oraz łazienki. Dostępne od 1 czerwca. Układ i funkcjonalność: osobna sypialnia z oknami, salon połączony z aneksem kuchennym, łazienka z prysznicem, przedpokój z dużą szafą w zabudowie, w budynku jest winda, nie ma balkonu, brak komórki lokatorskiej, dodatkowa powierzchnia pod skosami zwiększająca funkcjonalność mieszkania. Układ mieszkania jest praktyczny, a oddzielna sypialnia stanowi istotny atut przy tym metrażu. Stan techniczny i wyposażenie: Mieszkanie było remontowane w 2010 roku, a następnie odświeżane. Standard odpowiada stylistyce lat 2000-2010. Lokal jest w pełni wyposażony, jednak większość elementów ma już swoje lata i może wymagać odświeżenia lub wymiany. Wyposażenie: kuchnia: meble i AGD starszego typu, lodówka, salon: sofa i telewizor starszego typu, sypialnia: metalowy stelaż łóżka, materac, łazienka: prysznic, umywalka, kibel, pralka. Mieszkanie nadaje się do zamieszkania, ale docelowo wymaga modernizacji. Opłaty i koszty stałe: czynsz administracyjny: 669,76 zł miesięcznie, podatek od nieruchomości: ok. 50 zł rocznie, opłata przekształceniowa: ok. 300 zł rocznie (pozostało 14 lat). Budynek i otoczenie: Bamberski Dwór to zamknięta, zadbana inwestycja z wewnętrznym patio dostępnym dla mieszkańców. W najbliższej okolicy znajdują się liczne sklepy, restauracje, punkty usługowe, Rynek Jeżycki oraz komunikacja tramwajowa i autobusowa. Lokalizacja jest jednym z największych atutów nieruchomości.",tak,,aneks,,,"Wyposażenie: lodówka, pralka, telewizor",52.416675,16.904993
Poznań Naramowice,ul. Sielawy,2,52,729000,14019.0,bez pośredników,,12,https://adresowo.pl/o/mieszkanie-poznan-naramowice-ul-sielawy-2-pokojowe-k7b3f6,https://s2.adresowa.pl/oi/6d/41/3e3946_9ac8_cover@2x-2-pokojowe-mieszkanie-poznan-naramowice-ul-sielawy.webp,Poznań Naramowice,Sielawy,2,2022.0,blok,,"Na sprzedaż wyjątkowe, wykończone w standardzie premium mieszkanie 2-pokojowe o powierzchni 52,38 m², położone na nowoczesnym i cenionym Osiedlu Enter przy ul. Sielawy na poznańskich Naramowicach. Mieszkanie znajduje się na 2. piętrze w 4-piętrowym budynku z windą, oddanym do użytku w 2022 roku. To idealna propozycja dla osób ceniących wysoki standard, komfort, funkcjonalność oraz spokojną i zieloną okolicę. Lokal jest w pełni umeblowany i gotowy do zamieszkania. Najważniejsze atuty mieszkania: - wysoki standard wykończenia i wyposażenia - meble wykonane na wymiar przez stolarza - maksymalnie wykorzystana przestrzeń i estetyka premium - funkcjonalny układ pomieszczeń - ekspozycja południowa - mieszkanie jest jasne i dobrze doświetlone - przestronny balkon 8,58 m² z wyjściem zarówno z salonu, jak i sypialni - nowoczesny budynek z windą - spokojne, bezpieczne i ciche osiedle - mieszkanie gotowe do zamieszkania od zaraz - idealne dla singla, pary lub jako inwestycja pod wynajem - brak prowizji dla pośrednika W skład mieszkania wchodzą: - przedpokój - 3,78 m² - łazienka - 5,41 m² - salon z aneksem kuchennym - 27,65 m² - sypialnia - 14,71 m² - balkon - 8,58 m² Wyposażenie: W mieszkaniu znajdują się wszystkie niezbędne sprzęty AGD: - pralka - suszarka - piekarnik - mikrofalówka - lodówka - płyta indukcyjna Zabudowy w kuchni, łazience oraz korytarzu zostały wykonane na wymiar przez stolarza, co zapewnia dużą ilość miejsca do przechowywania i spójny, elegancki wygląd wnętrza. Lokalizacja: Mieszkanie znajduje się na terenie nowoczesnej inwestycji obejmującej budynki mieszkalne oraz wielopoziomowy garaż. Okolica sprzyja aktywnemu wypoczynkowi i oferuje świetne połączenie komfortu życia z bliskością natury. W pobliżu znajdują się: - Rezerwat Żurawiniec - tereny nadwarciańskie idealne na spacery, jogging i rower - sklepy: Biedronka, Kaufland, Lidl, Netto oraz Żabka - restauracje i punkty usługowe - szkoły i przedszkola - siłownia i apteki - przystanki autobusowe i tramwajowe w odległości ok. 10 minut spacerem - szybki dojazd do centrum Poznania i innych części miasta Dodatkowe informacje: Do mieszkania przynależy miejsce parkingowe ze skrytką w garażu zadaszonym - dodatkowo płatne. To mieszkanie to doskonałe połączenie nowoczesnego budownictwa, wysokiej jakości wykończenia oraz świetnej lokalizacji w jednej z najbardziej rozwijających się części Poznania. Zapraszam do kontaktu i umówienia prezentacji.",,tak,aneks,plastikowe,własność,"Wyposażenie: lodówka, mikrofalówka, piekarnik, pralka, suszarka",52.446241,16.952086
Poznań Naramowice,ul. Karpia,3,54,835000,15463.0,bez pośredników,,18,https://adresowo.pl/o/mieszkanie-poznan-naramowice-ul-karpia-3-pokojowe-q4i5r9,https://s2.adresowa.pl/oi/38/6e/3e3920_4d2f_cover@2x-3-pokojowe-mieszkanie-poznan-naramowice-ul-karpia.webp,Poznań Naramowice,Karpia,1,2020.0,blok,,"Na sprzedaż wyjątkowo komfortowe i starannie wykończone mieszkanie o powierzchni 54,89 m², położone na 1 piętrze nowoczesnego budynku z windą z 2020 roku, przy ul. Karpia na poznańskich Naramowicach. Nieruchomość została wykończona z myślą o własnym komforcie użytkowania, z wykorzystaniem wysokiej jakości materiałów oraz ponadczasowych rozwiązań. Mieszkanie jest gotowe do zamieszkania i nie wymaga żadnych dodatkowych nakładów finansowych. Funkcjonalny układ pomieszczeń obejmuje: - przestronny salon z aneksem kuchennym ok. 23 m², - dwie ustawne, niezależne sypialnie ok. 10,5 m², - łazienkę ok. 5 m², - komfortowy przedpokój z miejscem do przechowywania ok. 5 m², - balkon o powierzchni ok. 4,5 m². Dużym atutem mieszkania jest południowo-zachodnia ekspozycja, dzięki której wnętrza pozostają bardzo dobrze doświetlone przez cały dzień. Mieszkanie jest jasne, ciepłe i przyjemne w codziennym użytkowaniu, a jednocześnie położone od spokojniejszej części osiedla, co zapewnia komfort i ciszę. Część dzienna została zaprojektowana z naciskiem na funkcjonalność i estetykę. Salon tworzy wygodną przestrzeń do codziennego życia oraz spotkań z rodziną i znajomymi. Aneks kuchenny wyposażono w zabudowę wykonaną na wymiar, co pozwoliło maksymalnie wykorzystać dostępną przestrzeń oraz zachować spójny, nowoczesny charakter wnętrza. Obie sypialnie mają około 10,5 m² i mogą pełnić funkcję sypialni głównej, pokoju dziecięcego, gabinetu lub pokoju do pracy zdalnej. Dzięki regularnym kształtom pomieszczenia są bardzo ustawne i łatwe do aranżacji. W mieszkaniu zastosowano wysokiej klasy materiały wykończeniowe: - deskę dębową trójwarstwową, - gładzie Greinplast, - dekoracyjny tynk Magnat, - farby Magnat Ceramic odporne na zabrudzenia i łatwe w utrzymaniu, - zabudowy stolarskie wykonywane na indywidualne zamówienie. Dodatkowym udogodnieniem jest klimatyzacja GREE o mocy 3,5 kW, zamontowana w 2025 roku, która znacząco podnosi komfort użytkowania mieszkania szczególnie w okresie letnim. Balkon został wykończony deską kompozytową, tworząc przyjemną przestrzeń do odpoczynku. Do mieszkania przynależą: - komórka lokatorska o powierzchni 2,1 m², - dwa niezależne miejsca postojowe na platformie w hali garażowej. Budynek: - nowoczesny, 4-piętrowy budynek z windą, - oddany do użytkowania w 2020 roku, - zadbane części wspólne, - osiedle o nowoczesnej zabudowie. Lokalizacja jest jednym z największych atutów nieruchomości. Naramowice to obecnie jedna z najbardziej rozwijających się części Poznania, ceniona za połączenie spokojnego charakteru osiedla z bardzo dobrą komunikacją i dostępem do infrastruktury miejskiej. W najbliższej okolicy znajdują się: - przystanki tramwajowe i autobusowe zapewniające szybki dojazd do centrum miasta, - Lidl, - Kaufland, - sklepy, punkty usługowe i gastronomiczne, - szkoły i przedszkola, - tereny zielone oraz miejsca spacerowe i rekreacyjne. Czynsz administracyjny wynosi około 850 zł przy 3 osobach i obejmuje zaliczki na ogrzewanie oraz wodę. Mieszkanie będzie idealnym wyborem dla osób szukających nowoczesnej nieruchomości w wysokim standardzie, gotowej do zamieszkania od zaraz — zarówno dla par, rodzin, jak i osób pracujących zdalnie. W podanej cena nieruchomości obejmuje: - mieszkanie o powierzchni 54,89 m², - 2 niezależne miejsca postojowe na platformie w hali garażowej, - komórkę lokatorską o powierzchni 2,1 m².",tak,tak,aneks,plastikowe,własność,Wyposażenie: klimatyzacja,52.443512,16.957683
Poznań Wilda,ul. Rolna,2,48,455000,9479.0,Pośrednik,,12,https://adresowo.pl/o/mieszkanie-poznan-wilda-ul-rolna-2-pokojowe-l1h5v2,https://s2.adresowa.pl/oi/12/5a/3d6dac_ee08_cover@2x-2-pokojowe-mieszkanie-poznan-wilda-ul-rolna.webp,Poznań Wilda,Rolna,3,1932.0,kamienica,,"30 lat doświadczenia w nieruchomościach . Wilda, ul. Rolna, Poznań. Tylko u nas. Obniżka ceny!!!!!!!!!! Mieszkanie w kamienicy z 1932, 2 pokoje, osobna jasna kuchnia, łazienka i wc. Zalety mieszkania: ● niski czynsz ● niska zabudowa ● dobrze skomunikowane położenie ● bliskość terenów spacerowych ● indywidualne ogrzewanie gazowe - nowy piec Firmy Ariston ● duża 6 m2 piwnica ● instalacja elektryczna miedziana ● możliwość parkowania samochodu na podwórku Opis lokalu: ● mieszkanie 2 pokojowe o pow. 48,10 m2 ● 3 piętro w 4 piętrowej kamienicy z 1932 r ● piwnica ● piec gazowy dwufunkcyjny ● do remontu ● 2 pokoje około 18 mk i 12 mk,, kuchnia z przejściem do łazienki z oknem, wc i korytarz Standard wykończenia: ● parkiet dębowy na podłogach w pokojach i korytarzu ● kafelki w łazience, kuchni i wc ● okna plastikowe z roletami wewnętrznymi ● ściany wygładzone i pomalowane Mieszkanie jednostronne okna wychodzą na wschód na ulicę Rolną. Kamienica ocieplona, otynkowana. Salon o pow. około 18 m2 widok na sąsiednie nowe bloki. Mniejszy pokój około 12m2 - również z widokiem na sąsiednie nowe bloki Kuchnia z oknem, na podłodze linoleum, wejście z niej jest do łazienki z prysznicem w kafelkach. Osobne wc w kafelkach. Ogrzewanie - piec gazowy dwufunkcyjny - nowy w listopadzie 2025 zamontowany firmy Ariston. Czynsz administracyjny na 1 osobę 317 zł - w tym zaliczki na wodę , fundusz remontowy, koszty utrzymania nieruchomości , dodatkowo prąd i gaz według wystawianych faktur. W najbliższej okolicy pełne zaplecze handlowo- usługowe. Komunikacja: ● bliskość przystanków komunikacji miejskiej zarówno autobusowej jak i tramwajowej daje możliwość na szybki dojazd do Centrum. FORMA WŁASNOŚCI - pełna własność z udziałem w gruncie. Bezpieczeństwo transakcji z Pośrednikiem. 30 lat doświadczenia w nieruchomościach. Zapraszam na prezentacje, serdecznie polecam, cena do negocjacji. Niniejsze ogłoszenie nie stanowi oferty w rozumieniu przepisów Kodeksu Cywilnego.",tak,tak,osobna,plastikowe,,,52.380161,16.914881
Poznań Stare Miasto,ul. Naramowicka,3,68,687000,10103.0,Pośrednik,,21,https://adresowo.pl/o/mieszkanie-poznan-stare-miasto-ul-naramowicka-3-pokojowe-i5k5s8,https://s2.adresowa.pl/oi/65/59/3d6da6_f38d_cover@2x-3-pokojowe-mieszkanie-poznan-stare-miasto-ul-naramowicka.webp,Poznań Stare Miasto,Naramowicka,1,2007.0,apartamentowiec,,"30 LAT DOŚWIADCZENIA W NIERUCHOMOŚCIACH ___ KUPUJĄCY NIE PŁACI PROWIZJI ___ Jeżeli szukasz 3 pokoi w okazyjnej i korzystnej cenie zapraszam do obejrzenia mieszkania na poznańskich Naramowicach. 687.000 zł. cena mieszkania + obowiązkowa komórka/piwnica na poziomie hali garażowej 15.000 zł. razem 702.000 zł. MIESZKANIE Z WYSTAWĄ OKIEN NA TRZY STRONY ŚWIATA! PRZESTRONNE - JASNE - MOŻLIWE WYDZIELENIE 4 POKOJU BEZ DUŻEGO NAKŁADU PRACY I ŚRODKÓW DUŻA PIWNICA za niedużą dopłatą. ABSOLUTNE ATUTY: * 3 pokoje niezależne (z możliwością wydzielenia czwartego) * I piętro w niskiej zabudowie * duży przestronny balkon * wystawa okien na 3 strony! (płn/wsch/zach) * 2007 rok budowy - kompleks zamknięty, monitorowany * bardzo blisko przystanków komunikacji miejskiej (autobus, tramwaj) * Biedronka w sąsiedztwie, niedaleko Lidl, Netto UKŁAD: - salon (pokój dzienny z jadalnią) 26,5 m2 z wyjściem na ogromny balkon - pokój 10,8 m2 - pokój 11,3 m2 - przedpokój 9,6 m2 - kuchnia 5,8 m2 - łazienka 4,9 m2 Stan mieszkania - absolutnie do zamieszkania /dla bardziej wymagających do lekkiego odnowienia/odświeżenia ŁAZIENKA - z oknem, jasna i przyjemna, podłoga w płytkach, z kabiną prysznicową. KUCHNIA - osobna z oknem od wschodu, jasna ustawna. PRZEDPOKÓJ - duży i wygodny, podłoga w płytkach. UWAGA: - W MIESZKANIU WSZYSTKIE ŚCIANY POZA ŁĄCZĄCĄ KUCHNIĘ Z ŁAZIENKĄ SĄ ŚCIANAMI DZIAŁOWYMI, - duże możliwości aranżacji i adaptacji pod własne potrzeby (wyburzenia, przesunięcia itp.). Piwnica w tym samym kompleksie na poziomie hali garażowej. Około 3,5m2. Mieszkanie do objęcia od zaraz. W okolicy wszystko co niezbędne jest ""pod ręką"". Po drugiej stronie ulicy znajduje się sklep Biedronka, inne mniejsze sklepy w budynku na poziomie 0. Usługi w sąsiedztwie: fryzjer, kwiaciarnia, piekarnia itd. ładne tereny spacerowe. Komunikacja autobusowa i tramwaj niedaleko! Obecnie czynsz do administracji wynosi 760zł. w tym ogrzewanie, woda ciepła i zimna itd.. Więcej informacji telefonicznie, zapraszam do obejrzenia! Na życzenie prześlę film z mieszkania. OFERTA NA WYŁĄCZNOŚĆ. TYLKO U NAS. Lokalizacja: Naramowicka /narożnik z ulica Bolka Posiadamy świadectwo charakterystyki energetycznej: Wskaźnik rocznego zapotrzebowania na energię użytkową (EU): 77.9 kWh/(m2 · rok). Wskaźnik rocznego zapotrzebowania na energię końcową (EK): 129.22 kWh/(m2 · rok). Wskaźnik rocznego zapotrzebowania na nieodnawialną energię pierwotną (EP): 143.92 kWh/(m2 · rok). Jednostkowa wielkość emisji CO2 (E CO2): 0.00259 t CO2/(m2 · rok). Udział odnawialnych źródeł energii w rocznym zapotrzebowaniu na energię końcową (U OZE): 0.00 %. Niniejsze ogłoszenie nie stanowi oferty w rozumieniu przepisów Kodeksu Cywilnego.",,,osobna,plastikowe,własność,,52.45247,16.948798
Poznań Stare Miasto,ul. Wielka,2,47,589000,12532.0,bez pośredników,,13,https://adresowo.pl/o/mieszkanie-poznan-stare-miasto-ul-wielka-2-pokojowe-r8i8x4,https://s2.adresowa.pl/oi/48/5b/3e3910_ce5b_cover@2x-2-pokojowe-mieszkanie-poznan-stare-miasto-ul-wielka.webp,Poznań Stare Miasto,Wielka,2,1956.0,kamienica,,"*100 m od Starego Rynku! 2 pokoje w kamienicy (cieplik miejski, parking) - BEZPOŚREDNIO Szukasz idealnej nieruchomości inwestycyjnej lub wyjątkowego mieszkania z klimatem w samym sercu Poznania? Ta oferta jest dla Ciebie! Zapraszam do zapoznania się z bezpośrednią ofertą sprzedaży unikatowego, 2-pokojowego mieszkania o powierzchni 47,8 m². Lokal usytuowany jest na 2. piętrze w kameralnej, 3-piętrowej kamienicy przy ul. Wielkiej - zaledwie 100 metrów od poznańskiego Ratusza. * Układ pomieszczeń (pełen rozkład, niezależne pokoje): Mieszkanie jest niezwykle jasne i dwustronne (ekspozycja północ-południe), co zapewnia doskonałe doświetlenie przez cały dzień: - Salon (18,4 m²) - przestronny, z ekspozycją południową. - Sypialnia (11,3 m²) - ustawna, z ekspozycją północną (zapewniającą komfort snu). - Oddzielna, jasna kuchnia (7,2 m²) - z oknem wychodzącym na południe. - Łazienka z WC (2,7 m²) - wykończona w płytkach. * Stan techniczny i potencjał: Mieszkanie przygotowane do własnej aranżacji/remontu, jednak część prac została już wykonana: - Wymieniona stolarka okienna (PCV). - Nowe piony oraz instalacja wodna. - Wyremontowana łazienka. * Budynek i nadchodząca rewitalizacja: Kamienica jest bardzo kameralna - w klatce schodowej znajduje się tylko 8 mieszkań, co gwarantuje spokój i prywatność. Co najważniejsze: - Ogrzewanie i ciepła woda z CIEPLIKA MIEJSKIEGO (ogromny atut w kamienicy!). - Planowana rewitalizacja jeszcze w tym roku: Wspólnota zaplanowała już wymianę stolarki okiennej i drzwiowej na klatce schodowej, montaż wideofonów, monitoringu oraz generalny remont podwórka. Wartość nieruchomości po tych zmianach znacznie wzrośnie! * Dodatkowe udogodnienia: - Zamykane podwórko: Możliwość parkowania dla mieszkańców wspólnoty na terenie zamkniętym pod kamienicą (rzadkość w tej lokalizacji!). - Do mieszkania przynależy piwnica. - Do dyspozycji mieszkańców jest wspólne pomieszczenie gospodarcze na parterze. * Opłaty i stan prawny: - Czynsz: ok. 600 zł (przy 1 osobie), zawierający zaliczki na centralne ogrzewanie, ciepłą/zimną wodę, fundusz remontowy, eksploatację oraz wywóz śmieci. - Stan prawny: Pełna, odrębna własność z wykupionym udziałem w gruncie. Księga wieczysta bez jakichkolwiek obciążeń. - Dostępność: Od zaraz! Cena: 589 000 zł Mieszkanie ze względu na swoją unikatową lokalizację (1 minutę pieszo od Starego Rynku) idealnie sprawdzi się pod wynajem krótkoterminowy (booking/AirBnB), długoterminowy lub jako prestiżowe biuro/kancelaria. Serdecznie zapraszam do kontaktu oraz na prezentację mieszkania! Powyższy opis ma charakter informacyjny i nie stanowi oferty w rozumieniu przepisów Kodeksu Cywilnego oraz innych właściwych przepisów prawnych. Informacje umieszczone w ofercie przekazywane są przez właściciela nieruchomości i mogą ulegać zmianom.",tak,tak,osobna,plastikowe,własność,,52.40861,16.937213
Poznań Grunwald,ul. Ognik,2,42,250000,5952.0,bez pośredników,,1,https://adresowo.pl/o/mieszkanie-poznan-grunwald-ul-ognik-2-pokojowe-j9z6y8,https://s2.adresowa.pl/oi/7f/53/3e3854_6541_cover@2x-2-pokojowe-mieszkanie-poznan-grunwald-ul-ognik.webp,Poznań Grunwald,Ognik,4,1967.0,blok,,"Dzień dobry, Sprzedam mieszkanie z moją służebnością dożywotnią. Mam 67 lat mężczyzna. W razie pytań kontakt mailowy.",tak,,osobna,drewniane,własność,,52.4073,16.869538
Poznań Wilda,ul. Jana Kilińskiego,3,68,855000,12574.0,bez pośredników,,11,https://adresowo.pl/o/mieszkanie-poznan-wilda-ul-jana-kilinskiego-3-pokojowe-w3j3x2,https://s2.adresowa.pl/oi/6f/2c/3e3338_e808_cover@2x-3-pokojowe-mieszkanie-poznan-wilda-ul-jana-kilinskiego.webp,Poznań Wilda,Jana Kilińskiego,1,1900.0,kamienica,,"Przestronne 3-pokojowe mieszkanie z duszą - 68,4 m², 1 piętro, balkon i kamieniczny charakter. Na sprzedaż wyjątkowe, przestronne i doskonale zaprojektowane mieszkanie 3-pokojowe o powierzchni 68,4 m², położone na 1. piętrze frontowej, zadbanej kamienicy. To idealna propozycja dla osób ceniących komfort, przestrzeń oraz miejski klimat kamienic, dla osób szukających przestrzeni, wysokich pomieszczeń i prawdziwego klimatu kamienicy. Ulica Kilińskiego uzyskała finansowanie oraz pozwolenie na budowę polegające na rewitalizacji ulicy, czyli wymianie nawierzchni ulicy, wymianie nawierzchni chodników, utworzeniu nowych, bardziej uporządkowanych miejsc parkingowych oraz enklawy zieleni. Posadzone zostaną wzdłuż ulicy nowe drzewa oraz byliny (wizualizacje ulicy znajdują się w ofercie). Przemyślany układ i komfortowa przestrzeń: Wnętrza zachwycają wysokością - aż 3 metry, dają poczucie swobody i doskonałego doświetlenia. Mieszkanie składa się z: • dwóch dużych, ustawnych sypialni (16,3 m² oraz 11,1 m²), • jasnego pokoju dziennego z aneksem kuchennym, który stanie się sercem domu - miejscem wspólnych posiłków i rodzinnych spotkań, • funkcjonalnej łazienki, • przestronnego korytarza, zapewniającego wygodną komunikację między pomieszczeniami i z miejscem do przechowywania. Dodatkowym atutem jest balkon, który stanowi idealne miejsce na poranną kawę lub chwilę relaksu. Jasne wnętrza i kamieniczny klimat: Położenie na 1. piętrze oraz frontowa ekspozycja sprawiają, że mieszkanie jest bardzo jasne i przyjemne, a jednocześnie zachowuje niepowtarzalny charakter kamienicy. W mieszkaniu odrestaurowano oryginalne podłogi, które nadają wnętrzom niepowtarzalny charakter. Dodatkowym atutem są zarówno wewnętrzne, jak i zewnętrzne oryginalne drzwi, podkreślające historyczny styl tego mieszkania. Podczas remontu wymienione zostały również wszystkie instalacje: elektryczna, gazowa, centralnego ogrzewania, a także wodno-kanalizacyjna. Okna wymieniono na PCV, zamontowano nowy piec i nowe kaloryfery. Idealne do zamieszkania i pod inwestycję: Dzięki funkcjonalnemu rozkładowi oraz trzem niezależnym pokojom, mieszkanie jest: • doskonałym wyborem dla rodziny, pary lub osób pracujących zdalnie, • dla osób ceniących przestrzeń, styl i historię, • świetną inwestycją pod wynajem - zarówno długoterminowy, jak i na pokoje. Najważniejsze atuty: • 68,4 m² komfortowej przestrzeni, • 3 pokoje - w tym 2 duże sypialnie, • wysokość pomieszczeń: 3 m, • odrestaurowane oryginalne podłogi, • balkon, • 1. piętro, • frontowa kamienica, • funkcjonalny układ bez straty metrów. To mieszkanie łączy w sobie przestrzeń, światło i ponadczasowy charakter kamienicy, oferując wygodę życia w doskonałej lokalizacji. Niski czynsz na rzecz administracji - ok. 430 zł (w tym opłaty eksploatacyjne, fundusz remontowy, zaliczka na zimną wodę, odprowadzenie ścieków oraz wywóz śmieci). Oddzielnie rachunki za prąd i gaz. Do mieszkania przynależy piwnica.",tak,,aneks,plastikowe,własność,,52.39114,16.919184
Poznań Piątkowo,os. Stefana Batorego,4,60,675000,11250.0,Pośrednik,,14,https://adresowo.pl/o/mieszkanie-poznan-piatkowo-os-stefana-batorego-4-pokojowe-n4b9r3,https://s2.adresowa.pl/oi/77/79/3d6da4_d991_cover@2x-4-pokojowe-mieszkanie-poznan-piatkowo-os-stefana-batorego.webp,Poznań Piątkowo,os. Stefana Batorego,1,1980.0,blok,,"Tylko teraz! OFERTA, NA KTÓRĄ MUSISZ SPOJRZEĆ ! Winogrady - os. Stefana Batorego blisko rezerwatu Żurawiniec (500m) —————————————————— > 4 Niezależne Pokoje || Piątkowo || os. Stefana Batorego | Cisza i Spokój | 60,2 m2 czystego potencjału inwestycyjnego - niski blok (termomodernizacja planowana na przyszły rok), mieszkanie z widokiem na zieleń, bardzo jasne Układ: * 4 niezależne pokoje * łazienka * wc * korytarz * komórka lokatorska Mieszkanie dwustronne W mieszkaniu zostało odświeżone. ATUTY : Marzysz o mieszkaniu w pobliżu terenów zielonych ? W miejscu dobrze skomunikowanym z resztą miasta ? Całe miasto w Twoim zasięgu! W najbliższym sąsiedztwie pełne zaplecza handlowo-usługowego: - sklepy spożywcze Aldi, Żabka, piekarnie, warzywniaki, - przedszkola, szkoły, place zabaw, pływalnia, - punkty medyczne, stomatologiczne, weterynaryjne Nie za wysoko, ani nie za nisko - na pierwszym piętrze :) To mieszkanie będzie idealne dla Ciebie! Mieszkanie jest wolne od zaraz Transport miejski w bardzo bliskiej odległości, różne środki transportu: - przystanki autobusowe Szymanowskiego, os. Batorego w odległości kilku minut - przystanek tramwajowy PST Szymanowskiego Opłaty eksploatacyjne: 900 zł/miesiąc (w tym zaliczka na wodę, ogrzewanie, fundusz remontowy, śmieci) Stan prawny: pełna własność No to co? Zapraszam na PREZENTACJĘ! OFERTA LICENCJONOWANEGO POŚREDNIKA - GWARANCJA BEZPIECZNEJ TRANSAKCJI / nr licencji 135 / Niniejsze ogłoszenie nie stanowi oferty w rozumieniu przepisów Kodeksu Cywilnego.",,,,plastikowe,własność,,52.458888,16.921146
Poznań Centrum,ul. Za Bramką,3,66,765000,11591.0,Pośrednik,,16,https://adresowo.pl/o/mieszkanie-poznan-centrum-ul-za-bramka-3-pokojowe-t3l3s3,https://s2.adresowa.pl/oi/46/6c/3d6d9a_3fbd_cover@2x-3-pokojowe-mieszkanie-poznan-centrum-ul-za-bramka.webp,Poznań Centrum,Za Bramką,3,,kamienica,,"TOP lokalizacja | 66,10 m2 | 3 niezależne pokoje + kuchnia + pom. gospodarcze + piwnica (rzut w załączeniu) PTAK nieruchomości - 30 lat doświadczenia na rynku nieruchomości. ✨ OFERTA, NA KTÓRĄ MUSISZ SPOJRZEĆ ! ✨ TOP lokalizacja | Centrum | ul. Za Bramką | Plac Kolegiacki Przestronne mieszkanie 3. pokojowe w sąsiedztwie Najpiękniejszego Placu w Poznaniu Możliwość podziału na 2 mieszkania - Świetna lokata !! ✅ 66,10 m2 | 3 niezależne pokoje + odrębna kuchnia + pomieszczenie gospodarcze Kamienica przechodzi obecnie renowację, co w przyszłości zwiększy jeszcze atrakcyjność nieruchomości. Tylko teraz! ✨ Nie szukaj dalej. To to mieszkanie z tym „czymś”! ✨ —————————————————— Szukasz mieszkania w rozpoznawalnej i pożądanej lokalizacji? Oto miejsce z duszą, idealne dla inwestora (pod najem długo- i krótkoterminowy), singla, studentów, pary lub kogoś, kto po prostu uwielbia poznański Stary Rynek. Możliwość podziału na 2 mieszkania - Świetna lokata !! Zwiększ potencjał inwestycyjny przez podział na 2 lokale oraz dokupienie poddasza bezpośrednio nad mieszkaniem. - - - - MIESZKANIE - - - - 3 pokoje || Centrum || ul. Za Bramką 66,10 m2 czystego potencjału inwestycyjnego - mieszkanie z odrębną kuchnią, pomieszczeniem gospodarczym + piwnicą 3,30 m2 U k ł a d: - 3 niezależne pokoje - odrębna kuchnia z oknem - duża łazienka - pomieszczenie gospodarcze - korytarz Zlokalizowane na 3. piętrze, co gwarantuje ciszę i spokój. Na kondygnacji tylko dwa mieszkania. Ogrzewanie gazowe – piec dwufunkcyjny. - - - - BUDYNEK - - - - Kamienica z XIX wieku, sąsiadująca z zabytkowym budynkiem dawnego Kolegium Jezuickiego, obecnie Urzędem Miejskim oraz Parkiem Fryderyka Chopina. - Elewacja głównej fasady po remoncie - Klatka schodowa w trakcie prac renowacyjnych - - - - LOKALIZACJA - - - - ✅ Komunikacja: To miejsce dobrze skomunikowane z resztą miasta. Całe miasto w Twoim zasięgu! - Tramwaj | przystanek Plac Bernardyński - 2 minuty pieszo - Autobus | przystanek Grobla - 3 minuty pieszo ✅ W najbliższym sąsiedztwie pełne zaplecze handlowo-usługowego-rekreacyjne: • restauracje, kawiarnie, sklepy spożywcze, • szpital, kościół • szkoła, przedszkole, uczelnie wyższe - Park Fryderyka Chopina - 4 min - Stary Rynek - 5 min - Wartostrada 7 min ✅ Wolne od zaraz ✅ Opłaty eksploatacyjne: 326 zł/miesięcznie (w tym zaliczka na wodę, fundusz remontowy, śmieci) ✅ Stan prawny: pełna własność (jeden właściciel) No to co? Zapraszam na P R E Z E N T A C J Ę! Maria Adamczewska",,,,,własność,,52.405459,16.935953
Poznań Grunwald,ul. Marcelińska,2,37,469000,12676.0,bez pośredników,,10,https://adresowo.pl/o/mieszkanie-poznan-grunwald-ul-marcelinska-2-pokojowe-v7l5c3,https://s2.adresowa.pl/oi/73/7b/3e31fa_52d0_cover@2x-2-pokojowe-mieszkanie-poznan-grunwald-ul-marcelinska.webp,Poznań Grunwald,Marcelińska,1,1970.0,blok,,"2 pokoje | Grunwald – Marcelińska | 37,7 m² | świetna lokalizacja Na sprzedaż funkcjonalne i jasne mieszkanie o powierzchni 37,7 m², położone na poznańskim Grunwaldzie przy ul. Marcelińskiej – jednej z najbardziej wygodnych lokalizacji do życia w mieście. Mieszkanie znajduje się w kameralnym, niskim bloku i stanowi świetną opcję zarówno do zamieszkania, jak i pod inwestycję. Układ mieszkania: - salon - oddzielna sypialnia - kuchnia - łazienka - przedpokój - dodatkowo piwnica Mieszkanie jest zadbane, w dobrym stanie technicznym, gotowe do zamieszkania lub odświeżenia według własnego gustu. Największe atuty: ✔ świetna lokalizacja ✔ niska zabudowa i spokojne otoczenie ✔ bardzo dobra komunikacja z centrum miasta ✔ w pobliżu sklepy, punkty usługowe, uczelnie i tereny zielone ✔ idealne zarówno dla singla, pary, jak i inwestora pod wynajem ✔ funkcjonalny układ pomieszczeń ✔ piwnica w cenie W okolicy znajduje się pełna infrastruktura miejska oraz szybki dojazd do centrum Poznania. Blisko Lasku Marcelińskiego, przystanków komunikacji miejskiej oraz terenów rekreacyjnych. Mieszkanie dostępne od zaraz. Zapraszam do kontaktu i obejrzenia nieruchomości na żywo.",tak,,osobna,plastikowe,własność,,52.404612,16.868832
Poznań Główna,ul. Główna,2,34,385000,11324.0,bez pośredników,,11,https://adresowo.pl/o/mieszkanie-poznan-glowna-ul-glowna-2-pokojowe-c1d6c2,https://s2.adresowa.pl/oi/58/59/3e31b2_3e65_cover@2x-2-pokojowe-mieszkanie-poznan-glowna-ul-glowna.webp,Poznań Główna,Główna,parter,1940.0,kamienica,,"Sprzedam mieszkanie 33.89m2 ,w kamienicy ,ul.Główna Poznań. BEZPOŚREDNIO OD WŁAŚCICIELA ! -parter -salon, pokój, aneks kuchenny, korytarz, łazienka - do lokalu przynależy duża piwnica - domofon - parking publiczny przy ulicy - czynsz 320zł, śmieci 25zł/osoba, - woda wg zużycia(opomiarowana), - ogrzewanie gazowe- piec gazowy dwufunkcyjny (opomiarowany) -własność/księga wieczysta Lokal po generalnym remoncie w 2020 r. - nowe instalacje elektryczne i wodno-kanalizacyjne,łazienka ,okna plastikowe,podłogi,drzwi. Mieszkanie wyposażone: - meble kuchenne, okap, kuchenka elektryczna z piekarnikiem, lodówka(nowa), mikrofalówka, pralka, telewizor . Częściowo umeblowane. Możliwość doposażenia. Dobra lokalizacja, w zasięgu ręki liczne punkty usługowe i gastronomiczne oraz sklepy tj. Lidl, Społem, Chata Polska, Żabka, Poczta. Mieszkanie odświeżone, gotowe do zamieszkania od zaraz. KW bez żadnych obciążeń. Zapraszam do kontaktu i oględzin!",tak,,osobna,plastikowe,własność,"Wyposażenie: kuchenka, lodówka, mikrofalówka, piekarnik, pralka, telewizor",52.42159,16.972859
Poznań Stare Miasto,os. Pod Lipami,1,27,385000,14259.0,bez pośredników,,15,https://adresowo.pl/o/mieszkanie-poznan-stare-miasto-os-pod-lipami-1-pokoj-s2d8k8,https://s2.adresowa.pl/oi/13/6f/3e2f2c_30bf_cover@2x-1-pokojowe-mieszkanie-poznan-stare-miasto-os-pod-lipami.webp,Poznań Stare Miasto,os. Pod Lipami,parter,,blok,,"Zapraszam do zapoznania się z ofertą sprzedaży funkcjonalnego i świeżo wyremontowanego mieszkania, położonego w jednej z bardziej zielonych i spokojnych części Poznania - na os. Pod Lipami. Lokalizacja: Poznań - Osiedle Pod Lipami Cena: 385 000 zł Powierzchnia lokalu: 27 m² + piwnica Mieszkanie zostało urządzone w nowoczesnym stylu, z dbałością o komfort i funkcjonalność przestrzeni. Jasne wnętrze oraz przemyślany układ sprawiają, że nieruchomość idealnie sprawdzi się dla singla bądź pary. W skład mieszkania wchodzi: • przestronny pokój dzienny, • funkcjonalna kuchnia, • łazienka z WC, • korytarz, • piwnica. Atuty nieruchomości: - mieszkanie po remoncie, - umeblowane, - ogrzewanie miejskie, - gotowe do zamieszkania, - monitorowane i kameralne osiedle, - spokojna, zielona okolica, - bardzo dobra komunikacja z centrum miasta, - w pobliżu sklepy, punkty usługowe oraz tereny rekreacyjne. Ogromnym atutem lokalizacji jest bliskość Parku Szelągowskiego oraz Cytadeli - idealnych miejsc do spacerów, aktywności sportowej i odpoczynku. Forma własności: pełna własność z księgą wieczystą. Oferta bez prowizji - sprzedaż bezpośrednia. Zapraszam do kontaktu oraz umówienia prezentacji nieruchomości.",tak,,osobna,plastikowe,własność,,52.429601,16.945393
Poznań Stary Rynek,ul. Za Bramką,3,66,792000,12000.0,Pośrednik,,12,https://adresowo.pl/o/mieszkanie-poznan-stary-rynek-ul-za-bramka-3-pokojowe-s0e1v3,https://s2.adresowa.pl/oi/12/67/3d6d94_dac4_cover@2x-3-pokojowe-mieszkanie-poznan-stary-rynek-ul-za-bramka.webp,Poznań Stary Rynek,Za Bramką,2,1850.0,kamienica,,"TOP lokalizacja | 66 m2 | 4 pokoje + pom. gospodarcze + piwnica PTAK nieruchomości - 29 lat doświadczenia na rynku nieruchomości. ✨ OFERTA, NA KTÓRĄ MUSISZ SPOJRZEĆ ! ✨ TOP lokalizacja | Centrum | ul. Za Bramką | Plac Kolegiacki Przestronne mieszkanie 4. pokojowe w sąsiedztwie Najpiękniejszego Placu w Poznaniu ✅ 66 m2 | 4 pokoje + pomieszczenie gospodarcze Kamienica przechodzi obecnie renowację, co w przyszłości zwiększy jeszcze atrakcyjność nieruchomości. Tylko teraz! ✨ Nie szukaj dalej. To to mieszkanie z tym „czymś”! ✨ —————————————————— Szukasz mieszkania w rozpoznawalnej i pożądanej lokalizacji? Oto miejsce z duszą, idealne dla inwestora (pod najem długo- i krótkoterminowy), singla, studentów, pary lub kogoś, kto po prostu uwielbia poznański Stary Rynek. Możliwość podziału na 2 mieszkania - Świetna lokata !! * * Zwiększ potencjał inwestycyjny przez podział na 2 lokale oraz dokupienie poddasza bezpośrednio nad mieszkaniem. - - - - MIESZKANIE - - - - 4 pokoje || Centrum || ul. Za Bramką 66 m2 czystego potencjału inwestycyjnego Układ: - 4 pokoje - duża łazienka - pomieszczenie gospodarcze - korytarz Zlokalizowane na 2. piętrze Na kondygnacji tylko dwa mieszkania. Ogrzewanie gazowe. - - - - BUDYNEK - - - - Kamienica z XIX wieku, sąsiadująca z zabytkowym budynkiem dawnego Kolegium Jezuickiego, obecnie Urzędem Miejskim oraz Parkiem Fryderyka Chopina. - Elewacja głównej fasady po remoncie - Klatka schodowa w trakcie prac renowacyjnych - - - - LOKALIZACJA - - - - ✅ Komunikacja: To miejsce dobrze skomunikowane z resztą miasta. Całe miasto w Twoim zasięgu! - Tramwaj | przystanek Plac Bernardyński - 2 minuty pieszo - Autobus | przystanek Grobla - 3 minuty pieszo ✅ W najbliższym sąsiedztwie pełne zaplecze handlowo-usługowego-rekreacyjne: • restauracje, kawiarnie, sklepy spożywcze, • szpital, kościół • szkoła, przedszkole, uczelnie wyższe - Park Fryderyka Chopina - 4 min - Stary Rynek - 5 min - Wartostrada 7 min ✅ Wolne od zaraz ✅ Opłaty eksploatacyjne: 350 zł/miesięcznie (w tym zaliczka na wodę, fundusz remontowy, śmieci) ✅ Stan prawny: pełna własność (jeden właściciel) No to co? Zapraszam na PREZENTACJĘ! Maria Adamczewska",,,,,własność,,52.46491,16.93671
Poznań,ul. Stanisława Staszica,1,30,355000,11833.0,Pośrednik,,10,https://adresowo.pl/o/mieszkanie-poznan-ul-stanislawa-staszica-1-pokoj-b7k5g0,https://s2.adresowa.pl/oi/61/57/3d6d92_30c3_cover@2x-1-pokojowe-mieszkanie-poznan-ul-stanislawa-staszica.webp,Poznań ,Stanisława Staszica,1,1905.0,kamienica,,"Oferuję na sprzedaż kawalerkę w Poznaniu, na Jeżycach, w kamienicy przy ul. Staszica. Lokal składa się z dużego pokoju z osobną kuchnią, łazienki oraz korytarzu, wysoki sufit.1 piętro bez windy.Do mieszkania przynależy piwnica. Umeblowanie/wyposażenie - do uzgodnienia. UWAGA: Lazienka jest do remontu. Świetna lokalizacja - w okolicy szeroko rozwinięta infrastruktura oraz sieć komunikacji miejskiej powalająca z łatwością dostać się w każdy punkt Poznania. Cena jest do negocjacji - 355.000,00 zł Opłaty administracyjne - 445,00 zł Dodatkowo prąd według zurzycia Zapraszam na prezentację.",tak,,osobna,plastikowe,,,52.411692,16.898449
Poznań Strzeszyn,ul. Augusta Emila Fieldorfa,2,47,573000,12191.0,bez pośredników,,15,https://adresowo.pl/o/mieszkanie-poznan-strzeszyn-ul-augusta-emila-fieldorfa-2-pokojowe-a9u9o1,https://s2.adresowa.pl/oi/65/68/3e2ede_e425_cover@2x-2-pokojowe-mieszkanie-poznan-strzeszyn-ul-augusta-emila-fieldorfa.webp,Poznań Strzeszyn,Augusta Emila Fieldorfa,2,2008.0,blok,,"Dzień dobry, zapraszam do zakupu mojego mieszkania w Poznaniu przy ul. A. E. Fieldorfa 1A ( Strzeszyn Grecki ). A short version in English at the end - please call for more details. Mieszkanie 47 m2, 2 piętro w trzypiętrowym bloku. Posiada dwa niezależne pokoje, osobną kuchnie, łazienkę i korytarz: - pokój z wyjściem na balkon 16,7 m2 - drugi pokój 9,6 m2 - kuchnia 10,3 m2 - łazienka 3,7 m2 - korytarz 6,5 m2 Do mieszkania należy przypisane w księdze wieczystej, prywatne miejsce postojowe, na monitorowanym zewnętrznym parkingu z wjazdem na pilota. W pełni urządzona w meble i sprzęty kuchnia oraz łazienka pozwala od razu zamieszkać lub spokojnie wynająć mieszkanie. W dużym pokoju rozkładany stół z krzesłami, narożnik z funkcją spania, telewizor wraz z szafką rtv. W drugim pokoju duża komoda, kanapo-tapczan oraz spory stolik nocny. Korytarz zabudowany szafami oraz pawlaczami. Układ pomieszczeń bardzo wygodny – pokoje są ""rozdzielone"" kuchnią a korytarz stanowi funkcjonalną, środkową część mieszkania. Usytuowanie na stronę południowo-zachodnią zapewnia bardzo dobre oświetlenie oraz oszczędności na ogrzewaniu. Dużym atutem jest ogrzewanie centralne. Podstawowe koszty eksploatacji: - czynsz do wspólnoty 414 złmiesięcznie ( w tym min. opłata za segregowane śmieci, fundusz remontowy, utrzymanie części wspólnych ), - media w tym centralne ogrzewanie, woda ciepła i zimna około 400 zł miesięcznie ( średnia z ostatnich 12 miesięcy ), latem jest mniej, zimą więcej, - prąd wg zużycia – aktualnie średnio 300 zł co dwa miesiące, - Internet i TV ( jest umowa z Vectra, 167 kanałów, internet 450 mb/s ) – 89 zł miesięcznie. Blok z 2008 roku, wybudowany z solidnych materiałów przez cenioną firmę. Całością zarządza bardzo dobrze funkcjonująca wspólnota mieszkaniowa. Wszystkie remonty są prowadzone na bieżąco. Na ten rok zaplanowany jest drugi etap odświeżenia balkonu w opisywanym mieszkaniu, są już nowe płytki, będzie nowa balustrada. Zaangażowanie mieszkańców przyczyniło się min. do uporządkowania terenu wokół, powstały nowe nasadzenia roślin, zabezpieczony plac zabaw. Strzeszyn to północno – zachodni klin zieleni w Poznaniu. Świetne ścieżki pieszo – rowerowe na pobliskie lasy i jeziora, także do miasta. Na samym osiedlu dobra infrastruktura publiczna oraz usługowo – handlowa. Komunikacja miejska jak połączenia autobusowe (linie dzienne i nocne ) oraz stacja kolei miejskiej pozwala w krótkim czasie dotrzeć do centrum lub punktów przesiadkowych. Jestem właścicielem, pełna własność z KW, sprzedaję bezpośrednio. Zdecydowane osoby zapraszam do kontaktu telefonicznego lub osobistego. Możemy spotkać się na miejscu, oprowadzę, odpowiem na pytania, przekażę kilka ciekawostek o samym mieszkaniu, budynku czy osiedlu. Z wyrazami szacunku, Marek Dolaciński Hello, I invite you to purchase my apartment (directly). Area:47 m², 2nd floor of a 3-story building. - bedroom 16.7 m² with access to a balcony - second bedroom 9.6 m² - kitchen 10.3 m² - bathroom 3.7 m² - hallway 6.5 m² The apartment has a private parking space assigned in the land registry, located in a monitored outdoor parking lot. Fully furnished and equipped—ready to move in or rent out immediately.",,tak,osobna,plastikowe,własność,"Wyposażenie: internet, telewizor, tv",52.445578,16.869756
Poznań Stare Miasto,pl. Wolności,1,21,525000,25000.0,bez pośredników,,20,https://adresowo.pl/o/mieszkanie-poznan-stare-miasto-pl-wolnosci-1-pokoj-v7b1j7,https://s2.adresowa.pl/oi/21/7a/3e2eba_a8c5_cover@2x-1-pokojowe-mieszkanie-poznan-stare-miasto-pl-wolnosci.webp,Poznań Stare Miasto,pl. Wolności,1,2025.0,apartamentowiec,,"Oferta Sprzedaży: Nowoczesne Studio w Sercu Poznania - Plac Wolności 6 Z przyjemnością prezentujemy ofertę sprzedaży wyjątkowego, 1-pokojowego mieszkania o powierzchni 21,60 m kw., zlokalizowanego na pierwszym piętrze prestiżowej i nowej inwestycji przy Placu Wolności 6. Lokal jest w pełni wykończony, umeblowany i gotowy do natychmiastowego użytku. Kluczowe informacje o apartamencie: - Funkcjonalny układ: Mieszkanie zostało zaprojektowane z myślą o maksymalnym wykorzystaniu przestrzeni, jest ustawne i jasne. - Wyjątkowy design: Unikalną cechą lokalu jest ogromne okno z przepiękną ławeczką, stanowiącą idealne miejsce na poranną kawę. - Pełne wyposażenie kuchni: Aneks kuchenny zawiera meble w zabudowie, płytę grzejną, mikrofalówkę, lodówkę, czajnik oraz ekspres do kawy. Na wyposażeniu znajduje się również zastawa stołowa i garnki. - Strefa dzienna i sypialniana: Pokój wyposażono w dwa wygodne łóżka (80 cm x 200 cm), dwa stoliki i lampki nocne, stół jadalny z dwoma krzesłami, fotel, szafkę RTV oraz telewizor. W cenie zawarto także tekstylia: kołdry, poduszki, pościel oraz ręczniki. - Nowoczesna łazienka: Wyposażona w kabinę prysznicową, WC, umywalkę oraz praktyczną szafkę łazienkową. Udogodnienia i standard budynku: Inwestycja przy Placu Wolności 6 to kameralny obiekt łączący nowoczesność z prestiżową lokalizacją, oferujący mieszkańcom: - Ekologiczne rozwiązania: Panele fotowoltaiczne na dachu. - Komfort i bezpieczeństwo: Budynek posiada windę, system monitoringu oraz profesjonalną recepcję. - Przestrzeń wspólna: Do dyspozycji mieszkańców oddano ogródek wypoczynkowy na terenie obiektu. Lokalizacja - serce miasta: Mieszkanie wyróżnia się doskonałym położeniem w samym centrum Poznania. Zaledwie 5 minut spacerem dzieli obiekt od Starego Rynku, co czyni tę ofertę idealną zarówno dla osób szukających miejsca do życia, jak i dla inwestorów pod wynajem krótko- lub długoterminowy.",,,aneks,plastikowe,własność,"Wyposażenie: lodówkę, telewizor, tv",52.407189,16.926753
Poznań Rataje,os. Powstań Narodowych,2,49,575000,11735.0,bez pośredników,,8,https://adresowo.pl/o/mieszkanie-poznan-rataje-os-powstan-narodowych-2-pokojowe-h4m5t5,https://s2.adresowa.pl/oi/66/53/3e2ac2_ab79_cover@2x-2-pokojowe-mieszkanie-poznan-rataje-os-powstan-narodowych.webp,Poznań Rataje,os. Powstań Narodowych,9,,blok,,"Sprzedam mieszkanie po kapitalnym remoncie o pow. 49,4 m². Dwupokojowe w Poznaniu (Rataje), os. Powstań Narodowych. Piętro 9 w 16-piętrowym bloku. W bloku znajdują się 2 windy, z czego jedna duża, towarowa. Wejście do bloku i dojście do windy bez schodów, co jest dużym ułatwieniem dla osób niepełnosprawnych oraz małych dzieci w wózku. Nieruchomość jest usytuowana w świetnej lokalizacji. Przy samym bloku szkoła podstawowa, obszerny park z placem zabaw dla dzieci, sklepy (Biedronka, Lidl), stacja paliw. Bliskość Ronda Rataje (kilkaset metrów) umożliwia szybki dojazd do pobliskich uczelni: Politechnika, AFW, UAM oraz nieco dalej UM. Czynsz do spółdzielni około 900 zł miesięcznie (przy 3 osobach) + prąd (według zużycia) i gaz (co drugi miesiąc, około 40 zł). Do mieszkania przynależy piwnica. Zachęcam do kontaktu. Mieszkanie jest moją własnością, sprzedawane bez pośrednika czy biura nieruchomości.",tak,,,,,,52.389898,16.955818
Poznań Rataje,os. Powstań Narodowych,2,37,419000,11324.0,Pośrednik,,13,https://adresowo.pl/o/mieszkanie-poznan-rataje-os-powstan-narodowych-2-pokojowe-v8x2z3,https://s2.adresowa.pl/oi/17/3e/3d65be_6d72_cover@2x-2-pokojowe-mieszkanie-poznan-rataje-os-powstan-narodowych.webp,Poznań Rataje,os. Powstań Narodowych,3,1974.0,blok,,"0% - kupujący nie płaci prowizji. Szukasz mieszkania o przemyślanym i funkcjonalnym układzie, w którym wykorzystano każdy centymetr powierzchni? To 2-pokojowe mieszkanie zostało urządzone tak, aby maksymalnie wykorzystać przestrzeń i zapewnić codzienny komfort. Przechowywanie: - 3 duże szafy w zabudowie: w sypialni, przedpokoju i salonie - dodatkowy schowek w przedpokoju - idealny na buty i rzeczy „na szybko” Codzienny komfort: - przestronna kuchnia z zabudową na wymiar i AGD połączona z salonem - łazienka z prysznicem i pralką - sypialnia z dużym łóżkiem Okolica: - ryneczek ze świeżymi produktami - przy budynku sklep Chata Polska - tereny zielone, park Rataje - apteka, przychodnia - liczne ogólnodostępne miejsca parkingowe pod blokiem - parking strzeżony Lokalizacja: - 9 min pieszo do przystanku tramwajowego ul. Zamenhofa - 5 min pieszo do przystanku autobusowego ul. Piłsudskiego - w pobliżu Politechnika Poznańska - galeria handlowa Posnania Media i info dodatkowe: - ogrzewanie miejskie - Internet światłowodowy - czynsz do spółdzielni, ok. 750 zł/mies. (woda, śmieci, ogrzewanie) Forma własności: spółdzielczo-własnościowe prawo do lokalu z możliwością założenia KW (wszystkie dokumenty niezbędne do założenia KW do wglądu) CENA: 419 000 zł Oferta skierowana również dla klientów kredytowych, którym zapewniamy kompleksową obsługę całego procesu kredytowania. Informacja dla pośredników - współpracujemy przy każdej ofercie.",,,,,,Wyposażenie: internet,52.388624,16.953917
Poznań Winogrady,os. Wichrowe Wzgórze 33,4,64,689000,10766.0,Pośrednik,,18,https://adresowo.pl/o/mieszkanie-poznan-winogrady-os-wichrowe-wzgorze-4-pokojowe-g4q7b7,https://s2.adresowa.pl/oi/38/76/3d598e_61be_cover@2x-4-pokojowe-mieszkanie-poznan-winogrady-os-wichrowe-wzgorze.webp,Poznań Winogrady,os. Wichrowe Wzgórze 33,4,1975.0,blok,,"!! OFERTA TYLKO W NASZYM BIURZE !! !! KUPUJĄCY NIE PŁACI PROWIZJI !! Polecam ofertę przestronnego, czteropokojowego mieszkania położonego w Poznaniu, na osiedlu Wichrowe Wzgórze 33 Nieruchomość o pow. 64,9 m² to doskonała opcja dla rodzin szukających lokalu całkowicie gotowego do wprowadzenia w wysokim standardzie. Mieszkanie po zakupie przeszło generalny remont, podczas którego wymieniono instalację elektryczną, piony wodno-kanalizacyjne oraz położono nowe tynki. W ramach prac wymieniono również wszystkie drzwi wewnętrzne a drzwi wejściowe zostały zastąpione drzwiami antywłamaniowymi. Dodatkowo 1,5 roku temu wnętrze zostało odświeżone, dzięki czemu jest ono w nienagannym stanie i nie wymaga żadnych nakładów finansowych. Lokal jest dwustronny i słoneczny, co zapewnia doskonałe doświetlenie przez cały dzień. Układ z sypialnią dostępną z salonu pozwala na funkcjonalne wydzielenie prywatnej strefy wypoczynkowej, przy zachowaniu dwóch pozostałych, w pełni niezależnych pokoi. Usytuowanie na ostatnim, czwartym piętrze zapewnia ciszę nad głową, prywatność oraz niczym niezakłócony widok na osiedlową zieleń. Wokół budynku znajdują się darmowe miejsca postojowe a dodatkowym atutem jest możliwość przejęcia wynajmowanego miejsca na parkingu strzeżonym (ok. 100 m od klatki, ok. 180 zł/m-c). Budynek przeszedł termomodernizację, co zapewnia lepszy komfort cieplny. W najbliższej okolicy znajdują się wszystkie potrzebne udogodnienia - szkoły, sklepy, parki i komunikację miejską. Opis lokalu: Mieszkanie składa się z: ● salonu z wyjściem na balkon - ok. 15,2 m²; ● sypialni (wejście z salonu) - ok. 11,9 m²; ● pokoju - ok. 11,6 m²; ● pokoju - ok. 9,1 m²; ● oddzielnej, jasnej kuchni - ok. 7,1 m²; ● łazienki - ok. 2,5 m²; ● WC - ok. 1,3 m²; ● korytarza - ok. 6,1 m². Do lokalu przynależy: ● balkon; ● dwie piwnice - co stanowi ogromny atut, zapewniając wyjątkowo dużą przestrzeń do przechowywania. Układ: Mieszkanie dwustronne z oddzielną, jasną kuchnią. Przejściowy salon do jednej z sypialni stwarza naturalną strefę wypoczynkową. ● Piętro: 4 w niskim (4-piętrowym) bloku bez windy. ● Ogrzewanie: z cieplika miejskiego. ● Ciepła woda: z sieci miejskiej. ● Wystawa okien: wschodnia (salon i dwa pokoje) oraz zachodnia (kuchnia i pokój). ● Wysokość opłat administracyjnych: ok. 1300 zł (przy 4 osobach). Standard wykończenia: ● podłogi - płytki (kuchnia, łazienka i WC) oraz panele (pokoje); ● ściany - nowe tynki, gładź; ● okna - PCV; ● drzwi - wymienione wszystkie skrzydła wewnętrzne oraz drzwi wejściowe (antywłamaniowe); ● łazienka - z wanną. Oferta obejmuje pełną zabudowę kuchenną wraz z wyposażeniem, pozostałe umeblowanie do uzgodnienia. Mieszkanie po generalnym remoncie (wymieniona elektryka i piony) oraz odświeżeniu 1,5 roku temu. Budynek: Blok z wielkiej płyty, wybudowany w 1975 roku. Budynek po termomodernizacji i ociepleniu. Wokół budynku znajdują się darmowe miejsca postojowe. Dodatkowym udogodnieniem jest możliwość korzystania z pobliskiego parkingu strzeżonego (100 m). Opis lokalizacji: W bliskiej odległości znajdziemy (pieszo): ● Szkoła Podstawowa nr 11 - 450 m (6 min); ● Przedszkole nr 37 - 280 m (4 min); ● Liceum (XX LO) - 300 m (4 min); ● Biedronka - 450 m (6 min); ● Rossmann (w pasażu) - 850 m (11 min); ● Kaufland / Pasaż handlowy - 850 m (11 min); ● Lidl (ul. Naramowicka) - 1100 m (15 min); ● Park im. Wł. Czarneckiego - 1100 m (15 min); ● Park Cytadela - 3000 m (40 min). Komunikacja: ● Dojazd autem do centrum Poznania zajmuje ok. 12-15 minut. ● Linie autobusowe: [numer], 185, 218 - przystanek Wichrowe Wzgórze w odległości 550 m (8 min). ● Linie tramwajowe: 4,19- przystanek Połabska w odległości 1000m (13 min). ● Trasa PST(Szybki Tramwaj): linie 12, 14, 15, 16 - przystanek Plaza w odległości 1700 m (23 min). Forma własności: Spółdzielcze własnościowe prawo do lokalu. Cena: 689 000 zł Oferta skierowana również do klientów kredytowych, którym zapewniamy kompleksową, sprawną oraz skuteczną obsługę całego procesu kredytowania. Serdecznie zapraszam na prezentację! Informacja dla pośredników - współpracujemy przy każdej ofercie.",,,,,spółdzielcze własnościowe,,52.441867,16.934542
Poznań Jeżyce,ul. Słupska,3,44,669000,15205.0,bez pośredników,,9,https://adresowo.pl/o/mieszkanie-poznan-jezyce-ul-slupska-3-pokojowe-m7o8c2,https://s2.adresowa.pl/oi/1b/65/3e2852_a4da_cover@2x-3-pokojowe-mieszkanie-poznan-jezyce-ul-slupska.webp,Poznań Jeżyce,Słupska,1,2024.0,apartamentowiec,,"Sprzedam Mieszkanie w dobrej lokalizacji, Poznań Smochowice. Miejsce parkingowe przed budynkiem, darmowe. Na sprzedaż 3 pokojowe mieszkanie z balkonem na poznańskich Smochowicach, ul. Słupska. Pierwsze piętro w kameralnym apartamentowcu. O mieszkaniu: - 44,8 m2 - 1 piętro z 2 - jasne - łazienka z wanną, pralko-suszarką i piecem dwufunkcyjnym - w sypialni szafa w zabudowie - kuchnia: wysoka lodówka w zabudowie, piekarnik, płyta elektryczna, okap, zlewozmywak, szafki - w korytarzu zabudowa szaf x2 Największym atutem tej nieruchomości jest lokalizacja, zaledwie kilka minut spacerem (500 metrów) od Smoczej Plaży, jeziora Kierskiego i lasów. Na ulicy znajdują się przystanki autobusowe. Informacje techniczne: - klimatyzacja - okna PCV - podłoga: deska na balkonie, w całym mieszkaniu płytki - ogrzewanie gazowe: własny piec dwufunkcyjny - ogrzewanie podłogowe w całym mieszkaniu Opłaty: - czynsz do wspólnoty 350 zł/mc (fundusz remontowy, śmieci, zieleń) - bardzo ekonomiczne, oszczędne - podatek od nieruchomości ok 700 zł rocznie Dużym atutem jest świetnie rozwinięta infrastruktura - w pobliżu znajdują się sklepy (Żabka, Aldi, Lidl, Biedronka, ryneczek), szkoły, przedszkola, apteka oraz przystanek autobusowy, dzięki czemu wszystko, co potrzebne na co dzień, jest w zasięgu ręki. To doskonała lokalizacja zarówno dla rodzin, jak i osób szukających spokojnego miejsca z szybkim dojazdem do centrum.",,tak,,plastikowe,własność,"Wyposażenie: klimatyzacja, lodówka, piekarnik",52.450609,16.803357
Poznań Naramowice,ul. Jasna Rola,3,78,1199000,15372.0,bez pośredników,,16,https://adresowo.pl/o/mieszkanie-poznan-naramowice-ul-jasna-rola-3-pokojowe-j1k8s7,https://s2.adresowa.pl/oi/4e/71/3e256a_5247_cover@2x-3-pokojowe-mieszkanie-poznan-naramowice-ul-jasna-rola.webp,Poznań Naramowice,Jasna Rola,2,2014.0,blok,,"Sprzedam mieszkanie w bardzo dobrej lokalizacji Naramowice. Jest to bardzo zielona i spokojna okolica, gdzie w pobliżu jest szkoła, przedszkole, szybki tramwaj, Lidl, Biedronka oraz Netto, zatem wszystko, co potrzebne do mieszkania. Mieszkanie jest w stanie bardzo dobrym, niedawno po dużym remoncie. Dodatkowym atutem jest jednak piękny park Żurawiniec, gdzie można pomiędzy drzewami spędzić wolny czas. Osiedle zamknięte i monitorowane. Jest również miejsce w hali garażowej, jak i skrytka (piwnica). Serdecznie polecam i zapraszam do zakupu.",tak,tak,,,własność,,52.455497,16.940447
Poznań Jeżyce,ul. Franklina Roosevelta,4,121,1399000,11562.0,bez pośredników,,19,https://adresowo.pl/o/mieszkanie-poznan-jezyce-ul-franklina-roosevelta-4-pokojowe-f9m7b1,https://s2.adresowa.pl/oi/71/6f/3e2566_fab8_cover@2x-4-pokojowe-mieszkanie-poznan-jezyce-ul-franklina-roosevelta.webp,Poznań Jeżyce,Franklina Roosevelta,1,1897.0,kamienica,,"Polecam Państwu na sprzedaż w centrum Poznania, dzielnica Jeżyce, przestronne mieszkanie na pierwszym piętrze. Powierzchnia całkowita: 143,1 m2, na którą składa się: - powierzchnia użytkowa mieszkania: 121,4 m2 - przynależna piwnica: 21,7 m2 Ponadto udział we współwłasności: - parkingu - małego ogródka od strony tylnej kamienicy - strychu w budynku. Rozkład pomieszczeń: Obszerny przedpokój, trzy duże pokoje w układzie niezależnym. Czwarty, mniejszy pokój przechodni przez kuchnię. Jasna, niezależna kuchnia z oddzielną spiżarnią. Łazienka. Okna wychodzą na stronę wschodnią oraz zachodnią. W załączeniu rzut mieszkania. Standard wykończenia - wysoki. Ściany - tynki, gładź gipsowa, stiuki gipsowe. Drzwi zewnętrzne i wewnętrzne - oryginalne, odnowione z litego drewna. Podłogi - oryginalne drewniane, grube deski, listwy drewniane przypodłogowe. Okna - nowe drewniane. Parapety - konglomerat. Przeprowadzone remonty: - mieszkanie po całkowitym remoncie, częściowo odświeżane w tym roku. - kilka lat temu wymieniona cała instalacja elektryczna. - instalacja CO: grzejniki, rury miedziane. - nowy, 2-letni efektywny piec gazowy kondensacyjny z zamkniętą komorą spalania firmy Saunier Duval. - nowy wkład kominowy do pieca. - docieplone ściany i sufit masą termoizolacyjną Gotherm. Dodatkowe atuty: Piękny wykusz i wysokość pomieszczeń 330 cm, sprawia, że mieszkanie wydaje się jeszcze większe i przestronniejsze. Potencjał aranżacyjny: Mieszkanie świetnie nadaje się na prywatny użytek, biuro, kancelarię (15 minut pieszo do sądu rejonowego oraz okręgowego), bądź pod kątem inwestycyjnym ze względu na dużą ilość okien, które dają możliwość podziału na mniejsze pokoje. Dostępne media: Zimna woda, gaz ziemny, prąd, kanalizacja, telefon, TV kablowa, światłowód. Ogrzewanie: Gazowe - piec dwufunkcyjny. Zabezpieczenia: Domofon, szlaban przy wjeździe na parking przy kamienicy, pilot od szlabanu wyłącznie dla mieszkańców. Rodzaj własności: Odrębna własność lokalu z księgą wieczystą, wolną od obciążeń. Opis budynku: Trzypiętrowa kamienica mieszkalna, w sumie 6 mieszkań oraz lokal użytkowy (biuro podróży). Przeprowadzone remonty w budynku: - renowacja elewacji kamienicy od strony wschodniej - frontowej, północnej i częściowo zachodniej. - w przeciągu najbliższych 2 lat planowane dokończenie renowacji elewacji. - projekt renowacji uwzględnia pokrycie dachu i jego elementów ozdobnych blachą ocynkowaną w celu przywrócenia pierwotnego wyglądu kamienicy. - kilka lat temu wymieniona była instalacja elektryczna, piony wod-kan., uszczelniono kominy. Opis lokalizacji: Odległość do ścisłego centrum miasta około 1 - 1,5 km - Stary Rynek, Międzynarodowe Targi Poznańskie, PKP, Cytadela. W bliskiej odległości: restauracje, kafejki, teatry, opera, filharmonia, biblioteki, żłobki, przedszkola, szkoły, uczelnie wyższe, place zabaw, centra handlowe, sklepy spożywcze, ośrodki lekarskie, szpitale. Komunikacja: Linia tramwajowa - przystanek 20m i 50m od domu, linie autobusowe. SPRZEDAŻ BEZPOŚREDNIA. PROSZĘ O NIEKONTAKTOWANIE SIĘ POŚREDNIKÓW NIERUCHOMOŚCI.",tak,tak,osobna,,własność,Wyposażenie: tv,52.408635,16.912991
Poznań Dolna Wilda,ul. Fabryczna,1,31,470000,15161.0,Pośrednik,,8,https://adresowo.pl/o/mieszkanie-poznan-dolna-wilda-ul-fabryczna-1-pokoj-j8y8y2,https://s2.adresowa.pl/oi/48/1c/3d57ec_76ad_cover@2x-1-pokojowe-mieszkanie-poznan-dolna-wilda-ul-fabryczna.webp,Poznań Dolna Wilda,Fabryczna,parter,,blok,,"Zapraszamy do zapoznania się z ofertą sprzedaży funkcjonalnej i klimatycznej kawalerki położonej przy ul. Fabrycznej w Poznaniu. Nieruchomość znajduje się w zadbanej kamienicy i wyróżnia się ponadstandardową wysokością pomieszczeń, co zapewnia poczucie przestrzeni oraz komfort użytkowania. Mieszkanie jest gotowe do zamieszkania i sprzedawane z wyposażeniem, co pozwala na szybkie wprowadzenie się bez dodatkowych nakładów. Duże okna zapewniają bardzo dobre doświetlenie wnętrza przez większą część dnia. Najważniejsze atuty: • Wysokie sufity zwiększające poczucie przestrzeni • Jasne wnętrze dzięki dużym oknom • Funkcjonalny układ pomieszczeń • Mieszkanie sprzedawane z wyposażeniem • Niskie koszty utrzymania • Atrakcyjna lokalizacja blisko centrum Mieszkanie składa się z: - Salonu z częścią wypoczynkową, - Aneksu kuchennego z AGD, - Łazienki. Do mieszkania przynależy piwnica o powierzchni 4,56 m², która jest wliczona w metraż nieruchomości i zwiększa jej funkcjonalność. Budynek: Mieszkanie znajduje się w zadbanej kamienicy, która zachowuje swój charakter i zapewnia kameralną atmosferę. Części wspólne są utrzymane w dobrym stanie, co wpływa na komfort codziennego użytkowania. Budynek usytuowany jest w spokojnym otoczeniu, a jego lokalizacja zapewnia wygodny dostęp do infrastruktury miejskiej. Kamieniczny charakter nieruchomości nadaje jej unikalny klimat oraz ponadczasowy styl. Lokalizacja: Ul. Fabryczna to dobrze skomunikowana część Poznania, która zapewnia szybki dojazd do centrum miasta oraz innych dzielnic. W pobliżu znajdują się przystanki komunikacji miejskiej, które umożliwiają wygodne przemieszczanie się. W najbliższej okolicy dostępne są sklepy, punkty usługowe oraz tereny rekreacyjne, które ułatwiają codzienne funkcjonowanie. Lokalizacja łączy wygodę życia w mieście z dostępem do wszystkich niezbędnych udogodnień. Opłaty: Koszty utrzymania obejmują czynsz administracyjny oraz media według zużycia. Szczegółowe informacje dotyczące opłat zostaną przekazane po kontakcie. Zapraszamy do kontaktu w celu uzyskania dodatkowych informacji oraz umówienia się na prezentację nieruchomości. Chętnie odpowiemy na wszystkie pytania oraz ustalimy dogodny termin spotkania z Państwem. TEKTON PROPERTY TO NAJLEPSZE BIURO NIERUCHOMOŚCI W POLSCE WG KONKURSU LIDER NIERUCHOMOŚCI OTODOM 2020. Znajdź nas w swoim mieście: Gdańsk, ul. Chmielna 10 - Warszawa, Plac Dąbrowskiego 1/311 - Kraków, ul. Józefitów 7/4 - Poznań, ul. Wojskowa 6/D6 - Łódź, ul. Zachodnia 70 pok. 223, Opole, Gen. Tadeusza Kościuszki 1, lok. 1C. Podejmując współpracę z przedstawicielami Tekton Property zyskujesz: - oszczędność czasu, - weryfikację dokumentów od strony formalno-prawnej, - wsparcie agenta na każdym etapie transakcji, - pomoc przy uzyskaniu kredytu hipotecznego w kilkunastu bankach, - wgląd do umów przed zawarciem aktu notarialnego u sprawdzonych Notariuszy, - własne analizy makroekonomiczne i raporty z prowadzonych działań, - dostęp do cen transakcyjnych z okolicy. Skontaktuj się z opiekunem oferty, a on poprowadzi Cię przez wszystkie etapy transakcji. Zapraszamy do współpracy! Niniejsze ogłoszenie nie stanowi oferty handlowej w rozumieniu przepisów art. 66 k.c., a przedstawione dane mają charakter informacyjny.",,,,,własność,,52.387675,16.913831
Poznań Starołęka,ul. Wagrowska,2,45,699000,15533.0,Pośrednik,,20,https://adresowo.pl/o/mieszkanie-poznan-staroleka-ul-wagrowska-2-pokojowe-z0y6h4,https://s2.adresowa.pl/oi/5e/61/3d5104_3899_cover@2x-2-pokojowe-mieszkanie-poznan-staroleka-ul-wagrowska.webp,Poznań Starołęka,Wagrowska,12,2025.0,blok,,"Oferta dostępna tylko u nas! Kupujący nie płaci prowizji - wynagrodzenie doradcy pokrywa sprzedający! Brak podatku PCC 2% !!! Polecam ofertę 2 - pokojowego mieszkania wykończonego w wysokim standardzie położonego w Poznaniu na Starołęce przy ul. Wagrowskiej. Mieszkanie znajduje się na 12 piętrze w 17. piętrowym budynku z windą. Ogromne atuty lokalu to usytuowanie blisko terenów zielonych. OPIS LOKALU Mieszkanie o powierzchni 45,68 m2 składa się z : • salonu z aneksem kuchennym z wyjściem na balkon o powierzchni około 20.79 m2 • sypialni o powierzchni około 15.22 m2 • łazienki z toaletą o powierzchni około 4.82 m2 • przedpokoju o powierzchni około 4.85 m2 Do lokalu przynależą: • balkon z salonu o powierzchni około 5.24 m2 • miejsce postojowe w hali garażowej dodatkowo płatne 50 tys. zł. Układ mieszkania: salon z aneksem kuchennym z wyjściem na balkon, sypialnia, łazienka z toaletą. Piętro: 12 w 17. piętrowym bloku. Ogrzewanie: cieplik miejski Wysokość czynszu: około 600 zł Standard wykończenia: • ściany - gładź gipsowa • podłogi - panele • okna - PCV • instalacja elektryczna miedziana OPIS LOKALIZACJI W bliskiej odległości znajdziemy: • Szkoła Podstawowa nr 18 im. Zofii Nałkowskiej w odległości około 700m (10 min) • Przedszkole nr 186 w odległości około 750m (11 min) • Zespół szkolno-przedszkolny nr 19 w odległości około 750m (11 min) • Zespół Szkół Salezjańskich w Poznaniu w odległości około 1400m (18 min) • X Liceum Ogólnokształcące nr 8 w odległości około 1600m (21 min) • Trojka Restauracja w odległości około 750m (10 min) • Lugatta w odległości około 800m (11 min) • TrisuSushi w odległości około 750m (11 min) • Pod Chmurką w odległości około 850m (12 min) • Nie śpimy, lepimy! w odległości około 950m (13 min) • Bistro Mekong w odległości około 1100m (14 min) • Wybieg dla psów w odległości około 350m (5 min) • Kort tenisowy im. Jakuba Wieczorka w odległości około 500m (7 min) • Fabryka Formy w odległości około 1100m (15 min) • Żabka w odległości około 30m (1 min) • Biedronka w odległości około 800m (11 min) • Aldi w odległości około 800m (11 min) • DPD Pickup w odległości około 60m (1 min) • Kościół Nawiedzenia NMP w odległości około 1200m (17 min) • Park Rataje w odległości około 1400m (19 min) • w okolicy także fryzjer, pizzeria, restauracje oraz apteki. Komunikacja: • linie tramwajowe: [numer], 19 - przystanek Rondo Żegrze w odległości około 220m (3 min) FORMA WŁASNOŚCI - pełna własność z udziałem w gruncie. CENA - 699 000 zł + miejsce postojowe w hali garażowej dodatkowo płatne 50 tys. zł. Oferta skierowana również dla klientów kredytowych, którym zapewniamy kompleksową, sprawną oraz skuteczną obsługę całego procesu kredytowania. SERDECZNIE ZAPRASZAMY NA PREZENTACJE! Informacja dla pośredników! Współpracujemy przy każdej ofercie!",,tak,,,własność,,52.376106,16.953028
Poznań Jeżyce,os. Lotnictwa Polskiego,2,52,689000,13250.0,bez pośredników,,13,https://adresowo.pl/o/mieszkanie-poznan-jezyce-os-lotnictwa-polskiego-2-pokojowe-n9c4k4,https://s2.adresowa.pl/oi/44/74/3e2536_e8f4_cover@2x-2-pokojowe-mieszkanie-poznan-jezyce-os-lotnictwa-polskiego.webp,Poznań Jeżyce,os. Lotnictwa Polskiego,7,2007.0,blok,,"- Mieszkanie położone w dzielnicy Jeżyce, Osiedle Lotnictwa Polskiego 16. - Komunikacja miejska - 4 minuty do przystanku autobusowego Bużańska, połączenia w obu kierunkach (w tym połączenie nocne) - zachód oraz pętla Ogrody (linie [numer], [numer], [numer], [numer]). W środku osiedla przy ulicy Meissnera przystanek autobusu linii 121 - połączenie z pętlą Ogrody w godzinach wzmożonego ruchu. - Komunikacja samochodowa - dostęp ulicy Polskiej, z drugiej strony ulica Dąbrowskiego zapewniają dobre połączenie z centrum oraz okolicznymi podpoznańskimi miejscowościami. - W pobliżu sklepy: Bystry, Żabka, piekarnia, warzywniak oraz żłobek i inne. - Układ pomieszczeń/wyposażenie - mieszkanie składa się z hallu wyposażonego w szafy do przechowywania ubrań oraz okryć wierzchnich, a także szafki na buty wysokiej oraz niskiej stanowiącej siedzisko. Dalej prowadzi korytarzyk, z którego drzwi prowadzą do łazienki z prysznicem, wyposażona także w pralkę i suszarkę w zabudowie. Naprzeciw łazienki sypialnia z pojemną szafą, łóżkiem z pojemnikiem na przechowywanie. Korytarz kończy się w otwartym salonie, gdzie zaczynając od prawej mamy schowaną kuchnię otwartą na salon, dalej swoje miejsce znajduje stół z 4 krzesłami, komoda na 6 szuflad, część wypoczynkowa z wygodnymi kanapami (1 z funkcją spania i pojemnikiem), regałem, stolikiem kawowym, szafką rtv oraz telewizorem, dalej prowadzi balkon z wystawą zachodnią z widokiem na Ławicę. Kuchnia wyposażona w zmywarkę, lodówkę, piekarnik, mikrofalę oraz płytę indukcyjną w zabudowie. Blat kuchni granitowy, co zapewnia komfort korzystania i utrzymania w czystości. Okna kuchni wychodzą na stronę północną i gwarantują widok na zieleń okolic jeziora Rusałka. - Standard wykończenia - mieszkanie przeszło generalny remont zakończony w grudniu 2021. Wysoki standard wykończenia - drewniana podłoga w całym mieszkaniu (poza łazienką i kuchnią), meble w zabudowie na wymiar, AGD firm Samsung (indukcja, piekarnik, mikrofalówka, lodówka), Siemens (zmywarka), LG (pralka, suszarka, telewizor). W oknach rolety dzień-noc oraz moskitiery, drzwi wejściowe wymienione w 2024 roku. - Blok znajduję się na zamkniętym terenie prywatnym z miejscami parkingowymi dostępnymi dla wszystkich mieszkańców (pilot do bramy), w ramach terenu Wspólnoty Mieszkaniowej Mały i Duży dwa bloki na terenie. Ogłoszenie nie stanowi oferty w rozumieniu Kodeksu cywilnego.",,tak,,plastikowe,własność,"Wyposażenie: lodówka, lodówkę, mikrofalówka, piekarnik, pralka, pralkę, suszarka, suszarkę, telewizor, tv, zmywarka, zmywarkę",52.422475,16.864054
Poznań Nowe Miasto,ul. Folwarczna,1,32,395000,12344.0,bez pośredników,,17,https://adresowo.pl/o/mieszkanie-poznan-nowe-miasto-ul-folwarczna-1-pokoj-j3z0z6,https://s2.adresowa.pl/oi/37/5d/3e1c2a_8df5_cover@2x-1-pokojowe-mieszkanie-poznan-nowe-miasto-ul-folwarczna.webp,Poznań Nowe Miasto,Folwarczna,5,2000.0,blok,,"Oferuję na sprzedaż mieszkanie, którego jestem właścicielem od 2003 roku. Mieszkanie o powierzchni 32,1 m2 z dużym balkonem (loggia), znajdujące się w niewielkiej odległości od jeziora Maltańskiego i terenów rekreacyjnych (os. Przemysława). Lokal znajduje się na 5. piętrze w bloku z windą. Przy budynku znajduje się parking ze szlabanem wyłącznie dla mieszkańców oraz infrastruktura handlowo-usługowa (np. Żabka, Apteka, Poczta, Piekarnia itp.). Na powierzchnię 32,1 m2 składają się: salon z aneksem kuchennym i dużym zadaszonym balkonem, łazienka, przedpokój, garderoba, wydzielone ścianami łóżko sypialniane. Mieszkanie jest w pełni wyposażone w meble i sprzęt AGD i funkcjonowało przez ostatnie 8 lat jako mieszkanie do wynajęcia. Mieszkanie wynajmowane przez kilku najemców bez żadnych przerw. Ciekawy układ z wydzieloną sypialnią, urocza okolica, wygodny parking oraz pełne umeblowanie z wyposażeniem AGD stanowią atrakcyjną ofertę na rynku wynajmu nieruchomości, dzięki czemu nie było żadnych przerw przy zmianie wynajmujących. Wyposażenie: Salon - kanapa, stół z krzesłami, wielka szafa z drzwiami przesuwnymi typu Komandor, komoda pod RTV. ""Sypialnia"" - wydzielone ścianami i drzwiami łóżko sypialniane ze stelażem o powierzchni 140x200 cm. Kuchnia - lodówka z zamrażarką, piekarnik, płyta indukcyjna, sprzęt 3-5 letni, zabudowa kuchenna na wymiar. Łazienka - pralka, wanna, umywalka z lustrem, przestronne szafki wiszące. Przedpokój - szafa 1-drzwiowa, pawlacz i panel na odzież wierzchnią. Garderoba - Komody z szufladami 160 cm, Szafki wiszące 160cmx90cm, drążek na rzeczy wiszące 160cm. Lokalizacja: Mieszkanie dobrze skomunikowane. Przystanek (450 m), tuż przy ul. Dymka i terenów rekreacyjnych nad Jeziorem Maltańskim. Rondo Rataje (8 min), Rondo Śródka (7 min) - gdzie znajdziemy mnóstwo linii tramwajowych i autobusowych w każdym kierunku miasta. Stacja rowerów miejskich NextBike (200 m). Do centrum dojedziemy w 15 min. Volkswagen Poznań (8 min), Swarzędz (10 min), Politechnika Poznańska (7 min), AWF (15 min). Bardzo blisko M1 i Centrum Franowo (5 min), Galeria Posnania (8 min), Jezioro Maltańskie, tereny rekreacyjne Olszak (500 m), Termy Maltańskie (12 min), Biedronka (850 m), Lidl (950 m), Stacja BP (10 min pieszo), Żabka (200 m), poza tym w najbliższej okolicy liczne lokale handlowo-usługowe: piekarnia, cukiernia, kwiaciarnia, poczta, apteka, przychodnia, przedszkole, szkoła i inne. Informacje dodatkowe: Opłaty na rzecz wspólnoty: 547 zł (w tym woda wg zużycia, ogrzewanie, fundusz remontowy, opłaty administracyjne, śmieci dla dwóch osób itp.). Wspólnota mieszkaniowa w bardzo dobrej kondycji finansowej. Mieszkanie wolne od 17.07.2026 r.",,,aneks,plastikowe,własność,"Wyposażenie: lodówka, piekarnik, pralka, tv",52.38117,17.002838
Poznań Chartowo,os. Lecha,2,41,489000,11927.0,bez pośredników,,12,https://adresowo.pl/o/mieszkanie-poznan-chartowo-os-lecha-2-pokojowe-x4s1p2,https://s2.adresowa.pl/oi/75/68/3e1c20_4006_cover@2x-2-pokojowe-mieszkanie-poznan-chartowo-os-lecha.webp,Poznań Chartowo,os. Lecha,6,,blok,,"Na sprzedaż funkcjonalne i jasne mieszkanie o powierzchni 41,20m², znajdujące się na 6 piętrze 10-piętrowego bloku wokół zieleni na Os. Lecha. Mieszkanie ma KW/uregulowany grunt; idealne dla pary lub rodziny z dzieckiem, umeblowane. W skład mieszkania wchodzą: - Przestronny salon z szafą typu Komandor, - Sypialnia z uniwersalną szafą Komandor, - Nowoczesna kuchnia, - Łazienka z WC, - Przedpokój z szafą typu Komandor, - Do mieszkania przynależy piwnica. Największe atuty: - Ciepłe mieszkanie, - Dużo powierzchni do przechowywania, - Dobra lokalizacja - bardzo dobrze skomunikowane z centrum i resztą miasta. Przystanek autobusowy znajduje się w odległości 50m, przystanek tramwajowy w odległości 100m. (4 przystanki do Galerii Posnania, 3 przystanki do Centrum Handlowego M1 oraz IKEA). - W pobliżu znajduje się użytek ekologiczny ""Traszki Ratajskie"" z nowoczesnym placem zabaw z tyrolką, skate parkiem i siłownią zewnętrzną oraz w odległości 15 minut spacerkiem jezioro Malta oraz Park Rataje. - Szkoły, przedszkola, kościół oraz wiele sklepów branżowych i liczne punkty usługowo-handlowe. - Blok jest wyposażony w dwie windy, w tym jedną nową, ma odświeżone klatki i jest ocieplony. Piękne tereny spacerowe i rekreacyjne. Mieszkanie do wejścia od zaraz. Powyższy opis nie stanowi oferty w rozumieniu Kodeksu cywilnego, a dane w nim zawarte mają charakter informacyjny i mogą ulec zmianie.",tak,,osobna,plastikowe,,,52.389603,16.972651
Poznań Podolany,ul. Jasielska,3,55,749000,13618.0,Pośrednik,,22,https://adresowo.pl/o/mieszkanie-poznan-podolany-ul-jasielska-3-pokojowe-x5m4l2,https://s2.adresowa.pl/oi/21/38/3d50d2_835c_cover@2x-3-pokojowe-mieszkanie-poznan-podolany-ul-jasielska.webp,Poznań Podolany,Jasielska,3,2025.0,blok,,"Oferta dostępna tylko u nas! Kupujący nie płaci prowizji - wynagrodzenie doradcy pokrywa sprzedający! Brak podatku PCC 2% !!! Polecam ofertę 3 - pokojowego mieszkania z dwoma balkonami wykończonego w wysokim standardzie położonego w Poznaniu na Podolanach przy ul. Jasielskiej. Mieszkanie znajduje się na 3 piętrze w 5. piętrowym budynku z windą. Ogromne atuty lokalu to usytuowanie blisko terenów zielonych. OPIS LOKALU Mieszkanie o powierzchni 55,60 m2 składa się z : • salonu z aneksem kuchennym z wyjściem na balkon o powierzchni około 20.02 m2 • sypialni o powierzchni około 11.52 m2 • sypialni o powierzchni około 12.19 m2 • łazienki z toaletą o powierzchni około 3.7 m2 • przedpokoju o powierzchni około 8.17 m2 Do lokalu przynależą: • balkon z salonu o powierzchni około 2.85m2 • balkon z sypialni o powierzchni około 2.85m2 • miejsce postojowe w hali garażowej dodatkowo płatne 40 tys. zł. Układ mieszkania: salon z aneksem kuchennym z wyjściem na balkon, dwie sypialnie, łazienka z toaletą. Piętro: 3 w 5. piętrowym bloku. Ogrzewanie: cieplik miejski Wysokość czynszu: około 600 zł Standard wykończenia: • ściany - gładź gipsowa • podłogi - panele • okna - PCV • instalacja elektryczna miedziana OPIS LOKALIZACJI W bliskiej odległości znajdziemy: • Publiczne Przedszkole Leonardo w odległości około 1100m (14 min) • Niepubliczna Szkoła Podstawowa Tutori w odległości około 1100m (15 min) • Jota Szkoła Językowa w odległości około 1300m (18 min) • Stacja Podolany Fitness w odległości około 950m (13 min) • Street Workout w odległości około 1000m (13 min) • Rebel Nature CrossFit - Poznań Podolany w odległości około 1000m (14 min) • Fabryka Formy w odległości około 1100m (15 min) • Żabka w odległości około 190m (3 min) • Eurospar w odległości około 1000m (14 min) • Drogeria Rossmann w odległości około 1000m (14 min) • Paczkomat InPost w odległości około 400m (6 min) • w okolicy także fryzjer, pizzeria, restauracje oraz apteki. Komunikacja: • linie autobusowe: [numer] - przystanek Jasielska II w odległości około 400m (6 min) • linie autobusowe: [numer] - przystanek Truskawiecka w odległości około 1100m (14 min) FORMA WŁASNOŚCI - pełna własność z udziałem w gruncie. CENA - 749 000 zł + miejsce postojowe w hali garażowej dodatkowo płatne 40 tys. zł. Oferta skierowana również dla klientów kredytowych, którym zapewniamy kompleksową, sprawną oraz skuteczną obsługę całego procesu kredytowania. SERDECZNIE ZAPRASZAMY NA PREZENTACJE! Informacja dla pośredników! Współpracujemy przy każdej ofercie!",,tak,,,własność,,52.442793,16.89154
Poznań Grunwald,ul. Jeleniogórska,3,56,799000,14268.0,Pośrednik,,20,https://adresowo.pl/o/mieszkanie-poznan-grunwald-ul-jeleniogorska-3-pokojowe-g7c7l7,https://s2.adresowa.pl/oi/59/78/3d3b92_bd6e_cover@2x-3-pokojowe-mieszkanie-poznan-grunwald-ul-jeleniogorska.webp,Poznań Grunwald,Jeleniogórska,parter,2018.0,apartamentowiec,,"Zapraszamy do zapoznania się z ofertą sprzedaży 3-pokojowego mieszkania o powierzchni 56,53 m², położonego w budynku z 2018 roku przy ul. Jeleniogórskiej w Poznaniu. Nieruchomość znajduje się na zamkniętym i monitorowanym osiedlu, co zapewnia komfort oraz bezpieczeństwo mieszkańców. Mieszkanie zostało zaprojektowane w sposób funkcjonalny, a jego układ sprzyja wygodnemu codziennemu użytkowaniu. Dużym atutem jest przestronny balkon, do którego dostęp jest z każdego pomieszczenia. Najważniejsze atuty: • Parter w nowoczesnym budynku z windą • Bardzo duży balkon z wyjściem z każdego pomieszczenia- prawie 15m2 • Zamknięte, monitorowane osiedle • Dodatkowe pomieszczenie do własnej aranżacji, obecnie funkcjonuje jako pomieszczenie gospodarcze • Bliskość terenów zielonych • Możliwość zakupu miejsca postojowego naziemnego • Możliwość wykonania nasadzenia przed balkonem, które umożliwi stworzenie zielonej, osłoniętej przestrzeni zapewniającej wysoki poziom prywatności i poczucie niemal całkowitej intymności. Mieszkanie składa się z: - Salonu z aneksem kuchennym(21,33m2), - Dwóch sypialni (9,15m2 i 9,0m2), - Łazienki(4.22m2), - Dodatkowego pomieszczenia (np. pralnia lub WC-1,94m2), - Balkonu(14,62m2). Budynek: Mieszkanie znajduje się w nowoczesnym budynku z 2018 roku, wyposażonym w windę oraz rowerownię dostępną dla mieszkańców. Osiedle jest zamknięte i monitorowane, a wjazd zabezpieczony szlabanem, co zwiększa poczucie bezpieczeństwa. Teren inwestycji został starannie zagospodarowany i oferuje liczne udogodnienia, takie jak plac zabaw, boisko do koszykówki, stół do tenisa stołowego oraz oczko wodne. Całość tworzy przyjazną przestrzeń do życia i wypoczynku. Lokalizacja: Nieruchomość położona jest w dzielnicy Grunwald - Przylesie Marcelin, w spokojnej i zielonej części Poznania. W najbliższej okolicy znajdują się sklepy, restauracje, placówki medyczne oraz punkty usługowe, co zapewnia wygodę codziennego funkcjonowania. Dużym atutem jest bliskość Lasku Marcelińskiego, oddalonego o około 5 minut spacerem, który stanowi idealne miejsce do rekreacji. W pobliżu znajduje się także pętla tramwajowa (około 4 minuty pieszo), co zapewnia szybki dojazd do centrum miasta. Zapraszamy do kontaktu w celu uzyskania dodatkowych informacji oraz umówienia się na prezentację nieruchomości. Chętnie odpowiemy na wszystkie pytania oraz ustalimy dogodny termin spotkania z Państwem. TEKTON PROPERTY TO NAJLEPSZE BIURO NIERUCHOMOŚCI W POLSCE WG KONKURSU LIDER NIERUCHOMOŚCI OTODOM 2020. Znajdź nas w swoim mieście: Gdańsk, ul. Chmielna 10 - Warszawa, Plac Dąbrowskiego 1/311 - Kraków, ul. Józefitów 7/4 - Poznań, ul. Wojskowa 6/D6 - Łódź, ul. Zachodnia 70 pok. 223, Opole, Gen. Tadeusza Kościuszki 1, lok. 1C. Podejmując współpracę z przedstawicielami Tekton Property zyskujesz: - oszczędność czasu, - weryfikację dokumentów od strony formalno-prawnej, - wsparcie agenta na każdym etapie transakcji, - pomoc przy uzyskaniu kredytu hipotecznego w kilkunastu bankach, - wgląd do umów przed zawarciem aktu notarialnego u sprawdzonych Notariuszy, - własne analizy makroekonomiczne i raporty z prowadzonych działań, - dostęp do cen transakcyjnych z okolicy. Skontaktuj się z opiekunem oferty, a on poprowadzi Cię przez wszystkie etapy transakcji. Zapraszamy do współpracy! Niniejsze ogłoszenie nie stanowi oferty handlowej w rozumieniu przepisów art. 66 k.c., a przedstawione dane mają charakter informacyjny.",,tak,,,własność,,52.39066,16.847087
Poznań Łazarz,ul. Głogowska,1,26,233000,8962.0,bez pośredników,,2,https://adresowo.pl/o/mieszkanie-poznan-lazarz-ul-glogowska-1-pokoj-r7d1p7,https://s2.adresowa.pl/oi/46/54/3e1a98_536f_cover@2x-1-pokojowe-mieszkanie-poznan-lazarz-ul-glogowska.webp,Poznań Łazarz,Głogowska,3,1950.0,kamienica,,Nowa kawalerka do własnej aranżacji czeka na nowego Właściciela Zapraszam do zakupu kawalerki zlokalizowanej w odrestaurowanej kamienicy na Łazarzu usytuowanej na 3 piętrze Mieszkanie o powierzchni 27 m2 daje możliwość funkcjonalnego i wygodnego zaprojektowania przestrzeni dzięki wysokości około 4 m i dostosowania do własnych potrzeb W cenie zakupu mieszkania: -wymiana okien na nowe 3 szybowe - wyprowadzone piony wod-kan -wyprowadzone piony centralnego ogrzewania - doprowadzona do mieszkania nowej instalacji elektrycznej Możliwość zakupienia miejsca postojowego Możliwość wykonania mieszkania pod klucz Atuty: Ogrzewanie centralne - kotłownia ceniona lokalizacja – Łazarz przystanek tramwajowy – przy kamienicy okna wychodzą na stronę zachodnią pełna własność z KW proszę o kontakt wyłącznie telefoniczny Powyższy opis ma charakter informacyjny i nie stanowi oferty w rozumieniu przepisów Kodeksu Cywilnego,,tak,aneks,drewniane,własność,,52.376014,16.872008
Poznań Dębiec,ul. 28 Czerwca 1956 r.,3,80,1360000,17000.0,bez pośredników,,16,https://adresowo.pl/o/mieszkanie-poznan-debiec-ul-28-czerwca-1956-r-3-pokojowe-m0l1b2,https://s2.adresowa.pl/oi/46/6c/3e1890_b93e_cover@2x-3-pokojowe-mieszkanie-poznan-debiec-ul-28-czerwca-1956-r-.webp,Poznań Dębiec,28 Czerwca 1956 r.,13,2018.0,blok,,"Wyjątkowy apartament RED PARK - ostatnie 13 piętro z 25 metrowym tarasem - widok, przestrzeń i nowoczesność w jednym! Na sprzedaż luksusowy, umeblowany, nowocześnie urządzony apartament zlokalizowany na 13 - ostatnim piętrze prestiżowego budynku RED PARK, Poznań ul. 28 Czerwca 1956 r. 382 A przy Galerii Dębiec. Apartament: salon z aneksem kuchennym, dwie sypialnie, łazienka, osobno WC, pralnia/pomieszczenie gospodarcze, hol, duży taras, miejsce postojowe w garażu podziemnym wraz z komórką lokatorską. To propozycja dla osób ceniących komfort, przestrzeń oraz spektakularne widoki! Najważniejsze atuty nieruchomości: - Powierzchnia mieszkania: 80,07 m2. - Taras 25 m² - idealny na poranną kawę, wieczorne spotkania lub relaks z widokiem na panoramę miasta. - Styl nowoczesny - wnętrza zaprojektowane i wykonane z najlepszych materiałów z dbałością o detale, funkcjonalne i gotowe do zamieszkania. - Duże przeszklenia zapewniające doskonałe doświetlenie i poczucie przestrzeni. - Otwarta, jasna kuchnia połączona z salonem - serce mieszkania, w którym chce się przebywać. - Super nowoczesna kuchnia - otwieranie szuflad i podnoszenie frontów kuchennych elektryczne na dotyk. Sprzęt AGD firmy SIEMENS - kawiarka, piekarnik z funkcją mikrofalówki - samoczyszczący, zmywarka, lodówka. - Nowoczesna płyta indukcyjna AMICA zlicowana z blatem kuchennym. - Super nowoczesny okap - wyciąg kuchenny FALMEC podnoszony - wysuwany z blatu kuchennego do góry - estetyka, technologia i funkcjonalność w jednym. - Nastrojowe podświetlenie LED we wszystkich pomieszczeniach - wyjątkowy klimat wieczorami w całym mieszkaniu. - Łazienka: wanna 180 cm z hydromasażem wodnym i powietrznym, podświetleniem, radiem, systemem ozonowania wody. - Kabina prysznicowa z super bezpiecznym szkłem odpornym na zabrudzenia, odpływ liniowy, bateria prysznicowa z termostatem - prywatna strefa SPA w Twojej łazience. - WC - osobne pomieszczenie - toaleta z funkcją bidetu. - Klimatyzacja - nowoczesny klimatyzator z efektami świetlnymi - komfort termiczny zimno-ciepło przez cały rok. - Profesjonalne akwarium zaprojektowane, wmontowane w narożu ściany, pomiędzy kuchnią a pralnią/pomieszczeniem gospodarczym. - Winda - szybka. - Drzwi do pomieszczeń firmy MORIC - wysokie do sufitu. - Rolety okien - sterowanie pilotem. - Miejsce parkingowe w garażu podziemnym wraz z komórką lokatorską.",tak,,aneks,,własność,"Wyposażenie: klimatyzacja, lodówka, piekarnik, zmywarka",52.363678,16.902649
Poznań,Podolany,2,38,649000,17079.0,bez pośredników,,8,https://adresowo.pl/o/mieszkanie-poznan-podolany-2-pokojowe-38-m2-o8s5k4,https://s2.adresowa.pl/oi/50/46/3e1806_4d8a_cover@2x-2-pokojowe-mieszkanie-poznan-podolany.webp,Poznań Podolany,,4,,blok,,"OFERTA BEZ POŚREDNIKÓW - BEZ PROWIZJI Na sprzedaż wyjątkowe, nowocześnie wykończone mieszkanie 2-pokojowe o powierzchni 38,69 m², położone na czwartym — ostatnim piętrze bloku z windą, na zamkniętym i monitorowanym osiedlu na Podolanach. To idealna propozycja dla osób ceniących komfort, funkcjonalność oraz wysoki standard wykończenia w spokojnej, a jednocześnie świetnie skomunikowanej lokalizacji. Największym atutem nieruchomości jest imponujący taras o powierzchni aż 26 m², który stanowi dodatkową przestrzeń do wypoczynku i relaksu. Taras został wykończony trwałą imitacją deski w kolorze antracytu, łatwą w utrzymaniu czystości, a dodatkowo wyposażony w meble technorattanowe oraz praktyczną skrzynię do przechowywania. Układ mieszkania: - przestronny i jasny salon o powierzchni 20,52 m² z wyjściem na taras, - duże przesuwne okno w salonie, - przytulna sypialnia z pojemną szafą w zabudowie oraz oknem od strony tarasu, - funkcjonalna łazienka z prysznicem, miejscem na pralkę i suszarkę oraz zabudową wykonaną na wymiar, - nowoczesna kuchnia w pełni wyposażona w sprzęt AGD. Standard wykończenia: Mieszkanie zostało urządzone w spójnym, nowoczesnym stylu z dużą dbałością o detale oraz maksymalne wykorzystanie przestrzeni do przechowywania. W całym mieszkaniu znajdują się: - wysokiej jakości drewniane podłogi, - meble stolarskie wykonane na wymiar, - spójna kolorystyka drewna i grafitu, - klimatyzacja, - domofon z funkcją zdalnego otwierania drzwi do klatki. Jasne ściany i naturalne materiały sprawiają, że wnętrze jest bardzo przytulne, dobrze doświetlone i ponadczasowe. Kuchnia została wyposażona w: - lodówko-zamrażarkę z kostkarką i filtrem wody, - zmywarkę, - piekarnik, - mikrofalę, - płytę indukcyjną, - okap w zabudowie. Dodatkowym elementem dekoracyjnym jest frontowa szafa od strony salonu z czarnego szkła z możliwością podświetlenia LED, która nadaje wnętrzu nowoczesnego charakteru. Łazienka: Łazienka została wykończona w nowoczesnym stylu z wykorzystaniem gresu lastryko oraz złotej armatury. Oryginalnym akcentem jest połączenie czerni i odcienia łososiowego w ceramice. Dzięki zabudowie wykonanej na wymiar przestrzeń została bardzo dobrze zagospodarowana. Dodatkowe atuty: - mieszkanie graniczy bezpośrednio tylko z jednym sąsiadem, co zapewnia większy komfort i prywatność, - ostatnie piętro gwarantuje większy spokój i brak sąsiadów nad mieszkaniem, - mieszkanie gotowe do zamieszkania bez dodatkowych nakładów finansowych, - niskie koszty utrzymania (niski czynsz, opłaty rozliczane miesięcznie), Lokalizacja: Nieruchomość znajduje się w bardzo atrakcyjnej części Podolan, z wygodnym dostępem do komunikacji miejskiej, sklepów oraz terenów rekreacyjnych. W pobliżu znajdują się m.in.: - restauracje: Brand Sushi, Uniesienie Wine Bar, Kuchnia Gruzińska, MiśBurger, Lody naturalne, - sklepy: Spar, Lidl, Biedronka, Rossmann, Action, Pepco, Drogeria DM, - Żabka znajdująca się na osiedlu, - apteka, sklep zoologiczny, - park oraz tereny spacerowe, - siłownia i squash, - przedszkole Leonardo oraz szkoła podstawowa. Komunikacja: - przystanki autobusowe znajdują się około minuty od budynku (160, 183, ok 12 min dalej 168), - szybki dojazd do centrum miasta zapewniają linie autobusowe oraz możliwość przesiadki na PST, - około 10 minut spacerem znajduje się stacja Poznań Podolany, z której dojazd do centrum zajmuje około 6 minut. To mieszkanie wyróżnia się nie tylko wysokim standardem wykończenia, ale również bardzo funkcjonalnym układem i dużym tarasem, który stanowi rzadko spotykany atut przy tym metrażu. Zapraszam do kontaktu oraz umówienia się na prezentację.",,,,,,"Wyposażenie: klimatyzacja, piekarnik, pralkę, suszarkę, zmywarkę",52.456319,16.886212
Poznań Grunwald,ul. Świerzawska 11D,2,49,779000,15898.0,Pośrednik,,9,https://adresowo.pl/o/mieszkanie-poznan-grunwald-ul-swierzawska-2-pokojowe-m3j2a5,https://s2.adresowa.pl/oi/4e/12/3d3832_f5a8_cover@2x-2-pokojowe-mieszkanie-poznan-grunwald-ul-swierzawska.webp,Poznań Grunwald,Świerzawska 11D,3,2023.0,apartamentowiec,,"2 pokoje z dużym tarasem | Świerzawska 11D | Grunwald Szukasz mieszkania, które daje coś więcej niż standardowy układ? Ta nieruchomość przy ul. Świerzawskiej 11D wyróżnia się dużym, blisko 25-metrowym tarasem, który realnie poszerza przestrzeń do życia. Na sprzedaż 2-pokojowe mieszkanie o powierzchni 49 m², zaprojektowane w funkcjonalnym i wygodnym układzie. W skład mieszkania wchodzą: • jasny salon z aneksem kuchennym • sypialnia • łazienka • przedpokój Dodatkowo: • taras ok. 25 m² • miejsce w hali garażowej Najważniejsze atuty • duży taras ok. 25 m² • klimatyzacja • funkcjonalny układ 2 pokoi • możliwość zakupu miejsca w hali garażowej • dostęp do tarasu na dachu budynku • strefa do pracy i spotkań dla mieszkańców • nowoczesne części wspólne • świetna lokalizacja na Grunwaldzie Lokalizacja Poznań, ul. Świerzawska 11D W pobliżu: • Lasek Marceliński • sklepy i usługi • komunikacja miejska • szybki dojazd do centrum Cena Cena mieszkania: 779 000 PLN Miejsce w hali garażowej: 50 000 PLN Czynsz administracyjny: 870 PLN / miesiąc Jeśli chcesz poznać szczegóły lub obejrzeć nieruchomość: Napisz lub zadzwoń i umów się na prezentację _ Jeśli zastanawiasz się nad zakupem tej nieruchomości, ale nie jesteś pewien swojej zdolności kredytowej, mamy dla Ciebie świetną wiadomość! Współpracując z Movinest, możesz bezpłatnie sprawdzić swoją zdolność kredytową u renomowanego brokera. Skontaktuj się z nami, a pomożemy Ci przejść przez cały proces zakupu!",,tak,,,własność,Wyposażenie: klimatyzacja,52.402256,16.861006
Poznań Junikowo,ul. Międzyborska,3,70,695000,9929.0,Pośrednik,,29,https://adresowo.pl/o/mieszkanie-poznan-junikowo-ul-miedzyborska-3-pokojowe-q9u5b2,https://s2.adresowa.pl/oi/5c/7e/3d3256_99bc_cover@2x-3-pokojowe-mieszkanie-poznan-junikowo-ul-miedzyborska.webp,Poznań Junikowo,Międzyborska,2,1993.0,blok,,"Zapraszamy do zapoznania się z ofertą sprzedaży przestronnego, 3-pokojowego mieszkania o powierzchni 70 m², położonego na poznańskim Grunwaldzie przy ul. Międzyborskiej. Nieruchomość znajduje się w spokojnej i zielonej okolicy z widokiem na zadbany dziedziniec, co zapewnia komfort oraz prywatność. Mieszkanie wyróżnia się funkcjonalnym układem oraz jasnymi wnętrzami, które są dobrze doświetlone dzięki dwustronnej ekspozycji. Lokal jest gotowy do zamieszkania i daje możliwość dostosowania przestrzeni do własnych potrzeb. Najważniejsze atuty: • Powierzchnia 70 m² i funkcjonalny układ pomieszczeń • Dwustronna ekspozycja zapewniająca dobre doświetlenie • Balkon z widokiem na dziedziniec • Możliwość wydzielenia oddzielnej kuchni • Budynek po termomodernizacji w 2022 roku • Liczne, bezpłatne miejsca parkingowe • Możliwość zakupu z wyposażeniem Mieszkanie składa się z: - Salonu z wyjściem na balkon - Dwóch pokoi - Kuchni z możliwością zamknięcia - Łazienki - Oddzielnego WC - Garderoby - Przedpokoju z zabudową Budynek: Budynek przeszedł termomodernizację w 2022 roku, co wpływa na estetykę oraz efektywność energetyczną. Otoczenie jest zadbane i spokojne, a dostępność miejsc parkingowych przed budynkiem zwiększa wygodę codziennego użytkowania. Niska zabudowa oraz wewnętrzny dziedziniec tworzą kameralną przestrzeń, sprzyjającą komfortowi mieszkańców. Całość utrzymana jest w dobrym stanie technicznym i wizualnym. Do mieszkania przynależy piwnica o powierzchni około 5 m², która stanowi dodatkowe miejsce do przechowywania i zwiększa funkcjonalność nieruchomości. Lokalizacja: Mieszkanie znajduje się w jednej z najbardziej cenionych dzielnic Poznania - Grunwaldzie, który łączy dostęp do infrastruktury z dużą ilością terenów zielonych. W najbliższej okolicy znajdują się sklepy, punkty usługowe, szkoły, przedszkola oraz przychodnie, co zapewnia wygodę codziennego funkcjonowania. Dużym atutem jest bliskość Lasku Marcelińskiego, oddalonego o około 15 minut spacerem, który stanowi idealne miejsce do rekreacji i aktywnego wypoczynku. Lokalizacja zapewnia również bardzo dobrą komunikację z centrum miasta oraz szybki dostęp do głównych arterii komunikacyjnych. Zapraszamy do kontaktu w celu uzyskania dodatkowych informacji oraz umówienia się na prezentację nieruchomości. Chętnie odpowiemy na wszystkie pytania oraz ustalimy dogodny termin spotkania z Państwem. TEKTON PROPERTY TO NAJLEPSZE BIURO NIERUCHOMOŚCI W POLSCE WG KONKURSU LIDER NIERUCHOMOŚCI OTODOM 2020. Znajdź nas w swoim mieście: Gdańsk, ul. Chmielna 10 - Warszawa, Plac Dąbrowskiego 1/311 - Kraków, ul. Józefitów 7/4 - Poznań, ul. Wojskowa 6/D6 - Łódź, ul. Zachodnia 70 pok. 223, Opole, Gen. Tadeusza Kościuszki 1, lok. 1C. Podejmując współpracę z przedstawicielami Tekton Property zyskujesz: - oszczędność czasu, - weryfikację dokumentów od strony formalno-prawnej, - wsparcie agenta na każdym etapie transakcji, - pomoc przy uzyskaniu kredytu hipotecznego w kilkunastu bankach, - wgląd do umów przed zawarciem aktu notarialnego u sprawdzonych Notariuszy, - własne analizy makroekonomiczne i raporty z prowadzonych działań, - dostęp do cen transakcyjnych z okolicy. Skontaktuj się z opiekunem oferty, a on poprowadzi Cię przez wszystkie etapy transakcji. Zapraszamy do współpracy! Niniejsze ogłoszenie nie stanowi oferty handlowej w rozumieniu przepisów art. 66 k.c., a przedstawione dane mają charakter informacyjny.",,,,,,,52.386329,16.855843
Poznań Grunwald,ul. Jeleniogórska,2,42,667000,15881.0,bez pośredników,,15,https://adresowo.pl/o/mieszkanie-poznan-grunwald-ul-jeleniogorska-2-pokojowe-y2y3c0,https://s2.adresowa.pl/oi/63/64/3e16c8_5016_cover@2x-2-pokojowe-mieszkanie-poznan-grunwald-ul-jeleniogorska.webp,Poznań Grunwald,Jeleniogórska,4,2025.0,blok,,"Mieszkanie w nowym budynku z 2025 r. Wykończone pod klucz ze stanu deweloperskiego. Zdjęcia przedstawiają rzeczywisty stan mieszkania. Powierzchnia 2 pokojowego mieszkania to 42,86 m2, w tym salon z aneksem, sypialnia, łazienka, przedpokój. Mieszkanie bardzo widne, duże okna i spory balkon. Eleganckie, funkcjonalne i zarazem nowoczesne. Kompleksowa zabudowa meblowa wykonana na wymiar przez stolarza z bardzo dobrej jakości materiałów. W kuchni funkcjonalne szafki z dużą liczbą półek. W salonie poręczny regał, a w łazience szafka z umywalką oraz pojemna szafka nad geberitem. Kuchnia wyposażona jest w AGD: zmywarkę, piekarnik, płytę indukcyjną, zlew i okap. Dodatkowo w salonie kanapa, szafka RTV oraz stół z krzesłami. Bardzo dobra lokalizacja - ul. Jeleniogórska w Poznaniu z dogodnym dojazdem do centrum. Blisko do tramwaju przy ul. Grunwaldzkiej (300 m) i przystanków autobusowych. Rozwinięta infrastruktura handlowo - usługowa: ALDI, Biedronka, Żabka i wiele punktów handlowych i usługowych. Lasek Marceliński w pobliżu. W budynku jest rowerownia. Teren monitorowany, ogrodzony. Możliwość zakupu miejsca postojowego w hali garażowej w kwocie 40 tys. zł. Kupujący nie płaci podatku PCC 2% oraz prowizji za sprzedaż. Mieszkanie posiada księgę wieczystą. Zapraszam do kontaktu. Powyższy opis ma charakter informacyjny i nie stanowi oferty w rozumieniu przepisów KC.",,tak,aneks,,własność,"Wyposażenie: piekarnik, tv, zmywarkę",52.392626,16.846137
Poznań,os. Przyjaźni,2,38,479000,12605.0,bez pośredników,,2,https://adresowo.pl/o/mieszkanie-poznan-os-przyjazni-2-pokojowe-n6b7p5,https://s2.adresowa.pl/oi/2d/12/3e1678_5173_cover@2x-2-pokojowe-mieszkanie-poznan-os-przyjazni.webp,Poznań ,os. Przyjaźni,6,2018.0,blok,,"Oferuję przytulne mieszkanie o powierzchni 38,1 m², położone na 6. piętrze w bloku z dwiema nowymi windami. Mieszkanie jest świeżo po remoncie i gotowe do zamieszkania. Na podłodze położono jasną deskę winylową, przy sufitach wykonano elegancką sztukaterię, zamontowano nowe drzwi, wymieniono instalację wod-kan oraz nowe oświetlenie we wszystkich pomieszczeniach. Lokal został wyposażony w nowe meble kuchenne, w tym zabudowę lodówki, a także znalazło się miejsce na zmywarkę. Nowoczesna łazienka po remoncie została wyposażona w nowe sanitariaty, w tym WC w zabudowie, umywalkę z szafką, wannę z parawanem oraz wygodną szafkę w zabudowie wnękowej. Wyjątkowy, otwarty układ wnętrza oraz wydzielona garderoba z miejscem na pralkę i suszarkę sprawiają, że mieszkanie jest nowoczesne, funkcjonalne i komfortowe. Dzięki zachodniej ekspozycji, wnętrza są naturalnie jasne i ciepłe, co zapewnia wyjątkowy komfort na co dzień. Promienie słońca rozświetlają przestrzeń od godzin popołudniowych aż do wieczora, tworząc przytulną atmosferę. To idealny wybór dla osób ceniących naturalne światło oraz piękne widoki na zachód słońca. Lokalizacja w sercu zielonych Winograd, jednej z najbardziej pożądanych dzielnic Poznania, zapewnia bliskość wielu atrakcji i udogodnień. W okolicy znajdują się m.in.: * przedszkola i szkoły * parki, w tym Park Cytadela * supermarkety i sklepy spożywcze * przystanki komunikacji miejskiej Czynsz: ok. 720 zł (w tym: woda, ogrzewanie, fundusz remontowy, eksploatacja, śmieci oraz TV). Dodatkowo płatne: prąd co 2 miesiące według zużycia oraz gaz według zużycia. Zapraszam na prezentację mieszkania. Biurom nieruchomości dziękuję, oferta prywatna. Ewelina Nawrocka",tak,,,plastikowe,własność,"Wyposażenie: pralkę, suszarkę, tv, zmywarkę",52.429946,16.922123
Poznań Winogrady,os. Przyjaźni,2,38,395000,10395.0,bez pośredników,,8,https://adresowo.pl/o/mieszkanie-poznan-winogrady-os-przyjazni-2-pokojowe-r9v0q2,https://s2.adresowa.pl/oi/34/1e/3e144a_2c72_cover@2x-2-pokojowe-mieszkanie-poznan-winogrady-os-przyjazni.webp,Poznań Winogrady,os. Przyjaźni,5,1974.0,blok,,"Na sprzedaż przytulne, słoneczne i ciepłe mieszkanie o powierzchni 38 m², położone na 5 piętrze w bloku z windą na osiedlu Przyjaźni w Poznaniu, w popularnej dzielnicy Winogrady. Układ mieszkania: • 2 pokoje, • kuchnia, • łazienka, • przedpokój. Mieszkanie jest w pełni umeblowane - wszystkie meble oraz wyposażenie pozostają w lokalu, dzięki czemu można od razu zamieszkać lub wynająć nieruchomość bez dodatkowych nakładów finansowych. Budynek z 1974 roku. Pod blokiem dostępny jest parking dla mieszkańców. Najważniejsze atuty: • świetna lokalizacja, • spokojne i zadbane osiedle, • dużo zieleni wokół, • blisko parków i terenów spacerowych, • w pobliżu szkoły, przedszkola oraz sklepy, • mieszkanie jasne i bardzo ciepłe, • winda w budynku. Lokalizacja jest świetna dla osób ceniących wygodę. W pobliżu znajdziesz sklepy, apteki, placówki edukacyjne i parki. Do głównych punktów miasta dojedziesz komunikacją miejską. W okolicy są też siłownie, place zabaw i punkty usługowe. Zapoznaj się z ofertą i umów na oglądanie, aby osobiście ocenić atuty tej nieruchomości.",,,,,,,52.429946,16.922123
Poznań Centrum,al. Karola Marcinkowskiego,3,77,839808,10907.0,Pośrednik,,13,https://adresowo.pl/o/mieszkanie-poznan-centrum-al-karola-marcinkowskiego-3-pokojowe-g6a8k9,https://s2.adresowa.pl/oi/14/47/3d31d0_9aa4_cover@2x-3-pokojowe-mieszkanie-poznan-centrum-al-karola-marcinkowskiego.webp,Poznań Centrum,Karola Marcinkowskiego,parter,1891.0,kamienica,,"Mam ogromną przyjemność przedstawić Państwu ofertę sprzedaży wyjątkowego, dwupoziomowego mieszkania o powierzchni 77,76 m², zlokalizowanego w ścisłym centrum Poznania przy alei Karola Marcinkowskiego. Lokal mieszkalny usytuowany jest na parterze oraz w przyziemiu przepięknej, ponad 130-letniej kamienicy, wybudowanej w 1891 roku, która w ubiegłym roku przeszła gruntowną rewitalizację! Dzięki przeprowadzonym pracom remontowym mieszkanie jest gotowe do zamieszkania, oferując unikalne połączenie historycznego charakteru i nowoczesnego standardu. Zakres prac budowlanych obejmował : 1. Rewitalizacje przedniej i tylnej elewacji wraz z wymianą balkonów, 2. Wymianę okien na drewniane, zdobione 3 szybowe, 3. Rewitalizację całej stolarki drewnianej w kamienicy w tym drzwi zewnętrzne, drzwi wewnętrzne, klatka schodowa główna wraz dobudową piętra do poddasza (w stylu oryginalnym), klatka schodowa tylna. 4. Rewitalizacje sztukaterii w mieszkaniach, 5. Nowe Instalacje wod-kan i elektryczne, wideodomofony, 6. Osuszenie i izolacja piwnicy wraz pogłębieniem i nową posadzką, 7. Rewitalizacje dachu z podniesieniem części o 30 cm, 8. Montaż 2 jednostek szybkobieżnych wind, 9. Aranżacje podwórka, Lokal mieszkalny o łącznej powierzchni użytkowej liczącej 77,76 m2 składa się z dwóch poziomów: 1) Parter - pokój dzienny o powierzchni 22,74 m2, - osobna kuchnia o powierzchni 9,26 m2, - łazienka o powierzchni 4,94 m2, - korytarz o powierzchni 4,06 m2, 2) Przyziemie - sypialnia o powierzchni 21,97 m2, - pokój o powierzchni 14,79 m2, Dodatkowym atutem nieruchomości jest taras zimowy, który zapewnia dodatkową przestrzeń do relaksu przez cały rok. Ponadto mieszkanie wyposażone jest w nowoczesne ogrzewanie podłogowe rozprowadzone po całej nieruchomości (łącznie z tarasem), co zwiększa komfort użytkowania. Dwupoziomowy układ pomieszczeń zapewnia komfortowe i funkcjonalne użytkowanie przestrzeni. Dzięki dużym oknom oraz przeszkleniom mieszkanie jest jasne i doświetlone przez cały dzień. Jest to doskonała propozycja dla osób szukających wyjątkowego lokum w prestiżowej lokalizacji! Lokalizacja mówi sama za siebie, kamienica umiejscowiona jest w samym sercu miasta, zaledwie 300 m od deptaka Starego Rynku. W pobliżu znajdują się kultowe miejsca na mapie Poznania tj. Plac Wolności, Stary Browar, Park Fryderyka Chopina, Cytadela, Muzeum Narodowe, Dworzec Główny i wiele innych. Wokół pełna infrastruktura handlowo - usługowa : sklepy, restauracje, gabinety medyczne, szpitale, szkoły, przedszkola, uczelnie wyższe itd. Bardzo dobrą komunikacja z resztą miasta: - linie tramwajowe: 9, 13, 24 (Marcinkowskiego - odległość 300 m), 98 (Plac Wielkopolski - odległość 270 m) - linie autobusowe: [numer], 214, 223 (Solna - odległość 270 m) BRAK PODATKU PCC PRZY ZAKUPIE! Pełna własność z udziałem w gruncie. Nieduży czynsz na poziomie 680 zł! Serdecznie zapraszam do kontaktu!",,,,,własność,,52.41052,16.93002
Poznań Centrum,al. Karola Marcinkowskiego,3,82,1020178,12441.0,Pośrednik,,12,https://adresowo.pl/o/mieszkanie-poznan-centrum-al-karola-marcinkowskiego-3-pokojowe-y5h9r3,https://s2.adresowa.pl/oi/55/4d/3d31ce_2a56_cover@2x-3-pokojowe-mieszkanie-poznan-centrum-al-karola-marcinkowskiego.webp,Poznań Centrum,Karola Marcinkowskiego,2,1891.0,kamienica,,"Mam ogromną przyjemność przedstawić Państwu ofertę sprzedaży wyjątkowego, dwupoziomowego mieszkania o powierzchni 82,14 m², zlokalizowanego w ścisłym centrum Poznania przy alei Karola Marcinkowskiego. Lokal mieszkalny usytuowany jest na parterze oraz w przyziemiu przepięknej, ponad 130-letniej kamienicy, wybudowanej w 1891 roku, która w ubiegłym roku przeszła gruntowną rewitalizację! Dzięki przeprowadzonym pracom remontowym mieszkanie jest gotowe do zamieszkania, oferując unikalne połączenie historycznego charakteru i nowoczesnego standardu. Zakres prac budowlanych obejmował : Rewitalizacje przedniej i tylnej elewacji wraz z wymianą balkonów, Wymianę okien na drewniane, zdobione 3 szybowe, Rewitalizację całej stolarki drewnianej w kamienicy w tym drzwi zewnętrzne, drzwi wewnętrzne, klatka schodowa główna wraz dobudową piętra do poddasza (w stylu oryginalnym), klatka schodowa tylna. Rewitalizacje sztukaterii w mieszkaniach, Nowe Instalacje wod-kan i elektryczne, wideodomofony, Osuszenie i izolacja piwnicy wraz pogłębieniem i nową posadzką, Rewitalizacje dachu z podniesieniem części o 30 cm, Montaż 2 jednostek szybkobieżnych wind, Aranżacje podwórka, Lokal mieszkalny o łącznej powierzchni użytkowej liczącej 82,14 m2 składa się z dwóch poziomów: 1) Parter - pokój dzienny z aneksem kuchennym 21,13 m2, - pokój o powierzchni 13,83 m2, - łazienka o powierzchni 2,62 m2, - korytarz o powierzchni 9,59 m2, 2) Przyziemie - pokój o powierzchni 21,37 m2, - łazienka o powierzchni 13,6 m2, Mieszkanie wyposażone jest w nowoczesne ogrzewanie podłogowe rozprowadzone po całej nieruchomości, co zwiększa komfort użytkowania. Dwupoziomowy układ pomieszczeń zapewnia komfortowe i funkcjonalne użytkowanie przestrzeni. Dzięki dużym oknom oraz przeszkleniom mieszkanie jest jasne i doświetlone przez cały dzień. Jest to doskonała propozycja dla osób szukających wyjątkowego lokum w prestiżowej lokalizacji! Położenie nieruchomości mówi samo za siebie, kamienica umiejscowiona jest w samym sercu miasta, zaledwie 300 m od deptaka Starego Rynku. W pobliżu znajdują się kultowe miejsca na mapie Poznania tj. Plac Wolności, Stary Browar, Park Fryderyka Chopina, Cytadela, Muzeum Narodowe, Dworzec Główny i wiele innych. Wokół pełna infrastruktura handlowo - usługowa : sklepy, restauracje, gabinety medyczne, szpitale, szkoły, przedszkola, uczelnie wyższe itd. Bardzo dobrą komunikacja z resztą miasta: - linie tramwajowe: 9, 13, 24 (Marcinkowskiego - odległość 300 m), 98 (Plac Wielkopolski - odległość 270 m) - linie autobusowe: [numer], 214, 223 (Solna - odległość 270 m) BRAK PODATKU PCC PRZY ZAKUPIE! Pełna własność z udziałem w gruncie. Nieduży czynsz na poziomie 680 zł! Serdecznie zapraszam do kontaktu!",,,,,własność,,52.41006,16.93021
Poznań Stare Miasto,ul. Wielka,1,23,449000,19522.0,bez pośredników,,15,https://adresowo.pl/o/mieszkanie-poznan-stare-miasto-ul-wielka-1-pokoj-x0z4z0,https://s2.adresowa.pl/oi/7f/34/3e12a4_57f3_cover@2x-1-pokojowe-mieszkanie-poznan-stare-miasto-ul-wielka.webp,Poznań Stare Miasto,Wielka,1,,kamienica,,"Na sprzedaż wyjątkowe mieszkanie o powierzchni 24 m², zaprojektowane z myślą o maksymalnym wykorzystaniu przestrzeni i komforcie codziennego życia. To idealna propozycja dla singla, inwestora lub pod wynajem krótkoterminowy. Najważniejsze atuty: - Sprzęty AGD marki SAMSUNG w całym mieszkaniu - WYSOKI STANDARD - parkiet drewniany - dębowy - Wysoka jakość wykończenia i dbałość o detale - Idealnie zagospodarowana przestrzeń jak na ten metraż - Bardzo przytulne wnętrze z klimatem - Osobna skrytka / pralnia na zewnątrz mieszkania Gotowe do zamieszkania lub wynajmu od zaraz. To mieszkanie pokazuje, jak dobrze zaprojektowana przestrzeń może być jednocześnie funkcjonalna, estetyczna i komfortowa.",,,osobna,plastikowe,własność,,52.40861,16.937213
Poznań Nowe Miasto,ul. Katowicka,2,45,650000,14444.0,bez pośredników,,17,https://adresowo.pl/o/mieszkanie-poznan-nowe-miasto-ul-katowicka-2-pokojowe-e0b7b9,https://s2.adresowa.pl/oi/3d/30/3e129a_b93c_cover@2x-2-pokojowe-mieszkanie-poznan-nowe-miasto-ul-katowicka.webp,Poznań Nowe Miasto,Katowicka,parter,2005.0,blok,,"Na sprzedaż mieszkanie 45,4 m² - Poznań, ul. Katowicka (os. Polanka / okolice Malty) Na sprzedaż mieszkanie o powierzchni 45,4 m², położone na wysokim parterze w jednej z najbardziej cenionych lokalizacji w Poznaniu - przy ul. Katowickiej. Mieszkanie: - powierzchnia: 45,4 m² - piętro: wysoki parter - układ: 2 pokoje (salon + sypialnia), osobna kuchnia, łazienka, przedpokój - stan: do remontu / własnej aranżacji - idealne dla inwestora lub osoby chcącej urządzić mieszkanie według własnego stylu Dużym atutem jest funkcjonalny układ pomieszczeń oraz potencjał aranżacyjny - możliwość stworzenia nowoczesnej, komfortowej przestrzeni do życia lub pod wynajem. Osiedle i otoczenie - duży wyróżnik tej nieruchomości: Mieszkanie znajduje się na popularnym i bardzo dobrze zagospodarowanym osiedlu w rejonie Jezioro Maltańskie. Do dyspozycji mieszkańców: - basen i kompleks sportowy - korty tenisowe - tereny rekreacyjne i spacerowe - place zabaw i dużo zieleni - ścieżki rowerowe i biegowe To jedno z tych miejsc w Poznaniu, gdzie naprawdę ""żyje się wygodnie"" - wszystko jest pod ręką, a jednocześnie masz blisko natury. Lokalizacja: - 5 minut spacerem do Jezioro Maltańskie - idealne miejsce na spacery, sport i odpoczynek - szybki dojazd do centrum miasta - blisko przystanki tramwajowe i autobusowe - w pobliżu Galeria Posnania - sklepy, restauracje, usługi - świetny dostęp do uczelni i terenów biznesowych",,,osobna,plastikowe,własność,,52.397936,16.965029
Poznań Nowe Miasto,ul. Krańcowa,3,48,580000,12083.0,bez pośredników,,9,https://adresowo.pl/o/mieszkanie-poznan-nowe-miasto-ul-krancowa-3-pokojowe-e0s3y6,https://s2.adresowa.pl/oi/5c/32/3e126a_58fd_cover@2x-3-pokojowe-mieszkanie-poznan-nowe-miasto-ul-krancowa.webp,Poznań Nowe Miasto,Krańcowa,3,1970.0,blok,,"Na sprzedaż 3 pokojowe mieszkanie na 3 piętrze z windą, położone w doskonałej lokalizacji - przy ul. Krańcowej 52 w Poznaniu. Nieruchomość została urządzona w nowoczesnym stylu z dbałością o detale, z dominacją eleganckich odcieni drewna, czerni i szarości. Idealna propozycja zarówno dla singla, pary, jak i pod inwestycję. Najważniejsze atuty mieszkania: - nowoczesne wnętrze gotowe do zamieszkania, - spójny i elegancki design, - funkcjonalny układ pomieszczeń, - duża ilość naturalnego światła, - mieszkanie zadbane i bardzo dobrze utrzymane, - dużo zieleni wokół budynku. W skład mieszkania wchodzą: Salon Przestronny i klimatyczny salon z dużymi oknami oraz wyjściem na balkon. Pokój z aneksem kuchennym Nowoczesna kuchnia w zabudowie z matowymi frontami w dolnych szafkach i połysku w szafkach wiszących, z dużą ilością miejsca roboczego. Wyposażona w niezbędny sprzęt AGD oraz praktyczne rozwiązania do przechowywania. Jasne blaty i kontrastujące ciemne szafki podkreślają nowoczesny charakter wnętrza, ściany wykończone naturalnym kamieniem oraz betonem architektonicznym. Sypialnia Przytulna sypialnia z dająca możliwość wstawienia dużego łóżka. Ściana w wezgłowiu została wykończona drewnopodobnymi lamelami pomiędzy którymi zostały zamontowane gniazdka i wyłączniki do lamp wiszących. Pokój daje możliwość wstawienia pojemnych szaf. Pomieszczenie zostało zaprojektowane w spokojnej kolorystyce sprzyjającej wypoczynkowi. Łazienka Stylowa łazienka z dużym prysznicem typu walk-in, nowoczesną armaturą oraz designerskimi dodatkami. Połączenie drewna i grafitowych płytek tworzy elegancką, ponadczasową przestrzeń. Lokalizacja Ul. Krańcowa to bardzo dobrze skomunikowana część Poznania. W pobliżu znajdują się: - przystanki tramwajowe i autobusowe, - tereny zielone i rekreacyjne, jezioro Malta, - sklepy, punkty usługowe i restauracje, - szkoły i przedszkola, - szybki dojazd do centrum miasta. To mieszkanie to idealne połączenie nowoczesnego stylu, komfortu oraz świetnej lokalizacji. Zapraszam do kontaktu i umówienia prezentacji.",tak,,aneks,plastikowe,,,52.411733,16.978822
Poznań Łazarz,ul. Marcelego Mottego,2,30,449000,14967.0,Pośrednik,,8,https://adresowo.pl/o/mieszkanie-poznan-lazarz-ul-marcelego-mottego-2-pokojowe-j0p5m1,https://s2.adresowa.pl/oi/12/7c/3d31c2_49fd_cover@2x-2-pokojowe-mieszkanie-poznan-lazarz-ul-marcelego-mottego.webp,Poznań Łazarz,Marcelego Mottego,parter,1899.0,kamienica,,"Mam niezmierną przyjemność przedstawić Państwu ofertę sprzedaży wyjątkowej, pięknie wykończonej nieruchomości znajdującej się na jednej z najmodniejszych i najbardziej cenionych dzielnic Poznania czyli Łazarzu. Lokal mieszkalny znajduję się na parterze w czteropiętrowej klimatycznej kamienicy wybudowanej w 1899 roku przy ul. Marcelego Mottego, która obecnie przechodzi gruntowną rewitalizację. Mieszkanie 2 pokojowe o powierzchni liczącej 30,92 m2 składa się z : - pokoju z aneksem kuchennym o powierzchni 15,5 m2, - sypialni o powierzchni 8,91 m2, - łazienki o powierzchni 3,56 m2, - komunikacji o powierzchni 2,95 m2, Bardzo funkcjonalny układ nieruchomości gwarantuje wygodę użytkowania. Wysokość pomieszczeń - około 300 cm, co dodatkowo optycznie powiększa przestrzeń. Mieszkanie dobrze doświetlone za sprawą dużych, wysokich okien oraz północno - zachodniej ekspozycji. Nieruchomość ze względu na swoją kapitalną lokalizację sprawdzi się jako inwestycja w wynajem długo/krótkoterminowy. To idealna oferta dla osób poszukujących kompaktowego i funkcjonalnego mieszkania w spokojnej okolicy, z jednoczesnym ekspresowym dostępem do centrum miasta. To również doskonała propozycja dla studentów za sprawą bardzo dobrej komunikacji z resztą miasta! Historyczna zabudowa - kamienica wybudowana w 1899 roku o wyjątkowym charakterze, która przechodzi właśnie renowację przywracającą jej dawny blask! Zakres prac modernizacyjnych w kamienicy: kompleksowa wymiana instalacji wodno-kanalizacyjnej wymiana instalacji elektrycznej renowacja klatki schodowej wykonanie przeglądów kominiarskich doprowadzenie światłowodu instalacja systemu monitoringu nowe drzwi wejściowe do lokali remont elewacji tylnej budynku Budynek po remoncie elewacji przedniej! Wokół pełna infrastruktura, odległość od przystanku lini tramwajowej czy autobusu to zaledwie 400 m, w pobliżu sklepy typu Biedronka, Żabka, galerie Avenida, Stary Browar, Dworzec Główny, Uczelnie, Międzynarodowe Targi Poznańskie, Nocny targ towarzyski itp. Rynek Łazarski na wyciągnięcie ręki. Dla prowadzących aktywny tryb życia uciechą będzie znajdujący się nieopodal Park Wilsona. Odległość do centrum Poznania to około 35 min przyjemnego spaceru. W tej lokalizacji każdy znajdzie coś dla siebie! Pełna własność z udziałem w gruncie. Ogrzewanie z kotłowni wspólnej. Do budynku został doprowadzony światłowód. Czynsz administracyjny wraz z funduszem remontowym wynosi około 450 zł (już z m.in. zaliczką na ogrzewanie). Dodatkowo płatny prąd według indywidualnego zużycia. Mieszkanie na końcowym etapie prac budowlanych - wizualizacje przedstawiają docelowy wygląd nieruchomości. Brak prowizji od strony Kupującej! Serdecznie zapraszam do kontaktu!",,,,,własność,,52.393556,16.903829
Poznań Centrum,ul. Grobla,1,28,360000,12857.0,Pośrednik,,6,https://adresowo.pl/o/mieszkanie-poznan-centrum-ul-grobla-1-pokoj-v5n4c8,https://s2.adresowa.pl/oi/2f/72/3d31bc_2c5f_cover@2x-1-pokojowe-mieszkanie-poznan-centrum-ul-grobla.webp,Poznań Centrum,Grobla,3,1905.0,kamienica,,"Mam ogromną przyjemność przedstawić ofertę sprzedaży wykończonej kawalerki znajdującej się na trzecim piętrze kamienicy, wybudowanej w 1905 roku przy ul. Grobla, która obecnie przechodzi rewitalizację! P O W I E R Z C H N I A Na powierzchnie lokalu mieszkalnego wynoszącą 28,16 m² przypadają : - salon z aneksem kuchennym o powierzchni 17,63 m²; - ustawna łazienka o powierzchni 2,82 m²; - komunikacja o powierzchni 7,72 m², S P E C Y F I K A C J A Nieruchomość idealna dla studentów, singli, par lub pod wynajem. Sprzęt AGD (lodówka, piekarnik, zmywarka, indukcja, okap) w cenie! Ogromny potencjał inwestycyjny ze względu na lokalizację nieruchomości w ścisłym centrum miasta oraz rewitalizacje budynku, za sprawą której wzrost cen lokali znajdujących się tutaj w perspektywie niedługiego czasu jest gwarantowany! Komfortowe ogrzewanie miejskie, co jest rzadkością jeśli chodzi o kamienice! L O K A L I Z A C J A Lokalizacja mówi sama za siebie, lokal mieszkalny usytuowany jest w samym sercu miasta, zaledwie 5 min spacerem od deptaka Starego Rynku. W pobliżu znajdują się kultowe miejsca na mapie Poznania tj. Kupiec Poznański, Stary Browar, Plac Wolności i wiele innych. Wokół pełna infrastruktura handlowo - usługowa : sklepy, restauracje, gabinety medyczne, szpitale, szkoły, przedszkola, uczelnie wyższe m.in. UE, UAM, WSB Merito, Uniwersytet Artystyczny, Akademia Muzyczna Bliskość terenów rekreacyjnych - 7 minut spacerem do Warty, 20 minut spacerem do Parku Cytadela, 6 minut do Parku Fryderyka Chopina Doskonała komunikacja szybki dostęp do transportu publicznego: przystanek Małe Garbary (8 minut pieszo), Rondo Śródka (20 minut pieszo). B U D Y N E K & R E W I T A L I Z A C J A Historyczna zabudowa - kamienica wybudowana w 1905 roku o wyjątkowym charakterze, która właśnie przechodzi kompleksową renowację przywracającą jej dawny blask! Zakres prac obejmuje : • Wymiana pionów wodno-kanalizacyjnych. • Nowe piony wodno-kanalizacyjne. • Nowe piony elektryczne i rozdzielnia elektryczna. • Liczniki wody dla wszystkich mieszkań. • Naprawy części wspólnych oraz konserwacja dachu. • Rozpisanie kominów wentylacyjnych oraz przydzielenie ich do mieszkań. • Montaż domofonów w lokalach • Remont elewacji budynku (w galerii widoczna wizualizacja stanu docelowego) • Remont klatek schodowych • Doprowadzenie światłowodu i domofonu Z A L E T Y Wyjątkowa, prestiżowa lokalizacja i codzienny komfort życia w centrum miasta. Potencjał wzrostu wartości - po zakończeniu remontu kamienicy wartość nieruchomości znacząco wzrośnie. Atrakcyjność na rynku wynajmu - mieszkania w tej okolicy cieszą się dużym zainteresowaniem. Płynność na rynku - mieszkania w przedziale 25-35 m2 cieszą się największym popytem! Pełna własność z udziałem w gruncie! Ogrzewanie miejskie! Brak prowizji od strony Kupującej! Posiadamy w tym segmencie cenowym i metrażowym również inne lokale na sprzedaż. Po więcej informacji serdecznie zapraszamy do kontaktu.",,,,,własność,"Wyposażenie: lodówka, piekarnik, zmywarka",52.406097,16.938408
Poznań Rataje,os. Piastowskie,1,35,430000,12286.0,bez pośredników,,12,https://adresowo.pl/o/mieszkanie-poznan-rataje-os-piastowskie-1-pokoj-h3j1l0,https://s2.adresowa.pl/oi/76/41/3e0dbe_fd12_cover@2x-1-pokojowe-mieszkanie-poznan-rataje-os-piastowskie.webp,Poznań Rataje,os. Piastowskie,1,1968.0,blok,,"Oferuję przytulne 35,2 m² na Ratajach. Idealny rozkład sprawia, że lokal zaskakuje przestronnością. Mieszkanie znajduje się na pierwszej kondygnacji bloku z windą. Lokal jest po gruntownym remoncie. Do wszystkich pomieszczeń trafimy tu z przestronnego korytarza (4,3m2). Okna lokalu skierowane są na wschód, przez co od progu wita nas tu dobra energia. Oddzielna, przestronna (12m2) kuchnia została wykończona wysokiej jakości meblami na wymiar i wyposażona w nowy sprzęt AGD. W tym - lodówka i piekarnik w zabudowie, okap oraz płyta indukcyjna. Dodatkowo działająca mikrofalówka. Całość posłuży latami nowemu nabywcy. Widny salon w stylu skandynawskim to 18,5m2 przestrzeni do wypoczynku. Poza wygodną kanapą znajdziemy tu pojemną szafę PAX i regał. Na podłodze w całym mieszkaniu zostały położone nowe panele PCV. Łazienka (3,4m2) zyskała nową kabinę prysznicową, armaturę i ceramikę. Na podłodze i ścianach nowe płytki. To gwarant wygodnego i bezproblemowego użytkowania na kolejne lata. W cenie mieszkania znajduje się komórka lokatorska. Dla zmotoryzowanych przed budynkiem ogólnodostępne miejsca postojowe. Ogłoszenie bezpośrednio od właściciela. Nie jestem zainteresowana współpracą z pośrednikami nieruchomości.",tak,,osobna,plastikowe,własność,"Wyposażenie: lodówka, mikrofalówka, piekarnik",52.392387,16.947977
Poznań Nowe Miasto,ul. Nadolnik,1,20,289000,14450.0,bez pośredników,,4,https://adresowo.pl/o/mieszkanie-poznan-nowe-miasto-ul-nadolnik-1-pokoj-b8x6s2,https://s2.adresowa.pl/oi/7e/2c/3e0d2a_a50c_cover@2x-1-pokojowe-mieszkanie-poznan-nowe-miasto-ul-nadolnik.webp,Poznań Nowe Miasto,Nadolnik,3,2020.0,blok,,"Szukać mieszkania w Poznaniu? Ta kawalerka na Nowym Mieście spełni Twoje oczekiwania. Mieszkanie ma powierzchnię 19,55 m² i jest gotowe do zamieszkania od 30 czerwca 2026 roku. Znajduje się na trzecim piętrze bloku z windą. W cenie otrzymujesz meble, pralkę, lodówkę i kuchenkę. Do mieszkania przynależy balkon, a bezpieczeństwo zapewniają domofon, wideofon i monitoring. Gotowiec idealny na start lub jako inwestycja. Idealny dla singli, studentów lub par. Lokalizacja zapewnia dostęp do licznych udogodnień: - bliskość parków, takich jak Park Księdza Tadeusza Kirschke - wiele restauracji, kawiarni i sklepów w okolicy - szybki dojazd do uczelni wyższych i szkół podstawowych - dostęp do komunikacji miejskiej, w tym przystanków autobusowych i stacji kolejowych. Zamieszkaj w miejscu, które łączy komfort i dobrą lokalizację. Zainteresowany? Umów się na prezentację i poznaj tę ofertę bliżej.",,,aneks,plastikowe,własność,"Wyposażenie: kuchenkę, lodówkę, pralkę",52.423237,16.972407
Poznań Rataje,os. Piastowskie,2,43,450000,10465.0,bez pośredników,,8,https://adresowo.pl/o/mieszkanie-poznan-rataje-os-piastowskie-2-pokojowe-z7p2h1,https://s2.adresowa.pl/oi/50/59/3e0c28_6483_cover@2x-2-pokojowe-mieszkanie-poznan-rataje-os-piastowskie.webp,Poznań Rataje,os. Piastowskie,3,,blok,,"Dzień dobry. Sprzedam mieszkanie 2 pokoje na os. Piastowskim 56. Mieszkanie znajduje się na 3 piętrze w bloku z windą. Ma 43 mkw. Dodatkowe udogodnienia to: oddzielna kuchnia, balkon oraz piwnica. W sąsiedztwie znajdują się sklepy, pływalnia, szkoły i kościół. Mieszkanie położone jest w głębi osiedla, co zapewnia ciszę i spokój, a jednocześnie zapewnia bliskość do centrum. W pobliżu dostępne są tereny zielone przy Warcie. Zapraszam serdecznie. Oferta prywatna, bez pośredników.",tak,,osobna,,,,52.392387,16.947977
Poznań Stare Miasto,ul. Grobla,2,27,395000,14630.0,Pośrednik,,6,https://adresowo.pl/o/mieszkanie-poznan-stare-miasto-ul-grobla-2-pokojowe-g6z9j6,https://s2.adresowa.pl/oi/14/11/3d31b2_afb7_cover@2x-2-pokojowe-mieszkanie-poznan-stare-miasto-ul-grobla.webp,Poznań Stare Miasto,Grobla,4,1899.0,kamienica,,"Mam ogromną przyjemność przedstawić ofertę sprzedaży wykończonego mieszkania znajdującego się na czwartym piętrze kamienicy, wybudowanej w 1905 roku przy ul. Grobla, która obecnie przechodzi gruntowną rewitalizację! P O W I E R Z C H N I A Na powierzchnie lokalu mieszkalnego wynoszącą 25,62 m² przypadają : - przestronny salon z aneksem kuchennym oraz wydzieloną strefą sypialnianą o powierzchni 22,45 m²; - ustawna łazienka o powierzchni 3,17 m²; Korzystny układ nieruchomości umożliwia również wygospodarowanie dodatkowego pokoju na sypialnie. S P E C Y F I K A C J A Nieruchomość idealna dla studentów, singli, par lub pod wynajem. Sprzęt AGD (lodówka, piekarnik, zmywarka, indukcja, okap) w cenie! Ogromny potencjał inwestycyjny ze względu na lokalizację nieruchomości w ścisłym centrum miasta oraz rewitalizacje budynku, za sprawą której wzrost cen lokali znajdujących się tutaj w perspektywie niedługiego czasu jest gwarantowany! Komfortowe ogrzewanie miejskie, co jest rzadkością jeśli chodzi o kamienice! L O K A L I Z A C J A Lokalizacja mówi sama za siebie, lokal mieszkalny usytuowany jest w samym sercu miasta, zaledwie 5 min spacerem od deptaka Starego Rynku. W pobliżu znajdują się kultowe miejsca na mapie Poznania tj. Kupiec Poznański, Stary Browar, Plac Wolności i wiele innych. Wokół pełna infrastruktura handlowo - usługowa : sklepy, restauracje, gabinety medyczne, szpitale, szkoły, przedszkola, uczelnie wyższe m.in. UE, UAM, WSB Merito, Uniwersytet Artystyczny, Akademia Muzyczna Bliskość terenów rekreacyjnych - 7 minut spacerem do Warty, 20 minut spacerem do Parku Cytadela, 6 minut do Parku Fryderyka Chopina Doskonała komunikacja szybki dostęp do transportu publicznego: przystanek Małe Garbary (8 minut pieszo), Rondo Śródka (20 minut pieszo). B U D Y N E K & R E W I T A L I Z A C J A Historyczna zabudowa - kamienica wybudowana w 1905 roku o wyjątkowym charakterze, która właśnie przechodzi kompleksową renowację przywracającą jej dawny blask! Zakres prac obejmuje : • Wymiana pionów wodno-kanalizacyjnych. • Nowe piony wodno-kanalizacyjne. • Nowe piony elektryczne i rozdzielnia elektryczna. • Liczniki wody dla wszystkich mieszkań. • Naprawy części wspólnych oraz konserwacja dachu. • Rozpisanie kominów wentylacyjnych oraz przydzielenie ich do mieszkań. • Montaż domofonów w lokalach • Remont elewacji budynku (w galerii widoczna wizualizacja stanu docelowego) • Remont klatek schodowych • Doprowadzenie światłowodu i domofonu Z A L E T Y Wyjątkowa, prestiżowa lokalizacja i codzienny komfort życia w centrum miasta. Potencjał wzrostu wartości - po zakończeniu remontu kamienicy wartość nieruchomości znacząco wzrośnie. Atrakcyjność na rynku wynajmu - mieszkania w tej okolicy cieszą się dużym zainteresowaniem. Płynność - mieszkania w przedziale 25-35 m2 cieszą się największym popytem! Pełna własność z udziałem w gruncie! Ogrzewanie miejskie! Brak prowizji od strony Kupującej! Posiadamy w tym segmencie cenowym i metrażowym również inne lokale na sprzedaż. Po więcej informacji serdecznie zapraszamy do kontaktu.",,,,,własność,"Wyposażenie: lodówka, piekarnik, zmywarka",52.407301,16.93677
Poznań Dębiec,ul. Platanowa,1,36,395000,10972.0,Pośrednik,,8,https://adresowo.pl/o/mieszkanie-poznan-debiec-ul-platanowa-1-pokoj-q2l9i4,https://s2.adresowa.pl/oi/60/75/3d31a8_fbf3_cover@2x-1-pokojowe-mieszkanie-poznan-debiec-ul-platanowa.webp,Poznań Dębiec,Platanowa,2,1961.0,blok,,"Jasne, gotowe do zamieszkania mieszkanie na poznańskim Dębcu. Idealna propozycja dla osób szukających kompaktowego, funkcjonalnego mieszkania w świetnej lokalizacji i w atrakcyjnej cenie. Zapraszam do zapoznania się ze szczegółami tej wyjątkowej oferty! Przedstawiam mieszkanie o powierzchni ok. 37 m², położone na 2. piętrze czteropiętrowego bloku. Nieruchomość składa się z funkcjonalnie rozplanowanych pomieszczeń: przestronnego pokoju z wyjściem na loggię, jasnej kuchni z oknem, korytarza oraz łazienki z WC. Mieszkanie jest w pełni gotowe do zamieszkania - umeblowane i wyposażone w sprzęt AGD. Dużym atutem nieruchomości jest jej doświetlenie - mieszkanie jest bardzo jasne, co zapewnia komfort na co dzień. Dodatkowe udogodnienia obejmują elektrycznie sterowane rolety zewnętrzne, loggię - idealną na poranny relaks - oraz piwnicę o powierzchni ok. 3-4 m². Ogrzewanie centralne miejskie. Niski czynsz - 537 PLN miesięcznie. Nieruchomość znajduje się przy ul. Platanowej na poznańskim Dębcu - jednej ze spokojniejszych, a zarazem doskonale skomunikowanych części centrum miasta. W najbliższej okolicy dostępna jest pełna infrastruktura: szkoły na każdym poziomie (żłobek, przedszkole, szkoła podstawowa, liceum, uczelnia), sklepy spożywcze, supermarkety, apteka, restauracje, bank, basen, fitness oraz plac zabaw. Na szczególną uwagę zasługuje bliskość Galerii Dębiec oraz Factory Outlet w Luboniu, a także sąsiedztwo lasu i parku - idealne do spacerów i aktywnego wypoczynku. Komunikacja z resztą miasta jest doskonała dzięki tramwajom, autobusom oraz kolei, a w kilka minut samochodem można dojechać do autostrady A2. Idealna lokalizacja dla osób ceniących sobie wygodę życia miejskiego połączoną z dostępem do terenów zielonych i pełnej infrastruktury. Cena: 395 000 PLN DO NEGOCJACJI Oferta objęta jest rezerwacją do 31.05. Zapraszam do umówienia się na prezentację tego funkcjonalnego mieszkania - chętnie pokażę wszystkie jego atuty na żywo. Skontaktuj się ze mną i przekonaj się, że to miejsce może być Twoim nowym domem! _____________________________________________________________ Jeśli zastanawiasz się nad zakupem tej nieruchomości, ale nie jesteś pewien swojej zdolności kredytowej, mamy dla Ciebie świetną wiadomość! Współpracując z Movinest, możesz bezpłatnie sprawdzić swoją zdolność kredytową u renomowanego brokera. Skontaktuj się z nami, a pomożemy Ci przejść przez cały proces zakupu!",,,,,,,52.363079,16.907244
Poznań,Winogrady,2,48,475000,9896.0,bez pośredników,,14,https://adresowo.pl/o/mieszkanie-poznan-winogrady-2-pokojowe-48-m2-r2d5z8,https://s2.adresowa.pl/oi/13/72/3e0922_6c25_cover@2x-2-pokojowe-mieszkanie-poznan-winogrady.webp,Poznań Winogrady,,10,1977.0,blok,,"Dzwoń do mnie, bo nie mam ochoty pisać superlatyw o mieszkaniu.",tak,,osobna,plastikowe,własność,,52.405679,16.931277
Poznań Nowe Miasto,ul. Smolna,2,45,655000,14556.0,bez pośredników,,20,https://adresowo.pl/o/mieszkanie-poznan-nowe-miasto-ul-smolna-2-pokojowe-z5a0c9,https://s2.adresowa.pl/oi/5f/14/3e0872_32b1_cover@2x-2-pokojowe-mieszkanie-poznan-nowe-miasto-ul-smolna.webp,Poznań Nowe Miasto,Smolna,2,2018.0,blok,,"Na sprzedaż 2-pokojowe mieszkanie z oddzielną kuchnią, gotowe do zamieszkania o powierzchni 45 m² z ponad 7 m² balkonem i miejscem postojowym w hali garażowej. Mieszkanie na 2 piętrze w budynku z windą z 2018 r. Rozkład pomieszczeń: - Pokój 18.5 m² z wyjściem na balkon. - Sypialnia 10 m² z dużą i głęboką szafą na wymiar. - Kuchnia 6.3 m² w pełni wyposażona w zabudowę stolarską na elementach Blum. Zmywarka, piekarnik, płyta indukcyjna i okap w zabudowie. Wolnostojąca lodówko-zamrażarka. - Hol 6.1 m² z dwiema szafami na wymiar. - Łazienka 3.8 m² z prysznicem i zabudową stolarską. Zabudowana pralka. - Balkon 7 m². - Miejsce w hali garażowej z oddzielną KW - 40.000,00 zł. Wszystkie okna wyposażone są w moskitiery i posiadają północno-zachodnią ekspozycją, dzięki czemu w mieszkaniu jest bardzo długo jasno i pomieszczenia nie nagrzewają się mocno w upalne dni. Okna i balkon wychodzą na wewnętrzną część osiedla z pięknym dziedzińcem, która jest zamknięta dla ruchu aut. Wszystkie pomieszczenia oprócz łazienki wyłożone są panelami klasy AC5. Wjazd do hali garażowej i wiata śmietnikowa znajdują się od drugiej strony budynku. W budynku światłowód i telewizja kablowa. Budynek i osiedle: Osiedle jest zamknięte, strzeżone i monitorowane. Monitoring znajduje się również w hali garażowej z wjazdem na pilota. W bezpośrednim otoczeniu bloku znajdują się: piekarnia, cukiernia, Żabka, Duży Ben, paczkomat, stomatolog, żłobek i salon piękności, fryzjer, gabinet medyczny. Przystanek autobusowy Smolna, znajdujący się około 250 m od budynku pozwala na szybki dojazd do Pętli Zawady, Ronda Śródki i centrum, a w drugą stronę do przystanku tramwajowego Serbska (nowa nitka tramwajowa) i Alei Solidarności (nitka PST). Około 10 min pieszo od osiedla znajduje się przystanek kolejowy Dworzec Wschód. Około 450 m od budynku znajduje się Lidl, przychodnia lekarska, apteka, Aldi, przedszkole, szkoła podstawowa, restauracje, kościół i inne. Bezpośrednio z osiedla można wejść do parku ks. Tadeusza Kirschke z dużym i zadbanym placem zabaw dla dzieci. Przejście podziemne umożliwia bezpieczne przejście/ przejazd rowerem na Wartostradę i zewnętrzną ściankę wspinaczkową. Dogodny wyjazd na DK92 umożliwia szybki wjazd na autostradę bez konieczności jazdy po centrum Poznania. Koszty: Cena mieszkania: 655.000,00 zł Miejsce postojowe w hali garażowej: 40.000,00 zł Czynsz administracyjny za mieszkanie ok. 570,00 zł przy 3 osobach. W czynsz wliczone są opłaty za administrację, sprzątanie klatek i części wspólnych, ochronę nieruchomości, fundusz remontowy, wywóz śmieci, zaliczka na CO, wodę, kanalizację i niezbędne przeglądy. Opłata za miejsce postojowe to ok. 140,00 zł miesięcznie.",,tak,osobna,plastikowe,własność,"Wyposażenie: piekarnik, pralka, zmywarka",52.421982,16.966929
Poznań Wilda,ul. Rolna,3,46,619999,13478.0,bez pośredników,,13,https://adresowo.pl/o/mieszkanie-poznan-wilda-ul-rolna-3-pokojowe-q4c5h2,https://s2.adresowa.pl/oi/56/40/3e01e8_7b46_cover@2x-3-pokojowe-mieszkanie-poznan-wilda-ul-rolna.webp,Poznań Wilda,Rolna,5,2017.0,blok,,"Nowoczesne 3-pokojowe mieszkanie po remoncie Wilda | ul. Rolna | 46,60 m² Na sprzedaż komfortowe i funkcjonalne mieszkanie o powierzchni 46,60 m², położone na 5 piętrze nowoczesnego budynku przy ul. Rolnej na poznańskiej Wilda. Mieszkanie pierwotnie było 2-pokojowe, natomiast zostało przearanżowane na 3 pokoje, dzięki czemu przestrzeń jest bardzo dobrze wykorzystana i idealnie sprawdzi się zarówno dla pary, rodziny, jak i pod inwestycję. Po całej długości mieszkania jest balkon. Rok temu mieszkanie przeszło remont — wymienione zostały meble oraz sprzęty, dzięki czemu lokal jest gotowy do wprowadzenia bez dodatkowych nakładów finansowych. Istnieje możliwość pozostawienia całego wyposażenia. Najważniejsze informacje: • powierzchnia: 46,60 m² • 5 piętro • nowoczesne budownictwo • 3 pokoje • mieszkanie po remoncie • nowe wyposażenie i sprzęty AGD • możliwość pozostawienia mebli • osiedle zamknięte szlabanem na pilota • miejsca parkingowe dostępne dla mieszkańców za szlabanem • świetna lokalizacja - szybki dojazd do centrum, w pobliżu sklepy, komunikacja miejska i tereny spacerowe Cena: 619 999 zł Sprzedaż bez pośredników. W razie pytań zapraszam do kontaktu telefonicznego.",,,,plastikowe,własność,,52.38131,16.915711
Poznań Łazarz,ul. Kolejowa,2,32,475000,14844.0,Pośrednik,,8,https://adresowo.pl/o/mieszkanie-poznan-lazarz-ul-kolejowa-2-pokojowe-j1h0q2,https://s2.adresowa.pl/oi/7d/35/3d31a0_a6cf_cover@2x-2-pokojowe-mieszkanie-poznan-lazarz-ul-kolejowa.webp,Poznań Łazarz,Kolejowa,1,1899.0,kamienica,,"Mam niezmierną przyjemność przedstawić Państwu ofertę sprzedaży wyjątkowej nieruchomości po remoncie generalnym znajdującej się na jednej z najmodniejszych i najbardziej cenionych dzielnic Poznania czyli Łazarzu. Lokal mieszkalny znajduję się na drugim piętrze w czteropiętrowej zadbanej, klimatycznej kamienicy wybudowanej w 1899 roku przy ul. Kolejowej. Mieszkanie 2 pokojowe o powierzchni liczącej 34,59 m2 składa się z : - pokoju z aneksem kuchennym o powierzchni 19,54 m2, - sypialni o powierzchni 8,65 m2, - łazienki o powierzchni 3,28 m2, - komunikacji o powierzchni 3,12 m2, Bardzo funkcjonalny układ nieruchomości gwarantuje wygodę użytkowania. Wysokość pomieszczeń to około 300 cm, co dodatkowo optycznie powiększa przestrzeń. Mieszkanie bardzo dobrze doświetlone za sprawą dużej ilości wysokich okien oraz zachodniej ekspozycji. Nieruchomość ze względu na swoją kapitalną lokalizację sprawdzi się jako inwestycja w wynajem długo/krótkoterminowy. To idealna oferta dla osób poszukujących kompaktowego i funkcjonalnego mieszkania w spokojnej okolicy, z jednoczesnym ekspresowym dostępem do centrum miasta. To również doskonała propozycja dla studentów za sprawą bardzo dobrej komunikacji z resztą miasta! Historyczna zabudowa - kamienica wybudowana w 1899 roku o wyjątkowym charakterze, która przechodzi właśnie renowację przywracającą jej dawny blask! Zakres prac modernizacyjnych w kamienicy: kompleksowa wymiana instalacji wodno-kanalizacyjnej wymiana instalacji elektrycznej renowacja klatki schodowej wykonanie przeglądów kominiarskich doprowadzenie światłowodu instalacja systemu monitoringu nowe okna PCV przygotowana instalacja pod klimatyzację nowe drzwi wejściowe do lokali remont elewacji tylnej budynku Budynek po remoncie elewacji przedniej! Wokół pełna infrastruktura, odległość od przystanku lini tramwajowej czy autobusu to zaledwie 400 m, w pobliżu sklepy typu Biedronka, Żabka, galerie Avenida, Stary Browar, Dworzec Główny, Uczelnie, Międzynarodowe Targi Poznańskie, Nocny targ towarzyski itp. Rynek Łazarski na wyciągnięcie ręki. Dla prowadzących aktywny tryb życia uciechą będzie znajdujący się nieopodal Park Wilsona. Odległość do centrum Poznania to około 35 min przyjemnego spaceru. W tej lokalizacji każdy znajdzie coś dla siebie! Pełna własność z udziałem w gruncie. Ogrzewanie z kotłowni wspólnej. Do budynku został doprowadzony światłowód. Czynsz administracyjny wraz z funduszem remontowym wynosi około 350 zł. Dodatkowo płatne media według indywidualnego zużycia. Brak prowizji od strony Kupującej! W ofercie posiadamy inne nieruchomości w tym budynku w różnym stanie wykończenia - skontaktuj się aby uzyskać więcej informacji. Serdecznie zapraszam do kontaktu!",,,,,własność,,52.393815,16.904941
Poznań Łazarz,ul. Marcelego Mottego,3,37,449000,12135.0,Pośrednik,,5,https://adresowo.pl/o/mieszkanie-poznan-lazarz-ul-marcelego-mottego-3-pokojowe-l4r8w9,https://s2.adresowa.pl/oi/10/22/3d319a_762f_cover@2x-3-pokojowe-mieszkanie-poznan-lazarz-ul-marcelego-mottego.webp,Poznań Łazarz,Marcelego Mottego,2,1899.0,kamienica,,"Mam niezmierną przyjemność przedstawić Państwu ofertę sprzedaży wyjątkowej nieruchomości po remoncie generalnym znajdującej się na jednej z najmodniejszych i najbardziej cenionych dzielnic Poznania czyli Łazarzu. Lokal mieszkalny znajduję się na drugim piętrze w czteropiętrowej, klimatycznej kamienicy wybudowanej w 1899 roku przy ul. Marcelego Mottego. Mieszkanie 2 pokojowe o powierzchni całkowitej liczącej 37,15 m2 składa się z : pokoju dziennego, sypialni, osobnej kuchni łazienki Wysokość pomieszczeń to około 300 cm, co dodatkowo optycznie powiększa przestrzeń. Mieszkanie bardzo dobrze doświetlone za sprawą dużej ilości wysokich okien oraz południowo-wschodniej ekspozycji. Lokal obecnie jest w trakcie remontu - zdjęcia przedstawiają poprzednie realizacje właściciela. Na tym etapie prac istnieje możliwość personalizacji wyglądu nieruchomości. Zabudowa kuchenna, armatura łazienkowa oraz sprzęt AGD w cenie! Nieruchomość ze względu na swoją kapitalną lokalizację sprawdzi się jako inwestycja w wynajem. To idealna oferta dla osób poszukujących funkcjonalnego mieszkania w spokojnej okolicy, z jednoczesnym ekspresowym dostępem do centrum miasta. To również doskonała propozycja dla studentów za sprawą bardzo dobrej komunikacji z resztą miasta! Historyczna zabudowa - kamienica wybudowana w 1899 roku o wyjątkowym charakterze, która przechodzi właśnie renowację przywracającą jej dawny blask! Zakres prac modernizacyjnych w kamienicy: kompleksowa wymiana instalacji wodno-kanalizacyjnej wymiana instalacji elektrycznej renowacja klatki schodowej wykonanie przeglądów kominiarskich doprowadzenie światłowodu instalacja systemu monitoringu nowe okna PCV przygotowana instalacja pod klimatyzację nowe drzwi wejściowe do lokali remont elewacji tylnej budynku Budynek po remoncie elewacji przedniej! Wokół pełna infrastruktura, odległość od przystanku lini tramwajowej czy autobusu to zaledwie 400 m, w pobliżu sklepy typu Biedronka, Żabka, galerie Avenida, Stary Browar, Dworzec Główny, Uczelnie, Międzynarodowe Targi Poznańskie, Nocny targ towarzyski itp. Rynek Łazarski na wyciągnięcie ręki. Dla prowadzących aktywny tryb życia uciechą będzie znajdujący się nieopodal Park Wilsona. Odległość do centrum Poznania to około 35 min przyjemnego spaceru. W tej lokalizacji każdy znajdzie coś dla siebie! Pełna własność z udziałem w gruncie. Ogrzewanie z kotłowni wspólnej. Do budynku został doprowadzony światłowód. Czynsz administracyjny wraz z funduszem remontowym wynosi około 550 zł (wliczona już m.in. zaliczka na ogrzewanie). Dodatkowo płatny prąd według indywidualnego zużycia. Brak prowizji od strony Kupującej! W ofercie posiadamy inne nieruchomości w tym budynku w różnym stanie wykończenia - skontaktuj się aby uzyskać więcej informacji. Serdecznie zapraszam do kontaktu!",,,,,własność,,52.39298,16.90404
Poznań Stare Miasto,ul. Mostowa,2,36,650000,18056.0,bez pośredników,,8,https://adresowo.pl/o/mieszkanie-poznan-stare-miasto-ul-mostowa-2-pokojowe-h7u2w4,https://s2.adresowa.pl/oi/71/74/3e01dc_e89d_cover@2x-2-pokojowe-mieszkanie-poznan-stare-miasto-ul-mostowa.webp,Poznań Stare Miasto,Mostowa,2,,kamienica,,"Na sprzedaż wyjątkowe mieszkanie zlokalizowane w sercu Poznania, przy ul. Mostowej, w klimatycznej, odnawianej kamienicy. Lokal składa się z: * przestronnego salonu z aneksem kuchennym, * oddzielnej sypialni, * eleganckiej łazienki. Wnętrze zostało zaprojektowane w nowoczesnym stylu z dbałością o detale - wysokiej jakości materiały, oświetlenie oraz funkcjonalny układ pomieszczeń tworzą komfortową przestrzeń do życia. Najważniejsze atuty: * wysokość pomieszczeń ok. 3 m - poczucie przestrzeni i światła, * ogrzewanie miejskie, * niski czynsz, * kamienica w trakcie rewitalizacji, * monitoring - bezpieczeństwo mieszkańców, * świetna lokalizacja - blisko Starego Rynku, terenów spacerowych i komunikacji miejskiej. Idealne zarówno do zamieszkania, jak i jako inwestycja pod wynajem.",,,aneks,,,,52.404706,16.93967
Poznań,Winiary,3,53,575000,10849.0,bez pośredników,,8,https://adresowo.pl/o/mieszkanie-poznan-winiary-3-pokojowe-53-m2-s6p6v8,https://s2.adresowa.pl/oi/65/13/3e00b4_3d18_cover@2x-3-pokojowe-mieszkanie-poznan-winiary.webp,Poznań Winiary,,1,,blok,,"Przedmiotem sprzedaży jest mieszkanie 3-pokojowe o pow. 53 m2, usytuowane na os. Winiary. Mieszkanie składa się z 3 niezależnych, dobrze doświetlonych pokoi, jasnej kuchni, WC, łazienki i przedpokoju. Z salonu wyjście na balkon. Mieszkanie po częściowym odświeżeniu. Parkiet w modną jodełkę w dobrym stanie. Łazienka i WC w starej glazurze. Podłoga w kuchni w płytkach. Okolica bardzo zielona i spokojna. W pobliżu komunikacja miejska (tramwaj, autobus), szkoła, przedszkole, uczelnie wyższe, tereny rekreacyjne i spacerowe, galerie handlowe i sklepy spożywcze. Mieszkanie spółdzielczo-własnościowe z założoną KW. Orientacyjny czynsz administracyjny dla 1-2 osób: ok. 650 zł. Dla 3-4 osób: 850 zł. Na chwilę obecną mieszkanie jest wynajmowane rodzinie. Osoby zainteresowane proszone są o kontakt telefoniczny.",,,,,spółdzielcze własnościowe,,52.405679,16.931277
Poznań Piątkowo,os. Bolesława Śmiałego,4,73,859000,11767.0,bez pośredników,,14,https://adresowo.pl/o/mieszkanie-poznan-piatkowo-os-boleslawa-smialego-4-pokojowe-q0o4j5,https://s2.adresowa.pl/oi/60/7d/3dfe4e_4e47_cover@2x-4-pokojowe-mieszkanie-poznan-piatkowo-os-boleslawa-smialego.webp,Poznań Piątkowo,os. Bolesława Śmiałego,1,1991.0,blok,,"Na sprzedaż funkcjonalne, 4-pokojowe mieszkanie o powierzchni 73,1 m², zlokalizowane na 1. piętrze w 4-piętrowym bloku na os. Bolesława Śmiałego w Poznaniu. Lokal jest po generalnym remoncie, dwustronny i gotowy do zamieszkania. Układ i standard wykończenia: - 4 niezależne pokoje - dające duże możliwości aranżacyjne (salon, sypialnie, biuro). - Osobna, jasna kuchnia - z oknem, wyposażona w meble w zabudowie oraz sprzęt AGD, które pozostają w cenie mieszkania. - Duża łazienka - z przestronną kabiną prysznicową i miejscem na pralkę oraz suszarkę. - Korytarz - z miejscem na pojemne szafy. Cztery lata temu mieszkanie przeszło generalny remont, który obejmował m.in. wymianę podłóg oraz wykonanie nowej kuchni na wymiar. Stan lokalu jest bardzo dobry, nie wymaga dodatkowych nakładów finansowych przed wprowadzeniem. Taras i ekspozycja: Do mieszkania przylega taras (ok. 10 m²) od strony południowej, wyposażony w rozkładaną markizę. Mieszkanie ma ekspozycję dwustronną (północ-południe), a okna z obu stron wychodzą na zieleń, co zapewnia ciszę i prywatność. Budynek i dodatkowe informacje: - Stan prawny: Pełna własność z Księgą Wieczystą (brak obciążeń). - Do lokalu przynależy piwnica (ok. 7 m²). Na parterze pod mieszkaniem znajdują się punkty usługowe, które w ciągu dnia ułatwiają załatwienie codziennych spraw, a po godzinach pracy i w weekendy zapewniają zupełną ciszę (brak sąsiadów pod spodem). Lokalizacja (os. Bolesława Śmiałego): Osiedle charakteryzuje się pełną infrastrukturą i świetnym dostępem do komunikacji miejskiej. - Komunikacja: 5 minut pieszo do przystanku szybkiego tramwaju (PST) oraz przystanków autobusowych. - Edukacja: 2 przystanki tramwajowe do Kampusu Morasko. Bezpośrednio na osiedlu znajdują się szkoła i przedszkola. - Zakupy i usługi: W bezpośrednim sąsiedztwie działają osiedlowe sklepy, Biedronka, Intermarche, Lidl, a także dentysta, fryzjer i inne lokale usługowe. Jeden przystanek PST dzieli od galerii handlowej Poznań Plaza. - Rekreacja: Wokół bloku znajduje się sporo zadbanej zieleni, a w niedalekiej odległości położony jest rezerwat Żurawiniec - idealne miejsce na spacery i rower. Zapraszam do kontaktu i obejrzenia mieszkania na żywo.",tak,,osobna,drewniane,własność,"Wyposażenie: pralkę, suszarkę",52.450239,16.924084
Poznań Wilda,ul. Jana Spychalskiego,2,51,820000,16078.0,Pośrednik,,16,https://adresowo.pl/o/mieszkanie-poznan-wilda-ul-jana-spychalskiego-2-pokojowe-f5f5u1,https://s2.adresowa.pl/oi/5a/15/3d2d66_4a78_cover@2x-2-pokojowe-mieszkanie-poznan-wilda-ul-jana-spychalskiego.webp,Poznań Wilda,Jana Spychalskiego,1,2024.0,apartamentowiec,,"Zapraszamy do zapoznania się z ofertą sprzedaży apartamentu z balkonem na Widzie o powierzchni 51,53 m², położonego na pierwszym piętrze w nowoczesnym budynku Vilda Moderne z 2024r. Kupujący nie płaci PCC! Najważniejsze atuty: • Świetna lokalizacja - blisko centrum i Starego Browaru, • Reprezentacyjny budynek z eleganckimi częściami wspólnymi, • Blisko terenów zielonych, • Projekt wnętrza przygotowany przez architekta - przemyślana i komfortowa aranżacja, • Wysoki standard wykończenia + zabudowy na wymiar • W pełni wyposażone - nowe AGD w cenie • Miejsce postojowe w hali garażowej + komórka lokatorska Nieruchomość to 2-pok mieszkanie, gdzie pomieszczenie garderoby z oknem zostało przez projektantkę wnętrz umiejętnie zaadaptowane na wydzieloną strefę sypialną. Mieszkanie jest całkowicie wykończone przy użyciu materiałów wysokiej klasy. Zabudowy stolarskie na wymiar, nowe sprzęty AGD, dbałość o detale oświetleniowe oraz spójna kolorystyka sprawiają, że lokal jest gotowy do wprowadzenia lub dalszego wynajmu bez żadnych nakładów finansowych. Mieszkanie składa się z: - Korytarza (5,50 m²) - Łazienki (5,80 m²) - Sypialni (11,00 m²) - Salonu z aneksem kuchennym (29,23 m²) Do mieszkania przynależy komórka lokatorska (20 000 zł) oraz miejsce parkingowe w hali garażowej (50 000 zł) - zakup obligatoryjny. Budynek: Vilda Moderne uzupełnia pierzeję u szczytu zabytkowych, słynnych schodów łączących ulice Dolna Wilda oraz Górna Wilda. To jeden z symboli tej części Poznania. Schody zaprojektował w latach 30. XX w. wybitny architekt Władysław Czarnecki, a latem 2020 r. otwarto je po gruntownym remoncie. Przywrócony został ich dawny wygląd, łącznie z lampami w stylu art déco. Części wspólne zostały zaprojektowane zostały z wykorzystaniem wysokiej jakości materiałów wykończeniowych i dbałością o detale. W budynku znajdzie się reprezentacyjny hol wejściowy oraz eleganckie korytarze. Lokalizacja: Nieruchomość położona jest w dzielnicy Wilda, w pobliżu Starego Browaru (700m). W najbliższej okolicy znajdują się sklepy, restauracje, kawiarnie. Lokalizacja zapewnia szybki dostęp do komunikacji miejskiej, najbliższy przystanek tramwajowy oddalony jest około 200m. Dużym atutem jest bliskość terenów zielonych, w sąsiedztwie znajduje się Park Jana Pawła II oraz obszar stadionu Szyca, którego teren o powierzchni 2,3 ha zostanie przekształcony w park miejski dostępny dla wszystkich mieszkańców. Inwestycja już jest rozpoczęta, a zakończenie prac przewidziane jest na drugi kwartał przyszłego roku. W sąsiedztwie znajdują się liczne ośrodki sportowe, m.in. Pływalnia Miejska i Lodowisko Chwiałka oraz klub sportowy Citizen. Zapraszamy do kontaktu w celu uzyskania dodatkowych informacji oraz umówienia się na prezentację. TEKTON PROPERTY TO NAJLEPSZE BIURO NIERUCHOMOŚCI W POLSCE WG KONKURSU LIDER NIERUCHOMOŚCI OTODOM 2020. Znajdź nas w swoim mieście: Gdańsk, ul. Chmielna 10 - Warszawa, Plac Dąbrowskiego 1/311 - Kraków, ul. Józefitów 7/4 - Poznań, ul. Wojskowa 6/D6 - Łódź, ul. Zachodnia 70 pok. 223, Opole, Gen. Tadeusza Kościuszki 1, lok. 1C. Podejmując współpracę z przedstawicielami Tekton Property zyskujesz: - oszczędność czasu, - weryfikację dokumentów od strony formalno-prawnej, - wsparcie agenta na każdym etapie transakcji, - pomoc przy uzyskaniu kredytu hipotecznego w kilkunastu bankach, - wgląd do umów przed zawarciem aktu notarialnego u sprawdzonych Notariuszy, - własne analizy makroekonomiczne i raporty z prowadzonych działań, - dostęp do cen transakcyjnych z okolicy. Skontaktuj się z opiekunem oferty, a on poprowadzi Cię przez wszystkie etapy transakcji. Zapraszamy do współpracy! Niniejsze ogłoszenie nie stanowi oferty handlowej w rozumieniu przepisów art. 66 k.c., a przedstawione dane mają charakter informacyjny.",,tak,,,własność,,52.395323,16.925412
Poznań Wilda,ul. św. Trójcy,3,90,849000,9433.0,Pośrednik,,20,https://adresowo.pl/o/mieszkanie-poznan-wilda-ul-sw-trojcy-3-pokojowe-e9b1s9,https://s2.adresowa.pl/oi/73/5a/3d2d5e_95ad_cover@2x-3-pokojowe-mieszkanie-poznan-wilda-ul-sw-trojcy.webp,Poznań Wilda,św. Trójcy,parter,1930.0,kamienica,,"Zapraszamy do zapoznania się z ofertą sprzedaży wyjątkowego mieszkania położonego w kameralnej willi miejskiej przy ul. Św. Trójcy w poznańskiej Wildzie. Nieruchomość łączy klimat przedwojennej zabudowy z funkcjonalnością nowoczesnego układu oraz dostępem do prywatnej przestrzeni zewnętrznej. Mieszkanie wyróżnia się przemyślaną aranżacją oraz unikalnym charakterem wnętrza, który podkreślają oryginalne elementy architektoniczne. Dodatkowym atutem jest oranżeria oraz ogród, które znacząco podnoszą komfort codziennego użytkowania. Najważniejsze atuty: • Kameralna willa z niewielką liczbą mieszkań. • Prywatny ogród do wyłącznego użytku. • Oranżeria pełniąca funkcję ogrodu zimowego. • Dwa niezależne wejścia do mieszkania. • Loftowy charakter wnętrza z oryginalnymi elementami. • Garaż oraz możliwość parkowania na posesji. • Doskonała lokalizacja blisko centrum. Mieszkanie składa się z: - Salonu, - Sypialni z garderobą, - Drugiego pokoju z niezależnym wyjściem, - Oranżerii, - Oddzielnej kuchni, - Łazienki z wanną i prysznicem, - Korytarza. Budynek: Nieruchomość znajduje się w kameralnej willi miejskiej, gdzie na klatce schodowej znajduje się tylko jeden sąsiad. Budynek posiada dwa wejścia do lokalu, w tym jedno bezpośrednio od strony ogrodu. Do dyspozycji właściciela jest garaż, piwnica oraz możliwość parkowania na zamkniętym podjeździe. Otoczenie zapewnia prywatność i komfort, a elewacja budynku przewidziana jest do odświeżenia. Lokalizacja: Mieszkanie położone jest w dzielnicy Wilda, w dobrze skomunikowanej części Poznania. W odległości kilku minut spacerem znajdują się przystanki tramwajowe, które zapewniają szybki dojazd do centrum miasta. W najbliższym otoczeniu dostępne są sklepy, szkoły, przedszkola oraz punkty usługowe. Lokalizacja łączy wygodę codziennego życia z dostępem do pełnej infrastruktury miejskiej. Zapraszamy do kontaktu w celu uzyskania dodatkowych informacji oraz umówienia się na prezentację nieruchomości. Chętnie odpowiemy na wszystkie pytania oraz ustalimy dogodny termin spotkania z Państwem. TEKTON PROPERTY TO NAJLEPSZE BIURO NIERUCHOMOŚCI W POLSCE WG KONKURSU LIDER NIERUCHOMOŚCI OTODOM 2020. Znajdź nas w swoim mieście: Gdańsk, ul. Chmielna 10 - Warszawa, Plac Dąbrowskiego 1/311 - Kraków, ul. Józefitów 7/4 - Poznań, ul. Wojskowa 6/D6 - Łódź, ul. Zachodnia 70 pok. 223, Opole, Gen. Tadeusza Kościuszki 1, lok. 1C. Podejmując współpracę z przedstawicielami Tekton Property zyskujesz: - oszczędność czasu, - weryfikację dokumentów od strony formalno-prawnej, - wsparcie agenta na każdym etapie transakcji, - pomoc przy uzyskaniu kredytu hipotecznego w kilkunastu bankach, - wgląd do umów przed zawarciem aktu notarialnego u sprawdzonych Notariuszy, - własne analizy makroekonomiczne i raporty z prowadzonych działań, - dostęp do cen transakcyjnych z okolicy. Skontaktuj się z opiekunem oferty, a on poprowadzi Cię przez wszystkie etapy transakcji. Zapraszamy do współpracy! Niniejsze ogłoszenie nie stanowi oferty handlowej w rozumieniu przepisów art. 66 k.c., a przedstawione dane mają charakter informacyjny.",,tak,,,własność,,52.374106,16.907754
Poznań Grunwald,ul. Świerzawska,2,55,799000,14527.0,bez pośredników,,11,https://adresowo.pl/o/mieszkanie-poznan-grunwald-ul-swierzawska-2-pokojowe-n4m4z0,https://s2.adresowa.pl/oi/1b/31/3dfcf6_51b3_cover@2x-2-pokojowe-mieszkanie-poznan-grunwald-ul-swierzawska.webp,Poznań Grunwald,Świerzawska,parter,2024.0,blok,,"Kontakt telefoniczny w godzinach 08:00-16:00. Proszę o kontakt wyłącznie w podanych godzinach. UWAGA: Miejsce parkingowe w hali garażowej dodatkowo płatne 55 000 zł. Nowoczesne 2-pokojowe mieszkanie FIQUS Marcelin. Na sprzedaż wyjątkowe, świeżo wykończone mieszkanie o powierzchni 55,61 m², położone na prestiżowym osiedlu FIQUS Marcelin przy ul. Świerzawskiej 11D w Poznaniu. Idealna propozycja dla osób ceniących nowoczesny design, wysoką jakość wykończenia oraz świetną lokalizację. Układ mieszkania: - przestronny salon z aneksem kuchennym - komfortowa sypialnia - elegancka łazienka z dużym prysznicem walk-in - funkcjonalny korytarz - dodatkowa przestrzeń do przechowywania/garderoba Mieszkanie zostało urządzone w nowoczesnym, spójnym stylu. Dominują jasne kolory, drewniane akcenty oraz designerskie oświetlenie. Duże okna zapewniają świetne doświetlenie wnętrz i poczucie przestrzeni. Atuty nieruchomości: - wysoki standard wykończenia - nowoczesna kuchnia w zabudowie z wyposażeniem - elegancka łazienka premium - gotowe do zamieszkania (brak umeblowania w sypialni) - funkcjonalny układ pomieszczeń - spokojne i nowoczesne osiedle - atrakcyjna lokalizacja blisko terenów zielonych i komunikacji miejskiej Lokalizacja: FIQUS Marcelin to jedna z najbardziej pożądanych inwestycji w Poznaniu, świetnie skomunikowana, a jednocześnie zapewniająca komfort i spokój. W pobliżu znajdują się sklepy, restauracje, tereny rekreacyjne, Lasek Marceliński oraz pełna infrastruktura miejska. Czynsz administracyjny: ok. 645 zł. Mieszkanie nie posiada tarasu ani ogródka. Zapraszam do kontaktu oraz na prezentację mieszkania!",,tak,aneks,,,,52.402904,16.860987
Poznań Rataje,os. Piastowskie,2,43,480000,11163.0,bez pośredników,,8,https://adresowo.pl/o/mieszkanie-poznan-rataje-os-piastowskie-2-pokojowe-n7i2w2,https://s2.adresowa.pl/oi/31/71/3df8ec_85bf_cover@2x-2-pokojowe-mieszkanie-poznan-rataje-os-piastowskie.webp,Poznań Rataje,os. Piastowskie,2,1968.0,blok,,"Sprzedam słoneczne, dwupokojowe mieszkanie o powierzchni 43,7 m², położone na Osiedlu Piastowskim. Mieszkanie znajduje się na drugim piętrze w niskim bloku. Składa się z salonu, oddzielnej kuchni, przestronnej sypialni z wyjściem na balkon, przedpokoju oraz łazienki. W cenie zawarte są meble oraz wyposażenie. Istnieje możliwość ich usunięcia na życzenie kupującego. Nieruchomość znajduje się w atrakcyjnej lokalizacji. W najbliższym otoczeniu dostępne są liczne sklepy, punkty usługowe, szkoły, przedszkola, place zabaw, basen oraz tereny zielone sprzyjające rekreacji. W pobliżu znajdują się również przystanki komunikacji miejskiej, zapewniające wygodny dojazd do innych części miasta. Mieszkanie wolne od zaraz. Aktualne świadectwo energetyczne. Odrębna własność, księga wieczysta, bez obciążeń.",,,osobna,,spółdzielcze własnościowe,,52.392387,16.947977
Poznań Naramowice,ul. Boranta,2,53,580000,10943.0,bez pośredników,,14,https://adresowo.pl/o/mieszkanie-poznan-naramowice-ul-boranta-2-pokojowe-v6c3y9,https://s2.adresowa.pl/oi/75/5e/3df63a_69b4_cover@2x-2-pokojowe-mieszkanie-poznan-naramowice-ul-boranta.webp,Poznań Naramowice,Boranta,3,2006.0,blok,,"Zadbane, słoneczne mieszkanie 53,51 m² - Poznań, Naramowice, ul. Boranta Na sprzedaż zadbane, słoneczne i w pełni umeblowane mieszkanie zlokalizowane na Naramowicach przy ul. Boranta w Poznaniu. Lokal znajduje się w kameralnym, 3-piętrowym bloku z 2006 roku. Mieszkanie położone jest na ostatnim piętrze, co zapewnia ciszę i prywatność. Ekspozycja okien sprawia, że poranne słońce doświetla salon oraz kuchnię. Najważniejsze atuty: - mieszkanie gotowe do wprowadzenia - pełne wyposażenie (AGD: piekarnik, lodówka, mikrofala, zmywarka) - ściany w bardzo dobrym stanie - farba zmywalna, bez potrzeby odświeżania - wymienione uszczelki w oknach (2025) - spokojna okolica, dobra komunikacja Układ pomieszczeń (53,51 m²): - salon - 20,40 m² - sypialnia - 11,26 m² - kuchnia - 8,30 m² - korytarz - 8,50 m² - łazienka - 3,40 m² - WC - 2,06 m² - balkon - 5,60 m² Dodatkowo do mieszkania przynależy komórka lokatorska (3,6 m²) z praktycznymi regałami (idealna na przechowywanie). Wykończenie i wyposażenie: Sypialnia została odnowiona - na jednej ze ścian znajduje się fototapeta, pozostałe ściany w kolorach jasnego beżu i zieleni. W oknach zasłony oraz roleta rzymska. Salon wyposażony jest w zasłony, natomiast w kuchni znajduje się firanka. Kuchnia została odświeżona i utrzymana w jasnej, neutralnej kolorystyce. Większość umeblowania pozostaje w cenie mieszkania. Lokalizacja i komunikacja: - w pobliżu nowa linia tramwajowa (linie 3 i 10) - przystanek autobusowy (linia 146) pod blokiem - w okolicy: Biedronka, Żabka, poradnia lekarska, szkoła podstawowa nr 60, stadnina koni Możliwość wynajmu lub zakupu miejsca parkingowego na ogrodzonym parkingu ze szlabanem (na terenie osiedla). Opłaty: Czynsz: ok. 730 zł/mies. (zaliczki na wodę, ogrzewanie, śmieci, fundusz remontowy, utrzymanie części wspólnych) Prąd według zużycia Dostępność: Mieszkanie dostępne od końca września / października. Zapraszam do kontaktu.",tak,tak,,plastikowe,własność,"Wyposażenie: lodówka, piekarnik, zmywarka",52.45656,16.950924
Poznań Grunwald,ul. Rycerska,2,53,499000,9415.0,Pośrednik,,16,https://adresowo.pl/o/mieszkanie-poznan-grunwald-ul-rycerska-2-pokojowe-x5k8s0,https://s2.adresowa.pl/oi/24/3c/3d0d24_acbc_cover@2x-2-pokojowe-mieszkanie-poznan-grunwald-ul-rycerska.webp,Poznań Grunwald,Rycerska,parter,1959.0,blok,,"Na sprzedaż 2-pokojowe mieszkanie z ogrodem zimowym - ul. Rycerska, 53 m² Na sprzedaż funkcjonalne i przytulne mieszkanie o powierzchni 53 m², położone przy ul. Rycerskiej. Lokal znajduje się w kameralnym budynku (tylko 2 klatki) z cegły z 1959 roku i stanowi idealną propozycję zarówno dla pary, singla, jak i pod inwestycję. Blok w ostatnich latach przeszedł termomodernizacje i wymianę dachu. Układ mieszkania: Sypialnia - 12,4 m Salon - 21, 8 m Osobna, widna i przestronna kuchnia - 9,7 m Łazienka + WC - 2,9 m Duży przedpokój - 6,2 m Zabudowana loggia pełniąca funkcję ogrodu zimowego - idealne miejsce do relaksu przez cały rok - 4,5 m Standard i wyposażenie: Mieszkanie jest zadbane i gotowe do zamieszkania. Zabudowa kuchenna wymieniona 10 lat temu. Przeprowadzone remonty w mieszkaniu: wymiana okien - 2016 r. wymiana pionów wodno-kanalizacyjnych (kuchnia, łazienka) - 2016 r. częściowa wymiana instalacji elektrycznej (kuchnia, łazienka + licznik) - 2016 r. odświeżenie ścian (malowanie) - 2025 r. oryginalny, zadbany parkiet Instalacja elektryczna mieszana - aluminium w pokojach oraz miedź w kuchni i łazience. Budynek i inwestycje: rok budowy: 1959 materiał: cegła termomodernizacja - 2007 r. naprawa dachu - 2025 r. wykonane chodniki i wiata śmietnikowa Planowane inwestycje (zgodnie z uchwałą): wymiana wodomierzy - 2026 r. montaż czujek dymu na klatkach - 2026 r. malowanie klatek schodowych - planowane na 2028 r. Lokalizacja i komunikacja: Mieszkanie położone jest w dobrze skomunikowanej części miasta, co zapewnia wygodny dojazd zarówno do centrum, jak i innych dzielnic. W pobliżu znajdują się przystanki komunikacji miejskiej (autobusy/tramwaje), umożliwiające szybkie przemieszczanie się bez konieczności korzystania z samochodu. Przystanek Grochowska 400m Linia tramwajowa nr. [numer]5 Linia autobusowa nr. 169, 182 Linia autobusowa nocna nr. 214, 224 Przystanek Marcelińska 350m Linia autobusowa nr. [numer], 182 Linia autobusowa nocna 212, 222 W okolicy dostępna jest pełna infrastruktura handlowo-usługowa: sklepy spożywcze i markety szkoły i przedszkola przychodnie i apteki tereny zielone i miejsca rekreacji punkty usługowe i gastronomiczne Lokalizacja łączy w sobie spokój osiedla z wygodnym dostępem do wszystkich najważniejszych udogodnień codziennego życia. Dodatkowe informacje: parkowanie na ulicy, poza strefą płatnego parkowania możliwość podłączenia światłowodu (instalacja dostępna w budynku - Orange) Wysokość pomieszczeń: 280cm Czynsz: 650 zł Ogrzewanie: miejskie Cena: 499 000 zł Mieszkanie łączy w sobie komfort codziennego życia z potencjałem inwestycyjnym. Dzięki oddzielnej kuchni i funkcjonalnemu rozkładowi daje wiele możliwości aranżacyjnych. *Informacja dla biur - współpracuję przy każdej ofercie!",,,,,własność,,52.401563,16.876274
Poznań Nowe Miasto,os. Stare Żegrze,3,63,599000,9508.0,Pośrednik,,18,https://adresowo.pl/o/mieszkanie-poznan-nowe-miasto-os-stare-zegrze-3-pokojowe-d2m1z3,https://s2.adresowa.pl/oi/2c/61/3cfd10_f441_cover@2x-3-pokojowe-mieszkanie-poznan-nowe-miasto-os-stare-zegrze.webp,Poznań Nowe Miasto,os. Stare Żegrze,1,1985.0,blok,,"Polecam ofertę sprzedaży mieszkania inwestycyjnego położonego w Poznań na os. Stare Żegrze. Świetna lokalizacja pod najem długoterminowy oraz duży potencjał aranżacyjny sprawiają, że jest to idealna propozycja zarówno dla inwestora, jak i rodziny. Mieszkanie znajduje się na 1 piętrze w niskim, 4-piętrowym bloku, na spokojnym i dobrze skomunikowanym osiedlu. Opis lokalu: Lokal o powierzchni 63,4 m² z ekspozycją okien na południowy-wschód oraz północny-zachód, składa się z: • pokoju z wyjściem na loggię - ok. 23 m² • pokoju - ok. 11 m² • pokoju - ok. 9 m² • oddzielnej, jasnej kuchni z oknem - ok. 7 m² • łazienki - ok. 3 m² • WC - ok. 1,5 m² • korytarza z szafami - ok. 9 m² Do mieszkania przynależy: • dwie piwnice Najważniejsze atuty: Mieszkanie o bardzo funkcjonalnym układzie - trzy niezależne pokoje oraz oddzielna, jasna kuchnia zapewniają wygodę zarówno dla rodziny, jak i najemców. Duża loggia stanowi dodatkową przestrzeń do wypoczynku i relaksu. Dwustronna ekspozycja sprawia, że wnętrze jest dobrze doświetlone przez cały dzień. Układ oraz metraż dają możliwość wydzielenia nawet 4-5 pokoi, co znacząco zwiększa potencjał inwestycyjny nieruchomości. Standard wykończenia: • mieszkanie do remontu - możliwość aranżacji według własnych potrzeb • podłogi: parkiet w dobrym stanie • ściany: tapety • okna: PCV • ogrzewanie i ciepła woda: z sieci miejskiej Lokalizacja: Nieruchomość położona jest na Ratajach - os. Stare Żegrze, w miejscu łączącym spokój z bardzo dobrą dostępnością komunikacyjną. Bliskość komunikacji miejskiej gwarantuje szybki i wygodny dojazd do centrum miasta. W najbliższej okolicy znajdują się: • tereny spacerowe • szkoła, przedszkole, żłobek • sklepy spożywcze i punkty handlowo-usługowe • kościół Komunikacja: • tramwaj: przystanek Żegrze I - ok. 4 min pieszo • autobus: przystanki os. Stare Żegrze - do 3 min pieszo Opłaty: • czynsz: ok. 900 zł • dodatkowo: prąd i gaz (kuchenka) według zużycia Informacje prawne: • forma własności: spółdzielcze własnościowe prawo do lokalu • brak obciążeń • zarządzanie: Spółdzielnia Osiedle Młodych w Poznaniu Funkcjonalność, lokalizacja i potencjał inwestycyjny w jednym miejscu. To mieszkanie daje szerokie możliwości - zarówno jako wygodny lokal dla rodziny, jak i dochodowa inwestycja pod wynajem. Zapraszam do kontaktu i na prezentację! Informacja dla biur nieruchomości - współpracuję przy każdej ofercie.",,,,,spółdzielcze własnościowe,Wyposażenie: kuchenka,52.380777,16.959501
Poznań Stare Miasto,ul. Hawelańska,3,57,771525,13536.0,bez pośredników,,14,https://adresowo.pl/o/mieszkanie-poznan-stare-miasto-ul-hawelanska-3-pokojowe-b6o9e4,https://s2.adresowa.pl/oi/7f/72/3df216_a85b_cover@2x-3-pokojowe-mieszkanie-poznan-stare-miasto-ul-hawelanska.webp,Poznań Stare Miasto,Hawelańska,3,2019.0,blok,,"Na sprzedaż komfortowe, 3-pokojowe mieszkanie o powierzchni 57,15 m², położone na 3. piętrze w nowoczesnym, 6-piętrowym budynku z 2019 roku, na cenionym osiedlu przy ul. Hawelańskiej w Poznaniu. Dodatkowo: komórka lokatorska ok 5m (na piętrze, przy mieszkaniu) - 45 000 zł (brak obowiązku zakupu) miejsce w hali garażowej - w cenie Układ mieszkania: - salon z aneksem kuchennym - dwie niezależne sypialnie. - łazienka - przedpokój Standard i wyposażenie: Mieszkanie jest gotowe do zamieszkania i zostało wykończone z dbałością o funkcjonalność. W kuchni znajduje się zabudowa wykonana na wymiar przez stolarza wraz ze sprzętem AGD. Większość wyposażenia pozostaje w mieszkaniu, co pozwala na szybkie wprowadzenie się - szczegóły do indywidualnego ustalenia z nowym właścicielem. Dodatkowe atuty: - przestronny taras ok. 22 m², ciągnący się wzdłuż mieszkania - ekspozycja północno-zachodnia - piękne zachody słońca - budynek z windą - monitoring oraz plac zabaw na osiedlu - wyjątkowo wygodna komórka lokatorska na tym samym piętrze, tuż obok mieszkania Czynsz administracyjny: ok. 1000 zł Forma własności: pełna własność Lokalizacja: - spokojne, nowoczesne osiedle przyjazne rodzinom - w najbliższej okolicy: sklepy, żłobki, przedszkola - bardzo dobra komunikacja - tramwaj w pobliżu - szybki dojazd do centrum Dostępność: Do uzgodnienia. To świetna propozycja dla osób szukających funkcjonalnego, gotowego do zamieszkania mieszkania z dużą przestrzenią zewnętrzną, w dobrze skomunikowanej części miasta. Pośrednikom dziękujemy, proszę się nie kontaktować.",tak,tak,aneks,,własność,,52.436227,16.951442
Poznań Rataje,os. Piastowskie,2,43,490000,11395.0,bez pośredników,,10,https://adresowo.pl/o/mieszkanie-poznan-rataje-os-piastowskie-2-pokojowe-u8q5l3,https://s2.adresowa.pl/oi/29/23/3df0f8_9cc5_cover@2x-2-pokojowe-mieszkanie-poznan-rataje-os-piastowskie.webp,Poznań Rataje,os. Piastowskie,4,1975.0,blok,,"Sprzedam mieszkanie dwupokojowe 43,34 m z balkonem, na osiedlu Piastowskim w Poznaniu. 4 piętro z windą. Salon połączony z aneksem kuchennym plus sypialnia z balkonem. Łazienka odnowiona w kwietniu 2026 (nowa hydraulika kanaliza elektryka). Czynsz do Spółdzielni ok. 1000 zł Cena 480.000 zł Kontakt BEZPOŚREDNIO",tak,tak,aneks,plastikowe,spółdzielcze własnościowe,,52.388206,16.941797
Poznań Wilda,ul. Przemysłowa,2,44,620000,14091.0,bez pośredników,,14,https://adresowo.pl/o/mieszkanie-poznan-wilda-ul-przemyslowa-2-pokojowe-z7v1h0,https://s2.adresowa.pl/oi/36/1d/3df1bc_88e1_cover@2x-2-pokojowe-mieszkanie-poznan-wilda-ul-przemyslowa.webp,Poznań Wilda,Przemysłowa,5,2010.0,apartamentowiec,,"Mieszkanie znajduje się na 5 piętrze, ma powierzchnię 44,4 m² i jest do zamieszkania. W skład nieruchomości wchodzi 2 pokoje, kuchnia, łazienka oraz balkon. W cenie masz meble, meble kuchenne, lodówkę, kuchenkę i pralkę. Mieszkanie posiada drewnianą podłogę i płytki gresowe w łazience i kuchni. Ogrzewanie miejskie zapewnia komfort przez cały rok. Bezpieczeństwo gwarantują antywłamaniowe drzwi, domofon oraz monitoring. Lokalizacja w dzielnicy Wilda zapewnia dostęp do licznych punktów usługowych i rekreacyjnych. W pobliżu znajdziesz sklepy, supermarket i placówki edukacyjne. Dla relaksu polecamy pobliskie parki, a dla aktywnych - siłownie i baseny. Sprzedaż bez pośredników! Skorzystaj z tej oferty i umów się na obejrzenie nieruchomości już dziś! To idealne miejsce dla osób ceniących komfort i dobre połączenia komunikacyjne.",,,,plastikowe,własność,"Wyposażenie: kuchenkę, lodówkę, pralkę",52.397407,16.918806
Poznań Centrum,ul. Garbary,1,31,580000,18710.0,Pośrednik,,11,https://adresowo.pl/o/mieszkanie-poznan-centrum-ul-garbary-1-pokoj-a7e9f4,https://s2.adresowa.pl/oi/6e/79/3cf454_7c55_cover@2x-1-pokojowe-mieszkanie-poznan-centrum-ul-garbary.webp,Poznań Centrum,Garbary,2,2025.0,kamienica,,"Zapraszam do zapoznania się z ofertą sprzedaży jasnego mieszkania o powierzchni 31,55 m², położonego na 2. piętrze w kompleksowo zrewitalizowanej i przebudowanej kamienicy w śródmieściu Poznania. Lokal znajduje się w budynku oddanym do użytku w lutym 2025 roku i łączy historyczny charakter kamienicy z nowoczesnymi rozwiązaniami. Najważniejsze atuty: • 2. piętro w kompleksowo zrewitalizowanej kamienicy • Budynek oddany do użytku w 2025 roku • Nowoczesna winda oraz wideodomofony • Ekspozycja wschodnia zapewniająca dobre doświetlenie • Zakup bez PCC oraz 0% prowizji od kupującego • Ogrzewanie miejskie • Mieszkanie wykończone i wyposażone Mieszkanie składa się z: - Pokoju z aneksem kuchennym z AGD, - Garderoby, - Łazienki z prysznicem. Budynek: Kamienica została kompleksowo przebudowana i oddana do użytku w 2025 roku, co zapewnia wysoki standard części wspólnych. Do dyspozycji mieszkańców jest nowoczesna winda, wideodomofony oraz rowerownia. Istnieje również możliwość zakupu komórki lokatorskiej w cenie 4500 zł za m². Lokalizacja: Mieszkanie znajduje się w śródmieściu Poznania, około 400 metrów od Starego Rynku. W najbliższym otoczeniu znajdują się restauracje, kawiarnie, tereny zielone oraz Wartostrada sprzyjająca spacerom i rekreacji. W pobliżu dostępne są uczelnie wyższe, w tym Politechnika Poznańska, Uniwersytet im. Adama Mickiewicza oraz Akademia Wychowania Fizycznego. Bliskość komunikacji miejskiej zapewnia wygodny dojazd do pozostałych części miasta. Opłaty: Czynsz administracyjny wynosi około 350 zł miesięcznie, jednak jego dokładny zakres może się różnić w zależności od zużycia oraz składników opłat. Szczegółowe informacje dotyczące tego, co wchodzi w skład czynszu, zostaną przekazane po kontakcie. Zapraszamy do kontaktu i umówienia prezentacji tej wyjątkowej nieruchomości dzisiaj. Udzielimy szczegółowych informacji oraz odpowiemy na wszystkie pytania dotyczące oferty. TEKTON PROPERTY TO NAJLEPSZE BIURO NIERUCHOMOŚCI W POLSCE WG KONKURSU LIDER NIERUCHOMOŚCI OTODOM 2020. Znajdź nas w swoim mieście: Gdańsk, ul. Chmielna 10 - Warszawa, Plac Dąbrowskiego 1/311 - Kraków, ul. Józefitów 7/4 - Poznań, ul. Wojskowa 6/D6 - Łódź, ul. Zachodnia 70 pok. 223, Opole, Gen. Tadeusza Kościuszki 1, lok. 1C. Podejmując współpracę z przedstawicielami Tekton Property zyskujesz: - oszczędność czasu, - weryfikację dokumentów od strony formalno-prawnej, - wsparcie agenta na każdym etapie transakcji, - pomoc przy uzyskaniu kredytu hipotecznego w kilkunastu bankach, - wgląd do umów przed zawarciem aktu notarialnego u sprawdzonych Notariuszy, - własne analizy makroekonomiczne i raporty z prowadzonych działań, - dostęp do cen transakcyjnych z okolicy. Skontaktuj się z opiekunem oferty, a on poprowadzi Cię przez wszystkie etapy transakcji. Zapraszamy do współpracy! Niniejsze ogłoszenie nie stanowi oferty handlowej w rozumieniu przepisów art. 66 k.c., a przedstawione dane mają charakter informacyjny.",,,,,własność,,52.406017,16.9379
Poznań Centrum,ul. Garbary,3,43,799000,18581.0,Pośrednik,,11,https://adresowo.pl/o/mieszkanie-poznan-centrum-ul-garbary-3-pokojowe-r3n4c0,https://s2.adresowa.pl/oi/26/6a/3cf452_48b0_cover@2x-3-pokojowe-mieszkanie-poznan-centrum-ul-garbary.webp,Poznań Centrum,Garbary,4,2025.0,kamienica,,"Zapraszamy do zapoznania się z ofertą sprzedaży jasnego mieszkania o powierzchni 43,24 m², położonego na 4. piętrze w zrewitalizowanej kamienicy w śródmieściu Poznania. Budynek został oddany do użytku w lutym 2025 roku i łączy historyczny charakter z nowoczesnymi rozwiązaniami. Lokal jest wykończony i wyposażony w nowe meble oraz sprzęty AGD, co daje możliwość zamieszkania bez ponoszenia dodatkowych kosztów. Najważniejsze atuty: • 4. piętro w kompleksowo zrewitalizowanej kamienicy • Budynek oddany do użytku w 2025 roku • Nowoczesna winda oraz wideodomofony • Ekspozycja południowo-zachodnia zapewniająca dobre doświetlenie • Ogrzewanie miejskie • Mieszkanie gotowe do zamieszkania • Zakup bez PCC i 0% prowizji Mieszkanie składa się z: - Pokoju z aneksem kuchennym z AGD, - Sypialni z dużym łóżkiem, - Gabinetu, - Łazienki z prysznicem. Budynek: Kamienica została kompleksowo przebudowana i oddana do użytku w 2025 roku, co zapewnia wysoki standard części wspólnych. Do dyspozycji mieszkańców jest nowoczesna winda, wideodomofony oraz rowerownia. Istnieje również możliwość zakupu komórki lokatorskiej w cenie 4500 zł za m². Lokalizacja: Mieszkanie znajduje się w ścisłym centrum Poznania, około 400 metrów od Starego Rynku. W najbliższym otoczeniu znajdują się liczne restauracje, kawiarnie, tereny zielone oraz Wartostrada. To lokalizacja idealna zarówno do życia, jak i pod wynajem krótkoterminowy lub długoterminowy. W pobliżu znajdują się także uczelnie wyższe, w tym Politechnika Poznańska, Uniwersytet im. Adama Mickiewicza oraz AWF. Bliskość komunikacji miejskiej zapewnia szybki dojazd do każdej części miasta. To miejsce łączy wygodę miejskiego życia z dostępem do rekreacji. Opłaty: Czynsz administracyjny wynosi około 490 zł miesięcznie, jednak jego dokładny zakres może się różnić w zależności od zużycia oraz składników opłat. Szczegółowe informacje dotyczące tego, co wchodzi w skład czynszu, zostaną przekazane po kontakcie. Zapraszamy do kontaktu i umówienia prezentacji tej wyjątkowej nieruchomości dzisiaj. Udzielimy szczegółowych informacji oraz odpowiemy na wszystkie pytania dotyczące oferty. TEKTON PROPERTY TO NAJLEPSZE BIURO NIERUCHOMOŚCI W POLSCE WG KONKURSU LIDER NIERUCHOMOŚCI OTODOM 2020. Znajdź nas w swoim mieście: Gdańsk, ul. Chmielna 10 - Warszawa, Plac Dąbrowskiego 1/311 - Kraków, ul. Józefitów 7/4 - Poznań, ul. Wojskowa 6/D6 - Łódź, ul. Zachodnia 70 pok. 223, Opole, Gen. Tadeusza Kościuszki 1, lok. 1C. Podejmując współpracę z przedstawicielami Tekton Property zyskujesz: - oszczędność czasu, - weryfikację dokumentów od strony formalno-prawnej, - wsparcie agenta na każdym etapie transakcji, - pomoc przy uzyskaniu kredytu hipotecznego w kilkunastu bankach, - wgląd do umów przed zawarciem aktu notarialnego u sprawdzonych Notariuszy, - własne analizy makroekonomiczne i raporty z prowadzonych działań, - dostęp do cen transakcyjnych z okolicy. Skontaktuj się z opiekunem oferty, a on poprowadzi Cię przez wszystkie etapy transakcji. Zapraszamy do współpracy! Niniejsze ogłoszenie nie stanowi oferty handlowej w rozumieniu przepisów art. 66 k.c., a przedstawione dane mają charakter informacyjny.",,,,,własność,,52.406017,16.9379
Poznań Piątkowo,os. Stefana Batorego,2,54,699900,12961.0,bez pośredników,,17,https://adresowo.pl/o/mieszkanie-poznan-piatkowo-os-stefana-batorego-2-pokojowe-r7v7j6,https://s2.adresowa.pl/oi/2a/7e/3df160_d236_cover@2x-2-pokojowe-mieszkanie-poznan-piatkowo-os-stefana-batorego.webp,Poznań Piątkowo,os. Stefana Batorego,1,2001.0,blok,,"To piękne, luksusowe mieszkanie znajduje się na 1 piętrze, czyli wysokim parterze na osiedlu Batorego obok budynku Atanera. Powierzchnia 54,4 m2 plus komórka - piwnica nie wliczona do metrażu oraz dostęp do kameralnej suszarni pod mieszkaniem. Mieszkanie posiada osobną zamykaną kuchnię, jest dwustronne: - od strony wschodniej: kuchnia, salon (słońce jest od rana) - od zachodniej: sypialnia (po południu). Mieszkanie po całkowitym remoncie, wymienione okna, parapety, drzwi, podłogi, łazienka - koszt remontu 80 tys. PLN. Mieszkanie znajduje się w bardzo dobrej lokalizacji: 5 min pieszo od pętli Pestka, bardzo dobrze skomunikowane z centrum Poznania oraz miejscowościami poza nim (np. Strzeszyn, Suchy Las, Kiekrz). Z mieszkania do lasu na Morasku czy do Rezerwatu Żurawiniec jest ok 5-8 min pieszo, idealne miejsce na spacery i wycieczki rowerowe. W pobliżu liczne sklepy: Kaufland, Lidl, Aldi, Rossmann, 2 Żabki, pizzeria, salony kosmetyczne, przychodnia lekarska Remedium. Mieszkanie wyposażone jest w rolety zewnętrzne antywłamaniowe, światłowód, telewizję Inea. W łazience znajduje się wanna, muszla toaletowa marki Villeroy. W salonie podświetlany na pilota karnisz z możliwością regulacji intensywności światła. Popielaty narożnik w salonie należy do wyposażenia mieszkania i jest z włoskiej tkaniny plamoodpornej, którą można zmywać. Mieszkanie jest w całości po remoncie, zamontowane są okna 3-szybowe, zapewniające ciepło i ciszę w mieszkaniu oraz parapety z konglomeratu marmurowego. Zarówno okna, jak i parapety są na gwarancji. Mieszkanie jest bardzo ciepłe, stąd koszty ogrzewania są wyjątkowo niskie. Widok z każdego okna jest na zieleń i drzewa. Dużą zaletą mieszkania jest duża, osobna kuchnia z widokiem na zieleń.",tak,,osobna,,,,52.405679,16.931277
Poznań Jeżyce,ul. Szpitalna,2,34,539000,15853.0,bez pośredników,,12,https://adresowo.pl/o/mieszkanie-poznan-jezyce-ul-szpitalna-2-pokojowe-i1t8v8,https://s2.adresowa.pl/oi/64/55/3df0ae_883f_cover@2x-2-pokojowe-mieszkanie-poznan-jezyce-ul-szpitalna.webp,Poznań Jeżyce,Szpitalna,3,1957.0,blok,,"Sprzedam mieszkanie dwupokojowe z oddzielną kuchnią i łazienką. Mieszkanie na 3 piętrze w bloku 4-piętrowym, w bardzo atrakcyjnym punkcie komunikacyjnym (pętla Ogrody), ul. Szpitalna. Przy bloku parking ogrodzony ze szlabanem, otwieranym na pilota, wyłącznie dla mieszkańców. Blok z cegły ze schyłku lat 50., ocieplony. Mieszkanie bardzo jasne, słoneczne i ciepłe. Oddzielne wejście do każdego z pomieszczeń z korytarza. Wygodna, duża, czysta klatka schodowa. Wystawa okien od strony zachodniej. Wysokość mieszkania 2,76 m. Wymiary: - duży pokój (z balkonem): 17,7 m2 - drugi pokój: 6,8 m2 Mieszkanie na Jeżycach zapewnia maksymalną bliskość kluczowych rejonów Poznania (takich jak Stary Rynek, centrum, Stare Miasto, Łazarz czy Sołacz), a jednocześnie oferuje wygodne miejskie życie w otoczeniu zieleni (m.in. Ogród Botaniczny, Rusałka, Park Sołacki), placówek edukacyjnych (w tym Kampus Ogrody UAM) oraz dobrze rozwiniętej komunikacji miejskiej, ułatwiającej codzienne dojazdy.",tak,,osobna,plastikowe,własność,,52.41448,16.879437
Poznań Grunwald,ul. Jakuba Krauthofera,3,53,799999,15094.0,bez pośredników,,18,https://adresowo.pl/o/mieszkanie-poznan-grunwald-ul-jakuba-krauthofera-3-pokojowe-v0t0f5,https://s2.adresowa.pl/oi/3f/79/3dee24_a7bb_cover@2x-3-pokojowe-mieszkanie-poznan-grunwald-ul-jakuba-krauthofera.webp,Poznań Grunwald,Jakuba Krauthofera,4,2021.0,blok,,"Na sprzedaż eleganckie, bardzo dobrze doświetlone mieszkanie 3-pokojowe o powierzchni 53,60 m², zlokalizowane na 4. piętrze nowoczesnego budynku z windą (2021 r.) w dynamicznie rozwijającej się części Poznania - Grunwald. Mieszkanie wyróżnia się dużą ilością naturalnego światła, co sprawia, że wnętrze jest jasne, słoneczne i komfortowe na co dzień. Duże przeszklenia oraz korzystna ekspozycja zapewniają przyjemną atmosferę przez większą część dnia. Układ pomieszczeń: - salon z aneksem kuchennym - dwie niezależne sypialnie - łazienka - przedpokój Do mieszkania przynależy przestronny balkon (9,47 m²) - idealny do relaksu. Standard i wyposażenie: - mieszkanie w stanie do zamieszkania - klimatyzacja zapewniająca komfort przez cały rok - nowoczesny budynek z windą - ogrzewanie miejskie Najważniejsze informacje: - powierzchnia: 53,60 m² - piętro: 4 z 7 - rok budowy: 2021 - czynsz: ok. 750 zł - forma własności: pełna własność - miejsce postojowe w hali garażowej (w cenie!) Lokalizacja i otoczenie: Nieruchomość znajduje się w dobrze skomunikowanej części miasta, z szybkim dojazdem do centrum. W najbliższej okolicy dostępne są sklepy, szkoły oraz tereny zielone. Dodatkowym atutem jest rozwijająca się infrastruktura rekreacyjna - w pobliżu powstaje park linearny, który w przyszłości stworzy atrakcyjną przestrzeń do spacerów, rekreacji i aktywnego wypoczynku. Cena: 799 999 zł (z miejscem postojowym w hali garażowej) Oferta idealna dla osób szukających komfortowego mieszkania w nowym budownictwie, jak również jako inwestycja kapitałowa. Zapraszam do kontaktu oraz na prezentację nieruchomości. * Mieszkanie jest aktualnie użytkowane, dlatego podczas wizyty może wyglądać nieco inaczej niż na zdjęciach, które zostały przygotowane tak, aby jak najlepiej pokazać przestrzeń i funkcjonalność. * Planowany termin przekazania mieszkania ok. 6 miesięcy od sprzedaży - istnieje możliwość ustalenia szczegółów.",,tak,aneks,plastikowe,własność,Wyposażenie: klimatyzacja,52.386194,16.896329
Poznań Centrum,ul. Garbary,2,43,779000,18116.0,Pośrednik,,11,https://adresowo.pl/o/mieszkanie-poznan-centrum-ul-garbary-2-pokojowe-z6h7w5,https://s2.adresowa.pl/oi/40/10/3cf450_7ed2_cover@2x-2-pokojowe-mieszkanie-poznan-centrum-ul-garbary.webp,Poznań Centrum,Garbary,4,2025.0,kamienica,,"Zapraszamy do zapoznania się z ofertą sprzedaży jasnego mieszkania o powierzchni 43,24 m², położonego na 4. piętrze w zrewitalizowanej kamienicy w śródmieściu Poznania. Budynek oddany do użytku w lutym 2025 roku łączy historyczny charakter z nowoczesnymi rozwiązaniami. Mieszkanie jest funkcjonalne i dobrze doświetlone dzięki ekspozycji wschodnio-zachodniej, co zapewnia komfort codziennego użytkowania. Dodatkowym atutem jest balkon od strony dziedzińca, który gwarantuje ciszę i prywatność. Lokal został wykończony i wyposażony w nowe meble oraz sprzęty AGD, dzięki czemu jest gotowy do zamieszkania. Najważniejsze atuty: • 4. piętro w kompleksowo zrewitalizowanej kamienicy. • Budynek oddany do użytku w 2025 roku. • Nowoczesna winda oraz wideodomofony. • Ekspozycja wschodnio-zachodnia. • Balkon od strony dziedzińca. • Ogrzewanie miejskie. • Mieszkanie wykończone i wyposażone. Mieszkanie składa się z: - Pokoju z aneksem kuchennym wyposażonym w sprzęt AGD - Sypialni z dużym łóżkiem - Łazienki z wanną, parawanem nawannowym oraz pralką Budynek: Kamienica została kompleksowo przebudowana i oddana do użytku w 2025 roku, co zapewnia wysoki standard części wspólnych. Do dyspozycji mieszkańców jest nowoczesna winda, wideodomofony oraz rowerownia. Istnieje również możliwość zakupu komórki lokatorskiej w cenie 4500 zł za m². Lokalizacja: Mieszkanie znajduje się w śródmieściu Poznania, około 400 metrów od Starego Rynku. W najbliższym otoczeniu znajdują się restauracje, kawiarnie, tereny zielone oraz Wartostrada sprzyjająca spacerom i rekreacji. W pobliżu dostępne są uczelnie wyższe, w tym Politechnika Poznańska, Uniwersytet im. Adama Mickiewicza oraz Akademia Wychowania Fizycznego. Bliskość komunikacji miejskiej zapewnia wygodny dojazd do pozostałych części miasta. Opłaty: Czynsz administracyjny wynosi około 490 zł miesięcznie, jednak jego dokładny zakres może się różnić w zależności od zużycia oraz składników opłat. Szczegółowe informacje dotyczące tego, co wchodzi w skład czynszu, zostaną przekazane po kontakcie. Zapraszamy do kontaktu w celu uzyskania dodatkowych informacji oraz umówienia się na prezentację nieruchomości. Chętnie odpowiemy na wszystkie pytania oraz ustalimy dogodny termin spotkania z Państwem TEKTON PROPERTY TO NAJLEPSZE BIURO NIERUCHOMOŚCI W POLSCE WG KONKURSU LIDER NIERUCHOMOŚCI OTODOM 2020. Znajdź nas w swoim mieście: Gdańsk, ul. Chmielna 10 - Warszawa, Plac Dąbrowskiego 1/311 - Kraków, ul. Józefitów 7/4 - Poznań, ul. Wojskowa 6/D6 - Łódź, ul. Zachodnia 70 pok. 223, Opole, Gen. Tadeusza Kościuszki 1, lok. 1C. Podejmując współpracę z przedstawicielami Tekton Property zyskujesz: - oszczędność czasu, - weryfikację dokumentów od strony formalno-prawnej, - wsparcie agenta na każdym etapie transakcji, - pomoc przy uzyskaniu kredytu hipotecznego w kilkunastu bankach, - wgląd do umów przed zawarciem aktu notarialnego u sprawdzonych Notariuszy, - własne analizy makroekonomiczne i raporty z prowadzonych działań, - dostęp do cen transakcyjnych z okolicy. Skontaktuj się z opiekunem oferty, a on poprowadzi Cię przez wszystkie etapy transakcji. Zapraszamy do współpracy! Niniejsze ogłoszenie nie stanowi oferty handlowej w rozumieniu przepisów art. 66 k.c., a przedstawione dane mają charakter informacyjny.",,,,,własność,,52.406017,16.9379
Poznań Stare Miasto,ul. Strzelecka,3,86,990000,11512.0,Pośrednik,,16,https://adresowo.pl/o/mieszkanie-poznan-stare-miasto-ul-strzelecka-3-pokojowe-c0p6j8,https://s2.adresowa.pl/oi/18/1e/3cc976_a7af_cover@2x-3-pokojowe-mieszkanie-poznan-stare-miasto-ul-strzelecka.webp,Poznań Stare Miasto,Strzelecka,2,1935.0,kamienica,,"Zapraszamy do zapoznania się z ofertą sprzedaży przestronnego mieszkania 3-pokojowego o powierzchni 86,90 m², położonego na 2. piętrze kamienicy w ścisłym centrum miasta. Nieruchomość wyróżnia się dużymi, ustawnymi pomieszczeniami oraz klasycznym układem charakterystycznym dla kamienic, który zapewnia komfortową przestrzeń do codziennego życia. Najważniejsze atuty: • Przestronne pokoje o dużych powierzchniach zapewniające komfortową przestrzeń do codziennego użytkowania. • Dwa balkony zapewniające dodatkową przestrzeń do wypoczynku i relaksu na świeżym powietrzu. • Oddzielna, widna kuchnia umożliwiająca wygodne przygotowywanie posiłków oraz organizację przestrzeni. • Dwustronna ekspozycja wschód-zachód zapewniająca dobre doświetlenie wnętrz przez cały dzień. • Lokalizacja w ścisłym centrum miasta zapewniająca dostęp do pełnej infrastruktury miejskiej. • Bliskość komunikacji miejskiej umożliwiająca szybkie przemieszczanie się po mieście. • Pełna własność z księgą wieczystą umożliwiająca bezpieczne finansowanie zakupu kredytem hipotecznym. Mieszkanie składa się z: - Korytarza (7,60 m²), - Kuchni (10,80 m²), - Łazienki (6,70 m²), - Pokoju (20,70 m²), - Pokoju (23,70 m²), - Pokoju (17,40 m²). Budynek: Mieszkanie znajduje się w kamienicy położonej w centrum miasta, co zapewnia wygodny dostęp do infrastruktury oraz komunikacji miejskiej. Budynek posiada klasyczną architekturę i charakterystyczny układ mieszkań z przestronnymi pomieszczeniami, typowy dla tego rodzaju zabudowy. Dodatkowym atutem jest solidna konstrukcja budynku oraz jego ponadczasowy charakter, który wyróżnia nieruchomość na tle nowego budownictwa. Lokalizacja: Nieruchomość znajduje się w ścisłym centrum miasta, co zapewnia szybki dostęp do wszystkich najważniejszych punktów usługowych, restauracji, kawiarni oraz sklepów. Lokalizacja jest szczególnie wygodna dla osób ceniących miejski styl życia oraz możliwość korzystania z bogatej oferty kulturalnej i gastronomicznej. Dużym atutem jest bliskość komunikacji miejskiej - najbliższy przystanek tramwajowy znajduje się w odległości około 100 metrów od budynku. W niedalekiej odległości, około 200 metrów, znajduje się Park Tadeusza Mazowieckiego, który prowadzi w kierunku terenów nadwarciańskich. Do mieszkania przynależy również piwnica o powierzchni 12,9 m², która stanowi dodatkową przestrzeń do przechowywania. Zapraszamy do kontaktu w celu uzyskania dodatkowych informacji oraz umówienia się na prezentację mieszkania. Chętnie odpowiemy na wszystkie pytania i przedstawimy szczegóły dotyczące oferty. TEKTON PROPERTY TO NAJLEPSZE BIURO NIERUCHOMOŚCI W POLSCE WG KONKURSU LIDER NIERUCHOMOŚCI OTODOM 2020. Znajdź nas w swoim mieście: Gdańsk, ul. Chmielna 10 - Warszawa, Plac Dąbrowskiego 1/311 - Kraków, ul. Józefitów 7/4 - Poznań, ul. Wojskowa 6/D6 - Łódź, ul. Zachodnia 70 pok. 223, Opole, Gen. Tadeusza Kościuszki 1, lok. 1C. Podejmując współpracę z przedstawicielami Tekton Property zyskujesz: - oszczędność czasu, - weryfikację dokumentów od strony formalno-prawnej, - wsparcie agenta na każdym etapie transakcji, - pomoc przy uzyskaniu kredytu hipotecznego w kilkunastu bankach, - wgląd do umów przed zawarciem aktu notarialnego u sprawdzonych Notariuszy, - własne analizy makroekonomiczne i raporty z prowadzonych działań, - dostęp do cen transakcyjnych z okolicy. Skontaktuj się z opiekunem oferty, a on poprowadzi Cię przez wszystkie etapy transakcji. Zapraszamy do współpracy! Niniejsze ogłoszenie nie stanowi oferty handlowej w rozumieniu przepisów art. 66 k.c., a przedstawione dane mają charakter informacyjny.",,,,,własność,,52.401328,16.934937
Poznań Grunwald,ul. Wojskowa,2,48,699000,14562.0,bez pośredników,,7,https://adresowo.pl/o/mieszkanie-poznan-grunwald-ul-wojskowa-2-pokojowe-s2p8e6,https://s2.adresowa.pl/oi/65/3b/3ded5c_825c_cover@2x-2-pokojowe-mieszkanie-poznan-grunwald-ul-wojskowa.webp,Poznań Grunwald,Wojskowa,2,2006.0,blok,,"Sprzedam dwupokojowe mieszkanie położone na II kondygnacji niskiego budynku na os. Ułańskim w Poznaniu. Doskonała lokalizacja - jest to kameralne osiedle niskich budynków, z zadbanymi terenami zielonymi, teren zamknięty, monitoring i całodobowa ochrona. Blisko komunikacji miejskiej, ale cisza i spokój na terenie osiedla. Lokal ma 48m2. Pokój dzienny połączony z aneksem kuchennym, sypialnia. Łazienka z kabiną prysznicową. Korytarz z bardzo dużą szafą. Budynek bez windy, mieszkanie bez klimatyzacji, bez miejsca postojowego w hali garażowej - możliwość parkowania na terenie osiedla - na terenie zamkniętym, mieszkanie z balkonem. Mieszkanie sprzedaję z kompletnym wyposażeniem - do zamieszkania od 1.06.2026. Niewysokie koszty: administracyjne i ogrzewania - mieszkanie ""ciepłe"". Po sąsiedzku: Park Kasprowicza, Park Wilsona, uczelnie wyższe, dworzec kolejowy, MTP. Wszystko co potrzeba do komfortowego życia - na wyciągniecie dłoni. Rozkład pomieszczeń: Korytarz: 7,09 m2 Pokój: 12,87 m2 Przedpokój: 4,36m2 Łazienka: 5,09m2 Pokój: 17,93m2 Piwnica ok 8m2 Mieszkanie aktualnie jest wynajmowane. Nie posiadam bardziej szczegółowych zdjęć mieszkania. Wyjście na balkon - podwójne drzwi. W przypadku zainteresowania zakupem mieszkania zaproponuję jeden dzień - uzgodniony z najemcą mieszkania. Uwaga! Nie jestem zainteresowany współpracą z pośrednikami w obrocie nieruchomościami. Cena: 699 tys. pln",tak,tak,aneks,plastikowe,własność,,52.401819,16.892615
Poznań Stare Miasto,ul. Maków Polnych,3,47,695000,14787.0,bez pośredników,,20,https://adresowo.pl/o/mieszkanie-poznan-stare-miasto-ul-makow-polnych-3-pokojowe-v3s3g0,https://s2.adresowa.pl/oi/4d/27/3dea08_4f02_cover@2x-3-pokojowe-mieszkanie-poznan-stare-miasto-ul-makow-polnych.webp,Poznań Stare Miasto,Maków Polnych,parter,2016.0,blok,,"Zapraszamy do zapoznania się z ofertą sprzedaży mieszkania 3-pokojowego o powierzchni 47,19 m2 na parterze w niskim bloku z windą. Osiedle usytuowane jest na kameralnym osiedlu przy ul. Maków Polnych, Umultowo/Naramowice z pięknym widokiem na otaczającą zieleń. Zestawienie powierzchni: * przestronny pokój dzienny z aneksem kuchennym - 23,79 m2 * pokój 1 - 7,42 m2 * pokój 2 - 6,64 m2 * łazienka z WC - 3,51 m2 * WC - 1,39 m2 * przedpokój - 4,44 m2 * duży ogródek - 138 m2 Mieszkanie ma rozprowadzone przyłącze telewizyjne w 3 miejscach, co pozwala na jeszcze dwie dodatkowe propozycje układów pomieszczeń. Dla chętnych jest możliwość wydzielenia jeszcze dodatkowego 4 małego pokoju z oknem, które może służyć jako garderoba/gabinet. Lokalizacja: Mieszkanie położone jest w sąsiedztwie Kampusu Morasko oraz Rezerwatu Przyrody Żurawiniec. W bliskiej odległości znajdują się również punkty usługowe: * Centrum Rekreacji i Sportu Fairplays, * przedszkola, * żłobki, * sklepy spożywcze (Żabka, Chata PL), * fryzjer, * stomatolog, kosmetolog, * Biedronka autem 3 min, * Lidl autem 5 min Z jednej strony pobliskie pola w kierunku Moraska, a z drugiej strony rozległe tereny nadwarciańskie z trasą rowerową oraz kładką w kierunku Czerwonaka. W odległości 100 m jest przystanek autobusowy, a w przyszłości nieopodal pojawi się linia tramwajowa Naramowice co pozwala na szybką komunikację w każdą stronę miasta. Na końcu ul. Maków Polnych znajduje się Uniwersytet Geograficzny UAM, co sprawia, że mieszkanie idealnie się nada także pod wynajem dla inwestora oraz dla osób lubiących aktywnie spędzać czas na świeżym powietrzu w kameralnej atmosferze. Do mieszkania przynależy podwójne miejsce parkingowe na dwa auta w podziemnej hali garażowej w cenie 55 000 zł usytuowane na poziomie -1 bezpośrednio pod budynkiem. Pełna własność. Serdecznie zapraszam do kontaktu i na prezentację mieszkania. Powyższa oferta nie stanowi oferty handlowej w rozumieniu art. 66 § 1 kodeksu cywilnego oraz innych właściwych przepisów.",,tak,aneks,,własność,,52.463463,16.944995
Poznań Stare Miasto,ul. Feliksa Nowowiejskiego,3,54,690000,12778.0,bez pośredników,,16,https://adresowo.pl/o/mieszkanie-poznan-stare-miasto-ul-feliksa-nowowiejskiego-3-pokojowe-a8u4a4,https://s2.adresowa.pl/oi/1f/13/3de9da_61be_cover@2x-3-pokojowe-mieszkanie-poznan-stare-miasto-ul-feliksa-nowowiejskiego.webp,Poznań Stare Miasto,Feliksa Nowowiejskiego,8,1971.0,blok,,"Sprzedam Mieszkanie 3-pokojowe (54,90 m2) w Poznaniu przy ul. Nowowiejskiego 30. Mieszkanie składa się z: 3 pokoi (18, 12, 10 m2) 2 balkonów Piwnicy (2,3 m2) Usytuowane na 8. piętrze w budynku z 2 windami. Świeżo po remoncie: nowa elektryka, hydraulika, okna, drzwi... Monitoring na klatce schodowej i w budynku. Czynsz wynosi ok. 850 zł. Bardzo dobra lokalizacja, ścisłe centrum (5 minut piechotą do Starego Rynku). Miejsce postojowe pod blokiem jest bezpłatne dla mieszkańców. W pobliżu znajdują się sklepy i restauracje (Biedronka, Żabka...). Przystanki tramwajowe i autobusowe znajdują się na pobliskiej ulicy. KUPUJĄCY NIE PŁACI PROWIZJI. Cena: 690.000 zł.",tak,tak,osobna,plastikowe,własność,,52.411827,16.925565
Poznań Wilda,ul. Antoniego Kosińskiego,2,44,530000,12045.0,Pośrednik,,15,https://adresowo.pl/o/mieszkanie-poznan-wilda-ul-antoniego-kosinskiego-2-pokojowe-u6p3w8,https://s2.adresowa.pl/oi/73/3a/3cc918_b5a9_cover@2x-2-pokojowe-mieszkanie-poznan-wilda-ul-antoniego-kosinskiego.webp,Poznań Wilda,Antoniego Kosińskiego,4,1930.0,kamienica,,"Zapraszamy do zapoznania się z ofertą sprzedaży nowoczesnego, 2-pokojowego mieszkania o powierzchni 44 m², położonego w klimatycznej kamienicy na poznańskiej Wildzie. Nieruchomość znajduje się w pobliżu Rynku Wildeckiego i jest gotowa do wprowadzenia bez konieczności ponoszenia dodatkowych nakładów finansowych. Mieszkanie łączy nowoczesny styl wykończenia z charakterem przedwojennej zabudowy, co tworzy spójną i wyjątkową przestrzeń do życia. Lokalizacja zapewnia wygodny dostęp do centrum miasta oraz pełnej infrastruktury handlowo-usługowej. Najważniejsze atuty: • Atrakcyjna lokalizacja w pobliżu Rynku Wildeckiego oraz Starego Browaru. • Bardzo dobra komunikacja miejska, w tym liczne linie tramwajowe i autobusowe. • Nowoczesne wykończenie wnętrza z dbałością o detale i spójność aranżacji. • Pełne umeblowanie oraz wyposażenie umożliwiające natychmiastowe zamieszkanie. • Klimatyzacja zapewniająca komfort przez cały rok. • Połączenie nowoczesnego stylu z charakterem przedwojennej kamienicy. Mieszkanie składa się z: - Salonu z aneksem kuchennym, - Sypialni, - Łazienki, - Przedpokoju. Lokalizacja: Mieszkanie znajduje się w przedwojennej kamienicy, która zachowuje charakterystyczny klimat tej części miasta. Połączenie historycznej zabudowy z nowoczesnym wykończeniem wnętrza stanowi dużą wartość nieruchomości. Wilda to jedna z najbardziej klimatycznych dzielnic Poznania, ceniona za bliskość centrum oraz rozwiniętą infrastrukturę. W najbliższej okolicy znajdują się sklepy, kawiarnie, restauracje oraz punkty usługowe. Dodatkowym atutem jest bardzo dobra komunikacja miejska, która umożliwia szybki dojazd do innych części miasta. Bliskość Rynku Wildeckiego oraz Starego Browaru zapewnia wygodę codziennego życia. Zapraszamy do kontaktu w celu uzyskania dodatkowych informacji oraz umówienia się na prezentację nieruchomości. Chętnie odpowiemy na wszystkie pytania oraz ustalimy dogodny termin spotkania z Państwem. TEKTON PROPERTY TO NAJLEPSZE BIURO NIERUCHOMOŚCI W POLSCE WG KONKURSU LIDER NIERUCHOMOŚCI OTODOM 2020. Znajdź nas w swoim mieście: Gdańsk, ul. Chmielna 10 - Warszawa, Plac Dąbrowskiego 1/311 - Kraków, ul. Józefitów 7/4 - Poznań, ul. Wojskowa 6/D6 - Łódź, ul. Zachodnia 70 pok. 223, Opole, Gen. Tadeusza Kościuszki 1, lok. 1C. Podejmując współpracę z przedstawicielami Tekton Property zyskujesz: - oszczędność czasu, - weryfikację dokumentów od strony formalno-prawnej, - wsparcie agenta na każdym etapie transakcji, - pomoc przy uzyskaniu kredytu hipotecznego w kilkunastu bankach, - wgląd do umów przed zawarciem aktu notarialnego u sprawdzonych Notariuszy, - własne analizy makroekonomiczne i raporty z prowadzonych działań, - dostęp do cen transakcyjnych z okolicy. Skontaktuj się z opiekunem oferty, a on poprowadzi Cię przez wszystkie etapy transakcji. Zapraszamy do współpracy! Niniejsze ogłoszenie nie stanowi oferty handlowej w rozumieniu przepisów art. 66 k.c., a przedstawione dane mają charakter informacyjny.",,,,,własność,Wyposażenie: klimatyzacja,52.389451,16.913386
Poznań Stare Miasto,ul. Długa,2,35,270000,7714.0,Pośrednik,,18,https://adresowo.pl/o/mieszkanie-poznan-stare-miasto-ul-dluga-2-pokojowe-p7j9k6,https://s2.adresowa.pl/oi/1a/61/3ca998_3ee0_cover@2x-2-pokojowe-mieszkanie-poznan-stare-miasto-ul-dluga.webp,Poznań Stare Miasto,Długa,4,,kamienica,,"Wynagrodzenie doradcy pokrywa sprzedający !!! Kupujący 0% Polecam ofertę dwupokojowego mieszkania o powierzchni 35.51 m², położonego na czwartym piętrze kamienicy w samym sercu poznańskiego Starego Miasta. Okna skierowane są na dziedziniec. Lokal jak i kamienica są przed remontem. Ciekawa lokata kapitału, która w niedalekiej przyszłości podniesie swoją wartość. *w poprzednim roku podniesiono stawkę funduszu remontowego. W planach jest modernizacja budynku. Opłaty: - Fundusz remontowy 5 zł/m2, - Bieżące koszty utrzymania nieruchomości 2.5 zł/m2, - zaliczkowo woda i ścieki oraz opłata za śmieci. - oczywiście prąd według zużycia Opiekunem i Administratorem budynku jest APZ nieruchomości. Opis lokalu: Mieszkanie o powierzchni 35.51m2 składa się z: • salonu, • sypialni, • łazienki, • kuchni, •korytarza, *rzut lokalu na ostatnim zdjęciu oferty Opis lokalizacji: - deptak przy Półwiejskiej 40 m, - Apteka 130 m, - Siłowani 130 m, - Aldi 130 m, - Kupiec Poznański 210 m, - Stary Browar 300 m, - Uniwersytecki Szpital Kliniczny w Poznaniu 350 m, - Park Chopina 400 m, *w okolicy wszystko czego dusza zapragnie :) Forma ogrzewania: Piec kaflowy z elektrycznym elementem grzewczym. Istnieje możliwość zmiany formy ogrzewania na gazowe. Komunikacja: - linie tramwajowe: 6, 9, 12, 19 przystanek ""Plac Wiosny Ludów"" w odległości 200 m, - linie tramwajowe: [numer]5, 16, oraz tramwaj nocny przystanek ""Wrocławska"" w odległości 300 m, - linie tramwajowe: 2, 9, 10, 18, 19, przystanek ""Półwiejska"" w odległości 500 m. Atuty nieruchomości: - możliwe modyfikacje zmiany pomieszczeń oraz ich przeznaczenia, - możliwość własnej aranżacji, - w budynku jest gaz, istnieje możliwość podłączenia do nieruchomości oraz zmiany formy ogrzewania, - słoneczna ekspozycja, na dziedziniec oraz panoramę sąsiednich kamienic, - cisza w połączeniu z topową lokalizacją - czysty stan prawny, Forma własności: Lokal stanowiący odrębną nieruchomość Cena nieruchomości: 270 000 zł W OFERCIE MAMY DWA MIESZKANIA W TYM BUDYNKU ! Serdecznie zapraszam na prezentację ! *oferta skierowana również dla klientów kredytowych, którym zapewniamy kompleksową, sprawną oraz skuteczną obsługę całego procesu kredytowania. Informacja dla pośredników - współpracuję przy każdej ofercie.",,,,,własność,,52.403746,16.931087
Poznań Jeżyce,ul. Polna,1,34,500000,14706.0,bez pośredników,,7,https://adresowo.pl/o/mieszkanie-poznan-jezyce-ul-polna-1-pokoj-g7v7q2,https://s2.adresowa.pl/oi/34/68/3de9c8_7ceb_cover@2x-1-pokojowe-mieszkanie-poznan-jezyce-ul-polna.webp,Poznań Jeżyce,Polna,parter,,blok,,"Do sprzedania urocza kawalerka 34,2 m kw, zlokalizowana w Poznaniu na Jeżycach, ul. Polna, vis-a-vis szpitala. Mieszkanie wyposażone i umeblowane. Aktualnie wynajmowane. Możliwość przejęcia umowy. Jeden pokój z aneksem kuchennym plus łazienka. W łazience prysznic i pralka, umywalka. W aneksie płyta grzewcza, zmywarka, lodówka. W pokoju kanapa, łóżko, szafy, TV. Oferta od właściciela.",,,aneks,,,"Wyposażenie: lodówka, pralka, tv, zmywarka",52.409807,16.894912
Poznań Chartowo,ul. Chartowo,3,59,631300,10700.0,bez pośredników,,8,https://adresowo.pl/o/mieszkanie-poznan-chartowo-ul-chartowo-3-pokojowe-x9g3p2,https://s2.adresowa.pl/oi/22/69/3de88e_3a14_cover@2x-3-pokojowe-mieszkanie-poznan-chartowo-ul-chartowo.webp,Poznań Chartowo,Chartowo,3,,blok,,"Oferuję na sprzedaż przytulne mieszkanie o powierzchni 59 m², położone na 3. piętrze. Mieszkanie jest umeblowane i jasne, z drewnianymi podłogami. W kuchni znajdziesz wysokiej jakości sprzęt, a łazienka jest w eleganckich odcieniach beżu. Lokalizacja zapewnia wygodny dostęp do licznych punktów usługowych. W bliskiej odległości znajdują się sklepy, restauracje oraz kawiarnie. Dla rodzin z dziećmi w okolicy są przedszkola oraz szkoły podstawowe. Miłośnicy aktywności fizycznej skorzystają z pobliskich parków i ośrodków sportowych. Nie zwlekaj, umów się na prezentację już dziś!",,,,,,,52.389347,16.979074
Poznań Nowe Miasto,ul. Franowo,2,48,547000,11396.0,bez pośredników,,11,https://adresowo.pl/o/mieszkanie-poznan-nowe-miasto-ul-franowo-2-pokojowe-v3k6x4,https://s2.adresowa.pl/oi/70/20/3de792_996a_cover@2x-2-pokojowe-mieszkanie-poznan-nowe-miasto-ul-franowo.webp,Poznań Nowe Miasto,Franowo,3,1960.0,blok,,"Na sprzedaż przytulne oraz funkcjonalne 2 - pokojowe mieszkanie o powierzchni 48,80 m2 (pokój 1 - 19,10 m2, pokój 2 - 10,80 m2, kuchnia 9,10 m2, przedpokój 6,60 m2, łazienka + Wc - 3,20 m2). Atuty nieruchomości: - sprzedaż bez pośredników, - mieszkanie znajduje się w bloku z cegły, który przeszedł gruntowny remont z termomodernizacją oraz wymianą wszystkich instalacji, - dwa niezależne pokoje, zamknięta kuchnia, łazienka po remoncie, przestronny przedpokój, - nowe okna, 3 - szybowe w każdym z pomieszczeń, - dobre doświetlenie mieszkania, - umeblowane, gotowe do zamieszkania, pełne wyposażenie, - spokojna okolica Poznania (okolice Malty i zielonego szlaku Olszak), - pełna infrastruktura miejska, świetna lokalizacja, - apteka 100m, Żabka 120m, przystanek autobusowy 350m, przystanek tramwajowy 600m, Lidl, Biedronka 800m, M1 800m, Wszędzie blisko (np. IKEA, Posnania), szybki dojazd do centrum miasta, - bezpłatna możliwość parkowania przed blokiem, - tanie utrzymanie - czynsz 450zł miesięcznie, - mieszkanie idealne do zamieszkania od zaraz przez rodzinę oraz jako inwestycja pod wynajem. Zainteresowała Cię ta oferta? Zapraszam do kontaktu - z przyjemnością udzielę więcej informacji i umówię prezentację.",tak,,osobna,plastikowe,własność,,52.378846,16.988794
Poznań Stare Miasto,ul. Długa,2,47,415000,8830.0,Pośrednik,,19,https://adresowo.pl/o/mieszkanie-poznan-stare-miasto-ul-dluga-2-pokojowe-u4n8r1,https://s2.adresowa.pl/oi/39/40/3ca994_9b1c_cover@2x-2-pokojowe-mieszkanie-poznan-stare-miasto-ul-dluga.webp,Poznań Stare Miasto,Długa,parter,2010.0,kamienica,,"Wynagrodzenie doradcy pokrywa sprzedający !!! Kupujący 0% Polecam ofertę dwupokojowego mieszkania o powierzchni 47.37 m², położonego na wysokim parterze kamienicy w samym sercu poznańskiego Starego Miasta. Mieszkanie znajduje się w oficynie kamienicy. Lokal jak i kamienica są przed remontem. Ciekawa lokata kapitału, która w przyszłości podniesie swoją wartość. *w poprzednim roku podniesiono stawkę funduszu remontowego. W planach jest modernizacja budynku. Opłaty: - Fundusz remontowy 5 zł/m2 - Bieżące koszty utrzymania nieruchomości 2.5 zł/m2 - zaliczkowo woda i ścieki oraz opłata za śmieci. - oczywiście prąd według zużycia Opiekunem i Administratorem budynku jest APZ nieruchomości. Opis lokalu: Mieszkanie o powierzchni 47,37m2 składa się z: • salonu, • sypialni, • łazienki, • kuchni, *rzut lokalu na ostatnim zdjęciu oferty Do lokalu przynależy: - piwnica, Forma ogrzewania: Piec kaflowy z elektrycznym elementem grzewczym. Istnieje możliwość zmiany formy ogrzewania na gazowe. Opis lokalizacji: - deptak przy Półwiejskiej 40 m, - Apteka 130 m, - Siłowani 130 m, - Aldi 130 m, - Kupiec Poznański 210 m, - Stary Browar 300 m, - Uniwersytecki Szpital Kliniczny w Poznaniu 350 m, - Park Chopina 400 m, *w okolicy wszystko czego dusza zapragnie :) Komunikacja: - linie tramwajowe: 6, 9, 12, 19 przystanek ""Plac Wiosny Ludów"" w odległości 200 m, - linie tramwajowe: [numer]5, 16, oraz tramwaj nocny przystanek ""Wrocławska"" w odległości 300 m, - linie tramwajowe 2, 9, 10, 18, 19, przystanek ""Półwiejska"" w odległości 500 m. Atuty nieruchomości: - możliwe modyfikacje zmiany pomieszczeń oraz ich przeznaczenia, - możliwość własnej aranżacji, - w budynku jest gaz, istnieje możliwość podłączenia do nieruchomości oraz zmiany formy ogrzewania, - wysoki parter, ze słoneczną, południową ekspozycją na zielony dziedziniec, - kompromis pomiędzy ciszą, a bezpośrednim dostępem miasta, - czysty stan prawny, Forma własności: Lokal stanowiący odrębną nieruchomość Cena nieruchomości: 415 000 zł W OFERCIE MAMY DWA MIESZKANIA W TYM BUDYNKU ! Serdecznie zapraszam na prezentację ! *oferta skierowana również dla klientów kredytowych, którym zapewniamy kompleksową, sprawną oraz skuteczną obsługę całego procesu kredytowania. Informacja dla pośredników - współpracuję przy każdej ofercie.",,,,,własność,,52.403851,16.931173
Poznań Stare Miasto,ul. Królowej Jadwigi,3,58,599000,10328.0,Pośrednik,,15,https://adresowo.pl/o/mieszkanie-poznan-stare-miasto-ul-krolowej-jadwigi-3-pokojowe-y0k4n9,https://s2.adresowa.pl/oi/63/2f/3ca946_5a5a_cover@2x-3-pokojowe-mieszkanie-poznan-stare-miasto-ul-krolowej-jadwigi.webp,Poznań Stare Miasto,Królowej Jadwigi,parter,1950.0,kamienica,,"Zapraszamy do zapoznania się z ofertą sprzedaży mieszkania o powierzchni 58 m², położonego w doskonałej lokalizacji w centrum Poznania przy ul. Królowej Jadwigi, w jednej z najbardziej rozpoznawalnych części miasta. Nieruchomość znajduje się zaledwie kilka minut spacerem od Starego Browaru oraz ul. Półwiejskiej, dzięki czemu zapewnia wygodny dostęp do wszystkich udogodnień miejskich oraz codziennych usług. Mieszkanie stanowi komfortową przestrzeń do życia w dynamicznej i dobrze rozwiniętej części Poznania. Alternatywnie może stanowić dobrą okazję dla inwestora z opcją dwóch osobnych lokali do wynajęcia (patrz rzut alternatywny). Najważniejsze atuty: • Doskonała lokalizacja w centrum Poznania przy ul. Królowej Jadwigi zapewniająca dostęp do infrastruktury miejskiej. • Zaledwie kilka minut spacerem do Starego Browaru i ul. Półwiejskiej umożliwiające wygodne korzystanie z atrakcji miasta. • Funkcjonalny układ pomieszczeń z dużym potencjałem aranżacyjnym pozwalający na dopasowanie wnętrza do własnych potrzeb. • Możliwość realizacji kilku wariantów wykorzystania mieszkania zwiększająca jego funkcjonalność. • Piwnica zapewniająca dodatkową przestrzeń do przechowywania rzeczy codziennego użytku. • Atrakcyjna propozycja zarówno do zamieszkania, jak i jako forma lokaty kapitału. • Położenie w ścisłym centrum miasta umożliwiające korzystanie z pełnej oferty kulturalnej i rekreacyjnej Poznania. Mieszkanie składa się z: - Salonu / pokoju dziennego, - Dwóch dodatkowych pokoi, - Oddzielnej kuchni, - Łazienki, - Przedpokoju. Alternatywnie dla inwestora po remoncie może składać się z dwóch osobnych lokali: Lokal 1 - Salonu z aneksem kuchennym - Łazienki - Sypialni Lokal 2 - Salonu z aneksem kuchennym - Łazienki - Sypialni (Patrz rzut alternatywny) Lokalizacja: Nieruchomość znajduje się w jednej z najlepszych lokalizacji w Poznaniu, w ścisłym centrum miasta. W najbliższym otoczeniu dostępna jest pełna infrastruktura handlowo-usługowa oraz liczne punkty gastronomiczne, które znacząco ułatwiają codzienne funkcjonowanie mieszkańców. W pobliżu znajdują się między innymi Stary Browar, ulica Półwiejska, liczne restauracje i kawiarnie, sklepy, punkty usługowe, przystanki komunikacji miejskiej oraz tereny spacerowe. Dodatkowym atutem jest bardzo dobra komunikacja, umożliwiająca szybkie przemieszczanie się do innych części miasta zarówno transportem publicznym, jak i samochodem. Okolica zapewnia również łatwy dostęp do placówek edukacyjnych oraz usług publicznych, co zwiększa wygodę codziennego życia. Zapraszamy do kontaktu w celu uzyskania dodatkowych informacji oraz umówienia się na prezentację mieszkania. Chętnie odpowiemy na wszystkie pytania oraz przedstawimy szczegółowe informacje dotyczące oferty. TEKTON PROPERTY TO NAJLEPSZE BIURO NIERUCHOMOŚCI W POLSCE WG KONKURSU LIDER NIERUCHOMOŚCI OTODOM 2020. Znajdź nas w swoim mieście: Gdańsk, ul. Chmielna 10 - Warszawa, Plac Dąbrowskiego 1/311 - Kraków, ul. Józefitów 7/4 - Poznań, ul. Wojskowa 6/D6 - Łódź, ul. Zachodnia 70 pok. 223, Opole, Gen. Tadeusza Kościuszki 1, lok. 1C. Podejmując współpracę z przedstawicielami Tekton Property zyskujesz: - oszczędność czasu, - weryfikację dokumentów od strony formalno-prawnej, - wsparcie agenta na każdym etapie transakcji, - pomoc przy uzyskaniu kredytu hipotecznego w kilkunastu bankach, - wgląd do umów przed zawarciem aktu notarialnego u sprawdzonych Notariuszy, - własne analizy makroekonomiczne i raporty z prowadzonych działań, - dostęp do cen transakcyjnych z okolicy. Skontaktuj się z opiekunem oferty, a on poprowadzi Cię przez wszystkie etapy transakcji. Zapraszamy do współpracy! Niniejsze ogłoszenie nie stanowi oferty handlowej w rozumieniu przepisów art. 66 k.c., a przedstawione dane mają charakter informacyjny.",,,,,własność,,52.400046,16.929241
Poznań Nowe Miasto,ul. Główna,2,46,530000,11522.0,bez pośredników,,10,https://adresowo.pl/o/mieszkanie-poznan-nowe-miasto-ul-glowna-2-pokojowe-g1s0c2,https://s2.adresowa.pl/oi/47/62/3de74e_a745_cover@2x-2-pokojowe-mieszkanie-poznan-nowe-miasto-ul-glowna.webp,Poznań Nowe Miasto,Główna,2,,blok,,"Na sprzedaż funkcjonalne i bardzo zadbane mieszkanie, które łączy nowoczesny styl z przytulnym klimatem. Wnętrze jest jasne, dobrze doświetlone dzięki dużym oknom oraz utrzymane w spójnej, eleganckiej kolorystyce. Mieszkanie idealne dla singla, pary lub jako inwestycja pod wynajem - nie wymaga dodatkowych nakładów finansowych. Atuty nieruchomości: - jasne i słoneczne wnętrza - balkon z widokiem na zieleń - nowoczesna, w pełni wyposażona kuchnia - piwnica - funkcjonalny układ pomieszczeń - gotowe do zamieszkania od zaraz Zapraszam do kontaktu i obejrzenia mieszkania na żywo.",tak,tak,osobna,plastikowe,,,52.420225,16.968713
Poznań Piątkowo,os. Bolesława Śmiałego,4,74,730000,9865.0,bez pośredników,,11,https://adresowo.pl/o/mieszkanie-poznan-piatkowo-os-boleslawa-smialego-4-pokojowe-s7p2g8,https://s2.adresowa.pl/oi/33/52/3de2fa_d8f8_cover@2x-4-pokojowe-mieszkanie-poznan-piatkowo-os-boleslawa-smialego.webp,Poznań Piątkowo,os. Bolesława Śmiałego,4,1989.0,blok,,"Na sprzedaż funkcjonalne i przestronne mieszkanie o powierzchni 74m², położone na ostatnim piętrze czteropiętrowego bloku na cenionym i dobrze skomunikowanym osiedlu Bolesława Śmiałego w Poznaniu. Charakterystyka mieszkania: 3 sypialnie, salon z jadalnią i wyjściem na balkon, niezależna kuchnia, oddzielna łazienka, oddzielne WC oraz piwnica . Rolety zewnętrzne w przestronnym salonie. Blok po termomodernizacji, mieszkanie na ostatnim piętrze – cisza i brak sąsiadów nad głową blok 4-piętrowy, bez windy Lokalizacja i otoczenie: W bliskiej odległości znajduje się rezerwat przyrody Żurawiniec – doskonałe miejsce do spacerów i rekreacji. W pobliżu pełna infrastruktura: Biedronka, Intermarché,Aldi, szkoły, przedszkola, punkty usługowe. Świetna komunikacja miejska – szybki dostęp do PST oraz autobusów zapewnia sprawny dojazd do centrum miasta. Koszty utrzymania: Czynsz ok. 750 zł",tak,,osobna,plastikowe,własność,,52.450239,16.924084
Poznań Winogrady,os. Pod Lipami,2,39,400000,10256.0,bez pośredników,,11,https://adresowo.pl/o/mieszkanie-poznan-winogrady-os-pod-lipami-2-pokojowe-u2g7h0,https://s2.adresowa.pl/oi/4c/6f/3de4b8_fafb_cover@2x-2-pokojowe-mieszkanie-poznan-winogrady-os-pod-lipami.webp,Poznań Winogrady,os. Pod Lipami,9,1970.0,blok,,"Pawilony usługowo -handlowe w odległości przyległej. Klub sportowo-rekreacyjny Posnania 50m w tym szereg atrakcji pływalnia.Petla tramwajowa 100m i przystanki autobusowe . Park Szelagowskii jak na lokalizację miejska mały ruch aut. Na wyposażeniu mieszkania aneks kuchenny plus meble 2 lodówki i pralka ,mikrofala i szereg innych AGD. oraz wszystko co na wystawionych zdjęciach.",tak,,aneks,plastikowe,własność,Wyposażenie: pralka,52.429461,16.943188
Poznań Chwaliszewo,ul. Chwaliszewo,1,29,415000,14310.0,Pośrednik,,6,https://adresowo.pl/o/mieszkanie-poznan-chwaliszewo-ul-chwaliszewo-1-pokoj-x1z2l2,https://s2.adresowa.pl/oi/36/4a/3ca94a_5880_cover@2x-1-pokojowe-mieszkanie-poznan-chwaliszewo-ul-chwaliszewo.webp,Poznań Chwaliszewo,Chwaliszewo,3,1955.0,kamienica,,"Zapraszamy do zapoznania się z ofertą sprzedaży funkcjonalnej kawalerki o powierzchni 22,56 m², położonej w jednej z najbardziej klimatycznych części centrum Poznania - na Chwaliszewie. Mieszkanie znajduje się zaledwie kilka minut spacerem od spacerowych bulwarów nad Wartą, historycznego Ostrowa Tumskiego oraz Starego Rynku. To propozycja idealna zarówno dla osób poszukujących mieszkania w centrum miasta, jak i dla inwestorów zainteresowanych nieruchomością w atrakcyjnej lokalizacji. Najważniejsze atuty: • Lokalizacja w centrum Poznania na Chwaliszewie zapewniająca dostęp do pełnej infrastruktury miejskiej. • Kilka minut spacerem do Starego Rynku umożliwiające szybkie korzystanie z atrakcji miasta. • Bliskość bulwarów nad Wartą oraz terenów spacerowych sprzyjająca rekreacji i wypoczynkowi. • Funkcjonalny układ mieszkania zapewniający wygodę codziennego użytkowania oraz aranżacji. • Niskie koszty utrzymania pozwalające na ograniczenie miesięcznych wydatków związanych z mieszkaniem. Mieszkanie składa się z: - Pokoju z aneksem kuchennym (18,41 m²), - Przedpokoju (1,64 m²), - Łazienki (2,51 m²), - Wnęki sypialnianej (130 × 128 cm). Lokalizacja: Chwaliszewo to jedna z najbardziej charakterystycznych i klimatycznych części Poznania, łącząca historyczną zabudowę z bliskością centrum miasta. W najbliższej okolicy znajdują się liczne restauracje, kawiarnie oraz sklepy, a także tereny spacerowe nad rzeką. W odległości kilku minut spacerem znajdują się bulwary nad Wartą, Ostrów Tumski z katedrą, Stary Rynek, restauracje, kawiarnie oraz przystanki komunikacji miejskiej. Budynek: Mieszkanie znajduje się w kamienicy wybudowanej w technologii tradycyjnej z cegły, co zapewnia solidność konstrukcji oraz dobrą izolację termiczną i akustyczną. Czynsz administracyjny wynosi około 300 zł miesięcznie i pozostaje na korzystnym poziomie. Ogrzewanie z sieci miejskiej zapewnia wygodę użytkowania oraz stabilne warunki cieplne przez cały rok. Dodatkowo koszty energii elektrycznej wynoszą około 100-150 zł miesięcznie, a brak instalacji gazowej zwiększa bezpieczeństwo oraz upraszcza eksploatację mieszkania. Zapraszam do kontaktu w celu uzyskania dodatkowych informacji oraz umówienia się na prezentację mieszkania. Chętnie przedstawię wszystkie szczegóły dotyczące nieruchomości oraz odpowiem na dodatkowe pytania. TEKTON PROPERTY TO NAJLEPSZE BIURO NIERUCHOMOŚCI W POLSCE WG KONKURSU LIDER NIERUCHOMOŚCI OTODOM 2020. Znajdź nas w swoim mieście: Gdańsk, ul. Chmielna 10 - Warszawa, Plac Dąbrowskiego 1/311 - Kraków, ul. Józefitów 7/4 - Poznań, ul. Wojskowa 6/D6 - Łódź, ul. Zachodnia 70 pok. 223, Opole, Gen. Tadeusza Kościuszki 1, lok. 1C. Podejmując współpracę z przedstawicielami Tekton Property zyskujesz: - oszczędność czasu, - weryfikację dokumentów od strony formalno-prawnej, - wsparcie agenta na każdym etapie transakcji, - pomoc przy uzyskaniu kredytu hipotecznego w kilkunastu bankach, - wgląd do umów przed zawarciem aktu notarialnego u sprawdzonych Notariuszy, - własne analizy makroekonomiczne i raporty z prowadzonych działań, - dostęp do cen transakcyjnych z okolicy. Skontaktuj się z opiekunem oferty, a on poprowadzi Cię przez wszystkie etapy transakcji. Zapraszamy do współpracy! Niniejsze ogłoszenie nie stanowi oferty handlowej w rozumieniu przepisów art. 66 k.c., a przedstawione dane mają charakter informacyjny.",,,,,własność,,52.40934,16.942913
Poznań Rataje,os. Powstań Narodowych,2,37,449000,12135.0,Pośrednik,,12,https://adresowo.pl/o/mieszkanie-poznan-rataje-os-powstan-narodowych-2-pokojowe-m6r0b9,https://s2.adresowa.pl/oi/55/56/3ca884_2906_cover@2x-2-pokojowe-mieszkanie-poznan-rataje-os-powstan-narodowych.webp,Poznań Rataje,os. Powstań Narodowych,6,1974.0,blok,,"Oferta Dostępna Tylko u Nas!!! Kupujący nie płacą prowizji!!! Polecam ofertę 2-pokojowego mieszkania, położonego w Poznaniu na Ratajach - Oś. Powstań Narodowych. Lokal znajduje się na 6 piętrze w 10 piętrowym budynku z wielkiej płyty, wybudowanym w 1974 roku a wystawa okien wychodzi na zachód. Mieszkanie położone jest w cichej okolicy z dala od zgiełku miasta, przy czym bliskość pętli Autobusowej pozwala w szybki i łatwy sposób dotrzeć do ścisłego centrum w zaledwie 10 minut. Wszystko co potrzebne do wygodnego życia znajduje się w najbliższej okolicy budynku, w pobliżu sklepy spożywcze, Galeria Posnania, apteki, szkoły, poczta, żłobek. Idealne pod inwestycję dzięki dogodnej lokalizacji oraz idealnym połączeniu z centrum miasta. Nada się dla rodziny jak i pod wynajem ! Obok budynku znajdują się również bezpłatne miejsca parkingowe dostępne dla mieszkańców OPIS LOKALU Mieszkanie o powierzchni 37 m2 składa się z: • pokoju - 16 m2 • pokoju - 9 m2 • Kuchni - 5 m2 • łazienki - 3 m2 • korytarza - 4 m2 Do lokalu przynależy: • piwnica - około 2 m2 Piętro: 6 w 10 kondygnacyjnym bloku. Ogrzewanie: cieplik miejski Wystawa okien: zachód Czynsz: ok 540 zł Standard wykończenia: • podłogi - Parkiet oraz Płytki • ściany - tapeta • okna - PCV oraz Drewno • łazienka - do remontu OPIS LOKALIZACJI W bliskiej odległości znajdziemy: •Park Rataje - 300 m •Chata Polska - 200 m •Żabka- 300 m. •Biedronka- 750 m. •szkoła podstawowa- 600 m. • liceum - 200 m. •Kościół- 700 m. •Politechnika Poznańska - 2km •Galeria Posnania- 800 m. Komunikacja: • linie tramwajowe: [numer]2, 13 oraz 18 - przystanek os. Piastowskie (700 m.) • linie autobusowe: [numer], [numer] oraz 222- przystanek oś. Oświecenia (400 m.) FORMA WŁASNOŚCI - spółdzielcze własnościowe prawo do lokalu z księgą wieczystą. CENA - 449 000 zł. SERDECZNIE ZAPRASZAMY NA PREZENTACJE! Zapraszamy również klientów kredytowych pomagamy przy całym procesie obsługi hipoteki! Informacja dla pośredników - współpracujemy przy każdej ofercie.",,,,,spółdzielcze własnościowe,,52.387719,16.957277
Poznań Golęcin,ul. Wojska Polskiego,2,48,510000,10625.0,bez pośredników,,16,https://adresowo.pl/o/mieszkanie-poznan-golecin-ul-wojska-polskiego-2-pokojowe-t0k7f5,https://s2.adresowa.pl/oi/47/2f/3de518_bc31_cover@2x-2-pokojowe-mieszkanie-poznan-golecin-ul-wojska-polskiego.webp,Poznań Golęcin,Wojska Polskiego,parter,1968.0,blok,,"Na sprzedaż funkcjonalne mieszkanie o powierzchni 48,3 m², położone w spokojnej i dobrze skomunikowanej części Poznania na Golęcinie. W bezpośrednim sąsiedztwie Uniwersytetu Przyrodniczego oraz jednostki wojskowej. Lokal składa się z dwóch niezależnych pokoi, oddzielnej kuchni, łazienki oraz przedpokoju. Do mieszkania przynależy również przestronna piwnica o powierzchni 13,4 m², co stanowi duży atut pod względem dodatkowej przestrzeni do przechowywania. Mieszkanie znajduje się na terenie spółdzielni. Czynsz wynosi ok. 870 zł i obejmuje koszty eksploatacyjne, w tym ogrzewanie, ciepłą i zimną wodę oraz fundusz remontowy (zaliczka). Osiedle jest monitorowane, z kontrolą wjazdu (szlabany), co zapewnia komfort i bezpieczeństwo mieszkańców. W najbliższej okolicy znajdują się: przystanki komunikacji miejskiej, sklepy, piekarnia, lokale gastronomiczne, Uniwersytet Przyrodniczy, hala sportowa, przedszkole, strzelnica sportowa i korty tenisowe UP. Lokalizacja sprawia, że mieszkanie jest idealne zarówno do zamieszkania, jak i jako inwestycja pod wynajem, szczególnie dla studentów. Oferta prywatna bez pośredników.",tak,,osobna,,,,52.42782,16.899693
Poznań Jeżyce,ul. Jana Henryka Dąbrowskiego,4,90,1699000,18878.0,bez pośredników,,20,https://adresowo.pl/o/mieszkanie-poznan-jezyce-ul-jana-henryka-dabrowskiego-4-pokojowe-d2p8f9,https://s2.adresowa.pl/oi/29/2f/3de24e_4a81_cover@2x-4-pokojowe-mieszkanie-poznan-jezyce-ul-jana-henryka-dabrowskiego.webp,Poznań Jeżyce,Jana Henryka Dąbrowskiego,3,2025.0,apartamentowiec,,"LUKSUSOWY APARTAMENT 4-POKOJOWY | 90 m² | WYSOKI STANDARD | GOTOWY DO ZAMIESZKANIA Realne zdjęcia | Oferta prywatna | Bez prowizji NAJWAŻNIEJSZE ATUTY - Bardzo wysoki standard wykończenia - Apartament nigdy niezamieszkany – gotowy do pierwszego wprowadzenia - Oferta prywatna – brak prowizji (oszczędność min. 50 000 zł) - Kupujący zwolniony z podatku PCC 2% (oszczędność ok. 35 000 zł) - Cena brutto – VAT wliczony - Pełne wyposażenie w cenie OPIS NIERUCHOMOŚCI Na sprzedaż luksusowy, 4-pokojowy apartament o powierzchni 90 m², położony na 3. piętrze nowoczesnego apartamentowca z 2025 roku. Inwestycja: SPRAVIA ""Kamienica Przy Kinie"" Budynek z windami, podziemną halą garażową, lobby oraz pięknie zagospodarowaną zielenią. Oferta skierowana do najbardziej wymagających klientów, ceniących jakość, design i komfort życia. ROZKŁAD POMIESZCZEŃ - Salon z aneksem kuchennym (30 m²) Przestronna strefa dzienna z designerską kuchnią z wyspą, dużym narożnikiem oraz stołem jadalnianym. - Loggia (9 m²) - wyjście z Salonu -&gt; nie wliczone w powierzchnię mieszkania - Sypialnia główna (16 m²) z garderobą i tapicerowanym łóżkiem - Sypialnia 1 (11 m²) - Sypialnia 2 (11 m²) - Loggia (6,5 m²) - wyjście z trzech Sypialni -&gt; nie wliczone w powierzchnię mieszkania - Łazienka z wanną (6 m²) - Łazienka z prysznicem (4 m²) - Garderoba (2m²) - Przestronny przedpokój (10 m²) z zabudowanymi szafami STANDARD WYKOŃCZENIA – PREMIUM Apartament został zaprojektowany przez projektanta wnętrz, z dbałością o każdy detal: - Klimatyzacja - Kuchnia na wymiar z wyspą – włoskie spieki kwarcowe - AGD najwyższej klasy: Samsung + chłodziarka do wina Klarstein - Dębowe deski Barlinek – jodełka angielska - Drzwi bezprzylgowe, dekoracyjne grzejniki, oświetlenie LED - Meble na wymiar (okucia BLUM) - Kominek elektryczny - Wysokiej klasy tapety francuskie, złote kinkiety, lustra na wymiar - Dwie łazienki wykończone włoskimi spiekami (270 × 120 cm) - Ogrzewanie podłogowe w łazienkach - Bardzo duże okna – doskonałe doświetlenie wnętrz WYPOSAŻENIE W CENIE - Telewizor 65"" – Samsung - Płyta indukcyjna – Siemens - Lodówka – Samsung - Piekarnik – Samsung - Zmywarka – Siemens - Chłodziarka do wina – Klarstein * W cenie pozostaje całe wyposażenie widoczne na zdjęciach INFORMACJE DODATKOWE - 1 miejsce postojowe w hali garażowej (płatne dodatkowo) -&gt; możliwy wynajem drugiego miejsca parkingowego LOKALIZACJA – Dąbrowskiego 31 Inwestycja położona jest w sercu Jeżyc, jednej z najbardziej klimatycznych i dynamicznie rozwijających się dzielnic Poznania. W najbliższej okolicy znajdują się liczne restauracje, kawiarnie, sklepy oraz punkty usługowe. Lokalizacja zapewnia doskonałą komunikację z centrum miasta oraz szybki dostęp do terenów rekreacyjnych. - Kameralne, nowoczesne osiedle wśród zieleni - 400 m do Ronda Kaponiera - 5 minut do największego zagłębia biurowego w Poznaniu - Komunikacja miejska - Pełna infrastruktura handlowo-usługowa - Możliwość dojazdu do centrum rowerem w 5 minut STANDARD INWESTYCJI: - Monitoring 24/7 - Lobby z zielenią, lustrami oraz obrazami - Stojaki rowerowe - Nowoczesna elewacja z elementami cegły klinkierowej CENA: 1 699 000 zł - cena brutto - brak PCC - pełne wyposażenie w cenie Kontakt: Właściciel Istnieje możliwość udostępnienia dodatkowych zdjęć oraz filmów w wyższej jakości. Ogłoszenie nie stanowi oferty w rozumieniu Kodeksu Cywilnego.",tak,tak,aneks,plastikowe,własność,"Wyposażenie: klimatyzacja, lodówka, piekarnik, telewizor, zmywarka",52.425677,16.860445
Poznań Centrum,ul. Kazimierza Wielkiego,2,34,599990,17647.0,bez pośredników,,20,https://adresowo.pl/o/mieszkanie-poznan-centrum-ul-kazimierza-wielkiego-2-pokojowe-u2x9l7,https://s2.adresowa.pl/oi/2c/30/3ddfec_9823_cover@2x-2-pokojowe-mieszkanie-poznan-centrum-ul-kazimierza-wielkiego.webp,Poznań Centrum,Kazimierza Wielkiego,parter,1939.0,kamienica,,"2 pokojowe mieszkanie, położone w centrum miasta, w kamienicy z czasów powojennych (po 1939 r.), usytuowane na parterze w 4 piętrowym budynku. Świeżo po generalnym remoncie. (m.in. wymiana instalacji wodnej i elektrycznej, trójfazowy prąd do indukcji, nowy aneks kuchenny, montaż płytek i podłóg). Na powierzchnię mieszkania o pow. 34,26 m2 składa się: pokój z aneksem kuchennym o pow. 20,19 m2 pokój (sypialnia lub bawialnia) o pow. 9,49 m2 łazienka z toaletą o pow. 1,78 m2 przedpokój o pow. 2,80 m2 Dodatkowo, w cenie, do mieszkania przynależą: balkon od strony cichego, wewnętrznego dziedzińca, wychodzącego na zieleń piwnica składająca się z dwóch połączonych pomieszczeń (7,78 m2 oraz 5,45 m2) o pow. łącznej 13,23 m2. Mieszkanie o niskich kosztach użytkowych. Ogrzewanie piecem gazowym dwufunkcyjnym. Dostępny światłowód. Pełna własność. Wyposażenie w cenie mieszkania. W dużym pokoju z aneksem kuchennym znajdują się nowe meble, znanej marki z Poznania. Są to: rozkładana sofa dwuosobowa, stolik kawowy, stół z 4 krzesłami, szafka RTV. W mniejszym pokoju znajduje się duża przestronna szafa, zbudowana na wymiar (na gwarancji), w której znajduje się piec gazowy oraz miejsce na pralkę (z przyłączami). Po lewej stronie szafy znajdują się półki oraz drążek z wieszakami na ubrania. Łazienka z toaletą została wyposażona w przestronną kabinę prysznicową z deszczownią, szafkę łazienkową z umywalką oraz toaletę w zabudowie ściennej. Mieszkanie położone w dogodnym miejscu, w centrum miasta, na pieszo można dojść swobodnie do m.in.: Starego Rynku (w 10 min), AWF-u (w 6 min), Rzeki Warty (w 5 min). 200 m od mieszkania znajduje się sklep spożywczy oraz pawilon usługowo-medyczny. Cena: 599 990 zł Świadectwo charakterystyki energetycznej zapotrzebowanie na energię: EU użytkową (kWh/m2 . rok): 63,41 EK końcową (kWh/m2 . rok): 89,12 EP nieodnawialną energię pierwotną (kWh/m2 . rok): 99,06 EC02 Wielkość emisji CO2 (t CO2/m2 . rok): 0,02 UOZE Udział odnawialnych źródeł energii w zapotrzebowaniu na energię końcową [%]: 0,00",tak,,aneks,plastikowe,własność,"Wyposażenie: pralkę, tv",52.401828,16.938036
Poznań Łazarz,ul. Kolejowa,2,74,699000,9446.0,Pośrednik,,11,https://adresowo.pl/o/mieszkanie-poznan-lazarz-ul-kolejowa-2-pokojowe-i7d2h1,https://s2.adresowa.pl/oi/75/4f/3c8d84_34dd_cover@2x-2-pokojowe-mieszkanie-poznan-lazarz-ul-kolejowa.webp,Poznań Łazarz,Kolejowa,2,1912.0,kamienica,,"Mieszkanie o powierzchni 74,8 m² w klimatycznej, odnowionej kamienicy na poznańskim Łazarzu przy ul. Kolejowej. Poznaj szczegóły tej wyjątkowej oferty i stwórz przestrzeń idealnie dopasowaną do własnych potrzeb. Na sprzedaż 2 pokojowe mieszkanie o powierzchni 74,8 m², usytuowane na 2 piętrze w odnowionej kamienicy. W skład nieruchomości wchodzą: • dwa przestronne pokoje • oddzielna kuchnia • łazienka • pojemny schowek • balkon • dwie przynależne piwnice Zachowane piece kaflowe pełnią obecnie funkcję ozdobną, a lokal jest podłączony do miejskiego ogrzewania CO. Dodatkowe atuty: • odnowiona kamienica • balkon • światłowód • funkcjonalny układ pomieszczeń • dostępne miejsca postojowe wzdłuż ulicy (strefa parkowania miejskiego, abonament dla mieszkańców) • dwie piwnice zwiększające przestrzeń do przechowywania Cena ofertowa: 699 000 zł Czynsz administracyjny: 1041 zł / miesiąc Termin wydania: do 30 dni od podpisania aktu notarialnego Nieruchomość położona jest w dzielnicy Poznań Łazarz przy ul. Kolejowej. To jedna z najbardziej klimatycznych części miasta, ceniona za zabudowę kamieniczną, rozwiniętą infrastrukturę i doskonałą komunikację miejską. W pobliżu znajdują się: • przystanki tramwajowe i autobusowe • sklepy, restauracje i punkty usługowe • tereny zielone i ścieżki rowerowe • Rynek Łazarski Zadzwoń lub napisz, aby umówić się na prezentację. Chętnie pokażę wszystkie atuty nieruchomości na żywo i omówię szczegóły oferty. Jeśli zastanawiasz się nad zakupem tej nieruchomości, ale nie jesteś pewien swojej zdolności kredytowej, mamy dla Ciebie świetną wiadomość! Współpracując z Movinest, możesz bezpłatnie sprawdzić swoją zdolność kredytową u renomowanego brokera. Skontaktuj się z nami, a pomożemy Ci przejść przez cały proces zakupu!",,,,,własność,,52.392895,16.905195
Poznań Łazarz,ul. Józefa Chełmońskiego 21,1,55,699000,12709.0,Pośrednik,,14,https://adresowo.pl/o/mieszkanie-poznan-lazarz-ul-jozefa-chelmonskiego-1-pokoj-s8l6z1,https://s2.adresowa.pl/oi/33/3d/3c8d38_2c51_cover@2x-1-pokojowe-mieszkanie-poznan-lazarz-ul-jozefa-chelmonskiego.webp,Poznań Łazarz,Józefa Chełmońskiego 21,2,1912.0,kamienica,,"Kupujący nie płaci prowizji! Zapraszam do zapoznania się z ofertą sprzedaży wyjątkowego mieszkania zlokalizowanego w ścisłym centrum Poznania - na Łazarzu, przy ul. Chełmońskiego 21. To jedna z najbardziej klimatycznych i pożądanych części miasta, łącząca elegancję zabytkowej zabudowy z wygodą życia w centrum. Mieszkanie o powierzchni 55,14 m² znajduje się w kamienicy z 1912 roku, która przeszła kompleksową modernizację. To idealna propozycja zarówno do zamieszkania, jak i jako inwestycja pod najem krótkoterminowy. Lokal składa się z przestronnego salonu z aneksem kuchennym, przedpokoju oraz łazienki. W łazience oraz przedpokoju przewidziano miejsce pod zabudowę szaf, co pozwala na maksymalne wykorzystanie przestrzeni. Wysokie sufity nadają wnętrzu charakterystycznej dla kamienic elegancji i poczucia przestrzeni. Mieszkanie wykończone jest w wyższym standardzie, aneks kuchenny oraz łazienka są w pełni wyposażone. Lokal sprzedawany jest bez mebli ruchomych - wystarczy wstawić własne wyposażenie i można się wprowadzać. Do mieszkania przynależy piwnica. Przy tylnym wejściu do budynku znajduje się winda dla wózków. Atuty nieruchomości: ✅ Ścisłe centrum miasta - prestiżowa lokalizacja na Łazarzu ✅ Kamienica z 1912 roku po kompleksowej modernizacji ✅ Wysokie sufity i kamieniczny klimat ✅ Wyższy standard wykończenia ✅ Aneks kuchenny i łazienka w pełni wyposażone ✅ Miejsce pod zabudowę szaf w łazience i przedpokoju ✅ Wideodomofon ✅ Piwnica ✅ Winda dla wózków przy tylnym wejściu ✅ Idealne pod najem krótkoterminowy Dane techniczne: Piętro: 2 Liczba pokoi: salon z aneksem kuchennym Powierzchnia: 55,14 m² Rok budowy: 1912 Budynek: kamienica po modernizacji Forma własności: pełna własność Ogrzewanie: miejskie Piwnica: tak Czynsz: 775 zł Standard mieszkania: Mieszkanie wykończone w wyższym standardzie. Aneks kuchenny wyposażony w zabudowę oraz sprzęty AGD. Łazienka w pełni wykończona i wyposażona. Lokal nieumeblowany - gotowy do własnej aranżacji i natychmiastowego wprowadzenia się bez dodatkowych nakładów finansowych. Lokalizacja: Nieruchomość położona jest w atrakcyjnej części Poznania - na Łazarzu, w ścisłym centrum miasta. To okolica, która łączy zabytkową architekturę z miejskim stylem życia. W najbliższej okolicy: * Biedronka 350 m * Rynek Łazarski 700 m * Park Wilsona 400m * Palmiarnia Poznańska 400m * Fabryka Formy Korty Arena 1,1 km * Galeria handlowa Avenida 1,8km * Szeroki wybór restauracji i kawiarnii Komunikacja miejska: * Przystanek tramwajowy i autobusowy Park Wilsona 300m - linie [numer], 18 * Przystanek autobusowy Wyspiańskiego 180m - linia 164 Dodatkowe informacje: To idealna propozycja dla singla, pary lub inwestora. Ze względu na lokalizację w centrum oraz funkcjonalny układ mieszkanie doskonale sprawdzi się pod najem krótkoterminowy. Zainteresowała Cię ta oferta? Zadzwoń lub napisz - z przyjemnością zaprezentuję mieszkanie na żywo. CENA - 699 000 zł",,,,,własność,,52.399108,16.898859
Poznań Marcelin,ul. Bułgarska,2,45,690000,15333.0,bez pośredników,,8,https://adresowo.pl/o/mieszkanie-poznan-marcelin-ul-bulgarska-2-pokojowe-s5u6d2,https://s2.adresowa.pl/oi/7e/1f/3ddf5a_527a_cover@2x-2-pokojowe-mieszkanie-poznan-marcelin-ul-bulgarska.webp,Poznań Marcelin,Bułgarska,6,2023.0,apartamentowiec,,"Mieszkanie 2 pokojowe ulica Bułgarska Na sprzedaż funkcjonalne 2-pokojowe mieszkanie | Marcelin | Poznań | 45,84 m² Na sprzedaż nowoczesne, bardzo funkcjonalne mieszkanie o powierzchni 45,84 m², położone na 6. (ostatnim) piętrze nowoczesnego budynku na prężnie rozwijającym się osiedlu Marcelin w Poznaniu. Mieszkanie ma zaledwie 2 lata i zostało urządzone z dużą dbałością o komfort oraz praktyczne wykorzystanie przestrzeni. Lokal jest narożny, dwustronny (wschód-zachód) dzięki czemu mieszkanie jest jasne i dobrze doświetlone przez cały dzień. Dużym atutem jest również kameralność — tylko jeden sąsiad bezpośrednio przy mieszkaniu. Układ został zaprojektowany przez projektanta wnętrz, co pozwoliło stworzyć bardzo wygodną i ergonomiczną przestrzeń do życia. W mieszkaniu znajduje się wiele praktycznych miejsc do przechowywania, a wszystkie zabudowy zostały wykonane przez stolarza na wymiar. Układ pomieszczeń: - salon z aneksem kuchennym - 22,14 m² - sypialnia - 13,66 m² - łazienka - 6,14 m² - hol - 3,90 m² - dodatkowo loggia o powierzchni 6,56 m² Najważniejsze atuty nieruchomości: - nowoczesny budynek z 2023 roku - 6 piętro z 6 — brak sąsiadów nad mieszkaniem - narożne, dwustronne mieszkanie — bardzo dobrze doświetlone - funkcjonalny układ zaprojektowany przez projektanta - liczne zabudowy stolarskie wykonane na wymiar - dużo miejsca do przechowywania - przestronna loggia - spokojne i nowoczesne osiedle - świetna lokalizacja na Marcelinie — szybki dojazd do centrum, blisko tereny zielone - las Marceliński, sklepy i infrastruktura usługowa. Mieszkanie idealne zarówno dla singla, pary oraz jako inwestycja pod wynajem. Cena: 690 000 zł — do negocjacji Zapraszam do kontaktu i na prezentację. Sprzedaż prywatna. Brak prowizji do biura. Nie jestem zainteresowana współpracą z biurami nieruchomości.",,,aneks,,,,52.404013,16.866708
Poznań Naramowice,ul. Bratumiły,2,53,575000,10849.0,bez pośredników,,12,https://adresowo.pl/o/mieszkanie-poznan-naramowice-ul-bratumily-2-pokojowe-j6u2n5,https://s2.adresowa.pl/oi/5e/52/3dd518_5dac_cover@2x-2-pokojowe-mieszkanie-poznan-naramowice-ul-bratumily.webp,Poznań Naramowice,Bratumiły,parter,2008.0,blok,,"Zapraszam do zapoznania się z ofertą mieszkania położonego na Naramowicach, jednej z najbardziej pożądanych lokalizacji w północnej części Poznania, gdzie bliskość natury łączy się z miejską infrastrukturą. Mieszkanie dostępne od zaraz. Mieszkanie znajduje się na wysokim parterze. Funkcjonalny układ: 2 niezależne pokoje 2 balkony Kuchnia Łazienka Garderoba Piwnica. W najbliższej okolicy znajduje się: 800 m do przystanku tramwajowego Błażeja (szybki dojazd do centrum Poznania). 130 m do przystanku autobusowego Boranta (w pobliżu również przystanek Burysława i Bronisza) Żabka, Biedronka, Chata Polska, Netto, Lidl, Kaufland oraz apteki. 300-400 m Żłobek, Przedszkole, Szkoła Podstawowa. 140 m Przychodnia Rodzinna. 700 m Klinika Specjalistyczna Pozmedica (+ punkt pobrań Alab Laboratoria) Punkty usługowe np.: fryzjer, kosmetyczka, fizjoterapia. 900 m do Centrum Sportowego FairPlayce. Restauracje np. Tivoli, Nare Sushi, Fortezza. Ok. 1 km do Rezerwatu Przyrody Żurawiniec. Z chęcią opowiem o mieszkaniu i okolicy szerzej podczas rozmowy telefonicznej lub spotkania. Cena do negocjacji. Do zobaczenia!",tak,,osobna,plastikowe,spółdzielcze własnościowe,,52.457651,16.950716
Poznań Grunwald,ul. Ognik,2,38,429000,11289.0,bez pośredników,,8,https://adresowo.pl/o/mieszkanie-poznan-grunwald-ul-ognik-2-pokojowe-j5o2w5,https://s2.adresowa.pl/oi/75/7e/3dd3cc_9c39_cover@2x-2-pokojowe-mieszkanie-poznan-grunwald-ul-ognik.webp,Poznań Grunwald,Ognik,4,,blok,,"Na sprzedaż 2-pokojowe mieszkanie w jednej z najbardziej pożądanych lokalizacji Poznania - dzielnicy Grunwald, ul. Ognik. Idealna propozycja zarówno do zamieszkania, jak i pod inwestycję. Nieruchomość położona jest w miejscu z doskonałą komunikacją - szybki dojazd do każdej części miasta. W niedalekiej odległości pętle tramwajowe Ogrody oraz Junikowo, co zapewnia wygodę codziennych dojazdów. W najbliższym otoczeniu: szkoły, przedszkola, sklepy oraz galerie handlowe - wszystko, czego potrzebujesz na co dzień, masz w zasięgu kilku minut pieszo. Mieszkanie ustawne, 2 pokoje, IV piętro. Blok po termomodernizacji (ocieplony). Funkcjonalny układ pomieszczeń. Do mieszkania przynależą aż 2 piwnice, co daje dużą i wygodną przestrzeń do przechowywania (rowery, wózek, rzeczy sezonowe). To ogromny plus, szczególnie dla rodzin lub osób ceniących dodatkowe miejsce. Komfortowe mieszkanie dla rodziny jako pierwsze mieszkanie, studentów czy też inwestora pod wynajem. Czynsz ok. 650 zł. Zapraszam do kontaktu - mieszkanie bez pośredników.",tak,,,,,,52.4073,16.869538
Poznań Winogrady,os. Na Murawie,3,82,999000,12183.0,Pośrednik,,10,https://adresowo.pl/o/mieszkanie-poznan-winogrady-os-na-murawie-3-pokojowe-c2o7l4,https://s2.adresowa.pl/oi/36/1e/3c874c_f09f_cover@2x-3-pokojowe-mieszkanie-poznan-winogrady-os-na-murawie.webp,Poznań Winogrady,os. Na Murawie,2,1991.0,blok,,"Przestronne 3-pokojowe mieszkanie 82,16 m² - Winogrady, os. Na Murawie Na sprzedaż wyjątkowe, zaprojektowane przez architekta mieszkanie o powierzchni 82,16m², położone na 2. piętrze w 4-piętrowym budynku na Winogradach - os. Na Murawie w Poznaniu. To propozycja dla osób ceniących orginalne wnętrza, funkcjonalny układ pomieszczeń oraz doskonałą lokalizację łączącą bliskość natury z wygodą życia w mieście. Układ pomieszczeń: -przestronny salon z półotwartą kuchnią -sypialnia z prywatną łazienką -druga sypialnia -druga łazienka -balkon (wyjście z salonu) -piwnica Najważniejsze atuty nieruchomości: -wyjście na balkon bezpośrednio z salonu -salon oraz balkon z ekspozycją południową - mieszkanie bardzo słoneczne -wnętrze zaprojektowane przez projektanta -ściany działowe, drzwi oraz zabudowy szaf wykonane z drewna i bezpiecznego szkła -podłogi w pokojach z egzotycznego drewna merbau -okna firmy Rehau wyposażone w rolety zewnętrzne zapewniające ochronę przed warunkami atmosferycznymi i zwiększające bezpieczeństwo -parapety z drewna dębowego -drzwi antywłamaniowe firmy Dierre -przestronne, ustawne wnętrza i funkcjonalny rozkład -wejście do lokalu usytuowane poza główną klatką schodową - z wyodrębnionego holu dostępnego wyłącznie dla dwóch mieszkań, co zapewnia większą prywatność. Mieszkanie posiada spółdzielcze własnościowe prawo do lokalu, natomiast istnieje możliwość założenia księgi wieczystej. Dla mieszkańców dostępny jest bezpłatny parking na terenie osiedla, zamykany szlabanem. Mieszkanie położone jest w bezpośredniej bliskości największego parku w Poznaniu - Park Cytadela - który oferuje rozległe tereny spacerowe, rekreacyjne i sportowe. W najbliższej okolicy znajdują się: -markety Spar i Biedronka oraz sklepy typu Żabka -liczne bary, restauracje i lodziarnie -gabinety lekarskie, kosmetyczne i fryzjerskie na terenie osiedla -żłobek -dwie szkoły podstawowe oraz zespół szkół średnich w odległości kilkuset metrów Komunikacja: -przystanki autobusowe i tramwajowe w odległości 200-300 m -szybki dojazd do centrum - około 5-10 minut samochodem To miejsce łączy wygodę życia w mieście z bliskością natury i szerokim dostępem do usług. Cena: 999 000 zł Czynsz administracyjny to ok. 690zł + rzeczywiste zużycie mediów. Możliwość negocjacji ceny. Zapraszam do kontaktu w celu umówienia prezentacji. Chętnie przedstawię wszystkie atuty nieruchomości podczas spotkania. Jeśli zastanawiasz się nad zakupem tej nieruchomości, ale nie jesteś pewien swojej zdolności kredytowej, mamy dla Ciebie świetną wiadomość! Współpracując z Movinest, możesz bezpłatnie sprawdzić swoją zdolność kredytową u renomowanego brokera. Skontaktuj się z nami, a pomożemy Ci przejść przez cały proces zakupu!",,,,,,,52.428656,16.934484
Poznań,Nowe Miasto,3,81,838931,10357.0,Pośrednik,,3,https://adresowo.pl/o/mieszkanie-poznan-nowe-miasto-3-pokojowe-81-m2-t4o5t5,https://s2.adresowa.pl/oi/63/16/3c6ad0_fd03_cover@2x-3-pokojowe-mieszkanie-poznan-nowe-miasto.webp,Poznań Nowe Miasto,,1,2021.0,blok,,"SERDECZNIE ZAPRASZAM do zakupu mieszkania 4-pok znajdującego się w nowej inwestycji, tuż przy terenach nadwarciańskich, usytuowanego po cichej, zielonej stronie osiedla. Rodzinne mieszkanie 81,45m2 - 4pokCicha strona osiedla i drzewa za oknami2 min pieszo na przystanek tramwajowyTrasa nr 12 do Centrum i nr 13 nad Maltę10 min spacerem do Lasu Dębińskiegokładką pieszą na Moście DębińskimŚcieżki rowerowe tuż przy osiedlu[/list] Sprzedaż Bezpośrednio!!! Brak Podatku PCC ,Brak Prowizji!!!!",,,,,,,52.370333,16.949631
Poznań Piątkowo,os. Bolesława Śmiałego,4,59,559000,9475.0,bez pośredników,,14,https://adresowo.pl/o/mieszkanie-poznan-piatkowo-os-boleslawa-smialego-4-pokojowe-b9y8v2,https://s2.adresowa.pl/oi/45/26/3dd3b8_7b06_cover@2x-4-pokojowe-mieszkanie-poznan-piatkowo-os-boleslawa-smialego.webp,Poznań Piątkowo,os. Bolesława Śmiałego,3,1986.0,blok,,"Mieszkanie ma powierzchnię 59,1 m² i jest do zamieszkania od 1 czerwca 2026 roku. Pierwotnie było 3-pokojowe, ale na potrzeby najmu zmodyfikowano na 4-pokojowe. Dochód z najmu: 30 tys. zł netto rocznie (przed podatkiem). Pełna własność z Księgą Wieczystą (KW). Wnętrze jest wyposażone w meble, pralkę, lodówkę, kuchenkę i piekarnik. Całość pozostaje i jest w cenie lokalu. Balkon i piwnica zapewniają dodatkową przestrzeń. Lokal znajduje się na 3. piętrze w czteropiętrowym budynku. Ogrzewanie miejskie i plastikowe okna poprawiają komfort użytkowania. Czynsz: 900 zł (dla 4 osób). Do końca maja najemcy mają umowę najmu. W okolicy znajdziesz liczne kawiarnie, restauracje i sklepy spożywcze. W pobliżu są parki, placówki edukacyjne i placówki zdrowotne, a przede wszystkim przedszkole i żłobek (50 m od klatki). Dzięki doskonałej komunikacji masz łatwy dostęp do centrum miasta i głównych tras. Zainteresowany? Umów się na oglądanie i poznaj tę ofertę bliżej.",tak,,osobna,plastikowe,własność,"Wyposażenie: kuchenkę, lodówkę, piekarnik, pralkę",52.450239,16.924084
Poznań Starołęka,ul. Wagrowska,2,45,595000,13222.0,bez pośredników,,20,https://adresowo.pl/o/mieszkanie-poznan-staroleka-ul-wagrowska-2-pokojowe-v1d5e4,https://s2.adresowa.pl/oi/43/73/3dcf6c_8f4c_cover@2x-2-pokojowe-mieszkanie-poznan-staroleka-ul-wagrowska.webp,Poznań Starołęka,Wagrowska,6,2025.0,apartamentowiec,,"Lokal gotowy do odbioru. Stan deweloperski. Szybki odbiór mieszkania! Do sprzedania nowe mieszkanie, 6 piętro. Stan deweloperski (na zdjęciach wizualizacje wykończenia). Brak podatku PCC dla osób kupujących swoją pierwszą nieruchomość. - Brak prowizji! Sprzedaż bezpośrednia. Mieszkanie z dużym balkonem! Budynek w bardzo dobrym standardzie, wykończenie nowoczesne i estetyczne. Bardzo ustawny układ. Niskie opłaty eksploatacyjne. Idealne dla 1os lub pary, albo pod późniejszy wynajem. Są to duże 2 ładne pokoje, mające przestrzeń, wysokość pomieszczeń ok 270cm. Wystawa okien: wschód. Co zapewnia słońce od rana do południa i wytchnienie od upałów po południu w lecie. Na dachu budynku znajduje się taras dostępny wyłącznie dla mieszkańców. Znajdują się tam leżaki i siedziska, które zapewniają relax i piękny widok na panoramę całego Poznania. Inwestycja na ul. Wagrowskiej 1. Położenie pomiędzy rondem Żegrze, a rondem Starołęka. W bliskim sąsiedztwie: dwie Biedronki, Selgros, przychodnia, apteka, poczta, Pepco, ALDI, pasaż handlowy RONDO, szkoła i przedszkole. W budynku na osiedlu nowootwarty market Żabka. Budynek monitorowany z całodobową ochroną. Wjazd na teren osiedle przez zamykany szlaban. Okolica prężnie się rozwija. (będzie to nowa dzielnica Poznania). Bliskość terenów rekreacyjnych, wartostrada i tereny lasów dębińskich. Doskonała komunikacja z całym miastem. 10 minut do Politechniki. 4 przystanki tramwajowe do Ronda Rataje i ok. 15 min do centrum. Przystanki w odległości 1min spacerem. Na terenie osiedla plac zabaw. Osiedle zaplanowano bardzo przestrzennie, jak na obecnie panujące standardy. Blok wyposażony w cichobieżne windy. Lokal znajduje się, na końcu korytarza, co sprawia, że będzie w nim zminimalizowane ryzyko dochodzenia hałasów z klatki schodowej. Do budynku i lokalu podłączony jest światłowód. UWAGA: do lokalu przynależy jedno miejsce postojowe naziemne, obowiązek kupna (25 000 PLN) Dla zainteresowanych pomoc w uzyskaniu kredytu hipotecznego. Powyższy opis ma charakter informacyjny i nie stanowi oferty w rozumieniu przepisów KC Proszę nie telefonować z biur nieruchomości.",,tak,,plastikowe,własność,,52.378252,16.947715
Poznań Stare Miasto,ul. Garbary,1,31,579000,18677.0,bez pośredników,,9,https://adresowo.pl/o/mieszkanie-poznan-stare-miasto-ul-garbary-1-pokoj-n7o9y2,https://s2.adresowa.pl/oi/5b/5b/3dcec0_c99c_cover@2x-1-pokojowe-mieszkanie-poznan-stare-miasto-ul-garbary.webp,Poznań Stare Miasto,Garbary,4,2018.0,apartamentowiec,,"Inwestycyjna perełka w sercu Poznania - ul. Garbary 100! Sprzedaż bezpośrednia od właściciela. Kawalerka gotowa do zarabiania lub zamieszkania. Prezentuję wyjątkowy apartament w nowoczesnym budynku. To idealna propozycja zarówno dla inwestorów, jak i osób szukających komfortowego miejsca do życia w samym centrum Poznania. Atuty nieruchomości: - to nie kamienica po rewitalizacji, - lokalizacja w ścisłym centrum Starego Miasta, zaledwie 5 min od Starego Rynku, - lokalizacja jest doskonale skomunikowana (bliskość przystanków tramwajowych i autobusowych), co ułatwia dostęp do każdej części miasta i wszystkich uczelni. Mieszkanie jest jasne, w pełni wyposażone i urządzone w wysokim standardzie. Jest gotowe do wprowadzenia lub natychmiastowego wynajmu. Pełne umeblowanie i wyposażenie w sprzęt AGD. To jedna z najlepszych lokalizacji na rynku najmu w Poznaniu. Mieszkanie jest obecnie wynajmowane w formie najmu krótkoterminowego, generując dochód.",,,,plastikowe,własność,,52.408363,16.938065
Poznań Nowe Miasto,ul. Naramowicka,1,42,470620,11205.0,Pośrednik,,3,https://adresowo.pl/o/mieszkanie-poznan-nowe-miasto-ul-naramowicka-1-pokoj-w4m3a4,https://s2.adresowa.pl/oi/4e/24/3c6ac8_df64_cover@2x-1-pokojowe-mieszkanie-poznan-nowe-miasto-ul-naramowicka.webp,Poznań Nowe Miasto,Naramowicka,parter,,blok,,"Sprzedaż Bezpośrednio!!!!! Brak Prowizji!!! 2 -pokojowe mieszkania 42,56 m2 w cenie 470 000 zł oDwupoziomowy garaż podziemny z miejscami parkingowymi, komórkami lokatorskimi oraz stojakami na roweryŻabka, sklep spożywczy (1 minuta pieszo)Przystanek autobusowy Rubież (1 minuta pieszo)Przystanek tramwajowy Jasna Rola (4 minuty pieszo)Biedronka (4 minuty pieszo)Rezerwat przyrody Żurawiniec (10 minut pieszo)Poznań Plaża (13 minut rowerem)[/list]Naramowicka - lokalizacja Poznań, ul. Naramowicka [/list]Istotne punkty w okolicy inwestycji[/list]Stare Miasto (15 minut samochodem) 4,7 km do centrum 2 min. spacerem do przystanku autobusowego 4 min. spacerem do przystanku tramwajowego dojazd do centrum: 17 min samochodem Przystanek autobusowy (77 m, 2 minuty spacerem) Przystanek tramwajowy (260 m, 4 minuty spacerem)",,,,,,,52.370244,16.949403
Poznań,Wilda,1,59,858672,14554.0,Pośrednik,,3,https://adresowo.pl/o/mieszkanie-poznan-wilda-1-pokoj-59-m2-k4n7x2,https://s2.adresowa.pl/oi/28/75/3c4ef8_e321_cover@2x-1-pokojowe-mieszkanie-poznan-wilda.webp,Poznań Wilda,,parter,1920.0,,,"SPRZEDAŻ BEZPOSREDNIO!!!!!! Cena 858 672 zł +dodatkowo możliwość zakupu miejsca w hali garażowej. Oferuję na sprzedaż w stanie deweloperskim , komfortowe i bardzo jasny apartament na Górnej Wildzie. Wystawa okien od północno-zachodniej strony. Apartament znajduje na parterze w 6 piętrowym budynku z windą, balkon od strony południowej. Powierzchnia 59,63m2 - Salon z aneksem kuchennym - łazienka - korytarz Lokalizacja: -Wszystko w zasięgu 5-10 minut - 5 minut od Starego Browaru i Nowego Rynku - 3 minuty od pływalni i lodowiska Chwiałka - Przystanek tramwajowy Górna i Dolna Wilda - Bliskośc drogi wylotowej z Poznania (A2 - Warszawa ,Berlin) - Szkoła podstawowa nr 25 im Bohaterów Monte Casino -Liceum Ogólnokształcące nr 2 im Gen Zamoyskiej",,,,,,,52.405679,16.931277
Poznań Rataje,os. Rusa,2,48,450000,9375.0,bez pośredników,,1,https://adresowo.pl/o/mieszkanie-poznan-rataje-os-rusa-2-pokojowe-l7b8e9,https://s2.adresowa.pl/oi/50/58/3dcbd6_f0a6_cover@2x-2-pokojowe-mieszkanie-poznan-rataje-os-rusa.webp,Poznań Rataje,os. Rusa,4,,blok,,"Mieszkanie: 2 pokoje, kuchnia z oknem, łazienka, korytarz o powierzchni 48,8m2. Z balkonem. Czwarte piętro w wieżowcu na os. Rusa. Do mieszkania przynależy piwnica, miejsca postojowe wokół budynku. Łazienka po niedawnym remoncie, na podłogach poza kuchnią i łazienką parkiet. Atrakcyjna lokalizacja, 400m do terenów lasu przy jeziorze maltańskim. Stan dobry. Pośrednikom dziękuję.",tak,,,,,,52.388878,16.983676
Poznań Piątkowo,os. Jana III Sobieskiego,2,48,580000,12083.0,bez pośredników,,15,https://adresowo.pl/o/mieszkanie-poznan-piatkowo-os-jana-iii-sobieskiego-2-pokojowe-h5l1j9,https://s2.adresowa.pl/oi/31/65/3dc826_f00f_cover@2x-2-pokojowe-mieszkanie-poznan-piatkowo-os-jana-iii-sobieskiego.webp,Poznań Piątkowo,os. Jana III Sobieskiego,2,,blok,,"Sprzedam 2-pokojowe mieszkanie o powierzchni 48,8 m2 z kuchnią, łazienką oraz osobnym WC i loggią. Mieszkanie mieści się na 2 piętrze w 10-piętrowym bloku na os. Jana III Sobieskiego. Do mieszkania przynależy piwnica oraz wspólny z mieszkaniem leżącym naprzeciwko zamykany korytarz, który idealnie sprawdza się do przechowywania roweru/wózka. Mieszkanie z wyposażeniem widocznym na zdjęciach (meble, lodówka, mikrofalówka, piekarnik, zmywarka, płyta gazowa, pralka). W całym mieszkaniu zamontowane są rolety zewnętrzne, sterowane radiowo (pilot). W salonie zamontowana klimatyzacja firmy LG. Mieszkanie leży w spokojnej okolicy, wokół dużo zieleni, plac zabaw, sklepy (Biedronka, Lidl, Żabka). Mieszkanie usytuowane w doskonale skomunikowanej części miasta - 2 minuty pieszo do przystanku autobusowego, 10 minut do przystanku tramwajowego (pętla Sobieskiego)- szybki dojazd do centrum (15 min). Jednocześnie blisko lasu, kampusu UAM- Morasko. Lokalizacja idealna dla rodziny z dzieckiem oraz właścicieli czworonogów. Pośrednikom dziękuję - sprzedaż bezpośrednia.",tak,,osobna,plastikowe,własność,"Wyposażenie: klimatyzacja, lodówka, mikrofalówka, piekarnik, pralka, zmywarka",52.405679,16.931277
Poznań Łazarz,ul. Hetmańska,2,37,445000,12027.0,bez pośredników,,8,https://adresowo.pl/o/mieszkanie-poznan-lazarz-ul-hetmanska-2-pokojowe-n7x7m9,https://s2.adresowa.pl/oi/39/5c/3dc49e_8065_cover@2x-2-pokojowe-mieszkanie-poznan-lazarz-ul-hetmanska.webp,Poznań Łazarz,Hetmańska,10,,blok,,"Na sprzedaż 2-pokojowe mieszkanie 37,5 m² przy ul. Hetmańskiej. Oferuję na sprzedaż funkcjonalne mieszkanie o powierzchni 37,5 m², położone na 10. piętrze w 10-piętrowym budynku przy ul. Hetmańskiej. Mieszkanie ma uregulowany stan prawny i posiada Księgę Wieczystą. Najważniejsze atuty: - Rewelacyjny punkt komunikacyjny (2-3 minuty do węzła Głogowska/Hetmańska) - Parking pod blokiem (wjazd przez szlaban, wyłącznie dla mieszkańców) - Okna z ekspozycją na wschód - Ogrzewanie miejskie - Gotowe do wprowadzenia lub odświeżenia Układ pomieszczeń: - 2 pokoje - Aneks kuchenny - Przedpokój i łazienka Standard i stan techniczny: Mieszkanie jest gotowe do wprowadzenia i zamieszkania od zaraz, ewentualnie wymaga jedynie odświeżenia w zależności od preferencji. Ogrzewanie miejskie. Czynsz administracyjny wynosi 575,64 zł (wyliczenie przy 2 osobach). Budynek i otoczenie: Budynek 10-piętrowy, wyposażony w 2 windy. Do mieszkania przynależy piwnica o wielkości ok. 2 m² (łączna powierzchnia użytkowa z piwnicą wynosi 39,49 m²). Lokalizacja: Ulica Hetmańska zapewnia bardzo dobrą komunikację i dostęp do w pełni rozwiniętej infrastruktury Poznania. Zaledwie 2-3 minuty spacerem dzielą budynek od węzła tramwajowego Głogowska/Hetmańska. Komunikacja: Ok. 10 minut komunikacją miejską bezpośrednio do Dworca Głównego PKP i Galerii Avenida. Kilka minut spacerem do dyskontów (Lidl, Kaufland, Netto, Biedronka) oraz Galerii Green Point z pełnym zapleczem handlowo-usługowym. W bliskiej odległości Pływalnia Miejska POSiR Chwiałka, a ok. 10 minut tramwajem znajduje się nowa pływalnia przy ul. Taborowej. Idealna propozycja dla pracującej pary lub jako świetnie zlokalizowana inwestycja pod wynajem. Ogłoszenie prywatne. Pośrednikom i biurom nieruchomości dziękuję - nie współpracuję. W razie pytań zapraszam do kontaktu!",tak,,aneks,,,,52.383812,16.920407
Poznań,Wilda,1,47,694376,14774.0,Pośrednik,,3,https://adresowo.pl/o/mieszkanie-poznan-wilda-1-pokoj-47-m2-o7c8c2,https://s2.adresowa.pl/oi/33/4f/3c4ed8_a909_cover@2x-1-pokojowe-mieszkanie-poznan-wilda.webp,Poznań Wilda,,parter,,,,"Sprzedaż Bezpośrednio!!! BRAK PODADTKU PCC , BRAK PROWIZJI Cena 694 376 zł + dodatkowo możliwość zakupu miejsca w hali garażowej. Oferuje na sprzedaż w stanie deweloperskim ,komfortowy apartament na Górnej Wildzie, Wystawa okien od strony płónocno -zachodnia daje bardzo duże nasłonecznienie .Apartament znajduje się na parterze w 6 piętrowym budynku z windą . Powierzchnia 47,56 m2. - salon z aneksem kuchennym -łazienka - korytarz Lokalizacja: - wszystko w zasięgu 5-10 minut - 5 minut od Starego browaru i Nowego Rynku - 3 minuty od pływalni i lodowiska Chwiałka - Przystanek tramwajowy Górna i Dolna Wilda - Szkoła podstawowa nr 25 im Bohaterów Monte Casino - Liceum Ogólokształcące nr 2 im Gen Zamoyjskiego - Bliskość biur , restauracji i sklepów",,,,,,,52.405679,16.931277
Poznań Grunwald,ul. Ułańska,3,66,879000,13318.0,Pośrednik,,22,https://adresowo.pl/o/mieszkanie-poznan-grunwald-ul-ulanska-3-pokojowe-o0y8x6,https://s2.adresowa.pl/oi/2a/16/3c39ae_5d84_cover@2x-3-pokojowe-mieszkanie-poznan-grunwald-ul-ulanska.webp,Poznań Grunwald,Ułańska,parter,2008.0,apartamentowiec,,"Zapraszamy do zapoznania się z ofertą sprzedaży eleganckiego, 3-pokojowego mieszkania położonego na parterze budynku o wysokim standardzie, na jednym z najbardziej prestiżowych i rozpoznawalnych osiedli w Poznaniu - Osiedlu Ułańskim, bezpośrednio przy kompleksie City Park. To lokalizacja wybierana świadomie przez osoby ceniące wysoki komfort życia, bezpieczeństwo oraz dostęp do pełnej infrastruktury miejskiej w samym sercu miasta. Najważniejsze atuty: • Prestiżowa lokalizacja na Osiedlu Ułańskim przy City Parku zapewniająca dostęp do infrastruktury oraz usług. • Funkcjonalne mieszkanie o powierzchni 66,2 m² zapewniające komfortową przestrzeń do codziennego użytkowania. • Parter z wyjściem na kameralne patio dostępne dla mieszkańców stanowiące dodatkową przestrzeń do wypoczynku. • Wysoki standard budynku oraz części wspólnych podkreślający jakość inwestycji i komfort użytkowania. • Pełne umeblowanie i wyposażenie w cenie umożliwiające zamieszkanie bez dodatkowych nakładów. • Rolety zewnętrzne we wszystkich oknach zwiększające komfort oraz poczucie bezpieczeństwa mieszkańców. • Osiedle zamknięte z monitoringiem i całodobową ochroną zapewniające wysoki poziom bezpieczeństwa Mieszkanie składa się z: - Salonu z aneksem kuchennym (21,6 m²), - Sypialni (13,15 m²), - Drugiej sypialni (11,47 m²), - Łazienki (4,34 m²), - Przedpokoju z dużą szafą w zabudowie (7,10 m²). Istnieje możliwość dokupienia miejsca postojowego w hali garażowej, posiadającego osobną księgę wieczystą. Na terenie osiedla dostępne są również dodatkowe miejsca parkingowe przeznaczone dla mieszkańców oraz gości. Budynek: Mieszkanie znajduje się w budynku o wysokim standardzie, zlokalizowanym na terenie zamkniętego i monitorowanego osiedla. Całość inwestycji została zaprojektowana z dbałością o estetykę, komfort mieszkańców oraz bezpieczeństwo. Osiedle objęte jest całodobową ochroną, a jego mieszkańcy mają dostęp do zadbanych terenów zielonych oraz przestrzeni rekreacyjnych. Z salonu prowadzi bezpośrednie wyjście na kameralne patio dostępne wyłącznie dla mieszkańców, które stanowi spokojną przestrzeń do wypoczynku. Lokalizacja: Osiedle Ułańskie to jedna z najbardziej prestiżowych i cenionych lokalizacji w Poznaniu. Bezpośrednie sąsiedztwo City Parku zapewnia dostęp do licznych restauracji, kawiarni, punktów usługowych oraz przestrzeni rekreacyjnych. W pobliżu znajdują się również Park Wilsona, Park Kasprowicza, Arena, Uniwersytet Medyczny oraz Międzynarodowe Targi Poznańskie. Lokalizacja zapewnia bardzo dobrą komunikację z pozostałymi częściami miasta oraz szybki dojazd do Dworca PKP, PKS, Starego Rynku oraz centrów handlowych. Zapraszamy do kontaktu w celu uzyskania dodatkowych informacji oraz umówienia się na prezentację mieszkania. Chętnie przedstawimy wszystkie szczegóły oferty oraz odpowiemy na dodatkowe pytania podczas kontaktu. TEKTON PROPERTY TO NAJLEPSZE BIURO NIERUCHOMOŚCI W POLSCE WG KONKURSU LIDER NIERUCHOMOŚCI OTODOM 2020. Znajdź nas w swoim mieście: Gdańsk, ul. Chmielna 10 - Warszawa, Plac Dąbrowskiego 1/311 - Kraków, ul. Józefitów 7/4 - Poznań, ul. Wojskowa 6/D6 - Łódź, ul. Zachodnia 70 pok. 223, Opole, Gen. Tadeusza Kościuszki 1, lok. 1C. Podejmując współpracę z przedstawicielami Tekton Property zyskujesz: - oszczędność czasu, - weryfikację dokumentów od strony formalno-prawnej, - wsparcie agenta na każdym etapie transakcji, - pomoc przy uzyskaniu kredytu hipotecznego w kilkunastu bankach, - wgląd do umów przed zawarciem aktu notarialnego u sprawdzonych Notariuszy, - własne analizy makroekonomiczne i raporty z prowadzonych działań, - dostęp do cen transakcyjnych z okolicy. Skontaktuj się z opiekunem oferty, a on poprowadzi Cię przez wszystkie etapy transakcji. Zapraszamy do współpracy! Niniejsze ogłoszenie nie stanowi oferty handlowej w rozumieniu przepisów art. 66 k.c., a przedstawione dane mają charakter informacyjny.",,tak,,,własność,,52.403048,16.895205
Poznań Grunwald,ul. Świt,2,37,400000,10811.0,bez pośredników,,7,https://adresowo.pl/o/mieszkanie-poznan-grunwald-ul-swit-2-pokojowe-u4l0b2,https://s2.adresowa.pl/oi/29/61/3dc3e0_fda7_cover@2x-2-pokojowe-mieszkanie-poznan-grunwald-ul-swit.webp,Poznań Grunwald,Świt,3,,blok,,"Oferuję na sprzedaż przestronne mieszkanie o powierzchni 37 m² w bloku. Mieszkanie znajduje się na trzecim piętrze i jest w stanie do zamieszkania. W jego skład wchodzi: 2 pokoje, piwnica oraz wyposażenie, w tym meble, pralka, lodówka i kuchenka. Ogrzewanie miejskie zapewnia komfort w chłodniejsze dni. Dodatkowo, budynek wyposażony jest w windę oraz domofon. Lokalizacja na Grunwaldzie w Poznaniu to ogromna zaleta. W pobliżu znajdziesz: - lokalne targowisko, - filia biblioteki Raczyńskich, - Ogród Botaniczny Uniwersytetu, - wiele restauracji i kawiarni, - przedszkola oraz szkoły, w tym Uniwersytet im. Adama Mickiewicza, - przystanki komunikacji miejskiej, które zapewniają wygodny dostęp do reszty miasta. Nie czekaj! Skontaktuj się ze mną, aby umówić się na prezentację.",tak,,,drewniane,własność,"Wyposażenie: kuchenka, lodówka, pralka",52.409262,16.877578
Poznań Stare Miasto,ul. 3 Maja,2,44,639000,14523.0,bez pośredników,,7,https://adresowo.pl/o/mieszkanie-poznan-stare-miasto-ul-3-maja-2-pokojowe-j1v0h0,https://s2.adresowa.pl/oi/63/12/3dc030_3e6d_cover@2x-2-pokojowe-mieszkanie-poznan-stare-miasto-ul-3-maja.webp,Poznań Stare Miasto,3 Maja,2,,blok,,"Na sprzedaż funkcjonalne, 2-pokojowe mieszkanie o powierzchni 44,7 m² + ok. 2 m² pomieszczenia gospodarczego (łącznie ok. 46,7 m²), położone w ścisłym centrum Poznania - przy ul. 3 Maja, minutę spacerem od Placu Wolności. Mieszkanie znajduje się na 2. piętrze w budynku z windą, na zamkniętym osiedlu (brama na pilota, wejście na kod). Do dyspozycji mieszkańców bezpłatne miejsca parkingowe na terenie oraz piwnica. Układ: - dwa niezależne pokoje (oddzielne wejścia) - osobna kuchnia - łazienka - korytarz - pomieszczenie gospodarcze ok. 2 m² (wejście z kuchni, z podłączeniem pod pralkę i wodę) Standard: Mieszkanie w bardzo dobrym stanie, wykończone w nowoczesnym stylu. Wymieniona instalacja elektryczna. Lokal gotowy do wprowadzenia. Mieszkanie może zostać sprzedane z wyposażeniem - do uzgodnienia. Dodatkowe informacje: - mieszkanie obecnie wynajmowane - dostępność od czerwca - pełna własność Lokalizacja: Ścisłe centrum Poznania - Plac Wolności, Św. Marcin, Stary Rynek oraz komunikacja miejska w zasięgu kilku minut pieszo. Mieszkanie sprawdzi się zarówno do zamieszkania, jak i jako inwestycja pod wynajem (układ z dwoma niezależnymi pokojami). Cena: 639 000 zł Ze względu na logistykę, prezentacje umawiane z wyprzedzeniem. Prosimy o kontakt osoby realnie zainteresowane zakupem.",tak,,osobna,,własność,Wyposażenie: pralkę,52.408743,16.925072
Poznań Jeżyce,ul. Józefa Ignacego Kraszewskiego,1,22,449000,20409.0,bez pośredników,,3,https://adresowo.pl/o/mieszkanie-poznan-jezyce-ul-jozefa-ignacego-kraszewskiego-1-pokoj-s3l2w3,https://s2.adresowa.pl/oi/10/6e/3dbc9a_7421_cover@2x-1-pokojowe-mieszkanie-poznan-jezyce-ul-jozefa-ignacego-kraszewskiego.webp,Poznań Jeżyce,Józefa Ignacego Kraszewskiego,2,2027.0,blok,,"Oferuję na sprzedaż lokal inwestycyjny o powierzchni 22,07 m². Poznań Jeżyce ul. Kraszewskiego 26. Kawalerka sprzedawana jest na fakturę z 23% VAT. Kupując na firmę, otrzymasz zwrot podatku VAT. Cena netto: 365 627 zł. Cena brutto: 449 721 zł. Kawalerka znajduje się na drugim piętrze nowego apartamentowca. Stan deweloperski, gotowe do odbioru w Kwietniu 2027. Posiada otwartą kuchnię. Mieszkanie ma balkon, co daje możliwość relaksu na świeżym powietrzu. Lokalizacja jest atrakcyjna, w urbanistycznej części miasta. W pobliżu znajdziesz wiele punktów usługowych i rekreacyjnych. Możesz korzystać z pobliskich parków, a także z bogatej oferty kulturalnej, jak kina, teatry i muzea. W zasięgu ręki są sklepy, restauracje i kawiarnie. Nie zwlekaj, zadzwoń i przekonaj się sam o tym wyjątkowym mieszkaniu!",,,aneks,,,,52.410185,16.90267
Poznań Centrum,ul. Garbary 43,1,25,390000,15600.0,Pośrednik,,5,https://adresowo.pl/o/mieszkanie-poznan-centrum-ul-garbary-1-pokoj-n6d3f0,https://s2.adresowa.pl/oi/7a/30/3c0bc2_ae60_cover@2x-1-pokojowe-mieszkanie-poznan-centrum-ul-garbary.webp,Poznań Centrum,Garbary 43,parter,2025.0,blok,,"Zapraszamy do zapoznania się z ofertą kompaktowego mieszkania z prywatnym ogródkiem, położonego w prestiżowej inwestycji Rezydencja Garbary przy ul. Garbary 43 w Poznaniu. To propozycja dla osób poszukujących nieruchomości w ścisłym centrum miasta - zarówno do zamieszkania, jak i jako bezpieczna inwestycja. Najważniejsze atuty: • Topowa lokalizacja - ścisłe centrum, tuż przy Starym Rynku. • Prywatny ogródek - rzadkość w tej części miasta. • Nowoczesna inwestycja z 2025 roku. • Duże okna balkonowe zapewniające doskonałe doświetlenie wnętrza. • Stan deweloperski - możliwość wykończenia według własnych preferencji. • Możliwość zakupu przez firmę bez PCC. Mieszkanie składa się z: - Salonu z aneksem kuchennym i wyjściem do prywatnego ogródka (25,5 m²), - Łazienki, - Ogródka przynależnego do lokalu. Budynek: Sześciokondygnacyjna, nowoczesna inwestycja z 2025 roku. W budynku zaprojektowano balkony, portfenetry oraz - co rzadko spotykane w ograniczonym centrum - prywatne ogródki. Od strony dziedzińca zielony ogród wertykalny, podnoszący estetykę i komfort mieszkańców. duże, reprezentacyjne wejście od ul. Garbary zostaną wyremontowane przez dewelopera w 2026 roku. Ogrzewanie centralne. Lokalizacja: Garbary do jednej z najbardziej oddalonych lokalizacji w Poznaniu. W sąsiedztwie znajduje się Stary Rynek, Wartostrada, tereny zielone nad Wartą, uczelnie wyższe, restauracje, kawiarnie oraz pełna infrastruktura miejska. Doskonała komunikacja tramwajowa i autobusowa zapewnia szybki dojazd do każdej części miasta. Opłaty: Czynsz administracyjny: ok. 300 zł. To propozycja dla singla, pary, firmy lub inwestora poszukującego nieruchomości o charakterze w ścisłym centrum miasta. Zapraszamy do kontaktu w celu uzyskania dodatkowych informacji oraz spotkań na prezentacji. TEKTON PROPERTY TO NAJLEPSZE BIURO NIERUCHOMOŚCI W POLSCE WG KONKURSU LIDER NIERUCHOMOŚCI OTODOM 2020. Znajdź nas w swoim mieście: Gdańsk, ul. Chmielna 10 - Warszawa, Plac Dąbrowskiego 1/311 - Kraków, ul. Józefitów 7/4 - Poznań, ul. Wojskowa 6/D6 - Łódź, ul. Zachodnia 70 pok. 223, Opole, Gen. Tadeusza Kościuszki 1, lok. 1C. Podejmując współpracę z przedstawicielami Tekton Property zyskujesz: - oszczędność czasu, - weryfikację dokumentów od strony formalno-prawnej, - wsparcie agenta na każdym etapie transakcji, - pomoc przy uzyskaniu kredytu hipotecznego w kilkunastu bankach, - wgląd do umów przed zawarciem aktu notarialnego u sprawdzonych Notariuszy, - własne analizy makroekonomiczne i raporty z prowadzonych działań, - dostęp do cen transakcyjnych z okolicy. Skontaktuj się z opiekunem oferty, a on poprowadzi Cię przez wszystkie etapy transakcji. Zapraszamy do współpracy! Niniejsze ogłoszenie nie stanowi oferty handlowej w rozumieniu przepisów art. 66 k.c., a przedstawione dane mają charakter informacyjny.",,,,,własność,,52.406183,16.937458
Poznań Centrum,ul. Wierzbowa,2,76,799000,10513.0,Pośrednik,,9,https://adresowo.pl/o/mieszkanie-poznan-centrum-ul-wierzbowa-2-pokojowe-e3j3v2,https://s2.adresowa.pl/oi/14/25/3c0592_b551_cover@2x-2-pokojowe-mieszkanie-poznan-centrum-ul-wierzbowa.webp,Poznań Centrum,Wierzbowa,parter,,apartamentowiec,,"Na sprzedaż wyjątkowe mieszkanie 76,31 m² przy ul. Wierzbowej w Poznaniu, podzielone na 2 niezależne lokale idealne pod wynajem. To gotowy produkt inwestycyjny - po remoncie, w pełni umeblowane, z potencjałem wysokich zysków z najmu w centrum miasta. PODSTAWOWE INFORMACJE: • Typ nieruchomości: mieszkanie 2-pokojowe (podzielone na 2 lokale) • Powierzchnia: 76,31 m² • Lokalizacja: ul. Wierzbowa, Poznań (Stare Miasto) • Stan: do zamieszkania - po generalnym remoncie, w pełni umeblowane i wyposażone • Możliwość: wykup miejsca postojowego w hali garażowej ROZKŁAD POMIESZCZEŃ: Mieszkanie zostało zaprojektowane z myślą o maksymalnej funkcjonalności pod wynajem: - Korytarz 14,67 m² - Łazienka 8,14 m² - WC 2,11 m² - Pokój 12,21 m² - Pokój 24,95 m² - Kuchnia 10,23 m² - Garderoba 4,00 m² LOKALIZACJA I OKOLICA: Położone przy ul. Wierzbowej w Poznaniu - w sercu Starego Miasta, łączącym miejski prestiż z kameralnością. W pobliżu: • Stary Rynek i rzeka Warta - kilka minut spacerem • Doskonała komunikacja miejska (tramwaje i autobusy ZTM) • Restauracje, kawiarnie, sklepy • Tereny rekreacyjne i spacerowe • Uczelnie, biura i instytucje - cenione przez najemców Odległości do kluczowych punktów: • Stary Rynek - ok. 0,5 km (spacerem) • Rzeka Warta - ok. 0,3 km • Przystanki ZTM - bezpośrednio przy ulicy DODATKOWE INFORMACJE: Możliwość dokupienia miejsca postojowego w hali garażowej - szczegóły do ustalenia. CENA: 799 000 zł DO NEGOCJACJI Oferta jest objęta rezerwacją do 09.03.2026. _____________________________________________________________ Jeśli zastanawiasz się nad zakupem tej nieruchomości, ale nie jesteś pewien swojej zdolności kredytowej, mamy dla Ciebie świetną wiadomość! Współpracując z Movinest, możesz bezpłatnie sprawdzić swoją zdolność kredytową u renomowanego brokera. Skontaktuj się z nami, a pomożemy Ci przejść przez cały proces zakupu!",,tak,,,własność,,52.404282,16.940793
Poznań Grunwald,ul. Wojskowa,2,36,525000,14583.0,bez pośredników,,13,https://adresowo.pl/o/mieszkanie-poznan-grunwald-ul-wojskowa-2-pokojowe-b0x0n4,https://s2.adresowa.pl/oi/14/43/3dbc7a_fd9f_cover@2x-2-pokojowe-mieszkanie-poznan-grunwald-ul-wojskowa.webp,Poznań Grunwald,Wojskowa,parter,2005.0,blok,,"2 pokoje | 36 m² | ul. Wojskowa | gotowe do zamieszkania Na sprzedaż funkcjonalne i jasne mieszkanie o powierzchni 36 m², położone na parterze w spokojnej części Poznania przy ul. Wojskowej. Mieszkanie posiada bardzo praktyczny układ pomieszczeń i jest świetnie doświetlone. Układ mieszkania: - salon - sypialnia - oddzielna kuchnia z oknem - łazienka z prysznicem - przedpokój Atuty nieruchomości: - bardzo dobra lokalizacja blisko centrum (spacerem: 5 minut do Ronda Jana Nowaka-Jeziorańskiego, 15 minut do Dworca Głównego, 30 minut na Stary Rynek) - spokojne i zielone osiedle, w sąsiedztwie parku Jana Kasprowicza (Arena), blisko parku Wilsona (Palmiarnia) - mieszkanie dobrze nasłonecznione - funkcjonalny rozkład pomieszczeń - kuchnia w zabudowie ze sprzętem AGD - charakterystyczne okrągłe okno w kuchni, które daje dużo światła i nadaje wnętrzu wyjątkowy charakter Lokalizacja: W okolicy znajdują się sklepy, punkty usługowe, przystanki komunikacji miejskiej oraz tereny zielone. Szybki dojazd do centrum miasta. Idealne dla: - pary - singla - inwestora pod wynajem",,,osobna,plastikowe,własność,,52.401819,16.892615
Poznań Łazarz,ul. Józefa Łukaszewicza,4,62,785000,12661.0,bez pośredników,,11,https://adresowo.pl/o/mieszkanie-poznan-lazarz-ul-jozefa-lukaszewicza-4-pokojowe-a4q5b7,https://s2.adresowa.pl/oi/67/7f/3dbc6e_67ff_cover@2x-4-pokojowe-mieszkanie-poznan-lazarz-ul-jozefa-lukaszewicza.webp,Poznań Łazarz,Józefa Łukaszewicza,3,1920.0,kamienica,,Mieszkanie w kamienicy na sprzedaż. Gotowe do zamieszkania. Praktycznie w pełni wyposażone. Do delikatnego odświeżenia. Wszystkie meble mogą zostać na wyposażeniu. 3 niezależne sypialnie z wejściami z korytarza. Kuchnia wyposażona w podstawowe sprzęty i meble. Łazienka w pełni funkcjonalna. Salon połączony z kuchnią. W korytarzu duża szafa z półkami i miejscem na wieszaki. Do przejęcia od zaraz.,,,aneks,plastikowe,własność,,52.393056,16.903127
Poznań Wilda,ul. Kolejowa,1,42,499000,11881.0,bez pośredników,,20,https://adresowo.pl/o/mieszkanie-poznan-wilda-ul-kolejowa-1-pokoj-r6o7u7,https://s2.adresowa.pl/oi/3d/4c/3dbb64_5ba6_cover@2x-1-pokojowe-mieszkanie-poznan-wilda-ul-kolejowa.webp,Poznań Wilda,Kolejowa,1,1955.0,blok,,"Pośredników zapraszam z klientami, nie podpisuję umów. Oferuję stylowe mieszkanie kawalerkę w rewelacyjnej lokalizacji - na zrewitalizowanej ulicy Kolejowej 34. Mieszkanie znajduje się w klimatycznym bloku z 1955 roku, na pierwszym piętrze. Sympatyczni sąsiedzi. Budynek pod nadzorem konserwatora zabytków, wymienione pokrycie dachu (karpiówka). Mieszkanie o powierzchni 39 m2 (z piwnicą 42,6 m2) - wpisana do KW. Ogrzewanie i ciepła woda miejska. Nieruchomość po kapitalnym remoncie, została zaprojektowana w stylu soft loft z zachowaniem elementów oryginalnych, odkuta cegła, półka ze starej belki, nowe instalacje, ściany i sufity - gładź szpachlowa, dokumentacja do wglądu, drzwi wewnętrzne i zewnętrzne nowe. W pokoju dwa fotele w stylu vintage, nowy narożnik z funkcją spania, komoda, stylowe lampy. Kuchnia całkowicie wyposażona, piekarnik elektryczny, płyta indukcyjna, okap kuchenny, zmywarka, lodówka. W łazience pralka. Cały sprzęt nowy. W całym mieszkaniu wysokiej jakości wodoodporne panele, w łazience płytki. Okna plastikowe. Opłaty eksploatacyjne - 520 zł. Okolica jest bardzo spokojna, cicha i zadbana, dobrze skomunikowana - tramwaje, autobusy. W pobliżu znajduje się wiele punktów handlowych, park, kościół. Bezproblemowa, bezpłatna możliwość parkowania na terenie wspólnoty - wewnętrzne, duże podwórko. Remont przeprowadzony został profesjonalnie, z pełną starannością i dbałością o szczegóły. Mieszkanie jest funkcjonalne, idealne zarówno dla ludzi młodych jak i starszych, wolne, gotowe do wprowadzenia (wszystko w cenie nieruchomości). Stan prawny nieruchomości: pełna własność. W księdze wieczystej 42,6 m2 (wraz z piwnicą). Mieszkanie posiada certyfikat energetyczny. Służę fachową pomocą w załatwieniu wszelkich formalności związanych z zakupem w/w nieruchomości. Idealna oferta dla inwestorów, pod wynajem - do wprowadzenia. Pośredników zapraszam z klientami!",tak,tak,,plastikowe,własność,"Wyposażenie: lodówka, piekarnik, pralka, zmywarka",52.392015,16.905045
Poznań Wilda,ul. Antoniego Kosińskiego,2,56,660000,11786.0,Pośrednik,,17,https://adresowo.pl/o/mieszkanie-poznan-wilda-ul-antoniego-kosinskiego-2-pokojowe-t8j6b3,https://s2.adresowa.pl/oi/5e/34/3bf8f2_7ee8_cover@2x-2-pokojowe-mieszkanie-poznan-wilda-ul-antoniego-kosinskiego.webp,Poznań Wilda,Antoniego Kosińskiego,1,1920.0,kamienica,,"Zapraszamy do zapoznania się z ofertą sprzedaży stylowego, 2-pokojowego mieszkania o powierzchni 56 m², położonego na podwyższonym parterze zadbanej, w pełni zrewitalizowanej kamienicy przy ul. Kosińskiego w poznańskiej dzielnicy Wilda. Nieruchomość stanowi doskonałą propozycję dla osób poszukujących mieszkania z klimatem kamienicy, a jednocześnie w bardzo dobrym stanie technicznym, gotowego do zamieszkania bez konieczności ponoszenia dodatkowych nakładów finansowych. Najważniejsze atuty: • W pełni zrewitalizowana, solidna kamienica z 1920 roku podkreślająca charakter oraz trwałość budynku. • Mieszkanie po kapitalnym remoncie, gotowe do zamieszkania bez konieczności ponoszenia dodatkowych nakładów. • Podwyższony parter zapewniający wygodny dostęp do lokalu oraz większe poczucie prywatności. • Jasne i ciche wnętrza o funkcjonalnym układzie zapewniające komfort codziennego użytkowania. • Pełne umeblowanie oraz sprzęt AGD w cenie mieszkania umożliwiające natychmiastowe zamieszkanie. • Duża piwnica o powierzchni około 12 m² zapewniająca dodatkowe miejsce do przechowywania. Mieszkanie składa się z: - Przestronnego salonu, - Oddzielnego pokoju, - Funkcjonalnej kuchni, - Łazienki, - Korytarza. Budynek: Budynek to trzypiętrowa, murowana kamienica z 1920 roku, która przeszła kompleksową rewitalizację. W ramach prac odnowiono elewację, wymieniono dach oraz wszystkie instalacje w częściach wspólnych, w tym piony kanalizacyjne. Całość jest bardzo dobrze utrzymana i estetyczna, a zarządzaniem nieruchomością zajmuje się doświadczony, wieloletni zarządca. Do mieszkania przynależy również duża piwnica o powierzchni około 12 m², która zapewnia dodatkową przestrzeń do przechowywania. Lokalizacja: Wilda to jedna z najbardziej cenionych i dynamicznie rozwijających się dzielnic Poznania, która łączy miejski charakter z wygodą codziennego życia. Lokalizacja zapewnia bardzo dobrą komunikację z centrum miasta oraz szybki dostęp do pełnej infrastruktury miejskiej, co znacząco ułatwia codzienne funkcjonowanie mieszkańców. W najbliższym otoczeniu znajdują się sklepy, punkty usługowe, placówki medyczne, szkoły, przedszkola oraz liczne restauracje i kawiarnie, które tworzą przyjazną i tętniącą życiem przestrzeń. Dodatkowym atutem są tereny zielone oraz miejsca rekreacyjne w okolicy, sprzyjające aktywnemu wypoczynkowi i spędzaniu czasu na świeżym powietrzu. Zapraszamy do kontaktu oraz umówienia się na prezentację mieszkania. Chętnie przedstawimy wszystkie szczegóły oferty oraz odpowiemy na dodatkowe pytania podczas kontaktu. TEKTON PROPERTY TO NAJLEPSZE BIURO NIERUCHOMOŚCI W POLSCE WG KONKURSU LIDER NIERUCHOMOŚCI OTODOM 2020. Znajdź nas w swoim mieście: Gdańsk, ul. Chmielna 10 - Warszawa, Plac Dąbrowskiego 1/311 - Kraków, ul. Józefitów 7/4 - Poznań, ul. Wojskowa 6/D6 - Łódź, ul. Zachodnia 70 pok. 223, Opole, Gen. Tadeusza Kościuszki 1, lok. 1C. Podejmując współpracę z przedstawicielami Tekton Property zyskujesz: - oszczędność czasu, - weryfikację dokumentów od strony formalno-prawnej, - wsparcie agenta na każdym etapie transakcji, - pomoc przy uzyskaniu kredytu hipotecznego w kilkunastu bankach, - wgląd do umów przed zawarciem aktu notarialnego u sprawdzonych Notariuszy, - własne analizy makroekonomiczne i raporty z prowadzonych działań, - dostęp do cen transakcyjnych z okolicy. Skontaktuj się z opiekunem oferty, a on poprowadzi Cię przez wszystkie etapy transakcji. Zapraszamy do współpracy! Niniejsze ogłoszenie nie stanowi oferty handlowej w rozumieniu przepisów art. 66 k.c., a przedstawione dane mają charakter informacyjny.",,tak,,,własność,,52.389244,16.914521
Poznań Wilda,ul. Antoniego Kosińskiego,2,71,720000,10141.0,Pośrednik,,18,https://adresowo.pl/o/mieszkanie-poznan-wilda-ul-antoniego-kosinskiego-2-pokojowe-d5c1z8,https://s2.adresowa.pl/oi/1a/71/3bf8bc_481a_cover@2x-2-pokojowe-mieszkanie-poznan-wilda-ul-antoniego-kosinskiego.webp,Poznań Wilda,Antoniego Kosińskiego,1,1920.0,kamienica,,"Zapraszamy do zapoznania się z ofertą sprzedaży wyjątkowego, 2-pokojowego mieszkania o powierzchni 71,6 m², położonego przy ul. Kosińskiego w poznańskiej dzielnicy Wilda. Nieruchomość znajduje się w zadbanej, w pełni zrewitalizowanej kamienicy z 1920 roku, która łączy solidne, historyczne budownictwo z nowoczesnym standardem technicznym. Mieszkanie przeszło kapitalny remont i jest gotowe do zamieszkania bez konieczności ponoszenia dodatkowych nakładów finansowych, co czyni je atrakcyjną propozycją zarówno dla osób szukających komfortowego miejsca do życia, jak i dla inwestorów. Najważniejsze atuty: • Zrewitalizowana, solidna kamienica z 1920 roku. • Mieszkanie po kapitalnym remoncie, gotowe do zamieszkania. • Przestronny i funkcjonalny układ pomieszczeń. • Cicha ekspozycja z widokiem na zieleń mimo centralnej lokalizacji. • Pełne umeblowanie oraz sprzęt AGD w cenie mieszkania. • Duża piwnica o powierzchni około 12 m². Mieszkanie składa się z: - Przestronnego salonu (ok. 29 m²), - Pokoju (ok. 13 m²), - Oddzielnej kuchni (ok. 10 m²), - Dużej łazienki (ok. 9 m²), - Korytarza, - Piwnicy (ok. 12 m²). Budynek: Budynek to trzypiętrowa, murowana kamienica z 1920 roku, która przeszła kompleksową rewitalizację. W ramach przeprowadzonych prac odnowiono dach oraz wymieniono wszystkie instalacje w częściach wspólnych, w tym piony kanalizacyjne. Kamienica jest w bardzo dobrym stanie technicznym i pozostaje pod opieką doświadczonego administratora, co zapewnia właściwe utrzymanie części wspólnych oraz komfort mieszkańców. Lokalizacja: Nieruchomość położona jest w jednej z najbardziej cenionych dzielnic Poznania - na Wildzie. Lokalizacja łączy bliskość centrum miasta z kameralnym charakterem zabudowy oraz dostępem do terenów zielonych. W najbliższej okolicy znajdują się liczne sklepy, punkty usługowe, placówki medyczne, szkoły i przedszkola, a także restauracje i kawiarnie. Dodatkowym atutem jest bardzo dobra komunikacja miejska, która umożliwia szybki dojazd do centrum Poznania oraz innych dzielnic miasta. Dzięki temu mieszkanie stanowi doskonałą propozycję zarówno dla osób planujących zamieszkanie w tej lokalizacji, jak i dla inwestorów poszukujących nieruchomości pod wynajem. Zapraszamy do kontaktu oraz umówienia się na prezentację mieszkania. TEKTON PROPERTY TO NAJLEPSZE BIURO NIERUCHOMOŚCI W POLSCE WG KONKURSU LIDER NIERUCHOMOŚCI OTODOM 2020. Znajdź nas w swoim mieście: Gdańsk, ul. Chmielna 10 - Warszawa, Plac Dąbrowskiego 1/311 - Kraków, ul. Józefitów 7/4 - Poznań, ul. Wojskowa 6/D6 - Łódź, ul. Zachodnia 70 pok. 223, Opole, Gen. Tadeusza Kościuszki 1, lok. 1C. Podejmując współpracę z przedstawicielami Tekton Property zyskujesz: - oszczędność czasu, - weryfikację dokumentów od strony formalno-prawnej, - wsparcie agenta na każdym etapie transakcji, - pomoc przy uzyskaniu kredytu hipotecznego w kilkunastu bankach, - wgląd do umów przed zawarciem aktu notarialnego u sprawdzonych Notariuszy, - własne analizy makroekonomiczne i raporty z prowadzonych działań, - dostęp do cen transakcyjnych z okolicy. Skontaktuj się z opiekunem oferty, a on poprowadzi Cię przez wszystkie etapy transakcji. Zapraszamy do współpracy! Niniejsze ogłoszenie nie stanowi oferty handlowej w rozumieniu przepisów art. 66 k.c., a przedstawione dane mają charakter informacyjny.",,tak,,,własność,,52.38933,16.914411
Poznań Szeląg,ul. Wilczak,2,43,499000,11605.0,bez pośredników,,12,https://adresowo.pl/o/mieszkanie-poznan-szelag-ul-wilczak-2-pokojowe-r5g4d9,https://s2.adresowa.pl/oi/19/1e/3dbada_b66f_cover@2x-2-pokojowe-mieszkanie-poznan-szelag-ul-wilczak.webp,Poznań Szeląg,Wilczak,4,1992.0,blok,,Na sprzedaż mieszkanie na ul. Wilczak w Poznaniu. Mieszkanie znajduje się na 4. piętrze kameralnego bloku. W skład mieszkania wchodzą: - salon z aneksem kuchennym - sypialnia - łazienka - balkon - piwnica Możliwość parkowania na terenie osiedla. Szlaban na pilota.,tak,,aneks,,własność,,52.430942,16.952111
Poznań Grunwald,ul. Jawornicka,1,38,499000,13132.0,bez pośredników,,11,https://adresowo.pl/o/mieszkanie-poznan-grunwald-ul-jawornicka-1-pokoj-e7n8s7,https://s2.adresowa.pl/oi/44/2f/3db8b4_356c_cover@2x-1-pokojowe-mieszkanie-poznan-grunwald-ul-jawornicka.webp,Poznań Grunwald,Jawornicka,2,2002.0,blok,,"Sprzedaż bezpośrednia — bez pośredników, bez prowizji kupującego. Do sprzedania funkcjonalna kawalerka 38,40 m² z balkonem, położona na drugim piętrze kameralnego, 3-piętrowego budynku przy ul. Jawornickiej na Grunwaldzie. Ustawny układ, zadbany stan i świetnie skomunikowana lokalizacja — mieszkanie sprawdzi się zarówno jako pierwsze własne ""M"", lokum dla pary, jak i stabilna inwestycja pod wynajem. Układ mieszkania: - Pokój dzienny z aneksem kuchennym — otwarta, ustawna przestrzeń 24,3 m² z wyjściem na balkon - Łazienka — 4,4 m² - Przedpokój z miejscem na zabudowę (ścianka widoczna na rzucie mieszkania jest aktualnie zlikwidowana) - Balkon — ok. 4,3 m² Okna wychodzą na wschód, na spokojną, boczną uliczkę — rano mieszkanie jest naturalnie rozświetlone, a za dnia panuje cisza z dala od ruchu. Stan i wyposażenie: Mieszkanie jest zadbane i gotowe do zamieszkania. W cenie zostaje pełne umeblowanie oraz kuchnia na wymiar z zabudową i sprzętem AGD. Okna plastikowe, instalacje sprawne, łazienka wykończona płytkami. Budynek i opłaty: Budynek z 2002 roku, ocieplony, o tradycyjnej konstrukcji murowanej. Ogrzewanie i ciepła woda — miejska sieć ciepłownicza (bez pieca, bez pilnowania, stabilne rozliczenia). - Czynsz administracyjny: ok. 580 zł/m-c (dla 2 osób, z ogrzewaniem w cenie) - Prąd — rozliczany osobno wg zużycia - Świadectwo energetyczne ważne do 01.2034 r. (EP = 86,67 kWh/m²·rok) W budynku znajduje się hala garażowa — istnieje możliwość wynajęcia miejsca postojowego bezpośrednio na miejscu, co jest dużym komfortem dla właściciela auta. Lokalizacja — Grunwald Południe / Marcelin: Jedna z najbardziej wygodnych, ""miejskich"" lokalizacji w Poznaniu. Wszystko, czego potrzeba na co dzień, w zasięgu krótkiego spaceru: - Lasek Marceliński — kilka minut pieszo, idealny na poranne bieganie, spacery, weekendowy reset - Przystanek tramwajowy w bezpośredniej okolicy — szybki dojazd do centrum, MTP, dworca PKP i głównych uczelni - Biedronka, piekarnia i mniejsze sklepy osiedlowe tuż obok - Siłownia, lokale gastronomiczne, punkty usługowe w okolicy - Świetna komunikacja samochodem — szybki wyjazd na obwodnicę i drogi wylotowe z Poznania Okolica dobrze zadbana, spokojna, z sąsiedztwem typowym dla osiedla rodzinnego. Stan prawny: - Odrębna własność lokalu z założoną księgą wieczystą - Wolne od wszelkich obciążeń i hipoteki - Dostępne od lipca/września 2026 (do ustalenia) Mieszkanie to będzie idealne dla singli, pary, osoby studiującej, a także pod inwestycję ponieważ znajduje się w lokalizacji z pewnym popytem na najem. Zapraszam na prezentację — chętnie pokażę mieszkanie także w weekendy. Proszę o kontakt telefoniczny lub sms. Pośrednikom dziękuję. Nie jestem zainteresowana pośrednictwem w sprzedaży.",,tak,aneks,plastikowe,własność,,52.385772,16.860286
Poznań Winiary,ul. Turkusowa,2,38,456000,12000.0,bez pośredników,,9,https://adresowo.pl/o/mieszkanie-poznan-winiary-ul-turkusowa-2-pokojowe-b9s0z5,https://s2.adresowa.pl/oi/11/11/3db5de_8e9d_cover@2x-2-pokojowe-mieszkanie-poznan-winiary-ul-turkusowa.webp,Poznań Winiary,Turkusowa,10,1970.0,blok,,"Na sprzedaż 2-pokojowe mieszkanie z balkonem o powierzchni 37,8m2, znajdujące się przy ul. Turkusowej 6 na granicy dzielnic Winiary/Sołacz. Nieruchomość jest dostępna 'od zaraz' i gotowa do wprowadzenia. Nie wymaga żadnych nakładów finansowych na start. Sprawdzi się do użytku własnego jak i jako opcja inwestycyjna pod najem. Mieszkanie znajduje się na najwyższym piętrze w 10-piętrowym bloku z dwoma windami, gwarantując genialny widok na panoramę miasta. Budynek w 2023r. przeszedł termomodernizację. Poza ociepleniem bloku odświeżone zostały elewacja i balkony. Na nieruchomość składają się: -duża sypialnia z łóżkiem 2-os. i szafą wnękową -przestrzenny pokój dzienny z aneksem kuchennym (lodówka, zmywarka, mikrofala, kuchenka gazowa z elektrycznym piekarnikiem) - łazienka z pralką - balkon z wyprowadzonym gniazdem elektrycznym -piwnica Wszystko jak na zdjęciach, sprzęt AGD i RTV sprawny, meble z normalnymi śladami użytkowania. Nic nie zabieram, więc na spokojnie można sobie wprowadzać własne ulepszenia bez presji dodatkowych kosztów na start. W piwnicy jest pomieszczenie rowerowe/wózkarnia. Największym atutem jest lokalizacja mieszkania. Blok mieści się na końcu 'ślepego osiedla', więc nie ma przypadkowego ruchu. W pobliżu sporo terenów zielonych i rekreacyjnych jak park Sołacki, ogród dendrologiczny czy Las Golęciński ciągnący się aż po Strzeszynek/Kiekrz. Dodatkowo zatwierdzony niedawno został MPZP dla osiedla (ostatnie zdjęcie) i pod samym blokiem powstanie kolejny park. Aktualnie trwa rozbiórka garaży i przygotowanie terenu pod inwestycję. Kolejny atut to dostępność komunikacyjna. Bardzo blisko przystanek tramwajowy Bonin (linia 9 i 11). W pobliżu przystanki autobusowe ([numer], [numer], 226). Rowerem do ścisłego centrum dojedziemy w 15 minut spokojnym tempem. Dla zmotoryzowanych zaraz koło osiedla ul. Niestachowska/Witosa, więc główna trasa tworząca 'ring drogowy' wokół Poznania jak i wylotówkę z miasta. Poza powyższym w bezpośredniej okolicy miejsca klasyczne dla dużego miasta, czyli przedszkole, szkoła, kebab, sklepy (żabka, chata polska x2), piekarnia, cukiernia, warzywniak, apteka. Nieco dalej Biedronka, sklep 24h, Makro i centra handlowe Plaza i Pestka. Gorąco polecam i zapraszam do kontaktu by umówić się na prezentację.",tak,,aneks,plastikowe,spółdzielcze własnościowe,"Wyposażenie: kuchenka, lodówka, piekarnik, tv, zmywarka",52.431638,16.905378
Poznań Jeżyce,ul. Jana Henryka Dąbrowskiego 45,3,76,725000,9539.0,Pośrednik,,21,https://adresowo.pl/o/mieszkanie-poznan-jezyce-ul-jana-henryka-dabrowskiego-3-pokojowe-f4z7l0,https://s2.adresowa.pl/oi/48/4b/3bf000_f457_cover@2x-3-pokojowe-mieszkanie-poznan-jezyce-ul-jana-henryka-dabrowskiego.webp,Poznań Jeżyce,Jana Henryka Dąbrowskiego 45,2,1910.0,kamienica,,"Kupujący nie płaci prowizji. Na sprzedaż 3-pokojowe mieszkanie o powierzchni 76,4 m² z dodatkową piwnicą ok. 13 m², położone w kamienicy przy ul. Dąbrowskiego 45, tuż przy Rynku Jeżyckim. Lokal znajduje się na 2. piętrze w oficynie, co zapewnia kameralność - tylko dwóch sąsiadów (jeden nad i jeden pod mieszkaniem). Atuty nieruchomości: *Topowa lokalizacja - Rynek Jeżycki i ścisłe centrum miasta *Trzy niezależne pokoje + oddzielna kuchnia - idealny, klasyczny układ *Dwustronna ekspozycja - północny wschód oraz południowy zachód *Bardzo dobre doświetlenie - szczególnie od strony południowo-zachodniej *Wysokie sufity ok. 2,8 m - kamieniczny klimat i poczucie przestrzeni *Ogrzewanie miejskie *Pełna własność *Duża piwnica - ok. 13 m² Ogromny potencjał aranżacyjny - możliwość stworzenia wyjątkowej przestrzeni w jednej z najlepszych lokalizacji w Poznaniu Mieszkanie idealne również pod działalność biurową (kancelaria, gabinet, biuro) Układ mieszkania: -Trzy niezależne pokoje -Oddzielna kuchnia -Łazienka -Korytarz Lokalizacja: Nieruchomość położona jest bezpośrednio przy Rynku Jeżyckim - w jednej z najbardziej pożądanych i klimatycznych części Poznania. To lokalizacja, tętniąca życiem, pełna kawiarni, restauracji, lokalnych sklepów i punktów usługowych, a jednocześnie doskonale skomunikowana z resztą miasta. W bliskiej odległości znajdują się: Rynek Jeżycki - 50 m Biedronka- 270m Lidl -600m UAM - 850m Uniwersytet Medyczny - 850m Centrum Kultury ZAMEK - 1,1km Galeria handlowa Avenida - 1,6km Park Sołacki - 1,7km Bliskość komunikacji miejskiej pozwala na wygodny dojazd do każdej części Poznania: Przystanek tramwajowy Rynek Jeżycki (20m)- linie 8, 18,28 Przystanek autobusowy Kościelna (240m) - linie [numer] Przystanek tramwajowy i autobusowy Most Teatralny (700m) - linie [numer],[numer][numer][numer][numer]2,223,224 Podsumowanie: To propozycja dla osób, które szukają lokalizacji z charakterem i potencjałem. Mieszkanie do odświeżenia, ale z ogromnymi możliwościami - w takiej lokalizacji odnowione wnętrze zyskuje zupełnie inną wartość. Idealne dla rodziny, pary, inwestora, jak również pod działalność biurową lub usługową. Jeżyce w najlepszym wydaniu - bliżej się nie da. Zainteresowała Cię ta oferta? Zapraszam do kontaktu - z przyjemnością udzielę więcej informacji i umówię prezentację.",,,,,własność,,52.412463,16.905607
Poznań Wilda,ul. Antoniego Kosińskiego,2,48,569000,11854.0,Pośrednik,,14,https://adresowo.pl/o/mieszkanie-poznan-wilda-ul-antoniego-kosinskiego-2-pokojowe-b8q6n6,https://s2.adresowa.pl/oi/4b/19/3be444_b6c7_cover@2x-2-pokojowe-mieszkanie-poznan-wilda-ul-antoniego-kosinskiego.webp,Poznań Wilda,Antoniego Kosińskiego,2,1954.0,kamienica,,"Kupujący nie płaci prowizji. Na sprzedaż 2-pokojowe mieszkanie o powierzchni 48,13 m², położone w zadbanej kamienicy przy ul. Kosińskiego na Wildzie. Lokal znajduje się na 2. piętrze w 4-piętrowym budynku z 1954 roku, w samym sercu miasta, a jednocześnie z dostępem do zamkniętego patio z placem zabaw i miejscami parkingowymi. Atuty nieruchomości: *Dwa niezależne pokoje + osobna, zamykana kuchnia - funkcjonalny i bardzo uniwersalny układ *Dwustronna ekspozycja północ-południe - dobre doświetlenie mieszkania *Kamienica po remontach - ocieplona elewacja od strony podwórza, odświeżane klatki schodowe *Wymienione piony wodno-kanalizacyjne (2006 r.) *Instalacja elektryczna sukcesywnie modernizowana w latach 2018-2020 *Ogrzewanie miejskie *Pełna własność *Zamkniętem patio z wjazdem - możliwość parkowania oraz plac zabaw *Świetna lokalizacja w centrum miasta - wszystko w zasięgu kilku minut *Mieszkanie idealne zarówno do zamieszkania, jak i jako inwestycja pod wynajem Układ mieszkania: -Pokój z ekspozycją południową -Drugi, niezależny pokój z oknem od strony północnej -Oddzielna, zamykana kuchnia z ekspozycją północną -Łazienka -Korytarz Lokalizacja: Nieruchomość położona jest na Wildzie - jednej z najbardziej pożądanych i dynamicznie rozwijających się dzielnic Poznania. Centralne położenie zapewnia szybki dostęp do komunikacji miejskiej, punktów usługowych, uczelni oraz terenów rekreacyjnych. W bliskiej odległości znajdują się: Przystanek tramwajowy i autobusowy Kosińskiego - 190 m - linie nr [numer]15 Stokrotka - 300m Galeria green point - 450m Biedronka - 850m Szkoła Podstawowa nr 25 - 300m Żłobek Miś Uszatek -130m Poznański Ośrodek Sportu i Rekreacji - 1km Park im. Jana Pawła II z wybiegiem dla psów - 1km Stary Browar -1,6 km Akademia Wychowania Fizycznego - 2,2 km Podsumowanie: To bardzo uniwersalna propozycja - idealna dla singla, pary, rodziny z dzieckiem, studenta lub inwestora. Niezależny układ pomieszczeń, centralna lokalizacja, kamienica po remontach oraz dostęp do zamkniętego podwórza z możliwością parkowania sprawiają, że mieszkanie doskonale sprawdzi się zarówno pod najem krótko-, jak i długoterminowy, jak również do komfortowego zamieszkania. Zainteresowała Cię ta oferta? Zapraszam do kontaktu - z przyjemnością udzielę więcej informacji i umówię prezentację.",,,,,własność,,52.388979,16.915832
Poznań Piątkowo,os. Bolesława Chrobrego,3,62,635000,10242.0,bez pośredników,,12,https://adresowo.pl/o/mieszkanie-poznan-piatkowo-os-boleslawa-chrobrego-3-pokojowe-a3i6q1,https://s2.adresowa.pl/oi/52/4e/3db5d6_b1bb_cover@2x-3-pokojowe-mieszkanie-poznan-piatkowo-os-boleslawa-chrobrego.webp,Poznań Piątkowo,os. Bolesława Chrobrego,3,1978.0,blok,,"Na sprzedaż 3 pokojowe bardzo ładne i ustawne mieszkanie o powierzchni 63m2 na osiedlu Bolesława Chrobrego w Poznaniu, w bloku z windą na 3 piętrze. Posiada przestronny korytarz z zabudową wnękową oraz balkon typu logga. Do dyspozycji jest piwnica oraz dodatkowe pomieszczenie gospodarcze na półpiętrze klatki schodowej z drzwiami przeciwwłamaniowymi. Mieszkanie jest świetnie skomunikowane, obok bloku są przystanki autobusowe i w odległości 3 minut przystanek PST. W pobliżu znajdują się sklepy Biedronka, Chata Polska, Lidl i liczne mniejsze sklepy, kawiarnie piekarnie i ryneczek. Ok 200m od mieszkania jest Przychodnia lekarza pierwszego kontaktu oraz Osiedlowy Dom Kultury Dąbrówka. Ponadto pod domem jest odnowiony plac zabaw i boisko, a w pobliżu znajdują się żłobki, przedszkola, szkoły podstawowe, społeczne. Spacerek ok 10min można dotrzeć do świetnie zagospodarowanego parku. Mieszkanie idealne dla osób chcących mieszkać blisko infrastruktury miejskiej, rodzin czy osób lubiących mieć wszystko pod ręką. Ogłoszenie ma charakter informacyjny i nie stanowi oferty handlowej w rozumieniu Art. 66 par. 1 Kodeksu Cywilnego.",tak,,osobna,drewniane,spółdzielcze własnościowe,,52.450966,16.915597
Poznań Winiary,ul. Piątkowska,2,49,648000,13224.0,bez pośredników,,14,https://adresowo.pl/o/mieszkanie-poznan-winiary-ul-piatkowska-2-pokojowe-f2a3r4,https://s2.adresowa.pl/oi/1c/7e/3db288_b854_cover@2x-2-pokojowe-mieszkanie-poznan-winiary-ul-piatkowska.webp,Poznań Winiary,Piątkowska,2,2006.0,blok,,"Na sprzedaż funkcjonalne mieszkanie 2 pokojowe o powierzchni 49,9 m², położone na 2 piętrze przy ul. Piątkowskiej 84 w Poznaniu (budynek Ataner). Dodatkowo zamykany garaż w hali podziemnej (box) o powierzchni 16,4 m². Lokal narożny z ekspozycją południowo-zachodnią, bardzo dobrze doświetlony przez większą część dnia. Układ pomieszczeń: - salon z wyjściem na balkon - 17,3 m² - sypialnia z wyjściem na balkon - 10,2 m² - kuchnia (oddzielna) - 8,0 m² - łazienka - 4,0 m² - hol - ok. 10 m² - balkon - ok. 7 m² Układ bardzo funkcjonalny: dwa niezależne pokoje i osobna kuchnia. Stan mieszkania: - mieszkanie było przez cały czas wynajmowane - do odświeżenia lub remontu (możliwość aranżacji według własnych potrzeb) Najważniejsze atuty: - dobra lokalizacja, szybki dojazd do centrum, 3 min do przystanku PST Słowiańska - jasne mieszkanie (ekspozycja południowo-zachodnia) - funkcjonalny, rozkładowy układ - oddzielna kuchnia (możliwość otwarcia na salon) - duży balkon - garaż box w podziemnej hali Mieszkanie sprawdzi się zarówno jako: - inwestycja pod wynajem: - 2 niezależne pokoje - dodatkowo garaż do wynajęcia - możliwość podniesienia standardu - mieszkanie na własne potrzeby: - prosty układ do własnej aranżacji - własny box garażowy Lokalizacja - Piątkowo: - szybki tramwaj PST - przystanek autobusowy pod blokiem - blisko uczelnie i tereny zielone - pełna infrastruktura: sklepy, usługi, szkoły Podsumowanie: Mieszkanie z bardzo dobrym układem i dużym potencjałem zarówno inwestycyjnym, jak i do zamieszkania. Wygodna lokalizacja i dostępność komunikacji miejskiej (PST, przystanek autobusowy pod blokiem) dają wiele możliwości. Dodatkowym atutem jest garaż w formie zamykanego boxu.",,tak,osobna,plastikowe,własność,,52.432116,16.914328
Poznań Ogrody,ul. Szpitalna,1,26,339000,13038.0,bez pośredników,,9,https://adresowo.pl/o/mieszkanie-poznan-ogrody-ul-szpitalna-1-pokoj-r9k9k6,https://s2.adresowa.pl/oi/34/73/3db072_2b1b_cover@2x-1-pokojowe-mieszkanie-poznan-ogrody-ul-szpitalna.webp,Poznań Ogrody,Szpitalna,5,,blok,,"Przedmiotem oferty jest przytulna, świetnie zlokalizowana kawalerka. Mieszkanie znajduje się na Ogrodach - 50m od pętli tramwajowej, którą widać z okna! Świetna komunikacja z centrum miasta (15 minut tramwajem) i uczelniami. W okolicy liczne sklepy, restauracje, parki oraz jezioro Rusałka. UWAGA: w budynku nie ma windy. Świetnie nadaje się pod inwestycję, chętnie wynajmują je studenci. ROI na poziomie około 6% Kilka lat temu przeszło gruntowny remont (włącznie z wymianą instalacji elektrycznej) i zostało praktycznie urządzone oraz wyposażone a dwa tygodnie temu zostało odświeżone i odmalowane! Nieruchomość składa się z przestronnego i jasnego pokoju dzienno-sypialnego, również bardzo jasnej kuchni z przestrzenią jadalną. Łazienki i korytarza, na którym znajduje się duża szafa typu walk-in. Dzięki świetnemu układowi oraz przemyślanej aranżacji wnętrza, mieszkanie wydaje się znacznie większe niż naprawdę jest! Polecam i zapraszam do kontaktu!",,,,,,,52.41448,16.879437
Poznań Centrum,ul. Grobla,1,26,409000,15731.0,Pośrednik,,6,https://adresowo.pl/o/mieszkanie-poznan-centrum-ul-grobla-1-pokoj-s8p3w0,https://s2.adresowa.pl/oi/6a/58/3bdd84_aa4f_cover@2x-1-pokojowe-mieszkanie-poznan-centrum-ul-grobla.webp,Poznań Centrum,Grobla,3,1905.0,kamienica,,"Mam ogromną przyjemność przedstawić ofertę sprzedaży wykończonej kawalerki znajdującej się na trzecim piętrze kamienicy, wybudowanej w 1905 roku przy ul. Grobla, która obecnie przechodzi rewitalizację! P O W I E R Z C H N I A Na powierzchnie lokalu mieszkalnego wynoszącą 26,41 m² przypadają : - przestronny salon z aneksem kuchennym o powierzchni 23,52 m²; - ustawna łazienka o powierzchni 2,89 m²; Korzystny układ nieruchomości umożliwia również wygospodarowanie dodatkowego pokoju na sypialnie. S P E C Y F I K A C J A Nieruchomość idealna dla studentów, singli, par lub pod wynajem. Sprzęt AGD (lodówka, piekarnik, zmywarka, indukcja, okap) w cenie! Ogromny potencjał inwestycyjny ze względu na lokalizację nieruchomości w ścisłym centrum miasta oraz rewitalizacje budynku, za sprawą której wzrost cen lokali znajdujących się tutaj w perspektywie niedługiego czasu jest gwarantowany! Komfortowe ogrzewanie miejskie, co jest rzadkością jeśli chodzi o kamienice! L O K A L I Z A C J A Lokalizacja mówi sama za siebie, lokal mieszkalny usytuowany jest w samym sercu miasta, zaledwie 5 min spacerem od deptaka Starego Rynku. W pobliżu znajdują się kultowe miejsca na mapie Poznania tj. Kupiec Poznański, Stary Browar, Plac Wolności i wiele innych. Wokół pełna infrastruktura handlowo - usługowa : sklepy, restauracje, gabinety medyczne, szpitale, szkoły, przedszkola, uczelnie wyższe m.in. UE, UAM, WSB Merito, Uniwersytet Artystyczny, Akademia Muzyczna Bliskość terenów rekreacyjnych - 7 minut spacerem do Warty, 20 minut spacerem do Parku Cytadela, 6 minut do Parku Fryderyka Chopina Doskonała komunikacja szybki dostęp do transportu publicznego: przystanek Małe Garbary (8 minut pieszo), Rondo Śródka (20 minut pieszo). B U D Y N E K & R E W I T A L I Z A C J A Historyczna zabudowa - kamienica wybudowana w 1905 roku o wyjątkowym charakterze, która właśnie przechodzi kompleksową renowację przywracającą jej dawny blask! Zakres prac obejmuje : Wymiana pionów wodno-kanalizacyjnych. Nowe piony wodno-kanalizacyjne. Nowe piony elektryczne i rozdzielnia elektryczna. Liczniki wody dla wszystkich mieszkań. Naprawy części wspólnych oraz konserwacja dachu. Rozpisanie kominów wentylacyjnych oraz przydzielenie ich do mieszkań. Montaż domofonów w lokalach Remont elewacji budynku (w galerii widoczna wizualizacja stanu docelowego) Remont klatek schodowych Doprowadzenie światłowodu i domofonu Z A L E T Y Wyjątkowa, prestiżowa lokalizacja i codzienny komfort życia w centrum miasta. Potencjał wzrostu wartości - po zakończeniu remontu kamienicy wartość nieruchomości znacząco wzrośnie. Atrakcyjność na rynku wynajmu - mieszkania w tej okolicy cieszą się dużym zainteresowaniem. Płynność na rynku - mieszkania w przedziale 25-35 m2 cieszą się największym popytem! Pełna własność z udziałem w gruncie! Ogrzewanie miejskie! Brak prowizji od strony Kupującej! Posiadamy w tym segmencie cenowym i metrażowym również inne lokale na sprzedaż. Po więcej informacji serdecznie zapraszamy do kontaktu.",,,,,własność,"Wyposażenie: lodówka, piekarnik, zmywarka",52.406411,16.938276
Poznań Grunwald,ul. Cześnikowska,4,63,740000,11746.0,Pośrednik,,20,https://adresowo.pl/o/mieszkanie-poznan-grunwald-ul-czesnikowska-4-pokojowe-k6e3l1,https://s2.adresowa.pl/oi/66/66/3bd1ae_d439_cover@2x-4-pokojowe-mieszkanie-poznan-grunwald-ul-czesnikowska.webp,Poznań Grunwald,Cześnikowska,2,1960.0,blok,,"Zapraszamy do zapoznania się z ofertą sprzedaży komfortowego i klimatycznego mieszkania o powierzchni 63 m², zlokalizowanego w niskim, kameralnym budynku z cegły. Budynek przeszedł termomodernizację, a sama nieruchomość znajduje się w spokojnej i zielonej części miasta. To propozycja dla osób, które cenią ciszę, dobrą komunikację oraz funkcjonalny układ pomieszczeń. Mieszkanie jest trójstronne, bardzo dobrze doświetlone i ciche. Budynek znajduje się w odpowiednim oddaleniu od głównych ulic, dzięki czemu zapewnia komfort akustyczny, a jednocześnie szybki dostęp do komunikacji miejskiej i infrastruktury. Dodatkowym atutem jest kameralny charakter budynku - na piętrze znajdują się jedynie dwa mieszkania. Najważniejsze atuty: • Cztery niezależne pokoje. • Dwa balkony. • Mieszkanie po remoncie. • Budynek z cegły po termomodernizacji. • Trójstronna ekspozycja i bardzo dobre doświetlenie. • Kameralna zabudowa - tylko dwa mieszkania na piętrze. Mieszkanie składa się z: - Salonu z częścią jadalnianą i wyjściem na balkon, - Trzech niezależnych pokoi, - Oddzielnej, jasnej kuchni w zabudowie, - Łazienki z prysznicem i odpływem liniowym, - Osobnej toalety, - Korytarza z zabudowaną szafą. Układ mieszkania jest bardzo funkcjonalny i wyraźnie dzieli przestrzeń na część dzienną oraz prywatną. Jeden z pokoi posiada wyjście na drugi balkon, co dodatkowo zwiększa komfort użytkowania. Mieszkanie jest ustawne i daje możliwość dostosowania pomieszczeń zarówno do potrzeb rodziny, jak i pracy zdalnej. Standard wykończenia obejmuje między innymi drewnianą stolarkę drzwiową, wysokiej jakości podłogi oraz liczne zabudowy stałe. Instalacja elektryczna jest miedziana i posiada dostęp do trzech faz prądu. W mieszkaniu zastosowano także siatki zabezpieczające, które są rozwiązaniem przyjaznym dla właścicieli zwierząt. Lokal przeszedł kompleksowy remont i był na bieżąco modernizowany. W ostatnich latach wykonano między innymi modernizację instalacji elektrycznej, wymianę oświetlenia, nowe podłogi oraz odświeżenie ścian. W 2025 roku wykonano także nowe szafy w zabudowie oraz poszerzono pomieszczenie toalety, co poprawiło funkcjonalność mieszkania. Budynek: Budynek z cegły charakteryzuje się solidną konstrukcją oraz kameralną zabudową. W ostatnich latach wykonano modernizację pionów instalacyjnych oraz termomodernizację, co przekłada się na lepszy komfort cieplny oraz niższe koszty utrzymania. Do dyspozycji mieszkańców pozostaje również pomieszczenie do przechowywania rowerów oraz sprzętu sportowego. Do mieszkania przynależy piwnica o powierzchni około 3 m². Na osiedlu dostępne są ogólnodostępne miejsca postojowe, a dodatkowo istnieje możliwość korzystania z murowanego garażu o powierzchni 16,5 m² za opłatą około 487 zł brutto miesięcznie. Lokalizacja: Nieruchomość położona jest w otoczeniu licznych terenów zielonych i rekreacyjnych. W pobliżu znajdują się Park Astronomiczny im. Jana Heweliusza oraz Skwer Janusza Ziółkowskiego, a także Park im. Jana Kasprowicza. Okolica oferuje wiele tras spacerowych i rowerowych, które sprzyjają aktywnemu wypoczynkowi. Lokalizacja zapewnia również bardzo dobry dostęp do komunikacji miejskiej oraz pełnej infrastruktury handlowo-usługowej. W niedalekiej odległości znajdują się sklepy, punkty usługowe, szkoły oraz inne miejsca codziennego użytku, co sprawia, że jest to wygodne miejsce do życia. Oferta skierowana jest do osób poszukujących jasnego, komfortowego mieszkania w zielonej i dobrze skomunikowanej części miasta. Zapraszam do kontaktu oraz na prezentację nieruchomości. TEKTON PROPERTY TO NAJLEPSZE BIURO NIERUCHOMOŚCI W POLSCE WG KONKURSU LIDER NIERUCHOMOŚCI OTODOM 2020. Znajdź nas w swoim mieście: Gdańsk, ul. Chmielna 10 - Warszawa, Plac Dąbrowskiego 1/311 - Kraków, ul. Józefitów 7/4 - Poznań, ul. Wojskowa 6/D6 - Łódź, ul. Zachodnia 70 pok. 223, Opole, Gen. Tadeusza Kościuszki 1, lok. 1C. Podejmując współpracę z przedstawicielami Tekton Property zyskujesz: - oszczędność czasu, - weryfikację dokumentów od strony formalno-prawnej, - wsparcie agenta na każdym etapie transakcji, - pomoc przy uzyskaniu kredytu hipotecznego w kilkunastu bankach, - wgląd do umów przed zawarciem aktu notarialnego u sprawdzonych Notariuszy, - własne analizy makroekonomiczne i raporty z prowadzonych działań, - dostęp do cen transakcyjnych z okolicy. Skontaktuj się z opiekunem oferty, a on poprowadzi Cię przez wszystkie etapy transakcji. Zapraszamy do współpracy! Niniejsze ogłoszenie nie stanowi oferty handlowej w rozumieniu przepisów art. 66 k.c., a przedstawione dane mają charakter informacyjny.",,tak,,,własność,,52.400021,16.87438
Poznań Wilda,ul. Jana Umińskiego,2,42,539000,12833.0,bez pośredników,,9,https://adresowo.pl/o/mieszkanie-poznan-wilda-ul-jana-uminskiego-2-pokojowe-u7h9n6,https://s2.adresowa.pl/oi/2c/2a/3db06c_de6f_cover@2x-2-pokojowe-mieszkanie-poznan-wilda-ul-jana-uminskiego.webp,Poznań Wilda,Jana Umińskiego,4,1954.0,kamienica,,"Na sprzedaż funkcjonalne, w pełni wyremontowane i wyposażone mieszkanie położone na poznańskiej Wildzie - przy ul. Umińskiego, w zrewitalizowanej kilka lat temu kamienicy. Lokal znajduje się na 4. piętrze (budynek bez windy), w spokojnej oficynie, co zapewnia ciszę i prywatność mimo centralnej lokalizacji. Najważniejsze informacje: * powierzchnia: 42,16 m² * układ: 2 pokoje - osobna sypialnia i salon * oddzielna kuchnia, łazienka oraz korytarz * mieszkanie po remoncie, gotowe do wprowadzenia lub dalszego wynajmu * pełne wyposażenie widoczne na zdjęciach w cenie * nowe instalacje elektryczna oraz wodno kanalizacyjna * kamienica po rewitalizacji Układ pomieszczeń: * komunikacja: 4,92 m² * łazienka: 2,57 m² * kuchnia: 10,32 m² * pokój 1: 13,03 m² * pokój 2: 11,32 m² Atuty mieszkania: * bardzo ustawny, praktyczny rozkład - oddzielna kuchnia i dwa pokoje * mieszkanie jasne i ciche (oficyna) * gotowe do wynajmu bez dodatkowych nakładów * atrakcyjne zarówno inwestycyjnie, jak i dla singla/pary Potencjał inwestycyjny: Mieszkanie od dłuższego czasu cieszy się dużym zainteresowaniem wśród studentów i najemców. Aktualny czynsz najmu: ok. 2 600 zł netto miesięcznie. Roczny przychód: 31 200 zł. Przy cenie ofertowej 539 000 zł daje to ok. 6% ROI brutto, z potencjałem wzrostu przy optymalizacji najmu. Lokalizacja - Wilda: Świetna komunikacja z centrum miasta, szybki dojazd do uczelni, Starego Miasta i terenów rekreacyjnych. W najbliższym otoczeniu znajdują się sklepy, punkty usługowe, restauracje, przystanki tramwajowe i autobusowe oraz pełna infrastruktura miejska. To idealna propozycja zarówno dla inwestora szukającego gotowego produktu pod wynajem, jak i dla osób poszukujących mieszkania w dobrze skomunikowanej części Poznania. Cena: 539 000 zł. Zapraszam do kontaktu i umówienia prezentacji.",,,osobna,,,,52.389796,16.913246
Poznań,Jeżyce,2,40,520000,13000.0,bez pośredników,,7,https://adresowo.pl/o/mieszkanie-poznan-jezyce-2-pokojowe-40-m2-n9x2j1,https://s2.adresowa.pl/oi/7e/77/3daf58_5c5a_cover@2x-2-pokojowe-mieszkanie-poznan-jezyce.webp,Poznań Jeżyce,,7,,blok,,"Na sprzedaż przestronne i bardzo jasne mieszkanie 2-pokojowe, położone na 7. piętrze w bloku, w świetnej lokalizacji przy Parku Sołackim. Mieszkanie posiada balkon oraz piwnicę. Dużym atutem jest parking za szlabanem, dostępny tylko dla mieszkańców. Świetna komunikacja miejska: blisko tramwaje i autobusy, szybki dojazd do centrum. Tuż przy bloku znajduje się Chata Polska. W pobliżu także tereny zielone oraz Uniwersytet Przyrodniczy w Poznaniu. Idealne do zamieszkania lub jako inwestycja pod wynajem. Umeblowanie w cenie, gotowe do zamieszkania. Jestem otwarty na propozycje cenowe. Zapraszam do kontaktu.",tak,,,,,,52.405679,16.931277
Poznań Grunwald,ul. Grochowska,2,51,555000,10882.0,bez pośredników,,14,https://adresowo.pl/o/mieszkanie-poznan-grunwald-ul-grochowska-2-pokojowe-f7v5y9,https://s2.adresowa.pl/oi/6b/3c/3dac12_924b_cover@2x-2-pokojowe-mieszkanie-poznan-grunwald-ul-grochowska.webp,Poznań Grunwald,Grochowska,2,1960.0,blok,,"Dwupokojowe mieszkanie z balkonem na drugim piętrze bloku z cegły. Lokalizacja: Poznań Grunwald, ul. Grochowska - 200m przystanek tramwajowy Grochowska (tramwaje nr: 1, 6, 13, 15) - 100m przystanek autobusowy - Grochowska (autobusy nr: 169, 182) - 500m Park Heweliusza - 600m Lidl - 600m Biedronka - 750m Apteka Całodobowa (czynna w każde święto) Poza tym pełna infrastruktura miejska: szkoła podstawowa, przedszkola, żłobki, place zabaw (Ogromny, ogrodzony, świeżo wyremontowany plac zabaw bezpośrednio pod blokiem), przychodnia lekarska, trzy sklepy Żabka, paczkomat InPostu, Allegro One, itd. Wszystko poniżej 10 minut spacerem. Bardzo blisko Uniwersytetu Medycznego. Lokalizacja idealna dla studentów lub inwestycja pod wynajem. Mieszkanie: Dwa niezależne pokoje i osobna kuchnia o łącznej powierzchni 46,3 m2 oraz przynależna piwnica o powierzchni 5,3 m2. Bardzo funkcjonalny układ, mieszkanie jasne i ciepłe. Media i koszty utrzymania: Czynsz - mała, prężna wspólnota mieszkaniowa zawiązana dla całego budynku. Koszt ok. 900 zł (4-osobowa rodzina z dwójką dzieci poniżej 4 lat). W skład czynszu wchodzą: - Zaliczka na CO - Zaliczka na wodę ciepłą i zimną - Sprzątanie części wspólnych, odśnieżanie, etc. - Fundusz remontowy Każdego roku mamy nadpłatę zarówno za wodę, jak i ogrzewanie. Wszystko mogę poprzeć rachunkami (bardzo fajna platforma online prowadzona przez zarządcę). Uznałem, że utrzymanie nadpłaty będzie dla nas najwygodniejszym rozwiązaniem. Kolejny użytkownik mieszkania może wystąpić o pomniejszenie prognoz zużycia CO czy wody. Internet: Światłowód Netia Prąd: Enea Gaz (tylko dla kuchenki): PGNiG/Orlen Mieszkanie czyste i zadbane. Na wyposażeniu zostawiamy całą zabudowę kuchenną (płyta gazowa i piekarnik kilkuletnie, lodówka, zmywarka). W korytarzu bardzo pojemna szafa w zabudowie typu Comandor. Po narodzinach drugiego dziecka część salonu została zagospodarowana na pokój dla starszego syna. Bez problemu zmieściło się tam podwójne łóżko składane o wymiarach 160x220. Ścianka oddzielająca salon od pokoju syna zrobiona na zamówienie przez stolarza z grubych lameli klejonych z podwójnej płyty meblowej. Przestrzeń za ścianką można zagospodarować jako pokój dla dziecka lub biuro na Home Office, czy sypialnię jednego ze współlokatorów. Ściany do odświeżenia. Podłogi z paneli, które mają kilka lat, ale trzymają się dość dobrze. Okna plastikowe REHAU. Drzwi wejściowe solidne, antywłamaniowe, grube i bardzo ciężkie. Jedynym powodem sprzedaży jest powiększająca się rodzina. Spędziliśmy tutaj ponad 10 lat i będziemy bardzo ciepło wspominać to miejsce. Termin opuszczenia mieszkania do ustalenia. Jeżeli chcesz zainwestować pod wynajem lub szukasz swojego pierwszego mieszkania, to jest to idealne rozwiązanie. Zapraszamy.",tak,,osobna,plastikowe,własność,"Wyposażenie: internet, lodówka, piekarnik, zmywarka",52.401976,16.875892
Poznań Starołęka,ul. Unii Lubelskiej,1,37,479000,12946.0,Pośrednik,,14,https://adresowo.pl/o/mieszkanie-poznan-staroleka-ul-unii-lubelskiej-1-pokoj-m8u6i0,https://s2.adresowa.pl/oi/4a/3f/3bc114_5482_cover@2x-1-pokojowe-mieszkanie-poznan-staroleka-ul-unii-lubelskiej.webp,Poznań Starołęka,Unii Lubelskiej,5,1996.0,blok,,"Zapraszamy do zapoznania się z ofertą sprzedaży nowoczesnej kawalerki o powierzchni 37 m², zlokalizowanej na 5. piętrze w 10-piętrowym, zadbanym budynku z dwiema windami, przy ul. Unii Lubelskiej na poznańskiej Starołęce. Mieszkanie świeżo po generalnym remoncie, nieużywane, gotowe do zamieszkania od zaraz. Zachodnia ekspozycja zapewnia bardzo dobre doświetlenie wnętrza oraz atrakcyjny widok na panoramę miasta i tereny zielone. Najważniejsze atuty: • Mieszkanie Świeżo Po Remoncie, Nieużywane. • Duża, Funkcjonalna Kuchnia Z Pełnym Wyposażeniem AGD W Cenie. • Zachodnia Ekspozycja Zapewniająca Dużo Światła. • Loggia Oraz Przynależna Piwnica. • Kuchnia z nową zabudową oraz pełnym wyposażeniem AGD, wszystkie meble i sprzęty nowe i nieużywane. Mieszkanie składa się z: - Pokoju (17,5 m²) - Kuchni (12,6 m²) - Łazienki (3,5 m²) - Korytarza (3,6 m²) - Loggii (ok. 2 m²) Do mieszkania przynależy piwnica o powierzchni ok. 2 m². Budynek: Budynek jest zadbany, a do dyspozycji mieszkańców są dwie nowe windy, które znacząco podnoszą komfort codziennego użytkowania. Na parterze znajdują się punkty usługowe, m.in. fryzjer, co pozwala załatwić wiele spraw na miejscu. Dodatkowym atutem jest bardzo przyjazna, sąsiedzka atmosfera, sprzyjająca poczuciu bezpieczeństwa i dobrym relacjom między mieszkańcami. Lokalizacja: Lokalizacja i okolice ul. Unii Lubelskiej w Poznaniu zyskuje coraz większą popularność dzięki dynamicznie powstającym nowym inwestycjom, które podnoszą jej atrakcyjność i prestiż. To miejsce wyróżnia się również dużą ilością terenów zielonych oraz bliskością rzeki Warty, co sprzyja aktywnemu wypoczynkowi i codziennemu relaksowi. Jednocześnie lokalizacja zapewnia świetną komunikację - w pobliżu znajduje się pętla tramwajowa i autobusowa, z której kursują również autobusy podmiejskie, a bezpośredni dojazd tramwajem do ścisłego centrum miasta zajmuje około 20 minut. Nieruchomość idealna jako komfortowe mieszkanie na start. Zapraszamy do kontaktu w celu uzyskania dodatkowych informacji oraz umówienia się na prezentację. TEKTON PROPERTY TO NAJLEPSZE BIURO NIERUCHOMOŚCI W POLSCE WG KONKURSU LIDER NIERUCHOMOŚCI OTODOM 2020. Znajdź nas w swoim mieście: Gdańsk, ul. Chmielna 10 - Warszawa, Plac Dąbrowskiego 1/311 - Kraków, ul. Józefitów 7/4 - Poznań, ul. Wojskowa 6/D6 - Łódź, ul. Zachodnia 70 pok. 223, Opole, Gen. Tadeusza Kościuszki 1, lok. 1C. Podejmując współpracę z przedstawicielami Tekton Property zyskujesz: - oszczędność czasu, - weryfikację dokumentów od strony formalno-prawnej, - wsparcie agenta na każdym etapie transakcji, - pomoc przy uzyskaniu kredytu hipotecznego w kilkunastu bankach, - wgląd do umów przed zawarciem aktu notarialnego u sprawdzonych Notariuszy, - własne analizy makroekonomiczne i raporty z prowadzonych działań, - dostęp do cen transakcyjnych z okolicy. Skontaktuj się z opiekunem oferty, a on poprowadzi Cię przez wszystkie etapy transakcji. Zapraszamy do współpracy! Niniejsze ogłoszenie nie stanowi oferty handlowej w rozumieniu przepisów art. 66 k.c., a przedstawione dane mają charakter informacyjny.",,,,,,,52.371031,16.948303
Poznań Podolany,ul. Jasielska 5C,3,62,950000,15323.0,Pośrednik,,31,https://adresowo.pl/o/mieszkanie-poznan-podolany-ul-jasielska-3-pokojowe-q2y8o3,https://s2.adresowa.pl/oi/58/60/3b9342_dcd1_cover@2x-3-pokojowe-mieszkanie-poznan-podolany-ul-jasielska.webp,Poznań Podolany,Jasielska 5C,2,2023.0,blok,,"Na sprzedaż funkcjonalne, 3-pokojowe mieszkanie o powierzchni 62,45 m², położone przy ul. Jasielskiej 5C w dzielnicy Podolany w Poznań. Lokal znajduje się na 2. piętrze w nowoczesnym budynku z 2023 roku. Mieszkanie wyróżnia się przemyślanym układem pomieszczeń oraz bardzo dobrą funkcjonalnością. Dużym atutem jest balkon połączony z loggią, który daje szerokie możliwości aranżacyjne i pozwala korzystać z tej przestrzeni przez cały rok. Dodatkowo balkon usytuowany jest w sposób zapewniający prywatność - brak bezpośredniego widoku na okna sąsiadów. Najważniejsze atuty nieruchomości: • Nowy budynek z 2023 roku • Funkcjonalny układ 3 pokoi • Balkon połączony z loggią • Duża prywatność - brak widoku na sąsiednie okna • Miejsce postojowe w hali garażowej • Cicha i spokojna okolica • Dobra komunikacja Mieszkanie składa się z: - Salonu z aneksem kuchennym, - Dwóch oddzielnych sypialni, - Łazienki, - Korytarza, - Loggii, - Balkonu. Budynek: Nowoczesny budynek z 2023 roku, z podziemną halą garażową. Do mieszkania przynależy miejsce postojowe w hali garażowej, z wygodnym wjazdem zlokalizowanym bezpośrednio przy budynku. Cena miejsca postojowego 45 tyś. zł. Lokalizacja: Osiedle położone jest w spokojnej części dzielnicy Podolany, z jednoczesnym dostępem do pełnej infrastruktury miejskiej. Okolica charakteryzuje się ciszą i kameralnym charakterem, a jednocześnie zapewnia dobrą komunikację z pozostałymi częściami miasta. W pobliżu znajdują się sklepy, punkty usługowe oraz tereny zielone, sprzyjające codziennemu wypoczynkowi. Mieszkanie idealnie sprawdzi się dla rodziny z dzieckiem, jak również jako inwestycja pod wynajem. Zapraszamy do kontaktu i na prezentację mieszkania. Z przyjemnością pokażę nieruchomość i odpowiem na wszystkie pytania. TEKTON PROPERTY TO NAJLEPSZE BIURO NIERUCHOMOŚCI W POLSCE WG KONKURSU LIDER NIERUCHOMOŚCI OTODOM 2020. Znajdź nas w swoim mieście: Gdańsk, ul. Chmielna 10 - Warszawa, Plac Dąbrowskiego 1/311 - Kraków, ul. Józefitów 7/4 - Poznań, ul. Wojskowa 6/D6 - Łódź, ul. Zachodnia 70 pok. 223, Opole, Gen. Tadeusza Kościuszki 1, lok. 1C. Podejmując współpracę z przedstawicielami Tekton Property zyskujesz: - oszczędność czasu, - weryfikację dokumentów od strony formalno-prawnej, - wsparcie agenta na każdym etapie transakcji, - pomoc przy uzyskaniu kredytu hipotecznego w kilkunastu bankach, - wgląd do umów przed zawarciem aktu notarialnego u sprawdzonych Notariuszy, - własne analizy makroekonomiczne i raporty z prowadzonych działań, - dostęp do cen transakcyjnych z okolicy. Skontaktuj się z opiekunem oferty, a on poprowadzi Cię przez wszystkie etapy transakcji. Zapraszamy do współpracy! Niniejsze ogłoszenie nie stanowi oferty handlowej w rozumieniu przepisów art. 66 k.c., a przedstawione dane mają charakter informacyjny.",,tak,,,własność,,52.446393,16.892594
Poznań Rataje,ul. Serafitek,1,25,375000,15000.0,bez pośredników,,11,https://adresowo.pl/o/mieszkanie-poznan-rataje-ul-serafitek-1-pokoj-p3k7n9,https://s2.adresowa.pl/oi/53/68/3daafa_7b87_cover@2x-1-pokojowe-mieszkanie-poznan-rataje-ul-serafitek.webp,Poznań Rataje,Serafitek,2,2018.0,blok,,"Bardzo proszę, aby biura się nie kontaktowały. Jeśli taka informacja widnieje, to proszę o uszanowanie tej decyzji. Mam swojego pośrednika, jeśli będzie taka potrzeba. Dziękuję! Mam do zaoferowania kawalerkę, znajdującą się na 2. piętrze. Dodatkowo można dokupić pomieszczenie gospodarcze 4 mkw na tym samym piętrze. Powierzchnia mieszkania to 25 mkw. Przy Politechnice i przy rzece. To propozycja z ogromnym potencjałem - zarówno inwestycyjnym, jak i użytkowym! - Winda w budynku, - Blok z 2018 roku, 5 pięter, - Zielony widok z okna, - 3 minuty do przystanku. LOKALIZACJA Nieruchomość położona w atrakcyjnej części Poznań Rataje, przy rzece, z doskonałym dostępem do komunikacji, punktów usługowych, uczelni i instytucji publicznych. W bezpośrednim sąsiedztwie: sklepy, przystanki, przychodnie, parkingi. SZCZEGÓŁY OFERTY Kawalerka z funkcjonalnym układem, aneksem kuchennym, łazienką i balkonem. Stan: do zamieszkania lub lekkiego odświeżenia - zależnie od przeznaczenia. DLACZEGO WARTO? - Spokojna okolica, dogodny dojazd, bliskość centrum. - Świetna lokata kapitału - wynajem długoterminowy lub krótkoterminowy (np. dla studentów, pracowników, turystów). - Brak konieczności ponoszenia dużych nakładów finansowych - gotowe do zamieszkania. Do mieszkania można dokupić pomieszczenie gospodarcze na tym samym piętrze. Bardzo proszę, aby biura się nie kontaktowały. Proszę o uszanowanie tej decyzji i nie dzwonić. Dziękuję.",tak,,aneks,,własność,,52.398921,16.947101
Poznań Ogrody,ul. Szamotulska,2,42,439000,10452.0,bez pośredników,,3,https://adresowo.pl/o/mieszkanie-poznan-ogrody-ul-szamotulska-2-pokojowe-x5g0f3,https://s2.adresowa.pl/oi/74/30/3da51c_b218_cover@2x-2-pokojowe-mieszkanie-poznan-ogrody-ul-szamotulska.webp,Poznań Ogrody,Szamotulska,2,,blok,,"Na sprzedaż mieszkanie Poznań, Ogrody, ul. Szamotulska 59a. Na sprzedaż funkcjonalne mieszkanie o powierzchni 42,80 m², położone na 2. piętrze w niskim bloku, w spokojnej i zielonej części dzielnicy Ogrody. Układ mieszkania: - dwa ustawne pokoje, - osobna kuchnia, - łazienka, - korytarz. Dodatkowo do mieszkania przynależy piwnica. Nad lokalem znajduje się strych, co daje dodatkowy komfort (brak sąsiadów bezpośrednio nad mieszkaniem). Mieszkanie ma bardzo dobry układ pomieszczeń, co daje duże możliwości aranżacyjne, idealne zarówno do zamieszkania, jak i pod inwestycję. Lokalizacja: Nieruchomość znajduje się w dobrze skomunikowanej części miasta - w pobliżu przystanki komunikacji miejskiej, sklepy, szkoły oraz tereny zielone. Atuty: - osobna kuchnia, - 2. piętro, - spokojna okolica, - funkcjonalny układ, - piwnica, - strych nad mieszkaniem. Mieszkanie do własnej aranżacji / odświeżenia - idealna okazja, aby urządzić je według własnych potrzeb. Zapraszam do kontaktu i umówienia się na prezentację.",tak,,osobna,plastikowe,własność,,52.410334,16.883446
Poznań Grunwald,ul. Macieja Palacza,2,39,499000,12795.0,bez pośredników,,20,https://adresowo.pl/o/mieszkanie-poznan-grunwald-ul-macieja-palacza-2-pokojowe-b2w4w8,https://s2.adresowa.pl/oi/4e/5e/3da50e_f392_cover@2x-2-pokojowe-mieszkanie-poznan-grunwald-ul-macieja-palacza.webp,Poznań Grunwald,Macieja Palacza,6,1980.0,blok,,"Szukasz mieszkania, do którego możesz wejść i od razu zamieszkać - bez remontów, stresu i dodatkowych kosztów? Ta oferta na Grunwaldzie spełnia dokładnie te oczekiwania. Na sprzedaż funkcjonalne, 2-pokojowe mieszkanie o powierzchni ok. 40 m², położone na 6. piętrze zadbanego budynku z cegły (nie wielka płyta) przy ul. Palacza. Mieszkanie przeszło remont - wymieniono instalację elektryczną i sanitarną. Jest w pełni wyposażone i gotowe do wprowadzenia od razu po zakupie. Najważniejsze atuty: • niezależny, bardzo funkcjonalny układ pomieszczeń • balkon - idealny na poranną kawę lub chwilę relaksu ze wschodem słońca • oddzielna kuchnia z oknem • mieszkanie jasne i dobrze doświetlone • budynek z cegły - lepsza izolacja i komfort niż w wielkiej płycie • 2 windy w budynku • prywatny darmowy parking dla mieszkańców - wjazd przez szlaban • piwnica - dodatkowa przestrzeń do przechowywania • suszarnia - na 10 piętrze • pomieszczenie na wózki i rowery Układ: salon z wyjściem na balkon, sypialnia, osobna kuchnia, łazienka z WC oraz przedpokój. Ogrzewanie i ciepła woda z sieci miejskiej - wygoda i brak dodatkowych źródeł ogrzewania. Lokalizacja: Grunwald to jedna z najlepiej skomunikowanych dzielnic - szybki dojazd do centrum zarówno samochodem, jak i komunikacją miejską (tramwaje i autobusy w pobliżu). W najbliższej okolicy znajdują się sklepy, szkoły i pełna infrastruktura potrzebna do codziennego życia. Dla kogo? Idealne dla pary, singla lub jako inwestycja pod wynajem - układ i lokalizacja świetnie się do tego nadają. Stan prawny: Pełna własność z księgą wieczystą. Cena: 499 000 zł (do rozmów) Sprzedaż bez pośredników - bez dodatkowych prowizji. Polecam.",tak,,osobna,,własność,,52.390942,16.87824
Poznań Nowe Miasto,ul. Aleksandra Studniarskiego,1,34,385000,11324.0,Pośrednik,,12,https://adresowo.pl/o/mieszkanie-poznan-nowe-miasto-ul-aleksandra-studniarskiego-1-pokoj-t8c3q9,https://s2.adresowa.pl/oi/5d/5b/3b8bc8_d086_cover@2x-1-pokojowe-mieszkanie-poznan-nowe-miasto-ul-aleksandra-studniarskiego.webp,Poznań Nowe Miasto,Aleksandra Studniarskiego,4,2025.0,blok,,"Zapraszamy do zapoznania się z ofertą sprzedaży jasnego mieszkania o powierzchni 35 m², położonego w nowoczesnym bloku w dynamicznie rozwijającej się części Poznania - na Zawadach, przy ul. Aleksandra Studniarskiego. Lokal oferowany jest w stanie deweloperskim, co daje pełną swobodę aranżacji i możliwość dopasowania wnętrza do własnych potrzeb oraz gustu. To dobra propozycja zarówno na start, jak i jako inwestycja pod wynajem. Mieszkanie znajduje się w budynku o estetycznej, współczesnej architekturze, wyposażonym w windę. Duże okna zapewniają bardzo dobre doświetlenie wnętrza przez większą część dnia, a z balkonu rozpościera się widok na otwartą przestrzeń i zieleń. Takie usytuowanie podnosi komfort codziennego użytkowania i daje poczucie większej prywatności. Najważniejsze atuty: • Ustawna powierzchnia 35 m². • Balkon z widokiem na otwartą przestrzeń. • Nowoczesny budynek z windą. • Spokojna, rozwijająca się okolica. • Idealne pod inwestycję lub jako pierwsze mieszkanie. Mieszkanie składa się z: - Pokoju dziennego z aneksem kuchennym, - Łazienki, - Przedpokoju. Do mieszkania przynależy jedno miejsce postojowe w hali garażowej, płatne dodatkowo 35 000 zł (zakup obligatoryjny). Lokal w stanie deweloperskim umożliwia indywidualną aranżację wnętrza oraz dopasowanie układu i stylu do własnych oczekiwań, bez konieczności usuwania istniejących elementów wykończenia. Budynek: Nowoczesny apartamentowiec z windą został zrealizowany w estetycznym, współczesnym standardzie. Teren wokół budynku jest zagospodarowany i zadbany, z zielenią oraz strefami wypoczynku dla mieszkańców. To kameralna inwestycja, która zapewnia komfort i wygodę codziennego funkcjonowania. Lokalizacja: Zawady to jedna z najszybciej rozwijających się części Poznania, z nową zabudową mieszkaniową i dobrze rozwiniętą infrastrukturą. W niedalekiej odległości znajdują się sklepy, restauracje, punkty usługowe i medyczne, siłownie oraz tereny rekreacyjne. Dojazd komunikacją miejską w około 10 minut pozwala dotrzeć na Rondo Śródka, skąd można sprawnie przemieścić się do innych części miasta. Samochodem dojazd na Stary Rynek zajmuje około 10 minut, co czyni tę lokalizację wygodną również dla osób pracujących w centrum. Dodatkowym atutem jest bliskość dworca Poznań Wschód, z którego szybkie połączenie umożliwia dotarcie do Dworca Głównego w kilka minut. W okolicy dostępne są także szkoły, przedszkola oraz tereny zielone, co zwiększa atrakcyjność tej oferty zarówno do zamieszkania, jak i pod wynajem. Zapraszam do kontaktu w celu uzyskania dodatkowych informacji oraz umówienia się na prezentację. W ogłoszeniu zostały wykorzystane wizualizacje mieszkania. TEKTON PROPERTY TO NAJLEPSZE BIURO NIERUCHOMOŚCI W POLSCE WG KONKURSU LIDER NIERUCHOMOŚCI OTODOM 2020. Znajdź nas w swoim mieście: Gdańsk, ul. Chmielna 10 - Warszawa, Plac Dąbrowskiego 1/311 - Kraków, ul. Józefitów 7/4 - Poznań, ul. Wojskowa 6/D6 - Łódź, ul. Zachodnia 70 pok. 223, Opole, Gen. Tadeusza Kościuszki 1, lok. 1C. Podejmując współpracę z przedstawicielami Tekton Property zyskujesz: - oszczędność czasu, - weryfikację dokumentów od strony formalno-prawnej, - wsparcie agenta na każdym etapie transakcji, - pomoc przy uzyskaniu kredytu hipotecznego w kilkunastu bankach, - wgląd do umów przed zawarciem aktu notarialnego u sprawdzonych Notariuszy, - własne analizy makroekonomiczne i raporty z prowadzonych działań, - dostęp do cen transakcyjnych z okolicy. Skontaktuj się z opiekunem oferty, a on poprowadzi Cię przez wszystkie etapy transakcji. Zapraszamy do współpracy! Niniejsze ogłoszenie nie stanowi oferty handlowej w rozumieniu przepisów art. 66 k.c., a przedstawione dane mają charakter informacyjny.",,tak,,,własność,,52.421249,16.973906
Poznań,Most Królowej Jadwigi,2,50,539900,10798.0,Pośrednik,,16,https://adresowo.pl/o/mieszkanie-poznan-most-krolowej-jadwigi-2-pokojowe-q2r4z2,https://s2.adresowa.pl/oi/55/35/3b84ee_f3ae_cover@2x-2-pokojowe-mieszkanie-poznan-most-krolowej-jadwigi.webp,Poznań ,Most Królowej Jadwigi,parter,1965.0,blok,,"Zapraszamy do zapoznania się z ofertą sprzedaży 2-pokojowego mieszkania o powierzchni 50,7 m², położonego w jednej z najbardziej pożądanych lokalizacji Poznania - na zamkniętym, kameralnym osiedlu przy ul. Królowej Jadwigi / Karmelickiej. Mimo ścisłego centrum miasta, okolica pozostaje cicha, zielona i sąsiedzka, co czyni tę ofertę wyjątkową. Lokal usytuowany jest na parterze niskiego, 4-piętrowego budynku. Na kondygnacji znajdują się jedynie 3 mieszkania, co zapewnia komfort i prywatność. Okna wychodzą na zieleń, a ekspozycja wschód-zachód gwarantuje bardzo dobre doświetlenie wnętrz przez cały dzień. Mieszkanie składa się z: - Salonu (17,1 m²) - Oddzielnej, ustawnej sypialni (14,8 m²) - Kuchni (7,4 m²) - Łazienki (3,6 m²) - Przedpokoju (7,8 m²) Dodatkowo do mieszkania przynależy duża piwnica, zapewniająca wygodną przestrzeń do przechowywania. Najważniejsze atuty: • Zamknięte, ogrodzone osiedle. • Widok na zieleń i dwustronna ekspozycja wschód-zachód. • Duża piwnica w cenie mieszkania. • Możliwość korzystania z naziemnego miejsca postojowego na terenie osiedla. • Niski, zadbany budynek w ścisłym centrum miasta. Stan nieruchomości: Mieszkanie do remontu, co daje możliwość pełnej aranżacji według własnych potrzeb - zarówno jako komfortowe mieszkanie w centrum miasta, jak i atrakcyjna inwestycja pod wynajem. Lokalizacja: Nieruchomość położona jest w absolutnie topowej lokalizacji, zapewniającej szybki dostęp do najważniejszych punktów miasta. W bezpośrednim sąsiedztwie znajdują się uczelnie, tereny rekreacyjne oraz pełna infrastruktura miejska. 2 minuty pieszo do AWF i przystanku tramwajowego. 3 przystanki tramwajem do Dworca Głównego. 3 minuty pieszo nad Wartę - tereny spacerowe i rekreacyjne. 5 minut pieszo do Starego Browaru i ul. Półwiejskiej. W pobliżu szkoły, restauracje, banki oraz pełna infrastruktura miejska. Zapraszamy do kontaktu w celu uzyskania dodatkowych informacji oraz umówienia się na prezentację. Takie lokalizacje pojawiają się na rynku niezwykle rzadko. TEKTON PROPERTY TO NAJLEPSZE BIURO NIERUCHOMOŚCI W POLSCE WG KONKURSU LIDER NIERUCHOMOŚCI OTODOM 2020. Znajdź nas w swoim mieście: Gdańsk, ul. Chmielna 10 - Warszawa, Plac Dąbrowskiego 1/311 - Kraków, ul. Józefitów 7/4 - Poznań, ul. Wojskowa 6/D6 - Łódź, ul. Zachodnia 70 pok. 223, Opole, Gen. Tadeusza Kościuszki 1, lok. 1C. Podejmując współpracę z przedstawicielami Tekton Property zyskujesz: - oszczędność czasu, - weryfikację dokumentów od strony formalno-prawnej, - wsparcie agenta na każdym etapie transakcji, - pomoc przy uzyskaniu kredytu hipotecznego w kilkunastu bankach, - wgląd do umów przed zawarciem aktu notarialnego u sprawdzonych Notariuszy, - własne analizy makroekonomiczne i raporty z prowadzonych działań, - dostęp do cen transakcyjnych z okolicy. Skontaktuj się z opiekunem oferty, a on poprowadzi Cię przez wszystkie etapy transakcji. Zapraszamy do współpracy! Niniejsze ogłoszenie nie stanowi oferty handlowej w rozumieniu przepisów art. 66 k.c., a przedstawione dane mają charakter informacyjny.",,tak,,,własność,,52.399886,16.934287
Poznań,os. Tysiąclecia,3,80,677000,8462.0,bez pośredników,,18,https://adresowo.pl/o/mieszkanie-poznan-os-tysiaclecia-3-pokojowe-i0z3k7,https://s2.adresowa.pl/oi/5e/1e/3da3ba_9c9b_cover@2x-3-pokojowe-mieszkanie-poznan-os-tysiaclecia.webp,Poznań ,os. Tysiąclecia,3,1989.0,blok,,"Bezpośrednio sprzedam mieszkanie 3-pokojowe o pow. 80 m2 na os. Tysiąclecia, przy Malcie. Mieszkanie znajduje się na III piętrze wieżowca. Budynek jest po termomodernizacji i wyposażony jest w dwie (2) nowe windy. Przepiękne widoki na panoramę miasta. Główne atuty nieruchomości: rozkład pomieszczeń, dobra ekspozycja na strony świata, piękny widok. Na przedmiotową nieruchomość składają się: - salon 20,1 m.kw - sypialnia 17,5 m.kw - sypialnia 11,6 m.kw - kuchnia z oknem o pow. 8,3 m.kw - łazienka 7 m.kw - wc 2,5 m.kw - hall 12 m.kw. Ogrzewanie miejskie. Spółdzielczo własnościowe z KW. Bardzo przestronne, wygodne i niezwykle słoneczne mieszkanie z dużymi oknami. Położone na kameralnym, spokojnym osiedlu pośród zieleni, blisko terenów rekreacyjnych. Bardzo szybki dojazd do centrum Poznania tramwajem lub autobusem. Doskonałe połączenie komunikacyjne z każdą częścią miasta. Na podłodze deska, w kuchni płytki, wszędzie nowe okna PCV, ściany - gładź szpachlowa. Kuchnia jest z całkowitą zabudową: lodówka, zmywarka, płyta.",,,,,spółdzielcze własnościowe,"Wyposażenie: lodówka, zmywarka",52.394442,16.978583
Poznań Grunwald,ul. Jana Keplera,3,63,570000,9048.0,bez pośredników,,14,https://adresowo.pl/o/mieszkanie-poznan-grunwald-ul-jana-keplera-3-pokojowe-v8b1c8,https://s2.adresowa.pl/oi/4a/1c/3d9706_9708_cover@2x-3-pokojowe-mieszkanie-poznan-grunwald-ul-jana-keplera.webp,Poznań Grunwald,Jana Keplera,3,1982.0,blok,,"Na sprzedaż mieszkanie o powierzchni 63,6 m² położone w dzielnicy Grunwald w Poznaniu na Osiedlu Kopernika, ul. Keplera. Lokal znajduje się na 3. piętrze w bloku z windą. Okolica zielona i spokojna, z balkonu widok na Stadion. Mieszkanie składa się z: - salonu z wyjściem na balkon, - dwóch oddzielnych pokoi, - kuchni, - łazienki z oddzielną toaletą, - przedpokoju. Do mieszkania przynależy również piwnica. Stan mieszkania - do remontu. Układ mieszkania: - salon (23,2 m²) z wyjściem na balkon, - 2 niezależne pokoje (11,1 m², 9,1 m²), - osobna kuchnia (6,60 m²), - łazienka (3,1 m²), - osobne WC (0,9 m²), - przedpokój oraz korytarz (9 m²). Atuty nieruchomości: - atrakcyjna lokalizacja, - bardzo dobra komunikacja - w pobliżu przystanki autobusowe/tramwajowe, - funkcjonalny układ 3 pokoi, - balkon, - ogólnodostępny parking pod blokiem oraz parking prywatny z możliwością wykupu miejsca. W pobliżu znajdują się: - przedszkole, - szkoła, - markety, - przystanki komunikacji miejskiej, - liczne punkty usługowe. Ogłoszenie bez pośrednika, także nie ma żadnej prowizji.",tak,tak,osobna,plastikowe,,,52.39032,16.864212
Poznań,Stare Miasto,2,36,540000,15000.0,bez pośredników,,12,https://adresowo.pl/o/mieszkanie-poznan-stare-miasto-2-pokojowe-36-m2-h0c1b3,https://s2.adresowa.pl/oi/38/5b/3d9708_b470_cover@2x-2-pokojowe-mieszkanie-poznan-stare-miasto.webp,Poznań Stare Miasto,,4,1960.0,blok,,"Oferujemy Państwu na sprzedaż komfortowe, słoneczne i przestronne, a zarazem przytulne i gotowe do wprowadzenia mieszkanie. W lokalu przeprowadzono generalny remont we wszystkich pomieszczeniach. Mieszkanie posiada półotwartą kuchnie z funkcjonalną zabudową wraz z wszystkimi potrzebnymi sprzętami AGD. Do mieszkania przynależy komórka lokatorska wliczona w cenę mieszkania! Powierzchnia całkowita lokalu to 36 m2. Osiedle świetnie skomunikowane z całym miastem, w odległości około 100 metrów znajdują się przystanki autobusowe. Dojazd do ścisłego centrum to około 15 minut. Na osiedlu znajduję się pełna infrastruktura: szkoły, przedszkola, żłobki, biblioteka, restauracje. W okolicy znajdują się liczne sklepy. Blok posiada wyznaczone miejsce parkingowe tylko dla mieszkańców. Mieszkanie wymarzone dla pary bądź singla. Mieszkanie posiada okna po obu stronach mieszkania, które wychodzą południowy oraz północny zachód. Mieszkanie jest bardzo ciche. Czynsz około 300 zł miesięcznie. Mieszkanie bardzo ciepłe. Zapraszam serdecznie do oglądania. Ważne: KUPUJĄCY NIE PŁACI PROWIZJI POŚREDNIKOWI. Pomagamy przy formalnościach związanych z ubieganiem się o kredyt.",tak,tak,aneks,plastikowe,własność,,52.405679,16.931277
Poznań Łazarz,ul. Kolejowa,2,31,465000,15000.0,Pośrednik,,12,https://adresowo.pl/o/mieszkanie-poznan-lazarz-ul-kolejowa-2-pokojowe-o1u0z2,https://s2.adresowa.pl/oi/10/65/3b5c4c_6f67_cover@2x-2-pokojowe-mieszkanie-poznan-lazarz-ul-kolejowa.webp,Poznań Łazarz,Kolejowa,parter,,kamienica,,"Zapraszamy do zapoznania się z ofertą mieszkania po kapitalnym remoncie, zlokalizowanego w klimatycznej kamienicy przy ul. Kolejowej, na poznańskim Łazarzu. Mieszkanie o powierzchni 31,75 m² zostało wykończone w nowoczesnym standardzie, z poszanowaniem charakteru kamienicy. Wschodnia ekspozycja zapewnia dobre doświetlenie wnętrza, a centralne ogrzewanie gwarantuje komfort użytkowania przez cały rok. Najważniejsze atuty: • Mieszkanie po kapitalnym remoncie, gotowe do wprowadzenia. • Centralne ogrzewanie - brak piecyka gazowego. • Niski czynsz - ok. 450 zł. • Klimatyczna kamienica po modernizacji instalacji. • Pełna własność z księgą wieczystą - możliwość zakupu na kredyt. Mieszkanie składa się z: - Pokoju z aneksem kuchennym, - Oddzielnej sypialni, - Łazienki. Budynek: Kamienica, w której przeprowadzono szereg istotnych prac modernizacyjnych, w tym wymianę instalacji wodno-kanalizacyjnych oraz elektrycznych. Budynek posiada monitoring, wykonano przeglądy kominiarskie, doprowadzono światłowód, a remont klatki schodowej oraz elewacji od strony dziedzińca jest w trakcie realizacji. Stan prawny i opłaty: Nieruchomość stanowi pełną własność z księgą wieczystą. Czynsz administracyjny wynosi około 450 zł miesięcznie. Lokalizacja: Nieruchomość położona jest w jednej z najbardziej cenionych dzielnic Poznania - na Łazarzu. W odległości około 400 metrów znajduje się Rynek Łazarski, a zaledwie kilka minut spacerem dzieli mieszkanie od przystanków komunikacji miejskiej, w tym przystanku MZK Rynek Łazarski. Dworzec Zachodni PKP oddalony jest o około 1,1 km. W pobliżu znajdują się Park Jana Kasprowicza, Park Wilsona oraz Palmiarnia. Okolica oferuje pełną infrastrukturę handlowo-usługową, w tym sklepy spożywcze, piekarnie, restauracje, kawiarnie, gabinety lekarskie oraz dostęp do uczelni wyższych, szkół i przedszkoli. W ofercie posiadamy również mieszkania o różnej powierzchni - szczegóły dostępne na zapytanie. Zapraszamy do kontaktu w celu uzyskania dodatkowych informacji oraz umówienia się na prezentację mieszkania. TEKTON PROPERTY TO NAJLEPSZE BIURO NIERUCHOMOŚCI W POLSCE WG KONKURSU LIDER NIERUCHOMOŚCI OTODOM 2020. Znajdź nas w swoim mieście: Gdańsk, ul. Chmielna 10 - Warszawa, Plac Dąbrowskiego 1/311 - Kraków, ul. Józefitów 7/4 - Poznań, ul. Wojskowa 6/D6 - Łódź, ul. Zachodnia 70 pok. 223, Opole, Gen. Tadeusza Kościuszki 1, lok. 1C. Podejmując współpracę z przedstawicielami Tekton Property zyskujesz: - oszczędność czasu, - weryfikację dokumentów od strony formalno-prawnej, - wsparcie agenta na każdym etapie transakcji, - pomoc przy uzyskaniu kredytu hipotecznego w kilkunastu bankach, - wgląd do umów przed zawarciem aktu notarialnego u sprawdzonych Notariuszy, - własne analizy makroekonomiczne i raporty z prowadzonych działań, - dostęp do cen transakcyjnych z okolicy. Skontaktuj się z opiekunem oferty, a on poprowadzi Cię przez wszystkie etapy transakcji. Zapraszamy do współpracy! Niniejsze ogłoszenie nie stanowi oferty handlowej w rozumieniu przepisów art. 66 k.c., a przedstawione dane mają charakter informacyjny.",,,,,własność,,52.39391,16.90536
Poznań Łazarz,ul. Marcelego Mottego,2,26,399000,15346.0,Pośrednik,,7,https://adresowo.pl/o/mieszkanie-poznan-lazarz-ul-marcelego-mottego-2-pokojowe-g5g3f2,https://s2.adresowa.pl/oi/3c/1b/3b325e_f0bc_cover@2x-2-pokojowe-mieszkanie-poznan-lazarz-ul-marcelego-mottego.webp,Poznań Łazarz,Marcelego Mottego,1,1899.0,kamienica,,"Mam niezmierną przyjemność przedstawić Państwu ofertę sprzedaży wyjątkowej, kompaktowej nieruchomości znajdującej się na jednej z najmodniejszych i najbardziej cenionych dzielnic Poznania czyli Łazarzu. Lokal mieszkalny znajduję się na parterze w czteropiętrowej zadbanej, klimatycznej kamienicy wybudowanej w 1899 roku przy ul. Marcelego Mottego. Mieszkanie 2 pokojowe o powierzchni liczącej 25,54 m2 składa się z : - pokoju z aneksem kuchennym o powierzchni 12,47 m2, - sypialni o powierzchni 9,37 m2, - łazienki o powierzchni 3,7 m2, Bardzo funkcjonalny układ nieruchomości gwarantuje wygodę użytkowania. Wysokość pomieszczeń - około 300 cm, co dodatkowo optycznie powiększa przestrzeń. Mieszkanie dobrze doświetlone za sprawą dużych, wysokich okien oraz południowo-wschodniej ekspozycji. Nieruchomość ze względu na swoją kapitalną lokalizację sprawdzi się jako inwestycja w wynajem długo/krótkoterminowy. To idealna oferta dla osób poszukujących kompaktowego i funkcjonalnego mieszkania w spokojnej okolicy, z jednoczesnym ekspresowym dostępem do centrum Poznania. To również doskonała propozycja dla studentów za sprawą bardzo dobrej komunikacji z resztą miasta! Historyczna zabudowa - kamienica wybudowana w 1899 roku o wyjątkowym charakterze, która przechodzi właśnie renowację przywracającą jej dawny blask! Zakres prac modernizacyjnych w kamienicy: • kompleksowa wymiana instalacji wodno-kanalizacyjnej • wymiana instalacji elektrycznej • renowacja klatki schodowej • wykonanie przeglądów kominiarskich • doprowadzenie światłowodu • instalacja systemu monitoringu • nowe drzwi wejściowe do lokali • remont elewacji tylnej budynku • Budynek po remoncie elewacji przedniej! Wokół pełna infrastruktura, odległość od przystanku lini tramwajowej czy autobusu to zaledwie 400 m, w pobliżu sklepy typu Biedronka, Żabka, galerie Avenida, Stary Browar, Dworzec Główny, Uczelnie, Międzynarodowe Targi Poznańskie, Nocny targ towarzyski itp. Rynek Łazarski na wyciągnięcie ręki. Dla prowadzących aktywny tryb życia uciechą będzie znajdujący się nieopodal Park Wilsona. Odległość do centrum Poznania to około 35 min przyjemnego spaceru. W tej lokalizacji każdy znajdzie coś dla siebie! Pełna własność z udziałem w gruncie. Ogrzewanie z kotłowni wspólnej. Do budynku został doprowadzony światłowód. Czynsz administracyjny wraz z funduszem remontowym wynosi około 300 zł. Dodatkowo płatne media według indywidualnego zużycia. Brak prowizji od strony Kupującej! W ofercie posiadamy inne nieruchomości w tym budynku - zapraszam do kontaktu w celu uzyskania więcej informacji. Serdecznie zapraszam do kontaktu!",,,,,własność,,52.393501,16.904698
Poznań Piątkowo,ul. Franciszka Stróżyńskiego,2,35,465000,13286.0,bez pośredników,,11,https://adresowo.pl/o/mieszkanie-poznan-piatkowo-ul-franciszka-strozynskiego-2-pokojowe-s1x2d4,https://s2.adresowa.pl/oi/2d/74/3d9212_69df_cover@2x-2-pokojowe-mieszkanie-poznan-piatkowo-ul-franciszka-strozynskiego.webp,Poznań Piątkowo,Franciszka Stróżyńskiego,parter,2003.0,blok,,"Sprzedam bezpośrednio mieszkanie położone w Poznaniu przy ul. Stróżyńskiego 15A. Mieszkanie składa się z: - dużego zadaszonego balkonu, - salonu z aneksem kuchennym, - sypialni, - łazienki, - korytarza. Okna PCV z roletami, podłoga panele, w łazience płytki. Teren zamknięty. Mieszkanie wolne od obciążeń, wolne od zaraz. Zapraszam do oglądania. Biurom Nieruchomości dziękuję.",,,aneks,,,,52.45584,16.903937
Poznań Grunwald,ul. Andrzeja i Władysława Niegolewskich,5,151,1600000,10596.0,bez pośredników,,8,https://adresowo.pl/o/mieszkanie-poznan-grunwald-ul-andrzeja-i-wladyslawa-niegolewskich-5-pokojowe-q8m3c7,https://s2.adresowa.pl/oi/24/61/3d8fae_e65d_cover@2x-5-pokojowe-mieszkanie-poznan-grunwald-ul-andrzeja-i-wladyslawa-niegolewskich.webp,Poznań Grunwald,Andrzeja i Władysława Niegolewskich,1,1902.0,kamienica,,"Sprzedam duże mieszkanie o powierzchni 151,5 m², znajdujące się w kamienicy. Lokal składa się z 5 pokoi, kuchni, łazienki oraz przedpokoju. Mieszkanie jest bardzo przestronne, z dużymi oknami i wysokimi sufitami, dzięki czemu wnętrza są jasne i mają fajny klimat typowy dla kamienic. Dużym atutem jest to, że do mieszkania prowadzą dwie klatki schodowe, co daje możliwość podziału lokalu na dwa niezależne mieszkania. Parking uliczny jak i na wewnętrznym dziedzińcu budynku. LOKALIZACJA: Mieszkanie znajduje się na ulicy Niegolewskich. To miejsce ma swój wyjątkowy charakter i jednocześnie daje wygodę życia blisko centrum. Obok kamienicy jest Park im. Jana Kasprowicza - świetne miejsce na spacer, jogging czy aktywny wypoczynek. Znajdziemy tam m.in. siłownię plenerową, kort tenisowy, plac zabaw oraz inne udogodnienia rekreacyjne. Niedaleko znajduje się także Hala Arena, gdzie odbywają się różnego rodzaju wydarzenia sportowe i kulturalne. 5 minut spacerem można dotrzeć do Parku Wilsona - jednego z najładniejszych parków w Poznaniu, z Palmiarnią i dużą ilością zieleni idealnej do odpoczynku. Sama ulica jest cicha i kameralna, z niewielkim ruchem samochodowym, co zapewnia komfort na co dzień. W najbliższym otoczeniu znajdują się m.in. gabinety lekarskie, biura czy niewielkie lokale usługowe. W okolicy nie brakuje też sklepów, piekarni, aptek i restauracji - szczególnie wzdłuż ulicy Głogowskiej. Blisko są również szkoły, przedszkola oraz uczelnie. Lokalizacja jest bardzo dobrze skomunikowana - w pobliżu znajdują się liczne przystanki tramwajowe i autobusowe, co pozwala na szybki dojazd do różnych części miasta. Dodatkowym plusem jest bliskość centrum oraz Międzynarodowych Targów Poznańskich. W przyszłości atrakcyjność okolicy jeszcze wzrośnie dzięki planowanemu otwarciu basenu przy ul. Taborowej. *Na sprzedaż jest również mniejsze mieszkanie na parterze - 112,1 m² * Zapraszam do kontaktu i obejrzenia mieszkania!",,tak,,drewniane,,,52.395898,16.897963
Poznań Grunwald,ul. Jana Keplera,6,76,670000,8816.0,bez pośredników,,8,https://adresowo.pl/o/mieszkanie-poznan-grunwald-ul-jana-keplera-6-pokojowe-y0l7f6,https://s2.adresowa.pl/oi/73/3e/3d8bf4_465f_cover@2x-6-pokojowe-mieszkanie-poznan-grunwald-ul-jana-keplera.webp,Poznań Grunwald,Jana Keplera,4,,blok,,"Na sprzedaż mieszkanie inwestycyjne o powierzchni 76 m², podzielone na 6 pokoi na wynajem, położone na Osiedlu Kopernika w dzielnicy Grunwald w Poznaniu. Lokal generuje dochód od pierwszego dnia i osiąga szacunkową stopę zwrotu prawie 10% ROI. Kluczowe atuty: Gotowa inwestycja generująca miesięczny dochód. Mieszkanie w całości wynajęte. 6 niezależnych pokoi. Balkon + piwnica. Wymienione instalacje. Bardzo dobra komunikacja z centrum. Parametry nieruchomości: Cena: 670 000 zł Powierzchnia: 76 m² Liczba pokoi: 6 Piętro: 4/11 Forma własności: pełna własność Układ mieszkania: - 6 niezależnych pokoi - aneks kuchenny - łazienka z WC - osobne WC - duży balkon - piwnica Możliwość powrotu do pierwotnego układu 4 pokoi i wprowadzenia się z rodziną. Lokalizacja: Dzielnica Grunwald, Osiedle Kopernika, ul. Keplera 4. Szybki dojazd do centrum. W odległości 3 min pieszo znajduje się kompleks handlowo - usługowy z marketami i sklepami. W najbliższym sąsiedztwie jest przystanek tramwajowy i autobusowy, z którego odjeżdżają 4 linie tramwajowe i 9 linii autobusowych, w tym linia nocna. Wokół znajduje się dużo terenów zielonych i park. Na osiedlu zlokalizowane są placówki wychowawczo - edukacyjne, min. przedszkola, szkoła podstawowa. Istnieje możliwość przejęcia zarządzania najmem przez sprawdzoną firmę, dzięki czemu inwestycja może funkcjonować w pełni pasywnie. Serdecznie zapraszam do kontaktu w celu uzyskania szczegółowych informacji oraz umówienia prezentacji mieszkania.",tak,,aneks,,własność,,52.39032,16.864212
Poznań,ul. Towarowa 37,3,106,3140000,29623.0,Pośrednik,,19,https://adresowo.pl/o/mieszkanie-poznan-ul-towarowa-3-pokojowe-j4o6t6,https://s2.adresowa.pl/oi/23/13/3afd72_4363_cover@2x-3-pokojowe-mieszkanie-poznan-ul-towarowa.webp,Poznań ,Towarowa 37,14,2016.0,apartamentowiec,,"For English scroll below. Na sprzedaż luksusowy apartament 106 m² w centrum Poznania – Towarowa 37, 14. piętro, 2 loggie, 2 miejsca w hali garażowej. Wyjątkowy, w pełni wykończony i wyposażony apartament zlokalizowany w prestiżowej inwestycji Towarowa 37 w ścisłym centrum Poznania, w bezpośrednim sąsiedztwie parku oraz Starego Miasta. Nieruchomość o powierzchni 106 m² położona jest na 14. piętrze, co zapewnia panoramiczne widoki na miasto oraz wysoki poziom prywatności. Ekspozycja południowo-wschodnia gwarantuje doskonałe doświetlenie wnętrza przez cały dzień. Apartament posiada dwie przestronne loggie z widokiem na panoramę Poznania, park oraz Stare Miasto. Układ mieszkania: - przestronny salon z częścią wypoczynkową, - kuchnia z jadalnią i dużą wyspą, - wydzielona strefa lounge, - duża sypialnia, - dwie łazienki. Standard wykończenia: Apartament został zaprojektowany przez architekta i wykończony w wysokim standardzie premium. Zabudowa meblowa oraz stolarka wykonane na zamówienie z materiałów najwyższej jakości. Wnętrze wyposażone w elementy światowego designu oraz system smart home (inteligentne sterowanie mediami). Mieszkanie sprzedawane jest z pełnym wyposażeniem – gotowe do zamieszkania bez dodatkowych nakładów finansowych. Dodatkowe informacje: - 2 miejsca postojowe w hali garażowej - płatne dodatkowo 75 000 za jedno (150 000 za dwa miejsca). - prestiżowy apartamentowiec z wysokim standardem części wspólnych, - doskonała lokalizacja – centrum Poznania, blisko park, komunikacja, restauracje. Oferta idealna dla osób szukających luksusowego apartamentu w centrum Poznania lub jako inwestycja premium. To nieruchomość unikatowa na rynku – apartament, który łączy lokalizację, widok i najwyższy standard wykończenia. Luxury Apartment for Sale in Poznań City Center – 106 sqm | Towarowa 37 | 14th Floor | 2 Loggias | 2 Parking Spaces For sale: a premium, fully furnished 106 sqm apartment located in the prestigious Towarowa 37 development in the very center of Poznań, close to the park and Old Town. The apartment is situated on the 14th floor, offering panoramic city views and excellent privacy. South-east exposure ensures great natural light throughout the day. The property features two spacious loggias with views over the city skyline, park and historic Old Town. Layout: - spacious living room with lounge area, - open-plan kitchen with dining space and island, - separate lounge zone, - large bedroom, - two bathrooms. Standard: Designed by an architect and finished to a high premium standard. Custom-made furniture and joinery, top-quality materials, iconic design elements and a smart home system controlling media and installations. The apartment is sold fully furnished and ready to move in – no additional investment required. Additional features: - 2 underground parking spaces, - additional 150 000 - prestigious building with high-end common areas, - prime location – Poznań city center, close to park, transport, restaurants. Perfect for private use or as a high-end investment property. A rare opportunity on the Poznań real estate market.",,,,plastikowe,własność,,52.403926,16.915306
Poznań Garbary,ul. Wenecjańska 7,3,80,1779000,22238.0,Pośrednik,,18,https://adresowo.pl/o/mieszkanie-poznan-garbary-ul-wenecjanska-3-pokojowe-a9a5e6,https://s2.adresowa.pl/oi/7e/53/3a9750_d249_cover@2x-3-pokojowe-mieszkanie-poznan-garbary-ul-wenecjanska.webp,Poznań Garbary,Wenecjańska 7,5,2019.0,apartamentowiec,,"Luksusowy apartament w sercu Poznania – ul. Wenecjańska 7 Metraż; 80 m2 Piętro: 5 Dostępność: od zaraz, gotowy do wprowadzenia Miejsce postojowe w hali garażowej: dodatkowo płatne 60 000 zł Opłaty administracyjne: ok. 1 300 zł Z ogromną przyjemnością prezentujemy na sprzedaż przepiękny, klimatyzowany apartament w standardzie PREMIUM, położony w jednej z najbardziej prestiżowych lokalizacji Poznania – przy ul. Wenecjańskiej. Mieszkanie znajduje się na 5. piętrze eleganckiego apartamentowca z windą, a jego największym atutem jest zjawiskowy, panoramiczny widok na katedrę. Do płyty Starego Rynku dzieli go zaledwie 400 metrów. Układ pomieszczeń: - Przestronny, jasny salon z aneksem kuchennym oraz wyjściem na balkon - Duża sypialnia również z dostępem do balkonu - Gabinet / pokój do pracy, idealny dla osób pracujących zdalnie - Dwie łazienki, obie wykończone w najwyższym standardzie - Przestronny hol z szafami w zabudowie Apartament został wykończony z wyjątkową starannością, przy użyciu materiałów premium. Jasna kolorystyka, nowoczesne rozwiązania oraz starannie dobrane elementy wystroju tworzą wyjątkowo elegancką, a jednocześnie przytulną przestrzeń do codziennego życia. Dodatkowe atuty: - Klimatyzacja w całym mieszkaniu - Duże przeszklenia zapewniające doskonałe doświetlenie - Panoramiczny widok na katedrę - Balkon dostępny z salonu i sypialni - Znakomita lokalizacja — urokliwe centrum miasta, kilka kroków od Starego Rynku",,,,,,Wyposażenie: klimatyzacja,52.408995,16.941402
Poznań Naramowice,ul. Karpia,3,62,860000,13871.0,bez pośredników,,17,https://adresowo.pl/o/mieszkanie-poznan-naramowice-ul-karpia-3-pokojowe-m5s1p5,https://s2.adresowa.pl/oi/4f/64/3d8b06_81fa_cover@2x-3-pokojowe-mieszkanie-poznan-naramowice-ul-karpia.webp,Poznań Naramowice,Karpia,3,2015.0,blok,,"Na sprzedaż wyjątkowe, 3-pokojowe mieszkanie o powierzchni 62,9 m², położone w zielonej i spokojnej części Poznania, w dzielnicy Naramowice. Lokal znajduje się na 3. piętrze w nowoczesnym budynku z windą z 2015 roku i sprzedawany jest przez pierwszego właściciela. Mieszkanie wykończone w wysokim standardzie – gotowe do zamieszkania bez dodatkowych nakładów. Meble widoczne na zdjęciach w cenie mieszkania. Najważniejsze atuty: powierzchnia 62,9 m² – funkcjonalny układ idealny rozkład stron świata – sypialnie od północy, salon od południowo-zachodniej strony 2 balkony, w tym balkon od słonecznej strony – meble ogrodowe ukazane na fotografii osobna, ustawna kuchnia – komfort gotowania bez zapachów w salonie 3. piętro + winda budynek z 2015 roku, nowoczesne osiedle miejsca postojowe – w cenie mieszkania rowerownia/wózkarnia w budynku Układ i powierzchnie pomieszczeń (62,9 m²): salon – 19,20 m² kuchnia – 6,04 m² sypialnia 1 – 11,13 m² sypialnia 2 – 10,33 m² łazienka – 4,96 m² pomieszczenie gospodarcze – 1,60 m² korytarz – 9,62 m² Mieszkanie dobrze doświetlone i funkcjonalne – część prywatna z sypialniami od północy zapewnia komfortowy odpoczynek, a jasny salon od strony południowo-zachodniej to idealne miejsce do codziennego życia i spotkań. Balkon stanowi naturalne przedłużenie strefy dziennej. We wnęce na większym balkonie wykonane dodatkowe miejsce do przechowywania w postaci półek schowanych za roletą. Lokalizacja: Spokojna, zielona okolica z rozwiniętą infrastrukturą – w pobliżu sklepy, usługi oraz tereny spacerowe i rekreacyjne. Dobra komunikacja z centrum miasta sprawia, że to idealne miejsce do życia dla rodzin, par oraz jako inwestycja pod wynajem.",,,osobna,plastikowe,własność,,52.444434,16.958676
Poznań Łazarz,ul. Kawaleryjska,2,38,639000,16816.0,bez pośredników,,19,https://adresowo.pl/o/mieszkanie-poznan-lazarz-ul-kawaleryjska-2-pokojowe-l6w3s0,https://s2.adresowa.pl/oi/48/48/3d8656_fdc0_cover@2x-2-pokojowe-mieszkanie-poznan-lazarz-ul-kawaleryjska.webp,Poznań Łazarz,Kawaleryjska,1,2025.0,apartamentowiec,,"Jedyna odsprzedaż na Cavallii — klucze wydane, mieszkanie dostępne od zaraz! Oferuję w sprzedaży kompletny pakiet na osiedlu Cavallia: mieszkanie dwupokojowe + miejsce postojowe w garażu podziemnym + komórka lokatorska. Wszystkie trzy elementy sprzedawane są łącznie (wymóg notarialny). Cena całkowita pakietu: 749 800 zł • Mieszkanie 38,84 m²: 639 000 zł • Miejsce postojowe w garażu podziemnym (miejsce nr 76): 77 900 zł • Komórka lokatorska murowana 3,96 m² (bezpośrednio przy miejscu postojowym): 32 900 zł Cena do negocjacji. Zapraszam do kontaktu. Mieszkanie Powierzchnia: 38,84 m² | Piętro: 1 z 4 | Ekspozycja: zachodnia | Balkon: 3,30 m² Układ pomieszczeń: • Salon z aneksem kuchennym: 19,57 m² — jasna, otwarta przestrzeń dzienna z wyjściem na balkon • Sypialnia: 11,33 m² — ustawna, z widokiem na zieleń • Łazienka: 3,74 m² — z miejscem na pełne wyposażenie • Hol: 4,20 m² • Balkon 3,30 m² Stan wykończenia: deweloperski — ściany wyszpachlowane i pomalowane na biało. Mieszkanie gotowe do wykończenia według własnego projektu. Ekspozycja zachodnia zapewnia piękne doświetlenie przez cały dzień i efektowne zachody słońca w salonie i sypialni. Co wchodzi w skład pakietu Do mieszkania nierozerwalnie przynależy: • Miejsce postojowe nr 76 w zamkniętym garażu podziemnym • Komórka lokatorska murowana (bezpośrednio przy miejscu parkingowym, kondygnacja -1) Osiedle Cavallia — wysoki standard części wspólnych Cavallia to wielofunkcyjne osiedle wyróżniające się ponadprzeciętnym standardem przestrzeni wspólnych: • Przestronne pomieszczenie wspólnoty do pracy i wypoczynku • Eleganckie klatki schodowe z designerską posadzką i czarnymi detalami • Winda w budynku • Monitoring i ochrona • Duża rowerownia • Zadbany dziedziniec z nasadzeniami i placem zabaw • Szklarnia na dachu dla mieszkańców Lokalizacja Osiedle przy ul. Kawaleryjskiej na poznańskim Łazarzu — kwartał między ul. Matejki, Grunwaldzką i Ułańską. W zasięgu 5 minut rowerem / 15 minut pieszo: • Park Wilsona z Palmiarnią — największa palmiarnia w Europie • Park Jana Kasprowicza i Park Manitiusa • Centrum handlowe Avenida • Międzynarodowe Targi Poznańskie • Dworzec Główny PKP • Tramwaje i autobusy bezpośrednio przy osiedlu • Restauracje, kawiarnie, sklepy na Rynku Łazarskim i w City Parku Dla inwestorów Łazarz to jedna z najdrożej wynajmowanych dzielnic Poznania. Mieszkanie 2-pokojowe w nowym budownictwie w tej lokalizacji osiąga czynsze w przedziale 3 200–3 800 zł/miesiąc, co przy cenie zakupu daje stopę zwrotu brutto ok. 5–6% rocznie. Mieszkanie jest dostępne od zaraz — klucze już wydane. Czynsz W skład czynszu wchodzą: - Administrowanie, ochrona, utrzymanie czystości, serwisy ~ 260 zł - Energia cieplna (ogrzewanie) ~ 192 zł* - Energia elektryczna części wspólnych ~ 136 zł - Zimna woda i podgrzanie wody ~ 84 zł* - Pielęgnacja terenów, ubezpieczenie, fundusz remontowy ~ 23 zł | **Mieszkanie łącznie** | **~695 zł** | - Miejsce garażowe (MP76) ~ 147 zł - Komórka lokatorska (KL6) ~43 zł | **Razem cały pakiet** | **~885 zł/miesiąc** | *\*Pozycje zmienne — zależą od rzeczywistego zużycia i temperatury zewnętrznej.* Zapraszam do kontaktu i prezentacji.",,,,,własność,,52.402498,16.898475
Poznań Rataje,os. Orła Białego,3,63,740000,11746.0,bez pośredników,,18,https://adresowo.pl/o/mieszkanie-poznan-rataje-os-orla-bialego-3-pokojowe-i6l3o1,https://s2.adresowa.pl/oi/15/19/3d8162_2dda_cover@2x-3-pokojowe-mieszkanie-poznan-rataje-os-orla-bialego.webp,Poznań Rataje,os. Orła Białego,5,1986.0,blok,,"Sprzedam bezpośrednio mieszkanie 3 pokojowe na os. Orła Białego, usytuowane w bloku tzw. deska ( numery 41-71), na 5 piętrze (z windą). Po generalnym remoncie 5 lat temu, stan do wprowadzenia bez większych dodatkowych nakładów. Mogę udostępnić więcej zdjęć w wiadomości :) Zachęcam też do obejrzenia mieszkania. Jeśli nie odbiorę tel. proszę o sms, oddzwonię. PODSTAWOWE INFORMACJE Powierzchnia 63,8m2. W skład mieszkania wchodzą: - 3 niezależne pokoje: 24,4 m, 11,4 m, 8,2m, - kuchnia 7,6m, - łazienka 2,7m i toaleta 1,1m - korytarz 8,6m - oraz balkon 6m. - Forma własności: spółdzielcze własnościowe z księgą wieczystą. - Czynsz administracyjny: 1200 PLN przy 3 os (w tym zaliczki na wodę i ogrzewanie, śmieci, opłaty administracyjne). - Ogrzewanie miejskie. - Dodatkowo płatny prąd i gaz według zużycia. - Do mieszkania przynależy piwnica oraz jest opcja kontynuowania najmu od spółdzielni dodatkowego schowka na półpiętrze. - Bardzo dobry internet światłowodowy doprowadzony do mieszkania (bez problemu pracowały zdalnie dwie osoby). UKŁAD MIESZKANIA Mieszkanie ma świetny układ, a każdy z pokoi jest ustawny. Bardzo duży salon ma ogromny potencjał aranżacyjny. Balkon osiatkowany przez profesjonalną firmę. Mieszkanie ma okna na dwie strony: kuchnia oraz jeden pokój na północ, salon (wraz z balkonem) oraz drugi pokój na południe. Taki układ pozwala łatwo wywietrzyć mieszkanie, jest ciepło i słonecznie, ale nie robi się upalnie latem. Widok z okna przestrzenny na zieleń, przez co jest jasno nawet w pochmurny dzień. W bloku jest winda (wymieniona na nową 3 lata temu). W razie potrzeby jest też możliwość skorzystania z windy klatki obok i przejścia na ostatnim piętrze. STAN MIESZKANIA - Mieszkanie przeszło generalny remont 5 lat temu - wymienione instalacje, nowe sprzęty w kuchni i łazience oraz armatura, zrobione sufity, ściany, wymieniony grzejnik w łazience. - Wymienione też futryny drzwiowe na nowe oraz drzwi na Porta białe. - Płytki gresowe w kuchni, łazience i toalecie oraz korytarzu położone w sposób tworzący jednolitą całość. W pokojach zachowany klasyczny parkiet mozaikowy - wycyklinowany i położony nowy naturalny lakier (bezpieczny dla zwierząt oraz dzieci). - Cały remont przeprowadzony z użyciem porządnych, dopasowanych materiałów. - Kuchnia w zabudowie na wymiar od stolarza. - Drewniane rolety w 2 pokojach (od strony południowej). Mieszkanie i sprzęty czyste i bardzo zadbane. - Odpowiednio konserwowane sprzęty typu lodówka, zmywarka, pralka (2 letnia), sprzedawane jako część wyposażenia mieszkania. Część mebli możliwa do pozostawienia (do ustalenia). - Korytarz z 2 letnią szafą z Ikea dopasowaną do stylu oraz wymiarów mieszkania. - Balkon duży i słoneczny, zabudowany deskami, co nadało mu przytulności i dało duży potencjał aranżacyjny. Jest też zamontowany hak na huśtawkę oraz ruchome skrzynki na warzywa czy kwiaty. - Mieszkanie ciche, 5 piętro zapewnia piękne widoki na otaczającą zieleń. - Sąsiedztwo spokojne, głównie rodziny lub starsze osoby - życzliwa atmosfera między sąsiadami. - Blok jest ocieplony, klatka schodowa czysta i zadbana. OKOLICA / OSIEDLE - W pobliżu bloku jest wszystko czego potrzeba do wygodnego życia: przystanki autobusowe oraz tramwajowe zapewniające połączenie z różnymi częściami miasta. - Sklep Biedronka, nieco dalej Lidl, ryneczek z lokalnymi warzywniakami i piekarniami, dwie Żabki, kilka paczkomatów, kawiarnia, lodziarnia, knajpki (sushi, pizza, tajskie, kebab), apteki, fryzjerzy, kosmetyczki, dentysta, różnego rodzaju usługi, stacje paliw, warsztat samochodowy. - Blisko M1, Ikea, Posnania. Miejsce idealne również dla rodzin ze względu na bliskość kilku dobrych przedszkoli (publicznych i prywatnych), żłobków i szkół (każde kilka minut pieszo). Dużo placów zabaw, górka saneczkowa, oraz sala z zajęciami dla dzieci zaraz obok. Mnóstwo zieleni, parków, wybieg dla psów. Okolica jest zadbana i dobrze oświetlona wieczorami, przez co jest bezpiecznie. Pod blokiem i w okolicy jest bardzo dużo miejsc parkingowych - można zaparkować nawet w późnych godzinach wieczornych. Szybki wyjazd z miasta na S11 czy A2.",tak,,osobna,,spółdzielcze własnościowe,"Wyposażenie: internet, lodówka, pralka, zmywarka",52.376896,16.964682
Poznań Grunwald,ul. Arnolda Szylinga,4,89,870000,9775.0,Pośrednik,,16,https://adresowo.pl/o/mieszkanie-poznan-grunwald-ul-arnolda-szylinga-4-pokojowe-x0g3k0,https://s2.adresowa.pl/oi/68/63/3a75ac_5871_cover@2x-4-pokojowe-mieszkanie-poznan-grunwald-ul-arnolda-szylinga.webp,Poznań Grunwald,Arnolda Szylinga,1,1930.0,kamienica,,"Zapraszamy do zapoznania się z ofertą jasnego i przestronnego mieszkania położonego w odrestaurowanej kamienicy na poznańskich Jeżycach. Budynek posiada monitoring oraz zadbaną, szeroką klatkę schodową, co podnosi komfort codziennego użytkowania. Lokalizacja zapewnia szybki dostęp do centrum miasta, komunikacji miejskiej oraz pełnej infrastruktury miejskiej. Najważniejsze atuty: • Cztery niezależne pokoje. • Wysokie pomieszczenia - ponad 3 m. • Klimatyczna, odrestaurowana kamienica. • Duża kuchnia z jadalnią. • Ogrodzone podwórko z parkingiem dla mieszkańców. • Doskonała lokalizacja na Jeżycach. • Możliwość zmiany układu mieszkania. Mieszkanie składa się z: - Czterech niezależnych pokoi, - Dużej kuchni z jadalnią, - Łazienki, - Korytarza. Do mieszkania przynależy duża piwnica, która zapewnia dodatkową przestrzeń do przechowywania. Istnieje również możliwość zakupu garażu - cena pozostaje do indywidualnego uzgodnienia. Standard mieszkania: W 2014 roku przeprowadzono generalny remont, który obejmował wymianę instalacji elektrycznej, wodnej oraz gazowej. Zamontowano nowe grzejniki, wykonano gładzie oraz położono płytki. Kuchnia i łazienka zostały wykończone w technologii g-k wilgocioodpornej. Budynek: Odrestaurowana kamienica posiada zadbane części wspólne oraz monitoring. Do dyspozycji mieszkańców jest duże, ogrodzone podwórko z zielenią. Na terenie posesji dostępny jest parking wyłącznie dla mieszkańców, zabezpieczony szlabanem. Lokalizacja: Nieruchomość znajduje się w jednej z najlepiej skomunikowanych części Jeżyc. W pobliżu dostępne są przystanki komunikacji miejskiej, które zapewniają szybki dojazd do centrum Poznania. W sąsiedztwie znajdują się Międzynarodowe Targi Poznańskie, Rynek Jeżycki oraz Dworzec PKP, a także liczne sklepy, restauracje i kawiarnie. Okolica oferuje pełną infrastrukturę miejską i charakterystyczny klimat tej części miasta. Opłaty: Czynsz administracyjny wynosi około 800 zł miesięcznie. Szczegóły dotyczące opłat administracyjnych dostępne są na życzenie. Zapraszamy do kontaktu w celu uzyskania dodatkowych informacji oraz umówienia się na prezentację nieruchomości. Chętnie odpowiemy na wszystkie pytania i przedstawimy szczegóły dotyczące oferty. TEKTON PROPERTY TO NAJLEPSZE BIURO NIERUCHOMOŚCI W POLSCE WG KONKURSU LIDER NIERUCHOMOŚCI OTODOM 2020. Znajdź nas w swoim mieście: Gdańsk, ul. Chmielna 10 - Warszawa, Plac Dąbrowskiego 1/311 - Kraków, ul. Józefitów 7/4 - Poznań, ul. Wojskowa 6/D6 - Łódź, ul. Zachodnia 70 pok. 223, Opole, Gen. Tadeusza Kościuszki 1, lok. 1C. Podejmując współpracę z przedstawicielami Tekton Property zyskujesz: - oszczędność czasu, - weryfikację dokumentów od strony formalno-prawnej, - wsparcie agenta na każdym etapie transakcji, - pomoc przy uzyskaniu kredytu hipotecznego w kilkunastu bankach, - wgląd do umów przed zawarciem aktu notarialnego u sprawdzonych Notariuszy, - własne analizy makroekonomiczne i raporty z prowadzonych działań, - dostęp do cen transakcyjnych z okolicy. Skontaktuj się z opiekunem oferty, a on poprowadzi Cię przez wszystkie etapy transakcji. Zapraszamy do współpracy! Niniejsze ogłoszenie nie stanowi oferty handlowej w rozumieniu przepisów art. 66 k.c., a przedstawione dane mają charakter informacyjny.",,tak,,,własność,,52.406872,16.901224
Poznań Łazarz,ul. Głogowska,1,31,375000,12097.0,Pośrednik,,7,https://adresowo.pl/o/mieszkanie-poznan-lazarz-ul-glogowska-1-pokoj-f5w1i7,https://s2.adresowa.pl/oi/69/3a/3a54ce_e64a_cover@2x-1-pokojowe-mieszkanie-poznan-lazarz-ul-glogowska.webp,Poznań Łazarz,Głogowska,2,1910.0,kamienica,,"Zapraszamy do zapoznania się z ofertą sprzedaży świeżo wyremontowanej kawalerki o powierzchni 31 m², położonej przy ul. Głogowskiej w Poznaniu, w bezpośrednim sąsiedztwie Parku Wilsona. Mieszkanie znajduje się w drugiej linii zabudowy, dzięki czemu mimo bliskości głównej ulicy wewnątrz panuje cisza i spokojna atmosfera. Lokal jest jasny, przytulny i gotowy do zamieszkania. Najważniejsze atuty: • Po generalnym remoncie. • Położenie przy Parku Wilsona. • Jasne wnętrze z południową ekspozycją. • Nowe instalacje w budynku. • Możliwość wydzielenia drugiego pokoju. • Funkcjonalny i ustawny układ mieszkania. Mieszkanie składa się z: - Pokoju z aneksem kuchennym, - Łazienki. Budynek: Budynek przeszedł modernizację instalacji elektrycznej oraz docieplenie elewacji. Mieszkanie znajduje się w drugiej linii zabudowy, co zapewnia większą prywatność oraz ogranicza hałas uliczny. Dzięki temu nieruchomość oferuje spokojne warunki do codziennego życia. Lokalizacja: Nieruchomość położona jest w jednej z najbardziej rozpoznawalnych części poznańskiego Łazarza. W bezpośrednim sąsiedztwie znajdują się sklepy, restauracje, przystanki tramwajowe oraz liczne punkty usługowe. Lokalizacja zapewnia bardzo dobry dostęp do komunikacji miejskiej oraz szybki dojazd do centrum miasta. Opłaty: Czynsz administracyjny wynosi około 500 zł miesięcznie. W opłatach zawarte są m.in. zaliczki na wodę, ogrzewanie oraz koszty utrzymania części wspólnych budynku. Zapraszamy do kontaktu w celu uzyskania dodatkowych informacji oraz umówienia się na prezentację mieszkania. Chętnie odpowiemy na wszystkie pytania i przedstawimy szczegóły dotyczące oferty. TEKTON PROPERTY TO NAJLEPSZE BIURO NIERUCHOMOŚCI W POLSCE WG KONKURSU LIDER NIERUCHOMOŚCI OTODOM 2020. Znajdź nas w swoim mieście: Gdańsk, ul. Chmielna 10 - Warszawa, Plac Dąbrowskiego 1/311 - Kraków, ul. Józefitów 7/4 - Poznań, ul. Wojskowa 6/D6 - Łódź, ul. Zachodnia 70 pok. 223, Opole, Gen. Tadeusza Kościuszki 1, lok. 1C. Podejmując współpracę z przedstawicielami Tekton Property zyskujesz: - oszczędność czasu, - weryfikację dokumentów od strony formalno-prawnej, - wsparcie agenta na każdym etapie transakcji, - pomoc przy uzyskaniu kredytu hipotecznego w kilkunastu bankach, - wgląd do umów przed zawarciem aktu notarialnego u sprawdzonych Notariuszy, - własne analizy makroekonomiczne i raporty z prowadzonych działań, - dostęp do cen transakcyjnych z okolicy. Skontaktuj się z opiekunem oferty, a on poprowadzi Cię przez wszystkie etapy transakcji. Zapraszamy do współpracy! Niniejsze ogłoszenie nie stanowi oferty handlowej w rozumieniu przepisów art. 66 k.c., a przedstawione dane mają charakter informacyjny.",,tak,,,własność,,52.398255,16.904415
Poznań Centrum,ul. Jana Henryka Dąbrowskiego,3,74,810000,10946.0,bez pośredników,,11,https://adresowo.pl/o/mieszkanie-poznan-centrum-ul-jana-henryka-dabrowskiego-3-pokojowe-b4j2g2,https://s2.adresowa.pl/oi/20/7f/3d805a_e4ac_cover@2x-3-pokojowe-mieszkanie-poznan-centrum-ul-jana-henryka-dabrowskiego.webp,Poznań Centrum,Jana Henryka Dąbrowskiego,1,,kamienica,,"Dwupoziomowe mieszkanie o powierzchni 74 m² w samym centrum Poznania — przestronne, jasne i zaskakująco funkcjonalne. Na dole: otwarty salon z aneksem kuchennym i jadalnią, z wyjściem na balkon. Na górze: dwie sypialnie, łazienka i oddzielne pomieszczenie, które może być wykorzystane jako biuro. Obie sypialnie z dostępem do dużego, 11 m² tarasu skierowanego na południe, wychodzącego na spokojny, cichy dziedziniec. Mieszkanie świeżo odmalowane, gotowe do wprowadzenia. Do mieszkania przynależy piwnica. Idealna lokalizacja— Most Teatralny i przystanek tramwajowy w zasięgu 2 minut, teatr, restauracje i kawiarnie tuż za drogiem, Rynek Jeżycki 5 minut piechotą. Idealne dla pary lub małej rodziny szukającej przestrzeni i charakteru w sercu miasta.",tak,,aneks,plastikowe,własność,,52.425677,16.860445
Poznań Piątkowo,ul. Zygmunta Wojciechowskiego,2,39,649000,16641.0,bez pośredników,,11,https://adresowo.pl/o/mieszkanie-poznan-piatkowo-ul-zygmunta-wojciechowskiego-2-pokojowe-x7n7h6,https://s2.adresowa.pl/oi/60/3b/3d7e66_6ea6_cover@2x-2-pokojowe-mieszkanie-poznan-piatkowo-ul-zygmunta-wojciechowskiego.webp,Poznań Piątkowo,Zygmunta Wojciechowskiego,parter,2026.0,blok,,"Wykończone w wysokim standardzie mieszkanie z ogródkiem czeka na Ciebie na Piątkowie. Mieszkanie znajduje się w 3 Etapie inwestycji Początek Piątkowa przy ul. Wojciechowskiego 17. Jest to jedno z najnowocześniejszych i najbardziej prestiżowych osiedli powstałych na przestrzeni ostatnich lat w Poznaniu. W budynku znajduje się profesjonalna siłownia dostępna dla mieszkańców oraz pomieszczenia na jednoślady. Na parkingu przed budynkiem znajduje się ładowarka dla samochodów elektrycznych. Obiekt wyposażony jest w instalację fotowoltaiczną obniżającą zużycie energii w częściach wspólnych. Na parterze znajduje się reprezentacyjne dwukondygnacyjne lobby, a korytarze i klatki schodowe wyróżniają się na tle innych inwestycji deweloperskich. Mieszkanie zostało całkowicie wykończone i wyposażone w sprzęty kuchenne (piekarnik, płyta indukcyjna, okap). Meble w kuchni, salonie, łazience oraz korytarzu zostały wykonane przez stolarza z wysokiej klasy materiałów. W salonie oraz łazience znajduje się dodatkowe oświetlenie ledowe podświetlające ozdobne elementy wykończenia. W kuchni zastosowano cienkie blaty, które dodają elegancji pomieszczeniu. Mieszkanie: - Całkowita powierzchnia mieszkania to 39,24m2 - Wysokość pomieszczeń wynosi 2,7m - Sypialnia - 10,96m2 - Salon z aneksem - 20m2 - Korytarz - 4,3m3 - Łazienka - 3,98m2 - Ogródek - 33,31m2 Do mieszkania przynależy niezależne miejsce postojowe w hali garażowej płatne dodatkowo 50.000zł. Serdecznie zapraszam do kontaktu.",,,aneks,,własność,Wyposażenie: piekarnik,52.447952,16.913516
Poznań Grunwald,ul. Olszynka,2,48,519900,10831.0,bez pośredników,,20,https://adresowo.pl/o/mieszkanie-poznan-grunwald-ul-olszynka-2-pokojowe-o1q0g9,https://s2.adresowa.pl/oi/1b/33/3d7ba0_434c_cover@2x-2-pokojowe-mieszkanie-poznan-grunwald-ul-olszynka.webp,Poznań Grunwald,Olszynka,4,1970.0,blok,,"Witam, Zapraszam do zapoznania się z ofertą sprzedaży mieszkania, położonego na czwartym piętrze bloku przy ul. Olszynka 6 (dzielnica Grunwald). Mieszkanie o powierzchni 48m2 składa się z: - dwóch pokoi z oknami od strony południowej (18,1m2 i 12,5m2), - kuchni, - łazienki z prysznicem, - przedpokoju oraz - piwnicy. Mieszkanie jest słoneczne, ciepłe (okna wychodzą na południowy-zachód, izolacja zewnętrzna bloku), dzięki czemu koszty ogrzewania są niskie. W ramach czynszu uwzględniona jest płatność m.in. za: ogrzewanie mieszkania, ogrzanie wody, zimną wodę, odpady komunalne. Aktualny czynsz dla dwóch osób (marzec 2026) wynosi 734,62zł. Dodatkowo płatny prąd i gaz za zużycie dla kuchenki. Korzyści wynikające z lokalizacji: - ok. 100m do sklepu Społem, apteki i gabinetu stomatologicznego, - ok. 300m do przystanku tramwajowego ""Drzewieckiego"" (tramwaje: 1, 6, 13, 15), - ok. 300m do dyskontów spożywczych Netto i LIDL, - ok. 500m do stacji paliw BP, - ok. 700m do kościoła pw. Jana Kantego, - ok. 1.800m do Lasku Marcelińskiego (miejsce na ognisko, wybieg dla psów). Jest też opcja wymiany mieszkania na dom z dopłatą (Poznań Antoninek, Swarzędz, okolice). Zachęcam do umówienia się na prezentację. Powyższy opis ma charakter informacyjny i nie stanowi oferty handlowej w rozumieniu Kodeksu Cywilnego. Przedstawione dane, w tym zdjęcia, mogą ulec zmianie / aktualizacji.",tak,,,,własność,,52.395008,16.868587
Poznań Łazarz,ul. Kolejowa,2,36,489000,13583.0,Pośrednik,,7,https://adresowo.pl/o/mieszkanie-poznan-lazarz-ul-kolejowa-2-pokojowe-q4c5m8,https://s2.adresowa.pl/oi/35/7a/3a39e2_3663_cover@2x-2-pokojowe-mieszkanie-poznan-lazarz-ul-kolejowa.webp,Poznań Łazarz,Kolejowa,2,1899.0,kamienica,,"Mam niezmierną przyjemność przedstawić Państwu ofertę sprzedaży wyjątkowej nieruchomości wykończonej pod klucz, znajdującej się na jednej z najmodniejszych i najbardziej cenionych dzielnic Poznania czyli Łazarzu. Lokal mieszkalny znajduję się na drugim piętrze w czteropiętrowej zadbanej, klimatycznej kamienicy wybudowanej w 1899 roku przy ul. Kolejowej. Mieszkanie 2 pokojowe o powierzchni liczącej 36,33 m2 składa się z : - pokoju z aneksem kuchennym o powierzchni 23,79 m2, - sypialni o powierzchni 9,13 m2, - łazienki o powierzchni 3,41 m2, Bardzo funkcjonalny układ nieruchomości gwarantuje wygodę użytkowania. Wysokość pomieszczeń - ponad 300 cm, co dodatkowo optycznie powiększa przestrzeń. Mieszkanie bardzo dobrze doświetlone za sprawą dużej ilości wysokich okien oraz południowo - wschodniej ekspozycji. Nieruchomość ze względu na swoją kapitalną lokalizację sprawdzi się jako inwestycja w wynajem długo/krótkoterminowy. To idealna oferta dla osób poszukujących kompaktowego i funkcjonalnego mieszkania w spokojnej okolicy, z jednoczesnym ekspresowym dostępem do centrum miasta. To również doskonała propozycja dla studentów za sprawą bardzo dobrej komunikacji z resztą miasta! Historyczna zabudowa - kamienica wybudowana w 1899 roku o wyjątkowym charakterze, która przechodzi właśnie renowację przywracającą jej dawny blask! Zakres prac modernizacyjnych w kamienicy: kompleksowa wymiana instalacji wodno-kanalizacyjnej wymiana instalacji elektrycznej renowacja klatki schodowej wykonanie przeglądów kominiarskich doprowadzenie światłowodu instalacja systemu monitoringu nowe okna PCV nowe drzwi wejściowe do lokali remont elewacji tylnej budynku Budynek po remoncie elewacji przedniej! Wokół pełna infrastruktura, odległość od przystanku lini tramwajowej czy autobusu to zaledwie 400 m, w pobliżu sklepy typu Biedronka, Żabka, galerie Avenida, Stary Browar, Dworzec Główny, Uczelnie, Międzynarodowe Targi Poznańskie, Nocny targ towarzyski itp. Rynek Łazarski na wyciągnięcie ręki. Dla prowadzących aktywny tryb życia uciechą będzie znajdujący się nieopodal Park Wilsona. Odległość do centrum Poznania to około 35 min przyjemnego spaceru. W tej lokalizacji każdy znajdzie coś dla siebie! Pełna własność z udziałem w gruncie. Ogrzewanie z kotłowni wspólnej. Do budynku został doprowadzony światłowód. Czynsz administracyjny wraz z funduszem remontowym wynosi około 350 zł. Dodatkowo płatne media według indywidualnego zużycia. W ofercie posiadamy inne nieruchomości w tym budynku w różnym stanie wykończenia - skontaktuj się aby uzyskać więcej informacji. Serdecznie zapraszam do kontaktu!",,,,,własność,,52.3935,16.90522
Poznań Wilda,ul. Józefa Wybickiego 1,3,56,589000,10518.0,Pośrednik,,17,https://adresowo.pl/o/mieszkanie-poznan-wilda-ul-jozefa-wybickiego-3-pokojowe-b5i4s4,https://s2.adresowa.pl/oi/4b/30/3a235e_5361_cover@2x-3-pokojowe-mieszkanie-poznan-wilda-ul-jozefa-wybickiego.webp,Poznań Wilda,Józefa Wybickiego 1,3,1910.0,kamienica,,"Kupujący nie płaci prowizji ! Polecam ofertę trzypokojowego mieszkania położonego w Poznaniu, na Wildzie przy ulicy Wybickiego 1 . Świetny punkt komunikacyjny! Kilka linii autobusowych i tramwajowych w promieniu kilometra. Na miejscu cała niezbędna infrastruktura, począwszy od szkół po restauracje. Mieszkanie w stanie do odświeżenia , które daje możliwość dostosowania do własnych potrzeb. Doskonała lokalizacja idealne pod wynajem lub na użytek własny. OPIS LOKALU Mieszkanie o powierzchni ok. 56,5 m2 składa się z: • salonu - 18,3 m2 • sypialni - 7,9 m2 • sypialni - 7,3 m2 • kuchnia - 8,1 m2 • schowek - 1,5 m2 • łazienki - 3,2 m2 • korytarza - 10 m2 Do lokalu przynależy: • balkon - ok. 2 m2 • piwnica ok. 2 m2 Układ mieszkania: 3 niezależne pokoje z osobną jasną kuchnią Piętro: 3 w kamienicy bez windy Ogrzewanie: cieplik miejski Czynsz 870 zł Standard wykończenia: • podłogi - panele, płytki • ściany - gładź gipsowa • okna - PCV Budynek z cegły z 1910. Wymieniona instalacja elektryczna oraz wodno-kanalizacyjna. Wokół budynku znajdują się miejsca w ramach Strefy Płatnego Parkowania, 30 zł miesięcznie dla mieszkańców Poznania. Budynek po termomodernizacji, z ocieplonym dachem. Opis lokalizacji W bliskiej odległości znajdziemy: • przedszkole - 260 m; • szkoła podstawowa - 550 m; • liceum - 950 m; • uczelnia - ok. 3 km; • siłownia - 700 m; • apteka - 500 m; • poczta - 550 m; • sklep spożywczy - 100 m; • Stokrotka - 400 m; • targowisko - 550 m; • plac zabaw - 600 m; • centrum handlowe - 1,1 km; Komunikacja • linie tramwajowe: 2, 9, 10 i 19 oraz nocna 215 przystanek Kosińskiego w odległości 400 m; • linie tramwajowe: [numer], 14,17 i 19 oraz nocna 201przystanek Traugutta w odległości 700 m;. Forma własności pełna własność z Księgą Wieczystą Cena 589 000 zł. Serdecznie zapraszam na prezentację!",,,,,własność,,52.390585,16.919236
Poznań Winogrady,os. Wichrowe Wzgórze,4,65,710000,10923.0,bez pośredników,,3,https://adresowo.pl/o/mieszkanie-poznan-winogrady-os-wichrowe-wzgorze-4-pokojowe-x8d7v9,https://s2.adresowa.pl/oi/78/70/3d7984_c4bf_cover@2x-4-pokojowe-mieszkanie-poznan-winogrady-os-wichrowe-wzgorze.webp,Poznań Winogrady,os. Wichrowe Wzgórze,4,1980.0,blok,,"Na sprzedaż wyjątkowe mieszkanie 4-pokojowe, 65 m² – po generalnym remoncie i wykończone ze smakiem, według nowoczesnego projektu. Lokalizacja: Poznań, os. Wichrowe Wzgórze Cena: 710 000 zł W skrócie: 3 oddzielne sypialnie (w tym jedna z balkonem) salon z aneksem kuchennym przestronna łazienka dodatkowe pomieszczenie z miejscem na pralkę i suszarkę piwnica + dostęp do suszarni i wózkowni Mieszkanie będzie gotowe do wprowadzenia – nowe instalacje, podłogi, drzwi, kuchnia, łazienka. Stylowa, neutralna aranżacja, modne oświetlenie i funkcjonalny układ. Skontaktuj się ze mną – chętnie odpowiem na pytania i pokażę mieszkanie! Sprzedaż bezpośrednia",tak,,aneks,plastikowe,spółdzielcze własnościowe,"Wyposażenie: pralkę, suszarkę",52.43885,16.93449
Poznań Wilda,ul. Jana Umińskiego,1,25,195000,7800.0,bez pośredników,,8,https://adresowo.pl/o/mieszkanie-poznan-wilda-ul-jana-uminskiego-1-pokoj-z3m4i7,https://s2.adresowa.pl/oi/6d/3e/3d706a_38b1_cover@2x-1-pokojowe-mieszkanie-poznan-wilda-ul-jana-uminskiego.webp,Poznań Wilda,Jana Umińskiego,parter,,kamienica,,"Zapraszam do zakupu kawalerki na Wildzie. Forma własności to udział w kamienicy ze wskazaniem na lokal. Mimo niewielkiego metrażu mieszkanie jest przestronne dzięki wysokości 3m, składa się z jednego dużego pokoju z aneksem kuchennym, dużej łazienki i korytarza z szafą w zabudowie. Mieszkanie jest odświeżone, ale wymaga remontu/aranżacji pod własne potrzeby. Kawalerka ma ponad 3 metry wysokości, pięknie nadaje się pod antresole. Budynek stary, klatka schodowa nie należy do najpiękniejszych, ale na pewno ma swój klimat. Kawalerka jest doskonale skomunikowana, ulokowana na ulicy Umińskiego na Wildzie, 5 minut piechotą od przystanku Traugutta. Niedaleko znajduje się Lidl, Galeria Green Point, w której jest Spar i Action, a przed drzwiami do budynku jest Żabka. W przypadku, jeśli nie odbiorę telefonu, proszę o wiadomość tekstową, oddzwonię — nie zawsze mam możliwość odebrania telefonu.",,,aneks,plastikowe,,,52.389379,16.912692
Poznań Nowe Miasto,ul. Pobiedziska,1,38,465000,12237.0,bez pośredników,,15,https://adresowo.pl/o/mieszkanie-poznan-nowe-miasto-ul-pobiedziska-1-pokoj-p0a2v4,https://s2.adresowa.pl/oi/76/32/3d6f84_5ac4_cover@2x-1-pokojowe-mieszkanie-poznan-nowe-miasto-ul-pobiedziska.webp,Poznań Nowe Miasto,Pobiedziska,2,2001.0,blok,,"Poznań, Malta - ul. Pobiedziska 14 Na sprzedaż wyjątkowe mieszkanie, położone w jednej z najbardziej zielonych i pożądanych lokalizacji w Poznaniu - bezpośrednio przy Jeziorze Maltańskim. To propozycja dla osób, które cenią ciszę, przestrzeń, naturę i niezakłócony widok, a jednocześnie chcą inwestować bezpiecznie i z pomysłem. Stan obecny i potencjał inwestycyjny: Oferta łączy w sobie cechy idealnego mieszkania ""na start"" oraz gotowego produktu inwestycyjnego. - Stan rzeczywisty: Na głównych fotografiach w ogłoszeniu przedstawiony jest ówczesny (rzeczywisty) stan nieruchomości. Mieszkanie jest zadbane, w pełni funkcjonalne i gotowe do użytkowania. - Gotowy biznes: Obecnie mieszkanie jest wynajmowane i przynosi stały dochód. Istnieje możliwość przejęcia rzetelnego najemcy, co czyni tę ofertę idealnym ""gotowcem inwestycyjnym"" od pierwszego dnia zakupu. Oczywiście, mieszkanie może być również dostępne do zamieszkania dla nowego właściciela. - Potencjał aranżacyjny (Wizualizacje): Jako dodatek do oferty (na ostatnich zdjęciach) przedstawiamy propozycję metamorfozy wnętrza. Ukazuje ona, jak przy niewielkich nakładach finansowych - obejmujących głównie odświeżenie i wymianę mebli - można w przyszłości nadać wnętrzu nowoczesny charakter i podnieść jego wartość. Lokalizacja - absolutny atut: Osiedle przy ul. Pobiedziska ma unikalne położenie: - jeden bok osiedla graniczy bezpośrednio z Lasem Maltańskim, - drugi bok osiedla otwiera się na zielone ogródki działkowe, położone niżej niż budynek. Dzięki temu: - z mieszkania rozpościera się szeroki, nieprzysłonięty widok na zieleń, - brak ryzyka jakiejkolwiek przyszłej zabudowy - widok pozostanie otwarty na lata. Z okien mieszkania widać zieloną przestrzeń, Swarzędz oraz wschody słońca, co nadaje wnętrzu wyjątkowy klimat o każdej porze roku. Bezpośredni kontakt z naturą: Z terenu osiedla: - bezpośrednie wejście na ścieżkę prowadzącą przez Las Maltański, - możliwość spacerów w koronach drzew, - dojście pieszo do Jeziora Maltańskiego od strony ZOO i trybun, - idealne miejsce dla osób aktywnych: spacery, bieganie, rower, rolki - wszystko ""od drzwi"". To lokalizacja, w której miasto spotyka się z naturą, bez kompromisów. Informacje o mieszkaniu: - powierzchnia: 38,5 m² - balkon ok. 4 m²",,,,plastikowe,własność,,52.405959,16.996063
Poznań Ogrody,ul. Jana Henryka Dąbrowskiego,2,68,799000,11750.0,Pośrednik,,16,https://adresowo.pl/o/mieszkanie-poznan-ogrody-ul-jana-henryka-dabrowskiego-2-pokojowe-x6k0t3,https://s2.adresowa.pl/oi/3f/37/39f056_e696_cover@2x-2-pokojowe-mieszkanie-poznan-ogrody-ul-jana-henryka-dabrowskiego.webp,Poznań Ogrody,Jana Henryka Dąbrowskiego,parter,1933.0,,,"Przedmiotem sprzedaży jest wyjątkowe, przestronne mieszkanie umiejscowione na wysokim parterze odnowionego, ogrodzonego budynku wolnostojącego typu willa miejska wybudowanego w 1933 roku, zlokalizowanego na pograniczu Poznańskich Jeżyc oraz Ogrodów przy ul. J.H. Dąbrowskiego. Lokal mieszkalny o całkowitej powierzchni użytkowej wynoszącej 68,1 m2 składa się z : przestronnego pokoju dziennego o powierzchni 20,3 m2, ustawnej sypialni o powierzchni 11,5 m2, osobnej, jasnej i funkcjonalnej kuchni o powierzchni 15,2 m2, pokoju, który może pełnić rolę gabinetu do pracy lub pomieszczenia gospodarczego o powierzchni 4,1 m2, szerokiego korytarza z piękną, oryginalną cegła o powierzchni 10,8 m2, wygodnej, dużej łazienki o powierzchni 6,2 m2, Powierzchnią dodatkową, przynależną do mieszkania jest piwnica o powierzchni 4,7 m2. Do wyłącznej dyspozycji przyszłych właścicieli jest również miejsce parkingowe znajdujące się za zamkniętą bramą sterowaną za pomocą pilota. Nieruchomość jest bardzo przestronna oraz funkcjonalna za sprawą niezależnego układu pokojów oraz wynoszącej około 3 m wysokości sufitów. Ekspozycja okien na południe oraz wschód gwarantuje dostęp światła słonecznego oraz czyni wnętrze dobrze doświetlonym praktycznie przez cały dzień. Lokal jest w pełni umeblowany i gotowy do wprowadzenia. Całe wyposażenie widoczne na zdjęciach w cenie nieruchomości! Budynek i części wspólne po remoncie obejmującym m.in. : wymianę dachu, wymianę instalacji elektrycznej i wodno-kanalizacyjnej, nową izolację termiczną oraz elewację, odnowiony podjazd i wybrukowane miejsca parkingowe. Kapitalna lokalizacja! Mieszkanie znajduje się w jednym z najbardziej pożądanych obszarów Poznania - przy ul. Dąbrowskiego, na granicy Jeżyc i Ogrodów. To doskonałe miejsce dla osób ceniących miejski styl życia, świetną komunikację oraz bliskość terenów zielonych. Wokół pełna infrastruktura - liczne sklepy, modne restauracje, wszelakie punkty handlowo-usługowe, szkoły i przedszkola na wyciągnięcie ręki. Bardzo dobra komunikacja - bliskość przystanków linii tramwajowych i autobusowych, które zapewniają szybkie połączenie z resztą miasta. Dla ceniących aktywny tryb życia uciechą będzie sąsiedztwo terenów zielonych tj. Jezioro Rusałka, Park Sołacki czy Ogród Botaniczny. W tej lokalizacji każdy znajdzie tu coś dla siebie! Czynsz do wspólnoty wynosi 660 zł - w tym zaliczka na wodę, fundusz remontowy, koszty eksploatacji części wspólnych oraz administracja. Dodatkowo płatna eksploatacja mediów według indywidualnego zużycia Pełna własność z udziałem w gruncie. W razie potrzeby pomagamy również uzyskać najkorzystniejsze warunki kredytowania. Zapraszam do kontaktu w sprawie tego unikatowego mieszkania!",,tak,,,własność,,52.416289,16.888079
Poznań Wierzbięcice,ul. Wierzbięcice,3,98,1100000,11224.0,Pośrednik,,18,https://adresowo.pl/o/mieszkanie-poznan-wierzbiecice-ul-wierzbiecice-3-pokojowe-z3y0i9,https://s2.adresowa.pl/oi/28/62/39d8ae_90be_cover@2x-3-pokojowe-mieszkanie-poznan-wierzbiecice-ul-wierzbiecice.webp,Poznań Wierzbięcice,Wierzbięcice,1,1910.0,kamienica,,"Kupujący nie płaci prowizji! Zapraszam do zapoznania się z ofertą sprzedaży przestronnego mieszkania zlokalizowanego w zabytkowej kamienicy w samym sercu Poznania - przy ul. Wierzbięcice, dzielnica Wilda. Mieszkanie o powierzchni 98,28 m² znajduje się na 1. piętrze czteropiętrowego budynku z 1910 roku. To wyjątkowa nieruchomość, która łączy w sobie urok historycznej kamienicy z wygodą nowoczesnych rozwiązań. Mieszkanie składa się z trzech pokoi, jadalni z aneksem kuchennym (powstałej z dalszej części korytarza), łazienki, osobnego WC oraz balkonu. Do lokalu przynależy również piwnica. Wysokie sufity (ok. 3,2 m) i duże okna zapewniają przestrzeń, światło i wyjątkowy klimat wnętrza. Atuty nieruchomości: ✅Jasne, dobrze doświetlone wnętrza dzięki ekspozycji wschód-zachód (salon wschód-południe) ✅Doskonała lokalizacja - ścisłe centrum miasta, w sąsiedztwie komunikacji, sklepów i restauracji ✅Zachowany kamieniczny charakter - oryginalne drzwi, sztukaterie i wysokie sufity (ok. 3,2 m) ✅Funkcjonalny układ pomieszczeń - idealny do zamieszkania lub prowadzenia działalności Dane techniczne: • Piętro: 1/4 • Liczba pokoi: 3 + jadalnia z aneksem kuchennym • Balkon: tak Łazienka i WC: oddzielne • Powierzchnia: 98,28 m² • Rok budowy: 1910 • Forma własności: pełna własność z księgą wieczystą • Piwnica: tak • Czynsz do wspólnoty: • Ekspozycja okien: wschód - zachód (salon: wschód-południe) • Ogrzewanie: miejskie ok.1300 zł Standard mieszkania: • Mieszkanie przeszło generalny remont około 10 lat temu. Wymieniono wówczas instalacje elektryczną na miedzianą oraz wodno-kanalizacyjną, podłogi, sufity, okna. Zachowane zostały oryginalne elementy kamienicznego stylu - sztukaterie sufitowe oraz drewniane drzwi i framugi, które nadają wnętrzu wyjątkowego charakteru. • Okna - PCV Drzwi wejściowe - antywłamaniowe (wymienione ok. 5 lat temu, trzy zamki) Budynek - po termomodernizacji Klatka schodowa - odnowiona ok. 4 lata temu • W mieszkaniu pozostaje zabudowa kuchenna, pozostałe meble do uzgodnienia. Lokalizacja: Nieruchomość położona jest w atrakcyjnej części Poznania - na Wildzie, zaledwie kilka minut spacerem od ulicy Półwiejskiej i Starego Browaru. To okolica, która łączy w sobie energię miejskiego życia z klimatem historycznej dzielnicy. W pobliżu znajdują się liczne kawiarnie, restauracje, sklepy oraz punkty usługowe. Do najbliższych atrakcji należą: * Stary Browar - 750m * Avenida i Dworzec Główny - 800m * Rynek Wildecki - 500m * Biedronka - 270m * Netto - 230m * Obiekty sportowe - Cityzen (1,1km), - POSiR (1,1km), - korty tenisowe Warty Poznań (1,1km) - siłownie: justgym - całodobowa (700m), Well Fitness - całodobowa (1,3km), calypso w galerii Avenida (800m) * Akademia Wychowania Fizycznego - 1,3 km * Uniwersytet Ekonomiczny - 1,1 km * Wyższa Szkoła Zarządzania i Psychologii - 500m * Przedszkole nr 54 - 550m * Szkoła Podstawowa nr 25 - 950m * Teatr Muzyczny - 700 m * Liczne Parki: - Park Izabeli i Jarogniewa Drwęskich - 450m - Park Dąbrowskiego - 1km - Park im. Karola Marcinkowskiego - 1km - Park im. Św. Pawła II z wybiegiem dla psów - 1,2km Komunikacja miejska: * Przystanek tramwajowy Św. Czesława (ok. 70 m): linia nr 10 i linia nocna nr 215 * Przystanek tramwajowy Wierzbięcice 550m : linia nr [numer] - bezpośrednie połączenia z centrum oraz wszystkimi kluczowymi częściami miasta Dodatkowe informacje: Niepowtarzalny klimat Wildy sprawiają, że to miejsce idealne dla osób, które cenią styl, przestrzeń i bliskość centrum miasta. Mieszkanie świetnie sprawdzi się zarówno dla pary lub rodziny, jak i dla inwestora pod wynajem. Ze względu na układ pomieszczeń i lokalizację, nieruchomość doskonale nadaje się także na kancelarię, biuro lub gabinet. Zainteresowała Cię ta oferta? Zadzwoń lub napisz - z przyjemnością pokażę Ci mieszkanie na żywo. Zapraszam serdecznie na prezentację! CENA - 1 100 000 zł",,,,,własność,,52.397241,16.920995
Poznań Górczyn,ul. Głogowska,2,37,489000,13216.0,bez pośredników,,14,https://adresowo.pl/o/mieszkanie-poznan-gorczyn-ul-glogowska-2-pokojowe-q1c1n0,https://s2.adresowa.pl/oi/49/46/3d6684_4d6a_cover@2x-2-pokojowe-mieszkanie-poznan-gorczyn-ul-glogowska.webp,Poznań Górczyn,Głogowska,1,1930.0,kamienica,,"489 000 zł 37,2 m², 2 pokoje, mieszkanie w kamienicy - Poznań, Górczyn (ul. Głogowska 193, przy pętli tramwajowej). Układ: salon + sypialnia + osobna kuchnia + łazienka + korytarz. Dodatkowo: schowek (~2 m²) i piwnica (~10 m²). Jasne, nowoczesne wnętrze, w pełni umeblowane - gotowe do zamieszkania lub pod wynajem. Wydanie: czerwiec 2026 - do uzgodnienia Zapraszam do kontaktu.",tak,,osobna,plastikowe,własność,,52.376014,16.872008
Poznań Naramowice,ul. Karpia,3,67,850000,12687.0,bez pośredników,,8,https://adresowo.pl/o/mieszkanie-poznan-naramowice-ul-karpia-3-pokojowe-e3x6r4,https://s2.adresowa.pl/oi/12/16/3d659a_b70d_cover@2x-3-pokojowe-mieszkanie-poznan-naramowice-ul-karpia.webp,Poznań Naramowice,Karpia,1,2020.0,blok,,"Witam. Posiadamy na sprzedaż mieszkanie o powierzchni 67,81 m2 w Poznaniu na ulicy Karpiej 27. W skład mieszkania wchodzi: 01 - Przedpokój: 11,57 m2 02 - Łazienka: 4,59 m2 03 - Pokój: 12,42 m2 04 - Pokój: 12,09 m2 05 - Pokój dzienny: 17,54 m2 06 - Kuchnia: 9,6 m2 07 - Balkon: 3,6 m2 Mieszkanie położone jest z widokiem na południowy-zachód. Do mieszkania przynależy miejsce postojowe w hali garażowej, dodatkowo płatne 30 000 zł, obligatoryjnie. Mieszkanie znajduje się blisko sklepów (Lidl, Kaufland, Netto, Żabka, piekarnia). Obok bloku jest przystanek autobusowy (2 min pieszo), przystanek tramwajowy (12 min pieszo). Niedaleko znajdują się: żłobki, przedszkola i szkoły podstawowe. Mieszkanie sprzedajemy z kompletnym wyposażeniem, odświeżone w 2026 roku, znajdujące się na 1. piętrze z windą. Sprzedaż bezpośrednio od właściciela. Więcej informacji pod nr telefonu.",,tak,,,,,52.443512,16.957683
Poznań Ogrody,ul. Szpitalna,3,59,629000,10661.0,bez pośredników,,15,https://adresowo.pl/o/mieszkanie-poznan-ogrody-ul-szpitalna-3-pokojowe-w0g3d4,https://s2.adresowa.pl/oi/58/61/3d653a_3415_cover@2x-3-pokojowe-mieszkanie-poznan-ogrody-ul-szpitalna.webp,Poznań Ogrody,Szpitalna,1,1963.0,blok,,"3-pokojowe mieszkanie w bardzo wygodnym i zmodyfikowanym rozkładzie, z dodatkowym WC oraz dużym balkonem. Przez 6 lat studiów mieszkała w nim moja córka z dwoma najemcami przez cały okres, więc pokrywało to koszty i przynosiło dodatkowy dochód. Poprzedni właściciel wyremontował mieszkanie, a my zmodyfikowaliśmy kuchnię, tworząc dodatkową przestrzeń, którą w tej chwili można dowolnie zaaranżować w zależności od potrzeb. Pokoje są wyposażone w łóżka, szafy i biurka. Mieszkanie ma wygodną łazienkę i dodatkowe WC z umywalką, co bardzo ułatwia mieszkanie najemcom. Ogromną zaletą jest lokalizacja blisko węzłów komunikacyjnych.",tak,tak,,plastikowe,,,52.41448,16.879437
Poznań Dębiec,os. Dębina,2,48,419000,8729.0,Pośrednik,,5,https://adresowo.pl/o/mieszkanie-poznan-debiec-os-debina-2-pokojowe-k1t3t9,https://s2.adresowa.pl/oi/12/17/39c532_c3e8_cover@2x-2-pokojowe-mieszkanie-poznan-debiec-os-debina.webp,Poznań Dębiec,os. Dębina,4,1982.0,blok,,"Zapraszamy do zapoznania się z ofertą sprzedaży 2-pokojowego mieszkania z dużym potencjałem aranżacyjnym, położonego na popularnym osiedlu Dębina w Poznaniu. Nieruchomość znajduje się w spokojnej, zielonej części miasta, z szybkim dojazdem do autostrady A2 oraz dogodnym dostępem do komunikacji miejskiej. Najważniejsze atuty: • Mieszkanie przygotowane do remontu, gotowe do własnej aranżacji zgodnie z indywidualnymi potrzebami. • Funkcjonalny i ustawny układ pomieszczeń umożliwiający wygodne zagospodarowanie przestrzeni. • Balkon z widokiem na zieleń oraz Las Dębiński stanowiący dodatkową przestrzeń do wypoczynku. • Spokojna i zielona okolica sprzyjająca codziennemu relaksowi oraz aktywności na świeżym powietrzu. • Budynek wyposażony w dwie windy, w tym jedną towarową, zwiększające komfort użytkowania. • Piwnica wliczona w cenę mieszkania zapewniająca dodatkowe miejsce do przechowywania. • Dobra komunikacja z centrum miasta umożliwiająca szybki dojazd do różnych części miasta. Mieszkanie składa się z: - Salonu z wyjściem na balkon, - Oddzielnej kuchni z oknem, - Sypialni, - Łazienki, - Przedpokoju. Budynek: Blok jest zadbany i wyposażony w dwie windy, co zapewnia wygodę codziennego użytkowania. W bezpośrednim otoczeniu budynku znajdują się liczne miejsca parkingowe dostępne dla mieszkańców. Na osiedlu znajduje się również plac zabaw oraz tereny zielone sprzyjające wypoczynkowi. Lokalizacja: Osiedle Dębina to spokojna część Poznania, ceniona za bliskość natury oraz wygodny dostęp do infrastruktury miejskiej. W pobliżu znajdują się sklepy, szkoły, przedszkola oraz punkty usługowe, które ułatwiają codzienne funkcjonowanie. Dużym atutem jest bliskość Lasku Dębińskiego, który stanowi idealne miejsce na spacery i aktywny wypoczynek. Lokalizacja zapewnia również szybki dojazd do autostrady A2 oraz dobrą komunikację z centrum miasta dzięki pobliskim przystankom autobusowym i tramwajowym. Opłaty: Miesięczny czynsz administracyjny wynosi około 622,86 zł dla jednej osoby i obejmuje podstawowe opłaty eksploatacyjne. W opłatach zawarte są m.in. zaliczki na wodę i ogrzewanie miejskie, fundusz remontowy, utrzymanie części wspólnych oraz wywóz odpadów. Zapraszamy do kontaktu w celu uzyskania dodatkowych informacji oraz umówienia się na prezentację mieszkania. Chętnie odpowiemy na wszystkie pytania i szczegółowo przedstawimy wszystkie informacje dotyczące oferty. TEKTON PROPERTY TO NAJLEPSZE BIURO NIERUCHOMOŚCI W POLSCE WG KONKURSU LIDER NIERUCHOMOŚCI OTODOM 2020. Znajdź nas w swoim mieście: Gdańsk, ul. Chmielna 10 - Warszawa, Plac Dąbrowskiego 1/311 - Kraków, ul. Józefitów 7/4 - Poznań, ul. Wojskowa 6/D6 - Łódź, ul. Zachodnia 70 pok. 223, Opole, Gen. Tadeusza Kościuszki 1, lok. 1C. Podejmując współpracę z przedstawicielami Tekton Property zyskujesz: - oszczędność czasu, - weryfikację dokumentów od strony formalno-prawnej, - wsparcie agenta na każdym etapie transakcji, - pomoc przy uzyskaniu kredytu hipotecznego w kilkunastu bankach, - wgląd do umów przed zawarciem aktu notarialnego u sprawdzonych Notariuszy, - własne analizy makroekonomiczne i raporty z prowadzonych działań, - dostęp do cen transakcyjnych z okolicy. Skontaktuj się z opiekunem oferty, a on poprowadzi Cię przez wszystkie etapy transakcji. Zapraszamy do współpracy! Niniejsze ogłoszenie nie stanowi oferty handlowej w rozumieniu przepisów art. 66 k.c., a przedstawione dane mają charakter informacyjny.",,,,,spółdzielcze własnościowe,,52.361086,16.906769
Poznań Jeżyce,ul. Żurawia,2,56,689000,12304.0,Pośrednik,,13,https://adresowo.pl/o/mieszkanie-poznan-jezyce-ul-zurawia-2-pokojowe-x2x2f0,https://s2.adresowa.pl/oi/52/1f/39b86c_c42d_cover@2x-2-pokojowe-mieszkanie-poznan-jezyce-ul-zurawia.webp,Poznań Jeżyce,Żurawia,2,,kamienica,,"Oferta inwestycyjna - mieszkanie 56,4 m² podzielone na dwa lokale Poznań, Jeżyce - odrestaurowana kamienica Opis nieruchomości Wyjątkowa inwestycja w sercu Jeżyc! Oferujemy mieszkanie o powierzchni 56,4 m², które zostało podzielone na dwa niezależne lokale mieszkalne. Projekt przygotowany przez architekta, z myślą o maksymalnym wykorzystaniu przestrzeni oraz potencjale najmu. Każde mieszkanie jest w pełni wyposażone i gotowe do wynajmu „od zaraz”. Atuty budynku i standardu • odrestaurowana, klimatyczna kamienica, • światłowód doprowadzony do każdego lokalu, • ogrzewanie z cieplika miejskiego, • nowa instalacja elektryczna i wodno-kanalizacyjna, • niskie koszty utrzymania • wygodna pralnio-suszarnia Cena zakupu: 689 000 zł Do NEGOCJACJI ROI (zwrot z inwestycji): ok. 8% brutto Atuty lokalizacji - Jeżyce / Rynek Jeżycki • modna i dynamicznie rozwijająca się dzielnica Poznania, • bliskość Rynku Jeżyckiego - świeże produkty, lokalne smaki i wyjątkowy klimat, • liczne restauracje, kawiarnie i bary - Jeżyce to obecnie gastronomiczne centrum miasta, • świetna komunikacja: tramwaje, autobusy, szybki dojazd do centrum i na dworzec, • bliskość Uniwersytetu im. Adama Mickiewicza, Akademii Muzycznej i innych uczelni - gwarancja popytu na wynajem, • w okolicy parki (Sołacki, Wilsona), tereny rekreacyjne oraz Palmiarnia. Dlaczego warto? • gotowy produkt inwestycyjny - dwa mieszkania w jednym, • atrakcyjna stopa zwrotu, • nieruchomość w pełni wykończona i umeblowana, • prestiżowa lokalizacja w jednej z najmodniejszych dzielnic Poznania, • pewny i stabilny dochód pasywny z wynajmu, • konkurencyjna cena w stosunku do średnich cen rynkowych. Zapraszam do umówienia się na prezentację tego wyjątkowego mieszkania - chętnie pokażę jego liczne atuty na żywo. Skontaktuj się już dziś! _____________________________________________________________ Jeśli zastanawiasz się nad zakupem tej nieruchomości, ale nie jesteś pewien swojej zdolności kredytowej, mamy dla Ciebie świetną wiadomość! Współpracując z Movinest, możesz bezpłatnie sprawdzić swoją zdolność kredytową u renomowanego brokera. Skontaktuj się z nami, a pomożemy Ci przejść przez cały proces zakupu!",,,,,własność,,52.413525,16.905619
Poznań Dębiec,ul. św. Szczepana,2,30,330000,11000.0,bez pośredników,,6,https://adresowo.pl/o/mieszkanie-poznan-debiec-ul-sw-szczepana-2-pokojowe-w6m2t6,https://s2.adresowa.pl/oi/7f/61/3d6488_794d_cover@2x-2-pokojowe-mieszkanie-poznan-debiec-ul-sw-szczepana.webp,Poznań Dębiec,św. Szczepana,parter,,blok,,"Sprzedam mieszkanie 2 pokojowe (parter), 30 metrów, ulica Św. Szczepana, Poznań. Blisko pętli tramwajowej. W większości umeblowane. Wolne od zaraz. Bez pośredników. Możliwość oglądania od 1.05.",,,,,,,52.37154,16.910059
Poznań,Krzyżowniki,3,65,949000,14600.0,bez pośredników,,8,https://adresowo.pl/o/mieszkanie-poznan-krzyzowniki-3-pokojowe-65-m2-x4m4d2,https://s2.adresowa.pl/oi/40/60/3d63c6_8f11_cover@2x-3-pokojowe-mieszkanie-poznan-krzyzowniki.webp,Poznań Krzyżowniki,,2,2023.0,blok,,Przestronny Apartament Willa Natura przy Jeziorze Kierskim. Położony wśród zieleni i Jeziora Kierskiego. Bez Pośredników Zapraszam do kontaktu.,,,,,,,52.405679,16.931277
Poznań Piątkowo,ul. Teofila Mateckiego,2,38,566000,14895.0,bez pośredników,,10,https://adresowo.pl/o/mieszkanie-poznan-piatkowo-ul-teofila-mateckiego-2-pokojowe-w2m9r7,https://s2.adresowa.pl/oi/6d/7d/3d6128_672c_cover@2x-2-pokojowe-mieszkanie-poznan-piatkowo-ul-teofila-mateckiego.webp,Poznań Piątkowo,Teofila Mateckiego,parter,2026.0,apartamentowiec,,"Na sprzedaż: nowe, nowoczesne 2-pokojowe mieszkanie z ogródkiem - 38 m² | Poznań, Piątkowo (ul. Mateckiego 20E) Na sprzedaż oferuję wyjątkowe, świeżo odebrane od dewelopera mieszkanie o powierzchni 38 m², położone w nowym budynku przy ul. Mateckiego 20E na poznańskim Piątkowie. Lokal został urządzony pod klucz w nowoczesnym, designerskim stylu, z dbałością o każdy detal. Nowe budownictwo: * Mieszkanie odebrane od dewelopera w lutym 2026. * Budynek oddany do użytkowania w lutym 2026. Wszystko nowe, nieużywane - gotowe do wprowadzenia. Lokalizacja: Piątkowo to jedna z najbardziej pożądanych dzielnic Poznania - świetnie skomunikowana (tramwaj PST, autobusy), z pełną infrastrukturą: sklepy, szkoły, przedszkola, tereny zielone oraz szybki dojazd do centrum miasta. Układ mieszkania: * Salon z aneksem kuchennym. * Oddzielna sypialnia. * Łazienka. * Wyjście do ogródka z salonu i sypialni. Dodatkowe atuty: * Prywatny ogródek o powierzchni 50 m². * Taras na ogródku 4,5 m². * Klimatyzacja w salonie. * Komórka lokatorska 3,53 m² (z osobnym wejściem). * Podwójne miejsce postojowe w hali garażowej (na dwa samochody). * Osobne pomieszczenie na rowery - naprzeciwko wejścia do mieszkania. Standard wykończenia: Mieszkanie wykończone z użyciem wysokiej jakości materiałów, gotowe do zamieszkania: * Eleganckie panele w jodełkę. * Nowoczesna kuchnia w kolorze antracytu z pełnym wyposażeniem. * Stylowa łazienka z designerskimi płytkami w odcieniach betonu, drewna i mozaiki. * Nowoczesne drzwi w kolorze czarny mat z powłoką ograniczającą ślady użytkowania. * Dopasowane listwy wykończeniowe w tym samym kolorze. * Spójna, dopracowana aranżacja wnętrza. Stan prawny: * Mieszkanie posiada odrębną księgę wieczystą. * Miejsce w hali garażowej posiada osobną księgę wieczystą. Cena: * Mieszkanie: 14 900 zł/m² (ok. 566 200 zł). * Komórka lokatorska: 14 500 zł. * Podwójne miejsce w hali garażowej: 42 500 zł. Piotr",tak,tak,aneks,,własność,Wyposażenie: klimatyzacja,52.464166,16.90032
Poznań Winiary,ul. Piątkowska,2,51,711680,13955.0,Pośrednik,,12,https://adresowo.pl/o/mieszkanie-poznan-winiary-ul-piatkowska-2-pokojowe-h3y7t1,https://s2.adresowa.pl/oi/68/3c/3996da_5597_cover@2x-2-pokojowe-mieszkanie-poznan-winiary-ul-piatkowska.webp,Poznań Winiary,Piątkowska,2,2025.0,blok,,"Luksusowy apartament 2pok. 51,20 m² z 2 balkonami | Rezydencja Winiary - Poznań Na sprzedaż oferuję wyjątkowy apartament w stanie deweloperskim, położony w prestiżowej Rezydencji Winiary. To idealna propozycja dla osób poszukujących połączenia nowoczesnej architektury, funkcjonalnego układu oraz kameralnej atmosfery w jednej z najbardziej cenionych dzielnic Poznania. Układ apartamentu (51,20 m²): - Salon z aneksem kuchennym: 23,10 m² - Sypialnia: 10,90 m² - Łazienka: 4,40 m² - Przedpokój: 7,00 m² - Hol: 5,80 m² Balkony (podwójne): 13,60 m² Przemyślany układ pomieszczeń pozwala na wygodne zagospodarowanie przestrzeni zarówno dla singli i par, jak i jako inwestycję pod wynajem. Duże balkony dodatkowo poszerzają strefę relaksu i tworzą przyjemne miejsce do odpoczynku na świeżym powietrzu. O inwestycji - Rezydencja Winiary Nowoczesny projekt dewelopera łączy elegancką architekturę, starannie dobrane materiały oraz komfortowe rozwiązania przestrzenne. Kameralna zabudowa przy ul. Wyłom zapewnia spokój i prywatność, a jednocześnie oferuje szybki dostęp do centrum miasta i pełnej infrastruktury. Najważniejsze atuty inwestycji: - kameralna wspólnota mieszkaniowa, - atrakcyjna architektura i wysoki standard wykonania, - garaże i miejsca postojowe dla mieszkańców, - ciche otoczenie z niską zabudową, sprzyjające komfortowi życia. - Lokalizacja - serce Winiar - Rezydencja znajduje się w jednej z najbardziej pożądanych części Poznania: - w pobliżu Park Cytadela i Park Sołacki, - szybki dojazd do centrum miasta - tramwaje nr [numer], 16 i autobusy [numer], 183, 191, - dostęp do lokalnych sklepów, piekarni i cukierni, - w sąsiedztwie placówki edukacyjne i usługi, - cicha i zielona okolica, idealna do codziennego wypoczynku. Dlaczego warto? Rezydencja Winiary to synonim komfortu, elegancji i bezpieczeństwa. To miejsce dla osób ceniących spokój, kameralną atmosferę i jednocześnie bliskość centrum miasta. Serdecznie zapraszam do kontaktu i umówienia się na prezentację tego wyjątkowego apartamentu! TEKTON PROPERTY TO NAJLEPSZE BIURO NIERUCHOMOŚCI W POLSCE WG KONKURSU LIDER NIERUCHOMOŚCI OTODOM 2020. Znajdź nas w swoim mieście: Gdańsk, ul. Chmielna 10 - Warszawa, Plac Dąbrowskiego 1/311 - Kraków, ul. Józefitów 7/4 - Poznań, ul. Wojskowa 6/D6 - Łódź, ul. Zachodnia 70 pok. 223, Opole, Gen. Tadeusza Kościuszki 1, lok. 1C. Podejmując współpracę z przedstawicielami Tekton Property zyskujesz: - oszczędność czasu, - weryfikację dokumentów od strony formalno-prawnej, - wsparcie agenta na każdym etapie transakcji, - pomoc przy uzyskaniu kredytu hipotecznego w kilkunastu bankach, - wgląd do umów przed zawarciem aktu notarialnego u sprawdzonych Notariuszy, - własne analizy makroekonomiczne i raporty z prowadzonych działań, - dostęp do cen transakcyjnych z okolicy. Skontaktuj się z opiekunem oferty, a on poprowadzi Cię przez wszystkie etapy transakcji. Zapraszamy do współpracy! Niniejsze ogłoszenie nie stanowi oferty handlowej w rozumieniu przepisów art. 66 k.c., a przedstawione dane mają charakter informacyjny.",,,,,,,52.433236,16.914543
Poznań Winiary,ul. Piątkowska,2,51,707940,13881.0,Pośrednik,,13,https://adresowo.pl/o/mieszkanie-poznan-winiary-ul-piatkowska-2-pokojowe-d9n6z0,https://s2.adresowa.pl/oi/14/17/3996d8_346a_cover@2x-2-pokojowe-mieszkanie-poznan-winiary-ul-piatkowska.webp,Poznań Winiary,Piątkowska,1,2025.0,blok,,"Zapraszamy do zapoznania się z ofertą sprzedaży luksusowego, 2-pokojowego apartamentu o powierzchni 51,30 m², położonego w prestiżowej inwestycji Rezydencja Winiary przy ul. Wyłom w Poznaniu. Nieruchomość znajduje się w jednej z najbardziej cenionych dzielnic miasta, która łączy kameralny charakter zabudowy z bardzo dobrym dostępem do centrum oraz rozległych terenów zielonych. Apartament oferowany jest w stanie deweloperskim, co pozwala na pełną swobodę aranżacji wnętrza i dopasowanie przestrzeni do własnych potrzeb. Najważniejsze atuty: • Prestiżowa inwestycja Rezydencja Winiary w jednej z najbardziej cenionych dzielnic Poznania. • Funkcjonalny układ mieszkania o powierzchni 51,30 m². • Duży balkon o powierzchni 13,60 m² zapewniający dodatkową przestrzeń do wypoczynku. • Stan deweloperski umożliwiający indywidualną aranżację wnętrza. • Kameralna zabudowa oraz spokojne, zielone otoczenie. • Doskonała lokalizacja w pobliżu terenów rekreacyjnych i centrum miasta. Mieszkanie składa się z: - Salonu z aneksem kuchennym (23,10 m²), - Sypialni (10,90 m²), - Łazienki (5,00 m²), - Przedpokoju (6,50 m²), - Holu (5,80 m²), - Balkonu (13,60 m²). Układ apartamentu został zaprojektowany w sposób bardzo funkcjonalny, dzięki czemu zapewnia wygodę codziennego użytkowania. Przestronny salon połączony z aneksem kuchennym stanowi centralną część mieszkania i daje możliwość stworzenia komfortowej przestrzeni dziennej. Duże przeszklenia zapewniają dobre doświetlenie wnętrza, a przestronny balkon stanowi dodatkową strefę relaksu i miejsce do wypoczynku na świeżym powietrzu. Budynek: Rezydencja Winiary to nowoczesna, kameralna inwestycja wyróżniająca się elegancką architekturą oraz wysoką jakością wykonania. Budynek zaprojektowano z myślą o komforcie mieszkańców - przewidziano miejsca postojowe oraz garaże, a niska zabudowa i starannie zaprojektowane części wspólne zapewniają poczucie prywatności i spokoju. Lokalizacja: Inwestycja zlokalizowana jest w sercu Winiar - jednej z najbardziej pożądanych dzielnic Poznania. W bezpośrednim sąsiedztwie znajdują się rozległe tereny zielone, w tym Park Cytadela oraz Park Sołacki, które sprzyjają spacerom i aktywnemu wypoczynkowi. Okolica zapewnia bardzo dobrą komunikację z pozostałymi częściami miasta dzięki licznym liniom tramwajowym ([numer], 16) oraz autobusowym ([numer], 183, 191). W pobliżu znajdują się także sklepy, piekarnie, cukiernie, szkoły oraz liczne punkty usługowe, co znacząco podnosi komfort codziennego życia. Rezydencja Winiary to połączenie elegancji, funkcjonalności i doskonałej lokalizacji. Apartament stanowi idealną propozycję zarówno dla osób poszukujących komfortowego miejsca do życia, jak i dla inwestorów szukających nieruchomości o wysokim potencjale. Serdecznie zapraszamy do kontaktu oraz umówienia się na prezentację apartamentu. TEKTON PROPERTY TO NAJLEPSZE BIURO NIERUCHOMOŚCI W POLSCE WG KONKURSU LIDER NIERUCHOMOŚCI OTODOM 2020. Znajdź nas w swoim mieście: Gdańsk, ul. Chmielna 10 - Warszawa, Plac Dąbrowskiego 1/311 - Kraków, ul. Józefitów 7/4 - Poznań, ul. Wojskowa 6/D6 - Łódź, ul. Zachodnia 70 pok. 223, Opole, Gen. Tadeusza Kościuszki 1, lok. 1C. Podejmując współpracę z przedstawicielami Tekton Property zyskujesz: - oszczędność czasu, - weryfikację dokumentów od strony formalno-prawnej, - wsparcie agenta na każdym etapie transakcji, - pomoc przy uzyskaniu kredytu hipotecznego w kilkunastu bankach, - wgląd do umów przed zawarciem aktu notarialnego u sprawdzonych Notariuszy, - własne analizy makroekonomiczne i raporty z prowadzonych działań, - dostęp do cen transakcyjnych z okolicy. Skontaktuj się z opiekunem oferty, a on poprowadzi Cię przez wszystkie etapy transakcji. Zapraszamy do współpracy! Niniejsze ogłoszenie nie stanowi oferty handlowej w rozumieniu przepisów art. 66 k.c., a przedstawione dane mają charakter informacyjny.",,,,,własność,,52.433144,16.914436
Poznań Nowe Miasto,ul. Czesława Niemena,2,31,610000,19677.0,bez pośredników,,13,https://adresowo.pl/o/mieszkanie-poznan-nowe-miasto-ul-czeslawa-niemena-2-pokojowe-r1t3y2,https://s2.adresowa.pl/oi/10/3a/3d6062_b227_cover@2x-2-pokojowe-mieszkanie-poznan-nowe-miasto-ul-czeslawa-niemena.webp,Poznań Nowe Miasto,Czesława Niemena,parter,2023.0,apartamentowiec,,"Na sprzedaż wyjątkowe, 2-pokojowe mieszkanie o powierzchni 31,03 m² z prywatnym ogródkiem (7 m²), położone w topowej lokalizacji: Nova Łacina przy ul. Czesława Niemena 6. To mieszkanie to produkt ""premium"" w kategorii kompaktowej - idealne jako bezpieczna inwestycja (gotowiec) z najemcami lub gotowe, w pełni wyposażone miejsce do zamieszkania ""od zaraz"". STANDARD WYKOŃCZENIA (Inwestycja w jakość): Mieszkanie nie było wykańczane ""pod wynajem"" w niskim standardzie, lecz z dbałością o detale i funkcjonalność (kuchnia, szafa w salonie oraz zabudowa w toalecie wykonane na wymiar przez stolarza): - Kuchnia: Meble na wymiar wykonane przez stolarza (maksymalne wykorzystanie przestrzeni). - Pełne wyposażenie AGD: Zmywarka (szeroka - 60 cm), piekarnik, płyta indukcyjna, lodówka w zabudowie oraz pralka. - Przechowywanie: Duża szafa w zabudowie oraz dedykowana zabudowa łazienkowa, zapewniająca mnóstwo miejsca na kosmetyki i detergenty. - Układ: Mieszkanie zostało zmodyfikowane względem pierwotnego planu - wydzielono osobną sypialnię oraz salon z aneksem kuchennym (pełne 2 pokoje). - Ogródek: 7 m² prywatnej przestrzeni do własnej aranżacji - idealne miejsce na ogródek ziołowy, taras z meblami wypoczynkowymi lub strefę relaksu. LOKALIZACJA - ""WSZYSTKO W ZASIĘGU RĘKI"": To najlepszy adres w Poznaniu pod kątem wygody codziennego życia: - Pod blokiem: Żabka, restauracje, punkty usługowe (20 metrów). - Zakupy i Rozrywka: CH Posnania w odległości zaledwie 100 metrów. - Rekreacja: Bliskość Jeziora Maltańskiego (idealne na bieganie/rower) oraz terenów spacerowych. - Edukacja/Praca: Lokalizacja świetnie skomunikowana z Politechniką Poznańską oraz centrum miasta (szybki tramwaj z trasy kórnickiej). FINANSE (Dla Inwestora, mieszkanie jest obecnie wynajęte): - Obecny czynsz najmu : 2 500 zł / m-sc. - Czynsz administracyjny: około 500 zł (opłacany przez najemcę). - Możliwość przejęcia rzetelnych lokatorów - zarabiasz od pierwszego dnia po akcie notarialnym. Ważne informacje: - Mieszkanie posiada pełną własność z Księgą Wieczystą. - Zdjęcia w ogłoszeniu przedstawiają standard wykończenia lokalu. Mieszkanie jest zadbane i w pełni wyposażone. - Sprzedaż bezpośrednia - kupujący nie płaci prowizji pośrednika. Zapraszam do kontaktu i na prezentację!",,,aneks,plastikowe,własność,"Wyposażenie: lodówka, piekarnik, pralka, zmywarka",52.396015,16.95873
Poznań Centrum,ul. Długa,1,30,450000,15000.0,bez pośredników,,8,https://adresowo.pl/o/mieszkanie-poznan-centrum-ul-dluga-1-pokoj-d4a3o5,https://s2.adresowa.pl/oi/44/75/3d57b2_7f96_cover@2x-1-pokojowe-mieszkanie-poznan-centrum-ul-dluga.webp,Poznań Centrum,Długa,parter,,kamienica,,"Mieszkanie zlokalizowane w samym centrum miasta, przy ul. Długiej 18. Lokal inwestycyjny, który zarabia na siebie. W sąsiedztwie inne luksusowe apartamenty na wynajem. Ten, wyróżnia się od innych tym, że mimo małej powierzchni, może zakwaterować aż 3 osoby. W okolicy turystyczne obiekty, tereny zielone na spacer i sport, Wartostrada, trasa spacerowa i rowerowa wzdłuż brzegu Warty oddalona o 750 m, liczne sklepy i restauracje. Dodatkowym atutem mieszkania są udogodnienia komunikacyjne, liczne przystanki tramwajowe. Idealna lokalizacja dla osób pracujących w centrum jak i dla studentów. Mieszkanie ma 29,7 m2, zlokalizowane w przyziemiu odnowionej kamienicy z apartamentami premium, z oddzieloną sypialnią, otwartą kuchnią i przestronną łazienką. Kamienica zrewitalizowana w 2022 r. z wyremontowaną klatką schodową, dziedziniec z miejscem na jednoślady, całość monitorowana. Mieszkanie przestronne i wygodne jak na małą kawalerkę, zaaranżowane w wysokim standardzie. Projektant zadbał o szczegóły, eksponując oryginalne wykończenia i historyczną cegłę widoczną na kilku ścianach. Dopełnieniem jest nowoczesne wyposażenie mieszkania. Jest również dostęp do szybkiego internetu. Mieszkanie jest doskonałą inwestycją, ze względu na idealną lokalizację, od 3 lat bez przerwy do dziś wynajmowane. Wyposażenie: lodówka, piekarnik, płyta elektryczna dwupalnikowa, dwuosobowe łóżko w sypialni, szafa, komoda, pojedyncze łóżko.",,,aneks,,,"Wyposażenie: internet, lodówka, piekarnik",52.403792,16.933598
Poznań Wilda,ul. Stefana Czarnieckiego,3,59,989000,16763.0,bez pośredników,,7,https://adresowo.pl/o/mieszkanie-poznan-wilda-ul-stefana-czarnieckiego-3-pokojowe-a3p6f7,https://s2.adresowa.pl/oi/20/4d/3d573c_53a6_cover@2x-3-pokojowe-mieszkanie-poznan-wilda-ul-stefana-czarnieckiego.webp,Poznań Wilda,Stefana Czarnieckiego,2,2014.0,blok,,"Dziękuję pośrednikom nieruchomości za kontakt — oferta prywatna, proszę o niekontaktowanie się w sprawie współpracy. Na sprzedaż wyjątkowe 3-pokojowe mieszkanie | 59 m² | Poznań Wilda | ul. Czarnieckiego 4 | garaż + klimatyzacja. Na sprzedaż eleganckie i bardzo zadbane mieszkanie 3-pokojowe o powierzchni 59 m², położone na 2. piętrze nowoczesnego budynku przy ul. Czarnieckiego 4 w Poznaniu (Wilda). Mieszkanie zostało wykończone w wysokim standardzie i od początku użytkowane przez właściciela. Wnętrze jest spójne stylistycznie, nowoczesne i gotowe do zamieszkania bez dodatkowych nakładów finansowych. Układ mieszkania: przestronny salon z wyjściem na balkon 2 niezależne pokoje / sypialnie nowoczesna łazienka z prysznicem funkcjonalny przedpokój balkon Najważniejsze atuty: 3 pokoje / 59 m² 2. piętro klimatyzacja miejsce w hali garażowej wysoki standard wykończenia nowoczesne oświetlenie LED i sufity podwieszane zabudowy wykonane na wymiar oryginalny stan techniczny, bardzo zadbany gotowe do wprowadzenia Dużym atutem jest elegancki salon z efektowną zabudową RTV i klimatycznym oświetleniem, które nadaje wnętrzu nowoczesny i premium charakter. Łazienka wykończona materiałami wysokiej jakości, z dużą kabiną prysznicową typu walk-in oraz zabudową stolarską. Świetna lokalizacja — Wilda to jedna z najlepiej skomunikowanych dzielnic Poznania, blisko centrum, komunikacji miejskiej, sklepów, restauracji oraz terenów spacerowych. Idealne zarówno do zamieszkania, jak i jako inwestycja pod wynajem. Cena mieszkania: 989 000 zł Miejsce w hali garażowej: 49 000 zł",,tak,,plastikowe,własność,"Wyposażenie: klimatyzacja, tv",52.393054,16.916839
Poznań Winiary,ul. Piątkowska,3,61,840125,13773.0,Pośrednik,,20,https://adresowo.pl/o/mieszkanie-poznan-winiary-ul-piatkowska-3-pokojowe-j1t7r9,https://s2.adresowa.pl/oi/7b/6b/39960c_da68_cover@2x-3-pokojowe-mieszkanie-poznan-winiary-ul-piatkowska.webp,Poznań Winiary,Piątkowska,1,2025.0,blok,,"Zapraszamy do zapoznania się z ofertą sprzedaży luksusowego, 3-pokojowego apartamentu o powierzchni 61,10 m², położonego w prestiżowej inwestycji Rezydencja Winiary w Poznaniu. Nieruchomość znajduje się w jednej z najbardziej cenionych dzielnic miasta, która wyróżnia się spokojnym charakterem zabudowy, wysokim standardem otoczenia oraz bardzo dobrą dostępnością infrastruktury miejskiej. Okolica łączy kameralny charakter zabudowy z bardzo dobrym dostępem do centrum oraz terenów zielonych. Najważniejsze atuty: • Prestiżowa inwestycja Rezydencja Winiary zapewniająca wysoki standard oraz estetyczne otoczenie. • Dwa balkony o łącznej powierzchni blisko 11 m² stanowiące dodatkową przestrzeń do wypoczynku. • Funkcjonalny, nowoczesny układ pomieszczeń zapewniający wygodę codziennego użytkowania. • Stan deweloperski umożliwiający indywidualną aranżację wnętrza według własnych potrzeb. • Kameralna zabudowa i spokojne otoczenie sprzyjające komfortowemu stylowi życia. • Świetna lokalizacja w pobliżu terenów zielonych oraz centrum miasta zapewniająca wygodę codziennego funkcjonowania. Mieszkanie składa się z: - Salonu z aneksem kuchennym i jadalnią (38,01 m²), - Sypialni (11,80 m²), - Łazienki (4,00 m²), - Przedpokoju (3,90 m²), - Holu (4,00 m²). Budynek: Rezydencja Winiary to nowoczesna, kameralna inwestycja zaprojektowana z myślą o osobach ceniących wysoki standard życia oraz elegancką architekturę. Niska zabudowa, starannie zaprojektowane części wspólne oraz dostęp do garaży i miejsc postojowych sprawiają, że jest to miejsce zapewniające komfort i prywatność mieszkańcom. Dodatkowym atutem inwestycji jest spokojna atmosfera oraz dbałość o estetykę przestrzeni wspólnych, co wpływa na wysoki komfort codziennego życia. Całość została zaprojektowana z uwzględnieniem wygody mieszkańców oraz funkcjonalnego zagospodarowania przestrzeni. Lokalizacja: Inwestycja zlokalizowana jest przy ul. Wyłom, w jednej z najbardziej atrakcyjnych części Poznania - na Winiarach. W bezpośrednim sąsiedztwie znajdują się rozległe tereny zielone, w tym Park Cytadela oraz Park Sołacki, które sprzyjają spacerom, rekreacji oraz aktywnemu wypoczynkowi. Lokalizacja zapewnia również wygodny dostęp do centrum miasta oraz rozwiniętej infrastruktury, co ułatwia codzienne funkcjonowanie mieszkańców. W najbliższej okolicy dostępne są również sklepy, punkty usługowe oraz miejsca rekreacyjne, które zwiększają komfort życia na co dzień. Serdecznie zapraszamy do kontaktu oraz umówienia się na prezentację tego wyjątkowego apartamentu. Chętnie odpowiemy na wszystkie pytania i szczegółowo przedstawimy wszystkie informacje dotyczące oferty. TEKTON PROPERTY TO NAJLEPSZE BIURO NIERUCHOMOŚCI W POLSCE WG KONKURSU LIDER NIERUCHOMOŚCI OTODOM 2020. Znajdź nas w swoim mieście: Gdańsk, ul. Chmielna 10 - Warszawa, Plac Dąbrowskiego 1/311 - Kraków, ul. Józefitów 7/4 - Poznań, ul. Wojskowa 6/D6 - Łódź, ul. Zachodnia 70 pok. 223, Opole, Gen. Tadeusza Kościuszki 1, lok. 1C. Podejmując współpracę z przedstawicielami Tekton Property zyskujesz: - oszczędność czasu, - weryfikację dokumentów od strony formalno-prawnej, - wsparcie agenta na każdym etapie transakcji, - pomoc przy uzyskaniu kredytu hipotecznego w kilkunastu bankach, - wgląd do umów przed zawarciem aktu notarialnego u sprawdzonych Notariuszy, - własne analizy makroekonomiczne i raporty z prowadzonych działań, - dostęp do cen transakcyjnych z okolicy. Skontaktuj się z opiekunem oferty, a on poprowadzi Cię przez wszystkie etapy transakcji. Zapraszamy do współpracy! Niniejsze ogłoszenie nie stanowi oferty handlowej w rozumieniu przepisów art. 66 k.c., a przedstawione dane mają charakter informacyjny.",,,,,własność,,52.433183,16.914543
Poznań Winiary,ul. Piątkowska,4,113,1499000,13265.0,Pośrednik,,12,https://adresowo.pl/o/mieszkanie-poznan-winiary-ul-piatkowska-4-pokojowe-a2c4j7,https://s2.adresowa.pl/oi/5d/25/3995fc_37c0_cover@2x-4-pokojowe-mieszkanie-poznan-winiary-ul-piatkowska.webp,Poznań Winiary,Piątkowska,1,2025.0,blok,,"Zapraszamy do zapoznania się z ofertą sprzedaży wyjątkowego apartamentu o powierzchni 113 m², położonego w prestiżowej inwestycji Rezydencja Winiary przy ul. Wyłom w Poznaniu. Nieruchomość znajduje się w jednej z najbardziej cenionych dzielnic miasta, łączącej kameralny charakter zabudowy z bardzo dobrą dostępnością do centrum oraz terenów zielonych. Apartament oferowany jest w stanie deweloperskim, co daje możliwość zaprojektowania wnętrza w pełni zgodnie z własnymi potrzebami i stylem życia. Najważniejsze atuty: • Prestiżowa inwestycja Rezydencja Winiary w jednej z najbardziej pożądanych lokalizacji Poznania. • Przestronny apartament o powierzchni 113 m² z funkcjonalnym układem pomieszczeń. • Cztery balkony zapewniające dodatkową przestrzeń do wypoczynku. • Stan deweloperski umożliwiający indywidualną aranżację wnętrza. • Kameralna zabudowa i spokojna, zielona okolica. • Szybki dostęp do centrum miasta oraz terenów rekreacyjnych. Mieszkanie składa się z: - Salonu z aneksem kuchennym (38,10 m²), - Sypialni (10,90 m²), - Sypialni (11,60 m²), - Sypialni z garderobą (23,10 m²), - Łazienki (4,40 m²), - Oddzielnego WC (4,0 m²), - Przedpokoju (7,00 m²), - Przedpokoju (3,90 m²), - Holu (5,80 m²), - Holu (4,20 m²), - Czterech balkonów (4,70 m², 7,50 m², 7,00 m² oraz 3,90 m²). Układ apartamentu został zaprojektowany w sposób bardzo funkcjonalny, zapewniając wyraźny podział na przestronną strefę dzienną oraz część prywatną z sypialniami. Duży salon z aneksem kuchennym stanowi centralną część mieszkania i daje możliwość stworzenia komfortowej przestrzeni do codziennego życia oraz spotkań z rodziną i przyjaciółmi. Cztery balkony stanowią dodatkową przestrzeń do odpoczynku na świeżym powietrzu i zapewniają dobre doświetlenie wnętrz. Budynek: Rezydencja Winiary to nowoczesna inwestycja zaprojektowana z myślą o osobach ceniących wysoką jakość wykonania oraz kameralną atmosferę. Budynek wyróżnia się elegancką architekturą oraz starannie dobranymi materiałami wykończeniowymi. Do dyspozycji mieszkańców przewidziano miejsca postojowe oraz garaże, a niska, kameralna zabudowa zapewnia spokój i prywatność. Lokalizacja: Inwestycja położona jest w jednej z najbardziej atrakcyjnych części Poznania - na Winiarach. W pobliżu znajdują się rozległe tereny zielone, w tym Park Cytadela oraz Park Sołacki, które sprzyjają spacerom i aktywnemu wypoczynkowi. Okolica zapewnia również bardzo dobrą komunikację z pozostałymi częściami miasta dzięki licznym liniom tramwajowym ([numer], 16) oraz autobusowym ([numer], 183, 191). W najbliższym otoczeniu dostępne są również sklepy, piekarnie, cukiernie, szkoły oraz liczne punkty usługowe, co sprawia, że lokalizacja jest wyjątkowo wygodna do codziennego życia. Zapraszamy do kontaktu oraz umówienia się na prezentację apartamentu. TEKTON PROPERTY TO NAJLEPSZE BIURO NIERUCHOMOŚCI W POLSCE WG KONKURSU LIDER NIERUCHOMOŚCI OTODOM 2020. Znajdź nas w swoim mieście: Gdańsk, ul. Chmielna 10 - Warszawa, Plac Dąbrowskiego 1/311 - Kraków, ul. Józefitów 7/4 - Poznań, ul. Wojskowa 6/D6 - Łódź, ul. Zachodnia 70 pok. 223, Opole, Gen. Tadeusza Kościuszki 1, lok. 1C. Podejmując współpracę z przedstawicielami Tekton Property zyskujesz: - oszczędność czasu, - weryfikację dokumentów od strony formalno-prawnej, - wsparcie agenta na każdym etapie transakcji, - pomoc przy uzyskaniu kredytu hipotecznego w kilkunastu bankach, - wgląd do umów przed zawarciem aktu notarialnego u sprawdzonych Notariuszy, - własne analizy makroekonomiczne i raporty z prowadzonych działań, - dostęp do cen transakcyjnych z okolicy. Skontaktuj się z opiekunem oferty, a on poprowadzi Cię przez wszystkie etapy transakcji. Zapraszamy do współpracy! Niniejsze ogłoszenie nie stanowi oferty handlowej w rozumieniu przepisów art. 66 k.c., a przedstawione dane mają charakter informacyjny.",,,,,własność,,52.433197,16.9145
Poznań Winiary,ul. Piątkowska,2,48,659000,13729.0,bez pośredników,,22,https://adresowo.pl/o/mieszkanie-poznan-winiary-ul-piatkowska-2-pokojowe-g8u4l5,https://s2.adresowa.pl/oi/3f/70/3d5592_63ec_cover@2x-2-pokojowe-mieszkanie-poznan-winiary-ul-piatkowska.webp,Poznań Winiary,Piątkowska,6,2006.0,apartamentowiec,,"Bez prowizji od Kupującego. Mieszkanie 2-pokojowe, lokal w budynku ul.Piątkowska 84C w Poznaniu, budowa - Ataner 2006, mieszkanie na 6 piętrze. Doskonała lokalizacja, w pobliżu przystanek tramwajowy PST-ki, przystanki autobusowe, Centra handlowe Pestka, Plaza, Makro, sklep Biedronka, Lidl, apteka , poczta, akademiki... Obiekt monitorowany 24h/dobę, ochrona, winda. Jasny lokal z bardzo dużym zabudowanym balkonem od strony zachodniej ( ulica Piątkowska ). Widok na ogródki działkowe. Powierzchnia mieszkania 48,8m2, dodatkowa powierzchnia zabudowanego balkonu tzw.ogród zimowy -13 m2. Salon z aneksem kuchenny oraz oddzielna sypialnia. Na podłogach płytki. Ściany w kolorze białym. W sypialni duże biurko, stoliki nocne, łóżka 2 szt 90cmx200cm, nowe materace, nowa sofa w salonie. Łazienka z wanną i pralką. Aneks kuchenny: nowy sprzęt AGD: zmywarka, płyta ceramiczna, piekarnik. Nowe drzwi antywłamaniowe Gerda. Klimatyzacja indywidualna z zewnętrzna jednostką umieszczoną na dachu budynku. Koszty eksploatacji 850 zł ( z zaliczkami na wodę i na ogrzewanie oraz opłatą za śmieci za jedną osobę ), liczniki wody i ogrzewania rozliczane jeden raz w roku. Księga wieczysta bez żadnych obciążeń. Dostępne od zaraz. Pośrednikom dziękujemy",,tak,aneks,plastikowe,własność,"Wyposażenie: klimatyzacja, piekarnik, zmywarka",52.428721,16.916525
Poznań Rataje,rondo Rataje,1,40,510000,12750.0,bez pośredników,,9,https://adresowo.pl/o/mieszkanie-poznan-rataje-rondo-rataje-1-pokoj-g1o2j0,https://s2.adresowa.pl/oi/40/1f/3d519c_2a26_cover@2x-1-pokojowe-mieszkanie-poznan-rataje-rondo-rataje.webp,Poznań Rataje,rondo Rataje,2,2001.0,blok,,"Na sprzedaż funkcjonalne mieszkanie 40,6 m² + duży boks garażowy – Rataje , Poznań Na sprzedaż komfortowe i bardzo ustawne mieszkanie o powierzchni 40,6 m², położone w jednej z najbardziej cenionych lokalizacji w Poznaniu – okolice Malty. Idealne do zamieszkania lub jako inwestycja pod wynajem. Najważniejsze atuty mieszkania: funkcjonalny układ: salon z aneksem + oddzielna sypialnia w księdze wieczystej mieszkanie widnieje jako 1-pokojowe duży balkon z widokiem na zieleń drewniana podłoga kuchnia z płytą indukcyjną duża szafa Komandor mieszkanie zadbane, gotowe do wprowadzenia niski czynsz – ok. 450 zł Dodatkowo – duży boks garażowy (17,9 m²): Zamykany garaż w hali podziemnej z wjazdem na pilota. Bardzo duża przestrzeń – oprócz samochodu zmieszczą się rowery, opony i sprzęt sportowy. Lokalizacja: Spokojna, zielona okolica. Kilka minut spacerem do Malty. W pobliżu tereny rekreacyjne, sklepy i komunikacja miejska. Budynek z 2001 roku, dwie windy. Mieszkanie idealne dla singla, pary lub inwestora pod wynajem. Gotowe do zamieszkania od zaraz. Zapraszam do kontaktu. Ogłoszenie ma charakter informacyjny i nie stanowi oferty w rozumieniu art. 66 Kodeksu cywilnego. Dane mogą ulec zmianie.",,tak,aneks,,własność,,52.383265,16.943138
Poznań Grunwald,ul. Miedziana,2,73,1549000,21219.0,bez pośredników,,24,https://adresowo.pl/o/mieszkanie-poznan-grunwald-ul-miedziana-2-pokojowe-g1u5s8,https://s2.adresowa.pl/oi/58/12/3d50ea_39a2_cover@2x-2-pokojowe-mieszkanie-poznan-grunwald-ul-miedziana.webp,Poznań Grunwald,Miedziana,4,2024.0,apartamentowiec,,"Na sprzedaż nowy, świeżo wykończony, wyjątkowy apartament z widokiem na park z tarasem o powierzchni 85m2! Masz dość hałasów nad głową w swoim mieszkaniu? Szukasz przestronnego, wygodnego i przede wszystkim cichego mieszkania z wyjątkowym widokiem w bardzo dobrej lokalizacji? Masz szansę zamieszkać w nowym, wyjątkowym apartamentowcu przy ul. Miedzianej! Budynek oddany do użytku w 2024 r.! 5-letnia rękojmia deweloperska! Mieszkanie zlokalizowane na ostatniej kondygnacji w bardzo wysokim standardzie! Wykończone z dbałością o detale, zaprojektowane przez architekta, z widokiem na nowy park. Do mieszkania przynależy potężny taras o powierzchni 85m2, z miejscem na jacuzzi, saunę itp.! Ostatnie piętro (4) zapewnia wyjątkowy widok ale też bardzo wysokie stropy (ok 290 cm), co znacznie powiększa optycznie przestrzeń. Całość nowocześnie urządzona i umeblowana. Mieszkanie składa się z salonu z aneksem kuchennym z jadalnią i częścią biurową, sypialni, dużej przejściowej garderoby, łazienki, WC/pralni/suszarni, korytarza oraz tarasu. (istnieje możliwość wydzielenia dodatkowego pokoju). W mieszkaniu na etapie budowy zastosowano wiele wyjątkowych, indywidualnych rozwiązań na zamówienie, m. in.: W mieszkaniu: - duże, przesuwne okna, - rolety elektryczne we wszystkich oknach sterowane radiowo, - wszystkie piony wentylacyjne indywidualne (brak hałasów i zapachów od sąsiadów), - ogrzewanie podłogowe w całym mieszkaniu, - doprowadzenie prądu do miejsc postojowych pod ładowanie samochodów elektrycznych, - dwie strefy klimatyzacji, - wyprowadzenie jednostek zewnętrznych klimatyzacji na dach, - dodatkowe wyciszenie kominów, - dodatkowy projekt architekta pozwalający na wydzielenie dodatkowego pokoju, Na tarasie: - altana o wymiarach 430 cm x 350 cm, z systemem odprowadzania wody opadowej, - konstrukcja wzmacniająca pod jacuzzi/saunę/balię itp. (do tego specjalne zasilanie, odprowadzenie wody itp.) - hak pod wiszący fotel, - wyprowadzenie wody do podlewania na tarasie, - klimatyczne oświetlenie, WYPOSAŻENIE Kuchnia: - wszystkie meble na wymiar, szafki pod sufit, - szeroka wyspa z hokerami, - sprzęty AGD w zabudowie (lodówka z zamrażarką, zmywarka, piekarnik, szeroka płyta indukcyjna (80 cm) z wbudowanym okapem, lodówka na wino, mikrofala), - młynek do odpadów bio, - wielki zlew (70 cm) z baterią, funkcją mycia szklanek, warzyw itp. - kredens, - klimatyczne oświetlenie ledowe i zwykłe. Salon: - duża kanapa typu narożnik z funkcją spania, - zabudowa półkowa na wymiar, - stolik kawowy, - oświetlenie, - rozkładany stół i krzesła 4 szt. - biurko do pracy, - klimatyczny kominek elektryczny z funkcją grzania, - klimatyzacja, - zasłony i firanki wykonane na zamówienie, - klimatyczne oświetlenie ledowe i zwykłe. Sypialnia: - duże łóżko 180 cm ze skrzynią, - zabudowa tj. szafki nocne, wezgłowie, półki itp. wykonane przez stolarzy na wymiar, - telewizor powieszony na ścianie, - klimatyzacja, - zasłony na wymiar, - klimatyczne oświetlenie ledowe i zwykłe. Garderoba ok. 8m2 : - zabudowa wykonana przez stolarzy, - lustra, - rozkładany system prasowania chowany w szafce (wygodne rozwiązanie w codziennym użytkowaniu), - system automatycznego zapalania oświetlenia ledowego w szafach po otwarciu drzwi, - klimatyczne oświetlenie ledowe i zwykłe. Duża łazienka z oknem: - bardzo duży prysznic typu walk-in z deszczownicą i podświetlanymi półkami, - wc w zabudowie z szafkami na wymiar, - zabudowa na wymiar - szafki pod umywalkami i nad umywalkami z lustrami i kinkietami, - dwie umywalki, - ozdobny grzejnik ścienny, - klimatyczne oświetlenie ledowe i zwykłe. WC: - wc w zabudowie z szafkami na wymiar, - pralka i suszarka w zabudowie, - duży blat roboczy, - umywalka z szafkami w zabudowie, - ręcznie malowany mural na ścianach, - zabudowana rozdzielnia ogrzewania podłogowego, - ozdobny grzejnik ścienny, - klimatyczne oświetlenie ledowe i zwykłe. Korytarz: - wielkie szafy wykonane przez stolarzy, - wiele szafek na buty, - siedzisko, - system automatycznego zapalania oświetlenia ledowego w szafach po otwarciu drzwi, - klimatyczne oświetlenie ledowe i zwykłe. Taras: - meble ogrodowe dla 10 osób, - stolik z regulowaną wysokością, - dwie skrzynie do przechowywania poduszek, sprzętu itp. - rozwijany wąż ogrodowy, - drążek do ćwiczeń, - na powierzchni tarasu położone grube płytki tarasowe na dystansach z systemem odprowadzenia wody. Układ pomieszczeń (73m2): Salon z aneksem kuchennym 40 m2 Sypialnia 10 m2 Garderoba 8 m2 Łazienka 6 m2 Korytarz 6 m2 WC 4 m2 Taras 85 m2 Do mieszkania przynależą dwa wyjątkowo duże miejsca w hali garażowej obok siebie (o szerokości łącznej ok 6 m), z możliwością ładowania samochodu elektrycznego oraz duża komórka lokatorska (ok 5 m2) z dużymi regałami. Do hali garażowej bezpośrednio zjeżdża winda. Koszt miejsc i komórki lokatorskiej w hali garażowej - 130.000 zł. W najbliższej okolicy osiedla znajdują się wszystkie najważniejsze punkty usługowe jak Lidl, Carrefour, Galeria, liczne restauracje, stacja benzynowa itp. ale też przystanki autobusowe, tramwajowe oraz parki, szkoły itp. Mieszkanie posiada świadectwo charakterystyki energetycznej. Posiadam więcej zdjęć lokalu, zapraszam do kontaktu oraz na oględziny Kontakt: Michał Barełkowski [numer] Niniejsze ogłoszenie jest wyłącznie informacją handlową i nie stanowi oferty w myśl art. 66, paragraf 1. Kodeksu Cywilnego. Sprzedający nie odpowiada za ewentualne błędy lub nieaktualność ogłoszenia.",tak,tak,aneks,plastikowe,własność,"Wyposażenie: klimatyzacja, lodówka, piekarnik, pralka, suszarka, telewizor, zmywarka",52.380849,16.888953
Poznań Piątkowo,ul. Teofila Mateckiego,3,53,609000,11491.0,Pośrednik,,18,https://adresowo.pl/o/mieszkanie-poznan-piatkowo-ul-teofila-mateckiego-3-pokojowe-f6r5u2,https://s2.adresowa.pl/oi/39/21/396348_7186_cover@2x-3-pokojowe-mieszkanie-poznan-piatkowo-ul-teofila-mateckiego.webp,Poznań Piątkowo,Teofila Mateckiego,1,2012.0,blok,,"!! OFERTA TYLKO W NASZYM BIURZE !! !! KUPUJĄCY NIE PŁACI PROWIZJI !! Przedstawiam na sprzedaż ofertę trzypokojowego mieszkania o powierzchni 53 m², położonego na 1 piętrze w niskim 4-piętrowym budynku z windą przy ul. Teofila Mateckiego w Poznaniu (Piątkowo). Budynek powstał w 2012 roku. Lokal jest w pełni gotowy do zamieszkania, wykończony w dobrym standardzie, funkcjonalnie zaplanowany. W lokalu zamontowana jest KLIMATYZACJA. !! DUŻA KOMÓRKA LOKATORSKA W CENIE !! Układ i powierzchnia Mieszkanie składa się z: • salonu z aneksem kuchennym - 26,61 m² • sypialni - 10,98 m² • sypialni - 7,83 m² • korytarza z szafą w zabudowie - 3,62 m² • łazienki z prysznicem - 3,97 m² Do mieszkania przynależy: • loggia- ok. 2 m² • duże pomieszczenie gospodarcze znajdujące się bezpośrednio przy mieszkaniu - ok. 4 m² Piętro: pierwsze piętro w niskim (4-piętrowym) bloku. Ogrzewanie: miejskie Wystawa okien: wschód Wysokość opłat administracyjnych: 560 zł Standard wykończenia • podłogi: panele • ściany: gładź gipsowa • stolarka okienna: PCV • kuchnia: zabudowa + pełne AGD (lodówka, zmywarka, piekarnik, płyta indukcyjna) • łazienka: prysznic • KLIMATYZACJA Atuty mieszkania • dobrze przemyślany układ - osobna strefa dzienna i dwie sypialnie • gotowe do wprowadzenia - bez dodatkowych nakładów finansowych • loggia i pomieszczenie gospodarcze zwiększające komfort przechowywania • korytarz z zabudowaną szafą typu Komandor • miejsce w hali garażowej bardzo blisko wejścia do klatki schodowej. Zakup miejsca w hali garażowej jest obowiązkowy - jego cena to dodatkowo 30 000 zł. Lokal sprzedawany jest wyłącznie w pakiecie z miejscem w hali • w mieszkaniu zamontowana jest KLIMATYZACJA Opis lokalizacji Mieszkanie znajduje się w spokojnej, zielonej dobrze skomunikowanej części Poznania z pełną infrastrukturą handlowo usługową. W bliskiej odległości znajdują się sklepy, szkoły, punkty usługowe oraz tereny zielone. Dzięki dogodnej lokalizacji szybko dotrzesz zarówno do centrum miasta, jak i do innych dzielnic. Okolica • Żabka ul. Mateckiego 22 - 70 m (1 min pieszo) • Biedronka, ul. Obornicka 334 - 600 m (7 min pieszo) • Przychodnia Termedica, os. B. Chrobrego 101 - 1.1 km (13 min pieszo) • Szkoła Podstawowa nr 15 im. Jana III Sobieskiego -1.1 km ( 15 min pieszo) • Kampus Morasko 2.5 km (30 min pieszo) • Centrum Handlowe Plaza 3 km (5 min samochodem) Komunikacja • autobusy z przystanku „Mateckiego”: [numer] -50 m (1 min) • pętla Osiedle Sobieskiego (PST „Pestka”) - 1.2 km (15 min pieszo) • dogodny wyjazd w kierunku północnym (ul. Obornicka, trasy krajowe) Mieszkanie funkcjonalne i w pełni gotowe do wprowadzenia. Położone w atrakcyjnej części Piątkowa, z szybkim dostępem do komunikacji miejskiej, sklepów, usług i terenów zielonych. Idealne dla pary, rodziny lub jako inwestycja pod wynajem. Forma własności- pełna własność Cena: 639 000 zł - mieszkanie z komórką lokatorską i miejscem w hali garażowej. Oferta skierowana również do klientów kredytowych, którym zapewniamy kompleksową, sprawną oraz skuteczną obsługę całego procesu kredytowania. Serdecznie zapraszam na prezentację! Informacja dla pośredników - współpracujemy przy każdej ofercie.",,tak,,,własność,"Wyposażenie: klimatyzacja, lodówka, piekarnik, zmywarka",52.461275,16.897429
Poznań Dębiec,ul. Czechosłowacka,2,46,529000,11500.0,Pośrednik,,18,https://adresowo.pl/o/mieszkanie-poznan-debiec-ul-czechoslowacka-2-pokojowe-g9l0w7,https://s2.adresowa.pl/oi/7e/27/38e592_6245_cover@2x-2-pokojowe-mieszkanie-poznan-debiec-ul-czechoslowacka.webp,Poznań Dębiec,Czechosłowacka,3,1960.0,blok,,"Wyjątkowe mieszkanie po generalnym remoncie - gotowe do wprowadzenia! Poznań, ul. Czechosłowacka | 46,15 m² | 2 pokoje + osobna kuchnia | balkon OPIS NIERUCHOMOŚCI Szukasz mieszkania, do którego możesz wprowadzić się od zaraz, bez dodatkowych nakładów i remontów? To mieszkanie jest idealne dla Ciebie! Lokal o powierzchni 46,15 m² znajduje się na 3. piętrze niskiego bloku i został kompleksowo odnowiony - od tego czasu nie był jeszcze zamieszkały. Wszystko jest świeże, czyste i pachnące nowością. Duże okna z ekspozycją wschód-zachód zapewniają świetne doświetlenie przez cały dzień, a przytulny balkon to idealne miejsce na poranną kawę czy wieczorny odpoczynek. UKŁAD POMIESZCZEŃ: Pokój dzienny - 16,8 m² - przestronny salon z wyjściem na balkon Sypialnia - 12,4 m² - komfortowa, ustawna, zmieści dużą szafę lub garderobę Kuchnia - 7,2 m² - osobna, z oknem, gotowa do własnej aranżacji (brak zabudowy) Łazienka - 3,4 m² - nowoczesna, z prysznicem Korytarz - 7,0 m² - z miejscem na dużą szafę w zabudowie ATUTY MIESZKANIA: Generalny remont - wszystko nowe, mieszkanie niezamieszkałe po odnowieniu Funkcjonalny układ - dwa niezależne pokoje + osobna kuchnia Balkon z widokiem na zieleń Kilka miejsc parkingowych za szlabanem, dostępnych tylko dla mieszkańców Dostępne od zaraz - bez czekania! LOKALIZACJA Mieszkanie położone w spokojnej i świetnie skomunikowanej części Poznania, przy ul. Czechosłowackiej. W pobliżu: sklepy i punkty usługowe (Biedronka, Lidl, Żabka, apteka, piekarnia) szkoły i przedszkola tereny zielone do spacerów i rekreacji KOMUNIKACJA tramwaje: linie nr 2, 9 (przystanek w zasięgu kilku minut pieszo) autobusy: linie nr [numer], 610 - szybki dojazd do centrum i innych części miasta Dzięki bliskości głównych arterii w kilka minut dojedziesz również do autostrady A2. Cena: 529 000 zł Forma własności: Spółdzielcze własnościowe prawo do lokalu z kw Czynsz: 529 zł Zadzwoń już dziś i umów się na prezentację! Takie mieszkania w tej lokalizacji nie czekają długo na nowych właścicieli. *Informacja dla biur - współracuję przy każdej ofercie!",,tak,,,spółdzielcze własnościowe,,52.369227,16.910656
Poznań Łazarz,ul. Kącik,2,61,1018700,16700.0,bez pośredników,,16,https://adresowo.pl/o/mieszkanie-poznan-lazarz-ul-kacik-2-pokojowe-l9n2q0,https://s2.adresowa.pl/oi/3f/66/3d4fe8_5f7a_cover@2x-2-pokojowe-mieszkanie-poznan-lazarz-ul-kacik.webp,Poznań Łazarz,Kącik,5,2019.0,kamienica,,"Są mieszkania poprawne. I są takie, które zostają w głowie na długo. Ten apartament zdecydowanie należy do tej drugiej kategorii. Oferujemy nieruchomość położoną w sercu klimatycznego Łazarza, tuż przy Rynku Łazarskim, w jednej z najbardziej autentycznych części Poznania. Jesteśmy jego pierwszymi właścicielami, co również ma znaczenie - mieszkanie było użytkowane z dbałością od samego początku, bez historii najmu czy rotacji lokatorów. To przestrzeń dla osób, które szukają czegoś więcej niż standardowego mieszkania ""pod wynajem"". To miejsce ma charakter, światło i spokój, którego nie da się łatwo znaleźć w centrum miasta. Co czyni je wyjątkowym? Apartament znajduje się na piątym, ostatnim piętrze nowoczesnego budynku z 2019 roku i oferuje coś, co w tej lokalizacji jest rzadkością - pełną prywatność oraz otwartą, niczym nieprzesłoniętą panoramę Poznania. Okna wychodzą na stronę ulicy Łukaszewicza, dzięki czemu nikt nie zagląda do środka, a jednocześnie mieszkanie pozostaje jasne i pełne naturalnego światła przez cały dzień. Wysokość pomieszczeń 2,90 m robi ogromną różnicę - daje oddech, przestrzeń i poczucie swobody, którego nie oferują standardowe mieszkania. Układ i standard: - 61 m² dobrze zaprojektowanej przestrzeni, - przestronny salon z aneksem kuchennym, - komfortowa, wyciszona sypialnia, - łazienka z ogrzewaniem podłogowym, - klimatyzacja, - system filtracji wody (odwrócona osmoza), - wysokiej klasy grzejniki marki Zehnder. Każdy element został przemyślany pod kątem wygody codziennego życia, ale bez przesady i sztucznego ""pokazu"" - to przestrzeń autentyczna, nie katalogowa. Lokalizacja - miejska, ale spokojna To jedno z tych miejsc, gdzie naprawdę można żyć bez kompromisów. Z jednej strony, kilka kroków do tętniącego życiem Łazarza i pełnej infrastruktury miasta. Z drugiej, cisza, której nie spodziewasz się tak blisko centrum. W zasięgu spaceru: - sklepy, markety, restauracje i lokalne punkty usługowe, - szkoły, przedszkola i żłobki, - przystanek tramwajowy - 5min pieszo, - Międzynarodowe Targi Poznańskie - 15min pieszo - dworzec PKP - 15 minut pieszo To lokalizacja, która z czasem tylko zyskuje. Dla kogo? Dla osoby lub pary, która: - nie szuka ""kolejnego mieszkania"", tylko miejsca z energią, - ceni prywatność i widok, - chce mieszkać centralnie, ale bez miejskiego hałasu, - rozumie różnicę między produktem a dobrze wybraną nieruchomością, lub - dla inwestora, który szuka nietuzinkowego mieszkania w świetnej lokalizacji, blisko MTP - pod najem premium lub biznesowy. Informacje dodatkowe: Do apartamentu przynależy miejsce postojowe w hali garażowej oraz duża komórka lokatorska (zlokalizowana bezpośrednio przy miejscu postojowym) - zakup obligatoryjny 120 tysięcy. Zapraszamy do kontaktu. *ogłoszenie nie stanowi oferty w rozumieniu Kodeksu Cywilnego",tak,tak,aneks,,własność,Wyposażenie: klimatyzacja,52.393885,16.902043
Poznań Centrum,ul. Garbary,2,62,795000,12823.0,bez pośredników,,8,https://adresowo.pl/o/mieszkanie-poznan-centrum-ul-garbary-2-pokojowe-l0w7e2,https://s2.adresowa.pl/oi/5c/26/3d46f6_b79c_cover@2x-2-pokojowe-mieszkanie-poznan-centrum-ul-garbary.webp,Poznań Centrum,Garbary,5,2010.0,apartamentowiec,,"Zapraszam do zapoznania się z ofertą jasnego i przestronnego, 2-pokojowego mieszkania zlokalizowanego w apartamentowcu w ścisłym centrum Poznania. Sprzedaż bezpośrednio - bez pośrednika. Oferowana nieruchomość znajduje się na 5. piętrze budynku Carlsberga, położonego przy ul. Garbary 95. Mieszkanie składa się z dwóch niezależnych, bardzo przestronnych pokoi, łazienki, korytarza i kuchni. Dodatkową powierzchnię stanowi spory balkon, z którego rozpościera się widok na centrum miasta. Dzięki ścianie okien w obydwu pokojach, mieszkanie jest wyjątkowo jasne. Ze względu na położenie mieszkania na 5. piętrze, mimo centralnej lokalizacji, jest ono wyjątkowo ciche. Do mieszkania przynależy również miejsce postojowe, znajdujące się w podziemnej hali garażowej. Budynek, w którym znajduje się oferowana nieruchomość, został wybudowany w 2010 roku. Stan budynku bardzo dobry, zadbane części wspólne oraz wewnętrzne patio. Rewelacyjna, centralna lokalizacja. W budynku monitoring oraz ochrona. Atuty: - centralna lokalizacja - nowe budownictwo - pełne wyposażenie mieszkania - przestronny balkon - zadbany budynek - monitoring i ochrona - miejsce parkingowe w hali garażowej (możliwość wynajęcia mieszkania bez miejsca parkingowego)",,tak,,,,,52.408363,16.938065
Poznań Górczyn,ul. Górki,3,59,890000,15085.0,bez pośredników,,8,https://adresowo.pl/o/mieszkanie-poznan-gorczyn-ul-gorki-3-pokojowe-d5s6a2,https://s2.adresowa.pl/oi/50/6a/3d4652_9026_cover@2x-3-pokojowe-mieszkanie-poznan-gorczyn-ul-gorki.webp,Poznań Górczyn,Górki,parter,2011.0,blok,,"To miejsce, które urządziliśmy z myślą o wygodnym codziennym życiu - bez kompromisów i bez ""robienia pod sprzedaż"". Mieszkanie jest w pełni umeblowane i wyposażone, więc można się wprowadzić od razu, bez dodatkowych kosztów czy remontów. Najważniejsze informacje: - mieszkanie umeblowane i gotowe do zamieszkania - bardzo funkcjonalny układ (sprawdza się dla pary, rodziny albo pod wynajem) - zadbane, przyjemne wnętrze - balkon - prywatne miejsce parkingowe w garażu podziemnym - spokojna i cicha okolica Lokalizacja: Dużym plusem jest komunikacja i dostęp do wszystkiego, co potrzebne: - ok. 4 minuty pieszo do tramwaju (przystanek Krauthofera) - szybki dojazd do centrum - łatwy wyjazd z miasta w stronę autostrady (bez stania w korkach przez centrum) W najbliższej okolicy: - Lidl, Kaufland, Biedronka - Centrum Handlowe Panorama - oczywiście Żabka, a nawet trzy Dobre miejsce do życia (zwłaszcza dla rodzin): W pobliżu są: - szkoły podstawowe i licea - przedszkola i żłobek (najbliższy dosłownie 2 minuty od mieszkania) - siłownia Spacerem można też dojść na Rynek Łazarski - świetne miejsce na codzienne zakupy świeżych produktów i trochę klimatu miasta. To mieszkanie jest po prostu wygodne do życia. Jeśli szukasz czegoś ""gotowego"", w dobrej lokalizacji i bez kombinowania z remontami, warto je zobaczyć. Ogłoszenie prywatne - bez pośredników. Zapraszam do kontaktu, Hubert",,tak,,plastikowe,własność,,52.384819,16.890931
Poznań Rataje,ul. Milczańska 5,3,71,1087000,15310.0,Pośrednik,,15,https://adresowo.pl/o/mieszkanie-poznan-rataje-ul-milczanska-3-pokojowe-g9o8o2,https://s2.adresowa.pl/oi/3f/34/38cd52_bf65_cover@2x-3-pokojowe-mieszkanie-poznan-rataje-ul-milczanska.webp,Poznań Rataje,Milczańska 5,5,2021.0,apartamentowiec,,"Zapraszamy do zapoznania się z ofertą sprzedaży przestronnego apartamentu z loggią, położonego przy ul. Milczańskiej 5 w Poznaniu, w rejonie Łaciny i Rataj. Mieszkanie o powierzchni 71,85 m² znajduje się na 5. piętrze nowoczesnego budynku z 2021 roku. To propozycja dla osób ceniących komfort, wysoki standard wykończenia oraz bliskość terenów rekreacyjnych i infrastruktury miejskiej. Najważniejsze atuty: • Nowoczesny budynek z 2021 roku. • Loggia o powierzchni 9,50 m². • Wysokie sufity około 3,05 m. • Dwa miejsca postojowe. • Komórka lokatorska. • Prestiżowa lokalizacja blisko Malty i Posnanii. Mieszkanie składa się z: - Salonu z aneksem kuchennym (28,76 m²) - Sypialni (13,04 m²) - Sypialni (13,97 m²) - Łazienki z prysznicem (4,62 m²) - Oddzielnego WC (1,47 m²) - Przedpokoju (10 m²) Przestronny salon posiada wyjście na dużą loggię, która stanowi dodatkową strefę wypoczynkową. Ponadstandardowa wysokość pomieszczeń, wynosząca około 3,05 m, potęguje poczucie przestrzeni i światła. Mieszkanie zostało wykończone w wysokim standardzie, a zabudowane szafy i praktyczne rozwiązania do przechowywania zwiększają jego funkcjonalność. Apartament jest częściowo umeblowany i gotowy do własnej aranżacji. Budynek: Nowoczesny apartamentowiec jest monitorowany i objęty ochroną, co podnosi komfort oraz bezpieczeństwo mieszkańców. Do dyspozycji mieszkańców pozostaje również plac zabaw oraz zadbane części wspólne. Czynsz administracyjny wynosi około 800 zł miesięcznie. Dodatkowo istnieje możliwość zakupu dwóch miejsc postojowych na platformie w cenie 75 000 zł oraz komórki lokatorskiej w cenie 18 000 zł. Rozwiązania te zwiększają wygodę codziennego użytkowania nieruchomości. Lokalizacja: Apartament położony jest w bezpośrednim sąsiedztwie Jeziora Maltańskiego oraz trasy Wartostrada, co sprzyja aktywnemu wypoczynkowi. Tuż obok znajduje się Galeria Posnania, oferująca szeroki wybór sklepów i usług. Dzielnica Łacina dynamicznie się rozwija i zapewnia dostęp do szkół, przedszkoli oraz komunikacji miejskiej, co czyni ją jedną z najbardziej pożądanych lokalizacji w Poznaniu. Zapraszamy do kontaktu w celu uzyskania dodatkowych informacji oraz umówienia się na prezentację. TEKTON PROPERTY TO NAJLEPSZE BIURO NIERUCHOMOŚCI W POLSCE WG KONKURSU LIDER NIERUCHOMOŚCI OTODOM 2020. Znajdź nas w swoim mieście: Gdańsk, ul. Chmielna 10 - Warszawa, Plac Dąbrowskiego 1/311 - Kraków, ul. Józefitów 7/4 - Poznań, ul. Wojskowa 6/D6 - Łódź, ul. Zachodnia 70 pok. 223, Opole, Gen. Tadeusza Kościuszki 1, lok. 1C. Podejmując współpracę z przedstawicielami Tekton Property zyskujesz: - oszczędność czasu, - weryfikację dokumentów od strony formalno-prawnej, - wsparcie agenta na każdym etapie transakcji, - pomoc przy uzyskaniu kredytu hipotecznego w kilkunastu bankach, - wgląd do umów przed zawarciem aktu notarialnego u sprawdzonych Notariuszy, - własne analizy makroekonomiczne i raporty z prowadzonych działań, - dostęp do cen transakcyjnych z okolicy. Skontaktuj się z opiekunem oferty, a on poprowadzi Cię przez wszystkie etapy transakcji. Zapraszamy do współpracy! Niniejsze ogłoszenie nie stanowi oferty handlowej w rozumieniu przepisów art. 66 k.c., a przedstawione dane mają charakter informacyjny.",,tak,,,własność,,52.393846,16.964017
Poznań Łazarz,ul. Kolejowa,2,31,459000,14806.0,Pośrednik,,7,https://adresowo.pl/o/mieszkanie-poznan-lazarz-ul-kolejowa-2-pokojowe-e4w2a3,https://s2.adresowa.pl/oi/23/32/38b5e0_88e8_cover@2x-2-pokojowe-mieszkanie-poznan-lazarz-ul-kolejowa.webp,Poznań Łazarz,Kolejowa,3,1899.0,kamienica,,"Mam niezmierną przyjemność przedstawić Państwu ofertę sprzedaży wyjątkowej nieruchomości po remoncie generalnym znajdującej się na jednej z najmodniejszych i najbardziej cenionych dzielnic Poznania czyli Łazarzu. Lokal mieszkalny znajduję się na trzecim piętrze w czteropiętrowej zadbanej, klimatycznej kamienicy wybudowanej w 1899 roku przy ul. Kolejowej. Mieszkanie 2 pokojowe o powierzchni liczącej 31,89 m2 składa się z : - pokoju z aneksem kuchennym o powierzchni 18,73 m2, - sypialni o powierzchni 7,14 m2, - łazienki o powierzchni 2,96 m2, - komunikacji o powierzchni 3,06 m2, Bardzo funkcjonalny układ nieruchomości gwarantuje wygodę użytkowania. Wysokość pomieszczeń - ponad 300 cm, co dodatkowo optycznie powiększa przestrzeń. Sprzęt AGD (lodówka, piekarnik, zmywarka, indukcja, okap) w cenie! Nowe okna PCV z zachodnią ekspozycją. Nieruchomość ze względu na swoją kapitalną lokalizację sprawdzi się jako inwestycja w wynajem długo/krótkoterminowy. To idealna oferta dla osób poszukujących kompaktowego i funkcjonalnego mieszkania w spokojnej okolicy, z jednoczesnym ekspresowym dostępem do centrum miasta. To również doskonała propozycja dla studentów za sprawą bardzo dobrej komunikacji z resztą miasta! Historyczna zabudowa - kamienica wybudowana w 1899 roku o wyjątkowym charakterze, która przechodzi właśnie renowację przywracającą jej dawny blask! Zakres prac modernizacyjnych w kamienicy: • kompleksowa wymiana instalacji wodno-kanalizacyjnej • wymiana instalacji elektrycznej • renowacja klatki schodowej • wykonanie przeglądów kominiarskich • doprowadzenie światłowodu • instalacja systemu monitoringu • nowe okna PCV • przygotowana instalacja pod klimatyzację • nowe drzwi wejściowe do lokali • remont elewacji tylnej budynku • Budynek po remoncie elewacji przedniej! Wokół pełna infrastruktura, odległość od przystanku lini tramwajowej czy autobusu to zaledwie 400 m, w pobliżu sklepy typu Biedronka, Żabka, galerie Avenida, Stary Browar, Dworzec Główny, Uczelnie, Międzynarodowe Targi Poznańskie, Nocny targ towarzyski itp. Rynek Łazarski na wyciągnięcie ręki. Dla prowadzących aktywny tryb życia uciechą będzie znajdujący się nieopodal Park Wilsona. Odległość do centrum Poznania to około 35 min przyjemnego spaceru. W tej lokalizacji każdy znajdzie coś dla siebie! Pełna własność z udziałem w gruncie. Ogrzewanie z kotłowni wspólnej. Do budynku został doprowadzony światłowód. Czynsz administracyjny wraz z funduszem remontowym wynosi około 300 zł. Dodatkowo płatne media według indywidualnego zużycia. Brak prowizji od strony Kupującej! W ofercie posiadamy inne nieruchomości w tym budynku - skontaktuj się aby uzyskać więcej informacji. Serdecznie zapraszam do kontaktu!",,,,,własność,"Wyposażenie: lodówka, piekarnik, zmywarka",52.392977,16.905303
Poznań Jeżyce,ul. Maksymiliana Jackowskiego,4,121,2260000,18678.0,bez pośredników,,10,https://adresowo.pl/o/mieszkanie-poznan-jezyce-ul-maksymiliana-jackowskiego-4-pokojowe-e0p3a9,https://s2.adresowa.pl/oi/7d/13/3d463e_c46b_cover@2x-4-pokojowe-mieszkanie-poznan-jezyce-ul-maksymiliana-jackowskiego.webp,Poznań Jeżyce,Maksymiliana Jackowskiego,6,2025.0,apartamentowiec,,"Na sprzedaż wyjątkowe mieszkanie o powierzchni 121,11 m², usytuowane na 6. piętrze nowoczesnego budynku w prestiżowej inwestycji Modena przy ul. Maksymiliana Jackowskiego 24 w Poznaniu. Lokal znajduje się w stanie deweloperskim, po zmianach lokatorskich, z kompletną instalacją elektryczną oraz wodno-kanalizacyjną zgodnie z zatwierdzonym projektem zmian lokatorskich. Przestronny apartament, na ostatnim piętrze nowoczesnego budynku, z oknami zarówno na wewnętrzny dziedziniec, jak i na ulicę Jackowskiego oraz z dużym, słonecznym tarasem od strony wewnętrznego dziedzińca. Apartament składa się z salonu połączonego z kuchnią, 3 sypialni i 2 łazienek. Mieszkanie jest jasne i słoneczne, z zaprojektowanymi wnękami na szafy, dużym, wygodnym korytarzem. UWAGA: Do mieszkania przynależą dwa miejsca parkingowe (1 standardowe i 1 z możliwością ładowania samochodu elektrycznego) oraz komórka lokatorska. Cena za miejsca parkingowe i komórkę lokatorską 130.000 zł, płatne dodatkowo z ceną zakupu mieszkania. Szczegóły nieruchomości: - Powierzchnia: 121,11 m² - Piętro: 6. - Liczba pokoi: 4 - Liczba łazienek: 2 - Loggia 17 m2 Inwestycja Modena: Modena to nowoczesne osiedle zlokalizowane w otoczeniu zabytkowych kamienic, kultury oraz rozwiniętej infrastruktury miejskiej. Projekt harmonijnie łączy historyczne dziedzictwo z nowoczesną architekturą, oferując mieszkańcom wysoki standard życia. Budynek wyróżnia się stonowaną, jasną kolorystyką z ceglanymi akcentami elewacji, nawiązującymi do eklektycznej zabudowy Jeżyc. W inwestycji zastosowano rozwiązania proekologiczne, takie jak panele fotowoltaiczne do oświetlenia części wspólnych oraz zbiornik retencyjny na wodę opadową do nawadniania roślinności na terenie osiedla. Dodatkowo, mieszkańcy mają do dyspozycji reprezentacyjne lobby, plac zabaw dla dzieci oraz całodobową ochronę i monitoring, zapewniające komfort i bezpieczeństwo. Dzielnica Jeżyce: Jeżyce to jedna z najbardziej dynamicznie rozwijających się dzielnic Poznania, łącząca bogatą historię z nowoczesnym stylem życia. Charakteryzuje się unikalnym, XIX-wiecznym charakterem z zachowanymi stuletnimi kamienicami, które nadają okolicy niepowtarzalny urok. W ostatnich latach dzielnica przeszła znaczną rewitalizację, przyciągając nowych mieszkańców i inwestorów. Dzielnica oferuje bogatą infrastrukturę kulturalną i gastronomiczną. To miejsce, gdzie historia spotyka się z nowoczesnością, tworząc unikalny klimat sprzyjający komfortowemu życiu.",tak,tak,aneks,,własność,,52.410154,16.896547
Poznań Winogrady,os. Zwycięstwa,3,69,1089000,15783.0,bez pośredników,,18,https://adresowo.pl/o/mieszkanie-poznan-winogrady-os-zwyciestwa-3-pokojowe-p4n2w4,https://s2.adresowa.pl/oi/7c/49/3d453c_7303_cover@2x-3-pokojowe-mieszkanie-poznan-winogrady-os-zwyciestwa.webp,Poznań Winogrady,os. Zwycięstwa,3,2012.0,blok,,"Na sprzedaż wyjątkowe, funkcjonalne mieszkanie o powierzchni 69 m², położone w jednej z najbardziej cenionych i zielonych części Poznania - Winogrady, na Osiedlu Zwycięstwa. Idealne dla rodziny lub jako inwestycja. Układ mieszkania: - przestronny, jasny salon z częścią jadalnianą i widokiem na zieleń, - otwarta kuchnia w nowoczesnej zabudowie, w pełni wyposażona w sprzęt AGD, - dwie ustawne sypialnie (idealne jako pokój dziecka, gabinet lub sypialnia główna), - elegancka łazienka z wanną, - przedpokój z pojemnymi szafami w zabudowie. Standard i wykończenie: Mieszkanie urządzone z dbałością o detale - dominują stonowane kolory, drewniane podłogi i akcenty oraz designerskie oświetlenie. Gotowe do wprowadzenia, bez dodatkowych nakładów finansowych. Budynek i okolica: - zadbany blok z windą, - spokojna, zielona okolica z dużą ilością przestrzeni, - pełna infrastruktura w zasięgu kilku minut: sklepy, szkoła, przedszkole, punkty usługowe, centrum handlowe, siłownia oraz POSiR Winogrady (pływalnia i rekreacja), - doskonała komunikacja - szybki dojazd do centrum (tramwaj i autobus w pobliżu), - liczne tereny spacerowe i rekreacyjne. Dodatkowe informacje: - powierzchnia: 69 m² - piętro: 3 - ogrzewanie miejskie - balkon - piwnica ok. 4 m² - możliwość zakupu lub wynajmu miejsca parkingowego w hali garażowej Cena: 1 089 000 zł (do negocjacji) Zapraszam do kontaktu i umówienia się na prezentację - to mieszkanie naprawdę warto zobaczyć na żywo!",tak,tak,aneks,plastikowe,własność,,52.440926,16.927833
Poznań Grunwald,ul. Izaaka Newtona,3,56,545000,9732.0,bez pośredników,,7,https://adresowo.pl/o/mieszkanie-poznan-grunwald-ul-izaaka-newtona-3-pokojowe-m8t8e3,https://s2.adresowa.pl/oi/24/66/3d43ec_fe8f_cover@2x-3-pokojowe-mieszkanie-poznan-grunwald-ul-izaaka-newtona.webp,Poznań Grunwald,Izaaka Newtona,8,1978.0,blok,,"Na sprzedaż 3 pokojowe mieszkanie na poznańskim Grunwaldzie, Os. Kopernika, ul Newtona. Ciche i spokojne otoczenie, bliskość sklepów, parków i infrastruktury miejskiej oraz bezpośrednie połączenie autobusowe z centrum miasta, czyni to miejsce bardzo wygodnym do życia. Mieszkanie zarówno dla inwestora, na wynajem, jak i dla rodziny jako spokojne miejsce do życia. Opis mieszkania Mieszkanie mieści się na 8 piętrze w bloku z windą – tylko 2 mieszkania na piętrze. Powierzchnia mieszkania wynosi 56 m2, na jej metraż składają się następujące pomieszczenia: • salon z balkonem 16,2 m2 • pokój 11 m2 • pokój 9 m2 • kuchnia 6 m2 • łazienka 3 m2 • WC 1 m2 • korytarz 7 m2 • przedsionek 3 m2 Mieszkanie posiada przestronny balkon skierowany na zachód, salon i średni pokój są właśnie od strony zachodniej a na wschodnią stronę skierowane są okna z mniejszego pokoju i kuchni. Do mieszkania przynależy pomieszczenie piwniczne. Mieszkanie jest ciche i ciepłe, pokoje są jasne, z dogodną ekspozycją okien w kierunku wschód – zachód. Salon przestronny, z dużym oknem i balkonem, średni pokój idealny na pokój dziecięcy a mniejszy pokój na spokojną sypialnię. W pokojach i korytarzu na podłodze są panele, wszystkie okna plastikowe. Kuchnia wyposażona jest w zabudowę kuchenną, płytę gazową z kuchenką elektryczną oraz lodówkę. Tutaj na podłodze - wygładzina winylowa. W korytarzu zmieści się duża szafa – doskonałe miejsce do przechowywania, podobnie jak w dodatkowym, murowanym przedsionku, dzięki któremu mieszkanie jest jeszcze cichsze i cieplejsze. W łazience znajduje się wanna, umywalka oraz pralka, toaleta z drugą umywalką jest w osobnym pomieszczeniu. Klatka schodowa w budynku zabezpieczona jest domofonem. Mieszkanie wolne, do zamieszkania od zaraz, całość była malowana rok temu. Miesięczny czynsz do Spółdzielni wynosi około 1450 zł - w jego skład wchodzi: zaliczka opłat za ogrzewanie CO, opłat za wodę ciepłą i zimną, oraz ścieki, opłaty eksploatacyjne, śmieci oraz fundusz remontowy. Dodatkowo płatny jest prąd oraz gaz wg wskazań liczników. Mieszkanie stanowi spółdzielcze własnościowe prawo do lokalu. Usytuowanie mieszkania - dogodny dostęp do komunikacji miejskiej - do najbliższego przystanku przy ul. Promienistej dosłownie 300 m, dostępne linie [numer] [numer] 212. W ciągu 5 minut dotrzemy do dwóch marketów EuroSpar i Intermarche, pod blokiem piekarnia, warzywniak, apteka, przychodnia lekarska. Z okna widać szkołę podstawową, przedszkole, park ks. Józefa Jasińskiego oraz kościół. Cała okolica jest niezwykle zielona, z placami zabaw dla dzieci i boiskami do gry. Kontakt tel",tak,,osobna,plastikowe,spółdzielcze własnościowe,"Wyposażenie: lodówkę, pralka",52.383833,16.864965
Poznań Łazarz,ul. Kolejowa,2,34,485000,14265.0,Pośrednik,,10,https://adresowo.pl/o/mieszkanie-poznan-lazarz-ul-kolejowa-2-pokojowe-n0y0x1,https://s2.adresowa.pl/oi/68/1f/37b804_be39_cover@2x-2-pokojowe-mieszkanie-poznan-lazarz-ul-kolejowa.webp,Poznań Łazarz,Kolejowa,3,,kamienica,,"Mam przyjemność zaprezentować Państwu przytulne, nowoczesne mieszkanie po kapitalnym remoncie, położone w klimatycznej kamienicy na poznańskim Łazarzu, przy ul. Kolejowej. To ciekawa propozycja dla osób ceniących połączenie historycznego charakteru z nowoczesnym wykończeniem oraz doskonałą lokalizację blisko centrum miasta. Mieszkanie o powierzchni 34,26 m2 składa się z pokoju z aneksem kuchennym wyposażonym w AGD (lodówka, zmywarka, piekarnik, płyta indukcyjna, okap) , sypialni, łazienki z prysznicem oraz przedpokoju. ⏏ Ekspozycja zachodnia ⏏ Piętro 3/4 ⏏ Ogrzewanie: centralne ⏏ Czynsz ok. 350 pln ⏏ Stan prawny: pełna własność z Księgą Wieczystą PRACE REMONTOWE PRZEPROWADZONE W KAMIENICY: ✅ wymiana instalacji wodno-kanalizacyjnych ✅ wymiana instalacji elektrycznej ✅ remont klatki schodowej i elewacji od strony dziedzińca (obecnie przeprowadzany) ✅ przeglądy kominiarskie ✅ doprowadzenie światłowodu ✅ monitoring LOKALIZACJA: ⚑ 400 m do Rynku Łazarskiego ⚑ Doskonała komunikacja - łatwy dostęp do transportu publicznego oraz kluczowych punktów miasta, 500 m do przystanku MZK Rynek Łazarski ⚑ 1,1 km do Dworca Zachodniego PKP ⚑ 1,1 km do Parku Jana Kasprowicza i 1 km do Parku Wilsona i Palmiarnia ⚑ Dookoła mocno rozwinięta infrastruktura handlowo-usługowa, Biedronka 500 m, Żabki, piekarnie, gabinety lekarskie, weterynaryjne ⚑ klimatyczne kawiarenki, restauracje, bary ⚑ blisko uczelnie wyższe, szkoły, przedszkola W ofercie posiadamy mieszkania o różnej wielkości - oferta na zapytanie. Nie przegap tej okazji! Zapraszam do kontaktu i umówienia się na prezentację! TEKTON PROPERTY TO NAJLEPSZE BIURO NIERUCHOMOŚCI W POLSCE WG KONKURSU LIDER NIERUCHOMOŚCI OTODOM 2020. Znajdź nas w swoim mieście: Gdańsk, ul. Chmielna 10 - Warszawa, Plac Dąbrowskiego 1/311 - Kraków, ul. Józefitów 7/4 - Poznań, ul. Wojskowa 6/D6 - Łódź, ul. Zachodnia 70 pok. 223, Opole, Gen. Tadeusza Kościuszki 1, lok. 1C. Podejmując współpracę z przedstawicielami Tekton Property zyskujesz: - oszczędność czasu, - weryfikację dokumentów od strony formalno-prawnej, - wsparcie agenta na każdym etapie transakcji, - pomoc przy uzyskaniu kredytu hipotecznego w kilkunastu bankach, - wgląd do umów przed zawarciem aktu notarialnego u sprawdzonych Notariuszy, - własne analizy makroekonomiczne i raporty z prowadzonych działań, - dostęp do cen transakcyjnych z okolicy. Skontaktuj się z opiekunem oferty, a on poprowadzi Cię przez wszystkie etapy transakcji. Zapraszamy do współpracy! Niniejsze ogłoszenie nie stanowi oferty handlowej w rozumieniu przepisów art. 66 k.c., a przedstawione dane mają charakter informacyjny.",,,,,własność,"Wyposażenie: lodówka, piekarnik, zmywarka",52.39391,16.90536
Poznań Łazarz,ul. Kolejowa,2,31,459000,14806.0,Pośrednik,,9,https://adresowo.pl/o/mieszkanie-poznan-lazarz-ul-kolejowa-2-pokojowe-o7x4e9,https://s2.adresowa.pl/oi/51/39/37b802_b744_cover@2x-2-pokojowe-mieszkanie-poznan-lazarz-ul-kolejowa.webp,Poznań Łazarz,Kolejowa,3,,kamienica,,"Zapraszam do zapoznania się z ofertą sprzedaży mieszkania w kamienicy po kapitalnym remoncie, zlokalizowanej na poznańskim Łazarzu przy ul. Kolejowej. To propozycja dla osób poszukujących nieruchomości z potencjałem w jednej z najbardziej klimatycznych części miasta. Lokal znajduje się w odnowionej kamienicy i może stanowić zarówno komfortowe miejsce do życia, jak i dobrą inwestycję pod wynajem. Najważniejsze atuty: • Kamienica po kapitalnym remoncie. • Funkcjonalny układ pomieszczeń. • Ekspozycja zachodnia. • Ogrzewanie centralne. • Pełna własność z księgą wieczystą. • Atrakcyjna lokalizacja na poznańskim Łazarzu. Mieszkanie składa się z: - Pokoju z aneksem kuchennym, - Sypialni, - Łazienki, - Przedpokoju. Mieszkanie o powierzchni 31,89 m² posiada funkcjonalny układ pomieszczeń, który pozwala na wygodne użytkowanie przestrzeni. Lokal jest dobrze doświetlony dzięki zachodniej ekspozycji, co zapewnia naturalne światło w godzinach popołudniowych. W tej lokalizacji dostępne są również mieszkania o różnych powierzchniach - szczegóły dostępne na zapytanie. Budynek: Kamienica przeszła szereg prac modernizacyjnych, które znacząco poprawiły jej stan techniczny oraz komfort użytkowania mieszkań. W budynku wykonano wymianę instalacji wodno-kanalizacyjnych oraz instalacji elektrycznej. Przeprowadzono również przeglądy kominiarskie, a obecnie trwa remont klatki schodowej oraz elewacji od strony dziedzińca. Dodatkowo w budynku dostępny jest światłowód oraz monitoring, co zwiększa bezpieczeństwo i wygodę mieszkańców. Lokalizacja: Nieruchomość położona jest w dzielnicy Łazarz, jednej z najbardziej charakterystycznych i dobrze skomunikowanych części Poznania. W odległości około 400 metrów znajduje się Rynek Łazarski, który stanowi lokalne centrum handlowo-usługowe. W pobliżu dostępna jest rozwinięta infrastruktura obejmująca sklepy, piekarnie, restauracje, punkty usługowe oraz placówki edukacyjne. W niedalekiej odległości znajdują się również tereny zielone, w tym Park Jana Kasprowicza oraz Park Wilsona z Palmiarnią. W około 500 metrów można dotrzeć do przystanku MZK Rynek Łazarski, natomiast Dworzec Zachodni PKP znajduje się w odległości około 1,1 km. Bliskość uczelni wyższych, szkół i przedszkoli sprawia, że lokalizacja jest atrakcyjna zarówno dla osób prywatnych, jak i inwestorów. Opłaty: Czynsz administracyjny wynosi około 450 zł miesięcznie. Zapraszam do kontaktu oraz umówienia się na prezentację mieszkania. TEKTON PROPERTY TO NAJLEPSZE BIURO NIERUCHOMOŚCI W POLSCE WG KONKURSU LIDER NIERUCHOMOŚCI OTODOM 2020. Znajdź nas w swoim mieście: Gdańsk, ul. Chmielna 10 - Warszawa, Plac Dąbrowskiego 1/311 - Kraków, ul. Józefitów 7/4 - Poznań, ul. Wojskowa 6/D6 - Łódź, ul. Zachodnia 70 pok. 223, Opole, Gen. Tadeusza Kościuszki 1, lok. 1C. Podejmując współpracę z przedstawicielami Tekton Property zyskujesz: - oszczędność czasu, - weryfikację dokumentów od strony formalno-prawnej, - wsparcie agenta na każdym etapie transakcji, - pomoc przy uzyskaniu kredytu hipotecznego w kilkunastu bankach, - wgląd do umów przed zawarciem aktu notarialnego u sprawdzonych Notariuszy, - własne analizy makroekonomiczne i raporty z prowadzonych działań, - dostęp do cen transakcyjnych z okolicy. Skontaktuj się z opiekunem oferty, a on poprowadzi Cię przez wszystkie etapy transakcji. Zapraszamy do współpracy! Niniejsze ogłoszenie nie stanowi oferty handlowej w rozumieniu przepisów art. 66 k.c., a przedstawione dane mają charakter informacyjny.",,,,,własność,,52.39391,16.90536
Poznań Łazarz,ul. Kącik,1,35,569000,16257.0,bez pośredników,,9,https://adresowo.pl/o/mieszkanie-poznan-lazarz-ul-kacik-1-pokoj-y0j9r1,https://s2.adresowa.pl/oi/28/2a/3d430c_79f4_cover@2x-1-pokojowe-mieszkanie-poznan-lazarz-ul-kacik.webp,Poznań Łazarz,Kącik,2,2019.0,blok,,"Sprzedam mieszkanie o powierzchni 35 m² na osiedlu Łazarz. Mieszkanie znajduje się na 2. piętrze, w bloku z 2019 roku, wyposażonym w windę. Mieszkanie jest w stanie gotowym do zamieszkania. Jest wyposażone w meble, zmywarkę, lodówkę oraz piekarnik. Posiada oddzielną kuchnię oraz balkon z widokiem na Rynek Łazarski. W pobliżu znajdują się: Szkoła Podstawowa nr 9 im. dr. Franciszka Witaszka, Katolicka Szkoła Podstawowa im. św. Stanisława Kostki, liczne restauracje, kawiarnie, sklepy spożywcze, parki i tereny zielone. Przystanek tramwajowy znajduje się 3 minuty od mieszkania pieszo. Galeria Avenida oraz dworzec PKP znajdują się w odległości 2 przystanków. Na Stare Miasto można dojechać tramwajem w 10-15 minut. Zapraszam do kontaktu.",,,osobna,,,"Wyposażenie: lodówkę, piekarnik, zmywarkę",52.393885,16.902043
Poznań Rataje,ul. Czesława Niemena,2,31,499000,16097.0,bez pośredników,,14,https://adresowo.pl/o/mieszkanie-poznan-rataje-ul-czeslawa-niemena-2-pokojowe-g6f2v5,https://s2.adresowa.pl/oi/5a/78/3d41aa_340f_cover@2x-2-pokojowe-mieszkanie-poznan-rataje-ul-czeslawa-niemena.webp,Poznań Rataje,Czesława Niemena,4,2023.0,apartamentowiec,,"Nowe mieszkanie | 2 pokoje | balkon | Malta &amp; Posnania | idealne do zamieszkania lub inwestycji 499 000 zł | 4 piętro – cisza, prywatność i bezpieczeństwo, Nowoczesne mieszkanie w jednej z najlepiej rozwijających się lokalizacji Poznania - tuż przy Posnanii i terenach rekreacyjnych Jeziora Maltańskiego. To propozycja dla osób, które szukają czegoś więcej niż tylko metrażu - miejsca, które łączy wygodę miasta, dostęp do natury i realny potencjał inwestycyjny. Miejsce parkingowe - możliwość niezależnego dokupienia do mieszkania w hali garażowej - do uzgodnienia, MIESZKANIE Na sprzedaż mieszkanie o powierzchni 31,88 m² z balkonem (3,61 m²), położone na 4. piętrze nowoczesnej inwestycji Nova Łacina (2023). Układ idealny do życia lub wynajmu: * salon z aneksem kuchennym - 23,19 m² * łazienka - 4,18 m² * przedpokój + wiatrołap * balkon z dobrą ekspozycją słoneczną - czytelny, funkcjonalny układ, który łatwo dopasować do własnych potrzeb DLA KOGO? - singiel / para - komfortowe mieszkanie w świetnej lokalizacji - inwestor - wysoki potencjał najmu (blisko uczelni) - rodzice - mieszkanie dla dziecka studiującego w Poznaniu STAN DEWELOPERSKI = PRZEWAGA Kupujesz ""czystą kartę"", a nie cudze decyzje. * brak kosztów demontażu * pełna swoboda aranżacji * możliwość stworzenia wnętrza ""pod siebie"" lub pod wynajem - to realna oszczędność i większa kontrola nad budżetem LOKALIZACJA - KLUCZOWY ATUT * Posnania - 3 minuty pieszo * Jezioro Malta / tereny rekreacyjne - kilka minut * Rondo Rataje - szybki dojazd do całego miasta * komunikacja tramwajowa i autobusowa * uczelnie, usługi, siłownia, kino - wszystko w zasięgu spaceru, kilka minut - jedno z najbardziej ""żywych"" i wygodnych miejsc w Poznaniu INWESTYCJA Nova Łacina - nowoczesny budynek z 2023 roku, 236 mieszkań w rozwijającej się dzielnicy Łacina / Rataje - lokalizacja, która realnie pracuje na wzrost wartości nieruchomości PODSUMOWANIE * 31,88 m² + balkon * 4 piętro * 2 pokoje * stan deweloperski * top lokalizacja Poznań Certyfikat energetyczny: A + Czynsz: 320 PLN / na miesiąc DLACZEGO TO MIESZKANIE? Bo łączy 3 rzeczy: - lokalizacja - nowość budynku - elastyczność aranżacji - Istnieje wiele możliwości aranżacji wnętrza, przykładowe w załączeniu. - Układ wstępny apartamentu daje możliwość utrzymania dwóch pokoi lub po usunięciu ścianki jednego dużego pokoju, dającego duży potencjał do aranżacji wnętrza.",,tak,aneks,plastikowe,własność,,52.396015,16.95873
Poznań Dębiec,ul. Żurawinowa,2,41,509000,12415.0,bez pośredników,,19,https://adresowo.pl/o/mieszkanie-poznan-debiec-ul-zurawinowa-2-pokojowe-e7x4k9,https://s2.adresowa.pl/oi/40/2c/3d4164_e392_cover@2x-2-pokojowe-mieszkanie-poznan-debiec-ul-zurawinowa.webp,Poznań Dębiec,Żurawinowa,parter,2011.0,blok,,"Mieszkanie jest dwustronne, ma 41,8m2. Składa się z salonu, sypialni, osobnej kuchni, łazienki i korytarza oraz piwnicy. Wysokość pomieszczeń 2,7m. Mieszkanie jest po generalnym remoncie. Niski blok z cegły. Całe wyposażenie pozostaje dla nowego właściciela. Pozostaje się tylko wprowadzić bez wkładów własnych :) Wymieniona instalacja elektryczna na miedzianą, wodna i kanalizacyjna. Gaz zdemontowany. Światłowód. Kuchnia wykonana na wymiar. Nowe sprzęty: piekarnik, zmywarka, pralka i płyta indukcyjna (gwarancja 24 miesiące.). Lodówka no-frost. Pralka w zabudowie meblowej. Wysokie szafki wiszące, duża ilość miejsca do przechowywania. Łazienka: brodzik z ścianką prysznicową, nowa miska WC i szafka z lustrem. Deszczownica z baterią z termostatem. Przestronny salon z meblami i narożnikiem w stanie idealnym. W sypialni duża szafa odzieżowa z drzwiami przesuwnymi. Okna plastikowe z roletami dzień-noc, mieszkanie dwustronne wschód-zachód. Zlokalizowane przy ul. Żurawinowej 10 wśród zieleni i ciszy poznańskiego Dębca. Bardzo dobry dojazd do centrum tramwajami z pętli Dębiec, na przeciw bloku przystanek autobusowy. W pobliżu sklepy Biedronka oraz targ dębiecki. Bliskość terenów zielonych i rekreacyjnych - Las Dębiński. Niski czynsz ok 600 zł przy dwóch osobach, już z zaliczkami za wodę i ogrzewanie. Zakup bezpośrednio od właściciela bez prowizji. Proszę o kontakt po godzinie 15. Możliwość obejrzenia mieszkania po wcześniejszym uzgodnieniu. Pośrednikom zapraszam już z swoim klientem.",tak,,osobna,,własność,"Wyposażenie: lodówka, piekarnik, pralka, zmywarka",52.368115,16.905559
Poznań Łazarz,ul. Kolejowa,2,32,475000,14844.0,Pośrednik,,9,https://adresowo.pl/o/mieszkanie-poznan-lazarz-ul-kolejowa-2-pokojowe-h1z8f1,https://s2.adresowa.pl/oi/77/1a/37b7fc_c6a6_cover@2x-2-pokojowe-mieszkanie-poznan-lazarz-ul-kolejowa.webp,Poznań Łazarz,Kolejowa,parter,,kamienica,,"Zapraszamy do zapoznania się z ofertą sprzedaży mieszkania po kapitalnym remoncie, położonego w kamienicy na poznańskim Łazarzu przy ul. Kolejowej. Lokal o powierzchni 32,51 m² stanowi doskonałą propozycję zarówno do zamieszkania, jak i pod wynajem. To miejsce dla osób, które cenią klimat kamienic, centralną lokalizację oraz wygodny dostęp do miejskiej infrastruktury. Najważniejsze atuty: • Mieszkanie po kapitalnym remoncie. • Funkcjonalny układ z oddzielną sypialnią. • Ogrzewanie centralne. • Pełna własność z księgą wieczystą. • Świetna lokalizacja na Łazarzu. • Niski czynsz administracyjny. Mieszkanie składa się z: - Pokoju z aneksem kuchennym, - Sypialni, - Łazienki. Budynek: W kamienicy przeprowadzono szereg prac modernizacyjnych, w tym wymianę instalacji wodno-kanalizacyjnej oraz elektrycznej. Wyremontowano klatkę schodową, co znacząco poprawia estetykę części wspólnych budynku oraz komfort codziennego użytkowania mieszkańców, a elewacja od strony dziedzińca jest obecnie w trakcie odświeżania, co dodatkowo podniesie standard całej nieruchomości. Budynek posiada światłowód, monitoring oraz aktualne przeglądy kominiarskie, co podnosi komfort i bezpieczeństwo mieszkańców. Lokalizacja: Łazarz to jedna z najbardziej klimatycznych dzielnic Poznania, ceniona za bliskość centrum i rozwiniętą infrastrukturę. W odległości około 400 m znajduje się Rynek Łazarski, a 500 m dzieli nieruchomość od przystanku komunikacji miejskiej. W pobliżu dostępne są sklepy, restauracje, kawiarnie, uczelnie wyższe oraz tereny zielone, w tym Park Wilsona i Park Jana Kasprowicza. Bliskość Dworca Zachodniego zapewnia wygodne połączenia z innymi częściami miasta i regionu, co znacząco ułatwia codzienne przemieszczanie się oraz podróże poza Poznań. Opłaty: Czynsz administracyjny wynosi około 450 zł miesięcznie, jednak jego dokładny zakres może się różnić w zależności od zużycia oraz składników opłat. Szczegółowe informacje dotyczące składników czynszu oraz sposobu rozliczeń zostaną przekazane podczas kontaktu lub prezentacji nieruchomości.. Zapraszamy do kontaktu w celu uzyskania dodatkowych informacji oraz umówienia się na prezentację mieszkania. Chętnie odpowiemy na wszystkie pytania i przedstawimy szczegóły dotyczące oferty. TEKTON PROPERTY TO NAJLEPSZE BIURO NIERUCHOMOŚCI W POLSCE WG KONKURSU LIDER NIERUCHOMOŚCI OTODOM 2020. Znajdź nas w swoim mieście: Gdańsk, ul. Chmielna 10 - Warszawa, Plac Dąbrowskiego 1/311 - Kraków, ul. Józefitów 7/4 - Poznań, ul. Wojskowa 6/D6 - Łódź, ul. Zachodnia 70 pok. 223, Opole, Gen. Tadeusza Kościuszki 1, lok. 1C. Podejmując współpracę z przedstawicielami Tekton Property zyskujesz: - oszczędność czasu, - weryfikację dokumentów od strony formalno-prawnej, - wsparcie agenta na każdym etapie transakcji, - pomoc przy uzyskaniu kredytu hipotecznego w kilkunastu bankach, - wgląd do umów przed zawarciem aktu notarialnego u sprawdzonych Notariuszy, - własne analizy makroekonomiczne i raporty z prowadzonych działań, - dostęp do cen transakcyjnych z okolicy. Skontaktuj się z opiekunem oferty, a on poprowadzi Cię przez wszystkie etapy transakcji. Zapraszamy do współpracy! Niniejsze ogłoszenie nie stanowi oferty handlowej w rozumieniu przepisów art. 66 k.c., a przedstawione dane mają charakter informacyjny.",,,,,własność,,52.39391,16.90536
Poznań Łazarz,ul. Kolejowa,2,26,399000,15346.0,Pośrednik,,9,https://adresowo.pl/o/mieszkanie-poznan-lazarz-ul-kolejowa-2-pokojowe-b8a4o8,https://s2.adresowa.pl/oi/4a/2a/37b7fe_c0b7_cover@2x-2-pokojowe-mieszkanie-poznan-lazarz-ul-kolejowa.webp,Poznań Łazarz,Kolejowa,3,,kamienica,,"Na sprzedaż mieszkanie po generalnym remoncie, zlokalizowane w klimatycznej kamienicy przy mało ruchliwej ul. Kolejowej, na poznańskim Łazarzu w Poznań. To doskonała propozycja zarówno dla osób szukających gotowego mieszkania do zamieszkania, jak i dla inwestorów planujących zakup pod wynajem. Lokal o powierzchni 26,98 m² został starannie odnowiony i wykończony z dbałością o detale oraz funkcjonalność. Wschodnia ekspozycja okien zapewnia bardzo dobre doświetlenie wnętrza, a połączenie historycznego charakteru kamienicy z nowoczesnym standardem wykończenia czyni tę ofertę wyjątkową na poznańskim rynku nieruchomości. Najważniejsze atuty nieruchomości: • Mieszkanie po generalnym remoncie - gotowe do wprowadzenia. • Klimatyczna kamienica po modernizacji instalacji. • Niski czynsz - ok. 300 zł miesięcznie. • Świetna lokalizacja na Łazarzu, blisko Rynku Łazarskiego i parków. • Pełna własność z księgą wieczystą - możliwość zakupu na kredyt. Mieszkanie składa się z: - Pokoju z aneksem kuchennym wyposażonym w AGD, - Oddzielnej sypialni, - Łazienki z prysznicem, - Przedpokoju, Mieszkanie posiada centralne ogrzewanie, co zapewnia komfort użytkowania przez cały rok. Opłaty i stan prawny: Czynsz administracyjny wynosi około 300 zł miesięcznie i obejmuje m.in. opłaty administracyjne, fundusz remontowy, zaliczki na wodę oraz utrzymanie części wspólnych budynku. Stan prawny nieruchomości to pełna własność z księgą wieczystą, co umożliwia bezproblemowe finansowanie zakupu kredytem hipotecznym. Budynek: Klimatyczna kamienica, w której przeprowadzono szereg istotnych prac modernizacyjnych. Wymieniono instalacje wodno-kanalizacyjne oraz elektryczne, wykonano przeglądy kominiarskie, doprowadzono światłowód oraz monitoring. Remont klatki schodowej i elewacji od strony dziedzińca jest obecnie w trakcie realizacji, co dodatkowo podniesie standard budynku. Lokalizacja: Nieruchomość położona jest w jednej z najbardziej cenionych części Poznania - na Łazarzu. W odległości około 400 metrów znajduje się Rynek Łazarski, a zaledwie kilka minut spacerem dzieli mieszkanie od licznych przystanków komunikacji miejskiej, w tym przystanku Rynek Łazarski. Dworzec Zachodni PKP oddalony jest o około 1,1 km. W pobliżu znajdują się Park Jana Kasprowicza, Park Wilsona oraz Palmiarnia, które oferują doskonałe warunki do wypoczynku i rekreacji. Okolica zapewnia pełną infrastrukturę handlowo-usługową - sklepy, piekarnie, apteki, gabinety lekarskie, restauracje, kawiarnie oraz bary. W sąsiedztwie zlokalizowane są również uczelnie wyższe, szkoły i przedszkola. W ofercie dostępne są również inne mieszkania o różnych metrażach - szczegóły na zapytanie. Zapraszamy do kontaktu w celu uzyskania dodatkowych informacji oraz umówienia się na prezentację mieszkania. TEKTON PROPERTY TO NAJLEPSZE BIURO NIERUCHOMOŚCI W POLSCE WG KONKURSU LIDER NIERUCHOMOŚCI OTODOM 2020. Znajdź nas w swoim mieście: Gdańsk, ul. Chmielna 10 - Warszawa, Plac Dąbrowskiego 1/311 - Kraków, ul. Józefitów 7/4 - Poznań, ul. Wojskowa 6/D6 - Łódź, ul. Zachodnia 70 pok. 223, Opole, Gen. Tadeusza Kościuszki 1, lok. 1C. Podejmując współpracę z przedstawicielami Tekton Property zyskujesz: - oszczędność czasu, - weryfikację dokumentów od strony formalno-prawnej, - wsparcie agenta na każdym etapie transakcji, - pomoc przy uzyskaniu kredytu hipotecznego w kilkunastu bankach, - wgląd do umów przed zawarciem aktu notarialnego u sprawdzonych Notariuszy, - własne analizy makroekonomiczne i raporty z prowadzonych działań, - dostęp do cen transakcyjnych z okolicy. Skontaktuj się z opiekunem oferty, a on poprowadzi Cię przez wszystkie etapy transakcji. Zapraszamy do współpracy! Niniejsze ogłoszenie nie stanowi oferty handlowej w rozumieniu przepisów art. 66 k.c., a przedstawione dane mają charakter informacyjny.",,,,,własność,,52.39391,16.90536
Poznań Piątkowo,ul. Ludwika Braille'a,1,38,529000,13921.0,bez pośredników,,13,https://adresowo.pl/o/mieszkanie-poznan-piatkowo-ul-ludwika-braille-a-1-pokoj-s8z1o3,https://s2.adresowa.pl/oi/4d/31/3d3cea_ca5b_cover@2x-1-pokojowe-mieszkanie-poznan-piatkowo-ul-ludwika-braille-a.webp,Poznań Piątkowo,Ludwika Braille'a,4,2012.0,blok,,"Szukasz bezpiecznej lokaty kapitału i mieszkania, w którym Twoje dziecko z przyjemnością i w spokoju spędzi lata studiów, mając wszędzie blisko? A może chcesz chronić kapitał przed inflacją i wprowadzić się na ""gotowe"", omijając szerokim łukiem miesiące frustracji z niesłownymi ekipami remontowymi? Na sprzedaż oferuję wyjątkowy, 39-metrowy apartament w otwartym układzie przestrzeni (open-space), zlokalizowany w poszukiwanym, nowoczesnym budynku z 2012 roku przy ul. Braille'a (bezpośrednie sąsiedztwo os. Batorego). Mieszkanie zostało zaprojektowane tak, aby zoptymalizować każdy metr kwadratowy. Oto co konkretnie zyskujesz, wybierając tę ofertę: - Zapomnij o krążeniu w poszukiwaniu parkingu: Do mieszkania przynależy pełnowymiarowe miejsce w hali garażowej pod budynkiem. Zjeżdżasz szybką i cichobieżną windą wprost ze swojego 4. piętra do samochodu. - Prywatność i komfort termiczny (Ostatnie piętro): Brak sąsiadów nad głową to gwarancja codziennej ciszy do nauki i relaksu. Z kolei zainstalowana wydajna klimatyzacja sprawia, że w letnie, upalne dni mieszkanie pozostaje chłodną oazą. - Jeden pokój, cztery pełnoprawne strefy: 39 metrów kwadratowych zostało ergonomicznie podzielone, zastępując funkcjonalność mieszkań 2-pokojowych. Mamy tu: - Wydzieloną regałami, intymną sypialnię z dwuosobowym łóżkiem. - Genialną strefę do pracy/nauki IT z olbrzymim biurkiem (160 cm) pod oknem. - Część wypoczynkową ze słonecznym wyjściem na balkon. - W pełni wyposażoną kuchnię (zmywarka, lodówka, piekarnik) z wydzielonym stołem jadalnianym dla 4 osób. Topowa infrastruktura Piątkowa: - Trasa PST (Przystanek Szymanowskiego) - zaledwie 400 m. Szybki, bezkorkowy dojazd do centrum Poznania. - Kampus Uniwersytetu im. A. Mickiewicza (Morasko) - jedyne 1200 m (kwadrans spacerem lub hulajnogą). - Galeria Opieńskiego, Pływalnia, Rezerwat Żurawiniec - wszystko w promieniu zaledwie kilkuset metrów. Koniec z niespodziankami w kosztach utrzymania. Czynsz administracyjny wynosi 660 zł. Kwota ta pokrywa już zryczałtowaną opłatę za miejsce w podziemnej hali garażowej, a także zawiera zaliczki na ogrzewanie miejskie, wodę oraz utrzymanie budynku z windą. Brak ukrytych kruczków. Ponadto do bloku doprowadzony jest stabilny światłowód. Oferta w 100% bezpośrednia (oszczędzasz ponad 13 000 zł na prowizji dla agencji). - Uwaga: Nabywasz swoje pierwsze mieszkanie? Zgodnie z najnowszymi regulacjami prawnymi, transakcja ta z rynku wtórnego zwolniona jest z 2% podatku PCC. To kolejne 10 000 zł, które zostaje w Twoim portfelu! Mieszkanie posiada uregulowany stan prawny i nie jest obciążone hipoteką. Zadzwoń teraz i umów się na indywidualną prezentację. Nieruchomości z podziemnym garażem i klimatyzacją na Piątkowie znikają z rynku w ciągu kilku tygodni. Zabezpiecz kapitał już dziś.",,tak,,plastikowe,własność,"Wyposażenie: klimatyzacja, lodówka, piekarnik, zmywarka",52.457896,16.919156
Poznań Rataje,ul. Milczańska,3,60,840000,14000.0,bez pośredników,,9,https://adresowo.pl/o/mieszkanie-poznan-rataje-ul-milczanska-3-pokojowe-m1d5n7,https://s2.adresowa.pl/oi/6e/67/3d33a2_72d4_cover@2x-3-pokojowe-mieszkanie-poznan-rataje-ul-milczanska.webp,Poznań Rataje,Milczańska,3,2012.0,blok,,"Sprzedam mieszkanie z balkonem, na ostatnim piętrze, 60m2, ul Milczańska 48D, z windą. Balkon z salonem od strony zachodniej, sypialnia od północy. Sąsiedzi mili i cisi, blok ocieplony, mieszkanie ciepłe. Ogrzewanie miejskie. Oprócz hali garażowej jest dużo darmowych i bezpiecznych miejsc parkingowych wokół bloku. Zapraszam do kontaktu!",,tak,,,własność,,52.387447,16.965476
Poznań Starołęka,ul. Starołęcka,2,51,320000,6275.0,bez pośredników,,12,https://adresowo.pl/o/mieszkanie-poznan-staroleka-ul-starolecka-2-pokojowe-i8p7f1,https://s2.adresowa.pl/oi/6f/75/3d334c_5f1d_cover@2x-2-pokojowe-mieszkanie-poznan-staroleka-ul-starolecka.webp,Poznań Starołęka,Starołęcka,3,1895.0,kamienica,,"Sprzedam mieszkanie dwupokojowe w kamienicy na 3 piętrze o powierzchni 51,78m2. Kamienica z roku 1895 zlokalizowana jest bezpośrednio przy pętli tramwajowej Starołęka. Lokal mieszkalny, pełna własność z wydzieloną księgą wieczystą i udziałem w częściach wspólnych. Mieszkanie w pełni wyposażone po generalnym remoncie 3 lata temu. Nowe instalacje elektryczna oraz wodno-kanalizacyjna. Aktualnie przygotowane do zamieszkania lub ewentualnie do lekkiego odświeżenia. Mieszkanie było wynajmowane przez cały okres po remoncie bez przestoju w kwocie 2200zł + opłaty. Mieszkanie aktualnie wynajmowane, gdy kupujący zdecyduje się na zakup można przejąć aktualnie wynajmujących, bądź wypowiedzieć umowę, wtedy potrzebujemy miesiąc na wyprowadzkę lokatorów i posprzątanie mieszkania przed sprzedażą. Mieszkanie bezczynszowe (rachunki tylko za prąd i wodę). Prywatna posesja do dyspozycji z miejscami parkingowymi. Bliski dojazd do centrum. Komunikacja miejska 50m. Sklepy: Biedronka, Aldi, Żabka, Lewiatan 200m. Tramwaje numer: [numer].1, 1.2, 1.3, 1.7, 1.8, 9.7, 2.01. Autobusy numer: 1.58, 1.89, 1.94, 2.17, 2.18, 2.21, 5.27. OFERTA PRYWATNA - KUPUJĄCY NIE PŁACI PROWIZJI.",,tak,,drewniane,własność,,52.357851,16.924418
Poznań Stare Miasto,ul. Długa,4,101,829000,8208.0,Pośrednik,,25,https://adresowo.pl/o/mieszkanie-poznan-stare-miasto-ul-dluga-4-pokojowe-z1k3s5,https://s2.adresowa.pl/oi/78/49/36d7fc_88ba_cover@2x-4-pokojowe-mieszkanie-poznan-stare-miasto-ul-dluga.webp,Poznań Stare Miasto,Długa,2,1905.0,kamienica,,"Zapraszamy do zapoznania się z ofertą sprzedaży przestronnego mieszkania o powierzchni 101,7 m², położonego w odrestaurowanej kamienicy przy ul. Długiej w samym centrum Poznania. Nieruchomość znajduje się zaledwie kilka minut spacerem od ul. Półwiejskiej oraz Starego Browaru, dzięki czemu łączy wyjątkowy klimat historycznej zabudowy z wygodą codziennego życia w ścisłym centrum miasta. Najważniejsze atuty: • Lokalizacja w ścisłym centrum Poznania przy ul. Długiej. • Mieszkanie o powierzchni 101,7 m² z bardzo funkcjonalnym układem pomieszczeń. • Cztery niezależne sypialnie. • Balkon z widokiem na ul. Półwiejską. • Duża piwnica w cenie mieszkania. • Kamienica po renowacji z planowaną windą. Mieszkanie składa się z: - Czterech oddzielnych sypialni, - Zamykanej kuchni z oknem, - Przestronnej łazienki, - Dużego korytarza, - Balkonu z widokiem na ul. Półwiejską.. Budynek: Lokal znajduje się w odrestaurowanej kamienicy, która zachowała swój historyczny charakter i architektoniczny klimat. Wspólnota mieszkaniowa planuje montaż windy, co dodatkowo zwiększy komfort mieszkańców oraz wartość nieruchomości. Na parterze budynku znajduje się klimatyczna piekarnia, dzięki czemu świeże pieczywo jest dosłownie na wyciągnięcie ręki. Lokalizacja: Ulica Długa to jedna z najstarszych i najbardziej klimatycznych ulic w obrębie Starego Miasta w Poznaniu. Zabytkowa zabudowa, historyczne kamienice oraz bliskość najważniejszych punktów miasta sprawiają, że jest to lokalizacja wyjątkowo atrakcyjna zarówno do życia, jak i pod inwestycję. W bezpośrednim sąsiedztwie znajduje się Park Chopina - kameralna, zielona przestrzeń z fontanną i alejkami spacerowymi, idealna do odpoczynku. Kilka minut spacerem dzieli nieruchomość od Starego Rynku, który stanowi jedno z najważniejszych miejsc spotkań w Poznaniu, pełne restauracji, kawiarni oraz wydarzeń kulturalnych. Opłaty: Czynsz administracyjny dla około 4 osób wynosi około 850 zł miesięcznie plus opłaty eksploatacyjne. Szczegółowe informacje dotyczące kosztów dostępne są podczas kontaktu lub prezentacji nieruchomości. Koszty utrzymania są adekwatne do lokalizacji oraz standardu nieruchomości. Zapraszamy do kontaktu oraz umówienia się na prezentację nieruchomości. Chętnie odpowiemy na wszystkie pytania i przekażemy dodatkowe informacje dotyczące oferty. TEKTON PROPERTY TO NAJLEPSZE BIURO NIERUCHOMOŚCI W POLSCE WG KONKURSU LIDER NIERUCHOMOŚCI OTODOM 2020. Znajdź nas w swoim mieście: Gdańsk, ul. Chmielna 10 - Warszawa, Plac Dąbrowskiego 1/311 - Kraków, ul. Józefitów 7/4 - Poznań, ul. Wojskowa 6/D6 - Łódź, ul. Zachodnia 70 pok. 223, Opole, Gen. Tadeusza Kościuszki 1, lok. 1C. Podejmując współpracę z przedstawicielami Tekton Property zyskujesz: - oszczędność czasu, - weryfikację dokumentów od strony formalno-prawnej, - wsparcie agenta na każdym etapie transakcji, - pomoc przy uzyskaniu kredytu hipotecznego w kilkunastu bankach, - wgląd do umów przed zawarciem aktu notarialnego u sprawdzonych Notariuszy, - własne analizy makroekonomiczne i raporty z prowadzonych działań, - dostęp do cen transakcyjnych z okolicy. Skontaktuj się z opiekunem oferty, a on poprowadzi Cię przez wszystkie etapy transakcji. Zapraszamy do współpracy! Niniejsze ogłoszenie nie stanowi oferty handlowej w rozumieniu przepisów art. 66 k.c., a przedstawione dane mają charakter informacyjny.",,,,,własność,,52.40395,16.93065
Poznań Stare Miasto,ul. Franciszka Ratajczaka,3,81,795000,9815.0,Pośrednik,,32,https://adresowo.pl/o/mieszkanie-poznan-stare-miasto-ul-franciszka-ratajczaka-3-pokojowe-r4k9z4,https://s2.adresowa.pl/oi/16/5e/3672b0_48c6_cover@2x-3-pokojowe-mieszkanie-poznan-stare-miasto-ul-franciszka-ratajczaka.webp,Poznań Stare Miasto,Franciszka Ratajczaka,1,1934.0,kamienica,,"Zapraszamy do zapoznania się z ofertą przestronnego mieszkania położonego w historycznej kamienicy w samym centrum Poznania. Nieruchomość znajduje się przy ul. Ratajczaka i stanowi doskonałą propozycję zarówno do zamieszkania, jak i do prowadzenia działalności, takiej jak kancelaria, biuro czy gabinet. Lokalizacja zapewnia czytelny adres w prestiżowej części miasta oraz bardzo wygodny dostęp do pełnej infrastruktury miejskiej. Najważniejsze atuty: • Lokalizacja w samym centrum Poznania przy ul. Ratajczaka. • Prestiżowy i czytelny adres idealny pod działalność biurową lub kancelarię. • Przestronne wnętrza z wysokością pomieszczeń około 3,3 m. • Dwustronna ekspozycja północ-południe zapewniająca dobre doświetlenie. • Odrestaurowana kamienica o historycznym charakterze. Mieszkanie składa się z: - Trzech pokoi o powierzchni około 12 m², 16 m² oraz 35 m², - Kuchni o powierzchni około 6 m², - Toalety o powierzchni około 1,4 m². W całym mieszkaniu zachowano dębowe parkiety, które zostały wycyklinowane, a na ścianach wykonano gładzie. Okna są nowe, drewniane, co podkreśla charakter kamienicy i jednocześnie zapewnia dobrą izolację akustyczną. Wnętrza są jasne i przestronne, a ich układ daje możliwość różnorodnej aranżacji, zarówno mieszkalnej, jak i biurowej. Budynek: Kamienica została wybudowana z cegły, a grubość murów wynosi około 45 cm, co zapewnia dobrą izolację termiczną i akustyczną. W 1934 roku budynek został przebudowany przez znanego architekta Stefana Cybichowskiego, a w ostatnim czasie przeszedł proces odrestaurowania. Instalacje w budynku zostały odnowione. Ogrzewanie realizowane jest obecnie za pomocą instalacji gazowej, przy czym istnieje możliwość podłączenia mieszkania do ogrzewania miejskiego. Czynsz administracyjny wynosi około 500 zł miesięcznie dla jednej osoby, do czego należy doliczyć opłaty za prąd i gaz według zużycia. Lokalizacja: Nieruchomość znajduje się w ścisłym centrum Poznania, w otoczeniu licznych punktów usługowych i handlowych. W pobliżu dostępne są sklepy spożywcze, apteki, banki, restauracje, kawiarnie oraz cukiernie, co zapewnia wygodę codziennego funkcjonowania. Dużym atutem jest sąsiedztwo ulicy Święty Marcin - jednej z najbardziej rozpoznawalnych ulic w Poznaniu, przy której znajdują się tereny zielone, ławki do odpoczynku oraz liczne restauracje i kawiarnie. Lokalizacja sprzyja zarówno spotkaniom biznesowym, jak i życiu towarzyskiemu. Okolica jest również bardzo dobrze skomunikowana z pozostałymi częściami miasta. W pobliżu znajdują się przystanki tramwajowe, które zapewniają szybki i wygodny dojazd do różnych dzielnic Poznania. Zapraszamy do kontaktu oraz umówienia się na prezentację nieruchomości. TEKTON PROPERTY TO NAJLEPSZE BIURO NIERUCHOMOŚCI W POLSCE WG KONKURSU LIDER NIERUCHOMOŚCI OTODOM 2020. Znajdź nas w swoim mieście: Gdańsk, ul. Chmielna 10 - Warszawa, Plac Dąbrowskiego 1/311 - Kraków, ul. Józefitów 7/4 - Poznań, ul. Wojskowa 6/D6 - Łódź, ul. Zachodnia 70 pok. 223, Opole, Gen. Tadeusza Kościuszki 1, lok. 1C. Podejmując współpracę z przedstawicielami Tekton Property zyskujesz: - oszczędność czasu, - weryfikację dokumentów od strony formalno-prawnej, - wsparcie agenta na każdym etapie transakcji, - pomoc przy uzyskaniu kredytu hipotecznego w kilkunastu bankach, - wgląd do umów przed zawarciem aktu notarialnego u sprawdzonych Notariuszy, - własne analizy makroekonomiczne i raporty z prowadzonych działań, - dostęp do cen transakcyjnych z okolicy. Skontaktuj się z opiekunem oferty, a on poprowadzi Cię przez wszystkie etapy transakcji. Zapraszamy do współpracy! Niniejsze ogłoszenie nie stanowi oferty handlowej w rozumieniu przepisów art. 66 k.c., a przedstawione dane mają charakter informacyjny.",,,,,własność,,52.40658,16.92542
Poznań Grunwald,ul. Wojskowa,2,45,699000,15533.0,bez pośredników,,12,https://adresowo.pl/o/mieszkanie-poznan-grunwald-ul-wojskowa-2-pokojowe-a5h1l6,https://s2.adresowa.pl/oi/2e/24/3d3146_eb04_cover@2x-2-pokojowe-mieszkanie-poznan-grunwald-ul-wojskowa.webp,Poznań Grunwald,Wojskowa,4,2007.0,apartamentowiec,,"Sprzedam bezpośrednio od właściciela, atrakcyjne, bardzo słoneczne dwupokojowe mieszkanie o łącznej powierzchni 45 m2, położone na 4 piętrze, w pięciokondygnacyjnym budynku, z obszerną windą, przy ulicy Wojskowej 3 w Poznaniu. Lokal jest po całkowitym remoncie, a całość wykończona jest w wysokim standardzie. Mieszkanie składa się z: • przedpokoju • umeblowanego salonu (z sofą trzyosobową i telewizorem Samsung 55 cali oraz stołem z czterema krzesłami) połączonego z funkcjonalną kuchnią (sprzęty AGD firmy Electrolux i Samsung – zmywarka, płyta grzewcza, okap, piekarnik, lodówko-zamrażarka no Frost w zabudowie) • łazienki z wanną, podwieszanego WC oraz pralki • sypialni z łóżkiem dwuosobowym i pojemną szafą typu Komandor na wymiar • zacisznego balkonu 4 m2 z południową ekspozycją, z którego roztacza się widok na City Park oraz estetyczne budynki Wielkopolanki. Wnętrze zaaranżowane jest w spokojnych kolorach: bieli i beżu, tworzących spójną i przytulną atmosferę, gdzie przyszły mieszkaniec poczuje pełną swobodę i komfort. Sprzedaż ze wszystkimi meblami i sprzętem znajdującym się w środku. CO WYRÓŻNIA TO MIESZKANIE? Przede wszystkim LOKALIZACJA. Lokal znajduje się w prestiżowej części Poznania, bezpośrednio obok obiektu znajduje się City Park, który powstał na terenie zabytkowych koszar wojskowych, w których w dwudziestoleciu międzywojennym stacjonował słynny XV Pułk Ułanów Poznańskich, biorących udział w powstaniu wielkopolskim. stanowiących aktualnie jeden z najbardziej luksusowych kompleksów apartamentów i restauracji miasta, tętniącego życiem, znanego nie tylko wśród lokalnych mieszkańców, ale także i międzynarodowych przedsiębiorców i studentów. Nieruchomość położona jest w pobliżu Uniwersytetu Medycznego. Do Ronda im. J. Jeziorańskiego z przystankami tramwajowymi linii nr: 1,6, 7,13 i 15 oraz przystanku autobusowego odległość wynosi 500 m. W pobliżu kompleks handlowy sieci Spar, Rossmann, Biedronka, a także International School of Poznań, trzy Parki, w tym tereny zielone - Parku Kasprowicza z halą widowiskową ""Arena"" oraz pływalnią. Opłaty: • Czynsz administracyjny: 394 zł (zawiera zaliczki na wodę i centralne ogrzewanie) Mieszkanie jest idealne jako zakup dla siebie oraz bardzo polecam jako zakup inwestycyjny. link do filmu: https://www.youtube.com/watch?v=uTu83nO6RV8 Pozdrawiam serdecznie, Zuzanna, tel: [numer] Please do not hesitate to contact in English or Swedish. For sale directly from the owner, an attractive two-room apartment with a total area of ​​45 m² is located on the fourth floor of a five-story building with a spacious elevator, at 3 Wojskowa Street in Poznań. The apartment has been completely renovated and finished to a high standard. The apartment consists of: • a hallway • a furnished living room (with a three-seater sofa, a 55-inch Samsung TV, and a table with four chairs) connected to a functional kitchen (Electrolux and Samsung appliances – dishwasher, hob, hood, oven, built-in fridge-freezer) • a bathroom with a bathtub, a wall-hung toilet, and a washing machine • a bedroom with a double bed and a spacious, custom-made Komandor wardrobe • a quiet 4 m² balcony with a south-facing exposure, overlooking City Park and the aesthetic buildings of Wielkopolanka. The interior is designed in soothing colors: white and beige, creating a cohesive and cozy atmosphere where the future resident will feel completely at ease and comfortable. It is sold with all the furniture and appliances inside. WHAT MAKES THIS APARTMENT SPECIAL? First and foremost, it's LOCATION. The apartment is located in a prestigious part of Poznań, right next to the property is City Park, which was created on the site of the historic military barracks where the famous 15th Poznań Uhlan Regiment, which took part in the Greater Poland Uprising, was stationed during the interwar period. Currently, it is one of the most luxurious apartment and restaurant complexes in the vibrant city, renowned not only among local residents but also international entrepreneurs and students. The property is located near the Medical University. The Rondo im. J. Jeziorańskiego Street, with tram stops for lines 1, 6, 7, 13, and 15, and a bus stop are 500 meters away. Nearby, you'll find a Spar, Rossmann, and Biedronka shopping complex, as well as the International School of Poznań, and three parks, including the green areas of Kasprowicz Park with the Arena and a swimming pool. Fees: Administrative fee: PLN 394 (includes advance payments for water and central heating). The apartment is ideal for a personal purchase and highly recommended as an investment. Best regards, Zuzanna, tel: [numer]",,,aneks,plastikowe,własność,"Wyposażenie: piekarnik, telewizor, tv, zmywarka",52.400387,16.892687
Poznań Górczyn,ul. Macieja Palacza,3,61,796000,13049.0,bez pośredników,,23,https://adresowo.pl/o/mieszkanie-poznan-gorczyn-ul-macieja-palacza-3-pokojowe-w0t0k8,https://s2.adresowa.pl/oi/5d/4f/3d30e6_5dfb_cover@2x-3-pokojowe-mieszkanie-poznan-gorczyn-ul-macieja-palacza.webp,Poznań Górczyn,Macieja Palacza,1,1998.0,apartamentowiec,,"Marzysz o idealnym miejscu do życia, które łączy spokój podmiejskiej atmosfery z szybkim dostępem do centrum Poznania? Przestronne, przytulne dwupoziomowe mieszkanie o powierzchni 61 m², położone w cichej i spokojnej okolicy na kameralnym, zamkniętym terenie, oczekuje nowego właściciela. To wyjątkowe miejsce, które łączy ciszę i prywatność z bliskością miejskich udogodnień. Aktualnie budynek jest po kapitalnym remoncie balkonów. Mieszkanie dwupoziomowe ze ślicznym widokiem z balkonu na okoliczne ogródki. I poziom: korytarz (3,2 mkw), pokój dzienny (24,5 mkw) z aneksem kuchennym (5,7 mkw) i balkonem od str. południowej. Okno w kuchni od strony północnej. Na piętro prowadzą schody z litego buku. II poziom: korytarz (3,3 mkw), pokój z widokiem od str. północnej (10 mkw), wc (1,1 mkw), łazienka (3,4 mkw), pokój z widokiem na południe (9,6 mkw). Wnęka w korytarzu (0,8 mkw). Na pierwszym poziomie jest możliwość wydzielenia miejsca na dodatkową toaletę. Jest możliwość dokupienia komórki lokatorskiej o pow. 4,5 m². Usytuowana jest ona na poziomie). Wejście doniej z poziomu wewnętrznej uliczki, więc bardzo wygodne jest wprowadzanie do niej roweru czy też wózka dziecięcego. W całym mieszkaniu położony jest parkiet (na dole bukowy, na górze brzozowy), a w kuchni i dolnym korytarzu płytki. WC i łazienka są osobno - na podłodze i ścianach aż do sufitu jest hiszpańska glazura. Miesięczne opłaty administracyjne w wysokości ok. 570 zł (opłata eksploatacyjna, podatek od nieruchomości, fundusz remontowy) + opłaty za media rozliczane wg. liczników (ciepła woda, zimna woda, przepływowy licznik c.o.). Ciepła woda i c.o. pochodzą z centralnej kotłowni gazowej umiejscowionej w budynku. Mieszkanie posiada duże możliwości aranżacyjne: w łatwy sposób można stworzyć 3 niezależne pokoje i dodatkową toaletę na pierwszym poziomie, a przestrzeń nad schodami można zaaranżować zabudową. Lokalizacja: Mieszkanie znajduje się na ogrodzonym 4-budynkowym kameralnym osiedlu z niską zabudową, otoczonym jednorodzinnymi domami, zapewniającym spokój i komfort wypoczynku. Na terenie posesji dostępne dla mieszkańców 2 parkingi. Miejsce jest doskonale skomunikowane: 350 m do przystanków autobusowych, 700 m do przystanku tramwajowego relacji centrum-Junikowo, 1800 m do stacji kolejowej Poznań-Górczyn, 8 minut jazdy samochodem do wjazdu na autostradę A2 i dalej na S11. W okolicy znajduje się wiele sklepów (2 x Biedronka, 5 x Żabka, Aldi, Lidl, Netto, troszkę dalej Spar i Intermarche). W okolicy znajdują się również 3 przedszkola, 2 szkoły podstawowe i 2 licea ogólnokształcące.",tak,,aneks,plastikowe,spółdzielcze własnościowe,,52.39227,16.874215
Poznań Jeżyce,ul. Zygmunta Krasińskiego 15/17a,2,52,620000,11923.0,bez pośredników,,16,https://adresowo.pl/o/mieszkanie-poznan-jezyce-ul-zygmunta-krasinskiego-2-pokojowe-j8r2y9,https://s2.adresowa.pl/oi/5b/5a/3d300c_837c_cover@2x-2-pokojowe-mieszkanie-poznan-jezyce-ul-zygmunta-krasinskiego.webp,Poznań Jeżyce,Zygmunta Krasińskiego 15/17a,4,1965.0,blok,,"CENTRUM Komfortowe 2 pokoje 52m2 w cichym podwórzu OFERTA BEZPOŚREDNIA Na sprzedaż bardzo przytulne i przestronne mieszkanie 51.6 m2 z 2 niezależnymi pokojami i oddzielną kuchnią wraz z przynależną piwnicą 3m2. Mieszkanie znajduje się przy ul.Krasińskiego,blisko niego znajdują się Rynek Jeżycki,Most Teatralny i Centrum Biznesowe Bałtyk. Mieszkanie stanowi atut ciszy i spokoju od miejskiego hałasu,gdyż okna wychodzą na cichą uliczkę i podwórko. Dużą zaletą mieszkania jest fakt iż ma jeden centralny korytarz z którego jest dostęp do wszystkich pomieszczeń wyposażone w komplet mebli,kuchnia wyposażona w cały sprzęt AGD. Całe wyposażenie jest wliczone w cenie mieszkania!!! WYPOSAŻENIE : K U C H N I A lodówka z zamrażalnikiem,okap,piekarnik,płyta grzewcza,zmywarka,stół 4 krzesła,szafki wiszące i stojące Ikea,czajnik elektryczny S A L O N stół jadalniany + 4 krzesła,kanapa rozkładana z funkcją spania 140x200,obszerna komoda IKEA, Telewizor z smart TV,szafki pod telewizor,stolik kawowy,firany i zasłony w oknie Ł A Z I E N K A kabina prysznicowa,pralka,umywalka z szafką,lustro,kinkiet łazienkowy,suszarka na pranie,piec gazowy dwu funkcyjny Vaillant S Y P I A L N I A łóżko małżeńskiego 180x200 z materacami IKEA,obszerna szafa na ubrania 150x236,firany i żaluzje w oknie,lustro stojące,lampka ścienna K O R Y T A RZ garderoba ikea,szafa na ubrania i na przedmioty gospodarcze,a pod sufitem pawlacz na schowanie dodatkowych rzeczy Dla osób posiadających samochód możliwość parkowania ZA DARMO na podwórzu budynku.Wjazd z bramą na pilota. Dla osób posiadających rower jest możliwość postawienia na podwórzu lub schowania do piwnicy do której można również schować większe gabarytowe rzeczy. L O K A L I Z A C J A mieszkanie znajduje się przy ul.Krasińskiego w pobliżu rynek jeżycki,sklepy netto i biedronka,500m do biurowca bałtyk,targi MTP,galeria AVENIDA, 300m do komunikacji miejskiej przy moście teatralnym,blisko do parków A.Mickiewicza i H.Wieniawskiego,kościół dominikanów,blisko jest szpital,urząd pocztowy i poznańskie stare zoo S T A N P R A W N Y : Pełna własność z KW z udziałem w gruncie D O S T Ę P N E :Od 1 CZERWIEC 2026 C E N A : 620.000 ZŁ O P Ł A T Y : czynsz administracyjny 480 przy dwóch osobach prąd i gaz przy dwóch osobach średnio 300zł miesięcznie Ogrzewanie i ciepła woda jest gazowe piecem dwu funkcyjnym firmy VAILLANT Obecnie mieszkanie jest wynajmowane do 31 maja 2026,także można przejąć umowę najmu lub po 1 czerwca 2026 się wprowadzić. Oferta stanowi ciekawą propozycje dla osób poszukujących komfortowego i przytulnego miejsca do zamieszkania w centralnej części Poznania.",tak,,osobna,plastikowe,własność,"Wyposażenie: lodówka, piekarnik, pralka, suszarka, telewizor, tv, zmywarka",52.412618,16.911167
Poznań Stare Miasto,al. Karola Marcinkowskiego,3,72,896724,12454.0,Pośrednik,,19,https://adresowo.pl/o/mieszkanie-poznan-stare-miasto-al-karola-marcinkowskiego-3-pokojowe-m4e9e1,https://s2.adresowa.pl/oi/3d/13/364e2a_d705_cover@2x-3-pokojowe-mieszkanie-poznan-stare-miasto-al-karola-marcinkowskiego.webp,Poznań Stare Miasto,Karola Marcinkowskiego,1,1891.0,kamienica,,"Mam ogromną przyjemność przedstawić Państwu ofertę sprzedaży wyjątkowej nieruchomości z ogromnym potencjałem zlokalizowanej w ścisłym centrum Poznania przy alei Karola Marcinkowskiego. Lokal mieszkalny usytuowany na pierwszym piętrze w cztero-piętrowej przepięknej, ponad 130 letniej kamienicy wyposażonej w dwie windy, wybudowanej w 1891 roku, która w ubiegłym roku przeszła gruntowną rewitalizację! Zakres prac budowlanych obejmował : 1. Rewitalizacje przedniej i tylnej elewacji wraz z wymianą balkonów, 2. Wymianę okien na drewniane, zdobione 3 szybowe, 3. Rewitalizację całej stolarki drewnianej w kamienicy w tym drzwi zewnętrzne, drzwi wewnętrzne, klatka schodowa główna wraz dobudową piętra do poddasza (w stylu oryginalnym), klatka schodowa tylna. 4. Rewitalizacje sztukaterii w mieszkaniach, 5. Nowe Instalacje wod-kan i elektryczne, wideodomofony, 6. Osuszenie i izolacja piwnicy wraz pogłębieniem i nową posadzką, 7. Rewitalizacje dachu z podniesieniem części o 30 cm, 8. Montaż 2 jednostek szybkobieżnych wind, 9. Aranżacje podwórka, Apartament o całkowitej powierzchni użytkowej liczącej 72,2 m2 składa się z : - pokoju (z możliwością wydzielenia aneksu kuchennego) o powierzchni 21.88 m2, - pokoju o powierzchni 23,61 m2, - pokoju (z możliwością wydzielenia osobnej kuchni) o o powierzchni 12,83 m2 - gabinetu/garderoby o powierzchni 6,49 m2, - komunikacji o powierzchni 3,01 m2, - łazienki o powierzchni 4,38 m2, Układ pomieszczeń gwarantuje funkcjonalne użytkowanie przestrzeni. Nieruchomość ze względu na swoją lokalizację idealnie nada się również na kancelarię czy biuro. Ekspozycja okien północno-południowo-wschodnio zapewnia dużą ilość naturalnego światła wpadającego do pomieszczeń w ciągu dnia. Nieruchomość w stanie obejmującym : - wykończone podłogi wraz z listwami przypodłogowymi, - nowe drzwi, - nowe grzejniki, - wygładzenie i odmalowanie ścian, - płytki oraz armaturę w łazience. Meble oraz oświetlenie do doposażenia we własnym zakresie.. Wizualizacje przedstawiają propozycje aranżacji. Lokalizacja mówi sama za siebie, kamienica umiejscowiona jest w samym sercu miasta, zaledwie 300 m od deptaka Starego Rynku. W pobliżu znajdują się kultowe miejsca na mapie Poznania tj. Plac Wolności, Stary Browar, Park Fryderyka Chopina, Cytadela, Muzeum Narodowe, Dworzec Główny i wiele innych. Wokół pełna infrastruktura handlowo - usługowa : sklepy, restauracje, gabinety medyczne, szpitale, szkoły, przedszkola, uczelnie wyższe itd. Bardzo dobrą komunikacja z resztą miasta: - linie tramwajowe: 9, 13, 24 (Marcinkowskiego - odległość 300 m), 98 (Plac Wielkopolski - odległość 270 m) - linie autobusowe: [numer], 214, 223 (Solna - odległość 270 m) Historia kamienicy jest również interesująca: ""W północnej części Alei Marcinkowskiego stoi okazała kamienica z 1891 roku. Kamienica należała do znanej w Poznaniu poetki i działaczki związanej z kulturą, Marii Paruszewskiej urodzonej w roku 1864 w Poznaniu. Jej ojcem był Kacper Kramarkiewicz - właściciel Hotelu Berlinskiego.W mieszkaniu Paruszewskiej gościło wielu wybitnych twórców i artystów tamtych czasów. Związani z jej salonem byli m.in.:: Feliks Nowowiejski, Ignacy Friedman, Ada Sari, Olga Boznańska, Ludomir Różycki, Henryk Opieński i wielu innych. Jak pisze Zbigniew Zakrzewski Jej salon rozbrzmiewał pieśnią, muzyką fortepianową, dyskusjami o kulturze i sztuce."" BRAK PODATKU PCC PRZY ZAKUPIE! Pełna własność z udziałem w gruncie. Nieduży czynsz na poziomie 540 zł! Ogrzewanie gazowe kotłownią w budynku (brak pieców w mieszkaniach) z możliwością podpięcia się pod sieć miejską za 3 lata. Indywidualne podejście do każdego klienta! W razie potrzeby bezpłatnie pomagamy uzyskać najkorzystniejsze kredytowanie. Serdecznie zapraszam do kontaktu!",,,,,własność,,52.41036,16.92993
Poznań,os. Zwycięstwa,1,64,640000,10000.0,Pośrednik,,11,https://adresowo.pl/o/mieszkanie-poznan-os-zwyciestwa-1-pokoj-d6j1r1,https://s2.adresowa.pl/oi/7a/38/354c0c_7a4d_cover@2x-1-pokojowe-mieszkanie-poznan-os-zwyciestwa.webp,Poznań ,os. Zwycięstwa,16,,blok,,"Witam, Zapraszam do zapoznania się z propozycją gotowca inwestycyjnego po kapitalnym remoncie, złożonego z dwóch oddzielnych kawalerek o łącznej powierzchni 64 m2 Kawalerki znajdują się w bardzo dobrze skomunikowanej części miasta, na oś. Zwycięstwa, w wysokim bloku po termomodernizacji, na 16 piętrze, wyposażony w dwie nowoczesne windy. Mieszkania po kapitalnym remoncie, wymieniona instalacja elektryczna, wodno-kanalizacyjna wewnątrz, wszystkie okna oraz drzwi. Na podłodze położono płytki, w jednej zrobiono sufit podwieszany, łazienki wyposażone w kabiny prysznicowe. Obie kawalerki są wyposażone w meble kuchenne, lodówkę, zlewozmywak, kuchenkę z piekarnikiem oraz pralkę, wszystkie sprzęty AGD nowe. Obecnie trwają prace wykończeniowe i skręcanie mebli. Czynsz, ok 1000 PLN za obydwie kawalerki. Powierzchnia każdej kawalerki to ok 31 m2. Kawalerka 1 Duży bardzo jasny wszechstronny pokój z aneksem kuchennym 26 m2 łazienka 5 m2 Kawalerka 2 Korytarz 3 m2 Pokój z aneksem kuchennym oraz zabudowa wnękowa typu Komandor 25 m2 Łazienka z prysznicem 3 m2 Z okien bardzo ładny widok na panoramę Poznania. W pobliżu dużo sklepów, pod blokiem Żabka, Biedronka 5 min. na piechotę Kampus Morawska 4,5 km - 13 min. rowerem, 8 min. samochodem, transportem miejskimmin. Przy bloku Park oś Zwycięstwa i pływalnia Miejska Winogrady, na sąsiednim oś Batorego pływalnia Atlantis 10 min. na piechotę Rezerwat Przyrody Żurawiniec. Obecnie jedna kawalerka jest już wynajęta i zarabia, w drugiej mieszka właściciel. W razie pytań lub niejasności zapraszam do kontaktu, chętnych zapraszam na prezentacje.",,,,plastikowe,własność,"Wyposażenie: kuchenkę, lodówkę, piekarnik, pralkę",52.442279,16.926827
Poznań Piątkowo,os. Bolesława Chrobrego,3,62,650000,10484.0,bez pośredników,,15,https://adresowo.pl/o/mieszkanie-poznan-piatkowo-os-boleslawa-chrobrego-3-pokojowe-h7k3h7,https://s2.adresowa.pl/oi/48/42/3d2f90_d826_cover@2x-3-pokojowe-mieszkanie-poznan-piatkowo-os-boleslawa-chrobrego.webp,Poznań Piątkowo,os. Bolesława Chrobrego,9,1978.0,blok,,"Oferuje do sprzedaży 3 - pokojowe mieszkanie o powierzchni 63,00 m2 na Os. B. Chrobrego w Poznaniu (Piątkowo). Mieszkanie znajduje się na 9 piętrze w bloku 11-sto piętrowym z 2 windami. Na piętrze znajdują się 4 mieszkania z czego 2 na wspólnym 9 metrowym korytarzu. Ogrzewanie oraz ciepła woda pochodzą z sieci miejskiej. Do mieszkania przynależy 1 piwnica. Układ pomieszczeń: - duży przestronny salon z wyjściem na balkon (glazura na podłodze balkonu) - 2 pokoje - oddzielna kuchnia ( nowa zabudowa kuchenna) - łazienka z kabiną prysznicową - oddzielna toaleta - korytarz oraz przedpokój z zabudową Atuty: - PST (szybki Tramwaj) - edukacja: szkoła, przedszkole, place zabaw, park - usługi: markety (Biedronka, Żabka, Chata Polska ) ryneczek - przychodnie lekarskie i apteki - Kampus UAM Morasko Mieszkanie jest po remoncie, gotowe do zamieszkania (możliwość pozostawienia mebli znajdujących się w mieszkaniu )",tak,,osobna,drewniane,spółdzielcze własnościowe,,52.454476,16.916359
Poznań Grunwald,ul. Raszyńska,2,34,475000,13971.0,bez pośredników,,9,https://adresowo.pl/o/mieszkanie-poznan-grunwald-ul-raszynska-2-pokojowe-w0x2v8,https://s2.adresowa.pl/oi/7e/71/3d2662_2be8_cover@2x-2-pokojowe-mieszkanie-poznan-grunwald-ul-raszynska.webp,Poznań Grunwald,Raszyńska,2,1970.0,blok,,"Witam. Na sprzedaz mam mieszkanko w Poznaniu na Grunwaldzie o pow. 34 m2. Sklada sie z 2 pokoi, kuchni, lazienki, korytarza. Do mieszkania przynalezy piwnica. Bardzo przyjemne sloneczne mieszkanko spoldelcze z ksiega wieczysta. Czynsz okolo 500 zl. W okolicy liczne sklepy, sklepiki, szkola czy przedszkole. Bardzo dobrze skomunikowane z centrum miasta- autobus, tramwaj. W poblizu park do spacerowania czy wyprowadzenia pieska. Mieszkanie w 2023 wyremontowane w 2024 wymienio e okna. Polecam.",tak,,osobna,plastikowe,spółdzielcze własnościowe,,52.387207,16.871607
Poznań Grunwald,ul. Przepiórcza,3,58,750000,12931.0,bez pośredników,,20,https://adresowo.pl/o/mieszkanie-poznan-grunwald-ul-przepiorcza-3-pokojowe-w0x1w6,https://s2.adresowa.pl/oi/54/24/3d23d8_7e5b_cover@2x-3-pokojowe-mieszkanie-poznan-grunwald-ul-przepiorcza.webp,Poznań Grunwald,Przepiórcza,3,2000.0,blok,,"Na sprzedaż oferuję przestronne i funkcjonalne, 3-pokojowe mieszkanie o powierzchni 58mkw, z w pełni zaadaptowanym poddaszem użytkowym. Lokal mieści się na 3. piętrze w dobrze utrzymanym bloku, zbudowanym w 2000 roku, w spokojnej i zielonej części Poznania - przy ulicy Przepiórczej. Usytuowanie na południową stronę gwarantuje jasne wnętrze i bardzo atrakcyjny widok na całą okolicę. Układ mieszkania to: - 3 przestronne pokoje: salon (24mkw); sypialnia 1 (11mkw); sypialnia 2 (8,5mkw) - Obszerne poddasze użytkowe o powierzchni po podłodze ok. 30mkw - Oddzielna, wyposażona i umeblowana kuchnia (8mkw) - Łazienka z oknem (4mkw) - Korytarz - Balkon z ładnym widokiem - Do mieszkania przynależy piwnica. Centralne ogrzewanie gazowe, z oddzielnym piecem dwufunkcyjnym, pozwala indywidualnie zarządzać energią cieplną w mieszkaniu. Urządzenie jest regularnie serwisowane przed każdym sezonem grzewczym. Dodatkowym atutem jest wykończenie oraz umeblowanie. Zabudowa kuchni wraz z zmywarką, piekarnikiem, płytą gazową, kuchenką mikrofalową oraz lodówką. Mieszkanie jest w bardzo dobrym stanie i nadaje się do zamieszkania bez remontu. Blok jest zadbany i zlokalizowany w otoczeniu spokojnej, niskiej zabudowy. W bezpośrednim sąsiedztwie znajdują się 3-kondygnacyjne budynki oraz zabudowa domów jednorodzinnych. Okolica oferuje: - Bliskość terenów zielonych i rekreacyjnych - Szybki i wygodny dojazd do centrum - Sklepy, szkoły, punkty usługowe i gastronomiczne w niedalekiej odległości - Ciche i rodzinne sąsiedztwo - Dogodne miejsca parkingowe - Łatwy wyjazd z miasta - Plac zabaw. Lokal stanowi odrębną nieruchomość (pełna własność) z założoną księgą wieczystą, w której nie figurują żadne roszczenia, ograniczenia w rozporządzaniu ani hipoteki. Nieruchomość jest wolna od jakichkolwiek zobowiązań na rzecz osób trzecich. Jestem pierwszym właścicielem tej nieruchomości, sprzedaję bezpośrednio (bez prowizji pośredników). Zainteresowanym chętnie udzielę dodatkowych informacji. Zapraszam do kontaktu i umówienia spotkania celem prezentacji mieszkania.",tak,,osobna,drewniane,własność,Wyposażenie: piekarnik,52.382981,16.856191
Poznań Rataje,ul. Katowicka,4,76,820000,10789.0,Pośrednik,,17,https://adresowo.pl/o/mieszkanie-poznan-rataje-ul-katowicka-4-pokojowe-z7o0d9,https://s2.adresowa.pl/oi/2a/13/3544dc_f6b4_cover@2x-4-pokojowe-mieszkanie-poznan-rataje-ul-katowicka.webp,Poznań Rataje,Katowicka,parter,2005.0,blok,,"Zapraszamy do zapoznania się z ofertą sprzedaży przestronnego mieszkania o powierzchni 76,4 m², położonego na wysokim parterze budynku przy ul. Katowickiej w inwestycji Ataner. Nieruchomość wyróżnia się bardzo dobrym doświetleniem dzięki ekspozycji na trzy strony świata - wschód, zachód oraz południe - co sprawia, że wnętrza są jasne i przyjemne w codziennym użytkowaniu. Do mieszkania przynależą dwa balkony oraz garaż o powierzchni 19,4 m² znajdujący się w hali garażowej. Mieszkanie posiada funkcjonalny układ pomieszczeń i obecnie zostało przystosowane do celów inwestycyjnych. Lokal został podzielony na dwa niezależne apartamenty, które są wynajmowane długoterminowo. Nieruchomość generuje stabilny dochód z najmu, a jednocześnie daje możliwość przywrócenia pierwotnego układu mieszkania i wykorzystania go jako komfortowej przestrzeni do zamieszkania. Najważniejsze atuty: • Mieszkanie o powierzchni 76,4 m² z ekspozycją na trzy strony świata. • Dwa balkony o powierzchni około 5 m² oraz 9 m². • Garaż w hali garażowej o powierzchni 19,4 m². • Lokal podzielony na dwa niezależne apartamenty. • Obecnie wynajmowane długoterminowo (ok. 4500 zł + 300 zł garaż). • Klimatyzacja oraz elektrycznie sterowane rolety zewnętrzne. • Winda z dostępem do hali garażowej. Mieszkanie składa się z: - Dwóch pokoi dziennych (ok. 25 m² oraz 16 m²), - Dwóch aneksów kuchennych, - Dwóch sypialni (ok. 14 m² oraz 9 m²), - Trzech łazienek z prysznicem (ok. 2,25 m² każda), - Dwóch balkonów (ok. 5 m² oraz 9 m²). Dzięki obecnemu podziałowi nieruchomość funkcjonuje jako dwa niezależne apartamenty, co stanowi bardzo dobrą opcję inwestycyjną. Mieszkanie zostało również przystosowane do wynajmu krótkoterminowego i umożliwia zakwaterowanie nawet do 10 osób. Zamontowane nowoczesne zamki na kody pozwalają na zdalne meldowanie gości, co znacząco ułatwia zarządzanie najmem. Lokal jest w pełni wyposażony i przygotowany do natychmiastowego użytkowania. W mieszkaniu znajdują się sprzęty AGD, takie jak lodówka, płyta elektryczna, kuchenka mikrofalowa oraz czajnik. Do dyspozycji najemców pozostaje również komplet naczyń i akcesoriów kuchennych, a także wyposażenie dodatkowe obejmujące ręczniki, pościel, kołdry oraz poduszki. Mieszkanie wyposażone jest także w sprzęt RTV oraz urządzenia codziennego użytku, takie jak telewizor, pralka, żelazko czy suszarka na pranie. W pomieszczeniach znajdują się również meble umożliwiające komfortowe użytkowanie przestrzeni, w tym szafy, biurka oraz stoły. Istnieje możliwość przywrócenia pierwotnego układu mieszkania, który obejmował trzy pokoje, dużą łazienkę z oknem oraz aneks kuchenny lub osobną kuchnię. Dzięki temu nieruchomość może zostać łatwo dostosowana zarówno do celów inwestycyjnych, jak i do komfortowego zamieszkania. Dodatkowe informacje: Do mieszkania przynależy garaż o powierzchni 19,4 m² w hali garażowej z zamykaną bramą sterowaną pilotem. Cena garażu wynosi 107 000 zł. Mieszkanie może zostać przejęte wraz z najemcami lub zostać zaaranżowane według potrzeb nowego właściciela. Cena mieszkania wynosi 820 000 zł. Zapraszamy do kontaktu oraz umówienia się na prezentację nieruchomości. TEKTON PROPERTY TO NAJLEPSZE BIURO NIERUCHOMOŚCI W POLSCE WG KONKURSU LIDER NIERUCHOMOŚCI OTODOM 2020. Znajdź nas w swoim mieście: Gdańsk, ul. Chmielna 10 - Warszawa, Plac Dąbrowskiego 1/311 - Kraków, ul. Józefitów 7/4 - Poznań, ul. Wojskowa 6/D6 - Łódź, ul. Zachodnia 70 pok. 223, Opole, Gen. Tadeusza Kościuszki 1, lok. 1C. Podejmując współpracę z przedstawicielami Tekton Property zyskujesz: - oszczędność czasu, - weryfikację dokumentów od strony formalno-prawnej, - wsparcie agenta na każdym etapie transakcji, - pomoc przy uzyskaniu kredytu hipotecznego w kilkunastu bankach, - wgląd do umów przed zawarciem aktu notarialnego u sprawdzonych Notariuszy, - własne analizy makroekonomiczne i raporty z prowadzonych działań, - dostęp do cen transakcyjnych z okolicy. Skontaktuj się z opiekunem oferty, a on poprowadzi Cię przez wszystkie etapy transakcji. Zapraszamy do współpracy! Niniejsze ogłoszenie nie stanowi oferty handlowej w rozumieniu przepisów art. 66 k.c., a przedstawione dane mają charakter informacyjny.",,tak,,,własność,"Wyposażenie: klimatyzacja, kuchenka, lodówka, pralka, suszarka, telewizor, tv",52.39764,16.96508
Poznań Stary Rynek,ul. Wodna 15,2,54,970000,17963.0,Pośrednik,,18,https://adresowo.pl/o/mieszkanie-poznan-stary-rynek-ul-wodna-2-pokojowe-g2q7f7,https://s2.adresowa.pl/oi/22/54/34492e_d182_cover@2x-2-pokojowe-mieszkanie-poznan-stary-rynek-ul-wodna.webp,Poznań Stary Rynek,Wodna 15,1,2012.0,blok,,"Na sprzedaż przestronny 2-pokojowy apartament w świetnej lokalizacji – ścisłe centrum Poznania, ul. Wodna 15, przy skrzyżowaniu z ul. Garbary (nad Rossmannem). Szczegóły nieruchomości: - Powierzchnia: 54,8 m² - Piętro: 1 z 5 Układ pomieszczeń: - Pokój z aneksem kuchennym: ok. 30 m² - Pokój: ok. 14 m² - Łazienka: 5 m² - Korytarz: 5 m² Wysokość pomieszczeń: 300 cm Dodatkowe informacje: - Winda - Ogrzewanie miejskie - Niski czynsz: 500 zł - Pełna własność, brak hipoteki - Wysoki standard wykończenia mieszkania i budynku - Budynek z 2012 roku Atuty nieruchomości: Doskonała lokalizacja w sercu miasta sprawia, że apartament idealnie nadaje się na: - Biuro, kancelarię lub siedzibę firmy (na piętrze znajdują się inne biura i kancelarie). - Wynajem krótkoterminowy lub długoterminowy – inwestycja z dużym potencjałem! Zapraszam na prezentację! To wyjątkowe mieszkanie czeka właśnie na Ciebie. Powyższy opis ma charakter informacyjny i nie stanowi oferty handlowej w rozumieniu art. 66 1 Kodeksu Cywilnego.",,,aneks,plastikowe,własność,,52.407001,16.938
Poznań Centrum,pl. Wolności,1,21,419000,19952.0,bez pośredników,,10,https://adresowo.pl/o/mieszkanie-poznan-centrum-pl-wolnosci-1-pokoj-s2q6o5,https://s2.adresowa.pl/oi/37/1c/3d235a_7b2e_cover@2x-1-pokojowe-mieszkanie-poznan-centrum-pl-wolnosci.webp,Poznań Centrum,pl. Wolności,3,2023.0,apartamentowiec,,"Oferuję na sprzedaż nowoczesny lokal inwestycyjny, położony w prestiżowej inwestycji Plac Wolności 6. Jest to jedna z najbardziej rozpoznawalnych lokalizacji w centrum Poznania. Nieruchomość została zaprojektowana z myślą o maksymalnej rentowności oraz komforcie użytkowania. Doskonale sprawdza się zarówno w modelu najmu krótkoterminowego, jak i jako lokal pod działalność. Najważniejsze informacje: • powierzchnia: 21,7m² • piętro: 3 • rok budowy: 2023 • stan: w pełni wykończony i wyposażony Standard i wyposażenie: Lokal został wykończony w nowoczesnym stylu i sprzedawany jest z pełnym wyposażeniem: • meble na wymiar • w pełni wyposażona kuchnia i łazienka • sprzęt RTV/AGD wysokiej jakości • gotowy do natychmiastowego użytkowania lub wynajmu Możliwe zastosowanie: • najem krótkoterminowy (Airbnb / Booking) • najem średnioterminowy • biuro lub gabinet (np. gabinet, konsulting, IT, usługi) Atuty inwestycji: • reprezentacyjna recepcja • winda • pralnia dla mieszkańców i gości • możliwość współpracy z operatorem najmu Lokalizacja: Plac Wolności to jedno z najbardziej prestiżowych miejsc w Poznaniu. Można tutaj od razu poczuć niezwykłą energię Starego Miasta. W bezpośrednim sąsiedztwie znajdują się liczne restauracje, kawiarnie, uczelnie oraz główne węzły komunikacyjne. Potencjał inwestycyjny: • szacowany przychód: ok. 3 500 - 4000 zł brutto miesięcznie (dochód z najmu do wglądu) • stabilny popyt przez cały rok • możliwość odliczenia VAT (również dla osób nieprowadzących działalności gospodarczej) Cena: 419 000 zł netto + 23% VAT. Zapraszam do kontaktu w celu uzyskania szczegółowych informacji oraz prezentacji nieruchomości. Jola Wróblewska",,,,,własność,Wyposażenie: tv,52.407189,16.926753
Poznań Grunwald,ul. Marcelińska,2,54,790000,14630.0,bez pośredników,,20,https://adresowo.pl/o/mieszkanie-poznan-grunwald-ul-marcelinska-2-pokojowe-h3w4c5,https://s2.adresowa.pl/oi/53/10/3d11aa_e614_cover@2x-2-pokojowe-mieszkanie-poznan-grunwald-ul-marcelinska.webp,Poznań Grunwald,Marcelińska,1,2011.0,blok,,"Oferuję na sprzedaż mieszkanie zlokalizowane na popularnym, prestiżowym osiedlu Marcelin w Poznaniu, na pierwszym piętrze bloku z 2011 roku, idealne do zamieszkania w otoczeniu natury. Mieszkanie o powierzchni 54,33 m² składa się z: - salonu i aneksu kuchennego - sypialni - łazienki - korytarza - tarasu 20 m². Mieszkanie posiada klimatyzację. Do dyspozycji jest winda i monitoring. Dodatkowo jest możliwość wynajmu garażu zamkniętego. W budynku bezpośrednio znajduje się: - zamknięta sala zabaw dla dzieci - sala do tenisa stołowego - rowerownia w zamkniętym pomieszczeniu, jak i w hali garażowej. Na zewnątrz budynku znajduje się dziedziniec, na którym jest ogrodzony, bezpieczny plac zabaw. Dodatkowo na osiedlu dla wszystkich mieszkańców jest jeszcze do dyspozycji: - siłownia - druga sala zabaw - sala do zajęć fitness - sala z piłkarzykami i cymbergajem - kilka placów zabaw. Lokalizacja w dzielnicy Grunwald zapewnia łatwy dostęp do usług i rekreacji. W pobliżu znajduje się Lasek Marceliński, żłobki, przedszkola, szkoły, kawiarnie, restauracje, placówki zdrowotne i centrum handlowe King Cross, oraz Lidl i Biedronka. Komunikacja miejska umożliwia szybkie dotarcie do centrum Poznania. W kilka minut dojedzie się autem do A4, jak i lotniska. Dostępność mieszkania do ustalenia z kupującym. Zapraszam do obejrzenia nieruchomości.",,,aneks,,własność,,52.404461,16.878942
Poznań Centrum,ul. Grobla,2,27,488000,18074.0,bez pośredników,,12,https://adresowo.pl/o/mieszkanie-poznan-centrum-ul-grobla-2-pokojowe-y4h2r1,https://s2.adresowa.pl/oi/67/6d/3d0c60_f99f_cover@2x-2-pokojowe-mieszkanie-poznan-centrum-ul-grobla.webp,Poznań Centrum,Grobla,3,1945.0,kamienica,,"Wyjątkowa oferta - topowa lokalizacja, centrum Poznania! Na sprzedaż funkcjonalne mieszkanie o powierzchni 27 m², położone przy ul. Grobla - w samym sercu Poznania, zaledwie kilka minut pieszo od Starego Rynku i terenów rekreacyjnych nad Wartą. Mieszkanie znajduje się w oficynie. Atuty mieszkania: - Przemyślany układ - ustawne, dające wiele możliwości adaptacyjne, funkcjonalne, jasne. - Umeblowane ze sprzętami AGD, meblami ruchomymi - gotowe do zamieszkania od zaraz. - Świetne skomunikowanie - w pobliżu tramwaje, autobusy, szybki dojazd do każdej części miasta. - Prestiżowa lokalizacja - centrum Poznania, a jednocześnie spokojna okolica w sąsiedztwie rzeki. Ogromny potencjał inwestycyjny! To mieszkanie to prawdziwa perełka dla inwestorów i osób szukających nieruchomości z przyszłością lub tych, którzy chcą mieć swoje pierwsze funkcjonalne M. Dlaczego warto? - Centrum miasta - idealne zarówno dla osób prywatnych, jak i inwestorów. - Atrakcyjna cena: 488 000 zł. - Pełna własność z księgą wieczystą. - Mieszkanie po generalnym remoncie. - Mieszkanie w pełni wyposażone. - Mieszkanie jest funkcjonalne. Zadzwoń i umów się na prezentację! Mieszkania w tej lokalizacji z takim potencjałem sprzedają się błyskawicznie - nie przegap okazji!",,,,plastikowe,własność,,52.405266,16.941336
Poznań Stare Miasto,ul. Rybaki,2,57,615000,10789.0,Pośrednik,,13,https://adresowo.pl/o/mieszkanie-poznan-stare-miasto-ul-rybaki-2-pokojowe-p3i6g9,https://s2.adresowa.pl/oi/1a/3e/30e56c_2c76_cover@2x-2-pokojowe-mieszkanie-poznan-stare-miasto-ul-rybaki.webp,Poznań Stare Miasto,Rybaki,parter,1930.0,kamienica,,"Szukasz przestronnego i urokliwego mieszkania w centrum Poznania? Szukasz mieszkania w otoczeniu zieleni, a przy tym dobrze skomunikowanego? Jeżeli tak, to strzał w dziesiątkę! Oferuję na sprzedaż dwupokojowe mieszkanie z osobną kuchnią i łazienką oraz dużą przynależną piwnicą w kamienicy. • Lokalizacja: ul. Rybaki w Poznaniu to miejsce pełne życia i możliwości, gdzie łatwo znaleźć wszystko, co potrzebne do wygodnego i interesującego życia w mieście. • Centralne położenie: Ul. Rybaki znajduje się w centrum Poznania, co umożliwia łatwy dostęp do wielu atrakcji miasta. Bliskość komunikacji miejskiej: Tramwaje: W pobliżu znajdują się przystanki tramwajowe obsługujące linie 2, 5, 13, 16, które umożliwiają szybki dojazd do różnych części miasta. Autobusy: Dostępne są również przystanki autobusowe, z których kursują linie takie jak [numer][numer]03, co zapewnia dogodne połączenia w całym Poznaniu. • Kultura i rozrywka: Galerie: W okolicy znajdują się galerie sztuki, takie jak Galeria Miejska Arsenał, Galeria U Jezuitów czy Galeria Ego. Restauracje i kawiarnie: Ul. Rybaki oferuje szeroki wybór restauracji i kawiarni.. Teatry i kina: W pobliżu znajdują się Teatr Polski, Teatr Nowy oraz kina takie jak Kino Muza, oferujące bogaty repertuar filmowy. Zakupy: Centra handlowe: Bliskość takich miejsc jak Stary Browar, Galeria MM, które oferują szeroki wybór sklepów, butików, supermarketów i innych usług. Sklepy lokalne: W okolicy jest wiele sklepów spożywczych, piekarni, aptek oraz innych punktów usługowych, co ułatwia codzienne zakupy. Edukacja i instytucje: Szkoły i uczelnie: Bliskość do różnych instytucji edukacyjnych, takich jak Uniwersytet im. Adama Mickiewicza, Politechnika Poznańska oraz wiele szkół podstawowych i średnich. Biblioteki: M.in. Biblioteka Raczyńskich, która jest jedną z najważniejszych bibliotek w Poznaniu. Zieleń i rekreacja: Parki: W pobliżu znajdują się parki miejskie takie jak Park im. Fryderyka Chopina, Park Cytadela, które są idealne do spacerów i aktywnego wypoczynku. Rzeki i jeziora: W niewielkiej odległości znajduje się Malta, oferująca liczne atrakcje wodne i rekreacyjne. Zabytki i turystyka: Stare Miasto: Krótki spacer dzieli ul. Rybaki od Rynku Starego Miasta, gdzie znajdują się takie atrakcje jak Ratusz, Kościół Farny czy Zamek Królewski. Zabytkowe budynki: Ulica Rybaki i okolice obfitują w historyczne budowle, co dodaje uroku tej lokalizacji. • Układ mieszkania Ogółem 57 m2 Mieszkanie podzielone jest na dwa pokoje, kuchnie, łazienkę z toaletą.W swym układzie doskonale sprawdzi pod wynajem długoterminowy dla studentów oraz jako mieszkanie dla pary. Salon - 24,3 m2 Sypialnia - 13,74 m2 Kuchnia - 8,10 m2 Łazienka z wc - 4,79 m2 Dodatkowo: • pomieszczenie piwniczne 7 m2 wpisane w KW Ekspozycja: Duże podwójne okna w każdym pokoju i kuchni. Espozycja południowy-zachód. Rozmiar wnęki: wysokość 1,91 m szerokość 1,14 Wyposażenie: Mieszkanie z pełnym wyposażeniem widocznym na zdjęciach. Budynek: Termomodernizacja budynku oraz remont kamienicy odbył się w 2005 r. Przy wejściu do klatki schodowej znajduje się domofon z kamerą. Zieleń dookoła zabudowań oraz porządkowanie przeprowadzane jest przez pracowników miasta. Czynsz obejmuje ok 400 zł obejmuje: • wodę,, • wywóz śmieci, • opłaty eksploatacyjne, • fundusz remontowy, • utrzymanie części wspólnych, osobno prąd i gaz Stan prawny nieruchomości: Własność Zapraszam na prezentację! TEKTON PROPERTY TO NAJLEPSZE BIURO NIERUCHOMOŚCI W POLSCE WG KONKURSU LIDER NIERUCHOMOŚCI OTODOM 2020. Znajdź nas w swoim mieście: Gdańsk, ul. Chmielna 10 - Warszawa, Plac Dąbrowskiego 1/311 - Kraków, ul. Józefitów 7/4 - Poznań, ul. Wojskowa 6/D6 - Łódź, ul. Zachodnia 70 pok. 223, Opole, Gen. Tadeusza Kościuszki 1, lok. 1C. Podejmując współpracę z przedstawicielami Tekton Property zyskujesz: - oszczędność czasu, - weryfikację dokumentów od strony formalno-prawnej, - wsparcie agenta na każdym etapie transakcji, - pomoc przy uzyskaniu kredytu hipotecznego w kilkunastu bankach, - wgląd do umów przed zawarciem aktu notarialnego u sprawdzonych Notariuszy, - własne analizy makroekonomiczne i raporty z prowadzonych działań, - dostęp do cen transakcyjnych z okolicy. Skontaktuj się z opiekunem oferty, a on poprowadzi Cię przez wszystkie etapy transakcji. Zapraszamy do współpracy! Niniejsze ogłoszenie nie stanowi oferty handlowej w rozumieniu przepisów art. 66 k.c., a przedstawione dane mają charakter informacyjny.",,,,,własność,,52.40165,16.92993
Poznań Jeżyce,ul. Zygmunta Krasińskiego 2,3,77,730000,9481.0,Pośrednik,,21,https://adresowo.pl/o/mieszkanie-poznan-jezyce-ul-zygmunta-krasinskiego-3-pokojowe-h0t7n1,https://s2.adresowa.pl/oi/70/41/2ca108_8836_cover@2x-3-pokojowe-mieszkanie-poznan-jezyce-ul-zygmunta-krasinskiego.webp,Poznań Jeżyce,Zygmunta Krasińskiego 2,3,1930.0,kamienica,,"Oferuję dziś Państwu 3-pokojowe mieszkanie wielkości 77,94m2, we wspaniałej lokalizacji z pięknym widokiem na ul. Ignacego Krasińskiego 2. Mieszkanie w urokliwej kamienicy usytuowane jest na trzecim piętrze, otwiera przed przyszłym właścicielem niepowtarzalne możliwości przekształcenia przestrzeni według własnych pomysłów. Nieruchomość emanuje historycznym urokiem i potencjałem do stworzenia wyjątkowego miejsca zamieszkania. Dodatkową zaletą jest 15 metrowy balkon z widokiem na dwie strony świata. Na mieszkanie składają się: - pokój 15m2; - pokój 19m2; - jadalnia 15m2; - kuchnia 15m2; - łazienka 5,94m2; - korytarz 8m2. Do nieruchomości dodatkowo przynależy piwnica wielkości 14m2, miejsce postojowe przed budynkiem oraz uzbrojony lokal usługowy o wielkości 25m2, w którym właścicielka z powodzeniem przez kilkanaście lat prowadziła sklep spożywczy. Idealne miejsce na małą kafejkę. Najważniejsze atuty: • Wysokie sufity o wysokości 3,2 m • Dekoracyjne sztukaterie podkreślające historyczny charakter wnętrza • Oryginalne drewniane podłogi • Przestronny salon stanowiący centralny punkt mieszkania • Duża swoboda aranżacji salonu z zachowaniem unikalnego klimatu kamienicy Kuchnia, choć wymaga remontu, posiada swoisty urok związany z historycznym charakterem budynku. Przestronny układ pomieszczenia daje możliwość stworzenia kuchni z duszą, zachowującej jednocześnie oryginalny klimat tego miejsca. Dwie potencjalne sypialnie oferują elastyczność w planowaniu przyszłego układu mieszkania. Okna sięgające do sufitu wpuszczają mnóstwo światła do wnętrza, tworząc przytulne i jasne przestrzenie, które mogą stać się domowymi oazami. Łazienka, chociaż wymaga odnowienia, posiada elementy zachowane w stylu historycznym. Przy odrobinie kreatywności i nowoczesnych rozwiązań, to miejsce może stać się unikalną przestrzenią relaksu. Trzecie piętro kamienicy gwarantuje prywatność - jedno mieszkanie na piętrze, a jednocześnie pozwala cieszyć się widokiem na otaczającą okolicę. Właściciele od ulicy zamontowali 3-szybowe okna, co jest gwarancją ciszy i spokoju, To doskonała okazja dla tych, którzy pragną odnowić historyczne mieszkanie, zachowując jednocześnie jego oryginalny charakter i jedyny w swoim rodzaju urok. Jeżyce to dzielnica gwarantująca urok, bliskość kawiarni, teatru, restauracji, uczelni i urokliwych uliczek wokół Mostu Teatralnego sprawiają, że miejsce nabiera dodatkowej wartości. Zapraszam na prezentację. TEKTON PROPERTY TO NAJLEPSZE BIURO NIERUCHOMOŚCI W POLSCE WG KONKURSU LIDER NIERUCHOMOŚCI OTODOM 2020. Znajdź nas w swoim mieście: Gdańsk, ul. Chmielna 10 - Warszawa, Plac Dąbrowskiego 1/311 - Kraków, ul. Józefitów 7/4 - Poznań, ul. Wojskowa 6/D6 - Łódź, ul. Zachodnia 70 pok. 223, Opole, Gen. Tadeusza Kościuszki 1, lok. 1C. Podejmując współpracę z przedstawicielami Tekton Property zyskujesz: - oszczędność czasu, - weryfikację dokumentów od strony formalno-prawnej, - wsparcie agenta na każdym etapie transakcji, - pomoc przy uzyskaniu kredytu hipotecznego w kilkunastu bankach, - wgląd do umów przed zawarciem aktu notarialnego u sprawdzonych Notariuszy, - własne analizy makroekonomiczne i raporty z prowadzonych działań, - dostęp do cen transakcyjnych z okolicy. Skontaktuj się z opiekunem oferty, a on poprowadzi Cię przez wszystkie etapy transakcji. Zapraszamy do współpracy! Niniejsze ogłoszenie nie stanowi oferty handlowej w rozumieniu przepisów art. 66 k.c., a przedstawione dane mają charakter informacyjny.",,tak,,,własność,,52.41182,16.91366
Poznań Winogrady,os. Przyjaźni,3,53,499999,9434.0,bez pośredników,,9,https://adresowo.pl/o/mieszkanie-poznan-winogrady-os-przyjazni-3-pokojowe-w7n5i7,https://s2.adresowa.pl/oi/1c/49/3d0802_530d_cover@2x-3-pokojowe-mieszkanie-poznan-winogrady-os-przyjazni.webp,Poznań Winogrady,os. Przyjaźni,4,1970.0,blok,,Przedmiotem ogłoszenia jest przestronne mieszkanie na oś. Przyjaźni nr 23 mieszkanie do cz. remontu stan widoczny na załączonych zdjęciach. Dostępność 02.05.2026r Sprzedaż bezpośrednia od właściciela. W razie dodatkowych pytań proszę o kontakt. [numer] Paweł,tak,,osobna,plastikowe,spółdzielcze własnościowe,,52.433402,16.925224
Poznań Jeżyce,ul. Józefa Ignacego Kraszewskiego,1,30,399900,13330.0,bez pośredników,,20,https://adresowo.pl/o/mieszkanie-poznan-jezyce-ul-jozefa-ignacego-kraszewskiego-1-pokoj-k3r5w9,https://s2.adresowa.pl/oi/1b/5e/3cfa3e_d887_cover@2x-1-pokojowe-mieszkanie-poznan-jezyce-ul-jozefa-ignacego-kraszewskiego.webp,Poznań Jeżyce,Józefa Ignacego Kraszewskiego,1,2027.0,blok,,"Do sprzedania prywatnie i bez prowizji (cesja praw z umowy deweloperskiej) własnościowy apartament inwestycyjny nr M054, położony w budowanym 4-piętrowym budynku w inwestycji Epika Jeżyce w Poznaniu. Termin ukończenia budowy to 31.12.2026 r. Apartament charakteryzuje się: - Powierzchnia 30,25 m2 - Piętro 1/4 - 1 pokój z aneksem kuchennym, łazienka, przedpokój oraz balkon - Stan deweloperski - Okna z ekspozycją na patio Lokalizacja w centrum Jeżyc przy ul. Kraszewskiego, w odległości: - 5 min. piechotą od Rynku Jeżyckiego - 8 min piechotą od Międzynarodowych Targów Poznańskich - 9 min piechotą od Ronda Kaponiera - 20 min piechotą od Dworca Poznań Główny. W sąsiedztwie znajdują się przystanki autobusowe oraz tramwajowe, jak również wiele punktów handlowo-usługowych i gastronomicznych. Inwestycja charakteryzuje się: - Podwyższony standard - Zielone patio - Ogólnodostępny zadaszony taras na dachu - Instalacja fotowoltaiczna na dachu - Podziemny parking - Rowerownia z gniazdami do ładowania rowerów elektrycznych - Wysokie pomieszczenia (2,83-2,89 m) - Pakiet antysmogowy w każdym lokalu - Multiskrytki na terenie inwestycji - System Blue Bolt do bezkontaktowego otwierania drzwi, przydatny do zarządzania najmem - Oryginalna fasada i atrakcyjne części wspólne - Nowoczesne wnętrza i windy - Łącze światłowodowe - Możliwość skorzystania z różnorodnych pakietów zaprojektowania i wykończenia wnętrz (oferta dewelopera) Inwestorem jest ceniony deweloper Duda Development. Inwestycja zlokalizowana w sercu Jeżyc o prestiżowym charakterze i nowoczesnym wykończeniu premium. Harmonogram płatności: - 10% przy podpisaniu umowy - 90% po uzyskaniu pozwolenia na użytkowanie (ok. 03.2027 r.). Deweloper sprzedaje podobne apartamenty w cenie od ok. 14 700 zł netto/m2, czyli ok. 445 000 zł netto. Niniejsza oferta opiewa na 14 181 zł netto/m2, czyli 429 000 zł netto. Do ceny należy doliczyć VAT w wysokości 87 247,05 zł, który zarówno firmom, jak i osobom fizycznym jest zwracany przez urząd skarbowy. Kupujący zwolniony z podatku PCC w wys. 2%. Oferta do zakupu na własny użytek lub dla inwestora, który może wykończyć apartament i dzięki doskonałej lokalizacji wynajmować go na krótki lub długi termin, względnie odsprzedać go po zakończeniu inwestycji. Apartament posiada status lokalu usługowego, hotelowego, dzięki czemu nie podpada pod reżim ustawy o ochronie praw lokatorów. Nie zwlekaj, zadzwoń. W razie pytań jestem dostępny w każdy dzień tygodnia, również weekendy, od godzin wczesnoporannych do późnowieczornych.",,,aneks,,własność,,52.410185,16.90267
Poznań Podolany,ul. Zakopiańska,2,42,500000,11905.0,bez pośredników,,3,https://adresowo.pl/o/mieszkanie-poznan-podolany-ul-zakopianska-2-pokojowe-r7q8j4,https://s2.adresowa.pl/oi/51/58/3cf936_6351_cover@2x-2-pokojowe-mieszkanie-poznan-podolany-ul-zakopianska.webp,Poznań Podolany,Zakopiańska,parter,2008.0,apartamentowiec,,"Sprzedam mieszkanie. Poznań Podolany, ul. Zakopiańska. 2-pokojowe, 43 m kw. Parter. Dom 5-rodzinny. Teren zamknięty, Parking, ogród. Cena 500 tys.",,,,,,,52.454356,16.879122
Poznań Grunwald,ul. Kotowo,2,63,649000,10302.0,Pośrednik,,15,https://adresowo.pl/o/mieszkanie-poznan-grunwald-ul-kotowo-2-pokojowe-d9u2d9,https://s2.adresowa.pl/oi/2c/6a/2ca0b6_9b73_cover@2x-2-pokojowe-mieszkanie-poznan-grunwald-ul-kotowo.webp,Poznań Grunwald,Kotowo,1,,blok,,"OSIEDLE DOMÓW ENERGOOSZCZĘDNYCH - KOTOWO - 12 bezczynszowych mieszkań w standardzie pasywnym , w zabudowie bliźniaczej , na zamkniętym osiedlu , - każde mieszkanie z ogródkiem o pow. ok 106 m2 , - doskonały dojazd do centrum , - wyjątkowo niski koszty utrzymania - miejsce postojowe w cenie - spacer wirtualny zalety domu pasywnego : - ośmiokrotnie mniejsze ciepło potrzebne do ogrzania domu - gwarancja jakości potwierdzona certyfikatem Polskiego Instytutu Budownictwa Pasywnego i Energii Odnawialnej - uniezależnienie się od ciągle wzrastających cen energii - dom pasywny nawet za 20 lat będzie domem innowacyjnym i nowoczesnym ------------------------------------------------------------------------------------ mieszkanie ( piętro - C2 ) w standardzie pasywnym o pow. 63.21 m , trzy niezależne pokoje a kuchnią w formie aneksu , ogródek 100 m2 miejsce postojowe przed budynkiem w cenie , zamknięte osiedle , cena w promocji : 649 000 zł brutto zapraszamy na prezentację ze specjalistą od domów pasywnych ------------------------------------------------------------------------------------ Opis technologii i standard wykonania mieszkań : FUNDAMENTY - Płyta fundamentowa żelbetowa monolityczna grubości 25 cm. Ciągła izolacja termiczna w postaci płyty z twardych płyt XPS układanych zakładkowo, np. system IZODOM 2000. ŚCIANY ZEWNĘTRZNE - Ściany konstrukcyjne z bloczków silikatowych E18 klasy 15 o grubości 18 cm, murowanych na cienką spoinę klejową, systemową, np. QuickMix. Izolacja termiczna z płyt EPS grafitowych współczynnik przewodnictwa ciepła ? (lambda) 0,032. STROP - Strop nad parterem typu filigran. Grubość stropu wraz z warstwą nadbetonu ? 20 cm. Strop nad piętrem ? drewniany, wykonany z belek systemowych Steico. DACH - Konstrukcja dachu drewniana z systemowych dźwigarów Steico. Pokrycie ? blacha płaska w pasach 51,5 cm, np. Balex, Budmat. SCHODY ZEWNĘTRZNE - Schody zewnętrzne stalowe, zadaszone lekką konstrukcją drewnianą, o stopnicach i spocznikach wykonanych z kraty pomostowej. STOLARKA OKIENNA - Okna z PCV spełniające wymagania dla budownictwa pasywnego o współczynniku przenikania ciepła okna Uw=0,77W/m2*K, okleina drewnopodobna, parapety wewnętrzne PCV, zewnętrzne z blachy stalowej powlekanej, opcjonalnie rolety zewnętrzne. WENTYLACJA MECHANICZNA - Wentylacja mechaniczna nawiewno-wywiewna z odzyskiem ciepła z powietrza wywiewanego. STOLARKA DRZWIOWA - Drzwi zewnętrzne spełniające wymagania dla budownictwa pasywnego. ELEWACJA - Tynk mineralny gr. 10 mm, np. Baumit EdelPutz Special. INSTALACJE WEWNĘTRZNE - Instalacja c.o.: kocioł gazowy kondensacyjny z zamkniętą komorą spalania oraz z zasobnikiem warstwowym o maksymalnej mocy nominalnej 30KW, ogrzewanie podłogowe. Instalacja gazowa: wewnętrzna instalacja gazowa wraz z licznikiem gazu (po podpisaniu umowy z PSG) Instalacja wodno-kanalizacyjna: rozprowadzenie do łazienek i kuchni zgodnie z projektem, zbiornik bezodpływowy na ścieki Instalacje elektryczna: podtynkowa zgodna z wymogami norm branżowych, z licznikiem energii elektrycznej (po podpisaniu umowy z ENEA) Instalacja radiowo-telewizyjna telewizji kablowych Instalacja telefoniczna Instalacja domofonowa ZAGOSPODAROWANIE TERENU - Ogrodzenie całego osiedla 1 miejsce parkingowe dla mieszkania Droga osiedlowa oraz miejsca parkingowe z płyt ażurowych Chodniki z kostki brukowej kontakt : [numer] [email] BON HANDOM - Poznań, ul. Folwarczna 27/III. [www] Oferta nr 126148 znajduje się pod opieką pośrednika z numerem licencji 5072. Powyższy opis ma charakter informacyjny i nie stanowi oferty w rozumieniu przepisów art. 66 § 1. Kodeksu Cywilnego.",,tak,,,,,52.356155,16.856804
Poznań Wilda,ul. 28 Czerwca 1956 r.,2,38,399000,10500.0,Pośrednik,,12,https://adresowo.pl/o/mieszkanie-poznan-wilda-ul-28-czerwca-1956-r-2-pokojowe-v6e5g5,https://s2.adresowa.pl/oi/1b/78/2bb290_7428_cover@2x-2-pokojowe-mieszkanie-poznan-wilda-ul-28-czerwca-1956-r-.webp,Poznań Wilda,28 Czerwca 1956 r.,1,1910.0,kamienica,,"Na sprzedaż 2-pokojowe mieszkanie o pow. 38,07m2, położone na I piętrze w wyremontowanej kamienicy przy ul. 28 czerwca 1956r. - blisko Rynku Wildeckiego. Niezależny układ mieszkania: - Pokój - 14,95m2 - Pokój - 9,05m2 - Kuchnia z oknem - 4,27m2 - Łazienka z WC - 2,01m2 - Korytarz - 7,79m2 Do mieszkania przynależy piwnica o pow. 3,7m2 Standard mieszkania i budynku: - na podłodze w pokojach położone są panele, w korytarzu i łazience i kuchni położone są płytki - instalacja elektryczna wymieniona - instalacja grzewcza miedziana, kaloryfery płytowe - indywidualne ogrzewanie piecem gazowym - okna wymienione na plastikowe (wystawa południowa) - budynek z cegły, ocieplony - w kamienicy wymienione piony wod-kan, nowe instalacje gazowe oraz elektryczne - nowa elewacja - domofon - Internet światłowodowy Orange/Inea Informacje dodatkowe: - Pełna własność z księgą wieczystą - bez obciążeń - Czynsz 300zł (woda, ścieki, śmieci, fundusz remontowy i eksploatacyjny) Cena: - 399 000 zł do negocjacji Lokalizacja: Poznań ul. 28 czerwca 1956 r. narożnik z ul. Krzyżową, blisko Rynek Wildecki, sklepy usługowo-handlowe. Tereny zielone i rekreacyjne. Łęgi Dębińskie, Park JPII, Przystanki tramwajowe i autobusowe. Zapraszam na prezentację!",tak,,osobna,plastikowe,własność,Wyposażenie: internet,52.390998840332,16.920999526978
Poznań Winogrady,os. Kosmonautów,2,38,499000,13132.0,bez pośredników,,16,https://adresowo.pl/o/mieszkanie-poznan-winogrady-os-kosmonautow-2-pokojowe-a7v6a0,https://s2.adresowa.pl/oi/2b/35/3cf1d0_c531_cover@2x-2-pokojowe-mieszkanie-poznan-winogrady-os-kosmonautow.webp,Poznań Winogrady,os. Kosmonautów,parter,1976.0,blok,,"Sprzedam przytulne mieszkanie (38,1 m²) na parterze os. Kosmonautów. Idealne dla kogoś, kto szuka standardu ""premium"" bez konieczności użerania się z ekipami remontowymi. Idealne dla pary, singla, seniora (brak barier architektonicznych) lub jako pewna inwestycja pod wynajem. Dlaczego to mieszkanie? • Standard: Nowe instalacje (elektr. i wod-kan), drewniane podłogi, hiszpańskie płytki w łazience i kuchni. • Pełne wyposażenie: Kuchnia na wymiar z pełnym AGD (zmywarka, pralko-suszarka, indukcja). Wchodzisz i mieszkasz. • Lokalizacja-marzenie: Okna wychodzą na zieleń, a za blokiem rozpościera się tern spacerowy z ławeczkami. Cisza, spokój i zero ""betonozy"". Bezproblemowi sąsiedzi. Układ: Salon (balkon francuski), sypialnia z dużą szafą, oddzielna kuchnia z oknem, łazienka z wanną/prysznicem. Do mieszkania przynależy piwnica. Kupno mieszkania na Osiedlu Kosmonautów to jedna z najbezpieczniejszych decyzji inwestycyjnych i mieszkaniowych w Poznaniu. To miejsce, gdzie modernistyczna urbanistyka spotyka się z dzisiejszą wygodą. Oto dlaczego warto tam zamieszkać: • Zieleń, której nie kupisz u dewelopera: Bloki są ustawione w dużych odstępach, więc nikt nie zagląda Ci w okna. • Logistyka „wszystko pod ręką”: Szkoły, przedszkola, przychodnie i markety (Castorama, Kaufland) są w zasięgu krótkiego spaceru. Nie musisz odpalać auta, by załatwić codzienne sprawy. • Komunikacja idealna: Dzięki bliskości trasy tramwajowej i licznych autobusów, dojazd do ścisłego centrum zajmuje około 10-15 minut. To oszczędność czasu, która w skali roku robi ogromną różnicę. • Potencjał inwestycyjny: Mieszkania na Winogradach są niezwykle chodliwe na rynku najmu. Układ pomieszczeń w tych blokach (często niezależne pokoje i jasne kuchnie) jest idealny zarówno dla rodzin, jak i dla studentów. • Spokój i bezpieczeństwo: Osiedle jest dojrzałe i zadbane przez prężnie działającą spółdzielnię. To nie jest „betonowa pustynia” – tu życie toczy się wolniej, mimo bliskości tętniącego miasta. Cena: 499 000 zł. Czynsz ok. 450 zł (z zaliczkami).",tak,,osobna,,spółdzielcze własnościowe,"Wyposażenie: suszarka, zmywarka",52.436975,16.941438
Poznań Centrum,ul. Ku Cytadeli,2,48,890000,18542.0,bez pośredników,,6,https://adresowo.pl/o/mieszkanie-poznan-centrum-ul-ku-cytadeli-2-pokojowe-b3x8y0,https://s2.adresowa.pl/oi/6f/1c/3cedd8_e323_cover@2x-2-pokojowe-mieszkanie-poznan-centrum-ul-ku-cytadeli.webp,Poznań Centrum,Ku Cytadeli,5,2016.0,apartamentowiec,,"Na sprzedaż jasne, przestronne mieszkanie położone w Poznaniu, niedaleko Parku Cytadela. Mieszkanie dwupokojowe o powierzchni ok. 48,79 m2, zlokalizowane w budynku JAKON przy ul. Ku Cytadeli 2 w Poznaniu, wybudowanym w 2016 roku. Okna skierowane na południowy zachód. Wszystkie okna są typu balkonowego (od podłogi do sufitu) i zamontowane są moskitiery. Budynek zamknięty, monitorowany, chroniony całodobowo, z dobrze utrzymanym, zielonym patio. Mieszkanie bardzo jasne, znajduje się na V piętrze w budynku 6-kondygnacyjnym. Do mieszkania przynależy duży balkon o powierzchni ok. 8 m2, od strony zachodniej. Mieszkanie składa się z: pokoju dziennego ok. 27 m2 z otwartą kuchnią, sypialni ok. 12 m2, korytarza ok. 5 m2, łazienki ok. 4,7 m2. Kuchnia w całości wykonana przez firmę ATLAS Kuchnie: granitowy blat, zmywarka BOSCH, płyta indukcyjna BOSCH, piekarnik BOSCH, lodówka SIMENS. Na podłodze położona jest deska dębowa. Drzwi fornirowane firmy PORTA. Zabudowa szaf firmy KOMANDOR oraz SENATOR. W łazience płytki TUBĄDZIN, pralka SAMSUNG ECO BUBBLE. W mieszkaniu zamontowana jest klimatyzacja z funkcją grzania firmy GREE. Księga Wieczysta bez jakichkolwiek obciążeń. Lokalizacja: ul. Ku Cytadeli 2, nieopodal Starego Rynku i Parku Cytadela. W najbliższym sąsiedztwie znajdują się: przedszkole, szkoła podstawowa, liceum, Uniwersytet im. Adama Mickiewicza w Poznaniu (Wydział Prawa i Administracji), Collegium Da Vinci oraz Wyższa Szkoła Nauk Humanistycznych i Dziennikarstwa. W budynku na parterze sklep Lidl. Cena: 890.000 zł Czynsz administracyjny ok. 900 PLN (przy dwóch osobach zamieszkujących). Są to opłaty za wodę, ścieki, ogrzewanie, ochronę, eksploatację. Możliwość dokupienia miejsca postojowego wyposażonego w ładowarkę do aut elektrycznych wraz z komórką lokatorską, znajdujące się w hali garażowej pod budynkiem, w cenie 70.000 zł. Osobna KW bez obciążeń. Ogłoszenie prywatne właściciela. Zapraszam na prezentacje po wcześniejszym umówieniu się telefonicznym.",tak,tak,aneks,plastikowe,własność,"Wyposażenie: klimatyzacja, lodówka, piekarnik, pralka, zmywarka",52.415628,16.934279
Poznań Wilda,ul. Fabryczna,1,26,450000,17308.0,bez pośredników,,8,https://adresowo.pl/o/mieszkanie-poznan-wilda-ul-fabryczna-1-pokoj-q6v5p4,https://s2.adresowa.pl/oi/10/51/3ced80_ce73_cover@2x-1-pokojowe-mieszkanie-poznan-wilda-ul-fabryczna.webp,Poznań Wilda,Fabryczna,parter,1900.0,kamienica,,"Oferuję na sprzedaż przytulne mieszkanie na parterze w odnowionej kamienicy. Mieszkanie jest w pełni umeblowane i wykończone w wysokim standardzie. Wnętrze charakteryzuje się nowoczesnym stylem skandynawskim oraz jasnymi kolorami. Lokalizacja to idealne miejsce dla osób ceniących sobie bliskość do miejskich atrakcji. W pobliżu znajdują się parki, restauracje oraz sklepy. Transport publiczny jest dobrze rozwinięty, co ułatwia codzienne dojazdy. Nie zwlekaj, zadzwoń i umów się na prezentację.",,,aneks,plastikowe,własność,,52.387825,16.913308
Poznań Zieliniec,ul. Sarnia,4,175,2349000,13423.0,bez pośredników,,20,https://adresowo.pl/o/mieszkanie-poznan-zieliniec-ul-sarnia-4-pokojowe-i3a7l8,https://s2.adresowa.pl/oi/26/3d/3cec9a_cfdb_cover@2x-4-pokojowe-mieszkanie-poznan-zieliniec-ul-sarnia.webp,Poznań Zieliniec,Sarnia,2,2020.0,apartamentowiec,,"✔ penthouse 175 m² ✔ ogród zimowy ✔ ostatnie piętro + prywatność Światło przez cały dzień, cisza i przestrzeń, której nie znajdziesz w standardowych mieszkaniach. Na sprzedaż penthouse klasy premium (175 m²) w prestiżowym kompleksie Młyn nad Cybiną w Poznaniu. 👉 85 m² salonu – otwarta przestrzeń, która robi efekt „wow” 👉 ogród zimowy – całoroczna strefa relaksu 👉 ostatnie piętro – brak sąsiadów nad Tobą Gotowe do zamieszkania – praktycznie nieużytkowane. --- 🔑 DLACZEGO TO JEST INNE NIŻ RESZTA - ogromna strefa dzienna (85 m²) – rzadkość na rynku - prywatność + cisza (kameralna część inwestycji) - duże przeszklenia → naturalne światło przez cały dzień - widok na zieleń i wodę - układ, który daje przestrzeń jak w domu --- 📐 UKŁAD - salon + jadalnia + kuchnia (85 m²) - ogród zimowy (15 m²) - sypialnia główna - pokój / biuro / gościnny - garderoba (możliwość przywrócenia 3. sypialni) - 2 łazienki - pomieszczenie gospodarcze - 2 tarasy / balkony --- 🏡 STANDARD PREMIUM - wykończenie: Porcelanosa, Axor, Kaldewei - kuchnia na wymiar + sprzęt Küppersbusch - ogrzewanie nadmuchowe - Smart Home (Grenton) --- 📍 LOKALIZACJA - prestiżowy kompleks Młyn nad Cybiną - prywatna plaża dla mieszkańców - siłownia w inwestycji - zieleń + woda + cisza - szybki dojazd do centrum --- 💰 CENA 2 349 000 zł - czynsz: ok. 1 850 zł - 2 miejsca w hali – 50 000 zł / miejsce - miejsce zewnętrzne – 25 000 zł --- 👤 DLA KOGO - dla osób, które chcą czegoś więcej niż standardowe mieszkanie - dla tych, którzy szukają przestrzeni, światła i prywatności --- 📞 KONTAKT Sprzedaż bezpośrednia – bez prowizji. Zapraszam do kontaktu i obejrzenia mieszkania. Ogłoszenie ma charakter informacyjny i nie stanowi oferty w rozumieniu KC.",tak,tak,aneks,,własność,,52.407837,17.044804
Poznań Chartowo,ul. Lwa,3,101,1150000,11386.0,bez pośredników,,15,https://adresowo.pl/o/mieszkanie-poznan-chartowo-ul-lwa-3-pokojowe-p7v8u0,https://s2.adresowa.pl/oi/72/3d/3cec96_49a0_cover@2x-3-pokojowe-mieszkanie-poznan-chartowo-ul-lwa.webp,Poznań Chartowo,Lwa,3,2004.0,apartamentowiec,,"✔ 2 poziomy ✔ 2 tarasy ✔ ostatnie piętro Poranna kawa na tarasie, cisza i widok na zieleń – mimo że jesteś kilka minut od centrum. Na sprzedaż dwupoziomowy apartament (ok. 101 m²) położony na ostatnim piętrze kameralnego budynku z windą – Chartowo. 👉 przestrzeń jak w domu 👉 wyraźny podział: strefa dzienna / prywatna 👉 światło przez cały dzień (ekspozycja wschód / zachód / południe) --- 🔑 DLACZEGO WARTO - 2 poziomy = komfort życia i prywatność - 2 duże tarasy (ok. 10 m² każdy) - kominek + jacuzzi - duże przeszklenia i naturalne światło - widok na zieleń (brak zabudowy naprzeciwko) - realny potencjał aranżacyjny --- 📐 UKŁAD Poziom dzienny: - salon z aneksem kuchennym + wyjście na taras - toaleta Poziom prywatny: - 2 niezależne sypialnie - łazienka z jacuzzi - garderoba / pralnia - drugi taras Wyraźny podział stref znacząco podnosi komfort codziennego życia. --- 🏡 BUDYNEK I OTOCZENIE - kameralny apartamentowiec - winda z poziomu hali garażowej - teren ogrodzony i monitorowany - spokojne, zielone otoczenie --- 📍 LOKALIZACJA Chartowo łączy zieleń i wygodę miasta: - szybki dojazd do centrum - tramwaj i komunikacja w kilka minut - Jezioro Maltańskie i tereny rekreacyjne - M1, IKEA, Franowo --- 💰 CENA 1 150 000 zł - czynsz: ok. 1 450 zł - 2 miejsca w hali garażowej – 50 000 zł / miejsce - możliwość korzystania z dodatkowego miejsca zewnętrznego --- 👤 DLA KOGO - dla pary lub rodziny, które chcą więcej przestrzeni i światła - dla osób szukających mieszkania z klimatem lub potencjałem aranżacyjnym --- 📞 KONTAKT Sprzedaż bezpośrednio od właściciela – bez prowizji. Zapraszam do kontaktu i umówienia prezentacji. Ogłoszenie ma charakter informacyjny i nie stanowi oferty w rozumieniu Kodeksu cywilnego.",tak,tak,aneks,plastikowe,własność,,52.393656,16.985673
Poznań Centrum,ul. św. Marcin,2,40,560000,14000.0,bez pośredników,,20,https://adresowo.pl/o/mieszkanie-poznan-centrum-ul-sw-marcin-2-pokojowe-y9d5p6,https://s2.adresowa.pl/oi/51/36/3ce8f4_6c8c_cover@2x-2-pokojowe-mieszkanie-poznan-centrum-ul-sw-marcin.webp,Poznań Centrum,św. Marcin,1,1905.0,kamienica,,"Na sprzedaż mieszkanie 40 m² z balkonem na 1 piętrze w oficynie (nie słychać odgłosów z ulicy). Kamienica jest zabytkowa i znajduje się przy ul. Święty Marcin, w centrum Poznania. To ogłoszenie prywatne, więc pośrednikom dziękujemy. Kamienica jest remontowana z funduszu remontowego wspólnoty. W ostatnich latach odnowiono fasadę i klatki schodowe, wymieniono dach i drzwi frontowe od ulicy. W najbliższych planach przewidziany jest remont prześwitu i podwórza. Apartament - 40 m², gotowy do wprowadzenia: - przedpokój z miejscem na płaszcze i buty - mały pokój (przejściowy) z aneksem kuchennym, stołem z 4 krzesłami, fotelem wypoczynkowym i wyjściem na balkon - łazienka z dużym oknem (wejście przy drzwiach balkonowych z małego pokoju) - duży pokój (z dużym oknem) podzielony na sypialnię z łóżkiem i szafami oraz część wypoczynkową z sofą i telewizorem (20 m²) Ogrzewanie centralne gazowe. Opłaty: - czynsz: ok. 390 zł na 2 osoby - prąd: ok. 60 zł/miesiąc - gaz: ok. 180 zł/miesiąc (w ciągu ostatnich 12 miesięcy najniższy rachunek miesięczny za gaz wyniósł ok. 60 zł, a najwyższy ok. 360 zł). Wszystkie rachunki są uregulowane. Mieszkanie jest bardzo ciepłe. Ma 18 różnych źródeł światła, więc jest wystarczająco doświetlone. Na podłodze w pokojach są zachowane drewniane deski. Dzięki wysokości pomieszczeń sięgającej 3 metrów mieszkanie wydaje się większe. Do mieszkania przynależy mała piwnica - ok. 4 m². Mieszkanie jest w tej chwili umeblowane, ponieważ w nim mieszkamy. Meble i wyposażenie w większości mogą zostać - to kwestia osobnego rozliczenia. Jestem jedynym właścicielem (KW). Od momentu zakupu 10 lat temu mieszkanie jest sukcesywnie remontowane: - wymieniono okna, drzwi wewnętrzne, ogrzewanie, elektrykę, piony wodno-kanalizacyjne - wyremontowano łazienkę - wykonano meble kuchenne na wymiar - odświeżono drewnianą podłogę - ściany i sufit pomalowano farbą satynową w kolorze perłowym. Starałam się nawiązać do stylu kamienicy, stąd drewniana podłoga, elementy jasnej cegły i wkomponowane części ze starego pieca kaflowego. Akcenty kolorystyczne to modne: beż, popiel i zieleń. Święty Marcin jest ulicą, która z pewnością przyciąga wzrok i uwagę. Prestiżowa lokalizacja z doskonałą komunikacją i bliskością Starego Rynku, uczelni, teatrów, restauracji i sklepów. Przed kamienicą znajduje się przystanek tramwajowy. Doskonała inwestycja. Mieszkanie idealnie nadaje się zarówno do zamieszkania, jak i pod wynajem krótkoterminowy lub długoterminowy. Dzięki lokalizacji w centrum miasta, w pobliżu dworca PKP i różnych atrakcji turystycznych, może stanowić stabilne źródło dochodów. Zapraszam do kontaktu, oglądania i zakupu.",tak,,aneks,plastikowe,własność,Wyposażenie: telewizor,52.406871,16.921877
Poznań Rataje,ul. Wagrowska,2,32,499000,15594.0,bez pośredników,,8,https://adresowo.pl/o/mieszkanie-poznan-rataje-ul-wagrowska-2-pokojowe-d7m6u7,https://s2.adresowa.pl/oi/45/3b/3ce4fe_2bac_cover@2x-2-pokojowe-mieszkanie-poznan-rataje-ul-wagrowska.webp,Poznań Rataje,Wagrowska,6,2022.0,apartamentowiec,,"2 pokojowe, kompaktowe mieszkanie z niskim kosztem utrzymania w atrakcyjnej cenie. Cena m2 w tej dzielnicy to 16-16,5 tys/m2 za większe metraże. Ulica Wagrowska. Nowe Miasto. Metraż i koszty utrzymania kawalerki, a 2 pokoje. Mieszkanie wybudowane przez dewelopera oryginalnie jako 2 pokoje. Bez żadnych przeróbek. Czynsz 475 zł. Idealne jako lokata kapitału, pod najem lub na własne potrzeby mieszkaniowe. Najwyższe 6 piętro, nikt nad głową! Optymalny rozkład, mały przedpokój, duże pokoje. Mieszkanie posiada system Smart Home. Do mieszkania przynależy miejsce postojowe naziemne, płatne dodatkowo 29 tys. Sprzedaż bez pośredników, bezpośrednio od właściciela. Brak kosztów agencji pośrednictwa. Jeżeli to Twoje pierwsze mieszkanie, nie zapłacisz też kosztów PCC. Pełne wyposażenie kuchni: płyta indukcyjna, piekarnik, lodówka w zabudowie, zmywarka. W łazience pralka. W salonie kanapa rozkładana, pełnowymiarowa 160x210 cm. W sypialni łóżko 160x200 cm oraz pojemne szafy. We wszystkich oknach plisy. Oferta dotyczy mieszkania z całym wyposażeniem oraz meblami. Opis lokalizacji: Świetnie skomunikowana lokalizacja - szybki dojazd do centrum zarówno tramwajem, jak i samochodem, świetny wyjazd z miasta na autostradę A2 lub drogę S5 i S11, ładowarki do samochodów elektrycznych na terenie osiedla. Blisko inwestycji biegną 2 trasy tramwajowe, w tym jedna nowa, oddana w zeszłym roku. Wygodny dojazd samochodem przez Rondo Starołęka. Bezpieczny dojazd rowerem do centrum lub do Galerii Handlowych. Trasy rowerowe biegną od samej inwestycji do różnych części miasta - na Wildę, do Centrum, do Ronda Śródka (i dalej), na Żegrze, do Galerii Posnania oraz Jeziora Malta itp. Jest to jedna z najlepszych inwestycji deweloperskich w przypadku zakupu mieszkania na wynajem. Pośrednikom dziękuję. Nie jestem zainteresowany współpracą.",,tak,aneks,,spółdzielcze własnościowe,"Wyposażenie: lodówka, piekarnik, pralka, zmywarka",52.378252,16.947715
Poznań,os. Przyjaźni,3,53,700000,13208.0,bez pośredników,,8,https://adresowo.pl/o/mieszkanie-poznan-os-przyjazni-3-pokojowe-j3l6p0,https://s2.adresowa.pl/oi/4c/6f/3ce1c2_a14b_cover@2x-3-pokojowe-mieszkanie-poznan-os-przyjazni.webp,Poznań ,os. Przyjaźni,parter,,blok,,"Sprzedam! Funkcjonalne 3 pokoje mieszkanie na PARTERZE | Osobne WC + Piwnica | Poznań Na sprzedaż przestronne i bardzo praktyczne mieszkanie 3-pokojowe w Poznaniu. Idealna propozycja dla osób starszych, rodzin z dziećmi lub jako inwestycja na wynajem (brak schodów to ogromny atut!). Najważniejsze cechy mieszkania: - Parter: Wygodny dostęp, idealny dla osób ceniących mobilność. - Układ pomieszczeń: 3 niezależne pokoje, które dają dużą swobodę aranżacji. - Łazienka i WC: Oddzielna toaleta - koniec z kolejkami podczas porannych przygotowań! - Przechowywanie: Do mieszkania przynależy sucha piwnica, idealna na rowery, opony czy przetwory. Lokalizacja: Mieszkanie znajduje się w Poznaniu, na Osiedlu Przyjaźni 18. W pobliżu pełna infrastruktura: sklepy, szkoły, przedszkola. Świetne połączenie z centrum. Bliskość terenów zielonych. Informacje techniczne: - Powierzchnia: 53 m². - Stan prawny: Spółdzielcze własnościowe z Księgą Wieczystą. - Ogrzewanie: Miejskie (ciepłe i bezobsługowe). Cena: 700000 zł To mieszkanie łączy w sobie wygodę parteru z bardzo praktycznym układem. Zapraszam do kontaktu i obejrzenia na żywo! Kontakt: Rafał Michalak Pośrednikom dziękuję.",tak,,,,spółdzielcze własnościowe,,52.431195,16.921038
Poznań Stare Miasto,os. Powstańców Warszawy,3,63,600000,9524.0,bez pośredników,,6,https://adresowo.pl/o/mieszkanie-poznan-stare-miasto-os-powstancow-warszawy-3-pokojowe-n5g2a8,https://s2.adresowa.pl/oi/72/4c/3ce0da_9b1a_cover@2x-3-pokojowe-mieszkanie-poznan-stare-miasto-os-powstancow-warszawy.webp,Poznań Stare Miasto,os. Powstańców Warszawy,4,2010.0,blok,,"Oferuję na sprzedaż przestronne 63 - metrowe mieszkanie w czteropiętrowym bloku z lat osiemdziesiątych na 4 piętrze położone w dzielnicy Stare Miasto, osiedle Powstańców Warszawy. Nieruchomość składa się z: - dużego salonu z wyjściem na balkon, - dwóch sypialni, które zapewniają komfort i prywatność, - łazienki oraz osobnego WC, - kuchni, - przestronnego korytarza z możliwością zabudowy, Lokal posiada piwnicę. Mieszkanie obecnie jest wynajmowane. Na życzenie kupującego lokal może zostać opróżniony z wszystkich mebli i AGD. Mieszkanie znajduje się w świetnej lokalizacji, blisko dwóch, dużych centrów handlowych, przystanku „Pestki” oraz licznych przystanków autobusowych. Dobre połączenia komunikacyjne z resztą miasta. Forma własności: pełna własność, KW bez obciążeń. Czynsz administracyjny: ok. 1100 zł. Zapraszam do kontaktu i obejrzenia mieszkania na żywo! Nie jesteśmy zainteresowani współpracą z biurami nieruchomości ani pośrednikami. Prosimy o uszanowanie tej decyzji.",tak,,osobna,,własność,,52.434564,16.916431
Poznań Warszawskie,ul. Krańcowa,3,48,599000,12479.0,bez pośredników,,18,https://adresowo.pl/o/mieszkanie-poznan-warszawskie-ul-krancowa-3-pokojowe-l0i7h8,https://s2.adresowa.pl/oi/6c/54/3cdf5e_5808_cover@2x-3-pokojowe-mieszkanie-poznan-warszawskie-ul-krancowa.webp,Poznań Warszawskie,Krańcowa,2,1970.0,blok,,"Szukasz mieszkania gotowego do zamieszkania? Mieszkanie o powierzchni 48,8 m² znajduje się na 2 piętrze w bloku z windą. Posiada 3 niezależne pokoje, balkon oraz komórkę lokatorską. Powierzchnia pomieszczeń: Salon - 15 m2 Sypialnia z garderobą - 10,2 m2 Kuchnia - 6,3 m2 Pokój - 7,2 m2 Łazienka - 3 m2 Komunikacja - 5,1 m2 Przedsionek - 2 m2 Mieszkanie położone jest w dzielnicy Nowe Miasto, blisko szkół, przedszkoli i punktów usługowych. W pobliżu znajdują się sklepy spożywcze, centrum handlowe Posnania, place zabaw i boiska. 10 min pieszo do Term Maltańskich oraz jeziora maltańskiego. Idealna lokalizacja dla osób ceniących spokój i bliskość terenów zielonych. Dojazd do centrum Poznania jest szybki i dogodny dzięki bliskości komunikacji miejskiej (dojazd do centrum w 15 min). Darmowy parking pod blokiem - brak strefy płatnego parkowania. Ogrzewanie miejskie zapewni komfort przez cały rok przy niskich kosztach. Zapraszam do kontaktu.",tak,,osobna,,własność,,52.411733,16.978822
Poznań Winogrady,os. Wichrowe Wzgórze,4,64,529000,8266.0,bez pośredników,,18,https://adresowo.pl/o/mieszkanie-poznan-winogrady-os-wichrowe-wzgorze-4-pokojowe-x2i4o7,https://s2.adresowa.pl/oi/5f/72/3cc7a2_309f_cover@2x-4-pokojowe-mieszkanie-poznan-winogrady-os-wichrowe-wzgorze.webp,Poznań Winogrady,os. Wichrowe Wzgórze,2,,blok,,"Bezpośrednio od właściciela – brak prowizji! Na sprzedaż mieszkanie o powierzchni 64,9 m², położone przy ul. Wichrowe Wzgórze 29 w Poznaniu, na 2. piętrze czteropiętrowego budynku. Lokal o funkcjonalnym układzie, do mieszkania przynależy balkon o powierzchni ok. 1,5 m² oraz piwnica. Stan prawny: spółdzielcze własnościowe prawo do lokalu z księgą wieczystą ZAPRASZAMY RÓWNIEŻ KLIENTÓW KREDYTOWYCH W skład nieruchomości wchodzą: – Cztery pokoje – Oddzielna kuchnia – Łazienka – Osobne WC – Korytarz – Balkon ok. 1,5 m² – Piwnica Atuty nieruchomości: – 2. piętro w budynku 4-piętrowym – Ogrzewanie i ciepła woda z sieci miejskiej – Balkon – Oddzielna kuchnia – Osobne WC – Przynależna piwnica – Budynek ocieplony – Funkcjonalny układ pomieszczeń Lokalizacja: Mieszkanie znajduje się przy ul. Wichrowe Wzgórze w Poznaniu, w bardzo dobrze skomunikowanej i rozwiniętej części miasta. Około 10 minut autem do centrum Poznania. Blisko szkoły, przychodnie, kino oraz galerie handlowe, plac zabaw i liczne tereny zielone. W pobliżu przystanki tramwajowe i autobusowe - Umultowska, Połabska. To mieszkanie stanowi atrakcyjną propozycję dla osób poszukujących przestronnego lokalu z czterema pokojami w świetnej lokalizacji, zarówno do własnych potrzeb mieszkaniowych, jak i pod inwestycję. Zapraszam do kontaktu i umówienia się na prezentację! Oferta prywatna – pośrednikom dziękujemy. Ogłoszenie nie stanowi oferty w rozumieniu Kodeksu cywilnego.",tak,,osobna,,spółdzielcze własnościowe,,52.43885,16.93449
Poznań Stare Miasto,ul. Gnieźnieńska,2,47,525000,11170.0,bez pośredników,,6,https://adresowo.pl/o/mieszkanie-poznan-stare-miasto-ul-gnieznienska-2-pokojowe-v2q5k6,https://s2.adresowa.pl/oi/39/28/3cc4d2_839e_cover@2x-2-pokojowe-mieszkanie-poznan-stare-miasto-ul-gnieznienska.webp,Poznań Stare Miasto,Gnieźnieńska,parter,2010.0,blok,,"Na sprzedaż 2-pokojowe mieszkanie z dużym tarasem - Poznań, ul. Gnieźnieńska (osiedle zamknięte) Na sprzedaż funkcjonalne mieszkanie o powierzchni 47 m² z dużym, prywatnym tarasem 16 m², położone na parterze w bloku z 2010 roku, na zamkniętym i bezpiecznym osiedlu przy ul. Gnieźnieńskiej w Poznaniu. Układ mieszkania: • salon z aneksem kuchennym • sypialnia • łazienka • schowek / garderoba ok. 2 m² • przestronny taras 16 m² Mieszkanie posiada bardzo praktyczny rozkład - część dzienna oddzielona od sypialni, a duży taras daje możliwość stworzenia prywatnej strefy wypoczynku lub ogródka. Stan mieszkania: Lokal do odnowy, co daje nowemu właścicielowi możliwość aranżacji wnętrza według własnego gustu i potrzeb. Dodatkowe informacje: • blok z 2010 roku • czynsz ok. 800 zł • osiedle zamknięte - większe bezpieczeństwo i komfort • parter - idealne rozwiązanie dla rodzin z dziećmi, osób starszych lub właścicieli zwierząt • garaż oraz miejsce postojowe w hali garażowej Lokalizacja - ul. Gnieźnieńska, Poznań Spokojna, dobrze skomunikowana okolica z szybkim dojazdem do centrum. W pobliżu sklepy, komunikacja miejska, tereny zielone i pełna infrastruktura. Mieszkanie idealne zarówno do zamieszkania, jak i jako inwestycja pod wynajem. Więcej informacji tel.",,tak,aneks,,,,52.431161,17.014236
Poznań Grunwald,ul. Jana Ostroroga,5,168,1990000,11845.0,bez pośredników,,1,https://adresowo.pl/o/mieszkanie-poznan-grunwald-ul-jana-ostroroga-5-pokojowe-x0z4k0,https://s2.adresowa.pl/oi/5c/67/3cc10e_3af3_cover@2x-5-pokojowe-mieszkanie-poznan-grunwald-ul-jana-ostroroga.webp,Poznań Grunwald,Jana Ostroroga,1,1936.0,blok,,"Na sprzedaż wyjątkowe mieszkanie na pierwszym piętrze o powierzchni 168 m² z dwoma piwnicami o powierzani 45m2 i osobno stojącym garażem. położone na pierwszym piętrze zabytkowej secesyjnej willi z 1936 roku na poznańskim Starym Grunwaldzie, przy ul. Ostroroga. Mieszkanie do remontu. Nieruchomość znajduje się w klimatycznej, historycznej willi otoczonej zielenią. To idealna propozycja dla osób ceniących przestrzeń, architekturę z charakterem oraz prestiżową lokalizację blisko centrum miasta. Układ mieszkania: • 5 przestronnych pokoi • oddzielna kuchnia • łazienka Dodatkowe atuty : • garaż • ogród do użytku ok. 385m² • dwie piwnice 45 m² Stary Grunwald to jedna z najbardziej cenionych dzielnic Poznania – doskonała komunikacja z centrum miasta, bliskość parków, szkół, sklepów i restauracji. Cena: 1 990 000 zł Zapraszam do kontaktu i obejrzenia tej wyjątkowej nieruchomości.",tak,tak,osobna,drewniane,,,52.402258,16.881294
Poznań Podolany,ul. Szarych Szeregów,5,53,439000,8283.0,bez pośredników,,14,https://adresowo.pl/o/mieszkanie-poznan-podolany-ul-szarych-szeregow-5-pokojowe-w1n6o2,https://s2.adresowa.pl/oi/4c/52/3cc0be_3489_cover@2x-5-pokojowe-mieszkanie-poznan-podolany-ul-szarych-szeregow.webp,Poznań Podolany,Szarych Szeregów,parter,1968.0,blok,,"Na sprzedaż gotowiec inwestycyjny z bardzo atrakcyjną stopą zwrotu - 11% ROI. Nieruchomość znajduje się w spokojnej, zielonej części Poznania - dzielnica Podolany, ul. Szarych Szeregów. Informacje o nieruchomości: - Powierzchnia: 53,19 m² - Liczba pokoi: 5 niezależnych sypialni - Łazienki: 2 - Piętro: parter - Stan techniczny: po generalnym remoncie - gotowe do wynajmu. Inwestycja z gwarantowanym dochodem: - Obecnie częściowo wynajęte (umowy najmu z najemcami do wglądu) - Dochód pasywny od pierwszego dnia po zakupie - Stały, miesięczny przychód - idealna opcja dla inwestora szukającego bezobsługowej nieruchomości - ROI: 11% rocznie - jedno z najlepszych zwrotów na rynku poznańskim w tej klasie nieruchomości - Dodatkowo ogródek przypisany do mieszkania Lokalizacja: - Podolany - spokojna, bezpieczna okolica z bardzo dobrą komunikacją - Blisko przystanki autobusowe i stacja kolejowa - Dobry dojazd do centrum, Kampusu Morasko, biurowców oraz stref przemysłowych - W okolicy sklepy, piekarnie, punkty usługowe i tereny zielone Dodatkowe informacje: - Nieruchomość gotowa do przejęcia od zaraz - Niski czynsz administracyjny - Brak konieczności dodatkowych inwestycji - wszystko w standardzie ""pod klucz""",tak,,osobna,,,,52.460971,16.88357
Poznań Jeżyce,ul. Klemensa Janickiego,1,31,428800,13832.0,bez pośredników,,12,https://adresowo.pl/o/mieszkanie-poznan-jezyce-ul-klemensa-janickiego-1-pokoj-v1n9d2,https://s2.adresowa.pl/oi/48/64/3cb394_b2b5_cover@2x-1-pokojowe-mieszkanie-poznan-jezyce-ul-klemensa-janickiego.webp,Poznań Jeżyce,Klemensa Janickiego,2,2026.0,apartamentowiec,,"Studio 31 m² od właściciela, z balkonem+okno panoramiczne/ Sprzedam swoje studio – Jeżyce, Wieża Jeżycka, Nowy kompleks mieszkaniowy. Jestem właścicielem, sprzedaż na warunkach cesji, bez prowizji. 31 m², mieszkanie na 2 piętrze, w sumie 6. Bardzo dobry rozkład pomieszczeń. Jasne mieszkanie: balkon + dodatkowo panoramiczne okno. Okna na ciche podwórze, bez hałasu z ulicy. Biedronka – 5 min pieszo, przystanek tramwajowy i autobusowy – 3 min. Cena 428 000 zl. Wpłacono już 20% ceny – pozostałe 80% płatne 30.08.2026. Nie trzeba całej kwoty od razu, możliwość wygodnej płatności w ratach do sierpnia. Oddanie inwestycji – wrzesień 2026. T. (WhatsApp, Telegram) Leszyk Możliwość rat do sierpnia.",,,,,własność,,52.405679,16.931277
Poznań Piątkowo,os. Bolesława Chrobrego,3,63,760000,12063.0,bez pośredników,,12,https://adresowo.pl/o/mieszkanie-poznan-piatkowo-os-boleslawa-chrobrego-3-pokojowe-h5i4k3,https://s2.adresowa.pl/oi/43/32/3cacea_2aa1_cover@2x-3-pokojowe-mieszkanie-poznan-piatkowo-os-boleslawa-chrobrego.webp,Poznań Piątkowo,os. Bolesława Chrobrego,1,1991.0,blok,,"Na sprzedaż wyjątkowe 3 pokojowe mieszkanie w sercu Poznania - 63,1 m2 Szukasz idealnego miejsca dla rodziny lub doskonałej inwestycji pod wynajem? To mieszkanie łączy w sobie spokój, przestrzeń i najlepszą komunikację w mieście! Idealny układ: 3 niezależne pokoje, które dają prywatność każdemu domownikowi Komfort codzienności: Osobna, jasna kuchnia oraz oddzielna łazienka i osobna toaleta Metraż - przestronne 63,1 m2 w niskim bloku Lokalizacja, którą pokochasz Kilka kroków do przystanku tramwajowego i autobusowego Edukacja - Bliskość poznańskich uczelni, szkół, przedszkoli i żłobków Zdrowie - w pobliżu przychodnia z pełnym zakresem lekarzy specjalistów W zasięgu krótkiego spaceru piękny park - idealny na spacery z dziećmi lub poranny jogging",tak,,osobna,drewniane,własność,,52.449347,16.91409
Poznań Dębiec,ul. Łozowa,2,29,398000,13724.0,bez pośredników,,8,https://adresowo.pl/o/mieszkanie-poznan-debiec-ul-lozowa-2-pokojowe-k0l7e7,https://s2.adresowa.pl/oi/48/71/3ca80e_8b43_cover@2x-2-pokojowe-mieszkanie-poznan-debiec-ul-lozowa.webp,Poznań Dębiec,Łozowa,6,,blok,,"Najważniejsze informacje: - Piętro: 6 z 12 - Ogrzewanie miejskie (centralne) - Do mieszkania przynależy piwnica - Ciepłe i jasne mieszkanie - Spokojni sąsiedzi - Dobra komunikacja z centrum - W pobliżu sklepy, szkoły i punkty usługowe Opis nieruchomości: Mieszkanie zlokalizowane przy ul. Łozowej 34 w Poznaniu, w spokojnej i zielonej części dzielnicy Dębiec. Lokalizacja zapewnia dobrą komunikację z centrum miasta - w pobliżu znajdują się przystanki autobusowe oraz pętla tramwajowa, co umożliwia szybki dojazd do innych części Poznania. W okolicy dostępna jest pełna infrastruktura: sklepy spożywcze, punkty usługowe, szkoły oraz przedszkola. Niedaleko znajdują się również tereny zielone, idealne na spacery i aktywny wypoczynek. Mieszkanie znajduje się na 6. piętrze w 12-piętrowym budynku z dwiema windami. Lokal jest ciepły, jasny i funkcjonalny, ogrzewanie miejskie (centralne) zapewnia komfort w sezonie zimowym. Do mieszkania przynależy także piwnica, która stanowi dodatkową przestrzeń do przechowywania. Dużym atutem są spokojni i kulturalni sąsiedzi oraz zadbany budynek, co zapewnia komfortowe warunki do życia. Zapraszam do kontaktu. W razie potrzeby chętnie prześlę więcej zdjęć oraz udzielę dodatkowych informacji.",tak,,,,,,52.368039,16.908046
Poznań,Junikowo,1,33,379000,11485.0,bez pośredników,,8,https://adresowo.pl/o/mieszkanie-poznan-junikowo-1-pokoj-33-m2-n1k9b9,https://s2.adresowa.pl/oi/71/68/3ca50c_79a3_cover@2x-1-pokojowe-mieszkanie-poznan-junikowo.webp,Poznań Junikowo,,parter,,blok,,Sprzedam mieszkanie własnościowe. Dostępne od zaraz. Częściowo umeblowane. Czynsz: 310 zł. Mieszkanie znajduje się na parterze. Położone w spokojnej okolicy.,,,,,,,52.405679,16.931277
Poznań Grunwald,ul. Ceglana,2,50,720000,14400.0,bez pośredników,,14,https://adresowo.pl/o/mieszkanie-poznan-grunwald-ul-ceglana-2-pokojowe-x9c9m1,https://s2.adresowa.pl/oi/2d/11/3c9ed0_d443_cover@2x-2-pokojowe-mieszkanie-poznan-grunwald-ul-ceglana.webp,Poznań Grunwald,Ceglana,parter,2019.0,apartamentowiec,,"Na sprzedaż funkcjonalne 2-pokojowe mieszkanie o powierzchni 50,05 m², z ogródkiem, zlokalizowane na prestiżowym osiedlu Stara Cegielnia w Poznaniu (dzielnica Grunwald). Osiedle wyróżnia się malowniczym położeniem - w sąsiedztwie stawu, zieleni, placu zabaw oraz terenów spacerowych. Lokalizacja zapewnia również szybki i wygodny dojazd do centrum miasta. Zdjęcia zamieszczone w ogłoszeniu prezentują realny wygląd lokalu. Na powierzchnię 50,05 m² składa się: - salon z aneksem kuchennym 25 m² - sypialnia 12,5 m² - łazienka 5,7 m² - garderoba 2,85 m² - przedpokój 4 m² Dodatkowym atutem są dwa prywatne ogródki o łącznej powierzchni 84 m². Mieszkanie jest utrzymane jest w bardzo dobrym stanie, częściowo umeblowane i gotowe do zamieszkania. Kuchnia w pełni wyposażona w sprzęt AGD (lodówka, płyta indukcyjna, piekarnik, zmywarka). Łazienka z kabiną prysznicową oraz pralką. Zakup dwóch miejsc postojowych w hali garażowej oraz komórki lokatorskiej wyłącznie wraz z mieszkaniem - łączna ich cena wynosi 90 000 zł. Zapraszam do kontaktu i obejrzenia mieszkania na żywo.",tak,,aneks,,własność,"Wyposażenie: lodówka, piekarnik, zmywarka",52.372556,16.861176
Poznań Grunwald,os. Mikołaja Kopernika,4,67,629000,9388.0,bez pośredników,,13,https://adresowo.pl/o/mieszkanie-poznan-grunwald-os-mikolaja-kopernika-4-pokojowe-j8g8e6,https://s2.adresowa.pl/oi/63/5e/3c986c_a16f_cover@2x-4-pokojowe-mieszkanie-poznan-grunwald-os-mikolaja-kopernika.webp,Poznań Grunwald,os. Mikołaja Kopernika,7,,blok,,"OKAZJA - 4 Pokoje na Os. Kopernika + PIWNICA GRATIS! Najważniejsze informacje: - Lokalizacja: Poznań, Grunwald, Os. Kopernika - Metraż: 67m2 - Układ: 4 niezależne pokoje (możliwość wydzielenia 6 pokoi pod inwestycję) - Stan: Mieszkanie jest opróżnione, czyste, gotowe do zmiany aranżacji lub zamieszkania od zaraz - Niski Czynsz: ok. 850 zł - Bezpłatny, duży parking pod blokiem - Świeża, czysta klatka schodowa oraz nowoczesne windy - Dodatkowo Gratis Pomieszczenie w PIWNICY Układ Pomieszczeń: - Salon - Przestronny, z dużym balkonem i pięknym widokiem - Sypialnie - 3 osobne, ustawne pomieszczenia - Kuchnia - oddzielna, przestronna, z oknem - Łazienka i WC - osobne pomieszczenia, ułatwiające funkcjonowanie przy większej liczbie domowników Lokalizacja: - Przedszkole, Szkoła, Plac Zabaw - 5 min. spacerkiem - Supermarket / Restauracje / Usługi - 3 min. spacerkiem - Centrum - 13 min. Samochodem - Autostrada - 10 min. Samochodem W razie dodatkowych pytań, zapraszam do kontaktu telefonicznego. Sprzedaję prywatnie, nie jestem pośrednikiem.",tak,,osobna,,własność,,52.405679,16.931277
Poznań Stare Miasto,ul. Wilczak,2,42,715000,17024.0,bez pośredników,,13,https://adresowo.pl/o/mieszkanie-poznan-stare-miasto-ul-wilczak-2-pokojowe-b5w0b7,https://s2.adresowa.pl/oi/1d/63/3c9724_35fe_cover@2x-2-pokojowe-mieszkanie-poznan-stare-miasto-ul-wilczak.webp,Poznań Stare Miasto,Wilczak,3,2011.0,blok,,"Witam, sprzedam mieszkanie, które składa się z pokoju z aneksem kuchennym, łazienki, korytarza i sypialni, o łącznej powierzchni użytkowej 42,20m2. Mieszkanie znajduje się w komfortowej lokalizacji. W pobliżu znajduje się przystanek autobusowy, wiele sklepów spożywczych, przedszkole i siłownie. Blokowisko jest w pełni chronione wraz z monitoringiem, znajduje się tam również plac zabaw. W cenie oferujemy również miejsce parkingowe w parkingu podziemnym (samego miejsca parkingowego nie sprzedajemy :)).",,,aneks,,własność,,52.430942,16.952111
Poznań Bonin,ul. Turkusowa,3,47,565000,12021.0,bez pośredników,,20,https://adresowo.pl/o/mieszkanie-poznan-bonin-ul-turkusowa-3-pokojowe-k6u8a4,https://s2.adresowa.pl/oi/10/31/3c8f1a_945e_cover@2x-3-pokojowe-mieszkanie-poznan-bonin-ul-turkusowa.webp,Poznań Bonin,Turkusowa,10,1969.0,blok,,"Przedmiotem sprzedaży jest 3 pokojowe mieszkanie z balkonem o powierzchni 47,20 m2, znajdujące się w malowniczej okolicy na Boninie przy ul. Turkusowej. Mieszkanie gotowe do wprowadzenia, nie wymaga nakładów finansowych. Dostępne od 01.08.2026r. Blisko Uniwersytet Przyrodniczy, Park Sołacki i jezioro Rusałka. W niedalekiej odległości przystanki tramwajowe, autobusowe, przedszkole, szkoła, osiedlowe sklepy, piekarnia, warzywniak. Nieruchomość znajduje się na 10 piętrze w 10-piętrowym bloku z windą, który w 2023r. przeszedł termomodernizację. Mieszkanie jest bardzo dobrze doświetlone (okna wychodzą na południe oraz zachód). Składa się z trzech niezależnych pokoi (salon, pokój dziecięcy, sypialnia), niezależnej kuchni oraz łazienki. Mieszkanie jest szczytowe - tylko jedna ze ścian mieszkania graniczy z sąsiadem. Do mieszkania przynależy piwnica. We wszystkich trzech pokojach meble w zabudowie wykonywane przez stolarza, w korytarzu szafa z lustrem oraz szafa w zabudowie na buty (fronty w zabudowach wysokiej jakości - akrylowe). Łazienka w styczniu 2025r. przeszła gruntowny remont (wraz z wymianą instalacji). W kuchni zabudowa meblowa, lodówka, piekarnik, zmywarka. Mieszkanie malowane zmywalnymi farbami ceramicznymi. We wszystkich oknach rolety termiczne odbijające światło. Wymienione ościeżnice i drzwi zewnętrzne oraz wewnętrzne. Status prawny nieruchomości: spółdzielcze własnościowe prawo do lokalu. Księga wieczysta bez obciążeń. CENA: 565 000 zł. Zapraszamy do kontaktu i na prezentację.",tak,,,,spółdzielcze własnościowe,"Wyposażenie: lodówka, piekarnik, zmywarka",52.431085,16.904511
Poznań Starołęka,ul. Żorska,3,64,1080000,16875.0,bez pośredników,,14,https://adresowo.pl/o/mieszkanie-poznan-staroleka-ul-zorska-3-pokojowe-i7s7i6,https://s2.adresowa.pl/oi/76/78/3c7c42_3442_cover@2x-3-pokojowe-mieszkanie-poznan-staroleka-ul-zorska.webp,Poznań Starołęka,Żorska,2,2018.0,apartamentowiec,,"⭐ 3 pokoje | 64 m² | DUŻY TARAS 14 m² | DRUGIE - OSTATNIE PIĘTRO | 2 x GARAŻ | Silva Eco Ville | Poznań Starołęka I BEZ POŚREDNIKÓW Przepiękne komfortowe mieszkanie położone na kameralnym zamkniętym i strzeżonym osiedlu – gotowe do zamieszkania. Na sprzedaż wyjątkowe 3-pokojowe mieszkanie o powierzchni 64 m² z dużym tarasem 14 m², zlokalizowane na kameralnym, prestiżowym osiedlu Silva Eco Ville przy ul. Żorskiej w Poznań. Mieszkanie znajduje się na ostatnim piętrze nowoczesnej willi miejskiej (2018 r.), co zapewnia dużą ilość światła, ciszę oraz prywatność. Na piętrze znajdują się tylko 3 mieszkania, dzięki czemu panuje tu kameralna atmosfera. To idealna propozycja dla pary, rodziny lub osób ceniących spokój, zieleń i wysoki standard życia. 🔑 Najważniejsze atuty nieruchomości ✔ 3 pokoje – funkcjonalny układ ✔ 64 m² powierzchni ✔ duży taras 14 m² – idealny do relaksu ✔ ostatnie piętro – brak sąsiadów nad głową ✔ wysokość pomieszczeń ok. 280 cm ✔ mieszkanie wykończone dla siebie – wysoka jakość ✔ pełne wyposażenie i AGD w cenie ✔ piwnica 5 m² ✔ dodatkowy schowek przed wejściem ✔ 2 miejsca w hali garażowej ✔ ochrona, monitoring, teren zamknięty 🏡 Rozkład pomieszczeń Salon z aneksem kuchennym – 25 m² Sypialnia – 11,12 m² Sypialnia / pokój dziecięcy – 11,25 m² Łazienka – 5,80 m² Przedpokój – 10,83 m² Dodatkowo: ✔ taras – 14 m² ✔ piwnica – 5 m² ✔ schowek przy wejściu Układ mieszkania jest bardzo funkcjonalny i zapewnia komfortową przestrzeń dla rodziny 2+1 lub 2+2. ✨ Standard wykończenia Mieszkanie zostało wykończone z myślą o własnym komforcie. Wnętrze obejmuje: ✔ wysokiej jakości panele i płytki ✔ ogrzewanie podłogowe w łazience z prysznicem ( możliwość zmiany na wannę ) ✔ zabudowę kuchenną z AGD ✔ w pełni umeblowane pomieszczenia Nowoczesna kuchnia w formie aneksu, wyposażona jest w: lodówkę zmywarkę płytę elektryczną piekarnik mikrofalę okap Mieszkanie nie wymaga dodatkowych nakładów finansowych. 🌿 Prestiżowe osiedle z dużą ilością zieleni Osiedle Silva Eco Ville wyróżnia się wyjątkową architekturą i przestrzenią. Do dyspozycji mieszkańców: ✔ tereny zielone i staw ✔ miejsca rekreacyjne i grillowe ✔ ekologiczne place zabaw ✔ stojaki rowerowe ✔ przestrzeń integracyjna (bilard, TV, kuchnia) ✔ ochrona i monitoring ✔ nowoczesna winda 📍 Lokalizacja – Poznań Starołęka Nieruchomość położona jest w spokojnej i zielonej części Poznania, w pobliżu terenów nadwarciańskich. W pobliżu: 🛒 Lidl – ok. 10 min pieszo 🛒 Dino – 3 min samochodem 🛍 ALDI, Rossmann, Biedronka, Pepco – ok. 4 min 🏫 szkoły i przedszkola 🚌 przystanek autobusowy Szybki dojazd do: centrum Poznania A2 S11 M1 CH Posnania 💰 Informacje dodatkowe Cena mieszkania: 1 080 000 zł Dodatkowo: 🚗 2 miejsca w hali garażowej – 60 000 zł w cenie 🛅 Komórka lokatorska - 20 000 w cenie Czynsz administracyjny: ok. 850 zł + prąd Stan prawny: ✔ pełna własność z księgą wieczystą ✔ możliwość zakupu na kredyt hipoteczny ✔ brak obciążeń w księdze wieczystej ⭐ Idealne dla: ✔ pary ✔ rodziny z dzieckiem ✔ osób ceniących ciszę i naturę w każdym wieku ✔ osób szukających gotowego mieszkania w wysokim standardzie 📞 Zapraszam do kontaktu oraz umówienia prezentacji.",tak,tak,aneks,plastikowe,własność,"Wyposażenie: lodówkę, piekarnik, tv, zmywarkę",52.353597,16.929178
Poznań Naramowice,ul. Bielicowa 2L,2,33,499000,15121.0,bez pośredników,,10,https://adresowo.pl/o/mieszkanie-poznan-naramowice-ul-bielicowa-2-pokojowe-p5x7s0,https://s2.adresowa.pl/oi/43/7d/3c749a_e072_cover@2x-2-pokojowe-mieszkanie-poznan-naramowice-ul-bielicowa.webp,Poznań Naramowice,Bielicowa 2L,1,2025.0,blok,,"Na sprzedaż NOWE mieszkanie o powierzchni 33,66 m² w nowym budownictwie. Znajduje się na pierwszym piętrze czteropiętrowego bloku z 2025 roku. Mieszkanie składa się z 2 pokoi i jest w pełni wyposażone. W skład wyposażenia wchodzą: meble, zmywarka, lodówka, kuchenka oraz piekarnik. Dodatkowo do mieszkania przynależy garaż z dwoma miejscami postojowymi w cenie 43 000 złotych (opłaty ok. 100 zł/miesiecznie) oraz winda. Lokalizacja na Naramowicach w Poznaniu zapewnia wygodny dostęp do różnych atrakcji. W pobliżu znajdziesz: parki rekreacyjne restauracje i kawiarnie szkoły i przedszkola przystanki komunikacji publicznej sklepy i centra handlowe Mieszkanie jest dostępne od marca 2026 roku. To idealna okazja dla osób, które szukają nowego miejsca do zamieszkania. Nie czekaj, zadzwoń i umów się na spotkanie.",,tak,aneks,plastikowe,własność,"Wyposażenie: kuchenka, lodówka, piekarnik, zmywarka",52.448647,16.958919
Poznań Ławica,ul. Leśnych Skrzatów,3,68,990000,14559.0,bez pośredników,,26,https://adresowo.pl/o/mieszkanie-poznan-lawica-ul-lesnych-skrzatow-3-pokojowe-l1b0u1,https://s2.adresowa.pl/oi/54/54/3c6a40_9e07_cover@2x-3-pokojowe-mieszkanie-poznan-lawica-ul-lesnych-skrzatow.webp,Poznań Ławica,Leśnych Skrzatów,1,2023.0,apartamentowiec,,"Sprzedam 3 pokojowe, narożne, słoneczne mieszkanie przy lasku Marcelińskim. Cena 990 000 zł. Praktyczne, jasne i przemyślane mieszkanie. Kupowane i wykańczane dla siebie, z dbałością o każdy detal przy u życiu bardzo dobrej jakości materiałów. INDYWIDUALNY PROJEKT - bardzo funkcjonalne i gustowne mieszkanie zaprojektowane przez architekta wnętrz. Projekt obejmował: - układ funkcjonalny - instalacje elektryczne - instalacje sanitarne - zabudowę stolarską łazienek, kuchnii, drzwi i szafy - koncepcje aranżacji wnętrza salonu z aneksem, 2 łazienek i holu Mieszkanie jest wykończone zgodnie z projektem, oprócz : - zabudowy stolarskiej kuchnii, szafy w korytarzu oraz drzwi do drugiej łazienki - drugiej/mniejszej łazienki - mebli ruchomych typu stół, krzesła, szafka rtv, stolik kawowy - montaż żaluzji i zasłony Do obecnego wykończenia użyłem produktów takich jak: -Bateria Omnires -Termostat Grohe -Kabina prysznicowa SANSWISS (obecnie RONAL Bathrooms) z powłoką Aquaperle -Blat z konglomeratu kamiennego TECHNISTONE -Płytki Tubądzin oraz Equipe -Zabudowa stolarska wc oraz szafki pod umywalkę z płyty laminowanej Kronospan -Farby Flugger -Panele Quickstep 12mm a pod nimi wygłuszający podkład także Quickstep -Lampy Nowodvorski -Grzejniki dekoracyjne INSTAL-PROJEKT -Narożnik MP Nidzica -Włączniki, gniazdka Legrand Z przyczyn prywatnych zmuszony jestem sprzedać mieszkanie. Nowemu właścicielowi przekaże pełna dokumentację wykonawczą zawierającą, powyższe projekty oraz listę produktów. To do nabywcy należeć będzie decyzja czy dokańcza mieszkanie zgodnie z projektem czy wprowadza zmiany. Dla zainteresowanych przekaże wykaz materiałów. Materiały i sprzęty wykorzystane do projektu są na gwarancji. MIESZKANIE: - piętro 1/3 - bardzo jasne, ekspozycja okien na południe - dobry rozkład pomieszczeń - ustawne pokoje - ponadczasowy i przytulny design MIESZKANIE 68,05m² w którego skład wchodzą: - salon z aneksem (26,74m²) z dwoma balkonami, ekspozycja okien/balkonów na południe i zachód - pokój (11,57m²), ekspozycja na południe - pokój (10,97m²), ekspozycja na południe - łazienka (4,69m²) zrobiona na gotowo zgodnie z projektem - łazienka (2,96m²) rozprowadzone instalacje/grzejnik dekoracyjny pod projekt, można zrobić z niej garderobę lub pom. gospodarcze - hol (8,22m²) - komórka lokatorska (2,9m²) - w cenie BUDYNEK: - odbiór 2024r. rękojmia dewelopera do 2029r. - 3 piętra - podziemna hala garażowa - winda - wentylacja mechaniczna LOKALIZACJA: - bardzo dobre połączenie z centrum, przystanki autobusowe blisko osiedla - około 300 metrów do lasku marcelińskiego - około 400 metrów do nowo powstałego Ławica Shopping Park (LIDL, PEPCO, ACTION, MAXI ZOO, MEDIA EXPERT, DM, ACTION, MAXIFARM i inne) Do mieszkania przynależy: - 1 miejsce w hali garażowej, - 1 miejsce postojowe przed blokiem, Powyższe przynależności dodatkowo płatne, zakup obligatoryjny. 40 000 zł + 20 000 zł Nota prawna: Informacje dotyczące opisu nieruchomości podane są przez właściciela, mają charakter wyłącznie informacyjny i mogą podlegać aktualizacji. Oferta dotycząca nieruchomości stanowi zaproszenie do rokowań zgodnie z art. 71 Kodeksu Cywilnego i nie stanowi oferty określonej w art. 66 i następnych KC.",tak,tak,aneks,plastikowe,własność,Wyposażenie: tv,52.409596,16.845755
Poznań Naramowice,ul. Sielawy,2,34,509000,14971.0,bez pośredników,,1,https://adresowo.pl/o/mieszkanie-poznan-naramowice-ul-sielawy-2-pokojowe-s7s7q8,https://s2.adresowa.pl/oi/27/59/3c478e_9576_cover@2x-2-pokojowe-mieszkanie-poznan-naramowice-ul-sielawy.webp,Poznań Naramowice,Sielawy,4,2025.0,blok,,"NA sprzedaz mieszkanie 34 m nowe dodatkowym poddaszem (17 m²), położone na 4. piętrze nowego budynku z 2025 roku przy ul. Sielawy, na poznańskich Naramowicach. Lokal znajduje się na kameralnym, zamkniętym osiedlu z dostępem wyłącznie dla mieszkańców. Budynek wyposażony jest w windę oraz posiada miejsca postojowe naziemne – do mieszkania przynależy jedno miejsce w cenie 25 000 zł. Mieszkanie składa się z: salonu z wyjściem na balkon, wyposażonego w sofę, stół z czterema krzesłami oraz szafkę RTV, aneksu kuchennego z pełnym sprzętem AGD: lodówka, piekarnik, okap, sypialni z łóżkiem i pojemną szafą poddasza o powierzchni 17 m²- dodatkowe miejsce do przechowywania ( możliwość zaadoptowania na kolejny pokój łazienki z wanną, WC i pralką. Wnętrze jest w pełni wykończone i umeblowane – na podłogach wysokiej jakości panele, a całość urządzona została z dbałością o komfort i funkcjonalność. Cena: 509 000 zł + zł za miejsce postojowe naziemne. Okolica: Naramowice to jedna z najbardziej dynamicznie rozwijających się dzielnic Poznania – idealna dla osób ceniących spokój, wygodę i bliskość natury. W pobliżu znajdują się liczne sklepy (Lidl, Biedronka), punkty usługowe, restauracje, kawiarnie oraz przedszkola i szkoły. Niedaleko osiedla rozciągają się tereny rekreacyjne nad Wartą oraz malownicze ścieżki spacerowe i rowerowe. Doskonałe połączenie komunikacyjne – autobus oraz nowa trasa tramwajowa Naramowice pozwala w szybki sposób dotrzeć do centrum miasta lub zamienie na wieksze",,,aneks,plastikowe,własność,"Wyposażenie: lodówka, piekarnik, tv",52.446511,16.956143
Poznań Strzeszyn,ul. Literacka,2,54,670000,12407.0,bez pośredników,,4,https://adresowo.pl/o/mieszkanie-poznan-strzeszyn-ul-literacka-2-pokojowe-u1d2t7,https://s2.adresowa.pl/oi/42/17/3c42c6_4b6b_cover@2x-2-pokojowe-mieszkanie-poznan-strzeszyn-ul-literacka.webp,Poznań Strzeszyn,Literacka,2,2016.0,blok,,"Sprzedaż bezpośrednia bez kosztów pośrednika. Zaoszczędzisz 20.000 zł. Niedaleko jezioro Strzeszynek i Rusałka. Okolica spokojna i cicha. Trasy rowerowe. Mieszkanie na drugiej kondygnacji w bloku trzypiętrowym wybudowanym w przez ATANERA. Układ na prześwit strona wschodnio -zachodnia: salon 19 m.kw. sypialnia 14 m.kw , oddzielna kuchnia 9 m.kw. łazienka 6 m.kw. przedpokój 4 m.kw. Do mieszkania przynależy balkon. Mieszkanie jest w pełni wykończone. (Leroy Merlin) i umeblowane ( całość z IKEA). Na podłodze wysokiej klasy panele, w kuchni i przedpokoju i w łazience płytki. Na balkonie płytki mrozoodporne. Ściany szpachlowane i malowane. W cenie zainstalowane wyposażenie kuchni ( meble, kuchenka, zmywarka, pochłaniacz) oraz na wymiar szafa w przedpokoju i szafa w pokoju. Ogrzewanie miejskie. Nie ma gazu. Na parterze bloku znajduje się komórka lokatorska - miejsce na trzymanie rowerów, nart, wózków. Przystanek autobusowy linii [numer] i nocny 246 w odległości 3 minuty drogi. Dojazd do centrum 6 min. Przystanek PKP Poznań Podolany 5 min. Dojazd do Uniwersytetu Przyrodniczego 10 min. Na osiedlu sklepy , apteki, przychodnia lekarska, weterynarz, kościół, zakłady fryzjerskie, przedszkola i żłobki, nowa szkoła podstawowa , PKP. Miejsce wymarzone do zamieszkania z dziećmi lub dla ludzi ceniących spokój i relaks, w bezpiecznej odległości od zgiełku miasta. Sprzedaż bezpośrednia.Tel. [numer]. Słaby aparat do zdjęć dlatego zapraszam do oglądania.",,,osobna,plastikowe,własność,"Wyposażenie: kuchenka, zmywarka",52.450812,16.869303
Poznań Strzeszyn,ul. Augusta Emila Fieldorfa,5,95,1295000,13632.0,bez pośredników,,1,https://adresowo.pl/o/mieszkanie-poznan-strzeszyn-ul-augusta-emila-fieldorfa-5-pokojowe-z8o6c1,https://s2.adresowa.pl/oi/4c/65/3c1b56_9c67_cover@2x-5-pokojowe-mieszkanie-poznan-strzeszyn-ul-augusta-emila-fieldorfa.webp,Poznań Strzeszyn,Augusta Emila Fieldorfa,parter,2021.0,blok,,"Mieszkanie z dużym ogrodem na sprzedaż powierzchnia 95 m², położone na parterze nowoczesnego budynku z windą. Idealne zarówno dla rodziny, jak i na działalność . Komfort oraz bliskość natury i miasta. Mieszkanie składa się : 4 pokoje, salonokuchnia, 2 łazienki, ogród z nasadzeniami szlachetnych roślin , dwie komórki w piwnicy. Apartament powstał z dwóch mniejszych o pow. 28 m² i 67 m², co daje powierzchnię 95 m². Ponieważ w chwili obecnej mieszkania są połączone, to powierzchnia istniejącego obecnie apartamentu wynosi 95 m². Każde z tych mieszkań posiada własne drzwi wejściowe, przy czym jedne z nich aktualnie obudowane są półkami maskującymi wejście. Po małej przebudowie tj postawieniu niewielkiej ścianki istnieją dwa oddzielne niezależne lokale. Apartamenty posiadają oddzielne księgi wieczyste W pobliżu nowe przedszkole i szkoła podstawowa. Lokal może być przeznaczony na działalność edukacyjną. Miejsce postojowe w podziemnej hali garażowej – dodatkowo płatne. Lokalizacja: Mieszkanie znajduje się przy ul. Fieldorfa , zaledwie kilka minut od Jeziora Strzeszyńskiego i Jeziora Rusałka – doskonałych miejsc na spacery, jogging, rower czy weekendowy relaks nad wodą. Pełna infrastruktura w zasięgu ręki: W najbliższej okolicy znajduje się bogata oferta usługowo-handlowa – sklepy, restauracje, piekarnie, szkoły, przedszkola i placówki medyczne. Miejsce jest bardzo bobrze skomunikowane. Oprócz autobusów, w odległości zaledwie 10 minut spaceru znajduje się stacja kolei PKM. Polecam.",tak,tak,aneks,plastikowe,własność,,52.405679,16.931277
Poznań Strzeszyn,ul. Zdzisława Dworzeckiego,2,41,675000,16463.0,bez pośredników,,12,https://adresowo.pl/o/mieszkanie-poznan-strzeszyn-ul-zdzislawa-dworzeckiego-2-pokojowe-f3x5m1,https://s2.adresowa.pl/oi/7b/6e/3bcf7e_34c0_cover@2x-2-pokojowe-mieszkanie-poznan-strzeszyn-ul-zdzislawa-dworzeckiego.webp,Poznań Strzeszyn,Zdzisława Dworzeckiego,parter,2025.0,apartamentowiec,,"Zapraszam na zielony Strzeszyn na ulicę Dworzeckiego w Poznaniu. Polecam ofertę wynajmu 2 - pokojowego, komfortowego mieszkania na parterze z zagospodarowanym ogródkiem w nowym apartamentowcu. Ten dwupiętrowy budynek charakteryzuje się nowoczesną bryłą i wysokiej jakości wykończeniem. Nie sposób zwrócić uwagi na lokalizację jako na jeden z atutów. W bliskiej odległości przystanek autobusowy. Teren wokół bloku jest zadbany, zagospodarowany, zielony, zamknięty i monitorowany. Pod budynkiem znajduje się hala garażowa. Mieszkanie nowocześnie urządzone również we wszystkie niezbędne sprzęty. Do Państwa dyspozycji salon z aneksem kuchennym i sypialnia z łóżkiem małżeńskim. Kuchnia w pełni wyposażona w zmywarkę, lodówkę, płytę indukcyjna, piekarnik elektryczny. W łazience kabina prysznicowa i pralka. Zaletą mieszkania jest możliwość korzystania z prywatnego ogródka, komórki lokatorskiej i miejsca postojowego w hali garażowej. Komórka lokatorska i miejsce postojowe dodatkowo płatne 55.000 zł. W budynku znajduje się wózkarnia i rowerownia. Jeśli chodzi o lokalizację to w bliskiej odległości mamy tereny zielone.",tak,tak,aneks,plastikowe,własność,"Wyposażenie: lodówkę, piekarnik, pralka, zmywarkę",52.442969,16.874263
Poznań Wilda,ul. Dolna Wilda,2,57,499000,8754.0,bez pośredników,,13,https://adresowo.pl/o/mieszkanie-poznan-wilda-ul-dolna-wilda-2-pokojowe-b8o4a2,https://s2.adresowa.pl/oi/13/1a/3bceaa_6ac0_cover@2x-2-pokojowe-mieszkanie-poznan-wilda-ul-dolna-wilda.webp,Poznań Wilda,Dolna Wilda,3,2003.0,blok,,"Ustawne mieszkanie dwupokojowe z dużym balkonem w ścisłym centrum Poznania, położone w centrum przy ul. Dolna Wilda. Mieszkanie w układzie dwupokojowym, Składa się z kuchni otwartej na salon, sypialni, łazienki razem z WC oraz korytarza. Całkowita powierzchnia mieszkania to 57 m2. Kuchnia wyposażona w meble oraz sprzęt AGD Z salonu oraz z sypialni wyjście na duży balkon. Powierzchnie” - salonu 26,5 m2, - kuchni 4,5 m2 - sypialni 15,5 m2 - łazienki 5 m2. Podłogi w korytarzu, salonie oraz sypialni są wykończone panelami podłogowymi, natomiast w łazience są płytki. W łazience jest w wanna, na ścianach glazura. Przewidziane jest również miejsce na pralkę. Mieszkanie niedawno zostało odnowione, wyposażone, gotowe do wprowadzenia. Jest możliwość zakupu wraz z meblami. Piętro 3 w 4 piętrowym budynku z cegły. Bardzo kameralne położenie budynku. Ze względu na usytuowanie okien mieszkanie jest bardzo ciche - nie słychać ulicy. Bliskość komunikacji miejskiej, 3 min do przystanków tramwajowych przy skrzyżowaniu Królowej Jadwigi oraz Dolna Wilda/Półwiejska. W pobliżu AWF, Stary Browar, Ponadto niedaleko znajdują się tereny spacerowe nad Wartą, duży park, w pobliżu basen Chwiałka. Wraz z mieszkaniem można zakupić garaż znajdujący się pod budynkiem. Jest to prawdziwy garaż z bramą wjazdową. Sprzedaż bezpośrednia. Cena 579.000 PLN z garażem 499000 PLN bez garażu",,tak,aneks,plastikowe,własność,Wyposażenie: pralkę,52.376381,16.918998
Poznań Strzeszyn,ul. Johanna Wolfganga Goethego,3,59,850000,14407.0,bez pośredników,,7,https://adresowo.pl/o/mieszkanie-poznan-strzeszyn-ul-johanna-wolfganga-goethego-3-pokojowe-d6o8e2,https://s2.adresowa.pl/oi/1a/4b/3bc8b6_e9fa_cover@2x-3-pokojowe-mieszkanie-poznan-strzeszyn-ul-johanna-wolfganga-goethego.webp,Poznań Strzeszyn,Johanna Wolfganga Goethego,parter,2020.0,blok,,"Nowoczesne mieszkanie z ogródkiem o wielkości 115 m2. Mieszkanie składa się z trzech odrębnych, nieprzechodnich pokoi, odrębnej kuchni, łazienki z wanną, przedpokoju. Do mieszkania przynależy duża murowana komórka lokatorska. Podłogi - płytki oraz panele. Mieszkanie jest obecnie wyposażone. Na ogrodzie znajduje się dodatkowo domek całoroczny. Do mieszkania można dokupić miejsce w hali garażowej. W okolicy dwa jeziora, lasy oraz pełna infrastruktura - sklepy spożywcze, odzieżowe itp. Zapraszam do kontaktu.",tak,tak,osobna,plastikowe,własność,,52.457247,16.860641
Poznań Centrum,ul. Jana Henryka Dąbrowskiego,1,38,590000,15526.0,bez pośredników,,12,https://adresowo.pl/o/mieszkanie-poznan-centrum-ul-jana-henryka-dabrowskiego-1-pokoj-w4d0z5,https://s2.adresowa.pl/oi/77/4f/3bbf3c_965e_cover@2x-1-pokojowe-mieszkanie-poznan-centrum-ul-jana-henryka-dabrowskiego.webp,Poznań Centrum,Jana Henryka Dąbrowskiego,5,2000.0,apartamentowiec,,"Bardzo ciekawa kawalerka na ostatnim 5 piętrze w wyjątkowo ciekawym pięknym budynku w samym sercu Jeżyc z możliwością 2 pokoi, z balkonem, z dużą garderobą i miejscem postojowym w hali garażowej, a oprócz tego parking darmowy dla użytkowników budynku. Lokal położony jest od strony wschodniej i nie zabudowany budynkami z zewnątrz. Piękny przestrzenny jest widok. Okna nowe, trzyszybowe, podłoga nowa, meble kuchenne i wszystkie nowe . Mieszkanie ciche, ciepłe i bezpieczne. Dwie windy i dostęp z mieszkania do dwóch klatek schodowych. Monitoring i ochrona. Cena mieszkania: 590 000 zł plus miejsce postojowe w hali garażowej 40 000 zł.",,tak,,,własność,,52.425677,16.860445
Poznań Piątkowo,os. Stefana Batorego,4,74,699000,9446.0,bez pośredników,,11,https://adresowo.pl/o/mieszkanie-poznan-piatkowo-os-stefana-batorego-4-pokojowe-q7c8c9,https://s2.adresowa.pl/oi/29/50/3b9c34_4b73_cover@2x-4-pokojowe-mieszkanie-poznan-piatkowo-os-stefana-batorego.webp,Poznań Piątkowo,os. Stefana Batorego,4,1986.0,blok,,"apraszam na prezentację wyjątkowej nieruchomości, położonej przy os. Stefana Batorego Mieszkanie jest sprzedawane PO REMONCIE !!! Gotowe do wprowadzenia lub na wynajem. Doskonała lokalizacja: cisza i spokój, a blisko przystanek tramwajowy, autobusowy, sklepy, oraz tereny spacerowe, kampus Morasko, basen, żłobek, przedszkole i szkoła. Przed blokiem liczne bezpłatne miejsca parkingowe, w pobliżu parking strzeżony. Umeblowane mieszkanie położone na 4/4piętro. Bardzo mili sąsiedzi, szeroka klatka schodowa, niskie schody Powierzchnia mieszkania: 74 m2: - sypialnia, powierzchnia: 12,4 m2 - sypialnia 12m2 - sypialnia 9m2, - duży salon z balkonem typu Loggia, pow. 25 m2 - łazienka osobna z wc, prysznicem i umywalką oraz druga łazienka z wc i umywalką, - bardzo duży korytarz: z miejscem na dużą szafę (obecnie zabudowa szafkami), 3 pawlacze Mieszkanie jest umeblowane w stałe zabudowy i wyposażone w sprzęt AGD: lodówka, piekarnik, kuchenka gazowa ( gaz ryczałt). W łazienkach meble łazienkowe. Do mieszkania przynależy piwnica Mieszkanie dostępne od zaraz. Przedstawiona oferta ma charakter informacyjny, nie stanowi oferty handlowej w rozumieniu Art.66 par.1 Kodeksu Cywilnego Na sprzedaż mieszkanie 4-pokojowe o powierzchni 74 m² 4 piętro w 4-piętrowym bloku bez windy z 1986 roku Poznań, Piątkowo, os. Stefana Batorego Balkon, piwnica, osobna kuchnia Mieszkanie w bardzo dobrym stanie, okna plastikowe Spółdzielcze własnościowe z księgą wieczystą Wyposażenie: lodówka, kuchenka, piekarnik, zmywarka Oferta dodana bezpośrednio przez właściciela ponad miesiąc temu i zaktualizowana dzisiaj Świadectwo Energetyczne",tak,,osobna,plastikowe,spółdzielcze własnościowe,"Wyposażenie: kuchenka, lodówka, piekarnik, zmywarka",52.457141,16.92434
Poznań Morasko,ul. Romana Drewsa,4,92,920000,10000.0,bez pośredników,,10,https://adresowo.pl/o/mieszkanie-poznan-morasko-ul-romana-drewsa-4-pokojowe-j1p8d7,https://s2.adresowa.pl/oi/7a/4e/3b1414_6a1a_cover@2x-4-pokojowe-mieszkanie-poznan-morasko-ul-romana-drewsa.webp,Poznań Morasko,Romana Drewsa,2,1993.0,blok,,"Sprzedam bezpośrednio mieszkanie 4-pokojowe położone w przepięknym otoczeniu lasu na osiedlu Różany Potok. Mieszkanie o powierzchni 92,8m2 składa się z 3 sypialni o powierzchni: 15,64m2, 11,4m2, 10,69m2, dużego salonu 30,21m2, kuchni, łazienki oraz wc. Z salonu wyjście na loggie o pow 6m2. Mieszkanie o bardzo funkcjonalnym układzie, idealne dla rodzin z dziećmi. Do mieszkania przynależy piwnica o powierzchni 9m2. W najbliższym otoczeniu, sklepy, apteka, poczta, basen, przedszkole, szkoła i żłobek oraz komunikacja miejska. Cicha i spokojna okolica zaledwie 250m do lasu. Serdecznie polecam.",tak,,osobna,plastikowe,spółdzielcze własnościowe,,52.466565,16.937677
Poznań Podolany,ul. Janiny Omańkowskiej,5,118,1099000,9314.0,bez pośredników,,10,https://adresowo.pl/o/mieszkanie-poznan-podolany-ul-janiny-omankowskiej-5-pokojowe-d0b7m7,https://s2.adresowa.pl/oi/63/11/3b12d8_aa4d_cover@2x-5-pokojowe-mieszkanie-poznan-podolany-ul-janiny-omankowskiej.webp,Poznań Podolany,Janiny Omańkowskiej,parter,2009.0,apartamentowiec,,"Sprzedam segment szeregowca położony na poznańskich Podolanach. Mieszkanie znajduje się na zamkniętym osiedlu przy ulicy Omańkowskiej. Powierzchnia użytkowa wynosi 118m2, natomiast powierzchnia całkowita to około 135 m2. Na trzech poziomach znajdują się 4 sypialnie, dwie łazienki, toaleta, kuchnia, jadalnia, pokój dzienny oraz pomieszczenie gospodarcze. Dodatkowo wydzielono strych o pow. około 20 m2. Ponadto przed posesją znajduje się parking na samochód, a z pokoju dziennego jest wyjście na zagospodarowany ogródek. Wszystkie okna (również dachowe) zostały wyposażone w zewnętrzne rolety. Segment posiada dodatkowe ogrodzenie, zarówno od frontu nieruchomości, jak i od strony ogrodu. Sprzedaż bezpośrednia, bez udziału pośredników. Kontakt telefoniczny po godz. 17:00.",,,osobna,plastikowe,własność,,52.45402,16.893536
Poznań Piątkowo,os. Stefana Batorego,3,63,559000,8873.0,bez pośredników,,12,https://adresowo.pl/o/mieszkanie-poznan-piatkowo-os-stefana-batorego-3-pokojowe-c7u4n3,https://s2.adresowa.pl/oi/74/6e/3b1288_9308_cover@2x-3-pokojowe-mieszkanie-poznan-piatkowo-os-stefana-batorego.webp,Poznań Piątkowo,os. Stefana Batorego,4,1989.0,blok,,"Na sprzedaż przestronne i funkcjonalne mieszkanie o powierzchni 63,1m2 na poznańskim osiedlu Stefana Batorego. Składa się z 3 niezależnych pokoi o wymiarach: - salon (2) z wyjściem na loggie: 22,3m2 ; - sypialnia (1) 9,5m2, - sypialnia (3) 11,5 m2 , oraz - kuchnia 6,6m2, - łazienka i osobne WC, - przestronny przedpokój. Do mieszkania przynależy piwnica. Mieszkanie znajduje się na 4 piętrze w niskim bloku z 1989 roku. Budynek po termomodernizacji (2023). Wystawa okienna północ, południe. Bardzo dobra lokalizacja: - przystanek PST ok 200m ( linia nr 16, 12, 14, 15), - przystanek autobusowy ( m.in. [numer], [numer]). Pod blokiem duży bezpłatny parking. Mieszkanie do odświeżenia lub remontu, zadbane, zamieszkałe przez jedną tylko rodzinę od początku. Na podłogach płytki w łazience i kuchni oraz PCV w pozostałych pomieszczeniach. Instalacja elektryczna miedziana. W oknach rolety zaciemniające. Balkon świeżo po remoncie. Okna plastikowe, wymienione kilka lat temu. Mieszkanie spółdzielczo – własnościowe bez KW. Księgę wieczystą wyrobimy na nowego właściciela. Opłaty miesięczne: Czynsz do administracji ok 850zl w tym zaliczka na ogrzewanie, wodę i śmieci. Gaz, prąd wg zużycia co 2 miesiące. Okolica bardzo spokojna, dużo zieleni, 600m do lasu. W pobliżu przystanek PST (200m) sklepy, szkoła, place zabaw, boiska, kościół, przychodnia, niedaleko Kampus UAM. Sprzedaż bezpośrednio od właściciela, bez prowizji.",tak,tak,osobna,plastikowe,spółdzielcze własnościowe,,52.459301,16.91907
Poznań Grunwald,ul. Brzask,2,50,540000,10800.0,bez pośredników,,11,https://adresowo.pl/o/mieszkanie-poznan-grunwald-ul-brzask-2-pokojowe-w1i2r2,https://s2.adresowa.pl/oi/1f/4a/3ae974_9230_cover@2x-2-pokojowe-mieszkanie-poznan-grunwald-ul-brzask.webp,Poznań Grunwald,Brzask,2,1968.0,blok,,"Sprzedam przestronne i funkcjonalne mieszkanie o powierzchni około 50 metrów kwadratowych, położone na drugim piętrze zadbanego budynku przy ul. Brzask w Poznaniu (dzielnica Grunwald) w spokojnej i dobrze skomunikowanej części miasta. Duża liczba okien z każdej z trzech stron mieszkania oraz przemyślany układ pomieszczeń zapewniają poczucie przestrzeni i komfortu. Mieszkanie jest umeblowane, co daje możliwość natychmiastowego zamieszkania. Lokal nie wymaga dodatkowych nakładów finansowych. W okolicy znajduje się pełne zaplecze usługowo-handlowe, sklepy, placówki edukacyjne, apteki oraz tereny rekreacyjne w odległości spacerowej, a także dogodne połączenia komunikacyjne (przystanek autobusowy w pobliżu budynku). Lokalizacja posiada dogodną komunikacje z centrum miasta. Opis mieszkania - powierzchnia: 50,71 m2 - mieszkanie w pełni wyposażone i umeblowane - 2 niezależne pokoje (salon + sypialnia) - funkcjonalna łazienka z prysznicem - przedpokój z zabudową - piwnica - 2 piętro - bezpłatne miejsca parkingowe dostępne przy budynku Cena XXXX (do rozsądnej negocjacji. Czynsz administracyjny około 500 zł + media wg zużycia. Nieruchomość dostępna od zaraz, mieszkanie nie jest zamieszkane. Sprzedaż bezpośrednio, bez pośredników.",tak,,osobna,plastikowe,własność,,52.407111,16.876968
Poznań Jeżyce,ul. Polna,3,65,650000,10000.0,bez pośredników,,8,https://adresowo.pl/o/mieszkanie-poznan-jezyce-ul-polna-3-pokojowe-w1o4j7,https://s2.adresowa.pl/oi/57/5a/3a71a6_8cfc_cover@2x-3-pokojowe-mieszkanie-poznan-jezyce-ul-polna.webp,Poznań Jeżyce,Polna,parter,1920.0,kamienica,,"Na sprzedaż mieszkanie 3 pokojowe na parterze w kamienicy (Jeżyce ul.Polna).Teren zamknięty z bramą na pilota i miejscem postojowym W CENIE! Budynek wybudowany z cegły, klatka schodowa po remoncie. Ogrzewanie gazowe. Do mieszkania należą 2 piwnice. KW bez obciążeń. Sprzedaż bezpośrednia - Pośrednikom dziękuję!",tak,tak,osobna,plastikowe,własność,,52.409802,16.894629
Poznań Ławica,ul. Barwicka,3,66,829000,12561.0,bez pośredników,,12,https://adresowo.pl/o/mieszkanie-poznan-lawica-ul-barwicka-3-pokojowe-o9t3k3,https://s2.adresowa.pl/oi/79/6f/3a3238_d1b7_cover@2x-3-pokojowe-mieszkanie-poznan-lawica-ul-barwicka.webp,Poznań Ławica,Barwicka,1,2014.0,blok,,"Na sprzedaż jasne i przestronne mieszkanie trzypokojowe o powierzchni 66,3m². Znajduje się ono na pierwszym piętrze kameralnego bloku na Osiedlu Bajkowym w otoczeniu terenów zielonych. Mieszkanie jest gotowe do wprowadzenia. Wyposażone we wszystkie nowoczesne urządzenia oraz meble robione na wymiar. - Jasny salon z aneksem kuchennym (27,5 m²) i wyjściem na balkon z widokiem na tereny zielone (5,2 m²) - Dwie przestronne sypialnie (13,1 m² i 11,3 m²) - Łazienka z prysznicem i dużą szafą (6,6 m²) - Przestronny hol z zabudową 7,8 m² Ekspozycja okien północ (sypialnie) - południe (salon) Dodatkowe udogodnienia: - klimatyzacja - zamknięty teren osiedla - monitoring części wspólnych - niski blok - 2 piętra - na dziedzińcu znajdują się miejsca do parkowania rowerów - w kameralnej sześciolokalowej klatce na parterze znajduje się zamykana wózkarnia - komórka lokatorska (dodatkowo płatna) - dwa miejsca postojowe w hali garażowej (dodatkowo płatne) Mieszkanie położone jest 700 m spacerem do Lasku Marcelińskiego. Lokalizacja zapewnia łatwy dostęp do sklepów, aptek placówek edukacyjnych i zdrowotnych, restauracji i kawiarni. - Biedronka 100 m - Ławica Shopping Park 1,5 km, King Cross Marcelin 2,5 km - Apteka 200 m - Poczta 300 m - Przychodnia 300 m - Szkoła 700 m - Przystanek autobusowy 300 m (linie [numer], 729) - Lotnisko 900 m Powyższy opis ma charakter informacyjny i nie stanowi oferty w rozumieniu przepisów Kodeksu Cywilnego. Pośrednikom i agencjom nieruchomości - dziękuję! Nie zwlekaj! Skontaktuj się i umów się na prezentację mieszkania.",tak,tak,aneks,plastikowe,własność,Wyposażenie: klimatyzacja,52.410535,16.831607
Poznań Malta,ul. Milczańska,2,62,795000,12823.0,bez pośredników,,9,https://adresowo.pl/o/mieszkanie-poznan-malta-ul-milczanska-2-pokojowe-k7i8q6,https://s2.adresowa.pl/oi/4d/6f/39b030_d8aa_cover@2x-2-pokojowe-mieszkanie-poznan-malta-ul-milczanska.webp,Poznań Malta,Milczańska,5,2013.0,apartamentowiec,,"Dzień dobry, mam do sprzedania mieszkanie o powierzchni 62,27m2 położone w budynku przy ulicy Milczańskiej 1 (os. Polanka) w Poznaniu. Mieszkanie usytuowane jest na 5 piętrze (w budynku jest winda), składa się z dwóch przestronnych; niezależnych pokoi ( 18m2 i 20m2), kuchni, łazienki, przedpokoju, garderoby oraz dużego balkonu. Mieszkanie o wysokości apartamentowej powyżej 2,50 m. Mieszkanie w pełni umeblowane. W mieszkaniu znajdują się 3 indywidualne miejsca do spania, w tym: 2 kanapy 2 osobowe i narożnik 2 osobowy. Jest możliwość dokupienia miejsca w hali garażowej. Lokal położony jest w dogodnej lokalizacji (10 minut pieszo od centrum) dodatkowo przystanek tramwajowy znajduję się tuż przy budynku, w bliskiej odległości znajduje się Biedronka, Galeria Posnania, Galeria Malta, jezioro Malta z terenami rekreacyjnymi, Politechnika Poznańska. Na osiedlu liczne lokale handlowo-usługowe, przedszkole. Mieszkanie gotowe do zamieszkania, dostępne od zaraz. Pośrednikom bardzo dziękuję za współpracę.",,tak,,,,,52.395775,16.962833
Poznań Grunwald,ul. Poranek,3,48,520000,10833.0,bez pośredników,,11,https://adresowo.pl/o/mieszkanie-poznan-grunwald-ul-poranek-3-pokojowe-s6k9r8,https://s2.adresowa.pl/oi/43/32/398632_3096_cover@2x-3-pokojowe-mieszkanie-poznan-grunwald-ul-poranek.webp,Poznań Grunwald,Poranek,2,1970.0,blok,,"SUPER OKAZJA!! Oferujemy bez pośredników funkcjonalne 3-pokojowe mieszkanie na Grunwaldzie w Poznaniu. Jest ono ciepłe i słoneczne, położone w cichej i spokojnej okolicy. W pobliżu tereny spacerowo - rekreacyjne i dużo zieleni. Jednocześnie jest bardzo blisko do bogatej sieci handlowo-usługowej z dogodnym dostępem do komunikacji miejskiej. Bliskie położenie przychodni, szkół i przedszkoli. Idealne dla rodzin z dziećmi oraz osób ceniących sobie spokój i komfort. Lokal znajduje sie w zadbanym budynku wielorodzinnym na 2 piętrze . Mieszkanie po generalnym remoncie , wymieniona instalacja elektryczna, wodno-kanalizacyjna , ściany - gładź gipsowa, podłogi - panele , łazienka -płytki i nowa armatura sanitarna, nowe okna . Do mieszkania przynależy piwnica. Kontakt telefoniczny po godzinie 17:00.",tak,,,,własność,,52.405624,16.874038
Poznań Rataje,os. Bohaterów II Wojny Światowej,3,47,492000,10468.0,bez pośredników,,16,https://adresowo.pl/o/mieszkanie-poznan-rataje-os-bohaterow-ii-wojny-swiatowej-3-pokojowe-o7h9s2,https://s2.adresowa.pl/oi/73/57/38eb50_c481_cover@2x-3-pokojowe-mieszkanie-poznan-rataje-os-bohaterow-ii-wojny-swiatowej.webp,Poznań Rataje,os. Bohaterów II Wojny Światowej,4,1973.0,blok,,"Mieszkanie na sprzedaż Poznań Rataje dzielnica Nowe Miasto Powierzchnia 47,2 m2 3 pokoje największy 15,45 m2 układ niezależny na planie prostokąta. Jasne, słoneczne, okna kuchni i średniego pokoju wychodzą na wschód, dużego i małego pokoju na zachód. Duża loggia ok 5 m2. Niski blok najwyższe 4 piętro, dużo zieleni pod oknami zwłaszcza od zachodu, cicha i spokojna okolica, sąsiedzi od lat ci sami bez skłonności do imprezowania i hałasowania. Dostępne od zaraz. Stan do remontu ale można też wejść i zamieszkać a remontować później. Mieszkanie umeblowane.",,,osobna,plastikowe,własność,,52.381971,16.951115
Poznań Łazarz,ul. Antoniego Małeckiego,4,133,1335300,10040.0,bez pośredników,,2,https://adresowo.pl/o/mieszkanie-poznan-lazarz-ul-antoniego-maleckiego-4-pokojowe-t3b7b3,https://s2.adresowa.pl/oi/59/5e/38ceaa_6793_cover@2x-4-pokojowe-mieszkanie-poznan-lazarz-ul-antoniego-maleckiego.webp,Poznań Łazarz,Antoniego Małeckiego,3,1900.0,kamienica,,"Witam. Na sprzedaż mieszkanie na trzecim piętrze, które jest w trakcie remontu. Mieszkanie ma 4 okna od frontu gdzie od rana naświetla wnętrze światło słoneczne (wschód) z dużym balkonem oraz 5 okien od podwórza (zachód). Jeden pokój przechodni w którym pozostał jeszcze czynny piec kaflowy ( w zimowe dni może dodawać uroku największemu pomieszczeniu w mieszkaniu gdzie w moich planach zlokalizowana będzie kuchnia z dużą jadalnią). Wysokość pomieszczeń przekraczającej 3 metry co daje poczucie przestrzeni. Mieszkanie jest obecnie w remoncie z uwagi, że wcześniej mieszkały tutaj dwie rodziny i były wydzielone dwie małe łazienki oraz kuchnie. Wymieniana jest instalacja: (elektryczna, wodno-kanalizacyjna, częściowo skuty tynk celem odsłonięcia i wyeksponowania pełnej cegły, montowane centralne ogrzewanie z nowymi grzejnikami. Kupiona jest nowa stolarka okienna która wymaga jeszcze montażu. Drzwi wewnątrz lokalowe będą odrestaurowane ( usunięta farba olejna i później lakierowane lakierem bezbarwnym). W pomieszczeniach zachowały się drewniane podłogi z prawdziwego drewna, które w planach będą wycyklinowane i lakierowane. Mieszkanie idealnie nadaje się na cele inwestycyjne (krótko lub długo terminowy wynajem). Jest też możliwość podziału dużych pomieszczeń obecnie 24m2 i 28m2 na 4 mniejsze ponieważ oba pokoje od frontu posiadają dwa osobne okna. Dwie piwnice każda około 4,5m2 z osobnym wejściem z korytarza piwnicznego. Z uwagi na brak możliwości parkingu na dziedzińcu znajduje się wiata śmietnikowa, zieleń oraz stojaki na rowery, możliwy postój na ulicy, która w ubiegłych latach została wyremontowana (nowa nawierzchnia oraz chodniki z zielenią). W okolicy znajdują się również parkingi strzeżone, lub garaże podziemne na terenie których można wykupić abonament na indywidualne miejsce parkingowe. Na ostatnim piętrze wspólna suszarnia/strych. Resztę informacji zainteresowanym osobą udzielę telefonicznie lub na spotkaniu podczas oględzin. Klatki schodowe świeżo po remoncie. Jest też w planie remont elewacji wraz z ociepleniem oraz remont balkonów i dostosowanie wyglądem do sąsiedniej bliźniaczej kamienicy. Pozdrawiam serdecznie i zapraszam do kontaktu. Sprzedaż od jednego właściciela osoby fizycznej. Stan prawny uregulowany( odrębna własność z księgą wieczystą. Mieszkanie wolne od zaraz. Niski czynsz do wspólnoty. Koszty eksploatacyjne : 2.50zł oraz Fundusz remontowy od grudnia 2024 wynosi 4zł. Co daje w sumie około 846zł miesięcznie opłat do wspólnoty. Podatek od nieruchomości rocznie to koszt 213zł. Bardzo wygodna lokalizacja, bliskość linii tramwajowych i autobusowej przy ul. Głogowskiej ( 3 min drogi pieszo). W pobliżu Park Wilsona (240m), Palmiarnia (700m),Park Kasprowicza (1,2km), Dworzec Zachodni (600m), Galeria Avenida (800m), tereny Miedzy Narodowych Targów Poznańskich (550m), Paczkomat (100m), Poczta Główna w Poznaniu czynna 24 godziny 7 dni w tygodniu (500m). Sklep Netto (80m), Biedronka (350m) oraz inne liczne sklepy z różnym asortymentem (miesne, obuwnicze, lombardy, żabki itp.) Liczne miejsca spacerowo - rekreacyjne, restauracje, kawiarnie, szkoły, przedszkola, przychodnie zdrowia Dla zainteresowanych zakupem istnieje możliwość dokończenia remontu według własnego Państwa gustu/zapotrzebowania. Cena po całkowitym zakończeniu remontu ulegnie zmianie.",tak,,osobna,drewniane,własność,,52.398312,16.905394
Poznań Nowe Miasto,ul. Głuszyna,4,64,677000,10578.0,bez pośredników,,6,https://adresowo.pl/o/mieszkanie-poznan-nowe-miasto-ul-gluszyna-4-pokojowe-k8s9q3,https://s2.adresowa.pl/oi/36/75/38169e_283c_cover@2x-4-pokojowe-mieszkanie-poznan-nowe-miasto-ul-gluszyna.webp,Poznań Nowe Miasto,Głuszyna,3,1975.0,blok,,"Sprzedam 64 m mieszkanie z 4 pokojami i z jasną kuchnią do zamieszkania bez pośredników.W pobliżu biedronka,przystanek autobusowy,szkoła przedszkole.Bezpieczna okolica.",tak,,osobna,plastikowe,własność,,52.405998,16.931
Poznań Centrum,ul. Ułańska,3,85,1200000,14118.0,bez pośredników,,20,https://adresowo.pl/o/mieszkanie-poznan-centrum-ul-ulanska-3-pokojowe-s7c9u3,https://s2.adresowa.pl/oi/51/39/376da4_467a_cover@2x-3-pokojowe-mieszkanie-poznan-centrum-ul-ulanska.webp,Poznań Centrum,Ułańska,1,2010.0,blok,,"Na sprzedaż bardzo ładny i przestronny apartament w samym sercu Poznania, gotowy do zamieszkania! Apartament znajduje się na osiedlu chronionym, z pięknie zadbaną zielenią, miejscem do spacerów oraz placem zabaw dla dzieci. Jest to bardzo atrakcyjna lokalizacja, w sąsiedztwie City Parku i całą jego infrastrukturą. To jeden z najbardziej rozpoznawalnych i charakterystycznych adresów na mapie całego Poznania. Na terenie City Parku znajduje się ponad 16 czołowych punktów gastronomicznych, wiele sklepów, Lux Med, a także wszelkie niezbędne punkty usługowe. Vis-à-vis apartamentu znajdziemy m.in. niepowtarzalne Parlé Pâtisserie, a z okna dostrzeżemy TU.RESTAURANT (MICHELIN Guide) oraz Międzynarodowe Targi Poznańskie. Lokalizacja zapewnia bardzo dobry dojazd do centrum, Dworca Kolejowego/Autobusowego oraz głównych arterii miasta. Obiekt objęty jest całodobową ochroną z portiernią i monitoringiem, a do lokalu (w cenie apartamentu!) przynależą dwa miejsca postojowe w hali garażowej budynku. Lokal znajduje się na 1. piętrze budynku w kompleksie mieszkalnym przy ulicy Ułańskiej, a wyróżnia się na tle pozostałych znajdujących się w budynku lokali jego unikalnym usytuowaniem, trójstronną ekspozycją okienną salonu, dużym metrażem oraz widokiem na zieloną, pięknie zagospodarowaną, cichą alejkę. Apartament jest po generalnym remoncie, wykonanym w wysokim standardzie. Do wykończenia wnętrza użyto materiałów najwyższej jakości. Dodatkowo zostały wymienione wszystkie okna, podłogi, grzejniki oraz drzwi wewnętrzne. Nowa kuchnia pod zabudowę, wyposażona w sprzęt AGD oraz funkcjonalne szafy i szuflady. W pełni zagospodarowana łazienka, z prysznicem, wanną i dużym lustrem. W sypialni numer 1: ogromna szafa pod zabudowę z licznymi półkami oraz wyjściem na balkon. W sypialni numer 2: ściana sypialna z oryginalną tapetą, z oknem dwuskrzydłowym. Wizytówką tego apartamentu jest bardzo duży, przestronny salon połączony wyspą z kuchnią. W lokalu znajduje się też dodatkowe pomieszczenie, które może być przeznaczone na garderobę lub mini gabinet. Układ funkcjonalny zaprojektowano indywidualnie, w sposób maksymalnie wykorzystujący przestrzeń lokalu oraz zapewniający najwyższy komfort jego użytkowania. Mieszkanie o powierzchni 88.4 m2 składa się z: - salonu z kuchnią i jadalnią, - dwóch oryginalnych korytarzy, - dwóch sypialni, - łazienki z wanną i prysznicem, - garderoby / mini gabinetu. Mieszkanie dostępne od zaraz! Nie pobieramy prowizji kupujących! Stan prawny: pełna własność z księgą wieczystą, bez obciążeń. Więcej informacji udzielę telefonicznie.",,,,,własność,,52.403,16.895
Poznań Centrum,ul. Głogowska,1,36,420000,11667.0,bez pośredników,,10,https://adresowo.pl/o/mieszkanie-poznan-centrum-ul-glogowska-1-pokoj-i8l8h8,https://s2.adresowa.pl/oi/13/4a/375c1a_41b0_cover@2x-1-pokojowe-mieszkanie-poznan-centrum-ul-glogowska.webp,Poznań Centrum,Głogowska,5,1970.0,blok,,"Mieszkanie komfortowe, ciche, jasne, zlokalizowane na 5. Piętrze, bez windy przy ul. Głogowskiej 91, Łazarz, Grunwald w Poznaniu. Mieszkanie o funkcjonalnym układzie: 1. Przestronny salon, wyposażenie: kanapa, dwa fotele, szafka na TV, stolik kawowy, stół rozkładany, cztery krzesła, komoda, duża szafa. 2. Oddzielna kuchnia z oknem, wyposażenie: lodówka, szafki, kuchenka na gaz. 3. Łazienka z oknem, wyposażenie: wanna, umywalka, pralka. 4. Przedpokój, wyposażenie: szafa, szafka na buty, lustro. 5. Balkon z widokiem na podwórko. Do mieszkania przynależy również komórka lokatorska. Dostępna suszarnia tuż obok mieszkania. Wejście na podwórze zabezpieczone jest bramką z kodem dostępu. Pod blokiem w podwórzu znajduje się parking dla mieszkańców. Parking zamykany bramą sterowaną pilotem. W pobliżu: ⦁ przystanki tramwajowe tuż pod budynkiem, ⦁ punkty handlowo-usługowe, ⦁ Rynek Łazarski – 2 minuty spacerem, ⦁ Park Wilsona – 5 minut pieszo, ⦁ Międzynarodowe Targi Poznańskie oraz Dworzec Główny – 10 minut pieszo, ⦁ Szybki dojazd do autostrady A2. Mieszkanie jest w pełni umeblowane i gotowe do wprowadzenia się. Duże okna w salonie, kuchni i łazience sprawiają, że wnętrze jest jasne i przestrzenne. W cenie zawarte są wszystkie sprzęty i meble znajdujące się w mieszkaniu. Niski czynsz: 500 PLN miesięcznie. Dostępny film prezentujący mieszkanie do wysłania korespondencją mailową. Mieszkanie dostępne od zaraz, proszę tylko zdecydowane oferty. Nie jestem zainteresowana współpracą z pośrednikami, proszę dzwonić wyłącznie jeżeli reprezentują Państwo kupującego, który zamierza nabyć mieszkanie.",tak,,osobna,plastikowe,spółdzielcze własnościowe,"Wyposażenie: kuchenka, lodówka, pralka, tv",52.375999,16.872
Poznań Centrum,ul. Łąkowa,5,137,1625000,11861.0,bez pośredników,,6,https://adresowo.pl/o/mieszkanie-poznan-centrum-ul-lakowa-5-pokojowe-i4a2e7,https://s2.adresowa.pl/oi/2e/53/3755e4_49fe_cover@2x-5-pokojowe-mieszkanie-poznan-centrum-ul-lakowa.webp,Poznań Centrum,Łąkowa,parter,,kamienica,,"Sprzedaż bezpośrednia, bez pośredników. Gotowiec inwestycyjny. Sprzedam mieszkanie 137,06 m2 podzielone na 5 dużych kawalerek na ul. Łąkowej. 1) 27 m2 2) 24 m2 3) 30 m2 4) 29 m2 5) 22 m2 Każda posiada aneks kuchenny oraz własną łazienkę. Aktualny dochód: 10 500 zł. Bardzo dobra lokalizacja (centrum miasta, 5 min od Starego Rynku). Mieszkanie znajduje się na bardzo wysokim parterze. Prężnie działająca wspólnota. W planach renowacja przedniej elewacji. Elewacja z tyłu kamienicy ocieplona i otynkowana. Wszystkie okna są plastikowe (włącznie z oknami na klatce schodowej). Kamienica znajduje się na narożniku ul. Łąkowej/Strzeleckiej. Jest możliwość wzięcia kredytu hipotecznego. Zapraszam do oglądania.",,,aneks,plastikowe,własność,,52.401000976562,16.930999755859
Poznań Wilda,ul. Józefa Wybickiego,1,35,410500,11729.0,bez pośredników,,15,https://adresowo.pl/o/mieszkanie-poznan-wilda-ul-jozefa-wybickiego-1-pokoj-d3r4z4,https://s2.adresowa.pl/oi/58/44/372a66_ffb4_cover@2x-1-pokojowe-mieszkanie-poznan-wilda-ul-jozefa-wybickiego.webp,Poznań Wilda,Józefa Wybickiego,2,1961.0,blok,,"Zapraszam do zapoznania się z ofertą sprzedaży 1-pokojowego mieszkania o powierzchni 35,6 m2. Mieszkanie sprzedawane bezpośrednio przez właściciela. Nieruchomość zlokalizowana jest na 2 piętrze. Blok ocieplony i zadbany. Niedawno remontowane były klatki schodowe (w ramach remontu wymieniano instalację elektryczną). Piony techniczne w klatce i mieszkaniu wymienione. Blok znajduje się w bardzo dobrej lokalizacji. W pobliżu znajdują się liczne sklepy (Lidl, Biedronka, Dealz, Pepco, Rossmann), piekarnie, szkoły, przedszkola, żłobek oraz kilka przychodni i szpital. Mieszkanie znajduje się zaledwie 300 metrów od przystanku tramwajowego Kosińskiego i Rynek Wildecki oraz 20 min pieszo od dworca Poznań Główny. Dodatkowo atutem mieszkania jest położenie w pobliżu poznańskich uczelni. Najważniejsze informacje dotyczące mieszkania: - Stan prawny – spółdzielcze własnościowe bez obciążeń z możliwością założenia KW. Certyfikat energetyczny w trakcie załatwiania. - Powierzchnia całkowita 35,6 m2, niezależny układ pomieszczeń. - Mieszkanie odmalowane w 2020 roku; w pokoju na podłodze parkiet; w kuchni, łazience oraz w korytarzu płytki. - Jasny, przestronny i ustawny pokój 20,7 m2 z wystawą okien na południe (wyjście na balkon). - Jasna kuchnia (8,1 m2) (lodówka oraz maszynka gazowa z piekarnikiem). - Łazienka (3,79 m2) wyposażona w prysznic, toaletę i umywalkę oraz pralkę. - Korytarz (3,07 m2) z bardzo pojemną szafa typu komandor, z którego są są wejścia do pokoju, kuchni i łazienki. Do mieszkania przynależy dodatkowo piwnica (4,66 m2) Okna plastikowe. Sąsiedztwo spokojne i ciche. Po ustaleniach z Gospodarzem Domu można parkować na podwórku (w zależności od dostępności miejsc). Idealne do mieszkania jak i na wynajem. Zapraszam do kontaktu oraz na prezentację. Cena do negocjacji. Opłaty do spółdzielni około 650 PLN Dostępne najpóźniej od X.2025 Agentów ds. Nieruchomości w sprawie pośrednictwa informuje o nie płaceniu prowizji.",tak,,,plastikowe,spółdzielcze własnościowe,"Wyposażenie: lodówka, piekarnik, pralkę",52.405998,16.931
Poznań Stare Miasto,ul. Bukowska,3,46,480000,10435.0,bez pośredników,,8,https://adresowo.pl/o/mieszkanie-poznan-stare-miasto-ul-bukowska-3-pokojowe-u5k8r9,https://s2.adresowa.pl/oi/2f/56/371340_ddb5_cover@2x-3-pokojowe-mieszkanie-poznan-stare-miasto-ul-bukowska.webp,Poznań Stare Miasto,Bukowska,3,2010.0,blok,,"Okazja! Bardzo ustawne, ciepłe i słoneczne mieszkanie z balkonem w doskonałej lokalizacji na ul. Bukowskiej z dwiema osobnymi sypialniami, salonem, z wydzieloną kuchnią - jest możliwość, aby oddzielić ją od salonu drzwiami - oraz z łazienką. Przy wejściu korytarz z szafą z przesuwnymi drzwiami. Mieszkanie posiada okna od strony południa i północy, co pozwala na jego skuteczne przewietrzanie w upały. Jest częściowo wyremontowane oraz wyposażone jak na zdjęciach. Przynależy do niego piwnica ok. 5 m², sucha i przestronna. Powierzchnia 46,22 m². Piętro III - wymieniono właśnie instalację elektryczną w całym bloku oraz odświeżane są klatki schodowe. Forma własności - spółdzielczo-własnościowe prawo do lokalu (Spółdzielnia Grunwald) - jest możliwe założenie księgi wieczystej. Bardzo dobra komunikacja, zaledwie 200 m od bloku, a także pełen dostęp do licznych sklepów, restauracji, aptek, paczkomatu oraz CH King Cross w bardzo bliskiej odległości. Cena do rozsądnej negocjacji. Biura Nieruchomości zapraszamy z własnym klientem.",tak,,,,spółdzielcze własnościowe,,52.414001,16.823
Poznań Jeżyce,ul. św. Wawrzyńca,2,39,490000,12564.0,bez pośredników,,3,https://adresowo.pl/o/mieszkanie-poznan-jezyce-ul-sw-wawrzynca-2-pokojowe-o0x9t8,https://s2.adresowa.pl/oi/2c/5d/36a73c_95a9_cover@2x-2-pokojowe-mieszkanie-poznan-jezyce-ul-sw-wawrzynca.webp,Poznań Jeżyce,św. Wawrzyńca,4,2001.0,blok,,"Na sprzedaż funkcjonalne mieszkanie o powierzchni 39,6 m², zlokalizowane na 4. piętrze w budynku z windą i całodobową ochroną na osiedlu „Bamberski Dwór” w sercu Jeżyc. Szczegóły nieruchomości: \t•\tPowierzchnia mieszkania: 39,6 m² \t•\tDodatkowo: piwnica \t•\tLiczba pokoi: 2 \t•\tPiętro: 4 z 4 \t•\tBudynek z windą i ochroną \t•\tMieszkanie jednostronne, dobrze doświetlone okna na zachód Lokal wymaga odświeżenia – łazienka do zrobienia. Świetnie skomunikowana część Jeżyc - blisko przystanki tramwajowe/autobusowe, sklepy, restauracje, szkoły i tereny zielone. Zaledwie kilka minut spacerem do Parku Sołackiego i Rynku Jeżyckiego. Zapraszam do kontaktu.",tak,,aneks,drewniane,własność,,52.416999816895,16.905000686646
Poznań Rataje,os. Stare Żegrze,3,64,595000,9297.0,bez pośredników,,8,https://adresowo.pl/o/mieszkanie-poznan-rataje-os-stare-zegrze-3-pokojowe-z5f1y7,https://s2.adresowa.pl/oi/38/79/36a126_71f4_cover@2x-3-pokojowe-mieszkanie-poznan-rataje-os-stare-zegrze.webp,Poznań Rataje,os. Stare Żegrze,11,1990.0,blok,,"Mieszkanie z dużym potencjałem, znajduje się na os.Stare Żegrze, na 11 piętrze. Jest dwustronne,bardzo dobrze doświetlone,duży salon z wyjściem na loggię,2 osobne sypialnie,oddzielna kuchnia z oknem,łazienka i osobno wc,bardzo duży korytarz.",tak,,osobna,,spółdzielcze własnościowe,,52.382,16.965
Poznań Naramowice,os. Władysława Łokietka,4,60,670000,11167.0,bez pośredników,,20,https://adresowo.pl/o/mieszkanie-poznan-naramowice-os-wladyslawa-lokietka-4-pokojowe-b2n8q9,https://s2.adresowa.pl/oi/76/6a/3696e0_4e9b_cover@2x-4-pokojowe-mieszkanie-poznan-naramowice-os-wladyslawa-lokietka.webp,Poznań Naramowice,os. Władysława Łokietka,1,1990.0,blok,,"Korzystnie położone mieszkanie, dobrze skomunikowane na os. Łokietka w Poznaniu. Blisko Uniwersytetu, szybki dojazd tramwajem do centrum. Kilka linii autobusowych. Mieszkanie aktualnie posiada 4 pokoje, przerobione z 3. Można łatwo przywrócić poprzedni układ. Nowe okna. Sprzedawane jest umeblowane, pralka, lodówka, wyposażona kuchnia, balkon, układ wschód-zachód. Część mebli jest nowa. Cena do uzgodnienia. 793.82.43-47. Na oglądanie umawiam się tylko telefonicznie. Zdjęcia są nowe, więc przedstawiają aktualny wygląd . .mieszkania.kontakt [numer]",tak,tak,osobna,drewniane,własność,"Wyposażenie: lodówka, pralka",52.451999664307,16.940999984741
Poznań Wilda,ul. Robocza,2,46,469000,10196.0,bez pośredników,,8,https://adresowo.pl/o/mieszkanie-poznan-wilda-ul-robocza-2-pokojowe-a1p4f8,https://s2.adresowa.pl/oi/65/6d/3680d2_edef_cover@2x-2-pokojowe-mieszkanie-poznan-wilda-ul-robocza.webp,Poznań Wilda,Robocza,parter,1955.0,blok,,"Na sprzedaż mieszkanie w spokojnej części Wildy. Bardzo dobra lokalizacja: - 15 minut pieszo do centrum, - blisko przystanków tramwajowych, - niedaleko Lidl i centrum handlowe Green Point, - a jednocześnie na uboczu. Mieszkanie posiada 2 wejścia: jedno od klatki schodowej, drugie od ulicy. Drugie wyjście można zlikwidować i stworzyć balkon. Mieszkanie do remontu, z potencjałem: - wysokie sufity, ok. 330 cm, - duży salon, - sypialnia ok. 9-10 m kwadratowych. Idealne pod wynajem. Nadaje się również na biura lub siedzibę firmy ze względu na możliwość wejścia od ulicy. Zapraszamy!",,,,,,,52.389,16.910999
Poznań Piątkowo,os. Bolesława Chrobrego,3,62,561600,9058.0,bez pośredników,,19,https://adresowo.pl/o/mieszkanie-poznan-piatkowo-os-boleslawa-chrobrego-3-pokojowe-k9z1u9,https://s2.adresowa.pl/oi/3a/31/366da8_e489_cover@2x-3-pokojowe-mieszkanie-poznan-piatkowo-os-boleslawa-chrobrego.webp,Poznań Piątkowo,os. Bolesława Chrobrego,5,1982.0,blok,,"Oferuję do sprzedaży słoneczne mieszkanie w bardzo dobrej lokalizacji na poznańskim Piątkowie, na osiedlu Bolesława Chrobrego. Mieszkanie znajduje się na 5. piętrze w wieżowcu, który posiada nową windę. Budynek usytuowany jest na spokojnym, zielonym osiedlu, które jest bardzo dobrze skomunikowane z centrum Poznania - kilka minut do Poznańskiego Szybkiego Tramwaju (PST). Wokół pełna infrastruktura oraz przystanki komunikacji miejskiej. W pobliżu znajdują się Chata Polska, Lidl i Biedronka. Lokal posiada funkcjonalny rozkład pomieszczeń, jest słoneczny i przestronny. Składa się z: - Salonu: 21,80 m2 (ekspozycja południowa) - Pokój 2: 11,20 m2 - Pokój 3: 9,10 m2 - Kuchnia oddzielna: 6,60 m2 - Przedpokój (miejsce na dwie szafy w zabudowie): 9,70 m2 - Łazienka (drugie WC): 3,10 m2 - WC oddzielne: 0,90 m2 Do mieszkania przynależy PIWNICA oraz BALKON (typu loggia), który posiada nowe balustrady i gres na posadzce. Na piętrze są tylko dwa lokale, a przed głównym wejściem do mieszkania jest własne pomieszczenie użytkowe zamykane na klucz. Mieszkanie jest do odświeżenia i posiada piękny parkiet, który wystarczy wycyklinować. Instalacje: elektryczna, gazowa, kanalizacyjna, wodna, ogrzewanie miejskie, ciepła woda z sieci miejskiej. Atutem mieszkania jest funkcjonalny układ pomieszczeń oraz widok z każdego okna na bujną zieleń. Zapraszam do prezentacji! Zamieszczona oferta nie stanowi oferty w rozumieniu przepisów Kodeksu Cywilnego.",tak,,osobna,,,,52.449001,16.914
Poznań Rataje,os. Oświecenia,3,47,510000,10851.0,bez pośredników,,8,https://adresowo.pl/o/mieszkanie-poznan-rataje-os-oswiecenia-3-pokojowe-y1w6k7,https://s2.adresowa.pl/oi/6e/2d/365a7e_bf73_cover@2x-3-pokojowe-mieszkanie-poznan-rataje-os-oswiecenia.webp,Poznań Rataje,os. Oświecenia,3,1973.0,blok,,"Przedstawiam na sprzedaż mieszkanie o powierzchni 47,7 m², zlokalizowane na cenionym poznańskim osiedlu Oświecenia. Nieruchomość znajduje się na 3 piętrze w 4-piętrowym budynku z 1973 roku. Budynek ocieplony Mieszkanie składa się z 3 widnych i ustawnych pokoi: Pokoju dziennego, 2 sypialni lub pokoju dziecięcego bądź gabinetu, oddzielnej kuchni, łazienki oraz przedpokoju. Jak każde mieszkanie z rynku wtórnego, czy od dewelopera wymaga nakładów aby, dostosować je do własnych oczekiwań. Okna plastikowe. * Mieszkanie posiada balkon-loggia z widokiem na zieleń, idealny na poranną kawę * Do mieszkania przynależy przestronna jak na blok piwnica, zapewniająca dodatkowe miejsce do przechowywania. * Ogrzewanie miejskie, oczywiście. * Czynsz administracyjny wynosi 670 zł, zawierający zaliczki na ogrzewanie, wodę, wywóz śmieci i fundusz remontowy. * Spółdzielcze prawo własnościowe z księgą wieczystą - brak obciążeń. Osiedle Oświecenia to idealne miejsce dla osób ceniących sobie połączenie spokoju z doskonałym dostępem do infrastruktury miejskiej. * Doskonała komunikacja miejska – w bezpośrednim sąsiedztwie przystanki autobusowe i tramwajowe, zapewniające szybki i bezproblemowy dojazd do centrum Poznania oraz innych części miasta. * Pełna infrastruktura handlowo-usługowa na wyciągnięcie ręki liczne sklepy osiedlowe CH „Posnania”, supermarkety, punkty usługowe, apteki, przychodnie. Bliskość placówek edukacyjnych: przedszkola, szkoły podstawowe Politechnika Poznańska spacerem kilka minut * W pobliżu i na samym osiedlu urokliwy park, tereny rekreacyjne, place zabaw, idealne do wypoczynku i aktywności na świeżym powietrzu. * Osiedle charakteryzuje się spokojnym i rodzinnym klimatem. Ta oferta to idealna propozycja dla młodych par, rodzin z dziećmi, studentów, osób starszych ceniących komfort i dostępność, a także jako doskonała inwestycja pod wynajem. Zapraszamy do kontaktu w celu umówienia prezentacji mieszkania! Nie przegap tej wyjątkowej okazji! Kontakt: Paweł Witkowski Tel: [numer]",tak,,osobna,plastikowe,spółdzielcze własnościowe,,52.390998840332,16.961999893188
Poznań Grunwald,ul. Bułgarska,3,48,618000,12875.0,bez pośredników,,11,https://adresowo.pl/o/mieszkanie-poznan-grunwald-ul-bulgarska-3-pokojowe-t9m8c7,https://s2.adresowa.pl/oi/3f/1c/363232_7040_cover@2x-3-pokojowe-mieszkanie-poznan-grunwald-ul-bulgarska.webp,Poznań Grunwald,Bułgarska,1,1967.0,blok,,"Oferta bezpośrednia Oferuję świetne mieszkanie 3 pokojowe na ul Bułgarskiej przytulne, funkcjonalne i przestronne, o pow.49 m², w niskim bloku cztero piętrowym z odnowioną elewacją. Mieszkanie jest po remoncie. Umeblowane ze smakiem , praktycznie i funkcjonalnie Nowoczesna nowo zrobiona łazienka z funkcjonalnym prysznicem .Kuchnia wyposażona w zabudowę sprzętami AGD(zlew, zmywarka,pralka,lodówka, piekarnik, płyta indukcyjna i blat też na zamówienie głębszy od standardowego Do mieszkania przynależy duża piwnica z oknem. Pod blokiem dostępne są bezpłatne miejsca parkingowe. W sąsiedztwie King Cross Marcelin,Lidl, Biedronka w bliskiej odległości, sklepy, apteka, bank,przedszkole, szkoła podstawowa oraz przychodnia lekarska, kościół również nieopodal. Niedaleko Lasek Marceliński. Przystanek autobusowy: 148; 159; 163; 177; 182; 212; 222 11 minut autobusem do Ronda Kaponiera. W odległości kilku minut Uniwersytet Adama Mickiewicza (niektóre wydziały) i Medyczny. Dobry dojazd na Uniwersytet Przyrodniczy. Pętla Ogrody 15min pieszo. Polecam, świetnie się tu mieszka",tak,,osobna,plastikowe,spółdzielcze własnościowe,"Wyposażenie: lodówka, piekarnik, pralka, zmywarka",52.403999,16.867001
Poznań Wilda,ul. Jodłowa,2,43,699000,16256.0,bez pośredników,,15,https://adresowo.pl/o/mieszkanie-poznan-wilda-ul-jodlowa-2-pokojowe-n3z7m1,https://s2.adresowa.pl/oi/3d/1f/35f472_4ada_cover@2x-2-pokojowe-mieszkanie-poznan-wilda-ul-jodlowa.webp,Poznań Wilda,Jodłowa,parter,2017.0,blok,,"Na sprzedaż 2-pokojowe mieszkanie o podwyższonym standardzie, z tarasem/ogródkiem w doskonałej lokalizacji. Niesamowicie spokojna okolica, idealna dla osób nielubiących wielkomiejskiego hałasu. Położone na fragmencie ulicy Jodłowej ze ślepym zaułkiem, co powoduje, że przez ulicę przejeżdżają wyłącznie mieszkańcy - praktycznie zero dodatkowego ruchu samochodowego. A mimo tego wszędzie blisko. NAJWAŻNIEJSZE ATUTY: ✔ Nowoczesne wykończenie i funkcjonalny układ. ✔ Gotowe do zamieszkania - w pełni umeblowane i wyposażone. ✔ Prywatny taras/ogródek - idealne miejsce na relaks, poranną kawę czy spotkania grillowe z bliskimi. ✔ Wydzielone miejsce postojowe na ogrodzonej posesji (za bramą automatyczną). ✔ Niskie koszty utrzymania. O MIESZKANIU: • Powierzchnia: 43,58 m2, kompaktowe, funkcjonalne i zaprojektowane z myślą o komforcie. • Stylowy salon: modnie urządzony (sofa, stolik kawowy, szafka RTV), z wyjściem na własny taras. • Kuchnia: meble wykonane na wymiar, dużo blatu roboczego, pełny komplet AGD (zmywarka, lodówka, okap, płyta elektryczna, piekarnik). • Osobna sypialnia: wygodne łóżko i pojemna szafa. • Łazienka: kabina prysznicowa, umywalka z szafką i lustrem, pralka. • Przestronny korytarz: szafa w zabudowie, szafka na buty. WYGODA I PRYWATNOŚĆ: • Mieszkanie na parterze, szybkie połączenie między wejściem a miejscem parkingowym. • Prywatny taras/ogródek, idealny na relaks, poranną kawę czy spotkania z bliskimi. NISKIE KOSZTY UTRZYMANIA: • Niskie opłaty administracyjne: 500 zł/mc (zawierające już koszt wody, ogrzewania, fundusz remontowy, administrację, wywóz śmieci). • Ogrzewanie: piec gazowy w zarządzaniu wspólnoty mieszkaniowej. Budynek z 2017 roku, niska zabudowa w okolicy domów jednorodzinnych. Mieszkanie w pełni umeblowane, wyposażone, gotowe do wygodnego zamieszkania od pierwszego dnia. Dostępne w krótkim terminie, bez pośredników. Pełna własność. KW bez wpisów w dziale IV. CENA: 649.000 zł W cenie indywidualne miejsce postojowe na terenie wspólnoty (ogrodzona posesja za bramą automatyczną).",,tak,aneks,plastikowe,własność,"Wyposażenie: lodówka, piekarnik, pralka, tv, zmywarka",52.370998,16.895
Poznań Jeżyce,ul. Klemensa Janickiego,4,97,1680000,17320.0,bez pośredników,,17,https://adresowo.pl/o/mieszkanie-poznan-jezyce-ul-klemensa-janickiego-4-pokojowe-z0e2i8,https://s2.adresowa.pl/oi/12/1c/35dc98_fe2c_cover@2x-4-pokojowe-mieszkanie-poznan-jezyce-ul-klemensa-janickiego.webp,Poznań Jeżyce,Klemensa Janickiego,4,2023.0,apartamentowiec,,"Oferuję do sprzedaży nowe niezamieszkałe wykańczane mieszkanie położone w centrum a jednocześnie na uboczu głównej ulicy w sąsiedztwie parku Sołackiego, niedaleko Rusałki. Mieszkanie położone na 4 piętrze budynku 9cio piętrowego o ekspozycji południowo zachodniej.Mieszkanie bardzo dobrze izolowane - za sezon ponad 900zl zwrotu nadpłaty za ogrzewanie. Świadectwo energetyczne posiadam. Mieszkanie ma 97,7 m2.Mieszkanie jest na etapie wykańczania. Łazienki i aneks kuchenny są wyłożone klasycznymi włoskimi płytami ceramicznymi 120x60cm, armatura i biały montaż niemiecka i włoska, Kuchnia na wymiar w kolorze ecru i beż. Lampy włoskie. Na podłodze deska drewniana dębowa. W mieszkaniu zamontowano zmiękczacz wody zabezpieczający przed osadzaniem kamienia w instalacji a także filtr w kuchni do wody pitnej. Zabudowy hallu na wymiar.Do mieszkania przynależy miejsce w hali garażowej a także komórka lokatorska. Miesięczna opłata 700 PLN. Mieszkanie składa się z Pokój dzienny 27,14m2 + aneks kuchenny 10,50m2 Pokój - sypialnia 1/ 13.64m2 Pokój - sypialnie 2/ 10,11m2 Pokój - sypialnia 3/ 10,75m2 Hall - 13,50m2 Łazienka 1 / - 5,30m2 z prysznicem, umywalką i WC Łazienka 2/ - 3,21m2 z umywalką WC /miejsce na pralkę i suszarkę. Zdjęcia wyślę na życzenie, zapraszam do kontaktu.",tak,tak,aneks,,własność,"Wyposażenie: pralkę, suszarkę",52.417999,16.896
Poznań Nowe Miasto,al. ks. Mieczysława Radziejewskiego,3,94,1390000,14787.0,bez pośredników,,19,https://adresowo.pl/o/mieszkanie-poznan-nowe-miasto-al-ks-mieczyslawa-radziejewskiego-3-pokojowe-o6v9y8,https://s2.adresowa.pl/oi/30/61/355fce_ae53_cover@2x-3-pokojowe-mieszkanie-poznan-nowe-miasto-al-ks-mieczyslawa-radziejewskiego.webp,Poznań Nowe Miasto,ks. Mieczysława Radziejewskiego,parter,2015.0,blok,,"Polecamy Państwa uwadze bardzo ciekawą ofertę komfortowego, 3-pokojowego mieszkania o powierzchni 80 m², położonego na zamkniętym terenie Wspólnoty Mieszkaniowej w Poznaniu przy Al. ks. M. Radziejewskiego. Idealne miejsce dla osób ceniących spokój, bezpieczeństwo i wygodę! Jesteśmy pierwszymi właścicielami tego mieszkania i realizujemy sprzedaż bezpośrednią, bez prowizji dla biura nieruchomości! Mieszkanie składa się z: - Salon z aneksem kuchennym (38 m²) - jasny, przestrzenny i funkcjonalny. - Pokój (15,3 m²) - pokój dziecięcy z widokiem na park. - Pokój (13 m²) - sypialnia z szafą w zabudowie, z wyjściem na taras. - Korytarz (8,2 m²) - wygodna przestrzeń z zabudową. - Łazienka (5,1 m²) - funkcjonalna. Dodatkowe atuty: - Garaż (15 m²) w hali garażowej - bezpieczne miejsce na auto lub dodatkowa przestrzeń do przechowywania z osobną księgą wieczystą. - Piwnica (6,72 m²) - idealna na rowery, sprzęt sportowy i inne rzeczy. Opis mieszkania: - Nowoczesne wnętrze - z podwieszanymi sufitami i licznymi punktami świetlnymi, które wprowadzają przytulny nastrój. - Ogrzewanie podłogowe (salon, kuchnia, korytarz, łazienka) - zapewnia równomierne ciepło i komfort w mieszkaniu. - Przestronność - pokoje, które dają poczucie przestrzeni, pozwalają na dowolną aranżację wnętrza. - Zabudowa - w korytarzu oraz sypialni znajdują się pojemne szafy w zabudowie. Taras i ogródek - Twój zielony azyl! Z dwóch pokoi znajduje się wyjście na ogród (86 m²) z tarasem (20 m²), który stanowi idealne miejsce na relaks na świeżym powietrzu. Atuty wspólnoty mieszkaniowej: - Zamknięty teren - bezpieczeństwo i komfort mieszkańców. - Budynek zasilany fotowoltaiką - ekologiczne i energooszczędne rozwiązanie. - Paczkomat na terenie obiektu - wygoda odbioru przesyłek. Lokalizacja i otoczenie: Prezentowane mieszkanie znajduje się w lokalizacji oferującej mieszkańcom szereg udogodnień, sprzyjających różnorodnym formom spędzania wolnego czasu. W okolicy znajdują się: - Edukacja: W pobliżu dostępne są zarówno szkoły podstawowe, jak i średnie, co czyni tę lokalizację atrakcyjną dla rodzin z dziećmi. - Zakupy: Liczne sklepy spożywcze i supermarkety zapewniają codzienną wygodę zakupów - Galeria M1, Posnania. - Kultura i rozrywka: W niedalekiej odległości znajdują się kina oraz centra rozrywki, oferujące różnorodne formy spędzania wolnego czasu. - Rekreacja na świeżym powietrzu: Bliskość terenów zielonych i parków sprzyja spacerom, piknikom oraz aktywności fizycznej na świeżym powietrzu. - Aktywność fizyczna: Dostępność siłowni i klubów fitness umożliwia mieszkańcom dbanie o kondycję fizyczną w komfortowych warunkach. - Bliskość Jeziora Maltańskiego: W pobliżu znajduje się Jezioro Maltańskie, największy sztuczny zbiornik wodny w Poznaniu, oferujący liczne atrakcje rekreacyjne, takie jak sporty wodne, trasy spacerowe i rowerowe oraz sezonowe wydarzenia kulturalne. - Komunikacja miejska: Lokalizacja jest dobrze skomunikowana z resztą miasta dzięki licznym przystankom MPK (3 min.), co umożliwia szybki i wygodny dojazd do różnych części Poznania. Dzięki tym udogodnieniom, położenie mieszkania stanowi doskonałe miejsce do życia dla osób ceniących zarówno miejskie atrakcje, jak i możliwość relaksu w otoczeniu przyrody. To wyjątkowa oferta dla osób szukających komfortu, przestrzeni i świetnej lokalizacji! Zadzwoń i umów się na prezentację!",tak,tak,aneks,,własność,,52.393001556396,16.974000930786
Poznań Piątkowo,os. Stefana Batorego,4,95,945000,9947.0,bez pośredników,,8,https://adresowo.pl/o/mieszkanie-poznan-piatkowo-os-stefana-batorego-4-pokojowe-h9p5i1,https://s2.adresowa.pl/oi/51/10/354064_43ac_cover@2x-4-pokojowe-mieszkanie-poznan-piatkowo-os-stefana-batorego.webp,Poznań Piątkowo,os. Stefana Batorego,3,2006.0,blok,,"Przedmiotem sprzedaży jest przestronne, jasne, dwupoziomowe mieszkanie w doskonałej lokalizacji na poznańskim Piątkowie, na os. Stefana Batorego. Nieruchomość mieści się na 3. piętrze w niskim, zadbanym bloku z 2006 roku. Budynkiem zarządza prężna Wspólnota. Apartament przedstawiony w ofercie ma 95 m2 (pełna własność z udziałem w gruncie) i składa się z: 1) Na poziomie I: a. Salon (ok. 30,85 m2!) z wyjściem na balkon (ok. 6,85 m2), b. Kuchnia (ok. 13,6 m2) z wyjściem na balkon, c. Duża łazienka (ok. 6,5 m2) z wanną, d. Mały przedpokój. 2) Na poziomie II: a. Sypialnia (ok. 11,26 m2) z szafą w zabudowie i wyjściem na balkon (ok. 9,46 m2) - na balkonie obszerny domek ogrodowy na przedmioty rzadszego użytku oraz przestrzeń do wypoczynku, b. Pokój (ok. 7,67 m2) z wyjściem na balkon, c. Pokój (ok. 8,7 m2) z wyjściem na balkon, d. Łazienka (ok. 4,16 m2) z kabiną prysznicową i oknem, e. Korytarz z szafą w zabudowie i oknem. Ekspozycja okien: południe i zachód. Dwa duże podwójne drzwi balkonowe znakomicie doświetlają salon, zaś dwa spore zadaszone balkony sprzyjają letniemu wypoczynkowi. Klimatyzacja. Niespotykany, jak na warunki mieszkania w blokach, jest metraż salonu (ok. 30,85 m2!) i kuchni (ok. 13,6 m2). Strefa dzienna daje maksymalne poczucie komfortu. Strefa nocna to 3 pokoje o zróżnicowanym metrażu, bardzo szeroki korytarz i widna łazienka z oknem. Światłowód i TV kablowa. Lokalizacja nieruchomości to jedna z najlepszych w Poznaniu. W okolicy pełna infrastruktura: szkoły, przedszkola, pływalnia, market Kaufland, miejskie spa, przychodnie, apteka, bankomaty, paczkomaty, itp. Blisko (ok. 150 m) pętla tramwajowa i autobusowa. Po sąsiedzku kampus UAM Morasko. W zasięgu 5-10 min spacerem malowniczy Lasek Piątkowski i Rezerwat Żurawiniec. Doskonała baza wypadowa na przejażdżki rowerowe na drogę Nadwarciańską czy do lasu w Suchym Lesie (rezerwat Meteorytów). Obecnie do mieszkania wynajmowane jest miejsce w hali garażowej (17 m2). Kontynuacja najmu mile widziana. Serdecznie zapraszam na prezentację mieszkania. Pokażemy Ci wszystko od kuchni ;)",,tak,,plastikowe,własność,"Wyposażenie: klimatyzacja, tv",52.40599822998,16.930999755859
Poznań Łazarz,ul. Józefa Łukaszewicza,1,28,320000,11429.0,bez pośredników,,8,https://adresowo.pl/o/mieszkanie-poznan-lazarz-ul-jozefa-lukaszewicza-1-pokoj-c3e3c2,https://s2.adresowa.pl/oi/16/33/34c508_5f88_cover@2x-1-pokojowe-mieszkanie-poznan-lazarz-ul-jozefa-lukaszewicza.webp,Poznań Łazarz,Józefa Łukaszewicza,parter,1967.0,kamienica,,"Ładna narożna Kawalerka przy ul. Łukaszewicza z dwoma dużymi oknami na podwórze. Znajduję się na półpiętrze. Pięknie doświetlona. Kawalerka dzięki wysokim sufitom jest bardzo przestronna(możliwość zrobienia antresoli). Kamienica w najbliższym czasie będzie miała remont części wspólnych oraz elewacji. Kawalerką przez ostatni rok była wynajmowana w cenie 2100zł plus wszystkie opłaty 100m od Rynku Łazarskiego, 300m od przystanku tramwajowego, ok. 1 km od dworca kolejowego Poznań Główny, 200m od biedronki, 50m od żabki, 900m od nocnego targu towarzyskiego i wiele innych. Do kawalerki przynależy schowek na tym samym piętrze o wielkości 1,5m2 oraz piwnica 8m2! Kawalerka jest w pełni umeblowana i wyposażona: - rozkładana sofa z miejscem do spania dla dwóch osób - szafa typu komandor -szafy w przedpokoju (bardzo dużo miejsca na przechowywanie) - stół z krzesłami - pralka - kuchnia - lodówka - mikrofalówka - płyta gazowa -biurko -tv -wanna z funkcją prysznica -dwa duże okna posiadające żaluzje świetnie przyciemniające pomieszczenie oraz zasłony +aktualny czynsz(woda, śmieci,sprzątanie) 266zł Oferta bezpośrednio od właściciela Kaucja: 2500",tak,,,,,"Wyposażenie: lodówka, mikrofalówka, pralka, tv",52.393002,16.903
Poznań Pogodno,ul. Boczowska,2,55,515000,9364.0,bez pośredników,,5,https://adresowo.pl/o/mieszkanie-poznan-pogodno-ul-boczowska-2-pokojowe-q3u3b0,https://s2.adresowa.pl/oi/32/54/34bffc_defe_cover@2x-2-pokojowe-mieszkanie-poznan-pogodno-ul-boczowska.webp,Poznań Pogodno,Boczowska,parter,1973.0,blok,,"Oferta prywatna. Oferta sprzedaży dwóch kawalerek o pow. ok. 28 m2 każda na parterze budynku mieszkalnego na poznańskiej Ławicy, w sąsiedztwie lotniska H. Wieniawskiego. W chwili obecnej w wolnostojącym jednorodzinnym budynku mieszkalnym są 4 osobno funkcjonujące mieszkania. Działka o powierzchni 450 m2, z możliwością parkowania i korzystania z ogródka i drewnianego domku z grillem i oczkiem wodnym, z zagospodarowaną przestrzenią do rekreacji i wypoczynku. Dom po przeprowadzonej modernizacji, bezczynszowy, z doprowadzonymi mediami (prąd, wodociąg, kanalizacja, sieć gazowa). Nieruchomość bez obciążeń, z księgą wieczystą. Zapraszam do kontaktu w celu przedstawienia szczegółów oferty.",,tak,,,własność,,52.412998199463,16.82799911499
Poznań Stare Miasto,ul. Piekary,1,20,478000,23900.0,bez pośredników,,18,https://adresowo.pl/o/mieszkanie-poznan-stare-miasto-ul-piekary-1-pokoj-q4n9p6,https://s2.adresowa.pl/oi/2b/26/349ede_473f_cover@2x-1-pokojowe-mieszkanie-poznan-stare-miasto-ul-piekary.webp,Poznań Stare Miasto,Piekary,2,1930.0,kamienica,,"Kawalerka w rewitalizowanej kamienicy z windą w super lokalizacji blisko Starego Browaru Kawalerka 20.5m² z założoną księgą wieczystą (pełna własność) Jest to mieszkaniówka - można się meldować. Mieszkanie bezczynszowe w starej rewitalizowanej od podstaw kamienicy z windą. Kamienica przeszła gruntowną renowację, wstawiono 2 windy, odnowiono całość wraz z instalacjami, piękna odrestaurowana klatka schodowa z domofonem, altanka śmietnikowa na zewnątrz, możliwość parkowania samochodu przed budynkiem na miejskiej ulicy. Adres: ul. Piekary 13B Piętro: 2, bez balkonu z świetnym widokiem na miasto. Mieszkanie o powierzchni 20,55 m² i wysokości 3.1 m zlokalizowane na 2 piętrze w pięknej ponad 100 letniej kamienicy z historią. Mieszkanie składa się z salonu z aneksem kuchennym oraz łazienki z prysznicem. Załączony rzut lokalu Atuty: Idealne pod najem długo/krótkoterminowy lub jako dodatkowe bezczynszowe mieszkanie dla wielbicieli Poznańskich uroków starówki. W pobliżu: Stary Browar, Rynek Poznański, sklepy i liczne restauracje oraz kościół (nie hałasujący :) Wokół tereny zielone oraz infrastruktura miejska. W pobliżu wszystkie najważniejsze uczelnie Doskonała komunikacja! Przystanki i tramwajowy i autobusowy w bliskiej odległości od nieruchomości. Stan Techniczny: Mieszkanie po remoncie, świeże i pachnące gotowe do wprowadzenia się. Ogrzewanie - cieplik w kamienicy. Jest to znakomita lokata kapitału dla tych, którzy lubią być w centrum oraz dla osób chcących czerpać korzyści z zainwestowanego kapitału i bezpiecznie ulokować swoje środki. Mieszkanie o unikalnym charakterze i wyjątkowym stylu. Zaprojektowane również do pracy zdalnej. NIE JESTEM ZAINTERESOWANY WSPÓŁPRACĄ Z BIURAMI NIERUCHOMOŚCI.",,,aneks,drewniane,własność,,52.403999328613,16.92799949646
Poznań Naramowice,ul. Błażeja,2,58,655000,11293.0,bez pośredników,,7,https://adresowo.pl/o/mieszkanie-poznan-naramowice-ul-blazeja-2-pokojowe-i2h0a4,https://s2.adresowa.pl/oi/69/6b/347e90_6b7c_cover@2x-2-pokojowe-mieszkanie-poznan-naramowice-ul-blazeja.webp,Poznań Naramowice,Błażeja,2,2006.0,apartamentowiec,,"Sprzedam mieszkanie dwupokojowe na ulicy Błażeja Nieruchomość znajduje się w centrum Naramowic w bezpośrednim sąsiedztwie nowo powstałej lini tramwajowej. W budynku znajdują się delikatesy Livio, Mieszkanie jest umeblowane posiada loggie oraz klimatyzacje. Aktualnie mieszkanie jest wynajmowane Lokal mieszkalny 54,6m² Piwnica o powierzchni 3,8m² jest dodatkowym atutem. Plan pomieszczenia w zdjęciach Cena do możliwej negocjacji. Osoby zainteresowane proszę o kontakt telefoniczny",tak,,aneks,plastikowe,własność,Wyposażenie: klimatyzacje,52.456001281738,16.945999145508
Poznań Łazarz,ul. Stanisława Wyspiańskiego,2,67,760000,11343.0,bez pośredników,,7,https://adresowo.pl/o/mieszkanie-poznan-lazarz-ul-stanislawa-wyspianskiego-2-pokojowe-z6f1n0,https://s2.adresowa.pl/oi/5b/75/345848_41ae_cover@2x-2-pokojowe-mieszkanie-poznan-lazarz-ul-stanislawa-wyspianskiego.webp,Poznań Łazarz,Stanisława Wyspiańskiego,3,,kamienica,,"Na sprzedaż wyjątkowe mieszkanie w zabytkowej kamienicy przy ul. Wyspiańskiego w Poznaniu. To mieszkanie oferuje nie tylko wyjątkową przestrzeń do życia, ale również ogromny potencjał inwestycyjny. LOKALIZACJA Mieszkanie położone jest w sercu Grunwaldu, w prestiżowej dzielnicy Św. Łazarz, słynącej z urokliwych kamienic i wyjątkowej atmosfery. Budynek jest częścią historycznego zespołu mieszkaniowego Johow-Gelände. W pobliżu znajdziesz m.in. Park Wilsona, Palmiarnię, City Park oraz liczne sklepy, restauracje, kawiarnie i punkty usługowe. To idealne miejsce dla osób ceniących wygodę życia w mieście, a jednocześnie pragnących spokoju w otoczeniu zieleni. CHARAKTERYSTYKA MIESZKANIA - Powierzchnia: 67,75 m² - Rozkład: 2 przestronne pokoje, aneks kuchenny, łazienka i korytarz - Wysokość pomieszczeń: imponujące 3,37 m, co podkreśla przestronność i elegancję wnętrza - Piętro: 3 (budynek wyposażony w windę) - Okna: duże, zapewniające doskonałe doświetlenie wnętrz - Centralne ogrzewanie miejskie STAN PRAWNY I OPŁATY - Pełna własność z księgą wieczystą, brak obciążeń, jeden właściciel. - Czynsz administracyjny: ok. 800 zł (zaliczki na ogrzewanie miejskie, wodę, ścieki, wywóz śmieci, sprzątanie i zarządzanie budynkiem). STANDARD BUDYNKU Kamienica przeszła gruntowną rewitalizację w 2009 roku. Zadbano o każdy detal, aby zachować jej historyczny charakter: - Eleganckie części wspólne wykończone naturalnym marmurem i drewnem. - Ocieplenie budynku (termoizolacja). - Wymienione instalacje i piony. - Stylizowane drzwi wejściowe do mieszkań. DODATKOWE ATUTY - Prywatny parking za zamykaną bramą (pilot do otwierania) tylko dla mieszkańców. - Możliwość adaptacji mieszkania na dwa mniejsze lokale, co czyni go atrakcyjną opcją inwestycyjną. - Doskonałe na siedzibę firmy lub działalność usługową - idealne miejsce na biuro projektowe czy gabinet. - W budynku jest piwnica, gdzie znajduje się rowerownia. Lokalizacja, prestiż budynku i możliwość adaptacji sprawiają, że jest to doskonała oferta zarówno dla osób prywatnych, jak i inwestorów. Oferta prywatna. Przedstawiona oferta cenowa ma charakter informacyjny, nie stanowi oferty handlowej w rozumieniu Art. 66 par. 1 Kodeksu Cywilnego.",tak,,aneks,,własność,,52.398998,16.896
Poznań Wilda,ul. Górna Wilda,2,45,339000,7533.0,bez pośredników,,11,https://adresowo.pl/o/mieszkanie-poznan-wilda-ul-gorna-wilda-2-pokojowe-e6f6k9,https://s2.adresowa.pl/oi/74/75/33345c_5b7f_cover@2x-2-pokojowe-mieszkanie-poznan-wilda-ul-gorna-wilda.webp,Poznań Wilda,Górna Wilda,parter,1930.0,kamienica,,"- Oferta bezpośrednia, bez prowizji. - Lokal użytkowy ma powierzchnię 45,65 m² i składa się z 2 pokoi. Mieszkanie posiada osobno prysznic, łazienkę z wanną. - Lokal po generalnym remoncie (wymienione wszystkie instalacje: wodna, elektryczna i kanalizacyjna). - Cena obejmuje sprzedaż całkowicie wyposażonego lokalu z meblami i AGD, gotowego do zamieszkania lub najmu. - Lokalizowane w niewielkiej odległości od Starego Browaru, przy ulicy Górna Wilda 75. - Dla pasywnych inwestorów: możliwość zarządzania najmem. II. STAN PRAWNY Odrębna księga wieczysta. Brak obciążeń na hipotece. III. BUDYNEK | KAMIENICA Kamienica wybudowana w 1930 r., znajduje się pomiędzy ulicą Górna i Dolna Wilda, składa się z części frontowej oraz oficyny. Budynek posiada trwałe betonowe klatki schodowe, zarówno w części frontowej, jak i oficyny. Na dach od strony frontowej została położona kilka lat temu papa. Dach od strony oficyny był remontowany w lutym 2020 r. W całej kamienicy została wymieniona instalacja elektryczna (nowe WLZ i skrzynki elektryczne) oraz doprowadzony światłowód. Wspólnota mieszkaniowa, składająca się głównie z inwestorów przeznaczających mieszkania na wynajem, sprawia, że w zgodzie i miłej atmosferze podejmowane są decyzje dotyczące części wspólnych. W niedługim czasie uzgodniony jest remont części wspólnych (elewacja, klatki schodowe, inne niezbędne). IV. MIESZKANIE Zharmonizowany wystrój wszystkich pomieszczeń w zakresie oświetlenia, kolorystyki, elementów wyposażenia, a przede wszystkim skrzętnie zaplanowany układ pomieszczeń. W całości mieszkania położone są wysokiej jakości płytki z imitacją marmuru, co ułatwia użytkowanie i daje trwałość użytkowania na wiele lat. V. MEDIA Mieszkanie ma zaplanowane oddzielne opomiarowanie poszczególnych mediów. - Oszczędne ogrzewanie elektryczne (technologia grzejników: AeroFlow) - podobne koszty w okresie grzewczym jak ogrzewanie gazowe. * 5-stopniowa regulacja temperatury grzejnika w zakresie od 30°C do 60°C, * moduł podczerwieni IR do komunikacji z naściennym zdalnym programatorem, * funkcja suszenia - z programowaniem mocy i czasu grzania (od 1h do 4h), * licznik czasu pracy - pozwalający kontrolować ilość zużytej energii, * funkcja ANTIFREEZE, zabezpieczenie przed spadkiem temperatury grzejnika poniżej 5-7°C, * współpracuje z zewnętrznymi timerami oraz systemami inteligentnych budynków. - Nowe złącze światłowodowe rozprowadzone po całej kamienicy. VI. LOKALIZACJA Mieszkanie mieści się w Poznaniu, dzielnica Wilda, w niedalekim sąsiedztwie Starego Browaru (ul. Półwiejska). Adres: Górna Wilda 75. W okolicy znajdują się uczelnie wyższe, co znacznie zwiększa możliwości i cenę najmu: - Uniwersytet Ekonomiczny (UE) - Akademia Wychowania Fizycznego (AWF) - Uniwersytet Adama Mickiewicza (UAM) - Wyższa Szkoła Bankowa (WSB) VII. DOJAZD Bardzo dobra lokalizacja: - 30 metrów od kamienicy znajduje się przystanek tramwajowy ""Różana"", linie: 2, 9, 10. - 3 minuty pieszo znajduje się ulica Półwiejska, skąd kursują tramwaje linii: [numer]8, T21. VIII. ZAKUPY W kamienicy mieści się sklep Groszek. W niedalekiej odległości znajduje się sklep Żabka i Netto oraz piekarnia. Po drugiej stronie ulicy znajduje się słynna pizzeria ""Przyjemność"". IX. DANE FINANSOWE - Dochód: 2520 PLN m-c, 30 240 PLN rocznie. - Koszt czynszu do wspólnoty: ok. 250 PLN. - Cena za nieruchomość: 339 000 PLN. - Istnieje możliwość zarządzania nieruchomością. Zapraszamy do kontaktu.",tak,,osobna,,własność,,52.396999,16.924999
Poznań,Stare Miasto,4,67,1083866,16177.0,bez pośredników,,17,https://adresowo.pl/o/mieszkanie-poznan-stare-miasto-4-pokojowe-67-m2-h3i5w2,https://s2.adresowa.pl/oi/17/40/330386_68dd_cover@2x-4-pokojowe-mieszkanie-poznan-stare-miasto.webp,Poznań Stare Miasto,,3,1910.0,kamienica,,"Oferuję na sprzedaż 4-apartamentowy lokal inwestycyjny w Centrum Poznania! LOKALIZACJA Idealnie położona nieruchomość to podstawa dobrej i długoterminowej inwestycji. Oferowany lokal jest położony w bliskim sąsiedztwie zarówno Centrum Poznania, jak i terenów nadwarciańskich, Politechniki Poznańskiej, poznańskich zabytków i muzeów, jak i oczywiście komunikacji tramwajowej i autobusowej, co gwarantuje szybkie połączenie z każdą częścią miasta. LOKAL Na powierzchni 67,15 m² znajdują się cztery niezależne apartamenty wykończone w standardzie Premium. Każdy wyposażony w aneks kuchenny i osobną łazienkę, co czyni tę ofertę wyjątkowo atrakcyjną dla inwestorów szukających nieruchomości na wynajem. Nieruchomość posiada również klimatyzację, rekuperację, elektroniczny zamek i korytarz z szafą, co zapewnia maksymalną wygodę i funkcjonalność. Klimatyzowane pomieszczenia świetnie sprawdzają się do najmu mimo ocieplającego się klimatu. Centralne ogrzewanie gazowe redukuje koszty ogrzewania budynku. Budynek po całkowitej rewitalizacji - wymienione wszystkie instalacje na nowe gwarantują spokój na długi czas. Nowe drewniane trójwarstwowe okna oraz gruba termoizolacja budynku wraz z grubymi murami i pięknymi łukowymi stropami na każdym piętrze minimalizuje koszty i daje komfort użytkowania na długie lata. Każdy apartament jest starannie zaprojektowany, aby zapewnić komfort i prywatność najemcom. Osobna Księga Wieczysta z możliwością ewentualnego podziału na mniejsze lub zmiany sposobu użytkowania (plan miejscowy z oznaczeniem MW/U). PRZYCHODY Lokal jest zoptymalizowany pod wynajem krótkoterminowy, generując miesięcznie dla inwestora na czysto ok. 8 140 zł dochodu netto na miesiąc. Dzięki wysokiej stopie zwrotu z inwestycji (ROI) na poziomie około 9,01%, jest to świetna okazja dla inwestorów poszukujących stabilnych i dochodowych źródeł przychodu. Lokalizacja i standard wykończenia przyciągają najemców, zapewniając stały dochód. W pakiecie jest obsługa najmu uzyskująca tak wysokie stopy zwrotu, która pozwala na uzyskiwanie pasywnego przychodu dla inwestora. Nieruchomość zlokalizowana jest w budynku przeznaczonym w całości na wynajem, więc najemcy nie przeszkadzają mieszkańcom (jak w innych lokalach inwestycyjnych, gdzie jest ryzyko konfliktów). KOSZTY Cena nieruchomości: 1 083 866 PLN + 23% VAT, wliczone jest jedno miejsce postojowe na parkingu tuż przed budynkiem. Kupujący zwolniony jest z PCC. Ta wyjątkowa oferta łączy w sobie komfort, świetną lokalizację i wysokie przychody, co czyni ją idealnym wyborem dla inwestorów. Serdecznie zapraszamy do kontaktu",,tak,aneks,drewniane,własność,,52.40599822998,16.924999237061
Poznań Piątkowo,os. Stefana Batorego,12,180,2130000,11833.0,bez pośredników,,8,https://adresowo.pl/o/mieszkanie-poznan-piatkowo-os-stefana-batorego-12-pokojowe-n5f5w2,https://s2.adresowa.pl/oi/16/1a/32c148_2a8d_cover@2x-12-pokojowe-mieszkanie-poznan-piatkowo-os-stefana-batorego.webp,Poznań Piątkowo,os. Stefana Batorego,parter,2011.0,blok,,"Roczny przychód: 151 200,00 zł. Roczne koszty: 16 557,12 zł. (stan na dzień 1/05/2026). (Miesięcznie: administracja 1094,98 zł, Internet 257,28 zł, rocznie: podatek gruntowy 330,00 zł) Pustostany (dane z lat 2012-2025): 0,75% - z wyłączeniem roku pandemii (tzn. średnio wszystkie pokoje są wynajęte przez 99,25% dni w roku). Sprzedam pakiet 3 mieszkań /3 osobne Księgi Wieczyste/ z 12 wynajętymi pokojami. 12 aktualnych umów najmu. Wyposażenie jak na załączonych zdjęciach Poznań, Os. Stefana Batorego 79G. Mieszkania na parterze w bloku oddanym do użytkowania w 2011 roku znajdują się w dwóch przyległych klatkach schodowych. Każde mieszkanie ma 60m2. Prestiżowa lokalizacja dla studentów: tuż przy Kampusie Morasko Uniwersytetu im. Adam Mickiewicza (450m - pieszo 6 minut), węzeł komunikacyjny na Os. Jana III Sobieskiego (150m - pieszo 3 minuty) oraz Centrum Handlowe Pasaż, Kaufland (500m - pieszo 7 minut).",,,aneks,plastikowe,własność,Wyposażenie: internet,52.464001,16.919001
Poznań Grunwald,ul. Stanisława Wyspiańskiego,6,180,1750000,9722.0,bez pośredników,,10,https://adresowo.pl/o/mieszkanie-poznan-grunwald-ul-stanislawa-wyspianskiego-6-pokojowe-n9f6g9,https://s2.adresowa.pl/oi/28/35/326da4_77ae_cover@2x-6-pokojowe-mieszkanie-poznan-grunwald-ul-stanislawa-wyspianskiego.webp,Poznań Grunwald,Stanisława Wyspiańskiego,2,1910.0,kamienica,,"Piękne mieszkanie w wyremontowanej kamienicy. Mieszkanie ma idealny układ, bo jest to narożne mieszkanie na drugim piętrze, więc ma dużo światła. W kamienicy montowana jest właśnie winda. Mieszkanie własnościowe, bez obciążeń. Istnieje możliwość podzielenia mieszkania na 2 odrębne, jak jest zrobione na 3 i 4 piętrze kamienicy. Niewiele jest tak ładnych mieszkań w okolicy. Nadaje się do mieszkania lub na biuro, kancelarie. Posiada 2 balkony. Lokalizacja to prawdopodobnie jedna z najlepszych dzielnic Poznania i do tego ulica Wyspiańskiego. W okolicy City Park i wiele lokalnych restauracji i barów.",,,,,własność,,52.398998,16.896
Poznań Stare Miasto,os. Stefana Batorego,4,66,710000,10758.0,bez pośredników,,14,https://adresowo.pl/o/mieszkanie-poznan-stare-miasto-os-stefana-batorego-4-pokojowe-a9t2k8,https://s2.adresowa.pl/oi/4c/55/3265f6_a0c8_cover@2x-4-pokojowe-mieszkanie-poznan-stare-miasto-os-stefana-batorego.webp,Poznań Stare Miasto,os. Stefana Batorego,1,2001.0,apartamentowiec,,"Sprzedam mieszkanie przy os. Stefana Batorego 59 w Poznaniu w budynku Ataner. Mieszkanie ma metraż 66,70 m². Posiada 4 pokoje z oddzielną kuchnią i łazienką. Jeden pokój z balkonem. Mieszkanie w pełni wyposażone. W kuchni zmywarka, płyta indukcyjna, lodówka, mikrofala i pochłaniacz. W łazience WC, pralka i wanna. Całe wyposażenie widoczne na zdjęciu wchodzi w skład zakupu. Osiedle strzeżone. Mieszkanie tuż przy kampusie Morasko, terenach spacerowych, sklepach, centrum handlowym, przedszkolach, placówkach medycznych oraz bardzo blisko komunikacji miejskiej. Czynsz do administracji ok. 900 zł, w tym już ogrzewanie miejskie i woda. Dodatkowo płatny tylko prąd. Mieszkanie jest świetną lokatą kapitału - z uwagi na możliwość wynajmu na pokoje, m.in. dla studentów uczelni UAM Morasko (10 min. spacerem). Przed budynkiem miejsca parkingowe. W przypadku zainteresowania zachęcam do kontaktu. POŚREDNIKOM DZIĘKUJĘ!",,,osobna,,własność,"Wyposażenie: lodówka, pralka, zmywarka",52.462001800537,16.92200088501
Poznań,ul. Piwoniowa,2,50,775000,15500.0,bez pośredników,,8,https://adresowo.pl/o/mieszkanie-poznan-ul-piwoniowa-2-pokojowe-a5d4o4,https://s2.adresowa.pl/oi/55/7b/321724_d234_cover@2x-2-pokojowe-mieszkanie-poznan-ul-piwoniowa.webp,Poznań ,Piwoniowa,parter,1956.0,blok,,"Jeśli marzysz o własnych kwiatach, drzewach, krzewach i kochanym psie oraz droga Ci niezależność, a niekonieczny Ci teraz zakup całego domu - to jest oferta dla Ciebie. Sprzedam mieszkanie 50,5 m2 z własnym wygrodzonym, otaczającym mieszkanie ogrodem 136 m2 i z miejscem na zaparkowanie auta za własnym płotem. Niezależne wejście przez furtkę tylko do tego mieszkania z ulicy przez ogród oraz niezależna brama wjazdowa i osobna altana śmietnikowa przypisane tylko do tego mieszkania, oraz brak partycypacji w wydatkach na nieużywane przez tę nieruchomość części wspólne, czyni tę nieruchomość podobną funkcjonalnie do małego domu. Wszystkie przyłącza są niezależnie poprowadzone do mieszkania z ulicy. Dwa pozostałe mieszkania w budynku mają wejście i wjazd z drugiej strony nieruchomości z innej ulicy. Mieszkanie znajduje się na os. Kwiatowym, na Grunwaldzie, posiada księgę wieczystą lokalową z wpisem precyzującym podział działki. Ma pokój z kuchnią, dużą sypialnię, łazienkę z prysznicem, garderobę, przedpokój. Bez comiesięcznych opłat czynszu, z oszczędnym ogrzewaniem gazowym (piecem kondensacyjnym dwufunkcyjny ze sterownikiem pokojowym) Mieszkanie po remoncie, na podłodze są panele, w łazience płytki, w kuchni używane meble, używany prysznic, okna plastikowe w kuchni i w pokoju z roletami zewnętrznymi. Nieruchomość nadaje się także na prowadzenie biurowej lub usługowej działalności oraz jako nieruchomość inwestycyjna, można je też podzielić na dwie kawalerki. Cena 775 000 zł. „Ogłoszenie nie stanowi oferty w rozumieniu przepisów KC”.",,,aneks,plastikowe,własność,,52.380001068115,16.826000213623
Poznań Świerczewo,ul. Rawicka,2,42,515000,12262.0,bez pośredników,,14,https://adresowo.pl/o/mieszkanie-poznan-swierczewo-ul-rawicka-2-pokojowe-y8y9d1,https://s2.adresowa.pl/oi/31/1a/320826_e6bb_cover@2x-2-pokojowe-mieszkanie-poznan-swierczewo-ul-rawicka.webp,Poznań Świerczewo,Rawicka,parter,1930.0,blok,,"wszystkie okna na klatce schodowej budynku. W 2020 roku podłączono swiatłowód. W 2021 roku odnowiono klatkę schodową. W 2022 zamontowano drugą parę drzwi do mieszkania. W 2023 zainstalowane własne źródło wody na ogrodzie. Nieruchomość nie wymaga dodatkowych nakładów finansowych. Mieszkanie posiada ogrzewanie gazowe oraz klimatyczny kominek na drewno. Okna znajdują się od strony południowej, zatem słońce nagrzewa mieszkanie nawet zimą. Okna mieszkania wychodzą na przepiękny ogród. Rachunki miesięcznie przy 3 osobach to jedyne ok. 300 zł (prąd, gaz, woda, śmieci). Koszt zakupu drewna sezonowanego to ok. 400 zł na rok. Podatek od nieruchomości to ok. 150 zł na rok. Spokojna i bezpieczna okolica, blisko szkoła, żabka, lidl, biedronka, przystanek autobusowy, stacja paliw. Dojazd do centrum to jedyne 10 min samochodem i 15 minut tramwajem. Pętla tramwajowa Górczyn w odległości 10 minut spacerem. Żaden lockdown nie jest straszny, bowiem nieruchomość posiada duży ogród. Każde mieszkanie ma swój udział w ogrodzie i umownie swój kawałek zieleni. Do sprzedawanego mieszkania należy mały ogródek warzywny z wieloletnimi roślinami, przepysznym winogronem, jabłonią i śliwą. Jest także sporo miejsca na rekreację, wiatkę grillową itp. Miejsce na samochód znajduje się na zamkniętym terenie części wspólnej nieruchomości. Mieszkanie jest bardzo ekonomiczne i przytulne. Pomimo niewielkiego metrażu jest sporo miejsca do życia i odkładczego. Piwnica pozwala na przechowywanie przetworów, a strych np. mebli ogrodowych. Ogród pozwala na relaks i odpoczynek na świeżym powietrzu oraz zdrowe jedzenie prosto z krzaka. W upalne dni liczne drzewa dają wytchnienie w cieniu. Nie straszny zaden lockdown. Doskonali sąsiedzi :) Wszystkie przeglądy są aktualne i wykonywane na bieżąco. Mieszkanie ubezpieczone od wszystkich ryzyk do maja 2025. Przydatne odległości : Paczkomat 50 metrów Przystanek autobusowy 350 metrów Stacja paliw całodobowa z marketem 350 metrów Sklep osiedlowy 350 metrów Żabka 400 metrów Wplatomat / Bankomat 450 metrów Apteka 450 metrów Biedronka 550 metrów Dino 650 metrów Lidl 750 metrów Kościół 700 metrów Pętla tramwajowa/autobusowa / stacja PKP Górczyn 1000 metrów Polecam Najchętniej zamiana z dopłatą na domek w okolicy Poznania z działką nie mniejszą niż 550 m2. Agentom nieruchomości dziękuję. Możliwe podpisanie umowy wyłącznie w przypadku posiadania klienta.",tak,tak,aneks,plastikowe,własność,,52.373001098633,16.878000259399
Poznań Sołacz,ul. Wojska Polskiego,4,97,999000,10299.0,bez pośredników,,11,https://adresowo.pl/o/mieszkanie-poznan-solacz-ul-wojska-polskiego-4-pokojowe-e2z1v1,https://s2.adresowa.pl/oi/20/44/319c8c_57c4_cover@2x-4-pokojowe-mieszkanie-poznan-solacz-ul-wojska-polskiego.webp,Poznań Sołacz,Wojska Polskiego,3,2004.0,blok,,"PILNIE I BEZPOŚREDNIO sprzedam duże mieszkanie na Sołaczu, ul. Wojska Polskiego 14/16, 4 pokoje, balkon, z 2004 roku. W mieszkaniu są DWIE łazienki, na terenie poseji są po dwa miejsca na parkingu, przynależne do każdego mieszkania. Nasza willa miejska jest chroniona, wjazd - na pilota. SĄ TYLKO DWA mieszkania na każdym poziomie, na piętrze jest komórka lokatorska, jest także dużo części wspólnych, ogród, sielski relaks w środku miasta:)))) OKOLICA- obok domu są liczne sklepy, poczta, przedszkola i żłobki. Tuż przy domu przystanki autobusowe i tramwajowe. Pięć minut do parku Sołackiego- 15 minut spacerem nad Rusałkę. Zapraszam do prezentacji. Ola- tel.",tak,,osobna,,własność,,52.428001403809,16.89999961853
Poznań,Grunwald,3,77,890000,11558.0,bez pośredników,,15,https://adresowo.pl/o/mieszkanie-poznan-grunwald-3-pokojowe-77-m2-c3t7u0,https://s2.adresowa.pl/oi/27/7a/31498e_9da2_cover@2x-3-pokojowe-mieszkanie-poznan-grunwald.webp,Poznań Grunwald,,4,2013.0,apartamentowiec,,"Atrakcyjne, bardzo wygodne i ciche, 3-pokojowe mieszkanie z loggią w apartamentowcu z 2013 roku. Mieszkanie na IV piętrze w XI-piętrowym budynku z całodobową ochroną. Powierzchnia mieszkalna to 76,66 m2. UKŁAD FUNKCJONALNY LOKALU: - Pokój dzienny z wyjściem na loggię + aneks kuchenny wraz z meblami i wyposażeniem AGD - Sypialnia z wyjściem na loggię - Druga sypialnia - Przedpokój - Korytarz - wejście do mieszkania - Łazienka - WC LOKALIZACJA: Nieruchomość położona bardzo atrakcyjnie: zaledwie 15 min. do centrum miasta, PKP i lotniska. Doskonałe połączenie tramwajami (m.in. liniami 14, 5, 8) oraz autobusami ([numer], 179). Ogromnym atutem jest lokalizacja: - sklepy: Biedronka, Lidl, Leclerc, Rossmann, - kościół, - bliskość terenów zielonych: m.in. Arena, Park Górczyński, - przedszkola, szkoły, placówki zdrowotne, - drogi wylotowe z Poznania. INFORMACJE DODATKOWE: - Do mieszkania przynależą 3 miejsca postojowe hali garażowej (poziom -1), płatne dodatkowo 105 tys. (3 x 35 tys.) oraz komórka lokatorska w cenie. - W budynku żłobek i przedszkole. - Dla mieszkańców: ogrodzony ogród z placem zabaw dla dzieci oraz klub lokatora z tarasem widokowym na XI piętrze, gdzie można organizować spotkania rodzinne. - Na sprzedaż także działka ROD 300 m od mieszkania. OPŁATY: Czynsz administracyjny do wspólnoty mieszkaniowej z zaliczkami na media, fundusz remontowy plus ochrona w kwocie ok. 1500 zł. Zapraszamy! --- Przedstawiona oferta ma charakter informacyjny i nie stanowi oferty handlowej w rozumieniu art. 66 § 1 Kodeksu Cywilnego.",tak,tak,aneks,,,,52.395999908447,16.863000869751
Poznań Jeżyce,ul. Juliusza Słowackiego,2,100,1070000,10700.0,bez pośredników,,17,https://adresowo.pl/o/mieszkanie-poznan-jezyce-ul-juliusza-slowackiego-2-pokojowe-p3f3g5,https://s2.adresowa.pl/oi/10/31/306698_a617_cover@2x-2-pokojowe-mieszkanie-poznan-jezyce-ul-juliusza-slowackiego.webp,Poznań Jeżyce,Juliusza Słowackiego,2,2021.0,kamienica,,"Piękne mieszkanie - 2 oddzielne w kamienicy na Jeżycach ulica Słowackiego narożnik z Kraszewskiego. Mieszkanie po całkowitym remoncie, z maksymalnie zachowanymi ozdobami na sufitach, ścianami z cegły czy odrestaurowanym piecu kaflowym. W mieszkaniu przeprowadzono remont: wymieniono wszystkie instalacje: wodną, gazową, elektryczną, odbite i na nowe wytynkowane ściany, odrestaurowano ściany z cegły i je zachowano, podłoga drewniana została wycyklinowana i na nowo odrestaurowana, potem lakierowana, z którą idealnie komponują się ściany z cegły. Mieszkanie idealna na inwestycje i pod wynajem. Powierzchnia 100m2 oraz 20m2 piwnicy Obecnie podzielone na dwa niezależne mieszkania po około 50 m2 z wspólnym małym korytarzem 6m2. W każdym mieszkaniu oddzielna duża kichania - jadalnie. Łazienki całkowicie nowe w eleganckich płytkach z pralkami. Mieszkanie gotowe do wynajmu. Kuchnie w pełni wyposażone, meble drewniane, pokoje częściowo umeblowane, łazienki elegancko wykończone z pralkami. Mieszkanie gotowe w pełni do wynajmu lub zamieszkania. Idealnie położone w samym centrum Jeżyc. 100 m do starego zoo. 20 Metrów do tramwaju. 100 m do rynku Jezyckiego i ulicy Dąbrowskiego. Obecnie ta części Jeżyc stała się uroczą dzielnica z knajpkami, spokojniejszym ruchem samochodowym. Czysta hipoteka.",tak,,,,własność,Wyposażenie: pralka,52.410999,16.907
Poznań,ul. Jana Keplera,3,75,736000,9813.0,bez pośredników,,13,https://adresowo.pl/o/mieszkanie-poznan-ul-jana-keplera-3-pokojowe-p3s3v3,https://s2.adresowa.pl/oi/4a/6b/2d2c72_8368_cover@2x-3-pokojowe-mieszkanie-poznan-ul-jana-keplera.webp,Poznań ,Jana Keplera,9,,blok,,"Sprzedam gotowiec inwestycyjny. Bez pośredników. 3pak kawalerek w Poznaniu. Mieszkanie znajduje się przy ul. Keplera na os. Kopernika. Znajduje się na 9 piętrze (dostępne 2 sprawne windy). Lokal o łącznej powierzchni 75,72m2 podzielony jest na 3 kawalerki, które są wynajęte i przynoszą stały miesięczny dochód. Każda z umeblowanych i wyposażonych kawalerek składa się z pokoju z aneksem kuchennym oraz łazienki. W sąsiedztwie oferowanej nieruchomości odnajdziemy spokój, ciszę i co najważniejsze dużo zieleni. Dodatkowo, umiejscowienie budynku gwarantuje dobrą komunikację z centrum miasta. W okolicy pełna infrastruktura handlowo-usługowa, szkoły, przedszkola, place zabaw oraz tereny zielone i rekreacyjne. Umowy z najemcami na okres 1 roku. Każdy z najemców ponosi koszty zaliczek na media. Jeśli chcesz zainwestować w nieruchomość, zapraszam do kontaktu:",,,aneks,,,,52.389999389648,16.864000320435
Poznań Górczyn,ul. Głogowska,4,70,560000,8000.0,bez pośredników,,1,https://adresowo.pl/o/mieszkanie-poznan-gorczyn-ul-glogowska-4-pokojowe-c4n0z9,https://s2.adresowa.pl/oi/33/34/2d27f8_c926_cover@2x-4-pokojowe-mieszkanie-poznan-gorczyn-ul-glogowska.webp,Poznań Górczyn,Głogowska,3,,blok,,"Na sprzedaż mieszkanie własnościowe z KW –dwupoziomowe, dwustronne. Budynek 4 kondygnacyjny, budowany z cegły, co stanowi dobrą i zdrową izolację. Zarządzanym przez dbającą wspólnotę mieszkaniowa. W mieszkaniu zostały wymienione nowe okna trzyfunkcyjne, wygłuszone ( filtr powietrzny). Drzwi wejściowe antywłamaniowe. Nowa instalacja elektryczna. Podłogi w pokojach i korytarzu wyłożone panelami, w kuchni i łazience glazura. Ściany szpachlowane i nałożone ozdobnym tynkiem. Centralne ogrzewanie piecem gazowym II funkcyjnym. Do mieszkania przynależy piwnica o powierzchni 12m2 Ułożenie mieszkania: Wysokość na poziomie pierwszym w najwyższym punkcie 2,5 m - Salon o powierzchni 21 m2 od strony wschodniej - Sypialnia o powierzchni 21 m2 od strony wschodniej ( zabudowane szafy) - Sypialnia/biuro 16 m2 od strony zachodniej - Kuchnia w kafelkach zabudowana szafkami na wymiar, sprzęt AGD firmy Amica i Hotpoint ( lodówka, kuchenka gazowa, zmywarka, zlewozmywak granitowy) od strony zachodniej - Korytarz ustawny bardzo przestronny ze ścianami z ozdobiony specjalnym tynkiem - Łazienka w kafelkach z kabiną prysznicowa Poziom drugi; powierzchnia 14 m2 do własnej aranżacji, wysokość 2 m Przejście na poziom drugi przez ruchome schody z korytarza. Lokalizacja: Budynek otoczony jest drzewami i klimatyczną zielenią. Ciche i spokojne miejsce na spacer. Miejsce postojowe dla auta, tuż przy budynku. Przy pętli tramwajowej i autobusowej „Górczyn” – 7 minut, Stacja kolejowa „Poznań Górczyn” w niedalekiej odległości od zjazdu na autostradę A2 I S 5 ze zjazdami w kierunku Wrocław, Warszawa, Świecko, Piła. Tuż przy autostradzie 3km Auchon, Decatlon, Leroy Merlin, + Centra Handlowe Jedna z głównych ulic, ulica Głogowska z ogromną ilością sklepów usługowo handlowych. W okolicy przychodnia NFZ, Przedszkole, szkoła podstawowa i licealna, poczta, banki, Galeria handlowa Panorama, restauracje, pizzerie, banki i wiele innych usług. Opłaty miesięczne 520 zł w tym ogrzewanie 200zł ( w sezonie grzewczym) Niskie koszty utrzymania mieszkania. Zapraszam na prezentację, więcej szczegółów udzielę telefonicznie.",tak,tak,osobna,,,"Wyposażenie: kuchenka, lodówka, zmywarka",52.382,16.884001
Poznań,Smochowice,4,159,1100000,6918.0,bez pośredników,,1,https://adresowo.pl/o/mieszkanie-poznan-smochowice-4-pokojowe-159-m2-u4j8p6,https://s2.adresowa.pl/oi/58/7e/2ba5bc_a46b_cover@2x-4-pokojowe-mieszkanie-poznan-smochowice.webp,Poznań Smochowice,,parter,,blok,,Do sprzedania mieszkanie o pow 150 położone w Poznaniu w dzielnicy Smochowice. Bardzo ładnie i gustownie urządzone. Obecnie w całości wynajmowane. Stopa zwrotu z najmu 13%.,,,,,,,52.44100189209,16.822999954224
Poznań,Jeżyce,5,108,750000,6944.0,bez pośredników,,1,https://adresowo.pl/o/mieszkanie-poznan-jezyce-5-pokojowe-108-m2-k8w2g5,https://s2.adresowa.pl/oi/1b/4b/2b57fa_9281_cover@2x-5-pokojowe-mieszkanie-poznan-jezyce.webp,Poznań Jeżyce,,parter,,blok,,Do sprzedania dwupak składający się z mieszkania o pow. 85m składający się z 4 pokoi kuchni łazienki . W stanie do zamieszkania oraz kawalerka o pow 25m do małej adaptacji idealne pod najem. Obecnie obie nieruchomości na jednej księdze wieczystej. Możliwe rozdzielenie kw. Lokalizacja Poznań,,,,,,,52.437000274658,16.850999832153
Poznań Nowe Miasto,ul. Studzienna,2,43,750000,17442.0,bez pośredników,,16,https://adresowo.pl/o/mieszkanie-poznan-nowe-miasto-ul-studzienna-2-pokojowe-h9e5v5,https://s2.adresowa.pl/oi/50/33/2b4be8_c8d9_cover@2x-2-pokojowe-mieszkanie-poznan-nowe-miasto-ul-studzienna.webp,Poznań Nowe Miasto,Studzienna,2,2021.0,apartamentowiec,,"Witam. Sprzedam w pełni umeblowane i wyposażone mieszkanie gotowe do zamieszkania od zaraz. Mieszkanie jest sprzedawane na fakture Vat 23% idealne na inwestycje dla Firmy oraz do odprowadzenia sobie kosztów w firmie. Mieszkanie jest wykończone na wysokiej jakości materiałach, większość sprzętu oraz mebli jest na gwarancji, meble wykonane zostały na zamówienie oraz pod wymiar. Budynek znajduje się na spokojnej ulicy, bardzo dobra lokalizacja blisko sklepy markety takie jak Aldi, Lidl około 200-500 m od budynku. Bardzo dobry dojazd komunikacją miejską najbliższy przystanek 300 m paczkomat impost 100m Mieszkanie znacznie lepiej prezentuje się na żywo jak na zdjęciach. Mieszkanie sprzedaje prywatnie bez pośredników zapraszam do kontaktu. pozdrawiam Adrian",,tak,,,,,52.419998168945,16.965000152588
Poznań,Wilda,1,36,240000,6667.0,bez pośredników,,6,https://adresowo.pl/o/mieszkanie-poznan-wilda-1-pokoj-36-m2-a1q2a9,https://s2.adresowa.pl/oi/11/12/29c00e_b8a8_cover@2x-1-pokojowe-mieszkanie-poznan-wilda.webp,Poznań Wilda,,2,,kamienica,,"Sprzedam kawalerkę 37m^2 do remontu. Mieszkanie położone jest na 2 piętrze w oficynie. Typ zabudowy Kamienica . Okna od strony południowej, wychodzą na zielone podwórze. Obecnie mieszkanie posiada pokój o wielkości 23m^2 oraz kuchnię z łazienką o wielkości 13,5m^2.Mieszkanie zlokalizowane jest blisko tramwaju i autobusu, oraz sklepów typu Lidl, Biedronka. Pokój posiada okno plastikowe i nowe panele. Aktualny typ ogrzewania to piec kaflowy. Mieszkanie posiada własną piwnicę usytułowaną na -1 poziomie. Mieszkanie to nadaję się idealnie do zamieszkania dla 2 osób lub do podnajęcia jako inwestycja.",tak,,,,,,52.377998352051,16.916999816895
Poznań Wilda,ul. Jana Żupańskiego,1,38,599000,15763.0,bez pośredników,,8,https://adresowo.pl/o/mieszkanie-poznan-wilda-ul-jana-zupanskiego-1-pokoj-f9s7o7,https://s2.adresowa.pl/oi/1b/73/2787c6_e208_cover@2x-1-pokojowe-mieszkanie-poznan-wilda-ul-jana-zupanskiego.webp,Poznań Wilda,Jana Żupańskiego,1,1954.0,kamienica,,"mieszkanie wykończone pod klucz z płacącymi najemcami. Mieszkanie znajduje się na I piętrze kamienicy przy ul. Żupańskiego 16 w centrum Wildy w Poznaniu. Cały budynek rewitalizowaliśmy ponad 2 lata, generalny remont skończyliśmy w 2018r. W budynku są wymienione wszystkie piony wodno - kanalizacyjne, centralnego ogrzewania, instalacja elektryczna, do każdego lokalu jest doprowadzony nowy światłowód. Odnowiona i podświetlona została elewacja, dziedziniec i klatki schodowe. Odkopane i osuszone zostały fundamenty kamienicy. Ogrzewanie oraz ciepła woda użytkowa z cieplika miejskiego. Do Starego Browaru lub do Avenidy jest 0,8 - 1km, około 10-15min pieszo. Rewelacyjna lokalizacja pod wynajem dla studentów lub młodych osób pracujących. W zasadzie nie występują pustostany. Mieszkanie ma powierzchnię 37,63m2, jednak podzieliliśmy je na 2 kawalerki, księga wieczysta natomiast jest jedna. Czynsz najmu wynosi 2000zł + opłaty oraz 1850zł + opłaty. Cena sprzedaży to 599tys. czyli zwrot z inwestycji przy obecnych stawkach najmu jest na poziomie 8,25% w skali roku. Po więcej zdjęć oraz rzuty techniczne mieszkań zapraszam do kontaktu telefonicznego. Ogłoszenie bezpośrednio od właściciela bez prowizji dla pośredników i agencji.",,,,,,,52.395999908447,16.92200088501
