locality,street,rooms,area,price_total_zl,price_sqm_zl,owner_type,date_posted,photo_count,url,image_url,city_district,full_address,floor,year_built,building_type,price_per_sqm_detailed,description_text,has_basement,has_parking,kitchen_type,window_type,ownership_type,equipment,latitude,longitude
Białystok Centrum,ul. Józefa Marjańskiego 3,3,77,850000,11039.0,bez pośredników,,17,https://adresowo.pl/o/mieszkanie-bialystok-centrum-ul-jozefa-marjanskiego-3-pokojowe-i7k8e2,https://s2.adresowa.pl/oi/5c/1a/39765e_c721_cover@2x-3-pokojowe-mieszkanie-bialystok-centrum-ul-jozefa-marjanskiego.webp,Białystok Centrum,Józefa Marjańskiego 3,6,2004.0,apartamentowiec,,"Sprzedam mieszkanie w dobrym stanie, mozliwosc zamieszkania od razu po wydaniu kluczy. Nieruchomosc posiada ksiege wieczysta i jest to pelna wlasnosc Nieruchomosc znajduje sie na szóstym pietrze i ma powierzchnie 77,2m2 Sklada sie salonu z aneksem kuchennym (36,4m2)korytarz (4,4m2) zabudowany szafami , sypialni (17,4 m2), dodatkowy pokoj -gabinet(10,6m2),salon lazienkiegowy z wanną i prysznicem( 8,4m2). Zabudowa kuchni nowa ,wyposażona jest w nowoczesne sprzęty, takie jak lodówka, mikrofala, piekarnik i zmywarka. Pralka -suszarka w zabudowie w przedpokoju. Wyposazenie(meble ,RTV) zostanie. Mieszkanie wyposazone w klimatyzacje LG(chlodzenie-grzanie) Miezkanie położone w ścisłym centrum Białegostoku.Dla mieszkancow przeznaczony jest parking przy budynku do ktorego jest mozliwy wjazd za pomoca karty dostepu Agencjom Pośrednictwa dziękuję,prosze nie dzwonić!!!",,,aneks,plastikowe,własność,"Wyposażenie: klimatyzacje, lodówka, piekarnik, pralka, suszarka, tv, zmywarka",53.129769,23.154625
Białystok Wysoki Stoczek,ul. Dworska,3,64,550000,8594.0,bez pośredników,,14,https://adresowo.pl/o/mieszkanie-bialystok-wysoki-stoczek-ul-dworska-3-pokojowe-t6j7h9,https://s2.adresowa.pl/oi/40/13/3e9488_62fb_cover@2x-3-pokojowe-mieszkanie-bialystok-wysoki-stoczek-ul-dworska.webp,Białystok Wysoki Stoczek,Dworska,2,1998.0,blok,,"SPRZEDAM MIESZKANIE Mieszkanie usytuowane jest na 2. piętrze w 4-piętrowym bloku. W bezpośrednim sąsiedztwie znajdują się ogólnodostępne miejsca parkingowe oraz tereny zielone, idealne na spacery i aktywny wypoczynek. Blok po termomodernizacji (ocieplony), ogrzewanie i ciepła woda z sieci. W skład mieszkania wchodzą: - 3 niezależne pokoje, - kuchnia z zabudową meblową oraz sprzętem AGD: piekarnik, płyta gazowa, zmywarka oraz okap, - przedpokój z dużą szafą oraz pawlaczami, - 2 niezależne łazienki: pierwsza WC wraz z umywalką, druga z umywalką, pralką, wanną oraz meblami, - do mieszkania przynależy piwnica. Mieszkanie jest do odświeżenia i dostępne od zaraz. Zapraszam do kontaktu.",tak,,osobna,drewniane,własność,"Wyposażenie: piekarnik, zmywarka",53.145662,23.103281
Białystok,ul. Adama Mickiewicza,3,68,748000,11000.0,bez pośredników,,18,https://adresowo.pl/o/mieszkanie-bialystok-ul-adama-mickiewicza-3-pokojowe-n4u7y0,https://s2.adresowa.pl/oi/49/3f/3e93aa_bfb2_cover@2x-3-pokojowe-mieszkanie-bialystok-ul-adama-mickiewicza.webp,Białystok ,Adama Mickiewicza,2,2009.0,blok,,"To 3 pokojowe, przestronne, w pełni rozkładowe mieszkanie 68 m² znajduje się na drugim piętrze trzypiętrowego bloku. Jest w bardzo dobrym stanie, gotowe do zamieszkania i sprzedawane z pełnym wyposażeniem, w tym meblami oraz sprzętem AGD. Jest to idealne mieszkanie dla rodziny, pary lub jako kapitał na przyszłość. Do mieszkania przynależy balkon oraz piwnica, co zwiększa jego funkcjonalność. Sercem mieszkania jest jasny i przestronny salon połączony z funkcjonalną i dużą kuchnią. W kuchni i korytarzu dodatkowo jest ogrzewanie podłogowe. Mieszkanie posiada dwa osobne pokoje, a salon z wyjściem na duży balkon ma okna z dwóch stron. Istnieje możliwość przerobienia dużej garderoby na drugą łazienkę lub gabinet. Blok położony jest na zamkniętym osiedlu, posiadającym plac zabaw oraz miejsca parkingowe. Nieruchomość zlokalizowana jest na osiedlu Mickiewicza, które słynie ze świetnie zaprojektowanej infrastruktury. Zaraz przy bloku znajduje się strefa zieleni - idealna na spacery z psem, wygodne ścieżki spacerowe i rowerowe. Lokalizacja zapewnia doskonałą komunikację z resztą miasta. W okolicy znajdują się również sklepy, restauracje oraz placówki edukacyjne, w tym: Urzędy, Galerię Alfa i Biała, Park, Zoo, Teatr Dramatyczny - co czyni tę lokalizację bardzo wygodną do życia. Zapraszamy na prezentację, mieszkanie bezpośrednio od właściciela. Za pomoc pośredników serdecznie dziękujemy - chyba że klient potrzebuje wsparcia agenta do spraw nieruchomości.",tak,,,plastikowe,własność,,53.108488,23.182694
Białystok Piasta,ul. Bolesława Chrobrego,3,53,389000,7340.0,bez pośredników,,7,https://adresowo.pl/o/mieszkanie-bialystok-piasta-ul-boleslawa-chrobrego-3-pokojowe-u9i1r5,https://s2.adresowa.pl/oi/6f/64/3e9114_9cf3_cover@2x-3-pokojowe-mieszkanie-bialystok-piasta-ul-boleslawa-chrobrego.webp,Białystok Piasta,Bolesława Chrobrego,4,1974.0,blok,,"Na sprzedaż 3-pokojowe mieszkanie z balkonem, położone przy ul. Bolesława Chrobrego 5D w Białymstoku, na osiedlu Piasta I. Mieszkanie ma ok. 48 m² powierzchni mieszkalnej, a wraz z pomieszczeniem przynależnym łączna powierzchnia wynosi 53,60 m². Do lokalu przynależy piwnica. Układ mieszkania obejmuje: oddzielną kuchnię z oknem, pokój, salon z wyjściem na balkon, sypialnię z wejściem z salonu, łazienkę, osobne WC oraz przedpokój. Lokal jest jasny, ma duże okna i przyjemny widok z wyższego piętra. Mieszkanie jest w stanie do remontu lub odświeżenia, dzięki czemu nowy właściciel może urządzić je według własnego pomysłu. To dobra propozycja zarówno dla osoby szukającej mieszkania dla siebie, jak i dla inwestora. Atutem jest funkcjonalny metraż, 3 pokoje, oddzielna kuchnia, balkon oraz piwnica. Lokalizacja to spokojna i dobrze skomunikowana część osiedla Piasta I. Pod blokiem sklep Biedronka i inne, szkoły, przedszkole. Blisko do centrum i na uczelnię. W pobliżu znajdują się przystanki komunikacji miejskiej, szkoła, sklepy, punkty usługowe i paczkomat. Ulica Chrobrego znajduje się w granicach osiedla Piasta I, a w bezpośrednim sąsiedztwie są m.in. Mieszka I i Piastowska. Kuchnia: oddzielna, z oknem Łazienka: osobna łazienka z wanną WC: osobne Balkon: tak Stan: do remontu / do własnej aranżacji Okna: PCV Ogrzewanie: miejskie Forma własności: własnościowe",tak,,osobna,plastikowe,własność,,53.132729,23.18751
Białystok Piaski,ul. Jerzego Waszyngtona,2,33,409000,12394.0,Pośrednik,,7,https://adresowo.pl/o/mieszkanie-bialystok-piaski-ul-jerzego-waszyngtona-2-pokojowe-g9d9h6,https://s2.adresowa.pl/oi/73/5b/3e869a_f9aa_cover@2x-2-pokojowe-mieszkanie-bialystok-piaski-ul-jerzego-waszyngtona.webp,Białystok Piaski,Jerzego Waszyngtona,2,1974.0,blok,,"Mieszkanie 2-pokojowe z aneksem kuchennym | Białystok, ul. Waszyngtona Mieszkanie o powierzchni 33 m² po generalnym remoncie, zlokalizowane na 2. piętrze (budynek liczy 11 kondygnacji). Układ składa się z 2 pokoi z otwartą kuchnią oraz balkonu, bokówki i piwnicy. Standard wykończenia: Mieszkanie zostało gruntownie wyremontowane i jest gotowe do wprowadzenia. W ramach remontu wykonano zabudowy na wymiar: szafa w korytarzu, zabudowa łazienkowa oraz zabudowa RTV. Zamontowano nowe okna PCV. Nowa instalacja elektryczna i hydrauliczna. Osiedle i infrastruktura: Budynek dysponuje miejscami parkingowymi za szlabanem, dostępnymi dla mieszkańców. Lokalizacja: Ul. Waszyngtona to świetnie skomunikowane miejsce w Białymstoku. Do Rynku Kościuszki około 5 minut piechotą. Przystanek komunikacji miejskiej w odległości około 200 m od budynku. W pobliżu uczelnia oraz szpital. Pomagamy w uzyskaniu kredytu hipotecznego – współpracujemy z doświadczonymi doradcami finansowymi, którzy przeprowadzą Cię przez cały proces. Zapraszamy do kontaktu i bezpłatnego oglądania.",tak,,,,,Wyposażenie: tv,53.1275,23.1581
Białystok Piasta,ul. Sybiraków,2,49,529000,10796.0,Pośrednik,,18,https://adresowo.pl/o/mieszkanie-bialystok-piasta-ul-sybirakow-2-pokojowe-c7o4b3,https://s2.adresowa.pl/oi/2a/2c/3e823e_4c31_cover@2x-2-pokojowe-mieszkanie-bialystok-piasta-ul-sybirakow.webp,Białystok Piasta,Sybiraków,4,,blok,,"Na sprzedaż mieszkanie 49,59 m² na osiedlu Piasta I przy ul. Sybiraków w Białymstoku. Lokal znajduje się w budynku z cegły na spokojnym, dobrze skomunikowanym osiedlu z pełną infrastrukturą. Funkcjonalny układ, który daje komfort codziennego życia! Układ mieszkania: 2 ustawne pokoje osobna kuchnia – duży plus dla komfortu życia i wynajmu łazienka z wanną przedpokój z dużą ilością miejsca do przechowywania balkon z przyjemnym widokiem duża piwnica Lokal jest w pełni funkcjonalny i wyposażony, więc można w nim komfortowo mieszkać już od pierwszego dnia. Wyposażenie: AGD (piekarnik, zmywarka, lodówka, pralka, suszarka, TV), meble, domofon Jedno z bardziej spokojnych i zielonych osiedli w Białymstoku. W bezpośrednim otoczeniu: teren ogrodzony, na którym znajduje się budynek – zapewniający poczucie bezpieczeństwa dużo zieleni i cicha, spokojna okolica plac zabaw dla dzieci na wewnętrznym dziedzińcu parking zamknięty i otwarty – zawsze dostępne miejsca Cena: 529 000 zł Czynsz: ok. 630 zł Mieszkanie dostępne od zaraz. Zapraszam do kontaktu i umówienia prezentacji.",tak,,,,,"Wyposażenie: lodówka, piekarnik, pralka, suszarka, tv, zmywarka",53.1324,23.1964
Białystok Centrum,ul. Adama Mickiewicza,3,57,579000,10158.0,bez pośredników,,11,https://adresowo.pl/o/mieszkanie-bialystok-centrum-ul-adama-mickiewicza-3-pokojowe-v6b8l6,https://s2.adresowa.pl/oi/32/2c/3e8f94_8209_cover@2x-3-pokojowe-mieszkanie-bialystok-centrum-ul-adama-mickiewicza.webp,Białystok Centrum,Adama Mickiewicza,11,1989.0,blok,,"Sprzedam mieszkanie w bloku mieszkalnym 57,40 m² na 11 (ostatnim) piętrze przy ulicy Mickiewicza. Na sprzedaż mieszkanie po generalnym remoncie położone w ścisłym centrum Białegostoku, w rejonie Galerii Alfa oraz Galerii Białej. Lokalizacja ta gwarantuje doskonały dostęp do infrastruktury miejskiej, komunikacji oraz instytucji publicznych. Mieszkanie jest po generalnym remoncie. W skład mieszkania wchodzi: duży salon, 2 pokoje, kuchnia, łazienka i korytarz. W całym domu została wymieniona instalacja elektryczna, instalacja hydrauliczna, grzejniki. Zamontowana została trzyszybowa stolarka okienna z nowymi parapetami oraz nowe drzwi zewnętrzne i wewnętrzne. Położone zostały nowe podłogi. Lokal jest gotowy do wprowadzenia i zamieszkania, bez konieczności ponoszenia dodatkowych nakładów finansowych. Mieszkanie z widokiem na zielone i spokojne osiedle, zapewnia komfort akustyczny, pomimo lokalizacji w centrum miasta. Mieszkanie zostało urządzone w sposób przemyślany i komfortowy. Do mieszkania przynależą miejsca postojowe za szlabanem. Dodatkowo do lokalu przysługuje piwnica. W pobliżu znajdują się m.in.: liczne punkty handlowe, usługowe, restauracje, Uniwersytet Medyczny, Urząd Wojewódzki Urząd Miasta oraz kompleks szpitali. Możliwość kupna nieruchomości wraz z meblami oraz rtv i agd. Sprzedaż bezpośrednia, pomagam ze wszelką dokumentacją. Biurom nieruchomości dziękuję. W przypadku gotówki negocjacja ceny, możliwa zamiana na mieszkanie/dom do remontu. Zapraszam do kontaktu w celu prezentacji mieszkania.",tak,tak,osobna,,własność,Wyposażenie: tv,53.123042,23.172225
Białystok Nowe Miasto,ul. Zachodnia,2,45,563000,12511.0,bez pośredników,,8,https://adresowo.pl/o/mieszkanie-bialystok-nowe-miasto-ul-zachodnia-2-pokojowe-h0b4d5,https://s2.adresowa.pl/oi/4c/3f/3e89f4_afa0_cover@2x-2-pokojowe-mieszkanie-bialystok-nowe-miasto-ul-zachodnia.webp,Białystok Nowe Miasto,Zachodnia,4,2014.0,blok,,"Na sprzedaż jasne i funkcjonalne mieszkanie 45,04 m2 na ulicy Zachodniej 2G, tuż za lidlem, 5 min od Politechniki Białostockiej w nowym budownictwie, dwie windy w bloku z 2014 roku. - 2 niezależne pokoje - pełna prywatność - Korytarz z pojemną szafą w zabudowie - Oddzielna kuchnia - Łazienka z kabiną prysznicową i pralką - 4. piętro - cisza i dobry widok - Dwie windy w bloku - wygoda na co dzień - Miejsce postojowe w garażu podziemnym - zero stresu z parkowaniem (można zrezygnować z zakupu) Mieszkanie to gotowy biznes na wynajem bądź komfortowe lokum do zamieszkania.",,tak,osobna,,,,53.112826,23.132454
Białystok Leśna Dolina,ul. Armii Krajowej,4,54,482000,8926.0,bez pośredników,,12,https://adresowo.pl/o/mieszkanie-bialystok-lesna-dolina-ul-armii-krajowej-4-pokojowe-i9v7n7,https://s2.adresowa.pl/oi/48/65/3e8140_b410_cover@2x-4-pokojowe-mieszkanie-bialystok-lesna-dolina-ul-armii-krajowej.webp,Białystok Leśna Dolina,Armii Krajowej,3,1994.0,blok,,"Na sprzedarz mieszkanie 4 pokojowe na 3 z 4 pięter w bloku z cegły z 1994 roku z aneksem kuchennym o pow. 54,6m2 na ulicy Armii Krajowej. Do mieszkania przynależy piwnica i zabudowany balkon. Blisko szkoły, przedszkola, przystanki autobusowe oraz sklepy. Cena 482000. Kontakt tel",tak,,aneks,plastikowe,własność,,53.130659,23.092901
Białystok,ul. Jana Kochanowskiego,3,58,799870,13791.0,Pośrednik,,18,https://adresowo.pl/o/mieszkanie-bialystok-ul-jana-kochanowskiego-3-pokojowe-g1h6m1,https://s2.adresowa.pl/oi/68/18/3e8200_e485_cover@2x-3-pokojowe-mieszkanie-bialystok-ul-jana-kochanowskiego.webp,Białystok ,Jana Kochanowskiego,1,2019.0,apartamentowiec,,"Przestronne mieszkanie 3-pokojowe z kuchnią | Białystok, ul. Kochanowskiego Mieszkanie o powierzchni 58,73 m² w bloku z 2019 roku, zlokalizowane na 1. piętrze (budynek liczy 7 kondygnacji). Układ składa się z 3 osobnych pokoi oraz oddzielnej kuchni. Balkon wychodzi na poziom zamkniętej części osiedla. Osiedle i infrastruktura: Zamknięte, monitorowane osiedle z siłownią zewnętrzną oraz placem zabaw dla dzieci. Do mieszkania przynależy jedno miejsce w garażu podziemnym (dodatkowo płatne 70.000zł). Dla mieszkańców bloku dostępne są również dodatkowe ogólnodostępne miejsca garażowe. Lokalizacja: Ul. Kochanowskiego to doskonale skomunikowany punkt na mapie Białegostoku. Do Rynku Kościuszki około 10 minut piechotą. W pobliżu komunikacja miejska, szkoły, sklepy oraz uczelnia. Finansowanie: Pomagamy w uzyskaniu kredytu hipotecznego – współpracujemy z doświadczonymi doradcami finansowymi, którzy przeprowadzą Cię przez cały proces. Nieruchomość bez obciążeń, gotowa do szybkiej transakcji. Zapraszamy do kontaktu i bezpłatnego oglądania.",,tak,osobna,,,,53.124,23.1434
Białystok Centrum,ul. prof. Andrzeja Kalicińskiego,2,41,410000,10000.0,Pośrednik,,10,https://adresowo.pl/o/mieszkanie-bialystok-centrum-ul-prof-andrzeja-kalicinskiego-2-pokojowe-w2k8u4,https://s2.adresowa.pl/oi/58/4b/3e5a8e_855f_cover@2x-2-pokojowe-mieszkanie-bialystok-centrum-ul-prof-andrzeja-kalicinskiego.webp,Białystok Centrum,prof. Andrzeja Kalicińskiego,parter,1970.0,blok,,"Zapraszamy do zapoznania się z ofertą sprzedaży lokalu mieszkalnego położonego w centrum Białystok, przy ul. Kalinowskiego. Oferujemy przestronne 2-pokojowe mieszkanie z oddzielną kuchnią , położone na parterze w doskonałej lokalizacji. Mieszkanie jest jasne i funkcjonalne - idealne zarówno do komfortowego zamieszkania, jak i pod inwestycję lub wynajem. Dzięki praktycznemu układowi pomieszczeń wnętrze daje wiele możliwości aranżacyjnych. Atutem nieruchomości jest świetna lokalizacja w ścisłym centrum miasta , zapewniająca szybki dostęp do najważniejszych punktów Białystok. W najbliższej okolicy znajdują się uczelnie, szkoły, galerie handlowe, sklepy spożywcze, restauracje, kawiarnie oraz przystanki komunikacji miejskiej . To miejsce idealne dla osób ceniących wygodę życia w centrum i dostęp do pełnej infrastruktury miejskiej. Lokalizacja: • 2 minuty pieszo do Opera i Filharmonia Podlaska • 3 minuty do centrum miasta • w pobliżu tereny zielone i miejsca spacerowe • szybki dojazd do innych części miasta Mieszkanie znajduje się w spokojnym sąsiedztwie, co dodatkowo podnosi komfort codziennego życia. Do lokalu przynależy piwnica , która zapewnia dodatkową przestrzeń do przechowywania. Czynsz administracyjny wynosi ok. 470 zł/mies . To doskonała propozycja dla singla, pary, rodziny lub inwestora poszukującego nieruchomości w atrakcyjnej lokalizacji. *Oferta objęta klauzulą wyłączności* Zapraszamy do kontaktu!",,,,,własność,,53.131519,23.150205
Białystok Białostoczek,ul. Kozłowa,3,48,440000,9167.0,bez pośredników,,6,https://adresowo.pl/o/mieszkanie-bialystok-bialostoczek-ul-kozlowa-3-pokojowe-u6y8s9,https://s2.adresowa.pl/oi/27/64/3e804e_cd11_cover@2x-3-pokojowe-mieszkanie-bialystok-bialostoczek-ul-kozlowa.webp,Białystok Białostoczek,Kozłowa,4,1980.0,blok,,"Na sprzedaż mieszkanie na os. bialostoczek. Spokojna okolica, w bloku osoby starsze, cisza i spokój. Łazienka dzielona. Remont nie robiony od ponad 10 lat, ale została poprowadzona nowa elektryka w niektórych pomieszczeniach. Biurom dziękuję Proszę pisać SMS gdyż przez pracę zmianową mam utrudniony kontakt. Oddzwonię",tak,,osobna,plastikowe,własność,,53.143131,23.152576
Białystok Piasta,ul. Warszawska,2,32,320000,10000.0,bez pośredników,,10,https://adresowo.pl/o/mieszkanie-bialystok-piasta-ul-warszawska-2-pokojowe-r5s5b5,https://s2.adresowa.pl/oi/7d/36/3e803a_83e4_cover@2x-2-pokojowe-mieszkanie-bialystok-piasta-ul-warszawska.webp,Białystok Piasta,Warszawska,6,1975.0,blok,,"Na sprzedaż stylowe i funkcjonalne mieszkanie zlokalizowane na osiedlu Piasta, przy ul. Warszawskiej 76. Bardzo przytulne. Położone w doskonałej lokalizacji, blisko centrum miasta, z bogatą infrastrukturą osiedla: w pobliżu szkoły, przedszkola, apteki, przychodnia, punkty usługowe. Pod blokiem ogólnodostępne miejsca parkingowe oraz skwer z zielenią. Mieszkanie mieści się na 6. piętrze z windą, do zamieszkania od razu lub po drobnym odświeżeniu. Funkcjonalny układ: pokój z aneksem kuchennym, oddzielna sypialnia, łazienka z WC. Mieszkanie słoneczne i ciepłe. Na balkonie jest zamontowana siatka dla zwierząt. Miesięczny czynsz to ok. 430 zł, w tej cenie są wszystkie opłaty. Oddzielnie prąd + internet. Idealne jako inwestycja pod wynajem lub dla siebie do zamieszkania w wygodnej lokalizacji. Zapraszam do kontaktu po 15:00.",tak,,aneks,plastikowe,,Wyposażenie: internet,53.127414,23.180902
Białystok,Bojary,2,52,435000,8365.0,bez pośredników,,8,https://adresowo.pl/o/mieszkanie-bialystok-bojary-2-pokojowe-52-m2-x6j0y2,https://s2.adresowa.pl/oi/7a/52/3e7aa2_8754_cover@2x-2-pokojowe-mieszkanie-bialystok-bojary.webp,Białystok Bojary,,2,1997.0,blok,,"Bezpośrednio, bez prowizji. Biurom nieruchomości dziękuję. Oferuję kameralne mieszkanie w bardzo spokojnej okolicy, a jednocześnie bardzo blisko centrum. Mieszkanie składa się z dwóch pokoi, oddzielnej kuchni, dużej łazienki oraz obszernego przedpokoju. W bardzo bliskiej okolicy znajduje się publiczne przedszkole, szkoła oraz cała gama sklepów (CH Ryska: 5 minut pieszo, Galeria Jurowiecka: 7 minut pieszo), sklepy spożywcze czynne 7 dni w tygodniu (nie tylko Żabka). W okolicznych blokach są również dostępne prywatne żłobki oraz przedszkola, przychodnie lekarskie, lecznica weterynaryjna. Teren na którym znajduje się kamienica jest zamknięty, dzięki czemu nie ma problemu z miejscami parkingowymi. To idealne miejsce dla osób ceniących komfort i wygodę. Bliskość wszelkiej infrastruktury: przedszkola, szkoły, sklepy, przychodnie, park Planty, baseny, komunikacja miejska w każdym kierunku miasta, Rynek Kościuszki, Uniwersytet Medyczny, Wydział Prawa, Urząd Miejski, to wszystko dostępne spacerkiem od 5 do 15 minut sprawia, że mieszkanie jest bardzo dobrą opcją inwestycyjną pod wynajem hotelowy lub dla studentów, a także do spokojnego zamieszkania na długo. Zapraszam do kontaktu i oglądania.",,,osobna,,,,53.136226,23.17699
Białystok Nowe Miasto,ul. Zachodnia,3,65,679000,10446.0,Pośrednik,,18,https://adresowo.pl/o/mieszkanie-bialystok-nowe-miasto-ul-zachodnia-3-pokojowe-e4e6g5,https://s2.adresowa.pl/oi/3a/70/3e3e6a_411a_cover@2x-3-pokojowe-mieszkanie-bialystok-nowe-miasto-ul-zachodnia.webp,Białystok Nowe Miasto,Zachodnia,2,1995.0,blok,,"Na sprzedaż przestronne i funkcjonalne mieszkanie o powierzchni 65,2 m², położone na 2 piętrze w kameralnym, niskim bloku z cegły z 1995 roku przy ul. Zachodniej na osiedlu Nowe Miasto w Białymstoku. Mieszkanie wyróżnia funkcjonalny układ pomieszczeń, bardzo dobre doświetlenie wnętrz oraz spokojne, zielone otoczenie. To nieruchomość gotowa do zamieszkania bez dodatkowych nakładów finansowych. ⸻ NAJWAŻNIEJSZE ATUTY • 65,2 m² – bardzo funkcjonalny układ • salon + 2 niezależne sypialnie • oddzielna, w pełni wyposażona kuchnia • 2 balkony z widokiem na zieleń • dodatkowe pomieszczenie: druga łazienka / pralnia / pomieszczenie gospodarcze • klimatyzacja w salonie z funkcją grzania • mieszkanie dwustronne • ekspozycja salonu południowo-zachodnia • kameralny, niski blok z cegły z 1995 roku • spokojna, zielona okolica • duża piwnica 7,5 m² • okna plastikowe trzyszybowe • drzwi antywłamaniowe + wideowizjer • mieszkanie gotowe do zamieszkania • bardzo dobra lokalizacja – Nowe Miasto ⸻ UKŁAD MIESZKANIA Mieszkanie zostało bardzo dobrze zaprojektowane pod kątem codziennego komfortu życia. Wyraźnie oddzielona została część dzienna od prywatnej, co daje poczucie przestrzeni i wygody. W skład mieszkania wchodzą: • przestronny salon z wyjściem na balkon • dwie niezależne, ustawne sypialnie • oddzielna kuchnia z oknem • łazienka z wanną • dodatkowa druga łazienka / pralnia / pomieszczenie gospodarcze • funkcjonalny przedpokój z miejscem do przechowywania • dwa balkony • piwnica 7,5 m² Dużym atutem mieszkania jest jego dwustronność oraz bardzo dobre doświetlenie wnętrz. ⸻ STANDARD I WYKOŃCZENIE Mieszkanie jest zadbane, bardzo dobrze utrzymane i gotowe do zamieszkania bez dodatkowych nakładów finansowych. Wnętrza są jasne, funkcjonalne i tworzą przyjemną przestrzeń do codziennego życia. W mieszkaniu zastosowano praktyczne i trwałe rozwiązania, m.in.: • klimatyzację w salonie z funkcją grzania • dużą zabudowę stolarską w sypialni • trzyszybowe okna zapewniające dobrą izolację i komfort akustyczny • drzwi antywłamaniowe z wideowizjerem Oddzielna kuchnia została wyposażona w niezbędne AGD: • lodówkę • zmywarkę • piekarnik • płytę gazową Kuchnia została doposażona w nowoczesne AGD, a piekarnik oraz płyta gazowa są nadal objęte gwarancją producenta. Mieszkanie nie wymaga dodatkowych nakładów finansowych i może zostać zamieszkane od razu po zakupie. ⸻ DLA KOGO? • dla rodziny • dla pary potrzebującej dodatkowego pokoju do pracy • dla osób ceniących spokojną i zieloną okolicę • dla klientów szukających komfortowego mieszkania w dobrej lokalizacji • również jako inwestycja pod wynajem Układ mieszkania daje duże możliwości aranżacyjne i zapewnia wygodę codziennego funkcjonowania. ⸻ LOKALIZACJA – NOWE MIASTO | UL. ZACHODNIA Jedno z najbardziej cenionych osiedli do życia w Białymstoku. Nowe Miasto to lokalizacja, która łączy spokój, dużo zieleni oraz bardzo dobrą infrastrukturę z szybkim dojazdem do centrum miasta. W pobliżu znajdują się: • sklepy i punkty usługowe • szkoły i przedszkola • przystanki komunikacji miejskiej • tereny spacerowe i rekreacyjne • Las Turczyński To idealna okolica do codziennego życia – spokojna, wygodna i świetnie skomunikowana. ⸻ INFORMACJE DODATKOWE • powierzchnia: 65,2 m² • czynsz: ok. 900 zł • 2 piętro z 2 • blok z cegły z 1995 roku • ekspozycja: południowy-zachód / północny-wschód ⸻ FINANSOWANIE Kupując z nami, uzyskasz wsparcie doświadczonego doradcy kredytowego, który pomoże wybrać najlepsze warunki finansowania i przeprowadzi Cię przez cały proces kredytowy. ⸻ To propozycja dla osób szukających komfortowego mieszkania w spokojnej, zielonej okolicy z doskonałą infrastrukturą do codziennego życia. Zapraszam do kontaktu i umówienia prezentacji nieruchomości.",tak,,osobna,,,"Wyposażenie: klimatyzacja, lodówkę, piekarnik, zmywarkę",53.1104,23.1263
Białystok Leśna Dolina,skwer Armii Krajowej,3,52,369000,7096.0,Pośrednik,,17,https://adresowo.pl/o/mieszkanie-bialystok-lesna-dolina-skwer-armii-krajowej-3-pokojowe-u3c5l3,https://s2.adresowa.pl/oi/7e/3a/3e2f5c_bebe_cover@2x-3-pokojowe-mieszkanie-bialystok-lesna-dolina-skwer-armii-krajowej.webp,Białystok Leśna Dolina,skwer Armii Krajowej,4,1992.0,blok,,"Na sprzedaż 3-pokojowe mieszkanie o powierzchni 52,40 m², położone na 4 piętrze w budynku przy ul. Armii Krajowej w Białymstoku. To propozycja dla osób, które szukają funkcjonalnego mieszkania w dobrze skomunikowanej części miasta, z szybkim dostępem do sklepów, usług i terenów zielonych. Mieszkanie jest jasne i dobrze rozplanowane, dzięki czemu sprawdzi się zarówno dla rodziny, pary, jak i osób szukających nieruchomości pod inwestycję. Na powierzchnię mieszkania składają się trzy oddzielne pokoje, osobna kuchnia, łazienka oraz przedpokój. Układ pomieszczeń zapewnia wygodę codziennego użytkowania i daje możliwość własnej aranżacji wnętrza. W jednym z pokoi została wymieniona instalacja elektryczna. Mieszkanie jest zadbane i daje możliwość stopniowego dostosowania wnętrza do własnych potrzeb. Czynsz przy 4 osobach wynosi około 800 zł. Dużym atutem nieruchomości jest lokalizacja. W pobliżu znajdują się sklepy, szkoły, punkty usługowe, przystanki komunikacji miejskiej oraz miejsca idealne do spacerów i codziennego wypoczynku. Skontaktuj się i umów się na prezentację. UWAGA! Dla zainteresowanych klientów oferujemy również pomoc w uzyskaniu kredytu hipotecznego. Współpracujemy z doświadczonym doradcą finansowym, który bezpłatnie sprawdzi zdolność kredytową, porówna oferty banków i przeprowadzi przez cały proces finansowania zakupu nieruchomości. Oferta dostępna wyłącznie w biurze ROOMVIBES Nieruchomości.",tak,,osobna,,,,53.1281,23.0973
Białystok Bojary,ul. Dobra,4,89,1043000,11719.0,bez pośredników,,20,https://adresowo.pl/o/mieszkanie-bialystok-bojary-ul-dobra-4-pokojowe-g5u1c4,https://s2.adresowa.pl/oi/38/14/3e7802_e7de_cover@2x-4-pokojowe-mieszkanie-bialystok-bojary-ul-dobra.webp,Białystok Bojary,Dobra,1,2010.0,blok,,"Na sprzedaż wyjątkowe, w pełni wyposażone i gotowe do zamieszkania mieszkanie o powierzchni 89,92 m², zlokalizowane przy ul. Dobrej. Nieruchomość z 2010 roku znajduje się na I piętrze w nowoczesnym bloku z windą, na terenie kameralnego, zadbanego osiedla z domofonem. Mieszkanie zostało zaprojektowane z myślą o maksymalnej funkcjonalności: - strefa dzienna: przestronny salon połączony z nowoczesną, w pełni wyposażoną kuchnią. - sypialnia główna: prywatna oaza spokoju z pojemną garderobą. - dwa dodatkowe pokoje: idealne jako pokoje dla dzieci, gabinet do pracy zdalnej lub pokoje gościnne. - kuchnia w pełni wyposażona w sprzęt AGD, w tym m.in. piekarnik, zmywarkę, mikrofalówkę oraz dużą, dwuskrzydłową lodówkę z kostkarką. - łazienka wyposażona zarówno w wannę, jak i prysznic, pralkę oraz komfortowe podgrzewanie podłogowe. - duży dwustronny balkon wyłożony elegancką deską tarasową - idealne miejsce na popołudniowy relaks w promieniach słońca (od strony zachodniej). Dodatkowy atut: Do mieszkania przynależy zamykany garaż podziemny, który zapewnia pełen komfort parkowania i dodatkowe miejsce do przechowywania. Istnieje możliwość sprzedaży samego mieszkania. Cena mieszkania: 1.043.000,00 zł. Cena garażu: 80.000,00 zł.",,tak,,drewniane,własność,"Wyposażenie: lodówkę, piekarnik, pralkę, zmywarkę",53.138511,23.18089
Białystok Centrum,ul. Michała Wołodyjowskiego,1,29,335000,11552.0,bez pośredników,,5,https://adresowo.pl/o/mieszkanie-bialystok-centrum-ul-michala-wolodyjowskiego-1-pokoj-r3q7v3,https://s2.adresowa.pl/oi/63/74/3e74fc_f208_cover@2x-1-pokojowe-mieszkanie-bialystok-centrum-ul-michala-wolodyjowskiego.webp,Białystok Centrum,Michała Wołodyjowskiego,3,,blok,,"Sprzedam kawalerkę położoną w doskonałej lokalizacji centrum Białegostoku ul. Wołodyjowskiego. Doskonała lokalizacja: 50 m od szpitala DSK, 200 m od Politechniki. Stan bardzo dobry, wszystko sprawne, nie wymaga żadnych nakładów, gotowe do zamieszkania.",,,,,,,53.12098,23.159224
Białystok,ul. Mikołaja Kopernika,4,61,455000,7459.0,bez pośredników,,8,https://adresowo.pl/o/mieszkanie-bialystok-ul-mikolaja-kopernika-4-pokojowe-a6j6r5,https://s2.adresowa.pl/oi/7e/25/3e732e_54c5_cover@2x-4-pokojowe-mieszkanie-bialystok-ul-mikolaja-kopernika.webp,Białystok ,Mikołaja Kopernika,2,1977.0,blok,,"Oferuję na sprzedaż mieszkanie o powierzchni 61.72m², usytuowane na drugim piętrze bloku. Nieruchomość składa się z czterech pokoi, co daje wiele możliwości zagospodarowania. Blok znajduje się na osiedlu Bema, blisko do centrum miasta, politechniki czy też stadionu miejskiego. Nieopodal jest żłobek, siłownia, Biedronka czy też apteka. Przystanek autobusowy znajduje się 2 minuty pieszo od mieszkania. Stan nieruchomości oceniam jako do remontu, ale nie generalnego. Stolarka okienna oraz podłoga jest w bardzo ładnym stanie. Do dyspozycji przyszłych właścicieli jest również piwnica. Dookoła bloku jest mnóstwo miejsc parkingowych, więc zaparkowanie auta nie stanowi problemu. Dla właścicieli czworonogów jest wydzielony mały spacerniak, a dla dzieci plac zabaw. Rok oddania do użytkowania: 1977. Nieruchomość wyceniłem na 455 000 PLN. Biurom nieruchomości z góry dziękuję. To doskonała oferta dla rodzin, studentów czy też inwestorów. Więcej informacji udzielę telefonicznie. Cena do niewielkiej negocjacji.",tak,,,,,,53.125528,23.13387
Białystok Antoniuk,ul. Hanki Ordonówny,3,37,449000,12135.0,Pośrednik,,9,https://adresowo.pl/o/mieszkanie-bialystok-antoniuk-ul-hanki-ordonowny-3-pokojowe-v3i7j1,https://s2.adresowa.pl/oi/32/76/3e2f58_ce6f_cover@2x-3-pokojowe-mieszkanie-bialystok-antoniuk-ul-hanki-ordonowny.webp,Białystok Antoniuk,Hanki Ordonówny,1,1968.0,blok,,"Na sprzedaż: 3-pokojowe mieszkanie po generalnym remoncie – ul. Ordonówny, Białystok Na sprzedaż funkcjonalne i w pełni wyremontowane mieszkanie o powierzchni 37 m², położone na 1 piętrze w niskim, 4-piętrowym bloku na osiedlu Antoniuk przy ul. Ordonówny w Białymstoku. Do mieszkania przynależy również piwnica. Najważniejsze atuty nieruchomości: • mieszkanie po generalnym remoncie – gotowe do zamieszkania • wymienione wszystkie instalacje: elektryczna, hydrauliczna oraz rury • funkcjonalny układ 3 pokoi • salon z aneksem kuchennym • sypialnia z garderobą • dodatkowy pokój idealny na gabinet lub pokój dziecięcy • 1 piętro – wygodna kondygnacja • nowoczesne AGD w cenie mieszkania • wysoki standard wykończenia Dodatkowe informacje: • mieszkanie jednostronne i bardzo ustawne • blok położony w głębi osiedla – z dala od ruchliwej ulicy • cicha i spokojna okolica • w pobliżu park oraz plac zabaw • dużo zieleni wokół budynku • pełna infrastruktura w najbliższym otoczeniu – sklepy, szkoły, przedszkola oraz komunikacja miejska • szybki dojazd do centrum miasta • czynsz administracyjny: 490 zł • idealne zarówno do zamieszkania, jak i pod inwestycję • blok po termomodernizacji • wyremontowana klatka schodowa Lokalizacja: Osiedle Antoniuk to jedna z najbardziej praktycznych lokalizacji w Białymstoku – świetnie skomunikowana, a jednocześnie spokojna i wygodna do codziennego życia. Zapraszam do kontaktu i umówienia prezentacji!",tak,,,,,,53.1402,23.1288
Białystok Nowe Miasto,ul. Kazimierza Pułaskiego,2,44,499900,11361.0,Pośrednik,,17,https://adresowo.pl/o/mieszkanie-bialystok-nowe-miasto-ul-kazimierza-pulaskiego-2-pokojowe-c4k1j3,https://s2.adresowa.pl/oi/67/70/3deb8a_6414_cover@2x-2-pokojowe-mieszkanie-bialystok-nowe-miasto-ul-kazimierza-pulaskiego.webp,Białystok Nowe Miasto,Kazimierza Pułaskiego,3,1992.0,blok,,"2-pokojowe mieszkanie przy ul. Pułaskiego w Białymstoku – gotowe do zamieszkania! Na sprzedaż funkcjonalne i zadbane mieszkanie zlokalizowane przy ul. Pułaskiego w Białymstoku. Nieruchomość idealnie sprawdzi się zarówno dla pary lub jako inwestycja pod wynajem. Mieszkanie składa się z: - Sypialni z dużą szafą - salonu z kuchnią, - łazienki z wanną, - przedpokoju z szafą. Lokal znajduje się na 3 piętrze w 4-piętrowym bloku z cegły z 1992 roku, co zapewnia solidne wykonanie budynku oraz dobrą izolację. Dodatkowe atuty nieruchomości: - duży balkon, - piwnica zapewniająca dodatkową przestrzeń do przechowywania, - czynsz około 700 zł, - mieszkanie w stanie do zamieszkania – gotowe do wprowadzenia bez nakładów finansowych. Świetna lokalizacja zapewnia szybki dostęp do centrum miasta oraz pełnej infrastruktury – w pobliżu znajdują się sklepy, szkoły, przystanki komunikacji miejskiej oraz tereny rekreacyjne. Dodatkowo pomagamy naszym klientom w całym procesie zakupu nieruchomości, w tym również w uzyskaniu kredytu hipotecznego – od analizy zdolności kredytowej po wybór najkorzystniejszej oferty finansowania. Jeśli szukasz mieszkania w dobrej lokalizacji, które możesz od razu zamieszkać lub wynająć — ta oferta może być właśnie dla Ciebie. Zapraszam do kontaktu i na prezentację nieruchomości.",tak,,,,,,53.1085,23.1275
Białystok Centrum,ul. Ciepła,3,37,435000,11757.0,bez pośredników,,1,https://adresowo.pl/o/mieszkanie-bialystok-centrum-ul-ciepla-3-pokojowe-i1r3b2,https://s2.adresowa.pl/oi/7f/62/3e70e0_73af_cover@2x-3-pokojowe-mieszkanie-bialystok-centrum-ul-ciepla.webp,Białystok Centrum,Ciepła,2,1976.0,blok,,"Mieszkanie w trakcie remontu do z możliwością własnej aranżacji. 3 pokoje w centrum z balkonem francuskim. Klatka świeżo po remoncie. Ładny blok, świetna lokalizacja.",tak,,aneks,plastikowe,spółdzielcze własnościowe,,53.142024,23.166505
Białystok Piaski,ul. Marii Skłodowskiej-Curie,2,42,390000,9286.0,bez pośredników,,6,https://adresowo.pl/o/mieszkanie-bialystok-piaski-ul-marii-sklodowskiej-curie-2-pokojowe-q2q0f9,https://s2.adresowa.pl/oi/21/2b/3e7092_6ff8_cover@2x-2-pokojowe-mieszkanie-bialystok-piaski-ul-marii-sklodowskiej-curie.webp,Białystok Piaski,Marii Skłodowskiej-Curie,1,1962.0,kamienica,,"Na sprzedaż 2-pokojowe mieszkanie o funkcjonalnym układzie, położone w świetnej lokalizacji — ul. Marii Skłodowskiej-Curie 4 w Białymstoku. Lokal znajduje się w kameralnym, niskim bloku z cegły z lat 60., w samym sercu miasta, z szybkim dostępem do uczelni, komunikacji miejskiej, sklepów i terenów zielonych. Mieszkanie jest jasne i ustawne, idealne zarówno dla rodziny, pary, jak i pod inwestycję pod wynajem. Klasyczny rozkład pomieszczeń zapewnia wygodę codziennego użytkowania. Duże okna dobrze doświetlają wnętrza, a solidne budownictwo z cegły gwarantuje dobrą izolację termiczną i akustyczną. Najważniejsze atuty: - atrakcyjna lokalizacja w centrum Białegostoku, - niski blok z cegły, - funkcjonalny układ - oddzielna kuchnia, - piwnica, - pełna infrastruktura w zasięgu kilku minut. W pobliżu znajdują się: - Politechnika Białostocka i Uniwersytet Medyczny, - sklepy, punkty usługowe i restauracje, - szkoły i przedszkola, - przystanki autobusowe, - park i ścieżki spacerowe. Mieszkanie sprawdzi się zarówno do zamieszkania od razu, jak i jako baza do własnej aranżacji lub inwestycja na wynajem.",tak,,osobna,plastikowe,własność,,53.129333,23.157071
Białystok Centrum,ul. Lipowa,2,47,560000,11915.0,bez pośredników,,8,https://adresowo.pl/o/mieszkanie-bialystok-centrum-ul-lipowa-2-pokojowe-t0j1p2,https://s2.adresowa.pl/oi/22/59/3e7058_a740_cover@2x-2-pokojowe-mieszkanie-bialystok-centrum-ul-lipowa.webp,Białystok Centrum,Lipowa,1,1955.0,kamienica,,"Sprzedam mieszkanie w ścisłym centrum Białegostoku, ul. Lipowa 18, w wyremontowanej kamienicy. Mieszkanie dwupokojowe, w pełni wyposażone, nowocześnie urządzone - gotowe do wprowadzenia lub wynajmu, z piwnicą. Okna mieszkania od wewnątrz dziedzińca, co daje jednocześnie ciszę i spokój. Pod blokiem od wewnątrz miejsca parkingowe za szlabanem tylko dla mieszkańców kamienicy. Wspólnota mieszkaniowa, niski czynsz. Zapraszam do kontaktu.",tak,tak,,plastikowe,własność,,53.133844,23.15091
Białystok Piasta,ul. Mieszka I 1,2,32,329000,10281.0,Pośrednik,,10,https://adresowo.pl/o/mieszkanie-bialystok-piasta-ul-mieszka-i-2-pokojowe-p5r1k0,https://s2.adresowa.pl/oi/78/1c/3de138_f7cf_cover@2x-2-pokojowe-mieszkanie-bialystok-piasta-ul-mieszka-i.webp,Białystok Piasta,Mieszka I 1,3,1980.0,blok,,"Przytulne dwa pokoje blisko Centrum Zapraszamy Państwa do zapoznania się z ofertą mieszkania o powierzchni 32,70m 2 , położonego na 3 piętrze w 4-piętrowym bloku po termomodernizacji zlokalizowanym na osiedlu Piasta, przy ulicy Mieszka I 1 . Na powierzchnię mieszkania składa się: przedpokój kuchnia 2 pokoje łazienka z wc. Do mieszkania przynależy piwnica. Dużą zaletą jest położenie mieszkania - jest bardzo jasne i słoneczne. Mieszkanie do odświeżenia lub częściowego remontu, dzięki czemu przyszły właściciel będzie mógł je urządzić zgodnie ze swoimi preferencjami i gustem. Czynsz wynosi 480 zł. Bardzo zadbane klatki schodowe - świeżo po remoncie oraz zamontowany domofon zdecydowanie podnoszą komfort mieszkania. Mieszkanie nadaje się również jako inwestycja pod wynajem. Mieszkanie będzie idealne dla osób doceniających uroki bliskości centrum miasta i poszukujących przytulnego mieszkania w popularnej lokalizacji. Oferta dostępna tylko u nas. Pośrednik odpowiedzialny zawodowo za wykonanie umowy pośrednictwa: Aneta Grzegorek (licencja nr: 23825)",,,,plastikowe,spółdzielcze własnościowe,,53.132489,23.16884
Białystok Nowe Miasto,ul. Świętego Jerzego,4,79,879000,11127.0,Pośrednik,,19,https://adresowo.pl/o/mieszkanie-bialystok-nowe-miasto-ul-swietego-jerzego-4-pokojowe-j3v5t4,https://s2.adresowa.pl/oi/3d/3a/3dd6c8_b8d7_cover@2x-4-pokojowe-mieszkanie-bialystok-nowe-miasto-ul-swietego-jerzego.webp,Białystok Nowe Miasto,Świętego Jerzego,parter,2015.0,blok,,"Na sprzedaż przestronne, 4-pokojowe mieszkanie o powierzchni 79,6 m², położone na parterze w nowoczesnym, niskim bloku z 2015 roku, wybudowanym z cegły, na cenionym osiedlu Nowe Miasto przy ul. Św. Jerzego. To idealna propozycja dla osób, które szukają komfortowej przestrzeni do życia w świetnej lokalizacji. Wnętrze mieszkania zostało zaprojektowane z myślą o wygodzie i funkcjonalności. Salon z aneksem kuchennym stanowi serce mieszkania – to przestrzeń do codziennego życia i spotkań. Dodatkowe trzy pokoje dają szerokie możliwości aranżacyjne – jako sypialnie, pokoje dla dzieci lub miejsce do pracy. Do jednej z sypialni prowadzi wejście przez ukryte drzwi, co nadaje wnętrzu nowoczesnego i nietuzinkowego charakteru. Dużym atutem jest przemyślany układ pomieszczeń – mieszkanie posiada dwie łazienki: główną z wanną oraz WC, a także drugą, prywatną, w sypialni, wyposażoną w prysznic oraz WC. Dodatkowo do dyspozycji jest garderoba, która znacząco podnosi komfort przechowywania. Mieszkanie jest dwustronne, dzięki czemu jest dobrze doświetlone i przewiewne. Dwa balkony zapewniają dodatkową przestrzeń do odpoczynku. W oknach zastosowano lustra weneckie, które gwarantują prywatność. Lokal jest w pełni wyposażony i gotowy do zamieszkania. Rok temu przeszedł odświeżenie, co pozwala wprowadzić się bez dodatkowych nakładów finansowych. Do mieszkania przynależą dwa miejsca postojowe (rodzinne), których zakup jest obligatoryjny – płatne dodatkowo 90 000 zł za dwa miejsca. Dostępna jest również dodatkowa przestrzeń za miejscami postojowymi, idealna do przechowywania rowerów, opon lub innych rzeczy. To mieszkanie łączy przestrzeń, funkcjonalność i bardzo dobrą lokalizację – Nowe Miasto to jedno z najbardziej pożądanych osiedli w Białymstoku, cenione za świetną komunikację, bliskość obwodnicy oraz pełną infrastrukturę. Skontaktuj się i umów się na prezentację. UWAGA! Dla zainteresowanych klientów oferujemy również pomoc w uzyskaniu kredytu hipotecznego. Oferta dostępna wyłącznie w biurze ROOMVIBES Nieruchomości.",,tak,,,,,53.1077,23.1305
Białystok Centrum,ul. Fabryczna,2,48,395000,8229.0,bez pośredników,,8,https://adresowo.pl/o/mieszkanie-bialystok-centrum-ul-fabryczna-2-pokojowe-o4f6v9,https://s2.adresowa.pl/oi/3f/46/3e6ece_f0ba_cover@2x-2-pokojowe-mieszkanie-bialystok-centrum-ul-fabryczna.webp,Białystok Centrum,Fabryczna,6,1980.0,blok,,"Sprzedam 2-pokojowe mieszkanie o pow. 48,6 m2 przy ul. Fabrycznej w Białymstoku. Mieszkanie znajduje się na 6. piętrze budynku z windą. Nieruchomość posiada funkcjonalny, dwustronny układ, w skład którego wchodzi: - przestronny, dobrze doświetlony salon z wyjściem na duży balkon, - oddzielna sypialnia, - niezależna kuchnia, - duży, funkcjonalny hol. Mieszkanie posiada oddzielne WC oraz łazienkę z możliwością ich połączenia według własnych potrzeb. W mieszkaniu do remontu kuchnia i łazienka, pozostałe pomieszczenia do odświeżenia. Mieszkanie bez umeblowania, zostaje szafa w przedpokoju pralka, lodówka i kanapa w salonie. To idealna propozycja zarówno dla pary, singla, jak i jako inwestycja pod wynajem. Nieruchomość położona jest w dobrze skomunikowanej, wygodnej i spokojnej części miasta. W najbliższej okolicy znajdują się liczne sklepy, punkty usługowe, szkoły, przedszkola, przychodnie. Bliskość przystanków komunikacji miejskiej umożliwia szybki i wygodny dojazd zarówno do centrum, jak i innych dzielnic Białegostoku. Układ: - przestronny salon, - sypialnia, - kuchnia, - łazienka, - WC, - hol, - balkon. Do lokalu przynależy również piwnica. Opłaty: Czynsz ok. 750 zł (ogrzewanie, gaz, woda, eksploatacja). Zapraszam do kontaktu. Mieszkanie możliwe do obejrzenia od 02.06.2026 r. CENA: 395 000 zł. Oferta bez pośredników - brak prowizji.",tak,,osobna,,spółdzielcze własnościowe,"Wyposażenie: lodówka, pralka",53.142056,23.171954
Białystok Nowe Miasto,ul. Wiejska 68A,3,61,489000,8016.0,bez pośredników,,11,https://adresowo.pl/o/mieszkanie-bialystok-nowe-miasto-ul-wiejska-3-pokojowe-u9z1d6,https://s2.adresowa.pl/oi/1b/28/3e6b8c_f6d3_cover@2x-3-pokojowe-mieszkanie-bialystok-nowe-miasto-ul-wiejska.webp,Białystok Nowe Miasto,Wiejska 68A,4,1990.0,blok,,"UWAGA ! Nie dostępne dla biura nieruchomości Proszę nie dzwonić ! Zapraszam do zapoznania się z ofertą dużego mieszkania o funkcjonalnym układzie i gotowego do zamieszkania. Nieruchomość o powierzchni 61,3 m2 to idealna propozycja dla pary, rodziny lub osób szukających przestrzeni na inwestycję wynajmu dla studentów. 3 oddzielne pokoje , duża część wspólna, balkon Przemyślany układ 3 pokoi: Dwie oddzielne sypialnie + jasny salon z dużym balkonem + łazienka + kuchnia z b.dużą przestrzenią otwartą na część jadalną i komunikacyjną W cenie znajduje się piwnica ok. 8 m2 - idealna do przechowywania. Adres: ul. WIEJSKA 68 A Powierzchnia użytkowa: 61,3 m2 Układ: 3 pokoje (2 sypialnie + salon + kuchnia z otwartą przestrzenią korytarza + łazienka) Piwnica: 8 mkw Czynsz: 670 zł Stan: mieszkanie do odświeżenia Osiedle: przy politechnice , idealne na wynajem dla studentów Duża komórka lokatorska - piętro wyżej - poddasze !!! W pobliżu znajdują się sklepy, przedszkola, szkoły, punkty usługowe oraz tereny do spacerów. To lokalizacja, która pozwala żyć wygodnie na co dzień.",tak,,osobna,plastikowe,spółdzielcze własnościowe,,53.115296,23.144795
Białystok,ul. Mikołaja Kopernika,3,36,425000,11806.0,bez pośredników,,10,https://adresowo.pl/o/mieszkanie-bialystok-ul-mikolaja-kopernika-3-pokojowe-w7b5r3,https://s2.adresowa.pl/oi/37/3d/3e65ca_d8c3_cover@2x-3-pokojowe-mieszkanie-bialystok-ul-mikolaja-kopernika.webp,Białystok ,Mikołaja Kopernika,2,1986.0,blok,,"Na sprzedaż 3-pokojowe mieszkanie po generalnym remoncie – ul. Kopernika,Białystok Szukasz mieszkania, które możesz urządzić po swojemu albo potraktować jako pewną inwestycję pod wynajem? Ta oferta łączy funkcjonalny układ, świeży remont i bardzo dobrą lokalizację. Na sprzedaż mieszkanie o powierzchni 36,03 m², położone na 2 piętrze w zadbanym, 4-piętrowym bloku przy ul. Kopernika na osiedlu Bema w Białymstoku. Mieszkanie przeszło generalny remont – jest odświeżone i przygotowane tak, aby nowy właściciel mógł skupić się już tylko na urządzeniu go według własnego stylu i potrzeb. Najważniejsze atuty: •⁠ ⁠3 pokoje – salon z aneksem + 2 niezależne sypialnie •⁠ ⁠dwustronny układ, dzięki czemu mieszkanie jest jasne i przewiewne •⁠ ⁠balkon •⁠ ⁠2 piętro •⁠ ⁠zadbana klatka schodowa po remoncie •⁠ ⁠parking dla mieszkańców za szlabanem – bez problemu z parkowaniem •⁠ ⁠piwnica •⁠ ⁠nowe drzwi wejściowe •⁠ ⁠okna PCV •⁠ ⁠odrębna własność z księgą wieczystą – bez zadłużeń i komplikacji •⁠ ⁠brak osób zameldowanych – szybkie przekazanie 📍 Lokalizacja – ul. Kopernika (os. Bema, Białystok) Bardzo wygodne miejsce do życia i jednocześnie świetne pod wynajem. W okolicy jest wszystko, co potrzebne na co dzień – sklepy, usługi, tereny zielone i dobre połączenia komunikacją miejską. Dużym atutem jest bliskość Politechniki Białostockiej, co zapewnia stały popyt na wynajem, a także łatwy dojazd do innych uczelni i centrum miasta. W pobliżu znajdują się również tereny zielone (skwer przy Politechnice, Las Zwierzyniecki), które dają fajną przestrzeń do odpoczynku. Mieszkanie sprawdzi się: •⁠ ⁠do zamieszkania dla pary, singla lub rodziny •⁠ ⁠jako inwestycja pod wynajem (szczególnie dla studentów i osób pracujących) •⁠ ⁠jako bezpieczna lokata kapitału w dobrej lokalizacji Wnętrze jest jasne i ma duży potencjał – łatwo zrobić z niego przytulne, wygodne mieszkanie dopasowane do siebie. Czynsz: 475,91 zł Cena 425 000 Nr kontaktowy [numer] Zapraszam do kontaktu i obejrzenia mieszkania na żywo. Powyższa oferta ma charakter informacyjny i nie stanowi oferty handlowej w rozumieniu art. 66 Kodeksu Cywilnego",tak,tak,aneks,plastikowe,własność,,53.122374,23.138896
Białystok,ul. Hetmańska,3,52,599900,11537.0,Pośrednik,,14,https://adresowo.pl/o/mieszkanie-bialystok-ul-hetmanska-3-pokojowe-r9i8f2,https://s2.adresowa.pl/oi/42/78/3d80b8_3e07_cover@2x-3-pokojowe-mieszkanie-bialystok-ul-hetmanska.webp,Białystok ,Hetmańska,3,2025.0,blok,,"MIESZKANIE PRZY UL. HETMAŃSKIEJ, BIAŁYSTOK (2025) Zapraszam do zapoznania się z ofertą nowego, świeżo wykończonego mieszkania położonego w nowoczesnym budynku z 2025 roku, zlokalizowanym przy doskonale skomunikowanej ul. Hetmańskiej w Białymstoku. To propozycja idealna dla osób, które poszukują połączenia współczesnej estetyki, funkcjonalności oraz komfortu codziennego życia. Wnętrze: Mieszkanie zostało starannie zaplanowane, oferując wygodny układ z wyraźnym podziałem na strefę dzienną i prywatną: - Przestronny salon z aneksem kuchennym jasny, komfortowy, z pełnym wyposażeniem AGD oraz nowoczesną zabudową kuchenną. Idealne miejsce do wspólnego spędzania czasu. - Dwie sypialnie ustawne, spokojne, świetne zarówno jako sypialnie główne, jak i pokój dziecięcy lub gabinet. - Duży balkon idealny do relaksu, stworzenia zielonej strefy wypoczynkowej lub porannej kawy w słoneczne dni. Wnętrze wykończone zostało z dbałością o spójność, funkcjonalność i ponadczasowy design. Mieszkanie jest w pełni wyposażone oraz gotowe do zamieszkania. Udogodnienia: - Miejsca parkingowe dostępne za szlabanem komfort i bezpieczeństwo dla mieszkańców. - Nowoczesna, kameralna zabudowa z 2025 roku. Lokalizacja ul. Hetmańska, Białystok Lokalizacja łączy w sobie doskonałą komunikację z centrum oraz wygodę codziennego życia. W pobliżu znajdują się: - sklepy i punkty usługowe, - przystanki komunikacji miejskiej, - tereny zielone i miejsca rekreacji, - szkoły oraz przedszkola. To świetna propozycja dla osób ceniących wygodę, nowoczesne otoczenie i bardzo dobrą infrastrukturę. Koszty i formalności - Czynsz: ok. 500 zł - Własność: pełna własność - Piętro: 3/3 - Stan: gotowe do wprowadzenia Pomagamy w uzyskaniu kredytu! Nowe mieszkanie z 2025 roku, w pełni wykończone i wyposażone, z dużym balkonem oraz miejscami parkingowymi za szlabanem to idealna propozycja dla osób poszukujących nowoczesnej przestrzeni, gotowej do zamieszkania bez dodatkowych nakładów. Atrakcyjna lokalizacja i wysokiej jakości wykończenie czynią tę ofertę wyjątkową na lokalnym rynku.",,,,,,,53.1274,23.1183
Białystok,ul. Artura Grottgera,3,64,689000,10766.0,Pośrednik,,13,https://adresowo.pl/o/mieszkanie-bialystok-ul-artura-grottgera-3-pokojowe-r1f3c0,https://s2.adresowa.pl/oi/52/17/3d6b22_90a8_cover@2x-3-pokojowe-mieszkanie-bialystok-ul-artura-grottgera.webp,Białystok ,Artura Grottgera,3,1968.0,blok,,"Na sprzedaż funkcjonalne, gotowe do wprowadzenia mieszkanie o powierzchni 64 m² . Nieruchomość znajduje się na 3. piętrze w 4-piętrowym bloku z cegły na popularnym osiedlu Mickiewicza ul. A. Grottgera. To idealna propozycja zarówno dla osób szukających komfortowego miejsca do życia, jak i dla inwestorów poszukujących pewnej i rentownej lokaty kapitału . Najważniejsze atuty: 3 niezależne pokoje , oddzielna kuchnia, łazienka i WC - idealne pod wynajem dla studentów po remoncie - gotowe do wprowadzenia nowe instalacje (elektryczna i hydrauliczna) balkon piwnica solidne budownictwo - blok z cegły bardzo dobra lokalizacja inwestycyjna Lokalizacja: Mieszkanie znajduje się w świetnie skomunikowanej części miasta ul. A. Grottgera - osiedle Mickiewicza . To jedna z najlepszych lokalizacji w mieście - bezpośrednie sąsiedztwo parku zapewnia możliwość odpoczynku w zieleni, a bliskość galerii Alfa i Biała gwarantuje dostęp do pełnej infrastruktury handlowo-usługowej. W najbliższej okolicy znajdują się również renomowane uczelnie Uniwersytet Medyczny i Uniwersytet Prawa, szkoły podstawowe, 11 liceum oraz liczne przedszkola. Mieszkanie świetnie sprawdzi się zarówno dla rodziny, jak i jako gotowiec inwestycyjny pod wynajem. Zapraszam do kontaktu - Oferta dostępna tylko w naszym biurze. Klauzula informacyjna Oferta nie stanowi oferty handlowej w rozumieniu art. 66 §1 KC. Informacje i zdjęcia mają charakter poglądowy i wymagają weryfikacji. M2HOME Nieruchomości jest właścicielem opisu i zdjęć. Ich kopiowanie lub rozpowszechnianie bez zgody jest zabronione na podstawie ustawy o prawie autorskim. Pośrednik odpowiedzialny zawodowo za wykonanie umowy pośrednictwa: Maja Sztukiewicz (licencja nr: )",,,osobna,,,,53.123755,23.170434
Białystok Centrum,ul. Icchoka Malmeda,2,47,495000,10532.0,bez pośredników,,8,https://adresowo.pl/o/mieszkanie-bialystok-centrum-ul-icchoka-malmeda-2-pokojowe-a9o3w9,https://s2.adresowa.pl/oi/40/6f/3e626e_6d2d_cover@2x-2-pokojowe-mieszkanie-bialystok-centrum-ul-icchoka-malmeda.webp,Białystok Centrum,Icchoka Malmeda,4,,blok,,"Oferuję na sprzedaż mieszkanie przy ul. Malmeda (ścisłe Centrum Białegostoku), 2 pokojowe, kuchnia, łazienka, przedpokój o łącznej powierzchni 47 m². Znajduje się na czwartym piętrze budynku z tradycyjnej cegły. Mieszkanie jest położone w cichej okolicy. W bardzo bliskiej odległości znajduje się przedszkole, szkoła uczelnie. Miejsce jest bardzo dobrze skomunikowane z pozostałymi dzielnicami miasta. Wnętrze mieszkania jest umeblowane w stylu nowoczesnym. Duże okna zapewniają dużo naturalnego światła. W salonie znajduje się podłoga z drewna oraz jasne ściany. Kuchnia jest widna i wyposażona w podstawowe sprzęty, takie jak lodówka i piekarnik. Łazienka ma nowoczesne wykończenia z płytkami oraz kabiną prysznicową. To idealna przestrzeń dla osób ceniących komfort. Sprzedaż bezpośrednia. Proszę dzwonić w dni robocze po godz. 15.00",,,,,,"Wyposażenie: lodówka, piekarnik",53.13418,23.157702
Białystok Piaski,ul. Zwierzyniecka,2,29,360000,12414.0,bez pośredników,,7,https://adresowo.pl/o/mieszkanie-bialystok-piaski-ul-zwierzyniecka-2-pokojowe-m6a6w8,https://s2.adresowa.pl/oi/2a/54/3e618a_fdd7_cover@2x-2-pokojowe-mieszkanie-bialystok-piaski-ul-zwierzyniecka.webp,Białystok Piaski,Zwierzyniecka,1,1966.0,blok,,"Na sprzedaż mieszkanie własnościowe 29,5 m2 na I piętrze bloku przy ulicy Zwierzynieckiej. Blok z cegły z 1966 roku po generalnym remoncie. W skład mieszkania wchodzą: - Pokój z dodatkowym miejscem na sypialnię, biuro. - Kuchnia z zabudową (lodówka, kuchenka z piekarnikiem, pralka). - Łazienka z kabiną prysznicową. - Przedpokój z zabudową. oraz piwnica. Przy bloku wydzielony parking ze szlabanem. W pobliżu znajdują się: - Politechnika Białostocka, IV LO, szkoły, przedszkola. - Planty, park, ZOO. - Sklepy i galerie handlowe. Mieszkanie doskonałe dla młodego małżeństwa, studenta, singla, a także jako inwestycja pod wynajem. Czynsz ok. 400 zł/miesięcznie. Sprzedaż bez pośredników.",tak,,,,,"Wyposażenie: kuchenka, lodówka, piekarnik, pralka",53.118861,23.161734
Białystok Centrum,ul. Grochowa,2,48,550000,11458.0,bez pośredników,,8,https://adresowo.pl/o/mieszkanie-bialystok-centrum-ul-grochowa-2-pokojowe-i1u1g2,https://s2.adresowa.pl/oi/7f/6f/3e5dd0_d9bd_cover@2x-2-pokojowe-mieszkanie-bialystok-centrum-ul-grochowa.webp,Białystok Centrum,Grochowa,2,,kamienica,,"Na sprzedaż (BEZPOŚREDNIO) komfortowe, świeżo wyremontowane mieszkanie położone w samym centrum Białegostoku - przy ul. Grochowej. Idealna lokalizacja - blisko uczelni, sklepów, restauracji i komunikacji miejskiej. Powierzchnia: 48 m² Liczba pokoi: 2 (salon z kuchnią + sypialnia z balkonem) Piętro: 2 piętro w bloku bez windy Dostępne od zaraz Mieszkanie po remoncie: - Nowe panele podłogowe - Świeżo pomalowane ściany i sufit - Nowa kabina prysznicowa, lampy i materace. Umeblowane, kuchnia wyposażona w podstawowe sprzęty AGD: piekarnik, lodówka (zakupiona w 2024r), mikrofalówka. W łazience nowa (2024r) pralka i kabina prysznicowa. Dodatkowo: Miejsce parkingowe (w związku z niewystarczającą ilością miejsc dla wszystkich mieszkańców losowane przez mieszkańców co roku - wylosowaliśmy już 2 razy z rzędu). Piwnica, w bloku znajduje się również schron przeciwlotniczy. Czynsz administracyjny około 800 zł. Jarosław Nagranie - Wirtualny spacer po mieszkaniu dostępny na życzenie / w wiadomości prywatnej.",tak,tak,aneks,,,"Wyposażenie: lodówka, mikrofalówka, piekarnik, pralka",53.132365,23.151138
Białystok Dziesięciny,ul. Generała Józefa Hallera,3,48,499000,10396.0,Pośrednik,,15,https://adresowo.pl/o/mieszkanie-bialystok-dziesieciny-ul-generala-jozefa-hallera-3-pokojowe-e9w0i7,https://s2.adresowa.pl/oi/6d/6d/3d38ec_ca6e_cover@2x-3-pokojowe-mieszkanie-bialystok-dziesieciny-ul-generala-jozefa-hallera.webp,Białystok Dziesięciny,Generała Józefa Hallera,3,1980.0,blok,,"Nowoczesne, ciepłe i dopracowane w każdym detalu – takie jest to 3-pokojowe mieszkanie o powierzchni 48,2 m², położone na 3 piętrze w 4-piętrowym bloku na osiedlu Dziesięciny przy ul. Hallera. Mieszkanie przeszło generalny remont – wymienione wszystkie instalacje, okna oraz wykonana została nowa, idealnie wypoziomowana posadzka. To nieruchomość gotowa do wprowadzenia bez dodatkowych kosztów. ⸻ NAJWAŻNIEJSZE ATUTY • świeżo po generalnym remoncie - bez ryzyka ukrytych kosztów • 3 niezależne pokoje (salon + 2 sypialnie) • kuchnia dyskretnie schowana we wnęce • duży balkon z widokiem na teren zielony (wyłożony płytkami) • dwustronne bardzo dobre doświetlenie – okna w salonie i kuchni na całej długości ściany • wyposażenie widoczne na zdjęciach w cenie • piwnica 4,39 m² • czynsz 550 zł • spółdzielcze-własnościowe prawo do lokalu • zadbana klatka schodowa ⸻ UKŁAD MIESZKANIA • jasny salon z częścią wypoczynkową i jadalnianą • kuchnia we wnęce – estetycznie oddzielona, a jednocześnie otwarta na strefę dzienną, • dwie ustawne sypialnie (ok. 10 m² każda) • elegancka łazienka z dużym prysznicem typu walk-in • przestronny balkon o wyjątkowo dużym metrażu Przy tej powierzchni ogromnym atutem jest układ trzech pokoi. W wielu mieszkaniach o podobnym metrażu spotykamy jedynie salon z sypialnią – tutaj zyskujemy dodatkowy, w pełni funkcjonalny pokój. To rozwiązanie znacząco zwiększa możliwości: • osobny gabinet do pracy, • pokój dziecięcy, • druga sypialnia, • lub większy potencjał inwestycyjny przy wynajmie. To przykład bardzo dobrze zaprojektowanej przestrzeni, w której metraż został wykorzystany maksymalnie efektywnie. ⸻ STANDARD I WYKOŃCZENIE Wnętrze utrzymane w neutralnej, ciepłej kolorystyce – biel, beże, drewno i czarne detale tworzą elegancką, spójną całość. • wielkoformatowa płyta meblowa płynnie przechodząca z salonu do kuchni • zabudowy stolarskie • sztukateria w sypialniach • oświetlenie dekoracyjne i LED w kuchni • AGD: piekarnik + płyta gazowa (możliwość doposażenia) To mieszkanie jest bardzo przytulne, jasne i gotowe do zamieszkania od zaraz. ⸻ DLA KOGO? • dla rodziny 2+1 • dla pary potrzebującej dodatkowego pokoju • dla singla ceniącego przestrzeń • jako inwestycja pod wynajem Układ salon + 2 niezależne pokoje daje duże możliwości aranżacyjne i inwestycyjne. ⸻ Lokalizacja – Dziesięciny, ul. Hallera Spokojna, dobrze skomunikowana część miasta z pełną infrastrukturą w pobliżu – sklepy, szkoły, punkty usługowe oraz przystanki komunikacji miejskiej. Osiedle cenione za wygodę codziennego życia i kameralny charakter. ⸻ FINANSOWANIE Kupując z nami, uzyskasz wsparcie doświadczonego doradcy kredytowego, który pomoże wybrać najlepsze warunki finansowania i przeprowadzi Cię przez cały proces kredytowy. ⸻ To komfortowa i przemyślana przestrzeń do życia, która z pewnością spełni oczekiwania wymagających klientów. Zapraszam do kontaktu — z przyjemnością udzielę szczegółowych informacji i umówię prezentację.",tak,,,,,Wyposażenie: piekarnik,53.1538,23.1322
Białystok Nowe Miasto,ul. Transportowa,2,45,719000,15978.0,bez pośredników,,12,https://adresowo.pl/o/mieszkanie-bialystok-nowe-miasto-ul-transportowa-2-pokojowe-w4y5g6,https://s2.adresowa.pl/oi/66/54/3e5782_ecfa_cover@2x-2-pokojowe-mieszkanie-bialystok-nowe-miasto-ul-transportowa.webp,Białystok Nowe Miasto,Transportowa,5,2023.0,blok,,"Nowoczesne 2-pokojowe mieszkanie z dużym balkonem | wysoki standard | gotowe do zamieszkania Na sprzedaż wyjątkowo funkcjonalne i nowocześnie urządzone mieszkanie, wykończone w wysokim standardzie, z dbałością o każdy detal. Wnętrze zostało zaprojektowane w spójnym, ponadczasowym stylu, z wykorzystaniem wysokiej jakości materiałów oraz zabudów wykonanych na wymiar. Mieszkanie było użytkowane wyłącznie okazjonalnie, dzięki czemu pozostaje w doskonałym stanie — praktycznie jak nowe. Układ mieszkania obejmuje jasny salon z aneksem kuchennym, komfortową sypialnię, elegancką łazienkę oraz duży balkon z panoramicznym widokiem. Duże przeszklenia zapewniają doskonałe doświetlenie wnętrz, a klimatyzacja podnosi komfort codziennego użytkowania. Kuchnia wyposażona została w nowoczesną zabudowę, płytę indukcyjną, piekarnik oraz funkcjonalny półwysep, pełniący rolę stołu. W sypialni znajduje się pojemna szafa z lustrzanymi frontami i duże łóżko. Łazienka wykończona została w modnym połączeniu drewna i jasnych płytek, z zabudową stolarską oraz pralką i suszarką w zabudowie. Najważniejsze atuty: • wysoki standard wykończenia, • nowoczesny i spójny design, • mieszkanie praktycznie niezamieszkałe, • duży balkon, • klimatyzacja, • zabudowy na wymiar, • funkcjonalny układ, • gotowe do wprowadzenia bez dodatkowych nakładów, • idealne do zamieszkania lub pod inwestycję premium. Zapraszam do kontaktu oraz na prezentację nieruchomości.",tak,,aneks,plastikowe,własność,"Wyposażenie: klimatyzacja, piekarnik",53.111429,23.12174
Białystok,ul. Kręta,2,36,579000,16083.0,bez pośredników,,5,https://adresowo.pl/o/mieszkanie-bialystok-ul-kreta-2-pokojowe-n0h8n6,https://s2.adresowa.pl/oi/1b/5a/3e5718_7d60_cover@2x-2-pokojowe-mieszkanie-bialystok-ul-kreta.webp,Białystok ,Kręta,6,2025.0,blok,,"Szukasz mieszkania w bardzo dobrym standardzie, blisko centrum i uczelni - ta oferta jest dla Ciebie. Przytulne i słoneczne, 2-pokojowe mieszkanie na sprzedaż o powierzchni 36m2 w Białymstoku przy ul. Krętej 48. Lokal mieści się na 6. piętrze w 6-piętrowym, nowym bloku z 2025 roku. Wykończone w 2026 roku i nie było przez nikogo zamieszkałe. W cenę mieszkania wliczona jest komórka lokatorska o pow. 3,93 m2 oraz miejsce postojowe w garażu podziemnym. Mieszkanie jest wykończone w nowoczesnym stylu z dobrej jakości materiałów, a każdy metr kwadratowy został wykorzystany w bardzo praktyczny sposób. Połączenie bieli, beżu, kaszmiru i drewna nadaje mieszkaniu niesamowity szyk, a duże przeszklenia zapewniają światło dzienne, dzięki czemu mieszkanie jest widne i przytulne. W salonie usytuowano wygodną rogówkę, stolik z krzesłami do codziennych posiłków, usytuowany pod stylowym oświetleniem. Elegancki aneks kuchenny, wykonany w modnym odcieniu kaszmiru, otwarty na salon, wyposażony został w sprzęt dobrej jakości, tj.: zmywarka, lodówka, indukcja oraz piekarnik. Sypialnia została wyposażona w pojemną szafę oraz wygodne, drewniane łóżko. Łazienka z wanną z parawanem oraz nową pralką i suszarką jest bardzo wygodna w użytkowaniu. Dodatkowo w korytarzu do dyspozycji pozostaje szafa na buty i wieszaki na okrycia wierzchnie. Mieszkanie jest idealne dla pary lub singla. W pobliżu znajduje się: przedszkole, szkoła podstawowa, plac zabaw, rower miejski, apteka, fryzjer, piekarnia, poczta, przychodnia, sklep spożywczy, salon kosmetyczny, uczelnie, itp. Czynsz administracyjny: 450 zł.",tak,tak,aneks,,,"Wyposażenie: lodówka, piekarnik, zmywarka",,
Białystok Antoniuk,ul. Wierzbowa,2,37,419900,11349.0,Pośrednik,,11,https://adresowo.pl/o/mieszkanie-bialystok-antoniuk-ul-wierzbowa-2-pokojowe-w2a1d4,https://s2.adresowa.pl/oi/51/56/3d38f6_fb57_cover@2x-2-pokojowe-mieszkanie-bialystok-antoniuk-ul-wierzbowa.webp,Białystok Antoniuk,Wierzbowa,1,1972.0,blok,,"Na sprzedaż: 2-pokojowe mieszkanie po generalnym remoncie – ul. Wierzbowa, Białystok Na sprzedaż funkcjonalne i w pełni wyremontowane mieszkanie o powierzchni 37,3 m², zlokalizowane na 1 piętrze w niskim, 4-piętrowym bloku przy ul. Wierzbowej w Białymstoku. Do lokalu przynależy również piwnica. Najważniejsze atuty nieruchomości: mieszkanie po generalnym remoncie – gotowe do wprowadzenia 2 niezależne pokoje + oddzielna kuchnia 1 piętro – wygodna kondygnacja zadbana klatka schodowa po remoncie parking dla mieszkańców za szlabanem funkcjonalne, przemyślane zabudowy wykonane na wymiar Wyposażenie i zabudowy: W mieszkaniu zastosowano liczne, wysokiej jakości zabudowy stolarskie: zabudowa kuchenna na wymiar duża szafa w korytarzu szafa wnękowa z miejscem na pralkę szafka pod umywalkę zabudowa wnękowa w łazience zabudowa WC z dodatkową szafką w cenie: płyta indukcyjna, okap oraz piekarnik Dodatkowe informacje: mieszkanie bez balkonu pełna własność z księgą wieczystą – bez obciążeń czynsz administracyjny: ok. 500 zł układ pomieszczeń zapewniający komfort i funkcjonalność idealne zarówno do zamieszkania, jak i pod inwestycję (wynajem) pomagamy w uzyskaniu kredytu hipotecznego Lokalizacja: Nieruchomość znajduje się w dobrze skomunikowanej części Białegostoku, z dostępem do pełnej infrastruktury miejskiej – w pobliżu sklepy, szkoły, przystanki komunikacji miejskiej oraz tereny zielone. Zapraszam do kontaktu i umówienia prezentacji!",tak,,osobna,,,"Wyposażenie: piekarnik, pralkę",53.1427,23.1308
Białystok Centrum,Malmeda Icchoka,2,43,539000,12535.0,Pośrednik,,17,https://adresowo.pl/o/mieszkanie-bialystok-centrum-malmeda-icchoka-2-pokojowe-e7i9x9,https://s2.adresowa.pl/oi/10/17/3d38e8_5be8_cover@2x-2-pokojowe-mieszkanie-bialystok-centrum-malmeda-icchoka.webp,Białystok Centrum,Malmeda Icchoka,1,,kamienica,,"Na sprzedaż wyjątkowe, dopracowane w każdym detalu 2-pokojowe mieszkanie o powierzchni 43,89 m², położone na 1 piętrze kamienicy z historią przy ul. Malmeda — w samym sercu miasta, tuż obok Rynku Kościuszki. To propozycja dla osób, które cenią autentyczny charakter kamienic, wysoki standard wykończenia oraz możliwość wprowadzenia się bez żadnych dodatkowych nakładów finansowych. Mieszkanie zostało urządzone prywatnie, z pomocą architekta wnętrz – nie jako inwestycja pod wynajem, lecz jako komfortowa i przemyślana przestrzeń do życia. ⸻ KLUCZOWE INFORMACJE • metraż: 43,89 m² • układ: salon, oddzielna kuchnia, sypialnia z garderobą, łazienka • piętro: 1 • przynależna piwnica • dwustronne • ekspozycja: salon – południowo-zachodnia sypialnia i kuchnia – północno-wschodnia • mieszkanie po gruntownym remoncie (wymienione wszystkie instalacje) • czynsz: 515 zł + prąd wg zużycia • pełna własność prawa do lokalu - Księga Wieczysta bez obciążeń • wyremontowana klatka schodowa ⸻ UKŁAD I STANDARD Na powierzchnię 43,89 m² składa się: • jasny, ustawny salon z ekspozycją południowo-zachodnią, wyposażony w skórzaną sofę oraz drewniany stolik z funkcją biurka i schowkiem, • oddzielna, w pełni wyposażona kuchnia w wysokiej jakości zabudowie stolarskiej wykonanej na zamówienie oraz oknem zapewniającym naturalne doświetlenie, • komfortowa sypialnia z dyskretnie ukrytą garderobą we wnęce, • elegancka łazienka z prysznicem walk-in i szklaną taflą wykonaną na wymiar, osadzoną w minimalistycznym, czarnym profilu, • przemyślany hol z zabudową oraz miejscem na przechowywanie. Mieszkanie przeszło kapitalny remont, podczas którego wymieniono wszystkie instalacje. Zostało zaprojektowane z pomocą architekta wnętrz spójnie i ponadczasowo, z dbałością o funkcjonalność oraz jakość zastosowanych materiałów. Lokal sprzedawany jest z pełnym wyposażeniem – w cenie pozostają zarówno meble w zabudowie, jak i meble ruchome. Wyposażenie AGD obejmuje: • lodówkę • zmywarkę • piekarnik • płytę indukcyjną • okap • urządzenie do filtracji wody pitnej • pralkę • telewizor To mieszkanie gotowe do zamieszkania od pierwszego dnia — bez dodatkowych inwestycji. ⸻ LOKALIZACJA – ul. Malmeda, ścisłe centrum Nieruchomość położona jest w sercu miasta, tuż obok Rynku Kościuszki – w jednej z najbardziej obleganych i rozpoznawalnych lokalizacji, która od lat cieszy się ogromnym zainteresowaniem — zarówno do zamieszkania, jak i inwestycyjnie. W bezpośrednim sąsiedztwie znajdują się: • restauracje i kawiarnie • galeria handlowa • liczne sklepy i lokale usługowe • szkoła z przedszkolem • usługi medyczne • apteka i poczta • przystanki komunikacji miejskiej (najbliższe linie: 2, 4, 5, 8, 20, N1, N2) To miejsce zapewnia pełną wygodę codziennego funkcjonowania - wszystko masz w zasięgu kilku minut spaceru. ⸻ DLACZEGO TO MIESZKANIE JEST WYJĄTKOWE? •ścisłe centrum, ale w klimatycznej kamienicy •pierwsze piętro — najbardziej poszukiwane •mieszkanie po kapitalnym remoncie • projekt architekta wnętrz •pełne wyposażenie w cenie • dwustronne mieszkanie z korzystną ekspozycją •idealne zarówno do zamieszkania, jak i jako bezpieczna i prestiżowa inwestycja To nieruchomość łącząca klimat kamienicy z nowoczesnym standardem wykończenia. Takie mieszkania w tej części miasta pojawiają się rzadko. ⸻ FINANSOWANIE Kupując z nami, uzyskasz wsparcie doświadczonego doradcy kredytowego, który pomoże wybrać najlepsze warunki finansowania i przeprowadzi Cię przez cały proces kredytowy. ⸻ To mieszkanie, w którym można komfortowo zamieszkać od razu — bez długich remontów i dodatkowych kosztów. Przemyślana przestrzeń, doskonała lokalizacja i wysoki standard wykończenia sprawiają, że spełni oczekiwania wymagających klientów — zarówno na własne potrzeby, jak i jako stabilna lokata kapitału. Doskonała lokalizacja również pod wynajem krótkoterminowy lub długoterminowy.",tak,,osobna,,,"Wyposażenie: lodówkę, piekarnik, pralkę, telewizor, zmywarkę",53.1346,23.1589
Białystok Antoniuk,ul. Świętokrzyska,3,61,770000,12623.0,bez pośredników,,20,https://adresowo.pl/o/mieszkanie-bialystok-antoniuk-ul-swietokrzyska-3-pokojowe-r8p1a9,https://s2.adresowa.pl/oi/1e/52/3e53f0_4d56_cover@2x-3-pokojowe-mieszkanie-bialystok-antoniuk-ul-swietokrzyska.webp,Białystok Antoniuk,Świętokrzyska,6,2010.0,blok,,"Szukasz przestrzeni, pięknych widoków i wygody bez kompromisów? Sprzedam bezpośrednio komfortowe, 3-pokojowe mieszkanie po generalnym odświeżeniu. Wnętrze jest pachnące nowością i gotowe do natychmiastowego wprowadzenia się - bez uciążliwych remontów, kurzu i dodatkowych kosztów. ☆ Największe atuty nieruchomości : • Prawdziwa panorama Białegostoku Z dużego balkonu rozpościera się zachwycający, niczym nieprzysłonięty widok na lasy oraz panoramę miasta. Co ważne - na balkon prowadzą dwa niezależne wejścia (z salonu oraz z pokoju nr 1), co daje ogromną swobodę i doskonałe doświetlenie wnętrza. • Koniec z problemami z parkowaniem Do mieszkania przynależy przestronne stanowisko w garażu podziemnym (aż 20 m²). Zimą wsiadasz do ciepłego auta bez odśnieżania, a latem cieszysz się przyjemnym chłodem. • Mnóstwo miejsca do przechowywania Mieszkanie zostało zaprojektowane niezwykle mądrze. W cenie otrzymujesz gotowe, wysokiej jakości zabudowy stałe: ogromną 3-skrzydłową szafę wnękową na całą długość pokoju, szafę dwuskrzydłową przesuwną z lustrami (od podłogi do sufitu), 3 pojemne pawlacze w przedpokoju oraz nowoczesną zabudowę RTV wraz z regałem wnękowym w salonie. • Gotowa kuchnia, łazienka i toaleta . Kuchnia posiada pełną zabudowę meblową. Łazienka oraz osobne WC są wyposażone w kompletną armaturę. ☆ Szczegółowy metraż i rozkład pomieszczeń (Łącznie 61,05 m²). Mieszkanie usytuowane jest na 6. piętrze. Posiada idealny, dwustronny rozkład z wyraźnym podziałem na strefę dzienną i prywatną : • Salon 20,70 m² Serce domu, ustawny, z wyjściem na panoramiczny balkon, zabudowa RTV. • Pokój nr.1 11,20 m² Idealny na sypialnię główną, z drugim, niezależnym wyjściem na balkon. • Pokój nr.2 10,50 m² Świetny jako pokój dziecięcy lub biuro. Pojemna szafa 3-skrzydłowa na całą długość. • Kuchnia 6,85 m² Jasna, z pełną i funkcjonalną zabudową meblową. • Przedpokój / Hol 6,45 m² Zabudowa lustrzana od podłogi do sufitu, 3 duże pawlacze. • Łazienka 3,83 m² Wyposażona w pełną armaturę. • Toaleta (osobne WC) 1,27 m² Pełna armatura. Komfort dla domowników przy porannym pośpiechu. • Piwnica / Komórka 5,40 m² Przynależna do mieszkania - idealna na rowery, wózki czy przetwory. ☆ Doskonała lokalizacja: Białystok - Antoniuk Ulica Świętokrzyska 5A to punkt gwarantujący pełną wygodę miejskiego życia: • Komunikacja: Przystanki autobusowe tuż przy bloku. Dojazd do ścisłego centrum Białegostoku oraz głównych uczelni zajmuje zaledwie 7-10 minut. • Rekreacja: Kilka kroków do zielonych bulwarów i ścieżek rowerowych wzdłuż rzeki Białej - idealne warunki na odpoczynek i sport. • Infrastruktura: W najbliższym sąsiedztwie znajdują się markety (Lidl, Biedronka, PSS Społem), lokalne ryneczki, szkoły, przedszkola oraz przychodnia lekarska. Cena mieszkania: 770 000 PLN Miejsce w garażu podziemnym (20 m²) dodatkowo płatne : 60 000 PLN Stan prawny: Pełna własność z Księgą Wieczystą. Brak jakichkolwiek obciążeń. • Kupując bezpośrednio od właściciela, oszczędzasz od 2% do 3% wartości nieruchomości na prowizji dla biura pośrednictwa (to kilkanaście tysięcy złotych czystego zysku!). Możliwość obejrzenia mieszkania również w weekendy po wcześniejszym kontakcie telefonicznym. Serdecznie zapraszam do kontaktu.",tak,tak,osobna,plastikowe,własność,Wyposażenie: tv,,
Białystok Piaski,ul. Wesoła,2,45,475000,10556.0,bez pośredników,,8,https://adresowo.pl/o/mieszkanie-bialystok-piaski-ul-wesola-2-pokojowe-y7m1x6,https://s2.adresowa.pl/oi/7f/5a/3e516e_3198_cover@2x-2-pokojowe-mieszkanie-bialystok-piaski-ul-wesola.webp,Białystok Piaski,Wesoła,3,1966.0,blok,,"Blok z roku 1966 . Przedstawiam Ci 45.3 czystej radości na 3 pietrze w bloku 4 pietrowym(idealna wysokość, żeby mieć widok ale nie wypluć płuc przy wchodzeniu. Brak okien skierowanych bezpośrednio na mieszkanie z innych budynków. Prywatność. Warto. Solidna cegła. Ściany pamiętają czasy, gdy nikt nie słyszał o Tik Toku, za to budowano tak żeby stało przez dlugie lata. Ciepło jak u babci. Mieszkanie dwustronne i wyjatkowo przytulne. Zimą zaoszczędzisz na swetrach, latem przewietrzysz w 3 min. Rozkład ""zero klótni"". Dwa oddzielne pokoje i osobna kuchnia. Balkon i piwnica..Na balkonie zmieścisz stolik i kawę a w piwnicy ukryjesz wszystko czego nie chcesz wyrzucić a co może się przydać za 10 lat. Stan techniczny..Zadbane, odswieżone, z wymienioną instalacją elektryczną w kuchni i łazience. Klatka schodowa tak cicha że usłyszysz własne myśli. Wjazd na podwórko przez szlaban(aktualnie w budowie). Wszystko ""pod nosem"" Dla rodziców-żłobek, przedszkola i podstawówka, tak blisko że dzieci mogą tam niemal dolecieć papierowym samolotem. Dla logistyków-sklepy, przystanki autobusowe""rzut beretem"". Dla zdrowia i relaksu-park na spacery. Bliskość Politechniki i Akademii Medycznej. To mieszkanie czeka na kogoś, kto doceni klimat, spokój i fakt że wszędzie ma blisko. Przyjdź,zobacz, zakochaj się i zostań na dlużej. Pośrednikom dziękujemy.",tak,,osobna,plastikowe,własność,,53.123296,23.15226
Białystok Bagnówka,ul. 42 Pułku Piechoty,3,59,670000,11356.0,bez pośredników,,14,https://adresowo.pl/o/mieszkanie-bialystok-bagnowka-ul-42-pulku-piechoty-3-pokojowe-q8c0n1,https://s2.adresowa.pl/oi/1d/43/3e4f4a_98c3_cover@2x-3-pokojowe-mieszkanie-bialystok-bagnowka-ul-42-pulku-piechoty.webp,Białystok Bagnówka,42 Pułku Piechoty,3,2016.0,blok,,"Oferujemy do sprzedaży wyjątkowe mieszkanie typu M3, które wyróżnia się przede wszystkim doskonałym doświetleniem - okna wychodzą na dwie strony budynku, dzięki czemu słońce gości tu przez cały dzień. Mieszkanie gotowe do wprowadzenia - w pełni wyposażone. Nowa płyta indukcyjna i zmywarka. Widok na zieleń bez sąsiadów zaglądających w okna. METRAŻ I ROZKŁAD • Powierzchnia użytkowa: 59,10 m² • Loggia: 6,64 m² • Komórka lokatorska: 2,05 m² (na tym samym piętrze) • Liczba pokoi: 3 • Piętro: 3 KLIMATYZACJA Mieszkanie wyposażone jest w klimatyzację - komfort zarówno w upalne lato, jak i przez cały rok. Idealne rozwiązanie dla osób ceniących niezależność od pogody i optymalne warunki termiczne w każdym sezonie. WIDOK I OTOCZENIE Z okien mieszkania rozciąga się spokojny widok na działki rekreacyjne - zieleń przez cały rok, bez betonowych ścian sąsiednich bloków. Dwustronna ekspozycja zapewnia doskonałe nasłonecznienie i naturalną wentylację. LOKALIZACJA - WSZYSTKO POD RĘKĄ Mieszkanie położone jest w wyjątkowo dobrze zagospodarowanej okolicy, gdzie codzienne potrzeby można załatwić bez samochodu: - Sklepy spożywcze - w bezpośrednim sąsiedztwie - Przedszkole - obok budynku - Apteka - w pobliżu - Usługi fryzjerskie i kosmetyczne - w okolicy - Filia biblioteki - dla miłośników książek - Kwiaciarnia - tuż pod ręką - Szkoła podstawowa i żłobek - zaledwie 1,5 km - Doskonałe połączenie komunikacją miejską oraz dogodny dojazd samochodem Mieszkanie idealne zarówno dla rodzin z dziećmi, jak i dla osób szukających spokojnego miejsca z rozbudowaną infrastrukturą usługową. Możliwość dokupienia zamykanego garażu zlokalizowanego w tym samym budynku. Idealne również jako zakup na wynajem! Kontakt i prezentacja - zapraszamy do umawiania się na oglądanie!",tak,tak,aneks,plastikowe,własność,"Wyposażenie: klimatyzacja, zmywarka",53.143075,23.222854
Białystok Centrum,ul. Czysta,2,35,476900,13626.0,Pośrednik,,17,https://adresowo.pl/o/mieszkanie-bialystok-centrum-ul-czysta-2-pokojowe-l7o0j6,https://s2.adresowa.pl/oi/53/40/3d293e_5b80_cover@2x-2-pokojowe-mieszkanie-bialystok-centrum-ul-czysta.webp,Białystok Centrum,Czysta,3,2025.0,apartamentowiec,,"Na sprzedaż komfortowe, 2-pokojowe mieszkanie o powierzchni 35,54 m², położone na 3. piętrze w nowoczesnym budynku z windą w inwestycji Czysta Premium przy ul. Czystej w samym centrum miasta. To idealna propozycja zarówno dla osób szukających swojego pierwszego mieszkania, jak i inwestorów pod wynajem. Mieszkanie jest w stanie deweloperskim, co pozwala wykończyć je od podstaw według własnej wizji bez kompromisów i bez konieczności przeróbek. Dużym atutem jest ogrzewanie podłogowe, które zapewnia wygodę użytkowania i estetykę wnętrza (brak tradycyjnych grzejników). Do mieszkania przynależy miejsce postojowe w garażu podziemnym zakup obligatoryjny w cenie 55 000 zł. To mieszkanie łączy świetną lokalizację w centrum z nowoczesnym budownictwem i możliwością aranżacji według własnych potrzeb. W zasięgu ręki znajdują się sklepy, restauracje, uczelnie oraz pełna infrastruktura miejska. Najważniejsze informacje: powierzchnia: 35,54 m² 2 pokoje (salon z aneksem + sypialnia) piętro winda stan deweloperski ogrzewanie podłogowe miejsce postojowe w garażu 55 000 zł (zakup obligatoryjny) inwestycja: Czysta Premium lokalizacja: centrum Skontaktuj się i umów się na prezentację. UWAGA! Dla zainteresowanych klientów oferujemy również pomoc w uzyskaniu kredytu hipotecznego. Oferta dostępna wyłącznie w biurze ROOMVIBES Nieruchomości.",,tak,,,,,53.1386,23.1531
Białystok Zielone Wzgórza,ul. Konwaliowa,2,37,389000,10514.0,Pośrednik,,6,https://adresowo.pl/o/mieszkanie-bialystok-zielone-wzgorza-ul-konwaliowa-2-pokojowe-i6o5o0,https://s2.adresowa.pl/oi/52/30/3ceaba_acab_cover@2x-2-pokojowe-mieszkanie-bialystok-zielone-wzgorza-ul-konwaliowa.webp,Białystok Zielone Wzgórza,Konwaliowa,4,1988.0,blok,,"Polecam przestronne 2 pokojowe mieszkanie o powierzchni 37,10 m2 , zlokalizowane na osiedlu Zielone Wzgórza Cechy mieszkania: mieszkanie o powierzchni 37,10 m2 w skład którego wchodzą : -salon, -oddzielna kuchnia z wyjściem na balkon, -sypialnia, -łazienka z WC położone na 4 piętrze 4-piętrowego bloku po remoncie. do mieszkania przynależy piwnica i duży balkon mieszkanie przeszło gruntowny remont, wymieniono instalacje. W cenie meble ruchome, sprzęty AGD oraz zabudowa stała (szafy w korytarzu , sypialni oraz kuchni) Doskonała Lokalizacja - w pobliżu znajdują się przedszkola, szkoły, sklepy oraz przystanek komunikacji miejskiej, To idealna oferta Dla osób poszukujących wygodnego i funkcjonalnego mieszkania w dobrej lokalizacji. Zapraszamy do kontaktu w celu uzyskania dodatkowych informacji oraz umówienia się na oglądanie. ""Powyższa oferta nie stanowi oferty handlowej w rozumieniu art. 66 § 1 Kodeksu Cywilnego oraz innych właściwych przepisów prawnych. Opis oraz zdjęcia nieruchomości mają charakter wyłącznie informacyjny. Przedstawione informacje mogą odbiegać od stanu faktycznego nieruchomości, a ich szczegóły wymagają osobistej weryfikacji przez zainteresowanego nabywcę. Wszelkie dane, w tym wymiary, wyposażenie oraz stan techniczny nieruchomości, należy potwierdzić podczas oględzin. M2HOME Nieruchomości jest wyłącznym właścicielem zamieszczonych zdjęć i opisu. Kopiowanie ich w całości lub fragmentach jest zabronione zgodnie z ustawą z dnia 4 lutego 1994 r. o prawie autorskim i prawach pokrewnych. "" Pośrednik odpowiedzialny zawodowo za wykonanie umowy pośrednictwa: Maja Sztukiewicz (licencja nr: )",,,osobna,plastikowe,spółdzielcze własnościowe,,53.119661,23.099319
Białystok Bojary,al. Konstytucji 3 Maja,2,42,440000,10476.0,bez pośredników,,8,https://adresowo.pl/o/mieszkanie-bialystok-bojary-al-konstytucji-3-maja-2-pokojowe-x4x4g4,https://s2.adresowa.pl/oi/52/78/3e4dde_ce4f_cover@2x-2-pokojowe-mieszkanie-bialystok-bojary-al-konstytucji-3-maja.webp,Białystok Bojary,Konstytucji 3 Maja,3,1997.0,blok,,"Na sprzedaż zadbane, w pełni umeblowane mieszkanie o powierzchni 42,70 m², położone na 3 piętrze w bloku z cegły z 1997 roku przy Alei Konstytucji 3 Maja. Mieszkanie od początku posiada jednych właścicieli – osoby niepalące, bez zwierząt. Lokal bardzo dobrze utrzymany, gotowy do zamieszkania. Stan prawny: pełna własność z wyodrębnioną własnością gruntu, mieszkanie bez obciążeń hipotecznych, możliwość podpisania aktu notarialnego w każdej chwili. Budynek i otoczenie: blok z cegły z 1997 roku, po termomodernizacji wykonanej w 2023 roku, czysta, jasna i przestronna klatka schodowa, elektroniczny domofon, administracja: Spółdzielnia „Rodzina Kolejowa”. Układ mieszkania: salon, sypialnia, oddzielna kuchnia, łazienka, przedpokój, duży balkon, piwnica o wymiarach 2,5 x 1,6 m. Wyposażenie w cenie mieszkania: Przedpokój: szafa w zabudowie. Sypialnia: szafa w zabudowie, szerokie łóżko z materacem, szafki nocne. Salon: narożna kanapa z funkcją spania, regał, biurko, fotel biurowy. Kuchnia oddzielna: pełna zabudowa mebli kuchennych, lodówka, mikrofalówka, piekarnik elektryczny, płyta gazowa. Łazienka wraz z wc: wanna, pralka. Lokalizacja i infrastruktura: Osiedle Wysoki Stoczek to spokojna i bardzo dobrze skomunikowana część miasta z rozwiniętą infrastrukturą. W pobliżu znajdują się: liczne sklepy, przychodnia, Szkoła Podstawowa nr 45, Przedszkole nr 65, kościół, cerkiew, w odległości 50 metrów przystanek autobusowy linii: 7, 9, 18, 25, N1. Mieszkanie idealne dla singla, pary, małej rodziny lub jako inwestycja pod wynajem. Zapraszam do kontaktu, na wszelkie pytania odpowiem, ewentualnie więcej zdjęć mogę przesłać na WhatsApp. Sprzedaż bezpośrednia – pośrednikom dziękujemy. Kontakt telefoniczny",tak,,osobna,,własność,"Wyposażenie: lodówka, mikrofalówka, piekarnik, pralka",53.145753,23.115106
Białystok Nowe Miasto,ul. Wiejska,3,63,695000,11032.0,bez pośredników,,19,https://adresowo.pl/o/mieszkanie-bialystok-nowe-miasto-ul-wiejska-3-pokojowe-r1n9i5,https://s2.adresowa.pl/oi/4c/5a/3e4b66_f7a4_cover@2x-3-pokojowe-mieszkanie-bialystok-nowe-miasto-ul-wiejska.webp,Białystok Nowe Miasto,Wiejska,2,1994.0,blok,,"Oferujesz mieszkanie o powierzchni 63,7 m² na drugim piętrze w czteropiętrowym bloku z 1994 roku. Mieszkanie jest do zamieszkania, gotowe do wprowadzenia się. Posiada oddzielną kuchnię, balkon i piwnicę, co zapewnia wygodę i funkcjonalność. Wyposażone w plastikowe okna i drzwi antywłamaniowe. Ogrzewanie miejskie zapewnia komfort przez cały rok. Media, takie jak internet i telewizja kablowa, są dostępne. Zabezpieczone domofonem. Dostępne od 15 czerwca 2026 roku, ta nieruchomość stanowi dobrą inwestycję lub miejsce do zamieszkania. Cena wynosi 695000 zł. W mieszkaniu są świeżo wyremontowane łazienki. Blok położony w na ładnym, zielonym osiedlu, blisko politechniki, a do centrum można podejść spacerem.",tak,,osobna,plastikowe,własność,Wyposażenie: internet,53.116105,23.143096
Białystok Centrum,ul. Ciepła,3,46,529000,11500.0,bez pośredników,,8,https://adresowo.pl/o/mieszkanie-bialystok-centrum-ul-ciepla-3-pokojowe-m4f0g2,https://s2.adresowa.pl/oi/15/67/3e4a5c_a735_cover@2x-3-pokojowe-mieszkanie-bialystok-centrum-ul-ciepla.webp,Białystok Centrum,Ciepła,3,1975.0,blok,,"Nowoczesny standard, funkcjonalnie zaaranżowana przestrzeń, spójna estetyka, zabudowy, meble i pełne AGD, a to wszystko w 3-pokojowym eleganckim mieszkaniu o powierzchni 46 m2 usytuowanym na 3 piętrze w niskim 4-piętrowym bloku. Ceniona część miasta, świetnie skomunikowana - ul. Ciepła. Mieszkanie jest świeżo po generalnym remoncie. Prezentowane zdjęcia przestawiają realizację, mieszkanie jest gotowe do wprowadzenia od zaraz. Rozkład: -salon, -oddzielna kuchnia, -dwie sypialnie, -łazienka z WC, -przestronny przedpokój. Do lokalu mieszkalnego przynależy balkon typu loggia oraz piwnica. -mieszkanie gotowe do wprowadzenia – wyposażone w meble, sprzęt AGD -funkcjonalny układ – salon, 2 sypialnie i oddzielna duża kuchnia, łazienka z wc, -mieszkanie świeżo po generalnym remoncie – wymienione instalacje, bardzo dobra jakość wykończenia, -wszystko nowe i nieużywane, po remoncie nikt nie mieszkał, -bardzo dobra lokalizacja – osiedle Sienkiewicza, bliskie sąsiedztwo samego Centrum, liczne sklepy, punkty usługowe, przedszkola, szkoła, uczelnia WANS, w pobliżu galeria Jurowiecka, a wszystko przy jednoczesnej ciszy i zieleni wokół. Wygodne i szybkie połączenie komunikacją w każdą część miasta, -mieszkanie dwustronne i słoneczne, -pełna własność z Księgą Wieczystą, możliwy zakup na kredyt, -brak dodatkowych kosztów – zakup bez prowizji, w cenie jest wyposażenie (meble, AGD). Idealne dla osób ceniących sobie bliskość Centrum, przy jednoczesnej ciszy i zieleni wokół, dla osób które chcą się szybko wprowadzić, bez czasochłonnych remontów i ponoszenia dodatkowych kosztów. Zapraszam do kontaktu i na prezentację. *Mieszkanie gotowe do wprowadzenia i dostępne od zaraz. Agencjom oraz pośrednikom dziękuję za pomoc w sprzedaży. Elementy dekoracyjne nie są na wyposażeniu mieszkania.",tak,,osobna,plastikowe,własność,,53.139698,23.164802
Białystok Dziesięciny,ul. Palmowa,2,28,325000,11607.0,Pośrednik,,14,https://adresowo.pl/o/mieszkanie-bialystok-dziesieciny-ul-palmowa-2-pokojowe-u7u9u4,https://s2.adresowa.pl/oi/70/57/3ceaac_9efd_cover@2x-2-pokojowe-mieszkanie-bialystok-dziesieciny-ul-palmowa.webp,Białystok Dziesięciny,Palmowa,1,1996.0,blok,,"***REZERWACJA *** Na sprzedaż przytulne mieszkanie o powierzchni 27,79 m² położone na ul. Palmowej w Białystoku (Dziesięciny II) Nieruchomość, położona jest na 1 piętrze niskiego bloku z cegły. Mieszkanie jest zadbane i gotowe do wprowadzenia bez dodatkowych nakładów . Idealnie sprawdzi się dla singla, pary lub jako inwestycja pod wynajem. Układ mieszkania: przestronny pokój dzienny z aneksem kuchennym , wydzielona mini sypialnia , zapewniająca prywatność i wygodę, łazienka z WC i wanną , przedpokój z pojemną szafą w zabudowie. Dodatkowym atutem jest balkon , idealny na poranną kawę, oraz piwnica , zapewniająca dodatkową przestrzeń do przechowywania. Około 2 lata temu mieszkanie przeszło gruntowny remont, w trakcie którego: wymieniono instalację elektryczną i hydrauliczną , położono nowe podłogi , odświeżono i wygładzono ściany , zamontowano nowoczesną kuchnię w zabudowie wraz z nowymi sprzętami AGD. Lokalizacja i okolica Kawalerka znajduje się w zielonej, spokojnej części Białegostoku. W pobliżu dostępne są: sklepy spożywcze i punkty usługowe, apteka oraz przychodnia, szkoły i przedszkola (m.in. SP nr 47 im. J.K. Branickiego), przystanki autobusowe zapewniające świetny dojazd do centrum i innych dzielnic miasta. Budynek położony jest w kameralnym, zadbanym otoczeniu , z dostępem do terenów zielonych i miejsc idealnych do spacerów. Zapraszam do kontaktu i na prezentację! Mieszkanie dostępne od 1 lipca 2026 r. Oferta objęta klauzulą wyłączności Klauzula informacyjna Oferta nie stanowi oferty handlowej w rozumieniu art. 66 §1 KC. Informacje i zdjęcia mają charakter poglądowy i wymagają weryfikacji. M2HOME Nieruchomości jest właścicielem opisu i zdjęć. Ich kopiowanie lub rozpowszechnianie bez zgody jest zabronione na podstawie ustawy o prawie autorskim. Pośrednik odpowiedzialny zawodowo za wykonanie umowy pośrednictwa: Maja Sztukiewicz (licencja nr: )",,,aneks,plastikowe,,,53.156227,23.121902
Białystok,Bojary,4,90,929000,10322.0,Pośrednik,,20,https://adresowo.pl/o/mieszkanie-bialystok-bojary-4-pokojowe-90-m2-v3a8f7,https://s2.adresowa.pl/oi/24/37/3ceaa6_27f3_cover@2x-4-pokojowe-mieszkanie-bialystok-bojary.webp,Białystok Bojary,,3,2003.0,blok,,"Na sprzedaż wyjątkowe, dwupoziomowe mieszkanie o powierzchni 90,6 m² , położone w jednej z najbardziej pożądanych lokalizacji w Białymstoku ul. Słonimska 5 - Bojary. Idealne dla rodziny, osób pracujących zdalnie lub inwestora szukającego nieruchomości o dużym potencjale. Najważniejsze atuty: ✔ 4 funkcjonalne pokoje ( z możliwością wydzielenia 5 pokoi) ✔ Dwupoziomowy, komfortowy układ ✔ 2 balkony (ekspozycja wschód-zachód) ✔ Prywatne miejsca parkingowe za szlabanem - tylko dla mieszkańców ✔ Piwnica (2.8 m2) ✔ Budynek z cegły (2003 r.) Przemyślany rozkład pomieszczeń Poziom I (47 m² + łazienka 3,9 m²): • Przestronny, jasny salon z jadalnią i otwartą kuchnią wyposażoną w sprzęty AGD (kuchenka elektryczna, nowa lodówka, pralka ) • Łazienka z prysznicem i WC Idealna strefa dzienna - dużo światła i przestrzeni do wspólnego spędzania czasu. Poziom II: • 3 ustawne sypialnie (17,5 m² | 9,4 m² | 7,5 m²) • Garderoba (2,4 m²) • Łazienka z wanną i WC (4,8 m²) z elektrycznym ogrzewaniem podłogowym Wyraźny podział na część dzienną i prywatną zapewnia wygodę wszystkim domownikom. Istnieje również możliwość dokupienia garażu w budynku. Lokalizacja Świetne położenie w dzielnicy Bojary -ul. Słonimska 5 blisko szkoły, sklepy, komunikacja miejska, tereny spacerowe. Kameralny, czteropiętrowy budynek z cegły gwarantuje solidność i komfort mieszkania. To mieszkanie łączy przestrzeń, funkcjonalność i doskonałą lokalizację. Zadzwoń i umów się na prezentację - takie oferty pojawiają się rzadko! *Klauzula informacyjna** Powyższa oferta nie stanowi oferty handlowej w rozumieniu art. 66 § 1 Kodeksu Cywilnego oraz innych właściwych przepisów prawnych. Opis oraz zdjęcia nieruchomości mają charakter wyłącznie informacyjny. Przedstawione informacje mogą odbiegać od stanu faktycznego nieruchomości, a ich szczegóły wymagają osobistej weryfikacji przez zainteresowanego nabywcę. Wszelkie dane, w tym wymiary, wyposażenie oraz stan techniczny nieruchomości, należy potwierdzić podczas oględzin. M2HOME Nieruchomości jest wyłącznym właścicielem zamieszczonych zdjęć i opisu. Kopiowanie ich w całości lub fragmentach jest zabronione zgodnie z ustawą z dnia 4 lutego 1994 r. o prawie autorskim i prawach pokrewnych Pośrednik odpowiedzialny zawodowo za wykonanie umowy pośrednictwa: Maja Sztukiewicz (licencja nr: )",tak,,aneks,drewniane,własność,"Wyposażenie: kuchenka, lodówka, pralka",53.134287,23.174028
Białystok Centrum,ul. Jurowiecka,3,56,985000,17589.0,bez pośredników,,8,https://adresowo.pl/o/mieszkanie-bialystok-centrum-ul-jurowiecka-3-pokojowe-r6b8a6,https://s2.adresowa.pl/oi/73/52/3e3fec_3393_cover@2x-3-pokojowe-mieszkanie-bialystok-centrum-ul-jurowiecka.webp,Białystok Centrum,Jurowiecka,8,2021.0,apartamentowiec,,"Na sprzedaż wyjątkowe mieszkanie położone na 8. piętrze prestiżowych Apartamentów Jagiellońskich przy ul. Jurowieckiej — jednej z najbardziej pożądanych lokalizacji w Białymstoku. Apartament o powierzchni 56 m², został wykończony od stanu deweloperskiego pod indywidualny projekt architekta wnętrz — z myślą o właścicielach, nie pod inwestycję. Wszystkie zabudowy wykonane zostały przez stolarza na wymiar, z dużą ilością praktycznych miejsc do przechowywania, co pozwala utrzymać porządek i maksymalnie wykorzystać przestrzeń mieszkania. Układ mieszkania: - przestronny salon z aneksem kuchennym i wyspą, - 2 oddzielne pokoje, - łazienka, - duży balkon ok. 20 m². Południowa ekspozycja zapewnia naturalne światło przez większą część dnia, a z balkonu rozciąga się przyjemny widok na zieleń i okolice rzeki Białki. Mieszkanie jest w pełni wyposażone i gotowe do zamieszkania: - klimatyzacja zapewniająca komfort w cieplejsze dni, - pełne AGD w zabudowie pozwalające zachować spójną i estetyczną przestrzeń, - funkcjonalna kuchnia z dużą ilością szafek i wyspą, która sprawdza się zarówno podczas codziennego użytkowania, jak i spotkań z rodziną czy znajomymi, - pralko-suszarka zwiększająca wygodę codziennego życia, - system filtrowania wody do picia eliminujący konieczność kupowania wody w butelkach, - wysokiej jakości zabudowy stolarskie wykonywane na wymiar, - liczne miejsca do przechowywania, dzięki którym mieszkanie pozostaje uporządkowane i funkcjonalne. Warto zaznaczyć, że balkon posiada narożne połączenie z sąsiednim lokalem — rozwiązanie widoczne na rzucie mieszkania. Najważniejsze atuty: - prestiżowa inwestycja w centrum miasta, - wysoki standard części wspólnych, - ochrona i monitoring, - szybkie, ciche windy, - bardzo dobre wyciszenie mieszkania, - miejsce postojowe blisko windy, - Galeria Jurowiecka, restauracje, kino, siłownia i tereny spacerowe w zasięgu kilku minut pieszo. Mieszkanie idealne zarówno dla pary, rodziny, jak i osób ceniących komfort życia w centrum miasta. Cena: 985 000 zł wraz z miejscem postojowym.",,tak,aneks,,,"Wyposażenie: klimatyzacja, suszarka",53.138521,23.161088
Białystok Nowe Miasto,ul. Transportowa,3,48,630000,13125.0,bez pośredników,,8,https://adresowo.pl/o/mieszkanie-bialystok-nowe-miasto-ul-transportowa-3-pokojowe-x9f4r4,https://s2.adresowa.pl/oi/76/3a/3e3d80_c884_cover@2x-3-pokojowe-mieszkanie-bialystok-nowe-miasto-ul-transportowa.webp,Białystok Nowe Miasto,Transportowa,3,2009.0,blok,,"Sprzedaż bezpośrednia - 3-pokojowe mieszkanie | Nowe Miasto | ul. Transportowa Przestronne i funkcjonalne mieszkanie położone w samym centrum osiedla Nowe Miasto przy ul. Transportowej. Lokal znajduje się na 3 piętrze w kameralnym, ogrodzonym bloku z 2009 roku. Mieszkanie jest bardzo zadbane, gotowe do wprowadzenia i nie wymaga dodatkowych nakładów finansowych. Mieszkanie składa się z dwóch sypialni, dużego salonu połączonego z kuchnią oraz dodatkowej garderoby. Powierzchnia mieszkania to ok 65 m² po podłodze / 48,9 m² po suficie (czynsz liczony od 48,9 m2). Wysokie skosy nie przeszkadzają w codziennym funkcjonowaniu — w najniższym punkcie wysokość wynosi 1,57 m, a wysokość sufitu to 2,57 m. Dodatkowym atutem jest zabudowany balkon, który tworzy dodatkową przestrzeń użytkową. Kuchnia została całkowicie wymieniona w 2023 roku. W mieszkaniu znajduje się również klimatyzacja marki Samsung. W maju 2026 zostały wymienione rury w pionie wodnym. Lokal nie posiada instalacji gazowej. Do mieszkania przynależy piwnica o powierzchni 1,80 m² oraz dostęp do wspólnej wózkowni. Sąsiedzi spokojni i serdeczni. Najważniejsze zalety: * 3 pokoje: * 2 sypialnie, * salon z aneksem kuchennym, * dodatkowa garderoba, * klimatyzacja, * zabudowany balkon, * nowa kuchnia (2023), * mieszkanie gotowe do zamieszkania, * brak instalacji gazowej, * wymienione piony wodne (maj 2026), * piwnica 1,80 m², * dostęp do wózkowni, * blok ogrodzony, * parking oraz wjazd na pilot, * wejście na teren wspólnoty na kod lub pastylkę, * spokojna i przyjazna okolica, * czynsz około 600 zł. W cenie zostawiamy: * wszystkie meble, * piekarnik, * okap, * zmywarkę, * mikrofalówkę, * pralko-suszarkę. Świetna lokalizacja: * przychodnia rodzinna oraz Żabka w bloku, * Biedronka - 190 m, * przystanek autobusowy - 200 m, * pawilony usługowe - 220 m, * Szkoła Podstawowa nr 50 - 350 m, * Przedszkole Samorządowe nr 32 - 450 m, * Przedszkole Samorządowe nr 64 - 550 m, * pawilony usługowe w pobliżu - 300 m: * piekarnie, * warzywniaki, * sklepy spożywcze, * kwiaciarnie, * sklepy mięsne i rybne, * apteki, * weterynarz, * sklepy odzieżowe, * prywatne żłobki, przedszkola i szkoły. Możliwość opuszczenia mieszkania: sierpień 2026. Sprzedaż bezpośrednia. Pośredników prosimy o niedzwonienie i nie tracenie czasu — mieszkanie sprzedajemy sami.",tak,,aneks,,,"Wyposażenie: klimatyzacja, piekarnik, suszarkę, zmywarkę",53.111429,23.12174
Białystok,ul. Pogodna,2,32,365000,11406.0,bez pośredników,,4,https://adresowo.pl/o/mieszkanie-bialystok-ul-pogodna-2-pokojowe-p3f4f3,https://s2.adresowa.pl/oi/69/14/3e3cbc_ed84_cover@2x-2-pokojowe-mieszkanie-bialystok-ul-pogodna.webp,Białystok ,Pogodna,2,1976.0,blok,,"Oferuję na sprzedaż mieszkanie o powierzchni 32,2 m². Znajduje się na 2. piętrze w 4-piętrowym bloku, na rogu ulic Pogodnej i Wiejskiej. Mieszkanie jest gotowe do zamieszkania. Do mieszkania przynależy piwnica, 2 pokoje, kuchnia, łazienka. Własność z księgą wieczystą.",tak,,,,własność,,53.115741,23.13707
Białystok Słoneczny Stok,ul. Upalna 96,2,53,379000,7151.0,Pośrednik,,9,https://adresowo.pl/o/mieszkanie-bialystok-sloneczny-stok-ul-upalna-2-pokojowe-p9w4q5,https://s2.adresowa.pl/oi/6a/39/3ceaa2_cd4f_cover@2x-2-pokojowe-mieszkanie-bialystok-sloneczny-stok-ul-upalna.webp,Białystok Słoneczny Stok,Upalna 96,9,1982.0,blok,,"Na sprzedaż 2-pokojowe mieszkanie o powierzchni 53,5 m² , położone przy ul. Upalnej 96 na osiedlu Słoneczny Stok . Nieruchomość znajduje się na 9. piętrze w 11-piętrowym budynku z windą , co zapewnia ładny widok na panoramę miasta oraz dużo naturalnego światła . Mieszkanie z dużym potencjałem Lokal wymaga remontu , co daje możliwość aranżacji wnętrza według własnego gustu . Dzięki funkcjonalnemu układowi istnieje również możliwość przebudowy mieszkania na 3 pokoje , co czyni nieruchomość atrakcyjną zarówno dla osób szukających mieszkania dla siebie, jak i inwestorów planujących wynajem. Dodatkowym atutem jest dwustronny układ mieszkania , który zapewnia dobrą wentylację i więcej światła w pomieszczeniach. Rozkład pomieszczeń przedpokój przestronny korytarz 2 oddzielne pokoje kuchnia z oknem łazienka oddzielne WC balkon typu loggia Do mieszkania przynależy piwnica znajdująca się na 11. piętrze , co stanowi wygodne rozwiązanie - nie trzeba schodzić do poziomu piwnic. Lokalizacja Mieszkanie znajduje się w dobrze skomunikowanej części miasta - osiedle Słoneczny Stok . W najbliższej okolicy znajdują się: Galeria Zielone Wzgórza sklepy i punkty usługowe ( Lidl, Biedronka ) szkoły i przedszkola przystanki komunikacji miejskiej tereny zielone i spacerowe Najważniejsze atuty ✔ możliwość przerobienia mieszkania na 3 pokoje ✔ dwustronny układ - więcej światła i lepsza wentylacja ✔ balkon typu loggia z widokiem na panoramę miasta ✔ duży parking pod blokiem ✔ spokojna i zielona okolica ✔ dobra komunikacja z centrum miasta 📞 Zapraszam do kontaktu i umówienia się na prezentację. Mieszkania z takim potencjałem w tej lokalizacji pojawiają się na rynku rzadko. Pośrednik odpowiedzialny zawodowo za wykonanie umowy pośrednictwa: Maja Sztukiewicz (licencja nr: )",,,,plastikowe,spółdzielcze własnościowe,,53.128255,23.099141
Białystok,ul. Artura Grottgera,3,56,595000,10625.0,Pośrednik,,17,https://adresowo.pl/o/mieszkanie-bialystok-ul-artura-grottgera-3-pokojowe-l2o3x5,https://s2.adresowa.pl/oi/43/72/3cea98_bd9c_cover@2x-3-pokojowe-mieszkanie-bialystok-ul-artura-grottgera.webp,Białystok ,Artura Grottgera,3,1963.0,blok,,"3-pokojowe mieszkanie w pożądanej lokalizacji - os. Mickiewicza, ul. Grottgera Na sprzedaż funkcjonalne mieszkanie 3-pokojowe o powierzchni ok. 56 m² , zlokalizowane na III piętrze w kameralnym, 3-piętrowym bloku z cegły (po termoizolacji), na cenionym osiedlu Mickiewicza przy ul. Grottgera . Budynek zadbany - wyremontowane klatki schodowe, nowe drzwi wejściowe . Lokal jest obecnie wynajmowany , co czyni go idealną propozycją inwestycyjną . Istnieje możliwość przeniesienia cesji umowy najmu na nowego właściciela lub zakupu bez najemców . Układ i standard: przestronny salon z wyjściem na balkon dwie niezależne sypialnie oddzielna kuchnia łazienka z WC korytarz piwnica Mieszkanie w pełni umeblowane i wyposażone w sprzęt AGD . W 2019 roku przeprowadzono generalny remont , obejmujący wymianę instalacji elektrycznej i hydraulicznej. Lokal dwustronny, ciepły i słoneczny . Parking i bezpieczeństwo: dwa parkingi dostępne dla mieszkańców szlabany otwierane pilotem Lokalizacja: Ścisłe centrum miasta z doskonale rozwiniętą infrastrukturą: w pobliżu uczelnie wyższe , galerie handlowe, restauracje, szkoły, przedszkola, przychodnie, apteki, tereny zielone, ścieżki rowerowe oraz przystanki komunikacji miejskiej . To nieruchomość, która łączy świetną lokalizację, kameralny charakter zabudowy oraz potencjał inwestycyjny . Zapraszam do kontaktu i na prezentację. **Klauzula informacyjna** Powyższa oferta nie stanowi oferty handlowej w rozumieniu art. 66 § 1 Kodeksu Cywilnego oraz innych właściwych przepisów prawnych. Opis oraz zdjęcia nieruchomości mają charakter wyłącznie informacyjny. Przedstawione informacje mogą odbiegać od stanu faktycznego nieruchomości, a ich szczegóły wymagają osobistej weryfikacji przez zainteresowanego nabywcę. Wszelkie dane, w tym wymiary, wyposażenie oraz stan techniczny nieruchomości, należy potwierdzić podczas oględzin. M2HOME Nieruchomości jest wyłącznym właścicielem zamieszczonych zdjęć i opisu. Kopiowanie ich w całości lub fragmentach jest zabronione zgodnie z ustawą z dnia 4 lutego 1994 r. o prawie autorskim i prawach pokrewnych.",,tak,,plastikowe,własność,,53.123169,23.16971
Białystok Piasta,ul. Skorupska,3,60,530000,8833.0,bez pośredników,,8,https://adresowo.pl/o/mieszkanie-bialystok-piasta-ul-skorupska-3-pokojowe-s6g7g4,https://s2.adresowa.pl/oi/1e/2f/3e3ae6_9c5b_cover@2x-3-pokojowe-mieszkanie-bialystok-piasta-ul-skorupska.webp,Białystok Piasta,Skorupska,3,1988.0,blok,,"Na sprzedaż oferuję mieszkanie o powierzchni 60 m², położone na popularnym i dobrze skomunikowanym osiedlu Piasta w Białymstoku. Mieszkanie składa się z: przestronnego salonu, dwóch sypialni, oddzielnej kuchni, łazienki, WC, przedpokoju. Dodatkowym atutem jest duży balkon z zabudową, który zapewnia dodatkową przestrzeń użytkową przez cały rok. Do mieszkania przynależy również piwnica. Lokal raczej wymaga remontu, co daje możliwość aranżacji wnętrza według własnych potrzeb i gustu. Atuty nieruchomości: bardzo dobra lokalizacja – os. Piasta, pełna infrastruktura w okolicy (sklepy, szkoły, komunikacja), funkcjonalny układ pomieszczeń, duży balkon z zabudową, piwnica w cenie, mieszkanie z potencjałem inwestycyjnym lub dla rodziny. Idealne dla osób, które chcą stworzyć wnętrze „od zera” lub pod inwestycję pod wynajem",tak,,osobna,,własność,,53.133818,23.182067
Białystok Dziesięciny,ul. Jarzębinowa,1,32,270000,8438.0,bez pośredników,,14,https://adresowo.pl/o/mieszkanie-bialystok-dziesieciny-ul-jarzebinowa-1-pokoj-v6o8n8,https://s2.adresowa.pl/oi/20/5a/3e37f4_f104_cover@2x-1-pokojowe-mieszkanie-bialystok-dziesieciny-ul-jarzebinowa.webp,Białystok Dziesięciny,Jarzębinowa,4,1996.0,blok,,"Sprzedajemy z zona mieszkanie z powodu powiększenia rodziny , dobra lokalizacji, cicha z pięknym krajobrazem. Wszelkie dodatkowe informacje pod telefonem. Proszę o telefony po godz. 16",tak,,osobna,plastikowe,własność,,53.132489,23.16884
Białystok Leśna Dolina,ul. Bacieczki,3,57,459000,8053.0,bez pośredników,,13,https://adresowo.pl/o/mieszkanie-bialystok-lesna-dolina-ul-bacieczki-3-pokojowe-w8s1w6,https://s2.adresowa.pl/oi/52/65/3e37c8_dc5a_cover@2x-3-pokojowe-mieszkanie-bialystok-lesna-dolina-ul-bacieczki.webp,Białystok Leśna Dolina,Bacieczki,3,2000.0,blok,,"Sprzedam bez pośredników, Bardzo jasne przestrzenne mieszkanie w którym znajduję się jasny duży salon z wyjściem na balkon , oraz 2 ustawne pokoje w których znajdują się szafy w zabudowach Oddzielna jasna kuchnia wraz ze schowkiem gospodarczym oraz przestronny przedpokój z zabudową Bardzo dobra lokalizacja :przedszkole, szkoła jak również place zabaw oraz sklepy Biedronka Rossmann Dealz, w pobliżu mieszkania przystanek komunikacji. Cena do negocjacji, zapraszam do kontaktu. Tel",,,osobna,plastikowe,własność,,53.143637,23.087897
Białystok,ul. Świętojańska,3,45,575000,12778.0,Pośrednik,,32,https://adresowo.pl/o/mieszkanie-bialystok-ul-swietojanska-3-pokojowe-e8p9q1,https://s2.adresowa.pl/oi/68/2e/3cea9c_f74a_cover@2x-3-pokojowe-mieszkanie-bialystok-ul-swietojanska.webp,Białystok ,Świętojańska,1,1964.0,blok,,"Wyjątkowa oferta mieszkania w jednej z najbardziej pożądanych lokalizacji Białegostoku - na prestiżowym osiedlu Mickiewicza, przy ul. Świętojańskiej. To przestrzeń stworzona z myślą o komforcie, funkcjonalności i nowoczesnym stylu życia. Mieszkanie zostało zaprojektowane przez architekta, co widać w każdym detalu - harmonijny design, wysokiej jakości materiały oraz spójna, nowoczesna aranżacja sprawiają, że wnętrze prezentuje się niezwykle elegancko i ponadczasowo. Pomieszczenia są jasne, ustawne i dopracowane, a dodatkowym atutem jest zainstalowana klimatyzacja, zapewniająca komfort przez cały rok. Lokal dwustronny jasny, znajduje się na pierwszym piętrze w zadbanym bloku z cegły po termoizolacji. Mieszkanie składa się z trzech pokoi, kuchni, łazienki oraz balkonu. To jedna z najlepszych lokalizacji w mieście - bezpośrednie sąsiedztwo parku zapewnia możliwość odpoczynku w zieleni, a bliskość galerii Alfa i Biała gwarantuje dostęp do pełnej infrastruktury handlowo-usługowej. W najbliższej okolicy znajdują się również renomowane uczelnie Uniwersytet Medyczny i Uniwersytet Prawa, szkoły podstawowe, 11 liceum oraz liczne przedszkola. Pod blokiem dostępny jest parking na szlaban wyłącznie dla mieszkańców , co stanowi ogromny atut w tej części miasta. To oferta idealna zarówno dla rodzin poszukujących komfortowego miejsca do życia, jak i dla inwestorów, którzy oczekują bezpiecznej i atrakcyjnej lokaty kapitału pod wynajem. Wyjątkowe mieszkanie na wyjątkowym osiedlu - propozycja, która spełni oczekiwania najbardziej wymagających. Klauzula informacyjna Oferta nie stanowi oferty handlowej w rozumieniu art. 66 §1 KC. Informacje i zdjęcia mają charakter poglądowy i wymagają weryfikacji. M2HOME Nieruchomości jest właścicielem opisu i zdjęć. Ich kopiowanie lub rozpowszechnianie bez zgody jest zabronione na podstawie ustawy o prawie autorskim. Pośrednik odpowiedzialny zawodowo za wykonanie umowy pośrednictwa: Maja Sztukiewicz (licencja nr: )",,tak,aneks,plastikowe,własność,Wyposażenie: klimatyzacja,53.126499,23.172399
Białystok,ul. gen. Józefa Bema,4,66,489000,7409.0,Pośrednik,,11,https://adresowo.pl/o/mieszkanie-bialystok-ul-gen-jozefa-bema-4-pokojowe-h1r9n9,https://s2.adresowa.pl/oi/11/18/3ce1ce_51b5_cover@2x-4-pokojowe-mieszkanie-bialystok-ul-gen-jozefa-bema.webp,Białystok ,gen. Józefa Bema,4,1972.0,blok,,"Czteropokojowe mieszkanie z dobrym układem - ul. Bema, Białystok Na sprzedaż przestronne mieszkanie o powierzchni ponad 66 m², położone na 4 piętrze w czteropiętrowym bloku z cegły z 1969 roku przy ul. Bema w Białymstoku. To mieszkanie ma bardzo funkcjonalny układ - rzadko spotykany w tej wielkości. Do dyspozycji są cztery odrębne pokoje , a wszystkie pomieszczenia - również kuchnia, łazienka i oddzielne wc - dostępne są bezpośrednio z korytarza. Dzięki temu mieszkanie jest wygodne w codziennym użytkowaniu, ale może być także interesującą propozycją inwestycyjną. Pokoje są ustawne, foremne i o zbliżonej wielkości , co daje dużą swobodę aranżacji. W dwóch z nich znajdują się pojemne szafy przesuwne wykonane na wymiar - bardzo praktyczne rozwiązanie, które pozwala pomieścić naprawdę sporo rzeczy. Sercem mieszkania jest jasna, przytulna kuchnia , która - jak mówią obecni mieszkańcy - jest ich ulubionym miejscem w domu. To przestrzeń, w której chętnie spędza się czas. Mieszkanie jest dwustronne , a położenie na ostatnim piętrze zapewnia bardzo dobrą ilość naturalnego światła w ciągu dnia. Dodatkowym atutem jest duży balkon o powierzchni około 5 m² . Lokal jest zadbany i utrzymany w dobrym stanie , natomiast ostatni generalny remont był przeprowadzany około 20 lat temu. Wnętrze zachowało stylistykę tamtych lat, momentami można jeszcze dostrzec elementy starszego wystroju, jak np. boazeria w przedpokoju. Dla wielu osób będzie to przestrzeń z potencjałem do własnej aranżacji i odświeżenia według własnych potrzeb. Ale rozkład - doskonały! Do mieszkania przynależy również piwnica . Sam budynek jest schludny i dobrze utrzymany - klatki schodowe zostały wyremontowane. Wokół znajdują się parkingi dostępne wyłącznie dla mieszkańców, zabezpieczone szlabanami . Okolica jest dobrze zagospodarowana, z wygodnym dostępem do miejskiej infrastruktury. Serdecznie zapraszam do obejrzenia mieszkania na żywo.",tak,,osobna,plastikowe,własność,,53.122208,23.141037
Białystok Centrum,ul. Stołeczna,1,21,287000,13667.0,bez pośredników,,9,https://adresowo.pl/o/mieszkanie-bialystok-centrum-ul-stoleczna-1-pokoj-u5o7p5,https://s2.adresowa.pl/oi/23/70/3e2e2c_c00a_cover@2x-1-pokojowe-mieszkanie-bialystok-centrum-ul-stoleczna.webp,Białystok Centrum,Stołeczna,2,2004.0,blok,,"Witam serdecznie, Gorąco polecam Państwu moją nieruchomość położoną w Białymstoku: mieszkanie (kawalerka) przy ulicy Stołecznej nr 14 C na drugim piętrze. Mieszkanie jest po generalnym remoncie. Oferta sprzedaży bezpośrednio od właściciela. Poniżej kilka słów opisowych - informacje ogólne: - położenie: miasto Białystok, woj. podlaskie- blok znajduje się przy ulicy Stołecznej nr 14 C w spokojnej, zielonej i dobrze skomunikowanej części miasta: dzielnica Centrum, osiedle Przydworcowe opis mieszkania:-blok wybudowany w roku 2004r; technika budowy: cegła - piętro: 2 z 4 - mieszkanie po generalnym remoncie : wszystko nowe oraz pełne wyposażenie i umeblowanie pozostaje w cenie powierzchnia mieszkalna 21,9m²: brak balkonu mieszkanie jednostronne- wysokość pomieszczeń : 2,8m oraz piwnica 3,7m² media : - ogrzewanie bloku z sieci miejskiej- woda: istniejące przyłącze z wodociągu miejskiego- odprowadzenie ścieków: kanalizacja miejska- prąd - istniejące przyłącze elektroenergetyczne na zasadach PGE- internet bez limitu - przed blokiem znajduje się duży parking: ilość miejsc parkingowych wystarczająca; nie ma problemu z zaparkowaniem samochodu otoczenie : - tuż obok bloku znajdują się sklepy oraz przystanki autobusowe i dworzec pkp/pks - obecność zieleni wokół tworzy przytulną atmosferę opis zdjęć : - na zdjęciu nr.1 dodałam zdjęcie widok pokoju oraz wejście do kuchni - na zdjęciu nr.2 widać pokój oraz nową szafę - na zdjęciu nr.3 ujęcie pokoju, widok na stół i okno - na zdjęciu nr.4 widok kuchni - na zdjęciu nr.5 przejście z pokoju na korytarz - na zdjęciu nr.6 łazienka: prysznic - na zdjęciu nr.7 łazienka: wc - na zdjęciu nr.8 widać przedpokój oraz wejście do pokoju - na zdjęciu nr.9 widoczny jest blok przy ul. Stołecznej 14 C oraz pobliskie bloki dojazd : - w mieście Białystok kierujemy się w stronę osiedla Przydworcowe; blok umiejscowiony jest przy ulicy Stołecznej 14 C - mieszkanie na II piętrze. odległość do najbliższych miast : 4km Grabówka 9km Wasilków 14km Choroszcz 15 km Supraśl 19 km Zabłudów najbliższe ulice tuż obok ulicy Stołecznej to min: - ul. Monte Cassino, Wyszyńskiego, Sukienna, Św. Rocha, Łomżyńska, Lipowa, Kolejowa, Zwycięstwa, Choroszczańska, Prowiantowa, Marmurowa, Sosnowa, Brukowa, Krakowska, Sosnowskiego, Kijowska, Żółta, Grunwaldzka forma władania : -własnościowe - akt notarialny cena : 287.000 zł z pełnym nowym wyposażeniem - mieszkanie gotowe do wejścia i zamieszkania od zaraz kontakt: numer telefonu ([numer]) Zapraszam do obejrzenia i zakupu.",tak,,osobna,plastikowe,spółdzielcze własnościowe,Wyposażenie: internet,53.132157,23.13945
Białystok Centrum,ul. Nowogródzka,2,35,390000,11143.0,bez pośredników,,8,https://adresowo.pl/o/mieszkanie-bialystok-centrum-ul-nowogrodzka-2-pokojowe-g3n9z6,https://s2.adresowa.pl/oi/45/6b/3e2dc2_d520_cover@2x-2-pokojowe-mieszkanie-bialystok-centrum-ul-nowogrodzka.webp,Białystok Centrum,Nowogródzka,3,1965.0,blok,,"Sprzedam mieszkanie 35,5 m2, znajdujące się na 3 piętrze w bloku 4 piętrowym. Lokalizacja Białystok ulica Nowogródzka 8, ciche otoczenie bloku, blisko Centrum Miasta. Mieszkanie składa się z dwóch pokoi, samodzielnej kuchni, korytarza i łazienki. Dodatkowo posiada komórkę. Mieszkanie przeszło kilka lat temu gruntowny remont i jest gotowe do zamieszkania. Przygotowane jest do wynajmu, ale też jest komfortowe do zamieszkania przez dwie osoby. Okolica jest bardzo dobrze skomunikowana, blisko znajdują się przedszkola, szkoły, uczelnie, markety, centra handlowe. Proszę dzwonić w dni robocze po godzinie 15.00",tak,,osobna,plastikowe,własność,,53.14124,23.163385
Białystok Centrum,al. Józefa Piłsudskiego,1,22,260000,11818.0,bez pośredników,,6,https://adresowo.pl/o/mieszkanie-bialystok-centrum-al-jozefa-pilsudskiego-1-pokoj-u5a8j6,https://s2.adresowa.pl/oi/3c/7f/3e2dc0_884e_cover@2x-1-pokojowe-mieszkanie-bialystok-centrum-al-jozefa-pilsudskiego.webp,Białystok Centrum,Józefa Piłsudskiego,2,1958.0,blok,,"Mieszkanie na sprzedaż o powierzchni 22,9 m². Znajduje się na drugim piętrze w bloku, od strony podwórka. Jest umeblowane, co ułatwia wprowadzenie się. Wnętrze charakteryzuje się białymi ścianami. W przedpokoju, kuchni i łazience znajdziesz solidne płytki na podłodze. Łazienka wyposażona jest w prysznic i toaletę. Lokalizacja mieszkania jest bardzo atrakcyjna. W pobliżu znajdują się: przedszkola, szkoły, uczelnie, sklepy, markety, kawiarnie i restauracje. Możesz tu znaleźć wiele miejsc rozrywki, takich jak kina i teatry. W okolicy są również parki i tereny zielone, idealne do spacerów. Transport publiczny jest dobrze rozwinięty, co ułatwia poruszanie się po mieście. Nie zwlekaj, umów się na wizytę i przekonaj się sam, jak to mieszkanie może stać się Twoim nowym domem! Proszę dzwonić w dni robocze po godzinie 15:00.",,,,,własność,,53.136103,23.157239
Białystok Leśna Dolina,al. Jana Pawła II,3,57,659000,11561.0,Pośrednik,,17,https://adresowo.pl/o/mieszkanie-bialystok-lesna-dolina-al-jana-pawla-ii-3-pokojowe-t9v5n0,https://s2.adresowa.pl/oi/14/5b/3ce188_bc2a_cover@2x-3-pokojowe-mieszkanie-bialystok-lesna-dolina-al-jana-pawla-ii.webp,Białystok Leśna Dolina,Jana Pawła II,6,2012.0,apartamentowiec,,"Szukasz mieszkania, które jest zadbane , funkcjonalne i gotowe do zamieszkania bez wydatków na start ? Bez czekania, bez długich remontów? To 3-pokojowe mieszkanie na 6. piętrze apartamentowca z 2012 roku może być dokładnie tym, czego teraz potrzebujesz. To lokal o powierzchni 57,89 m² , położony w inwestycji Słoneczne Tarasy przy Alei Jana Pawła II w Białymstoku. Budynek ma monitoring, dwie windy, zadbane części wspólne, a przestrzeń między blokami jest szeroka i zielona — po prostu wygodnie się tu mieszka. Układ i wnętrze Mieszkanie ma bardzo dobry i praktyczny rozkład: - Salon z aneksem kuchennym - jasny, ustawny, z wyjściem na blisko 10-metrowy balkon i otwartym widokiem na osiedle. Kuchnia w pełnej zabudowie z AGD. - Sypialnia - wygodna, z pojemną szafą w zabudowie. - Pokój dziecięcy/ gabinet - funkcjonalny, dobrze doświetlony, nadaje się do dowolnej aranżacji. - Łazienka z wc - przestronna, z prysznicem, zabudową i miejscem na pralkę. - Przedpokój - duży, praktyczny, również z zabudową. Całość jest estetycznie wykończona i bardzo zadbana. Mieszkanie jest narożne przez co dobrze doświetlone o różnych porach dnia. Spójrz też na rzut — widać na nim, jak dobrze rozplanowana jest cała przestrzeń. Dodatkowe informacje - Piwnica: 2,33 m² w podziemiu budynku. - Parking : ogólnodostępne miejsca na terenie osiedla. - Garaż : możliwość dokupienia zamkniętego garażu o pow. 16,5 m² w cenie 100 000 zł. - Budynek: monitoring, dwie windy , zadbane klatki, nowoczesne otoczenie. Lokalizacja Słoneczne Tarasy to osiedle z pełną infrastrukturą na miejscu: sklepy, punkty usługowe, opieka medyczna, szkoły i przedszkola. W okolicy znajdują się także tereny rekreacyjne i ścieżki spacerowe. Położenie przy Alei Jana Pawła II zapewnia szybki i wygodny dojazd zarówno do centrum, jak i w inne części miasta. Jeśli szukasz mieszkania, które łączy wygodny układ, dobry standard i nowoczesne otoczenie — warto zobaczyć je na żywo. Zadzwoń. Chętnie pokażę mieszkanie i odpowiem na pytania",tak,,aneks,plastikowe,własność,Wyposażenie: pralkę,53.141972,23.095107
Białystok Piaski,ul. Jerzego Waszyngtona,4,60,489000,8150.0,Pośrednik,,16,https://adresowo.pl/o/mieszkanie-bialystok-piaski-ul-jerzego-waszyngtona-4-pokojowe-p1k4l5,https://s2.adresowa.pl/oi/24/2a/3cb68e_4424_cover@2x-4-pokojowe-mieszkanie-bialystok-piaski-ul-jerzego-waszyngtona.webp,Białystok Piaski,Jerzego Waszyngtona,8,1977.0,blok,,"Do kupienia 4-pokojowe mieszkanie 60m2, piętro 8/11 z windą w budynku z 1977r., Piaski. Gotowe do zamieszkania, niezależne cztery pokoje, każdy zamykany na klucz, osobna kuchnia z oknem, gotowiec pod wynajem dla 4 osób. Jest możliwość łatwego przywrócenia poprzedniego układu, czyli dużego salonu poprzez połączenie dwóch sypialni, idealna oferta dla rodziny. Meble ruchome do uzgodnienia. Mieszkanie to: * 4 niezależne, zamykane pokoje, w każdym: biurko, lampa, fotel, łóżko 1-osobowe, duża szafa z półkami i szufladami, suszarka na ubrania, z jednego pokoju wyjście na niewielki balkon; * osobna kuchnia z oknem: płyta gazowa, piekarnik elektryczny, lodówka, zmywarka, mikrofalówka, okap, zlew; * łazienka: prysznic, umywalka, pralka; * łazienka: wc, umywalka; * przedpokój: szafa techniczna, szafka na buty, wieszak na ubrania; * balkon. Dodatkowo bokówka oraz niewielka piwnica. Dużo miejsc parkingowych na osiedlu, wjazd przez przez szlaban na pilota. Mieszkanie odświeżone w 2023 roku, całkowicie nowa kuchnia (z 2024r.), wymienione wszystkie sprzęty. We wszystkich pomieszczeniach żaluzje, w dwóch pokojach i kuchni zamontowane żaluzje z 2024r. (nie ma na niektórych zdjęciach). Wejście do budynku przez domofon. Okna trzech sypialni od zachodu, okna kuchni i jednej sypialni od wschodu. Czynsz 960 zł. Cicha i spokojna okolica, zadbana klatka schodowa, przyjaźni sąsiedzi. W okolicy liczne sklepy i punkty usługowe, blisko park przy Pałacu Branickich, Planty, Park Zwierzyniecki. Mieszkanie to lokal mieszkalny stanowiący odrębną nieruchomość, jest założona księga wieczysta, grunty uregulowane. Brak jakichkolwiek obciążeń w księdze wieczystej, tylko dwóch właścicieli, możliwa szybka sprzedaż. Mieszkanie jest dostępne za gotówkę lub na kredyt, który bezpłatnie pomożemy uzyskać. Zapraszam do obejrzenia na miejscu, zadzwoń i umów się na spotkanie! Oferta biura nieruchomości, więcej propozycji na naszej stronie [www]",,,,,własność,"Wyposażenie: lodówka, mikrofalówka, piekarnik, pralka, suszarka, zmywarka",53.12615,23.15368
Białystok,Leśna Dolina,1,33,344000,10424.0,bez pośredników,,8,https://adresowo.pl/o/mieszkanie-bialystok-lesna-dolina-1-pokoj-33-m2-f5z2o5,https://s2.adresowa.pl/oi/72/77/3e2806_51e7_cover@2x-1-pokojowe-mieszkanie-bialystok-lesna-dolina.webp,Białystok Leśna Dolina,,2,,blok,,"Na sprzedaż przytulna kawalerka o powierzchni 33,10 m², z dużym balkonem i piwnicą, położona na 2. piętrze w zadbanym budynku na popularnym osiedlu Leśna Dolina w Białymstoku. Mieszkanie składa się z: - przestronnego pokoju z wyjściem na balkon, - oddzielnej kuchni, - przedpokoju, - łazienki z WC. Do mieszkania przynależy duża piwnica o powierzchni 7,30 m², zapewniająca dodatkową przestrzeń do przechowywania. Lokal stanowi odrębną własność i posiada udział w gruncie. Dla nieruchomości prowadzona jest księga wieczysta. Atuty nieruchomości: - bardzo funkcjonalny układ pomieszczeń, - duży balkon, - obszerna piwnica, - spokojna i zielona okolica, - pełna infrastruktura: w pobliżu sklepy (Lidl, Biedronka, Aldi, PSS Społem), przychodnie, apteki, szkoły, przystanki komunikacji miejskiej, kościół i cerkiew. Mieszkanie idealne zarówno dla singla lub pary, albo jako inwestycja pod wynajem.",tak,,osobna,,własność,,53.138695,23.088695
Białystok Dziesięciny,ul. Kalinowa,2,48,385000,8021.0,bez pośredników,,12,https://adresowo.pl/o/mieszkanie-bialystok-dziesieciny-ul-kalinowa-2-pokojowe-i0v4p6,https://s2.adresowa.pl/oi/79/7a/3e2736_7561_cover@2x-2-pokojowe-mieszkanie-bialystok-dziesieciny-ul-kalinowa.webp,Białystok Dziesięciny,Kalinowa,3,,blok,,"Oferta od osoby prywatnej. Na sprzedaż mieszkanie 2 pokojowe przy ul. Kalinowej, osiedle Dziesięciny I. Powierzchnia: 48,4 m2. Mieszkanie położone na III piętrze. Rozkład pomieszczeń: - 2 oddzielne pokoje - kuchnia - łazienka - korytarz Dodatkowe informacje: Salon bardzo duży - możliwość zrobienia aneksu kuchennego w salonie, wtedy otrzymamy 2 mniejsze sypialnie. Świetna lokalizacja: - obok dużo linii autobusowych - sklepy (m.in. Stokrotka, Lidl) - kościół, cerkiew - szkoła, przedszkola i żłobki - bazarek przy Gajowej Dodatkowe udogodnienia: - Duży parking pod blokiem - Dużo zieleni - Spokojna okolica i sąsiedztwo Charakterystyka mieszkania: - Mieszkanie bardzo ciepłe (blok niedawno ocieplony) - Dwustronne Informacje dodatkowe: - Mieszkanie zamieszkuje do końca maja rodzina 2+2. - Stan do zamieszkania, odświeżenia lub generalnego remontu - według preferencji.",tak,,osobna,drewniane,,,53.151452,23.130449
Białystok,Bojary,2,40,430000,10750.0,bez pośredników,,8,https://adresowo.pl/o/mieszkanie-bialystok-bojary-2-pokojowe-40-m2-n6h6q7,https://s2.adresowa.pl/oi/42/11/3e1dd6_4dbc_cover@2x-2-pokojowe-mieszkanie-bialystok-bojary.webp,Białystok Bojary,,4,1997.0,blok,,"Na sprzedaż przytulne i funkcjonalne mieszkanie o powierzchni 40,80 m², idealne dla singla, pary lub jako inwestycja pod wynajem. Mieszkanie posiada bardzo praktyczny układ pomieszczeń i daje możliwość własnej aranżacji wnętrza według gustu nowego właściciela. W skład mieszkania wchodzi: • przestronny salon z wyjściem na balkon, • oddzielna kuchnia wyposażona w nową lodówkę oraz kuchenkę, • przytulny pokoik oddzielony szafą, który może pełnić funkcję sypialni, pokoju dziecięcego lub biura, • dodatkowa sypialnia, • przedpokój z miejscem do przechowywania, • łazienka po remoncie. Mieszkanie jest jasne i ciepłe, a duże okna zapewniają dużo naturalnego światła przez cały dzień. Balkon stanowi dodatkową przestrzeń do odpoczynku i relaksu. Salon oraz całe mieszkanie wymagają lekkiego odświeżenia, co daje możliwość urządzenia wnętrza według własnych potrzeb i stylu. Lokal jest jednak w pełni funkcjonalny i gotowy do zamieszkania. Atuty mieszkania: • powierzchnia 40,80 m², • balkon, • łazienka po remoncie, • nowa lodówka i kuchenka, • funkcjonalny układ pomieszczeń, • spokojna okolica, • idealne zarówno do zamieszkania, jak i pod inwestycję. Cena: 430 000 zł - do negocjacji. Lokal posiada również piwnicę przynależną do mieszkania. Zapraszam do kontaktu oraz obejrzenia mieszkania na żywo.",tak,,osobna,,,"Wyposażenie: kuchenka, kuchenkę, lodówka, lodówkę",53.136226,23.17699
Białystok Sienkiewicza,ul. Ciepła 19,3,45,339000,7533.0,Pośrednik,,17,https://adresowo.pl/o/mieszkanie-bialystok-sienkiewicza-ul-ciepla-3-pokojowe-t5k8t8,https://s2.adresowa.pl/oi/63/37/3cb0a2_b0c9_cover@2x-3-pokojowe-mieszkanie-bialystok-sienkiewicza-ul-ciepla.webp,Białystok Sienkiewicza,Ciepła 19,4,1975.0,blok,,"Na sprzedaż mieszkanie - Białystok, os. Sienkiewicza, ul. Ciepła 19 Oferujemy na sprzedaż mieszkanie o powierzchni 45,7 m² , położone w Białymstoku na osiedlu Sienkiewicza , przy ul. Ciepłej 19 . To poszukiwana lokalizacja blisko centrum , zapewniająca jednocześnie ciszę i spokój , ponieważ blok znajduje się z dala od ruchliwej ulicy. Wokół znajdują się tereny zielone oraz ogólnodostępne miejsca parkingowe . Mieszkanie jest dwustronne , dobrze doświetlone i posiada bardzo funkcjonalny układ pomieszczeń . Powierzchnia: 45,7 m² Piętro: 4 / 4 Budynek: solidny blok z cegły z 1975 roku Układ mieszkania: salon z wyjściem na balkon dwie oddzielne sypialnie kuchnia łazienka przedpokój Do mieszkania przynależy również piwnica . Budynek jest w bardzo dobrym stanie technicznym - 2 lata temu przeprowadzono termomodernizację oraz kapitalny remont klatek schodowych . Na klatce znajdują się tylko dwa mieszkania , co zapewnia większy komfort i prywatność. Mieszkanie jest czyste i zadbane , jednak jego stan kwalifikuje się do odświeżenia lub remontu , dzięki czemu nowy właściciel może zaaranżować je według własnego gustu. Dodatkowe informacje: odrębna własność z księgą wieczystą czynsz ok. 550 zł spokojne sąsiedztwo bardzo dobra komunikacja z resztą miasta W pobliżu: przedszkole sklepy i punkty usługowe pełna infrastruktura osiedla szybki dojazd do centrum miasta To świetna propozycja zarówno do zamieszkania , jak i pod inwestycję . Nasze biuro zapewnia pomoc przy kompletowaniu dokumentów niezbędnych do przeniesienia praw własności oraz bezpłatnej pomocy w uzyskaniu najlepszego kredytu na zakup tej oraz innych nieruchomości. Informacje użyte do sporządzenia powyższej oferty zostały uzyskane na podstawie oświadczeń właścicieli nieruchomości i nie są ofertą w rozumieniu przepisów prawa. Mają one jedynie charakter informacyjny. Zapraszam do kontaktu i na prezentację.",tak,,,plastikowe,własność,,53.141119,23.16636
Białystok,ul. gen. Józefa Bema,4,48,519900,10831.0,Pośrednik,,16,https://adresowo.pl/o/mieszkanie-bialystok-ul-gen-jozefa-bema-4-pokojowe-t4d9m5,https://s2.adresowa.pl/oi/79/7a/3ca95c_76e3_cover@2x-4-pokojowe-mieszkanie-bialystok-ul-gen-jozefa-bema.webp,Białystok ,gen. Józefa Bema,3,1975.0,blok,,"Na sprzedaż 4-pokojowe mieszkanie o powierzchni 48,11 m², położone na 3 piętrze w niskim bloku na popularnym osiedlu Bema w Białymstoku. To propozycja dla osób, które szukają mieszkania gotowego do wprowadzenia, a także dla inwestorów — dzięki czterem pokojom lokal świetnie sprawdzi się jako mieszkanie na wynajem, szczególnie dla studentów Politechniki Białostockiej. Wnętrze przeszło generalny remont, dzięki czemu mieszkanie jest świeże, funkcjonalne i przygotowane do zamieszkania bez dodatkowych nakładów finansowych. Układ został zaprojektowany tak, aby maksymalnie wykorzystać przestrzeń. Kuchnia została wykonana na wymiar, z praktyczną zabudową i sprzętem AGD. Mieszkanie jest jasne i ustawne, a dodatkowym atutem jest balkon, który daje przestrzeń do odpoczynku. Wymieniona została również instalacja elektryczna, a w mieszkaniu zamontowane są okna plastikowe. Mieszkanie znajduje się na 3 piętrze w czteropiętrowym bloku, co zapewnia dobrą równowagę między prywatnością a wygodnym dostępem do lokalu. Budynek położony jest z dala od głównych ulic, dzięki czemu w mieszkaniu jest cicho i spokojnie. Najważniejsze informacje: – 4 pokoje | 48,11 m² – 3 piętro z 4 (niski blok) – mieszkanie po generalnym remoncie – balkon – piwnica – wymieniona instalacja elektryczna – okna plastikowe – idealne pod wynajem dla studentów Lokalizacja to jeden z największych atutów tej nieruchomości. Osiedle Bema to jedna z najbardziej rozpoznawalnych części miasta, bardzo dobrze skomunikowana z centrum. W pobliżu znajdują się sklepy, szkoły, przystanki autobusowe oraz Politechnika Białostocka, co sprawia, że mieszkanie świetnie sprawdzi się jako inwestycja pod wynajem dla studentów. To oferta, która łączy dobrą lokalizację, funkcjonalny układ i gotowe mieszkanie po remoncie — zarówno dla rodziny, jak i inwestora. Skontaktuj się i umów się na prezentację. UWAGA! Dla zainteresowanych klientów oferujemy również pomoc w uzyskaniu kredytu hipotecznego. Oferta dostępna wyłącznie w biurze ROOMVIBES Nieruchomości.",tak,,,,,,53.126,23.1493
Białystok Centrum,ul. kard. Stefana Wyszyńskiego,2,39,610000,15641.0,bez pośredników,,12,https://adresowo.pl/o/mieszkanie-bialystok-centrum-ul-kard-stefana-wyszynskiego-2-pokojowe-x3p4q3,https://s2.adresowa.pl/oi/46/42/3e1882_e762_cover@2x-2-pokojowe-mieszkanie-bialystok-centrum-ul-kard-stefana-wyszynskiego.webp,Białystok Centrum,kard. Stefana Wyszyńskiego,7,2023.0,apartamentowiec,,"Mieszkanie o powierzchni 39,70 m², położone w świetnej lokalizacji przy ul. Kardynała Stefana Wyszyńskiego, na rogu ulicy Młynowej, bardzo blisko ścisłego centrum miasta. Lokal charakteryzuje się wysokim standardem wykończenia, funkcjonalnym układem pomieszczeń oraz pełnym wyposażeniem. Rozkład mieszkania: - Korytarz z szafą w zabudowie, - Przestronny salon z aneksem kuchennym, - Oddzielna, komfortowa sypialnia, - Łazienka z nowoczesną kabiną prysznicową, - Duży balkon z zadaszeniem. Wykończenie w wysokim standardzie, bardzo nowoczesne, zaprojektowane z dbałością o detale wg oryginalnego projektu wnętrz. Nowoczesna, w pełni wyposażona kuchnia oraz funkcjonalna zabudowa meblowa. Mieszkanie jest ciche i dobrze doświetlone, położone w apartamentowcu z 2024 roku, zaprojektowanym w nowoczesnym stylu. Okna wychodzą na pięknie zagospodarowane patio z zielenią, ławeczkami, placem zabaw i siłownią plenerową. Dodatkowe informacje: - Do mieszkania przynależy miejsce postojowe w garażu podziemnym - dodatkowo płatne 65 000 zł. - W mieszkaniu jest klimatyzacja.",,tak,aneks,plastikowe,własność,Wyposażenie: klimatyzacja,53.128379,23.143539
Białystok Dojlidy,ul. Borsucza,2,47,469000,9979.0,bez pośredników,,9,https://adresowo.pl/o/mieszkanie-bialystok-dojlidy-ul-borsucza-2-pokojowe-a7q1r0,https://s2.adresowa.pl/oi/53/28/3e167e_9a6b_cover@2x-2-pokojowe-mieszkanie-bialystok-dojlidy-ul-borsucza.webp,Białystok Dojlidy,Borsucza,3,1988.0,blok,,"Sprzedam dwupokojowe mieszkanie 47m2 przy ulicy Borsuczej usytuowane na 3 piętrze w bloku 3 piętrowym. Mieszkanie jest po generalnym remoncie , wymieniona instalacja elektryczna oraz wodno-kanalizacyjna . W skład mieszkania wchodzi salon z wyjściem na duży balkon typu logia, sypialnia, przestronny korytarz, kuchnia w zabudowie stałej, łazienka oraz oddzielna toaleta. Do mieszkania przynależy piwnica oraz ogromny parking dla mieszkańców bloku.",tak,,osobna,plastikowe,spółdzielcze własnościowe,,53.107674,23.193704
Białystok Wygoda,ul. Storczykowa,3,59,499000,8458.0,bez pośredników,,8,https://adresowo.pl/o/mieszkanie-bialystok-wygoda-ul-storczykowa-3-pokojowe-d0e7p3,https://s2.adresowa.pl/oi/14/69/3e1302_3c88_cover@2x-3-pokojowe-mieszkanie-bialystok-wygoda-ul-storczykowa.webp,Białystok Wygoda,Storczykowa,4,2018.0,blok,,"Atrakcyjne 3-pokojowe mieszkanie 59m² przy ulicy Storczykowej (osiedle Zielone Wzgórza). Mieszkanie znajduje się bardzo blisko galerii ,,Zielone Wzgórza"". Jest dwustronne, bardzo słoneczne, wystawa okien wschód-zachód. Blok z cegły, ściana zewnętrzna trzywarstwowa (24cm+12cm+20cm). Obecny duży balkon. Mieszkanie bardzo ciepłe. Uwaga: istnieje możliwość zamiany na mniejsze mieszkanie! Zainteresowanych proszę o kontakt telefoniczny.",,,,,,,53.121309,23.094157
Białystok Starosielce,ul. Klepacka,3,67,599000,8940.0,Pośrednik,,15,https://adresowo.pl/o/mieszkanie-bialystok-starosielce-ul-klepacka-3-pokojowe-o0w7w4,https://s2.adresowa.pl/oi/19/49/3ca57c_4c82_cover@2x-3-pokojowe-mieszkanie-bialystok-starosielce-ul-klepacka.webp,Białystok Starosielce,Klepacka,3,2025.0,blok,,"Nowa inwestycja - możliwość wykończenia pod klucz Zapraszamy do zapoznania się z ofertą nowej inwestycji Moje Pierwsze Mieszkanie . Kameralna zabudowa - jedynie 28 mieszkań w niskim 3-piętrowym budynku. Mieszkanie gotowe do odbioru. Mieszkanie nr 25 położone jest na trzecim piętrze. Powierzchnia mieszkania to 67,95 m 2 , na którą składają się: salon z aneksem kuchennym 28,51m 2 sypialnia z garderobą 15,65m 2 sypialnia 9,14m 2 łazienka z wc 3,15m 2 łazienka z wc 2,85m 2 przedpokoje 8,65m 2 dodatkową powierzchnią jest obszerny taras 66 m 2 DODATKOWE INFORMACJE: stan deweloperski lub wykończone pod klucz - cena wykończonego pod klucz 730 000 zł (specyfikacja wykończenia dostępna u Doradcy, mieszkanie wykończone zgodnie z preferencjami kupującego) blokiem zarządzać będzie wspólnota mieszkaniowa dostępna jest w ogólnodostępna wózkownia/rowerownia na parterze na terenie bloku dostępny jest plac zabaw tylko dla mieszkańców w bloku zamontowany jest wideodomofon podnoszący bezpieczeństwo i komfort mieszkańców teren bloku częściowo ogrodzony istnieje możliwość dokupienia miejsca postojowego w garażu podziemnym - cena 40 000 zł Kupujący nie płaci podatku PCC 2%. Pełna lista mieszkań z tej inwestycji dostępna na naszej stronie: [www]/inwestycje _____________________________________________________ Inwestycja MOJE PIERWSZE MIESZKANIE to kameralny blok o harmonijnej, przyjemnej kolorystyce. Dla komfortu mieszkańców starannie rozplanowano przestrzeń mieszkań oraz teren wokół inwestycji, a czas najmłodszym mieszkańcom umili plac zabaw znajdujący się tuż przy bloku. Mieszkańcy mają również do dyspozycji wielostanowiskowy garaż podziemny , zewnętrzne miejsca parkingowe, a także ogólnodostępną wózkownię/rowerownię. W ofercie znajdują się różnorodne mieszkania, zarówno kompaktowe mieszkania 2-pokojowe, jak i większe, rodzinne 3 pokoje. Mieszkania na parterze mają przynależne ogródki oraz są przystosowane dla osób z niepełnosprawnościami. Mieszkania na wyższych piętrach mają duże balkony , a dwa mieszkania na ostatnim piętrze - o bszerne tarasy . Inwestycja MOJE PIERWSZE MIESZKANIE położona jest na osiedlu Starosielce , przy ulicy Klepackiej . Świetnie rozwinięta infrastruktura handlowo-usługowa w okolicy, tereny zielone oraz przystanek komunikacji miejskiej z dobrym dojazdem do centrum tuż obok bloku. Inwestycja MOJE PIERWSZE MIESZKANIE - lokalizacja Starosielce, ulica Klepacka 6,8 km do centrum 1 min. do przystanku autobusowego dojazd do centrum: 12 min samochodem Istotne punkty w okolicy inwestycji: Sklep: Biedronka (400 m, 6 minut spacerem) Przystanek autobusowy (30 m, 1 minuta spacerem) Poradnia Lekarzy Rodzinnych (120 m, 2 minuty spacerem) Kościół (50 m, 1 minuta spacerem) Szkoła Podstawowa (1 km, 14 minut spacerem) Przedszkole (500 m, 7 minut spacerem) Oferujemy usługę wsparcia w uzyskaniu kredytu hipotecznego - współpracujemy z zaufanym Doradcą Kredytowym. Więcej informacji: Aneta Grzegorek tel. [numer] [email] Adam Grzegorek tel. [numer] [email] Pośrednik odpowiedzialny zawodowo za wykonanie umowy pośrednictwa: Aneta Grzegorek (licencja nr: 23825)",,tak,aneks,plastikowe,własność,,53.113308,23.088325
Białystok Starosielce,ul. Klepacka,3,52,443000,8519.0,Pośrednik,,10,https://adresowo.pl/o/mieszkanie-bialystok-starosielce-ul-klepacka-3-pokojowe-e4q9h9,https://s2.adresowa.pl/oi/32/6f/3ca580_e047_cover@2x-3-pokojowe-mieszkanie-bialystok-starosielce-ul-klepacka.webp,Białystok Starosielce,Klepacka,1,2025.0,blok,,"Nowa inwestycja - możliwość wykończenia pod klucz Zapraszamy do zapoznania się z ofertą nowej inwestycji Moje Pierwsze Mieszkanie . Kameralna zabudowa - jedynie 28 mieszkań w niskim 3-piętrowym budynku. Mieszkanie gotowe do odbioru. Mieszkanie nr 9 położone jest na pierwszym piętrze. Powierzchnia mieszkania to 52,14 m 2 , na którą składają się: salon 16,48m 2 aneks kuchenny 7,84m 2 dwie sypialnie (8,99m 2 i 8,96m 2 ) łazienka z wc 3,02m 2 przedpokój 6,85m 2 dodatkową powierzchnią jest balkon 4 m 2 DODATKOWE INFORMACJE: stan deweloperski lub wykończone pod klucz - cena wykończonego pod klucz 549 000 zł (specyfikacja wykończenia dostępna u Doradcy, mieszkanie wykończone zgodnie z preferencjami kupującego) blokiem zarządza wspólnota mieszkaniowa dostępna jest w ogólnodostępna wózkownia/rowerownia na parterze na terenie bloku dostępny jest plac zabaw tylko dla mieszkańców w bloku zamontowany jest wideodomofon podnoszący bezpieczeństwo i komfort mieszkańców teren bloku częściowo ogrodzony istnieje możliwość dokupienia miejsca postojowego w garażu podziemnym - cena 40 000 zł lub zewnętrznego miejsca pod wiatą w cenie 15 000 zł Kupujący nie płaci podatku PCC 2%. Pełna lista mieszkań z tej inwestycji dostępna na naszej stronie: [www]/inwestycje _____________________________________________________ Inwestycja MOJE PIERWSZE MIESZKANIE to kameralny blok o harmonijnej, przyjemnej kolorystyce. Dla komfortu mieszkańców starannie rozplanowano przestrzeń mieszkań oraz teren wokół inwestycji, a czas najmłodszym mieszkańcom umili plac zabaw znajdujący się tuż przy bloku. Mieszkańcy mają również do dyspozycji wielostanowiskowy garaż podziemny , zewnętrzne miejsca parkingowe, a także ogólnodostępną wózkownię/rowerownię. W ofercie znajdują się różnorodne mieszkania, zarówno kompaktowe mieszkania 2-pokojowe, jak i większe, rodzinne 3 pokoje. Mieszkania na parterze mają przynależne ogródki oraz są przystosowane dla osób z niepełnosprawnościami. Mieszkania na wyższych piętrach mają duże balkony , a dwa mieszkania na ostatnim piętrze - o bszerne tarasy . Inwestycja MOJE PIERWSZE MIESZKANIE położona jest na osiedlu Starosielce , przy ulicy Klepackiej . Świetnie rozwinięta infrastruktura handlowo-usługowa w okolicy, tereny zielone oraz przystanek komunikacji miejskiej z dobrym dojazdem do centrum tuż obok bloku. Inwestycja MOJE PIERWSZE MIESZKANIE - lokalizacja Starosielce, ulica Klepacka 6,8 km do centrum 1 min. do przystanku autobusowego dojazd do centrum: 12 min samochodem Istotne punkty w okolicy inwestycji: Sklep: Biedronka (400 m, 6 minut spacerem) Przystanek autobusowy (30 m, 1 minuta spacerem) Poradnia Lekarzy Rodzinnych (120 m, 2 minuty spacerem) Kościół (50 m, 1 minuta spacerem) Szkoła Podstawowa (1 km, 14 minut spacerem) Przedszkole (500 m, 7 minut spacerem) Oferujemy usługę wsparcia w uzyskaniu kredytu hipotecznego - współpracujemy z zaufanym Doradcą Kredytowym. Więcej informacji: Aneta Grzegorek tel. [numer] [email] Adam Grzegorek tel. [numer] [email] Pośrednik odpowiedzialny zawodowo za wykonanie umowy pośrednictwa: Aneta Grzegorek (licencja nr: 23825)",,tak,aneks,plastikowe,własność,,53.113308,23.088325
Białystok Piaski,ul. Wesoła,2,36,395000,10972.0,bez pośredników,,9,https://adresowo.pl/o/mieszkanie-bialystok-piaski-ul-wesola-2-pokojowe-f8o4h9,https://s2.adresowa.pl/oi/3c/76/3e11b6_7cc0_cover@2x-2-pokojowe-mieszkanie-bialystok-piaski-ul-wesola.webp,Białystok Piaski,Wesoła,4,1967.0,blok,,"Na sprzedaż 2-pokojowe mieszkanie o pow. 36,8 m. przy ul. Wesołej 27 na osiedlu Piaski w Białymstoku. Doskonała lokalizacja. Mieszkanie znajduje się na 4 piętrze w bloku bez windy. Wejście do budynku zabezpieczone jest domofonem. Kilka lat temu klatka schodowa przeszła generalny remont. Dla mieszkańców parking z wjazdem zabezpieczonym szlabanem. Świetnie skomunikowana okolica: w pobliżu Żabka, politechnika, UwB, placówki oświatowe, szpitale, centrum handlowe i liczne punkty usługowe oraz tereny zielone. W odległości kilku minut od bloku przystanek autobusowy. Idealna równowaga między dostępnością do wszystkich miejskich udogodnień a spokojem i zielonym otoczeniem. Mieszkanie składa się z: - ustawnego i dobrze doświetlonego pokoju dziennego/salonu - sypialni z wykonaną na zamówienie dużą szafą z pięknym frontem - oddzielnej widnej kuchni z widokiem na zieleń - przedpokoju z wygodną szafą wykonaną na zamówienie - łazienki z wanną. Do lokalu przynależy również duża piwnica (12 m). Mieszkanie jest gotowe do wprowadzenia, w 2022 r. przeszło gruntowny remont. W pokojach na podłogach leżą panele, w pozostałych pomieszczeniach terakota, w kuchni hiszpańska glazura equipe ceramicas. Nowoczesny sprzęt agd (m.in. Gorenje, Samsung), w kuchni i korytarzu oraz sypialni wykonano funkcjonalną zabudowę na wymiar - szafy są bardzo pojemne, przestrzeń jest wykorzystana maksymalnie. Lokal idealny do samodzielnego zamieszkania lub jako inwestycja - dla singla, pary. Mieszkanie dostępne od zaraz. W cenie mieszkania wszystkie sprzęty agd oraz zabudowa stała. Meble ruchome - do ustalenia. W dni powszednie proszę o telefony po godz. 17tej. Agencjom dziękuję za współpracę.",tak,,osobna,plastikowe,spółdzielcze własnościowe,,53.119963,23.155954
Białystok Dziesięciny,ul. Zagórna,3,47,430000,9149.0,bez pośredników,,10,https://adresowo.pl/o/mieszkanie-bialystok-dziesieciny-ul-zagorna-3-pokojowe-e5o9v4,https://s2.adresowa.pl/oi/2b/16/3e0e62_29f5_cover@2x-3-pokojowe-mieszkanie-bialystok-dziesieciny-ul-zagorna.webp,Białystok Dziesięciny,Zagórna,parter,,blok,,"Do sprzedaży mieszkanie na Os. Dziesięciny w Białymstoku przy ul. Zagórnej 11. Mieszkanie 3-pokojowe o pow. 47,22 m2, usytuowane na parterze czteropiętrowego bloku mieszkalnego. Budynek o niskiej zabudowie. Mieszkanie jest obustronne, zadbane, wyposażone w domofon. W pobliżu dostępne miejsca parkingowe oraz tereny zielone. Układ mieszkania: salon (pokój przechodni), dwa oddzielne pokoje, kuchnia, korytarz, łazienka z wanną, oddzielna toaleta. Dodatkowo do mieszkania przynależy piwnica (wliczona w cenę). Podsumowanie: - parter, obustronne - wygodny dostęp - funkcjonalny układ pomieszczeń - oddzielna kuchnia - osobna łazienka i WC Prezentacja możliwa po wcześniejszym ustaleniu terminu. Zapraszam do kontaktu pod numerem telefonu: - Rafał",tak,,osobna,,,,53.15146,23.118116
Białystok Centrum,ul. Michała Wołodyjowskiego,2,52,420000,8077.0,bez pośredników,,8,https://adresowo.pl/o/mieszkanie-bialystok-centrum-ul-michala-wolodyjowskiego-2-pokojowe-i4b6i6,https://s2.adresowa.pl/oi/7c/53/3e0ad0_fc88_cover@2x-2-pokojowe-mieszkanie-bialystok-centrum-ul-michala-wolodyjowskiego.webp,Białystok Centrum,Michała Wołodyjowskiego,3,,blok,,"Sprzedam bezpośrednio mieszkanie 52,5 m kw w Białymstoku ul. Wołodyjowskiego 8 B. Mieszkanie usytuowane jest na 3 piętrze w 3- piętrowym bloku z cegły. Lokal składa się z 2 pokoi (21 i 12 m kw), kuchni 10 m kw oraz łazienki i przedpokoju. Mieszkanie posiada balkon oraz przynależną piwnicę. Budynek usytuowany jest na zamkniętym szlabanem osiedlu w pobliżu parku w Zwierzyńcu. Stan mieszkania do remontu. Lokal posiada świadectwo charakterystyki energetycznej. Własność notarialna",tak,,,,,,53.12098,23.159224
Białystok Starosielce,ul. Klepacka,3,48,409000,8521.0,Pośrednik,,7,https://adresowo.pl/o/mieszkanie-bialystok-starosielce-ul-klepacka-3-pokojowe-d9d0v8,https://s2.adresowa.pl/oi/32/5a/3ca578_c9f4_cover@2x-3-pokojowe-mieszkanie-bialystok-starosielce-ul-klepacka.webp,Białystok Starosielce,Klepacka,1,2025.0,blok,,"Nowa inwestycja - możliwość wykończenia pod klucz Zapraszamy do zapoznania się z ofertą nowej inwestycji Moje Pierwsze Mieszkanie . Kameralna zabudowa - jedynie 28 mieszkań w niskim 3-piętrowym budynku. Mieszkanie gotowe do odbioru. Mieszkanie nr 12 położone jest na pierwszym piętrze. Powierzchnia mieszkania to 48,14 m 2 , na którą składają się: salon z aneksem kuchennym 21,71m 2 dwie sypialnie (8,62m 2 i 7,00m 2 ) łazienka z wc 3,14m 2 przedpokój 7,80m 2 dodatkową powierzchnią jest balkon 3m 2 DODATKOWE INFORMACJE: stan deweloperski lub wykończone pod klucz - cena wykończonego pod klucz 499 000 zł (specyfikacja wykończenia dostępna u Doradcy, mieszkanie wykończone zgodnie z preferencjami kupującego) blokiem zarządza wspólnota mieszkaniowa dostępna jest w ogólnodostępna wózkownia/rowerownia na parterze na terenie bloku dostępny jest plac zabaw tylko dla mieszkańców w bloku zamontowany jest wideodomofon podnoszący bezpieczeństwo i komfort mieszkańców teren bloku częściowo ogrodzony istnieje możliwość dokupienia miejsca postojowego w garażu podziemnym - cena 40 000 zł lub zewnętrznego miejsca pod wiatą w cenie 15 000 zł Kupujący nie płaci podatku PCC 2%. Pełna lista mieszkań z tej inwestycji dostępna na naszej stronie: [www]/inwestycje _____________________________________________________ Inwestycja MOJE PIERWSZE MIESZKANIE to kameralny blok o harmonijnej, przyjemnej kolorystyce. Dla komfortu mieszkańców starannie rozplanowano przestrzeń mieszkań oraz teren wokół inwestycji, a czas najmłodszym mieszkańcom umili plac zabaw znajdujący się tuż przy bloku. Mieszkańcy mają również do dyspozycji wielostanowiskowy garaż podziemny , zewnętrzne miejsca parkingowe, a także ogólnodostępną wózkownię/rowerownię. W ofercie znajdują się różnorodne mieszkania, zarówno kompaktowe mieszkania 2-pokojowe, jak i większe, rodzinne 3 pokoje. Mieszkania na parterze mają przynależne ogródki oraz są przystosowane dla osób z niepełnosprawnościami. Mieszkania na wyższych piętrach mają duże balkony , a dwa mieszkania na ostatnim piętrze - o bszerne tarasy . Inwestycja MOJE PIERWSZE MIESZKANIE położona jest na osiedlu Starosielce , przy ulicy Klepackiej . Świetnie rozwinięta infrastruktura handlowo-usługowa w okolicy, tereny zielone oraz przystanek komunikacji miejskiej z dobrym dojazdem do centrum tuż obok bloku. Inwestycja MOJE PIERWSZE MIESZKANIE - lokalizacja Starosielce, ulica Klepacka 6,8 km do centrum 1 min. do przystanku autobusowego dojazd do centrum: 12 min samochodem Istotne punkty w okolicy inwestycji: Sklep: Biedronka (400 m, 6 minut spacerem) Przystanek autobusowy (30 m, 1 minuta spacerem) Poradnia Lekarzy Rodzinnych (120 m, 2 minuty spacerem) Kościół (50 m, 1 minuta spacerem) Szkoła Podstawowa (1 km, 14 minut spacerem) Przedszkole (500 m, 7 minut spacerem) Oferujemy usługę wsparcia w uzyskaniu kredytu hipotecznego - współpracujemy z zaufanym Doradcą Kredytowym. Więcej informacji: Aneta Grzegorek tel. [numer] [email] Adam Grzegorek tel. [numer] [email] Pośrednik odpowiedzialny zawodowo za wykonanie umowy pośrednictwa: Aneta Grzegorek (licencja nr: 23825)",,tak,aneks,plastikowe,własność,,53.113308,23.088325
Białystok Starosielce,ul. Klepacka,3,56,484000,8643.0,Pośrednik,,11,https://adresowo.pl/o/mieszkanie-bialystok-starosielce-ul-klepacka-3-pokojowe-u4v9g3,https://s2.adresowa.pl/oi/21/40/3ca574_28e7_cover@2x-3-pokojowe-mieszkanie-bialystok-starosielce-ul-klepacka.webp,Białystok Starosielce,Klepacka,3,2025.0,blok,,"Nowa inwestycja - możliwość wykończenia pod klucz Zapraszamy do zapoznania się z ofertą nowej inwestycji Moje Pierwsze Mieszkanie . Kameralna zabudowa - jedynie 28 mieszkań w niskim 3-piętrowym budynku. Mieszkanie gotowe do odbioru. Mieszkanie nr 26 położone jest na trzecim piętrze. Powierzchnia mieszkania to 56,94 m 2 , na którą składają się: salon z aneksem kuchennym dwie sypialnie łazienka z wc przedpokój dodatkową powierzchnią jest balkon 4 m 2 DODATKOWE INFORMACJE: stan deweloperski lub wykończone pod klucz - cena wykończonego pod klucz 569 000 zł (specyfikacja wykończenia dostępna u Doradcy, mieszkanie wykończone zgodnie z preferencjami kupującego) blokiem zarządza wspólnota mieszkaniowa dostępna jest w ogólnodostępna wózkownia/rowerownia na parterze na terenie bloku dostępny jest plac zabaw tylko dla mieszkańców w bloku zamontowany jest wideodomofon podnoszący bezpieczeństwo i komfort mieszkańców teren bloku częściowo ogrodzony istnieje możliwość dokupienia miejsca postojowego w garażu podziemnym - cena 40 000 zł Kupujący nie płaci podatku PCC 2%. Pełna lista mieszkań z tej inwestycji dostępna na naszej stronie: [www]/inwestycje _____________________________________________________ Inwestycja MOJE PIERWSZE MIESZKANIE to kameralny blok o harmonijnej, przyjemnej kolorystyce. Dla komfortu mieszkańców starannie rozplanowano przestrzeń mieszkań oraz teren wokół inwestycji, a czas najmłodszym mieszkańcom umili plac zabaw znajdujący się tuż przy bloku. Mieszkańcy mają również do dyspozycji wielostanowiskowy garaż podziemny , zewnętrzne miejsca parkingowe, a także ogólnodostępną wózkownię/rowerownię. W ofercie znajdują się różnorodne mieszkania, zarówno kompaktowe mieszkania 2-pokojowe, jak i większe, rodzinne 3 pokoje. Mieszkania na parterze mają przynależne ogródki oraz są przystosowane dla osób z niepełnosprawnościami. Mieszkania na wyższych piętrach mają duże balkony , a dwa mieszkania na ostatnim piętrze - o bszerne tarasy . Inwestycja MOJE PIERWSZE MIESZKANIE położona jest na osiedlu Starosielce , przy ulicy Klepackiej . Świetnie rozwinięta infrastruktura handlowo-usługowa w okolicy, tereny zielone oraz przystanek komunikacji miejskiej z dobrym dojazdem do centrum tuż obok bloku. Inwestycja MOJE PIERWSZE MIESZKANIE - lokalizacja Starosielce, ulica Klepacka 6,8 km do centrum 1 min. do przystanku autobusowego dojazd do centrum: 12 min samochodem Istotne punkty w okolicy inwestycji: Sklep: Biedronka (400 m, 6 minut spacerem) Przystanek autobusowy (30 m, 1 minuta spacerem) Poradnia Lekarzy Rodzinnych (120 m, 2 minuty spacerem) Kościół (50 m, 1 minuta spacerem) Szkoła Podstawowa (1 km, 14 minut spacerem) Przedszkole (500 m, 7 minut spacerem) Oferujemy usługę wsparcia w uzyskaniu kredytu hipotecznego - współpracujemy z zaufanym Doradcą Kredytowym. Więcej informacji: Aneta Grzegorek tel. [numer] [email] Adam Grzegorek tel. [numer] [email] Pośrednik odpowiedzialny zawodowo za wykonanie umowy pośrednictwa: Aneta Grzegorek (licencja nr: 23825)",,tak,aneks,plastikowe,własność,,53.113308,23.088325
Białystok Sienkiewicza,ul. Ciepła,3,60,690000,11500.0,bez pośredników,,14,https://adresowo.pl/o/mieszkanie-bialystok-sienkiewicza-ul-ciepla-3-pokojowe-q9u6n4,https://s2.adresowa.pl/oi/4d/76/3e05be_aa71_cover@2x-3-pokojowe-mieszkanie-bialystok-sienkiewicza-ul-ciepla.webp,Białystok Sienkiewicza,Ciepła,2,1972.0,blok,,"Na sprzedaż oferuję jasne i funkcjonalne mieszkanie o powierzchni 60 m², położone na 2. piętrze niskiego, kameralnego bloku przy ul. Ciepłej – w samym sercu Białegostoku, a jednocześnie w spokojnej, zielonej okolicy. Sprzedaż bezpośrednio od osoby prywatnej - bez pośredników. To idealna propozycja dla rodzin, studentów oraz inwestorów poszukujących mieszkania w świetnej lokalizacji, z doskonałą komunikacją i pełną infrastrukturą w zasięgu kilku minut spacerem. Atuty lokalizacji Mieszkanie znajduje się w jednym z najbardziej pożądanych punktów miasta: tuż obok Galerii Jurowieckiej, przychodni, szpitala, apteki w pobliżu przedszkola, szkół, sklepów, kościoła, blisko basenu, terenów zielonych i punktów usługowych, świetna komunikacja – w kilka minut dojdziesz do centrum przesiadkowego, liczne linie autobusowe zapewniają szybki dojazd do każdej części miasta, spokojna, cicha i bezpieczna okolica mimo centralnego położenia. Opis mieszkania Na powierzchnię 59,80 m² składają się: przestronny salon z wyjściem na duży balkon, dwie ustawne sypialnie, oddzielna kuchnia, łazienka, korytarz, do mieszkania przynależy piwnica. Mieszkanie jest dwustronne, bardzo jasne – naturalne światło wpada z dwóch stron, co daje poczucie przestrzeni i komfortu. Standard i wykończenie Mieszkanie przeszło remont i odświeżenie, dzięki czemu jest gotowe do natychmiastowego zamieszkania: piękna, zadbana podłoga nadająca wnętrzu ciepła, odświeżone ściany, funkcjonalny, rozkładowy układ pomieszczeń, balkon idealny na odpoczynek Dodatkowe udogodnienia parking za szlabanem – tylko dla mieszkańców, ok. 50 miejsc, spokojne, zielone otoczenie, pełna infrastruktura w zasięgu ręki, świetna propozycja dla rodziny, studentów lub pod wynajem. Koszty i stan prawny Czynsz: ok. 800 zł Stan prawny: odrębna własność z księgą wieczystą Brak zadłużeń i hipoteki Gotowe do wprowadzenia Mieszkanie jest dostępne od zaraz, bez konieczności ponoszenia dodatkowych nakładów. Zapraszam na prezentację",tak,tak,osobna,plastikowe,spółdzielcze własnościowe,,53.139272,23.163369
Białystok Centrum,ul. Jurowiecka,2,38,608000,16000.0,bez pośredników,,13,https://adresowo.pl/o/mieszkanie-bialystok-centrum-ul-jurowiecka-2-pokojowe-k2n0y8,https://s2.adresowa.pl/oi/3d/4f/3e03e8_ef63_cover@2x-2-pokojowe-mieszkanie-bialystok-centrum-ul-jurowiecka.webp,Białystok Centrum,Jurowiecka,3,2024.0,apartamentowiec,,"Na sprzedaż nowoczesne, wykończone mieszkanie o powierzchni 38 m², położone na 3. piętrze nowego apartamentowca przy ul. Jurowieckiej 22 w centrum Białegostoku z całodobową ochroną i monitoringiem. Mieszkanie zostało oddane do użytku w 2024 roku — kupujący nie płaci podatku PCC. Układ mieszkania: - salon z aneksem kuchennym, - oddzielna sypialnia, - łazienka, - loggia. Lokal jest funkcjonalny, jasny i wykończony z dbałością o detale. Wszystkie zabudowy stałe zostały wykonane na wymiar przez stolarza, co zapewnia dużą ilość miejsca do przechowywania i spójną estetykę wnętrza. Bardzo dużym atutem jest północno-zachodnia ekspozycja mieszkania oraz okna z widokiem na drzewa i dziedziniec, co gwarantuje spokój i ciszę w mieszkaniu mimo lokalizacji w centrum. Pojedyńczy balkon zapewnia wysoki poziom prywatności — brak bezpośredniego sąsiedztwa okien innych budynków eliminuje uczucie bycia obserwowanym i sprzyja komfortowemu wypoczynkowi. Najważniejsze atuty: - nowe budownictwo z 2024 roku, - brak podatku PCC, - 3 piętro z 7, - dwie windy w budynku, - świetna lokalizacja — ścisłe centrum miasta, - loggia, - nowoczesne wykończenie, - zabudowy stolarskie na wymiar, - AGD w cenie, - czynsz 250zł, - sprzedaż bezpośrednia. Do mieszkania przynależy miejsce postojowe w garażu podziemnym — dodatkowo płatne. Cena mieszkania: 608 000 zł. Zapraszam do kontaktu i obejrzenia mieszkania na żywo.",,tak,aneks,plastikowe,własność,,53.138521,23.161088
Białystok Nowe Miasto,ul. Feliksa Filipowicza,4,75,879000,11720.0,bez pośredników,,17,https://adresowo.pl/o/mieszkanie-bialystok-nowe-miasto-ul-feliksa-filipowicza-4-pokojowe-b7v0w3,https://s2.adresowa.pl/oi/16/57/3e0194_72b6_cover@2x-4-pokojowe-mieszkanie-bialystok-nowe-miasto-ul-feliksa-filipowicza.webp,Białystok Nowe Miasto,Feliksa Filipowicza,2,2021.0,blok,,"Sprzedam 4-pokojowe mieszkanie o pow. 75,54 m², lokalizowane w Białymstoku na Osiedlu Rekreacyjnym (ul. Filipowicza), wraz z zamykanym garażem w hali podziemnej. Lokalizacja: Osiedle świetnie skomunikowane z centrum miasta. Na terenie osiedla znajdują się sklepy, żłobki, przedszkola oraz bogata infrastruktura rekreacyjna: ścieżki biegowe i rowerowe, siłownia plenerowa, place zabaw, boisko. W najbliższym sąsiedztwie znajduje się również siłownia, fryzjer, fizjoterapeuta. Bezpośrednio przy osiedlu znajduje się komunikacja miejska (autobusy linii: [numer]4) oraz stacja PKP ""Białystok Stadion"". Budynek: - nowoczesny, wybudowany w 2021 roku - z monitoringiem - z windą - z zagospodarowanym terenem na zewnątrz budynku Mieszkanie: Ma powierzchnię 75,54 m2 i składa się z: - salonu: 20,88 m2 z aneksem kuchennym: 7,59 m2 - sypialni: 13,17 m2 - sypialni: 9,35 m2 - sypialni: 9,25 m2 - łazienki z WC: 4,75 m2 - pralni: 1,26 m2 - korytarza: 9,29 m2 - balkonu: 11,90 m2 - komórki lokatorskiej: 3,3 m2 - przynależnej do mieszkania (zlokalizowana na tym samym piętrze) Standard: - mieszkanie jest gotowe do zamieszkania, nie wymaga żadnych nakładów - wyposażone w meble oraz pełen zestaw sprzętu AGD i RTV - dodatkowym udogodnieniem jest klimatyzacja, zapewniająca komfort o każdej porze roku - okna PCV 3-szybowe - na podłogach panele oraz płytki - ściany: tynk, tapeta oraz PCV Najważniejsze atuty: - ekspozycja południe-północ - widok na las Soliński z balkonu - bardzo dobra komunikacja z centrum, przy jednoczesnej bliskości natury - mieszkanie gotowe do wprowadzenia - pełne wyposażenie w cenie - nowoczesny blok - niski czynsz - dostępny światłowód Stan prawny: pełna własność, KW bez obciążeń. Czynsz: ok. 700 zł (przy 4 os.). Cena: 879.000 zł * Dodatkowo istnieje możliwość dokupienia zamykanego garażu o pow. 17,7 m2 zlokalizowanego w hali podziemnej - w cenie 80.000 zł (oddzielna KW). Szanownych pośredników nieruchomości oraz agentów proszę o uszanowanie mojej decyzji i niekontaktowanie się. Ogłoszenie ma charakter wyłącznie bezpośredni.",tak,tak,aneks,plastikowe,własność,"Wyposażenie: klimatyzacja, tv",53.093071,23.135423
Białystok Piaski,ul. Wesoła,2,38,320000,8421.0,Pośrednik,,6,https://adresowo.pl/o/mieszkanie-bialystok-piaski-ul-wesola-2-pokojowe-v2v8g4,https://s2.adresowa.pl/oi/74/5d/3c9266_51a9_cover@2x-2-pokojowe-mieszkanie-bialystok-piaski-ul-wesola.webp,Białystok Piaski,Wesoła,7,1970.0,blok,,"Oferta tylko w naszym biurze Atrakcyjne mieszkanie – ul. Wesoła, Białystok | Idealne pod wynajem i do zamieszkania Mieszkanie położone w wysokim bloku z windą przy ul. Wesołej to świetna propozycja zarówno dla osób szukających własnego lokum, jak i dla inwestorów. Lokal znajduje się w wysokim, zadbanym bloku na osiedlu Piaski, w jednej z najbardziej pożądanych lokalizacji w Białymstoku. Jest dwustronny, dobrze doświetlony i ma bardzo funkcjonalny układ, który daje szerokie możliwości aranżacyjne. Duża łazienka zapewnia wygodę, a kuchnię można powiększyć, tworząc przestronną jadalnię z mini salonem — idealne rozwiązanie dla osób ceniących otwartą przestrzeń. Atutem mieszkania jest jego wyjątkowa lokalizacja. Do Politechniki Białostockiej można dojść w zaledwie 5–7 minut, a kampus Uniwersytetu Medycznego znajduje się około 8–12 minut pieszo od budynku. Najbliższy przystanek autobusowy oddalony jest o około 2–3 minuty spaceru, co zapewnia świetne połączenie z resztą miasta. W pobliżu znajduje się również basen BOSiR, do którego dojście zajmuje około 10–12 minut, a także Park Planty — idealne miejsce na spacer lub jogging. W zasięgu krótkiego spaceru są również szpitale: Uniwersytecki Szpital Kliniczny oraz MSWiA, co dodatkowo podnosi atrakcyjność lokalizacji. To mieszkanie łączy w sobie wygodę, świetną komunikację i bliskość najważniejszych punktów miasta. Dzięki bardzo dobrej cenie ofertowej i ogromnemu potencjałowi aranżacyjnemu stanowi doskonałą okazję zarówno inwestycyjną, jak i mieszkaniową. Lokalizacja – wszystko w zasięgu kilku minut • Politechnika Białostocka – ok. 450–600 m (5–7 min pieszo) • Uniwersytet Medyczny / kampus przy USK – ok. 700–900 m (8–12 min pieszo) • Najbliższy przystanek autobusowy – ok. 150–250 m (2–3 min pieszo) • Basen BOSiR / pływalnia – ok. 700–900 m (10–12 min pieszo) • Park Planty – ok. 900–1100 m (12–15 min pieszo) • USK – Uniwersytecki Szpital Kliniczny – ok. 700–900 m • Szpital MSWiA – około 1100m Dlaczego warto Świetna lokalizacja, bardzo dobra cena ofertowa, blisko uczelni, komunikacji, rekreacji i pełnej infrastruktury. Idealne jako inwestycja lub wygodne miejsce do życia. Dostępność mieszkania Wydanie mieszkania wg potrzeb kupującego. Zapraszam Opiekun oferty: Karina Bielska",tak,,,plastikowe,spółdzielcze własnościowe,,53.121763,23.153617
Białystok Piasta,ul. Warszawska 109,3,55,900000,16364.0,Pośrednik,,22,https://adresowo.pl/o/mieszkanie-bialystok-piasta-ul-warszawska-3-pokojowe-y1u2q9,https://s2.adresowa.pl/oi/4a/62/3c7d42_529e_cover@2x-3-pokojowe-mieszkanie-bialystok-piasta-ul-warszawska.webp,Białystok Piasta,Warszawska 109,1,2025.0,kamienica,,"Ultra nowoczesny i komfortowy pod każdym względem apartament 55 m² | 3 pokoje | ogródek 40 m² | garaż | ul. Warszawska 109 - Białystok Na sprzedaż wyjątkowy, nowoczesny apartament o powierzchni 55 m² , położony na I piętrze w kameralnym, czteropiętrowym budynku z windą z 2025 roku przy ul. Warszawskiej 109 w Białymstoku . Budynek o nowoczesnej architekturze, z niewielką liczbą mieszkań zapewnia komfort i prywatność. Mieszkanie jest zupełnie nowe, nigdy niezamieszkałe . Zostało zaprojektowane przez renomowane biuro architektoniczne i wykończone z dbałością o każdy detal przy użyciu wysokiej klasy materiałów . Najważniejsze atuty nieruchomości powierzchnia: 55 m² dwustronne 3 funkcjonalne pokoje I piętro winda 2 balkony prywatny ogródek ok. 40 m² miejsce postojowe w garażu na poziomie „0” nowy budynek z 2025 roku kameralna wspólnota mieszkaniowa Standard wykończenia Apartament został kompleksowo wyposażony i umeblowany . W mieszkaniu znajdują się liczne, przemyślane zabudowy stolarskie , które zapewniają dużą ilość miejsca do przechowywania. Kuchnia oraz część dzienna wyposażone są w sprzęt AGD renomowanych marek , a całe mieszkanie utrzymane jest w spójnym, nowoczesnym stylu . Pełne wyposażenie pozostaje w cenie mieszkania. Dodatkowe informacje czynsz: ok. 550 zł wydanie mieszkania - natychmiast forma zarządzania: wspólnota mieszkaniowa Apartament idealny dla osób ceniących nowoczesny design, komfort oraz prestiżową lokalizację . Nasza propozycja to mieszkanie dla wyszukanego klienta, potrafiącego docenić komfort, ciszę oraz lokalizację. Nasze biuro zapewnia pomoc przy kompletowaniu dokumentów niezbędnych do przeniesienia praw własności oraz bezpłatnej pomocy w uzyskaniu najlepszego kredytu na zakup tej oraz innych nieruchomości. Informacje użyte do sporządzenia powyższej oferty zostały uzyskane na podstawie oświadczeń właścicieli nieruchomości i nie są ofertą w rozumieniu przepisów prawa. Mają one jedynie charakter informacyjny. Zapraszam do kontaktu i na prezentację.",,,aneks,,własność,,53.127368,23.182441
Białystok Skorupy,ul. Podlaska,2,42,549000,13071.0,bez pośredników,,8,https://adresowo.pl/o/mieszkanie-bialystok-skorupy-ul-podlaska-2-pokojowe-y9p9f7,https://s2.adresowa.pl/oi/6b/5d/3dffb8_c98e_cover@2x-2-pokojowe-mieszkanie-bialystok-skorupy-ul-podlaska.webp,Białystok Skorupy,Podlaska,1,2020.0,blok,,"Oferuję na sprzedaż mieszkanie o powierzchni 42 m², znajdujące się na ulicy Podlaskiej. Nieruchomość znajduje się w nowoczesnym, kameralnym budynku z 2020 roku, w spokojnej części miasta. Mieszkanie jest w pełni wyposażone we wszystkie niezbędne do zamieszkania sprzęty. Zapraszam do kontaktu, aby umówić się na prezentację mieszkania!",,,,,,,53.127614,23.196964
Białystok,Bojary,3,60,639000,10650.0,bez pośredników,,20,https://adresowo.pl/o/mieszkanie-bialystok-bojary-3-pokojowe-60-m2-i0a0a6,https://s2.adresowa.pl/oi/3a/50/3df95e_9c4a_cover@2x-3-pokojowe-mieszkanie-bialystok-bojary.webp,Białystok Bojary,,parter,2008.0,blok,,"Na sprzedaż atrakcyjne, zadbane i w pełni wyposażone mieszkanie o powierzchni 60 m², położone na wysokim parterze w kameralnym, 3-klatkowym bloku z żółtej cegły z 2008 roku. To propozycja dla osób, które szukają mieszkania gotowego do zamieszkania od razu, bez potrzeby wykonywania remontów i ponoszenia dodatkowych kosztów na start. Układ mieszkania: W skład lokalu wchodzą: • salon z aneksem kuchennym i wyjściem na duży balkon od strony południowo-zachodniej, • 2 oddzielne pokoje o powierzchni ok. 11 m² każdy, • 2 oddzielne toalety - duży komfort dla pary lub rodziny, • przestronny, widny przedpokój. Mieszkanie jest jasne, ustawne i funkcjonalne, a okna wychodzą na obie strony budynku, dzięki czemu wnętrze jest dobrze doświetlone i komfortowe w codziennym użytkowaniu. Koszty utrzymania mieszkania są niskie. Standard i wykończenie: Lokal jest obecnie odświeżony, czysty, w pełni wyposażony i gotowy do zamieszkania. Stan techniczny - po remoncie. W ramach prac zostały wykonane m.in.: • profesjonalne uszczelnienie wszystkich okien, • wymiana instalacji elektrycznej, • poprawa hydrauliki. Dodatkowe atuty wykończenia: • w salonie położony jest parkiet jesionowy, • w łazienkach, kuchni i korytarzu znajduje się terakota, • część oświetlenia stanowią lampy oraz oświetlenie LED w podwieszanych sufitach, • w całym mieszkaniu znajdują się zabudowy meblowe wykonane na wymiar, • ściany salonu w większej części wyłożone są piaskowcem. Budynek i otoczenie: Blok znajduje się na ogrodzonej posesji z własną zielenią wokół, parkingiem oraz placem zabaw. Wjazd na teren prowadzi przez automatyczną bramę, a wejście przez furtkę z domofonem. Klatki schodowe również wyposażone są w domofony. Budynek posiada ogrzewanie gazowe i w ostatnim czasie przeszedł gruntowne remonty. Lokalizacja: Nieruchomość położona jest w bardzo cichej i zadbanej części miasta, a jednocześnie blisko centrum (osiedle Bojary). Świetna infrastruktura: sklepy, szkoły, przedszkola, kościół, szpital, przychodnie zdrowia, komunikacja miejska, tereny zielone - wszystko w zasięgu kilku minut spacerem. Lokal nie jest obciążony żadnym długiem. Istnieje możliwość wynajęcia lub dokupienia garażu o powierzchni 20 m². SPRZEDAŻ BEZPOŚREDNIA Mieszkanie idealne dla rodzin, osób ceniących komfort na co dzień, a także jako inwestycja. Zapraszam do kontaktu TELEFONICZNEGO i na prezentację!",,tak,aneks,plastikowe,własność,,53.132489,23.16884
Białystok Piasta,ul. Piastowska,3,48,460000,9583.0,bez pośredników,,6,https://adresowo.pl/o/mieszkanie-bialystok-piasta-ul-piastowska-3-pokojowe-o9p8u7,https://s2.adresowa.pl/oi/5d/40/3df832_f4a3_cover@2x-3-pokojowe-mieszkanie-bialystok-piasta-ul-piastowska.webp,Białystok Piasta,Piastowska,parter,,blok,,"BIAŁYSTOK OS. PIASTA UL. PIASTOWSKA Sprzedam bardzo fajne mieszkanie 48m2, parter, 3 pokojowe: - przestronny salon z aneksem kuchennym, - 2 ustawne sypialnie (jedna z wyjściem na balkon), - łazienka z WC. Zadbane! Urządzone, gotowe do wprowadzenia. Do mieszkania przynależy piwnica. Zapraszam do obejrzenia.",tak,,aneks,,,,53.132327,23.192996
Białystok Bojary,ul. Józefa Ignacego Kraszewskiego,2,28,465000,16607.0,Pośrednik,,19,https://adresowo.pl/o/mieszkanie-bialystok-bojary-ul-jozefa-ignacego-kraszewskiego-2-pokojowe-u2b5n1,https://s2.adresowa.pl/oi/38/1b/3c555c_c0bf_cover@2x-2-pokojowe-mieszkanie-bialystok-bojary-ul-jozefa-ignacego-kraszewskiego.webp,Białystok Bojary,Józefa Ignacego Kraszewskiego,9,2026.0,apartamentowiec,,"Oferta bez podatku PCC 2% | Wydanie natychmiastowe Zapraszamy na prezentację nowego, nigdy niezamieszkałego mieszkania 2-pokojowego , zlokalizowanego w jednej z najbardziej poszukiwanych i modnych części miasta - osiedle Nowe Bojary , przy ul. Kraszewskiego . Mieszkanie znajduje się w nowoczesnym apartamentowcu z 2025 roku , położonym blisko centrum miasta. Budynek wyróżnia się wysokim standardem wykończenia, nowoczesną architekturą oraz eleganckimi częściami wspólnymi. Opis mieszkania powierzchnia: 28,10 m² piętro: 9 / winda ekspozycja: południowo-zachodnia duży balkon - 9 m² widok na panoramę miasta Układ: salon z aneksem kuchennym i wyjściem na balkon ustawna sypialnia łazienka z WC Mieszkanie jest jasne, słoneczne i ciepłe , wykończone pod nadzorem architekta wnętrz . Gotowe do natychmiastowego zamieszkania - pełne wyposażenie objęte gwarancją . Standard i bezpieczeństwo drzwi antywłamaniowe Gerda domofon szerokie klatki schodowe wykończone marmurem budynek i mieszkanie przystosowane dla osób z niepełnosprawnościami Dodatkowo OPCJA piwnica: 10 000 zł miejsce postojowe w garażu podziemnym: 4 5 000 zł Lokalizacja Doskonała infrastruktura i komunikacja miejska. W pobliżu: sklepy i galerie handlowe tereny rekreacyjne i ścieżki rowerowe węzeł komunikacyjny i przesiadkowy Aldi i Biedronka w bezpośrednim sąsiedztwie To idealna propozycja dla singla, pary lub jako inwestycja pod wynajem . Kupujący zwolniony z 2% podatku PCC . Zdjęcia przedstawiają aktualną inwestycję. Nasze biuro zapewnia pełną obsługę transakcji, pomoc w kompletowaniu dokumentów oraz bezpłatne wsparcie w uzyskaniu najkorzystniejszego kredytu hipotecznego . Informacje zawarte w ogłoszeniu mają charakter informacyjny i nie stanowią oferty w rozumieniu przepisów prawa. Zapraszamy na prezentację! Adres www oferty [www]/nieruchomosci/bojary-dwupokojowe-mieszkanko-piwnica-garaz-bez-pcc/",tak,,aneks,,własność,,53.137658,23.176322
Białystok Centrum,ul. Proletariacka,2,48,385000,8021.0,Pośrednik,,10,https://adresowo.pl/o/mieszkanie-bialystok-centrum-ul-proletariacka-2-pokojowe-u2a2p8,https://s2.adresowa.pl/oi/21/57/3b7b36_761f_cover@2x-2-pokojowe-mieszkanie-bialystok-centrum-ul-proletariacka.webp,Białystok Centrum,Proletariacka,2,1965.0,blok,,"Zapraszam do zapoznania się z ofertą lokalu mieszkalnego na sprzedaż położonego na II piętrze w niskim bloku przy ul. Proletariackiej . Na powierzchnię 48,3m2 składają się: pokój dzienny, sypialnia, oddzielna kuchnia, łazienka z WC i przedpokój. Mieszkanie w stanie do remontu ewentualnie dla mniej wymagających do odświeżenia. Do mieszkania przynależy piwnica oraz druga wynajmowana. Ponadto dostępna jest też suszarnia. - blok z cegły z lat '60 ubiegłego wieku, - wymienione okna na PCV, - duży balkon ok. 5m2, dodatkowe pomieszczenia do przechowywania w piwnicy i na strychu, - lokal jest dwustronny i słoneczny, - sporo miejsc parkingowych przy budynku, - czynsz administracyjny ok. 550zł/ms c - budynek zarządzany przez wspólnotę. Budynek położony w drugiej linii od ścisłego centrum, ok. 10 min spacerem do ul. Lipowej. W okolicy przystanki i dobre połączenia autobusem miejskim z dworcem PKP i PKS oraz innymi częściami miasta. Blisko sklepy (min. Lidl ok. 100m), skwer Mordechaja Tenenbauma. Proletariacka to świetne miejsce do zamieszkania, bliskość centrum, dobra komunikacja i dostępność terenów rekreacyjnych sprawia, że warto tu zamieszkać. Zapraszamy na prezentacje! *Oferta objęta klauzulą wyłączności*",,,,plastikowe,własność,,53.13868,23.150768
Białystok Słoneczny Stok,ul. Stroma,3,48,419000,8729.0,bez pośredników,,10,https://adresowo.pl/o/mieszkanie-bialystok-sloneczny-stok-ul-stroma-3-pokojowe-z2z5j2,https://s2.adresowa.pl/oi/69/5a/3df82e_b778_cover@2x-3-pokojowe-mieszkanie-bialystok-sloneczny-stok-ul-stroma.webp,Białystok Słoneczny Stok,Stroma,3,1983.0,blok,,"Zapraszam do zapoznania się z ofertą komfortowego mieszkania o powierzchni 48,5 m², położonego na 3. piętrze przy ulicy Stromej. Blok jest po termomodernizacji i w stanie do zamieszkania. Mieszkanie jest jasne, dwustronne, a pod blokiem znajduje się duży parking dla mieszkańców. W skład mieszkania wchodzi przedpokój, oddzielna kuchnia, duży salon, sypialnia, łazienka, wc oraz duży balkon. Do mieszkania przynależy również piwnica. Lokalizacja w Słonecznym Stoku zapewnia dogodny dostęp do różnych udogodnień. W bliskiej odległości znajdziesz: - przedszkola, szkoły podstawowe i średnie - parki i tereny zielone, w tym Stawy Marczukowskie - sklepy spożywcze oraz centra handlowe (Biedronka, Lidl, Auchan, Galeria Zielone Wzgórza) - przystanki komunikacji miejskiej W pobliżu znajdują się również przychodnie i apteki, co zwiększa komfort codziennego życia. Jeśli szukasz spokojnej okolicy z dobrą infrastrukturą, ta oferta jest dla Ciebie. Nie zwlekaj, umów się na wizytę i zobacz swoje przyszłe mieszkanie już dziś!",tak,,osobna,plastikowe,,,53.130404,23.104943
Białystok Nowe Miasto,ul. Kazimierza Pułaskiego,1,23,269000,11696.0,bez pośredników,,7,https://adresowo.pl/o/mieszkanie-bialystok-nowe-miasto-ul-kazimierza-pulaskiego-1-pokoj-y7i7u7,https://s2.adresowa.pl/oi/64/68/3df1e0_85dd_cover@2x-1-pokojowe-mieszkanie-bialystok-nowe-miasto-ul-kazimierza-pulaskiego.webp,Białystok Nowe Miasto,Kazimierza Pułaskiego,2,2001.0,blok,,"Na sprzedaż funkcjonalna kawalerka 23 m² w bardzo dobrej lokalizacji na Nowym Mieście w Białymstoku, przy ul. Pułaskiego. Idealne pod wynajem lub jako pierwsze mieszkanie. Ze względu na bliskość uczelni i świetną komunikację, polecam również studentom. Wszystko: sklepy, ryneczek, przystanek, bank, apteka w zasięgu -100m. Mieszkanie czyste, ciepłe i ciche. Do mieszkania przynależy piwnica. Blok z 2001 roku, II piętro. Wejście i okna od podwórka. Mieszkanie wyróżnia się oddzielną kuchnią oraz świetną komunikacją (przystanek autobusowy tuż przy bloku).",tak,,osobna,,spółdzielcze własnościowe,,53.109628,23.130887
Białystok Piaski,ul. Jerzego Waszyngtona,3,73,690000,9452.0,bez pośredników,,9,https://adresowo.pl/o/mieszkanie-bialystok-piaski-ul-jerzego-waszyngtona-3-pokojowe-a3y3g2,https://s2.adresowa.pl/oi/1f/79/3df0ce_8287_cover@2x-3-pokojowe-mieszkanie-bialystok-piaski-ul-jerzego-waszyngtona.webp,Białystok Piaski,Jerzego Waszyngtona,10,1979.0,blok,,"💎 Rodzinna Enklawa 73m2 | 2 Parkingi | 2 bokówki | Panorama Piasków! Zapraszam do zapoznania się z ofertą wyjątkowego mieszkania o powierzchni 73 m², położonego na 10. piętrze w sercu Białegostoku – na prestiżowym Osiedlu Piaski. To propozycja dla osób, które nie szukają kompromisów między życiem w centrum a absolutnym komfortem i spokojem. Mieszkanie przeszło kapitalny remont (wymiana instalacji, podłóg, gładzie) i zostało wyposażone w technologie rzadko spotykane w blokach z wielkiej płyty. ✅ NAJWIĘKSZE ATUTY: • DWA MIEJSCA POSTOJOWE: Koniec z problemami z parkowaniem! Prywatny, strzeżony parking to luksus, który w tej lokalizacji jest na wagę złota. • PRZESTRZEŃ DO PRZECHOWYWANIA: Do mieszkania przynależą aż dwie bokówki na półpiętrach oraz piwnica. To dodatkowe miejsce na rowery, wózki i sprzęt sezonowy, dzięki czemu w mieszkaniu panuje idealny porządek. • PRYWATNE KINO I KOMFORT: W salonie czeka na Państwa profesjonalny rzutnik z ekranem – idealny na rodzinne wieczory. O odpowiednią temperaturę dba wydajna klimatyzacja, a o ciszę i bezpieczeństwo – zewnętrzne rolety antywłamaniowe. • WIDOK: Panorama Białegostoku z 10. piętra robi piorunujące wrażenie o każdej porze dnia. ✅ UKŁAD POMIESZCZEŃ: Obecnie mieszkanie składa się z: • Przestronnego salonu z aneksem kinowym, • Dwóch ustawnych sypialni, • Oddzielnej garderoby, którą można błyskawicznie przerobić na 4. pokój. • Eleganckiej łazienki i przedpokoju. ✅ LOKALIZACJA – WSZĘDZIE BLISKO: Osiedle Piaski to punkt idealny dla rodziny: • Spacerem: Park Zwierzyniecki, Planty, kampusy uniwersyteckie, szpitale i urzędy. • Pod blokiem: Najlepsze szkoły, przedszkola, sklepy (PSS Społem, Żabka) i komunikacja miejska łącząca z każdą częścią miasta. 💰 CENA: 690 000 PLN W cenie otrzymują Państwo kompletne wyposażenie technologiczne, 2 komórki na półpiętrach oraz dostęp do 2 strzeżonych miejsc parkingowych. Dlaczego warto? Kupując to mieszkanie, oszczędzasz minimum 200 tys. zł na remoncie i wyposażeniu oraz zyskujesz czas, którego nie kupisz za żadne pieniądze. Mieszkanie jest gotowe do wprowadzenia bez żadnych nakładów finansowych. 📞 Zapraszam na prezentację! Proszę o kontakt telefoniczny w celu umówienia dogodnego terminu. ([numer]) .",tak,tak,osobna,plastikowe,spółdzielcze własnościowe,Wyposażenie: klimatyzacja,53.124996,23.156449
Białystok,Centrum,2,67,575000,8582.0,Pośrednik,,15,https://adresowo.pl/o/mieszkanie-bialystok-centrum-2-pokojowe-67-m2-y0n1s9,https://s2.adresowa.pl/oi/63/35/3a732e_9ca1_cover@2x-2-pokojowe-mieszkanie-bialystok-centrum.webp,Białystok Centrum,,2,1950.0,kamienica,,"Na sprzedaż 2-pokojowe mieszkanie o powierzchni 68m² , położone na 2 piętrze w kamienicy w ścisłym centrum Białegostoku. Budynek z początku XX wieku zachował swój unikalny charakter, a wnętrze mieszkania oferuje ogromny potencjał aranżacyjny. Wysokość pomieszczeń: ponad 3m - przestrzeń która robi wrażenie, Oddzielna kuchnia, Wysokie okna - dużo naturalnego światła, Budynek z cegły, mieszkanie środkowe i ciepłe, Parking na dziedzińcu (za szlabanem) tylko dla mieszkańców, Dostępne dwa dodatkowe pomieszczenia (piwnica i komórka gospodarcza), Świetna lokalizacja - sklepy, restauracje, komunikacja, uczelnie i parki w zasięgu kilku minut. Mieszkanie daje ogromne możliwości aranżacji. To idealna propozycja dla osób, które szukają niepowtarzalnego wnętrza i wygody życia w centrum miasta. Idealne dla singla lub pary, a także osób które lubią przebywanie w sercu miasta. Układ mieszkania pozwala na różne aranżacje, lokal świetnie sprawdzi się jako gabinet/kancelaria. Szukasz przestronnego mieszkania z duszą, w doskonałej lokalizacji? Ta oferta spełni Twoje oczekiwania! Zapraszam do kontaktu! *Oferta objęta klauzulą wyłączności*",,tak,,plastikowe,własność,,53.132489,23.16884
Białystok Nowe Miasto,ul. Kawaleryjska 3,2,40,625000,15625.0,Pośrednik,,16,https://adresowo.pl/o/mieszkanie-bialystok-nowe-miasto-ul-kawaleryjska-2-pokojowe-z0z1v0,https://s2.adresowa.pl/oi/31/2e/3a732a_467f_cover@2x-2-pokojowe-mieszkanie-bialystok-nowe-miasto-ul-kawaleryjska.webp,Białystok Nowe Miasto,Kawaleryjska 3,3,2016.0,blok,,"Nowa niższa cena! 649.000zł - > 625.000zł Zapraszamy do zapoznania się z ofertą mieszkania położonego przy ul. Kawaleryjskiej 3 w Białymstoku. Jest to projekt zrealizowany w 2016 roku przez firmę Kombinat Budowlany który wyróżnia się nowoczesną architekturą, wysokim standardem i praktycznymi rozwiązaniami. Główne parametry mieszkania: - 41 m² powierzchni - 2 pokoje: salon z aneksem + osobna sypialnia - Położenie na 3. piętrze z windą - wygoda i bezpieczeństwo - Możliwość zakupu miejsca postojowego, osobna KW - komfort i przystępność Lokalizacja - perfekcyjne połączenie natury i miasta: - Las Zwierzyniecki w bezpośrednim sąsiedztwie - idealny dla miłośników spacerów, biegów, rekreacji na świeżym powietrzu - Blisko centrum Białegostoku - szybki dojazd komunikacją miejską, bogata infrastruktura handlowo‑usługowa - Unikalna of erta - mieszkania z takim układem i położeniem w tej lokalizacji pojawiają się bardzo rzadko . To połączenie zieleni, niskiej zabudowy i nowoczesnej infrastruktury, które trudno znaleźć w innych częściach miasta Dla kogo? Oferta idealna jako mieszkanie dla singla, pary lub inwestora planującego wynajem komfortowego lokalu blisko uczelni, zieleni i centralnych punktów miasta. Zapraszamy na prezentację! *Oferta objęta klauzula wyłączności*",,tak,aneks,plastikowe,własność,,53.11065,23.147457
Białystok Bojary,ul. Dobra,3,60,450000,7500.0,bez pośredników,,7,https://adresowo.pl/o/mieszkanie-bialystok-bojary-ul-dobra-3-pokojowe-d2x1b7,https://s2.adresowa.pl/oi/1a/21/3dea72_bcb7_cover@2x-3-pokojowe-mieszkanie-bialystok-bojary-ul-dobra.webp,Białystok Bojary,Dobra,4,1985.0,blok,,"Sprzedam bezpośrednio mieszkanie spółdzielcze własnościowe po pierwszych właścicielach. Mieszkanie 60m2, 3 pokoje, kuchnia, łazienka, toaleta, korytarz w kształcie litery L. Okna wymieniane kilka lat temu. W pokojach oryginalny, dębowy parkiet mozaikowy. Raz cyklinowany, do odświeżenia. Rozkład mieszkania: - Korytarz w kształcie litery L: ok. 5m2 - Kuchnia: ok. 7m2 - Łazienka: ok. 3m2 - Toaleta: 1m2 - Duży pokój: 24,5m2 - Mały pokój: 8m2 - Mały pokój: 9m2 - Duży balkon: ok. 5m2 Czynsz: 660 zł/msc - w ryczałcie gaz i ogrzewanie. Bezpieczniki starego typu, grzejniki żeliwne, żeberkowe. Lokal był szykowany do gruntownego remontu, niestety z przyczyn losowych prace zostały przerwane, co daje nowemu właścicielowi możliwość własnej aranżacji. Blok z wielkiej płyty oddany do użytku w 1985 roku. 4 piętro (ostatnie) bez windy. Prywatna piwnica (bez wilgoci) i wspólna komórka lokatorska. Parking dla mieszkańców za szlabanem. Zapraszam do kontaktu i oglądania mieszkania.",tak,tak,osobna,plastikowe,spółdzielcze własnościowe,,53.137574,23.181667
Białystok Bacieczki,ul. rtm. Witolda Pileckiego,2,48,520000,10833.0,bez pośredników,,8,https://adresowo.pl/o/mieszkanie-bialystok-bacieczki-ul-rtm-witolda-pileckiego-2-pokojowe-q3g8y6,https://s2.adresowa.pl/oi/2f/43/3de520_417f_cover@2x-2-pokojowe-mieszkanie-bialystok-bacieczki-ul-rtm-witolda-pileckiego.webp,Białystok Bacieczki,rtm. Witolda Pileckiego,3,2001.0,blok,,Na sprzedaż mieszkanie w pełni wykończone - do wprowadzenia.,tak,,,plastikowe,własność,,53.15273,23.086547
Białystok Wysoki Stoczek,ul. Scaleniowa,3,59,575000,9746.0,bez pośredników,,19,https://adresowo.pl/o/mieszkanie-bialystok-wysoki-stoczek-ul-scaleniowa-3-pokojowe-f9s9w8,https://s2.adresowa.pl/oi/2f/6c/3de244_a1ec_cover@2x-3-pokojowe-mieszkanie-bialystok-wysoki-stoczek-ul-scaleniowa.webp,Białystok Wysoki Stoczek,Scaleniowa,parter,1990.0,blok,,"Oferujemy na sprzedaż komfortowe mieszkanie, o powierzchni 59,8 m², położone na parterze w 4-piętrowym bloku na osiedlu Wysoki Stoczek. Mieszkanie jest zadbane, ciepłe, jasne i funkcjonalne. Znajduje się w rewelacyjnej lokalizacji w pobliżu jest bardzo dobra szkoła podstawowa, sieć sklepów i lokali usługowych, a także dogodny dojazd do centrum miasta. Dodatkowym walorem jest duży park w bliskim sąsiedztwie, idealny na spacery i odpoczynek na świeżym powietrzu. To doskonała propozycja dla każdego, kto szuka wygodnego i funkcjonalnego lokum w bardzo dobrze skomunikowanej okolicy. Lokal jest gotowy do zamieszkania i składa się z: - 3 pokoi, - kuchni, - łazienki, - toalety, - korytarza, - balkonu z widokiem na zieleń. Do mieszkania przynależy również piwnica. W 2023 roku w mieszkaniu wymieniono podłogę, odmalowano wnętrza oraz wymieniono kuchnię. Zachęcamy do kontaktu i umówienia się na prezentację mieszkania. Nie jesteśmy zainteresowani współpracą z pośrednikami sprzedaży nieruchomości.",tak,,,,,,53.145553,23.117224
Białystok Centrum,ul. Modlińska,4,107,845000,7897.0,Pośrednik,,16,https://adresowo.pl/o/mieszkanie-bialystok-centrum-ul-modlinska-4-pokojowe-x4v7o9,https://s2.adresowa.pl/oi/5e/41/3a7328_b2e4_cover@2x-4-pokojowe-mieszkanie-bialystok-centrum-ul-modlinska.webp,Białystok Centrum,Modlińska,3,1998.0,blok,,"Zapraszam do zapoznania się z mieszkaniem położonym na 3 piętrze w niskim budynku zlokalizowanym przy ul. Modlińskiej/Bukowskiego na granicy Centrum i os. Bojary w Białymstoku. Na powierzchnię 107,3 m2 składają się: przestronny pokój dzienny z wyjściem na balkon, jadalnia z kuchnią, 3 oddzielne sypialnie, łazienka z WC oraz przedpokój. budynek z cegły z końcówki lat 90' zarządzany przez wspólnotę, trójstronny rozkład, dzięki czemu lokal jest jasny, słoneczny i ciepły, mieszkanie jednopoziomowe, okna PCV, drzwi antywłamaniowe, dostępna duża loggia (ok. 12m2) oraz piwnica, dużo zieleni przed budynkiem, zamknięte osiedle tylko dla mieszkańców, kameralny blok, dostępny jest (opcjonalnie) garaż o powierzchni ok. 16m2 w podziemnym parkingu, Mieszkanie jest zadbane w stanie gotowym do zamieszkania / ewentualnego odświeżenia. W cenie pozostaje zabudowa kuchenna, AGD oraz część mebli widoczna na zdjęciach. Z racji na korzystny rozkład pomieszczeń istnieje możliwość wydzielenia 2 lub 3 osobnych mieszkań. Mieszkanie sprawdzi się idealnie dla dużej rodziny, pod biuro/działalność lub na dochodową inwestycję! Świetna oferta pod program mieszkanie na start. Wyjątkowa lokalizacja zachęca do zamieszkania. *Oferta objęta klauzulą wyłączności* Zapraszamy na prezentację ! Pośrednik odpowiedzialny zawodowo za wykonanie umowy pośrednictwa: Paweł Sołomianko (licencja nr: 25616)",,,aneks,plastikowe,własność,,53.132912,23.174318
Białystok Antoniuk,ul. Choroszczańska,3,64,860000,13438.0,Pośrednik,,20,https://adresowo.pl/o/mieszkanie-bialystok-antoniuk-ul-choroszczanska-3-pokojowe-m4l9b4,https://s2.adresowa.pl/oi/24/24/3a45c0_4746_cover@2x-3-pokojowe-mieszkanie-bialystok-antoniuk-ul-choroszczanska.webp,Białystok Antoniuk,Choroszczańska,1,2024.0,apartamentowiec,,"OKAZJA - 3 POKOJE WYSOKI STANDARD WYKOŃCZENIA BEZ PODATKU PCC! APARTAMENTY ZWYCIĘSTWA Polecamy do sprzedaży 3 pokojowe mieszkanie w poszukiwanej lokalizacji osiedle Antoniuk ul. Zwycięstwa. Doskonała lokalizacja osiedla pozwala swobodny i szybki dostęp do Centrum miasta. Osiedle z pełną infrastrukturą. Lokalizacja mieszkania pozwala ją uznać za jedną z najbardziej atrakcyjnych i prestiżowych dzielnic miasta. Miejsce doskonale skomunikowane z pozostałą częścią miasta. Bardzo dobre połączenie komunikacyjne: blisko węzeł komunikacyjny PKP I PKS, przystanek MPK, przedszkola, szkoła podstawowa, przychodnia lekarska, apteka, Poczta, liczne sklepy spożywcze, centrum handlowe Auchan, Leroy Merlin, siłownia, palcówki banków. Blisko droga wyjazdowa w kierunku Warszawy. Apartamentowiec o podwyższonym standardzie, podwyższone sufity 2,75m, duże panoramiczne okna. Blok oraz mieszkanie przystosowane dla osób niepełnosprawnych. Mieszkanie o powierzchni 64,06 zlokalizowane na I piętrze w nowoczesnym apartamentowcu z windą. Doskonale ułożone wobec stron świata z ekspozycją okien na południowy-zachód. Składa się z dużego salonu z aneksem kuchennym z wyjściem na duży 18m balkon, dwóch sypialni, łazienki z WC oraz przedpokoju. Mieszkanie zostało wykończone pod nadzorem architekta wnętrz przy wykorzystaniu wysokiej klasy materiałów wykończeniowych. Nowoczesna zabudowa kuchenna w połysku wyposażona w markowy sprzęt AGD (płyta indukcyjna, piekarnik, zmywarka, lodówka, okap - wszystko na gwarancji). Łazienka wyposażona w dużą kabinę prysznicową 80×100 z brodzikiem slim, WC Grohe w zabudowie, szafka z umywalką na wymiar. W korytarzu i kuchni płytki wielkoformatowe w połysku. Balkon wyłożony gresem drewnopodobnym o wymiarach 20×120. Ściany pomalowane farbą silikonową zmywalną Beckers. Szybki dojazd do posesji zapewniają szybkobieżne i ciche windy. Możliwość zakupu miejsca postojowego w garażu podziemnym na dwa auta 70000zł. Blok zarządzany przez wspólnotę mieszkaniową. Niski czynsz. Kupujący nieruchomość zwolniony z płatności podatku PCC 2% od czynności cywilnoprawnych. Mieszkanie do zakupu natychmiast, Właścicielem możesz zostać już dziś! Nasze biuro zapewnia pomoc przy kompletowaniu dokumentów niezbędnych do przeniesienia praw własności oraz bezpłatnej pomocy w uzyskaniu najlepszego kredytu na zakup tej oraz innych nieruchomości. Informacje użyte do sporządzenia powyższej oferty zostały uzyskane na podstawie oświadczeń właścicieli nieruchomości i nie są ofertą w rozumieniu przepisów prawa. Mają one jedynie charakter informacyjny. Zdjęcia użyte do oferty przedstawiają nasze mieszkanie! Zapraszamy na prezentację!",,tak,aneks,plastikowe,własność,"Wyposażenie: lodówka, piekarnik, zmywarka",53.137305,23.132583
Białystok Skorupy,ul. Plażowa,3,82,1150000,14024.0,bez pośredników,,14,https://adresowo.pl/o/mieszkanie-bialystok-skorupy-ul-plazowa-3-pokojowe-b4e8r5,https://s2.adresowa.pl/oi/3a/3b/3de008_cacf_cover@2x-3-pokojowe-mieszkanie-bialystok-skorupy-ul-plazowa.webp,Białystok Skorupy,Plażowa,4,2007.0,blok,,"*Agencjom dziękuję - nie jestem zainteresowana współpracą. Proszę o niekontaktowanie się. Na sprzedaż wyjątkowy apartament, wykończony w wysokim standardzie, z tarasem o powierzchni 56 m² oraz otwartym widokiem na zieleń i niebo - bez bezpośredniego sąsiedztwa okno w okno. To przestrzeń, w której można odpocząć w mieście, ale z poczuciem prywatności. NAJWIĘKSZE ATUTY: - Taras 56 m² - idealny na strefę relaksu, poranną kawę i wschody słońca. - 82 m² | 3 pokoje | 2 łazienki | garderoba - komfortowy i funkcjonalny układ. - Widok na zieleń i otwarte niebo - brak ściany bloków naprzeciwko. - Dużo światła dziennego - jasne, dobrze doświetlone wnętrze. - Wysoki standard wykończenia - sztukateria, spójna elegancja, dopracowane detale. - Meble premium - m.in. hiszpańska marka Angel Cerdá oraz Kler. - Duża garderoba - praktyczna i uporządkowana przestrzeń do przechowywania. - Przemyślany układ - idealny do życia, pracy zdalnej lub dalszej aranżacji. WNĘTRZE: Apartament urządzony w ponadczasowym stylu, z użyciem bardzo dobrej jakości materiałów. - Przestronny salon z częścią wypoczynkową. - Kuchnia w zabudowie na wymiar. - Jadalnia przy oknie z widokiem na zieleń. - Sypialnia z wyjściem na taras. - Dodatkowy pokój (gabinet / pokój gościnny / pokój dla dziecka). - Duża, funkcjonalna garderoba. DODATKOWE INFORMACJE: - Piwnica. - Miejsce postojowe w garażu podziemnym - 55 000 zł (dodatkowo). - Oferta mieszkania z pełnym wyposażeniem.",tak,tak,,,własność,,53.118284,23.217625
Białystok Centrum,ul. Młynowa,3,68,1065000,15662.0,bez pośredników,,13,https://adresowo.pl/o/mieszkanie-bialystok-centrum-ul-mlynowa-3-pokojowe-j3h5h2,https://s2.adresowa.pl/oi/1b/53/3ddcf2_ef75_cover@2x-3-pokojowe-mieszkanie-bialystok-centrum-ul-mlynowa.webp,Białystok Centrum,Młynowa,7,2021.0,blok,,"*Oferta Prywatna - biurom nieruchomości dziękujemy* Z przyjemnością prezentujemy unikalną ofertę sprzedaży nowoczesnego, w pełni wykończonego apartamentu w prestiżowym budynku z 2021 roku przy ul. Młynowej. To propozycja dla najbardziej wymagających klientów, szukających komfortu w samym sercu miasta. Mieszkanie charakteryzuje się wyjątkowym standardem wykończenia ""do zamieszkania"". Jest to lokal obustronny, co gwarantuje świetne doświetlenie o każdej porze dnia. Przemyślany układ obejmuje: - Przestronny salon z aneksem kuchennym, jadalnią i wyjściem na balkon, - Dwie komfortowe sypialnie, - Dwie łazienki (rzadkość w tym metrażu, podnosząca komfort domowników), - Funkcjonalny przedpokój. - mini biuro domowe (zdj) - Duży balkon (ok. 9 m2, płytki + drewniany panel RUNNAN) Do apartamentu przynależy komfortowe miejsce postojowe w parkingu podziemnym (poziom 0) wraz z komórką lokatorską usytuowaną bezpośrednio obok miejsca parkingowego. Cena za miejsce postojowe i komórkę: 60 000 PLN (płatne dodatkowo). Większość umieszczonych zdjęć pochodzi ze stylizowanej sesji naszego mieszkania do magazynu wnętrzarskiego *Oferta Prywatna - biurom nieruchomości dziękujemy*",tak,tak,aneks,,własność,,53.127327,23.145221
Białystok Antoniuk,ul. Juliana Tuwima,2,36,350000,9722.0,bez pośredników,,8,https://adresowo.pl/o/mieszkanie-bialystok-antoniuk-ul-juliana-tuwima-2-pokojowe-g4o8m9,https://s2.adresowa.pl/oi/7b/36/3dd368_e2fb_cover@2x-2-pokojowe-mieszkanie-bialystok-antoniuk-ul-juliana-tuwima.webp,Białystok Antoniuk,Juliana Tuwima,7,,blok,,"Sprzedam mieszkanie 2 pokojowe o powierzchni 36m2 na osiedlu młodych, przy ulicy Juliana Tuwima 1/1. W skład mieszkania wchodzi: - kuchnia - łazienka - sypialnia - salon W kuchni zabudowa na wymiar. W łazience szafa, a w sypialni duża szafa Komandor. Do mieszkania przynależy piwnica. Mieszkanie ciepłe, więc rachunki nie są wysokie. Oprócz tego widać przepiękną panoramę miasta. Więcej informacji, zapraszam pod numer telefonu",tak,,,,,,53.139466,23.124339
Białystok Centrum,ul. Angielska,2,36,565000,15694.0,Pośrednik,,14,https://adresowo.pl/o/mieszkanie-bialystok-centrum-ul-angielska-2-pokojowe-e6n5b7,https://s2.adresowa.pl/oi/3e/2e/3a45ba_c755_cover@2x-2-pokojowe-mieszkanie-bialystok-centrum-ul-angielska.webp,Białystok Centrum,Angielska,6,2025.0,apartamentowiec,,"Oferta zwolniona z podatku PCC 2% Wydanie mieszkania natychmiast! Zapraszamy na prezentację komfortowego dwupokojowego wykończonego w wysokim standardzie mieszkania o powierzchni 36,82m zlokalizowanego blisko Centrum ul. Angielska/Kopernika. Mieszkanie składa się z salonu z aneksem kuchennym z wyjściem na balkon, sypialni, łazienki z WC i przedpokoju. Zlokalizowane jest na 6 piętrze. W bloku szybkobieżna winda. Mieszkanie w pełni wykończone pod nadzorem architekta materiałami najwyższej jakości. Kuchnia w zabudowie, wyposażona w kompletny sprzęt AGD. Lokalizacja bardzo przyjazna, w pobliżu wszystko co jest potrzebne. Atut to bliskość POLITECHNIKI BIAŁOSTOCKIEJ. Jako opcja możliwość zakupienia miejsca postojowego w garażu podziemnym Pełna własność z udziałem w gruncie, niski czynsz - wspólnota! Idealne jako pierwsze M, dla singla, pary , młodego małżeństwa lub jako inwestycja pod wynajem. Mieszkanie w pełni wyposażone i gotowe do natychmiastowego wprowadzenia! Nasze biuro zapewnia państwu pomoc w kompletowaniu dokumentacji a nasi doradcy finansowi udzielą bezpłatnej pomocy w uzyskaniu najlepszego kredytu na zakup tej oraz innych nieruchomości. Informacje użyte do sporządzenia powyższej oferty zostały uzyskane na podstawie oświadczeń właścicieli nieruchomości i nie są ofertą w rozumieniu przepisów prawa. Mają one jedynie charakter informacyjny. Zapraszamy na prezentację.",,tak,aneks,,własność,,53.125801,23.144182
Białystok Centrum,ul. Piotrkowska,2,55,460000,8364.0,Pośrednik,,16,https://adresowo.pl/o/mieszkanie-bialystok-centrum-ul-piotrkowska-2-pokojowe-x2s2x8,https://s2.adresowa.pl/oi/2c/16/3a45b4_f282_cover@2x-2-pokojowe-mieszkanie-bialystok-centrum-ul-piotrkowska.webp,Białystok Centrum,Piotrkowska,4,1956.0,blok,,"Serce miasta - ul. Piotrkowska | 2 pokoje | 55 m² | balkon OFERTA TYLKO U NAS WINDA W FAZIE PROJEKTU I BUDOWY! Na sprzedaż funkcjonalne mieszkanie o powierzchni 55 m² , położone w ścisłym centrum Białegostoku przy ul. Piotrkowskiej . To idealna propozycja zarówno do zamieszkania, jak i pod inwestycję na wynajem . Mieszkanie znajduje się na 4 piętrze w 5-piętrowym budynku z 1956 roku , zarządzanym przez wspólnotę mieszkaniową . Budynek jest po termomodernizacji , a wspólnota w 2026r planuje montaż windy . Do dyspozycji mieszkańców są szerokie i zadbane klatki schodowe . Mimo lokalizacji w samym centrum miasta, mieszkanie znajduje się w cichej i spokojnej części , z ładnym widokiem na zieleń . Układ mieszkania przestronny salon z wydzieloną strefą do spania , sypialnia , przedpokój , garderoba , łazienka z WC . Około 10 lat temu mieszkanie przeszło generalny remont , podczas którego: wymieniono wszystkie instalacje , obniżono i podwieszono sufity , zastosowano nowoczesne oświetlenie LED , zmieniono układ pomieszczeń, poprawiając funkcjonalność mieszkania. Mieszkanie jest gustownie wykończone i wyposażone . Jego stan pozwala na natychmiastowe zamieszkanie lub ewentualne odświeżenie według własnych potrzeb. Dodatkowe informacje balkon , duża piwnica , czynsz: ok. 620 zł , wyposażenie mieszkania - do uzgodnienia z właścicielami , pełna własność z księgą wieczystą oraz udziałem w gruncie , mieszkanie dostępne od zaraz . Dzięki lokalizacji w centrum miasta nieruchomość doskonale sprawdzi się jako inwestycja pod wynajem . Zapraszamy do kontaktu i na prezentację mieszkania na żywo . Nasze biuro zapewnia państwu pomoc w kompletowaniu dokumentacji a nasi doradcy finansowi udzielą bezpłatnej pomocy w uzyskaniu najlepszego kredytu na zakup tej oraz innych nieruchomości. Informacje użyte do sporządzenia powyższej oferty zostały uzyskane na podstawie oświadczeń właścicieli nieruchomości i nie są ofertą w rozumieniu przepisów prawa. Mają one jedynie charakter informacyjny.",tak,,,plastikowe,własność,,53.135622,23.156621
Białystok Leśna Dolina,al. Jana Pawła II,3,64,785000,12266.0,bez pośredników,,19,https://adresowo.pl/o/mieszkanie-bialystok-lesna-dolina-al-jana-pawla-ii-3-pokojowe-c1g4s1,https://s2.adresowa.pl/oi/31/70/3dd214_cec3_cover@2x-3-pokojowe-mieszkanie-bialystok-lesna-dolina-al-jana-pawla-ii.webp,Białystok Leśna Dolina,Jana Pawła II,6,2015.0,blok,,"Opis Trzypokojowe mieszkanie o powierzchni 64,41 m² w nowoczesnym osiedlu - Słoneczne Tarasy. Atuty mieszkania: - VI piętro - na samej górze. - Blok z 2015 roku. - Duży balkon narożny - 19,06 m² (balkon w cenie mieszkania). - Mieszkanie bardzo oświetlone, południowo-zachodnie. - Piękny widok z balkonu na przyrodę i rzekę Białą. - Podłoga drewniana, drzwi z forniru. - Niski czynsz wynoszący tylko 740 zł. - W każdym pokoju gniazdo ETH. - W cenie komórka lokatorska o powierzchni 3,99 m². - Lokalizacja: - W okolicy sklepy (m.in. Lidl, Żabka, Lewiatan, Auchan, Decathlon), lokale usługowe, przedszkola, szkoły, przychodnia, apteka, paczkomaty. - Szybki dojazd do innych części miasta. - Tereny zielone: lasy, parki, ścieżki spacerowe i rowerowe. Możliwość nabycia garażu 16,56 m² - wyjątkowo poszukiwanego w tej lokalizacji. Wejście z klatki. Oddzielny akt notarialny (cena za mieszkanie nie obejmuje garażu). Układ: - Salon z aneksem kuchennym. - 2 niezależne pokoje. - Łazienka. - Składzik z możliwością przerobienia na toaletę. - Korytarz.",tak,tak,aneks,plastikowe,własność,,53.141972,23.095107
Białystok Bojary,ul. Dobra,3,67,925000,13806.0,bez pośredników,,8,https://adresowo.pl/o/mieszkanie-bialystok-bojary-ul-dobra-3-pokojowe-n4q8u5,https://s2.adresowa.pl/oi/61/7a/3dc996_2a1e_cover@2x-3-pokojowe-mieszkanie-bialystok-bojary-ul-dobra.webp,Białystok Bojary,Dobra,2,2010.0,blok,,"Oferuję mieszkanie w kameralnym bloku przy ul. Dobrej. Osiedle zamknięte, 4-piętrowy budynek, winda. Idealne dla rodziny z dzieckiem. Mieszkanie w pełni wyposażone. Do mieszkania jest zamykany podziemny garaż o powierzchni 18 m², płatny dodatkowo.",,tak,,,,,53.137574,23.181667
Białystok Piaski,ul. Legionowa,2,51,550000,10784.0,bez pośredników,,9,https://adresowo.pl/o/mieszkanie-bialystok-piaski-ul-legionowa-2-pokojowe-r5k3u1,https://s2.adresowa.pl/oi/4a/4d/3dc71e_9e36_cover@2x-2-pokojowe-mieszkanie-bialystok-piaski-ul-legionowa.webp,Białystok Piaski,Legionowa,11,1986.0,blok,,"Oferuję mieszkanie o powierzchni 51 m², umeblowane i gotowe do zamieszkania. Dwa pokoje kuchnia z jadalnią (możliwość dostawienia ścianki i zrobienia 3 pokoju z jadalni - pierwotnie tak było), garderoba oddzielna około 3 m2, łazienka i toaleta osobna, bokówka na półpiętrze i piwnica. Mieszkanie znajduje się na 11 piętrze w bloku. Wnętrza są jasne i utrzymane w stylu współczesnym. Kuchnia wyposażona jest w wysokiej jakości sprzęt, w tym lodówkę, piekarnik i zmywarkę. Łazienka z kabiną prysznicową. Salon i pokój dziecięcy mają jasne ściany i drewnianą podłogę. Z okien rozciąga się widok na miejską panoramę. Lokal jest dobrze utrzymany i funkcjonalny. Położenie nieruchomości zapewnia dostęp do licznych atrakcji kulturalnych, takich jak teatry, kina, muzea oraz parków i terenów zielonych. W okolicy znajdują się szkoły, przedszkola, sklepy, restauracje i punkty usługowe. Komunikacja miejska jest dobrze rozwinięta, blisko znajdują się przystanki autobusowe i stacje kolejowe. To miejsce dla osób ceniących wygodę i bliskość centrum miasta. Zapraszam do obejrzenia i podjęcia decyzji o zakupie.",tak,,osobna,plastikowe,spółdzielcze własnościowe,"Wyposażenie: lodówkę, piekarnik, zmywarkę",53.129795,23.157756
Białystok Bojary,ul. Józefa Ignacego Kraszewskiego,2,32,499000,15594.0,Pośrednik,,14,https://adresowo.pl/o/mieszkanie-bialystok-bojary-ul-jozefa-ignacego-kraszewskiego-2-pokojowe-s1r0x5,https://s2.adresowa.pl/oi/48/21/3a45b6_fbcf_cover@2x-2-pokojowe-mieszkanie-bialystok-bojary-ul-jozefa-ignacego-kraszewskiego.webp,Białystok Bojary,Józefa Ignacego Kraszewskiego,8,2025.0,apartamentowiec,,"*** Oferta bez podatku PCC 2% *** Zapraszamy na prezentację nowego niezamieszkałego dwupokojowego mieszkania w poszukiwanej i modnej lokalizacji w mieście os. Nowe Bojary ul. Kraszewskiego! Nowoczesny budynek mieszkalny położony blisko centrum miasta o wysokim designie i wysokim standardzie wykończenia. Lokalizacja z doskonałą infrastrukturą dzielnicy i bardzo dobrą komunikacją miejską. W pobliżu znajdują się sklepy galerie handlowe, tereny rekreacyjne, drogi dla rowerów, węzeł komunikacyjny oraz przesiadkowy. Oferowana oferta to idealna propozycja dla singla, pary lub młodego małżeństwa pod względem lokalizacji oraz metrażu. Mieszkanie o powierzchni 33m zlokalizowane jest na ósmym piętrze w nowoczesnym apartamentowcu z windą (2025r). Jest słoneczne i ciepłe z ekspozycja okien na południowy zachód z widokiem na panoramę miasta. Mieszkanie składa się z salonu z aneksem kuchennym z wyjściem na słoneczny duży zadaszony balkon(8m), ustawnej sypialni oraz łazienki z WC. Mieszkanie gustownie wykończone pod nadzorem architekta wnętrz. Drzwi wejściowe antywłamaniowe Gerda. Wejście do bloku zabezpieczone domofonem. Szerokie oraz wyłożone płytkami marmurowymi klatki schodowe, blok oraz mieszkanie dostosowane dla osób niepełnosprawnych. Piwnica jest w cenie. Istnieje możliwość zakupu miejsca postojowego w garażu podziemnym. Z powodu lokalizacji oraz komfortowego wyposażenia jest to wyjątkowa okazja na zakup mieszkania pod ekskluzywny i dochodowy wynajem. Kupujący nieruchomość zwolniony jest z 2% podatku PCC! Doskonała lokalizacja, pełna infrastruktura osiedla, Aldi i Biedronka pod ręką! Pełne wyposażenie - wszystko na gwarancji! Nasze biuro zapewnia pomoc przy kompletowaniu dokumentów niezbędnych do przeniesienia praw własności oraz bezpłatnej pomocy w uzyskaniu najlepszego kredytu na zakup tej oraz innych nieruchomości. Informacje użyte do sporządzenia powyższej oferty zostały uzyskane na podstawie oświadczeń właścicieli nieruchomości i nie są ofertą w rozumieniu przepisów prawa. Mają one jedynie charakter informacyjny. Zapraszamy na prezentację!",tak,,aneks,,własność,,53.137658,23.176322
Białystok Sienkiewicza,ul. Ciepła 38,3,46,699000,15196.0,Pośrednik,,15,https://adresowo.pl/o/mieszkanie-bialystok-sienkiewicza-ul-ciepla-3-pokojowe-l8v6d0,https://s2.adresowa.pl/oi/6c/22/3a45ac_63a2_cover@2x-3-pokojowe-mieszkanie-bialystok-sienkiewicza-ul-ciepla.webp,Białystok Sienkiewicza,Ciepła 38,7,2024.0,apartamentowiec,,"OKAZJA - 3 POKOJE WYSOKI STANDARD BEZ PODATKU PCC! BLISKO CENTRUM - ul. Ciepła 38! Polecamy do sprzedaży 3 pokojowe mieszkanie w poszukiwanej lokalizacji ul. Ciepła blisko Centrum.Osiedle z pełną infrastrukturą. Lokalizacja mieszkania pozwala ją uznać za jedną z najbardziej atrakcyjnych i prestiżowych dzielnic miasta. Miejsce doskonale skomunikowane z pozostałą częścią miasta. Bardzo dobre połączenie komunikacyjne: blisko węzeł komunikacyjny, przystanek MPK, przedszkola, szkoła podstawowa, przychodnia lekarska, apteka, Poczta, liczne sklepy spożywcze, kościół, Biedronka, siłownia, placówki banków oraz Galeria Jurowiecka. Apartamentowiec o podwyższonym standardzie, podwyższone sufity 2,75m, duże panoramiczne okna. Mieszkanie 4 6 , 5 m zlokalizowane jest na V II piętrze w nowoczesnym apartamentowcu z windą. Doskonale ułożone wobec stron świata z ekspozycją okien na południowy-zachód. Składa się salonu z kuchnią, dwóch sypialni, hallu oraz łazienki z WC. Do mieszkania możesz dokupić miejsce postojowe w garażu podziemnym w cenie 4 5 000zł. Szybki dojazd do posesji zapewnia szybkobieżna i cicha winda. Apartament gotowy do wydania. W cenie zabudowy stałe, wyposażenie w sprzęt AGD, wysokiej jakości gładzie oraz farby. Mieszkanie w stanie do wprowadzenia w wysokim standardzie wykończenia. Blok zarządzany przez wspólnotę mieszkaniową. Niski czynsz. Kupujący nieruchomość zwolniony z płatności podatku PCC 2% od czynności cywilnoprawnych. Zdjęcia z naszej inwestycji. Nasze biuro zapewnia pomoc przy kompletowaniu dokumentów niezbędnych do przeniesienia praw własności oraz bezpłatnej pomocy w uzyskaniu najlepszego kredytu na zakup tej oraz innych nieruchomości. Informacje użyte do sporządzenia powyższej oferty zostały uzyskane na podstawie oświadczeń właścicieli nieruchomości i nie są ofertą w rozumieniu przepisów prawa. Mają one jedynie charakter informacyjny. Zapraszamy na prezentację!",,,aneks,plastikowe,własność,,53.140683,23.167695
Białystok Centrum,ul. Henryka Sienkiewicza,4,98,1090000,11122.0,bez pośredników,,8,https://adresowo.pl/o/mieszkanie-bialystok-centrum-ul-henryka-sienkiewicza-4-pokojowe-j3v3u5,https://s2.adresowa.pl/oi/7d/48/3dc596_9daa_cover@2x-4-pokojowe-mieszkanie-bialystok-centrum-ul-henryka-sienkiewicza.webp,Białystok Centrum,Henryka Sienkiewicza,1,2021.0,kamienica,,"Klimatyzowany Apartament w Ścisłym Centrum Białegostoku. Lokal wykończony materiałami z najwyższej jakości, w odrestaurowanej kamienicy z windą i garażem podziemnym. Klimatyzacja. Lokalizacja w centrum. Apartament: - 98,5 mkw. - obszerny salon z aneksem kuchennym - 2 pokoje/sypialnie, w tym jedna sypialnia z garderobą - łazienka z wanną i kabiną prysznicową - osobna toaleta - osobna garderoba - 1 piętro w Apartamentowcu z materiałów najwyższej jakości. Lokalizacja: - Centrum, ul. Sienkiewicza. - W pobliżu wszystkie udogodnienia: liczne restauracje, Centrum Handlowe, uczelnie wyższe i szkoły, deptak miejski. Stan nieruchomości: - Luksusowy, wykończony materiałami bardzo wysokiej jakości. - Nowocześnie zaprojektowane i urządzone. Ogłoszenie właściciela. Pośrednikom dziękuję. Dodatkowo do Apartamentu przynależą 2 stanowiska na platformach garażowych, znajdujące się w podziemiach obiektu.",,tak,aneks,,,Wyposażenie: klimatyzacja,53.136921,23.167008
Białystok Piaski,ul. Wesoła,3,50,690000,13800.0,bez pośredników,,7,https://adresowo.pl/o/mieszkanie-bialystok-piaski-ul-wesola-3-pokojowe-p4r5q7,https://s2.adresowa.pl/oi/3f/73/3dbe26_674d_cover@2x-3-pokojowe-mieszkanie-bialystok-piaski-ul-wesola.webp,Białystok Piaski,Wesoła,3,1964.0,blok,,"Dzień dobry, Sprzedam mieszkanie w świetnej lokalizacji ul. Wesoła w Białymstoku. Niedaleko park, Zwierzyniec, blisko sklepy, szkoła, apteka oraz politechnika. Mieszkanie po generalnym remoncie, nowe instalacje elektryczne oraz hydrauliczne. Zabudowy meblowe na wymiar, blaty w kuchni oraz łazience z kamienia. Mieszkanie z dużym potencjałem na wynajem (bez problemu było wynajmowane od 8 lat) lub dla siebie do życia. Nie wymaga wkładu finansowego. Blok 4-piętrowy, 1-klatkowy. Rok budowy 1964.",,,,,,,53.122632,23.152676
Białystok Antoniuk,ul. Władysława Broniewskiego,2,24,339000,14125.0,bez pośredników,,15,https://adresowo.pl/o/mieszkanie-bialystok-antoniuk-ul-wladyslawa-broniewskiego-2-pokojowe-t4v8j7,https://s2.adresowa.pl/oi/22/79/3dba10_bd32_cover@2x-2-pokojowe-mieszkanie-bialystok-antoniuk-ul-wladyslawa-broniewskiego.webp,Białystok Antoniuk,Władysława Broniewskiego,4,2025.0,blok,,"Przedstawiam Państwu 2 pokojowe, wykończone jak na zdjęciach mieszkanie po generalnym remoncie. Znajduje się na 4tym piętrze bloku na cichym i spokojnym osiedlu Antoniuk, przy ulicy Broniewskiego. Blok po termoizolacji. Ogrodzony, należący do wspólnoty z prywatnym parkingiem. Mieszkanie składa się z sypialni, salonu z aneksem kuchennym, korytarza oraz łazienki + WC. Aneks kuchenny wyposażony w lodówkę, piekarnik, płytkę indukcyjną, okap i zmywarkę. W salonie wydzielona przestrzeń na jadalnię oraz wypoczynek. Rozkładana sofa z funkcją spania. W korytarzu znajduje się duża szafa, która spełnia funkcję garderoby oraz szafy gospodarczej. Sypialnia do własnej aranżacji. Łazienka wykończona jak na zdjęciach, w nowoczesnym stylu z pralką. Podczas remontu wymienione zostały wszystkie instalacje (elektryczna, CO, wodno-kanalizacyjna). Nowe tynki, wylewki. Nowe grzejniki. Podwieszany sufit. Nowa stolarka. Zabudowy wykonane przez stolarza. Mieszkanie kompleksowo wykończone - gotowe do wprowadzenia. Nieruchomość świetnie zlokalizowana, w spokojnej i zielonej okolicy. Zapewnia doskonałą komunikację oraz bliskość kluczowych punktów usługowych. W promieniu 200 m znajdują się sklepy, piekarnia, apteka, przedszkole, siłownia, przystanek autobusowy, punkty gastronomiczne, przychodnia NFZ i wiele innych. W około bloku wiele miejsc parkingowych przeznaczonych wyłącznie dla członków wspólnoty. Przed blokiem nowoczesny plac zabaw oraz zielone zagospodarowanie terenu gwarantujące przyjemny wypoczynek poza mieszkaniem. Najważniejsze informacje: - powierzchnia 24,6m2 - pełne wyposażenie ! - blok po termoizolacji z cegły z prywatnym parkingiem dla mieszkańców - pełna własność, wspólnota mieszkaniowa - przynależna duża piwnica - piękna, spokojna okolica - wymienione wszystkie instalacje, tynki, podłogi, sufity i stolarka W razie pytań zapraszam do kontaktu. Biura nieruchomości zapraszam z klientem.",tak,,aneks,plastikowe,własność,"Wyposażenie: lodówkę, piekarnik, zmywarkę",53.139833,23.130284
Białystok Białostoczek,ul. Władysława Bełzy,2,41,460000,11220.0,Pośrednik,,12,https://adresowo.pl/o/mieszkanie-bialystok-bialostoczek-ul-wladyslawa-belzy-2-pokojowe-t7u2z6,https://s2.adresowa.pl/oi/18/20/3a45a6_2c44_cover@2x-2-pokojowe-mieszkanie-bialystok-bialostoczek-ul-wladyslawa-belzy.webp,Białystok Białostoczek,Władysława Bełzy,4,2024.0,apartamentowiec,,"OKAZJA - 2 POKOJE STAN DEWELOPERSKI BIAŁOSTOCZEK! APARTAMENTY TYSIĄCLECIA! UWAGA! POSIADAMY 2 MIESZKANIA NA IV i V PIĘTRZE! Polecamy do sprzedaży 2 pokojowe 41m mieszkanie w poszukiwanej lokalizacji osiedle Białostoczek -Tysiąclecia ul. Bełzy. Doskonała lokalizacja osiedla pozwala swobodny i szybki dostęp do Centrum miasta. Osiedle z pełną infrastrukturą. Lokalizacja mieszkania pozwala ją uznać za jedną z najbardziej atrakcyjnych i prestiżowych dzielnic miasta. Miejsce doskonale skomunikowane z pozostałą częścią miasta. Bardzo dobre połączenie komunikacyjne: blisko węzeł komunikacyjny, przystanek MPK, przedszkola, szkoła podstawowa, przychodnia lekarska, apteka, Poczta, liczne sklepy spożywcze, kościół, Biedronka, siłownia, palcówki banków oraz Galeria Piotr i Paweł. Blisko lasów i terenów zielonych czy wyjazdu w kierunku Jurowiec i Augustowa. Apartamentowiec o podwyższonym standardzie, podwyższone sufity 2,75m, duże panoramiczne okna. Mieszkanie 4 1 m w nowoczesnym apartamentowcu z windą składa się z pokoju z aneksem kuchennym 17,42m, sypialni 10,87m, łazienki z WC 3,73m i 4,78m hallu. Szybki dojazd do posesji zapewniają 2 szybkobieżne i ciche windy. Blok zarządzany przez wspólnotę mieszkaniową. Niski czynsz ok 400zł. Mieszkanie do odbioru w stanie deweloperskim natychmiast! MIESZKANIE POSIADA ZAŁOŻONĄ KSIĘGĘ WIECZYSTĄ. Istnieje możliwość doprowadzenia mieszkani a do stanu „pod klucz”! ZAKUP MIEJSCA POSTOJOWEGO BEZPOŚREDNIO OD DEWELOPERA. Nasze biuro zapewnia pomoc przy kompletowaniu dokumentów niezbędnych do przeniesienia praw własności oraz bezpłatnej pomocy w uzyskaniu najlepszego kredytu na zakup tej oraz innych nieruchomości. Informacje użyte do sporządzenia powyższej oferty zostały uzyskane na podstawie oświadczeń właścicieli nieruchomości i nie są ofertą w rozumieniu przepisów prawa. Mają one jedynie charakter informacyjny. Zdjęcia użyte do oferty przedstawiają wizualizację i poprzednią realizację inwestora! Zapraszamy na prezentację!",,tak,aneks,plastikowe,własność,,53.152388,23.158491
Białystok Centrum,ul. Ciepła,3,44,665000,15114.0,Pośrednik,,18,https://adresowo.pl/o/mieszkanie-bialystok-centrum-ul-ciepla-3-pokojowe-i9w1u5,https://s2.adresowa.pl/oi/35/51/3a4592_bab9_cover@2x-3-pokojowe-mieszkanie-bialystok-centrum-ul-ciepla.webp,Białystok Centrum,Ciepła,7,2024.0,apartamentowiec,,"Oferta bez podatku PCC 2%! Ciepła Apartamenty to prestiżowa inwestycja na mapie Białegostoku wyróżniająca ją od swoich konkurentów . Budynek charakteryzuje się ponadczasowej architekturze i wyszukanym designie. Duże panoramiczne okna, wysoka jakość materiałów budowlanych oraz wysokość pomieszczeń 2,75m wskazuje na apartamencki styl nieruchomości. CIEPŁA 38 APARTAMENTY to nie tylko nowoczesny i funkcjonalny obiekt z pięknymi, komfortowymi mieszkaniami, ale także pierwsza w mieście, troszcząca się o środowisko inwestycja z naturalnym zielonym dachem, wyposażona w ekologiczne instalacje fotowoltaiczne na dachu budynku. Zielony dach apartamentowca to ekologiczny i praktyczny sposób na dodanie miejskiemu krajobrazowi naturalnego uroku. Stanowić będzie naturalną oczyszczalnię powietrza z pyłów, kurzu i spalin, fabryka tlenu pochłaniająca dwutlenek węgla. Na dachu zainstalowano panele fotowoltaiczne, które są źródłem czystej odnawialnej energii ze słońca. Wychodząc naprzeciw coraz większej świadomości dbania o otaczające nas środowisko wyposażyliśmy garaże w stacje ładujące samochody elektryczne. W budynku jest 7 kondygnacji naziemnych oraz 2 kondygnacje podziemnego garażu. Na sprzedaż oferujemy nowe 3-pokojowe mieszkania o powierzchni 44,5m² znajdujące się na 7 piętrze z 7. Super lokalizacja 1km do ścisłego Centrum. Doskonała infrastruktura dzielnicy z wieloma liniami komunikacji miejskiej. W pobliżu znajdują się sklepy galerie handlowe, tereny rekreacyjne, drogi dla rowerów. Mieszkanie środkowe, słoneczne i ciepłe. Składa się z salonu z aneksem kuchennym 16m z wyjściem na 6m duży balkon, ustawnych 2 sypialni, przedpokoju oraz łazienki z WC(4m). Mieszkanie wykończone jest w wysokim standardzie. Nowoczesna zabudowa kuchenna w połysku wyposażona w markowy sprzęt AGD (płyta indukcyjna, piekarnik, zmywarka, lodówka, pralka, okap - wszystko na gwarancji).Łazienka wyposażona w dużą kabinę prysznicową 80×100 z brodzikiem slim, (wanna do wyboru) WC w zabudowie, szafka z umywalką na wymiar. W korytarzu i kuchni płytki wielkoformatowe w połysku. Balkon wyłożony gresem. Ściany pomalowane farbą silikonową zmywalną Beckers. Mieszkanie przygotowane do natychmiastowego zamieszkania bez dodatkowych kosztów natychmiast! Do mieszkania można dokupić miejsce postojowe w garażu podziemnym - płatne dodatkowo 45000zl. Drzwi wejściowe antywłamaniowe Gerda. Wejście do bloku zabezpieczone wideo domofonem. Mieszkanie oraz blok dostosowane do osób niepełnosprawnych! Mieszkanie w pełni energooszczędne - w całym mieszkaniu zastosowane oświetlenie LED. Pełna własność z KW, czynsz ok. 370zł. Nasze biuro zapewnia państwu pomoc w kompletowaniu dokumentacji a nasi doradcy finansowi udzielą bezpłatnej pomocy w uzyskaniu najlepszego kredytu na zakup tej oraz innych nieruchomości. Informacje do przygotowania powyższej oferty zostały uzyskane na podstawie oświadczeń właścicieli nieruchomości i nie są ofertą w rozumieniu przepisów prawa. Mają one jedynie charakter informacyjny. Zapraszamy na prezentację.",,tak,aneks,plastikowe,własność,"Wyposażenie: lodówka, piekarnik, pralka, zmywarka",53.139698,23.164802
Białystok,ul. Jurowiecka,2,24,379900,15829.0,bez pośredników,,4,https://adresowo.pl/o/mieszkanie-bialystok-ul-jurowiecka-2-pokojowe-f7k3p1,https://s2.adresowa.pl/oi/1e/47/3db9f0_c5e9_cover@2x-2-pokojowe-mieszkanie-bialystok-ul-jurowiecka.webp,Białystok ,Jurowiecka,2,1950.0,kamienica,,"Sprzedaję BEZPOŚREDNIO. Mieszkanie przy ulicy Jurowieckiej 34 składa się z przedpokoju, osobnej sypialni, przestronnego salonu z aneksem kuchennym, łazienki z prysznicem i dwóch balkonów. W mieszkaniu przeprowadzono generalny remont, w ramach którego została wymieniona cała instalacja elektryczna, wodno-kanalizacyjna oraz stolarka okienna. Atuty: - Mieszkanie umeblowane z pełnym AGD (lodówka w zabudowie, indukcja, piekarnik, zmywarka w zabudowie, pralka). - Nowe drzwi wejściowe. - Piwnica. - Parking darmowy dla mieszkańców. - Blok po termomodernizacji. - Okna plastikowe. - Wysoka jakość wykończenia. - Nieruchomość jest wolna od wad prawnych czy zadłużeń. - Pod adresem nieruchomości nikt nie jest zameldowany. Mieszkanie dostępne od 01.05.2026. Zapraszam do kontaktu.",tak,,aneks,,własność,"Wyposażenie: lodówka, piekarnik, pralka, zmywarka",53.138521,23.161088
Białystok,Zawady,3,51,735000,14412.0,bez pośredników,,14,https://adresowo.pl/o/mieszkanie-bialystok-zawady-3-pokojowe-51-m2-k4r6d2,https://s2.adresowa.pl/oi/6c/1a/3db9b4_dd14_cover@2x-3-pokojowe-mieszkanie-bialystok-zawady.webp,Białystok Zawady,,2,2025.0,blok,,"Mieszkanie nowe — nigdy niezamieszkałe. Umeblowane, gotowe do wprowadzenia. Kameralne osiedle Twoja Harmonia (Rogowski Development) — segment niskich, trzypiętrowych budynków w zielonej części miasta. Doskonały dojazd — kilka minut do zjazdu z obwodnicy. Jasne, przestronne wnętrze z ponadczasowym charakterem. Białe sztukaterie zdobią ściany i sufit, nadając całości klasycznej elegancji. Podłogi wyłożone panelami w jodełkę. Kuchnia w odcieniu cappuccino z ciemnym drewnem — elegancka i spójna z resztą wnętrza. Łazienka z kabiną walk-in, podświetlanym lustrem i wiszącym WC. Wieczorem mieszkanie nabiera wyjątkowego klimatu — oświetlenie LED o ciepłej barwie ukryte za panelem przy telewizorze oraz za sztukateriami przysufitowymi przy zasłonach tworzy ciepłą, nastrojową atmosferę w każdym pokoju. Komórka lokatorska (3,1 m²) wliczona w cenę. Miejsce postojowe (poziom -1) dodatkowo płatne — 35 000 zł. Transakcja jednym aktem notarialnym. Sprzedaż bezpośrednia. Agentom nieruchomości dziękujemy.",tak,tak,,,,Wyposażenie: telewizor,53.132489,23.16884
Białystok Centrum,pl. Rynek Kościuszki,2,35,559000,15971.0,bez pośredników,,8,https://adresowo.pl/o/mieszkanie-bialystok-centrum-pl-rynek-kosciuszki-2-pokojowe-v9l2r4,https://s2.adresowa.pl/oi/18/24/3db72e_2d6d_cover@2x-2-pokojowe-mieszkanie-bialystok-centrum-pl-rynek-kosciuszki.webp,Białystok Centrum,pl. Rynek Kościuszki,parter,,blok,,"Na sprzedaż atrakcyjny lokal 45,54 m² – idealny pod inwestycję lub działalność! Oferuję funkcjonalny lokal o łącznej powierzchni 45,54 m² (35,60 m² części mieszkalnej + 9,94 m² dodatkowego pomieszczenia zaadaptowanego), położony na parterze – co daje ogromne możliwości aranżacyjne i biznesowe. Najważniejsze atuty: Parter z potencjałem na osobne wejście od Alei Bluesa – świetna opcja pod działalność handlową lub usługową. Możliwość adaptacji pod biuro, usługi lub komfortowe mieszkanie. Lokal po generalnym remoncie – gotowy do użytkowania bez dodatkowych nakładów. Nowoczesne okna trzyszybowe zapewniające doskonałą izolację akustyczną. Solidna izolacja termiczna budynku (ściany o grubości ok. 50–60 cm) Budynek składa się z parteru oraz dwóch pięter, a dodatkowym atutem jest piwnica z dostępem do schronu dla mieszkańców. Lokalizacja, która sprzedaje: Nieruchomość znajduje się w świetnie skomunikowanej części miasta. W najbliższej okolicy znajdziesz liczne punkty gastronomiczne i handlowe, a także szkoły, przedszkola oraz uczelnie wyższe. Bliskość terenów zielonych i parków sprzyja codziennemu wypoczynkowi. Doskonała komunikacja miejska zapewnia szybki dojazd w każdą część miasta. Zainwestuj w miejsce z potencjałem! Kontakt wyłącznie telefoniczny Zapraszam do kontaktu i umówienia się na prezentację – ten lokal warto zobaczyć na żywo! For Sale: Attractive 45.54 m² Unit – Perfect for Investment or Business Use! I am offering a functional property with a total area of 45.54 m² (35.60 m² of living space + 9.94 m² of an additional adapted room), located on the ground floor – providing excellent flexibility for various uses. Key advantages: - Ground-floor unit with the potential to create a separate entrance from Aleja Bluesa – ideal for retail or service-oriented business - Suitable for office use, services, or comfortable residential living - Fully renovated – ready for immediate use with no additional investment required - Modern triple-glazed windows ensuring excellent insulation - Solid building construction (walls approx. 50–60 cm thick) The building consists of a ground floor and two upper floors. An additional benefit is the basement with access to a shelter for residents. Location that sells: The property is situated in a well-connected area with easy access to numerous restaurants, shops, schools, kindergartens, and universities. Nearby parks and green areas provide great opportunities for relaxation. Public transport offers convenient access to all parts of the city. Invest in a property with real potential! Phone contact only Feel free to call to arrange a viewing – this property is worth seeing in person!",tak,,,,,,53.132255,23.160644
Białystok Wygoda,ul. 42 Pułku Piechoty,2,41,529000,12902.0,bez pośredników,,8,https://adresowo.pl/o/mieszkanie-bialystok-wygoda-ul-42-pulku-piechoty-2-pokojowe-u2o3j3,https://s2.adresowa.pl/oi/36/2c/3db698_f69f_cover@2x-2-pokojowe-mieszkanie-bialystok-wygoda-ul-42-pulku-piechoty.webp,Białystok Wygoda,42 Pułku Piechoty,1,2016.0,blok,,"Posiadamy na sprzedaż nowoczesne, 2 pokojowe mieszkanie o wysokim standardzie wykończenia. Położone na 1. piętrze w trzypiętrowym bloku z 2016 roku, na osiedlu Wygoda, przy ul. 42 Pułku Piechoty. Mieszkanie o powierzchni użytkowej 41,44 m2 składa się z: - Dużego salonu z aneksem kuchennym: jasna i przestronna przestrzeń, kuchnia w pełni wyposażona w wysokiej klasy sprzęt AGD, zabudowa kuchenna wykonana przez stolarza. - Ustawna sypialnia. - Korytarz z zabudowaną szafą. - Łazienka wyposażona w umywalkę, wannę, WC oraz pralko-suszarkę. - Duży balkon. Do mieszkania przynależy piwnica o powierzchni użytkowej 2,22 m2, wyposażona w regały. W pobliżu znajdują się liczne punkty usługowe: apteka, przychodnia rodzinna, poczta, sklepy, szkoła, przedszkola, fryzjer, kosmetyczka, restauracja, place zabaw, ścieżki rowerowe. Komunikacja miejska tuż przy bloku. Spokojne otoczenie idealne dla rodzin i osób ceniących ciszę, spokój w otoczeniu lasów i zieleni, a jednocześnie z szybkim dojazdem do centrum miasta. Przytulne mieszkanie o wysokim standardzie wykończenia, umeblowane, gotowe do wprowadzenia. Wiele miejsc parkingowych wokół budynku, monitoring bloku i parkingu. Zapraszamy do kontaktu i obejrzenia mieszkania na miejscu. Sprzedaż bezpośrednio od właściciela, pośrednikom dziękujemy.",tak,,aneks,,,Wyposażenie: suszarkę,53.142769,23.21172
Białystok,ul. Elizy Orzeszkowej 17,3,62,745000,12016.0,Pośrednik,,21,https://adresowo.pl/o/mieszkanie-bialystok-ul-elizy-orzeszkowej-3-pokojowe-k1k7q0,https://s2.adresowa.pl/oi/13/74/3a4580_9cc1_cover@2x-3-pokojowe-mieszkanie-bialystok-ul-elizy-orzeszkowej.webp,Białystok ,Elizy Orzeszkowej 17,7,2012.0,apartamentowiec,,"Apartamenty Branickiego czekają i zapraszają. Zapraszamy na prezentację nieruchomości zlokalizowanej w poszukiwanej lokalizacji blisko Centrum ul. Orzeszkowej 17. Inwestycja powstała w 2012r stając się z miejsca rozpoznawalnym obiektem na mapie miasta Białegostoku. Apartamentowiec o podwyższonym standardzie, z monitoringiem, recepcją i własną ochroną. Komfortowo urządzone i wyposażone mieszkanie o powierzchni 62,11m zlokalizowane jest na 7 piętrze. Dojazd do mieszkania zapewniają dwie szybkobieżne windy. Z dużego balkonu rozpościera się piękny widok na panoramę miasta. Optymalnie zaprojektowane i zagospodarowane mieszkanie obejmuje: - salon z aneksem kuchennym z wyjściem na duży słoneczny balkon od strony południowo zachodniej; - dwie oddzielne sypialnie; - łazienka z prysznicem oraz WC; - przedpokój z zabudową. Wnętrza zaprojektowane pod nadzorem architekta, stan mieszkania kwalifikuje je do zamieszkania lub lekkiego odświeżenia. Oferta skierowana jest do par, rodzin jak również do inwestorów z powodu doskonałej lokalizacji pod wynajem. W budynku Biedronka, w najbliższej odległości pełna infrastruktura, bliskość Uniwersytetu w Białymstoku oraz Uniwersytetu Medycznego. Do mieszkania przynależy miejsce postojowe w garażu podziemnych dodatkowo płatne 50 000zł. Przyjdź na prezentację i zaproponuj cenę ! Nasze biuro zapewnia pomoc przy kompletowaniu dokumentów niezbędnych do przeniesienia praw własności oraz bezpłatnej pomocy w uzyskaniu najlepszego kredytu na zakup tej oraz innych nieruchomości. Informacje użyte do sporządzenia powyższej oferty zostały uzyskane na podstawie oświadczeń właścicieli nieruchomości i nie są ofertą w rozumieniu przepisów prawa. Mają one jedynie charakter informacyjny. Zapraszamy na prezentację!",,tak,aneks,plastikowe,własność,,53.12765,23.17715
Białystok Piasta,ul. Piastowska,3,48,479000,9979.0,bez pośredników,,11,https://adresowo.pl/o/mieszkanie-bialystok-piasta-ul-piastowska-3-pokojowe-s9s5k2,https://s2.adresowa.pl/oi/7a/28/3db49c_bcf2_cover@2x-3-pokojowe-mieszkanie-bialystok-piasta-ul-piastowska.webp,Białystok Piasta,Piastowska,4,1980.0,blok,,"Sprzedaż bez pośredników. Na sprzedaż słoneczne mieszkanie o powierzchni 48 m², położone w 4-piętrowym, ocieplonym budynku z lat 80. na osiedlu Piasta. Lokal składa się z dwóch sypialni, salonu, oddzielonej kuchni, przedpokoju oraz łazienki z toaletą. Rozkład pomieszczeń jest bardzo atrakcyjny. Mieszkanie jest jasne i dwustronne, co zapewnia dobre doświetlenie przez cały dzień. Nieruchomość znajduje się na 4. piętrze. Z balkonu rozpościera się przyjemny widok na teren zielony, co zapewnia ciszę i komfort codziennego wypoczynku. Dodatkowym atutem jest duży parking pod blokiem. Do mieszkania przynależy piwnica oraz ogólnodostępna rowerownia. Lokal dostępny od 10 lipca. Wyposażenie do uzgodnienia. Dla zdecydowanych kupujących cena do negocjacji. Zapraszam do kontaktu! :)",tak,,osobna,plastikowe,spółdzielcze własnościowe,,53.13036,23.18718
Białystok Dojlidy,ul. Żubrów,3,45,549000,12200.0,bez pośredników,,2,https://adresowo.pl/o/mieszkanie-bialystok-dojlidy-ul-zubrow-3-pokojowe-h1m2v2,https://s2.adresowa.pl/oi/55/73/3daf1c_ff6a_cover@2x-3-pokojowe-mieszkanie-bialystok-dojlidy-ul-zubrow.webp,Białystok Dojlidy,Żubrów,2,2000.0,blok,,"Na sprzedaż: 3-pokojowe mieszkanie – Białystok, Dojlidy, 2. piętro Na sprzedaż funkcjonalne i dobrze rozplanowane mieszkanie o powierzchni 45,49 m², położone na 2. piętrze w spokojnej części osiedla Dojlidy w Białymstoku. 🏡 Układ pomieszczeń: Salon z aneksem kuchennym – 15,96 m² Pokój – 12,01 m² Pokój – 6,74 m² Korytarz – 6,74 m² Łazienka – 4,04 m² Mieszkanie ma bardzo praktyczny rozkład – wyraźnie wydzielona strefa dzienna i prywatna, co sprawia, że świetnie nadaje się zarówno dla pary, rodziny, jak i pod inwestycję (np. wynajem). ✨ Atuty nieruchomości: piętro – wygodne i poszukiwane jasne pomieszczenia i ustawne pokoje salon z aneksem – możliwość własnej aranżacji spokojna, zielona okolica funkcjonalny układ bez straty powierzchni 📍 Lokalizacja: Osiedle Dojlidy to cicha i dobrze skomunikowana część Białegostoku. W pobliżu znajdują się: sklepy i punkty usługowe szkoły i przedszkola tereny zielone i rekreacyjne dogodny dojazd do centrum 💰 Idealna propozycja dla osób szukających kompaktowego mieszkania w dobrej lokalizacji lub inwestorów. 📞 Zainteresowanych zapraszam do kontaktu i umówienia się na prezentację!",,tak,aneks,plastikowe,własność,,53.115748,23.193794
Białystok Centrum,ul. Adama Mickiewicza,3,61,769000,12607.0,bez pośredników,,8,https://adresowo.pl/o/mieszkanie-bialystok-centrum-ul-adama-mickiewicza-3-pokojowe-q5v3n3,https://s2.adresowa.pl/oi/41/35/3dae7a_e217_cover@2x-3-pokojowe-mieszkanie-bialystok-centrum-ul-adama-mickiewicza.webp,Białystok Centrum,Adama Mickiewicza,3,2020.0,blok,,"Na sprzedaż: komfortowe mieszkanie po generalnym remoncie - centrum miasta. Oferuję na sprzedaż wyjątkowe, przestronne i jasne mieszkanie o wysokim standardzie, zlokalizowane w ścisłym centrum, a jednocześnie przy cichej, jednokierunkowej ulicy. Lokalizacja: Mieszkanie znajduje się w doskonałym punkcie - w pobliżu parku Planty, Zwierzyńca, Galerii Białej oraz Galerii Alfa. W najbliższym otoczeniu znajdują się sklepy, uczelnie, szkoła podstawowa, przedszkole, liceum, żłobek, poczta, apteka oraz przystanki komunikacji miejskiej. To idealne miejsce zarówno do życia, jak i jako inwestycja. Budynek i otoczenie: Nieruchomość położona jest na zamkniętym, zadbanym i zielonym osiedlu z podwójnym domofonem. Do dyspozycji mieszkańców jest parking oraz miejsce do przechowywania rowerów. Standard wykończenia: Mieszkanie po generalnym remoncie - wymienione okna, zamontowane rolety dzień-noc oraz moskitiery. W całym mieszkaniu drzwi wewnętrzne firmy Porta oraz antywłamaniowe drzwi wejściowe. Wysoki standard wykończenia, liczne zabudowy stolarskie na wymiar. Rozkład pomieszczeń: Salon z aneksem kuchennym - przestronny, z wyjściem na balkon, wyposażony w sofę, dwa fotele, pufę, stolik kawowy, szafkę RTV oraz telewizor. Kuchnia z zabudową na zamówienie (LED), wyposażona w sprzęt AGD: lodówkę, zmywarkę, płytę gazową oraz mikrofalówkę. Dodatkowo stół jadalniany. Sypialnia 1 - łóżko sypialniane, dwie szafki nocne oraz duża szafa wykonana na zamówienie. Sypialnia 2 - komoda z półkami (możliwość aranżacji np. jako pokój dziecięcy lub gabinet). Łazienka - prysznic, umywalka z szafką i lustrem, zabudowa stolarska, pralka. WC - toaleta, umywalka z dużym lustrem optycznie powiększającym przestrzeń oraz szafka na zamówienie. Korytarz - duża szafa do przechowywania oraz podwieszana szafka, funkcjonalnie zaprojektowana przestrzeń. Dodatkowe informacje: Do mieszkania przynależy balkon oraz piwnica. Ekspozycja: salon i kuchnia - południowo-wschodnia sypialnie - północno-zachodnia Mieszkanie jest bardzo jasne, ustawne i gotowe do zamieszkania bez dodatkowych nakładów finansowych. Kontakt: Zapraszam do kontaktu bez pośredników",tak,,aneks,,,"Wyposażenie: lodówkę, pralka, telewizor, tv, zmywarkę",53.108488,23.182694
Białystok,Nowe Miasto,2,45,565000,12556.0,bez pośredników,,8,https://adresowo.pl/o/mieszkanie-bialystok-nowe-miasto-2-pokojowe-45-m2-z4p5o0,https://s2.adresowa.pl/oi/3d/43/3dae2c_2862_cover@2x-2-pokojowe-mieszkanie-bialystok-nowe-miasto.webp,Białystok Nowe Miasto,,4,2009.0,blok,,"Cisza, Styl i Komfort - Nowoczesne 45 m2 na Nowym Mieście Szukasz miejsca, w którym po pracy naprawdę odetniesz się od zgiełku? To wyjątkowe, dwupokojowe mieszkanie na 4. piętrze w kameralnym bloku z cegły będzie idealne dla singla, pary lub jako pewna inwestycja pod wynajem. Najważniejsze atuty: Cisza i spokój - doskonałe wygłuszenie budynku (solidna cegła) i spokojna, zielona okolica. Nowoczesny standard - kuchnia wykonana na wymiar, elegancka łazienka i nastrojowe oświetlenie LED. Klimatyczne wnętrze - jasne pomieszczenia dzięki oknom dachowym i stylowym skosom. Pojemna garderoba - oddzielne pomieszczenie, dzięki któremu utrzymasz idealny porządek. Balkon - Twoje miejsce na poranną kawę i chwilę oddechu. Rozkład pomieszczeń: Salon: Przestronny i ustawny, z bezpośrednim wyjściem na balkon. Sypialnia: Przytulna, z dekoracyjną fototapetą tworzącą wyjątkowy klimat. Kuchnia: Nowoczesna zabudowa wraz z pełnym wyposażeniem AGD. Łazienka: Wyposażona w prysznic, pralkę oraz dużo miejsca do przechowywania. Garderoba: Duża i funkcjonalnie zaprojektowana. Piwnica oraz wewnętrzny parking z bramami na pilot. Fotowoltaika, niski czynsz. Lokalizacja i budynek: Mieszkanie mieści się w solidnym bloku z cegły na Nowym Mieście. To lokalizacja, która łączy zalety miasta z bliskością natury. Dobra izolacja termiczna (ciepło zimą, chłodno latem). Pełna infrastruktura: sklepy, usługi, tereny spacerowe. Dodatkowe informacje: Powierzchnia: 45 m2 (liczone po podłodze). Piętro: 4 (ostatnie - brak sąsiadów nad głową). Stan: Gotowe do wprowadzenia się od zaraz. To nie jest zwykłe ogłoszenie - sprzedaję idealne miejsce do życia! Zapraszam na prezentację. Zadzwoń i umów się na oglądanie.",tak,,,,,Wyposażenie: pralkę,53.132489,23.16884
Białystok Nowe Miasto,ul. Zachodnia,4,75,677000,9027.0,bez pośredników,,4,https://adresowo.pl/o/mieszkanie-bialystok-nowe-miasto-ul-zachodnia-4-pokojowe-n1h6f2,https://s2.adresowa.pl/oi/2e/4f/3da6c2_3f1f_cover@2x-4-pokojowe-mieszkanie-bialystok-nowe-miasto-ul-zachodnia.webp,Białystok Nowe Miasto,Zachodnia,2,1992.0,blok,,"Wyjątkowo usytuowane - tylko dwóch sąsiadów na klatce. Niska zabudowa - blok 2-piętrowy. Dobra lokalizacja: przedszkole (50m), szkoły podstawowe nr 50 i nr 14 (mniej niż 600m), Politechnika (2 km), Lidl i Biedronka (300m), apteka (200m). Poza tym ogłoszeniem, będzie możliwość oddzielnego zakupu garażu z komórką lokatorską. Bezpośrednio - pośredników handlu nieruchomościami proszę o pominięcie tego ogłoszenia.",tak,tak,,plastikowe,własność,,53.112499,23.134874
Białystok Wysoki Stoczek,al. Konstytucji 3 Maja,3,53,520000,9811.0,bez pośredników,,8,https://adresowo.pl/o/mieszkanie-bialystok-wysoki-stoczek-al-konstytucji-3-maja-3-pokojowe-a4z5c4,https://s2.adresowa.pl/oi/6f/6a/3da4b8_d8a2_cover@2x-3-pokojowe-mieszkanie-bialystok-wysoki-stoczek-al-konstytucji-3-maja.webp,Białystok Wysoki Stoczek,Konstytucji 3 Maja,3,1996.0,blok,,"Na sprzedaż - mieszkanie 53,5 m², 3 piętro, blok z cegły | Białystok, Wysoki Stoczek | 530 000 zł do negocjacji. Na sprzedaż przytulne i funkcjonalne mieszkanie o powierzchni 53,5 m², położone na spokojnym i dobrze skomunikowanym osiedlu Wysoki Stoczek w Białymstoku. Mieszkanie składa się z: - 3 ustawnych pokoi, - kuchni, - łazienki, - balkonu (zabudowanego), - piwnicy. Lokal jest ciepły, przestronny i gotowy do zamieszkania - idealny dla rodziny, pary lub jako inwestycja. Wyposażenie: - klimatyzacja, - kuchnia w zabudowie + lodówka, piekarnik, kuchenka, zmywarka, - sypialnia w zabudowie + łóżko, - korytarz w zabudowie, - zabudowany balkon, - kamera monitoringu. Budynek z cegły, ocieplony kilka lat temu. Spokojna okolica, bardzo mili i życzliwi sąsiedzi. W pobliżu znajdują się szkoły, sklepy, poczta, przychodnia, place zabaw oraz niezbędne punkty usługowe. Cena: Mieszkanie - 520 000 zł Zapraszam do kontaktu i obejrzenia mieszkania! Agentom nieruchomości podziękujemy.",tak,,osobna,plastikowe,spółdzielcze własnościowe,"Wyposażenie: klimatyzacja, kuchenka, lodówka, piekarnik, zmywarka",53.145125,23.114057
Białystok Skorupy,ul. Dojnowska,2,47,570000,12128.0,bez pośredników,,14,https://adresowo.pl/o/mieszkanie-bialystok-skorupy-ul-dojnowska-2-pokojowe-a4z0a2,https://s2.adresowa.pl/oi/77/5d/3d9e00_9e0f_cover@2x-2-pokojowe-mieszkanie-bialystok-skorupy-ul-dojnowska.webp,Białystok Skorupy,Dojnowska,parter,2000.0,blok,,Witam sprzedam mieszkanie zainteresowanych proszę o kontakt telefoniczny [numer],tak,tak,aneks,plastikowe,własność,,53.115407,23.209721
Białystok Leśna Dolina,ul. Szarych Szeregów,2,55,430000,7818.0,bez pośredników,,9,https://adresowo.pl/o/mieszkanie-bialystok-lesna-dolina-ul-szarych-szeregow-2-pokojowe-s9n3m7,https://s2.adresowa.pl/oi/15/75/3da1c4_8bdb_cover@2x-2-pokojowe-mieszkanie-bialystok-lesna-dolina-ul-szarych-szeregow.webp,Białystok Leśna Dolina,Szarych Szeregów,4,1992.0,blok,,"Sprzedam mieszkanie 2 pokoje, sypialnia i salon.Kuchnia oddzielna,obszerna piwnica i duży balkon.Lokalizacja bardzo dogodna.W pobliżu znajdują się sklepy spożywcze,szkoła, kościół,apteka,poczta,przedszkole.Linie autobusowe-[numer].Blok położony jest w bardzo spokojnej okolicy, dużo zieleni.Budowany w 1992r-ocieplony z cegły.Mieszkanie do odświeżenia, łazienka do remontu.",tak,,osobna,plastikowe,spółdzielcze własnościowe,,53.129789,23.08863
Białystok Centrum,al. Józefa Piłsudskiego,2,40,429900,10748.0,bez pośredników,,14,https://adresowo.pl/o/mieszkanie-bialystok-centrum-al-jozefa-pilsudskiego-2-pokojowe-k7k6k5,https://s2.adresowa.pl/oi/38/28/3d3706_76b4_cover@2x-2-pokojowe-mieszkanie-bialystok-centrum-al-jozefa-pilsudskiego.webp,Białystok Centrum,Józefa Piłsudskiego,3,1960.0,blok,,"gruntownie wyremontowane 40, 5 m² (dwa pokoje) III piętro ścisłe centrum Lokal idealny zarówno do zamieszkania, jak i jako inwestycja pod wynajem –centrum miasta, a jednocześnie cisza i spokój -okna wychodzą na wewnętrzną stronę bloku -okna od strony południowej – mieszkanie bardzo jasne i słoneczne -po generalnym remoncie – w mieszkaniu nikt jeszcze nie mieszkał -wymienione okna, parapety, wszystkie drzwi i grzejniki -nowe instalacje (hydraulika, elektryka) -wszystkie sprzęty AGD nowe -oryginalny drewniany parkiet z lat 70tych -mieszkanie gotowe do wprowadzenia się bez żadnych nakładów finansowych Dodatkowo w cenie: -piwnica -wózkownia -schron znajdujący się w budynku -niski czynsz",tak,,aneks,plastikowe,spółdzielcze własnościowe,,53.13591,23.154764
Białystok Leśna Dolina,ul. Armii Krajowej,3,55,495000,9000.0,bez pośredników,,8,https://adresowo.pl/o/mieszkanie-bialystok-lesna-dolina-ul-armii-krajowej-3-pokojowe-z4u3a5,https://s2.adresowa.pl/oi/60/2c/3d9e64_8b9b_cover@2x-3-pokojowe-mieszkanie-bialystok-lesna-dolina-ul-armii-krajowej.webp,Białystok Leśna Dolina,Armii Krajowej,3,1993.0,blok,,"Sprzedam 3-pokojowe mieszkanie przy ul. Armii Krajowej. Mieszkanie posiada oddzielną kuchnię, zabudowany balkon oraz jest wyposażone w sprzęt AGD. Blok jest z cegły, wybudowany w 1993 roku. W okolicy znajduje się siłownia, centrum handlowe Carrefour, szkoła, przedszkole oraz wiele sklepów osiedlowych i aptek. W pobliżu znajdują się również przystanki komunikacji miejskiej, zapewniające szybki i wygodny dojazd do centrum miasta. Okolica jest spokojna, dobrze zagospodarowana i otoczona terenami zielonymi.",,,osobna,,,,53.130822,23.092994
Białystok Antoniuk,ul. Antoniukowska,3,49,640000,13061.0,bez pośredników,,8,https://adresowo.pl/o/mieszkanie-bialystok-antoniuk-ul-antoniukowska-3-pokojowe-r9z9o5,https://s2.adresowa.pl/oi/77/3b/3d999c_2c41_cover@2x-3-pokojowe-mieszkanie-bialystok-antoniuk-ul-antoniukowska.webp,Białystok Antoniuk,Antoniukowska,6,2012.0,blok,,"Sprzedam mieszkanie w bardzo dobrej lokalizacji przy ul. Antoniukowskiej o powierzchni 49,94 m2 wraz z przynależną piwnicą o powierzchni 3,04 m2. Rok oddania do użytkowania budynku: 2012. Mieszkanie składa się z: - Salonu - Kuchni - Sypialni - Przedpokoju - Garderoby/pomieszczenia gospodarczego (dużego) - Łazienki Mieszkanie zlokalizowane jest na szóstym piętrze i wszystkie jego okna skierowane są w stronę południowo-zachodnią, co sprzyja całorocznemu nasłonecznieniu. Mieszkanie środkowe wewnątrz budynku - jest bardzo jasne i ciepłe. Ogromną zaletą jest duży balkon i przestrzeń. Mieszkanie wykończone, stan jak na zdjęciach. Osiedle zamknięte (domofony) i monitorowane. Zarząd: właścicielski Wspólnoty Mieszkaniowej. Na patio znajduje się plac zabaw, zieleń, mała architektura. Budynek posadowiony na gruncie z prawem własności. W najbliższym sąsiedztwie Galeria Antoniuk, Kaufland, Aldi, przystanki autobusowe, szkoły, przedszkola. Bardzo dobra komunikacja publiczna. Tuż obok park i tereny sportowo-rekreacyjne. Zainteresowane osoby proszę o kontakt telefoniczny.",tak,,,,,,53.142851,23.134479
Białystok Wygoda,ul. Ludwika Mierosławskiego,2,42,450000,10714.0,bez pośredników,,14,https://adresowo.pl/o/mieszkanie-bialystok-wygoda-ul-ludwika-mieroslawskiego-2-pokojowe-d4i3p0,https://s2.adresowa.pl/oi/4d/54/3d955a_61c5_cover@2x-2-pokojowe-mieszkanie-bialystok-wygoda-ul-ludwika-mieroslawskiego.webp,Białystok Wygoda,Ludwika Mierosławskiego,1,1998.0,blok,,"Na sprzedaż mieszkanie na 1 piętrze. Idealna propozycja zarówno dla rodziny, jak i inwestora szukającego nieruchomości pod wynajem. 2 nieprzechodnie pokoje. Mieszkanie na tej ulicy jest dostępne w dogodnej lokalizacji, blisko centrum miasta. Nieruchomość znajduje się w spokojnej okolicy z doskonałą infrastrukturą: - w pobliżu sklepy, szkoły, przedszkola, apteki - szybki dojazd do centrum - blisko przystanki komunikacji miejskiej. Mieszkanie w pełni wyposażone. Dodatkowo jest czujnik gazu ziemnego oraz czujnik dymu. Cicha i spokojna okolica. Blok ogrodzony z dużą ilością miejsc parkingowych. Mieszkanie jest jasne, przestronne i funkcjonalne. Układ pomieszczeń zapewnia komfort codziennego życia oraz dużą swobodę aranżacji. Dodatkowo mieszkanie posiada balkon, a do użytku ma również piwnicę.",tak,,osobna,,własność,,53.144882,23.176845
Białystok Piaski,ul. Legionowa,2,48,528000,11000.0,bez pośredników,,9,https://adresowo.pl/o/mieszkanie-bialystok-piaski-ul-legionowa-2-pokojowe-x3q1a9,https://s2.adresowa.pl/oi/10/27/3d9514_4913_cover@2x-2-pokojowe-mieszkanie-bialystok-piaski-ul-legionowa.webp,Białystok Piaski,Legionowa,parter,1950.0,kamienica,,"Sprzedam bezpośrednio dwupokojowe mieszkanie o powierzchni 48 m², usytuowane na wysokim parterze w prestiżowej lokalizacji, przy ul. Legionowej w Białymstoku (solidna, powojenna kamienica). Kluczowe informacje: • Powierzchnia: 48 m² • Układ: 2 przestronne pokoje, oddzielna kuchnia, łazienka z WC, przedpokój. • Piętro: Parter (zapewnia doskonałą dostępność dla klientów i osób starszych). • Przynależności: przynależna piwnica. • Stan techniczny: Lokal do pełnego remontu, co daje nieograniczone możliwości aranżacji przestrzeni pod konkretne potrzeby. Potencjał Inwestycyjny: Lokalizacja przy ul. Legionowej to samo serce Białegostoku. Prestiżowe sąsiedztwo oraz położenie na parterze czynią tę nieruchomość idealnym punktem na cele usługowe, w szczególności na: • Kancelarię prawną lub notarialną (bliskość sądów i urzędów), • Biuro projektowe / rachunkowe, • Gabinet medyczny lub specjalistyczny. Mieszkanie w kamienicy charakteryzuje się wysokimi sufitami i grubymi murami, co zapewnia doskonałą izolację akustyczną i termiczną - cechy niezwykle pożądane w pracy biurowej. SPRZEDAŻ WYŁĄCZNIE BEZPOŚREDNIA. Szanuję czas swój i innych, dlatego proszę agencje nieruchomości oraz pośredników o niekontaktowanie się. Nie jestem zainteresowany żadną formą współpracy, podpisywaniem umów ani powielaniem oferty przez biura.",tak,,osobna,plastikowe,własność,,53.129795,23.157756
Białystok Piasta,ul. Piastowska,4,57,599000,10509.0,bez pośredników,,20,https://adresowo.pl/o/mieszkanie-bialystok-piasta-ul-piastowska-4-pokojowe-i1h1r8,https://s2.adresowa.pl/oi/60/1e/3d91c6_4a1e_cover@2x-4-pokojowe-mieszkanie-bialystok-piasta-ul-piastowska.webp,Białystok Piasta,Piastowska,1,,blok,,"Gotowe do zamieszkania | 4 pokoje | ul. Piastowska 17 | 1. piętro Na sprzedaż przestronne, 4-pokojowe mieszkanie po kompleksowym remoncie, położone przy ul. Piastowskiej 17. Lokal znajduje się na 1. piętrze w niskim, czteropiętrowym budynku bez windy. Nieruchomość została odnowiona w nowoczesnym stylu, z dbałością o funkcjonalność i estetykę. Mieszkanie jest gotowe do wprowadzenia, a jednocześnie daje możliwość własnej aranżacji wybranych elementów. Rozkład i wykończenie: • Salon z aneksem kuchennym - zabudowa kuchenna wykonana na wymiar, wyposażona w płytę indukcyjną, piekarnik oraz okap. • 3 niezależne pokoje - ustawne i dobrze doświetlone, przygotowane do indywidualnej aranżacji, z widokiem na zieleń. • Łazienka - nowoczesna, z kabiną prysznicową, zabudowa stolarska, pod wymiar. • mieszkanie po generalnym remoncie, nowa instalacja elektryczna • do mieszkania przynależy piwnica (ok. 3 m²) Bardzo dobra lokalizacja: • przystanki komunikacji miejskiej w odległości ok. 1 minuty pieszo • w pobliżu szkoły, sklepy, apteka oraz liczne punkty usługowe • spokojna okolica z dużą ilością zieleni i przestrzenią dla dzieci między budynkami • ogólnodostępne miejsca parkingowe pod blokiem Mieszkanie dostępne od zaraz. Ogłoszenie prywatne, bez pośredników. Zapraszam do kontaktu.",tak,,aneks,plastikowe,,Wyposażenie: piekarnik,53.132327,23.192996
Białystok Wygoda,ul. Ustronna,1,26,349000,13423.0,bez pośredników,,8,https://adresowo.pl/o/mieszkanie-bialystok-wygoda-ul-ustronna-1-pokoj-e3l8n3,https://s2.adresowa.pl/oi/4f/37/3d8e80_e931_cover@2x-1-pokojowe-mieszkanie-bialystok-wygoda-ul-ustronna.webp,Białystok Wygoda,Ustronna,parter,2025.0,blok,,"NOWE! Wykończone pod klucz! Miejsce postojowe w cenie! Funkcjonalne mieszkanie o powierzchni 25,98 m², z małym tarasem, położone w spokojnej części miasta - przy ul. Ustronnej 67 w Białymstoku. W nowym budynku. Mieszkanie znajduje się w nowoczesnym, kameralnym budynku, co gwarantuje ciszę, komfort oraz niską intensywność zabudowy. Czynsz (opłaty stałe 105 zł, w tym: administrowanie, wynagrodzenie zarządu, energia elektryczna części wspólnych, ubezpieczenie, serwis kotłowni, wywóz odpadów). Dodatkowo, w zależności od zużycia: - Prąd - Ogrzewanie (w tym ciepła woda) - Zimna woda i kanalizacja W cenie mieszkania jest miejsce postojowe. Teren jest zamknięty (brama garażowa i furtka). Na terenie znajduje się altanka na rowery. Agencjom serdecznie dziękuję, proszę nie dzwonić. Opis osiedla: Najbardziej zielone, północno-wschodnie serce Białegostoku - Osiedle Wygoda. Doskonale rozwinięte i zaopatrzone w niezbędną infrastrukturę. Z dostępem do usług i rekreacji, jednakże położone na uboczu. Mimo swojej wielkości, Wygoda to w dużej mierze lasy, łąki, parki, ogródki działkowe i przestrzenie rekreacyjne. Tę spokojną i zieloną okolicę z pewnością doceni każdy, kto tylko tu trafi. Osiedle bardzo dobrze skomunikowane jest z centrum miasta. Położenie w sąsiedztwie doskonale rozwiniętej komunikacji miejskiej, z licznymi ścieżkami rowerowymi i spacerowymi. Znajdują się tu sklepy, usługi, placówki medyczne oraz edukacyjne. W pobliżu inwestycji zlokalizowany jest Park Miejski ze strefą chillout, stawem, placem zabaw, skateparkiem, boiskami oraz wybiegiem i placem dla zwierząt. Osiedle Moderna to idealne miejsce do zamieszkania, życia oraz korzystania z uroków i usług miasta Białystok. Odległość: Wszędzie blisko. 10 min. od centrum miasta. Przychodnia Rodzinna - 600 m. Apteka - 900 m. Poczta - 500 m. Szkoły podstawowe - 6 min. Przedszkola - 5 min. Żłobek miejski - 6 min. Kościół - 900 m. Cerkiew - 300 m. Park miejski - 250 m. Plac zabaw - 250 m. Boisko i skatepark - 250 m. Sieć sklepów Lidl - 900 m. Sklep Biedronka - 800 m. Sklep Chorten - 200 m. Drogeria Rossmann - 900 m. Centrum handlowe - 1500 m. Salony beauty: 900 m. Paczkomat - 800 m. Restauracje - 500 m. Stacja Paliw - 1000 m. Klub Wygoda fitness - 5 min. Ścieżka rowerowa. Przystanki komunikacji miejskiej linii nr: [numer] - 200 m.",,tak,,,własność,,53.15756,23.207589
Białystok,ul. Stołeczna,3,44,359000,8159.0,bez pośredników,,9,https://adresowo.pl/o/mieszkanie-bialystok-ul-stoleczna-3-pokojowe-e8a2k1,https://s2.adresowa.pl/oi/6e/36/3d8c62_9a4a_cover@2x-3-pokojowe-mieszkanie-bialystok-ul-stoleczna.webp,Białystok ,Stołeczna,4,1976.0,blok,,"Dzień Dobry. Na sprzedaż mieszkanie po remoncie. Nowa elektryka, gładzie, kuchnia. Mieszkanie dwustronne, posiada balkon - loggię oraz piwnicę. Zapraszam do kontaktu. Oczywiście polską tradycją cena do negocjacji, z pewnością się porozumiemy.",tak,,,,,,53.131489,23.141346
Białystok Nowe Miasto,ul. Przyrodnicza,2,44,479000,10886.0,bez pośredników,,19,https://adresowo.pl/o/mieszkanie-bialystok-nowe-miasto-ul-przyrodnicza-2-pokojowe-g0u2d9,https://s2.adresowa.pl/oi/67/13/3d8ad8_731e_cover@2x-2-pokojowe-mieszkanie-bialystok-nowe-miasto-ul-przyrodnicza.webp,Białystok Nowe Miasto,Przyrodnicza,3,2010.0,blok,,"Mieszkanie na sprzedaż o powierzchni 44,5 m², zlokalizowane na Nowym Mieście. Budynek: - Blok z cegły z 2010 roku. Lokal: - Pełna własność. - Bardzo dobry stan wykończenia, gotowe do zamieszkania. - Mieszkanie odświeżone, czyste i w pełni wyposażone w meble oraz sprzęty AGD (nowa pralka, lodówka, kuchenka, piekarnik). - Komfortowy salon i sypialnia. - Mieszkanie dwustronne. - Oddzielna kuchnia. - 2 pokoje. - Duży balkon. - Piwnica i komórka lokatorska. - Dużo ogólnodostępnych, wolnych miejsc parkingowych. Lokalizacja: - Bardzo dobra lokalizacja na Nowym Mieście w Białymstoku. - W pobliżu znajdują się sklepy (Biedronka, Arhelan, Lewiatan, Lidl), poczta, szkoła (Szkoła podstawowa nr. P50, XIV Liceum Ogólnokształcące), przedszkole, kościół, restauracje (Nova Sushi, Lokalna Bistro, liczne Pizzerie) oraz inne usługi. - W odległości spaceru parki (Botaniczny Park Kieszonkowy), sprzyjające aktywnemu wypoczynkowi. - Bardzo blisko do przystanku autobusowego oraz stacji kolejowej. - Dogodny dostęp do wielu usług. Nie przegap tej okazji! Skontaktuj się już dzisiaj, aby umówić się na wizytę i obejrzenie mieszkania.",tak,,osobna,plastikowe,własność,"Wyposażenie: kuchenka, lodówka, piekarnik, pralka",53.111634,23.117306
Białystok Piasta,ul. Towarowa,3,48,519000,10812.0,bez pośredników,,8,https://adresowo.pl/o/mieszkanie-bialystok-piasta-ul-towarowa-3-pokojowe-f0e8t4,https://s2.adresowa.pl/oi/65/30/3d8aa4_4d7c_cover@2x-3-pokojowe-mieszkanie-bialystok-piasta-ul-towarowa.webp,Białystok Piasta,Towarowa,2,1980.0,blok,,"SPRZEDAM MIESZKANIE NA OSIEDLU PIASTA Oferuję do sprzedaży mieszkanie o pow. 48,01 m2 składające się z 3 pokoi, łazienki i oddzielnej kuchni skomunikowanej korytarzem, a zlokalizowane jest na 2 piętrze 4-ro piętrowego bloku przy ul. Towarowej 20 w Białymstoku. Do mieszkania przynależy balkon i piwnica. Blok jest po termomodernizacji. Przy bloku jest duża ilość miejsc parkingowych oraz monitoring miejski. Nieruchomość jest po generalnym remoncie. W mieszkaniu wymieniono instalacje elektryczną, wodno-kanalizacyjną i gazową. Kuchnia została wyposażona w meble na wymiar, uzupełnione przez wysokiej jakości sprzęt AGD , który jest na gwarancji. Lokum jest gotowe do zamieszkania od zaraz, Mieszkanie stanowi odrębną własność. Jest to dobra lokata kapitału. Miejsce dobre do zamieszkania dla rodziny. Nieruchomość jest położona w spokojnej okolicy z dużą ilością terenów zielonych w bezpośredniej bliskości placów zabaw dla dzieci a także żłobków, przedszkoli, szkół. Nieopodal sklepy, lokalny bazarek, poczta, przychodnia. Spokojni i mili sąsiedzi. Zapraszam do oglądnięcia mieszkania, które sprawdzi się zarówno dla rodziny, pary jak i w celach inwestycyjnych . Bezpośredni kontakt do właściciela tel. [numer] Cena: 519000 zł.",tak,,osobna,plastikowe,własność,,53.135844,23.192592
Białystok Bojary,ul. Towarowa,3,59,395000,6695.0,bez pośredników,,20,https://adresowo.pl/o/mieszkanie-bialystok-bojary-ul-towarowa-3-pokojowe-f9u4n7,https://s2.adresowa.pl/oi/2c/14/3d8980_c4d2_cover@2x-3-pokojowe-mieszkanie-bialystok-bojary-ul-towarowa.webp,Białystok Bojary,Towarowa,4,1984.0,blok,,"Mieszkanie 3-pokojowe z balkonem w Białymstoku Na sprzedaż mieszkanie o powierzchni 59,6 m². Do mieszkania przynależy duży balkon i piwnica. W mieszkaniu dostępne są media - światłowód, kablówka itd. Okolica bardzo ładna, zielona i spokojna, niewybetonowana tak jak nowoczesne osiedla. Mieszkanie raczej do generalnego remontu, choć w pełni funkcjonalne. adres: Towarowa 2 zapraszam do kontaktu",tak,,osobna,plastikowe,spółdzielcze własnościowe,,53.138794,23.183862
Białystok Dziesięciny,ul. Kalinowa,3,48,324900,6769.0,bez pośredników,,2,https://adresowo.pl/o/mieszkanie-bialystok-dziesieciny-ul-kalinowa-3-pokojowe-w7w7m2,https://s2.adresowa.pl/oi/20/42/3c9f98_a9b1_cover@2x-3-pokojowe-mieszkanie-bialystok-dziesieciny-ul-kalinowa.webp,Białystok Dziesięciny,Kalinowa,4,1978.0,blok,,"Mieszkanie znajduje sie na osiedlu Dziesieciny l. Sloneczne dwustronne. Trzy pokoje , lazienka z oddzielna wc. Do gruntownego remontu.",tak,,osobna,plastikowe,spółdzielcze własnościowe,,53.151452,23.130449
Białystok Leśna Dolina,ul. Armii Krajowej,3,61,495000,8115.0,bez pośredników,,6,https://adresowo.pl/o/mieszkanie-bialystok-lesna-dolina-ul-armii-krajowej-3-pokojowe-b4v7g8,https://s2.adresowa.pl/oi/60/50/3d7e78_564b_cover@2x-3-pokojowe-mieszkanie-bialystok-lesna-dolina-ul-armii-krajowej.webp,Białystok Leśna Dolina,Armii Krajowej,3,1991.0,blok,,"Przytulne 3-pokojowe mieszkanie, ul. Armii Krajowej, Leśna Dolina. Ulokowane na 3 kondygnacji (II piętro). Mieszkanie składa się z: - kuchni; - 2 sypialni; - dużego salonu; - łazienki z WC i prysznicem; - pomieszczenia gospodarczego (schowka); - przedpokoju. Mieszkanie posiada balkon wychodzący na południe (m.in. widok na plac zabaw i drzewa). Do mieszkania przynależy piwnica - 2,40 m2 (wejście z parteru). Większość pomieszczeń przeszła remont kilka lat temu. Łazienka gruntowny. Mieszkanie do wprowadzenia, dostępne od lipca. Miejsca parkingowe przed blokiem. Za blokiem dwa place zabaw. Dojazd do centrum 10-15 min. W pobliżu szkoła (600 m), przedszkola, supermarkety, basen, siłownie, galeria Zielone Wzgórza.",tak,,osobna,,własność,,53.130822,23.092994
Białystok Wygoda,ul. 42 Pułku Piechoty,3,47,559000,11894.0,bez pośredników,,18,https://adresowo.pl/o/mieszkanie-bialystok-wygoda-ul-42-pulku-piechoty-3-pokojowe-k2e4v8,https://s2.adresowa.pl/oi/67/4e/3d7de8_6821_cover@2x-3-pokojowe-mieszkanie-bialystok-wygoda-ul-42-pulku-piechoty.webp,Białystok Wygoda,42 Pułku Piechoty,3,2018.0,blok,,"Na sprzedaż funkcjonalne i komfortowe mieszkanie o powierzchni 47,5 m², zlokalizowane przy ul. 42 Pułku Piechoty, w nowoczesnym budynku z 2018 roku. Opis mieszkania: -powierzchnia: 47,5 m² -piętro: 3/3 (ostatnie piętro) -układ: salon z aneksem kuchennym + 2 oddzielne pokoje -mieszkanie umeblowane i gotowe do wprowadzenia -zabudowy wykonane na wymiar przez stolarza – wysoka jakość i maksymalne wykorzystanie przestrzeni -nowoczesna kuchnia wyposażona w systemy BLUM (cichy domyk, wysoka wytrzymałość) -balkon -przynależna piwnica Mieszkanie wykończone w nowoczesnym stylu, z dbałością o detale i spójną estetyką (połączenie bieli, czerni i drewna). Jasne, dobrze doświetlone i bardzo ustawne. Ostatnie piętro zapewnia większą prywatność i brak sąsiadów nad głową. W pobliżu: przychodnia apteka przedszkole szkoła pizzeria sklepy i punkty usługowe Świetna lokalizacja do życia – wszystko, co potrzebne na co dzień, w zasięgu ręki. Dodatkowo: Istnieje możliwość zakupu miejsca w garażu podziemnym w tym samym budynku – komfort i bezpieczeństwo parkowania. Cena: 569tys do negocjacji Zapraszam do kontaktu oraz na prezentację mieszkania!",tak,tak,aneks,plastikowe,własność,,53.132489,23.16884
Białystok Piasta,ul. ks. Stanisława Andrukiewicza,2,37,542000,14649.0,bez pośredników,,9,https://adresowo.pl/o/mieszkanie-bialystok-piasta-ul-ks-stanislawa-andrukiewicza-2-pokojowe-y9r1p4,https://s2.adresowa.pl/oi/4d/70/3d73fc_d0c2_cover@2x-2-pokojowe-mieszkanie-bialystok-piasta-ul-ks-stanislawa-andrukiewicza.webp,Białystok Piasta,ks. Stanisława Andrukiewicza,2,2026.0,blok,,"- Apartament w trakcie realizacji, wysoki standard, wizualizacja, odbiór już wkrótce* Na sprzedaż nowoczesne mieszkanie o powierzchni 37,86 m2 na osiedlu Piasta I przy ulicy ks. Stefana Andrukiewicza. Obecnie lokal jest w trakcie intensywnych prac wykończeniowych. Planowany termin oddania to koniec maja 2026 roku. Mieszkanie zaprojektowane przez architekta wnętrz. Lokal składa się z: salonu z aneksem kuchennym, łazienki z prysznicem, odpływem liniowym i ścianką prysznicową typu walk-in oraz sypialni. Wnętrze zostało zaprojektowane z dbałością o każdy detal. W cenie mieszkania otrzymujesz: - kompletnie wykończone podłogi oraz ściany - łazienkę gotową do użytku wraz z zabudową meblową na wymiar - zabudowę kuchenną wykonaną na wymiar przez stolarza oraz nowe AGD - oświetlenie dobrane do klimatu wnętrza. W razie dodatkowych informacji proszę o kontakt telefoniczny. ***Powyższa oferta ma charakter informacyjny i nie stanowi oferty handlowej w rozumieniu art. 66 Kodeksu Cywilnego.**",,,aneks,,własność,,53.132433,23.198155
Białystok Os. Młodych,ul. Marczukowska,2,38,539000,14184.0,bez pośredników,,18,https://adresowo.pl/o/mieszkanie-bialystok-os-mlodych-ul-marczukowska-2-pokojowe-d0d9o7,https://s2.adresowa.pl/oi/15/2a/3d689c_d925_cover@2x-2-pokojowe-mieszkanie-bialystok-os-mlodych-ul-marczukowska.webp,Białystok Os. Młodych,Marczukowska,2,2024.0,blok,,"Nowoczesne, w pełni wykończone i gotowe do wprowadzenia mieszkanie, wyróżniające się wysokim standardem wykończenia oraz jakością użytych materiałów. Nieruchomość obejmuje funkcjonalną kuchnię wykonaną w zabudowie stolarskiej, wyposażoną w sprzęt AGD, system cargo oraz liczne praktyczne rozwiązania do przechowywania. Kuchnię z salonem łączy jednolita podłoga wyłożona wysokiej jakości gresem projektu Maciej Zień, produkcji Tubądzin. Nowoczesny charakter wnętrza podkreślają zlicowane ze ścianą listwy przypodłogowe oraz „ukryte” drzwi prowadzące do sąsiedniego pokoju, który może pełnić funkcję sypialni, pokoju dziecięcego lub gabinetu. Wszystkie pomieszczenia wyposażone są w osprzęt elektryczny SIMON, oświetlenie LED podtynkowe, szynoprzewody oraz oświetlenie punktowe i dekoracyjne. Dużym atutem jest balkon o powierzchni 7 m², stanowiący idealne przedłużenie salonu, z widokiem na zieloną część osiedla Słoneczny Stok oraz Stawy przy Marczukowskiej. Łazienka została wyposażona w prysznic typu walk-in, umywalkę oraz toaletę. Wykończona jest z wysokiej jakości konglomeratu, z zastosowaniem podtynkowych baterii TRES oraz subtelnego podtynkowego oświetlenia LED. Mieszkanie znajduje się w spokojnej i przyjaznej okolicy, z dobrze rozwiniętą infrastrukturą. W pobliżu dostępne są sklepy, szkoła, przedszkola, żłobek, przychodnia, apteka, poczta oraz przystanki autobusowe, co zapewnia wygodę na co dzień. Istnieje możliwość dokupienia miejsca w garażu podziemnym, z zamykaną bramą Hormann, zlokalizowanego w tej samej klatce. Dodatkowo do mieszkania przynależy komórka lokatorska o powierzchni 3 m², znajdująca się na poziomie -1. Zainteresowanych zaprszam do kontaktu, chetnie podam wiecej szczegolow na temat prezentowanej nieruchomosci.",tak,tak,aneks,plastikowe,własność,,53.131862,23.111275
Białystok,ul. Angielska,2,43,659000,15326.0,bez pośredników,,12,https://adresowo.pl/o/mieszkanie-bialystok-ul-angielska-2-pokojowe-o6p8f8,https://s2.adresowa.pl/oi/5a/21/3d673e_dbdb_cover@2x-2-pokojowe-mieszkanie-bialystok-ul-angielska.webp,Białystok ,Angielska,5,2024.0,blok,,"Oferuję bez pośredników, na sprzedaż piękne mieszkanie o powierzchni 43,57 m². Znajduje się na 5. piętrze w nowym bloku. Wnętrze jest umeblowane, a jakość wykończenia jest na wysokim poziomie. Kuchnia wyposażona w AGD. Zabudowy wykonane na wymiar. Lokalizacja mieszkania jest bardzo atrakcyjna: Ul. Angielska, blisko centrum, w sąsiedztwie politechnika, szkoła podstawowa, przedszkole, sklepy, galeria handlowa. Nie płacisz PCC. Biurom nieruchomości dziękuję. Nie zwlekaj, umów się na prezentację.",,,,plastikowe,własność,,53.125801,23.144182
Białystok Leśna Dolina,ul. Szarych Szeregów,4,74,799000,10797.0,bez pośredników,,18,https://adresowo.pl/o/mieszkanie-bialystok-lesna-dolina-ul-szarych-szeregow-4-pokojowe-q3t2r6,https://s2.adresowa.pl/oi/58/4e/3d6648_9ae1_cover@2x-4-pokojowe-mieszkanie-bialystok-lesna-dolina-ul-szarych-szeregow.webp,Białystok Leśna Dolina,Szarych Szeregów,parter,1995.0,blok,,"Na sprzedaż przestronne, gotowe do wprowadzenia mieszkanie o powierzchni 74 m2, zlokalizowane przy ul. Szarych Szeregów 24 (os. Leśna Dolina). Idealne dla rodziny szukającej komfortu i pełnej infrastruktury ""w zasięgu ręki"". Najważniejsze atuty nieruchomości: - Taras: Unikalna powierzchnia 15 m2 - idealne miejsce na odpoczynek. - Standard: premium (7 lat temu generalny remont), wykończone materiałami wysokiej jakości. - Budynek: Wysoki parter w zadbanym bloku (docieplony 15 cm styropianem + nowy tynk w 2024 r.). - Status prawny: Pełna własność z Księgą Wieczystą (udział 1/44 w gruncie). Wspólnota mieszkaniowa. Garaż (opcjonalnie): Bezpośrednio pod mieszkaniem znajduje się garaż (18 m2) z wejściem prosto z klatki schodowej. - Brama na pilota, wjazd z dwóch stron bloku. - Cena: do uzgodnienia Lokalizacja i okolica: W promieniu zaledwie 100 metrów znajduje się wszystko, co potrzebne do wygodnego życia: - Zakupy: Biedronka, Aldi, Społem, Dealz. - Edukacja i zdrowie: Szkoła, przedszkole, żłobek, przychodnia, weterynarz. - Duchowość: Kościół i cerkiew. - Komunikacja: Świetne połączenie z miastem (linie: 2, 4, 8, 20, 24). Mieszkanie wolne od zaraz! Zapraszam do kontaktu i obejrzenia na żywo (zdjęcia przedstawiają stan faktyczny).",,tak,,drewniane,własność,,53.129789,23.08863
Białystok Antoniuk,ul. Władysława Broniewskiego,3,53,399000,7528.0,bez pośredników,,5,https://adresowo.pl/o/mieszkanie-bialystok-antoniuk-ul-wladyslawa-broniewskiego-3-pokojowe-m1i2z7,https://s2.adresowa.pl/oi/21/6c/3d65d0_cfa5_cover@2x-3-pokojowe-mieszkanie-bialystok-antoniuk-ul-wladyslawa-broniewskiego.webp,Białystok Antoniuk,Władysława Broniewskiego,3,,blok,,"Dzień dobry, Do sprzedania oferujemy trzypokojowe mieszkanie w czteropiętrowym bloku na ulicy Broniewskiego. Mieszkanie ma doskonałą lokalizację, blisko centrum, przedszkola, żłobek, szkoła, przystanki autobusowe i sklepy. Zainteresowanych zapraszam do kontaktu telefonicznego.",,,,,,,53.139833,23.130284
Białystok Piasta,ul. Piasta,4,63,515000,8175.0,bez pośredników,,8,https://adresowo.pl/o/mieszkanie-bialystok-piasta-ul-piasta-4-pokojowe-s6j8d9,https://s2.adresowa.pl/oi/54/39/3d63de_ff31_cover@2x-4-pokojowe-mieszkanie-bialystok-piasta-ul-piasta.webp,Białystok Piasta,Piasta,3,,blok,,"PRZESTRONNE 4 POKOJE MIESZKANIE NA OS. PIASTA Na sprzedaż wyjątkowe, 4-pokojowe mieszkanie położone na popularnym i lubianym osiedlu Piasta w Białymstoku. To idealna propozycja dla rodziny szukającej gotowego wnętrza w świetnej lokalizacji. NAJWAŻNIEJSZE INFORMACJE: • Powierzchnia: 63 m² • Piętro: 3 w 11-piętrowym bloku z windą. • Układ: Salon z aneksem kuchennym + 3 oddzielne sypialnie + łazienka. • Stan: Do odświeżenia, łazienka i kuchnia po generalnym remoncie. STANDARD I ZABUDOWY: Mieszkanie wykończone w nowoczesnym stylu, z dbałością o detale. W cenie nieruchomości pozostają zabudowy stałe wykonane na wymiar: • Meble kuchenne w aneksie (nowoczesne fronty, ergonomiczny układ), • Pojemne szafy wnękowe w przedpokoju i dwóch sypialniach, • Zabudowa łazienkowa. DODATKOWE POWIERZCHNIE: • Balkon i Piwnica przynależna do mieszkania, zapewniająca dodatkowe miejsce na rowery czy przetwory. LOKALIZACJA OSIEDLE PIASTA: Osiedle Piasta to jedna z najlepszych lokalizacji w Białymstoku - blisko centrum, a jednocześnie z pełną infrastrukturą ""pod ręką"": • Dla rodzin: W bezpośrednim sąsiedztwie przedszkola i szkoły podstawowe - dzieci mogą bezpiecznie i szybko dotrzeć na zajęcia. • Komunikacja: Świetne połączenie z każdą częścią miasta - liczne linie autobusowe. • Rekreacja i zakupy: Place zabaw, tereny zielone, sklepy, punkty usługowe oraz ryneczek.",tak,,aneks,,,,53.134757,23.185085
Białystok,Centrum,1,30,370000,12333.0,bez pośredników,,6,https://adresowo.pl/o/mieszkanie-bialystok-centrum-1-pokoj-30-m2-f6n6k4,https://s2.adresowa.pl/oi/26/34/3d638a_7d21_cover@2x-1-pokojowe-mieszkanie-bialystok-centrum.webp,Białystok Centrum,,4,,blok,,"Kawalerka centrum Białegostoku + możliwość powiększenia o 24 m²! Na sprzedaż kawalerka położona w centrum Białegostoku - idealna dla singla, pary lub jako inwestycja pod wynajem. Opis mieszkania: Metraż: 30 m² + 24 m² Piętro: 4/4 Stan: do zamieszkania Forma własności: pełna własność Mieszkanie funkcjonalne, dobrze skomunikowane, w pobliżu sklepy, uczelnie, przystanki komunikacji miejskiej. Duży atut - dodatkowa przestrzeń! Bezpośrednio obok mieszkania znajduje się suszarnia o powierzchni 24 m² z możliwością adaptacji. Świetna opcja na powiększenie mieszkania lub stworzenie dodatkowego pomieszczenia. Lokalizacja: Ścisłe centrum - wszystko w zasięgu kilku minut. Idealne pod inwestycję: wysoki popyt na wynajem w tej okolicy możliwość zwiększenia wartości dzięki adaptacji Cena: 360 000 zł Zainteresowanych zapraszam do kontaktu telefonicznego Agencje zapraszam TYLKO z własnym klientem.",,,,,własność,,53.132489,23.16884
Białystok,ul. Elizy Orzeszkowej,3,56,520000,9286.0,bez pośredników,,8,https://adresowo.pl/o/mieszkanie-bialystok-ul-elizy-orzeszkowej-3-pokojowe-a9p8o8,https://s2.adresowa.pl/oi/1d/75/3d5c84_8809_cover@2x-3-pokojowe-mieszkanie-bialystok-ul-elizy-orzeszkowej.webp,Białystok ,Elizy Orzeszkowej,1,1968.0,blok,,"Sprzedaję mieszkanie bez pośredników. Zapraszam do kontaktu telefonicznego. W najbliższej okolicy dwie galerie handlowe, szkoły,przedszkola.",tak,,osobna,drewniane,spółdzielcze własnościowe,,53.124521,23.173196
Białystok Leśna Dolina,ul. św. Andrzeja Boboli,2,51,445000,8725.0,bez pośredników,,20,https://adresowo.pl/o/mieszkanie-bialystok-lesna-dolina-ul-sw-andrzeja-boboli-2-pokojowe-l8p3f7,https://s2.adresowa.pl/oi/3c/16/3d4aa0_6656_cover@2x-2-pokojowe-mieszkanie-bialystok-lesna-dolina-ul-sw-andrzeja-boboli.webp,Białystok Leśna Dolina,św. Andrzeja Boboli,parter,1998.0,blok,,"Szukasz ustawnego, przytulnego mieszkania w spokojnej i zielonej okolicy? Oferuję na sprzedaż dwupokojowe mieszkanie o powierzchni 51,3 m², usytuowane na niezwykle wygodnym parterze w solidnym bloku z cegły (1998 r.) przy ul. Boboli. Lokal przeszedł odświeżenie w listopadzie 2025 r. (odmalowane ściany, wymiana drzwi do łazienki i sypialni) – możesz pakować walizki i od razu się wprowadzać! ROZKŁAD I STANDARD Mieszkanie jest dwustronne i doskonale doświetlone. Część dzienna znajduje się od słonecznej strony południowo-zachodniej, a kuchnia od północno-wschodniej. Przestronna strefa dzienna (28,3 m²): Składa się z jasnego salonu (21,5 m²) oraz w pełni funkcjonalnego aneksu kuchennego (6,8 m²). Z salonu wyjdziesz na duży balkon (5,5 m²) z pięknym widokiem na zieleń. W oknach salonu zamontowano praktyczne rolety zewnętrzne. Na podłodze zadbany gres i panele. Ustawna sypialnia (12,8 m²): Posiada aż dwa okna, co daje mnóstwo naturalnego światła, a widok na zieleń sprzyja relaksowi. Łazienka (4,9 m²): Świeżo odmalowana (XI 2025 r.), wyposażona w klasyczną wannę, umywalkę i WC. Przedpokój (5,3 m²): Przemyślany, z pojemnymi szafami w zabudowie, które rozwiązują problem przechowywania. WYPOSAŻENIE W CENIE W mieszkaniu pozostaje stała zabudowa przedpokoju oraz łazienki (bez pralki), a także zabudowa kuchenna wraz ze sprzętem AGD (kuchenka gazowa z piekarnikiem, zmywarka – bez lodówki). POWIERZCHNIE DODATKOWE Duży, zadaszony balkon (5,5 m²). Przynależna piwnica o powierzchni ok. 7 m². LOKALIZACJA I OTOCZENIE To idealne miejsce dla osób ceniących ciszę, a zarazem bliskość miejskiej infrastruktury. Przy bloku dostępne są bezpłatne miejsca postojowe oraz plac zabaw. Rekreacja: Zaledwie 200 m do Lasu Bacieczki – świetne miejsce na spacery i rower! Ośrodki treningowe (N50, Viking) w odległości 900 m. Zakupy: Biedronka i Aldi (500 m), Żabka (700 m), Lidl (1,8 km), Galeria Zielone Wzgórza (1,4 km / 3 min autem). Edukacja i usługi: Szkoła Podstawowa nr 49 (800 m), kościół (800 m), stacja PKP Zielone Wzgórza (2,4 km). KOMUNIKACJA Błyskawiczny dojazd do centrum (ok. 10 minut autem). Bliskość obwodnicy (Aleja Niepodległości) gwarantuje płynny wyjazd w każdym kierunku miasta bez stania w korkach. Komunikacja miejska na wyciągnięcie ręki: przystanki linii [numer]3 zaledwie 100 m od bloku (kierunek z centrum) oraz linia 20. 50 w odległości 500 m (kierunek do centrum). GŁÓWNE ATUTY Parter – wygoda na co dzień, idealne dla rodzin z dziećmi czy osób starszych. Budownictwo z cegły – ciepło zimą, przyjemny chłód latem i dobra izolacja akustyczna. Gotowe do zamieszkania – stan po odświeżeniu nie wymaga natychmiastowych nakładów finansowych. Potencjał: Doskonały wybór dla singla, pary, starszych osób, małej rodziny lub jako gotowiec inwestycyjny pod wynajem. Informacje dodatkowe: Czynsz: ok. 800 zł (skalkulowany na aż 5 osób zameldowanych – przy mniejszej liczbie domowników będzie niższy). Dostępność: od maja 2026 r. Zasady współpracy z agencjami nieruchomości: Tylko z klientem: Zapraszam na prezentację wyłącznie z konkretnym, zdecydowanym kupującym. Brak umów i prowizji: Nie podpisuję żadnych umów pośrednictwa i nie opłacam prowizji za sprzedaż (0% od sprzedającego). Prawa autorskie: Bezwzględny zakaz kopiowania moich zdjęć i treści ogłoszenia. Proszę o kontakt tylko pośredników akceptujących powyższe warunki.",tak,,aneks,plastikowe,spółdzielcze własnościowe,"Wyposażenie: kuchenka, piekarnik, zmywarka",53.129475,23.083912
Białystok Antoniuk,ul. Władysława Broniewskiego,2,42,439900,10474.0,bez pośredników,,20,https://adresowo.pl/o/mieszkanie-bialystok-antoniuk-ul-wladyslawa-broniewskiego-2-pokojowe-d7t6g6,https://s2.adresowa.pl/oi/68/60/3d4510_7c3b_cover@2x-2-pokojowe-mieszkanie-bialystok-antoniuk-ul-wladyslawa-broniewskiego.webp,Białystok Antoniuk,Władysława Broniewskiego,3,1970.0,blok,,"Na sprzedaż gotowe do wprowadzenia 2-pokojowe mieszkanie o powierzchni 42 m². Nieruchomość znajduje się na 3 piętrze w 4-piętrowym bloku przy ul. Władysława Broniewskiego. Mieszkanie jest po generalnym remoncie wykonanym w 2016 roku, podczas którego zostały wymienione instalacje: elektryczna, wodno-kanalizacyjna i centralnego ogrzewania (nowe grzejniki). Mieszkanie klimatyzowane. Cały remont został przeprowadzony starannie i solidnie, dzięki czemu nowi właściciele będą mogli korzystać z mieszkania bez żadnych dodatkowych nakładów finansowych. Mieszkanie jest dwustronne, bardzo ciepłe i jasne. W skład nieruchomości wchodzą: - salon - pokój z wyjściem na balkon - kuchnia - łazienka z WC - przedpokój - do mieszkania przynależy duża piwnica Dodatkowe informacje: - osiedle z dostępem do szkół, przedszkoli oraz żłobka - dobrze skomunikowane z centrum miasta oraz innymi dzielnicami - przy bloku zielona okolica i duża dostępność miejsc parkingowych - dobrze rozwinięta infrastruktura (sklepy, hipermarkety) - teren wspólnoty objęty monitoringiem",tak,,osobna,,własność,,53.139833,23.130284
Białystok Sienkiewicza,ul. Nowogródzka,2,32,339000,10594.0,bez pośredników,,7,https://adresowo.pl/o/mieszkanie-bialystok-sienkiewicza-ul-nowogrodzka-2-pokojowe-y7e3j3,https://s2.adresowa.pl/oi/2b/63/3d3d94_7e1e_cover@2x-2-pokojowe-mieszkanie-bialystok-sienkiewicza-ul-nowogrodzka.webp,Białystok Sienkiewicza,Nowogródzka,1,1965.0,blok,,"Oferuję na sprzedaż 2-pokojowe mieszkanie na pierwszym piętrze w bloku z cegły. Nieruchomość ma powierzchnię 32,5 m² i jest w pełni wyposażona. W skład wyposażenia wchodzą: meble, pralka, lodówka, kuchenka oraz piekarnik. Do mieszkania przynależy balkon i piwnica. Czynsz wynosi 560 PLN. Mieszkanie znajduje się w atrakcyjnej lokalizacji przy ulicy Nowogródzkiej w Białymstoku. W pobliżu znajdziesz: - szkoły podstawowe oraz średnie - przedszkola i żłobki - liczne kawiarnie i restauracje - parki oraz tereny zielone - przystanki komunikacji miejskiej - centra handlowe, takie jak Galeria Jurowiecka. To doskonała oferta dla osób szukających wygodnego mieszkania w atrakcyjnej lokalizacji. Mieszkanie idealne pod wynajem. Nie zwlekaj! Umów się na prezentację już dziś!",tak,,,,własność,"Wyposażenie: kuchenka, lodówka, piekarnik, pralka",53.140718,23.162749
Białystok Białostoczek,ul. Białostoczek 17,3,66,459000,6955.0,bez pośredników,,25,https://adresowo.pl/o/mieszkanie-bialystok-bialostoczek-ul-bialostoczek-3-pokojowe-t2y7l4,https://s2.adresowa.pl/oi/13/25/3d3896_ceef_cover@2x-3-pokojowe-mieszkanie-bialystok-bialostoczek-ul-bialostoczek.webp,Białystok Białostoczek,Białostoczek 17,11,1982.0,blok,,"Sprzedam zadbane 3 pokojowe mieszkanie 66m2 ,na osiedlu Białostoczek ul. Białostoczek 17. Mieszkanie jest dobrze doświetlone . Z okien możemy podziwiać piękną panoramę miasta. Kuchnia robiona na wymiar jest duża i dobrze zagospodarowana. Wyróżnia się liczbą szafek i blatów. W łazience udało się zmieścić sporą wygodną wannę. W korytarzu znajduje się głęboki i wysoki schowek . Bezpośrednio z korytarza jest wejście do mniejszego pokoju, który może służyć jako druga sypialnia lub pokój dzienny . Duży widny salon sąsiaduje z sypialnią wyposażoną w sporą garderobę( robioną na wymiar ) z bardzo funkcjonalnym wnętrzem, gdzie każda przestrzeń została wykorzystana co do centymetra. Jest bardzo pojemna, i nie ma konieczności wstawiania szaf w pokojach co daje dodatkową przestrzeń. Garderoba została ukryta za lustrzanymi drzwiami przesuwnymi obok łóżka. Jest też możliwość zdemontowania garderoby , wtedy pokój powiększy się o dodatkową dużą przestrzeń . Mieszkanie jest w bliskiej odległości od ścisłego centrum ( 10 min spacerem) . W pobliżu znajdują się sklepy , przychodnia, przedszkole, szkoła. Niedawno została przeprowadzona rewitalizacja zieleni wokół bloku podczas której wygospodarowano dodatkowe miejsce na spory parking, co jest dużym atutem . Położenie bloku w drugiej zabudowie od ulicy pozwala zakwalifikować to mieszkanie jako ciche . Czynsz jest niski jak na ten metraż bo 767,12zł ( woda, gaz i ogrzewanie jest zawarte w czynszu) Stan mieszkania dobry, do wejścia lub do lekkiego odświeżenia. Remont był przeprowadzony kilka lat temu i zostały wymienione instalacje . Obecnie przeprowadzany jest remont klatki schodowej. Na tym samym piętrze, za drzwiami wejściowymi do mieszkania znajduje się suszarnia z której można korzystać, osobiście polecam, nie będzie konieczności rozkładania suszarki w mieszkaniu. Również blisko bo na półpiętrze jest bokówka przynależna tylko do tego mieszkania. Serdecznie zapraszam do kontaktu:) Z przyjemnością odpowiem na wszelkie pytania . [numer] Ps. Jeżeli rozważają państwo zakup tej nieruchomości pod np. wynajem to jest możliwość zwiększenia inwestycji przez podzielenie mieszkania na dwie lub 3 kawalerki z oddzielnym wejściem z klatki każda. 11 piętro w 11-piętrowym bloku z windą, bez balkonu Białystok, Białostoczek ul. Białostoczek 17 Mieszkanie w dobrym stanie Spółdzielcze własnościowe z księgą wieczystą Wyposażenie kuchenka, lodówka, piekarnik, pralka, zmywarka, meble, Świadectwo Energetyczne EU: 115.21, EK: 168.34, EP: 164.01, Jednostkowa wielkość emisji: 0.057 Oferta bezpośrednio od właściciela",tak,,osobna,plastikowe,spółdzielcze własnościowe,"Wyposażenie: kuchenka, lodówka, piekarnik, pralka, zmywarka",53.144197,23.151679
Białystok Piasta,ul. Mieszka I,2,32,310000,9688.0,bez pośredników,,1,https://adresowo.pl/o/mieszkanie-bialystok-piasta-ul-mieszka-i-2-pokojowe-t3b3m1,https://s2.adresowa.pl/oi/66/3e/3d31a2_d6dd_cover@2x-2-pokojowe-mieszkanie-bialystok-piasta-ul-mieszka-i.webp,Białystok Piasta,Mieszka I,2,1980.0,blok,,"Sprzedam mieszkanie 2-pokojowe – os. Piasta, ul. Mieszka I – idealne pod wynajem! Mieszkanie w trakcie remontu – część prac została już wykonana, co daje możliwość wykończenia wnętrza według własnego gustu lub kontynuacji pod inwestycję. wymieniona elektryka, sufity podwieszane, Układ pomieszczeń: - 2 pokoje – w tym przestronny salon połączony z jasną kuchnią, - łazienka z ubikacją - przedpokój z miejscem na dużą szafę. Atuty nieruchomości: Doskonała lokalizacja – w pobliżu szkoła, kościół, rynek, sklepy, galeria handlowa, siłownia, apteki, lokale gastronomiczne oraz punkty medyczne. Idealne pod wynajem – układ mieszkania i lokalizacja zapewniają szybki zwrot z inwestycji. Ciepłe, słoneczne wnętrze, niskie koszty utrzymania. Piętro: 2/10 Mieszkanie dostępne od zaraz, pełna własność.",tak,,aneks,,spółdzielcze własnościowe,,53.13436,23.190432
Białystok Pieczurki,ul. 42 Pułku Piechoty,4,60,450000,7500.0,bez pośredników,,10,https://adresowo.pl/o/mieszkanie-bialystok-pieczurki-ul-42-pulku-piechoty-4-pokojowe-h4y0r3,https://s2.adresowa.pl/oi/46/45/3d2e42_a273_cover@2x-4-pokojowe-mieszkanie-bialystok-pieczurki-ul-42-pulku-piechoty.webp,Białystok Pieczurki,42 Pułku Piechoty,1,1989.0,blok,,"Słoneczne, przestronne mieszkanie rodzince z dziećmi. Obok las zachęcający na spacer . Spokojna okolica , mili sąsiedzi.",tak,tak,osobna,drewniane,własność,,53.139601,23.233625
Białystok Wygoda,ul. Walentego Lewandowskiego,3,62,820000,13226.0,bez pośredników,,16,https://adresowo.pl/o/mieszkanie-bialystok-wygoda-ul-walentego-lewandowskiego-3-pokojowe-j5s6p5,https://s2.adresowa.pl/oi/27/7e/3d25bc_ae6d_cover@2x-3-pokojowe-mieszkanie-bialystok-wygoda-ul-walentego-lewandowskiego.webp,Białystok Wygoda,Walentego Lewandowskiego,3,2023.0,apartamentowiec,,"Szukasz mieszkania do którego możesz natychmiast się wprowadzić i nie tracić czasu i energii na remonty... Nowe Mieszkanie, gotowe do zamieszkania Białystok ul. Lewandowskiego 5 Mieszkanie+komórka lokatorska (obok mieszkania) Na powierzchnię 62,04m2 składają się: - salon z aneksem kuchennym i wyjściem na duży balkon - dwie sypialnie - łazienka - korytarz W cenie zabudowa kuchenna i sprzęt AGD Osiedle Wygoda to idealna propozycja dla osób, którym zależy na ciszy i spokoju w bliskim sąsiedztwie centrum miasta. Bliskość tej lokalizacji daje mieszkańcom łatwy dostęp do rozbudowanej sieci komunikacji miejskiej, dzięki czemu możliwy jest szybki dojazd autobusem praktycznie do wszystkich zakątków Białegostoku. Zalety: - wysoka jakość wykończenia bloku - spokojna okolica - punkty usługowe,sklepy w pobliżu budynku - idealne skomunikowanie z miastem - dobra cena Zadzwoń aby umówić się na prezentację mieszkania 820 tyś. Tel",tak,,aneks,plastikowe,własność,,53.146966,23.17567
Białystok Antoniuk,ul. Ukośna,3,54,735000,13611.0,bez pośredników,,22,https://adresowo.pl/o/mieszkanie-bialystok-antoniuk-ul-ukosna-3-pokojowe-a8x0z8,https://s2.adresowa.pl/oi/36/68/3d25a2_9067_cover@2x-3-pokojowe-mieszkanie-bialystok-antoniuk-ul-ukosna.webp,Białystok Antoniuk,Ukośna,parter,2023.0,apartamentowiec,,"Szukasz mieszkania do którego możesz natychmiast się wprowadzić i nie tracić czasu i energii na remonty... Mieszkanie można obejrzeć praktycznie każdego dnia (wskazany kontakt telefoniczny dzień wcześniej) Białystok ,Antoniuk ul.Ukośna 42 możliwość kupna z miejscem postojowym w garażu podziemnym +60tyś.(szczytowe możliwość zagospodarowania dwóch ścian,szafy itp -komórka lokatorska Na powierzchnię 54,31m2 składają się: - salon z aneksem kuchennym i wyjściem na duży balkon,taras, - dwie sypialnie - łazienka - korytarz W cenie zabudowa kuchenna i sprzęt AGD Osiedle Antoniuk to idealna propozycja dla osób, którym zależy na ciszy i spokoju w bliskim sąsiedztwie centrum miasta. Bliskość tej lokalizacji daje mieszkańcom łatwy dostęp do rozbudowanej sieci komunikacji miejskiej, dzięki czemu możliwy jest szybki dojazd autobusem praktycznie do wszystkich zakątków Białegostoku. Zalety: - wysoka jakość wykończenia bloku - spokojna okolica - punkty usługowe,sklepy w pobliżu budynku - idealne skomunikowanie z miastem - dobra cena Więcej informacji: Zadzwoń aby umówić się na prezentację mieszkania 735tyś Tel",tak,tak,aneks,plastikowe,własność,,53.143656,23.140135
Białystok Leśna Dolina,ul. Armii Krajowej,3,63,559000,8873.0,bez pośredników,,20,https://adresowo.pl/o/mieszkanie-bialystok-lesna-dolina-ul-armii-krajowej-3-pokojowe-j1f3y2,https://s2.adresowa.pl/oi/61/73/3d1eac_7151_cover@2x-3-pokojowe-mieszkanie-bialystok-lesna-dolina-ul-armii-krajowej.webp,Białystok Leśna Dolina,Armii Krajowej,2,1994.0,blok,,"Szukasz funkcjonalnego mieszkania dla rodziny w spokojnej, zielonej okolicy, ale z szybkim dostępem do wszystkiego, co potrzebne na co dzień? Ta nieruchomość na Leśnej Dolinie przy ul. Armii Krajowej to idealne połączenie komfortu, lokalizacji i potencjału. Mieszkanie o powierzchni 63,8 m² znajduje się na 2. piętrze w niskim, 4-piętrowym bloku po termomodernizacji, co zapewnia komfort cieplny i niższe koszty utrzymania. Dzięki ekspozycji południowo-zachodniej wnętrza są jasne i przyjemnie doświetlone przez cały dzień. NAJWAŻNIEJSZE ATUTY: ✓ Idealny układ dla rodziny - 3 niezależne pokoje. ✓ Balkon ze strefą relaksu - dodatkowa przestrzeń do odpoczynku. ✓ Świetna lokalizacja - szkoła, przedszkole i sklepy w zasięgu kilku minut. ✓ Zielona, spokojna okolica - place zabaw i tereny spacerowe. ✓ Mieszkanie dostępne od zaraz - bez czekania i bez najemców. UKŁAD I STANDARD: Mieszkanie składa się z: - salonu - dwóch sypialni - oddzielnej kuchni - łazienki - przedpokoju - balkonu ze strefą relaksu. Dodatkowo do mieszkania przynależy piwnica. Lokal był remontowany w 2018 roku, obecnie jest w stanie do odświeżenia, co daje możliwość dostosowania wnętrza pod własny styl bez dużych nakładów. WYPOSAŻENIE: W mieszkaniu pozostaje: - zabudowa kuchni wraz z AGD - meble RTV w salonie - łóżko, komoda oraz szafa w sypialni - wybrane elementy wyposażenia. BUDYNEK I OTOCZENIE: - blok z wielkiej płyty po termomodernizacji - 4 piętra (bez windy) - ogólnodostępne miejsca parkingowe pod budynkiem. LOKALIZACJA: To jedna z największych przewag tej oferty. W bezpośrednim sąsiedztwie: - szkoła i przedszkole - sklepy osiedlowe, Żabka - Aldi, Biedronka, Rossmann, Dealz - apteki - komunikacja miejska przy tej samej ulicy - duże place zabaw - tereny zielone i zalesione - idealne na spacery. To miejsce, gdzie naprawdę da się wygodnie żyć bez codziennych dojazdów przez pół miasta. INFORMACJE FORMALNE: - cena: 559 000 zł - forma własności: pełna własność - księga wieczysta: tak - ogrzewanie: miejskie - mieszkanie: wolne, dostępne od zaraz - cena: do lekkiej negocjacji. Zadzwoń i umów się na prezentację — takie mieszkania w tej lokalizacji sprzedają się szybko! Jeśli szukasz pewnej nieruchomości dla rodziny z dobrym układem i świetnym otoczeniem, ta oferta zdecydowanie zasługuje na Twoją uwagę.",tak,,osobna,plastikowe,własność,Wyposażenie: tv,53.130822,23.092994
Białystok Zielone Wzgórza,ul. Upalna,2,48,430000,8958.0,bez pośredników,,8,https://adresowo.pl/o/mieszkanie-bialystok-zielone-wzgorza-ul-upalna-2-pokojowe-z5c2t6,https://s2.adresowa.pl/oi/11/47/3d1866_b4ef_cover@2x-2-pokojowe-mieszkanie-bialystok-zielone-wzgorza-ul-upalna.webp,Białystok Zielone Wzgórza,Upalna,3,,blok,,"Szukasz komfortowego, cichego mieszkania w przystępnej cenie gotowego do przeprowadzki ? Ta nieruchomość położona na ul Upalnej 92, na 3. piętrze ma 2 pokoje, oddzielną kuchnię i jest w pełni umeblowane. W łazience jest prysznic i pralka , a podłogi pokryte są kafelkami. W salonie i sypialni zastosowano drewniany parkiet. Mieszkanie i jego ściany i podłogi zostały odnowione. Kuchnia wyposażona jest w kuchenkę gazową, lodówkę, mikrofalę. Mieszkanie jest jasne i przestronne, z dużymi oknami do tego przynależy piwnica. Lokal znajduje się na osiedlu z zielenią i dostępem do placu zabaw. W okolicy szkoły, przedszkola, sklepy, apteki, restauracje i centrum handlowe. Dojazd do centrum miasta jest wygodny dzięki bliskości komunikacji miejskiej. Jeśli szukasz mieszkania w dobrej lokalizacji, umów się na oglądanie już dziś. Lokal dostępny od 1 maja 2026.",tak,,osobna,,,"Wyposażenie: kuchenkę, lodówkę, pralka",53.128411,23.100337
Białystok,ul. Elizy Orzeszkowej,2,43,397750,9250.0,bez pośredników,,8,https://adresowo.pl/o/mieszkanie-bialystok-ul-elizy-orzeszkowej-2-pokojowe-q4p4t4,https://s2.adresowa.pl/oi/20/39/3d10b6_e9d5_cover@2x-2-pokojowe-mieszkanie-bialystok-ul-elizy-orzeszkowej.webp,Białystok ,Elizy Orzeszkowej,4,1971.0,blok,,"Sprzedam mieszkanie spółdzielczo-własnościowe w Białymstoku przy ulicy E. Orzeszkowej, osiedle Mickiewicza. Mieszkanie jest w bardzo dobrej lokalizacji, blisko Centrum. W bliskim sąsiedztwie znajdują się: - dwie uczelnie: Uniwersytet Medyczny i Uniwersytet w Białymstoku (Wydział Prawa oraz Wydział Ekonomii i Finansów), - dwie galerie handlowe (Biała i Alfa), - Pałac Branickich, - Teatr Dramatyczny. Powierzchnia: 43 m2, piwnica 4 m2 (w cenie). Pomieszczenia: - 2 pokoje, kuchnia, łazienka - wejście do wszystkich pomieszczeń z korytarza. - większy pokój z wyjściem na balkon. - mniejszy pokój z dużym oknem. - oddzielna kuchnia z dużym oknem. - przestronny przedpokój z potencjałem pod zabudowę. - łazienka z WC. Balkon: tak. Piwnica: tak. Piętro: 4 piętro w bloku 4-piętrowym. Forma własności: mieszkanie lokatorsko-własnościowe, z założoną księgą wieczystą. Blok: z roku 1971, z cegły, po termomodernizacji, zarządzany przez Spółdzielnię. Parking: wzdłuż budynku i naprzeciw klatki schodowej (brak wydzielonego miejsca parkingowego). Okna: plastikowe. Czynsz: 470 zł miesięcznie (za 2 osoby). Mieszkanie przygotowane do remontu. Mieszkanie dostępne od zaraz. Mieszkanie idealne na start jak i pod wynajem. Osoby zainteresowane zapraszam do bezpośredniego kontaktu z właścicielem.",tak,,osobna,plastikowe,spółdzielcze własnościowe,,53.126712,23.175942
Białystok,Wygoda,3,48,670000,13958.0,bez pośredników,,8,https://adresowo.pl/o/mieszkanie-bialystok-wygoda-3-pokojowe-48-m2-k3t6a7,https://s2.adresowa.pl/oi/51/11/3d0b90_44bc_cover@2x-3-pokojowe-mieszkanie-bialystok-wygoda.webp,Białystok Wygoda,,parter,2016.0,blok,,"Mieszkanie z dużym ogrodem, sprzedaż bezpośrednia. Osiedle Wygoda. Kameralne osiedle. Parter, 48,83 m². Salon z aneksem i dwie sypialnie. Zagospodarowany ogród 120 m². Wszystkie okna z moskitierami i roletami antywłamaniowymi (sterowane z pilota lub przyciskiem). Wysoka jakość materiałów wykończenia. Biokominek. Niski czynsz. Duża piwnica 4 m². W bliskiej odległości szkoła, przedszkole - 200 m, przystanek MPK - 300 m. Cena - 670 000 zł, plus 50 000 zł miejsce garażowe przynależne do mieszkania. Biuro nieruchomościom dziękujemy, proszę nie dzwonić. Tel.",tak,tak,aneks,,,,53.132489,23.16884
Białystok,Zielone Wzgórza,3,61,570000,9344.0,bez pośredników,,8,https://adresowo.pl/o/mieszkanie-bialystok-zielone-wzgorza-3-pokojowe-61-m2-z8l9u7,https://s2.adresowa.pl/oi/7c/32/3d0b02_b760_cover@2x-3-pokojowe-mieszkanie-bialystok-zielone-wzgorza.webp,Białystok Zielone Wzgórza,,2,1989.0,blok,,"Sprzedam mieszkanie, 61,6 m2, na osiedlu Zielone Wzgórza. W skład mieszkania wchodzą: - 3 oddzielne pokoje, - oddzielna kuchnia, - łazienka z WC, - przedpokój, - balkon typu loggia. Do mieszkania przynależy piwnica. Mieszkanie środkowe, ciepłe, słoneczne, przestronne, gotowe do wejścia. Znajduje się na 2. piętrze w 4-piętrowym bloku z 1989 r., po termomodernizacji. Obok bloku duży parking, plac zabaw, dużo zieleni. W pobliżu liczne sklepy, szkoły, przedszkola, poczta, apteki, siłownie, przystanki autobusowe. Po więcej informacji zapraszam do kontaktu. Agencjom nieruchomości i pośrednikom dziękuję.",tak,,osobna,,,,53.132489,23.16884
Białystok Skorupy,ul. Plażowa,2,48,529000,11021.0,bez pośredników,,6,https://adresowo.pl/o/mieszkanie-bialystok-skorupy-ul-plazowa-2-pokojowe-d9l9m3,https://s2.adresowa.pl/oi/5d/4d/3d059a_c98c_cover@2x-2-pokojowe-mieszkanie-bialystok-skorupy-ul-plazowa.webp,Białystok Skorupy,Plażowa,parter,2022.0,blok,,"Na sprzedaż 2 pokojowe mieszkanie o powierzchni 48.7m2 zlokalizowane na parterze w 5 piętrowym bloku z windą.Nowe budownictwo (blok z 2022) świetna lokalizacja.Idealna propozycja dla osób ceniących komfort estetykę i spokój.Mieszkanie wyposażone w meble, zmywarkę kuchenkę.Czynsz 550 zł w tym zaliczki na ogrzewanie, wodę.wywoz nieczystości.",tak,,osobna,plastikowe,własność,"Wyposażenie: kuchenkę, zmywarkę",53.126924,23.220773
Białystok Nowe Miasto,ul. Kazimierza Pułaskiego,3,57,540000,9474.0,bez pośredników,,8,https://adresowo.pl/o/mieszkanie-bialystok-nowe-miasto-ul-kazimierza-pulaskiego-3-pokojowe-j7q8z2,https://s2.adresowa.pl/oi/59/37/3d05a4_3082_cover@2x-3-pokojowe-mieszkanie-bialystok-nowe-miasto-ul-kazimierza-pulaskiego.webp,Białystok Nowe Miasto,Kazimierza Pułaskiego,7,1990.0,blok,,"Witam sprzedam 3 pokojowe mieszkanie z oddzielna kuchnia. 7 piętro w bloku z winda. Do mieszkania należy piwnica Oraz balkon. Dużo miejsc parkingowych, parking z brama na pilot. W pobliżu bloku szkoła podstawowa nr 50, kościół, sklepy, lekarze, dentyści oraz apteki. Do przystanku autobusowego 5 minut. Dobre połączenie z miastem. Sprzedaż prywatna bez pośredników. Więcej informacji udzielę telefonicznie. Cena do negocjacji",tak,,osobna,plastikowe,własność,,53.109628,23.130887
Białystok Os. Młodych,ul. Hetmańska,3,52,445000,8558.0,bez pośredników,,7,https://adresowo.pl/o/mieszkanie-bialystok-os-mlodych-ul-hetmanska-3-pokojowe-m0a8q6,https://s2.adresowa.pl/oi/65/17/3cff44_6b66_cover@2x-3-pokojowe-mieszkanie-bialystok-os-mlodych-ul-hetmanska.webp,Białystok Os. Młodych,Hetmańska,3,2025.0,blok,,"Mieszkanie w stanie deweloperskim, częściowo wykończone. Ściany pokryte gładzią szpachlową i pomalowane w kolorze białym. Jedynie łazienka pozostaje do wykończenia. Balkon wykończony gresem. Mieszkanie 3-pokojowe, jeden pokój otwarty na kuchnię. Mieszkanie dwustronne. Pokoje: 12,53 m2; 10,00 m2; 18,38 m2. Przedpokój: 6,31 m2. Łazienka: 4,96 m2. W cenie mieszkania - miejsce postojowe obok bloku. Kupujący nie opłaca podatku PCC",,,aneks,plastikowe,własność,,53.127353,23.118256
Białystok Zawady,ul. Końcowa,3,70,699000,9986.0,bez pośredników,,18,https://adresowo.pl/o/mieszkanie-bialystok-zawady-ul-koncowa-3-pokojowe-t9v1f4,https://s2.adresowa.pl/oi/69/67/3ce2a6_3123_cover@2x-3-pokojowe-mieszkanie-bialystok-zawady-ul-koncowa.webp,Białystok Zawady,Końcowa,1,2021.0,blok,,"Mieszkanie 70,25 m2 + miejsce postojowe + komórka. Mieszkanie w zabudowie szeregowej, 1-piętrowe. Na sprzedaż mieszkanie w zabudowie szeregowej z pełnym wyposażeniem, wraz ze sprzętem AGD. Kuchnia, łazienka, zabudowa korytarza wykonana na wymiar przez stolarza. Jasny salon z aneksem kuchennym 21,84 m2. Dwa ustawne pokoje 12,05 m2, 10,10 m2. Korytarz 7,32 m2. Łazienka 9,34 m2. Klatka 8,15 m2. Balkon 5,10 m2. Mieszkanie oddane do użytku i kupione w 2021 r. od developera. Lokalizacja: Mieszkanie położone jest na osiedlu Zawady w Białymstoku przy ulicy Końcowej. To miejsce idealne dla rodzin, par oraz osób ceniących wygodę życia blisko miasta, a jednocześnie w spokojnym otoczeniu. W najbliższej okolicy: Markety, Szkoła, przedszkole, żłobek, Przystanki komunikacji miejskiej - szybki dojazd do centrum, Place zabaw i tereny rekreacyjne.",,,aneks,,własność,,53.166675,23.112068
Białystok Piasta,ul. Bolesława Chrobrego,3,58,630000,10862.0,bez pośredników,,7,https://adresowo.pl/o/mieszkanie-bialystok-piasta-ul-boleslawa-chrobrego-3-pokojowe-x1u7x9,https://s2.adresowa.pl/oi/2e/53/3cda80_5ee7_cover@2x-3-pokojowe-mieszkanie-bialystok-piasta-ul-boleslawa-chrobrego.webp,Białystok Piasta,Bolesława Chrobrego,2,,blok,,"Na sprzedaż komfortowe, w pełni wyremontowane mieszkanie o powierzchni 58 m², położone na 2. piętrze w doskonałej lokalizacji - centrum Białegostoku, przy ul. Chrobrego. Mieszkanie jest funkcjonalne i przestronne - składa się z jasnej kuchni, jadalni połączonej z salonem, dwóch dodatkowych pokoi oraz łazienki. Wnętrza zostały urządzone w nowoczesnym stylu, z dbałością o detale i wygodę codziennego użytkowania. Nieruchomość przeszła generalny remont - wykonano nowe posadzki, wymieniono okna oraz odświeżono wszystkie pomieszczenia. Lokal nie wymaga żadnych nakładów finansowych - gotowy do zamieszkania od zaraz. Dużym atutem jest świetna lokalizacja - w pobliżu znajdują się sklepy (Biedronka, Top Market, Arhelan), szkoły, przedszkola, przystanki komunikacji miejskiej (MPK), a także park i plac zabaw. To idealne miejsce dla rodzin z dziećmi, jak i osób ceniących wygodę życia w centrum miasta. Mieszkanie sprzedawane bez pośredników. Zapraszam do kontaktu i obejrzenia nieruchomości!",,,,,,,53.130674,23.185028
Białystok Os. Młodych,ul. Wierzbowa,3,63,550000,8730.0,bez pośredników,,8,https://adresowo.pl/o/mieszkanie-bialystok-os-mlodych-ul-wierzbowa-3-pokojowe-d2a7q7,https://s2.adresowa.pl/oi/52/7f/3cb304_cbd9_cover@2x-3-pokojowe-mieszkanie-bialystok-os-mlodych-ul-wierzbowa.webp,Białystok Os. Młodych,Wierzbowa,4,1996.0,blok,,"Oferuję do sprzedaży przestronne mieszkanie trzypokojowe o powierzchni 63,5 m², zlokalizowane na Osiedlu Młodych w Białymstoku. Jest to jedna z najbardziej cenionych i spokojnych dzielnic miasta, z doskonałą infrastrukturą i świetną komunikacją z centrum. Mieszkanie znajduje się na 4. piętrze kameralnego, trzyklatkowego bloku z zaledwie dwoma mieszkaniami na każdym piętrze, co zapewnia wyjątkowy spokój i prywatność. Blok przeszedł kompleksową termomodernizację. Układ i standard: Mieszkanie ma przemyślany, funkcjonalny układ: - 3 oddzielne pokoje - Wydzielona kuchnia - osobne, pełnowymiarowe pomieszczenie, idealne dla osób ceniących komfort gotowania - Łazienka i oddzielna toaleta - Duży balkon - doskonały na relaks i uprawę roślin - Piwnica / komórka lokatorska w cenie Mieszkanie wymaga odświeżenia, co daje nowym właścicielom możliwość urządzenia go dokładnie według własnego gustu. Mieszkanie jest aktualnie wynajmowane. Zakończenie najmu - maj 2026.",tak,,osobna,,własność,,53.142551,23.132847
Białystok Wygoda,ul. Józefa Ignacego Kraszewskiego,3,100,1355940,13559.0,bez pośredników,,4,https://adresowo.pl/o/mieszkanie-bialystok-wygoda-ul-jozefa-ignacego-kraszewskiego-3-pokojowe-u5v9q2,https://s2.adresowa.pl/oi/50/4c/3cac36_715e_cover@2x-3-pokojowe-mieszkanie-bialystok-wygoda-ul-jozefa-ignacego-kraszewskiego.webp,Białystok Wygoda,Józefa Ignacego Kraszewskiego,4,2007.0,blok,,"Apartament 100,44 m² z kominkiem | ostatnie piętro | ul. Kraszewskiego | 2 garaże Na sprzedaż przestronny apartament o powierzchni 100,44 m², położony na 4. (ostatnim) piętrze budynku z windą z 2007 roku przy ul. Kraszewskiego w Białymstoku. Mieszkanie wyróżnia się funkcjonalnym układem oraz bardzo dobrze zaprojektowaną strefą dzienną. Centralnym punktem jest salon z kominkiem na drewno, który tworzy przytulną atmosferę i płynnie łączy się z jadalnią oraz kuchnią z wyspą. Dzięki ekspozycji na trzy strony świata wnętrze jest jasne i dobrze doświetlone przez cały dzień. Z salonu prowadzi wyjście na narożny balkon. Układ mieszkania: • salon z kominkiem, jadalnią i aneksem kuchennym • sypialnia z prywatną łazienką (wanna, prysznic) • dodatkowy pokój – idealny jako gabinet lub pokój dziecięcy • druga łazienka z prysznicem i pralką • przedpokój Dodatkowe atuty: • klimatyzacja w każdym pomieszczeniu • system audio • rolety • system alarmowy podłączony do agencji ochrony • wysokiej jakości materiały wykończeniowe: drewno, kamień, trawertyn Istnieje możliwość zakupu dwóch miejsc w garażu podziemnym (po 100 000 zł każde). Garaże znajdują się naprzeciwko siebie i są połączone przejściem, dzięki czemu można wjechać z dwóch stron garażu, co znacząco ułatwia codzienne parkowanie. Czynsz administracyjny ok. 1500 zł. Cena: 13 500 zł / m² Zapraszam do kontaktu w celu uzyskania dodatkowych informacji oraz umówienia prezentacji mieszkania.",,tak,aneks,drewniane,własność,Wyposażenie: klimatyzacja,53.139028,23.180433
Białystok Centrum,ul. Grochowa,1,39,399000,10231.0,bez pośredników,,17,https://adresowo.pl/o/mieszkanie-bialystok-centrum-ul-grochowa-1-pokoj-q3d3x2,https://s2.adresowa.pl/oi/3a/47/3caa82_972e_cover@2x-1-pokojowe-mieszkanie-bialystok-centrum-ul-grochowa.webp,Białystok Centrum,Grochowa,4,1957.0,blok,,"Sprzedam wyremontowane, nowoczesne, gotowe do wprowadzenia mieszkanie w ścisłym centrum Białegostoku przy ul. Grochowej. Słoneczne mieszkanie usytuowane jest na 4 piętrze w zabytkowej kamienicy (widok z okna wychodzący w kierunku ul. Lipowej / Rynku Kościuszki) Do dyspozycji mieszkańców parking za blokiem (szlaban na pilot). Na powierzchnię 39,5 m2 składa się przedpokój, salon, duża kuchnia oraz łazienka. Mieszkanie wykończone materiałami wysokiej klasy oraz wyposażone w sprzęt RTV i AGD renomowanych marek. Salon wyposażony w wygodną rogówkę z funkcją spania, stolik, dwie pojemne zabudowane szafy, biurko, fotel, komodę, Android TV 50' . Przestronna kuchnia z mikrofalówką, zmywarką, chłodziarko-zamrażarką no frost, płytą gazową, piekarnikiem, pralką, rozkładanym stołem oraz krzesłami. Łazienka z WC oraz wanną (+szklany składany parawan nawannowy). W pobliżu znajdują się sklepy spożywcze (Żabka, Arhelan, Biedronka) pizzeria, restauracje, Opera, park, puby, lokale usługowe, 200m Rynek Kościuszki, przystanki autobusowe oraz Dworzec PKP. Mieszkanie posiada również domofon oraz szybki Internet Wi-fi Do mieszkania przynależy piwnica ok 5m2 . Świetna lokalizacja zarówno do zamieszkania jak i pod wynajem. Przez ostatnie 6 lat mieszkanie było nieprzerwanie wynajmowane. Rotacja pomiędzy nowymi lokatorami wynosiła maksymalnie 48h od momentu publikacji ogłoszenia. Cena obejmuje pełne wyposażenie widoczne na zdjęciach co czynie je gotowym do rozpoczęcia wynajmu bez ponoszenia jakichkolwiek kosztów. Zapraszam do kontaktu . INFORMACJA DO AGENCJI NIERUCHOMOŚCI : Nie podpisuję umów. Zapraszam z klientem. Prowizja po stronie kupującego. Proszę uszanować decyzję i nie dzwonić. Nie będą Państwo mieli klienta.",tak,,osobna,plastikowe,własność,"Wyposażenie: internet, piekarnik, tv, wi-fi",53.132969,23.151096
Białystok,Dziesięciny,2,47,448000,9532.0,bez pośredników,,8,https://adresowo.pl/o/mieszkanie-bialystok-dziesieciny-2-pokojowe-47-m2-q2m4j2,https://s2.adresowa.pl/oi/6f/14/3ca692_7168_cover@2x-2-pokojowe-mieszkanie-bialystok-dziesieciny.webp,Białystok Dziesięciny,,3,1980.0,blok,,"Przestronne 2-pokojowe mieszkanie z dużym balkonem, os. Dziesięciny. Na sprzedaż jasne i bardzo funkcjonalne mieszkanie o powierzchni 47,8 m², położone na 3 piętrze w bloku z lat 80-tych, na popularnym osiedlu Dziesięciny w Białymstoku. Budynek wyposażony jest w nową, niedawno wymienioną windę. Mieszkanie wyróżnia się bardzo praktycznym, przemyślanym układem pomieszczeń, dzięki któremu sprawia wrażenie znacznie większego niż wskazuje metraż. To przestrzeń wygodna zarówno dla singla, pary, jak i małej rodziny. Mieszkanie składa się z: - przestronnego holu - oddzielnej kuchni - salonu z częścią jadalnianą - ustawnej sypialni - łazienki z toaletą - osobnego pomieszczenia gospodarczego (pralni/składzika). Dodatkowo do mieszkania przynależą: - duży balkon - piwnica. Standard i wyposażenie: Około 10 lat temu mieszkanie przeszło generalny remont, w ramach którego: - wymieniono instalację elektryczną i hydrauliczną - wyrównano ściany - wyremontowano łazienkę - zamontowano wysokiej klasy drzwi antywłamaniowe i dźwiękoszczelne. W ostatnim czasie odświeżona została łazienka. Zamontowano nową kabinę prysznicową z odpływem liniowym. W mieszkaniu pozostaje: - kuchnia w zabudowie - zabudowa meblowa w łazience - zabudowa meblowa w sypialni. Dodatkowym atutem są wysokiej klasy drzwi antywłamaniowe oraz dźwiękoszczelne, zapewniające bezpieczeństwo i komfort. Lokalizacja: Osiedle Dziesięciny to spokojna i bardzo dobrze skomunikowana część miasta. W bezpośredniej okolicy znajdują się: - ryneczek osiedlowy - bar mleczny - apteka - sklepy spożywcze - punkty usługowe. Dzięki dobrej komunikacji szybko można dostać się do innych części miasta. Meble ruchome nie są przedmiotem sprzedaży. Agencjom nieruchomości dziękujemy.",tak,,osobna,,,,53.132489,23.16884
Białystok Nowe Miasto,ul. Stanisława Dubois,2,28,393000,14036.0,bez pośredników,,6,https://adresowo.pl/o/mieszkanie-bialystok-nowe-miasto-ul-stanislawa-dubois-2-pokojowe-e8e3p3,https://s2.adresowa.pl/oi/5f/70/3ca300_2db9_cover@2x-2-pokojowe-mieszkanie-bialystok-nowe-miasto-ul-stanislawa-dubois.webp,Białystok Nowe Miasto,Stanisława Dubois,2,1993.0,blok,,"Oferuję do zamieszkania mieszkanie o powierzchni 28 m² na drugim piętrze bloku z 1993 roku. Mieszkanie jest wykończone z wysokiej jakości materiałów. W mieszkaniu znajdują się zabudowy wykonane przez stolarza. Kuchnia wyposażona w sprzęty AGD: zmywarka, lodówka, kuchenka i piekarnik, a łazienka w pralkę. - Balkon zapewnia widok na miasto - Piwnica do przechowywania - Ciepłe i jasne wnętrza - Funkcjonalny rozkład Lokalizacja jest atrakcyjna, blisko do szkół i przedszkoli oraz do Politechniki Białostockiej, a także do punktów usługowych i sklepów. W pobliżu znajdują się tereny zielone, takie jak Las Turczyński. - Wygodny dostęp do komunikacji miejskiej, stacji kolejowej i przystanków autobusowych - Liczne restauracje, sklepy i centra handlowe w okolicy - Blisko do placówek medycznych i aptek Nie zwlekaj! Skontaktuj się, aby umówić się na oglądanie tego komfortowego mieszkania i sprawdź, czy spełnia Twoje oczekiwania.",tak,,,,spółdzielcze własnościowe,"Wyposażenie: kuchenka, lodówka, piekarnik, pralkę, zmywarka",53.106934,23.124954
Białystok Dziesięciny,ul. Porzeczkowa,4,83,480000,5783.0,bez pośredników,,1,https://adresowo.pl/o/mieszkanie-bialystok-dziesieciny-ul-porzeczkowa-4-pokojowe-s2f8y7,https://s2.adresowa.pl/oi/4e/25/3c925a_3c51_cover@2x-4-pokojowe-mieszkanie-bialystok-dziesieciny-ul-porzeczkowa.webp,Białystok Dziesięciny,Porzeczkowa,4,1994.0,blok,,"Mieszkanie na sprzedaż o powierzchni 83,5 m², znajduje się na 4. piętrze w 11-piętrowym budynku. Składa się z 4 pokoi, co zapewnia komfortową przestrzeń dla rodziny. Właściciel zyskuje pełne prawo własności do nieruchomości. Mieszkanie będzie dostępne od 10 marca 2026 roku. Lokalizacja w dzielnicy Dziesięciny II to idealna propozycja dla osób ceniących sobie dostęp do infrastruktury miejskiej. W pobliżu znajdziesz: - szkoły podstawowe i średnie - przedszkola - parki, takie jak Park Antoniuk - sklepy, w tym Galeria Antoniuk - przystanki komunikacji miejskiej Dzięki bliskości do punktów usługowych, życie codzienne staje się wygodne i komfortowe. Nie czekaj, skontaktuj się i umów na prezentację tego wyjątkowego mieszkania!",,,,,własność,,53.150791,23.121705
Białystok Centrum,ul. Marii Skłodowskiej-Curie,3,50,390000,7800.0,bez pośredników,,2,https://adresowo.pl/o/mieszkanie-bialystok-centrum-ul-marii-sklodowskiej-curie-3-pokojowe-t9u6c3,https://s2.adresowa.pl/oi/53/20/3c8b62_fa8e_cover@2x-3-pokojowe-mieszkanie-bialystok-centrum-ul-marii-sklodowskiej-curie.webp,Białystok Centrum,Marii Skłodowskiej-Curie,3,1970.0,blok,,"Mieszkanie do remontu generalnego. Rozkładowe kuchnia,salon okna na ul. Skłodowskiej, dwa pokoje okna na ul. Waszyngtona. Możliwość zrobienia kuchni z salonem ,do własnej aranżacji. Czynsz 520zł",tak,,osobna,plastikowe,spółdzielcze własnościowe,,53.127601,23.159711
Białystok Piasta,ul. Skorupska,3,68,789000,11603.0,bez pośredników,,8,https://adresowo.pl/o/mieszkanie-bialystok-piasta-ul-skorupska-3-pokojowe-w8z2x1,https://s2.adresowa.pl/oi/76/4f/3c8a64_cbba_cover@2x-3-pokojowe-mieszkanie-bialystok-piasta-ul-skorupska.webp,Białystok Piasta,Skorupska,3,2007.0,blok,,"Mieszkanie znajduje się w bloku oddanym do użytku w roku 2007, wykonanym z cegły. Składa się ono z 2 pokoi, salonu z kuchnią, łazienki, przedpokoju, balkonu oraz piwnicy. W pokojach znajdują się szafy w zabudowie, także w przedpokoju. W kuchni oraz łazience jest ogrzewanie podłogowe. W mieszkaniu jest klimatyzacja oraz alarm. Na terenie bloku znajdują się miejsca parkingowe. Teren jest ogrodzony. Miesięczny czynsz wynosi 450 zł. Budynek zarządzany jest przez wspólnotę. Możliwa jest zamiana na dom lub mieszkanie z minimum 4 pokojami.",tak,,,,,Wyposażenie: klimatyzacja,53.133818,23.182067
Białystok Piasta,ul. Towarowa,2,39,339000,8692.0,bez pośredników,,9,https://adresowo.pl/o/mieszkanie-bialystok-piasta-ul-towarowa-2-pokojowe-b4c2r2,https://s2.adresowa.pl/oi/45/1f/3c7f74_f110_cover@2x-2-pokojowe-mieszkanie-bialystok-piasta-ul-towarowa.webp,Białystok Piasta,Towarowa,parter,1979.0,blok,,"Do sprzedaży 2 pokojowe mieszkanie na parterze o powierzchni 39 m2 z balkonem. Układ pomieszczeń dwustronny. Lokalizacja: osiedle Piasta, ul. Towarowa, Białystok. Do remontu.",tak,,osobna,drewniane,,,53.138864,23.186245
Białystok Białostoczek,ul. Bitwy Białostockiej,2,40,469000,11725.0,bez pośredników,,19,https://adresowo.pl/o/mieszkanie-bialystok-bialostoczek-ul-bitwy-bialostockiej-2-pokojowe-o0o8j7,https://s2.adresowa.pl/oi/76/64/3c7da8_c93d_cover@2x-2-pokojowe-mieszkanie-bialystok-bialostoczek-ul-bitwy-bialostockiej.webp,Białystok Białostoczek,Bitwy Białostockiej,parter,2013.0,blok,,"Szczegóły ogłoszenia Parter, premium 40mkw,ogródek - top lokalizacja Oferta tyczy się przytulnego mieszkania o powierzchni 40,12m2 położonego na parterze wraz tarasem w bloku przy ul. Bitwy Białostockiej (osiedle Białostoczek). Najważniejsze atuty: - funkcjonalny układ pomieszczeń: salon z aneksem kuchennym i wyjściem na taras z ogródkiem, sypialnia, łazienka z wanną i WC, korytarz, garderoba, korytarz. - duża szafa w zabudowie w przedpokoju -mieszkanie bardzo dobrze wykończone- materiały premium, bardzo dobry stan mieszkania, do wprowadzenia od zaraz, bez konieczności przeprowadzania remontów - ciche, spokojne osiedle - atrakcyjna lokalizacja, osiedle Białostoczek oferuje dostęp do pełnej infrastruktury handlowo-usługowej Jest możliwość zakupu miejsca postojowego wraz zabudowa w podziemnej części nieruchomości Na parterze znajduje się również ogólnodostępna wózkownia i rowerownia. Blok zarządzany przez Wspólnotę Mieszkaniową, czynsz około 400zł. Lokalizacja? – gwarantuje komfort codziennego życia – w pobliżu znajdują się sklepy, tereny zielone oraz szybki dojazd do centrum jak i każdej dzielnicy miasta. Nieopodal bloku znajdują się liczne punkty usługowe, m.in. sklep LIDL, galeria M w której znajdują się takie sklepy jak Biedronka, Pepco, Rossmann. Obok znajdziemy również znaną siłownię Magic Gym, przychodnie lekarskie, żłobek, Szkołę Podstawową nr. 42, Przedszkole Samorządowe nr. 4. Przystanek BKM znajduje się około 2- 3 minuty spacerem od bloku. Oferta prywatna – bezpośrednio od właściciela (bez prowizji). Kontakt wyłącznie telefoniczny. Biurom nieruchomości dziękuję",,tak,aneks,,własność,,53.148081,23.161515
Białystok Słoneczny Stok,ul. Wincentego Witosa,2,50,488800,9776.0,bez pośredników,,9,https://adresowo.pl/o/mieszkanie-bialystok-sloneczny-stok-ul-wincentego-witosa-2-pokojowe-y8d7a3,https://s2.adresowa.pl/oi/70/74/3c7094_3871_cover@2x-2-pokojowe-mieszkanie-bialystok-sloneczny-stok-ul-wincentego-witosa.webp,Białystok Słoneczny Stok,Wincentego Witosa,4,1986.0,blok,,"Na sprzedaż 2-pokojowe mieszkanie z balkonem - ul. Witosa 19A, Białystok Powierzchnia: 50,5 m² Liczba pokoi: 2 Piętro: 4 / 4 Forma własności: Pełna własność Czynsz: ok. 560 zł Lokalizacja: Na sprzedaż mieszkanie położone przy ul. Witosa 19A w Białymstoku, na cenionym osiedlu Słoneczny Stok. Spokojna, zielona okolica z bardzo dobrą infrastrukturą - idealna zarówno do zamieszkania, jak i pod inwestycję. Opis mieszkania: Mieszkanie po generalnym remoncie gotowe do zamieszkania od zaraz. Lokal jest dwustronny, dobrze doświetlony i funkcjonalnie zaprojektowany. Powierzchnia: 50,50 m2 mieszkanie + balkon + piwnica. W skład którego wchodzi: - salon z wyjściem na balkon, - sypialnia, - oddzielna kuchnia z miejscem na stół, - łazienka z WC, - przedpokój. Zabudowy stolarskie na wymiar: kuchnia, łazienka, przedpokój. Instalacje: nowe. Okna: PVC. Okolica i komunikacja: W bezpośrednim sąsiedztwie znajdują się: - ogólnodostępne miejsca parkingowe w pobliżu budynku, - sklepy, punkty usługowe, - szkoły i przedszkola, - basen, - przystanki komunikacji miejskiej, - tereny zielone i rekreacyjne. Dlaczego warto? - atrakcyjna lokalizacja, - mieszkanie po generalnym remoncie z wyposażeniem, - balkon i piwnica, - niskie koszty utrzymania, - idealne dla pary, singla lub jako inwestycja pod wynajem, - Nieruchomość jest wolna od wad prawnych i zadłużeń. Zapraszam do kontaktu i umówienia się na prezentację. Kontakt telefoniczny 7 dni w tygodniu w godzinach 8-20.",tak,,osobna,plastikowe,własność,,53.132235,23.105356
Białystok Centrum,al. Józefa Piłsudskiego,2,35,340000,9714.0,bez pośredników,,11,https://adresowo.pl/o/mieszkanie-bialystok-centrum-al-jozefa-pilsudskiego-2-pokojowe-i1w5s1,https://s2.adresowa.pl/oi/6d/1f/3c67d6_cb8b_cover@2x-2-pokojowe-mieszkanie-bialystok-centrum-al-jozefa-pilsudskiego.webp,Białystok Centrum,Józefa Piłsudskiego,4,1970.0,blok,,"Witam. Mam do sprzedania mieszkanie własnościowe o powierzchni 35 mkw. Położone przy ulicy Piłsudskiego 7 w Białymstoku. 4 piętro bez windy. Składa się z korytarza, łazienki i dwóch pokoi. Każdy pokój posiada własną kuchnię. Idealna opcja jako inwestycja pod wynajem, bądź dzieciom na studia. Ewentualnie kupno na kredyt i mieszkać w jednej części mieszkania, a drugą przeznaczyć pod wynajem. Bez problemu można też zrezygnować z aneksu kuchennego i zrobić sypialnię. Mieszkanie jest dwustronne i jasne. Do mieszkania przynależy również ""bokówka"", która może służyć jako dodatkowy pokój. Mieszkanie jest ciepłe, nadpłaty co roku za ogrzewanie miałem. Okna PCV. Zapraszam do oglądania i oczywiście rozsądnej negocjacji. Mieszkanie bezpośrednio od właściciela. Nie współpracuję z pośrednikami (proszę nie dzwonić).",tak,,osobna,,własność,,53.136103,23.157239
Białystok Piaski,ul. Żelazna,4,72,920000,12778.0,bez pośredników,,16,https://adresowo.pl/o/mieszkanie-bialystok-piaski-ul-zelazna-4-pokojowe-h4f6g3,https://s2.adresowa.pl/oi/2c/40/3c661e_2f5f_cover@2x-4-pokojowe-mieszkanie-bialystok-piaski-ul-zelazna.webp,Białystok Piaski,Żelazna,parter,1990.0,blok,,"Mieszkanie jest położone przy ulicy Zelaznej 38 i składa się z 4 pokoi: 2 sypialni, gabinetu i jadalni połączonej z kuchnią, oraz holu i łazienki z WC. Powierzchnia użytkowa: 71,6 m² Powierzchnia piwnicy: 4,4 m² Powierzchnia całkowicie zabudowanej loggii: 4,6 m² Powierzchnia ogrodu: 100 m². Ogród jest do wyłącznej dyspozycji właścicieli mieszkania. W ogrodzie znajduje się też altanka o powierzchni 6 m², podłączona woda do podlewania ogródka oraz elektryczność, meble ogrodowe, kosiarka i lodówka - świetne miejsce do relaksu. Blok jest 5-cio kondygnacyjny i został oddany do użytku w 1990 roku. Budynek został docieplony w 2016 roku. Wzdłuż bloku jest dostępny parking wyłącznie dla mieszkańców, co gwarantuje możliwość bezpłatnego zaparkowania samochodu o każdej porze dnia. Mieszkanie jest po generalnym remoncie z nowym sprzętem AGD, może być sprzedane z meblami. Pełna księga wieczysta. Lokalizacja bez konkurencji: • 2 minuty do głównego szpitala • 1 minuta pieszo do szkoły podstawowej i 5 minut do przedszkola • 5 minut pieszo do klubu tenisowego, 7 minut do pływalni • Wszystko w zasięgu spaceru - dużo sklepów, usługi, kawiarnie i restauracje • Miejski komfort bez miejskiego hałasu - bezpiecznie, zielono, spokojnie Cena: 920 000 zł (czyli 12 777 zł za metr kwadratowy powierzchni użytkowej). Czynsz: 1 100 zł miesięcznie. W przyszłości będzie możliwość zakupu garażu w sąsiednim bloku, który jest na poziomie piwnic, wyremontowany do standardu mieszkania z bieżącą wodą, światłem, dwoma okienkami i bramą elektroniczną, oraz oddzielną księgą wieczystą.",tak,,aneks,plastikowe,własność,Wyposażenie: lodówka,53.122734,23.154807
Białystok Wygoda,ul. Pułkowa,3,47,399000,8489.0,bez pośredników,,2,https://adresowo.pl/o/mieszkanie-bialystok-wygoda-ul-pulkowa-3-pokojowe-s9s7p6,https://s2.adresowa.pl/oi/40/7a/3c59cc_d36c_cover@2x-3-pokojowe-mieszkanie-bialystok-wygoda-ul-pulkowa.webp,Białystok Wygoda,Pułkowa,parter,1971.0,blok,,"Do sprzedania 3 pokojowe mieszkanie, 47 m2. w bloku z cegły. Parter blok 4-piętrowy. Mieszkanie jest dwustronne, pokój dzienny przechodni + 2 sypialnie jedna z balkonem, oddzielna kuchnia z oknem. Do mieszkania przynależy piwnica. Mieszkanie do odświeżenia, małego remontu, do własnej aranżacji. Podłogi: dębowy parkiet w pokojach, w korytarzu kuchni i łazience - terakota. Okna plastikowe. W korytarzu i w jednej sypialni są szafy wbudowane. Blok z cegły, ocieplony, w otoczeniu zieleni, w pobliżu park+plac zabaw, dostępne miejsca parkingowe. Mieszkanie jest ciepłe, środkowe. Mieszkanie zlokalizowane przy ul. Pułkowej, w bardzo dobrym punkcie komunikacyjnym, 3 przystanki do centrum komunikacją miejską. Ścieżka rowerowa + stacja BiKeRów po drugiej stronie ulicy. W najbliższym sąsiedztwie duży sklep spożywczy PSS Społem (Wygoda) warzywniaki, bar Topolanka, Netto, Żabka, apteki, żłobek, przedszkole, przychodnia, szkoła podstawowa, poczta, kwiaciarnia, sklep całodobowy, klub fintess, kompleks rekreacyjno-sportowy ""Węglowa"" i Muzeum Pamięci Sybiru. Oferta nie jest skierowana do biur nieruchomości, ewentualnie agentów zapraszam z klientem.",tak,,osobna,plastikowe,spółdzielcze własnościowe,,53.143495,23.184446
Białystok Centrum,ul. Nowy Świat,4,104,900000,8654.0,bez pośredników,,15,https://adresowo.pl/o/mieszkanie-bialystok-centrum-ul-nowy-swiat-4-pokojowe-q9c0m2,https://s2.adresowa.pl/oi/26/57/3c5588_383a_cover@2x-4-pokojowe-mieszkanie-bialystok-centrum-ul-nowy-swiat.webp,Białystok Centrum,Nowy Świat,parter,1955.0,blok,,"Ogłoszenie grzecznościowe. Proszę o kontakt telefoniczny pod podany numer. LOKAL MIESZKALNO-UŻYTKOWY PRZY UL. NOWY ŚWIAT. Oryginalna, niepowtarzalna nieruchomość. Mieszkanie w bardzo dobrym stanie i w idealnej lokalizacji. Mieszkanie jest gotowe do wprowadzenia, ewentualnie można przerobić na lokal usługowy. Atrakcyjny lokal mieszkalno-użytkowy dwupoziomowy o łącznej pow. 104m2 na parterze wraz z zaadaptowaną piwnicą. I poziom: 64,5m2 - wysokość ok. 270cm. II-gi poziom: ok. 40m2 - wysokość ok. 220cm. Mieszkanie usytuowane jest w bloku dwupiętrowym ze starszej cegły w samym Centrum miasta, na ulicy Nowy Świat. W skład mieszkania wchodzą: dwie sypialnie, kuchnia połączona z jadalnią i przedpokojem tworząc dużą otwartą przestrzeń, oraz duża, atrakcyjna łazienka razem z WC. Bezpośrednio z mieszkania jest zejście do lokalu użytkowego o pow. ok. 40m2, który składa się z salonu, sypialni (bez okna), łazienki i WC. Wszystko w bardzo dobrym stanie. Mieszkanie niestandardowe dla osób poszukujących oryginalnych rozwiązań. LOKAL MIESZKALNO-UŻYTKOWY ul. NOWY ŚWIAT. O atrakcyjności tego mieszkania stanowi fakt, że może być wykorzystany na mieszkanie, lub na prowadzenie działalności gospodarczej. Lokal może być wykorzystany na mieszkanie, biuro, gabinet.",tak,tak,,,własność,,53.134504,23.154761
Białystok Antoniuk,ul. Hanki Ordonówny,3,55,389000,7073.0,bez pośredników,,7,https://adresowo.pl/o/mieszkanie-bialystok-antoniuk-ul-hanki-ordonowny-3-pokojowe-n4h5l5,https://s2.adresowa.pl/oi/4a/55/3c5172_6363_cover@2x-3-pokojowe-mieszkanie-bialystok-antoniuk-ul-hanki-ordonowny.webp,Białystok Antoniuk,Hanki Ordonówny,2,,blok,,Mieszkanie 55 m. Ulica Hanki Ordonówny (Antoniuk). 3 Pokoje. 2 Piętro. Dostęp do parkingu pod blokiem na szlaban. Do mieszkania przydzielona piwnica. Wymieniona stolarka okienna i drzwi wejściowe. Stan jak na zdjęciach. Kontakt wyłącznie telefoniczny.,tak,,,,,,53.14054,23.127812
Białystok Zielone Wzgórza,ul. Lawendowa,4,64,460000,7188.0,bez pośredników,,8,https://adresowo.pl/o/mieszkanie-bialystok-zielone-wzgorza-ul-lawendowa-4-pokojowe-e8v3y0,https://s2.adresowa.pl/oi/78/71/3c3640_6632_cover@2x-4-pokojowe-mieszkanie-bialystok-zielone-wzgorza-ul-lawendowa.webp,Białystok Zielone Wzgórza,Lawendowa,3,,blok,,"Sprzedam mieszkanie 64m2. Salon, dwie sypialnie, łazienka, WC, oddzielna kuchnia. Stan mieszkania jak na zdjęciach. Możliwość kupna garażu obok bloku. Bezpośrednio od właściciela. Możliwość zamiany mieszkania na mniejsze z windą. Zapraszam do kontaktu.",,tak,osobna,,,,53.118517,23.094116
Białystok Nowe Miasto,ul. Wiejska,4,57,560000,9825.0,bez pośredników,,24,https://adresowo.pl/o/mieszkanie-bialystok-nowe-miasto-ul-wiejska-4-pokojowe-g5m3q2,https://s2.adresowa.pl/oi/17/49/3c0e6c_5d8f_cover@2x-4-pokojowe-mieszkanie-bialystok-nowe-miasto-ul-wiejska.webp,Białystok Nowe Miasto,Wiejska,3,1975.0,blok,,"Na sprzedaż 4-pokojowe mieszkanie 57,7 m² na osiedlu Nowe Miasto– blisko centrum i Politechniki. Na sprzedaż funkcjonalne i ustawne mieszkanie o powierzchni 57,7 m², położone na 3 piętrze w budynku 4-piętrowym z parterem, w świetnej lokalizacji – w bezpośrednim sąsiedztwie Politechniki Białostockiej oraz blisko centrum miasta. Układ mieszkania: • 4 pokoje – w tym jeden przejściowy. • kuchnia • łazienka z toaletą • korytarz Do mieszkania przynależy komórka piwniczna. Stan techniczny i wyposażenie: • mieszkanie gotowe do zamieszkania od ręki • stolarka okienna wymieniona 2 lata temu – trzyszybowe okna Oknoplast (bardzo dobra izolacja termiczna i akustyczna) • klatka schodowa po remoncie • na życzenie kupującego w mieszkaniu mogą pozostać wszystkie sprzęty: pralka, nowa kuchenka, telewizor – w cenie mieszkania. Media i łączność: • pełne media • telewizja satelitarna Cyfra+ • Internet światłowodowy 600 Mb/s • możliwość cesji umów lub rezygnacji – według decyzji kupującego Parking: Prawo do korzystania z trzech nieodpłatnych parkingów przy bloku, zabezpieczonych szlabanami. Lokalizacja i infrastruktura: • obok PSS Społem „Pogodny” wraz z jadłodajnią i piekarnią • w pobliżu dwa przedszkola, żłobek, apteka, ośrodek medyczny, sklepy • pełna infrastruktura osiedlowa i miejska Komunikacja i dojazdy: • Bezpośrednio przy bloku dwa przystanki komunikacji miejskiej, ścieżki rowerowe, stacje rowerów miejskich • świetna komunikacja z całym miastem • do centrum ok. 15 minut pieszo (spacerowym tempem) Informacje prawne: • tytuł własności: Spółdzielcze własnościowe z księgą wieczystą • mieszkanie obciążone kredytem hipotecznym - sprawa zostanie w całości uregulowana notarialnie przez sprzedającego przy transakcji. Mieszkanie idealne dla rodziny lub jako inwestycja pod wynajem (bliskość uczelni i centrum). Pośrednikom dziękujemy.",tak,,osobna,plastikowe,spółdzielcze własnościowe,"Wyposażenie: internet, kuchenka, pralka, telewizor",53.116624,23.144715
Białystok Zielone Wzgórza,ul. Rumiankowa,3,58,529000,9121.0,bez pośredników,,8,https://adresowo.pl/o/mieszkanie-bialystok-zielone-wzgorza-ul-rumiankowa-3-pokojowe-k8v3y4,https://s2.adresowa.pl/oi/72/2e/3c0704_9881_cover@2x-3-pokojowe-mieszkanie-bialystok-zielone-wzgorza-ul-rumiankowa.webp,Białystok Zielone Wzgórza,Rumiankowa,4,,blok,,"Na sprzedaż przestronne, nowoczesne 3-pokojowe mieszkanie o powierzchni 58,9 m², zlokalizowane na cichym i zielonym osiedlu - Zielone Wzgórza, przy ul. Rumiankowej w Białymstoku. Mieszkanie posiada: - przestronny salon wraz z zabudowanym balkonem, - dwie umeblowane sypialnie, - przestronną kuchnię z wysokiej klasy sprzętem AGD marki SAMSUNG i SHARP, - łazienkę z WC oraz dodatkowe osobne WC. Do mieszkania przynależy umeblowana piwnica. Lokalizacja: Osiedle Zielone Wzgórza posiada niewątpliwe atuty, jakimi są: świetna komunikacja, szkoły, przedszkola, galeria handlowa, punkty usługowe, przychodnie, a jednocześnie cisza i spokój. Mieszkanie dostępne od razu po podpisaniu aktu notarialnego. Cena: 529 000 zł (do negocjacji) - zapraszamy do kontaktu. Agencjom proponujemy prowizję 1,5%. Umowa na wyłączność wykluczona.",tak,,,,,,53.122108,23.10412
Białystok Piasta,ul. Skorupska,3,60,599000,9983.0,bez pośredników,,9,https://adresowo.pl/o/mieszkanie-bialystok-piasta-ul-skorupska-3-pokojowe-j8w0q1,https://s2.adresowa.pl/oi/53/41/3c0268_552c_cover@2x-3-pokojowe-mieszkanie-bialystok-piasta-ul-skorupska.webp,Białystok Piasta,Skorupska,2,1987.0,blok,,"Sprzedam mieszkanie – ul. Skorupska, os. Piasta I Cena: 599 000 zł (do negocjacji) Na sprzedaż przestronne i funkcjonalne mieszkanie o powierzchni 60,7 m², po generalnym remoncie, zlokalizowane na cenionym osiedlu Piasta I przy ul. Skorupskiej. Odległość od centrum miasta wynosi ok. 1,6 km w linii prostej. ⸻ Budynek i osiedle • Zadbany blok z szerokimi klatkami schodowymi • Mieszkanie bardzo ciepłe • Osiedle bezpieczne, zielone i przyjazne rodzinom • Boisko oraz place zabaw • W pobliżu sklepy, ryneczek, szkoły i przedszkola • Przystanki BKM ok. 50 m od budynku • Dużo ogólnodostępnych miejsc parkingowych ⸻ Mieszkanie • 2 piętro • Powierzchnia: 60,7 m² • Generalny remont – wymieniona instalacja elektryczna i hydrauliczna • Funkcjonalny, dwustronny układ pomieszczeń • Duży salon z wyjściem na przestronny balkon • Oddzielna kuchnia • Dwie sypialnie • Przestronny, jasny hol z miejscem na zabudowę • Łazienka z wanną i WC ⸻ Wyposażenie i standard Kuchnia: • Drewniane fronty • Blat z białego kwarcu • Sprzęt AGD mało używany, w bardzo dobrym stanie: • lodówka Samsung • zmywarka • kuchenka gazowa na czarnym szkle • piekarnik Samsung z funkcją podwójnego pieczenia • Mikrofala w zabudowie • Podłoga: terakota imitująca drewno Łazienka: • Po generalnym remoncie • Jasna, z dodatkowym oświetleniem • Dużo miejsca do przechowywania Pozostałe informacje: • Hol z miejscem na pralkę i zabudowę • Salon i sypialnie – drewniane podłogi (do odświeżenia) • W każdym pokoju przygotowane podłączenia pod TV (ukryte okablowanie) • Piwnica 5,70 ⸻ Opłaty • Czynsz: ok. 700–800 zł ⸻ Zapraszam do kontaktu telefonicznego Agencjom nieruchomości dziękuję.",tak,,osobna,plastikowe,własność,"Wyposażenie: kuchenka, lodówka, piekarnik, pralkę, tv, zmywarka",53.133818,23.182067
Białystok Antoniuk,ul. Władysława Broniewskiego,3,52,440000,8462.0,bez pośredników,,17,https://adresowo.pl/o/mieszkanie-bialystok-antoniuk-ul-wladyslawa-broniewskiego-3-pokojowe-o2y6h3,https://s2.adresowa.pl/oi/59/5f/3bf0dc_7e74_cover@2x-3-pokojowe-mieszkanie-bialystok-antoniuk-ul-wladyslawa-broniewskiego.webp,Białystok Antoniuk,Władysława Broniewskiego,4,1970.0,blok,,"Oferujemy na sprzedaż funkcjonalne mieszkanie o powierzchni 52,42 m2. Trzy duże pokoje położone na ostatnim 4 piętrze. Do mieszkania przynależy balkon i duża piwnica. Wymieniona instalacja elektryczna i gazowa. Osiedle Antoniuk. Blok znajduje się blisko VII Liceum Ogólnokształcącego, Technikum Mechanicznego, Szkoły Podstawowej nr 15 oraz dwóch przedszkoli. Dodatkowo bardzo blisko znajduje się Park Wierzbowa, liczne boiska, place zabaw. W bliskiej odległości sklepy - Galeria Antoniuk, JYSK, Madro. Dobrze rozwinięta komunikacja miejska - 5 minut pieszo - [numer], [numer][numer]. Duży parking pod blokiem, zamknięty szlabanem - tylko dla mieszkańców. Spokojna okolica, mili sąsiedzi. Chcesz dowiedzieć się więcej o tym mieszkaniu? Zadzwoń!",tak,,,,,,53.139833,23.130284
Białystok Centrum,ul. Lipowa,2,52,479000,9212.0,bez pośredników,,8,https://adresowo.pl/o/mieszkanie-bialystok-centrum-ul-lipowa-2-pokojowe-l3s0r1,https://s2.adresowa.pl/oi/62/73/3beb5c_2d39_cover@2x-2-pokojowe-mieszkanie-bialystok-centrum-ul-lipowa.webp,Białystok Centrum,Lipowa,2,1950.0,blok,,"2 pokoje | 52 m² | centrum Białegostoku | ul. Lipowa Na sprzedaż funkcjonalne, dwustronne mieszkanie o powierzchni 52 m², położone na 2. piętrze w 3-piętrowym budynku z cegły z lat 50., w ścisłym centrum Białegostoku – przy ul. Lipowej. Pośrednikom dziękuję – sprzedaż bezpośrednia. Proszę nie dzwonić w sprawie współpracy UKŁAD I POWIERZCHNIA - 2 niezależne pokoje - oddzielna kuchnia - łazienka - przedpokój - brak balkonu Wszystkie pomieszczenia są niezależne, co zapewnia komfort codziennego użytkowania oraz duży potencjał aranżacyjny. Mieszkanie jest dwustronne (północ–południe) – dobrze doświetlone i przewiewne. STAN TECHNICZNY - kuchnia i łazienka po remoncie z lat 2000 – w dobrym stanie technicznym - pokoje oraz korytarz odświeżone w 2025 roku (malowanie, panele) mieszkanie gotowe do zamieszkania, z możliwością modernizacji kuchni i łazienki według własnych potrzeb BUDYNEK - solidna konstrukcja z cegły (budownictwo powojenne) - niska zabudowa – 3 piętra - budynek po termoizolacji i wymianie dachu - brak windy - spokojne, zadbane otoczenie PARKING - parking przy budynku, za szlabanem - wjazd na pilota - tylko dla mieszkańców (miejsca ogólnodostępne – „kto pierwszy, ten lepszy”) - duży atut w centrum miasta LOKALIZACJA – UL. LIPOWA - ścisłe centrum Białegostoku - blisko szkoła podstawowa - sklepy, usługi, restauracje i kawiarnie w zasięgu kilku minut spacerem - bardzo dobra komunikacja miejska - lokalizacja idealna zarówno do zamieszkania, jak i pod wynajem INFORMACJE FORMALNE - pełna własność - księga wieczysta - czynsz ok. 700 zł (3 osoby, z zaliczkami na wodę i ogrzewanie) do mieszkania przynależy piwnica",tak,,osobna,,własność,,53.133521,23.15165
Białystok Nowe Miasto,ul. Wiadukt,3,47,533000,11340.0,bez pośredników,,12,https://adresowo.pl/o/mieszkanie-bialystok-nowe-miasto-ul-wiadukt-3-pokojowe-l3e9e7,https://s2.adresowa.pl/oi/1b/68/3bdbc2_f978_cover@2x-3-pokojowe-mieszkanie-bialystok-nowe-miasto-ul-wiadukt.webp,Białystok Nowe Miasto,Wiadukt,parter,2018.0,apartamentowiec,,"Oferta dodana za pomocą ADDOM. Na sprzedaż atrakcyjne mieszkanie o powierzchni 47,6 m2 z 20-sto metrowym tarasem w jednej z najlepszych lokalizacji przy ul. Wiadukt na Nowym mieście. Nieruchomość znajduje się na wysokim parterze w nowoczesnym apartamentowcu z 2018 roku. Składa się z: - salonu połączonego z nowoczesnym, eleganckim aneksem kuchennym w modnym stylu, z którego wychodzimy na duży taras/ogródek z domkiem na narzędzia; - sypialni z zabudową typu garderoba i dużym łóżkiem w komplecie; - przestronnego pokoju z dużą zabudową typu garderoba; - dużej, nowoczesnej łazienki z dużą wanną w jasnych, modnych kolorach; - dużego korytarza z wielką zabudową typu garderoba. Mieszkanie zostało wykończone w wysokim standardzie i materiałami wysokiej jakości. Przed budynkiem znajduje się rozległy parking. W okolicy cała potrzebna infrastruktura oraz Stadion Chorten Arena, gdzie oprócz meczy odbywają się różne ciekawe eventy. Wokół piękne tereny zielone ze ścieżką rowerową. Jest to świetna propozycja na inwestycję, pierwsze mieszkanie lub mieszkanie dla starszych rodziców. Zapraszam do obejrzenia mieszkania.",,,aneks,,,,53.099097,23.131389
Białystok Antoniuk,ul. Knyszyńska,2,55,730000,13273.0,bez pośredników,,20,https://adresowo.pl/o/mieszkanie-bialystok-antoniuk-ul-knyszynska-2-pokojowe-v5e4x5,https://s2.adresowa.pl/oi/26/6a/3bd030_a591_cover@2x-2-pokojowe-mieszkanie-bialystok-antoniuk-ul-knyszynska.webp,Białystok Antoniuk,Knyszyńska,8,2023.0,apartamentowiec,,"Na sprzedaż przytulne, funkcjonalne mieszkanie o powierzchni 55 m², położone na 8. piętrze (z 9) nowoczesnego budynku oddanego do użytku w 2023 roku, przy ul. Knyszyńskiej 8A w Białymstoku. Lokal jest w pełni urządzony i gotowy do zamieszkania. Dużym atutem jest przestronny balkon o powierzchni ok. 12 m² z pięknym widokiem na ulicę Lipową oraz kościół św. Rocha. Bez pośredników. Mieszkanie wykończone z dbałością o detale, m.in. meble lakierowane na wymiar, kamienne blaty, płyta (ruchomej) wyspy oraz parapety. Lokal wyposażony w klimatyzację z funkcją grzania o mocy 3,5 kW. W skład mieszkania wchodzą: - Przestronny salon z otwartą kuchnią i wyjściem na balkon - Sypialnia z wyjściem na balkon - Łazienka z WC i prysznicem - Balkon 12 m² Osiedle Mieszkanie znajduje się w nowoczesnym i zadbanym budynku z windą. To komfortowe miejsce do życia dla osób ceniących nową zabudowę, funkcjonalny układ mieszkania oraz widoki z wyższych pięter. Niewątpliwym atutem nieruchomości jest trwały, otwarty widok, który nie zostanie w przyszłości ograniczony przez nową zabudowę - cecha coraz rzadziej spotykana w tej części miasta. Lokalizacja Mieszkanie położone jest w świetnie skomunikowanej części Białegostoku. Ulica Lipowa znajduje się w odległości ok. 10 minut spacerem, co zapewnia szybki dostęp do centrum miasta, restauracji, sklepów i punktów usługowych. Bardzo dobra komunikacja samochodowa - szybki i wygodny dojazd do obwodnicy miasta. Dworzec PKS również w odległości nie większej niż 10 min spacerem. Dodatkowe informacje: - możliwość dokupienia miejsca postojowego w garażu podziemnym - możliwość zakupu komórki lokatorskiej - czynsz administracyjny wynosi 600 zł. Po więcej informacji zapraszam do kontaktu telefonicznego.",tak,tak,osobna,plastikowe,własność,,53.138042,23.13875
Białystok Białostoczek,al. Tysiąclecia Państwa Polskiego,3,63,650000,10317.0,bez pośredników,,8,https://adresowo.pl/o/mieszkanie-bialystok-bialostoczek-al-tysiaclecia-panstwa-polskiego-3-pokojowe-i0w8l0,https://s2.adresowa.pl/oi/7e/43/3bcdb4_4d6c_cover@2x-3-pokojowe-mieszkanie-bialystok-bialostoczek-al-tysiaclecia-panstwa-polskiego.webp,Białystok Białostoczek,Tysiąclecia Państwa Polskiego,parter,2004.0,blok,,"Przestronne 3 pokojowe na Białostoczku przy ul. 1000-lecia P.P, 63m2 (2004r.). Na sprzedaż słoneczne, dwustronne mieszkanie o powierzchni 63m2, w świetnie zaprojektowanej przestrzeni na wysokim parterze w bloku 3-piętrowym z cegły z 2004 roku. Mieszkanie ma idealny rozkład: pokoje są ustawne, dobrze doświetlone i dają możliwości aranżacyjne. Dużym atutem jest lokalizacja - osiedle Białostoczek przy ul. 1000-lecia P.P, obok Zespołu Szkół Elektrycznych. W okolicy znajdują się sklepy, szkoły, przedszkola. Dobra komunikacja miejska oraz bardzo szybki dojazd do centrum. Lokalizacja: Białystok, osiedle Białostoczek przy ul. 1000-lecia P.P. Cena: 650 000 zł. W skład mieszkania wchodzą: - 3 ustawne, oddzielne pokoje. - Duża, jasna kuchnia. - Duża łazienka. - Balkon. - Piwnica. Mieszkanie gotowe do zamieszkania albo do zmian wedle potrzeby. Zapraszam do kontaktu.",tak,,,,,,53.150454,23.154911
Białystok Dziesięciny,ul. Leszczynowa,3,60,469000,7817.0,bez pośredników,,16,https://adresowo.pl/o/mieszkanie-bialystok-dziesieciny-ul-leszczynowa-3-pokojowe-t7u5z5,https://s2.adresowa.pl/oi/35/40/3bc7c0_4c47_cover@2x-3-pokojowe-mieszkanie-bialystok-dziesieciny-ul-leszczynowa.webp,Białystok Dziesięciny,Leszczynowa,3,1979.0,blok,,"Sprzedam jasne, dwustronne 3-pokojowe mieszkanie o powierzchni 60,8 m², położone na 3. piętrze w niskim, 4-piętrowym bloku przy ul. Leszczynowej 50 w Białymstoku. Układ mieszkania: - salon z wyjściem na balkon typu loggia - 2 sypialnie - oddzielna, przestronna kuchnia (gaz z sieci, ryczałt) - duży przedpokój z szafą w zabudowie - łazienka + osobne WC - piwnica 5,5 m² Mieszkanie do odświeżenia - idealne do aranżacji według własnych potrzeb. Stałe zabudowy (szafa, kuchnia, łazienka) w cenie. Budynek po termomodernizacji, spokojna okolica, z dala od głównych ulic. Bezpłatne i ogólnodostępne miejsca parkingowe. W pobliżu sklepy, szkoły, usługi. Szybki wyjazd na obwodnicę Białegostoku. Informacje formalne: • odrębna własność • księga wieczysta • brak obciążeń To mieszkanie łączy funkcjonalny rozkład, balkon, oddzielną kuchnię, dobrą lokalizację oraz duży potencjał aranżacyjny. Idealne zarówno dla rodziny, jak i jako inwestycja pod wynajem. Zapraszam do kontaktu i na prezentację. Pamiętaj najlepiej obejrzeć mieszkanie i zobaczyć jego potencjał, ponieważ zdjęcia nie oddają wszystkiego. Nie trać czasu i dzwoń. Agencjom i pośrednikom dziękuję za kontakt.",tak,,osobna,drewniane,własność,,53.152496,23.128027
Białystok Wysoki Stoczek,ul. Swobodna,3,61,550000,9016.0,bez pośredników,,8,https://adresowo.pl/o/mieszkanie-bialystok-wysoki-stoczek-ul-swobodna-3-pokojowe-q0k7w2,https://s2.adresowa.pl/oi/58/30/3bc348_4fba_cover@2x-3-pokojowe-mieszkanie-bialystok-wysoki-stoczek-ul-swobodna.webp,Białystok Wysoki Stoczek,Swobodna,parter,1985.0,blok,,"Mieszkanie z ogródkiem | 61,5 m² | Wysoki Stoczek | ul. Swobodna Na sprzedaż przestronne mieszkanie o powierzchni 61,5 m², położone na parterze czteropiętrowego bloku na cenionym osiedlu Wysoki Stoczek, przy ulicy Swobodnej. Nieruchomość znajduje się w spokojnej, zielonej okolicy, w sąsiedztwie łąk oraz domów jednorodzinnych — idealne miejsce do życia z dala od miejskiego zgiełku, a jednocześnie z bardzo dobrym dojazdem do centrum miasta. Układ mieszkania: duży, jasny pokój z wyjściem na balkon i bezpośrednim zejściem do własnego ogródka dwa oddzielne, ustawne pokoje, osobna kuchnia, łazienka i toaleta oddzielnie Atuty nieruchomości: parter w niskim bloku balkon z wyjściem do ogródka plac zabaw naprzeciwko bloku cicha i zielona okolica w pobliżu szkoła oraz przedszkole bardzo dobre połączenie z centrum miasta Mieszkanie idealne dla rodziny, pary lub jako inwestycja pod wynajem. Kontakt tel",tak,,osobna,plastikowe,własność,,53.147279,23.108127
Białystok,Zielone Wzgórza,3,66,609000,9227.0,bez pośredników,,16,https://adresowo.pl/o/mieszkanie-bialystok-zielone-wzgorza-3-pokojowe-66-m2-y4l8v3,https://s2.adresowa.pl/oi/79/73/3bc156_7568_cover@2x-3-pokojowe-mieszkanie-bialystok-zielone-wzgorza.webp,Białystok Zielone Wzgórza,,3,1992.0,blok,,"Przestronne i funkcjonalne, trzypokojowe mieszkanie w Białymstoku, os. Zielone Wzgórza. Mieszkanie położone na trzecim piętrze w trzypiętrowym bloku z cegły, wybudowanym w 1992 roku. Na powierzchni 66,7 m2 znajdują się: salon, jedna sypialnia, gabinet, kuchnia połączona delikatnie z salonem (tj. na zdjęciach) z oknem, oddzielne WC, korytarz. Wysokość do sufitu 2,6m. Do mieszkania przynależy balkon oraz piwnica o pow. 10m2 i pomieszczenie do trzymania rowerów i innych przedmiotów przez lokatorów. Standard wykończenia: - ściany: gładzie gipsowe, glazura - podłogi: drzewo - okna: drewniane Wyposażenie oferowane w cenie: do uzgodnienia. Komunikacja: Linie autobusowe nr 8, 2.1, 2.3, 2.5, 2.8, 1.07. Rekreacja: Plac zabaw, boisko, ścieżki rowerowe, rowery miejskie, tereny zielone, siłownie. Usługi: Bank, fryzjer, sklepy spożywcze, przychodnia, szkoła, przedszkole, poczta, galeria handlowa Carrefour. Sprzedaż prywatna - bez pośredników. Biurom nieruchomości dziękuję.",tak,,,drewniane,własność,,53.132489,23.16884
Białystok,Centrum,3,52,559000,10750.0,bez pośredników,,8,https://adresowo.pl/o/mieszkanie-bialystok-centrum-3-pokojowe-52-m2-a9p6l3,https://s2.adresowa.pl/oi/6c/3c/3bbce6_e9c5_cover@2x-3-pokojowe-mieszkanie-bialystok-centrum.webp,Białystok Centrum,,3,1960.0,blok,,"Oferuję na sprzedaż komfortowe mieszkanie na trzecim piętrze w bloku z cegły z lat sześćdziesiątych. Składa się z trzech pokoi oraz jest umeblowane. Mieszkanie ma nowoczesny wystrój, a podłogi wykończone są w wysokiej jakości materiałach. W kuchni, łazience i korytarzu zastosowano eleganckie płytki. Dużym atutem jest łazienka z oknem od strony południowej, co bardzo rozświetla mieszkanie. W kuchni znajduje się płyta indukcyjna, piekarnik, pralka, pochłaniacz, zmywarka i lodówka. Mieszkanie posiada balkon typu loggia, dużą piwnicę z okienkami, a na czwartym piętrze jest suszarnia. Lokalizacja jest bardzo dogodna. Znajdziesz tu wiele punktów usługowych, szkół oraz parków. W pobliżu znajdują się sklepy, kawiarnie i restauracje. Komunikacja miejska jest dobrze rozwinięta, co ułatwia codzienne dojazdy. Dwie galerie handlowe znajdują się w zasięgu spaceru. Nie przegap tej okazji! Umów się na oglądanie mieszkania już dziś.",tak,,,,,"Wyposażenie: lodówka, piekarnik, pralka, zmywarka",53.132489,23.16884
Białystok Bojary,ul. Józefa Ignacego Kraszewskiego,3,63,895000,14206.0,bez pośredników,,19,https://adresowo.pl/o/mieszkanie-bialystok-bojary-ul-jozefa-ignacego-kraszewskiego-3-pokojowe-l5a3y7,https://s2.adresowa.pl/oi/44/34/3bbc70_568d_cover@2x-3-pokojowe-mieszkanie-bialystok-bojary-ul-jozefa-ignacego-kraszewskiego.webp,Białystok Bojary,Józefa Ignacego Kraszewskiego,9,2026.0,blok,,"NOWE, urządzone 3-pokojowe mieszkanie o powierzchni 63,86 m2, zlokalizowane na osiedlu NOWE BOJARY, przy ul. Kraszewskiego/Łąkowej. Mieszkanie znajduje się na IX p. z dwoma windami. W skład mieszkania wchodzi salon z aneksem kuchennym i klimatyzacją (wyjście na 12 m2 balkon), 2 sypialnie, przedpokój, oraz łazienka z WC (prysznic plus wanna, pralka, suszarka). Kuchnia zabudowana wraz ze sprzętem AGD (lodówka, zmywarka, piekarnik, płyta indukcyjna, okap). Bardzo dobra infrastruktura osiedla, w pobliżu liczne sklepy, przystanek, szkoła, przedszkole oraz przychodnia. Do mieszkania należy dokupić miejsce postojowe w kwocie 45000 zł plus komórkę za 10000 zł.",tak,tak,aneks,plastikowe,własność,"Wyposażenie: lodówka, piekarnik, pralka, suszarka, zmywarka",53.137658,23.176322
Białystok Białostoczek,ul. Sokólska,3,60,460000,7667.0,bez pośredników,,15,https://adresowo.pl/o/mieszkanie-bialystok-bialostoczek-ul-sokolska-3-pokojowe-k1x6s5,https://s2.adresowa.pl/oi/24/7a/3bb578_6fe4_cover@2x-3-pokojowe-mieszkanie-bialystok-bialostoczek-ul-sokolska.webp,Białystok Białostoczek,Sokólska,4,1980.0,blok,,"Na sprzedaż mieszkanie 3-pokojowe, os. Białostoczek - bez pośredników. Sprzedam bez udziału pośredników mieszkanie 3-pokojowe na osiedlu Białostoczek przy ul. Sokólskiej, idealne dla rodziny. Mieszkanie ma 60,4 m² i znajduje się w niedużym, 3-klatkowym bloku na 4. piętrze. Składa się z trzech osobnych pokoi, oddzielnej kuchni, korytarza i łazienki. Jest bardzo przestrzenne i ustawne. Z salonu wychodzi się na nieduży balkon. W korytarzu, salonie, średnim pokoju i kuchni znajdują się stałe zabudowy, które pozostaną w mieszkaniu. W kuchni, oprócz szafek, zostanie też mało używana zmywarka, płyta kuchenna i piekarnik. Do mieszkania przynależy piwnica. Klatka schodowa jest po remoncie. Mieszkanie znajduje się w bloku położonym w najładniejszej, starszej części osiedla, gdzie jest dużo zieleni, drzewa, które dają cień latem. Wyjście z klatki nie wychodzi bezpośrednio na ulicę, a na skwerek, który służy także jako plac zabaw dla dzieci. Wokół bloku jest dużo przestrzeni, jest gdzie pospacerować. Blisko znajduje się sklep spożywczy, szkoła, przedszkole, przystanek komunikacji miejskiej. Z okien mamy przepiękny widok na drzewa. Do centrum Białegostoku można szybko dojechać lub nawet dojść pieszo w ciągu 15 minut. Agencjom nieruchomości oraz pośrednikom dziękuję.",tak,,osobna,,,"Wyposażenie: piekarnik, zmywarka",53.148433,23.150459
Białystok,Dojlidy Górne,2,53,699000,13189.0,bez pośredników,,9,https://adresowo.pl/o/mieszkanie-bialystok-dojlidy-gorne-2-pokojowe-53-m2-e3p4q3,https://s2.adresowa.pl/oi/48/6f/3bb57a_315b_cover@2x-2-pokojowe-mieszkanie-bialystok-dojlidy-gorne.webp,Białystok Dojlidy Górne,,parter,2020.0,blok,,"Na sprzedaż wyjątkowe, 53‑metrowe mieszkanie z prywatnym ogródkiem ok. 60 m², położone w kameralnym, sześciolokalowym budynku w spokojnej, zielonej okolicy tuż przy lesie. To idealna propozycja dla osób, które cenią komfort, prywatność i bliskość natury. Mieszkanie zostało zaprojektowane z myślą o wygodzie i funkcjonalności. Składa się z: jasnego salonu z aneksem kuchennym, przytulnej sypialni, dodatkowego pokoju — idealnego jako gabinet, pokój dziecka lub przestrzeń do pracy, eleganckiej łazienki, wiatrołapu i niewielkiego korytarzyka. Ogrzewanie gazowe zapewnia komfort cieplny przez cały rok: podłogowe w części mieszkania, kaloryfery w pokojach, które pozwalają szybko dogrzać pomieszczenia. Do mieszkania przynależy przestronny ogródek ok. 60 m², który tworzy wyjątkową przestrzeń do odpoczynku. Znajdują się w nim: taras — idealny na poranną kawę lub wieczorne spotkania, drewniany składzik na narzędzia, rowery i rzeczy sezonowe. Miejsce parkingowe tuż przed budynkiem, kameralny budynek — tylko 6 mieszkań, spokojne, bezpieczne otoczenie. - 5 minut spacerem do przystanku MPK, - w pobliżu szkoła, przedszkole i sklep, - bliskość lasu — idealna na spacery, bieganie i aktywny wypoczynek. To idealne miejsce dla osób, które szukają harmonii między wygodą mieszkania a urokiem domu z ogródkiem. Świetne dla pary, singla, rodziny z dzieckiem lub osób pracujących zdalnie.",,,aneks,,własność,,53.132489,23.16884
Białystok Słoneczny Stok,ul. Upalna,3,62,469000,7565.0,bez pośredników,,8,https://adresowo.pl/o/mieszkanie-bialystok-sloneczny-stok-ul-upalna-3-pokojowe-p7b1w0,https://s2.adresowa.pl/oi/20/54/3ba724_4816_cover@2x-3-pokojowe-mieszkanie-bialystok-sloneczny-stok-ul-upalna.webp,Białystok Słoneczny Stok,Upalna,2,,blok,,"Sprzedam 3-pokojowe mieszkanie zlokalizowane w Białymstoku przy ul. Upalnej (osiedle Słoneczny Stok) - cicha i spokojna okolica. Powierzchnia mieszkania: 62,90m2 + duża piwnica 6,60m2. W skład mieszkania wchodzą: - łazienka z WC, - kuchnia, - przestronny salon z dużym balkonem, - dwa pokoje, - korytarz. W 2025 roku przeprowadzono pełną renowację całego pionu klatki, wymieniono całą instalację elektryczną, dodano nowe oświetlenie i zamontowano nowe domofony. Dużym atutem mieszkania jest przedsionek, oddzielający klatkę od mieszkania, który świetnie izoluje akustyczne odgłosy z klatki i może służyć jako dodatkowe miejsce do przechowywania rzeczy. W okolicy bardzo dobrze rozwinięta infrastruktura, co czyni miejsce atrakcyjnym dla każdego. W pobliżu: Szkoła podstawowa i liceum - około 550m Pływalnia/Basen - około 450m Liczne sklepy spożywcze Duży plac zabaw z amfiteatrem Galeria Zielone Wzgórze/ Carrefour - około 850m Serdecznie zapraszam do obejrzenia! Agencjom dziękujemy.",tak,,,,,,53.12707,23.102558
Białystok Wysoki Stoczek,ul. Zagórna,2,32,419000,13094.0,bez pośredników,,16,https://adresowo.pl/o/mieszkanie-bialystok-wysoki-stoczek-ul-zagorna-2-pokojowe-t8f7m6,https://s2.adresowa.pl/oi/6c/49/3b9b7a_3170_cover@2x-2-pokojowe-mieszkanie-bialystok-wysoki-stoczek-ul-zagorna.webp,Białystok Wysoki Stoczek,Zagórna,3,1980.0,blok,,"Mieszkanie jest w trakcie remontu. Zdjęcia przedstawiają standard wykonania. Na tym etapie możliwe zmiany pod nowego właściciela. Zakup bezpośrednio od właściciela oszczędza Ci dodatkowych prowizji. Zapraszam do zapoznania się z ofertą sprzedaży dwupokojowego mieszkania o powierzchni 32,37 m², położonego na trzecim piętrze bloku na osiedlu Wysoki Stoczek w Białymstoku. Mieszkanie składa się z: Dwóch ustawnych pokoi – idealnych na sypialnię i salon Kuchni z pełnym wyposażeniem AGD (lodówka, zmywarka, okap, płyta gazowa, piekarnik) oraz zabudową stolarską wykonaną przez doświadczonego stolarza z myślą o ergonomii Łazienki z nowoczesnym prysznicem i lustrem LED. Przedpokoju z zabudową Balkonu i piwnicy – dodatkowa przestrzeń do przechowywania Najważniejsze atuty Generalny remont – wymienione wszystkie instalacje elektryczne i hydrauliczne. Staranność wykonania i wysoka jakość materiałów – wszystko nowe, gotowe do użytku. Świetna lokalizacja – spokojne osiedle, dobrze skomunikowane z centrum. Duży parking pod blokiem – koniec z problemem parkowania. Mieszkanie wolne od wad prawnych i zadłużeń – pełne bezpieczeństwo transakcji Idealne dla osób ceniących wygodę, nowoczesność i funkcjonalność. Możliwość obejrzenia mieszkania ze zdjęć w celu weryfikacji standardu oraz wprowadzenia ewentualnych zmian. ***Powyższa oferta ma charakter informacyjny i nie stanowi oferty handlowej w rozumieniu art. 66 Kodeksu Cywilnego**",tak,,aneks,plastikowe,własność,"Wyposażenie: lodówka, piekarnik, zmywarka",53.150177,23.115615
Białystok Centrum,ul. kard. Stefana Wyszyńskiego,4,62,479000,7726.0,bez pośredników,,25,https://adresowo.pl/o/mieszkanie-bialystok-centrum-ul-kard-stefana-wyszynskiego-4-pokojowe-u9e0g9,https://s2.adresowa.pl/oi/13/3a/3b996a_5c18_cover@2x-4-pokojowe-mieszkanie-bialystok-centrum-ul-kard-stefana-wyszynskiego.webp,Białystok Centrum,kard. Stefana Wyszyńskiego,4,1976.0,blok,,"Bezpośrednio sprzedam mieszkanie w doskonałej lokalizacji w centrum Białegostoku. Nieruchomość znajduje się na 4 piętrze w 4-piętrowym bloku. Świetna lokalizacja – kultowe Przydworcowe. Dobrze rozwinięta infrastruktura osiedla, w pobliżu znajdują się sklepy, szkoły i przedszkola, punkty usługowe, przystanki komunikacji miejskiej, jest wszystko co potrzeba, aby żyć wygodnie. 1. Podstawowe informacje Mieszkanie o powierzchni 62,20 mkw składa się z: - przestronnego salonu z wyjściem na niewielki balkon, - trzech oddzielnych sypialni - oddzielnej kuchni, - łazienki z WC, - przedpokoju. 2. Więcej szczegółów o mieszkaniu Układ – słoneczne, rozkładowe, dwustronne (okna na pn-wsch i pł-zach), zatem każdy znajdzie coś dla siebie. 4 rozkładowe pokoje – proszę spojrzeć na rzut w zdjęciach. Przy czym POKÓJ 4 jest przechodni z POKOJEM 3 (pierwotnie był między nimi korytarz zlikwidowany ze względu na zmarnowaną powierzchnię i to że było w korytarzu ciemno) Łazienka przerobiona na wspólną z WC (pierwotnie WC było oddzielnie, połączenie miało na celu powiększenie przestrzeni łazienkowej) Na podłogach panele, w łazience płytki Mieszkanie do odświeżenia lub remontu - w zależności od potrzeb nowych właścicieli W kuchni kuchenka i zmywarka Bliskość szkół, przedszkoli, Politechniki Białostockiej, Dworca PKP i PKS, Filharmonii Białostockiej Do mieszkania przynależy piwnica, ok 6 mkw Parkowanie auta pod blokiem, nie ma przydzielonych miejsc parkingowych Kultowy sklep Kometa PSS Społem i Biedronka w zasięgu kilku minut piechotą w jedną stronę, w drugą stronę Żabka i Zus Rzut beretem do przystanków autobusowych w każdym kierunku miasta 3. Informacje formalne Dostępność: od ręki Stan prawny: spółdzielcze własnościowe prawo do lokalu z KW, brak obciążeń Czynsz administracyjny przy dwóch osobach (w tym zaliczki na wodę, ogrzewanie, wywóz nieczystości) - ok 800 zł/ mc Raz w roku opłata podatku od gruntu do Urzędu Miasta na kwotę ok 150 zł (w roku 2026). Agencjom nieruchomości dziękuje za współpracę, proszę się nie kontaktować. Bardzo szanuję państwa pracę i oczekuję, że uszanujecie tę prośbę. Powyższa oferta ma charakter informacyjny i nie stanowi oferty handlowej w rozumieniu art. 66 Kodeksu Cywilnego.",tak,,osobna,plastikowe,własność,"Wyposażenie: kuchenka, zmywarka",53.128711,23.14097
Białystok Słoneczny Stok,ul. Stroma,3,58,630000,10862.0,bez pośredników,,8,https://adresowo.pl/o/mieszkanie-bialystok-sloneczny-stok-ul-stroma-3-pokojowe-x8e4v4,https://s2.adresowa.pl/oi/18/79/3b942e_f00a_cover@2x-3-pokojowe-mieszkanie-bialystok-sloneczny-stok-ul-stroma.webp,Białystok Słoneczny Stok,Stroma,parter,2009.0,blok,,"Sprzedam mieszkanie w Białymstoku, 58,80m2 na Słonecznym Stoku, ul. Stroma. Trzy pokoje, kuchnia zabudowana, 2 przedpokoje. Balkon zabudowany z zejściem do ogródka.",,,,,,,53.130404,23.104943
Białystok Piaski,ul. Bolesława Chrobrego,3,48,435000,9062.0,bez pośredników,,6,https://adresowo.pl/o/mieszkanie-bialystok-piaski-ul-boleslawa-chrobrego-3-pokojowe-m2e5o9,https://s2.adresowa.pl/oi/1e/44/3b8fd6_6668_cover@2x-3-pokojowe-mieszkanie-bialystok-piaski-ul-boleslawa-chrobrego.webp,Białystok Piaski,Bolesława Chrobrego,3,,blok,,"Na sprzedaż lub wynajem. Mieszkanie znajdujące się na 3. piętrze przy ul. Chrobrego. Mieszkanie o powierzchni 48 m², składa się z 3 pokoi, kuchni, łazienki i WC. Do mieszkania przynależy również piwnica. Budynek nie posiada windy. Mieszkanie zlokalizowane jest blisko szkoły i sklepów. Do centrum jest bardzo blisko. Status prawny: spółdzielczo-własnościowe. Możliwość sprzedaży bezpośrednio lub zamiany na 2-pokojowe mieszkanie na parterze za dopłatą. Ewentualnie wynajem. Lokalizacja: Białystok. Proszę kontaktować się telefonicznie. Proszę aby pośrednicy nieruchomości nie dzwonili . Dziękuję Mieszkanie można obejrzeć.",tak,,,,spółdzielcze własnościowe,,53.130674,23.185028
Białystok,ul. Zachodnia,3,60,575000,9583.0,bez pośredników,,10,https://adresowo.pl/o/mieszkanie-bialystok-ul-zachodnia-3-pokojowe-j0h5b6,https://s2.adresowa.pl/oi/5e/5e/3b80ea_656d_cover@2x-3-pokojowe-mieszkanie-bialystok-ul-zachodnia.webp,Białystok ,Zachodnia,parter,2002.0,blok,,"Sprzedam mieszkanie 60,5 m² - gotowe do zamieszkania, umeblowane i wyposażone. Mieszkanie o powierzchni 60,5 m², na parterze budynku, składające się z: - trzech pokoi - kuchni - łazienki - balkonu - piwnicy - garderoby. Zaledwie minuta pieszo od mieszkania: przedszkole, szkoła podstawowa, sklepy, komunikacja miejska, tereny zielone. Dodatkowo jest możliwość dokupienia garażu 18 m², znajdującego się obok mieszkania, w kwocie 80 tys. zł. Ceny do negocjacji.",tak,,osobna,,własność,,53.112499,23.134874
Białystok Bojary,ul. Łąkowa,2,38,580000,15263.0,bez pośredników,,8,https://adresowo.pl/o/mieszkanie-bialystok-bojary-ul-lakowa-2-pokojowe-z0u3r2,https://s2.adresowa.pl/oi/15/2d/3b8016_f07a_cover@2x-2-pokojowe-mieszkanie-bialystok-bojary-ul-lakowa.webp,Białystok Bojary,Łąkowa,1,1997.0,kamienica,,"Witam, Sprzedam nowoczesny, bardzo starannie wykończony, 2-pokojowy apartament. Mieszkanie znajduje się w nowej, ekskluzywnej kamienicy na Łąkowej 20. Lokal jest w pełni wyposażony i umeblowany, wszystkie zabudowy na wymiar, na podłodze deska barlinecka, włoski gres. Zarówno pod względem lokalizacji, jak i walorów estetycznych, jest to jedna z najładniejszych inwestycji w Białymstoku. Pełne wyposażenie: lodówka z zamrażarką, duża zmywarka, indukcja, piekarnik, itp. Bardzo duża kuchnia z wyspą, wszystkie szafki z automatycznymi odciągami. Teren ogrodzony i monitorowany. Z tyłu kamienicy znajduje się parking dla mieszkańców i niewielki plac zabaw. Wjazd i wyjazd oczywiście na pilota. W razie jakichkolwiek pytań proszę o kontakt. Sprzedaż bezpośrednio przez właściciela. Proszę pośredników o niedzwonienie.",,,,,,"Wyposażenie: lodówka, piekarnik, zmywarka",53.137581,23.16994
Białystok Wygoda,ul. Józefa Ignacego Kraszewskiego,2,44,330000,7500.0,bez pośredników,,7,https://adresowo.pl/o/mieszkanie-bialystok-wygoda-ul-jozefa-ignacego-kraszewskiego-2-pokojowe-d1u7j1,https://s2.adresowa.pl/oi/2f/2c/3b7e2e_a194_cover@2x-2-pokojowe-mieszkanie-bialystok-wygoda-ul-jozefa-ignacego-kraszewskiego.webp,Białystok Wygoda,Józefa Ignacego Kraszewskiego,3,,blok,,"Sprzedam mieszkanie do remontu o powierzchni 44m2, dwustronne, III piętro. Lokal składa się z dwóch pokoi, kuchni i łazienki. Wokół bloku dużo parkingów. Bardzo dogodna lokalizacja - blisko centrum, cicha okolica. Rok budowy - lata 70. Czynsz ok. 600 zł. Sprzedaż bezpośrednia, agencjom dziękuję!",,,,,,,53.137658,23.176322
Białystok Leśna Dolina,ul. Bacieczki,3,64,579000,9047.0,bez pośredników,,8,https://adresowo.pl/o/mieszkanie-bialystok-lesna-dolina-ul-bacieczki-3-pokojowe-j8l0t9,https://s2.adresowa.pl/oi/32/6a/3b792a_c9f6_cover@2x-3-pokojowe-mieszkanie-bialystok-lesna-dolina-ul-bacieczki.webp,Białystok Leśna Dolina,Bacieczki,4,1997.0,blok,,"NA SPRZEDAŻ - 64.8 m² - Leśna Dolina, przestronne, ciepłe i ciche. 3 pokoje po remoncie Na sprzedaż bardzo komfortowe, w pełni wyposażone mieszkanie o powierzchni 64,8 m², położone przy ul. Bacieczki 225 na Leśnej Dolinie w Białymstoku. Mieszkanie jest skrajne, co daje dużą prywatność. ATUTY MIESZKANIA: - wyższy standard wykończenia, po remoncie - gotowe do zamieszkania, nie wymaga wkładu finansowego - nowoczesne wnętrza, kuchnia na wymiar od stolarza, sprzęt AGD najwyższej jakości, mieszkanie wyremontowane pod siebie - klimatyzacja sterowana z telefonu - duży, zabudowany balkon - funkcjonalny układ pomieszczeń ROZKŁAD (4 piętro z 4, budynek z 1997, cegła): • przestronny salon z kuchnią • 2 sypialnie • pomieszczenie gospodarcze/garderoba • łazienka, oddzielnie WC • duży hol LOKALIZACJA Leśna Dolina - spokojne, ciche i dobrze skomunikowane z centrum osiedle. W zasięgu ręki: sklepy, szkoły, przedszkola, las, basen, komunikacja miejska. CENA: 579 000 zł - DO NEGOCJACJI! Dodatkowo posiadam garaż jednostanowiskowy (15m2) w bloku obok. W garażu stojaki na rowery, opony i liczne szafki. Cena 85 000. Zapraszam do kontaktu w wiadomości prywatnej lub telefonicznie. Pośrednikom dziękuję.",,tak,aneks,,,Wyposażenie: klimatyzacja,53.130677,23.086429
Białystok Piasta,ul. Mieszka I,3,48,520000,10833.0,bez pośredników,,14,https://adresowo.pl/o/mieszkanie-bialystok-piasta-ul-mieszka-i-3-pokojowe-t7i3n7,https://s2.adresowa.pl/oi/63/1b/3b744a_b446_cover@2x-3-pokojowe-mieszkanie-bialystok-piasta-ul-mieszka-i.webp,Białystok Piasta,Mieszka I,3,1979.0,blok,,"Polecam Państwu 3 pokojowe mieszkanie (powierzchnia 48,2 m 2) położone na osiedlu Piasta na 3 piętrze w niskim 4 piętrowym bloku po termomodernizacji. Mieszkanie po kapitalnym remoncie, w pełni urządzone. Trzy pokoje, w tym dwie sypialnie jedna z garderobą, salon i oddzielna kuchnia. Wymienione wszystkie instalacje, elektryczna i hydrauliczna oraz grzejniki. Mieszkanie o dwustronnym układzie pomieszczeń z balkonem. Miejsca parkingowe wokół budynku. Do mieszkania przynależy piwnica. Idealna propozycja dla rodziny. Blisko do centrum miasta. Spokojna, zielona okolica, place zabaw. Doskonałe miejsce do życia, że względu na bliskość: -żłobki, przedszkola, szkoła podstawowa, uczelnie wyższe. -przychodnia -ryneczek handlowy -sklepy: biedronka, lidl, pss społem, top market, arhelan i wiele innych -bank -kościół -centra handlowe -przystanki autobusowe Polecam, zapraszam do kontaktu po godzinie 16.",tak,,osobna,plastikowe,własność,,53.13436,23.190432
Białystok Zielone Wzgórza,ul. Rumiankowa,2,52,495000,9519.0,bez pośredników,,12,https://adresowo.pl/o/mieszkanie-bialystok-zielone-wzgorza-ul-rumiankowa-2-pokojowe-w1c6b4,https://s2.adresowa.pl/oi/20/11/3b6a5a_9c31_cover@2x-2-pokojowe-mieszkanie-bialystok-zielone-wzgorza-ul-rumiankowa.webp,Białystok Zielone Wzgórza,Rumiankowa,2,,blok,,"Zapraszam na prezentację mieszkania na sprzedaż, położonego przy ul. Rumiankowej w Białymstoku. Nieruchomość znajduje się na drugim piętrze i ma powierzchnię 52,30 m2. W skład mieszkania wchodzą: - przestronny salon z wyjściem na balkon - oddzielna sypialnia - osobna kuchnia - łazienka - przestronny korytarz - piwnica zapewniająca dodatkową przestrzeń do przechowywania. Lokal jest po remoncie. W mieszkaniu została wymieniona instalacja elektryczna, hydrauliczna, grzejniki i zostało zainstalowane nowe wyposażenie kuchni. Ogromnym atutem nieruchomości jest świetna lokalizacja. W pobliżu znajdują się sklepy, przedszkole, szkoła, przystanki komunikacji miejskiej, przystanek kolejowy, tereny zielone oraz pełna infrastruktura miejska zapewniająca wygodę codziennego życia. Możliwość zakupu z wyposażeniem salonu.",tak,,osobna,plastikowe,własność,,53.122108,23.10412
Białystok,Zielone Wzgórza,2,51,499000,9784.0,bez pośredników,,8,https://adresowo.pl/o/mieszkanie-bialystok-zielone-wzgorza-2-pokojowe-51-m2-f6n8a7,https://s2.adresowa.pl/oi/47/16/3b57f8_6837_cover@2x-2-pokojowe-mieszkanie-bialystok-zielone-wzgorza.webp,Białystok Zielone Wzgórza,,3,2006.0,blok,,"Sprzedam jasne i funkcjonalne mieszkanie 2-pokojowe o powierzchni 51,6 m², zlokalizowane na lubianym osiedlu Zielone Wzgórza w Białymstoku. To propozycja dla osób szukających spokoju, zieleni i jednocześnie wygodnego dostępu do pełnej infrastruktury miejskiej. W najbliższej okolicy znajdują się: szkoła podstawowa (150 m), przedszkole (100 m), przychodnia (550 m), apteki (150 m), siłownia (500 m), liczne sklepy spożywcze (m.in. Carrefour, Społem, Aldi, Biedronka, Lidl) oraz galeria handlowa (500 m). Bardzo dobra komunikacja do centrum miasta (linie autobusowe 21, 8, 28), stacja kolejowa Białystok Zielone Wzgórza (600 m) oraz szybki wyjazd na obwodnicę. Mieszkanie mieści się na 3. piętrze w 3-piętrowym bloku z 2006 roku. Kameralna zabudowa i spokojne sąsiedztwo. Na osiedlu założony jest monitoring, a wokół budynku do dyspozycji jest dużo wolnych miejsc parkingowych. Na 51,60 m² składają się: - przestronny salon - kuchnia - sypialnia - łazienka z WC - korytarz Dodatkowym atutem jest duży balkon (8,5 m²), z którego rozciąga się otwarty widok na okolicę oraz spora piwnica (3,8 m²). Mieszkanie jest widne (z oknami na południe i zachód), przestronne, z pięknym widokiem na ogrom zieleni. Serdecznie zapraszam do kontaktu.",tak,,,,,,53.132489,23.16884
Białystok Zielone Wzgórza,ul. Zielonogórska,3,60,459000,7650.0,bez pośredników,,1,https://adresowo.pl/o/mieszkanie-bialystok-zielone-wzgorza-ul-zielonogorska-3-pokojowe-h5j2m8,https://s2.adresowa.pl/oi/62/66/3b5124_ee22_cover@2x-3-pokojowe-mieszkanie-bialystok-zielone-wzgorza-ul-zielonogorska.webp,Białystok Zielone Wzgórza,Zielonogórska,3,1990.0,blok,,"Sprzedam mieszkanie na ulicy Zielonogórskiej. Blok z cegły z końca lat 90. Mieszkanie jest dwustronne, posiada duży balkon i piwnicę. Znajduje się na bardzo przyjemnym osiedlu z rewelacyjną infrastrukturą. Mieszkanie jest do remontu, ale można w nim od razu zamieszkać. Zostaje na stanie całe wyposażenie mieszkania. Zainteresowanych proszę o kontakt. Odpowiem na wszystkie pytania oraz podeślę zdjęcia i filmiki. Agencjom dziękuję.",tak,,,,,,53.121211,23.099593
Białystok Dziesięciny,ul. Kalinowa,3,61,455000,7459.0,bez pośredników,,1,https://adresowo.pl/o/mieszkanie-bialystok-dziesieciny-ul-kalinowa-3-pokojowe-n1s4a1,https://s2.adresowa.pl/oi/64/5e/3b48bc_a3dc_cover@2x-3-pokojowe-mieszkanie-bialystok-dziesieciny-ul-kalinowa.webp,Białystok Dziesięciny,Kalinowa,1,,blok,,"Mieszkanie 60,5 m² | Dziesięciny | ul. Kalinowa 15 | 1 piętro | cegła Na sprzedaż funkcjonalne mieszkanie o powierzchni 60 m², położone na 1 piętrze w budynku z cegły na popularnym osiedlu Dziesięciny przy ul. Kalinowej 15 w Białymstoku. Układ idealny zarówno dla rodziny, jak i pod inwestycję na wynajem: - przestronny salon - 1 sypialnia, otwarta kuchnia z jadalnią (pierwotnie sypialnia z opcją przywrócenia tego stanu) - łazienka - przedpokój Spokojna, zielona okolica z pełną infrastrukturą w zasięgu spaceru: szkoły, przedszkola, sklepy, komunikacja miejska. Pierwsze piętro zapewnia wygodę codziennego użytkowania. Mieszkanie sprzedawane w stanie obecnym z możliwością aranżacji według własnego projektu lub z opcją remontu wykonanego przez sprzedającego - idealne rozwiązanie dla osób chcących wprowadzić się bez dodatkowych formalności lub inwestorów. Lokalizacja gwarantuje stabilny popyt najmu oraz łatwą odsprzedaż w przyszłości. Zapraszamy do kontaktu pośredników tylko z konkretnymi klientami na oględziny.",tak,,osobna,,,,53.152137,23.130839
Białystok Dojlidy,ul. Żubrów,2,32,359000,11219.0,bez pośredników,,7,https://adresowo.pl/o/mieszkanie-bialystok-dojlidy-ul-zubrow-2-pokojowe-l9q9v4,https://s2.adresowa.pl/oi/2c/6b/3b3cd4_6b21_cover@2x-2-pokojowe-mieszkanie-bialystok-dojlidy-ul-zubrow.webp,Białystok Dojlidy,Żubrów,2,2025.0,blok,,"Na sprzedaż nowe mieszkanie o powierzchni 32,8 m² wraz z komórką lokatorską 2,6 m², zlokalizowane na 2. piętrze nowoczesnego budynku z windą, przy ul. Żubrów w Białymstoku. Rok budowy: 2025 Stan mieszkania: nowe, gotowe do wykończenia Piętro: 2 (budynek z windą) Komórka lokatorska: 2,6 m² - w cenie Lokalizacja: spokojna okolica, ok. 3 km do centrum miasta Mieszkanie idealne dla singla, pary lub jako inwestycja pod wynajem. W pobliżu sklepy, szkoły, przystanki komunikacji miejskiej oraz tereny zielone. Bardzo dobry dojazd do centrum. Ogłoszenie prywatne. Proszę o kontakt wyłącznie osoby prywatne - nie jestem zainteresowany współpracą z agencjami nieruchomości.",tak,,,,,,53.115748,23.193794
Białystok Skorupy,ul. Sudecka,2,36,580000,16111.0,bez pośredników,,9,https://adresowo.pl/o/mieszkanie-bialystok-skorupy-ul-sudecka-2-pokojowe-s6z6t0,https://s2.adresowa.pl/oi/7b/3c/3b38f6_4852_cover@2x-2-pokojowe-mieszkanie-bialystok-skorupy-ul-sudecka.webp,Białystok Skorupy,Sudecka,3,2020.0,apartamentowiec,,"Szukasz mieszkania blisko centrum, a jednocześnie z dala od miejskiego zgiełku? Ta oferta jest dla Ciebie! Mieszkanie w nowym budynku przy ulicy Sudeckiej, wykończone w wysokim, luksusowym standardzie, gotowe do zamieszkania. W skład mieszkania wchodzi: - Salon z aneksem kuchennym (20m2) - Przestronny salon z częścią wypoczynkową, jadalnianą oraz nowoczesnym aneksem kuchennym (w pełni wyposażona zabudowa i sprzęt AGD) - Sypialnia z łóżkiem małżeńskim oraz szafą (12m2) - Łazienka z prysznicem (4m2) - Hol z szafą przy wejściu i siedziskiem - Balkon o powierzchni 8m2 Mieszkanie znajduje się na 3 piętrze w budynku 4-piętrowym, od strony zachodniej, słoneczne. Do mieszkania przynależy piwnica (5m2) oraz szerokie miejsce postojowe blisko wejścia do windy. W piwnicy znajduje się także rowerownia. Na osiedlu znajdują się sklepy spożywcze, wiele lokali usługowych oraz przedszkole. Dużo miejsc parkingowych w okolicy, przystanek MPK oraz stacja rowerów ""Biker"".",tak,,aneks,,własność,,53.128831,23.197248
Białystok Słoneczny Stok,ul. Hetmańska,3,52,680000,13077.0,bez pośredników,,5,https://adresowo.pl/o/mieszkanie-bialystok-sloneczny-stok-ul-hetmanska-3-pokojowe-j9s5j9,https://s2.adresowa.pl/oi/2b/5b/3b3370_aef6_cover@2x-3-pokojowe-mieszkanie-bialystok-sloneczny-stok-ul-hetmanska.webp,Białystok Słoneczny Stok,Hetmańska,parter,2016.0,blok,,"Przedstawiam Państwu na sprzedaż mieszkanie 3 pokojowe o powierzchni 52,45m2 z podziemnym garażem 13m2 i słonecznym ogródkiem 30m2. Klimatyczne, dwustronne mieszkanie zlokalizowane na parterze w nowoczesnym bloku przy ulicy Hetmańskiej 83. Okolica jest spokojna i doskonale skomunikowana z resztą miasta. W pobliżu szkoła (5 min pieszo), przedszkole (5 min pieszo), sklepy, park. Dużym atutem nieruchomości jest własny ogródek, doskonałe miejsce na odpoczynek, zabawę z dziećmi, czy spotkanie ze znajomymi przy grillu. BIURO NIERUCHOMOŚCI I POŚREDNIKOM DZIĘKUJEMY.",,,,,własność,,53.12469,23.115352
Białystok Dziesięciny,ul. Palmowa,3,60,515000,8583.0,bez pośredników,,10,https://adresowo.pl/o/mieszkanie-bialystok-dziesieciny-ul-palmowa-3-pokojowe-y5y1l5,https://s2.adresowa.pl/oi/49/67/3b2bb4_e596_cover@2x-3-pokojowe-mieszkanie-bialystok-dziesieciny-ul-palmowa.webp,Białystok Dziesięciny,Palmowa,3,,blok,,"Na sprzedaż - 3-pokojowe mieszkanie gotowe do zamieszkania | Białystok, ul. Palmowa 18. Na sprzedaż komfortowe i funkcjonalne mieszkanie o powierzchni 60,30 m², położone na 3. piętrze w bloku przy ul. Palmowej 18 w Białymstoku. Lokal składa się z przestronnego salonu oraz dwóch oddzielnych pokoi, co daje wiele możliwości aranżacyjnych - idealne zarówno dla rodziny, jak i pod inwestycję. Mieszkanie przeszło remont 5 lat temu i jest gotowe do wprowadzenia bez dodatkowych nakładów finansowych. Mieszkanie jest w pełni umeblowane - meble mogą pozostać, kwestia do uzgodnienia. Kuchnia w pełni wyposażona: piekarnik, lodówka, mikrofalówka oraz zmywarka - sprzęty w cenie. Dodatkowym atutem jest balkon, który zapewnia przestrzeń do relaksu, oraz piwnica do przechowywania. Najważniejsze atuty: - 60,30 m² - 3 pokoje (salon + 2 sypialnie) - 3. piętro - po remoncie - gotowe do zamieszkania - umeblowane (meble do uzgodnienia) - wyposażona kuchnia - AGD w cenie - balkon + piwnica - spokojna i dobrze skomunikowana okolica To mieszkanie łączy funkcjonalny układ, dobrą lokalizację i gotowość do zamieszkania od zaraz. Zapraszam do kontaktu i na prezentację!",tak,,osobna,,własność,"Wyposażenie: lodówka, mikrofalówka, piekarnik, zmywarka",53.156227,23.121902
Białystok,ul. Pogodna,4,58,535000,9224.0,bez pośredników,,16,https://adresowo.pl/o/mieszkanie-bialystok-ul-pogodna-4-pokojowe-s8i9j3,https://s2.adresowa.pl/oi/68/39/3b2af0_c33b_cover@2x-4-pokojowe-mieszkanie-bialystok-ul-pogodna.webp,Białystok ,Pogodna,parter,1969.0,blok,,"Informuję, że sprzedaję mieszkanie wyłącznie prywatnie i nie jestem zainteresowana współpracą z agencjami nieruchomości. Idealne na inwestycję i wynajem lub na mieszkanie większej rodzinie. Białystok, ul. Pogodna 2 obok Politechniki Białostockiej - Powierzchnia: 58 m² Rozkład: - Salon + sypialnia, sypialnia średnia, sypialnia mała, łazienka, WC, kuchnia, korytarz - pow. dodatkowa: piwnica - Parking: za szlabanem Na sprzedaż mieszkanie o powierzchni 58 m², parter w czteropiętrowym bloku przy ul. Pogodna 2a w Białymstoku. Mieszkanie jest na dwie strony, w salonie balkon i możliwość zagospodarowania ogródka. Zielona okolica i przyjemna lokalizacja.",tak,,osobna,,,,53.115741,23.13707
Białystok Piasta,ul. Skorupska,4,85,675000,7941.0,bez pośredników,,24,https://adresowo.pl/o/mieszkanie-bialystok-piasta-ul-skorupska-4-pokojowe-g1n4j6,https://s2.adresowa.pl/oi/62/6f/3b29c6_d959_cover@2x-4-pokojowe-mieszkanie-bialystok-piasta-ul-skorupska.webp,Białystok Piasta,Skorupska,1,1988.0,blok,,"Bezpośrednio bez prowizji czteropokojowe mieszkanie o powierzchni 84,6 m2 usytułowane pod adresem Skorupska 34. Zlokalizowane na I p. (bez windy) w budynku z 1988 roku. Pierwszy właściciel. Stan do remontu. Dobra komunikacja, blisko centrum, tuż pod blokiem przystanki autobusowe linii nr 5 i 28. W pobliżu szkoły, przedszkola, sklepy, urzędy. Okolica z dużą ilością zieleni. Otwarty parking osiedlowy dla mieszkańców z tylu bloku. Mieszkanie podzielone jest wyraźnie na dwie strefu – dzienną i nocną. Częśc dzienna usytuowana bliżej drzwi wejściowych złożona z salonu, kuchni z wydzieloną jadalnią. Część nocna to 3 sypialnie w głębi mieszkania, łazienka i WC. Mieszkanie usytuowane jest na linii północ-południe, w jego skład wchodzą: Salon: 25 m2, z wejściem z korytarza na lewo od wejścia do mieszkania, na podłodze parkiet, ustawny, przestronny, na planie kwadratu. Jasny z kilkoma oknami od strony południowej. Kuchnia z jadalnią: łącznie 13 m2 (pomieszczenia są wyraźnie wydzielone), na prawo od wejścia do mieszkania, strona pn, jadalnia parkiet, kuchnia gres Sypialnia 1: 12 m2, parkiet, strona pn Sypialnia 2: 12 m2, parkiet, strona pd, od strony wnętrza osiedla Sypialnia 3: 7 m2, parkiet, strona pd, od strony wnętrza osiedla Łazienka z wanną, 3 kroki od każdej z sypialni WC Przedpokój w formie litery L. Do mieszkania przynależy przestronna piwnica o rzadko spotykanej powierzchni 12 m2 oraz balkon w formie loggii ok 6 m2. Duża część mebli i wyposażenia RTV/AGD do ustalenia, żeby zostawić w cenie mieszkania. Zdjęcia przedstawiają stan obecny mieszkania. Pośrednikom dziękujemy, ale możemy negocjować warunki przyprowadzania waszych klientów.",tak,,osobna,,własność,Wyposażenie: tv,53.134339,23.182516
Białystok Centrum,ul. Jana Henryka Dąbrowskiego,1,35,345000,9857.0,bez pośredników,,6,https://adresowo.pl/o/mieszkanie-bialystok-centrum-ul-jana-henryka-dabrowskiego-1-pokoj-n1r1l8,https://s2.adresowa.pl/oi/15/5d/3b29a8_522c_cover@2x-1-pokojowe-mieszkanie-bialystok-centrum-ul-jana-henryka-dabrowskiego.webp,Białystok Centrum,Jana Henryka Dąbrowskiego,1,1960.0,blok,,Witam sprzedam mieszkanie 35 m to jest duża kawalerka duży pokój duża kuchnia łazienka do wprowadzenia do aranżacji konta w [numer] agenci nieruchomości proszę nie dzwonić sprzedaż bezpośrednia,tak,,osobna,drewniane,własność,,53.136297,23.141707
Białystok Dziesięciny,ul. Palmowa,3,49,490000,10000.0,bez pośredników,,7,https://adresowo.pl/o/mieszkanie-bialystok-dziesieciny-ul-palmowa-3-pokojowe-k0a9u8,https://s2.adresowa.pl/oi/50/15/3b2846_8708_cover@2x-3-pokojowe-mieszkanie-bialystok-dziesieciny-ul-palmowa.webp,Białystok Dziesięciny,Palmowa,3,1990.0,blok,,Witam sprzedam mieszkanie na ul Palmowej w Białymstoku mieszkanie na trzecim piętrze w mieszkaniu na trzy pokoje mieszkanie już jest w dobrym stanie dostęp do każdego pomieszczenia z przedpokoju kontakt [numer],tak,tak,osobna,plastikowe,spółdzielcze własnościowe,,53.155043,23.125886
Białystok Słoneczny Stok,ul. Upalna,3,63,580000,9206.0,bez pośredników,,5,https://adresowo.pl/o/mieszkanie-bialystok-sloneczny-stok-ul-upalna-3-pokojowe-x0d4j6,https://s2.adresowa.pl/oi/5b/45/3b2828_f94b_cover@2x-3-pokojowe-mieszkanie-bialystok-sloneczny-stok-ul-upalna.webp,Białystok Słoneczny Stok,Upalna,3,1985.0,blok,,Witam sprzedam mieszkanie na ul Upalnej mieszkanie na trzecim piętrze trzy pokoje wszystkie pomieszczenia dostępne z przedpokoju mieszkanie do odświeżenia kontakt [numer] sprzedaż bezpośrednia,tak,tak,osobna,plastikowe,spółdzielcze własnościowe,,53.12707,23.102558
Białystok Nowe Miasto,ul. Transportowa,3,61,725700,11897.0,bez pośredników,,8,https://adresowo.pl/o/mieszkanie-bialystok-nowe-miasto-ul-transportowa-3-pokojowe-t6u9z3,https://s2.adresowa.pl/oi/4c/10/3b205c_f53d_cover@2x-3-pokojowe-mieszkanie-bialystok-nowe-miasto-ul-transportowa.webp,Białystok Nowe Miasto,Transportowa,2,1995.0,blok,,"Ul. Transportowa 13, Białystok Zapraszam do zapoznania się z ofertą przytulnego mieszkania o funkcjonalnym układzie i gotowego do zamieszkania. Nieruchomość o powierzchni 71,5 m2 po podłodze (skosy) oraz powierzchni użytkowej ok. 61,5 m2 to idealna propozycja dla pary, rodziny lub osób szukających przestrzeni gotowej do życia. Wnętrze jest zadbane i w pełni funkcjonalne. Wystarczy wnieść swoje rzeczy, by poczuć domowy klimat od pierwszego dnia. Przytulne, zamknięte osiedle z monitoringiem. Komfort, bezpieczeństwo i cisza. Przemyślany układ 3 pokoi: Dwie oddzielne sypialnie + jasny salon z aneksem kuchennym + garderoba + duża łazienka z prysznicem oraz wanną + duży balkon. W cenie znajduje się piwnica ok. 4,57 m2 - idealna do przechowywania. Adres: ul. Transportowa 13 Powierzchnia użytkowa: 61,5 m2 Powierzchnia po podłodze: 70,5 m2 Piętro: 2/2 Układ: 3 pokoje (2 sypialnie + salon z aneksem + garderoba + duża łazienka) Piwnica: 4,57 m2 Czynsz: 679 zł Stan: mieszkanie gotowe do wprowadzenia Osiedle: zamknięte z monitoringiem, spokojne, pełne zieleni, przy szkole. Lokalizacja: Transportowa 13 to miejsce, które łączy szybki dostęp do centrum Białegostoku z wygodą życia na spokojnym, uporządkowanym osiedlu. W pobliżu znajdują się sklepy, przedszkola, szkoły, punkty usługowe oraz tereny do spacerów. To lokalizacja, która pozwala żyć wygodnie na co dzień.",tak,,aneks,,,,53.111429,23.12174
Białystok Dziesięciny,ul. Gajowa,2,48,510000,10625.0,bez pośredników,,11,https://adresowo.pl/o/mieszkanie-bialystok-dziesieciny-ul-gajowa-2-pokojowe-a7k2k5,https://s2.adresowa.pl/oi/19/16/3b14ce_6cc8_cover@2x-2-pokojowe-mieszkanie-bialystok-dziesieciny-ul-gajowa.webp,Białystok Dziesięciny,Gajowa,4,1988.0,blok,,"AGENCJOM DZIĘKUJĘ!! Sprzedam mieszkanie 2-pokojowe 47 m2, 4 piętro. Dwa oddzielne pokojowe, oddzielna kuchnia, toaleta, łazienka, przestronny przedpokój z zabudowanymi szafami, balkon. Klatka z domofonem, piwnica, zamykany na klucz śmietnik. Mieszkanie wygodne, dla młodych ze względu na 4 piętro i brak windy, jednak dzięki temu bardzo bardzo ciche. Przy drzwiach miejsce na wózek/rower itp. Możliwość korzystania z wózkowni w pomieszczeniu obok piwnic. Wszędzie blisko (przystanki linii [numer], 29, ryneczek, pss, bar Hermes, Biedronka, Lidl, poczta, szkoły, przedszkola i wiele innych).",tak,,osobna,plastikowe,spółdzielcze własnościowe,,53.151923,23.121056
Białystok Antoniuk,ul. Juliana Tuwima,4,46,499000,10848.0,bez pośredników,,19,https://adresowo.pl/o/mieszkanie-bialystok-antoniuk-ul-juliana-tuwima-4-pokojowe-l9x9y6,https://s2.adresowa.pl/oi/13/4d/3b0b58_3643_cover@2x-4-pokojowe-mieszkanie-bialystok-antoniuk-ul-juliana-tuwima.webp,Białystok Antoniuk,Juliana Tuwima,3,1964.0,blok,,"Na sprzedaż funkcjonalne mieszkanie 4-pokojowe o pow. 46,42 m² przy ul. Tuwima w Białymstoku. - Salon z aneksem kuchennym - 3 sypialnie - Kuchnia, szafa w korytarzu, garderoba, łazienka robione w stałej zabudowie przez stolarza na wysoki standard. - Gotowe do wprowadzenia, umeblowane, w cenie mieszkania. - Pojemne szafy. - Komfortowe wnętrze. - Wzbogacone dodatkowe podświetlenia ledowe (kuchnia, salon, korytarz i łazienka). - Dla rodziny ceniącej indywidualizm i prywatność: wyodrębnione 4 oddzielne pokoje. - Ogłoszenie bezpośrednie bez pośredników. Mieszkanie jest po generalnym remoncie. Lokalizacja: osiedle Tuwima, cicha i zielona okolica, blisko sklepy, szkoły, przystanki komunikacji miejskiej.",tak,,aneks,,własność,,53.139466,23.124339
Białystok Białostoczek,ul. Radzymińska,3,60,540000,9000.0,bez pośredników,,11,https://adresowo.pl/o/mieszkanie-bialystok-bialostoczek-ul-radzyminska-3-pokojowe-k5z7o3,https://s2.adresowa.pl/oi/32/6c/3b08f4_3c05_cover@2x-3-pokojowe-mieszkanie-bialystok-bialostoczek-ul-radzyminska.webp,Białystok Białostoczek,Radzymińska,1,1982.0,blok,,"Mieszkanie zlokalizowane na osiedlu Białostoczek o powierzchni 60,10 m2, składające się z trzech oddzielnych pokoi, kuchni i łazienki. Mieszkanie: - obustronne, - przewiewne, - ciepłe - w środkowej klatce, - jasne - dobrze doświetlone, - posiada piwnicę oraz komórkę lokatorską na półpiętrze. W pobliżu bloku znajdują się parkingi i place zabaw dla dzieci. W odległości do 5 min. piechotą są przychodnie, apteki, szkoła podstawowa oraz dwa przedszkola. Na osiedlu znajdują się duże sklepy spożywcze tj. : Biedronka, dwa Lidle, Stokrotka, Żabka. Dodatkowo znajdą Państwo liczne sklepy osiedlowe (np.: warzywniak, mięsny, drogerie - ROSSMANN, itp.). Osiedle jest bardzo dobrze skomunikowane z resztą miasta dzięki licznym liniom autobusowym ([numer]7, N3 - dwa przystanki 3 min. piechotą), ścieżkom rowerowym i sieci dróg we wszystkich kierunkach (dojazd do centrum - 5 minut, obwodnica - 3 minuty). Okolica jest bardzo spokojna, zadbana i zazieleniona - idealna dla rodzin. Mieszkanie bezpośrednio od właściciela, do zamieszkania od stycznia. Zapraszamy do kontaktu.",tak,,osobna,,własność,,53.144676,23.150679
Białystok Centrum,ul. Świętojańska,2,42,490000,11667.0,bez pośredników,,6,https://adresowo.pl/o/mieszkanie-bialystok-centrum-ul-swietojanska-2-pokojowe-i4e6n5,https://s2.adresowa.pl/oi/26/24/3af894_d265_cover@2x-2-pokojowe-mieszkanie-bialystok-centrum-ul-swietojanska.webp,Białystok Centrum,Świętojańska,3,1965.0,kamienica,,"Mam przyjemność zaprezentować dwupokojowe mieszkanie znajdujące się na osiedlu Mickiewicza w Białymstoku przy ulicy Świętojańskiej w odrestaurowanej Kamienicy po termomodernizacji. Fantastyczna lokalizacja, która sprawia, że samochód staje się zbędny. Lokalizacja: Mieszkanie na 3. piętrze, dwustronne, z widokiem na ulicę i dziedziniec wewnętrzny. Sypialnia od strony wewnętrznej budynku. Do kamienicy przynależy wewnętrzny dziedziniec z zapewnionymi miejscami parkingowymi dla mieszkańców, oddzielony szlabanem na pilot. Jest również plac zabaw. Dostępne są garaże na sprzedaż. Mieszkanie przed remontem (zaczynamy z początkiem stycznia). Cena przed remontem: 395 000 zł, po remoncie jak w ogłoszeniu. Zapraszam do wczesnego kontaktu, na tym etapie jest możliwość zrobienia mieszkania kompletnie indywidualnie pod własny gust. Mieszkanie: Salon z wyjściem na balkon Sypialnia Oddzielna kuchnia Łazienka z WC Korytarz Dodatkowe informacje: Mieszkanie jest dwustronne. Zadbane klatki schodowe. Przynależy piwnica. Czynsz około 450 zł. Brak zadłużenia. Brak osób zameldowanych. Pełna własność, Księga Wieczysta. Dostępne od zaraz. CENA DO NEGOCJACJI. Treść niniejszego ogłoszenia nie stanowi oferty handlowej w rozumieniu Kodeksu Cywilnego.",tak,tak,osobna,,własność,,53.126762,23.170426
Białystok Piasta,ul. Piasta,3,56,648000,11571.0,bez pośredników,,16,https://adresowo.pl/o/mieszkanie-bialystok-piasta-ul-piasta-3-pokojowe-i5o2w8,https://s2.adresowa.pl/oi/3b/2a/3aaaa8_3c80_cover@2x-3-pokojowe-mieszkanie-bialystok-piasta-ul-piasta.webp,Białystok Piasta,Piasta,parter,2012.0,blok,,"Sprzedam 3 pokojowe mieszkanie z salonem wraz z aneksem kuchennym i małą pralnią o powierzchni 56,4m2. 4-kondygnacyjny budynek ukończony został w 2012r. Niewysoka czteroklatkowa architektura ze spadzistym dachem, usytuowana na skraju prężnie rozwijającego się osiedla Sybiraków w Białymstoku. Mieszkanie znajduje się na wysokim parterze. Do mieszkania przypisana jest komórka lokatorska i balkon. Mieszkanie położone w spokojnej okolicy. Niedaleko znajduje się las, przychodnia, żłobek, przedszkole, poczta, apteka i sklepy spożywcze (Biedronka, Żabka, Lewiatan, Stokrotka) i wiele innych lokali usługowych. Jest świetnie skomunikowane z całym miastem. Dostępność linii komunikacyjnych: 5, 8, 1.2, 2.2, 2.8, 2.9. Dojazd do centrum w 8 minut autobusem linii 5. Mieszkanie w wysokim standardzie w pełni wyposażone w meble oraz: - piekarnik - lodówka - zmywarka - okap - płyta indukcyjna - pralka - suszarka - internet (Koba lub Elpos) Sprzedaż bezpośrednio. Zapraszam do kontaktu.",tak,,aneks,plastikowe,własność,"Wyposażenie: internet, lodówka, piekarnik, pralka, suszarka, zmywarka",53.134242,23.199822
Białystok Piaski,ul. Mazowiecka,2,44,390000,8864.0,bez pośredników,,6,https://adresowo.pl/o/mieszkanie-bialystok-piaski-ul-mazowiecka-2-pokojowe-l9o9x0,https://s2.adresowa.pl/oi/73/3f/3aa636_3cc8_cover@2x-2-pokojowe-mieszkanie-bialystok-piaski-ul-mazowiecka.webp,Białystok Piaski,Mazowiecka,3,1970.0,blok,,"MIESZKANIE DOSTĘPNE OD ZARAZ! AGENCJOM DZIĘKUJEMY Sprzedam mieszkanie 2-pokojowe na trzecim piętrze w bloku 4-piętrowym z cegły, blok po termomodernizacji. Mieszkanie dwustronne, ekspozycja północ-południe, do odświeżenia lub remontu. Każde z pomieszczeń z oddzielnym wejściem z przedpokoju. Salon od strony południowej z balkonem. Sypialnia i kuchnia od strony północnej. W salonie i sypialni podłogi z parkietu w dobrym stanie. Ściany tapetowane w dobrym stanie. Kuchnia z zabudową wyposażona w płytkę, piekarnik i okap. W kuchni, przedpokoju i łazience płytki na podłodze. Łazienka z oknem, wyposażona w wannę i umywalkę (możliwość zamontowania prysznica). Obszerny przedpokój z ładną zabudową. Do mieszkania przynależy piwnica z oknem (6m2). Mieszkanie znajduje się w bardzo dobrej lokalizacji, 15 minut piechotą od centrum. W pobliżu Politechnika Białostocka, Uniwersytet Medyczny i Uniwersytet w Białymstoku, blisko sklepy spożywcze, Biedronka, poczta, kościół, szkoła podstawowa, liceum, żłobek, przedszkola, basen, apteki, Park Zwierzyniecki, szpitale, przychodnie. Kontakt tel.",tak,,osobna,drewniane,własność,Wyposażenie: piekarnik,53.123622,23.149831
Białystok Centrum,ul. Icchoka Malmeda,2,51,614400,12047.0,bez pośredników,,8,https://adresowo.pl/o/mieszkanie-bialystok-centrum-ul-icchoka-malmeda-2-pokojowe-h6s8h1,https://s2.adresowa.pl/oi/32/6d/3a9b16_c48a_cover@2x-2-pokojowe-mieszkanie-bialystok-centrum-ul-icchoka-malmeda.webp,Białystok Centrum,Icchoka Malmeda,4,,blok,,"Na sprzedaż dwupokojowe mieszkanie zlokalizowane w samym sercu Białegostoku - przy ul. Malmeda. Lokal znajduje się na 4. piętrze w zadbanym budynku. Mieszkanie jest w pełni umeblowane i gotowe do wprowadzenia od zaraz. Opis mieszkania: - dwa oddzielne, ustawne pokoje - osobna, wyposażona kuchnia - łazienka z prysznicem - pełne umeblowanie - AGD na wyposażeniu: lodówka, pralka, zmywarka - mieszkanie czyste, zadbane, niewymagające remontu Lokalizacja: - ścisłe centrum miasta - blisko komunikacji miejskiej, sklepów, uczelni, restauracji - idealne zarówno do zamieszkania, jak i pod inwestycję Idealne pod wynajem: - świetna opcja na wynajem krótkoterminowy (Airbnb/Booking) - wysokie zainteresowanie najemców długoterminowych - pewna stopa zwrotu i bezpieczna lokata kapitału Dlaczego warto? Mieszkanie jest gotowe do życia i wymaga zero dodatkowych nakładów. Położenie w sercu Białegostoku gwarantuje stabilny popyt na wynajem oraz komfort codziennego funkcjonowania. Sprzedaż bezpośrednio - bez pośredników!",,,osobna,,,"Wyposażenie: lodówka, pralka, zmywarka",53.13418,23.157702
Białystok Wysoki Stoczek,ul. Szeroka,2,50,425000,8500.0,bez pośredników,,8,https://adresowo.pl/o/mieszkanie-bialystok-wysoki-stoczek-ul-szeroka-2-pokojowe-k0i2l9,https://s2.adresowa.pl/oi/69/45/3a8a6e_ae01_cover@2x-2-pokojowe-mieszkanie-bialystok-wysoki-stoczek-ul-szeroka.webp,Białystok Wysoki Stoczek,Szeroka,3,1985.0,blok,,"Sprzedam funkcjonalne mieszkanie na cenionym osiedlu Wysoki Stoczek, w bloku z wielkiej płyty z windą, na 3. piętrze. Lokal jest dobrze doświetlony, posiada oddzielną kuchnię i praktyczny, wygodny układ pomieszczeń. Atuty mieszkania: * powierzchnia 50,6 m² * 2 niezależne pokoje * oddzielna kuchnia * jasne, przytulne wnętrza * piwnica ok. 3 m² * miejsce parkingowe na parkingu strzeżonym * blok z windą Świetna lokalizacja - w najbliższej okolicy znajdują się przedszkola, szkoły, sklepy oraz przychodnia, co czyni to miejsce bardzo wygodnym dla rodzin i osób ceniących szybki dostęp do usług. Mieszkanie jest gotowe do wprowadzenia.",tak,tak,osobna,plastikowe,spółdzielcze własnościowe,,53.149281,23.109636
Białystok,Piasta,3,48,355000,7396.0,bez pośredników,,3,https://adresowo.pl/o/mieszkanie-bialystok-piasta-3-pokojowe-48-m2-h4y1p9,https://s2.adresowa.pl/oi/11/51/3a729a_cfcd_cover@2x-3-pokojowe-mieszkanie-bialystok-piasta.webp,Białystok Piasta,,4,,blok,,"Sprzedam mieszkanie usytuowane w cichej okolicy na osiedlu Piasta. Blok atrakcyjnie położony względem dostępu do transportu publicznego, szkoły, przychodni, sklepów. Jestem w stanie pomóc w ewentualnym remoncie. Po więcej informacji proszę o tel.",,,,,,,53.132489,23.16884
Białystok Dziesięciny,ul. Palmowa,2,38,385000,10132.0,bez pośredników,,8,https://adresowo.pl/o/mieszkanie-bialystok-dziesieciny-ul-palmowa-2-pokojowe-y1y8e5,https://s2.adresowa.pl/oi/75/34/3a5ee8_f645_cover@2x-2-pokojowe-mieszkanie-bialystok-dziesieciny-ul-palmowa.webp,Białystok Dziesięciny,Palmowa,2,1997.0,blok,,"Oferujemy do sprzedaży bezpośredniej mieszkanie dwupokojowe, dwustronne, położone przy ul. Palmowej w Białymstoku o powierzchni 38 m2. Rok budowy - 1997, cegła, 2 piętro. Mieszkanie składa się z dwóch nieprzechodnich pokoi, korytarza, łazienki, kuchni oraz balkonu. Kuchnia ma kształt kwadratu, co umożliwia jej doskonałą aranżację. Mieszkanie ma bardzo dobry rozkład pomieszczeń. W mieszkaniu wymieniono podłogi i drzwi, zostało również odmalowane. Większy pokój wraz z balkonem jest od strony południowej, a mniejszy od strony północnej. Do mieszkania przynależy piwnica, co stanowi dodatkową przestrzeń na przechowywanie różnych rzeczy, rowerów itp. Bezpośrednio przy bloku znajduje się plac zabaw, a w pobliżu szkoła, przedszkola. Wokół bloku jest duży parking, co stanowi niewątpliwą zaletę. Cena: 385.000 zł.",tak,,,,,,53.156227,23.121902
Białystok Bacieczki,ul. Swobodna,3,63,520000,8254.0,bez pośredników,,6,https://adresowo.pl/o/mieszkanie-bialystok-bacieczki-ul-swobodna-3-pokojowe-q5m8m0,https://s2.adresowa.pl/oi/36/3d/3a494c_8e27_cover@2x-3-pokojowe-mieszkanie-bialystok-bacieczki-ul-swobodna.webp,Białystok Bacieczki,Swobodna,1,2004.0,blok,,"Mieszkanie 3-pokojowe, dwustronne, druga linia zabudowy. Na sprzedaż mieszkanie 63 m² - ul. Swobodna. Mam do zaoferowania przestronne i ustawne mieszkanie o powierzchni 63 m², zlokalizowane w spokojnej okolicy przy ul. Swobodnej. PARAMETRY NIERUCHOMOŚCI: - 1. piętro w bloku (budynek ocieplony). - Mieszkanie nie wymaga żadnego wkładu finansowego w remont. - Wymienione okna. - Brak windy. - Do mieszkania przynależy piwnica na poziomie -1. OTOCZENIE I LOKALIZACJA: - Cicha i spokojna okolica. - W pobliżu sklepy, punkty usługowe, pizzeria, szkoła. - Mieszkanie słoneczne z dużym balkonem. - Dużo zieleni i miejsc parkingowych. Zapraszam do kontaktu. Sprzedaż bezpośrednia. Właściciel --- Niniejsze ogłoszenie jest wyłącznie informacją handlową i nie stanowi oferty w myśl art. 66 § 1 Kodeksu Cywilnego. Sprzedający nie odpowiada za ewentualne błędy lub nieaktualności ogłoszenia.",tak,,,,,,53.147279,23.108127
Białystok,Bacieczki,2,31,459000,14806.0,bez pośredników,,6,https://adresowo.pl/o/mieszkanie-bialystok-bacieczki-2-pokojowe-31-m2-u3r8u9,https://s2.adresowa.pl/oi/3a/45/3a35f2_70af_cover@2x-2-pokojowe-mieszkanie-bialystok-bacieczki.webp,Białystok Bacieczki,,3,2025.0,blok,,Sprzedam mieszkanie na Bacieczkach. Budynek z 2025 roku. Piętro trzecie. W trakcie umeblowania. Zapraszam do kontaktu.,,,,,,,53.132489,23.16884
Białystok Zielone Wzgórza,ul. Wrocławska,3,62,599576,9671.0,bez pośredników,,8,https://adresowo.pl/o/mieszkanie-bialystok-zielone-wzgorza-ul-wroclawska-3-pokojowe-q7e7w1,https://s2.adresowa.pl/oi/33/5f/3a2564_6713_cover@2x-3-pokojowe-mieszkanie-bialystok-zielone-wzgorza-ul-wroclawska.webp,Białystok Zielone Wzgórza,Wrocławska,3,2006.0,blok,,"Dwupoziomowe, 3- pokojowe mieszkanie o powierzchni 62.1 m2 sprzedam bezpośrednio. Mieszkanie jest na osiedlu Zielone Wzgórza/ Starosielce przy ulicy Wrocławskiej: w pobliżu znajduje się Galeria Zielone Wzgórza, szkoły, przedszkola, przychodnie lekarskie, punkty usługowe, małe sklepiki, biblioteka. Osiedle jest bardzo dobrze skomunikowane z centrum miasta. Mieszkanie znajduje się na 3 i 4 piętrze bloku z cegły z 2006r. Na pierwszym poziomie znajduje się: oddzielna kuchnia (7m2) z zabudową meblową i sprzętem AGD, pokój dzienny (18,8m2) z wyjściem na balkon (5m2), sypialnia (10,4m2) oraz duża łazienka (4m2). Na drugiej kondygnacji znajduje się duża, jasna sypialnia (16m2), bez skosów. Mieszkanie jest dwustronne, ma usytuowanie środkowe, przytulne, słoneczne i klimatyczne- piękne zachody słońca!!! W cenie zakupu mieszkania jest piwnica (2,8m2). Istnieje możliwość zakupu miejsca postojowego w hali garażowej w budynku na poziomie -1. Wejście do garażu bezpośrednio z klatki. Lokal stanowi odrębną własność. Blok wchodzi w skład wspólnoty mieszkaniowej, jest zacisznie położony, z placami zabaw, wokół wiele miejsc parkingowych. Teren wspólnoty jest ogrodzony i monitorowany.",tak,tak,osobna,plastikowe,własność,,53.125275,23.094083
Białystok Dziesięciny,ul. Zagórna,2,39,440000,11282.0,bez pośredników,,20,https://adresowo.pl/o/mieszkanie-bialystok-dziesieciny-ul-zagorna-2-pokojowe-h3e3u7,https://s2.adresowa.pl/oi/14/59/3a23c8_a18b_cover@2x-2-pokojowe-mieszkanie-bialystok-dziesieciny-ul-zagorna.webp,Białystok Dziesięciny,Zagórna,2,,blok,,"Witam, chciałbym sprzedać mieszkanie 39 m² przy ulicy Zagórnej 39. Mieszkanie w zeszłym roku przeszło remont kapitalny: • nowe posadzki, • nowe instalacje elektryczne i hydrauliczne, • wymienione okna (trzyszybowe), drzwi wejściowe i, wiadomo, wewnętrzne, • zabudowa korytarza, łazienki i kuchni. W mieszkaniu zostaje zmywarka marki Samsung, płyta gazowa Amica, zabudowany piekarnik i mikrofala marki Siemens. Do dogadania kwestia zostawienia pralki i lodówki. Doskonała lokalizacja. W pobliżu: • przedszkole, • szkoła, • serce Dziesięcin - ryneczek na Gajowej, • a także PSS Społem, Hermes i wiele innych sklepów. Blisko przystanki autobusowe.",tak,,,,własność,"Wyposażenie: piekarnik, zmywarka",53.15146,23.118116
Białystok,al. Tysiąclecia Państwa Polskiego,3,77,850000,11039.0,bez pośredników,,1,https://adresowo.pl/o/mieszkanie-bialystok-al-tysiaclecia-panstwa-polskiego-3-pokojowe-n2i3p3,https://s2.adresowa.pl/oi/6e/54/39fbd0_fc67_cover@2x-3-pokojowe-mieszkanie-bialystok-al-tysiaclecia-panstwa-polskiego.webp,Białystok ,Tysiąclecia Państwa Polskiego,2,2010.0,apartamentowiec,,"Przedstawiam wyjątkową ofertę mieszkania o powierzchni 77 m2, usytuowanego na drugim piętrze prestiżowego budynku z 2010 r. przy ulicy 1000-lecia Państwa Polskiego w Białymstoku. To mieszkanie wyróżnia się nie tylko przestronnością, ale także licznymi atutami, które sprawiają, że staje się idealnym miejscem do zamieszkania. Nieruchomość tworzą: salon, otwarta kuchnia, dwie sypialnie, łazienka z WC i druga oddzielna toaleta oraz korytarz. Mieszkanie utrzymane jest w bardzo dobrym stanie, co gwarantuje nowym mieszkańcom komfort i gotowość do wprowadzenia się. Posiada ono nie jeden, lecz dwa urokliwe tarasy, które umożliwiają cieszenie się pięknymi widokami oraz stanowią idealne miejsce do relaksu. Lokalizacja przy ulicy 1000-lecia Państwa Polskiego gwarantuje świetny dojazd do centrum miasta, a bliskość obwodnicy ułatwia szybki dostęp do innych części Białegostoku. To propozycja dla tych, którzy poszukują nie tylko komfortowego mieszkania, ale także dogodnej lokalizacji.",,,aneks,,,,53.150454,23.154911
Białystok Centrum,ul. Czarna,3,58,830000,14310.0,bez pośredników,,8,https://adresowo.pl/o/mieszkanie-bialystok-centrum-ul-czarna-3-pokojowe-n9m7y3,https://s2.adresowa.pl/oi/75/7f/39e1cc_e376_cover@2x-3-pokojowe-mieszkanie-bialystok-centrum-ul-czarna.webp,Białystok Centrum,Czarna,5,2020.0,blok,,"Na sprzedaż przestronne i nowoczesne mieszkanie o powierzchni 58 m2 + 5,87 balkon + 9,27 m2 (komórka lokatorska) + miejsce w garażu podziemnym. Mieszkanie położone jest na 5. piętrze w inwestycji Kamieniczka na Czarnej. Atuty nieruchomości: - Gotowe do zamieszkania. - Nowy blok z 2020 roku. - Wyposażenie do uzgodnienia z kupującym. - Budynek z windą. - Okolica z dobrze rozwiniętą infrastrukturą. - Osiedle położone w samym centrum Białegostoku. - Sklepy, żłobek, przedszkole, szkoła i uczelnia w bliskiej odległości. Mieszkanie składa się z: - Sypialnia 1 - 12,20 m2 - Sypialnia 2 - 11,59 m2 - Salon z aneksem kuchennym - 23,76 m2 - Łazienka - 4,09 m2 Cena: 850 000 zł (do negocjacji). Oferta prywatna. Telefon",tak,tak,aneks,,własność,,53.132489,23.16884
Białystok Wygoda,ul. Lawendowa,3,62,820000,13226.0,bez pośredników,,17,https://adresowo.pl/o/mieszkanie-bialystok-wygoda-ul-lawendowa-3-pokojowe-n1s5j6,https://s2.adresowa.pl/oi/26/69/39c7c0_db04_cover@2x-3-pokojowe-mieszkanie-bialystok-wygoda-ul-lawendowa.webp,Białystok Wygoda,Lawendowa,3,2023.0,apartamentowiec,,"Szukasz mieszkania do którego możesz natychmiast się wprowadzić i nie tracić czasu i energii na remonty... Nowe Mieszkanie, gotowe do zamieszkania Białystok ul. Lewandowskiego 5 Mieszkanie+komórka lokatorska (obok mieszkania) Na powierzchnię 62,04m2 składają się: - salon z aneksem kuchennym i wyjściem na duży balkon - dwie sypialnie - łazienka - korytarz W cenie zabudowa kuchenna i sprzęt AGD Osiedle Wygoda to idealna propozycja dla osób, którym zależy na ciszy i spokoju w bliskim sąsiedztwie centrum miasta. Bliskość tej lokalizacji daje mieszkańcom łatwy dostęp do rozbudowanej sieci komunikacji miejskiej, dzięki czemu możliwy jest szybki dojazd autobusem praktycznie do wszystkich zakątków Białegostoku. Zalety: - wysoka jakość wykończenia bloku - spokojna okolica - punkty usługowe,sklepy w pobliżu budynku - idealne skomunikowanie z miastem - dobra cena Zadzwoń aby umówić się na prezentację mieszkania 820tyś.",tak,,aneks,,własność,,53.121484,23.089219
Białystok Antoniuk,ul. Ukośna,3,54,730000,13519.0,bez pośredników,,13,https://adresowo.pl/o/mieszkanie-bialystok-antoniuk-ul-ukosna-3-pokojowe-o0g7o9,https://s2.adresowa.pl/oi/6c/78/39c7b8_a9bc_cover@2x-3-pokojowe-mieszkanie-bialystok-antoniuk-ul-ukosna.webp,Białystok Antoniuk,Ukośna,parter,2023.0,apartamentowiec,,"Białystok, Antoniuk, ul. Ukośna 42 Cena: 730 tys. Szukasz mieszkania, do którego możesz natychmiast się wprowadzić i nie tracić czasu i energii na remonty? Na powierzchnię 54,31 m2 składają się: - salon z aneksem kuchennym i wyjściem na duży balkon/taras, - dwie sypialnie, - łazienka, - korytarz. W cenie: - zabudowa kuchenna i sprzęt AGD, - komórka lokatorska. Możliwość kupna z miejscem postojowym w garażu podziemnym: +60 tys. (szczytowe, możliwość zagospodarowania dwóch ścian, szafy itp.). Osiedle Antoniuk to idealna propozycja dla osób, którym zależy na ciszy i spokoju w bliskim sąsiedztwie centrum miasta. Bliskość tej lokalizacji daje mieszkańcom łatwy dostęp do rozbudowanej sieci komunikacji miejskiej, dzięki czemu możliwy jest szybki dojazd autobusem praktycznie do wszystkich zakątków Białegostoku. Zalety: - wysoka jakość wykończenia bloku, - spokojna okolica, - punkty usługowe, sklepy w pobliżu budynku, - idealne skomunikowanie z miastem, - dobra cena. Więcej informacji: Kupujący nie płaci podatku PCC (oszczędność ok. 15 tys.). Mieszkanie można obejrzeć praktycznie każdego dnia (wskazany kontakt telefoniczny dzień wcześniej). Zadzwoń, aby umówić się na prezentację mieszkania.",tak,,aneks,,własność,,53.143656,23.140135
Białystok Nowe Miasto,ul. Wiadukt,2,54,700000,12963.0,bez pośredników,,6,https://adresowo.pl/o/mieszkanie-bialystok-nowe-miasto-ul-wiadukt-2-pokojowe-h2o0h3,https://s2.adresowa.pl/oi/64/6c/3998b2_7f05_cover@2x-2-pokojowe-mieszkanie-bialystok-nowe-miasto-ul-wiadukt.webp,Białystok Nowe Miasto,Wiadukt,4,1995.0,apartamentowiec,,"Sprzedam mieszkanie przy ul. Wiadukt 5B. - 54 m² - 2 pokoje - 4 piętro - Komórka lokatorska - Prywatny parking Mieszkanie wykończone jest na wysoki standard, częściowo umeblowane, drewniane podłogi, gotowe do zamieszkania. Zapraszam do kontaktu.",tak,,,,,,53.099097,23.131389
Białystok Dziesięciny,ul. Palmowa,3,60,479000,7983.0,bez pośredników,,17,https://adresowo.pl/o/mieszkanie-bialystok-dziesieciny-ul-palmowa-3-pokojowe-t2y6s0,https://s2.adresowa.pl/oi/6a/1b/398b08_c432_cover@2x-3-pokojowe-mieszkanie-bialystok-dziesieciny-ul-palmowa.webp,Białystok Dziesięciny,Palmowa,3,1981.0,blok,,"Mieszkanie znajduje się na 3. piętrze niskiego bloku po termomodernizacji przy ul. Palmowej w Białymstoku. Mieszkanie dwustronne o powierzchni 60,30 m² składa się z: - oddzielnej kuchni, - pokoju dziennego z wyjściem na zabudowany duży balkon, - 2 sypialni, - łazienki z prysznicem, - oddzielnej toalety, - dużego przedpokoju. Mieszkanie dwustronne, ustawne pokoje. Mieszkanie gotowe do wprowadzenia. Do mieszkania przynależy piwnica. Okna PCV, podłogi panel/gres, ściany gładź gipsowa. Mieszkanie jest umeblowane i wyposażone w kuchenkę gazowo-elektryczną, dużą lodówkę Samsung oraz nową pralkę Beko. Stan prawny: odrębna własność. Założona księga wieczysta. Spółdzielnia mieszkaniowa: Rodzina Kolejowa. Czynsz: ok. 800 zł, z zaliczkami na c.o., gaz i wodę. Nieruchomość ma dobrą lokalizację, bliski dojazd do obwodnicy Białegostoku daje możliwości szybkiego przemieszczania się między osiedlami, a także wyjazd z miasta. W najbliższej okolicy: żłobek, przedszkole, szkoła podstawowa, sklepy spożywcze (Lidl, PSS Społem), targowisko miejskie, bar Hermes, drobne usługi, bank, przychodnia lekarska, apteka. Jeśli interesuje Państwa ta oferta i chcecie dowiedzieć się więcej, proszę o kontakt telefoniczny. Agentom nieruchomości uprzejmie dziękuję.",tak,,osobna,,własność,"Wyposażenie: kuchenkę, lodówkę, pralkę",53.156227,23.121902
Białystok Bacieczki,ul. Komisji Edukacji Narodowej,2,48,435000,9062.0,bez pośredników,,8,https://adresowo.pl/o/mieszkanie-bialystok-bacieczki-ul-komisji-edukacji-narodowej-2-pokojowe-i4i4y9,https://s2.adresowa.pl/oi/61/66/3987b0_9af0_cover@2x-2-pokojowe-mieszkanie-bialystok-bacieczki-ul-komisji-edukacji-narodowej.webp,Białystok Bacieczki,Komisji Edukacji Narodowej,2,2001.0,blok,,"Mieszkanie ulokowane jest na drugim piętrze, przy ul. KEN 5a. - Blok z 2001, trzy piętra. - Czysta, zadbana klatka. - Dwa pokoje, z łatwą możliwością przerobienia na trzy, bez burzenia ścian. - Duży balkon. - Piwnica. - Dobra spółdzielnia mieszkaniowa: Słoneczny Stok. - Czynsz przy dwóch osobach: 635 zł.",tak,,osobna,plastikowe,spółdzielcze własnościowe,,53.151006,23.088571
Białystok Centrum,ul. Jana Sobieskiego,3,65,780000,12000.0,bez pośredników,,12,https://adresowo.pl/o/mieszkanie-bialystok-centrum-ul-jana-sobieskiego-3-pokojowe-y7s0b5,https://s2.adresowa.pl/oi/31/5e/397f7a_ccfc_cover@2x-3-pokojowe-mieszkanie-bialystok-centrum-ul-jana-sobieskiego.webp,Białystok Centrum,Jana Sobieskiego,3,2014.0,blok,,"Sprzedam ładnie wykończone mieszkanie. Ciekawy projekt od Cianaka. 3. piętro (ostatnie), duży narożny taras około 20 m². Rok budowy bloku: 2014. Duży prywatny parking przed blokiem. Agentom nieruchomości dziękuję. Proszę nie dzwonić. Centrum, ul. Sobieskiego 13. Dwie łazienki.",tak,,aneks,,własność,,53.139126,23.174478
Białystok,ul. Krucza,2,51,478000,9373.0,bez pośredników,,10,https://adresowo.pl/o/mieszkanie-bialystok-ul-krucza-2-pokojowe-p9y8m1,https://s2.adresowa.pl/oi/52/2c/397b52_27e4_cover@2x-2-pokojowe-mieszkanie-bialystok-ul-krucza.webp,Białystok ,Krucza,4,1998.0,blok,,"Mieszkanie składa się z oddzielnej kuchni oraz 2 dużych pokoi. Skosy nie wliczają się do metrażu i dają dodatkową powierzchnię ok. 10 m² (wygospodarowane np. na pomieszczenie z pralką i suszarką). W mieszkaniu oprócz grzejników jest również ogrzewanie podłogowe. W 2021 wymieniono całą stolarkę okienną, co miało związek z remontem dachu (zmiana pokrycia dachu, na której leżała papa). Do mieszkania należy duża piwnica, ok. 5 m². Blok nie posiada windy. Mieszkanie z klimatem - zdjęcia nie oddają rzeczywistości. Zapraszam do kontaktu i oglądania.",tak,,osobna,,własność,,53.110699,23.131464
Białystok Dziesięciny,ul. Generała Józefa Hallera,2,48,450000,9375.0,bez pośredników,,20,https://adresowo.pl/o/mieszkanie-bialystok-dziesieciny-ul-generala-jozefa-hallera-2-pokojowe-r0e7s1,https://s2.adresowa.pl/oi/76/13/394756_b676_cover@2x-2-pokojowe-mieszkanie-bialystok-dziesieciny-ul-generala-jozefa-hallera.webp,Białystok Dziesięciny,Generała Józefa Hallera,3,1985.0,blok,,"Mam do sprzedania dwustronne, słoneczne mieszkanie 2 pokojowe z oddzielną kuchnią, dużym przedpokojem, łazienką i WC. - Lokal sprzedaję z całym wyposażeniem (jak na załączonych zdjęciach). - Do lokalu przynależy piwnica. - Osiedle jest bardzo dobrze skomunikowane z innymi częściami miasta, blisko centrum. - W pobliżu szkoła, przedszkola, banki, sklepy, apteki, ryneczek. - Bardzo blisko przystanek autobusowy. Sprzedaż bez pośredników.",tak,tak,osobna,,,,53.152694,23.125537
Białystok Leśna Dolina,ul. Powstańców,3,63,608265,9655.0,bez pośredników,,12,https://adresowo.pl/o/mieszkanie-bialystok-lesna-dolina-ul-powstancow-3-pokojowe-a7z4v0,https://s2.adresowa.pl/oi/63/5f/3946b0_f113_cover@2x-3-pokojowe-mieszkanie-bialystok-lesna-dolina-ul-powstancow.webp,Białystok Leśna Dolina,Powstańców,4,1991.0,blok,,"Oferuję na sprzedaż słoneczne i przestronne mieszkanie o powierzchni 63,8 m². Znajduje się na 4. piętrze czteropiętrowego, jednoklatkowego bloku z 1991 roku, po termomodernizacji i z wyremontowaną klatką schodową. Odnowione mieszkanie posiada balkon, piwnicę oraz duży parking, co zwiększa komfort codziennego użytkowania. Mieszkanie jest komfortowe, przestronne, wyposażone: - zabudowy w każdym pokoju - klimatyzacja 2-letnia - pralka 2-letnia - zmywarka 4-letnia - lodówka 2-letnia - kuchenka - piekarnik - 2 telewizory - doprowadzone zasilanie 3-fazowe Nieruchomość znajduje się w dogodnej lokalizacji. W pobliżu: - przystanki autobusowe (Popiełuszki, Batalionów Chłopskich, Sikorskiego) - sklepy spożywcze (Dealz, Carrefour, Lidl, Biedronki) - restauracje (Hacienda, Sponti Pizza) - szkoły i przedszkola (Szkoły Podstawowe nr 43, 44, 49, V LO, XIV LO, Żłobek Miejski nr 6) - świątynie - pływalnia rodzinna, siłownie - dużo placów zabaw - tereny zielone (Park Janiny Kurkowskiej-Spychajowej, Las Bacieczkowski) Zainwestuj w swoje przyszłe miejsce do życia! Skontaktuj się, aby umówić się na prezentację.",tak,,osobna,,,"Wyposażenie: klimatyzacja, kuchenka, lodówka, piekarnik, pralka, telewizor, zmywarka",53.129138,23.092976
Białystok Centrum,ul. Jurowiecka,2,44,655000,14886.0,bez pośredników,,14,https://adresowo.pl/o/mieszkanie-bialystok-centrum-ul-jurowiecka-2-pokojowe-b4n9n4,https://s2.adresowa.pl/oi/5e/2c/3929e2_353d_cover@2x-2-pokojowe-mieszkanie-bialystok-centrum-ul-jurowiecka.webp,Białystok Centrum,Jurowiecka,6,2023.0,apartamentowiec,,"Na sprzedaż: 2-pokojowe mieszkanie z balkonem. LOKALIZACJA: ul. Jurowiecka 11, piętro 6. PARAMETRY: * Powierzchnia: 44,5 m². * Liczba pokoi: 2. * Piętro: 6. OPIS: Mieszkanie zamieszkałe przez 6 miesięcy (prawie nowe). Wysoki standard wykończenia. Sprzedaje w pełni umeblowane, jak na foto. ROZKŁAD POMIESZCZEŃ: * Salon z aneksem kuchennym. * Sypialnia. * Łazienka z WC. * Balkon. WYPOSAŻENIE: * Pomieszczenia klimatyzowane. * Eterycznie regulowane rolety. * Kamienne blaty w kuchni i łazience. * Wszystkie meble zostały wykonane na wymiar. * Kuchnia wyposażona w AGD: płyta indukcyjna, lodówka, piekarnik, zmywarka, mikrofalówka. ATUTY LOKALIZACJI: Doskonała lokalizacja. W pobliżu żłobki, przedszkola, sklepy, liczne restauracje itp. INFORMACJE DODATKOWE: * Możliwość dokupienia miejsca parkingowego w cenie 47 000 zł. BEZ POŚREDNIKÓW - SPRZEDAŻ PRYWATNA.",,tak,aneks,,własność,"Wyposażenie: lodówka, mikrofalówka, piekarnik, zmywarka",53.137383,23.161303
Białystok Centrum,al. Józefa Piłsudskiego,1,24,260000,10833.0,bez pośredników,,1,https://adresowo.pl/o/mieszkanie-bialystok-centrum-al-jozefa-pilsudskiego-1-pokoj-f3c6w1,https://s2.adresowa.pl/oi/30/19/3918a6_f56b_cover@2x-1-pokojowe-mieszkanie-bialystok-centrum-al-jozefa-pilsudskiego.webp,Białystok Centrum,Józefa Piłsudskiego,parter,,blok,,"Kawalerka w ścisłym centrum Białegostoku przy al. Piłsudskiego, na parterze, o powierzchni 24 m². Mieszkanie do generalnego remontu - świetna baza do stworzenia własnej, funkcjonalnej przestrzeni albo pod inwestycję. Okna wychodzą na ciche podwórze, co zapewnia spokój mimo centralnej lokalizacji. Do mieszkania przynależy piwnica. Lokal jest obecnie połączony wydzieloną częścią korytarza z sąsiednim mieszkaniem 2-pokojowym (54 m²). Można je łatwo rozdzielić lub - przy zakupie pakietowym - utrzymać połączenie, zyskując większą, elastyczną przestrzeń. Załączone zdjęcie przedstawia orientacyjną, potencjalną aranżację przestrzeni. Sprzedaż wyłącznie bezpośrednia - agencjom dziękujemy. Link do sąsiedniego ogłoszenia (mieszkanie 2-pokojowe):",tak,,,,własność,,53.136103,23.157239
Białystok Nowe Miasto,ul. Pogodna,3,64,650000,10156.0,bez pośredników,,8,https://adresowo.pl/o/mieszkanie-bialystok-nowe-miasto-ul-pogodna-3-pokojowe-d6m9u6,https://s2.adresowa.pl/oi/6f/64/38fcb2_49a1_cover@2x-3-pokojowe-mieszkanie-bialystok-nowe-miasto-ul-pogodna.webp,Białystok Nowe Miasto,Pogodna,parter,1997.0,blok,,"Na sprzedaż przestronne mieszkanie o powierzchni 64 m², położone na wysokim parterze w 4-piętrowym bloku z cegły (rok budowy 1997) przy ul. Pogodnej na osiedlu Nowe Miasto - jednej z najbardziej lubianych i wygodnych lokalizacji w Białymstoku. Układ mieszkania: - salon z wyjściem na duży taras, - oddzielna, widna kuchnia, - dwie sypialnie, - łazienka z prysznicem i wanną, - przestronny korytarz. Do mieszkania przynależy także piwnica. Atuty: - funkcjonalny układ pomieszczeń - mieszkanie idealne dla rodziny lub jako inwestycja na wynajem, - duży taras, - wysoki parter (wejście pół piętra po schodach), - spokojna okolica, jednocześnie blisko centrum. Lokalizacja: - 10 minut pieszo do Politechniki Białostockiej, - szybki dojazd do centrum (ok. 15 minut autobusem), - w pobliżu sklepy, drogerie, szkoła, orlik, tereny zielone, - spokojne, rodzinne osiedle. Informacje dodatkowe: - stan mieszkania: do odświeżenia lub remontu, - ogłoszenie prywatne.",tak,,osobna,,,,53.115741,23.13707
Białystok Wygoda,ul. Wasilkowska,3,58,479000,8259.0,bez pośredników,,20,https://adresowo.pl/o/mieszkanie-bialystok-wygoda-ul-wasilkowska-3-pokojowe-u4x2h6,https://s2.adresowa.pl/oi/71/3e/38f644_f8e3_cover@2x-3-pokojowe-mieszkanie-bialystok-wygoda-ul-wasilkowska.webp,Białystok Wygoda,Wasilkowska,2,1975.0,blok,,"Sprzedam mieszkanie 4 pokojowe - ( w tym 1 pokój przerobiony na garderobę) przy ulicy Wasilkowskiej na osiedlu Wygoda. Mieszkanie znajduje się w świetnej lokalizacji, blisko centrum miasta - (5 min. od ścisłego centrum - węzła komunikacyjnego ulic Sienkiewicza/Piłsudskiego skąd można się dostać praktycznie wszędzie bez przesiadek komunikacją miejską). W pobliżu dużo sklepów - ( Netto, Społem, Żabka, Chorten), wiele zakładów usługowych - ( fryzjer, krawiec, szefc), aptek, a także przedszkole. Mieszkanie jest dwustronne, bardzo jasne, bardzo cieple. Okna wychodzą na północ i południe. Przed blokiem jest duży parking dla mieszkańców odgrodzony szlabanem, a także plac zabaw dla najmłodszych. Dużo zieleni. Mieszkanie przeszło generalny remont w 2017r. Instalacja elektryczna miedziana. Wymieniona hydraulika w kuchni i łazience. W całym mieszkaniu nowe oświetlenie - (żyrandole oraz żarówki typu LED). Wymieniona stolarka okienno/drzwiowa. Nowe parapety drewniane, lakierowane. Okna PCV, drzwi zewnętrzne antywłamaniowe Gerda certyfikowane wraz z ościeżnicą i stalowym progiem Gerda. Drzwi wewnętrzne Porta. Kuchnia po remoncie - (nowe szafki, kuchenka, okap oraz lodówka). W łazience nowa hydraulika - (nowe baterie, nowy kompakt oraz kaloryfer, wanna z tworzywa sztucznego). W mieszkaniu ściany i sufit gładź. Na podłogach panele w pokojach i kuchni, w łazience i ubikacji glazura oraz terakota. W mieszkaniu jest bardzo dużo pojemnych szaf w których można pomieścić dużo rzeczy. Możliwa sprzedaż mieszkania wraz z nowymi meblami oraz sprzętem AGD zakupionymi po remoncie do uzgodnienia. Niskie koszty eksploatacji lokalu. Wynoszą około 665zł. Świadectwo energetyczne uzyskam w ciągu 2 dni roboczych.",tak,,osobna,plastikowe,spółdzielcze własnościowe,"Wyposażenie: kuchenka, lodówka",53.14459,23.18115
Białystok,ul. Lipowa,1,24,315000,13125.0,bez pośredników,,4,https://adresowo.pl/o/mieszkanie-bialystok-ul-lipowa-1-pokoj-h7s2b3,https://s2.adresowa.pl/oi/60/7c/38e5d4_7960_cover@2x-1-pokojowe-mieszkanie-bialystok-ul-lipowa.webp,Białystok ,Lipowa,3,1960.0,blok,,"Sprzedam bezpośrednio kawalerkę 24,5 m, na trzecim piętrze, ul. Lipowa. Kawalerka do wprowadzenia się, standard odpowiedni. 3. piętro. Sprzedam, stan z wyposażeniem, piwnica. Proszę, aby nie dzwonili agencji nieruchomości.",tak,tak,osobna,,,,53.133521,23.15165
Białystok Antoniuk,ul. Antoniukowska,2,26,260000,10000.0,bez pośredników,,7,https://adresowo.pl/o/mieszkanie-bialystok-antoniuk-ul-antoniukowska-2-pokojowe-i6t8i1,https://s2.adresowa.pl/oi/16/7e/38c454_c35f_cover@2x-2-pokojowe-mieszkanie-bialystok-antoniuk-ul-antoniukowska.webp,Białystok Antoniuk,Antoniukowska,3,1976.0,blok,,"Na sprzedaż mieszkanie ul Antoniukowska osiedle Antoniuk. Świetny dojazd autobusem nr 7 na Uniwersytet Medyczny świetny dojazd również na inne uczelnie i politechnikę bialostocka. W pobliżu dworzec PKP, PKS, liczne sklepy, przychodnie, szkoły, przedszkola. W okolicy park wierzbowa. Zapraszam do kontaktu.",tak,tak,aneks,plastikowe,spółdzielcze własnościowe,,53.140241,23.139404
Białystok Antoniuk,ul. Antoniukowska,3,53,370000,6981.0,bez pośredników,,8,https://adresowo.pl/o/mieszkanie-bialystok-antoniuk-ul-antoniukowska-3-pokojowe-d6f9i8,https://s2.adresowa.pl/oi/7e/35/386acc_eaa1_cover@2x-3-pokojowe-mieszkanie-bialystok-antoniuk-ul-antoniukowska.webp,Białystok Antoniuk,Antoniukowska,4,1972.0,blok,,"Mieszkanie położone na 4 piętrze w 4-piętrowym bloku z balkonem i dużą piwnicą. W dobrym stanie - wymaga pomalowania. W okolicy przedszkole, szkoła podstawowa i II liceum ogólnokształcące. Dzielnica położona blisko dworca kolejowego, autobusowego, dobrze skomunikowana z centrum miasta. Mieszkanie dostępne od zaraz.",tak,,osobna,plastikowe,własność,,53.143002,23.135
Białystok Sienkiewicza,ul. Jurowiecka,2,34,529000,15559.0,bez pośredników,,16,https://adresowo.pl/o/mieszkanie-bialystok-sienkiewicza-ul-jurowiecka-2-pokojowe-c9r1h7,https://s2.adresowa.pl/oi/55/25/38243c_43c4_cover@2x-2-pokojowe-mieszkanie-bialystok-sienkiewicza-ul-jurowiecka.webp,Białystok Sienkiewicza,Jurowiecka,3,2025.0,blok,,"Adres: ul. Jurowiecka 22, Białystok Powierzchnia: 34,5 m² Cena mieszkania: 529 000 zł Miejsce postojowe w garażu podziemnym: 50 000 zł Cena łączna: 616 000 zł Opis nieruchomości: Na sprzedaż eleganckie mieszkanie w prestiżowej inwestycji przy Jurowieckiej 22. Lokal świeżo wykończony w wysokim standardzie, gotowy do wprowadzenia - bez dodatkowych kosztów. ✔ Salon z aneksem kuchennym i wyjściem na balkon. ✔ Nowoczesna kuchnia w zabudowie z pełnym AGD (piekarnik, płyta indukcyjna, lodówka w zabudowie). ✔ Stylowa łazienka - płytki inspirowane marmurem, złote dodatki, designerskie oświetlenie LED. ✔ Podłoga ułożona w jodełkę - elegancka i ponadczasowa. ✔ Oświetlenie LED sufitowe i dekoracyjne. ✔ Wysokiej jakości stolarka drzwiowa i detale architektoniczne. Atuty mieszkania: • Kupujący nie płaci PCC - oszczędność kilkunastu tysięcy złotych. • Wysoki standard wykończenia - mieszkanie gotowe do wprowadzenia. • Nowoczesny budynek z windą. • Garaż podziemny (50 000 zł). • Centrum miasta - sklepy, restauracje, komunikacja i atrakcje w zasięgu ręki. Oferta bezpośrednia. Uprzejmie proszę, aby agencje nieruchomości nie kontaktowały się w sprawie tego ogłoszenia.",,,aneks,,własność,"Wyposażenie: lodówka, piekarnik",53.138,23.162001
Białystok Bojary,ul. Józefa Ignacego Kraszewskiego,2,47,475000,10106.0,bez pośredników,,7,https://adresowo.pl/o/mieszkanie-bialystok-bojary-ul-jozefa-ignacego-kraszewskiego-2-pokojowe-w7t0g8,https://s2.adresowa.pl/oi/55/19/38011c_fed8_cover@2x-2-pokojowe-mieszkanie-bialystok-bojary-ul-jozefa-ignacego-kraszewskiego.webp,Białystok Bojary,Józefa Ignacego Kraszewskiego,3,1988.0,blok,,"Sprzedam mieszkanie M3 o powierzchni użytkowej 47,1 m2, zlokalizowane w Białymstoku na osiedlu Bojary przy ul. J.I. Kraszewskiego. Mieszkanie dwustronne, słoneczne, położone na III piętrze: - dwa pokoje, - duży balkon, - niezależna kuchnia, - łazienka z wanną i umywalką, - oddzielne WC, - przestronny korytarz z miejscem na wbudowanie 3 szaf. W pokojach parkiet drewniany. Do mieszkania przynależy również piwnica. Mieszkanie do odświeżenia. Dodatkowe informacje: - Budynek z 1988 roku (4 kondygnacje, bez windy). - Kilka lat temu został ocieplony i także zyskał nową elewację. - Odmalowane zostały klatki schodowe. - W mieszkaniu została wymieniona stolarka okienna. Atutem jest dobra lokalizacja: - sprzyja rekreacji i spacerom, wkoło dużo zieleni, - w pobliżu: centrum, Pałac Branickich, urzędy, przystanki autobusowe, szkoły, przedszkola, place zabaw, sklepy, przychodnia medyczna itp.",tak,,osobna,,własność,,53.138,23.176001
Białystok Centrum,ul. Młynowa 82,3,67,579000,8642.0,bez pośredników,,7,https://adresowo.pl/o/mieszkanie-bialystok-centrum-ul-mlynowa-82-3-pokojowe-d9y1v1,https://s2.adresowa.pl/oi/11/63/37fe44_4f67_cover@2x-3-pokojowe-mieszkanie-bialystok-centrum-ul-mlynowa-82.webp,Białystok Centrum,Młynowa 82,2,1992.0,blok,,"Ładne mieszkanie na drugim piętrze z dużym balkonem, położone w ścisłym centrum i jednocześnie w spokojnej okolicy. Mieszkanie idealne do zamieszkania, jak i pod wynajem. LOKALIZACJA: W pobliżu bogata oferta sklepów (Kaufland, Biedronka, PSS Społem), dworzec PKP oraz PKS. W bliskim sąsiedztwie przedszkola i szkoły, Politechnika Białostocka, place zabaw dla dzieci i boiska. ROZKŁAD POMIESZCZEŃ: Mieszkanie składa się z: - Pokój nr 1 SALON (ok. 4,5 m x 4,0 m) z balkonem (3 m x 1,2 m): na podłodze ładny parkiet, po południu słonecznie. - Pokój nr 2 SYPIALNIA (ok. 3,4 m x 3 m): na podłodze ładny parkiet, na dłuższej ścianie zabudowa KOMANDOR, po południu zacienienie i przy gorących dniach wieczorem jest chłodno. - Pokój nr 3 SYPIALNIA/POKÓJ DZIECIĘCY (ok. 4,7 m x 2,7 m): na podłodze ładny parkiet, po południu zacienienie i przy gorących dniach wieczorem jest chłodno. - Przedpokój (ok. 2,5 m x 4,2 m): na podłodze ładny parkiet, zaraz przy drzwiach wejściowych zabudowa typu KOMANDOR, przy wejściu ułożony fragment terakoty, aby łatwiej było utrzymać czystość. - Łazienka (ok. 2 m x 1,5 m): na podłodze i ścianach płytki, zlew i prysznic (brak na zdjęciach). - Toaleta (ok. 1,1 m x 1,5 m): jak na zdjęciach, jest oddzielnym pomieszczeniem od łazienki. - Kuchnia (ok. 3,4 m x 2,4 m): na podłodze płytki, reszta jak na zdjęciach. Pokoje nie są przechodnie, do każdego pomieszczenia wchodzi się z korytarza. Dodatkowo do mieszkania przynależy spora piwnica. Jest też duża wózkownia, w której można trzymać między innymi rowery. BUDYNEK I OTOCZENIE: Blok jest z roku 1992, wybudowany z cegły. Okna plastikowe. Klatki duże i wyposażone w domofony. Blok posiada monitorowany parking, który jest ogrodzony, więc zawsze jest miejsce parkingowe. Od strony pokoi 2 i 3 są ładne tereny zielone. Internet w mieszkaniu z Euro Netu. OPŁATY I STAN PRAWNY: Czynsz obecnie wynosi 852 zł (w tym CO, woda ze ściekami) przy trzech dorosłych osobach. Gaz i prąd według zużycia oddzielnie. Pełna własność z Księgą Wieczystą. Oferta bezpośrednio od właściciela, brak prowizji. Obecnie mieszkanie jest wynajmowane i przy sprzedaży można zostawić lokatorów, lecz mogę rozwiązać najem i wtedy sprzedać, decyzja należy do kupującego. INFORMACJE KOŃCOWE: Pośrednikom serdecznie dziękuję. Kupno przez agencję nieruchomości tylko na życzenie klienta. Więcej informacji udzielę telefonicznie. Na życzenie prześlę więcej zdjęć. Cena do rozsądnej negocjacji, lecz dopiero po obejrzeniu mieszkania!",tak,tak,osobna,plastikowe,własność,Wyposażenie: internet,53.127099,23.138437
Białystok Słoneczny Stok,ul. gen. Władysława Sikorskiego,2,31,350000,11290.0,bez pośredników,,12,https://adresowo.pl/o/mieszkanie-bialystok-sloneczny-stok-ul-gen-wladyslawa-sikorskiego-2-pokojowe-s4y4q9,https://s2.adresowa.pl/oi/7e/22/37fb2c_7429_cover@2x-2-pokojowe-mieszkanie-bialystok-sloneczny-stok-ul-gen-wladyslawa-sikorskiego.webp,Białystok Słoneczny Stok,gen. Władysława Sikorskiego,9,1981.0,blok,,"Mieszkanie słoneczne, z pełnym wyposażeniem i klimatyzacją, po gruntownym remoncie, gotowe do zamieszkania od zaraz. Niski czynsz. Pośrednikom dziękujemy.",tak,,aneks,plastikowe,własność,,53.131001,23.101
Białystok Centrum,al. Józefa Piłsudskiego,2,48,465500,9698.0,bez pośredników,,8,https://adresowo.pl/o/mieszkanie-bialystok-centrum-al-jozefa-pilsudskiego-2-pokojowe-n2v7b5,https://s2.adresowa.pl/oi/65/13/37de02_38a5_cover@2x-2-pokojowe-mieszkanie-bialystok-centrum-al-jozefa-pilsudskiego.webp,Białystok Centrum,Józefa Piłsudskiego,2,1980.0,blok,,"Zadbane, przestronne i elegancko wykończone mieszkanie zlokalizowane w centrum Białegostoku przy ul. Piłsudskiego. Na powierzchnię 48,9 m2 składają się: * przestronny, słoneczny salon o pow. 20 m2 z ew. możliwością podziału na 2 pokoje, * kuchnia o pow. 9 m2, * sypialnia 11 m2, * przedpokój, * łazienka. Kuchnia w pełni wyposażona, dodatkowo uzdatniacz wody z kranikiem do nalewania. Nieruchomość o układzie dwustronnym, po generalnym remoncie sprzed kilku lat. Nowe, wymienione instalacje, drzwi antywłamaniowe, a także nowe plastikowe okna. Do mieszkania przynależy piwnica o pow. 4 m2. Blok z cegły, po termomodernizacji. Klatki schodowe czyste, odremontowane. Mieszkanie rogowe bez balkonu. Na uwagę zasługuje lokalizacja w centrum miasta, blisko wielu atrakcji: * restauracji, * sklepów, * marketów, * galerii handlowych, * przychodni, * miejsc religijnych. Niedaleko znajduje się też park, teatr, opera. Blisko do dworca PKS i PKP. Atrakcyjna oferta pod kątem zamieszkania lub inwestycyjnie. Istnieje możliwość wynajmu",tak,,,,,,53.136002,23.157
Białystok Piaski,ul. Jerzego Waszyngtona,2,48,460000,9583.0,bez pośredników,,9,https://adresowo.pl/o/mieszkanie-bialystok-piaski-ul-jerzego-waszyngtona-2-pokojowe-w6z4u7,https://s2.adresowa.pl/oi/66/53/37dc44_ac25_cover@2x-2-pokojowe-mieszkanie-bialystok-piaski-ul-jerzego-waszyngtona.webp,Białystok Piaski,Jerzego Waszyngtona,3,1978.0,blok,,"Sprzedam 2-pokojowe mieszkanie 48m2, III piętro w wysokim bloku z windą, centrum, ul. Waszyngtona. Mieszkanie w dobrym stanie do zamieszkania lub ewentualnie do remontu. Mieszkanie środkowe z niedużym balkonem. Mieszkanie składa się z dużego salonu, niewielkiej sypialni, oddzielnej kuchni , przedpokoju oraz łazienki z wc. Na podłogach w pokojach panele, w kuchni, przedpokoju i łazience terakota, na ścianach gładzie gipsowe. Na półpiętrze bokówka. Dostępne miejsca parkingowe przed blokiem, osiedle posiada szlabany. Dużym atutem mieszkania jest bliskość Uniwersytetu Medycznego, Uniwersytetu w Białymstoku i Politechniki oraz Uniwersyteckiego Szpitala Klinicznego. Sprzedaż bez pośredników.",tak,,osobna,plastikowe,spółdzielcze własnościowe,,53.125,23.156
Białystok,Centrum,3,55,550000,10000.0,bez pośredników,,1,https://adresowo.pl/o/mieszkanie-bialystok-centrum-3-pokojowe-55-m2-r6o6v1,https://s2.adresowa.pl/oi/58/59/37d444_ba3c_cover@2x-3-pokojowe-mieszkanie-bialystok-centrum.webp,Białystok Centrum,,2,,blok,,"Mam do zaoferowania mieszkanie położone w centrum Białegostoku, bardzo blisko dworca (PKS, PKP) i szkół wyższych. Położone jest na Osiedlu Przydworcowym. - Blok wybudowany został z cegły w końcówce lat 60-tych. - Znajduje się na 2. piętrze z 4. - Do mieszkania przynależy piwnica. - Posiada elektroniczne liczniki na ogrzewanie oraz wodę. - Dodatkowo gaz ziemny. Mieszkanie utrzymane w bardzo dobrym stanie. Parkiet. Osobom zainteresowanym prześlę zdjęcia, choć najlepiej jest zobaczyć. Pozdrawiam.",tak,,,,,,53.132999420166,23.16900062561
Białystok Bojary,ul. Słonimska,3,56,560000,10000.0,bez pośredników,,8,https://adresowo.pl/o/mieszkanie-bialystok-bojary-ul-slonimska-3-pokojowe-b8t6m1,https://s2.adresowa.pl/oi/26/58/37bb86_ed37_cover@2x-3-pokojowe-mieszkanie-bialystok-bojary-ul-slonimska.webp,Białystok Bojary,Słonimska,1,2001.0,blok,,"Bezpośrednio sprzedam 3-pokojowe mieszkanie z tarasem, w doskonałej lokalizacji, przy ul. Słonimskiej 5. Pokoje przestronne. Salon połączony z kuchnią. Blok oddany do użytkowania w 2001 r. Blok ogrodzony. Parking na terenie posesji. Domofon. Mieszkanie do odświeżenia. Na tarasie terakota do wymiany. Przy bloku przystanek autobusowy (nr 5 i 28). Obok Urząd Miasta, przychodnia, Rossmann i apteka na parterze. Naprzeciw sklep spożywczy „PSS Społem Bojary”. Blisko do Pałacu Branickich.",tak,tak,aneks,drewniane,własność,,53.13399887085,23.173999786377
Białystok Os. Młodych,ul. Hetmańska,3,52,665000,12788.0,bez pośredników,,13,https://adresowo.pl/o/mieszkanie-bialystok-os-mlodych-ul-hetmanska-3-pokojowe-b1z6s2,https://s2.adresowa.pl/oi/36/2c/37b030_65db_cover@2x-3-pokojowe-mieszkanie-bialystok-os-mlodych-ul-hetmanska.webp,Białystok Os. Młodych,Hetmańska,2,2024.0,blok,,"Dzień dobry, Sprzedam mieszkanie widoczne na zdjęciach. Więcej informacji telefonicznie Umeblowane",,tak,aneks,,własność,,53.132999420166,23.16900062561
Białystok Piaski,ul. Żelazna,2,51,545000,10686.0,bez pośredników,,8,https://adresowo.pl/o/mieszkanie-bialystok-piaski-ul-zelazna-2-pokojowe-r2y2e1,https://s2.adresowa.pl/oi/7c/69/3793e8_3437_cover@2x-2-pokojowe-mieszkanie-bialystok-piaski-ul-zelazna.webp,Białystok Piaski,Żelazna,1,,blok,,"Sprzedam 2-pokojowe mieszkanie, 51 m² - ul. Żelazna 38, Białystok Na sprzedaż przestronne i świeżo wyremontowane mieszkanie o pow. 51 m², położone na 1. piętrze w 4-piętrowym bloku z wielkiej płyty. Mieszkanie składa się z dwóch ustawnych pokoi, oddzielnej kuchni, łazienki z WC oraz dużego przedpokoju. Do lokalu przynależy piwnica. - Po remoncie - gotowe do wprowadzenia - Świetna lokalizacja - blisko centrum, komunikacja, sklepy, szkoły - Spokojne i zadbane osiedle - Budynek zadbany, niska zabudowa - Dużo zieleni i miejsc parkingowych wokół Zadzwoń i umów się na prezentację - mieszkanie dostępne od zaraz! SPRZEDAŻ BEZPOŚREDNIA, oferta prywatna - pośrednikom dziękuję.",tak,,osobna,,,,53.123001,23.155001
Białystok,ul. gen. Józefa Bema,3,60,565000,9417.0,bez pośredników,,14,https://adresowo.pl/o/mieszkanie-bialystok-ul-gen-jozefa-bema-3-pokojowe-p9l4e2,https://s2.adresowa.pl/oi/64/76/376938_bab3_cover@2x-3-pokojowe-mieszkanie-bialystok-ul-gen-jozefa-bema.webp,Białystok ,gen. Józefa Bema,3,1985.0,blok,,"Lokalizacja: Osiedle Bema, Białystok Powierzchnia: 60 m² Stan: Do remontu (mieszkanie nadaje się do zamieszkania) Piętro: 3 Liczba pokoi: 3 Oddzielna kuchnia Oddzielna łazienka i WC Duży balkon Dostępność: Do uzgodnienia Do mieszkania przynależy piwnica 3 m² Mieszkanie dwustronne, bardzo jasne. Teren zamknięty (osiedle ogrodzone i szlaban), dużo miejsc parkingowych dla mieszkańców. Na sprzedaż przestronne mieszkanie o powierzchni 60 m² położone w jednej z najbardziej poszukiwanych dzielnic Białegostoku - na osiedlu Bema. Idealne dla osób szukających inwestycji lub chcących urządzić wnętrze według własnych potrzeb i gustu. - Cicha i spokojna okolica - dużo zieleni, z dala od zgiełku miasta. - Świetna lokalizacja - blisko Politechniki Białostockiej, komunikacji miejskiej, sklepów i punktów usługowych. - Rozkładowe pomieszczenia - mieszkanie z dużym potencjałem aranżacyjnym. - Doskonałe dla inwestora - idealne pod wynajem dla studentów lub młodych rodzin. Cena: OKAZJA! - Atrakcyjna cena za m²! Sprzedaż bezpośrednia - oszczędność z uwagi na brak biura nieruchomości! Obecne stawki biur nieruchomości są bardzo wysokie, a wszelkie formalności oraz odpowiedzialność prawną oraz pracę i tak wykonuje/ponosi notariusz. Zainteresowany? Zadzwoń już dziś i umów się na prezentację!",tak,,osobna,,własność,,53.118999481201,23.135000228882
Białystok Antoniuk,ul. Ukośna,2,46,630000,13696.0,bez pośredników,,7,https://adresowo.pl/o/mieszkanie-bialystok-antoniuk-ul-ukosna-2-pokojowe-m6h7t6,https://s2.adresowa.pl/oi/51/79/376780_e327_cover@2x-2-pokojowe-mieszkanie-bialystok-antoniuk-ul-ukosna.webp,Białystok Antoniuk,Ukośna,1,2021.0,blok,,"Nowoczesny blok(4 letni), mieszkanie jest na 1 piętrze w bloku jest winda duża piwnica duży balkon umeblowane prywatne miejsce parkingowe oddzielna kuchnia przy wyjściu z klatki plac zabaw 5min samochodem do centrum, blisko szkoła podstawowa, liceum, przedszkole, kościół, okolica dobrze skomunikowana z resztą miasta cicha i spokojna okolica mieszkanie było mało uytkowane",tak,tak,osobna,,własność,,53.14400100708,23.139999389648
Białystok Centrum,ul. Wiejska,2,39,485000,12436.0,bez pośredników,,8,https://adresowo.pl/o/mieszkanie-bialystok-centrum-ul-wiejska-2-pokojowe-c6h4w1,https://s2.adresowa.pl/oi/50/18/3743cc_bc12_cover@2x-2-pokojowe-mieszkanie-bialystok-centrum-ul-wiejska.webp,Białystok Centrum,Wiejska,1,1971.0,blok,,"Lokalizacja: Ul. Wiejska, Białystok Mieszkanie o powierzchni 39m2 zlokalizowane na 1 piętrze w 4-piętrowym bloku przy ul. Wiejskiej. Bliskość Politechniki Białostockiej czyni tę nieruchomość doskonałym wyborem zarówno dla rodziny, jak i inwestorów szukających lokalu pod wynajem dla studentów Najważniejsze informacje o mieszkaniu: - Powierzchnia: 39 m2 - Piętro: 1/4 - Niski czynsz - około 400 zł - Układ pomieszczeń: - Salon - z wyjściem na balkon - Sypialnia - idealna na potrzeby rodziny lub jako pokój do wynajmu - Łazienka - nowoczesna, z kabiną - Piwnica - dodatkowa przestrzeń do przechowywania rzeczy Standard wykończenia: - Zabudowy na wymiar - nowoczesne i trwałe rozwiązania w kuchni - Kuchnia - W pełni wyposażona - sprzęt AGD w cenie mieszkania - Łazienka - Wyposażona w bardzo dobrej jakości armaturę Atuty nieruchomości: - Bliskość Politechniki Białostockiej - idealna lokalizacja dla studentów - Dwustronny układ mieszkania - Mieszkanie gotowe do zamieszkania - nie wymaga dodatkowych nakładów finansowych - Lokalizacja inwestycyjna - bliskość uczelni, komunikacji miejskiej oraz pełnej infrastruktury Lokalizacja: Nieruchomość położona jest w bardzo dogodnym punkcie przy ulicy Wiejskiej - Politechnika Białostocka: kilka minut spacerem - Komunikacja miejska: przystanki autobusowe zapewniają łatwy dojazd do każdej części miasta - Infrastruktura: w pobliżu znajdują się sklepy, restauracje, apteki, szkoły, przedszkola - Rekreacja: bliskość terenów zielonych, ścieżek rowerowych i miejsc do spacerów",tak,,osobna,,własność,,53.119999,23.142
Białystok Centrum,ul. Łąkowa,4,111,890000,8018.0,bez pośredników,,8,https://adresowo.pl/o/mieszkanie-bialystok-centrum-ul-lakowa-4-pokojowe-u7a9m1,https://s2.adresowa.pl/oi/5f/48/372896_bdbe_cover@2x-4-pokojowe-mieszkanie-bialystok-centrum-ul-lakowa.webp,Białystok Centrum,Łąkowa,5,2006.0,blok,,"Przestronne, 111-metrowe mieszkanie w centrum Białegostoku, na rogu ulicy Ryskiej i Łąkowej. Znajdujące się na V piętrze pięciopiętrowego budynku, w bezpośrednim sąsiedztwie Centrum Handlowego Ryska z Biedronką i Rossmannem. Mieszkanie było wykorzystywane jako biuro. Główną część stanowi przestronny salon zamieniony w openspace, oraz trzy pokoje. łazienka bez prysznica i wanny, ale z wyjściami do podłączenia kabiny prysznicowej (na potrzeby działalności biurowej prysznic nie był konieczny). Budynek z nowoczesna windą (wymienioną na nową 2 lata temu). Razem z lokalem mogę sprzedaż dwa garaże zlokalizowane w budynku. Cena garaży do uzgodnienia w przypadku zainteresowania kupnem mieszkania. Zapraszam do kontaktu.",,,,,własność,,53.139999,23.174999
Białystok Centrum,ul. Jana Sobieskiego,2,45,440000,9778.0,bez pośredników,,12,https://adresowo.pl/o/mieszkanie-bialystok-centrum-ul-jana-sobieskiego-2-pokojowe-x3l6q8,https://s2.adresowa.pl/oi/58/2d/36c4ea_66dc_cover@2x-2-pokojowe-mieszkanie-bialystok-centrum-ul-jana-sobieskiego.webp,Białystok Centrum,Jana Sobieskiego,4,1970.0,blok,,"Blok z cegły, po termomodernizacji. Dwa pokoje niezależne. Okna: wschód-duży pokoj, zachód-mniejszy pokój i kuchnia. Spokojna, bezpieczna okolica, blisko centrum. Doskonała komunikacja. Dużo zieleni wokół, Po remoncie, nowe instalacje, dwa niezależne pokoje. Księga wieczysta. Zapraszam.",tak,,,plastikowe,własność,,53.138999938965,23.174999237061
Białystok Skorupy,ul. Wczasowa,3,81,460000,5679.0,bez pośredników,,18,https://adresowo.pl/o/mieszkanie-bialystok-skorupy-ul-wczasowa-3-pokojowe-m2c6f6,https://s2.adresowa.pl/oi/4e/6b/36cc8c_80b4_cover@2x-3-pokojowe-mieszkanie-bialystok-skorupy-ul-wczasowa.webp,Białystok Skorupy,Wczasowa,2,1993.0,blok,,"Bezczynszowe umeblowane mieszkanie w cichej okolicy wśród domów jednorodzinnych. Blisko tereny zielone i plaża miejska, szkoła podstawowa nr 20, przedszkole, przychodnia, poczta, apteka, basen. Sklepy Lidl, Biedronka. Przystanki autobusowe linii nr 1, 15 i 17. Media: Woda z wodociągu, kanalizacja miejska, prąd, gaz, internet. Mieszkanie posiada oddzielną klatkę schodową, oraz ma własną księgę wieczystą i certyfikat energetyczny. Działka o powierzchni 566 m2 (1/3 udziału w częściach wspólnych) Na podwórku znajduje się dodatkowe pomieszczenie gospodarcze idealne na skuter, rowery czy kosiarkę. Jest również miejsce parkingowe na samochody. W piwnicy znajduje się kotłownia o powierzchni 11,56 i pomieszczenie gospodarcze 11,10 m2. Dom ocieplony styropianem i sidingiem, nowe okna 3-szybowe firmy Abacus Brugmann, wentylacja mechaniczna z odzyskiem ciepła, nowy dach. Mieszkanie jest ogrzewane gazem (piec dwufunkcyjny z zamkniętą komorą spalania i sterownikiem bezprzewodowym). Roczne zużycie gazu na gotowanie, kąpiel i ogrzewanie wynosi od 400 do 600m3. Dodatkowo w piwnicy znajduje się piec na paliwo stałe. W mieszkaniu jest oddzielna kuchnia i 2 oddzielne WC, oraz łazienka z wanną i prysznicem.",tak,tak,osobna,plastikowe,własność,Wyposażenie: internet,53.118,23.222
Białystok Białostoczek,al. Tysiąclecia Państwa Polskiego,3,73,780000,10685.0,bez pośredników,,8,https://adresowo.pl/o/mieszkanie-bialystok-bialostoczek-al-tysiaclecia-panstwa-polskiego-3-pokojowe-t2z1x5,https://s2.adresowa.pl/oi/79/21/36abf2_2e7f_cover@2x-3-pokojowe-mieszkanie-bialystok-bialostoczek-al-tysiaclecia-panstwa-polskiego.webp,Białystok Białostoczek,Tysiąclecia Państwa Polskiego,2,2004.0,apartamentowiec,,"Sprzedam piękne, 3-pokojowe mieszkanie 74 m². 2. piętro, dwustronne, nowe budownictwo. Mieszkanie posiada: - salon wychodzący na duży balkon, - dwie sypialnie, - przedpokój na garderobę, - biblioteczkę, - łazienkę z toaletą, - kuchnię otwartą. Do mieszkania przynależy piwnica. Miejsce parkingowe w dodatkowej cenie. Dobra lokalizacja: - blisko do centrum, - łatwy dojazd, - sklepy, - szkoła, - przedszkole, - galeria, - siłownia. Zapraszam.",tak,,,,,,53.151000976562,23.155000686646
Białystok Centrum,ul. Legionowa,3,58,440000,7586.0,bez pośredników,,10,https://adresowo.pl/o/mieszkanie-bialystok-centrum-ul-legionowa-3-pokojowe-x0u6v2,https://s2.adresowa.pl/oi/54/61/363e8a_889d_cover@2x-3-pokojowe-mieszkanie-bialystok-centrum-ul-legionowa.webp,Białystok Centrum,Legionowa,6,1980.0,blok,,"Sprzedam funkcjonalne, przestronne, jasne, dwustronne mieszkanie o pow. 59 m2 przy ulicy Legionowej osiedle Piaski. Mieszkanie położone jest w świetnej lokalizacji -centrum, blisko Szpitali Uniwersyteckich, Uniwersytetu Medycznego oraz Politechniki Białostockiej. W pobliżu znajdują się sklepy spożywcze, przedszkole w odl. 100m (widać z okna na zdjęciu ), szkoła podstawowa w odl. 200m ( widać z okna na zdjęciu ), plac zabaw przed blokiem, z drugiej strony park. W mieszkaniu znajdują się 3 samodzielne, nieprzechodnie pokoje, jasna kuchnia, łazienka , toaleta i duży balkon – 4.60 m długości. Okna wymienione plastikowe. Mieszkanie idealne jako inwestycja pod wynajem jak i do zamieszkania. Mieszkanie położone jest na 6 piętrze w 10 piętrowym bloku. Do mieszkania przynależy piwnica. Mieszkanie do remontu ewentualnie odświeżenia. OFERTA PRYWATNA, POŚREDNIKOM DZIĘKUJĘ.",tak,,,plastikowe,spółdzielcze własnościowe,,53.127998,23.155001
Białystok Centrum,ul. gen. Józefa Bema,4,48,555000,11562.0,bez pośredników,,8,https://adresowo.pl/o/mieszkanie-bialystok-centrum-ul-gen-jozefa-bema-4-pokojowe-k9d1o9,https://s2.adresowa.pl/oi/2b/7b/36074a_cd16_cover@2x-4-pokojowe-mieszkanie-bialystok-centrum-ul-gen-jozefa-bema.webp,Białystok Centrum,gen. Józefa Bema,1,1972.0,blok,,"Na sprzedaż bardzo ładne i funkcjonalne mieszkanie o pow.48m2 zlokalizowane przy ul. Bema w Białymstoku po Gruntownym remoncie (wszystko starannie wykonane) Mieszkanie dla osób wymagających, poszukujących bardzo dobrej jakości. W ramach modernizacji zamontowano nowe centralne ogrzewanie, co zapewnia efektywne i ekonomiczne ogrzewanie pomieszczeń. OPIS NIERUCHOMOŚCI. -Ustawne 48m2 -Mieszkanie 4-pokojowe,salon z aneksem kuchennym,3 sypialnie przedpokój ,łazienka z WC -Aneks kuchenny wyposażony w sprzęty AGD: Piekarnik elektr. Płyta indukcyjna, Okap, Lodówka, Zmywarka -Łazienka z prysznicem i toaletą -Nowe instalacje elektryczne i hydrauliczne -Pierwsze piętro w czteropiętrowym bloku -Dodatkowo przynależny balkon oraz piwnica (2m2) -Fajna i stylowa aranżacja oraz wykończenie Dogodna lokalizacja centrum miasta sprawia, że mieszkanie jest atrakcyjne dla osób ceniących wygodę życia miejskiego. Parking przed blokiem (duża dostępność miejsc parkingowych) zabezpieczony szlabanem na pilot, dodaje wygody mieszkańcom. Nieruchomość jest wolna od wad prawnych czy zadłużeń obecnie nikt pod tym adresem nie jest zameldowany To miejsce stanowi doskonałą propozycję dla tych, którzy poszukują nowoczesnego i funkcjonalnego lokum. Mieszkanie aktualnie zostało w pełni umeblowane i wynajęte studentkom więc sprzedaż jest przeznaczona w tej chwili wyłącznie do inwestorów, którzy chcą zainwestować w nieruchomości i zarabiać. Pełna własność z Księgą Wieczystą. Wydanie mieszkania bezpośrednio po sprzedaży",tak,,aneks,,własność,"Wyposażenie: lodówka, piekarnik, zmywarka",53.120998,23.141001
Białystok Bagnówka,ul. Ignacego Mościckiego,4,146,820000,5616.0,bez pośredników,,7,https://adresowo.pl/o/mieszkanie-bialystok-bagnowka-ul-ignacego-moscickiego-4-pokojowe-g9c3d9,https://s2.adresowa.pl/oi/74/6e/355c5e_4d2e_cover@2x-4-pokojowe-mieszkanie-bialystok-bagnowka-ul-ignacego-moscickiego.webp,Białystok Bagnówka,Ignacego Mościckiego,parter,2024.0,blok,,"Na sprzedaż segmenty - Osiedle Bagnówka, ul. Mościckiego, Białystok Bezpośrednio od właściciela, bez podatku PCC! Oferujemy na sprzedaż nowoczesne, komfortowe segmenty w prestiżowej lokalizacji na Osiedlu Bagnówka w Białymstoku. Osiedle łączy bliskość natury z dogodnym dostępem do centrum miasta, zapewniając wygodne warunki do życia dla rodzin z dziećmi. Wysoka jakość materiałów budowlanych oraz staranność wykonania gwarantują komfort, bezpieczeństwo i trwałość na lata. BUDYNEK: - Ławy fundamentowe: Żelbetowe. - Ściany zewnętrzne: Pustak Wienerberger Porotherm - doskonała izolacja termiczna i akustyczna. - Stropy: Żelbetowe monolityczne. - Dach: Dwuspadowy, blacha na rąbek, producent Pruszyński. - Elewacja: Styropian o grubości 20 cm, pokryty tynkiem silikonowym. - Izolacja termiczna: Płyty styropianowe grafitowe do fasad, 12 cm. - Stolarka okienna: PCV, 7-komorowe, 3-szybowe, producent Witraż - renomowana marka gwarantująca niezawodność, doskonałą izolacyjność termiczną i akustyczną. - Drzwi wejściowe: Gerda z podwójnym zamkiem - najwyższy poziom bezpieczeństwa. - Parapety zewnętrzne: Wykonane z granitu. WYKOŃCZENIA WEWNĘTRZNE ORAZ INSTALACJE: - Ściany wewnętrzne: Pustak ceramiczny. - Ściany wspólne: Oddzielone dylatacją oraz pustakiem ceramicznym. - Tynki wewnętrzne: Cementowo-wapienne, nakładane maszynowo. - Podłoża pod posadzki: Podłoża cementowe. - Ogrzewanie: Podłogowe na całej powierzchni, z izolacją termiczną ze styropianu (15 cm). - Wentylacja: Grawitacyjna. - Instalacja centralnego ogrzewania: Piec gazowy BOSCH z wbudowanym zasobnikiem wody. - Instalacja wodno-kanalizacyjna: Rury z tworzyw sztucznych, podejścia w łazienkach, toaletach i kuchniach. - Instalacja elektryczna: Gniazda 230 V, zabezpieczone wyłącznikami różnicowo-prądowymi; w kuchni 400V. - Instalacja internetowa: Światłowód wyprowadzony na poddasze. - Poddasze: Ocieplone wełną o współczynniku przewodzenia ciepła λ = 0,034 W/m·K. - Sufity: Docieplone i wyłożone płytami GK. GARAŻ I PARKING: - Garaż: Wolnostojący z drzwiami automatycznymi firmy Wiśniowski, powierzchnia 20 m². - Poddasze w garażu: Dodatkowa przestrzeń do przechowywania. - Miejsce postojowe: Wygodne parkowanie dla 2 aut. - Bramka: Z domofonem. - Wjazdy: 2 wjazdy na teren posesji, brama automatyczna, umożliwiająca wygodne użytkowanie. LOKALIZACJA I INFRASTRUKTURA: Segmenty znajdują się w prestiżowej i doskonale skomunikowanej części Białegostoku - Osiedle Bagnówka. Dojazd do centrum miasta zajmuje zaledwie kilka minut, a szybki dostęp do obwodnicy zapewnia wygodną komunikację. W najbliższej okolicy znajdują się: - Żłobek, przedszkole, szkoła podstawowa. - Sklep spożywczy, kościół, siłownia. - Przystanek autobusowy (w odległości kilku minut pieszo). - Liczne tereny zielone, idealne do spacerów i rekreacji. Dojazd do posesji prowadzi utwardzoną drogą z polbruku. DODATKOWE INFORMACJE: - Wysoka jakość materiałów budowlanych. - Doskonała izolacja akustyczna i termiczna. - Bezpieczeństwo i komfort użytkowania. - Szybka komunikacja z centrum. - Wygodne parkowanie. - Stan DEWELOPERSKI + piec gazowy. Zapraszam do kontaktu oraz obejrzenia inwestycji!",,,,,własność,Wyposażenie: internet,53.147999,23.223
Białystok,Wysoki Stoczek,3,61,555000,9098.0,bez pośredników,,7,https://adresowo.pl/o/mieszkanie-bialystok-wysoki-stoczek-3-pokojowe-61-m2-r1a2s5,https://s2.adresowa.pl/oi/10/48/34f6c0_d559_cover@2x-3-pokojowe-mieszkanie-bialystok-wysoki-stoczek.webp,Białystok Wysoki Stoczek,,3,,blok,,"Sprzedam 3-pokojowe mieszkanie na Wysokim Stoczku o powierzchni użytkowej 61,1 m2. Dodatkowo 20 m2 stanowią skosy i poddasze, które nie wchodzą do czynszu. Poddasze do zagospodarowania. - Niski blok z cegły. - Duży balkon. - 3. piętro, bez sąsiadów. - Dwustronne. - Zamknięty teren z parkingiem. - Widok na łąki i rzekę. - Do mieszkania przynależy piwnica. W pobliżu znajdują się: sklepy, apteka, szkoła, przychodnia, bank, kwiaciarnia, fryzjer, kosmetyczka itd.",tak,,,,,,53.132999,23.169001
Białystok Nowe Miasto,ul. Stanisława Dubois,2,51,445000,8725.0,bez pośredników,,9,https://adresowo.pl/o/mieszkanie-bialystok-nowe-miasto-ul-stanislawa-dubois-2-pokojowe-j5d1g8,https://s2.adresowa.pl/oi/1c/2b/34e54e_df2d_cover@2x-2-pokojowe-mieszkanie-bialystok-nowe-miasto-ul-stanislawa-dubois.webp,Białystok Nowe Miasto,Stanisława Dubois,1,1995.0,blok,,"Sprzedam mieszkanie na pierwszym piętrze, osiedle Nowe Miasto, ul. Dubois. Mieszkanie wygodne, ciepłe, dwustronne. Z korytarza przejście do wszystkich pomieszczeń. Blok ocieplony, wymienione okna. Mieszkanie w trakcie remontu. Ładne osiedle: dużo sklepów, przedszkola, szkoły, gabinety, usługi itd. Blok znajduje się w samym sercu osiedla. Przy bloku wszystkie linie MPK, toteż ułatwia szybki dojazd do centrum miasta, nie tylko autem. Zapraszam do kupna. Oferta bez pośredników.",,,,,spółdzielcze własnościowe,,53.106998,23.125
Białystok Słoneczny Stok,ul. gen. Władysława Sikorskiego,2,48,380000,7917.0,bez pośredników,,1,https://adresowo.pl/o/mieszkanie-bialystok-sloneczny-stok-ul-gen-wladyslawa-sikorskiego-2-pokojowe-z7d1l4,https://s2.adresowa.pl/oi/53/63/346a9e_e435_cover@2x-2-pokojowe-mieszkanie-bialystok-sloneczny-stok-ul-gen-wladyslawa-sikorskiego.webp,Białystok Słoneczny Stok,gen. Władysława Sikorskiego,5,1981.0,blok,,"MIESZKANIE na osiedlu Słoneczny Stok, do wprowadzenia – 2 oddzielne pokoje, oddzielna łazienka i ubikacja, V piętro z nową windą. Mieszkanie spółdzielczo- własnościowe bez księgi wieczystej, o powierzchni 48,10 m2, środkowe, dwustronne, duży przestronny balkon w zabudowie. Mieszkanie do remontu. Niski czynsz- ok. 580 zł miesięcznie. We wszystkich pomieszczeniach okna PCV. Drzwi wejściowe – antywłamaniowe GERDA. Przed budynkiem znajduje się duży parking. Mieszkanie znajduje się na osiedlu Słoneczny Stok z dobrze rozwiniętą infrastrukturą edukacyjną, handlową i medyczną, komunikacją miejską (linie autobusów nr: 1, 4, 7, 8, 1.1, 1.2, 2.0, 2.1, 2.3, 2.5, 2.8, 1.0.7 N2), blisko centrum miasta. Mieszkanie z przeznaczeniem dla rodziny lub pod inwestycję. Kontakt: [numer]",tak,,osobna,plastikowe,spółdzielcze własnościowe,,53.133999,23.101999
Białystok Centrum,ul. Żabia,2,70,635000,9071.0,bez pośredników,,8,https://adresowo.pl/o/mieszkanie-bialystok-centrum-ul-zabia-2-pokojowe-k4n9m7,https://s2.adresowa.pl/oi/46/37/33d45a_cf75_cover@2x-2-pokojowe-mieszkanie-bialystok-centrum-ul-zabia.webp,Białystok Centrum,Żabia,1,,blok,,"Na sprzedaż bardzo ładne oraz przestrzenne mieszkanie w Centrum Białegostoku przy ulicy Żabiej 20. Powierzchnia 70 m². Wysokość mieszkania to 3,15 m. Mieszkanie znajduje się na I piętrze w bloku z cegły. W odległości 600 m Galeria Handlowa Jurowiecka. Lokal składa się z: - Bardzo dużego salonu z aneksem kuchennym - 40 m². - Sypialnia - 18 m² z możliwością wydzielenia 2 odrębnych pokoi. - Łazienka - 8 m². - Korytarz - 4 m². Kuchnia z wyspą, na wyposażeniu lodówka, płyta indukcyjna, piekarnik, zmywarka. W salonie duża narożna skórzana kanapa. Łazienka z wanną oraz kabiną prysznicową. Umeblowanie w cenie mieszkania. Zapraszam do kontaktu telefonicznego.",,,aneks,,,"Wyposażenie: lodówka, piekarnik, zmywarka",53.137001,23.150999
Białystok Bagnówka,ul. Ignacego Mościckiego,4,146,940000,6438.0,bez pośredników,,14,https://adresowo.pl/o/mieszkanie-bialystok-bagnowka-ul-ignacego-moscickiego-4-pokojowe-h0b1g8,https://s2.adresowa.pl/oi/4b/6c/33a064_6878_cover@2x-4-pokojowe-mieszkanie-bialystok-bagnowka-ul-ignacego-moscickiego.webp,Białystok Bagnówka,Ignacego Mościckiego,parter,2024.0,blok,,"NA SPRZEDAŻ SEGMENTY - Osiedle Bagnówka, ul. Mościckiego, Białystok *** Bezpośrednio od właściciela, bez podatku PCC! *** Oferujemy na sprzedaż nowoczesne, komfortowe segmenty w prestiżowej lokalizacji na Osiedlu Bagnówka w Białymstoku. Osiedle łączy bliskość natury z dogodnym dostępem do centrum miasta, zapewniając wygodne warunki do życia dla rodzin z dziećmi. Wysoka jakość materiałów budowlanych oraz staranność wykonania gwarantują komfort, bezpieczeństwo i trwałość na lata. --- BUDYNEK --- • Ławy fundamentowe: Żelbetowe. • Ściany zewnętrzne: Pustak Wienerberger Porotherm - doskonała izolacja termiczna i akustyczna. • Stropy: Żelbetowe monolityczne. • Dach: Dwuspadowy, blacha na rąbek, producent Wiśniowski. • Elewacja: Styropian o grubości 20 cm, pokryty tynkiem silikonowym. • Izolacja termiczna: Płyty styropianowe grafitowe do fasad, 12 cm. • Stolarka okienna: PCV, 7-komorowe, 3-szybowe, producent Witraż - renomowana marka gwarantująca niezawodność, doskonałą izolacyjność termiczną i akustyczną. • Drzwi wejściowe: Gerda z podwójnym zamkiem - najwyższy poziom bezpieczeństwa. • Parapety zewnętrzne: Wykonane z granitu. --- WYKOŃCZENIA WEWNĘTRZNE ORAZ INSTALACJE --- • Ściany wewnętrzne: Pustak ceramiczny. • Ściany wspólne: Oddzielone dylatacją oraz pustakiem ceramicznym. • Tynki wewnętrzne: Cementowo-wapienne, nakładane maszynowo. • Podłoża pod posadzki: Podłoża cementowe. • Ogrzewanie: Podłogowe na całej powierzchni, z izolacją termiczną ze styropianu (15 cm). • Wentylacja: Grawitacyjna. • Instalacja centralnego ogrzewania: Piec gazowy BOSCH z wbudowanym zasobnikiem wody. • Instalacja wodno-kanalizacyjna: Rury z tworzyw sztucznych, podejścia w łazienkach, toaletach i kuchniach. • Instalacja elektryczna: Gniazda 230 V, zabezpieczone wyłącznikami różnicowo-prądowymi; w kuchni 400 V. • Instalacja internetowa: Światłowód wyprowadzony na poddasze. • Poddasze: Ocieplone wełną o współczynniku przewodzenia ciepła λ = 0,034 W/m·K. --- GARAŻ I PARKING --- • Garaż: Wolnostojący z drzwiami automatycznymi, powierzchnia 20 m². • Poddasze w garażu: Dodatkowa przestrzeń do przechowywania. • Miejsce postojowe: Wygodne parkowanie dla 2 aut. • Bramka: Z domofonem. • Wjazdy: 2 wjazdy na teren posesji z bramami automatycznymi, umożliwiające wygodne użytkowanie. --- LOKALIZACJA I INFRASTRUKTURA --- Segmenty znajdują się w prestiżowej i doskonale skomunikowanej części Białegostoku - Osiedle Bagnówka. Dojazd do centrum miasta zajmuje zaledwie kilka minut, a szybki dostęp do obwodnicy zapewnia wygodną komunikację. W najbliższej okolicy znajdują się: • Żłobek, przedszkole, szkoła podstawowa. • Sklep spożywczy, kościół, siłownia. • Przystanek autobusowy (w odległości kilku minut pieszo). • Liczne tereny zielone, idealne do spacerów i rekreacji. • Dojazd do posesji prowadzi utwardzoną drogą z polbruku. --- DODATKOWE INFORMACJE --- • Wysoka jakość materiałów budowlanych. • Doskonała izolacja akustyczna i termiczna. • Bezpieczeństwo i komfort użytkowania. • Szybka komunikacja z centrum. • Wygodne parkowanie. Zapraszam do kontaktu oraz obejrzenia inwestycji!",,,,,,Wyposażenie: internet,53.147999,23.223
Białystok Białostoczek,ul. Radzymińska,3,61,475000,7787.0,bez pośredników,,13,https://adresowo.pl/o/mieszkanie-bialystok-bialostoczek-ul-radzyminska-3-pokojowe-a5q4r3,https://s2.adresowa.pl/oi/6b/5c/33797e_cfb4_cover@2x-3-pokojowe-mieszkanie-bialystok-bialostoczek-ul-radzyminska.webp,Białystok Białostoczek,Radzymińska,8,1981.0,blok,,"Na sprzedaż wyjątkowe, przestronne mieszkanie o powierzchni użytkowej 60.09m2. Do mieszkania przynależy duży balkon z pięknym widokiem na całe miasto, mieszkanie znajduje się na 8 piętrze. W skład nieruchomości wchodzą 3 nieprzechodnie, funkcjonalne pokoje, przedpokój, kuchnia, łazienka + WC. Mieszkanie bardzo jasne i słoneczne. Pod koniec 2023r. przeszło gruntowny remont, wykończone wysokiej jakości materiałami. W kuchni i łazience podczas remontu ułożone płytki i pomalowane ściany - do odświeżenia wedle uznania. Jest gotowe do zamieszkania bez konieczności dodatkowych nakładów finansowych. W pełni wyposażone. Do mieszkania przynależy komórka lokatorska mieszcząca się na półpiętrze. Pod blokiem bardzo duży parking, nigdy nie ma problemów z brakiem miejsc parkingowych. W pobliżu znajdują się liczne sklepy spożywcze, drogerie, punkty usługowe, apteki, bankomat, Kościół, szkoła, przedszkole, przychodnia. Doskonała komunikacja miejska, 2 minuty do przystanku autobusowego, kilka minut pieszo do centrum miasta. Dzięki bliskości obwodnicy doskonały dojazd w inne części miasta. Mieszkanie jest obecnie przeznaczone pod wynajem, jest możliwość kontynuacji wynajmu lub opuszczenia mieszkania przez lokatorów. Przy 3 osobach wysokość czynszu wynosi ok 850zł + opłaty za media. SPRZEDAŻ BEZPOŚREDNIA - AGENCJOM DZIĘKUJĘ",tak,,osobna,,własność,,53.145,23.150999
Białystok Centrum,ul. Chmielna,2,37,450000,12162.0,bez pośredników,,7,https://adresowo.pl/o/mieszkanie-bialystok-centrum-ul-chmielna-2-pokojowe-a3o1y7,https://s2.adresowa.pl/oi/33/2f/330f24_66db_cover@2x-2-pokojowe-mieszkanie-bialystok-centrum-ul-chmielna.webp,Białystok Centrum,Chmielna,5,2007.0,blok,,"Sprzedam bezpośrednio funkcjonalne, słoneczne, dwupokojowe mieszkanie 37,2 m2 (sypialnia, salon z aneksem kuchennym) w centrum miasta, przy ulicy Chmielnej, na osiedlu Sienkiewicza. Mieszkanie z 2007 roku, położone na 5. piętrze w 6-piętrowym bloku z windą, na osiedlu ogrodzonym. Agencjom dziękuję.",,,aneks,,,,53.143002,23.17
Białystok Białostoczek,ul. Radzymińska,3,60,499000,8317.0,bez pośredników,,10,https://adresowo.pl/o/mieszkanie-bialystok-bialostoczek-ul-radzyminska-3-pokojowe-y7k7z1,https://s2.adresowa.pl/oi/1c/7b/330c32_d5d6_cover@2x-3-pokojowe-mieszkanie-bialystok-bialostoczek-ul-radzyminska.webp,Białystok Białostoczek,Radzymińska,4,,blok,,"Na sprzedaż 4-pokojowe mieszkanie o powierzchni 60,4 m², położone na 4. piętrze w niskim bloku, przy ulicy Radzymińskiej. Przestrzeń mieszkalną stanowią: • kuchnia połączona z salonem, • 3 sypialnie, • łazienka łącznie z WC. Mieszkanie bardzo jasne, o dwustronnym rozkładzie. Dobrze doświetlone wnętrze. Posiada balkon oraz piwnicę. Wnętrze po kapitalnym remoncie. Wymieniono instalację elektryczną oraz wodno-kanalizacyjną. W cenie pozostają zabudowy stałe. Mieszkanie położone w cichej okolicy. Wokół bloku dużo zieleni. Osiedle dobrze skomunikowane z pozostałymi częściami miasta. Lokalizacja szczególnie polecana osobom stawiającym na szybkość dojazdu i bliskie sąsiedztwo centrum miasta. Dojazd do śródmieścia zajmuje parę minut, a dzięki bliskości obwodnicy doskonałe połączenie z każdą częścią miasta. Treść niniejszego ogłoszenia nie stanowi oferty handlowej w rozumieniu Kodeksu cywilnego.",tak,,osobna,,własność,,53.146999,23.153
Białystok Centrum,ul. Bohaterów Getta,3,80,745000,9312.0,bez pośredników,,8,https://adresowo.pl/o/mieszkanie-bialystok-centrum-ul-bohaterow-getta-3-pokojowe-o6t6w3,https://s2.adresowa.pl/oi/69/32/329f04_36de_cover@2x-3-pokojowe-mieszkanie-bialystok-centrum-ul-bohaterow-getta.webp,Białystok Centrum,Bohaterów Getta,4,1988.0,blok,,"BEZPOŚREDNIO! Centrum, ulica Bohaterów Getta. 3 pokoje, 80,5 m2, IV i ostatnie piętro bez windy. Sprzedam atrakcyjne mieszkanie w bloku z cegły z 1988 r. Mieszkanie, które niewielkim kosztem można przerobić na 2 oddzielne mieszkania. Możliwość aranżacji 4. pokoju (tak było w pierwotnym projekcie). W 2008 r. został wykonany generalny remont: wymieniono wszystkie instalacje oraz podłogi i podwieszono sufity. Ściany zostały wyciszone i pokryte suchymi tynkami. Podłogi w przedpokoju, łazience, WC i kuchni wyłożone gresem (ogrzewanie podłogowe). W mniejszych pokojach na podłogach panele, salon połączony z sypialnią - na podłodze parkiet. W pokojach i przedpokoju są szafy przesuwne, w kuchni zabudowa. Łazienka osobno od WC. W mieszkaniu jest instalacja alarmowa i przyłącza do kina domowego i telewizji satelitarnej. Mieszkanie dwustronne, balkon, dwie piwnice. Klatka schodowa po remoncie. Kameralny blok, 2 mieszkania na piętrze. Blisko: szkoła, przedszkole, skwer, liczne sklepy, usługi, Lidl, Biedronka, przystanek. Odrębna własność, możliwość założenia małej wspólnoty. Zapraszam do oglądania.",tak,,,,własność,,53.138000488281,23.150999069214
Białystok Bojary,ul. Józefa Ignacego Kraszewskiego,4,71,699000,9845.0,bez pośredników,,8,https://adresowo.pl/o/mieszkanie-bialystok-bojary-ul-jozefa-ignacego-kraszewskiego-4-pokojowe-o1z1n5,https://s2.adresowa.pl/oi/27/70/327b20_68fe_cover@2x-4-pokojowe-mieszkanie-bialystok-bojary-ul-jozefa-ignacego-kraszewskiego.webp,Białystok Bojary,Józefa Ignacego Kraszewskiego,2,1988.0,blok,,"DO SPRZEDANIA ATRAKCYJNE MIESZKANIE POŁOŻONE W BIAŁYMSTOKU W DZIELNICY BOJARY PRZY UL. KRASZEWSKIEGO 28A O POWIERZCHNI 71,6 M². Dużym atutem mieszkanie jest jego położenie w spokojnej i zielonej okolicy, która jest idealna dla osób ceniących prywatność, a jednocześnie bezpośredniość infrastruktury miejskiej. Komfortowe położenie mieszkania gwarantuje bliskość centrum miasta oraz dogodny dojazd do każdego miejsca w Białymstoku (spacerem do centrum miasta można dotrzeć w 10 minut). Mieszkanie położone jest na drugim piętrze w trzypiętrowym bloku z 1988 roku i składa się z 4 pokoi, osobnej kuchni z instalacją gazową, łazienki i toalety. Zaletą mieszkania jest jego dwustronna ekspozycja oraz funkcjonalny rozkład pomieszczeń. Na mieszkanie składają się: przestronny i słoneczny salon o powierzchni ok. 25 m², dwa pokoje - każdy o powierzchni ok. 9 m², sypialnia o powierzchni ok. 10 m², widna kuchnia o powierzchni 8,5 m², łazienka o powierzchni ok. 4 m² z wanną oraz osobna toaleta o powierzchni ok. 1,5 m². W korytarzu oraz sypialni znajduje się zabudowa stolarska pod wymiar, w pozostałych pokojach zaś meble ruchome. Mieszkanie posiada ogrzewanie miejskie. Do mieszkania przynależy przestronny balkon o powierzchni ok. 7 m² oraz duża piwnica (komórka lokatorska) o powierzchni ok. 20 m² z półkami i regałami. Do użytku mieszkańców klatki schodowej pozostaje również suszarnia. Przed blokiem znajdują się stojak na rowery, a także ogólnodostępne miejsca parkingowe. Z tyłu bloku znajduje się ogrodzony szlabanem i przeznaczony wyłącznie dla mieszkańców parking z miejscami postojowymi. Wokół bloku rozbudowana infrastruktura - sklepy (m.in. ALDI, Top Market, Biedronka), restauracje, apteki, przychodnia lekarska, szkoły oraz inna niezbędna infrastruktura. W pobliżu bloku znajdują się przystanki autobusowe, co sprawia, że mieszkanie jest doskonale skomunikowane z całym miastem. Oferta bezpośrednio od właściciela. Cena do negocjacji. Kontakt telefoniczny.",tak,,osobna,,,,53.138999938965,23.181999206543
Białystok Piaski,ul. Zwierzyniecka,1,36,350000,9722.0,bez pośredników,,7,https://adresowo.pl/o/mieszkanie-bialystok-piaski-ul-zwierzyniecka-1-pokoj-z4j1w5,https://s2.adresowa.pl/oi/13/48/31c95e_39ad_cover@2x-1-pokojowe-mieszkanie-bialystok-piaski-ul-zwierzyniecka.webp,Białystok Piaski,Zwierzyniecka,4,1960.0,blok,,"Polecam 36m2 w dobrej lokalizacji, blisko centrum. Położone na 4 piętrze w bloku z cegły. Mieszkanie składa się z: - dużego pokoju z wyjściem na balkon, - za ścianką mniejszy pokój, - oddzielna kuchnia, - łazienki z WC, - zabudowany korytarz. Do mieszkania przynależy piwnica. Jest domofon. Dostępny jest internet. Okna plastikowe, podłogi to parkiet i terakota. Osiedle czyste, miłe i spokojne, w okolicy dużo zieleni. W pobliżu znajduje się Politechnika Białostocka, szkoły, siłownia, sklepy, przystanek autobusowy, pływalnia.",tak,,osobna,plastikowe,własność,Wyposażenie: internet,53.120998382568,23.150999069214
Białystok Centrum,ul. Adama Mickiewicza,4,97,1390000,14330.0,bez pośredników,,20,https://adresowo.pl/o/mieszkanie-bialystok-centrum-ul-adama-mickiewicza-4-pokojowe-w9k2n6,https://s2.adresowa.pl/oi/57/19/30d81e_c70b_cover@2x-4-pokojowe-mieszkanie-bialystok-centrum-ul-adama-mickiewicza.webp,Białystok Centrum,Adama Mickiewicza,3,2024.0,blok,,"Niezwykła oferta dla wymagających! Sprzedam bezpośrednio piękne mieszkanie znajdujące się w samym centrum Białegostoku, na rogu ulic Warszawskiej- Orzeszkowej. III piętro w nowoczesnym budynku z windą. To idealne miejsce dla rodziny poszukującej komfortowego i przestronnego miejsca do życia. Mieszkanie ma powierzchnię 97,59 m2 w skład której wchodzi: - salon połączony z jadalnią i otwartą kuchnią - stanowi serce mieszkania, tworząc przyjemną przestrzeń do wspólnych spotkań. Praktyczna spiżarnia pozwala na przechowywanie zapasów oraz utrzymanie porządku. W kuchni nowoczesna, wysokiej jakości zabudowa wraz ze sprzętem AGD (lodówka, zamrażarka, piekarnik, płyta indukcyjna, okap, zmywarka). W salonie wygodna kanapa. 3 ustawne sypialnie, każda wyposażona w liczne zabudowy co daje możliwość stworzenia osobistych przestrzeni dla każdego mieszkańca. Główna sypialnia wyposażona w łóżko i toaletkę. 2 eleganckie łazienki zapewniają wygodę oraz intymność, w łazience pralko/suszarka Dwa balkony to dodatkowa przestrzeń do relaksu i odpoczynku, widok na otoczenie, może to być również miejsce do spożywania posiłków na świeżym powietrzu. Dodatkowym atutem są 2 miejsca parkingowe (dodatkowo płatne 35000zł za jedno), co zdecydowanie ułatwia codzienne życie w centrum miasta. Zapraszam do kontaktu telefonicznego",,tak,aneks,,własność,"Wyposażenie: lodówka, piekarnik, suszarka, zmywarka",53.108001708984,23.183000564575
Białystok Bacieczki,ul. Józefa Mackiewicza,2,48,459000,9562.0,bez pośredników,,8,https://adresowo.pl/o/mieszkanie-bialystok-bacieczki-ul-jozefa-mackiewicza-2-pokojowe-h6r1f2,https://s2.adresowa.pl/oi/12/52/309264_cd7a_cover@2x-2-pokojowe-mieszkanie-bialystok-bacieczki-ul-jozefa-mackiewicza.webp,Białystok Bacieczki,Józefa Mackiewicza,2,2004.0,blok,,"Oferuję na sprzedaż mieszkanie 2-pokojowe o powierzchni 48,20 m², położone na II piętrze w bloku trzypiętrowym bez windy. Budynek z cegły, z 2004 roku, znajdujący się na osiedlu Bacieczki TBS. Mieszkanie spółdzielczo-własnościowe z księgą wieczystą. Szczegóły mieszkania: 2 niezależne pokoje Powierzchnia: 48,20 m² Piętro: II Blok trzypiętrowy bez windy Rok budowy: 2004 Mieszkanie częściowo po remoncie rok temu Częściowo umeblowane Gotowe do zamieszkania Lokalizacja: Mieszkanie znajduje się na spokojnym i dobrze skomunikowanym osiedlu. W pobliżu znajdują się: Przystanki autobusowe linii: 7, 17, 18, 24 Apteki Przychodnie Przedszkola, żłobki, szkoła Sklepy spożywcze, Biedronka Agata Meble, Castorama, Outlet Center Cena: 459 000 zł (do negocjacji) Mieszkanie bezpośrednio od właściciela. Pośrednikom dziękuję. Serdecznie zapraszam do kontaktu i obejrzenia mieszkania!",tak,,,plastikowe,spółdzielcze własnościowe,,53.148998,23.084
Białystok Centrum,ul. dr Ireny Białówny,1,36,400000,11111.0,bez pośredników,,5,https://adresowo.pl/o/mieszkanie-bialystok-centrum-ul-dr-ireny-bialowny-1-pokoj-r6i1g7,https://s2.adresowa.pl/oi/69/1b/307a78_a7e8_cover@2x-1-pokojowe-mieszkanie-bialystok-centrum-ul-dr-ireny-bialowny.webp,Białystok Centrum,dr Ireny Białówny,2,,kamienica,,"Mieszkanie znajduje się tuż przy tętniącym życiem sercu Białegostoku. Jeśli lubisz atrakcje centrum miasta, mieszkanie okaże się przydatne :) Składa się z jednego pomieszczenia z dwoma oknami, łazienki oraz wnęki sypialnianej. Czynsz ok. 400 zł., piwnica, bez balkonu, bez podzielników ciepła. Wejście od strony ul. Białowny, okna wychodzą na ul. Spółdzielczą (deptak). Obok nowy, atrakcyjny park.",tak,,,,,,53.132999,23.158001
Białystok Nowe Miasto,ul. Kazimierza Pułaskiego,1,28,310000,11071.0,bez pośredników,,8,https://adresowo.pl/o/mieszkanie-bialystok-nowe-miasto-ul-kazimierza-pulaskiego-1-pokoj-k6e2q0,https://s2.adresowa.pl/oi/27/38/304c44_fec8_cover@2x-1-pokojowe-mieszkanie-bialystok-nowe-miasto-ul-kazimierza-pulaskiego.webp,Białystok Nowe Miasto,Kazimierza Pułaskiego,4,2000.0,blok,,"Witam, mam na sprzedaz kawalerke 28.5 m na osiedlu Nowe Miasto, ulica K. Pulaskiego ktora znajduje sie na 4-tym pietrze. Mieszkanie w stanie dobrym lub do odswiezenia wedle uznania, mieszkanie posiada jeden pokoj z otwarta kuchnia, balkon i piwnice.",tak,,aneks,drewniane,spółdzielcze własnościowe,,53.108001708984,23.118999481201
Białystok Centrum,ul. Marii Skłodowskiej-Curie,3,52,500000,9615.0,bez pośredników,,8,https://adresowo.pl/o/mieszkanie-bialystok-centrum-ul-marii-sklodowskiej-curie-3-pokojowe-t5f8o5,https://s2.adresowa.pl/oi/5d/6d/3035d2_c736_cover@2x-3-pokojowe-mieszkanie-bialystok-centrum-ul-marii-sklodowskiej-curie.webp,Białystok Centrum,Marii Skłodowskiej-Curie,7,,blok,,"Na sprzedaż: Przestronne mieszkanie w centrum Białegostoku *Powierzchnia: 52 m² *Liczba pokoi: 3 *Lokalizacja: Ul. Skłodowskiej, naprzeciwko sklepu Opałek *Cena: 500 000 zł Zalety nieruchomości: -Centralne położenie: Mieszkanie znajduje się w ścisłym centrum Białegostoku, w otoczeniu zieleni, blisko Pałacu Branickich, parku Planty, Uniwersytetu Medycznego i szpitali. -Wieżowiec z windą: Komfort i wygoda codziennego użytkowania. -Balkon: Zabudowany przesuwnymi oknami, co zapewnia dodatkową przestrzeń i ochronę przed warunkami atmosferycznymi. -Świetne nasłonecznienie: Mieszkanie jest doskonale doświetlone z każdej strony. -Komórka lokatorska: W cenie mieszkania! -Elastyczność aranżacji: Wszystkie ściany wewnętrzne to ściany działowe, które można łatwo zlikwidować podczas ewentualnej nowej aranżacji. -Blok wybudowany z cegły! - - - Idealne do zamieszkania lub inwestycji! To mieszkanie, to świetna opcja zarówno dla tych, którzy szukają miejsca do zamieszkania, jak i dla inwestorów planujących wynajem. Sprzedaż bezpośrednia od właścicieli Agencjom i pośrednikom dziękujemy. Zadzwoń, aby uzyskać więcej informacji lub umówić się na oględziny!",tak,,,,,,53.127998352051,23.159999847412
Białystok Antoniuk,ul. Juliana Tuwima,1,36,359000,9972.0,bez pośredników,,20,https://adresowo.pl/o/mieszkanie-bialystok-antoniuk-ul-juliana-tuwima-1-pokoj-y7u4j8,https://s2.adresowa.pl/oi/26/18/2f9238_d5cd_cover@2x-1-pokojowe-mieszkanie-bialystok-antoniuk-ul-juliana-tuwima.webp,Białystok Antoniuk,Juliana Tuwima,4,1963.0,blok,,"Polecam Państwu świetnie wyposażone i przytulne mieszkanie w pobliżu centrum Białegostoku. Ta duża kawalerka (37m2) zlokalizowana jest przy ulicy Tuwima 4, na 4 piętrze kameralnego bloku otoczonego drzewami. Sklep spożywczy 50m od klatki schodowej, 300m do CH Auchan Hetmańska. Mieszkanie jest przygotowane do zamieszkania lub dochodowego najmu długo- i krótkoterminowego. W cenie kompletne wyposażenie: - zabudowa kuchenna z płytą indukcyjną, pochłaniaczem, chłodziarko-zamrażarką, kuchenką mikrofalową oraz pralką; - niezbędne naczynia do gotowania i pieczenia na płycie indukcyjnej; - kompletna zastawa stołowa plus sztućce dla 6 osób; - odkurzacz, czajnik, żelazko + deska do prasowania - łazienka z wanną - salon wyposażony w elegancką i wygodną kanapę umożliwiającą spanie dla 2 osób, TV LED Full HD z możliwością odtwarzania filmów, muzyki oraz zdjęć z pamięci USB, telewizję kablową oferującą 165 najpopularniejszych kanałów. - dostępne WiFi o prędkości 60Mb, pozwalające na bezproblemowe oglądanie filmów on-line; - mieszkanie posiada również duży balkon;",,,,,własność,"Wyposażenie: tv, wifi",53.139,23.125
Białystok Centrum,al. Józefa Piłsudskiego,3,72,579000,8042.0,bez pośredników,,13,https://adresowo.pl/o/mieszkanie-bialystok-centrum-al-jozefa-pilsudskiego-3-pokojowe-h3r8y4,https://s2.adresowa.pl/oi/7f/27/2efb36_f77d_cover@2x-3-pokojowe-mieszkanie-bialystok-centrum-al-jozefa-pilsudskiego.webp,Białystok Centrum,Józefa Piłsudskiego,3,,blok,,"Mieszkanie do generalnego remontu w centrum Białegostoku - Idealne na Inwestycję! Oferuję do sprzedaży przestronne mieszkanie o powierzchni 72 m2, położone w centrum Białegostoku przy al. Piłsudskiego 4. Ta nieruchomość doskonale nadaje się do remontu i inwestycji z uwagi na swoje położenie i potencjał rozwojowy. Informacje o nieruchomości: Powierzchnia: 72 m2 Lokalizacja: Centrum Białegostoku, al. Piłsudskiego 4 Stan: Do generalnego remontu Piętro: 3/4 Piwnica 12 m2 Balkon Opis: Mieszkanie znajduje się w dogodnej lokalizacji w samym sercu Białegostoku. To doskonała okazja dla inwestorów poszukujących nieruchomości do remontu i późniejszej odsprzedaży/wynajmu, lub rodziny marzącej o przestrzennym lokum w samym centrum miasta. Pomieszczenia wymagają remontu i modernizacji, co pozwoli na stworzenie atrakcyjnego apartamentu. Możliwe jest wydzielenie 2 odrębnych mieszkań lub stworzenie 4 pokoju. Mieszkanie jest obustronne, z balkonem. Nieruchomość posiada pełną własność z księgą wieczystą oraz jest wolna od wszelkich zadłużeń oraz hipotek. Atuty nieruchomości: Świetna lokalizacja w centrum miasta Duży potencjał inwestycyjny Możliwość aranżacji według własnego projektu Bliskość komunikacji miejskiej, sklepów i restauracji Zapraszam do kontaktu w celu uzyskania szczegółowych informacji oraz umówienia się na prezentację. Nie przegap tej wyjątkowej okazji inwestycyjnej! Skontaktuj się już dziś, aby dowiedzieć się więcej o tej nieruchomości i umówić się na spotkanie. Informacja dla zainteresowanych telefonicznie. Serdecznie zapraszam do kontaktu! Tomek",tak,,osobna,,własność,,53.136001586914,23.156999588013
Białystok Centrum,ul. Henryka Sienkiewicza,2,49,569000,11612.0,bez pośredników,,13,https://adresowo.pl/o/mieszkanie-bialystok-centrum-ul-henryka-sienkiewicza-2-pokojowe-z0s7w4,https://s2.adresowa.pl/oi/7f/23/2e7b6e_8f4d_cover@2x-2-pokojowe-mieszkanie-bialystok-centrum-ul-henryka-sienkiewicza.webp,Białystok Centrum,Henryka Sienkiewicza,2,1965.0,kamienica,,"2 pokojowe mieszkania z kuchnią na 2-gim piętrze przy ulicy Sienkiewicza 6. Gotowe do zamieszkania lub dochodowego wynajmu. Bardziej w Centrum być nie można. Kamienica położona jest w centrum miasta - obok Astorii. Z okien rozciąga się widok na ul. Białówny a fontanna Rynku Kościuszki jest o krok. Mieszkanie jest po gruntownym remoncie (łącznie z wszystkimi instalacjami). Wykończone w gustowny sposób z dobrej jakości materiałów. Kuchnia wyposażona jest w widoczną na zdjęciach zabudowę z piekarnikiem, płytą ceramiczną i okapem. W przedpokoju znajduje się bardzo pojemna szafa wnękowa. Do mieszkania przynależy piwnica. Obszerny parking dla mieszkańców dostępny jest w podwórzu, na które prowadzi brama zamykana na pilot.",tak,,osobna,,własność,Wyposażenie: piekarnik,53.137001037598,23.166999816895
Białystok Nowe Miasto,ul. Magazynowa,2,45,699000,15533.0,bez pośredników,,21,https://adresowo.pl/o/mieszkanie-bialystok-nowe-miasto-ul-magazynowa-2-pokojowe-r4t1z3,https://s2.adresowa.pl/oi/41/71/2c78b4_7919_cover@2x-2-pokojowe-mieszkanie-bialystok-nowe-miasto-ul-magazynowa.webp,Białystok Nowe Miasto,Magazynowa,3,2023.0,apartamentowiec,,"Sprzedam nowe mieszkanie w Apartamentach Alto, przy ul. Magazynowej na Nowym Mieście. Inwestycja realizowana przez Kombinat Budowlany. Mieszkanie nowe, wykończone wg.projektu w wysokim standardzie, wg. najnowszych trendów. Mieszkanie składa się z dużego salonu z aneksem kuchennym, przytulnej sypialni i funkcjonalnej łazienki. Do mieszkanie przynależy komórka lokatorska. Mieszkanie dostępne, bez podatku PCC 2%.",tak,,aneks,,własność,,53.113998413086,23.125
Białystok Sienkiewicza,ul. Jurowiecka,4,63,679000,10778.0,bez pośredników,,19,https://adresowo.pl/o/mieszkanie-bialystok-sienkiewicza-ul-jurowiecka-4-pokojowe-e0r6i1,https://s2.adresowa.pl/oi/49/47/2c1a0e_8c7c_cover@2x-4-pokojowe-mieszkanie-bialystok-sienkiewicza-ul-jurowiecka.webp,Białystok Sienkiewicza,Jurowiecka,1,1960.0,blok,,"Oferuję Państwu piękne dwustronne mieszkanie 4-pokojowe o pow. 63,5m², I piętro, z dwoma balkonami, po generalnym remoncie z pełną wymianą instalacji sanitarnej, grzejników i instalacji elektrycznej. Remont został przeprowadzony przez profesjonalną ekipę PERFEKTA Piotr Jończyk, specjalizującą się od wielu lat w realizacjach wnętrz premium. Mieszkanie składa się z 3 pokoi i salonu z aneksem kuchennym, funkcjonalnej łazienki oraz przestronnego korytarza, wyposażonego w dużą szafę z siedziskiem. Całe mieszkanie zostało odnowione i wykończone przy użyciu najwyższej jakości materiałów, m.in. farby Tikkurila, spieki wielkoformatowe, panele podłogowe o najwyższym stopniu ścieralności, armatura podtynkowa. Wyposażone m. in. w nowoczesną kuchnię z nowym sprzętem AGD. Na wyposażeniu jest również klimatyzacja. Dwie duże sypialnie dają szerokie możliwości aranżacyjne, a dodatkowy gabinet, przyjazne miejsce do pracy lub nauki. Dużym atutem nieruchomości jest doskonała lokalizacja przy ul. Jurowieckiej w bloku z cegły. Mieszkanie znajduje się w spokojnej okolicy, jednocześnie bardzo blisko centrum miasta. W pobliżu znajdują się liczne sklepy, restauracje, kawiarnie, szkoły oraz tereny zielone, co zapewni Państwu wygodę i komfort codziennego życia. Do Galerii Jurowiecka jest 3 minuty pieszo. Zapraszam serdecznie do kontaktu i umówienia się na prezentację, aby zobaczyć tę piękną nieruchomość osobiście. Kontakt bezpośredni",tak,,aneks,,własność,Wyposażenie: klimatyzacja,53.138999938965,23.160999298096
Białystok Antoniuk,ul. Antoniukowska,3,65,885000,13615.0,bez pośredników,,8,https://adresowo.pl/o/mieszkanie-bialystok-antoniuk-ul-antoniukowska-3-pokojowe-k3p8n0,https://s2.adresowa.pl/oi/6c/53/2c0d98_77ca_cover@2x-3-pokojowe-mieszkanie-bialystok-antoniuk-ul-antoniukowska.webp,Białystok Antoniuk,Antoniukowska,1,2008.0,apartamentowiec,,"Na sprzedaż 3 pokojowe mieszkanie o powierzchni 65m2, w mieszkaniu znajdują się dwie łazienki ( WC, zlew pralka, w drugiej prysznic), dwa oddzielne pokoje, salon z kuchnią + balkon, do mieszkania przynależy miejsce parkingowe w garażu podziemnym. Mieszkanie znajduje się na pierwszym piętrze budynku na skrzyżowaniu Antoniukowskiej i Świętokrzyskiej, Galeria Antoniuk w pełni wyposażone, gotowe do wprowadzenia kontakt wyłącznie telefoniczny",,tak,aneks,,własność,Wyposażenie: pralka,53.143002,23.134001
Białystok Os. Młodych,ul. Rzemieślnicza,2,33,479000,14515.0,bez pośredników,,10,https://adresowo.pl/o/mieszkanie-bialystok-os-mlodych-ul-rzemieslnicza-2-pokojowe-c8m6z6,https://s2.adresowa.pl/oi/73/4b/29a0dc_3699_cover@2x-2-pokojowe-mieszkanie-bialystok-os-mlodych-ul-rzemieslnicza.webp,Białystok Os. Młodych,Rzemieślnicza,1,2016.0,blok,,-BEZPOSREDNIO OD WLASCICIELA -Sprzedam -Mieszkanie w bloku-metraz 32.92m -mieszkanie 2-pokoje-aneks kuchnia z salonem + sypialnia -rok budowy bloku -2016 -z miejscem postojowym-na auto podziemny parking brama na pilota -mieszkanie do leekiego odswiezenia -duzy ladny balkon -blok z winda -cena-479.000zl -lokalizacja Bialystok Rzemieslnicza -BEZSPOSREDNIO -OD WLASCICIELA -moge zostawic z meblami pralka lodowka kuchnia pod zabudowe -AGENCJOM -dziekujemy za wspolprace-prosze nie dzwonic -mieszkanie nie posiada piwnicy -komorki lokatorskiej -FOTKI MIESZKANIA MOGE WYSLAC MMSEM,,tak,aneks,plastikowe,spółdzielcze własnościowe,"Wyposażenie: lodowka, pralka",53.14400100708,23.118999481201
Białystok Centrum,ul. Żabia,3,65,690000,10615.0,bez pośredników,,7,https://adresowo.pl/o/mieszkanie-bialystok-centrum-ul-zabia-3-pokojowe-k7g7p9,https://s2.adresowa.pl/oi/3f/70/23f3b4_6ed5_cover@2x-3-pokojowe-mieszkanie-bialystok-centrum-ul-zabia.webp,Białystok Centrum,Żabia,2,1962.0,blok,,"Druga linIa zabudowy od ul. Piłsudskiegio. 3 pomieszczenia z widokiem na sąsiadujący z blokiem skwer - park. Oddzielna łazienka, oddzielny WC.",tak,,osobna,plastikowe,własność,,53.137001,23.150999
Białystok Białostoczek,ul. Radzymińska,3,60,549000,9150.0,bez pośredników,,24,https://adresowo.pl/o/mieszkanie-bialystok-bialostoczek-ul-radzyminska-3-pokojowe-b8p0q9,https://s2.adresowa.pl/oi/79/17/18e09d_b45c_cover@2x-3-pokojowe-mieszkanie-bialystok-bialostoczek-ul-radzyminska.webp,Białystok Białostoczek,Radzymińska,1,1980.0,blok,,"Sprzedam swoje mieszkanie własnościowe z odrębną Księgą Wieczysta. Wszystkie opłaty regulowane terminowo. Mieszkanie jasne, w środkowej klatce, ciepłe, na pierwszym piętrze w bloku z windą. Według mnie mieszkanie kwalifikuje się do remontu, a na pewno do odświeżenia. Ostatni duży remont był 15 lat temu i w mieszkaniu widać upływ czasu oraz zmiany mody i standardów wykończenia. Mieszkanie sprzedawane bez mebli ze zdjęć, gdyż lokal od listopada 2022 jest wynajmowany. Do mieszkania przynależy bardzo duży balkon oraz piwnica. Przed blokiem parking dla mieszkańców bloku. Sam budynek ocieplony i po remoncie balkonów i barierek. Klatka czysta, sąsiedzi cisi i pomocni. Mieszkanie o powierzchni 60,1 m2. Podłogi w pokojach drewniane; w przedpokoju, łazience, kuchni na podłogach terakota. Kuchnia, łazienka, WC oddzielne dodatkowo 3 pokoje ( salon i dwie sypialnie) oraz przedpokój. Wszystkie pomieszczenia mają wymienione okna przy ostatnim remoncie na drewniane, wówczas też ściany i sufity miały robione gładzie i były malowane. W odległości 100 m przychodnia NFZ oraz poradnie prywatne i apteka. W podobnej odległości sklepik osiedlowy oraz warzywniak a także ""Żabka"" czynna 7dni w tygodniu i Biedronka. 200 m do przystanku, z którego bezpośrednio można dojechać do centrum miasta, galerii handlowych, na dw. PKP i PKS, czy do parku lub basenu. Przy głównej ulicy szkoła podstawowa, a na osiedlu znajduje się Zespół Szkół Elektrycznych , przedszkole i kolejna szkoła podstawowa. Okolica bloku zielona 40 letnie drzewa. Chętnie odpowiem na pytania oraz zorganizuję prezentację mieszkania. Zachęcam do kontaktu i gorąco polecam. Rozważę każdą poważną propozycję cenową.",tak,,osobna,drewniane,własność,,53.145000457764,23.14999961853
Białystok Wygoda,ul. Wasilkowska,3,50,398000,7960.0,bez pośredników,,1,https://adresowo.pl/o/mieszkanie-bialystok-wygoda-ul-wasilkowska-3-pokojowe-hd5v3z,https://s2.adresowa.pl/oi/e/67/58feb_5a39_cover@2x-3-pokojowe-mieszkanie-bialystok-wygoda-ul-wasilkowska.webp,Białystok Wygoda,Wasilkowska,2,1977.0,blok,,"Komfortowe, bardzo ładnie zlokalizowane mieszkanie w czteropiętrowym bloku w centrum Białegostoku przy ulicy Wasilkowskiej, 3 pokoje i kuchnia, oddzielna łazienka i ubikacja, 2 piętro (na piętrze tylko 1 sąsiad), piwnica. Natychmiast do zamieszkania (możliwość pozostawienia mebli i wyposażenia użytkowego). Świetne miejsce do zamieszkania przez 2-4 osobą rodzinę. Nowa antywłamaniowa stolarka okienna oraz nowe parapety. Nowe antywłamaniowe drzwi Gerda. W zeszłym roku blok został docieplony. Miejsce bardzo zadbane, zielone (dużo trawników i drzew) i czyste, dojazd pod klatkę schodową, dwa place zabaw widoczne w całości z okien lub balkonu, ławeczki do odpoczynku, duży parking, również parking strzeżony całodobowo. W okolicy szkoła, przedszkole, sklepy (Tesco, PSS Społem), liczne punkty gastronomiczne (bar Topolanka, pizzeria). Przystanek autobusowy i postój taksówek 50 m. Sprzedaż od osoby prywatnej, bez pośredników. Możliwość pomocy w uzyskaniu korzystnego kredytu bankowego.",tak,tak,osobna,plastikowe,spółdzielcze własnościowe,,53.145000457764,23.180999755859
Białystok Centrum,ul. Józefa Marjańskiego,1,37,1250000,33784.0,bez pośredników,,8,https://adresowo.pl/o/mieszkanie-bialystok-centrum-ul-jozefa-marjanskiego-1-pokoj-w62aqc,https://s2.adresowa.pl/oi/74/1e/db52_88ef_cover@2x-1-pokojowe-mieszkanie-bialystok-centrum-ul-jozefa-marjanskiego.webp,Białystok Centrum,Józefa Marjańskiego,4,2007.0,apartamentowiec,,"Super kawalerka w centrum Białegostoku. Dobra lokalizacja przy placu Uniwersyteckim. Mieszkanie jasne, słoneczne. 2 windy. Ochrona obiektu non-stop. Garaż naziemny strzeżony. Blisko dyskoteka młynowat - jak ktoś lubi rozrywke. A dla głodnych - na dole Restauracja Kate &amp; Leopold - wystarczy tylko winda zjechać. UWAGA: Kupujac u mnie nie płacisz 9.000zł dla pośrednika nieruchomosci!!!",,tak,aneks,plastikowe,własność,,53.130001068115,23.153999328613
